longitude,latitude,objectid,inckey,coldetkey,reportno,status,addrtype,intkey,location,exceptrsncode,exceptrsndesc,severitycode,severitydesc,collisiontype,personcount,pedcount,pedcylcount,vehcount,injuries,fatalities,incdate,incdttm,junctiontype,sdot_colcode,sdot_coldesc,inattentionind,underinfl,weather,roadcond,lightcond,pedrownotgrnt,sdotcolnum,speeding,st_colcode,st_coldesc,seglanekey,crosswalkkey,hitparkedcar,seriousinjuries
-122.334564371256,47.6172910686736,9,308146,309426,E869245,Matched,Block,,VIRGINIA ST BETWEEN TERRY AVE AND FAIRVIEW AVE, ,,1,Property Damage Only Collision,Rear Ended,4,0,0,3,0,0,2018-12-04 00:00:00+00,12/4/2018 2:21:00 PM,Mid-Block (not related to intersection),14,"MOTOR VEHICLE STRUCK MOTOR VEHICLE, REAR END",,False,Clear or Partly Cloudy,Dry,Daylight,,,,13.0,From same direction - both going straight - both moving - rear-end,0,0,False,0
-122.325306158103,47.6053216330028,10,308119,309399,E869067,Matched,Block,,JAMES ST BETWEEN 8TH AVE AND 9TH AVE, ,,1,Property Damage Only Collision,Rear Ended,2,0,0,2,0,0,2018-11-21 00:00:00+00,11/21/2018 11:34:00 PM,Mid-Block (but intersection related),14,"MOTOR VEHICLE STRUCK MOTOR VEHICLE, REAR END",,False,Raining,Wet,Dark - Street Lights On,,,,14.0,From same direction - both going straight - one stopped - rear-end,0,0,False,0
-122.363119144589,47.6295961842624,12,308097,309377,3814395,Matched,Intersection,28581.0,5TH AVE W AND W HIGHLAND DR,NEI,"Not Enough Information, or Insufficient Location Information",1,Property Damage Only Collision,Angles,2,0,0,2,0,0,2018-12-06 00:00:00+00,12/6/2018 6:47:00 PM,At Intersection (intersection related),0,NOT ENOUGH INFORMATION / NOT APPLICABLE,,False,Clear or Partly Cloudy,Dry,Dark - Street Lights On,,,,10.0,Entering at angle,0,0,False,0
-122.330297459253,47.60323265391,13,308261,309541,3812502,Matched,Intersection,30479.0,4TH AVE AND JAMES ST, ,,1,Property Damage Only Collision,Left Turn,4,0,0,2,0,0,2018-12-14 00:00:00+00,12/14/2018 8:47:00 PM,At Intersection (intersection related),11,"MOTOR VEHICLE STRUCK MOTOR VEHICLE, FRONT END AT ANGLE",,False,Clear or Partly Cloudy,Dry,Dark - Street Lights On,,,,28.0,From opposite direction - one left turn - one straight,0,0,False,0
-122.325299997784,47.6208336598043,14,308269,309549,E872047,Matched,Intersection,29143.0,SUMMIT AVE E AND E THOMAS ST, ,,2,Injury Collision,Angles,4,0,0,2,2,0,2018-11-30 00:00:00+00,11/30/2018 9:03:00 PM,At Intersection (intersection related),11,"MOTOR VEHICLE STRUCK MOTOR VEHICLE, FRONT END AT ANGLE",,False,Raining,Wet,Dark - Street Lights On,,,,10.0,Entering at angle,0,0,False,0
-122.320798653018,47.6152353107414,15,308264,309544,3814290,Matched,Intersection,29736.0,BROADWAY AND E PINE ST, ,,2,Injury Collision,Pedestrian,2,1,0,1,1,0,2018-12-16 00:00:00+00,12/16/2018 8:38:00 PM,At Intersection (intersection related),24,MOTOR VEHCILE STRUCK PEDESTRIAN,,True,Raining,Wet,Dark - Street Lights On,,,,0.0,Vehicle going straight hits pedestrian,0,522259,False,0
-122.345590992453,47.6741559076927,17,308272,309552,E872075,Matched,Intersection,25635.0,N 63RD ST AND WEST GREEN LAKE WAY N, ,,1,Property Damage Only Collision,Rear Ended,2,0,0,2,0,0,2018-12-09 00:00:00+00,12/9/2018 2:14:00 PM,At Intersection (intersection related),11,"MOTOR VEHICLE STRUCK MOTOR VEHICLE, FRONT END AT ANGLE",True,False,Raining,Wet,Daylight,,,,73.0,Same direction -- both turning right -- both moving -- rear end,0,0,False,0
-122.304614055906,47.6454088589596,18,308117,309397,E869065,Matched,Block,,MONTLAKE BLVD E BETWEEN MONTLAKE BV ON RP AND E HAMLIN ST, ,,2,Injury Collision,Pedestrian,2,0,1,1,1,0,2018-11-29 00:00:00+00,11/29/2018 2:34:00 PM,Driveway Junction,18,"MOTOR VEHICLE STRUCK PEDALCYCLIST, FRONT END AT ANGLE",,False,Clear or Partly Cloudy,Wet,Daylight,,,,5.0,Vehicle Strikes Pedalcyclist,0,0,False,0
-122.299472684238,47.6359089064396,19,308122,309402,E869074,Matched,Block,,26TH AVE E BETWEEN BOYER AVE E AND E NEWTON ST, ,,1,Property Damage Only Collision,Other,1,0,0,1,0,0,2018-12-03 00:00:00+00,12/3/2018 2:45:00 PM,Mid-Block (not related to intersection),26,MOTOR VEHICLE STRUCK OBJECT IN ROAD,,False,Clear or Partly Cloudy,Dry,Daylight,,,,50.0,Fixed object,0,0,False,0
-122.279265354314,47.5261140437058,20,308267,309547,3815009,Matched,Intersection,35255.0,M L KING JR WR WAY S AND S CLOVERDALE ST, ,,2,Injury Collision,Left Turn,4,0,0,2,4,0,2018-12-16 00:00:00+00,12/16/2018 1:03:00 AM,At Intersection (intersection related),11,"MOTOR VEHICLE STRUCK MOTOR VEHICLE, FRONT END AT ANGLE",,False,Raining,Wet,Dark - Street Lights On,,,,28.0,From opposite direction - one left turn - one straight,0,0,False,0
-122.310151236465,47.6155898632955,22,308262,309542,3814285,Matched,Intersection,30132.0,17TH AVE AND E MADISON ST, ,,1,Property Damage Only Collision,Left Turn,3,0,0,2,0,0,2018-12-17 00:00:00+00,12/17/2018 7:42:00 PM,At Intersection (intersection related),11,"MOTOR VEHICLE STRUCK MOTOR VEHICLE, FRONT END AT ANGLE",,True,Clear or Partly Cloudy,Wet,Dark - Street Lights On,,,,28.0,From opposite direction - one left turn - one straight,0,0,False,0
-122.387469391799,47.5218166953119,23,308125,309405,3814474,Matched,Block,,CALIFORNIA AVE SW BETWEEN SW BARTON ST AND SW BRACE POINT E DR, ,,2,Injury Collision,Parked Car,4,0,0,4,1,0,2018-12-06 00:00:00+00,12/6/2018 7:43:00 PM,Mid-Block (not related to intersection),14,"MOTOR VEHICLE STRUCK MOTOR VEHICLE, REAR END",,True,Clear or Partly Cloudy,Dry,Dark - Street Lights On,,,,32.0,One parked--one moving,0,0,True,0
-122.316125723297,47.6131191311779,24,308098,309378,3814397,Matched,Block,,E MADISON ST BETWEEN 12TH AVE AND 13TH AVE, ,,1,Property Damage Only Collision,Rear Ended,3,0,0,2,0,0,2018-12-07 00:00:00+00,12/7/2018 7:36:00 PM,Mid-Block (not related to intersection),14,"MOTOR VEHICLE STRUCK MOTOR VEHICLE, REAR END",,False,Clear or Partly Cloudy,Dry,Dark - Street Lights On,,,,13.0,From same direction - both going straight - both moving - rear-end,0,0,False,0
-122.305149316605,47.6176738527582,25,308120,309400,E869070,Matched,Block,,E MADISON ST BETWEEN 20TH AVE AND E DENNY WAY, ,,1,Property Damage Only Collision,Rear Ended,2,0,0,2,0,0,2018-11-24 00:00:00+00,11/24/2018 2:05:00 PM,Mid-Block (not related to intersection),14,"MOTOR VEHICLE STRUCK MOTOR VEHICLE, REAR END",True,False,Overcast,Dry,Daylight,,,,13.0,From same direction - both going straight - both moving - rear-end,0,0,False,0
-122.31416192561,47.6016887570137,26,308265,309545,3814355,Matched,Intersection,30408.0,14TH AVE AND E YESLER WAY, ,,2,Injury Collision,Left Turn,2,0,0,2,2,0,2018-12-14 00:00:00+00,12/14/2018 7:35:00 AM,At Intersection (intersection related),11,"MOTOR VEHICLE STRUCK MOTOR VEHICLE, FRONT END AT ANGLE",,False,Clear or Partly Cloudy,Dry,Dawn,,,,28.0,From opposite direction - one left turn - one straight,0,0,False,0
-122.306848535576,47.6912361666316,27,308270,309550,E872069,Matched,Intersection,37769.0,20TH AVE NE AND LAKE CITY WAY NE, ,,2,Injury Collision,Angles,3,0,0,2,1,0,2018-12-08 00:00:00+00,12/8/2018 3:17:00 PM,At Intersection (intersection related),11,"MOTOR VEHICLE STRUCK MOTOR VEHICLE, FRONT END AT ANGLE",,False,Clear or Partly Cloudy,Dry,Daylight,,,,10.0,Entering at angle,0,0,False,0
-122.346648570342,47.7223056158249,28,308257,309537,E869932,Matched,Block,,N 128TH ST BETWEEN LINDEN AVE N AND AURORA AVE N, ,,1,Property Damage Only Collision,Parked Car,2,0,0,2,0,0,2018-12-07 00:00:00+00,12/7/2018 4:59:00 PM,Mid-Block (not related to intersection),14,"MOTOR VEHICLE STRUCK MOTOR VEHICLE, REAR END",True,False,Clear or Partly Cloudy,Dry,Dark - No Street Lights,,,,32.0,One parked--one moving,0,0,False,0
-122.314193839956,47.6134047949724,29,308118,309398,E869066,Matched,Block,,14TH AVE BETWEEN E UNION ST AND E MADISON ST, ,,1,Property Damage Only Collision,Other,2,0,0,2,0,0,2018-11-26 00:00:00+00,11/26/2018 5:10:00 PM,Mid-Block (but intersection related),11,"MOTOR VEHICLE STRUCK MOTOR VEHICLE, FRONT END AT ANGLE",,False,Raining,Wet,Dark - Street Lights On,,,,23.0,From same direction - all others,0,0,False,0
-122.320210853205,47.6295786777124,30,308123,309403,E869076,Matched,Block,,10TH AVE E BETWEEN E PROSPECT ST AND E HIGHLAND DR, ,,2,Injury Collision,Sideswipe,4,0,0,3,1,0,2018-12-06 00:00:00+00,12/6/2018 5:25:00 PM,Mid-Block (not related to intersection),11,"MOTOR VEHICLE STRUCK MOTOR VEHICLE, FRONT END AT ANGLE",,False,Clear or Partly Cloudy,Dry,Dark - Street Lights On,,,,11.0,From same direction - both going straight - both moving - sideswipe,0,0,False,0
-122.28499712624,47.5661772270909,32,308273,309553,E872090,Matched,Intersection,32699.0,38TH AVE S AND S DAKOTA ST, ,,1,Property Damage Only Collision,Angles,2,0,0,2,0,0,2018-12-03 00:00:00+00,12/3/2018 2:57:00 PM,At Intersection (intersection related),11,"MOTOR VEHICLE STRUCK MOTOR VEHICLE, FRONT END AT ANGLE",,False,Clear or Partly Cloudy,Dry,Daylight,,,,10.0,Entering at angle,0,0,False,0
-122.337151495891,47.622036460816,33,308260,309540,3812501,Matched,Intersection,28779.0,HARRISON ST AND TERRY AVE N, ,,2,Injury Collision,Angles,2,0,0,2,1,0,2018-12-14 00:00:00+00,12/14/2018 5:10:00 PM,At Intersection (intersection related),11,"MOTOR VEHICLE STRUCK MOTOR VEHICLE, FRONT END AT ANGLE",,False,Overcast,Dry,Dark - Street Lights On,,,,10.0,Entering at angle,0,0,False,0
-122.269988166561,47.5299413850032,34,308157,309437,3811192,Matched,Block,,RAINIER AVE S BETWEEN S ELMGROVE ST AND S ROSE N ST, ,,1,Property Damage Only Collision,Rear Ended,5,0,0,3,0,0,2018-11-27 00:00:00+00,11/27/2018 6:30:00 PM,Mid-Block (not related to intersection),14,"MOTOR VEHICLE STRUCK MOTOR VEHICLE, REAR END",,False,Raining,Wet,Dark - Street Lights On,,,,13.0,From same direction - both going straight - both moving - rear-end,0,0,False,0
-122.281746004088,47.5651764889721,35,308152,309432,E869788,Matched,Block,,41ST AVE S BETWEEN S DAKOTA ST AND S GENESEE ST, ,,1,Property Damage Only Collision,Parked Car,2,0,0,2,0,0,2018-11-29 00:00:00+00,11/29/2018 7:57:00 AM,Mid-Block (but intersection related),11,"MOTOR VEHICLE STRUCK MOTOR VEHICLE, FRONT END AT ANGLE",,False,Clear or Partly Cloudy,Dry,Daylight,,,,32.0,One parked--one moving,0,0,True,0
-122.317403790736,47.6649373438838,36,308175,309455,E870778,Matched,Intersection,25789.0,ROOSEVELT WAY NE AND NE 50TH ST, ,,2,Injury Collision,Angles,3,0,0,2,2,0,2018-12-09 00:00:00+00,12/9/2018 12:32:00 PM,At Intersection (intersection related),11,"MOTOR VEHICLE STRUCK MOTOR VEHICLE, FRONT END AT ANGLE",,False,Raining,Wet,Daylight,,,,10.0,Entering at angle,0,0,False,0
-122.310264883739,47.6016805525321,37,308160,309440,3707480,Matched,Intersection,30727.0,17TH AVE AND E YESLER WAY, ,,1,Property Damage Only Collision,Angles,2,0,0,2,0,0,2018-12-05 00:00:00+00,12/5/2018 5:20:00 PM,At Intersection (intersection related),11,"MOTOR VEHICLE STRUCK MOTOR VEHICLE, FRONT END AT ANGLE",,False,Clear or Partly Cloudy,Dry,Dark - Street Lights On,,,,10.0,Entering at angle,0,0,False,0
-122.283688930945,47.5788678505063,38,308165,309445,3811115,Matched,Block,,LAKE WASHINGTON BLVD S BETWEEN LAKE PARK DR S AND S HORTON NR ST, ,,1,Property Damage Only Collision,Rear Ended,2,0,0,2,0,0,2018-11-30 00:00:00+00,11/30/2018 8:45:00 AM,Mid-Block (not related to intersection),14,"MOTOR VEHICLE STRUCK MOTOR VEHICLE, REAR END",,False,Overcast,Dry,Daylight,,,,13.0,From same direction - both going straight - both moving - rear-end,0,0,False,0
-122.342214375142,47.6166982422468,39,308170,309450,3812440,Matched,Intersection,29530.0,6TH AVE AND BELL ST, ,,1,Property Damage Only Collision,Sideswipe,2,0,0,2,0,0,2018-12-10 00:00:00+00,12/10/2018 7:06:00 PM,At Intersection (intersection related),11,"MOTOR VEHICLE STRUCK MOTOR VEHICLE, FRONT END AT ANGLE",,False,Raining,Wet,Dark - Street Lights On,,,,71.0,Same direction -- both turning right -- both moving -- sideswipe,0,0,False,0
-122.280205181613,47.5536568878925,40,308155,309435,3811111,Matched,Block,,RAINIER AVE S BETWEEN 42ND AVE S AND S BRANDON ST, ,,2,Injury Collision,Parked Car,5,0,0,4,2,0,2018-11-25 00:00:00+00,11/25/2018 8:20:00 AM,Mid-Block (not related to intersection),11,"MOTOR VEHICLE STRUCK MOTOR VEHICLE, FRONT END AT ANGLE",,False,Clear or Partly Cloudy,Dry,Daylight,,,,32.0,One parked--one moving,0,0,False,0
-122.334202473029,47.5766529242775,41,308150,309430,3815031,Matched,Block,,1ST AVE S BETWEEN S FOREST ST AND S HANFORD ST, ,,2,Injury Collision,Sideswipe,2,0,0,2,1,0,2018-12-08 00:00:00+00,12/8/2018 4:30:00 AM,Mid-Block (not related to intersection),11,"MOTOR VEHICLE STRUCK MOTOR VEHICLE, FRONT END AT ANGLE",,False,Overcast,Wet,Dark - Street Lights On,,,,11.0,From same direction - both going straight - both moving - sideswipe,0,0,False,0
-122.328962557205,47.6008754407167,42,308168,309448,3811241,Matched,Intersection,30494.0,4TH AVE S AND S WASHINGTON ST, ,,2,Injury Collision,Pedestrian,2,1,0,1,1,0,2018-12-06 00:00:00+00,12/6/2018 5:54:00 AM,At Intersection (intersection related),24,MOTOR VEHCILE STRUCK PEDESTRIAN,,False,Clear or Partly Cloudy,Dry,Dark - Street Lights On,True,,,1.0,Vehicle turning right hits pedestrian,0,523377,False,0
-122.29028647535,47.5461181168669,43,308173,309453,3815026,Matched,Intersection,33644.0,33RD AVE S AND S GRAHAM ST, ,,2,Injury Collision,Left Turn,2,0,0,2,1,0,2018-12-06 00:00:00+00,12/6/2018 1:53:00 PM,At Intersection (intersection related),11,"MOTOR VEHICLE STRUCK MOTOR VEHICLE, FRONT END AT ANGLE",,False,Clear or Partly Cloudy,Dry,Daylight,,,,28.0,From opposite direction - one left turn - one straight,0,0,False,0
-122.30751049784,47.6907734843231,44,308163,309443,3751638,Matched,Block,,LAKE CITY WAY NE BETWEEN NE 85TH ST AND 20TH AVE NE, ,,2,Injury Collision,Rear Ended,2,0,0,2,1,0,2018-12-10 00:00:00+00,12/10/2018 10:37:00 AM,Mid-Block (not related to intersection),14,"MOTOR VEHICLE STRUCK MOTOR VEHICLE, REAR END",,False,Clear or Partly Cloudy,Dry,Daylight,,,,13.0,From same direction - both going straight - both moving - rear-end,0,0,False,0
-122.321394489112,47.5842747372255,45,308149,309429,3815030,Matched,Block,,AIRPORT WAY S BETWEEN S HILL ST AND S WALKER N ST, ,,2,Injury Collision,Sideswipe,3,0,0,2,1,0,2018-12-08 00:00:00+00,12/8/2018 11:30:00 AM,Mid-Block (not related to intersection),11,"MOTOR VEHICLE STRUCK MOTOR VEHICLE, FRONT END AT ANGLE",,False,Overcast,Dry,Daylight,,,,11.0,From same direction - both going straight - both moving - sideswipe,0,0,False,0
-122.330137251349,47.6072475804929,46,308158,309438,3811236,Matched,Block,,MADISON ST BETWEEN 6TH AVE AND 7TH AVE, ,,2,Injury Collision,Other,2,0,0,2,1,0,2018-11-26 00:00:00+00,11/26/2018 6:05:00 AM,Mid-Block (not related to intersection),11,"MOTOR VEHICLE STRUCK MOTOR VEHICLE, FRONT END AT ANGLE",,False,Raining,Wet,Dark - Street Lights On,,,,23.0,From same direction - all others,0,0,False,0
-122.406702370196,47.5639762406441,47,308153,309433,3810552,Matched,Block,,BEACH DR SW BETWEEN SW GENESEE ST AND SW OREGON ST, ,,1,Property Damage Only Collision,Parked Car,2,0,0,2,0,0,2018-11-26 00:00:00+00,11/26/2018 1:10:00 AM,Mid-Block (not related to intersection),14,"MOTOR VEHICLE STRUCK MOTOR VEHICLE, REAR END",True,False,Clear or Partly Cloudy,Dry,Dark - Street Lights On,,,,32.0,One parked--one moving,0,0,False,0
-122.3172279786,47.5983375933154,48,308176,309456,E870853,Matched,Intersection,30430.0,12TH AVE S AND S KING ST, ,,1,Property Damage Only Collision,Other,2,0,0,2,0,0,2018-12-11 00:00:00+00,12/11/2018 12:07:00 PM,At Intersection (intersection related),11,"MOTOR VEHICLE STRUCK MOTOR VEHICLE, FRONT END AT ANGLE",True,False,Raining,Wet,Daylight,,,,23.0,From same direction - all others,0,0,False,0
-122.376369604163,47.5483230647959,49,308161,309441,3746025,Matched,Intersection,32833.0,35TH AVE SW AND SW RAYMOND ST, ,,1,Property Damage Only Collision,Pedestrian,2,0,1,1,0,0,2018-12-11 00:00:00+00,12/11/2018 3:21:00 PM,At Intersection (intersection related),51,PEDALCYCLIST STRUCK MOTOR VEHICLE FRONT END AT ANGLE,,False,Raining,Wet,Dark - Street Lights On,True,,,5.0,Vehicle Strikes Pedalcyclist,0,0,False,0
-122.284487256113,47.6033069568736,50,308166,309446,3811122,Matched,Block,,LAKE WASHINGTON BLVD BETWEEN LAKESIDE AVE AND E ALDER ST, ,,1,Property Damage Only Collision,Other,1,0,0,1,0,0,2018-12-10 00:00:00+00,12/10/2018 4:15:00 AM,Mid-Block (not related to intersection),28,MOTOR VEHICLE RAN OFF ROAD - HIT FIXED OBJECT,,False,,Wet,Dark - Street Lights Off,,,,50.0,Fixed object,0,0,False,0
-122.314242374844,47.6152820028192,51,308171,309451,3814354,Matched,Intersection,29742.0,14TH AVE AND E PINE ST, ,,2,Injury Collision,Pedestrian,2,1,0,1,1,0,2018-12-11 00:00:00+00,12/11/2018 9:55:00 PM,At Intersection (intersection related),24,MOTOR VEHCILE STRUCK PEDESTRIAN,True,False,Overcast,Wet,Dark - Street Lights On,,,,2.0,Vehicle turning left hits pedestrian,0,521297,False,0
-122.373900482961,47.5382967375687,52,308156,309436,3811113,Matched,Block,,32ND AVE SW BETWEEN SW MYRTLE ST AND SW OTHELLO ST, ,,2,Injury Collision,Rear Ended,3,0,0,2,1,0,2018-11-26 00:00:00+00,11/26/2018 7:57:00 AM,Mid-Block (not related to intersection),14,"MOTOR VEHICLE STRUCK MOTOR VEHICLE, REAR END",True,False,Raining,Wet,Daylight,,,,14.0,From same direction - both going straight - one stopped - rear-end,0,0,False,0
-122.286523847226,47.5870840443401,53,308148,309428,E869787,Matched,Block,,LAKESIDE AVE S BETWEEN S MASSACHUSETTS ST AND 36TH AVE S,NEI,"Not Enough Information, or Insufficient Location Information",1,Property Damage Only Collision,Parked Car,2,0,0,2,0,0,2018-11-27 00:00:00+00,11/27/2018 10:00:00 AM,Mid-Block (not related to intersection),13,"MOTOR VEHICLE STRUCK MOTOR VEHICLE, LEFT SIDE AT ANGLE",,False,Unknown,Unknown,Daylight,,,,32.0,One parked--one moving,0,0,True,0
-122.26998675413,47.5341679604322,54,308151,309431,3818694,Matched,Block,,RAINIER AVE S BETWEEN S AUSTIN ST AND S HOLDEN ST, ,,1,Property Damage Only Collision,Sideswipe,2,0,0,2,0,0,2018-12-06 00:00:00+00,12/6/2018 4:48:00 PM,Mid-Block (not related to intersection),11,"MOTOR VEHICLE STRUCK MOTOR VEHICLE, FRONT END AT ANGLE",,False,Clear or Partly Cloudy,Dry,Dark - Street Lights On,,,,11.0,From same direction - both going straight - both moving - sideswipe,0,0,False,0
-122.320780367438,47.6140756667707,56,308164,309444,3795976,Matched,Intersection,29745.0,BROADWAY AND E PIKE ST, ,,2,Injury Collision,Pedestrian,2,1,0,1,1,0,2018-12-11 00:00:00+00,12/11/2018 2:00:00 PM,At Intersection (intersection related),24,MOTOR VEHCILE STRUCK PEDESTRIAN,,False,Raining,Wet,Daylight,,,,1.0,Vehicle turning right hits pedestrian,0,0,False,0
-122.324523791438,47.6456223894288,57,308169,309449,3812434,Matched,Intersection,28286.0,FRANKLIN AVE E AND E HAMLIN ST, ,,1,Property Damage Only Collision,Other,1,0,0,1,0,0,2018-12-06 00:00:00+00,12/6/2018 12:19:00 AM,At Intersection (intersection related),28,MOTOR VEHICLE RAN OFF ROAD - HIT FIXED OBJECT,,True,Clear or Partly Cloudy,Dry,Dark - Street Lights On,,,,50.0,Fixed object,0,0,False,0
-122.339439345516,47.5634130882621,58,308154,309434,3810973,Matched,Block,,EAST MARGINAL WAY S BETWEEN S IDAHO ST AND DIAGONAL AVE S, ,,2,Injury Collision,Rear Ended,2,0,0,2,1,0,2018-11-25 00:00:00+00,11/25/2018 11:21:00 AM,Mid-Block (not related to intersection),14,"MOTOR VEHICLE STRUCK MOTOR VEHICLE, REAR END",,False,Clear or Partly Cloudy,Dry,Daylight,,,True,13.0,From same direction - both going straight - both moving - rear-end,0,0,False,0
-122.387394010573,47.5285394766795,59,308159,309439,2896037,Matched,Intersection,34677.0,CALIFORNIA AVE SW AND SW THISTLE ST, ,,1,Property Damage Only Collision,Other,1,0,0,1,0,0,2018-12-11 00:00:00+00,12/11/2018 11:59:00 PM,At Intersection (intersection related),28,MOTOR VEHICLE RAN OFF ROAD - HIT FIXED OBJECT,,False,Unknown,Unknown,Unknown,,,True,50.0,Fixed object,0,0,False,0
-122.342996650231,47.6254056523491,60,308147,309427,E869456,Matched,Block,,ROY ST BETWEEN AURORA AVE N AND DEXTER AVE N, ,,1,Property Damage Only Collision,Other,1,0,0,1,0,0,2018-12-06 00:00:00+00,12/6/2018 8:24:00 PM,Mid-Block (but intersection related),28,MOTOR VEHICLE RAN OFF ROAD - HIT FIXED OBJECT,,True,Clear or Partly Cloudy,Dry,Dark - Street Lights On,,,True,50.0,Fixed object,0,0,False,0
-122.333993043895,47.7086630662822,61,308167,309447,3811349,Matched,Intersection,36584.0,MERIDIAN AVE N AND N NORTHGATE WAY,NEI,"Not Enough Information, or Insufficient Location Information",1,Property Damage Only Collision,Other,1,0,0,1,0,0,2018-12-04 00:00:00+00,12/4/2018 8:23:00 AM,At Intersection (intersection related),0,NOT ENOUGH INFORMATION / NOT APPLICABLE,,False,Clear or Partly Cloudy,Dry,Daylight,,,,50.0,Fixed object,0,0,False,0
-122.319676042398,47.628672079221,62,308172,309452,3814393,Matched,Block,,E PROSPECT ST BETWEEN 10TH AVE E AND FEDERAL AVE E, ,,1,Property Damage Only Collision,Other,8,0,0,8,0,0,2018-12-05 00:00:00+00,12/5/2018 10:15:00 PM,Mid-Block (not related to intersection),28,MOTOR VEHICLE RAN OFF ROAD - HIT FIXED OBJECT,True,False,Clear or Partly Cloudy,Dry,Dark - Street Lights On,,,,50.0,Fixed object,0,0,False,0
-122.311905246909,47.6721055227098,63,308162,309442,3751637,Matched,Intersection,25994.0,15TH AVE NE AND COWEN PL NE, ,,2b,Serious Injury Collision,Pedestrian,2,1,0,1,1,0,2018-12-11 00:00:00+00,12/11/2018 7:27:00 AM,At Intersection (intersection related),24,MOTOR VEHCILE STRUCK PEDESTRIAN,,False,Raining,Wet,Dark - Street Lights On,,,,1.0,Vehicle turning right hits pedestrian,0,664952,False,1
-122.35438816996,47.6714712297091,64,308199,309479,E869927,Matched,Block,,PHINNEY AVE N BETWEEN N 58TH ST AND N 59TH ST, ,,1,Property Damage Only Collision,Parked Car,2,0,0,2,0,0,2018-12-07 00:00:00+00,12/7/2018 2:00:00 PM,Mid-Block (but intersection related),11,"MOTOR VEHICLE STRUCK MOTOR VEHICLE, FRONT END AT ANGLE",,False,Clear or Partly Cloudy,Dry,Daylight,,,,20.0,One car leaving parked position,0,0,False,0
-122.308127535357,47.6164332794189,65,308198,309478,E869856,Matched,Block,,E MADISON ST BETWEEN 18TH AVE AND 19TH AVE, ,,1,Property Damage Only Collision,Rear Ended,2,0,0,2,0,0,2018-12-09 00:00:00+00,12/9/2018 11:17:00 AM,Mid-Block (but intersection related),14,"MOTOR VEHICLE STRUCK MOTOR VEHICLE, REAR END",,False,Clear or Partly Cloudy,Wet,Daylight,,,,14.0,From same direction - both going straight - one stopped - rear-end,0,0,False,0
-122.331969201867,47.6117684724295,66,308218,309498,E868006,Matched,Block,,8TH AVE BETWEEN CONVENTION CTR DR AND PIKE ST, ,,1,Property Damage Only Collision,Angles,2,0,0,2,0,0,2018-11-27 00:00:00+00,11/27/2018 3:21:00 PM,Driveway Junction,11,"MOTOR VEHICLE STRUCK MOTOR VEHICLE, FRONT END AT ANGLE",,False,Raining,Wet,Other,,,,10.0,Entering at angle,0,0,False,0
-122.332451281314,47.6072663098638,67,308213,309493,E870270,Matched,Intersection,29933.0,5TH AVE AND SPRING ST, ,,1,Property Damage Only Collision,Left Turn,2,0,0,2,0,0,2018-12-06 00:00:00+00,12/6/2018 2:40:00 PM,At Intersection (intersection related),11,"MOTOR VEHICLE STRUCK MOTOR VEHICLE, FRONT END AT ANGLE",,False,Clear or Partly Cloudy,Dry,Daylight,,,,15.0,From same direction - one left turn - one straight,0,0,False,0
-122.299159659816,47.5796734628583,68,308197,309477,E869794,Matched,Block,,RAINIER AVE S BETWEEN S BAYVIEW ST AND S MCCLELLAN ST, ,,2,Injury Collision,Left Turn,2,0,0,2,1,0,2018-12-07 00:00:00+00,12/7/2018 7:31:00 AM,Driveway Junction,11,"MOTOR VEHICLE STRUCK MOTOR VEHICLE, FRONT END AT ANGLE",,False,Clear or Partly Cloudy,Dry,Daylight,,,,28.0,From opposite direction - one left turn - one straight,0,0,False,0
-122.333274040872,47.5743852913025,69,308190,309470,E871940,Matched,Intersection,32332.0,OCCIDENTAL AVE S AND S HORTON ST, ,,1,Property Damage Only Collision,Angles,2,0,0,2,0,0,2018-12-12 00:00:00+00,12/12/2018 12:57:00 PM,At Intersection (intersection related),11,"MOTOR VEHICLE STRUCK MOTOR VEHICLE, FRONT END AT ANGLE",,False,Clear or Partly Cloudy,Dry,Daylight,,,,10.0,Entering at angle,0,0,False,0
-122.328634265585,47.7086287203541,70,308208,309488,E870152,Matched,Intersection,36586.0,1ST AVE NE AND NE NORTHGATE WAY, ,,1,Property Damage Only Collision,Sideswipe,2,0,0,2,0,0,2018-12-10 00:00:00+00,12/10/2018 6:50:00 AM,At Intersection (intersection related),14,"MOTOR VEHICLE STRUCK MOTOR VEHICLE, REAR END",True,False,Raining,Wet,Dawn,,,,72.0,Same direction -- both turning right -- one stopped -- sideswipe,0,0,False,0
-122.33310387059,47.607979458203,71,308189,309469,E871831,Matched,Intersection,29929.0,5TH AVE AND SENECA ST, ,,1,Property Damage Only Collision,Angles,2,0,0,2,0,0,2018-11-19 00:00:00+00,11/19/2018 8:49:00 PM,At Intersection (intersection related),11,"MOTOR VEHICLE STRUCK MOTOR VEHICLE, FRONT END AT ANGLE",,False,Clear or Partly Cloudy,Dry,Dark - Street Lights On,,,,10.0,Entering at angle,0,0,False,0
-122.331342546777,47.6077300503904,74,308188,309468,E871588,Matched,Intersection,29934.0,6TH AVE AND SPRING ST, ,,1,Property Damage Only Collision,Other,2,0,0,2,0,0,2018-11-19 00:00:00+00,11/19/2018 9:30:00 AM,At Intersection (intersection related),11,"MOTOR VEHICLE STRUCK MOTOR VEHICLE, FRONT END AT ANGLE",,False,Clear or Partly Cloudy,Dry,Daylight,,,,23.0,From same direction - all others,0,0,False,0