longitude,latitude,objectid,inckey,coldetkey,reportno,status,addrtype,intkey,location,exceptrsncode,exceptrsndesc,severitycode,severitydesc,collisiontype,personcount,pedcount,pedcylcount,vehcount,injuries,fatalities,incdate,incdttm,junctiontype,sdot_colcode,sdot_coldesc,inattentionind,underinfl,weather,roadcond,lightcond,pedrownotgrnt,sdotcolnum,speeding,st_colcode,st_coldesc,seglanekey,crosswalkkey,hitparkedcar,seriousinjuries
-122.360877255453,47.6508292071163,75,308211,309491,E870269,Matched,Intersection,26688.0,3RD AVE W AND W NICKERSON ST, ,,1,Property Damage Only Collision,Left Turn,2,0,0,2,0,0,2018-12-07 00:00:00+00,12/7/2018 12:31:00 PM,At Intersection (intersection related),11,"MOTOR VEHICLE STRUCK MOTOR VEHICLE, FRONT END AT ANGLE",,False,Clear or Partly Cloudy,Dry,Daylight,,,,28.0,From opposite direction - one left turn - one straight,0,0,False,0
-122.364461989649,47.6516375126104,76,308187,309467,E871582,Matched,Intersection,26684.0,6TH AVE W AND W NICKERSON ST, ,,1,Property Damage Only Collision,Other,2,0,0,2,0,0,2018-11-29 00:00:00+00,11/29/2018 4:53:00 AM,At Intersection (intersection related),11,"MOTOR VEHICLE STRUCK MOTOR VEHICLE, FRONT END AT ANGLE",,False,Overcast,Wet,Dark - Street Lights On,,,,23.0,From same direction - all others,0,0,False,0
-122.33419497847,47.5913553096544,77,308204,309484,3815051,Matched,Block,,1ST AVE S BETWEEN S ROYAL BROUGHAM WAY AND S ATLANTIC ST, ,,2,Injury Collision,Rear Ended,4,0,0,3,1,0,2018-12-05 00:00:00+00,12/5/2018 5:27:00 PM,Mid-Block (not related to intersection),14,"MOTOR VEHICLE STRUCK MOTOR VEHICLE, REAR END",,False,Clear or Partly Cloudy,Dry,Dark - Street Lights On,,,,13.0,From same direction - both going straight - both moving - rear-end,0,0,False,0
-122.360778686096,47.6742077621346,78,308186,309466,E871536,Matched,Intersection,25259.0,3RD AVE NW AND NW 62ND ST, ,,2,Injury Collision,Angles,2,0,0,2,1,0,2018-12-10 00:00:00+00,12/10/2018 8:01:00 AM,At Intersection (intersection related),11,"MOTOR VEHICLE STRUCK MOTOR VEHICLE, FRONT END AT ANGLE",,False,Clear or Partly Cloudy,Dry,Daylight,,,,10.0,Entering at angle,0,0,False,0
-122.37615412933,47.6396545535259,80,308214,309494,3795979,Matched,Block,,15TH AVE W BETWEEN W BOSTON ST AND W WHEELER ST, ,,3,Fatality Collision,Pedestrian,2,1,0,1,0,1,2018-12-12 00:00:00+00,12/12/2018 10:07:00 PM,Mid-Block (not related to intersection),24,MOTOR VEHCILE STRUCK PEDESTRIAN,,False,Raining,Wet,Dark - Street Lights On,,,,0.0,Vehicle going straight hits pedestrian,0,0,False,0
-122.303738935369,47.6016692758265,81,308184,309464,E871201,Matched,Intersection,30732.0,22ND AVE AND E YESLER WAY, ,,1,Property Damage Only Collision,Angles,3,0,0,2,0,0,2018-12-12 00:00:00+00,12/12/2018 9:45:00 AM,At Intersection (intersection related),11,"MOTOR VEHICLE STRUCK MOTOR VEHICLE, FRONT END AT ANGLE",,False,Overcast,Wet,Daylight,,,,10.0,Entering at angle,0,0,False,0
-122.308739597137,47.6204914374088,82,308183,309463,E871200,Matched,Intersection,29368.0,18TH AVE E AND E THOMAS ST, ,,1,Property Damage Only Collision,Angles,2,0,0,2,0,0,2018-12-12 00:00:00+00,12/12/2018 8:29:00 AM,At Intersection (intersection related),11,"MOTOR VEHICLE STRUCK MOTOR VEHICLE, FRONT END AT ANGLE",,False,Overcast,Wet,Daylight,,,,10.0,Entering at angle,0,0,False,0
-122.336281094828,47.5338275262635,83,308209,309489,3706841,Matched,Intersection,34111.0,1ST AVE S AND 2ND AV SW ON RP, ,,1,Property Damage Only Collision,Left Turn,2,0,0,2,0,0,2018-12-14 00:00:00+00,12/14/2018 5:16:00 PM,At Intersection (intersection related),11,"MOTOR VEHICLE STRUCK MOTOR VEHICLE, FRONT END AT ANGLE",,False,Raining,Wet,Dark - No Street Lights,,,,28.0,From opposite direction - one left turn - one straight,0,0,False,0
-122.322099056856,47.648710639779,84,308182,309462,E871199,Matched,Intersection,27162.0,HARVARD AVE E AND E ALLISON ST, ,,2b,Serious Injury Collision,Pedestrian,2,0,1,1,1,0,2018-12-07 00:00:00+00,12/7/2018 9:24:00 AM,At Intersection (intersection related),51,PEDALCYCLIST STRUCK MOTOR VEHICLE FRONT END AT ANGLE,True,False,Clear or Partly Cloudy,Dry,Daylight,,,,5.0,Vehicle Strikes Pedalcyclist,6051,0,False,1
-122.310280141771,47.5974864747898,85,308202,309482,3814400,Matched,Block,,S WELLER ST BETWEEN 16TH AVE S AND 18TH AVE S, ,,1,Property Damage Only Collision,Parked Car,2,0,0,2,0,0,2018-12-10 00:00:00+00,12/10/2018 11:55:00 PM,Mid-Block (not related to intersection),11,"MOTOR VEHICLE STRUCK MOTOR VEHICLE, FRONT END AT ANGLE",,True,Clear or Partly Cloudy,Wet,Dark - Street Lights On,,,,32.0,One parked--one moving,0,0,False,0
-122.343684649472,47.6208931702858,86,308181,309461,E871198,Matched,Intersection,28787.0,7TH AVE N AND THOMAS ST, ,,1,Property Damage Only Collision,Sideswipe,2,0,0,2,0,0,2018-12-10 00:00:00+00,12/10/2018 9:44:00 AM,At Intersection (intersection related),11,"MOTOR VEHICLE STRUCK MOTOR VEHICLE, FRONT END AT ANGLE",True,False,Overcast,Wet,Daylight,,,,11.0,From same direction - both going straight - both moving - sideswipe,0,0,False,0
-122.337552430549,47.5893722757029,87,308217,309497,E867954,Matched,Block,,ALASKAN WY VI NB BETWEEN S HOLGATE ST AND SR99 REPUBLICAN OFF RP, ,,1,Property Damage Only Collision,Rear Ended,2,0,0,2,0,0,2018-11-17 00:00:00+00,11/17/2018 12:30:00 PM,Mid-Block (not related to intersection),14,"MOTOR VEHICLE STRUCK MOTOR VEHICLE, REAR END",,False,Clear or Partly Cloudy,Dry,Daylight,,,,13.0,From same direction - both going straight - both moving - rear-end,0,0,False,0
-122.360797282731,47.6643362080488,89,308180,309460,E871197,Matched,Intersection,25351.0,3RD AVE NW AND NW 49TH ST, ,,1,Property Damage Only Collision,Angles,3,0,0,2,0,0,2018-12-06 00:00:00+00,12/6/2018 8:57:00 AM,At Intersection (intersection related),11,"MOTOR VEHICLE STRUCK MOTOR VEHICLE, FRONT END AT ANGLE",,False,Clear or Partly Cloudy,Dry,Daylight,,,,10.0,Entering at angle,0,0,False,0
-122.308127535357,47.6164332794189,90,308207,309487,E870102,Matched,Block,,E MADISON ST BETWEEN 18TH AVE AND 19TH AVE, ,,2,Injury Collision,Sideswipe,2,0,0,2,2,0,2018-11-30 00:00:00+00,11/30/2018 8:39:00 AM,Mid-Block (not related to intersection),11,"MOTOR VEHICLE STRUCK MOTOR VEHICLE, FRONT END AT ANGLE",,False,Overcast,Dry,Daylight,,,,11.0,From same direction - both going straight - both moving - sideswipe,0,0,False,0
-122.322092271568,47.6431904002026,91,308179,309459,E871115,Matched,Intersection,28207.0,HARVARD AVE E AND E ROANOKE ST, ,,1,Property Damage Only Collision,Right Turn,2,0,0,2,0,0,2018-12-05 00:00:00+00,12/5/2018 9:58:00 AM,At Intersection (intersection related),14,"MOTOR VEHICLE STRUCK MOTOR VEHICLE, REAR END",,False,Clear or Partly Cloudy,Dry,Daylight,,,,16.0,From same direction - one right turn - one straight,0,0,False,0
-122.314910410956,47.5264408888266,92,308178,309458,E871114,Matched,Intersection,35097.0,14TH AVE S AND S CLOVERDALE ST, ,,1,Property Damage Only Collision,Other,1,0,0,1,0,0,2018-12-06 00:00:00+00,12/6/2018 7:05:00 AM,At Intersection (intersection related),28,MOTOR VEHICLE RAN OFF ROAD - HIT FIXED OBJECT,True,False,Clear or Partly Cloudy,Dry,Dawn,,,,50.0,Fixed object,0,0,False,0
-122.334194505249,47.592395717056,93,308201,309481,3811444,Matched,Intersection,30384.0,1ST AVE S AND S ROYAL BROUGHAM WAY, ,,2,Injury Collision,Other,1,0,0,1,1,0,2018-10-19 00:00:00+00,10/19/2018 5:05:00 AM,At Intersection (intersection related),14,"MOTOR VEHICLE STRUCK MOTOR VEHICLE, REAR END",,False,Clear or Partly Cloudy,Dry,Dark - Street Lights On,,,,52.0,Vehicle overturned,0,0,False,0
-122.336460168909,47.6923203987147,94,308177,309457,E871112,Matched,Intersection,37363.0,WALLINGFORD AVE N AND N 88TH ST, ,,2,Injury Collision,Angles,2,0,0,2,2,0,2018-12-04 00:00:00+00,12/4/2018 7:46:00 AM,At Intersection (intersection related),11,"MOTOR VEHICLE STRUCK MOTOR VEHICLE, FRONT END AT ANGLE",True,False,Clear or Partly Cloudy,Dry,Daylight,,,,10.0,Entering at angle,0,0,False,0
-122.3172279786,47.5983375933154,95,308210,309490,E870268,Matched,Intersection,30430.0,12TH AVE S AND S KING ST, ,,1,Property Damage Only Collision,Right Turn,2,0,0,2,0,0,2018-12-06 00:00:00+00,12/6/2018 1:39:00 PM,At Intersection (intersection related),11,"MOTOR VEHICLE STRUCK MOTOR VEHICLE, FRONT END AT ANGLE",,False,Clear or Partly Cloudy,Dry,Daylight,,,,16.0,From same direction - one right turn - one straight,0,0,False,0
-122.31501684451,47.5353748532582,96,308215,309495,3815055,Matched,Block,,EAST MARGINAL WAY S BETWEEN S WEBSTER ST AND 14TH AVE S, ,,1,Property Damage Only Collision,Other,1,0,0,1,0,0,2018-12-16 00:00:00+00,12/16/2018 4:42:00 PM,Mid-Block (not related to intersection),28,MOTOR VEHICLE RAN OFF ROAD - HIT FIXED OBJECT,,False,Raining,Wet,Dark - Street Lights On,,,,50.0,Fixed object,0,0,False,0
-122.336301217683,47.5212438873873,97,308206,309486,3608172,Matched,Intersection,164472.0,2ND AVE SW AND OLSON PL SW, ,,1,Property Damage Only Collision,Angles,3,0,0,2,0,0,2018-12-14 00:00:00+00,12/14/2018 5:20:00 PM,At Intersection (intersection related),11,"MOTOR VEHICLE STRUCK MOTOR VEHICLE, FRONT END AT ANGLE",,False,Severe Crosswind,Wet,Dark - Street Lights On,,,,10.0,Entering at angle,0,0,False,0
-122.366020255609,47.6777704351586,98,308255,309535,3810386,Matched,Intersection,24205.0,8TH AVE NW AND NW 67TH ST, ,,1,Property Damage Only Collision,Angles,2,0,0,2,0,0,2018-12-17 00:00:00+00,12/17/2018 3:00:00 PM,At Intersection (intersection related),11,"MOTOR VEHICLE STRUCK MOTOR VEHICLE, FRONT END AT ANGLE",True,False,Raining,Wet,Dusk,,,,10.0,Entering at angle,0,0,False,0
-122.302742025425,47.6757753296615,99,308247,309527,3751724,Matched,Intersection,24804.0,23RD AVE NE AND NE 65TH ST, ,,1,Property Damage Only Collision,Angles,4,0,0,2,0,0,2018-12-15 00:00:00+00,12/15/2018 11:51:00 PM,At Intersection (intersection related),11,"MOTOR VEHICLE STRUCK MOTOR VEHICLE, FRONT END AT ANGLE",,True,Raining,Wet,Dark - Street Lights On,,,,10.0,Entering at angle,0,0,False,0
-122.327666994408,47.5991949241284,100,308250,309530,3795829,Matched,Intersection,30510.0,5TH AVE S AND S JACKSON ST, ,,1,Property Damage Only Collision,Other,1,0,0,1,0,0,2018-12-16 00:00:00+00,12/16/2018 5:52:00 PM,At Intersection (intersection related),26,MOTOR VEHICLE STRUCK OBJECT IN ROAD,True,False,Raining,Wet,Dark - Street Lights On,,,,50.0,Fixed object,0,0,False,0
-122.363325851912,47.6869377898346,101,308242,309522,3707723,Matched,Intersection,24058.0,6TH AVE NW AND NW 80TH ST, ,,2,Injury Collision,Angles,2,0,0,2,1,0,2018-12-13 00:00:00+00,12/13/2018 8:26:00 PM,At Intersection (intersection related),11,"MOTOR VEHICLE STRUCK MOTOR VEHICLE, FRONT END AT ANGLE",,False,Clear or Partly Cloudy,Wet,Dark - Street Lights On,,,,10.0,Entering at angle,0,0,False,0
-122.32507132723,47.5949959433586,103,308224,309504,E870271,Matched,Intersection,30546.0,MAYNARD AVE S AND S CHARLES ST, ,,1,Property Damage Only Collision,Sideswipe,2,0,0,2,0,0,2018-12-07 00:00:00+00,12/7/2018 2:47:00 PM,At Intersection (intersection related),11,"MOTOR VEHICLE STRUCK MOTOR VEHICLE, FRONT END AT ANGLE",True,False,Clear or Partly Cloudy,Dry,Daylight,,,,11.0,From same direction - both going straight - both moving - sideswipe,0,0,False,0
-122.344564970542,47.6941856699119,104,308253,309533,3795981,Matched,Intersection,37340.0,AURORA AVE N AND N 90TH ST, ,,2,Injury Collision,Angles,2,0,0,2,1,0,2018-12-12 00:00:00+00,12/12/2018 7:29:00 PM,At Intersection (intersection related),11,"MOTOR VEHICLE STRUCK MOTOR VEHICLE, FRONT END AT ANGLE",,False,Raining,Wet,Dark - Street Lights On,,,,10.0,Entering at angle,0,0,False,0
-122.317490419968,47.614099088124,106,308232,309512,E868638,Matched,Block,,E PIKE ST BETWEEN 11TH AVE AND 12TH AVE, ,,1,Property Damage Only Collision,Parked Car,4,0,0,2,0,0,2018-12-02 00:00:00+00,12/2/2018 8:56:00 PM,Mid-Block (not related to intersection),11,"MOTOR VEHICLE STRUCK MOTOR VEHICLE, FRONT END AT ANGLE",,False,Clear or Partly Cloudy,Dry,Dark - Street Lights On,,,,20.0,One car leaving parked position,0,0,False,0
-122.319772873073,47.6613127500503,107,308245,309525,3751587,Matched,Intersection,27069.0,8TH AVE NE AND NE 45TH W ST, ,,2,Injury Collision,Pedestrian,2,0,1,1,1,0,2018-12-15 00:00:00+00,12/15/2018 5:06:00 PM,At Intersection (intersection related),18,"MOTOR VEHICLE STRUCK PEDALCYCLIST, FRONT END AT ANGLE",,False,Overcast,Dry,Dark - Street Lights On,,,,5.0,Vehicle Strikes Pedalcyclist,0,0,False,0
-122.292280744388,47.7291997401695,109,308221,309501,E868017,Matched,Block,,LAKE CITY WAY NE BETWEEN NE 137TH ST AND NE 140TH ST, ,,2,Injury Collision,Rear Ended,2,0,0,2,1,0,2018-12-04 00:00:00+00,12/4/2018 3:11:00 PM,Mid-Block (not related to intersection),14,"MOTOR VEHICLE STRUCK MOTOR VEHICLE, REAR END",True,False,Clear or Partly Cloudy,Dry,Daylight,,,,14.0,From same direction - both going straight - one stopped - rear-end,0,0,False,0
-122.323564666597,47.7231193377369,110,308256,309536,3810411,Matched,Intersection,35971.0,ROOSEVELT WAY NE AND NE 130TH N ST, ,,1,Property Damage Only Collision,Sideswipe,2,0,0,2,0,0,2018-12-13 00:00:00+00,12/13/2018 8:01:00 AM,At Intersection (intersection related),16,"MOTOR VEHICLE STRUCK MOTOR VEHICLE, LEFT SIDE SIDESWIPE",,False,Overcast,Wet,Daylight,,,,81.0,Same direction -- both turning left -- both moving -- sideswipe,0,0,False,0
-122.325068451172,47.59583534259,111,308248,309528,3795826,Matched,Intersection,30543.0,MAYNARD AVE S AND S DEARBORN ST, ,,2,Injury Collision,Pedestrian,2,1,0,1,1,0,2018-12-11 00:00:00+00,12/11/2018 5:46:00 PM,At Intersection (intersection related),24,MOTOR VEHCILE STRUCK PEDESTRIAN,,False,Raining,Wet,Dark - Street Lights On,True,,,2.0,Vehicle turning left hits pedestrian,0,523503,False,0
-122.286473044371,47.5371656112015,699,308812,310092,E878025,Matched,Block,,S MYRTLE PL BETWEEN HOLLY PARK DR S AND S OTHELLO ST, ,,1,Property Damage Only Collision,Other,2,0,0,1,0,0,2018-12-31 00:00:00+00,12/31/2018 11:32:00 AM,Mid-Block (not related to intersection),26,MOTOR VEHICLE STRUCK OBJECT IN ROAD,,False,Overcast,Dry,Daylight,,,,50.0,Fixed object,0,0,False,0
-122.33141659887,47.6161711241929,112,308251,309531,3795831,Matched,Intersection,29852.0,BOREN AVE AND HOWELL ST, ,,1,Property Damage Only Collision,Angles,6,0,0,2,0,0,2018-12-17 00:00:00+00,12/17/2018 12:50:00 AM,At Intersection (intersection related),11,"MOTOR VEHICLE STRUCK MOTOR VEHICLE, FRONT END AT ANGLE",True,False,Overcast,Wet,Dark - Street Lights On,,,,10.0,Entering at angle,0,0,False,0
-122.297400774944,47.7156139858331,113,308243,309523,3707725,Matched,Intersection,36622.0,LAKE CITY WAY NE AND NE 120TH ST, ,,2,Injury Collision,Left Turn,4,0,0,2,2,0,2018-12-14 00:00:00+00,12/14/2018 8:56:00 PM,At Intersection (intersection related),11,"MOTOR VEHICLE STRUCK MOTOR VEHICLE, FRONT END AT ANGLE",,False,Clear or Partly Cloudy,Dry,Dark - Street Lights On,,,,28.0,From opposite direction - one left turn - one straight,0,0,False,0
-122.326291121077,47.6537522309561,114,308230,309510,E868530,Matched,Block,,NE NORTHLAKE WAY BETWEEN 2ND AVE NE AND LATONA AVE NE, ,,2,Injury Collision,Parked Car,4,0,0,4,1,0,2018-12-05 00:00:00+00,12/5/2018 1:03:00 PM,Mid-Block (not related to intersection),14,"MOTOR VEHICLE STRUCK MOTOR VEHICLE, REAR END",True,False,Clear or Partly Cloudy,Dry,Daylight,,,True,32.0,One parked--one moving,0,0,True,0
-122.333589265805,47.6180450565894,115,308225,309505,E868330,Matched,Block,,VIRGINIA ST BETWEEN BOREN AVE AND MINOR AVE, ,,1,Property Damage Only Collision,Parked Car,2,0,0,2,0,0,2018-12-04 00:00:00+00,12/4/2018 8:45:00 AM,Mid-Block (not related to intersection),14,"MOTOR VEHICLE STRUCK MOTOR VEHICLE, REAR END",,False,Clear or Partly Cloudy,Dry,Daylight,,,,32.0,One parked--one moving,0,0,True,0
-122.297400774944,47.7156139858331,116,308254,309534,3809937,Matched,Intersection,36622.0,LAKE CITY WAY NE AND NE 120TH ST, ,,1,Property Damage Only Collision,Left Turn,2,0,0,2,0,0,2018-12-07 00:00:00+00,12/7/2018 8:21:00 PM,At Intersection (intersection related),11,"MOTOR VEHICLE STRUCK MOTOR VEHICLE, FRONT END AT ANGLE",,True,Clear or Partly Cloudy,Dry,Dark - Street Lights On,,,,28.0,From opposite direction - one left turn - one straight,0,0,False,0
-122.289359697164,47.6110170499899,117,308220,309500,E868008,Matched,Block,,34TH AVE BETWEEN E MARION ST AND E SPRING ST, ,,1,Property Damage Only Collision,Rear Ended,2,0,0,2,0,0,2018-11-30 00:00:00+00,11/30/2018 3:45:00 PM,Mid-Block (not related to intersection),14,"MOTOR VEHICLE STRUCK MOTOR VEHICLE, REAR END",,False,Clear or Partly Cloudy,Wet,Daylight,,,,14.0,From same direction - both going straight - one stopped - rear-end,0,0,False,0
-122.334665597537,47.6096854208314,118,308249,309529,3795827,Matched,Intersection,29913.0,5TH AVE AND UNION ST, ,,2,Injury Collision,Angles,4,0,0,2,1,0,2018-12-15 00:00:00+00,12/15/2018 8:15:00 PM,At Intersection (intersection related),11,"MOTOR VEHICLE STRUCK MOTOR VEHICLE, FRONT END AT ANGLE",,False,Clear or Partly Cloudy,Dry,Dark - Street Lights On,,,,10.0,Entering at angle,0,0,False,0
-122.317802129097,47.657514224809,119,308241,309521,3707721,Matched,Intersection,27093.0,ROOSEVELT WAY NE AND NE 42ND S ST, ,,2,Injury Collision,Cycles,2,0,1,1,1,0,2018-12-13 00:00:00+00,12/13/2018 9:29:00 AM,At Intersection (intersection related),18,"MOTOR VEHICLE STRUCK PEDALCYCLIST, FRONT END AT ANGLE",,False,Overcast,Wet,Daylight,,,,6.0,Pedalcyclist Strikes Moving Vehicle,45509,0,False,0
-122.383035682673,47.6989814766851,120,308246,309526,3751723,Matched,Intersection,36926.0,21ST AVE NW AND NW 96TH ST, ,,1,Property Damage Only Collision,Angles,3,0,0,2,0,0,2018-12-15 00:00:00+00,12/15/2018 7:38:00 PM,At Intersection (intersection related),11,"MOTOR VEHICLE STRUCK MOTOR VEHICLE, FRONT END AT ANGLE",,False,Raining,Wet,Dark - Street Lights On,,,,10.0,Entering at angle,0,0,False,0
-122.29006284693,47.7192474141624,121,308228,309508,E868474,Matched,Block,,NE 125TH ST BETWEEN 35TH AVE NE AND 36TH AVE NE, ,,1,Property Damage Only Collision,Rear Ended,2,0,0,2,0,0,2018-12-04 00:00:00+00,12/4/2018 5:25:00 PM,Mid-Block (not related to intersection),14,"MOTOR VEHICLE STRUCK MOTOR VEHICLE, REAR END",,False,Clear or Partly Cloudy,Dry,Dark - Street Lights On,,,,13.0,From same direction - both going straight - both moving - rear-end,0,0,False,0
-122.311576090408,47.5996166043248,122,308223,309503,E868248,Matched,Block,,16TH AVE S BETWEEN S MAIN ST AND S JACKSON ST, ,,1,Property Damage Only Collision,Other,3,0,0,3,0,0,2018-11-29 00:00:00+00,11/29/2018 8:55:00 AM,Driveway Junction,11,"MOTOR VEHICLE STRUCK MOTOR VEHICLE, FRONT END AT ANGLE",,False,Clear or Partly Cloudy,Dry,Daylight,,,,23.0,From same direction - all others,0,0,False,0
-122.329412323495,47.5926997388382,123,308252,309532,3795980,Matched,Block,,I90 WB 4TH AV OFF RP BETWEEN 4TH AVE S AND I90 WB OFF RP, ,,1,Property Damage Only Collision,Other,1,0,0,1,0,0,2018-12-13 00:00:00+00,12/13/2018 7:20:00 PM,Mid-Block (not related to intersection),26,MOTOR VEHICLE STRUCK OBJECT IN ROAD,,False,Clear or Partly Cloudy,Wet,Dark - Street Lights On,,,,50.0,Fixed object,0,0,False,0
-122.326061859004,47.7340730341091,124,314778,316278,E874769,Matched,Intersection,35905.0,4TH AVE NE AND NE 145TH ST, ,,1,Property Damage Only Collision,Left Turn,2,0,0,2,0,0,2018-12-14 00:00:00+00,12/14/2018 8:45:00 AM,At Intersection (intersection related),11,"MOTOR VEHICLE STRUCK MOTOR VEHICLE, FRONT END AT ANGLE",True,False,Overcast,Dry,Daylight,,,,28.0,From opposite direction - one left turn - one straight,0,0,False,0
-122.338246242857,47.6102451388357,125,308219,309499,E868007,Matched,Block,,3RD AVE BETWEEN PIKE ST AND PINE ST, ,,1,Property Damage Only Collision,Rear Ended,2,0,0,2,0,0,2018-11-28 00:00:00+00,11/28/2018 11:29:00 AM,Mid-Block (not related to intersection),14,"MOTOR VEHICLE STRUCK MOTOR VEHICLE, REAR END",True,False,Raining,Wet,Daylight,,,,14.0,From same direction - both going straight - one stopped - rear-end,0,0,False,0
-122.366191344585,47.6636514057797,126,308244,309524,3751421,Matched,Intersection,25452.0,8TH AVE NW AND NW 48TH ST, ,,1,Property Damage Only Collision,Angles,2,0,0,2,0,0,2018-12-16 00:00:00+00,12/16/2018 3:47:00 PM,At Intersection (intersection related),11,"MOTOR VEHICLE STRUCK MOTOR VEHICLE, FRONT END AT ANGLE",,False,Raining,Wet,Dusk,,,,10.0,Entering at angle,0,0,False,0
-122.320333989561,47.599187341522,127,308226,309506,E868331,Matched,Block,,S JACKSON ST BETWEEN 9TH AVE S AND 10TH AVE S, ,,1,Property Damage Only Collision,Parked Car,2,0,0,2,0,0,2018-12-04 00:00:00+00,12/4/2018 1:30:00 PM,Mid-Block (not related to intersection),14,"MOTOR VEHICLE STRUCK MOTOR VEHICLE, REAR END",,False,Clear or Partly Cloudy,Dry,Daylight,,,,32.0,One parked--one moving,0,0,True,0
-122.324018168569,47.6814004518212,128,308231,309511,E868531,Matched,Block,,NE 73RD ST BETWEEN WOODLAWN AVE NE AND 5TH AVE NE, ,,1,Property Damage Only Collision,Parked Car,2,0,0,2,0,0,2018-12-05 00:00:00+00,12/5/2018 1:15:00 PM,Mid-Block (not related to intersection),11,"MOTOR VEHICLE STRUCK MOTOR VEHICLE, FRONT END AT ANGLE",,True,Clear or Partly Cloudy,Dry,Daylight,,,,32.0,One parked--one moving,0,0,False,0
-122.322092271568,47.6431904002026,155,314782,316282,E875225,Matched,Intersection,28207.0,HARVARD AVE E AND E ROANOKE ST, ,,1,Property Damage Only Collision,Sideswipe,2,0,0,2,0,0,2018-12-16 00:00:00+00,12/16/2018 4:53:00 PM,At Intersection (intersection related),11,"MOTOR VEHICLE STRUCK MOTOR VEHICLE, FRONT END AT ANGLE",,False,Overcast,Wet,Dark - Street Lights On,,,,71.0,Same direction -- both turning right -- both moving -- sideswipe,0,0,False,0
-122.334999910718,47.538582881548,159,314781,316281,E875055,Matched,Block,,1ST AV S BR SB BETWEEN POINT A AND SR509 SB, ,,1,Property Damage Only Collision,Rear Ended,3,0,0,2,0,0,2018-12-17 00:00:00+00,12/17/2018 7:57:00 PM,Mid-Block (not related to intersection),14,"MOTOR VEHICLE STRUCK MOTOR VEHICLE, REAR END",,False,Raining,Standing Water,Dark - Street Lights On,,,,13.0,From same direction - both going straight - both moving - rear-end,0,0,False,0
-122.334000210248,47.547689573282,160,314780,316280,E874806,Matched,Block,,EAST MARGINAL WAY S BETWEEN 1ST AV S BR SB AND 1ST AV S BR NB, ,,2,Injury Collision,Other,2,0,0,1,2,0,2018-12-16 00:00:00+00,12/16/2018 3:08:00 PM,Mid-Block (not related to intersection),26,MOTOR VEHICLE STRUCK OBJECT IN ROAD,,False,Raining,Wet,Dusk,,,True,50.0,Fixed object,0,0,False,0
-122.324683809655,47.6251182497865,233,314609,316089,3814331,Matched,Block,,E ROY ST BETWEEN SUMMIT AVE E AND BELMONT AVE E, ,,1,Property Damage Only Collision,Parked Car,5,0,0,4,0,0,2019-02-05 00:00:00+00,2/5/2019 9:10:00 AM,Mid-Block (not related to intersection),11,"MOTOR VEHICLE STRUCK MOTOR VEHICLE, FRONT END AT ANGLE",,True,Overcast,Ice,Daylight,,,True,32.0,One parked--one moving,0,0,True,0
-122.333654226807,47.7341317181267,258,314777,316277,E874706,Matched,Block,,N 145TH ST BETWEEN MERIDIAN AVE N AND BAGLEY AVE N, ,,1,Property Damage Only Collision,Other,1,0,0,1,0,0,2018-12-20 00:00:00+00,12/20/2018 3:30:00 PM,Mid-Block (not related to intersection),14,"MOTOR VEHICLE STRUCK MOTOR VEHICLE, REAR END",,False,Overcast,Dry,Daylight,,,,50.0,Fixed object,0,0,False,0
-122.305993209587,47.7338753017579,262,314750,316250,E873133,Matched,Intersection,36074.0,22ND AVE NE AND NE 145TH ST, ,,1,Property Damage Only Collision,Rear Ended,2,0,0,2,0,0,2018-12-15 00:00:00+00,12/15/2018 10:08:00 AM,At Intersection (but not related to intersection),14,"MOTOR VEHICLE STRUCK MOTOR VEHICLE, REAR END",True,False,Overcast,Wet,Daylight,,,True,14.0,From same direction - both going straight - one stopped - rear-end,0,0,False,0
-122.323466093342,47.6375260327843,263,312227,313647,E867290,Matched,Block,,BOYLSTON AVE E BETWEEN LAKEVIEW N BV E AND E BOSTON ST, ,,1,Property Damage Only Collision,Sideswipe,2,0,0,2,0,0,2018-12-01 00:00:00+00,12/1/2018 5:05:00 PM,Mid-Block (not related to intersection),14,"MOTOR VEHICLE STRUCK MOTOR VEHICLE, REAR END",,False,Unknown,Unknown,Unknown,,,,26.0,From opposite direction - both going straight - sideswipe,0,0,False,0
-122.264028993442,47.5600508349384,268,314746,316246,E872780,Matched,Block,,LAKE WASHINGTON BLVD S BETWEEN S ALASKA ST AND S ANGELINE ST, ,,1,Property Damage Only Collision,Rear Ended,2,0,0,2,0,0,2018-12-14 00:00:00+00,12/14/2018 6:52:00 PM,Mid-Block (not related to intersection),14,"MOTOR VEHICLE STRUCK MOTOR VEHICLE, REAR END",,False,Severe Crosswind,Wet,Dark - Street Lights On,,,,14.0,From same direction - both going straight - one stopped - rear-end,0,0,False,0
-122.328948722805,47.5311749612729,270,314755,316255,E874320,Matched,Block,,WEST MARGINAL NB WAY S BETWEEN S HOLDEN ST AND CLOVERDALE ST ON RP, ,,1,Property Damage Only Collision,Other,1,0,0,1,0,0,2018-12-16 00:00:00+00,12/16/2018 6:55:00 PM,Mid-Block (not related to intersection),26,MOTOR VEHICLE STRUCK OBJECT IN ROAD,,False,Raining,Wet,Dark - Street Lights On,,,True,50.0,Fixed object,0,0,False,0