longitude,latitude,objectid,inckey,coldetkey,reportno,status,addrtype,intkey,location,exceptrsncode,exceptrsndesc,severitycode,severitydesc,collisiontype,personcount,pedcount,pedcylcount,vehcount,injuries,fatalities,incdate,incdttm,junctiontype,sdot_colcode,sdot_coldesc,inattentionind,underinfl,weather,roadcond,lightcond,pedrownotgrnt,sdotcolnum,speeding,st_colcode,st_coldesc,seglanekey,crosswalkkey,hitparkedcar,seriousinjuries
-122.333003109423,47.6103812779862,272,314744,316244,E855473,Matched,Block,,UNION ST BETWEEN 6TH AVE AND 7TH AVE, ,,1,Property Damage Only Collision,Parked Car,2,0,0,2,0,0,2018-08-16 00:00:00+00,8/16/2018 7:36:00 AM,Mid-Block (not related to intersection),11,"MOTOR VEHICLE STRUCK MOTOR VEHICLE, FRONT END AT ANGLE",,False,Fog/Smog/Smoke,Dry,Daylight,,,,20.0,One car leaving parked position,0,0,False,0
-122.340005622748,47.5842639092581,274,314743,316243,3808127,Matched,Block,,EAST MARGINAL WAY S BETWEEN ALASKAN WAY S AND S STACY ST, ,,1,Property Damage Only Collision,Head On,2,0,0,2,0,0,2018-12-27 00:00:00+00,12/27/2018 6:43:00 AM,Mid-Block (not related to intersection),11,"MOTOR VEHICLE STRUCK MOTOR VEHICLE, FRONT END AT ANGLE",,False,Overcast,Wet,Dark - Street Lights On,,,,30.0,From opposite direction - all others,0,0,False,0
-122.328948722805,47.5311749612729,278,314754,316254,E873201,Matched,Block,,WEST MARGINAL NB WAY S BETWEEN S HOLDEN ST AND CLOVERDALE ST ON RP, ,,1,Property Damage Only Collision,Rear Ended,3,0,0,3,0,0,2018-12-16 00:00:00+00,12/16/2018 6:15:00 PM,Mid-Block (not related to intersection),14,"MOTOR VEHICLE STRUCK MOTOR VEHICLE, REAR END",,False,Raining,Wet,Dark - Street Lights On,,,,13.0,From same direction - both going straight - both moving - rear-end,0,0,False,0
-122.316334518282,47.6649276733785,280,314740,316240,3750554,Matched,Intersection,25790.0,11TH AVE NE AND NE 50TH ST, ,,2,Injury Collision,Pedestrian,2,1,0,1,1,0,2018-12-22 00:00:00+00,12/22/2018 7:06:00 PM,At Intersection (intersection related),24,MOTOR VEHCILE STRUCK PEDESTRIAN,,False,Raining,Wet,Dark - Street Lights On,,,,1.0,Vehicle turning right hits pedestrian,0,0,False,0
-122.304614055906,47.6454088589596,286,314753,316253,E873200,Matched,Block,,MONTLAKE BLVD E BETWEEN MONTLAKE BV ON RP AND E HAMLIN ST, ,,1,Property Damage Only Collision,Rear Ended,3,0,0,3,0,0,2018-12-16 00:00:00+00,12/16/2018 4:37:00 PM,Mid-Block (not related to intersection),14,"MOTOR VEHICLE STRUCK MOTOR VEHICLE, REAR END",,False,Raining,Wet,Dark - Street Lights On,,,,14.0,From same direction - both going straight - one stopped - rear-end,0,0,False,0
-122.355570293745,47.7336666251083,316,311621,312981,E884639,Matched,Block,,GREENWOOD AVE N BETWEEN N 144TH ST AND N 145TH ST, ,,2,Injury Collision,Left Turn,3,0,0,2,1,0,2019-01-18 00:00:00+00,1/18/2019 3:55:00 PM,Driveway Junction,11,"MOTOR VEHICLE STRUCK MOTOR VEHICLE, FRONT END AT ANGLE",,False,Clear or Partly Cloudy,Wet,Dusk,,,,28.0,From opposite direction - one left turn - one straight,0,0,False,0
-122.325969149726,47.5903112114418,322,311708,313068,E887829,Matched,Block,,6TH AVE S BETWEEN S ROYAL BROUGHAM WAY AND S MASSACHUSETTS ST, ,,1,Property Damage Only Collision,Sideswipe,2,0,0,2,0,0,2019-01-15 00:00:00+00,1/15/2019 9:22:00 AM,Driveway Junction,11,"MOTOR VEHICLE STRUCK MOTOR VEHICLE, FRONT END AT ANGLE",,False,Clear or Partly Cloudy,Dry,Daylight,,,,12.0,From same direction - both going straight - one stopped - sideswipe,0,0,False,0
-122.33630255552,47.5903290253935,324,311703,313063,E887824,Matched,Block,,S ATLANTIC ST BETWEEN COLORADO AVE S AND EAST FRONTAGE RD S, ,,1,Property Damage Only Collision,Right Turn,2,0,0,2,0,0,2019-01-08 00:00:00+00,1/8/2019 11:12:00 AM,Mid-Block (not related to intersection),11,"MOTOR VEHICLE STRUCK MOTOR VEHICLE, FRONT END AT ANGLE",,False,Raining,Wet,Daylight,,,,16.0,From same direction - one right turn - one straight,0,0,False,0
-122.334198303058,47.5850426824454,325,311694,313054,E886401,Matched,Block,,1ST AVE S BETWEEN S HOLGATE ST AND S WALKER ST, ,,1,Property Damage Only Collision,Parked Car,2,0,0,2,0,0,2019-01-14 00:00:00+00,1/14/2019 5:03:00 PM,Mid-Block (not related to intersection),16,"MOTOR VEHICLE STRUCK MOTOR VEHICLE, LEFT SIDE SIDESWIPE",,False,Clear or Partly Cloudy,Dry,Dark - Street Lights On,,,,32.0,One parked--one moving,0,0,False,0
-122.346298529946,47.6117671864182,344,311702,313062,E887823,Matched,Block,,BLANCHARD ST BETWEEN ELLIOTT AVE AND WESTERN AVE, ,,1,Property Damage Only Collision,Other,1,0,0,1,0,0,2019-01-07 00:00:00+00,1/7/2019 10:54:00 AM,Mid-Block (not related to intersection),26,MOTOR VEHICLE STRUCK OBJECT IN ROAD,True,False,Overcast,Dry,Daylight,,,,50.0,Fixed object,0,0,False,0
-122.34198208867,47.6142148935126,354,311701,313061,E887328,Matched,Block,,4TH AVE BETWEEN LENORA ST AND BLANCHARD ST, ,,1,Property Damage Only Collision,Parked Car,2,0,0,2,0,0,2019-01-03 00:00:00+00,1/3/2019 3:01:00 PM,Mid-Block (not related to intersection),14,"MOTOR VEHICLE STRUCK MOTOR VEHICLE, REAR END",True,False,Raining,Wet,Daylight,,,,32.0,One parked--one moving,0,0,False,0
-122.332451281314,47.6072663098638,366,311880,313240,E886911,Matched,Intersection,29933.0,5TH AVE AND SPRING ST, ,,1,Property Damage Only Collision,Left Turn,3,0,0,2,0,0,2018-12-25 00:00:00+00,12/25/2018 7:32:00 PM,At Intersection (intersection related),11,"MOTOR VEHICLE STRUCK MOTOR VEHICLE, FRONT END AT ANGLE",,False,Clear or Partly Cloudy,Dry,Dark - Street Lights On,,,,15.0,From same direction - one left turn - one straight,0,0,False,0
-122.298305355747,47.5403053336197,420,308420,309700,3815057,Matched,Block,,BEACON WR AVE S BETWEEN MILITARY RD S AND 27TH AVE S, ,,1,Property Damage Only Collision,Parked Car,2,0,0,2,0,0,2018-12-16 00:00:00+00,12/16/2018 10:04:00 PM,Mid-Block (not related to intersection),11,"MOTOR VEHICLE STRUCK MOTOR VEHICLE, FRONT END AT ANGLE",,False,Raining,Wet,Dark - Street Lights On,,,,32.0,One parked--one moving,0,0,False,0
-122.280921720855,47.5370505074679,421,312222,313642,3811132,Matched,Block,,S OTHELLO ST BETWEEN M L KING JR ER WAY S AND 42ND AVE S, ,,1,Property Damage Only Collision,Sideswipe,2,0,0,2,0,0,2018-12-06 00:00:00+00,12/6/2018 10:30:00 AM,Mid-Block (not related to intersection),11,"MOTOR VEHICLE STRUCK MOTOR VEHICLE, FRONT END AT ANGLE",,False,Clear or Partly Cloudy,Dry,Daylight,,,,11.0,From same direction - both going straight - both moving - sideswipe,0,0,False,0
-122.317445205752,47.6043590991774,422,308415,309695,3814292,Matched,Block,,E ALDER ST BETWEEN 11TH AVE AND 12TH AVE, ,,1,Property Damage Only Collision,Parked Car,2,0,0,2,0,0,2018-12-17 00:00:00+00,12/17/2018 4:00:00 PM,Mid-Block (not related to intersection),14,"MOTOR VEHICLE STRUCK MOTOR VEHICLE, REAR END",,False,Raining,Wet,Dark - Street Lights On,,,,32.0,One parked--one moving,0,0,True,0
-122.369395695292,47.6980081196994,423,312217,313637,E886752,Matched,Block,,HOLMAN RD NW BETWEEN 11TH AVE NW AND 9TH AVE NW, ,,2,Injury Collision,Rear Ended,2,0,0,2,1,0,2018-12-28 00:00:00+00,12/28/2018 7:37:00 PM,Mid-Block (but intersection related),14,"MOTOR VEHICLE STRUCK MOTOR VEHICLE, REAR END",True,False,Raining,Wet,Dark - Street Lights On,,,,14.0,From same direction - both going straight - one stopped - rear-end,0,0,False,0
-122.3149748653,47.5226389294537,425,308423,309703,3342932,Matched,Block,,14TH AVE S BETWEEN S HENDERSON ST AND S DIRECTOR ST, ,,2,Injury Collision,Other,2,0,0,2,1,0,2018-12-13 00:00:00+00,12/13/2018 7:00:00 AM,Mid-Block (not related to intersection),14,"MOTOR VEHICLE STRUCK MOTOR VEHICLE, REAR END",,False,Raining,Wet,Dark - Street Lights On,,,,17.0,Strikes or Was Struck by Object from the Load of Another Vehicle,0,0,False,0
-122.303396096774,47.5725068989204,433,308421,309701,3815058,Matched,Block,,23RD AVE S BETWEEN S HINDS ST AND S SPOKANE ST, ,,1,Property Damage Only Collision,Other,1,0,0,1,0,0,2018-12-17 00:00:00+00,12/17/2018 6:20:00 AM,Mid-Block (not related to intersection),28,MOTOR VEHICLE RAN OFF ROAD - HIT FIXED OBJECT,,True,Raining,Wet,Dark - Street Lights On,,,,50.0,Fixed object,0,0,False,0
-122.332813201196,47.605141667745,435,308416,309696,3814293,Matched,Block,,MARION ST BETWEEN 3RD AVE AND 4TH AVE, ,,1,Property Damage Only Collision,Parked Car,2,0,0,2,0,0,2018-12-18 00:00:00+00,12/18/2018 1:00:00 PM,Mid-Block (not related to intersection),14,"MOTOR VEHICLE STRUCK MOTOR VEHICLE, REAR END",,False,Clear or Partly Cloudy,Wet,Daylight,,,,32.0,One parked--one moving,0,0,True,0
-122.314301324177,47.5477086644892,438,308424,309704,3705935,Matched,Block,,AIRPORT WAY S BETWEEN 13TH AVE S AND S HARDY ST, ,,2,Injury Collision,Other,2,0,0,1,1,0,2018-12-20 00:00:00+00,12/20/2018 2:41:00 AM,Mid-Block (not related to intersection),28,MOTOR VEHICLE RAN OFF ROAD - HIT FIXED OBJECT,True,True,Overcast,Wet,Dark - Street Lights On,,,,50.0,Fixed object,0,0,False,0
-122.29214275698,47.5360879955056,440,308419,309699,3815053,Matched,Block,,BEACON WR AVE S BETWEEN S OTHELLO ST AND S WEBSTER N ST, ,,1,Property Damage Only Collision,Sideswipe,2,0,0,2,0,0,2018-12-12 00:00:00+00,12/12/2018 3:49:00 PM,Mid-Block (not related to intersection),11,"MOTOR VEHICLE STRUCK MOTOR VEHICLE, FRONT END AT ANGLE",,False,Raining,Wet,Daylight,,,,11.0,From same direction - both going straight - both moving - sideswipe,0,0,False,0
-122.287444919317,47.5390982607505,442,312224,313644,3815105,Matched,Block,,HOLLY PARK DR S BETWEEN 35TH PL S AND S MYRTLE PL, ,,1,Property Damage Only Collision,Other,5,0,0,2,0,0,2018-12-31 00:00:00+00,12/31/2018 4:52:00 PM,Mid-Block (not related to intersection),14,"MOTOR VEHICLE STRUCK MOTOR VEHICLE, REAR END",,False,Clear or Partly Cloudy,Wet,Dark - Street Lights On,,,,23.0,From same direction - all others,0,0,False,0
-122.329123594826,47.6086580954441,443,312190,313610,E887807,Matched,Intersection,29926.0,8TH AVE AND SPRING ST, ,,1,Property Damage Only Collision,Angles,4,0,0,2,0,0,2019-01-04 00:00:00+00,1/4/2019 5:35:00 PM,At Intersection (intersection related),11,"MOTOR VEHICLE STRUCK MOTOR VEHICLE, FRONT END AT ANGLE",,False,Overcast,Dry,Dark - Street Lights On,,,,10.0,Entering at angle,0,0,False,0
-122.392754277999,47.5152734821118,444,312221,313641,3746065,Matched,Intersection,38057.0,47TH AVE SW AND SW 98TH ST,NEI,"Not Enough Information, or Insufficient Location Information",1,Property Damage Only Collision,Rear Ended,2,0,0,2,0,0,2018-12-31 00:00:00+00,12/31/2018 12:30:00 PM,At Intersection (intersection related),0,NOT ENOUGH INFORMATION / NOT APPLICABLE,True,False,Clear or Partly Cloudy,Unknown,Daylight,,,,14.0,From same direction - both going straight - one stopped - rear-end,0,0,False,0
-122.302005354733,47.6164853870643,447,308417,309697,3814356,Matched,Block,,E OLIVE ST BETWEEN 23RD S AVE AND 24TH AVE, ,,1,Property Damage Only Collision,Parked Car,2,0,0,2,0,0,2018-12-17 00:00:00+00,12/17/2018 1:50:00 PM,Mid-Block (not related to intersection),11,"MOTOR VEHICLE STRUCK MOTOR VEHICLE, FRONT END AT ANGLE",True,False,Raining,Wet,Daylight,,,,32.0,One parked--one moving,0,0,True,0
-122.337349365567,47.5204706504791,448,308422,309702,2896041,Matched,Block,,OLSON PL SW BETWEEN 2ND AVE SW AND 3RD AVE SW, ,,2,Injury Collision,Sideswipe,2,0,0,2,1,0,2018-12-14 00:00:00+00,12/14/2018 5:33:00 PM,Mid-Block (not related to intersection),11,"MOTOR VEHICLE STRUCK MOTOR VEHICLE, FRONT END AT ANGLE",True,False,Clear or Partly Cloudy,Dry,Dark - Street Lights On,,,,11.0,From same direction - both going straight - both moving - sideswipe,0,0,False,0
-122.328332867624,47.6868500652403,468,308275,309555,E872353,Matched,Intersection,24536.0,1ST AVE NE AND NE 80TH ST, ,,2,Injury Collision,Angles,2,0,0,2,1,0,2018-12-14 00:00:00+00,12/14/2018 5:10:00 PM,At Intersection (intersection related),11,"MOTOR VEHICLE STRUCK MOTOR VEHICLE, FRONT END AT ANGLE",,False,Raining,Wet,Dark - Street Lights On,,,,10.0,Entering at angle,0,0,False,0
-122.295792243877,47.5624199382219,469,308274,309554,E872091,Matched,Intersection,32488.0,29TH AVE S AND S COLUMBIAN WAY, ,,2,Injury Collision,Pedestrian,2,1,0,1,1,0,2018-12-03 00:00:00+00,12/3/2018 5:48:00 PM,At Intersection (intersection related),24,MOTOR VEHCILE STRUCK PEDESTRIAN,,False,Clear or Partly Cloudy,Dry,Dark - Street Lights On,True,,,2.0,Vehicle turning left hits pedestrian,0,0,False,0
-122.362975476452,47.552821135664,470,308442,309722,3745915,Matched,Block,,DELRIDGE WAY SW BETWEEN SW BRANDON ST AND SW FINDLAY ST, ,,2,Injury Collision,Angles,3,0,0,2,2,0,2018-12-19 00:00:00+00,12/19/2018 10:41:00 PM,Mid-Block (not related to intersection),11,"MOTOR VEHICLE STRUCK MOTOR VEHICLE, FRONT END AT ANGLE",,False,Overcast,Wet,Dark - Street Lights On,,,,10.0,Entering at angle,0,0,False,0
-122.306328228114,47.6066681951843,472,308285,309565,E862625,Matched,Block,,20TH AVE BETWEEN E JEFFERSON ST AND E JAMES ST, ,,1,Property Damage Only Collision,Parked Car,2,0,0,2,0,0,2018-11-18 00:00:00+00,11/18/2018 10:00:00 PM,Mid-Block (not related to intersection),16,"MOTOR VEHICLE STRUCK MOTOR VEHICLE, LEFT SIDE SIDESWIPE",,False,Unknown,Unknown,Unknown,,,,32.0,One parked--one moving,0,0,True,0
-122.293808551025,47.7337639175592,818,308862,310142,E855197,Matched,Intersection,35988.0,32ND AVE NE AND NE 145TH ST, ,,2,Injury Collision,Angles,2,0,0,2,1,0,2018-10-30 00:00:00+00,10/30/2018 7:45:00 AM,At Intersection (intersection related),11,"MOTOR VEHICLE STRUCK MOTOR VEHICLE, FRONT END AT ANGLE",,False,Overcast,Dry,Daylight,,,,10.0,Entering at angle,0,0,False,0
-122.373486464559,47.5675535574956,474,308441,309721,3744664,Matched,Block,,WEST SEATTLE BR WB BETWEEN POINT A AND 35TH AVE SW, ,,1,Property Damage Only Collision,Rear Ended,2,0,0,2,0,0,2018-12-19 00:00:00+00,12/19/2018 6:20:00 PM,Mid-Block (not related to intersection),14,"MOTOR VEHICLE STRUCK MOTOR VEHICLE, REAR END",True,False,Clear or Partly Cloudy,Wet,Dark - Street Lights On,,,,14.0,From same direction - both going straight - one stopped - rear-end,0,0,False,0
-122.360815241993,47.5191947749532,475,308440,309720,3744663,Matched,Block,,SW CAMBRIDGE ST BETWEEN 21ST AVE SW AND KELSEY LN SW, ,,1,Property Damage Only Collision,Parked Car,2,0,0,2,0,0,2018-12-19 00:00:00+00,12/19/2018 1:41:00 PM,Mid-Block (not related to intersection),14,"MOTOR VEHICLE STRUCK MOTOR VEHICLE, REAR END",,False,Overcast,Wet,Daylight,,,,32.0,One parked--one moving,0,0,False,0
-122.320465403879,47.6187424206417,476,308439,309719,E870852,Matched,Block,,E DENNY WAY BETWEEN BROADWAY AND NAGLE PL, ,,1,Property Damage Only Collision,Other,1,0,0,1,0,0,2018-12-07 00:00:00+00,12/7/2018 1:00:00 PM,Mid-Block (but intersection related),28,MOTOR VEHICLE RAN OFF ROAD - HIT FIXED OBJECT,,False,Clear or Partly Cloudy,Dry,Daylight,,,,50.0,Fixed object,0,0,False,0
-122.361091865746,47.5379541665937,481,308425,309705,3742549,Matched,Intersection,33963.0,DELRIDGE WAY SW AND SW ORCHARD ST, ,,1,Property Damage Only Collision,Angles,3,0,0,2,0,0,2018-12-19 00:00:00+00,12/19/2018 9:36:00 PM,At Intersection (intersection related),11,"MOTOR VEHICLE STRUCK MOTOR VEHICLE, FRONT END AT ANGLE",,False,Overcast,Dry,Dark - Street Lights On,,,,10.0,Entering at angle,0,0,False,0
-122.31256383816,47.6272580388902,483,308346,309626,3693210,Matched,Block,,15TH AVE E BETWEEN E ALOHA ST AND E WARD ST, ,,1,Property Damage Only Collision,Parked Car,4,0,0,4,0,0,2018-12-14 00:00:00+00,12/14/2018 2:00:00 AM,Mid-Block (not related to intersection),11,"MOTOR VEHICLE STRUCK MOTOR VEHICLE, FRONT END AT ANGLE",True,True,Overcast,Dry,Dark - Street Lights On,,,,32.0,One parked--one moving,0,0,True,0
-122.376445042262,47.5446825736171,484,308338,309618,2896044,Matched,Intersection,34008.0,35TH AVE SW AND SW MORGAN ST, ,,2,Injury Collision,Angles,6,0,0,2,3,0,2018-12-16 00:00:00+00,12/16/2018 4:56:00 PM,At Intersection (but not related to intersection),11,"MOTOR VEHICLE STRUCK MOTOR VEHICLE, FRONT END AT ANGLE",,False,Raining,Wet,Dark - Street Lights On,,,,10.0,Entering at angle,0,0,False,0
-122.314931523999,47.5251684118574,485,308341,309621,3608171,Matched,Block,,14TH AVE S BETWEEN S DONOVAN ST AND S TRENTON ST, ,,2,Injury Collision,Sideswipe,2,0,0,2,1,0,2018-12-13 00:00:00+00,12/13/2018 4:55:00 PM,Mid-Block (not related to intersection),11,"MOTOR VEHICLE STRUCK MOTOR VEHICLE, FRONT END AT ANGLE",,False,Raining,Wet,Dusk,,,,11.0,From same direction - both going straight - both moving - sideswipe,0,0,False,0
-122.358396391287,47.6577637780183,491,308324,309604,E870600,Matched,Intersection,26636.0,2ND AVE NW AND NW 42ND ST, ,,2b,Serious Injury Collision,Pedestrian,2,1,0,1,1,0,2018-12-07 00:00:00+00,12/7/2018 10:15:00 PM,At Intersection (intersection related),24,MOTOR VEHCILE STRUCK PEDESTRIAN,True,False,Unknown,Unknown,Unknown,,,,2.0,Vehicle turning left hits pedestrian,0,0,False,1
-122.354985748593,47.6523609644195,495,308347,309627,3694709,Matched,Block,,N 36TH ST BETWEEN GREENWOOD AVE N AND PHINNEY AVE N, ,,2,Injury Collision,Pedestrian,2,1,0,1,1,0,2018-12-13 00:00:00+00,12/13/2018 12:10:00 AM,Mid-Block (not related to intersection),24,MOTOR VEHCILE STRUCK PEDESTRIAN,,False,Raining,Wet,Dark - Street Lights On,,,,2.0,Vehicle turning left hits pedestrian,0,0,False,0
-122.354947979893,47.5561006491618,496,308339,309619,2896045,Matched,Intersection,33054.0,16TH AVE SW AND SW DAWSON ST, ,,1,Property Damage Only Collision,Other,3,0,0,2,0,0,2018-12-16 00:00:00+00,12/16/2018 10:04:00 PM,At Intersection (intersection related),11,"MOTOR VEHICLE STRUCK MOTOR VEHICLE, FRONT END AT ANGLE",,False,Raining,Wet,Dark - Street Lights On,,,,88.0,All Other Multi Vehicle,0,0,False,0
-122.322096735752,47.6496135382694,497,308342,309622,3693206,Matched,Block,,HARVARD AVE E BETWEEN E ALLISON ST AND EASTLAKE AVE E, ,,2,Injury Collision,Parked Car,6,0,0,6,1,0,2018-12-10 00:00:00+00,12/10/2018 12:47:00 AM,Mid-Block (not related to intersection),11,"MOTOR VEHICLE STRUCK MOTOR VEHICLE, FRONT END AT ANGLE",,True,Overcast,Wet,Dark - Street Lights On,,,,32.0,One parked--one moving,0,0,True,0
-122.292180812717,47.7155186157387,498,308327,309607,E870755,Matched,Block,,NE 120TH ST BETWEEN 33RD AVE NE AND 35TH AVE NE, ,,1,Property Damage Only Collision,Other,4,0,0,1,0,0,2018-12-10 00:00:00+00,12/10/2018 1:14:00 PM,Mid-Block (not related to intersection),28,MOTOR VEHICLE RAN OFF ROAD - HIT FIXED OBJECT,,False,Clear or Partly Cloudy,Dry,Daylight,,,,50.0,Fixed object,0,0,False,0
-122.302222006625,47.5955706958849,501,308345,309625,3693209,Matched,Intersection,30786.0,23RD AVE S AND S DEARBORN ST, ,,1,Property Damage Only Collision,Other,1,0,0,1,0,0,2018-12-13 00:00:00+00,12/13/2018 10:48:00 PM,At Intersection (intersection related),26,MOTOR VEHICLE STRUCK OBJECT IN ROAD,,True,Clear or Partly Cloudy,Wet,Dark - Street Lights On,,,,50.0,Fixed object,0,0,False,0
-122.30764391485,47.5419196806477,503,308340,309620,3578649,Matched,Block,,AIRPORT WAY S BETWEEN S HARDY ST AND S OTHELLO ST, ,,2,Injury Collision,Other,3,0,0,2,2,0,2018-12-11 00:00:00+00,12/11/2018 9:15:00 AM,Mid-Block (not related to intersection),11,"MOTOR VEHICLE STRUCK MOTOR VEHICLE, FRONT END AT ANGLE",,False,Raining,Wet,Daylight,,,True,88.0,All Other Multi Vehicle,0,0,False,0
-122.386803951471,47.5602169818927,505,308337,309617,2896042,Matched,Block,,CALIFORNIA AVE SW BETWEEN SW ALASKA ST AND ERSKINE WAY SW, ,,1,Property Damage Only Collision,Parked Car,2,0,0,2,0,0,2018-12-15 00:00:00+00,12/15/2018 8:52:00 PM,Mid-Block (not related to intersection),11,"MOTOR VEHICLE STRUCK MOTOR VEHICLE, FRONT END AT ANGLE",,False,Clear or Partly Cloudy,Dry,Dark - Street Lights On,,,,32.0,One parked--one moving,0,0,True,0
-122.329123594826,47.6086580954441,508,308343,309623,3693207,Matched,Intersection,29926.0,8TH AVE AND SPRING ST, ,,2,Injury Collision,Angles,2,0,0,2,1,0,2018-12-13 00:00:00+00,12/13/2018 4:35:00 PM,At Intersection (intersection related),11,"MOTOR VEHICLE STRUCK MOTOR VEHICLE, FRONT END AT ANGLE",True,False,Overcast,Wet,Dark - Street Lights On,,,,10.0,Entering at angle,0,0,False,0
-122.376214474094,47.6686669083164,509,308348,309628,3694710,Matched,Intersection,25416.0,15TH AVE NW AND NW MARKET ST, ,,2,Injury Collision,Rear Ended,3,0,0,2,2,0,2018-12-13 00:00:00+00,12/13/2018 9:22:00 PM,At Intersection (but not related to intersection),14,"MOTOR VEHICLE STRUCK MOTOR VEHICLE, REAR END",,False,Overcast,Wet,Dark - Street Lights On,,,,14.0,From same direction - both going straight - one stopped - rear-end,0,0,False,0
-122.331050796454,47.604893137143,511,308328,309608,E870849,Matched,Block,,COLUMBIA ST BETWEEN 4TH AVE AND 5TH AVE, ,,1,Property Damage Only Collision,Parked Car,2,0,0,2,0,0,2018-12-06 00:00:00+00,12/6/2018 10:51:00 AM,Mid-Block (not related to intersection),14,"MOTOR VEHICLE STRUCK MOTOR VEHICLE, REAR END",,False,Clear or Partly Cloudy,Dry,Daylight,,,,32.0,One parked--one moving,0,0,True,0
-122.31610923602,47.6128986061015,514,308380,309660,3814283,Matched,Block,,E UNION ST BETWEEN 12TH AVE AND 13TH AVE, ,,1,Property Damage Only Collision,Parked Car,2,0,0,2,0,0,2018-12-14 00:00:00+00,12/14/2018 10:15:00 PM,Mid-Block (not related to intersection),14,"MOTOR VEHICLE STRUCK MOTOR VEHICLE, REAR END",,False,Clear or Partly Cloudy,Dry,Dark - Street Lights On,,,,32.0,One parked--one moving,0,0,False,0
-122.346588118471,47.723214979591,515,308367,309647,3810409,Matched,Block,,N 130TH ST BETWEEN LINDEN AVE N AND AURORA AVE N, ,,1,Property Damage Only Collision,Other,1,0,0,1,0,0,2018-12-12 00:00:00+00,12/12/2018 8:54:00 PM,Mid-Block (not related to intersection),26,MOTOR VEHICLE STRUCK OBJECT IN ROAD,True,False,Raining,Wet,Dark - Street Lights On,,,,50.0,Fixed object,0,0,False,0
-122.376176887855,47.6447696120254,516,308374,309654,3811617,Matched,Intersection,27884.0,15TH AVE W AND W ARMOUR ST, ,,2,Injury Collision,Head On,3,0,0,2,1,0,2018-12-13 00:00:00+00,12/13/2018 4:55:00 PM,At Intersection (intersection related),11,"MOTOR VEHICLE STRUCK MOTOR VEHICLE, FRONT END AT ANGLE",True,False,Raining,Wet,Dark - Street Lights On,,,,30.0,From opposite direction - all others,0,0,False,0
-122.33683478736,47.6613863837867,517,308366,309646,3810026,Matched,Block,,N 45TH ST BETWEEN DENSMORE E AVE N AND WALLINGFORD AVE N, ,,1,Property Damage Only Collision,Angles,4,0,0,2,0,0,2018-12-15 00:00:00+00,12/15/2018 9:03:00 PM,Mid-Block (not related to intersection),11,"MOTOR VEHICLE STRUCK MOTOR VEHICLE, FRONT END AT ANGLE",,False,Clear or Partly Cloudy,Dry,Dark - Street Lights On,,,,10.0,Entering at angle,0,0,False,0
-122.344976879983,47.7232115471904,518,308365,309645,3809954,Matched,Intersection,35828.0,AURORA AVE N AND N 130TH ST, ,,1,Property Damage Only Collision,Other,2,0,0,2,0,0,2018-12-16 00:00:00+00,12/16/2018 11:39:00 PM,At Intersection (but not related to intersection),11,"MOTOR VEHICLE STRUCK MOTOR VEHICLE, FRONT END AT ANGLE",,False,Clear or Partly Cloudy,Wet,Dark - Street Lights On,,,,23.0,From same direction - all others,0,0,False,0
-122.288297649721,47.601235060136,758,308999,310279,E876714,Matched,Block,,LAKE WASHINGTON BLVD S BETWEEN E YESLER WAY AND 35TH AVE S, ,,2,Injury Collision,Other,2,0,0,1,1,0,2018-12-19 00:00:00+00,12/19/2018 11:24:00 AM,Mid-Block (not related to intersection),26,MOTOR VEHICLE STRUCK OBJECT IN ROAD,True,False,Raining,Wet,Daylight,,,,50.0,Fixed object,0,0,False,0
-122.323281308955,47.6081422293736,519,308383,309663,3814351,Matched,Block,,COLUMBIA ST BETWEEN BOREN AVE AND MINOR AVE, ,,1,Property Damage Only Collision,Sideswipe,2,0,0,2,0,0,2018-12-12 00:00:00+00,12/12/2018 8:05:00 AM,Mid-Block (not related to intersection),11,"MOTOR VEHICLE STRUCK MOTOR VEHICLE, FRONT END AT ANGLE",,False,Overcast,Wet,Daylight,,,,12.0,From same direction - both going straight - one stopped - sideswipe,0,0,False,0
-122.30088691635,47.6632661768253,520,308364,309644,3809952,Matched,Intersection,25960.0,25TH AVE NE AND NE 47TH ST, ,,1,Property Damage Only Collision,Rear Ended,2,0,0,2,0,0,2018-12-14 00:00:00+00,12/14/2018 5:12:00 PM,At Intersection (but not related to intersection),14,"MOTOR VEHICLE STRUCK MOTOR VEHICLE, REAR END",,False,Overcast,Dry,Dark - Street Lights On,,,,14.0,From same direction - both going straight - one stopped - rear-end,0,0,False,0
-122.328029756603,47.5715195624256,522,308371,309651,3810974,Matched,Block,,WEST SEATTLE BR EB BETWEEN W SEATTLE BR - I5 SB RP AND W SEA BR EB 4 AV OFF RP, ,,2,Injury Collision,Rear Ended,3,0,0,3,1,0,2018-12-12 00:00:00+00,12/12/2018 3:39:00 PM,Mid-Block (not related to intersection),14,"MOTOR VEHICLE STRUCK MOTOR VEHICLE, REAR END",,False,Clear or Partly Cloudy,Dry,Daylight,,,,13.0,From same direction - both going straight - both moving - rear-end,0,0,False,0
-122.338434334963,47.6246957812307,523,308363,309643,3795978,Matched,Intersection,589794.0,MERCER NR ST AND WESTLAKE AVE N, ,,2,Injury Collision,Pedestrian,2,1,0,1,1,0,2018-12-12 00:00:00+00,12/12/2018 11:28:00 PM,At Intersection (intersection related),24,MOTOR VEHCILE STRUCK PEDESTRIAN,,True,Raining,Wet,Dark - Street Lights On,,,,2.0,Vehicle turning left hits pedestrian,0,0,False,0