longitude,latitude,objectid,inckey,coldetkey,reportno,status,addrtype,intkey,location,exceptrsncode,exceptrsndesc,severitycode,severitydesc,collisiontype,personcount,pedcount,pedcylcount,vehcount,injuries,fatalities,incdate,incdttm,junctiontype,sdot_colcode,sdot_coldesc,inattentionind,underinfl,weather,roadcond,lightcond,pedrownotgrnt,sdotcolnum,speeding,st_colcode,st_coldesc,seglanekey,crosswalkkey,hitparkedcar,seriousinjuries
-122.321737023157,47.5991845839834,524,308362,309642,3795977,Matched,Block,,S JACKSON ST BETWEEN 8TH AVE S AND 9TH AVE S, ,,2,Injury Collision,Other,1,0,0,1,1,0,2018-12-12 00:00:00+00,12/12/2018 7:15:00 PM,Mid-Block (not related to intersection),26,MOTOR VEHICLE STRUCK OBJECT IN ROAD,,False,Raining,Wet,Dark - Street Lights On,,,,51.0,Other object,0,0,False,0
-122.338247279092,47.5883012293473,525,308361,309641,3795953,Matched,Block,,ALASKAN WY VI SB BETWEEN ALASKAN WY VI SB EFR OFF RP AND S HOLGATE ST, ,,1,Property Damage Only Collision,Rear Ended,2,0,0,2,0,0,2018-12-12 00:00:00+00,12/12/2018 11:47:00 PM,Mid-Block (not related to intersection),14,"MOTOR VEHICLE STRUCK MOTOR VEHICLE, REAR END",,True,Raining,Wet,Dark - Street Lights On,,,True,13.0,From same direction - both going straight - both moving - rear-end,0,0,False,0
-122.322994457988,47.5625420384969,526,308387,309667,3815005,Matched,Block,,AIRPORT WAY S BETWEEN S OREGON ST AND S SNOQUALMIE ST, ,,1,Property Damage Only Collision,Other,2,0,0,2,0,0,2018-12-13 00:00:00+00,12/13/2018 5:56:00 PM,Mid-Block (not related to intersection),14,"MOTOR VEHICLE STRUCK MOTOR VEHICLE, REAR END",,False,Raining,Wet,Dark - Street Lights On,,,,23.0,From same direction - all others,0,0,False,0
-122.344520038081,47.6901979233571,527,308370,309650,3810414,Matched,Block,,AURORA AVE N BETWEEN N 84TH ST AND N 85TH ST, ,,1,Property Damage Only Collision,Other,2,0,0,2,0,0,2018-12-15 00:00:00+00,12/15/2018 4:55:00 AM,Mid-Block (not related to intersection),11,"MOTOR VEHICLE STRUCK MOTOR VEHICLE, FRONT END AT ANGLE",,False,Clear or Partly Cloudy,Dry,Dark - Street Lights On,,,,23.0,From same direction - all others,0,0,False,0
-122.322397202836,47.6337800691366,528,308381,309661,3814286,Matched,Block,,LAKEVIEW BLVD E BETWEEN BOYLSTON S AVE E AND E GARFIELD ST, ,,1,Property Damage Only Collision,Angles,3,0,0,2,0,0,2018-12-15 00:00:00+00,12/15/2018 8:30:00 AM,Mid-Block (not related to intersection),11,"MOTOR VEHICLE STRUCK MOTOR VEHICLE, FRONT END AT ANGLE",,False,Overcast,Dry,Daylight,,,,10.0,Entering at angle,0,0,False,0
-122.337819669976,47.6185305940725,529,308360,309640,3795828,Matched,Block,,DENNY WAY BETWEEN WESTLAKE AVE AND TERRY AVE, ,,1,Property Damage Only Collision,Rear Ended,2,0,0,2,0,0,2018-12-16 00:00:00+00,12/16/2018 3:03:00 PM,Mid-Block (not related to intersection),14,"MOTOR VEHICLE STRUCK MOTOR VEHICLE, REAR END",,False,Raining,Wet,Daylight,,,True,14.0,From same direction - both going straight - one stopped - rear-end,0,0,False,0
-122.32376363085,47.5958333049912,530,308375,309655,3812133,Matched,Intersection,30544.0,7TH AVE S AND S DEARBORN ST, ,,1,Property Damage Only Collision,Rear Ended,2,0,0,2,0,0,2018-12-15 00:00:00+00,12/15/2018 1:16:00 PM,At Intersection (intersection related),14,"MOTOR VEHICLE STRUCK MOTOR VEHICLE, REAR END",,False,Overcast,Dry,Daylight,,,,14.0,From same direction - both going straight - one stopped - rear-end,0,0,False,0
-122.35396450535,47.6643058891042,532,308357,309637,3751420,Matched,Intersection,25662.0,PHINNEY AVE N AND N 49TH ST, ,,2,Injury Collision,Angles,6,0,0,3,1,0,2018-12-11 00:00:00+00,12/11/2018 9:27:00 PM,At Intersection (intersection related),11,"MOTOR VEHICLE STRUCK MOTOR VEHICLE, FRONT END AT ANGLE",,False,Overcast,Wet,Dark - Street Lights On,,,,10.0,Entering at angle,0,0,False,0
-122.308310125978,47.6016772137642,533,308385,309665,3814353,Matched,Block,,E YESLER WAY BETWEEN 18TH AVE AND 19TH AVE, ,,1,Property Damage Only Collision,Sideswipe,3,0,0,2,0,0,2018-12-12 00:00:00+00,12/12/2018 2:30:00 PM,Mid-Block (not related to intersection),11,"MOTOR VEHICLE STRUCK MOTOR VEHICLE, FRONT END AT ANGLE",,False,Overcast,Dry,Daylight,,,,26.0,From opposite direction - both going straight - sideswipe,0,0,False,0
-122.376763612842,47.6777676573892,534,308356,309636,3751219,Matched,Intersection,23942.0,15TH AVE NW AND NW 67TH ST, ,,2,Injury Collision,Rear Ended,2,0,0,2,2,0,2018-12-13 00:00:00+00,12/13/2018 7:00:00 AM,At Intersection (intersection related),14,"MOTOR VEHICLE STRUCK MOTOR VEHICLE, REAR END",True,False,Raining,Wet,Dark - Street Lights On,,,,84.0,Same direction -- both turning left -- one stopped -- rear end,0,0,False,0
-122.340452139106,47.6109639487705,535,308379,309659,3812477,Matched,Intersection,29581.0,2ND AVE AND STEWART ST, ,,1,Property Damage Only Collision,Sideswipe,2,0,0,2,0,0,2018-12-13 00:00:00+00,12/13/2018 4:52:00 PM,At Intersection (intersection related),14,"MOTOR VEHICLE STRUCK MOTOR VEHICLE, REAR END",,False,Raining,Wet,Dark - Street Lights On,,,,81.0,Same direction -- both turning left -- both moving -- sideswipe,0,0,False,0
-122.305650080568,47.6952946597066,536,308369,309649,3810413,Matched,Block,,LAKE CITY WAY NE BETWEEN NE 91ST ST AND NE 92ND ST, ,,1,Property Damage Only Collision,Parked Car,2,0,0,2,0,0,2018-12-15 00:00:00+00,12/15/2018 1:41:00 AM,Mid-Block (not related to intersection),14,"MOTOR VEHICLE STRUCK MOTOR VEHICLE, REAR END",,True,Overcast,Dry,Dark - Street Lights Off,,,,32.0,One parked--one moving,0,0,False,0
-122.334200248084,47.5808545352323,537,308373,309653,3811136,Matched,Block,,1ST AVE S BETWEEN S STACY ST AND S LANDER ST, ,,1,Property Damage Only Collision,Parked Car,3,0,0,3,0,0,2018-12-16 00:00:00+00,12/16/2018 1:33:00 AM,Mid-Block (not related to intersection),14,"MOTOR VEHICLE STRUCK MOTOR VEHICLE, REAR END",,True,Raining,Wet,Dark - Street Lights On,,,,32.0,One parked--one moving,0,0,False,0
-122.361215402411,47.5427891390697,538,308355,309635,3746062,Matched,Block,,DELRIDGE WAY SW BETWEEN 22ND AVE SW AND SW WILLOW ST,NEI,"Not Enough Information, or Insufficient Location Information",1,Property Damage Only Collision,Parked Car,2,0,0,2,0,0,2018-12-15 00:00:00+00,12/15/2018 12:01:00 AM,,0,NOT ENOUGH INFORMATION / NOT APPLICABLE,,False,Unknown,Unknown,Unknown,,,,32.0,One parked--one moving,0,0,True,0
-122.391611900319,47.5213187232505,539,308353,309633,3745825,Matched,Block,,SW WILDWOOD PL BETWEEN 46TH AVE SW AND 47TH AVE SW, ,,1,Property Damage Only Collision,Head On,3,0,0,2,0,0,2018-12-12 00:00:00+00,12/12/2018 5:06:00 PM,Mid-Block (not related to intersection),11,"MOTOR VEHICLE STRUCK MOTOR VEHICLE, FRONT END AT ANGLE",,False,Raining,Wet,Dark - Street Lights On,,,,30.0,From opposite direction - all others,0,0,False,0
-122.376466591478,47.5437735800491,540,308352,309632,3742560,Matched,Block,,35TH AVE SW BETWEEN SW MORGAN ST AND SW HOLLY ST, ,,2,Injury Collision,Rear Ended,3,0,0,3,2,0,2018-12-13 00:00:00+00,12/13/2018 7:46:00 AM,Mid-Block (not related to intersection),14,"MOTOR VEHICLE STRUCK MOTOR VEHICLE, REAR END",,False,Raining,Wet,Daylight,,,,13.0,From same direction - both going straight - both moving - rear-end,0,0,False,0
-122.376596975836,47.5364822606972,541,308351,309631,3742548,Matched,Block,,35TH AVE SW BETWEEN SW OTHELLO ST AND SW WEBSTER ST, ,,1,Property Damage Only Collision,Parked Car,5,0,0,5,0,0,2018-12-16 00:00:00+00,12/16/2018 8:25:00 PM,Mid-Block (not related to intersection),11,"MOTOR VEHICLE STRUCK MOTOR VEHICLE, FRONT END AT ANGLE",True,False,Clear or Partly Cloudy,Wet,Dark - Street Lights On,,,,32.0,One parked--one moving,0,0,True,0
-122.343575564622,47.6267045653331,542,308377,309657,3812441,Matched,Block,,AURORA AVE N BETWEEN VALLEY ST AND ALOHA ST, ,,1,Property Damage Only Collision,Other,2,0,0,2,0,0,2018-12-14 00:00:00+00,12/14/2018 3:29:00 AM,Mid-Block (not related to intersection),11,"MOTOR VEHICLE STRUCK MOTOR VEHICLE, FRONT END AT ANGLE",,False,Overcast,Dry,Dark - Street Lights On,,,,23.0,From same direction - all others,0,0,False,0
-122.326185450892,47.6054461755886,543,308382,309662,3814291,Matched,Block,,8TH AVE BETWEEN JAMES ST AND CHERRY ST, ,,2,Injury Collision,Sideswipe,3,0,0,3,1,0,2018-12-16 00:00:00+00,12/16/2018 8:42:00 PM,Mid-Block (not related to intersection),11,"MOTOR VEHICLE STRUCK MOTOR VEHICLE, FRONT END AT ANGLE",,False,Raining,Wet,Dark - Street Lights On,,,True,12.0,From same direction - both going straight - one stopped - sideswipe,0,0,False,0
-122.296324883463,47.7201872925352,544,308368,309648,3810412,Matched,Block,,30TH AVE NE BETWEEN NE 125TH ST AND NE 127TH ST, ,,1,Property Damage Only Collision,Sideswipe,2,0,0,2,0,0,2018-12-14 00:00:00+00,12/14/2018 9:43:00 PM,Mid-Block (not related to intersection),11,"MOTOR VEHICLE STRUCK MOTOR VEHICLE, FRONT END AT ANGLE",,False,Clear or Partly Cloudy,Dry,Dark - Street Lights On,,,,12.0,From same direction - both going straight - one stopped - sideswipe,0,0,False,0
-122.37902674673,47.5501838154094,545,308350,309630,3742545,Matched,Intersection,32821.0,37TH AVE SW AND SW JUNEAU ST, ,,2,Injury Collision,Angles,6,0,0,2,1,0,2018-12-12 00:00:00+00,12/12/2018 6:19:00 PM,At Intersection (intersection related),14,"MOTOR VEHICLE STRUCK MOTOR VEHICLE, REAR END",,False,Overcast,Wet,Dark - Street Lights On,,,,10.0,Entering at angle,0,0,False,0
-122.37594746984,47.5319137900969,546,308349,309629,3706840,Matched,Block,,SW KENYON ST BETWEEN 34TH AVE SW AND 35TH AVE SW, ,,1,Property Damage Only Collision,Parked Car,2,0,0,2,0,0,2018-12-14 00:00:00+00,12/14/2018 1:30:00 AM,Mid-Block (not related to intersection),11,"MOTOR VEHICLE STRUCK MOTOR VEHICLE, FRONT END AT ANGLE",,False,Raining,Wet,Dark - Street Lights On,,,,32.0,One parked--one moving,0,0,True,0
-122.2848529016,47.550474594307,547,308386,309666,3815004,Matched,Intersection,33629.0,RENTON AVE S AND S MEAD ST,NEI,"Not Enough Information, or Insufficient Location Information",2,Injury Collision,Rear Ended,5,0,0,2,4,0,2018-12-13 00:00:00+00,12/13/2018 1:08:00 AM,At Intersection (intersection related),0,NOT ENOUGH INFORMATION / NOT APPLICABLE,,True,Overcast,Wet,Dark - Street Lights On,,,,14.0,From same direction - both going straight - one stopped - rear-end,0,0,False,0
-122.334239206161,47.5481396886486,548,308372,309652,3811063,Matched,Block,,EAST MARGINAL WAY S BETWEEN 1ST AVE S AND 1ST AV S BR SB, ,,2,Injury Collision,Other,1,0,0,1,1,0,2018-12-16 00:00:00+00,12/16/2018 4:53:00 PM,Mid-Block (not related to intersection),28,MOTOR VEHICLE RAN OFF ROAD - HIT FIXED OBJECT,,True,Raining,Wet,Dark - Street Lights On,,,,50.0,Fixed object,0,0,False,0
-122.335118743008,47.6101805006637,549,308499,309779,E871196,Matched,Block,,5TH AVE BETWEEN UNION ST AND PIKE ST, ,,1,Property Damage Only Collision,Rear Ended,3,0,0,2,0,0,2018-12-05 00:00:00+00,12/5/2018 9:35:00 AM,Mid-Block (not related to intersection),14,"MOTOR VEHICLE STRUCK MOTOR VEHICLE, REAR END",,False,Clear or Partly Cloudy,Dry,Daylight,,,,13.0,From same direction - both going straight - both moving - rear-end,0,0,False,0
-122.258919861976,47.5200204901449,550,308405,309685,3811062,Matched,Block,,RAINIER AVE S BETWEEN ITHACA PL S AND S CARVER ST, ,,1,Property Damage Only Collision,Parked Car,4,0,0,4,0,0,2018-12-16 00:00:00+00,12/16/2018 6:13:00 AM,Mid-Block (not related to intersection),14,"MOTOR VEHICLE STRUCK MOTOR VEHICLE, REAR END",,True,Raining,Wet,Dark - Street Lights On,,,,32.0,One parked--one moving,0,0,False,0
-122.336839444656,47.612897018651,551,308411,309691,3812447,Matched,Block,,OLIVE WAY BETWEEN 5TH AVE AND 6TH AVE, ,,1,Property Damage Only Collision,Other,1,0,0,1,0,0,2018-12-18 00:00:00+00,12/18/2018 8:40:00 AM,Mid-Block (not related to intersection),28,MOTOR VEHICLE RAN OFF ROAD - HIT FIXED OBJECT,,False,Clear or Partly Cloudy,Dry,Daylight,,,,50.0,Fixed object,0,0,False,0
-122.301702226418,47.672503630367,552,308404,309684,3810001,Matched,Block,,24TH AVE NE BETWEEN NE 60TH ST AND NE 61ST ST, ,,1,Property Damage Only Collision,Parked Car,2,0,0,2,0,0,2018-12-17 00:00:00+00,12/17/2018 7:32:00 PM,Mid-Block (not related to intersection),14,"MOTOR VEHICLE STRUCK MOTOR VEHICLE, REAR END",,False,Raining,Wet,Dark - Street Lights On,,,,32.0,One parked--one moving,0,0,True,0
-122.319286325248,47.659459285716,553,308403,309683,3809976,Matched,Block,,NE 43RD ST BETWEEN 8TH AVE NE AND 9TH AVE NE, ,,1,Property Damage Only Collision,Parked Car,2,0,0,2,0,0,2018-12-18 00:00:00+00,12/18/2018 8:25:00 PM,Mid-Block (not related to intersection),0,NOT ENOUGH INFORMATION / NOT APPLICABLE,,False,Overcast,Dry,Dark - Street Lights On,,,,32.0,One parked--one moving,0,0,True,0
-122.317423431955,47.6631177439441,554,308503,309783,3796001,Matched,Intersection,25800.0,ROOSEVELT WAY NE AND NE 47TH ST, ,,1,Property Damage Only Collision,Angles,2,0,0,2,0,0,2018-12-14 00:00:00+00,12/14/2018 1:09:00 PM,At Intersection (intersection related),11,"MOTOR VEHICLE STRUCK MOTOR VEHICLE, FRONT END AT ANGLE",,False,Clear or Partly Cloudy,Dry,Daylight,,,,10.0,Entering at angle,0,0,False,0
-122.345860920532,47.6869414432053,555,308402,309682,3809956,Matched,Block,,N 80TH ST BETWEEN LINDEN AVE N AND AURORA AVE N, ,,2,Injury Collision,Rear Ended,2,0,0,2,1,0,2018-12-17 00:00:00+00,12/17/2018 8:33:00 AM,Mid-Block (not related to intersection),14,"MOTOR VEHICLE STRUCK MOTOR VEHICLE, REAR END",True,False,Overcast,Wet,Daylight,,,,13.0,From same direction - both going straight - both moving - rear-end,0,0,False,0
-122.335422295893,47.5987517956985,556,308414,309694,3812507,Matched,Block,,ALASKAN E RDWY WAY S BETWEEN S JACKSON ST AND S KING ST, ,,1,Property Damage Only Collision,Other,1,0,0,1,0,0,2018-12-16 00:00:00+00,12/16/2018 2:44:00 AM,Mid-Block (not related to intersection),26,MOTOR VEHICLE STRUCK OBJECT IN ROAD,,False,Raining,Wet,Dark - Street Lights On,,,True,50.0,Fixed object,0,0,False,0
-122.331579249271,47.5987455864331,557,308409,309689,3811477,Matched,Block,,2ND AVE S BETWEEN S JACKSON ST AND S KING ST, ,,1,Property Damage Only Collision,Sideswipe,2,0,0,2,0,0,2018-12-17 00:00:00+00,12/17/2018 1:26:00 PM,Mid-Block (not related to intersection),11,"MOTOR VEHICLE STRUCK MOTOR VEHICLE, FRONT END AT ANGLE",,False,Overcast,Dry,Daylight,,,,11.0,From same direction - both going straight - both moving - sideswipe,0,0,False,0
-122.366640295421,47.685098484566,558,308401,309681,3809953,Matched,Block,,NW 77TH ST BETWEEN 8TH N AVE NW AND DIBBLE AVE NW, ,,1,Property Damage Only Collision,Parked Car,2,0,0,2,0,0,2018-12-15 00:00:00+00,12/15/2018 5:19:00 PM,Mid-Block (not related to intersection),14,"MOTOR VEHICLE STRUCK MOTOR VEHICLE, REAR END",,False,Overcast,Dry,Dark - Street Lights On,,,,32.0,One parked--one moving,0,0,True,0
-122.349981740161,47.6577381954321,560,308398,309678,3767489,Matched,Intersection,26965.0,FREMONT AVE N AND N 42ND ST,NEI,"Not Enough Information, or Insufficient Location Information",2,Injury Collision,Rear Ended,2,0,0,2,1,0,2018-12-18 00:00:00+00,12/18/2018 7:00:00 PM,At Intersection (intersection related),0,NOT ENOUGH INFORMATION / NOT APPLICABLE,,False,Clear or Partly Cloudy,Dry,Dark - Street Lights On,,,,14.0,From same direction - both going straight - one stopped - rear-end,0,0,False,0
-122.294822588019,47.5378637002635,561,308408,309688,3811350,Matched,Block,,BEACON WR AVE S BETWEEN S MYRTLE ST AND S OTHELLO ST,NEI,"Not Enough Information, or Insufficient Location Information",1,Property Damage Only Collision,Rear Ended,5,0,0,2,0,0,2018-12-11 00:00:00+00,12/11/2018 8:03:00 AM,Mid-Block (not related to intersection),0,NOT ENOUGH INFORMATION / NOT APPLICABLE,,False,Raining,Wet,Daylight,,,,14.0,From same direction - both going straight - one stopped - rear-end,0,0,False,0
-122.334216048422,47.5519032571463,562,308501,309781,3705938,Matched,Intersection,33040.0,1ST AVE S AND S ORCAS ST, ,,2,Injury Collision,Angles,2,0,0,2,1,0,2018-12-22 00:00:00+00,12/22/2018 1:33:00 AM,At Intersection (intersection related),11,"MOTOR VEHICLE STRUCK MOTOR VEHICLE, FRONT END AT ANGLE",True,False,Clear or Partly Cloudy,Wet,Dark - Street Lights On,,,,10.0,Entering at angle,0,0,False,0
-122.356746743751,47.6197732603107,582,308633,309913,E877092,Matched,Intersection,28661.0,JOHN ST AND QUEEN ANNE AVE N, ,,1,Property Damage Only Collision,Angles,3,0,0,2,0,0,2018-12-28 00:00:00+00,12/28/2018 11:22:00 AM,At Intersection (intersection related),11,"MOTOR VEHICLE STRUCK MOTOR VEHICLE, FRONT END AT ANGLE",,False,Raining,Wet,Daylight,,,,10.0,Entering at angle,0,0,False,0
-122.322490565774,47.5246672303101,563,308397,309677,3744661,Matched,Block,,WEST MARGINAL NB WAY S BETWEEN CLOVERDALE ST ON RP AND SR99 NB DEARBORN OFF RP, ,,1,Property Damage Only Collision,Rear Ended,3,0,0,3,0,0,2018-12-17 00:00:00+00,12/17/2018 7:36:00 AM,Mid-Block (not related to intersection),14,"MOTOR VEHICLE STRUCK MOTOR VEHICLE, REAR END",,False,Overcast,Wet,Dawn,,,,14.0,From same direction - both going straight - one stopped - rear-end,0,0,False,0
-122.336863819978,47.6020313971701,564,308412,309692,3812448,Matched,Block,,ALASKAN WAY BETWEEN YESLER WAY AND COLUMBIA ST, ,,1,Property Damage Only Collision,Sideswipe,2,0,0,2,0,0,2018-12-19 00:00:00+00,12/19/2018 4:07:00 PM,Mid-Block (not related to intersection),11,"MOTOR VEHICLE STRUCK MOTOR VEHICLE, FRONT END AT ANGLE",,False,Raining,Wet,Dusk,,,,12.0,From same direction - both going straight - one stopped - sideswipe,0,0,False,0
-122.352095378442,47.7050735628923,565,308396,309676,3735249,Matched,Block,,N 105TH ST BETWEEN DAYTON AVE N AND EVANSTON W AVE N, ,,2,Injury Collision,Other,1,0,0,1,1,0,2018-12-04 00:00:00+00,12/4/2018 4:38:00 PM,Mid-Block (not related to intersection),28,MOTOR VEHICLE RAN OFF ROAD - HIT FIXED OBJECT,,False,Clear or Partly Cloudy,Dry,Dark - Street Lights On,,,,50.0,Fixed object,0,0,False,0
-122.330799486539,47.6650187393564,566,308395,309675,3707724,Matched,Block,,N 50TH ST BETWEEN KEYSTONE WR PL N AND SUNNYSIDE AVE N, ,,1,Property Damage Only Collision,Sideswipe,2,0,0,2,0,0,2018-12-13 00:00:00+00,12/13/2018 8:00:00 PM,Mid-Block (not related to intersection),14,"MOTOR VEHICLE STRUCK MOTOR VEHICLE, REAR END",,False,Overcast,Wet,Dark - Street Lights On,,,,11.0,From same direction - both going straight - both moving - sideswipe,0,0,False,0
-122.360815907732,47.7087426458138,567,308504,309784,3796002,Matched,Intersection,36258.0,3RD AVE NW AND NW 110TH ST, ,,2,Injury Collision,Angles,2,0,0,2,1,0,2018-12-18 00:00:00+00,12/18/2018 9:37:00 AM,At Intersection (intersection related),11,"MOTOR VEHICLE STRUCK MOTOR VEHICLE, FRONT END AT ANGLE",,False,Overcast,Wet,Daylight,,,,10.0,Entering at angle,0,0,False,0
-122.312363675974,47.7035199564639,568,308394,309674,3707718,Matched,Block,,15TH AVE NE BETWEEN NE 103RD ST AND NE 104TH ST, ,,2,Injury Collision,Other,3,0,0,1,2,0,2018-12-06 00:00:00+00,12/6/2018 8:57:00 PM,Mid-Block (not related to intersection),26,MOTOR VEHICLE STRUCK OBJECT IN ROAD,,False,Clear or Partly Cloudy,Dry,Dark - Street Lights On,,,,50.0,Fixed object,0,0,False,0
-122.308281209632,47.5471720815483,569,308498,309778,E871116,Matched,Block,,SWIFT AVE S BETWEEN 19TH ER AVE S AND S GRAHAM ST, ,,2,Injury Collision,Rear Ended,2,0,0,2,1,0,2018-12-11 00:00:00+00,12/11/2018 9:47:00 AM,Mid-Block (but intersection related),14,"MOTOR VEHICLE STRUCK MOTOR VEHICLE, REAR END",True,False,Raining,Wet,Daylight,,,,14.0,From same direction - both going straight - one stopped - rear-end,0,0,False,0
-122.280824778444,47.533794068811,570,308407,309687,3811066,Matched,Block,,M L KING JR WR WAY S BETWEEN S AUSTIN ST AND S HOLDEN ST, ,,2,Injury Collision,Parked Car,2,0,0,2,1,0,2018-12-17 00:00:00+00,12/17/2018 4:55:00 AM,Mid-Block (not related to intersection),14,"MOTOR VEHICLE STRUCK MOTOR VEHICLE, REAR END",,True,Raining,Wet,Dark - Street Lights On,,,,32.0,One parked--one moving,0,0,False,0
-122.32078948868,47.6146541212864,572,308393,309673,3693212,Matched,Block,,BROADWAY BETWEEN E PIKE ST AND E PINE ST, ,,1,Property Damage Only Collision,Other,2,0,0,2,0,0,2018-12-18 00:00:00+00,12/18/2018 4:02:00 AM,Mid-Block (not related to intersection),14,"MOTOR VEHICLE STRUCK MOTOR VEHICLE, REAR END",,False,Raining,Wet,Dark - Street Lights On,,,,23.0,From same direction - all others,0,0,False,0
-122.338047720953,47.6117056786624,573,308392,309672,3795955,Matched,Block,,4TH AVE BETWEEN PINE ST AND OLIVE WAY, ,,1,Property Damage Only Collision,Parked Car,2,0,0,2,0,0,2018-12-17 00:00:00+00,12/17/2018 3:12:00 PM,Mid-Block (not related to intersection),11,"MOTOR VEHICLE STRUCK MOTOR VEHICLE, FRONT END AT ANGLE",True,False,Raining,Wet,,,,,20.0,One car leaving parked position,0,0,False,0
-122.37076473533,47.5676089182534,575,308390,309670,2896047,Matched,Intersection,32133.0,30TH AVE SW AND SW AVALON WAY, ,,2,Injury Collision,Angles,2,0,0,2,1,0,2018-12-17 00:00:00+00,12/17/2018 12:13:00 PM,At Intersection (but not related to intersection),14,"MOTOR VEHICLE STRUCK MOTOR VEHICLE, REAR END",,False,Clear or Partly Cloudy,Dry,Daylight,,,,10.0,Entering at angle,0,0,False,0
-122.381981559749,47.6484578658654,576,308413,309693,3812480,Matched,Intersection,26472.0,20TH AVE W AND W DRAVUS ST, ,,2,Injury Collision,Rear Ended,2,0,0,2,1,0,2018-12-17 00:00:00+00,12/17/2018 11:19:00 AM,At Intersection (but not related to intersection),14,"MOTOR VEHICLE STRUCK MOTOR VEHICLE, REAR END",,True,Clear or Partly Cloudy,Dry,Daylight,,,,14.0,From same direction - both going straight - one stopped - rear-end,0,0,False,0
-122.356660908956,47.6924261054024,577,308502,309782,3767494,Matched,Intersection,37175.0,PALATINE AVE N AND N 87TH ST, ,,1,Property Damage Only Collision,Other,1,0,0,1,0,0,2018-12-26 00:00:00+00,12/26/2018 5:54:00 PM,At Intersection (intersection related),26,MOTOR VEHICLE STRUCK OBJECT IN ROAD,,False,Raining,Wet,Dark - No Street Lights,,,,50.0,Fixed object,0,0,False,0
-122.310860014496,47.5719252482415,578,308406,309686,3811064,Matched,Block,,S SPOKANE ST BETWEEN 17TH AVE S AND LAFAYETTE AVE S, ,,2,Injury Collision,Sideswipe,3,0,0,2,1,0,2018-12-16 00:00:00+00,12/16/2018 6:41:00 PM,Mid-Block (not related to intersection),14,"MOTOR VEHICLE STRUCK MOTOR VEHICLE, REAR END",,False,Raining,Wet,Dark - No Street Lights,,,,81.0,Same direction -- both turning left -- both moving -- sideswipe,0,0,False,0
-122.319117988348,47.549223330704,579,308389,309669,3815008,Matched,Block,,S NEBRASKA ST BETWEEN CORSON AVE S AND AIRPORT WAY S, ,,1,Property Damage Only Collision,Parked Car,2,0,0,2,0,0,2018-12-14 00:00:00+00,12/14/2018 8:15:00 PM,Mid-Block (not related to intersection),11,"MOTOR VEHICLE STRUCK MOTOR VEHICLE, FRONT END AT ANGLE",True,False,Clear or Partly Cloudy,Dry,Dark - Street Lights On,,,,32.0,One parked--one moving,0,0,False,0
-122.269987868884,47.5228170065789,580,308388,309668,3815006,Matched,Block,,RAINIER AVE S BETWEEN S HENDERSON ST AND S DIRECTOR N ST, ,,1,Property Damage Only Collision,Sideswipe,2,0,0,2,0,0,2018-12-14 00:00:00+00,12/14/2018 4:40:00 PM,Mid-Block (not related to intersection),11,"MOTOR VEHICLE STRUCK MOTOR VEHICLE, FRONT END AT ANGLE",,False,Clear or Partly Cloudy,Dry,Daylight,,,,11.0,From same direction - both going straight - both moving - sideswipe,0,0,False,0
-122.296425863203,47.7279079255248,581,308688,309968,3810009,Matched,Intersection,36019.0,30TH AVE NE AND NE 137TH ST, ,,1,Property Damage Only Collision,Angles,3,0,0,2,0,0,2018-12-21 00:00:00+00,12/21/2018 8:15:00 PM,At Intersection (intersection related),11,"MOTOR VEHICLE STRUCK MOTOR VEHICLE, FRONT END AT ANGLE",True,False,Overcast,Wet,Dark - Street Lights On,,,,10.0,Entering at angle,0,0,False,0
-122.296688931673,47.5662923407114,584,308632,309912,3815103,Matched,Intersection,352637.0,M L KING JR ER WAY S AND S DAKOTA ST, ,,2,Injury Collision,Angles,2,0,0,2,1,0,2018-12-29 00:00:00+00,12/29/2018 11:57:00 PM,At Intersection (intersection related),11,"MOTOR VEHICLE STRUCK MOTOR VEHICLE, FRONT END AT ANGLE",,False,Overcast,Wet,Dark - Street Lights On,,,,10.0,Entering at angle,0,0,False,0
-122.26998705276,47.5291301146044,585,308631,309911,3815102,Matched,Intersection,35416.0,RAINIER AVE S AND S ROSE S ST, ,,1,Property Damage Only Collision,Left Turn,2,0,0,2,0,0,2018-12-28 00:00:00+00,12/28/2018 8:18:00 PM,At Intersection (intersection related),11,"MOTOR VEHICLE STRUCK MOTOR VEHICLE, FRONT END AT ANGLE",,False,Raining,Wet,Dark - Street Lights On,,,,28.0,From opposite direction - one left turn - one straight,0,0,False,0
-122.383199083753,47.6664092679315,586,308691,309971,3810501,Matched,Intersection,25165.0,BALLARD AVE NW AND NW VERNON PL, ,,1,Property Damage Only Collision,Angles,2,0,0,2,0,0,2018-12-22 00:00:00+00,12/22/2018 12:54:00 AM,At Intersection (intersection related),11,"MOTOR VEHICLE STRUCK MOTOR VEHICLE, FRONT END AT ANGLE",,True,Overcast,Wet,Dark - Street Lights On,,,,10.0,Entering at angle,0,0,False,0