longitude,latitude,objectid,inckey,coldetkey,reportno,status,addrtype,intkey,location,exceptrsncode,exceptrsndesc,severitycode,severitydesc,collisiontype,personcount,pedcount,pedcylcount,vehcount,injuries,fatalities,incdate,incdttm,junctiontype,sdot_colcode,sdot_coldesc,inattentionind,underinfl,weather,roadcond,lightcond,pedrownotgrnt,sdotcolnum,speeding,st_colcode,st_coldesc,seglanekey,crosswalkkey,hitparkedcar,seriousinjuries
-122.302233451386,47.5992812926852,587,308630,309910,3814526,Matched,Intersection,30757.0,23RD AVE S AND S JACKSON ST, ,,1,Property Damage Only Collision,Other,1,0,0,1,0,0,2018-12-30 00:00:00+00,12/30/2018 1:22:00 AM,At Intersection (intersection related),28,MOTOR VEHICLE RAN OFF ROAD - HIT FIXED OBJECT,,True,Overcast,Wet,Dark - Street Lights On,,,,50.0,Fixed object,0,0,False,0
-122.373300545908,47.6795395338745,588,308686,309966,3810006,Matched,Block,,NW 70TH ST BETWEEN 13TH W AVE NW AND 14TH E AVE NW, ,,1,Property Damage Only Collision,Parked Car,2,0,0,2,0,0,2018-12-21 00:00:00+00,12/21/2018 3:46:00 PM,Mid-Block (not related to intersection),11,"MOTOR VEHICLE STRUCK MOTOR VEHICLE, FRONT END AT ANGLE",,False,Overcast,Dry,Daylight,,,,32.0,One parked--one moving,0,0,True,0
-122.348142663363,47.6818033039089,589,308679,309959,3809960,Matched,Block,,N 73RD ST BETWEEN FREMONT AVE N AND LINDEN AVE N, ,,2,Injury Collision,Angles,3,0,0,2,1,0,2018-12-21 00:00:00+00,12/21/2018 2:47:00 PM,Mid-Block (but intersection related),11,"MOTOR VEHICLE STRUCK MOTOR VEHICLE, FRONT END AT ANGLE",,False,Clear or Partly Cloudy,Wet,Daylight,,,,10.0,Entering at angle,0,0,False,0
-122.335775246138,47.6092211081664,590,308629,309909,3812527,Matched,Intersection,29590.0,4TH AVE AND UNION ST, ,,1,Property Damage Only Collision,Angles,2,0,0,2,0,0,2018-12-30 00:00:00+00,12/30/2018 8:00:00 PM,At Intersection (intersection related),11,"MOTOR VEHICLE STRUCK MOTOR VEHICLE, FRONT END AT ANGLE",,False,Clear or Partly Cloudy,Dry,Dark - Street Lights On,,,,10.0,Entering at angle,0,0,False,0
-122.348925204061,47.6185762655251,591,308628,309908,3811590,Matched,Intersection,29656.0,4TH AVE AND DENNY WAY, ,,1,Property Damage Only Collision,Angles,2,0,0,2,0,0,2018-12-28 00:00:00+00,12/28/2018 11:31:00 PM,At Intersection (intersection related),11,"MOTOR VEHICLE STRUCK MOTOR VEHICLE, FRONT END AT ANGLE",True,False,Overcast,Wet,Dark - Street Lights On,,,,10.0,Entering at angle,0,0,False,0
-122.353344488608,47.5840826984232,592,308564,309844,E871939,Matched,Block,,SW FLORIDA ST BETWEEN 13TH AVE SW AND 16TH AVE SW, ,,2,Injury Collision,Sideswipe,2,0,0,2,2,0,2018-12-12 00:00:00+00,12/12/2018 11:59:00 AM,Mid-Block (not related to intersection),14,"MOTOR VEHICLE STRUCK MOTOR VEHICLE, REAR END",,False,Clear or Partly Cloudy,Dry,Daylight,,,,26.0,From opposite direction - both going straight - sideswipe,0,0,False,0
-122.382133560001,47.6701801018057,593,308637,309917,E877641,Matched,Intersection,25138.0,20TH AVE NW AND NW 57TH ST, ,,1,Property Damage Only Collision,Angles,5,0,0,3,0,0,2018-12-20 00:00:00+00,12/20/2018 5:44:00 PM,At Intersection (intersection related),11,"MOTOR VEHICLE STRUCK MOTOR VEHICLE, FRONT END AT ANGLE",True,False,Raining,Wet,Dark - Street Lights On,,,,10.0,Entering at angle,0,0,False,0
-122.296358518185,47.7229000507957,594,308689,309969,3810010,Matched,Intersection,36054.0,30TH AVE NE AND NE 130TH ST, ,,2,Injury Collision,Angles,3,0,0,2,1,0,2018-12-22 00:00:00+00,12/22/2018 9:01:00 PM,At Intersection (intersection related),11,"MOTOR VEHICLE STRUCK MOTOR VEHICLE, FRONT END AT ANGLE",,False,Overcast,Wet,Dark - Street Lights On,,,,10.0,Entering at angle,0,0,False,0
-122.26115003494,47.5203167513875,595,308563,309843,E871938,Matched,Block,,RAINIER AVE S BETWEEN 57TH AVE S AND ITHACA PL S, ,,1,Property Damage Only Collision,Sideswipe,2,0,0,2,0,0,2018-12-12 00:00:00+00,12/12/2018 9:27:00 AM,Mid-Block (not related to intersection),14,"MOTOR VEHICLE STRUCK MOTOR VEHICLE, REAR END",,False,Clear or Partly Cloudy,Dry,Daylight,,,,11.0,From same direction - both going straight - both moving - sideswipe,0,0,False,0
-122.332697294712,47.6125660915478,596,308683,309963,E873479,Matched,Block,,8TH AVE BETWEEN PIKE ST AND PINE ST, ,,1,Property Damage Only Collision,Rear Ended,3,0,0,3,0,0,2018-12-13 00:00:00+00,12/13/2018 7:58:00 AM,Mid-Block (not related to intersection),14,"MOTOR VEHICLE STRUCK MOTOR VEHICLE, REAR END",True,False,Raining,Wet,Daylight,,,,14.0,From same direction - both going straight - one stopped - rear-end,0,0,False,0
-122.297727084564,47.5892854045158,597,308562,309842,E871919,Matched,Block,,M L KING JR WAY S BETWEEN MOUNTAINS TO SOUND TRL AND S MASSACHUSETTS ST, ,,1,Property Damage Only Collision,Rear Ended,2,0,0,2,0,0,2018-12-12 00:00:00+00,12/12/2018 3:20:00 PM,Mid-Block (not related to intersection),11,"MOTOR VEHICLE STRUCK MOTOR VEHICLE, FRONT END AT ANGLE",,False,Overcast,Wet,Daylight,,,,13.0,From same direction - both going straight - both moving - rear-end,0,0,False,0
-122.335127518553,47.5743857279821,598,308561,309841,E871918,Matched,Intersection,32157.0,UTAH AVE S AND S HORTON ST, ,,1,Property Damage Only Collision,Parked Car,2,0,0,2,0,0,2018-12-12 00:00:00+00,12/12/2018 9:50:00 AM,At Intersection (intersection related),11,"MOTOR VEHICLE STRUCK MOTOR VEHICLE, FRONT END AT ANGLE",,False,Clear or Partly Cloudy,Wet,Daylight,,,,32.0,One parked--one moving,0,0,False,0
-122.360662794543,47.6205559988616,599,308692,309972,E873481,Matched,Intersection,28656.0,3RD AVE W AND WESTERN AVE W, ,,2,Injury Collision,Right Turn,3,0,0,2,1,0,2018-12-12 00:00:00+00,12/12/2018 7:17:00 AM,At Intersection (intersection related),11,"MOTOR VEHICLE STRUCK MOTOR VEHICLE, FRONT END AT ANGLE",True,False,Overcast,Wet,Daylight,,,,16.0,From same direction - one right turn - one straight,0,0,False,0
-122.297870555649,47.5944357884775,600,308560,309840,E871917,Matched,Block,,M L KING JR WAY S BETWEEN S DEARBORN ST AND S NORMAN ST, ,,1,Property Damage Only Collision,Rear Ended,2,0,0,2,0,0,2018-12-11 00:00:00+00,12/11/2018 1:31:00 PM,Mid-Block (not related to intersection),14,"MOTOR VEHICLE STRUCK MOTOR VEHICLE, REAR END",,False,Raining,Wet,Daylight,,,,14.0,From same direction - both going straight - one stopped - rear-end,0,0,False,0
-122.331954172188,47.6613779591264,601,308687,309967,3810008,Matched,Block,,N 45TH ST BETWEEN BAGLEY AVE N AND CORLISS AVE N, ,,2,Injury Collision,Parked Car,2,0,0,2,1,0,2018-12-21 00:00:00+00,12/21/2018 9:53:00 PM,Mid-Block (not related to intersection),14,"MOTOR VEHICLE STRUCK MOTOR VEHICLE, REAR END",,True,Clear or Partly Cloudy,Dry,Dark - Street Lights On,,,,32.0,One parked--one moving,0,0,False,0
-122.376219191536,47.6657045126369,602,308636,309916,E877640,Matched,Intersection,25438.0,15TH AVE NW AND NW 51ST ST, ,,1,Property Damage Only Collision,Angles,2,0,0,2,0,0,2018-12-20 00:00:00+00,12/20/2018 4:50:00 PM,At Intersection (intersection related),11,"MOTOR VEHICLE STRUCK MOTOR VEHICLE, FRONT END AT ANGLE",,False,Raining,Wet,Dark - Street Lights On,,,,10.0,Entering at angle,0,0,False,0
-122.342425941406,47.6556536520753,603,308681,309961,3810003,Matched,Block,,STONE WAY N BETWEEN N 40TH ST AND N LUCAS PL, ,,1,Property Damage Only Collision,Parked Car,2,0,0,2,0,0,2018-12-20 00:00:00+00,12/20/2018 9:06:00 AM,Mid-Block (not related to intersection),11,"MOTOR VEHICLE STRUCK MOTOR VEHICLE, FRONT END AT ANGLE",,False,Raining,Wet,Daylight,,,,20.0,One car leaving parked position,0,0,False,0
-122.303922997186,47.5859151440313,604,308559,309839,E871916,Matched,Block,,RAINIER AVE S BETWEEN S HOLGATE ST AND S PLUM ST, ,,1,Property Damage Only Collision,Sideswipe,4,0,0,2,0,0,2018-12-07 00:00:00+00,12/7/2018 11:08:00 AM,Mid-Block (not related to intersection),14,"MOTOR VEHICLE STRUCK MOTOR VEHICLE, REAR END",,False,Clear or Partly Cloudy,Dry,Daylight,,,,11.0,From same direction - both going straight - both moving - sideswipe,0,0,False,0
-122.331579249271,47.5987455864331,605,308558,309838,E871581,Matched,Block,,2ND AVE S BETWEEN S JACKSON ST AND S KING ST, ,,1,Property Damage Only Collision,Rear Ended,5,0,0,3,0,0,2018-11-18 00:00:00+00,11/18/2018 10:45:00 AM,Mid-Block (not related to intersection),14,"MOTOR VEHICLE STRUCK MOTOR VEHICLE, REAR END",,False,Clear or Partly Cloudy,Dry,Daylight,,,,13.0,From same direction - both going straight - both moving - rear-end,0,0,False,0
-122.370104640109,47.5414357465096,606,308557,309837,3706846,Matched,Block,,SYLVAN WAY SW BETWEEN HIGH POINT DR SW AND SW SYLVAN HEIGHTS DR, ,,2b,Serious Injury Collision,Head On,3,0,0,2,3,0,2018-12-26 00:00:00+00,12/26/2018 7:50:00 AM,Mid-Block (not related to intersection),11,"MOTOR VEHICLE STRUCK MOTOR VEHICLE, FRONT END AT ANGLE",,False,Raining,Wet,Dawn,,,True,24.0,From opposite direction - both moving - head-on,0,0,False,3
-122.375135647784,47.6795355702456,607,308506,309786,3810002,Matched,Intersection,24177.0,ALONZO AVE NW AND NW 70TH W ST, ,,1,Property Damage Only Collision,Angles,2,0,0,2,0,0,2018-12-18 00:00:00+00,12/18/2018 1:28:00 PM,At Intersection (intersection related),11,"MOTOR VEHICLE STRUCK MOTOR VEHICLE, FRONT END AT ANGLE",,False,Raining,Wet,Daylight,,,,10.0,Entering at angle,0,0,False,0
-122.355452745925,47.7050835411737,608,308685,309965,3810005,Matched,Intersection,36419.0,GREENWOOD AVE N AND HOLMAN RD N, ,,2,Injury Collision,Angles,3,0,0,2,1,0,2018-12-20 00:00:00+00,12/20/2018 9:21:00 PM,At Intersection (intersection related),11,"MOTOR VEHICLE STRUCK MOTOR VEHICLE, FRONT END AT ANGLE",True,False,Clear or Partly Cloudy,Dry,Dark - Street Lights On,,,,10.0,Entering at angle,0,0,False,0
-122.362302347821,47.7232703230074,609,308690,309970,3810051,Matched,Intersection,35625.0,4TH AVE NW AND NW 130TH ST, ,,1,Property Damage Only Collision,Angles,2,0,0,2,0,0,2018-12-22 00:00:00+00,12/22/2018 7:07:00 PM,At Intersection (intersection related),11,"MOTOR VEHICLE STRUCK MOTOR VEHICLE, FRONT END AT ANGLE",,False,Raining,Wet,Dark - No Street Lights,,,,10.0,Entering at angle,0,0,False,0
-122.347318860632,47.6642964478538,610,308635,309915,E877539,Matched,Intersection,25651.0,AURORA AVE N AND N 49TH ST, ,,2,Injury Collision,Sideswipe,6,0,0,3,1,0,2018-12-19 00:00:00+00,12/19/2018 11:09:00 AM,At Intersection (intersection related),11,"MOTOR VEHICLE STRUCK MOTOR VEHICLE, FRONT END AT ANGLE",True,False,Clear or Partly Cloudy,Wet,Daylight,,,,11.0,From same direction - both going straight - both moving - sideswipe,0,0,False,0
-122.376761116968,47.6768204718322,611,308505,309785,E871535,Matched,Block,,15TH AVE NW BETWEEN NW 65TH ST AND NW 67TH ST, ,,2,Injury Collision,Sideswipe,2,0,0,2,1,0,2018-12-05 00:00:00+00,12/5/2018 7:18:00 AM,Mid-Block (not related to intersection),11,"MOTOR VEHICLE STRUCK MOTOR VEHICLE, FRONT END AT ANGLE",True,False,Clear or Partly Cloudy,Dry,Dawn,,,,11.0,From same direction - both going straight - both moving - sideswipe,0,0,False,0
-122.313034237548,47.6674901635496,612,308680,309960,3809961,Matched,Block,,UNIVERSITY WAY NE BETWEEN NE 52ND ST AND NE 55TH ST, ,,1,Property Damage Only Collision,Parked Car,2,0,0,2,0,0,2018-12-20 00:00:00+00,12/20/2018 3:00:00 PM,Mid-Block (not related to intersection),11,"MOTOR VEHICLE STRUCK MOTOR VEHICLE, FRONT END AT ANGLE",,False,Clear or Partly Cloudy,Dry,Daylight,,,,32.0,One parked--one moving,0,0,True,0
-122.349651858866,47.6459162597521,613,308722,310002,E874087,Matched,Block,,DEXTER AVE N BETWEEN 4TH S AVE N AND WESTLAKE AVE N, ,,2,Injury Collision,Rear Ended,4,0,2,2,1,0,2018-12-10 00:00:00+00,12/10/2018 5:24:00 PM,Mid-Block (but intersection related),14,"MOTOR VEHICLE STRUCK MOTOR VEHICLE, REAR END",True,False,Overcast,Dry,Dark - Street Lights On,,,,14.0,From same direction - both going straight - one stopped - rear-end,0,0,False,0
-122.383314942012,47.6433841961522,614,308710,309990,E873615,Matched,Block,,21ST AVE W BETWEEN ELLIOTT BAY TRL AND THORNDYKE AVE W, ,,1,Property Damage Only Collision,Parked Car,2,0,0,2,0,0,2018-12-07 00:00:00+00,12/7/2018 11:30:00 AM,Mid-Block (not related to intersection),15,"MOTOR VEHICLE STRUCK MOTOR VEHICLE, RIGHT SIDE SIDESWIPE",,False,Unknown,Unknown,Daylight,,,,32.0,One parked--one moving,0,0,True,0
-122.343260778135,47.6114518575507,615,308717,309997,E873846,Matched,Block,,1ST AVE BETWEEN VIRGINIA ST AND LENORA ST, ,,1,Property Damage Only Collision,Parked Car,2,0,0,2,0,0,2018-12-10 00:00:00+00,12/10/2018 12:50:00 PM,Mid-Block (not related to intersection),16,"MOTOR VEHICLE STRUCK MOTOR VEHICLE, LEFT SIDE SIDESWIPE",,False,Clear or Partly Cloudy,Dry,Daylight,,,,32.0,One parked--one moving,0,0,True,0
-122.340925560807,47.6176940588265,616,308709,309989,E873614,Matched,Block,,BELL ST BETWEEN 7TH AVE AND 8TH AVE, ,,1,Property Damage Only Collision,Parked Car,3,0,0,3,0,0,2018-12-11 00:00:00+00,12/11/2018 12:55:00 PM,Mid-Block (not related to intersection),14,"MOTOR VEHICLE STRUCK MOTOR VEHICLE, REAR END",,False,Raining,Wet,Daylight,,,,32.0,One parked--one moving,0,0,True,0
-122.287545872847,47.5617588516455,617,308708,309988,3815065,Matched,Block,,RAINIER AVE S BETWEEN S OREGON ST AND S ALASKA ST, ,,1,Property Damage Only Collision,Parked Car,4,0,0,3,0,0,2018-12-21 00:00:00+00,12/21/2018 5:39:00 PM,Mid-Block (not related to intersection),14,"MOTOR VEHICLE STRUCK MOTOR VEHICLE, REAR END",,False,Clear or Partly Cloudy,Dry,Dark - Street Lights On,,,,32.0,One parked--one moving,0,0,False,0
-122.374899462775,47.6686661444777,618,308725,310005,E874119,Matched,Block,,NW MARKET ST BETWEEN 14TH AVE NW AND 15TH AVE NW, ,,1,Property Damage Only Collision,Rear Ended,3,0,0,2,0,0,2018-12-19 00:00:00+00,12/19/2018 12:10:00 PM,Mid-Block (not related to intersection),14,"MOTOR VEHICLE STRUCK MOTOR VEHICLE, REAR END",True,False,Overcast,Wet,Daylight,,,,14.0,From same direction - both going straight - one stopped - rear-end,0,0,False,0
-122.280797506095,47.5362397522419,619,308706,309986,3815061,Matched,Block,,M L KING JR ER WAY S BETWEEN S OTHELLO ST AND RENTON S AVE S, ,,1,Property Damage Only Collision,Right Turn,3,0,0,2,0,0,2018-12-20 00:00:00+00,12/20/2018 7:14:00 PM,Mid-Block (but intersection related),14,"MOTOR VEHICLE STRUCK MOTOR VEHICLE, REAR END",True,False,Clear or Partly Cloudy,Dry,Dark - Street Lights On,,,,16.0,From same direction - one right turn - one straight,0,0,False,0
-122.311431355628,47.5794681659072,620,308720,310000,E873869,Matched,Block,,ROBERTO MAESTAS FESTIVAL ST BETWEEN 16TH AVE S AND 17TH AVE S, ,,1,Property Damage Only Collision,Parked Car,2,0,0,2,0,0,2018-12-05 00:00:00+00,12/5/2018 6:00:00 PM,Mid-Block (not related to intersection),14,"MOTOR VEHICLE STRUCK MOTOR VEHICLE, REAR END",,False,Clear or Partly Cloudy,Dry,Dark - Street Lights On,,,,32.0,One parked--one moving,0,0,False,0
-122.328613064831,47.7077192361381,621,308715,309995,E873766,Matched,Block,,1ST AVE NE BETWEEN I5 NB 1ST AV NE OFF RP AND NE NORTHGATE WAY, ,,1,Property Damage Only Collision,Other,1,0,0,1,0,0,2018-12-16 00:00:00+00,12/16/2018 11:10:00 AM,Mid-Block (not related to intersection),28,MOTOR VEHICLE RAN OFF ROAD - HIT FIXED OBJECT,,False,Raining,Wet,Daylight,,,True,50.0,Fixed object,0,0,False,0
-122.314152317915,47.6080479782673,623,308704,309984,3814359,Matched,Intersection,29804.0,14TH AVE AND E CHERRY ST, ,,2,Injury Collision,Pedestrian,4,1,0,1,1,0,2018-12-20 00:00:00+00,12/20/2018 6:30:00 PM,At Intersection (intersection related),24,MOTOR VEHCILE STRUCK PEDESTRIAN,,False,Overcast,Dry,Dark - Street Lights On,True,,,2.0,Vehicle turning left hits pedestrian,0,521207,False,0
-122.328470752597,47.6079445252975,624,308703,309983,3814297,Matched,Intersection,29936.0,8TH AVE AND MADISON ST, ,,2,Injury Collision,Other,1,0,0,1,1,0,2018-12-22 00:00:00+00,12/22/2018 11:57:00 PM,At Intersection (intersection related),28,MOTOR VEHICLE RAN OFF ROAD - HIT FIXED OBJECT,,True,Raining,Wet,Dark - Street Lights On,,,,50.0,Fixed object,0,0,False,0
-122.34181303714,47.6880175342233,625,308728,310008,E874299,Matched,Block,,STONE AVE N BETWEEN GREEN LAKE DR N AND N 82ND S ST, ,,1,Property Damage Only Collision,Parked Car,2,0,0,2,0,0,2018-12-06 00:00:00+00,12/6/2018 2:00:00 PM,Mid-Block (not related to intersection),0,NOT ENOUGH INFORMATION / NOT APPLICABLE,,True,Clear or Partly Cloudy,Dry,Daylight,,,,32.0,One parked--one moving,0,0,True,0
-122.300014627724,47.6333384982749,626,308714,309994,E873681,Matched,Block,,26TH AVE E BETWEEN E GARFIELD ST AND BOYER AVE E, ,,1,Property Damage Only Collision,Sideswipe,2,0,0,2,0,0,2018-12-18 00:00:00+00,12/18/2018 1:31:00 PM,Mid-Block (not related to intersection),11,"MOTOR VEHICLE STRUCK MOTOR VEHICLE, FRONT END AT ANGLE",True,False,Raining,Wet,Daylight,,,,26.0,From opposite direction - both going straight - sideswipe,0,0,False,0
-122.360642559775,47.6227050478226,627,308723,310003,E874117,Matched,Block,,3RD AVE W BETWEEN W HARRISON ST AND W REPUBLICAN ST, ,,1,Property Damage Only Collision,Parked Car,3,0,0,3,0,0,2018-12-18 00:00:00+00,12/18/2018 11:05:00 AM,Mid-Block (not related to intersection),11,"MOTOR VEHICLE STRUCK MOTOR VEHICLE, FRONT END AT ANGLE",True,False,Clear or Partly Cloudy,Dry,Daylight,,,,20.0,One car leaving parked position,0,0,False,0
-122.311754581725,47.5836893211054,628,308702,309982,3814296,Matched,Block,,S WALKER ST BETWEEN 16TH AVE S AND DEAD END 1, ,,1,Property Damage Only Collision,Parked Car,2,0,0,2,0,0,2018-12-22 00:00:00+00,12/22/2018 11:09:00 PM,Mid-Block (not related to intersection),14,"MOTOR VEHICLE STRUCK MOTOR VEHICLE, REAR END",,False,Overcast,Wet,Dark - Street Lights On,,,,32.0,One parked--one moving,0,0,True,0
-122.269984282626,47.5270445698514,629,308718,309998,E873847,Matched,Block,,RAINIER AVE S BETWEEN S THISTLE ST AND S CLOVERDALE ST, ,,1,Property Damage Only Collision,Sideswipe,2,0,0,2,0,0,2018-12-14 00:00:00+00,12/14/2018 8:03:00 AM,Mid-Block (not related to intersection),11,"MOTOR VEHICLE STRUCK MOTOR VEHICLE, FRONT END AT ANGLE",,False,Overcast,Dry,Daylight,,,,26.0,From opposite direction - both going straight - sideswipe,0,0,False,0
-122.321522660913,47.6187364505636,630,308701,309981,3814295,Matched,Block,,E DENNY WAY BETWEEN HARVARD AVE AND BROADWAY, ,,1,Property Damage Only Collision,Angles,2,0,0,2,0,0,2018-12-22 00:00:00+00,12/22/2018 8:35:00 PM,Driveway Junction,14,"MOTOR VEHICLE STRUCK MOTOR VEHICLE, REAR END",,False,Raining,Wet,Dark - Street Lights On,,,,10.0,Entering at angle,0,0,False,0
-122.391864915038,47.6333244712906,631,308699,309979,3812486,Matched,Block,,THORNDYKE AVE W BETWEEN W GALER ST AND W HAYES ST, ,,1,Property Damage Only Collision,Parked Car,2,0,0,2,0,0,2018-12-20 00:00:00+00,12/20/2018 6:45:00 PM,Mid-Block (not related to intersection),16,"MOTOR VEHICLE STRUCK MOTOR VEHICLE, LEFT SIDE SIDESWIPE",True,False,Unknown,Unknown,Unknown,,,,32.0,One parked--one moving,0,0,True,0
-122.323348789197,47.711112408828,632,308726,310006,E874120,Matched,Block,,5TH AVE NE BETWEEN NE 112TH N ST AND NE 115TH ST, ,,1,Property Damage Only Collision,Sideswipe,3,0,0,2,0,0,2018-12-19 00:00:00+00,12/19/2018 2:58:00 PM,Mid-Block (not related to intersection),11,"MOTOR VEHICLE STRUCK MOTOR VEHICLE, FRONT END AT ANGLE",,False,Overcast,Dry,Daylight,,,,11.0,From same direction - both going straight - both moving - sideswipe,0,0,False,0
-122.335525603708,47.6174329010814,633,308698,309978,3812450,Matched,Block,,TERRY AVE BETWEEN VIRGINIA ST AND LENORA ST, ,,1,Property Damage Only Collision,Parked Car,3,0,0,2,0,0,2018-12-20 00:00:00+00,12/20/2018 4:21:00 PM,Mid-Block (not related to intersection),11,"MOTOR VEHICLE STRUCK MOTOR VEHICLE, FRONT END AT ANGLE",True,False,Overcast,Wet,Dusk,,,,32.0,One parked--one moving,0,0,True,0
-122.344520038081,47.6901979233571,634,308721,310001,E874082,Matched,Block,,AURORA AVE N BETWEEN N 84TH ST AND N 85TH ST, ,,1,Property Damage Only Collision,Sideswipe,2,0,0,2,0,0,2018-12-17 00:00:00+00,12/17/2018 1:37:00 PM,Mid-Block (but intersection related),15,"MOTOR VEHICLE STRUCK MOTOR VEHICLE, RIGHT SIDE SIDESWIPE",,False,Clear or Partly Cloudy,Dry,Daylight,,,,12.0,From same direction - both going straight - one stopped - sideswipe,0,0,False,0
-122.334203343236,47.5749819439493,635,308713,309993,E873619,Matched,Block,,1ST AVE S BETWEEN S HANFORD ST AND S HORTON ST, ,,1,Property Damage Only Collision,Sideswipe,2,0,0,2,0,0,2018-12-14 00:00:00+00,12/14/2018 3:13:00 PM,Mid-Block (not related to intersection),11,"MOTOR VEHICLE STRUCK MOTOR VEHICLE, FRONT END AT ANGLE",,False,Clear or Partly Cloudy,Dry,Daylight,,,,11.0,From same direction - both going straight - both moving - sideswipe,0,0,False,0
-122.344516295336,47.6894730138948,636,308716,309996,E873767,Matched,Block,,AURORA AVE N BETWEEN GREEN LAKE DR N AND N 84TH ST, ,,1,Property Damage Only Collision,Rear Ended,2,0,0,2,0,0,2018-12-13 00:00:00+00,12/13/2018 7:49:00 AM,Mid-Block (but intersection related),14,"MOTOR VEHICLE STRUCK MOTOR VEHICLE, REAR END",True,False,Raining,Wet,Daylight,,,,14.0,From same direction - both going straight - one stopped - rear-end,0,0,False,0
-122.334205838808,47.5698902847499,637,308697,309977,3811139,Matched,Block,,1ST AVE S BETWEEN S SPOKANE SR ST AND S ANDOVER ST, ,,1,Property Damage Only Collision,Pedestrian,2,1,0,1,0,0,2018-12-22 00:00:00+00,12/22/2018 7:37:00 AM,Mid-Block (not related to intersection),24,MOTOR VEHCILE STRUCK PEDESTRIAN,,False,Overcast,Dry,Dawn,,,,4.0,Vehicle hits Pedestrian - All Other Actions,0,0,False,0
-122.339440548073,47.5599369125643,638,308696,309976,3811138,Matched,Block,,EAST MARGINAL WAY S BETWEEN S ALASKA ST AND XW ALASKA, ,,1,Property Damage Only Collision,Rear Ended,2,0,0,2,0,0,2018-12-20 00:00:00+00,12/20/2018 4:39:00 PM,Mid-Block (not related to intersection),14,"MOTOR VEHICLE STRUCK MOTOR VEHICLE, REAR END",True,False,Raining,Wet,Dark - Street Lights On,,,,13.0,From same direction - both going straight - both moving - rear-end,0,0,False,0
-122.269986039452,47.5233072678934,639,308695,309975,3811137,Matched,Intersection,35443.0,RAINIER AVE S AND S HENDERSON ST, ,,2,Injury Collision,Angles,2,0,0,2,1,0,2018-12-20 00:00:00+00,12/20/2018 12:18:00 PM,At Intersection (intersection related),11,"MOTOR VEHICLE STRUCK MOTOR VEHICLE, FRONT END AT ANGLE",,False,Raining,Wet,Daylight,,,,10.0,Entering at angle,0,0,False,0
-122.33407072032,47.7131965773581,640,308694,309974,E873482,Matched,Block,,MERIDIAN AVE N BETWEEN N 115TH ST AND N 117TH ST, ,,2,Injury Collision,Parked Car,3,0,0,2,1,0,2018-12-14 00:00:00+00,12/14/2018 11:07:00 AM,Mid-Block (not related to intersection),11,"MOTOR VEHICLE STRUCK MOTOR VEHICLE, FRONT END AT ANGLE",True,False,Clear or Partly Cloudy,Dry,Daylight,,,,20.0,One car leaving parked position,0,0,False,0
-122.298611230461,47.5463264125722,641,308719,309999,E873848,Matched,Block,,S GRAHAM ST BETWEEN BEACON ER AVE S AND 28TH AVE S, ,,1,Property Damage Only Collision,Sideswipe,2,0,0,2,0,0,2018-12-14 00:00:00+00,12/14/2018 1:20:00 PM,Mid-Block (not related to intersection),11,"MOTOR VEHICLE STRUCK MOTOR VEHICLE, FRONT END AT ANGLE",,False,Overcast,Dry,Daylight,,,,11.0,From same direction - both going straight - both moving - sideswipe,0,0,False,0
-122.353439627313,47.7050775726082,642,308724,310004,E874118,Matched,Block,,N 105TH ST BETWEEN PHINNEY AVE N AND DAYTON AVE N, ,,1,Property Damage Only Collision,Sideswipe,2,0,0,2,0,0,2018-12-19 00:00:00+00,12/19/2018 10:53:00 AM,Mid-Block (not related to intersection),11,"MOTOR VEHICLE STRUCK MOTOR VEHICLE, FRONT END AT ANGLE",True,False,Overcast,Wet,Daylight,,,,11.0,From same direction - both going straight - both moving - sideswipe,0,0,False,0
-122.340993782959,47.6309903732842,643,308712,309992,E873617,Matched,Block,,WESTLAKE AVE N BETWEEN HIGHLAND DR AND GALER S ST, ,,1,Property Damage Only Collision,Sideswipe,3,0,0,2,0,0,2018-12-12 00:00:00+00,12/12/2018 1:48:00 PM,Mid-Block (not related to intersection),11,"MOTOR VEHICLE STRUCK MOTOR VEHICLE, FRONT END AT ANGLE",,False,Clear or Partly Cloudy,Dry,Daylight,,,,11.0,From same direction - both going straight - both moving - sideswipe,0,0,False,0
-122.346792978789,47.6620689608392,644,308693,309973,3810502,Matched,Block,,N 46TH ST BETWEEN PHINNEY TURN RD AND GREEN LAKE WAY N, ,,1,Property Damage Only Collision,Other,6,0,0,4,0,0,2018-12-22 00:00:00+00,12/22/2018 8:17:00 PM,Mid-Block (not related to intersection),14,"MOTOR VEHICLE STRUCK MOTOR VEHICLE, REAR END",,False,Raining,Wet,Dark - Street Lights On,,,True,23.0,From same direction - all others,0,0,False,0
-122.321286739905,47.6109489332383,645,308711,309991,E873616,Matched,Block,,MADISON ST BETWEEN BOYLSTON AVE AND BROADWAY, ,,1,Property Damage Only Collision,Sideswipe,2,0,0,2,0,0,2018-12-13 00:00:00+00,12/13/2018 9:30:00 PM,Mid-Block (not related to intersection),11,"MOTOR VEHICLE STRUCK MOTOR VEHICLE, FRONT END AT ANGLE",,False,Raining,Wet,Daylight,,,,11.0,From same direction - both going straight - both moving - sideswipe,0,0,False,0