longitude,latitude,objectid,inckey,coldetkey,reportno,status,addrtype,intkey,location,exceptrsncode,exceptrsndesc,severitycode,severitydesc,collisiontype,personcount,pedcount,pedcylcount,vehcount,injuries,fatalities,incdate,incdttm,junctiontype,sdot_colcode,sdot_coldesc,inattentionind,underinfl,weather,roadcond,lightcond,pedrownotgrnt,sdotcolnum,speeding,st_colcode,st_coldesc,seglanekey,crosswalkkey,hitparkedcar,seriousinjuries
-122.336315546416,47.6512388497835,646,308727,310007,E874121,Matched,Block,,WALLINGFORD AVE N BETWEEN N 36TH ST AND N 37TH ST, ,,1,Property Damage Only Collision,Parked Car,3,0,0,2,0,0,2018-12-04 00:00:00+00,12/4/2018 5:33:00 PM,Mid-Block (not related to intersection),16,"MOTOR VEHICLE STRUCK MOTOR VEHICLE, LEFT SIDE SIDESWIPE",True,False,Clear or Partly Cloudy,Dry,Dark - Street Lights On,,,,32.0,One parked--one moving,0,0,True,0
-122.319753993727,47.5520818789892,647,308765,310045,3815033,Matched,Intersection,33108.0,AIRPORT WAY S AND CORSON AVE S, ,,1,Property Damage Only Collision,Left Turn,2,0,0,2,0,0,2018-12-31 00:00:00+00,12/31/2018 5:54:00 PM,At Intersection (intersection related),11,"MOTOR VEHICLE STRUCK MOTOR VEHICLE, FRONT END AT ANGLE",,False,Clear or Partly Cloudy,Dry,Daylight,,,,28.0,From opposite direction - one left turn - one straight,0,0,False,0
-122.376188265734,47.565038524274,648,308753,310033,3745703,Matched,Intersection,31898.0,FAUNTLEROY WAY SW AND WEST SEATTLE BR EB, ,,1,Property Damage Only Collision,Left Turn,2,0,0,2,0,0,2018-12-31 00:00:00+00,12/31/2018 7:46:00 PM,At Intersection (intersection related),11,"MOTOR VEHICLE STRUCK MOTOR VEHICLE, FRONT END AT ANGLE",,False,Clear or Partly Cloudy,Dry,Dark - Street Lights On,,,,28.0,From opposite direction - one left turn - one straight,0,0,False,0
-122.354707971976,47.662141693424,649,308764,310044,3814303,Matched,Block,,N 46TH ST BETWEEN GREENWOOD S AVE N AND PHINNEY AVE N, ,,1,Property Damage Only Collision,Sideswipe,4,0,0,2,0,0,2018-12-31 00:00:00+00,12/31/2018 7:30:00 PM,Mid-Block (not related to intersection),11,"MOTOR VEHICLE STRUCK MOTOR VEHICLE, FRONT END AT ANGLE",True,False,Clear or Partly Cloudy,Dry,Dark - Street Lights On,,,,12.0,From same direction - both going straight - one stopped - sideswipe,0,0,False,0
-122.376218029378,47.6664334716106,650,308752,310032,3694712,Matched,Intersection,25437.0,15TH AVE NW AND NW 52ND ST, ,,2,Injury Collision,Other,2,0,0,1,2,0,2018-12-31 00:00:00+00,12/31/2018 6:13:00 PM,At Intersection (intersection related),11,"MOTOR VEHICLE STRUCK MOTOR VEHICLE, FRONT END AT ANGLE",,False,Clear or Partly Cloudy,Dry,Dark - Street Lights On,,,,50.0,Fixed object,0,0,False,0
-122.341043716853,47.6245469757031,652,308763,310043,3811827,Matched,Intersection,28766.0,8TH AVE N AND MERCER SR ST, ,,2,Injury Collision,Pedestrian,2,1,0,1,1,0,2018-12-31 00:00:00+00,12/31/2018 9:44:00 PM,At Intersection (intersection related),24,MOTOR VEHCILE STRUCK PEDESTRIAN,,False,Clear or Partly Cloudy,Dry,Dark - Street Lights On,True,,,0.0,Vehicle going straight hits pedestrian,0,0,False,0
-122.325974780145,47.586174714271,653,308767,310047,E874546,Matched,Intersection,31349.0,6TH AVE S AND S HOLGATE ST, ,,2,Injury Collision,Angles,3,0,0,2,1,0,2018-11-25 00:00:00+00,11/25/2018 2:10:00 PM,At Intersection (intersection related),11,"MOTOR VEHICLE STRUCK MOTOR VEHICLE, FRONT END AT ANGLE",,False,Overcast,Wet,Daylight,,,,10.0,Entering at angle,0,0,False,0
-122.356709220833,47.6245829734798,655,308762,310042,3811807,Matched,Intersection,28632.0,MERCER ST AND QUEEN ANNE AVE N, ,,1,Property Damage Only Collision,Left Turn,3,0,0,2,0,0,2018-12-28 00:00:00+00,12/28/2018 10:13:00 PM,At Intersection (intersection related),11,"MOTOR VEHICLE STRUCK MOTOR VEHICLE, FRONT END AT ANGLE",,False,Overcast,Wet,Dark - Street Lights On,,,,28.0,From opposite direction - one left turn - one straight,0,0,False,0
-122.31319753256,47.5342672535645,657,308747,310027,E873603,Matched,Intersection,34391.0,16TH AVE S AND EAST MARGINAL WAY S, ,,1,Property Damage Only Collision,Rear Ended,3,0,0,2,0,0,2018-12-07 00:00:00+00,12/7/2018 11:28:00 AM,At Intersection (intersection related),14,"MOTOR VEHICLE STRUCK MOTOR VEHICLE, REAR END",True,False,Clear or Partly Cloudy,Dry,Daylight,,,,14.0,From same direction - both going straight - one stopped - rear-end,0,0,False,0
-122.30088691635,47.6632661768253,658,308770,310050,E874567,Matched,Intersection,25960.0,25TH AVE NE AND NE 47TH ST, ,,1,Property Damage Only Collision,Left Turn,2,0,0,2,0,0,2018-12-17 00:00:00+00,12/17/2018 4:48:00 PM,At Intersection (intersection related),11,"MOTOR VEHICLE STRUCK MOTOR VEHICLE, FRONT END AT ANGLE",True,False,Raining,Wet,Dark - Street Lights On,,,,28.0,From opposite direction - one left turn - one straight,0,0,False,0
-122.382171050564,47.6850148866701,659,308746,310026,E873602,Matched,Intersection,23888.0,20TH AVE NW AND NW 77TH ST, ,,1,Property Damage Only Collision,Angles,2,0,0,2,0,0,2018-12-12 00:00:00+00,12/12/2018 12:35:00 PM,At Intersection (intersection related),11,"MOTOR VEHICLE STRUCK MOTOR VEHICLE, FRONT END AT ANGLE",True,False,Clear or Partly Cloudy,Wet,Daylight,,,,10.0,Entering at angle,0,0,False,0
-122.281200671046,47.5370471427359,660,308761,310041,3811142,Matched,Block,,S OTHELLO ST BETWEEN M L KING JR WR WAY S AND M L KING JR ER WAY S, ,,1,Property Damage Only Collision,Other,1,0,0,1,0,0,2018-12-31 00:00:00+00,12/31/2018 5:58:00 PM,Mid-Block (not related to intersection),26,MOTOR VEHICLE STRUCK OBJECT IN ROAD,,True,Clear or Partly Cloudy,Dry,Dark - Street Lights On,,,,50.0,Fixed object,0,0,False,0
-122.314137255457,47.5992100867719,661,308773,310053,E874938,Matched,Intersection,30428.0,BOREN AVE S AND RAINIER AVE S, ,,2,Injury Collision,Sideswipe,2,0,0,2,1,0,2018-12-13 00:00:00+00,12/13/2018 9:15:00 AM,At Intersection (intersection related),11,"MOTOR VEHICLE STRUCK MOTOR VEHICLE, FRONT END AT ANGLE",True,False,Raining,Wet,Daylight,,,,81.0,Same direction -- both turning left -- both moving -- sideswipe,0,0,False,0
-122.295233054475,47.719278750446,662,308760,310040,3810420,Matched,Intersection,36601.0,LAKE CITY WAY NE AND NE 125TH ST, ,,2,Injury Collision,Angles,4,0,0,2,4,0,2018-12-31 00:00:00+00,12/31/2018 9:51:00 PM,At Intersection (intersection related),11,"MOTOR VEHICLE STRUCK MOTOR VEHICLE, FRONT END AT ANGLE",,False,Clear or Partly Cloudy,Dry,Dark - Street Lights Off,,,,10.0,Entering at angle,0,0,False,0
-122.323314130171,47.6056602921362,663,308745,310025,E873583,Matched,Block,,TERRY AVE BETWEEN JEFFERSON ST AND JAMES ST, ,,2,Injury Collision,Sideswipe,5,0,0,2,1,0,2018-11-26 00:00:00+00,11/26/2018 11:34:00 AM,Mid-Block (not related to intersection),11,"MOTOR VEHICLE STRUCK MOTOR VEHICLE, FRONT END AT ANGLE",,False,Raining,Wet,Daylight,,,,12.0,From same direction - both going straight - one stopped - sideswipe,0,0,False,0
-122.29773991181,47.7229104255973,664,308759,310039,3810419,Matched,Intersection,36056.0,28TH AVE NE AND NE 130TH ST, ,,1,Property Damage Only Collision,Parked Car,2,0,0,2,0,0,2018-12-31 00:00:00+00,12/31/2018 5:21:00 AM,At Intersection (intersection related),11,"MOTOR VEHICLE STRUCK MOTOR VEHICLE, FRONT END AT ANGLE",,False,Overcast,Wet,Dark - Street Lights On,,,,32.0,One parked--one moving,0,0,True,0
-122.349911933038,47.6905789831751,667,308758,310038,3810418,Matched,Intersection,37464.0,FREMONT AVE N AND N 85TH ST, ,,2,Injury Collision,Left Turn,2,0,0,2,1,0,2018-12-30 00:00:00+00,12/30/2018 9:29:00 PM,At Intersection (intersection related),11,"MOTOR VEHICLE STRUCK MOTOR VEHICLE, FRONT END AT ANGLE",,False,Clear or Partly Cloudy,Dry,Dark - Street Lights On,,,,28.0,From opposite direction - one left turn - one straight,0,0,False,0
-122.306853569936,47.6903034757289,668,308768,310048,E874563,Matched,Intersection,37777.0,20TH AVE NE AND NE 85TH ST, ,,1,Property Damage Only Collision,Angles,3,0,0,2,0,0,2018-12-18 00:00:00+00,12/18/2018 12:26:00 PM,At Intersection (intersection related),11,"MOTOR VEHICLE STRUCK MOTOR VEHICLE, FRONT END AT ANGLE",,False,Overcast,Wet,Daylight,,,,10.0,Entering at angle,0,0,False,0
-122.312748594166,47.7339517254325,670,308757,310037,3809966,Matched,Intersection,35851.0,15TH AVE NE AND NE 145TH ST, ,,1,Property Damage Only Collision,Other,1,0,0,1,0,0,2018-12-30 00:00:00+00,12/30/2018 10:40:00 PM,At Intersection (intersection related),28,MOTOR VEHICLE RAN OFF ROAD - HIT FIXED OBJECT,,True,Clear or Partly Cloudy,Dry,Dark - Street Lights On,,,,50.0,Fixed object,0,0,False,0
-122.339173571234,47.6137270692875,671,308772,310052,E874936,Matched,Intersection,29549.0,5TH AVE AND VIRGINIA ST, ,,1,Property Damage Only Collision,Left Turn,2,0,0,2,0,0,2018-12-11 00:00:00+00,12/11/2018 10:00:00 AM,At Intersection (intersection related),11,"MOTOR VEHICLE STRUCK MOTOR VEHICLE, FRONT END AT ANGLE",True,False,Raining,Wet,Daylight,,,,15.0,From same direction - one left turn - one straight,0,0,False,0
-122.341007435849,47.6297116571697,672,308756,310036,3796004,Matched,Intersection,28725.0,HIGHLAND DR AND WESTLAKE AVE N, ,,1,Property Damage Only Collision,Left Turn,2,0,0,2,0,0,2018-12-21 00:00:00+00,12/21/2018 9:28:00 AM,At Intersection (intersection related),11,"MOTOR VEHICLE STRUCK MOTOR VEHICLE, FRONT END AT ANGLE",,False,Overcast,Dry,Daylight,,,,28.0,From opposite direction - one left turn - one straight,0,0,False,0
-122.270274016511,47.536957877599,676,308766,310046,3815107,Matched,Intersection,34470.0,RAINIER AVE S AND S OTHELLO ST, ,,2,Injury Collision,Angles,3,0,0,2,1,0,2018-12-31 00:00:00+00,12/31/2018 11:19:00 PM,At Intersection (intersection related),11,"MOTOR VEHICLE STRUCK MOTOR VEHICLE, FRONT END AT ANGLE",,False,Clear or Partly Cloudy,Dry,Dark - Street Lights On,,,,10.0,Entering at angle,0,0,False,0
-122.33918659665,47.6255938276973,677,308737,310017,E873480,Matched,Block,,ROY ST BETWEEN 9TH AVE N AND VALLEY ST, ,,2,Injury Collision,Other,2,0,0,2,1,0,2018-12-17 00:00:00+00,12/17/2018 10:25:00 AM,Mid-Block (not related to intersection),11,"MOTOR VEHICLE STRUCK MOTOR VEHICLE, FRONT END AT ANGLE",,False,Overcast,Wet,Daylight,,,,23.0,From same direction - all others,0,0,False,0
-122.33310387059,47.607979458203,678,308755,310035,3795967,Matched,Intersection,29929.0,5TH AVE AND SENECA ST, ,,2,Injury Collision,Angles,2,0,0,2,1,0,2018-12-30 00:00:00+00,12/30/2018 1:54:00 AM,At Intersection (intersection related),11,"MOTOR VEHICLE STRUCK MOTOR VEHICLE, FRONT END AT ANGLE",,False,Raining,Wet,Dark - Street Lights On,,,,10.0,Entering at angle,0,0,False,0
-122.356641951808,47.6906027364527,679,308754,310034,3767141,Matched,Intersection,37186.0,PALATINE AVE N AND N 85TH ST, ,,3,Fatality Collision,Pedestrian,2,1,0,1,0,1,2018-12-31 00:00:00+00,12/31/2018 5:54:00 PM,At Intersection (intersection related),24,MOTOR VEHCILE STRUCK PEDESTRIAN,,False,Clear or Partly Cloudy,Dry,Dark - Street Lights Off,,,,2.0,Vehicle turning left hits pedestrian,0,522333,False,0
-122.337544334359,47.6480514839085,680,308771,310051,E874569,Matched,Intersection,26907.0,DENSMORE AVE N AND N 34TH ST, ,,2,Injury Collision,Pedestrian,2,1,0,1,1,0,2018-12-16 00:00:00+00,12/16/2018 6:02:00 PM,At Intersection (intersection related),24,MOTOR VEHCILE STRUCK PEDESTRIAN,True,False,Raining,Wet,Dark - Street Lights On,,,,2.0,Vehicle turning left hits pedestrian,0,0,False,0
-122.340240656759,47.6120126820097,738,308840,310120,3578650,Matched,Block,,3RD AVE BETWEEN STEWART ST AND VIRGINIA ST, ,,2,Injury Collision,Parked Car,3,0,0,2,2,0,2018-12-31 00:00:00+00,12/31/2018 12:02:00 PM,Mid-Block (not related to intersection),16,"MOTOR VEHICLE STRUCK MOTOR VEHICLE, LEFT SIDE SIDESWIPE",True,False,Overcast,Dry,Daylight,,,,32.0,One parked--one moving,0,0,False,0
-122.331667889663,47.6080856459773,681,308730,310010,E874302,Matched,Block,,6TH AVE BETWEEN SPRING ST AND SENECA ST, ,,1,Property Damage Only Collision,Rear Ended,2,0,0,2,0,0,2018-12-19 00:00:00+00,12/19/2018 9:15:00 AM,Mid-Block (not related to intersection),14,"MOTOR VEHICLE STRUCK MOTOR VEHICLE, REAR END",True,False,Clear or Partly Cloudy,Dry,Daylight,,,,14.0,From same direction - both going straight - one stopped - rear-end,0,0,False,0
-122.321757547493,47.6802103333757,682,308769,310049,E874564,Matched,Intersection,24458.0,6TH AVE NE AND NE 70TH N ST, ,,1,Property Damage Only Collision,Angles,2,0,0,2,0,0,2018-12-09 00:00:00+00,12/9/2018 6:41:00 PM,At Intersection (intersection related),11,"MOTOR VEHICLE STRUCK MOTOR VEHICLE, FRONT END AT ANGLE",,False,Raining,Wet,Dark - Street Lights On,,,,10.0,Entering at angle,0,0,False,0
-122.347359783925,47.6526218603186,683,308729,310009,E874301,Matched,Block,,N 38TH ST BETWEEN FREMONT TURN RD AND AURORA AV N NB OFF RP, ,,1,Property Damage Only Collision,Other,2,0,0,2,0,0,2018-12-07 00:00:00+00,12/7/2018 8:00:00 AM,Mid-Block (not related to intersection),26,MOTOR VEHICLE STRUCK OBJECT IN ROAD,,False,Overcast,Dry,Daylight,,,,50.0,Fixed object,0,0,False,0
-122.285281714512,47.5456952769605,684,309083,310363,3815071,Matched,Block,,M L KING JR ER WAY S BETWEEN S GRAHAM ST AND S EDDY ST, ,,1,Property Damage Only Collision,Sideswipe,2,0,0,2,0,0,2018-12-28 00:00:00+00,12/28/2018 2:02:00 PM,Mid-Block (not related to intersection),11,"MOTOR VEHICLE STRUCK MOTOR VEHICLE, FRONT END AT ANGLE",True,False,Raining,Wet,Daylight,,,,11.0,From same direction - both going straight - both moving - sideswipe,0,0,False,0
-122.33420302527,47.5755755738028,685,308807,310087,E878024,Matched,Intersection,31379.0,1ST AVE S AND S HANFORD ST, ,,2,Injury Collision,Pedestrian,2,1,0,1,1,0,2018-12-31 00:00:00+00,12/31/2018 1:45:00 PM,At Intersection (intersection related),24,MOTOR VEHCILE STRUCK PEDESTRIAN,,False,Clear or Partly Cloudy,Dry,Daylight,,,,1.0,Vehicle turning right hits pedestrian,0,0,False,0
-122.34012716976,47.6106222959886,686,308817,310097,E853818,Matched,Block,,2ND AVE BETWEEN PINE ST AND STEWART ST, ,,2,Injury Collision,Parked Car,3,0,0,2,2,0,2018-10-27 00:00:00+00,10/27/2018 9:00:00 PM,Mid-Block (not related to intersection),14,"MOTOR VEHICLE STRUCK MOTOR VEHICLE, REAR END",True,True,Clear or Partly Cloudy,Dry,Dark - Street Lights On,,,,32.0,One parked--one moving,0,0,True,0
-122.29506431815,47.5633185337386,687,308806,310086,E877013,Matched,Block,,M L KING JR WR WAY S BETWEEN S GENESEE ST AND S COLUMBIAN WAY, ,,1,Property Damage Only Collision,Parked Car,2,0,0,2,0,0,2018-12-27 00:00:00+00,12/27/2018 9:18:00 AM,Mid-Block (not related to intersection),13,"MOTOR VEHICLE STRUCK MOTOR VEHICLE, LEFT SIDE AT ANGLE",True,False,Overcast,Wet,Daylight,,,,32.0,One parked--one moving,0,0,True,0
-122.28842391502,47.5649635314921,689,309086,310366,E876734,Matched,Block,,RAINIER AVE S BETWEEN S ADAMS ST AND S GENESEE N ST, ,,1,Property Damage Only Collision,Parked Car,2,0,0,2,0,0,2018-12-12 00:00:00+00,12/12/2018 12:01:00 AM,Mid-Block (not related to intersection),14,"MOTOR VEHICLE STRUCK MOTOR VEHICLE, REAR END",,False,Unknown,Unknown,Dark - Street Lights On,,,,32.0,One parked--one moving,0,0,True,0
-122.323148370881,47.703140321078,690,308827,310107,E876732,Matched,Intersection,37475.0,5TH AVE NE AND NE 103RD ST, ,,1,Property Damage Only Collision,Angles,2,0,0,2,0,0,2018-12-18 00:00:00+00,12/18/2018 11:21:00 AM,At Intersection (intersection related),11,"MOTOR VEHICLE STRUCK MOTOR VEHICLE, FRONT END AT ANGLE",True,False,Overcast,Wet,Daylight,,,,10.0,Entering at angle,0,0,False,0
-122.317322704157,47.5478160870052,692,308825,310105,E878027,Matched,Intersection,33130.0,12TH AVE S AND S BAILEY ST, ,,1,Property Damage Only Collision,Rear Ended,5,0,0,3,0,0,2018-12-31 00:00:00+00,12/31/2018 2:08:00 PM,At Intersection (intersection related),14,"MOTOR VEHICLE STRUCK MOTOR VEHICLE, REAR END",,False,Clear or Partly Cloudy,Dry,Daylight,,,,13.0,From same direction - both going straight - both moving - rear-end,0,0,False,0
-122.333069007416,47.5443017212186,693,308813,310093,E852962,Matched,Block,,1ST AV S NB OFF RP BETWEEN 1ST AV S BR NB AND EAST MARGINAL WAY S, ,,1,Property Damage Only Collision,Sideswipe,2,0,0,2,0,0,2018-10-24 00:00:00+00,10/24/2018 8:08:00 AM,Mid-Block (not related to intersection),11,"MOTOR VEHICLE STRUCK MOTOR VEHICLE, FRONT END AT ANGLE",,False,Clear or Partly Cloudy,Wet,Daylight,,,,11.0,From same direction - both going straight - both moving - sideswipe,0,0,False,0
-122.31205563121,47.5777467660831,696,308830,310110,E876735,Matched,Intersection,31642.0,16TH AVE S AND S FOREST ST, ,,1,Property Damage Only Collision,Angles,2,0,0,2,0,0,2018-12-13 00:00:00+00,12/13/2018 10:32:00 AM,At Intersection (intersection related),11,"MOTOR VEHICLE STRUCK MOTOR VEHICLE, FRONT END AT ANGLE",,False,Raining,Wet,Daylight,,,,10.0,Entering at angle,0,0,False,0
-122.342623989189,47.6128333384985,698,309089,310369,E876744,Matched,Block,,LENORA ST BETWEEN 2ND AVE AND 3RD AVE, ,,1,Property Damage Only Collision,Other,3,0,0,2,0,0,2018-12-26 00:00:00+00,12/26/2018 7:04:00 AM,Mid-Block (not related to intersection),11,"MOTOR VEHICLE STRUCK MOTOR VEHICLE, FRONT END AT ANGLE",,False,Raining,Wet,Dark - Street Lights On,,,,23.0,From same direction - all others,0,0,False,0
-122.279314954458,47.5229179971998,700,309084,310364,3815076,Matched,Block,,M L KING JR WR WAY S BETWEEN S HENDERSON ST AND S FAIRBANKS ST, ,,2,Injury Collision,Other,3,0,0,2,1,0,2018-12-27 00:00:00+00,12/27/2018 7:43:00 PM,Mid-Block (not related to intersection),28,MOTOR VEHICLE RAN OFF ROAD - HIT FIXED OBJECT,,False,Clear or Partly Cloudy,Dry,Dark - Street Lights On,,,,50.0,Fixed object,0,0,False,0
-122.319753993727,47.5520818789892,702,308820,310100,3810834,Matched,Intersection,33108.0,AIRPORT WAY S AND CORSON AVE S, ,,1,Property Damage Only Collision,Left Turn,2,0,0,2,0,0,2018-12-27 00:00:00+00,12/27/2018 6:28:00 AM,At Intersection (intersection related),11,"MOTOR VEHICLE STRUCK MOTOR VEHICLE, FRONT END AT ANGLE",,False,Raining,Wet,Dark - Street Lights On,,,,28.0,From opposite direction - one left turn - one straight,0,0,False,0
-122.314928500047,47.601690194545,704,308780,310060,E876730,Matched,Intersection,30409.0,13TH AVE AND E YESLER WAY, ,,2,Injury Collision,Rear Ended,2,0,0,2,1,0,2018-12-18 00:00:00+00,12/18/2018 10:00:00 AM,At Intersection (intersection related),14,"MOTOR VEHICLE STRUCK MOTOR VEHICLE, REAR END",,False,Raining,Wet,Daylight,,,,14.0,From same direction - both going straight - one stopped - rear-end,0,0,False,0
-122.32641669393,47.6048568782419,705,309087,310367,E876736,Matched,Block,,JAMES ST BETWEEN 7TH AVE AND 8TH AVE, ,,2,Injury Collision,Rear Ended,3,0,0,2,1,0,2018-12-26 00:00:00+00,12/26/2018 12:27:00 PM,Mid-Block (but intersection related),14,"MOTOR VEHICLE STRUCK MOTOR VEHICLE, REAR END",True,False,Raining,Wet,Daylight,,,,14.0,From same direction - both going straight - one stopped - rear-end,0,0,False,0
-122.316578934152,47.6612919603548,706,308828,310108,E876733,Matched,Intersection,27065.0,11TH AVE NE AND NE 45TH ST, ,,1,Property Damage Only Collision,Left Turn,3,0,0,2,0,0,2018-12-11 00:00:00+00,12/11/2018 10:31:00 AM,At Intersection (intersection related),11,"MOTOR VEHICLE STRUCK MOTOR VEHICLE, FRONT END AT ANGLE",,False,Raining,Wet,Daylight,,,,28.0,From opposite direction - one left turn - one straight,0,0,False,0
-122.332640195007,47.6091602205163,707,308779,310059,E876729,Matched,Intersection,29914.0,6TH AVE AND UNIVERSITY ST, ,,1,Property Damage Only Collision,Left Turn,2,0,0,2,0,0,2018-12-18 00:00:00+00,12/18/2018 11:13:00 AM,At Intersection (intersection related),11,"MOTOR VEHICLE STRUCK MOTOR VEHICLE, FRONT END AT ANGLE",,False,Overcast,Wet,Daylight,,,,15.0,From same direction - one left turn - one straight,0,0,False,0
-122.349606084318,47.6140312181106,708,308826,310106,E874600,Matched,Intersection,29698.0,WALL ST AND WESTERN AVE, ,,2,Injury Collision,Pedestrian,2,1,0,1,1,0,2018-11-23 00:00:00+00,11/23/2018 4:36:00 PM,At Intersection (intersection related),24,MOTOR VEHCILE STRUCK PEDESTRIAN,,True,Blowing Sand or Dirt or Snow,Wet,Dark - Street Lights On,True,,,2.0,Vehicle turning left hits pedestrian,0,523792,False,0
-122.306034915461,47.6373405740119,709,308811,310091,3814408,Matched,Intersection,28446.0,21ST AVE E AND BOYER AVE E, ,,1,Property Damage Only Collision,Parked Car,2,0,0,2,0,0,2018-11-09 00:00:00+00,11/9/2018 5:30:00 PM,At Intersection (but not related to intersection),14,"MOTOR VEHICLE STRUCK MOTOR VEHICLE, REAR END",,False,Unknown,Unknown,Unknown,,,,32.0,One parked--one moving,0,0,True,0
-122.325973248392,47.585076962146,710,308816,310096,E878026,Matched,Block,,6TH AVE S BETWEEN S HOLGATE ST AND S WALKER ST, ,,1,Property Damage Only Collision,Parked Car,2,0,0,2,0,0,2018-12-31 00:00:00+00,12/31/2018 2:03:00 PM,Mid-Block (not related to intersection),11,"MOTOR VEHICLE STRUCK MOTOR VEHICLE, FRONT END AT ANGLE",,False,Clear or Partly Cloudy,Dry,Daylight,,,,32.0,One parked--one moving,0,0,True,0
-122.329588213609,47.5453368960427,711,308778,310058,E876721,Matched,Intersection,34219.0,4TH AVE S AND S MICHIGAN ST, ,,1,Property Damage Only Collision,Sideswipe,2,0,0,2,0,0,2018-12-19 00:00:00+00,12/19/2018 11:43:00 AM,At Intersection (intersection related),11,"MOTOR VEHICLE STRUCK MOTOR VEHICLE, FRONT END AT ANGLE",,False,Overcast,Wet,Daylight,,,,81.0,Same direction -- both turning left -- both moving -- sideswipe,0,0,False,0
-122.326940150683,47.5510592052556,712,308777,310057,E876720,Matched,Intersection,33182.0,6TH AVE S AND S FIDALGO ST, ,,1,Property Damage Only Collision,Angles,3,0,0,2,0,0,2018-12-19 00:00:00+00,12/19/2018 10:17:00 AM,At Intersection (intersection related),11,"MOTOR VEHICLE STRUCK MOTOR VEHICLE, FRONT END AT ANGLE",True,False,Overcast,Wet,Daylight,,,,10.0,Entering at angle,0,0,False,0
-122.31606790937,47.5616967236951,713,308776,310056,E875187,Matched,Intersection,32317.0,13TH AVE S AND S SNOQUALMIE ST, ,,2,Injury Collision,Angles,2,0,0,2,2,0,2018-12-17 00:00:00+00,12/17/2018 9:29:00 AM,At Intersection (intersection related),11,"MOTOR VEHICLE STRUCK MOTOR VEHICLE, FRONT END AT ANGLE",True,False,Clear or Partly Cloudy,Dry,Daylight,,,,10.0,Entering at angle,0,0,False,0
-122.345311738339,47.617355784248,714,309090,310370,E876745,Matched,Intersection,29671.0,5TH AVE AND WALL ST, ,,1,Property Damage Only Collision,Sideswipe,3,0,0,2,0,0,2018-12-21 00:00:00+00,12/21/2018 10:05:00 AM,At Intersection (intersection related),11,"MOTOR VEHICLE STRUCK MOTOR VEHICLE, FRONT END AT ANGLE",,False,Clear or Partly Cloudy,Dry,Daylight,,,,81.0,Same direction -- both turning left -- both moving -- sideswipe,0,0,False,0
-122.307409157873,47.6167327589873,715,308775,310055,E874948,Matched,Intersection,30125.0,19TH AVE AND E MADISON ST, ,,1,Property Damage Only Collision,Angles,2,0,0,2,0,0,2018-12-17 00:00:00+00,12/17/2018 2:57:00 PM,At Intersection (intersection related),11,"MOTOR VEHICLE STRUCK MOTOR VEHICLE, FRONT END AT ANGLE",,False,Overcast,Wet,Daylight,,,,10.0,Entering at angle,0,0,False,0
-122.322092271568,47.6431904002026,716,308824,310104,E854348,Matched,Intersection,28207.0,HARVARD AVE E AND E ROANOKE ST, ,,1,Property Damage Only Collision,Sideswipe,3,0,0,2,0,0,2018-10-28 00:00:00+00,10/28/2018 2:53:00 PM,At Intersection (but not related to intersection),11,"MOTOR VEHICLE STRUCK MOTOR VEHICLE, FRONT END AT ANGLE",,False,Raining,Wet,Daylight,,,,71.0,Same direction -- both turning right -- both moving -- sideswipe,0,0,False,0
-122.344526209486,47.6909235186916,717,309085,310365,E876731,Matched,Block,,AURORA AVE N BETWEEN N 85TH ST AND N 86TH ST, ,,1,Property Damage Only Collision,Rear Ended,2,0,0,2,0,0,2018-12-18 00:00:00+00,12/18/2018 9:14:00 AM,Mid-Block (not related to intersection),14,"MOTOR VEHICLE STRUCK MOTOR VEHICLE, REAR END",True,False,Raining,Wet,Daylight,,,,13.0,From same direction - both going straight - both moving - rear-end,0,0,False,0
-122.307409157873,47.6167327589873,719,308774,310054,E874946,Matched,Intersection,30125.0,19TH AVE AND E MADISON ST, ,,2,Injury Collision,Left Turn,2,0,0,2,1,0,2018-11-30 00:00:00+00,11/30/2018 8:45:00 AM,At Intersection (intersection related),11,"MOTOR VEHICLE STRUCK MOTOR VEHICLE, FRONT END AT ANGLE",True,False,Overcast,Dry,Daylight,,,,28.0,From opposite direction - one left turn - one straight,0,0,False,0
-122.302552092309,47.6428016253678,721,309088,310368,E876737,Matched,Block,,EAST MONTLAKE PL E BETWEEN 24TH AVE E AND E ROANOKE ST, ,,1,Property Damage Only Collision,Other,2,0,0,2,0,0,2018-12-26 00:00:00+00,12/26/2018 1:23:00 PM,Mid-Block (not related to intersection),11,"MOTOR VEHICLE STRUCK MOTOR VEHICLE, FRONT END AT ANGLE",,False,Overcast,Wet,Daylight,,,,23.0,From same direction - all others,0,0,False,0
-122.333795369268,47.5269543538256,722,308815,310095,E853748,Matched,Block,,SR509 SB BETWEEN 1ST AV S OFF RP AND CLOVERDALE ST ON RP, ,,1,Property Damage Only Collision,Other,1,0,0,1,0,0,2018-10-27 00:00:00+00,10/27/2018 7:56:00 PM,Mid-Block (not related to intersection),26,MOTOR VEHICLE STRUCK OBJECT IN ROAD,,False,Raining,Standing Water,Dark - Street Lights On,,,True,50.0,Fixed object,0,0,False,0