longitude,latitude,objectid,inckey,coldetkey,reportno,status,addrtype,intkey,location,exceptrsncode,exceptrsndesc,severitycode,severitydesc,collisiontype,personcount,pedcount,pedcylcount,vehcount,injuries,fatalities,incdate,incdttm,junctiontype,sdot_colcode,sdot_coldesc,inattentionind,underinfl,weather,roadcond,lightcond,pedrownotgrnt,sdotcolnum,speeding,st_colcode,st_coldesc,seglanekey,crosswalkkey,hitparkedcar,seriousinjuries
-122.304452709856,47.6989382948795,723,308844,310124,E877644,Matched,Block,,LAKE CITY WAY NE BETWEEN NE 95TH ST AND NE 98TH ST, ,,1,Property Damage Only Collision,Other,1,0,0,1,0,0,2018-12-28 00:00:00+00,12/28/2018 2:30:00 PM,Mid-Block (not related to intersection),28,MOTOR VEHICLE RAN OFF ROAD - HIT FIXED OBJECT,,False,Raining,Wet,Daylight,,,,50.0,Fixed object,0,0,False,0
-122.314048507943,47.5829836463361,724,309092,310372,E876913,Matched,Block,,S COLLEGE ST BETWEEN 14TH AVE S AND 15TH AVE S, ,,1,Property Damage Only Collision,Parked Car,2,0,0,2,0,0,2018-12-01 00:00:00+00,12/1/2018 11:01:00 PM,Mid-Block (not related to intersection),11,"MOTOR VEHICLE STRUCK MOTOR VEHICLE, FRONT END AT ANGLE",,False,Unknown,Unknown,Unknown,,,,32.0,One parked--one moving,0,0,True,0
-122.289967432301,47.5330637563932,725,308837,310117,E877014,Matched,Block,,S PORTLAND ST BETWEEN 32ND AVE S AND BEACON WR AVE S, ,,1,Property Damage Only Collision,Angles,2,0,0,2,0,0,2018-12-27 00:00:00+00,12/27/2018 11:02:00 AM,Driveway Junction,11,"MOTOR VEHICLE STRUCK MOTOR VEHICLE, FRONT END AT ANGLE",,False,Overcast,Wet,Daylight,,,,10.0,Entering at angle,0,0,False,0
-122.272186763905,47.5415853895456,726,309091,310371,E876910,Matched,Block,,RAINIER AVE S BETWEEN S HOLLY ST AND S WILLOW ST, ,,2,Injury Collision,Sideswipe,5,0,0,3,2,0,2018-12-13 00:00:00+00,12/13/2018 7:33:00 PM,Mid-Block (not related to intersection),11,"MOTOR VEHICLE STRUCK MOTOR VEHICLE, FRONT END AT ANGLE",,False,Clear or Partly Cloudy,Wet,Dark - Street Lights On,,,,11.0,From same direction - both going straight - both moving - sideswipe,0,0,False,0
-122.333366505619,47.6173283912533,727,308986,310266,3795834,Matched,Block,,BOREN AVE BETWEEN STEWART ST AND VIRGINIA ST, ,,1,Property Damage Only Collision,Rear Ended,2,0,0,2,0,0,2018-12-26 00:00:00+00,12/26/2018 5:24:00 PM,Mid-Block (but intersection related),14,"MOTOR VEHICLE STRUCK MOTOR VEHICLE, REAR END",,False,Raining,Wet,Dark - Street Lights On,,,,14.0,From same direction - both going straight - one stopped - rear-end,0,0,False,0
-122.334008330457,47.5431491482519,728,308849,310129,E854503,Matched,Block,,1ST AV S BR NB BETWEEN 1ST AV S NB OFF RP AND POINT B, ,,1,Property Damage Only Collision,Other,1,0,0,1,0,0,2018-10-28 00:00:00+00,10/28/2018 1:30:00 AM,Mid-Block (not related to intersection),26,MOTOR VEHICLE STRUCK OBJECT IN ROAD,,False,Raining,Wet,Dark - Street Lights On,,,True,50.0,Fixed object,0,0,False,0
-122.339267092341,47.6556644562915,729,308985,310265,3767493,Matched,Block,,N 40TH ST BETWEEN ASHWORTH AVE N AND WOODLAWN AVE N, ,,2,Injury Collision,Parked Car,2,0,0,2,1,0,2018-12-25 00:00:00+00,12/25/2018 2:37:00 AM,Mid-Block (not related to intersection),14,"MOTOR VEHICLE STRUCK MOTOR VEHICLE, REAR END",True,False,Clear or Partly Cloudy,Dry,Dark - Street Lights On,,,,32.0,One parked--one moving,0,0,True,0
-122.328360557212,47.6136973074658,730,308842,310122,3693217,Matched,Block,,PIKE ST BETWEEN BOREN AVE AND MELROSE AVE, ,,1,Property Damage Only Collision,Sideswipe,3,0,0,2,0,0,2018-12-30 00:00:00+00,12/30/2018 9:46:00 AM,Mid-Block (but intersection related),14,"MOTOR VEHICLE STRUCK MOTOR VEHICLE, REAR END",,False,Overcast,Dry,Daylight,,,,71.0,Same direction -- both turning right -- both moving -- sideswipe,0,0,False,0
-122.287588478106,47.5534440701136,731,309098,310378,E876919,Matched,Block,,S BRANDON ST BETWEEN M L KING JR ER WAY S AND 37TH AVE S, ,,1,Property Damage Only Collision,Parked Car,2,0,0,2,0,0,2018-12-17 00:00:00+00,12/17/2018 6:45:00 PM,Mid-Block (not related to intersection),16,"MOTOR VEHICLE STRUCK MOTOR VEHICLE, LEFT SIDE SIDESWIPE",,False,Raining,Wet,Dark - Street Lights On,,,,32.0,One parked--one moving,0,0,True,0
-122.339477679887,47.6715405871896,732,308984,310264,3767490,Matched,Block,,EAST GREEN LAKE WAY N BETWEEN N 57TH ST AND KENWOOD PL N, ,,1,Property Damage Only Collision,Other,1,0,0,1,0,0,2018-12-23 00:00:00+00,12/23/2018 1:07:00 AM,Mid-Block (not related to intersection),28,MOTOR VEHICLE RAN OFF ROAD - HIT FIXED OBJECT,,True,Raining,Wet,Dark - Street Lights On,,,True,50.0,Fixed object,0,0,False,0
-122.364300394393,47.6519680495549,733,308983,310263,3753729,Matched,Block,,6TH AVE W BETWEEN W NICKERSON ST AND W EWING ST, ,,1,Property Damage Only Collision,Other,1,0,0,1,0,0,2018-12-24 00:00:00+00,12/24/2018 3:45:00 AM,Mid-Block (but intersection related),28,MOTOR VEHICLE RAN OFF ROAD - HIT FIXED OBJECT,,False,Overcast,Wet,Dark - Street Lights On,,,,50.0,Fixed object,0,0,False,0
-122.313110128204,47.7085318248956,734,308982,310262,3751641,Matched,Block,,NE NORTHGATE WAY BETWEEN 14TH AVE NE AND 15TH AVE NE, ,,1,Property Damage Only Collision,Rear Ended,3,0,0,2,0,0,2018-12-30 00:00:00+00,12/30/2018 12:16:00 PM,Mid-Block (not related to intersection),14,"MOTOR VEHICLE STRUCK MOTOR VEHICLE, REAR END",True,False,Clear or Partly Cloudy,Dry,Daylight,,,,14.0,From same direction - both going straight - one stopped - rear-end,0,0,False,0
-122.315091554051,47.5497408365832,735,309097,310377,E876918,Matched,Block,,ALBRO PL OFF RP BETWEEN I5 SB AND S ALBRO PL, ,,2b,Serious Injury Collision,Other,6,0,0,1,5,0,2018-12-16 00:00:00+00,12/16/2018 9:27:00 PM,Mid-Block (not related to intersection),26,MOTOR VEHICLE STRUCK OBJECT IN ROAD,,False,Raining,Wet,Dark - Street Lights On,,,True,50.0,Fixed object,0,0,False,3
-122.329222833726,47.6096033188981,736,308845,310125,3693218,Matched,Block,,SENECA ST BETWEEN 8TH AVE AND 9TH AVE, ,,1,Property Damage Only Collision,Left Turn,2,0,0,2,0,0,2018-12-31 00:00:00+00,12/31/2018 4:45:00 PM,Mid-Block (not related to intersection),11,"MOTOR VEHICLE STRUCK MOTOR VEHICLE, FRONT END AT ANGLE",True,False,Overcast,Dry,Dark - Street Lights On,,,,15.0,From same direction - one left turn - one straight,0,0,False,0
-122.329975985945,47.7086374480958,737,308981,310261,3751589,Matched,Block,,N NORTHGATE WAY BETWEEN CORLISS AVE N AND 1ST AVE NE, ,,2,Injury Collision,Sideswipe,3,0,0,2,1,0,2018-12-26 00:00:00+00,12/26/2018 1:17:00 PM,Mid-Block (not related to intersection),11,"MOTOR VEHICLE STRUCK MOTOR VEHICLE, FRONT END AT ANGLE",True,False,Overcast,Wet,Daylight,,,,11.0,From same direction - both going straight - both moving - sideswipe,0,0,False,0
-122.364057057046,47.7007176710845,739,308980,310260,3751474,Matched,Block,,HOLMAN RD NW BETWEEN 7TH AVE NW AND 6TH AVE NW, ,,1,Property Damage Only Collision,Rear Ended,7,0,0,2,0,0,2018-12-22 00:00:00+00,12/22/2018 5:51:00 PM,Mid-Block (not related to intersection),14,"MOTOR VEHICLE STRUCK MOTOR VEHICLE, REAR END",True,True,Raining,Wet,Dark - Street Lights On,,,,13.0,From same direction - both going straight - both moving - rear-end,0,0,False,0
-122.317363519982,47.6711142930425,741,308987,310267,3810011,Matched,Block,,ROOSEVELT WAY NE BETWEEN NE 58TH ST AND NE 59TH ST, ,,1,Property Damage Only Collision,Parked Car,3,0,0,3,0,0,2018-12-24 00:00:00+00,12/24/2018 4:52:00 PM,Mid-Block (not related to intersection),14,"MOTOR VEHICLE STRUCK MOTOR VEHICLE, REAR END",,False,Clear or Partly Cloudy,Dry,Daylight,,,,32.0,One parked--one moving,0,0,True,0
-122.280583822682,47.5307499958023,744,309095,310375,E876916,Matched,Block,,M L KING JR ER WAY S BETWEEN S KENYON ST AND S ELMGROVE ST, ,,1,Property Damage Only Collision,Rear Ended,3,0,0,3,0,0,2018-11-22 00:00:00+00,11/22/2018 9:12:00 PM,Mid-Block (but intersection related),14,"MOTOR VEHICLE STRUCK MOTOR VEHICLE, REAR END",,False,Raining,Wet,Dark - Street Lights On,,,,13.0,From same direction - both going straight - both moving - rear-end,0,0,False,0
-122.296739141102,47.5717542461777,745,309099,310379,E876921,Matched,Block,,M L KING JR ER WAY S BETWEEN S WALDEN ST AND RENTON N AVE S, ,,2,Injury Collision,Rear Ended,2,0,0,2,1,0,2018-12-18 00:00:00+00,12/18/2018,Mid-Block (not related to intersection),14,"MOTOR VEHICLE STRUCK MOTOR VEHICLE, REAR END",True,False,Raining,Wet,Dark - Street Lights On,,,,14.0,From same direction - both going straight - one stopped - rear-end,0,0,False,0
-122.371405811647,47.6942528684824,746,308835,310115,E878551,Matched,Intersection,37252.0,12TH AVE NW AND NW 90TH ST, ,,2,Injury Collision,Angles,2,0,0,2,1,0,2018-12-19 00:00:00+00,12/19/2018 2:17:00 PM,At Intersection (intersection related),11,"MOTOR VEHICLE STRUCK MOTOR VEHICLE, FRONT END AT ANGLE",,False,Overcast,Wet,Daylight,,,,10.0,Entering at angle,0,0,False,0
-122.34377364074,47.6617540666372,747,308834,310114,E877540,Matched,Intersection,25567.0,MIDVALE AVE N AND N MIDVALE PL, ,,2,Injury Collision,Angles,2,0,0,2,1,0,2018-12-24 00:00:00+00,12/24/2018 10:56:00 AM,At Intersection (intersection related),11,"MOTOR VEHICLE STRUCK MOTOR VEHICLE, FRONT END AT ANGLE",,False,Clear or Partly Cloudy,Dry,Daylight,,,,10.0,Entering at angle,0,0,False,0
-122.321438928664,47.5475029545226,748,308833,310113,E876920,Matched,Intersection,33135.0,CORSON AVE S AND S MICHIGAN ST, ,,2,Injury Collision,Left Turn,2,0,0,2,1,0,2018-12-10 00:00:00+00,12/10/2018 7:19:00 PM,At Intersection (intersection related),11,"MOTOR VEHICLE STRUCK MOTOR VEHICLE, FRONT END AT ANGLE",,False,Overcast,Dry,Dark - Street Lights On,,,,15.0,From same direction - one left turn - one straight,0,0,False,0
-122.347207127114,47.6905707877264,749,308832,310112,E876743,Matched,Intersection,37466.0,LINDEN AVE N AND N 85TH ST, ,,2,Injury Collision,Pedestrian,3,2,0,1,1,0,2018-12-18 00:00:00+00,12/18/2018 6:38:00 AM,At Intersection (intersection related),24,MOTOR VEHCILE STRUCK PEDESTRIAN,,True,Raining,Wet,Dark - Street Lights On,True,,,2.0,Vehicle turning left hits pedestrian,0,0,False,0
-122.310520394382,47.5484823209949,752,309094,310374,E876915,Matched,Block,,SWIFT AVE S BETWEEN S ALBRO PL AND 18TH AVE S, ,,2,Injury Collision,Head On,7,0,0,3,1,0,2018-12-17 00:00:00+00,12/17/2018 9:34:00 PM,Mid-Block (not related to intersection),11,"MOTOR VEHICLE STRUCK MOTOR VEHICLE, FRONT END AT ANGLE",,False,Raining,Wet,Dark - Street Lights On,,,,30.0,From opposite direction - all others,0,0,False,0
-122.306356952564,47.5992547054432,753,308831,310111,E876742,Matched,Intersection,30754.0,20TH AVE S AND S JACKSON ST, ,,2,Injury Collision,Pedestrian,3,1,0,1,1,0,2018-12-17 00:00:00+00,12/17/2018 8:29:00 AM,At Intersection (intersection related),24,MOTOR VEHCILE STRUCK PEDESTRIAN,,False,Clear or Partly Cloudy,Wet,Daylight,True,,,2.0,Vehicle turning left hits pedestrian,0,521196,False,0
-122.311822243526,47.5788695856843,754,309093,310373,E876914,Matched,Block,,BEACON AVE S BETWEEN 16TH AVE S AND S MCCLELLAN ST, ,,1,Property Damage Only Collision,Sideswipe,2,0,0,2,0,0,2018-12-09 00:00:00+00,12/9/2018 9:00:00 PM,Mid-Block (not related to intersection),14,"MOTOR VEHICLE STRUCK MOTOR VEHICLE, REAR END",,False,Raining,Wet,Dark - Street Lights On,,,,12.0,From same direction - both going straight - one stopped - sideswipe,0,0,False,0
-122.382667721404,47.6484569180685,755,308988,310268,3811618,Matched,Block,,W DRAVUS ST BETWEEN 20TH AVE W AND 21ST AVE W, ,,2,Injury Collision,Rear Ended,2,0,0,2,1,0,2018-12-24 00:00:00+00,12/24/2018 2:36:00 PM,Mid-Block (not related to intersection),14,"MOTOR VEHICLE STRUCK MOTOR VEHICLE, REAR END",,False,Clear or Partly Cloudy,Dry,Daylight,,,,14.0,From same direction - both going straight - one stopped - rear-end,0,0,False,0
-122.332316726855,47.6088007259488,756,309001,310281,E876717,Matched,Block,,6TH AVE BETWEEN SENECA ST AND UNIVERSITY ST, ,,1,Property Damage Only Collision,Parked Car,2,0,0,2,0,0,2018-12-20 00:00:00+00,12/20/2018 2:26:00 PM,Mid-Block (not related to intersection),14,"MOTOR VEHICLE STRUCK MOTOR VEHICLE, REAR END",,False,Overcast,Wet,Daylight,,,,32.0,One parked--one moving,0,0,True,0
-122.326923202126,47.5247776779906,757,308852,310132,3742561,Matched,Block,,S TRENTON ST BETWEEN 5TH N AVE S AND 7TH AVE S, ,,1,Property Damage Only Collision,Parked Car,2,0,0,2,0,0,2018-12-31 00:00:00+00,12/31/2018 8:27:00 AM,Mid-Block (not related to intersection),14,"MOTOR VEHICLE STRUCK MOTOR VEHICLE, REAR END",,False,Unknown,Unknown,Unknown,,,,32.0,One parked--one moving,0,0,True,0
-122.304452709856,47.6989382948795,759,308851,310131,E877650,Matched,Block,,LAKE CITY WAY NE BETWEEN NE 95TH ST AND NE 98TH ST, ,,2,Injury Collision,Rear Ended,5,0,0,3,2,0,2018-12-28 00:00:00+00,12/28/2018 2:46:00 PM,Mid-Block (not related to intersection),14,"MOTOR VEHICLE STRUCK MOTOR VEHICLE, REAR END",True,False,Clear or Partly Cloudy,Wet,Daylight,,,,14.0,From same direction - both going straight - one stopped - rear-end,0,0,False,0
-122.408662263177,47.5797777924294,760,308850,310130,3706850,Matched,Block,,ALKI AVE SW BETWEEN 59TH AVE SW AND 60TH AVE SW, ,,1,Property Damage Only Collision,Parked Car,2,0,0,2,0,0,2018-12-31 00:00:00+00,12/31/2018 8:42:00 PM,Mid-Block (not related to intersection),14,"MOTOR VEHICLE STRUCK MOTOR VEHICLE, REAR END",,False,Clear or Partly Cloudy,Dry,Dark - Street Lights On,,,,32.0,One parked--one moving,0,0,False,0
-122.317958941157,47.5582809382144,761,308998,310278,E876713,Matched,Block,,CORSON AVE S BETWEEN S FERDINAND ST AND S SHELTON ST, ,,1,Property Damage Only Collision,Parked Car,5,0,0,2,0,0,2018-12-20 00:00:00+00,12/20/2018 7:58:00 AM,Mid-Block (not related to intersection),16,"MOTOR VEHICLE STRUCK MOTOR VEHICLE, LEFT SIDE SIDESWIPE",,False,Raining,Wet,Daylight,,,,32.0,One parked--one moving,0,0,False,0
-122.334000944168,47.7091152122417,762,309109,310389,E878274,Matched,Block,,MERIDIAN AVE N BETWEEN N NORTHGATE WAY AND N 112TH ST, ,,1,Property Damage Only Collision,Angles,2,0,0,2,0,0,2018-12-20 00:00:00+00,12/20/2018 3:08:00 PM,Driveway Junction,11,"MOTOR VEHICLE STRUCK MOTOR VEHICLE, FRONT END AT ANGLE",,False,Overcast,Wet,Daylight,,,,10.0,Entering at angle,0,0,False,0
-122.339416644218,47.5584725551913,763,309108,310388,E878114,Matched,Block,,EAST MARGINAL WAY S BETWEEN XW ALASKA AND S HUDSON ST, ,,1,Property Damage Only Collision,Rear Ended,2,0,0,2,0,0,2018-12-24 00:00:00+00,12/24/2018 9:12:00 AM,Mid-Block (not related to intersection),14,"MOTOR VEHICLE STRUCK MOTOR VEHICLE, REAR END",,False,Overcast,Wet,Daylight,,,,13.0,From same direction - both going straight - both moving - rear-end,0,0,False,0
-122.315390386066,47.5818927133212,764,308997,310277,E875046,Matched,Block,,BEACON AVE S BETWEEN 13TH AVE S AND 14TH AVE S, ,,1,Property Damage Only Collision,Rear Ended,2,0,0,2,0,0,2018-12-15 00:00:00+00,12/15/2018 2:05:00 PM,Mid-Block (not related to intersection),14,"MOTOR VEHICLE STRUCK MOTOR VEHICLE, REAR END",,False,Clear or Partly Cloudy,Dry,Daylight,,,,14.0,From same direction - both going straight - one stopped - rear-end,0,0,False,0
-122.258895836776,47.5061217775043,765,309107,310387,E878110,Matched,Block,,S BANGOR ST BETWEEN 59TH AVE S AND 60TH AVE S, ,,1,Property Damage Only Collision,Parked Car,2,0,0,2,0,0,2018-12-21 00:00:00+00,12/21/2018 2:33:00 AM,Mid-Block (not related to intersection),14,"MOTOR VEHICLE STRUCK MOTOR VEHICLE, REAR END",,False,Clear or Partly Cloudy,Dry,Dark - Street Lights On,,,,32.0,One parked--one moving,0,0,True,0
-122.268160895977,47.5233025824463,766,309106,310386,E878022,Matched,Block,,S HENDERSON ST BETWEEN RAINIER AVE S AND 53RD AVE S, ,,1,Property Damage Only Collision,Right Turn,2,0,0,2,0,0,2018-12-24 00:00:00+00,12/24/2018 12:24:00 PM,Driveway Junction,14,"MOTOR VEHICLE STRUCK MOTOR VEHICLE, REAR END",,False,Clear or Partly Cloudy,Dry,Daylight,,,,16.0,From same direction - one right turn - one straight,0,0,False,0
-122.376466591478,47.5437735800491,767,309112,310392,E879017,Matched,Block,,35TH AVE SW BETWEEN SW MORGAN ST AND SW HOLLY ST, ,,2,Injury Collision,Rear Ended,2,0,0,2,1,0,2018-12-31 00:00:00+00,12/31/2018 12:24:00 PM,Mid-Block (not related to intersection),14,"MOTOR VEHICLE STRUCK MOTOR VEHICLE, REAR END",,False,Clear or Partly Cloudy,Dry,Daylight,,,,13.0,From same direction - both going straight - both moving - rear-end,0,0,False,0
-122.303963220841,47.6438266535764,768,309105,310385,E877680,Matched,Block,,EAST MONTLAKE PL E BETWEEN 22ND AVE E AND MONTLAKE BLVD E, ,,2,Injury Collision,Rear Ended,3,0,0,2,1,0,2018-12-19 00:00:00+00,12/19/2018 11:26:00 PM,Mid-Block (not related to intersection),14,"MOTOR VEHICLE STRUCK MOTOR VEHICLE, REAR END",,False,Overcast,Dry,Dark - Street Lights On,,,,73.0,Same direction -- both turning right -- both moving -- rear end,0,0,False,0
-122.294589237732,47.5379667161845,769,309002,310282,E876722,Matched,Block,,BEACON ER AVE S BETWEEN S MYRTLE ST AND S OTHELLO ST, ,,1,Property Damage Only Collision,Rear Ended,2,0,0,2,0,0,2018-12-20 00:00:00+00,12/20/2018 7:40:00 AM,Mid-Block (not related to intersection),14,"MOTOR VEHICLE STRUCK MOTOR VEHICLE, REAR END",True,False,Overcast,Wet,Dawn,,,,14.0,From same direction - both going straight - one stopped - rear-end,0,0,False,0
-122.306215424773,47.6140926311913,770,309118,310398,E858620,Matched,Block,,20TH AVE BETWEEN E UNION ST AND E PINE ST,NEI,"Not Enough Information, or Insufficient Location Information",1,Property Damage Only Collision,Pedestrian,2,0,1,1,0,0,2018-11-08 00:00:00+00,11/8/2018 5:15:00 PM,Mid-Block (not related to intersection),0,NOT ENOUGH INFORMATION / NOT APPLICABLE,,False,Clear or Partly Cloudy,Dry,Unknown,,,,5.0,Vehicle Strikes Pedalcyclist,0,0,False,0
-122.329513259428,47.6040540515683,771,308996,310276,E874973,Matched,Block,,5TH AVE BETWEEN JAMES ST AND CHERRY ST, ,,2,Injury Collision,Rear Ended,3,0,0,3,1,0,2018-12-17 00:00:00+00,12/17/2018 2:15:00 PM,Mid-Block (not related to intersection),14,"MOTOR VEHICLE STRUCK MOTOR VEHICLE, REAR END",True,False,Overcast,Wet,Daylight,,,,14.0,From same direction - both going straight - one stopped - rear-end,0,0,False,0
-122.349310594515,47.6621344353518,772,309104,310384,E877639,Matched,Block,,N 46TH ST BETWEEN FREMONT AVE N AND LINDEN AVE N, ,,1,Property Damage Only Collision,Angles,3,0,0,2,0,0,2018-12-20 00:00:00+00,12/20/2018 8:43:00 PM,Driveway Junction,11,"MOTOR VEHICLE STRUCK MOTOR VEHICLE, FRONT END AT ANGLE",,False,Clear or Partly Cloudy,Dry,Dark - Street Lights On,,,,10.0,Entering at angle,0,0,False,0
-122.358012314622,47.6251514637684,773,308995,310275,E874972,Matched,Block,,1ST AVE W BETWEEN W MERCER ST AND W ROY ST, ,,1,Property Damage Only Collision,Other,1,0,0,1,0,0,2018-11-30 00:00:00+00,11/30/2018 12:49:00 AM,Mid-Block (not related to intersection),28,MOTOR VEHICLE RAN OFF ROAD - HIT FIXED OBJECT,True,True,Overcast,Wet,Dark - Street Lights On,,,,50.0,Fixed object,0,0,False,0
-122.29514441076,47.7301396766572,774,309103,310383,E877117,Matched,Block,,NE 140TH ST BETWEEN 30TH AVE NE AND 32ND AVE NE, ,,1,Property Damage Only Collision,Parked Car,2,0,0,2,0,0,2018-12-23 00:00:00+00,12/23/2018 3:00:00 PM,Mid-Block (not related to intersection),16,"MOTOR VEHICLE STRUCK MOTOR VEHICLE, LEFT SIDE SIDESWIPE",,False,Clear or Partly Cloudy,Dry,Daylight,,,,32.0,One parked--one moving,0,0,True,0
-122.258919861976,47.5200204901449,775,309102,310382,E876924,Matched,Block,,RAINIER AVE S BETWEEN ITHACA PL S AND S CARVER ST, ,,1,Property Damage Only Collision,Other,5,0,0,4,0,0,2018-12-23 00:00:00+00,12/23/2018 9:50:00 PM,Mid-Block (not related to intersection),11,"MOTOR VEHICLE STRUCK MOTOR VEHICLE, FRONT END AT ANGLE",,False,Overcast,Dry,Dark - Street Lights On,,,,23.0,From same direction - all others,0,0,False,0
-122.308281209632,47.5471720815483,776,308857,310137,3796003,Matched,Block,,SWIFT AVE S BETWEEN 19TH ER AVE S AND S GRAHAM ST, ,,1,Property Damage Only Collision,Sideswipe,2,0,0,2,0,0,2018-12-20 00:00:00+00,12/20/2018 10:52:00 AM,Mid-Block (not related to intersection),11,"MOTOR VEHICLE STRUCK MOTOR VEHICLE, FRONT END AT ANGLE",True,False,Overcast,Wet,Daylight,,,,11.0,From same direction - both going straight - both moving - sideswipe,0,0,False,0
-122.288292179751,47.5516025053653,777,309110,310390,E878694,Matched,Block,,M L KING JR WR WAY S BETWEEN S FINDLAY ST AND S ORCAS ST, ,,1,Property Damage Only Collision,Rear Ended,4,0,0,2,0,0,2018-12-31 00:00:00+00,12/31/2018 3:19:00 PM,Mid-Block (but intersection related),14,"MOTOR VEHICLE STRUCK MOTOR VEHICLE, REAR END",,False,Clear or Partly Cloudy,Dry,Dusk,,,,14.0,From same direction - both going straight - one stopped - rear-end,0,0,False,0
-122.300980886571,47.5844997879579,778,309101,310381,E876923,Matched,Block,,S HILL ST BETWEEN 24TH AVE S AND 25TH AVE S, ,,2,Injury Collision,Pedestrian,2,1,0,1,1,0,2018-12-22 00:00:00+00,12/22/2018,Mid-Block (not related to intersection),24,MOTOR VEHCILE STRUCK PEDESTRIAN,,False,Unknown,Unknown,Unknown,,,,0.0,Vehicle going straight hits pedestrian,0,0,False,0
-122.345728584735,47.682227043675,779,308856,310136,E877651,Matched,Block,,WINONA AVE N BETWEEN LINDEN AVE N AND N 74TH ST, ,,1,Property Damage Only Collision,Other,2,0,0,2,0,0,2018-12-28 00:00:00+00,12/28/2018 5:20:00 PM,Mid-Block (not related to intersection),11,"MOTOR VEHICLE STRUCK MOTOR VEHICLE, FRONT END AT ANGLE",,False,Raining,Wet,Dark - Street Lights On,,,,23.0,From same direction - all others,0,0,False,0
-122.281872940886,47.5347910363967,780,309114,310394,E879319,Matched,Block,,40TH AVE S BETWEEN S WEBSTER ST AND S AUSTIN ST, ,,1,Property Damage Only Collision,Parked Car,2,0,0,2,0,0,2018-12-29 00:00:00+00,12/29/2018 3:03:00 PM,Mid-Block (not related to intersection),16,"MOTOR VEHICLE STRUCK MOTOR VEHICLE, LEFT SIDE SIDESWIPE",,False,Clear or Partly Cloudy,Wet,Daylight,,,,32.0,One parked--one moving,0,0,False,0
-122.342341023962,47.6574306095779,781,308855,310135,3754198,Matched,Block,,STONE WAY N BETWEEN N 41ST N ST AND N 42ND ST, ,,2,Injury Collision,Parked Car,2,0,0,2,1,0,2018-12-10 00:00:00+00,12/10/2018 1:55:00 PM,Mid-Block (not related to intersection),14,"MOTOR VEHICLE STRUCK MOTOR VEHICLE, REAR END",,False,Clear or Partly Cloudy,Dry,Daylight,,,,32.0,One parked--one moving,0,0,True,0
-122.282346904197,47.5370440237449,782,308994,310274,3815068,Matched,Block,,S OTHELLO ST BETWEEN 39TH AVE S AND M L KING JR WR WAY S, ,,1,Property Damage Only Collision,Parked Car,2,0,0,2,0,0,2018-12-24 00:00:00+00,12/24/2018 7:21:00 PM,Mid-Block (not related to intersection),0,NOT ENOUGH INFORMATION / NOT APPLICABLE,,False,Clear or Partly Cloudy,Wet,Daylight,,,,32.0,One parked--one moving,0,0,False,0
-122.316882063254,47.6170150270404,783,308993,310273,3814360,Matched,Block,,12TH AVE BETWEEN E OLIVE ST AND E HOWELL ST, ,,2,Injury Collision,Angles,3,0,0,3,1,0,2018-12-25 00:00:00+00,12/25/2018 10:07:00 PM,Driveway Junction,11,"MOTOR VEHICLE STRUCK MOTOR VEHICLE, FRONT END AT ANGLE",,True,Clear or Partly Cloudy,Dry,Dark - Street Lights On,,,,10.0,Entering at angle,0,0,False,0
-122.334676551927,47.6145036467169,784,308992,310272,3812530,Matched,Block,,8TH AVE BETWEEN OLIVE WAY AND STEWART ST, ,,1,Property Damage Only Collision,Parked Car,3,0,0,2,0,0,2018-12-31 00:00:00+00,12/31/2018 4:57:00 PM,Mid-Block (not related to intersection),11,"MOTOR VEHICLE STRUCK MOTOR VEHICLE, FRONT END AT ANGLE",,False,Clear or Partly Cloudy,Dry,Dark - Street Lights On,,,,32.0,One parked--one moving,0,0,False,0
-122.376122538144,47.6542880102056,786,308991,310271,3812490,Matched,Block,,15TH AV W ON RP BETWEEN NICKERSON TURN RD AND 15TH AVE W, ,,1,Property Damage Only Collision,Sideswipe,3,0,0,2,0,0,2018-12-23 00:00:00+00,12/23/2018 7:38:00 PM,Mid-Block (not related to intersection),11,"MOTOR VEHICLE STRUCK MOTOR VEHICLE, FRONT END AT ANGLE",True,False,Overcast,Dry,Dark - Street Lights On,,,,11.0,From same direction - both going straight - both moving - sideswipe,0,0,False,0
-122.412010496002,47.5717438894664,788,308853,310133,3744671,Matched,Block,,BEACH DR SW BETWEEN SW SPOKANE ST AND 61ST AVE SW, ,,1,Property Damage Only Collision,Parked Car,2,0,0,2,0,0,2018-12-27 00:00:00+00,12/27/2018,Mid-Block (not related to intersection),14,"MOTOR VEHICLE STRUCK MOTOR VEHICLE, REAR END",,False,Unknown,Unknown,Unknown,,,,32.0,One parked--one moving,0,0,True,0
-122.285159617328,47.5460507227604,789,309113,310393,E879317,Matched,Block,,S GRAHAM ST BETWEEN M L KING JR ER WAY S AND 38TH AVE S, ,,2,Injury Collision,Angles,8,0,0,2,1,0,2018-12-23 00:00:00+00,12/23/2018 1:03:00 PM,Driveway Junction,11,"MOTOR VEHICLE STRUCK MOTOR VEHICLE, FRONT END AT ANGLE",True,False,Raining,Wet,Daylight,,,,10.0,Entering at angle,0,0,False,0
-122.385741911443,47.5458935123714,791,309111,310391,E879015,Matched,Block,,42ND AVE SW BETWEEN SW GRAHAM ST AND FAUNTLEROY WAY SW, ,,1,Property Damage Only Collision,Parked Car,2,0,0,2,0,0,2018-12-29 00:00:00+00,12/29/2018 9:00:00 PM,Mid-Block (not related to intersection),11,"MOTOR VEHICLE STRUCK MOTOR VEHICLE, FRONT END AT ANGLE",,False,Unknown,Unknown,Dark - Street Lights On,,,,32.0,One parked--one moving,0,0,True,0