longitude,latitude,objectid,inckey,coldetkey,reportno,status,addrtype,intkey,location,exceptrsncode,exceptrsndesc,severitycode,severitydesc,collisiontype,personcount,pedcount,pedcylcount,vehcount,injuries,fatalities,incdate,incdttm,junctiontype,sdot_colcode,sdot_coldesc,inattentionind,underinfl,weather,roadcond,lightcond,pedrownotgrnt,sdotcolnum,speeding,st_colcode,st_coldesc,seglanekey,crosswalkkey,hitparkedcar,seriousinjuries
-122.361938936153,47.623948172949,792,308989,310269,3811619,Matched,Block,,4TH AVE W BETWEEN W REPUBLICAN ST AND W MERCER ST, ,,1,Property Damage Only Collision,Parked Car,3,0,0,3,0,0,2018-12-24 00:00:00+00,12/24/2018 3:48:00 PM,Mid-Block (not related to intersection),14,"MOTOR VEHICLE STRUCK MOTOR VEHICLE, REAR END",,False,Unknown,Unknown,Unknown,,,,32.0,One parked--one moving,0,0,True,0
-122.31342477434,47.5598061174612,793,308870,310150,3815063,Matched,Block,,15TH AVE S BETWEEN S ANGELINE ST AND S FERDINAND ST, ,,1,Property Damage Only Collision,Parked Car,2,0,0,2,0,0,2018-12-21 00:00:00+00,12/21/2018 1:09:00 AM,Mid-Block (not related to intersection),14,"MOTOR VEHICLE STRUCK MOTOR VEHICLE, REAR END",True,True,Overcast,Wet,Dark - Street Lights On,,,,32.0,One parked--one moving,0,0,True,0
-122.344706396871,47.705797199719,794,309020,310300,E878275,Matched,Block,,AURORA AVE N BETWEEN N NORTHGATE WAY AND N 107TH S ST, ,,2,Injury Collision,Rear Ended,3,0,0,2,2,0,2018-12-31 00:00:00+00,12/31/2018 1:30:00 PM,Mid-Block (but intersection related),14,"MOTOR VEHICLE STRUCK MOTOR VEHICLE, REAR END",True,False,Clear or Partly Cloudy,Dry,Daylight,,,,14.0,From same direction - both going straight - one stopped - rear-end,0,0,False,0
-122.341805997256,47.6869337771846,795,309123,310403,E858797,Matched,Intersection,24228.0,STONE AVE N AND N 80TH ST, ,,2,Injury Collision,Pedestrian,3,2,0,1,2,0,2018-11-08 00:00:00+00,11/8/2018 4:43:00 PM,At Intersection (intersection related),24,MOTOR VEHCILE STRUCK PEDESTRIAN,,False,Clear or Partly Cloudy,Dry,Dark - Street Lights On,True,,,2.0,Vehicle turning left hits pedestrian,0,0,False,0
-122.334214670825,47.5552950673804,798,308873,310153,3815126,Matched,Block,,1ST AVE S BETWEEN S DAWSON ST AND S BENNETT ST, ,,1,Property Damage Only Collision,Parked Car,2,0,0,2,0,0,2018-12-12 00:00:00+00,12/12/2018 12:00:00 PM,Mid-Block (not related to intersection),0,NOT ENOUGH INFORMATION / NOT APPLICABLE,,False,Unknown,Unknown,Unknown,,,,32.0,One parked--one moving,0,0,True,0
-122.382129996568,47.6686757988493,800,309126,310406,E858803,Matched,Intersection,25152.0,20TH AVE NW AND NW MARKET ST, ,,2,Injury Collision,Pedestrian,3,0,1,1,1,0,2018-11-05 00:00:00+00,11/5/2018 11:53:00 AM,At Intersection (intersection related),18,"MOTOR VEHICLE STRUCK PEDALCYCLIST, FRONT END AT ANGLE",,False,Clear or Partly Cloudy,Dry,Daylight,,,,5.0,Vehicle Strikes Pedalcyclist,0,0,False,0
-122.312504907474,47.7144720081533,801,309120,310400,E858793,Matched,Intersection,36459.0,15TH AVE NE AND PINEHURST WAY NE, ,,1,Property Damage Only Collision,Angles,2,0,0,2,0,0,2018-11-05 00:00:00+00,11/5/2018 12:00:00 PM,At Intersection (intersection related),11,"MOTOR VEHICLE STRUCK MOTOR VEHICLE, FRONT END AT ANGLE",,False,Clear or Partly Cloudy,Unknown,Unknown,,,,10.0,Entering at angle,0,0,False,0
-122.288513612757,47.5330561702087,802,309005,310285,E876728,Matched,Block,,S PORTLAND ST BETWEEN BEACON ER AVE S AND 35TH AVE S, ,,1,Property Damage Only Collision,Parked Car,2,0,0,2,0,0,2018-12-13 00:00:00+00,12/13/2018 9:15:00 AM,Mid-Block (not related to intersection),16,"MOTOR VEHICLE STRUCK MOTOR VEHICLE, LEFT SIDE SIDESWIPE",,False,Raining,Wet,Daylight,,,,32.0,One parked--one moving,0,0,False,0
-122.278093400934,47.5306301461034,803,309004,310284,E876724,Matched,Block,,RENTON AVE S BETWEEN S KENYON ST AND S ROSE CT, ,,1,Property Damage Only Collision,Parked Car,2,0,0,2,0,0,2018-12-20 00:00:00+00,12/20/2018 8:06:00 AM,Mid-Block (not related to intersection),14,"MOTOR VEHICLE STRUCK MOTOR VEHICLE, REAR END",,False,Raining,Wet,Daylight,,,,32.0,One parked--one moving,0,0,False,0
-122.322202359861,47.6061254649305,804,308869,310149,3814301,Matched,Block,,BOREN AVE BETWEEN JEFFERSON ST AND JAMES ST, ,,2,Injury Collision,Other,1,0,0,1,1,0,2018-12-31 00:00:00+00,12/31/2018 1:43:00 PM,Mid-Block (not related to intersection),28,MOTOR VEHICLE RAN OFF ROAD - HIT FIXED OBJECT,True,False,Clear or Partly Cloudy,Dry,Daylight,,,,50.0,Fixed object,0,0,False,0
-122.316597980191,47.6605628695572,805,308876,310156,E874562,Matched,Block,,11TH AVE NE BETWEEN NE 43RD ST AND NE 45TH ST, ,,2,Injury Collision,Left Turn,3,0,0,2,2,0,2018-12-16 00:00:00+00,12/16/2018 3:58:00 PM,Mid-Block (not related to intersection),11,"MOTOR VEHICLE STRUCK MOTOR VEHICLE, FRONT END AT ANGLE",,False,Raining,Wet,Dusk,,,,15.0,From same direction - one left turn - one straight,0,0,False,0
-122.327162083875,47.6784399861709,806,309023,310303,E878280,Matched,Block,,EAST GREEN LAKE WAY N BETWEEN 2ND AVE NE AND 4TH AVE NE, ,,1,Property Damage Only Collision,Parked Car,3,0,0,2,0,0,2018-12-31 00:00:00+00,12/31/2018 11:00:00 AM,Mid-Block (not related to intersection),14,"MOTOR VEHICLE STRUCK MOTOR VEHICLE, REAR END",,False,Clear or Partly Cloudy,Dry,Daylight,,,,32.0,One parked--one moving,0,0,False,0
-122.30603268346,47.58841158009,807,308871,310151,3815069,Matched,Block,,S MASSACHUSETTS ST BETWEEN 20TH AVE S AND RAINIER AVE S, ,,1,Property Damage Only Collision,Rear Ended,2,0,0,2,0,0,2018-10-14 00:00:00+00,10/14/2018 2:09:00 PM,Mid-Block (but intersection related),14,"MOTOR VEHICLE STRUCK MOTOR VEHICLE, REAR END",,False,Clear or Partly Cloudy,Dry,Daylight,,,,14.0,From same direction - both going straight - one stopped - rear-end,0,0,False,0
-122.328313159662,47.6008743907826,808,308868,310148,3812134,Matched,Block,,S WASHINGTON ST BETWEEN 4TH AVE S AND 5TH AVE S, ,,2,Injury Collision,Rear Ended,2,0,0,2,1,0,2018-12-15 00:00:00+00,12/15/2018 4:40:00 PM,Mid-Block (not related to intersection),14,"MOTOR VEHICLE STRUCK MOTOR VEHICLE, REAR END",True,False,Overcast,Wet,Dark - Street Lights On,,,,14.0,From same direction - both going straight - one stopped - rear-end,0,0,False,0
-122.366173736252,47.6614610980731,809,309124,310404,E858798,Matched,Intersection,26605.0,8TH AVE NW AND NW 45TH ST, ,,1,Property Damage Only Collision,Angles,2,0,0,2,0,0,2018-11-08 00:00:00+00,11/8/2018 4:56:00 PM,At Intersection (intersection related),11,"MOTOR VEHICLE STRUCK MOTOR VEHICLE, FRONT END AT ANGLE",,False,Clear or Partly Cloudy,Dry,Dark - Street Lights On,,,,10.0,Entering at angle,0,0,False,0
-122.334040711503,47.6017221126221,810,308867,310147,3811445,Matched,Block,,YESLER WAY BETWEEN 1ST AVE AND JAMES ST, ,,1,Property Damage Only Collision,Parked Car,2,0,0,2,0,0,2018-12-29 00:00:00+00,12/29/2018 8:30:00 AM,Mid-Block (not related to intersection),11,"MOTOR VEHICLE STRUCK MOTOR VEHICLE, FRONT END AT ANGLE",,False,Clear or Partly Cloudy,Dry,Daylight,,,,20.0,One car leaving parked position,0,0,False,0
-122.334118507613,47.606568603868,811,308866,310146,3811248,Matched,Block,,SPRING ST BETWEEN 3RD AVE AND 4TH AVE, ,,1,Property Damage Only Collision,Rear Ended,3,0,0,2,0,0,2018-12-30 00:00:00+00,12/30/2018 5:07:00 PM,Mid-Block (but intersection related),14,"MOTOR VEHICLE STRUCK MOTOR VEHICLE, REAR END",True,False,Clear or Partly Cloudy,Dry,Dusk,,,,14.0,From same direction - both going straight - one stopped - rear-end,0,0,False,0
-122.307010359298,47.5719237183602,812,308874,310154,E873849,Matched,Block,,S SPOKANE ST BETWEEN 18TH AVE S AND 19TH AVE S, ,,1,Property Damage Only Collision,Sideswipe,2,0,0,2,0,0,2018-12-18 00:00:00+00,12/18/2018 7:46:00 AM,Mid-Block (not related to intersection),11,"MOTOR VEHICLE STRUCK MOTOR VEHICLE, FRONT END AT ANGLE",,False,Raining,Wet,Daylight,,,,11.0,From same direction - both going straight - both moving - sideswipe,0,0,False,0
-122.296518752611,47.7337857704325,814,309127,310407,E858808,Matched,Intersection,35990.0,30TH AVE NE AND NE 145TH ST, ,,1,Property Damage Only Collision,Left Turn,4,0,0,2,0,0,2018-11-08 00:00:00+00,11/8/2018 5:34:00 PM,At Intersection (intersection related),11,"MOTOR VEHICLE STRUCK MOTOR VEHICLE, FRONT END AT ANGLE",,False,Clear or Partly Cloudy,Dry,Dark - Street Lights On,,,,28.0,From opposite direction - one left turn - one straight,0,0,False,0
-122.362398634288,47.6741711909353,816,309122,310402,E858795,Matched,Block,,NW 62ND ST BETWEEN 4TH AVE NW AND 5TH AVE NW, ,,1,Property Damage Only Collision,Parked Car,2,0,0,2,0,0,2018-11-08 00:00:00+00,11/8/2018 4:43:00 PM,Mid-Block (not related to intersection),11,"MOTOR VEHICLE STRUCK MOTOR VEHICLE, FRONT END AT ANGLE",,False,Clear or Partly Cloudy,Dry,Daylight,,,,32.0,One parked--one moving,0,0,False,0
-122.312429795231,47.7051988261827,817,308863,310143,3809978,Matched,Block,,15TH AVE NE BETWEEN NE 104TH ST AND NE 106TH ST, ,,2,Injury Collision,Other,1,0,0,1,1,0,2018-12-19 00:00:00+00,12/19/2018 2:22:00 AM,Mid-Block (not related to intersection),26,MOTOR VEHICLE STRUCK OBJECT IN ROAD,True,False,Overcast,Wet,Dark - Street Lights On,,,,50.0,Fixed object,0,0,False,0
-122.315691025266,47.5729795651181,819,308861,310141,E855194,Matched,Block,,S COLUMBIAN EB WAY BETWEEN I5 SB COLLECTOR AND 14TH AVE S, ,,1,Property Damage Only Collision,Other,1,0,0,1,0,0,2018-10-25 00:00:00+00,10/25/2018 12:39:00 PM,Mid-Block (not related to intersection),26,MOTOR VEHICLE STRUCK OBJECT IN ROAD,True,False,Clear or Partly Cloudy,Wet,Daylight,,,True,50.0,Fixed object,0,0,False,0
-122.298498451604,47.6667444653904,820,308877,310157,E874566,Matched,Block,,27TH AVE NE BETWEEN NE BLAKELEY ST AND NE 53RD ST, ,,1,Property Damage Only Collision,Parked Car,4,0,0,2,0,0,2018-12-18 00:00:00+00,12/18/2018 11:29:00 AM,Mid-Block (not related to intersection),16,"MOTOR VEHICLE STRUCK MOTOR VEHICLE, LEFT SIDE SIDESWIPE",,False,Overcast,Unknown,Daylight,,,,32.0,One parked--one moving,0,0,True,0
-122.330854715811,47.6030001987117,821,308858,310138,3796005,Matched,Block,,JAMES ST BETWEEN 3RD AVE AND 4TH AVE, ,,1,Property Damage Only Collision,Sideswipe,2,0,0,2,0,0,2018-12-21 00:00:00+00,12/21/2018 10:59:00 AM,Mid-Block (not related to intersection),11,"MOTOR VEHICLE STRUCK MOTOR VEHICLE, FRONT END AT ANGLE",,False,Clear or Partly Cloudy,Dry,Daylight,,,,11.0,From same direction - both going straight - both moving - sideswipe,0,0,False,0
-122.362569459604,47.6686499552111,822,309125,310405,E858799,Matched,Block,,NW MARKET ST BETWEEN NW 55TH ST AND 5TH AVE NW, ,,1,Property Damage Only Collision,Sideswipe,2,0,0,2,0,0,2018-11-06 00:00:00+00,11/6/2018 2:37:00 PM,Mid-Block (not related to intersection),14,"MOTOR VEHICLE STRUCK MOTOR VEHICLE, REAR END",,False,Clear or Partly Cloudy,Dry,Daylight,,,,11.0,From same direction - both going straight - both moving - sideswipe,0,0,False,0
-122.269987868884,47.5228170065789,823,308872,310152,3815109,Matched,Block,,RAINIER AVE S BETWEEN S HENDERSON ST AND S DIRECTOR N ST, ,,2,Injury Collision,Rear Ended,2,0,0,2,1,0,2018-11-22 00:00:00+00,11/22/2018 12:09:00 PM,Mid-Block (not related to intersection),14,"MOTOR VEHICLE STRUCK MOTOR VEHICLE, REAR END",True,False,Clear or Partly Cloudy,Dry,Daylight,,,,14.0,From same direction - both going straight - one stopped - rear-end,0,0,False,0
-122.344996819426,47.7250341828433,825,309119,310399,E858792,Matched,Block,,AURORA AVE N BETWEEN N 130TH ST AND N 135TH ST, ,,2,Injury Collision,Left Turn,2,0,0,2,1,0,2018-11-07 00:00:00+00,11/7/2018 4:00:00 PM,Mid-Block (not related to intersection),11,"MOTOR VEHICLE STRUCK MOTOR VEHICLE, FRONT END AT ANGLE",,False,Clear or Partly Cloudy,Dry,Daylight,,,,28.0,From opposite direction - one left turn - one straight,0,0,False,0
-122.265611487158,47.6739038526523,827,309121,310401,E858794,Matched,Block,,SAND POINT WAY NE BETWEEN NE 62ND ST AND NE 63RD ST, ,,1,Property Damage Only Collision,Other,1,0,0,1,0,0,2018-11-08 00:00:00+00,11/8/2018 12:50:00 PM,Mid-Block (not related to intersection),28,MOTOR VEHICLE RAN OFF ROAD - HIT FIXED OBJECT,,False,Clear or Partly Cloudy,Dry,Daylight,,,,50.0,Fixed object,0,0,False,0
-122.320334604127,47.6545250505332,828,309039,310319,E856836,Matched,Block,,NE NORTHLAKE WAY BETWEEN 7TH AVE NE AND 8TH AVE NE, ,,1,Property Damage Only Collision,Parked Car,2,0,0,2,0,0,2018-10-28 00:00:00+00,10/28/2018 6:45:00 PM,Mid-Block (not related to intersection),14,"MOTOR VEHICLE STRUCK MOTOR VEHICLE, REAR END",,True,Overcast,Wet,Dark - Street Lights On,,,,32.0,One parked--one moving,0,0,True,0
-122.310048411364,47.6212844252247,829,309164,310444,E860088,Matched,Block,,17TH AVE E BETWEEN E THOMAS ST AND E HARRISON ST,NEI,"Not Enough Information, or Insufficient Location Information",1,Property Damage Only Collision,Parked Car,2,0,0,2,0,0,2018-11-03 00:00:00+00,11/3/2018,Mid-Block (not related to intersection),0,NOT ENOUGH INFORMATION / NOT APPLICABLE,,False,Unknown,Unknown,Unknown,,,,32.0,One parked--one moving,0,0,True,0
-122.332443644752,47.6491757337149,830,308897,310177,E874570,Matched,Intersection,27289.0,N 35TH ST AND N PACIFIC ST, ,,1,Property Damage Only Collision,Angles,4,0,0,2,0,0,2018-12-20 00:00:00+00,12/20/2018 12:21:00 PM,At Intersection (intersection related),11,"MOTOR VEHICLE STRUCK MOTOR VEHICLE, FRONT END AT ANGLE",True,False,Overcast,Wet,Daylight,,,,10.0,Entering at angle,0,0,False,0
-122.390221568522,47.5207870319717,831,309163,310443,E860086,Matched,Intersection,34815.0,45TH AVE SW AND SW WILDWOOD PL,NEI,"Not Enough Information, or Insufficient Location Information",1,Property Damage Only Collision,Rear Ended,2,0,0,2,0,0,2018-10-25 00:00:00+00,10/25/2018 6:00:00 PM,At Intersection (intersection related),0,NOT ENOUGH INFORMATION / NOT APPLICABLE,,False,Raining,Wet,Other,,,,14.0,From same direction - both going straight - one stopped - rear-end,0,0,False,0
-122.320152353272,47.5473569114516,832,309161,310441,E860030,Matched,Intersection,33134.0,CARLETON AVE S AND S BAILEY ST, ,,1,Property Damage Only Collision,Sideswipe,2,0,0,2,0,0,2018-11-05 00:00:00+00,11/5/2018 10:39:00 AM,At Intersection (intersection related),11,"MOTOR VEHICLE STRUCK MOTOR VEHICLE, FRONT END AT ANGLE",True,False,Clear or Partly Cloudy,Dry,Daylight,,,,11.0,From same direction - both going straight - both moving - sideswipe,0,0,False,0
-122.287920844853,47.551239252003,834,309160,310440,E859771,Matched,Intersection,485825.0,M L KING JR ER WAY S AND S ORCAS ST, ,,1,Property Damage Only Collision,Rear Ended,3,0,0,2,0,0,2018-11-08 00:00:00+00,11/8/2018 1:31:00 PM,At Intersection (but not related to intersection),14,"MOTOR VEHICLE STRUCK MOTOR VEHICLE, REAR END",,False,Clear or Partly Cloudy,Dry,Daylight,,,,14.0,From same direction - both going straight - one stopped - rear-end,0,0,False,0
-122.333728318706,47.5982910012677,836,308881,310161,E874935,Matched,Block,,S KING ST BETWEEN 1ST AVE S AND OCCIDENTAL W AVE S, ,,2,Injury Collision,Pedestrian,2,0,1,1,1,0,2018-12-11 00:00:00+00,12/11/2018 9:54:00 AM,Mid-Block (not related to intersection),18,"MOTOR VEHICLE STRUCK PEDALCYCLIST, FRONT END AT ANGLE",True,False,Raining,Wet,Daylight,,,,5.0,Vehicle Strikes Pedalcyclist,0,0,False,0
-122.363329913676,47.6840025751448,837,309159,310439,E879713,Matched,Intersection,24068.0,6TH AVE NW AND NW 76TH ST, ,,1,Property Damage Only Collision,Angles,3,0,0,2,0,0,2019-01-03 00:00:00+00,1/3/2019 5:07:00 PM,At Intersection (intersection related),11,"MOTOR VEHICLE STRUCK MOTOR VEHICLE, FRONT END AT ANGLE",,False,Raining,Wet,Dark - Street Lights On,,,,10.0,Entering at angle,0,0,False,0
-122.300332042484,47.5463720773859,838,309158,310438,E859770,Matched,Intersection,167336.0,BEACON ER AVE S AND S GRAHAM ST, ,,1,Property Damage Only Collision,Other,2,0,0,2,0,0,2018-11-06 00:00:00+00,11/6/2018 2:48:00 PM,At Intersection (intersection related),11,"MOTOR VEHICLE STRUCK MOTOR VEHICLE, FRONT END AT ANGLE",,False,Clear or Partly Cloudy,Dry,Daylight,,,,23.0,From same direction - all others,0,0,False,0
-122.300166797693,47.5809944390764,839,309157,310437,E859769,Matched,Intersection,31467.0,RAINIER AVE S AND S BAYVIEW ST, ,,2,Injury Collision,Pedestrian,2,1,0,1,1,0,2018-11-03 00:00:00+00,11/3/2018 6:02:00 PM,At Intersection (intersection related),24,MOTOR VEHCILE STRUCK PEDESTRIAN,,False,Raining,Wet,Dark - Street Lights On,,,,2.0,Vehicle turning left hits pedestrian,0,0,False,0
-122.370497828937,47.5373686150788,840,309049,310329,3706847,Matched,Block,,SW OTHELLO ST BETWEEN 29TH AVE SW AND 30TH AVE SW, ,,1,Property Damage Only Collision,Parked Car,2,0,0,2,0,0,2018-12-28 00:00:00+00,12/28/2018 4:30:00 AM,Mid-Block (not related to intersection),14,"MOTOR VEHICLE STRUCK MOTOR VEHICLE, REAR END",,False,Raining,Wet,Dark - Street Lights On,,,,32.0,One parked--one moving,0,0,True,0
-122.320145637458,47.5401698191482,841,308880,310160,E874692,Matched,Block,,ELLIS AVE S BETWEEN S WILLOW ST AND S MYRTLE ST, ,,2,Injury Collision,Rear Ended,4,0,0,4,1,0,2018-12-15 00:00:00+00,12/15/2018 11:07:00 AM,Mid-Block (not related to intersection),14,"MOTOR VEHICLE STRUCK MOTOR VEHICLE, REAR END",,False,Clear or Partly Cloudy,Dry,Daylight,,,,14.0,From same direction - both going straight - one stopped - rear-end,0,0,False,0
-122.31139964697,47.7339364965003,842,309040,310320,E857455,Matched,Block,,NE 145TH ST BETWEEN 15TH AVE NE AND 17TH AVE NE, ,,2,Injury Collision,Rear Ended,4,0,0,4,1,0,2018-10-26 00:00:00+00,10/26/2018 11:29:00 PM,Mid-Block (not related to intersection),14,"MOTOR VEHICLE STRUCK MOTOR VEHICLE, REAR END",,False,Overcast,Dry,Dark - Street Lights On,,,,13.0,From same direction - both going straight - both moving - rear-end,0,0,False,0
-122.347801528606,47.7341290069847,843,309033,310313,E856719,Matched,Intersection,35773.0,LINDEN AVE N AND N 145TH ST, ,,2,Injury Collision,Pedestrian,2,1,0,1,1,0,2018-10-30 00:00:00+00,10/30/2018 5:48:00 PM,At Intersection (intersection related),24,MOTOR VEHCILE STRUCK PEDESTRIAN,True,False,Clear or Partly Cloudy,Dry,Dark - Street Lights On,,,,2.0,Vehicle turning left hits pedestrian,0,0,False,0
-122.317363515198,47.6717452992577,844,308898,310178,E874573,Matched,Block,,ROOSEVELT WAY NE BETWEEN NE 59TH ST AND NE RAVENNA EB BV, ,,1,Property Damage Only Collision,Rear Ended,2,0,0,2,0,0,2018-12-20 00:00:00+00,12/20/2018 1:49:00 PM,Mid-Block (but intersection related),14,"MOTOR VEHICLE STRUCK MOTOR VEHICLE, REAR END",,False,Severe Crosswind,Dry,Daylight,,,,14.0,From same direction - both going straight - one stopped - rear-end,0,0,False,0
-122.306670825227,47.7338829912648,845,309032,310312,E856686,Matched,Block,,NE 145TH ST BETWEEN 20TH AVE NE AND 22ND AVE NE, ,,1,Property Damage Only Collision,Rear Ended,2,0,0,2,0,0,2018-11-02 00:00:00+00,11/2/2018 3:04:00 PM,Mid-Block (not related to intersection),14,"MOTOR VEHICLE STRUCK MOTOR VEHICLE, REAR END",,False,Overcast,Wet,Daylight,,,,14.0,From same direction - both going straight - one stopped - rear-end,0,0,False,0
-122.344946818331,47.7204806266264,850,308879,310159,E874572,Matched,Block,,AURORA AVE N BETWEEN N 125TH ST AND N 127TH ST, ,,2,Injury Collision,Sideswipe,6,0,0,3,1,0,2018-12-18 00:00:00+00,12/18/2018 3:26:00 PM,Mid-Block (not related to intersection),11,"MOTOR VEHICLE STRUCK MOTOR VEHICLE, FRONT END AT ANGLE",,False,Raining,Wet,Dusk,,,,11.0,From same direction - both going straight - both moving - sideswipe,0,0,False,0
-122.301833981441,47.6196671914775,851,308882,310162,E874947,Matched,Block,,E MADISON ST BETWEEN 23RD AVE E AND 24TH AVE E, ,,2,Injury Collision,Rear Ended,3,0,0,2,1,0,2018-12-10 00:00:00+00,12/10/2018 3:43:00 PM,Mid-Block (not related to intersection),14,"MOTOR VEHICLE STRUCK MOTOR VEHICLE, REAR END",,False,Clear or Partly Cloudy,Wet,Daylight,,,,14.0,From same direction - both going straight - one stopped - rear-end,0,0,False,0
-122.344484414405,47.6827723725016,854,309026,310306,E878696,Matched,Intersection,24312.0,AURORA AVE N AND WINONA AVE N, ,,2,Injury Collision,Left Turn,2,0,0,2,2,0,2019-01-02 00:00:00+00,1/2/2019 10:45:00 AM,At Intersection (intersection related),11,"MOTOR VEHICLE STRUCK MOTOR VEHICLE, FRONT END AT ANGLE",,False,Clear or Partly Cloudy,Dry,Daylight,,,,28.0,From opposite direction - one left turn - one straight,0,0,False,0
-122.336821443759,47.5394591168553,857,309041,310321,3608175,Matched,Block,,2ND AV SW TURN RD BETWEEN HIGHLAND PARK WAY SW AND 2ND AVE SW, ,,1,Property Damage Only Collision,Rear Ended,2,0,0,2,0,0,2018-12-27 00:00:00+00,12/27/2018 1:34:00 PM,Mid-Block (but intersection related),14,"MOTOR VEHICLE STRUCK MOTOR VEHICLE, REAR END",True,False,Overcast,Wet,Daylight,,,,73.0,Same direction -- both turning right -- both moving -- rear end,0,0,False,0
-122.341327730115,47.7050466906221,858,308878,310158,E874571,Matched,Block,,N NORTHGATE WAY BETWEEN STONE AVE N AND INTERLAKE AVE N, ,,2,Injury Collision,Rear Ended,5,0,0,3,1,0,2018-12-18 00:00:00+00,12/18/2018 4:16:00 PM,Mid-Block (not related to intersection),14,"MOTOR VEHICLE STRUCK MOTOR VEHICLE, REAR END",True,False,Raining,Wet,Dark - Street Lights On,,,,14.0,From same direction - both going straight - one stopped - rear-end,0,0,False,0
-122.332030231084,47.6904998123629,860,309165,310445,E860112,Matched,Block,,N 85TH ST BETWEEN MERIDIAN AVE N AND CORLISS WAY N, ,,2,Injury Collision,Head On,4,0,0,2,4,0,2018-11-03 00:00:00+00,11/3/2018 5:20:00 PM,Mid-Block (not related to intersection),11,"MOTOR VEHICLE STRUCK MOTOR VEHICLE, FRONT END AT ANGLE",,False,Raining,Wet,Dark - Street Lights On,,,True,30.0,From opposite direction - all others,0,0,False,0
-122.327348547114,47.6140913137238,861,309045,310325,3693216,Matched,Block,,E PIKE ST BETWEEN MELROSE AVE AND BELLEVUE AVE, ,,1,Property Damage Only Collision,Rear Ended,2,0,0,2,0,0,2018-12-29 00:00:00+00,12/29/2018 1:42:00 PM,Mid-Block (but intersection related),14,"MOTOR VEHICLE STRUCK MOTOR VEHICLE, REAR END",,False,Raining,Wet,Daylight,,,,14.0,From same direction - both going straight - one stopped - rear-end,0,0,False,0
-122.290224289353,47.6275177495679,862,309167,310447,E860203,Matched,Block,,E MADISON ST BETWEEN 32ND AVE E AND 33RD AVE E, ,,1,Property Damage Only Collision,Parked Car,2,0,0,2,0,0,2018-11-07 00:00:00+00,11/7/2018 8:30:00 AM,Mid-Block (not related to intersection),0,NOT ENOUGH INFORMATION / NOT APPLICABLE,,False,Clear or Partly Cloudy,Dry,Daylight,,,,32.0,One parked--one moving,0,0,True,0
-122.334433749866,47.5301183559551,864,309166,310446,E860136,Matched,Block,,SR509 NB BETWEEN KENYON ON RP AND 1ST AV S ON RP, ,,1,Property Damage Only Collision,Rear Ended,2,0,0,2,0,0,2018-11-02 00:00:00+00,11/2/2018 9:00:00 AM,Mid-Block (not related to intersection),14,"MOTOR VEHICLE STRUCK MOTOR VEHICLE, REAR END",True,False,Raining,Wet,Daylight,,,,13.0,From same direction - both going straight - both moving - rear-end,0,0,False,0
-122.275705786392,47.5582139261957,867,309057,310337,E858389,Matched,Intersection,33429.0,46TH AVE S AND S FERDINAND ST, ,,1,Property Damage Only Collision,Parked Car,3,0,0,3,0,0,2018-11-07 00:00:00+00,11/7/2018 3:00:00 AM,At Intersection (but not related to intersection),0,NOT ENOUGH INFORMATION / NOT APPLICABLE,,False,Unknown,Unknown,Dark - Street Lights On,,,,32.0,One parked--one moving,0,0,True,0
-122.288819728762,47.5597096162429,868,309169,310449,E860230,Matched,Block,,35TH AVE S BETWEEN S ALASKA ST AND S EDMUNDS ST, ,,1,Property Damage Only Collision,Parked Car,5,0,0,2,0,0,2018-11-06 00:00:00+00,11/6/2018 8:50:00 AM,Mid-Block (not related to intersection),11,"MOTOR VEHICLE STRUCK MOTOR VEHICLE, FRONT END AT ANGLE",,False,Clear or Partly Cloudy,Dry,Daylight,,,,32.0,One parked--one moving,0,0,False,0
-122.35023255016,47.7141465366162,890,309168,310448,E860204,Matched,Intersection,36383.0,FREMONT AVE N AND N 117TH ST, ,,1,Property Damage Only Collision,Angles,2,0,0,2,0,0,2018-11-08 00:00:00+00,11/8/2018 11:30:00 AM,At Intersection (intersection related),14,"MOTOR VEHICLE STRUCK MOTOR VEHICLE, REAR END",,False,Clear or Partly Cloudy,Dry,Daylight,,,,10.0,Entering at angle,0,0,False,0
-122.359800007856,47.5483472040261,870,309056,310336,E858388,Matched,Block,,21ST AVE SW BETWEEN SW JUNEAU ST AND SW GRAHAM ST, ,,1,Property Damage Only Collision,Left Turn,2,0,0,2,0,0,2018-11-07 00:00:00+00,11/7/2018 11:42:00 AM,Mid-Block (not related to intersection),11,"MOTOR VEHICLE STRUCK MOTOR VEHICLE, FRONT END AT ANGLE",,False,Clear or Partly Cloudy,Dry,Daylight,,,,15.0,From same direction - one left turn - one straight,0,0,False,0
-122.329941695541,47.6053570202874,872,308937,310217,E874940,Matched,Block,,COLUMBIA ST BETWEEN 5TH AVE AND 6TH AVE, ,,2,Injury Collision,Other,3,0,0,3,1,0,2018-12-20 00:00:00+00,12/20/2018 8:05:00 AM,Mid-Block (not related to intersection),28,MOTOR VEHICLE RAN OFF ROAD - HIT FIXED OBJECT,True,False,Clear or Partly Cloudy,Wet,Daylight,,,,50.0,Fixed object,0,0,False,0
-122.300356159225,47.5812422793057,873,309172,310452,E860231,Matched,Intersection,31466.0,25TH AVE S AND RAINIER AVE S, ,,1,Property Damage Only Collision,Rear Ended,2,0,0,2,0,0,2018-11-02 00:00:00+00,11/2/2018 8:35:00 AM,At Intersection (but not related to intersection),14,"MOTOR VEHICLE STRUCK MOTOR VEHICLE, REAR END",True,False,Clear or Partly Cloudy,Dry,Daylight,,,,14.0,From same direction - both going straight - one stopped - rear-end,0,0,False,0