longitude,latitude,objectid,inckey,coldetkey,reportno,status,addrtype,intkey,location,exceptrsncode,exceptrsndesc,severitycode,severitydesc,collisiontype,personcount,pedcount,pedcylcount,vehcount,injuries,fatalities,incdate,incdttm,junctiontype,sdot_colcode,sdot_coldesc,inattentionind,underinfl,weather,roadcond,lightcond,pedrownotgrnt,sdotcolnum,speeding,st_colcode,st_coldesc,seglanekey,crosswalkkey,hitparkedcar,seriousinjuries
-122.342282666246,47.6332082976186,874,308918,310198,E874939,Matched,Block,,DEXTER AVE N BETWEEN GARFIELD S ST AND GARFIELD N ST, ,,2,Injury Collision,Cycles,2,0,1,1,1,0,2018-12-20 00:00:00+00,12/20/2018 7:45:00 AM,Driveway Junction,18,"MOTOR VEHICLE STRUCK PEDALCYCLIST, FRONT END AT ANGLE",True,False,Raining,Wet,Daylight,,,,6.0,Pedalcyclist Strikes Moving Vehicle,0,0,False,0
-122.337744567772,47.6148318636958,875,309055,310335,E858384,Matched,Intersection,29541.0,VIRGINIA ST AND WESTLAKE AVE, ,,2,Injury Collision,Angles,4,0,0,2,1,0,2018-11-08 00:00:00+00,11/8/2018 1:51:00 PM,At Intersection (intersection related),11,"MOTOR VEHICLE STRUCK MOTOR VEHICLE, FRONT END AT ANGLE",,False,Clear or Partly Cloudy,Dry,Daylight,,,,10.0,Entering at angle,0,0,False,0
-122.298776468566,47.6158819409885,876,309054,310334,E858372,Matched,Block,,26TH AVE BETWEEN E PINE ST AND E OLIVE ST, ,,1,Property Damage Only Collision,Parked Car,2,0,0,2,0,0,2018-11-08 00:00:00+00,11/8/2018 10:00:00 AM,Mid-Block (not related to intersection),11,"MOTOR VEHICLE STRUCK MOTOR VEHICLE, FRONT END AT ANGLE",,False,Clear or Partly Cloudy,Dry,Unknown,,,,32.0,One parked--one moving,0,0,True,0
-122.355114518855,47.5219527885453,878,309053,310333,3745702,Matched,Block,,16TH AVE SW BETWEEN SW HENDERSON ST AND SW BARTON ST, ,,1,Property Damage Only Collision,Parked Car,5,0,0,5,0,0,2018-12-29 00:00:00+00,12/29/2018 5:04:00 AM,Mid-Block (not related to intersection),14,"MOTOR VEHICLE STRUCK MOTOR VEHICLE, REAR END",,True,Overcast,Wet,Dark - Street Lights On,,,,32.0,One parked--one moving,0,0,True,0
-122.278107950613,47.5424510012882,879,309137,310417,E858848,Matched,Intersection,34423.0,44TH AVE S AND S HOLLY ST, ,,1,Property Damage Only Collision,Pedestrian,2,0,1,1,0,0,2018-10-29 00:00:00+00,10/29/2018 4:24:00 PM,At Intersection (intersection related),18,"MOTOR VEHICLE STRUCK PEDALCYCLIST, FRONT END AT ANGLE",True,False,Overcast,Dry,Daylight,,,,5.0,Vehicle Strikes Pedalcyclist,0,0,False,0
-122.269611133893,47.5168487275478,880,309136,310416,E858847,Matched,Intersection,35484.0,RENTON AVE S AND S ROXBURY ST, ,,1,Property Damage Only Collision,Angles,2,0,0,2,0,0,2018-10-23 00:00:00+00,10/23/2018 11:47:00 AM,At Intersection (intersection related),11,"MOTOR VEHICLE STRUCK MOTOR VEHICLE, FRONT END AT ANGLE",,False,Clear or Partly Cloudy,Dry,Daylight,,,,10.0,Entering at angle,0,0,False,0
-122.370193656062,47.5715593501127,881,309052,310332,3744670,Matched,Block,,WEST SEATTLE BR WB BETWEEN SW ADMIRAL WY OFF RP AND POINT A, ,,1,Property Damage Only Collision,Other,1,0,0,1,0,0,2018-12-28 00:00:00+00,12/28/2018 7:57:00 PM,Mid-Block (not related to intersection),26,MOTOR VEHICLE STRUCK OBJECT IN ROAD,,True,Overcast,Wet,Dark - Street Lights On,,,,50.0,Fixed object,0,0,False,0
-122.344569259483,47.6945465960368,882,309170,310450,E879712,Matched,Block,,AURORA AVE N BETWEEN N 90TH ST AND N 91ST ST, ,,2,Injury Collision,Angles,2,0,0,2,1,0,2019-01-04 00:00:00+00,1/4/2019 1:46:00 PM,Mid-Block (not related to intersection),11,"MOTOR VEHICLE STRUCK MOTOR VEHICLE, FRONT END AT ANGLE",,False,Clear or Partly Cloudy,Wet,Daylight,,,,10.0,Entering at angle,0,0,False,0
-122.373585895146,47.6698043399669,884,309051,310331,E878955,Matched,Block,,14TH AVE NW BETWEEN NW 56TH ST AND NW 57TH ST, ,,1,Property Damage Only Collision,Parked Car,2,0,0,2,0,0,2019-01-02 00:00:00+00,1/2/2019 10:45:00 AM,Mid-Block (not related to intersection),11,"MOTOR VEHICLE STRUCK MOTOR VEHICLE, FRONT END AT ANGLE",,False,Overcast,Dry,Daylight,,,,32.0,One parked--one moving,0,0,True,0
-122.327853523584,47.6184967407019,885,309174,310454,E860294,Matched,Intersection,29165.0,MELROSE AVE AND E DENNY WAY, ,,1,Property Damage Only Collision,Rear Ended,2,0,0,2,0,0,2018-10-27 00:00:00+00,10/27/2018 6:15:00 PM,At Intersection (but not related to intersection),14,"MOTOR VEHICLE STRUCK MOTOR VEHICLE, REAR END",True,False,Raining,Wet,Dark - Street Lights On,,,,14.0,From same direction - both going straight - one stopped - rear-end,0,0,False,0
-122.301912091349,47.7020725363324,886,309050,310330,E858248,Matched,Intersection,37617.0,FISCHER PL NE AND LAKE CITY WAY NE, ,,1,Property Damage Only Collision,Right Turn,3,0,0,2,0,0,2018-11-07 00:00:00+00,11/7/2018 2:20:00 PM,At Intersection (intersection related),11,"MOTOR VEHICLE STRUCK MOTOR VEHICLE, FRONT END AT ANGLE",,False,Clear or Partly Cloudy,Dry,Daylight,,,,16.0,From same direction - one right turn - one straight,0,0,False,0
-122.2878249239,47.5296887384744,887,309134,310414,E858846,Matched,Intersection,269067.0,BEACON ER AVE S AND S ROSE ST, ,,1,Property Damage Only Collision,Angles,2,0,0,2,0,0,2018-10-26 00:00:00+00,10/26/2018 8:02:00 AM,At Intersection (intersection related),14,"MOTOR VEHICLE STRUCK MOTOR VEHICLE, REAR END",,False,Overcast,Wet,Daylight,,,,10.0,Entering at angle,0,0,False,0
-122.329908566623,47.6759534599831,888,309133,310413,E858813,Matched,Block,,N 65TH ST BETWEEN CHAPIN PL N AND SUNNYSIDE AVE N, ,,1,Property Damage Only Collision,Parked Car,3,0,0,3,0,0,2018-11-06 00:00:00+00,11/6/2018 5:05:00 PM,Mid-Block (not related to intersection),14,"MOTOR VEHICLE STRUCK MOTOR VEHICLE, REAR END",True,False,Clear or Partly Cloudy,Dry,Dusk,,,,32.0,One parked--one moving,0,0,True,0
-122.312464144733,47.6529759641361,889,309131,310411,E858811,Matched,Intersection,27149.0,15TH AVE NE AND NE PACIFIC ST, ,,2,Injury Collision,Pedestrian,3,0,1,1,1,0,2018-11-06 00:00:00+00,11/6/2018 3:26:00 PM,At Intersection (intersection related),18,"MOTOR VEHICLE STRUCK PEDALCYCLIST, FRONT END AT ANGLE",,False,Clear or Partly Cloudy,Dry,Daylight,,,,5.0,Vehicle Strikes Pedalcyclist,0,0,False,0
-122.306214335332,47.5944945014495,894,309173,310453,E860291,Matched,Intersection,30790.0,20TH AVE S AND S CHARLES ST, ,,2,Injury Collision,Angles,2,0,0,2,2,0,2018-11-06 00:00:00+00,11/6/2018 4:45:00 PM,At Intersection (intersection related),11,"MOTOR VEHICLE STRUCK MOTOR VEHICLE, FRONT END AT ANGLE",True,False,Clear or Partly Cloudy,Dry,Daylight,,,,10.0,Entering at angle,0,0,False,0
-122.366191344585,47.6636514057797,897,309128,310408,E878957,Matched,Intersection,25452.0,8TH AVE NW AND NW 48TH ST, ,,2,Injury Collision,Angles,3,0,0,3,1,0,2019-01-02 00:00:00+00,1/2/2019 3:19:00 PM,At Intersection (intersection related),11,"MOTOR VEHICLE STRUCK MOTOR VEHICLE, FRONT END AT ANGLE",,False,Overcast,Dry,Daylight,,,,10.0,Entering at angle,0,0,False,0
-122.337544269659,47.6061217584634,900,309144,310424,E879253,Matched,Intersection,29611.0,1ST AVE AND SENECA ST, ,,1,Property Damage Only Collision,Angles,2,0,0,2,0,0,2019-01-03 00:00:00+00,1/3/2019 9:10:00 AM,At Intersection (intersection related),11,"MOTOR VEHICLE STRUCK MOTOR VEHICLE, FRONT END AT ANGLE",True,False,Clear or Partly Cloudy,Wet,Daylight,,,,10.0,Entering at angle,0,0,False,0
-122.344670429061,47.7030581742803,901,309063,310343,3751590,Matched,Block,,AURORA AVE N BETWEEN N 102ND ST AND N 103RD S ST, ,,2,Injury Collision,Rear Ended,2,0,0,2,1,0,2018-12-29 00:00:00+00,12/29/2018 4:08:00 PM,Mid-Block (not related to intersection),14,"MOTOR VEHICLE STRUCK MOTOR VEHICLE, REAR END",,False,Raining,Wet,Dark - Street Lights On,,,,14.0,From same direction - both going straight - one stopped - rear-end,0,0,False,0
-122.334215510157,47.5534259276111,902,309062,310342,E858392,Matched,Intersection,33034.0,1ST AVE S AND S LUCILE ST, ,,1,Property Damage Only Collision,Rear Ended,4,0,0,2,0,0,2018-11-07 00:00:00+00,11/7/2018 12:51:00 PM,At Intersection (but not related to intersection),14,"MOTOR VEHICLE STRUCK MOTOR VEHICLE, REAR END",True,False,Clear or Partly Cloudy,Dry,Daylight,,,,14.0,From same direction - both going straight - one stopped - rear-end,0,0,False,0
-122.333172245935,47.6030193934401,904,309067,310347,E858404,Matched,Intersection,30355.0,2ND AVE AND CHERRY ST, ,,2,Injury Collision,Pedestrian,2,0,1,1,1,0,2018-11-06 00:00:00+00,11/6/2018 7:55:00 AM,At Intersection (intersection related),11,"MOTOR VEHICLE STRUCK MOTOR VEHICLE, FRONT END AT ANGLE",True,False,Clear or Partly Cloudy,Dry,Daylight,,,,5.0,Vehicle Strikes Pedalcyclist,0,0,False,0
-122.371246327239,47.5282829813899,905,309061,310341,E858391,Matched,Intersection,34925.0,30TH AVE SW AND SW THISTLE ST, ,,1,Property Damage Only Collision,Angles,4,0,0,2,0,0,2018-11-07 00:00:00+00,11/7/2018 2:36:00 PM,At Intersection (intersection related),11,"MOTOR VEHICLE STRUCK MOTOR VEHICLE, FRONT END AT ANGLE",True,False,Clear or Partly Cloudy,Dry,Daylight,,,,10.0,Entering at angle,0,0,False,0
-122.345027025033,47.7277672484865,906,309147,310427,E879275,Matched,Block,,AURORA AVE N BETWEEN N 135TH ST AND N 137TH ST, ,,1,Property Damage Only Collision,Angles,2,0,0,2,0,0,2019-01-03 00:00:00+00,1/3/2019 1:13:00 PM,Mid-Block (not related to intersection),11,"MOTOR VEHICLE STRUCK MOTOR VEHICLE, FRONT END AT ANGLE",,False,Raining,Wet,Daylight,,,,10.0,Entering at angle,0,0,False,0
-122.303287716144,47.5997996881222,907,309141,310421,E858896,Matched,Block,,22ND AVE S BETWEEN S MAIN ST AND S JACKSON ST, ,,1,Property Damage Only Collision,Sideswipe,2,0,0,2,0,0,2018-11-05 00:00:00+00,11/5/2018 2:51:00 PM,Mid-Block (not related to intersection),11,"MOTOR VEHICLE STRUCK MOTOR VEHICLE, FRONT END AT ANGLE",,False,Clear or Partly Cloudy,Dry,Daylight,,,,26.0,From opposite direction - both going straight - sideswipe,0,0,False,0
-122.334735199235,47.5390168275518,2093,314983,316463,E875773,Matched,Block,,1ST AV S BR NB BETWEEN POINT A AND SR509 NB, ,,2,Injury Collision,Other,1,0,0,1,1,0,2018-12-23 00:00:00+00,12/23/2018 10:45:00 AM,Mid-Block (not related to intersection),26,MOTOR VEHICLE STRUCK OBJECT IN ROAD,,False,Overcast,Wet,Daylight,,,True,50.0,Fixed object,0,0,False,0
-122.381459365417,47.5583579180535,909,309059,310339,E858390,Matched,Block,,FAUNTLEROY WAY SW BETWEEN SW EDMUNDS ST AND SW HUDSON ST, ,,1,Property Damage Only Collision,Sideswipe,2,0,0,2,0,0,2018-11-07 00:00:00+00,11/7/2018 11:41:00 AM,Mid-Block (not related to intersection),11,"MOTOR VEHICLE STRUCK MOTOR VEHICLE, FRONT END AT ANGLE",,False,Clear or Partly Cloudy,Dry,Daylight,,,,11.0,From same direction - both going straight - both moving - sideswipe,0,0,False,0
-122.355386463232,47.6987428540214,910,309058,310338,E878956,Matched,Block,,GREENWOOD AVE N BETWEEN N 95TH ST AND N 97TH ST, ,,1,Property Damage Only Collision,Parked Car,2,0,0,2,0,0,2019-01-02 00:00:00+00,1/2/2019 11:01:00 AM,Mid-Block (not related to intersection),11,"MOTOR VEHICLE STRUCK MOTOR VEHICLE, FRONT END AT ANGLE",,False,Clear or Partly Cloudy,Dry,Daylight,,,,32.0,One parked--one moving,0,0,True,0
-122.337349365567,47.5204706504791,911,308967,310247,3706845,Matched,Block,,OLSON PL SW BETWEEN 2ND AVE SW AND 3RD AVE SW, ,,1,Property Damage Only Collision,Other,1,0,0,1,0,0,2018-12-23 00:00:00+00,12/23/2018 5:43:00 AM,Mid-Block (not related to intersection),28,MOTOR VEHICLE RAN OFF ROAD - HIT FIXED OBJECT,,False,Raining,Wet,Dark - Street Lights On,,,,50.0,Fixed object,0,0,False,0
-122.360742679076,47.7023995645432,915,309145,310425,E879254,Matched,Intersection,37116.0,3RD AVE NW AND HOLMAN RD NW, ,,1,Property Damage Only Collision,Sideswipe,3,0,0,2,0,0,2019-01-02 00:00:00+00,1/2/2019 3:11:00 PM,At Intersection (intersection related),11,"MOTOR VEHICLE STRUCK MOTOR VEHICLE, FRONT END AT ANGLE",,False,Overcast,Dry,Daylight,,,,11.0,From same direction - both going straight - both moving - sideswipe,0,0,False,0
-122.314425645598,47.6798906493909,916,308955,310235,E876210,Matched,Block,,BROOKLYN AVE NE BETWEEN NE 70TH ST AND DEAD END, ,,1,Property Damage Only Collision,Other,2,0,0,2,0,0,2018-12-21 00:00:00+00,12/21/2018 12:05:00 PM,Mid-Block (not related to intersection),14,"MOTOR VEHICLE STRUCK MOTOR VEHICLE, REAR END",True,False,Clear or Partly Cloudy,Dry,Daylight,,,,23.0,From same direction - all others,0,0,False,0
-122.333708445897,47.5250237161321,917,308954,310234,E856023,Matched,Block,,1ST AV S ON RP BETWEEN SR509 NB AND 1ST S AVE S, ,,2,Injury Collision,Other,1,0,0,1,1,0,2018-10-28 00:00:00+00,10/28/2018 9:38:00 AM,Mid-Block (not related to intersection),26,MOTOR VEHICLE STRUCK OBJECT IN ROAD,,False,Raining,Wet,Daylight,,,True,50.0,Fixed object,0,0,False,0
-122.387653609517,47.5564501141709,918,308965,310245,3608174,Matched,Block,,SW DAWSON ST BETWEEN CALIFORNIA N AVE SW AND 44TH AVE SW, ,,1,Property Damage Only Collision,Parked Car,2,0,0,2,0,0,2018-12-20 00:00:00+00,12/20/2018 8:03:00 AM,Mid-Block (not related to intersection),11,"MOTOR VEHICLE STRUCK MOTOR VEHICLE, FRONT END AT ANGLE",,False,Raining,Wet,Daylight,,,,32.0,One parked--one moving,0,0,True,0
-122.338732428458,47.6122938738909,919,309068,310348,E858405,Matched,Intersection,29565.0,4TH AVE AND STEWART ST, ,,1,Property Damage Only Collision,Cycles,3,0,1,1,0,0,2018-11-07 00:00:00+00,11/7/2018 9:00:00 AM,At Intersection (intersection related),18,"MOTOR VEHICLE STRUCK PEDALCYCLIST, FRONT END AT ANGLE",True,False,Clear or Partly Cloudy,Dry,Daylight,,,,6.0,Pedalcyclist Strikes Moving Vehicle,0,0,False,0
-122.314220434213,47.6138949231155,920,308953,310233,E855635,Matched,Intersection,29751.0,14TH AVE AND E MADISON ST, ,,1,Property Damage Only Collision,Angles,2,0,0,2,0,0,2018-10-31 00:00:00+00,10/31/2018 6:48:00 PM,At Intersection (intersection related),11,"MOTOR VEHICLE STRUCK MOTOR VEHICLE, FRONT END AT ANGLE",,False,Overcast,Wet,Dark - Street Lights On,,,,10.0,Entering at angle,0,0,False,0
-122.296473591448,47.5389639096402,922,309138,310418,E858849,Matched,Intersection,34344.0,BEACON WR AVE S AND S MYRTLE ST, ,,2,Injury Collision,Angles,6,0,0,2,1,0,2018-10-29 00:00:00+00,10/29/2018 5:51:00 PM,At Intersection (intersection related),14,"MOTOR VEHICLE STRUCK MOTOR VEHICLE, REAR END",True,False,Overcast,Dry,Daylight,,,,10.0,Entering at angle,0,0,False,0
-122.342285179891,47.6349869871171,923,309143,310423,E879234,Matched,Block,,DEXTER AVE N BETWEEN HAYES ST AND HOWE ST, ,,2,Injury Collision,Cycles,2,0,1,1,1,0,2019-01-03 00:00:00+00,1/3/2019 9:05:00 AM,Mid-Block (not related to intersection),18,"MOTOR VEHICLE STRUCK PEDALCYCLIST, FRONT END AT ANGLE",,False,Clear or Partly Cloudy,Wet,Daylight,,,,6.0,Pedalcyclist Strikes Moving Vehicle,0,0,False,0
-122.304400035527,47.6500604452214,924,308952,310232,E855373,Matched,Block,,MONTLAKE BLVD NE BETWEEN NE PACIFIC ST AND NE PACIFIC PL, ,,1,Property Damage Only Collision,Sideswipe,2,0,0,2,0,0,2018-10-26 00:00:00+00,10/26/2018 2:49:00 PM,Mid-Block (not related to intersection),14,"MOTOR VEHICLE STRUCK MOTOR VEHICLE, REAR END",True,False,Overcast,Dry,Daylight,,,,11.0,From same direction - both going straight - both moving - sideswipe,0,0,False,0
-122.307344395394,47.7338906325121,925,308951,310231,E855257,Matched,Intersection,36075.0,20TH AVE NE AND NE 145TH ST, ,,1,Property Damage Only Collision,Rear Ended,4,0,0,2,0,0,2018-10-26 00:00:00+00,10/26/2018 1:50:00 AM,At Intersection (but not related to intersection),14,"MOTOR VEHICLE STRUCK MOTOR VEHICLE, REAR END",,True,Raining,Wet,Dark - Street Lights On,,,True,14.0,From same direction - both going straight - one stopped - rear-end,0,0,False,0
-122.308021934621,47.7338983021752,926,308949,310229,E855248,Matched,Block,,NE 145TH ST BETWEEN 19TH AVE NE AND 20TH AVE NE, ,,2,Injury Collision,Rear Ended,3,0,0,2,3,0,2018-10-25 00:00:00+00,10/25/2018 10:07:00 PM,Mid-Block (not related to intersection),14,"MOTOR VEHICLE STRUCK MOTOR VEHICLE, REAR END",,False,Raining,Wet,Dark - Street Lights On,,,,14.0,From same direction - both going straight - one stopped - rear-end,0,0,False,0
-122.334846956374,47.5290045409556,928,308948,310228,E855202,Matched,Block,,1ST AVE S BETWEEN SW KENYON ST AND S CLOVERDALE W ST, ,,1,Property Damage Only Collision,Rear Ended,2,0,0,2,0,0,2018-10-26 00:00:00+00,10/26/2018 6:16:00 PM,Mid-Block (not related to intersection),14,"MOTOR VEHICLE STRUCK MOTOR VEHICLE, REAR END",,False,Overcast,Dry,Dusk,,,,13.0,From same direction - both going straight - both moving - rear-end,0,0,False,0
-122.326249628921,47.608873380183,929,309146,310426,E879274,Matched,Intersection,29924.0,MADISON ST AND TERRY AVE, ,,1,Property Damage Only Collision,Rear Ended,2,0,0,2,0,0,2019-01-04 00:00:00+00,1/4/2019 9:14:00 AM,At Intersection (intersection related),14,"MOTOR VEHICLE STRUCK MOTOR VEHICLE, REAR END",True,False,Overcast,Wet,Daylight,,,,14.0,From same direction - both going straight - one stopped - rear-end,0,0,False,0
-122.376596975836,47.5364822606972,930,308963,310243,3588349,Matched,Block,,35TH AVE SW BETWEEN SW OTHELLO ST AND SW WEBSTER ST, ,,1,Property Damage Only Collision,Rear Ended,2,0,0,2,0,0,2018-12-24 00:00:00+00,12/24/2018 10:55:00 AM,Mid-Block (but intersection related),14,"MOTOR VEHICLE STRUCK MOTOR VEHICLE, REAR END",,False,Clear or Partly Cloudy,Dry,Daylight,,,,14.0,From same direction - both going straight - one stopped - rear-end,0,0,False,0
-122.336429130288,47.6082585389061,931,309066,310346,3795958,Matched,Block,,3RD AVE BETWEEN UNIVERSITY ST AND UNION ST, ,,1,Property Damage Only Collision,Cycles,3,0,1,1,0,0,2018-12-27 00:00:00+00,12/27/2018 9:34:00 AM,Mid-Block (not related to intersection),51,PEDALCYCLIST STRUCK MOTOR VEHICLE FRONT END AT ANGLE,True,False,Clear or Partly Cloudy,Dry,Daylight,,,,6.0,Pedalcyclist Strikes Moving Vehicle,0,0,False,0
-122.33644875314,47.618525246612,933,309069,310349,3795959,Matched,Block,,DENNY WAY BETWEEN TERRY AVE AND BOREN AVE N, ,,2,Injury Collision,Head On,3,0,0,2,2,0,2018-12-28 00:00:00+00,12/28/2018 6:23:00 AM,Mid-Block (not related to intersection),11,"MOTOR VEHICLE STRUCK MOTOR VEHICLE, FRONT END AT ANGLE",,False,Raining,Wet,Dark - Street Lights On,,,,30.0,From opposite direction - all others,0,0,False,0
-122.354847570968,47.7123431831542,934,308966,310246,3694711,Matched,Block,,N 115TH ST BETWEEN GREENWOOD AVE N AND PHINNEY AVE N, ,,1,Property Damage Only Collision,Parked Car,3,0,0,3,0,0,2018-12-26 00:00:00+00,12/26/2018 12:08:00 AM,Mid-Block (not related to intersection),16,"MOTOR VEHICLE STRUCK MOTOR VEHICLE, LEFT SIDE SIDESWIPE",,False,Raining,Wet,Dark - Street Lights On,,,,32.0,One parked--one moving,0,0,True,0
-122.302555001452,47.5841003305554,936,309079,310359,3811140,Matched,Block,,RAINIER AVE S BETWEEN 23RD AVE S AND S WALKER ST, ,,1,Property Damage Only Collision,Rear Ended,4,0,0,2,0,0,2018-12-27 00:00:00+00,12/27/2018 12:10:00 AM,Mid-Block (not related to intersection),14,"MOTOR VEHICLE STRUCK MOTOR VEHICLE, REAR END",,False,Overcast,Dry,Dark - Street Lights On,,,,13.0,From same direction - both going straight - both moving - rear-end,0,0,False,0
-122.370104640109,47.5414357465096,937,308971,310251,3744668,Matched,Block,,SYLVAN WAY SW BETWEEN HIGH POINT DR SW AND SW SYLVAN HEIGHTS DR, ,,1,Property Damage Only Collision,Head On,2,0,0,2,0,0,2018-12-24 00:00:00+00,12/24/2018 10:05:00 AM,Mid-Block (not related to intersection),11,"MOTOR VEHICLE STRUCK MOTOR VEHICLE, FRONT END AT ANGLE",,False,Overcast,Wet,Daylight,,,,30.0,From opposite direction - all others,0,0,False,0
-122.373486464559,47.5675535574956,939,308970,310250,3744666,Matched,Block,,WEST SEATTLE BR WB BETWEEN POINT A AND 35TH AVE SW, ,,1,Property Damage Only Collision,Other,3,0,0,2,0,0,2018-12-23 00:00:00+00,12/23/2018 12:40:00 PM,Mid-Block (not related to intersection),26,MOTOR VEHICLE STRUCK OBJECT IN ROAD,,False,Raining,Wet,Daylight,,,True,50.0,Fixed object,0,0,False,0
-122.280755743932,47.6584141040416,940,308969,310249,3707720,Matched,Block,,NE 41ST ST BETWEEN 43RD AVE NE AND 44TH AVE NE, ,,1,Property Damage Only Collision,Parked Car,2,0,0,2,0,0,2018-12-12 00:00:00+00,12/12/2018 1:22:00 AM,Mid-Block (not related to intersection),14,"MOTOR VEHICLE STRUCK MOTOR VEHICLE, REAR END",,True,Overcast,Wet,Dark - Street Lights On,,,,32.0,One parked--one moving,0,0,True,0
-122.356700258708,47.6260140941768,941,309082,310362,3812492,Matched,Block,,QUEEN ANNE AVE N BETWEEN W ROY ST AND VALLEY ST, ,,1,Property Damage Only Collision,Rear Ended,3,0,0,2,0,0,2018-12-28 00:00:00+00,12/28/2018 7:31:00 AM,Mid-Block (but intersection related),14,"MOTOR VEHICLE STRUCK MOTOR VEHICLE, REAR END",True,False,Raining,Wet,Dawn,,,,14.0,From same direction - both going straight - one stopped - rear-end,0,0,False,0
-122.334191683391,47.5715781844494,942,308443,309723,3745916,Matched,Block,,WEST SEATTLE BR WB BETWEEN 1ST AV S OFF RP AND 1ST AV S ON RP, ,,1,Property Damage Only Collision,Other,2,0,0,1,0,0,2018-12-20 00:00:00+00,12/20/2018 2:25:00 AM,Mid-Block (not related to intersection),26,MOTOR VEHICLE STRUCK OBJECT IN ROAD,,True,Raining,Wet,Dark - Street Lights On,,,True,50.0,Fixed object,0,0,False,0
-122.30328493915,47.599274529208,943,309152,310432,E858898,Matched,Intersection,30756.0,22ND AVE S AND S JACKSON ST, ,,2,Injury Collision,Left Turn,2,0,0,2,1,0,2018-11-08 00:00:00+00,11/8/2018 5:36:00 PM,At Intersection (intersection related),11,"MOTOR VEHICLE STRUCK MOTOR VEHICLE, FRONT END AT ANGLE",,False,Overcast,Dry,Dark - Street Lights On,,,,28.0,From opposite direction - one left turn - one straight,0,0,False,0
-122.313407704194,47.5716290176354,944,309201,310481,E880066,Matched,Intersection,32245.0,15TH AVE S AND S SPOKANE ST, ,,1,Property Damage Only Collision,Sideswipe,2,0,0,2,0,0,2019-01-03 00:00:00+00,1/3/2019 7:26:00 AM,At Intersection (intersection related),11,"MOTOR VEHICLE STRUCK MOTOR VEHICLE, FRONT END AT ANGLE",,False,Raining,Wet,Dark - Street Lights On,,,,11.0,From same direction - both going straight - both moving - sideswipe,0,0,False,0
-122.338047720953,47.6117056786624,945,309077,310357,E858464,Matched,Block,,4TH AVE BETWEEN PINE ST AND OLIVE WAY,NEI,"Not Enough Information, or Insufficient Location Information",1,Property Damage Only Collision,Parked Car,2,0,0,2,0,0,2018-11-03 00:00:00+00,11/3/2018 6:08:00 PM,Mid-Block (not related to intersection),0,NOT ENOUGH INFORMATION / NOT APPLICABLE,,False,Unknown,Unknown,Unknown,,,,32.0,One parked--one moving,0,0,False,0
-122.32348350211,47.7340529814808,946,308975,310255,E856685,Matched,Intersection,35853.0,5TH AVE NE AND NE 145TH ST, ,,2,Injury Collision,Left Turn,2,0,0,2,1,0,2018-11-02 00:00:00+00,11/2/2018 6:00:00 AM,At Intersection (intersection related),11,"MOTOR VEHICLE STRUCK MOTOR VEHICLE, FRONT END AT ANGLE",,False,Overcast,Wet,Dark - Street Lights On,,,,28.0,From opposite direction - one left turn - one straight,0,0,False,0
-122.371002950082,47.6285889212905,949,308446,309726,3753728,Matched,Intersection,28695.0,ELLIOTT AVE W AND W PROSPECT ST, ,,2,Injury Collision,Angles,2,0,0,2,2,0,2018-12-20 00:00:00+00,12/20/2018 4:55:00 AM,At Intersection (intersection related),11,"MOTOR VEHICLE STRUCK MOTOR VEHICLE, FRONT END AT ANGLE",True,False,Raining,Wet,Dawn,,,,10.0,Entering at angle,0,0,False,0
-122.329970356722,47.602875135733,950,309155,310435,E859164,Matched,Block,,4TH AVE BETWEEN JEFFERSON ST AND JAMES ST, ,,1,Property Damage Only Collision,Sideswipe,2,0,0,2,0,0,2018-11-08 00:00:00+00,11/8/2018 4:37:00 PM,Mid-Block (not related to intersection),11,"MOTOR VEHICLE STRUCK MOTOR VEHICLE, FRONT END AT ANGLE",True,False,Clear or Partly Cloudy,Dry,Dark - Street Lights On,,,,11.0,From same direction - both going straight - both moving - sideswipe,0,0,False,0
-122.300166797693,47.5809944390764,951,309179,310459,E860303,Matched,Intersection,31467.0,RAINIER AVE S AND S BAYVIEW ST, ,,1,Property Damage Only Collision,Left Turn,5,0,0,3,0,0,2018-11-08 00:00:00+00,11/8/2018 5:18:00 PM,At Intersection (intersection related),11,"MOTOR VEHICLE STRUCK MOTOR VEHICLE, FRONT END AT ANGLE",,False,Clear or Partly Cloudy,Dry,Dark - Street Lights On,,,,28.0,From opposite direction - one left turn - one straight,0,0,False,0
-122.3608002126,47.6653496132323,952,309150,310430,E879504,Matched,Block,,3RD AVE NW BETWEEN NW 50TH ST AND NW 51ST ST, ,,1,Property Damage Only Collision,Parked Car,2,0,0,2,0,0,2019-01-03 00:00:00+00,1/3/2019 10:00:00 AM,Mid-Block (not related to intersection),11,"MOTOR VEHICLE STRUCK MOTOR VEHICLE, FRONT END AT ANGLE",,False,Raining,Wet,Daylight,,,,32.0,One parked--one moving,0,0,True,0
-122.320603145826,47.7103953083559,953,308974,310254,3751111,Matched,Block,,8TH AVE NE BETWEEN NE NORTHGATE WAY AND NE 115TH ST, ,,2,Injury Collision,Angles,3,0,0,2,2,0,2018-12-23 00:00:00+00,12/23/2018 9:42:00 PM,Driveway Junction,11,"MOTOR VEHICLE STRUCK MOTOR VEHICLE, FRONT END AT ANGLE",,False,Overcast,Wet,Dark - Street Lights On,,,True,10.0,Entering at angle,0,0,False,0