longitude,latitude,objectid,inckey,coldetkey,reportno,status,addrtype,intkey,location,exceptrsncode,exceptrsndesc,severitycode,severitydesc,collisiontype,personcount,pedcount,pedcylcount,vehcount,injuries,fatalities,incdate,incdttm,junctiontype,sdot_colcode,sdot_coldesc,inattentionind,underinfl,weather,roadcond,lightcond,pedrownotgrnt,sdotcolnum,speeding,st_colcode,st_coldesc,seglanekey,crosswalkkey,hitparkedcar,seriousinjuries
-122.328879836598,47.7340948741846,954,309080,310360,E858483,Matched,Intersection,35906.0,1ST AVE NE AND NE 145TH ST, ,,2,Injury Collision,Left Turn,2,0,0,2,1,0,2018-11-06 00:00:00+00,11/6/2018 9:00:00 PM,At Intersection (intersection related),11,"MOTOR VEHICLE STRUCK MOTOR VEHICLE, FRONT END AT ANGLE",,True,Overcast,Wet,Dark - Street Lights On,,,,28.0,From opposite direction - one left turn - one straight,0,0,False,0
-122.334199807709,47.5818951934877,955,309178,310458,E860302,Matched,Intersection,31365.0,1ST AVE S AND S STACY ST, ,,2,Injury Collision,Rear Ended,2,0,0,2,1,0,2018-11-06 00:00:00+00,11/6/2018 2:51:00 PM,At Intersection (intersection related),14,"MOTOR VEHICLE STRUCK MOTOR VEHICLE, REAR END",,False,Clear or Partly Cloudy,Dry,Daylight,,,,84.0,Same direction -- both turning left -- one stopped -- rear end,0,0,False,0
-122.29069886527,47.5697706134882,956,309075,310355,E858409,Matched,Intersection,32672.0,RAINIER AVE S AND S CHARLESTOWN ST, ,,1,Property Damage Only Collision,Rear Ended,2,0,0,2,0,0,2018-11-06 00:00:00+00,11/6/2018 11:25:00 AM,At Intersection (but not related to intersection),14,"MOTOR VEHICLE STRUCK MOTOR VEHICLE, REAR END",,False,Clear or Partly Cloudy,Dry,Daylight,,,,14.0,From same direction - both going straight - one stopped - rear-end,0,0,False,0
-122.32939513369,47.5659655951915,957,309177,310457,E860301,Matched,Block,,4TH AVE S BETWEEN DIAGONAL AVE S AND COSTCO DR, ,,2,Injury Collision,Left Turn,2,0,0,2,1,0,2018-10-31 00:00:00+00,10/31/2018 1:57:00 PM,Mid-Block (not related to intersection),11,"MOTOR VEHICLE STRUCK MOTOR VEHICLE, FRONT END AT ANGLE",,False,Overcast,Dry,Daylight,,,,28.0,From opposite direction - one left turn - one straight,0,0,False,0
-122.355300310843,47.6880263040823,958,309176,310456,E879716,Matched,Block,,GREENWOOD AVE N BETWEEN N 81ST ST AND N 82ND ST, ,,2b,Serious Injury Collision,Pedestrian,3,0,1,2,1,0,2019-01-03 00:00:00+00,1/3/2019 6:24:00 PM,Mid-Block (not related to intersection),11,"MOTOR VEHICLE STRUCK MOTOR VEHICLE, FRONT END AT ANGLE",,False,Overcast,Wet,Dark - Street Lights On,,,,5.0,Vehicle Strikes Pedalcyclist,0,0,True,1
-122.302499625066,47.6202072950364,959,309148,310428,E879276,Matched,Intersection,29380.0,23RD AVE E AND E JOHN ST, ,,1,Property Damage Only Collision,Angles,2,0,0,2,0,0,2019-01-04 00:00:00+00,1/4/2019 11:46:00 AM,At Intersection (intersection related),11,"MOTOR VEHICLE STRUCK MOTOR VEHICLE, FRONT END AT ANGLE",True,False,Overcast,Dry,Daylight,,,,10.0,Entering at angle,0,0,False,0
-122.333273800132,47.5186739798922,960,308444,309724,3746102,Matched,Block,,MYERS WAY S BETWEEN OLSON PL SW AND CITY LIMITS, ,,1,Property Damage Only Collision,Left Turn,3,0,0,2,0,0,2018-12-19 00:00:00+00,12/19/2018 10:55:00 AM,Mid-Block (not related to intersection),11,"MOTOR VEHICLE STRUCK MOTOR VEHICLE, FRONT END AT ANGLE",,False,Overcast,Wet,Daylight,,,True,28.0,From opposite direction - one left turn - one straight,0,0,False,0
-122.313074160404,47.6649007239281,962,309175,310455,E879715,Matched,Intersection,25793.0,UNIVERSITY WAY NE AND NE 50TH ST, ,,2,Injury Collision,Pedestrian,2,1,0,1,1,0,2019-01-03 00:00:00+00,1/3/2019 5:01:00 PM,At Intersection (intersection related),24,MOTOR VEHCILE STRUCK PEDESTRIAN,,False,Raining,Wet,Dark - Street Lights On,True,,,2.0,Vehicle turning left hits pedestrian,0,0,False,0
-122.332132652775,47.5341477682515,963,309078,310358,E858480,Matched,Intersection,34281.0,WEST MARGINAL WAY S AND S HOLDEN ST, ,,2,Injury Collision,Rear Ended,4,0,0,3,1,0,2018-11-08 00:00:00+00,11/8/2018 4:03:00 PM,At Intersection (but not related to intersection),14,"MOTOR VEHICLE STRUCK MOTOR VEHICLE, REAR END",,False,Clear or Partly Cloudy,Dry,Dusk,,,,13.0,From same direction - both going straight - both moving - rear-end,0,0,False,0
-122.376761116968,47.6768204718322,965,308976,310256,3751419,Matched,Block,,15TH AVE NW BETWEEN NW 65TH ST AND NW 67TH ST, ,,1,Property Damage Only Collision,Parked Car,2,0,0,2,0,0,2018-11-28 00:00:00+00,11/28/2018 4:00:00 PM,Mid-Block (not related to intersection),15,"MOTOR VEHICLE STRUCK MOTOR VEHICLE, RIGHT SIDE SIDESWIPE",,False,Clear or Partly Cloudy,Dry,Daylight,,,,32.0,One parked--one moving,0,0,True,0
-122.344760011155,47.7090583478045,966,309074,310354,3810018,Matched,Block,,AURORA AVE N BETWEEN N 109TH ST AND N 112TH ST, ,,1,Property Damage Only Collision,Rear Ended,3,0,0,2,0,0,2018-12-28 00:00:00+00,12/28/2018 5:50:00 PM,Mid-Block (not related to intersection),14,"MOTOR VEHICLE STRUCK MOTOR VEHICLE, REAR END",,False,Raining,Wet,Dark - Street Lights Off,,,,14.0,From same direction - both going straight - one stopped - rear-end,0,0,False,0
-122.334086135046,47.6749551312048,967,309073,310353,3809963,Matched,Block,,EAST GREEN LAKE WAY N BETWEEN N 63RD ST AND N 64TH ST, ,,1,Property Damage Only Collision,Rear Ended,6,0,0,2,0,0,2018-12-28 00:00:00+00,12/28/2018 10:34:00 PM,Mid-Block (but intersection related),14,"MOTOR VEHICLE STRUCK MOTOR VEHICLE, REAR END",,False,Overcast,Wet,Dark - Street Lights On,,,,14.0,From same direction - both going straight - one stopped - rear-end,0,0,False,0
-122.359312719231,47.6906178580478,968,309072,310352,3809838,Matched,Block,,NW 85TH ST BETWEEN 1ST AVE NW AND 3RD AVE NW, ,,2,Injury Collision,Other,2,0,0,2,1,0,2018-12-27 00:00:00+00,12/27/2018 12:49:00 PM,Mid-Block (not related to intersection),11,"MOTOR VEHICLE STRUCK MOTOR VEHICLE, FRONT END AT ANGLE",True,False,Overcast,Wet,Daylight,,,,23.0,From same direction - all others,0,0,False,0
-122.329062135101,47.5687771777474,971,309076,310356,3810975,Matched,Block,,4TH AVE S BETWEEN W SEA BR EB 4 AV OFF RP AND S INDUSTRIAL WB WAY, ,,2,Injury Collision,Rear Ended,3,0,0,2,1,0,2018-12-27 00:00:00+00,12/27/2018 3:17:00 PM,Mid-Block (but intersection related),14,"MOTOR VEHICLE STRUCK MOTOR VEHICLE, REAR END",,False,Clear or Partly Cloudy,Dry,Daylight,,,,14.0,From same direction - both going straight - one stopped - rear-end,0,0,False,0
-122.314724921559,47.568991883079,972,309081,310361,3811141,Matched,Block,,14TH AVE S BETWEEN S COURT ST AND S DAKOTA ST, ,,1,Property Damage Only Collision,Parked Car,2,0,0,2,0,0,2018-12-28 00:00:00+00,12/28/2018 1:38:00 PM,Mid-Block (not related to intersection),11,"MOTOR VEHICLE STRUCK MOTOR VEHICLE, FRONT END AT ANGLE",,False,Raining,Wet,Daylight,,,,32.0,One parked--one moving,0,0,True,0
-122.339052151338,47.5191743781422,973,308972,310252,3744669,Matched,Block,,OLSON PL SW BETWEEN 3RD AVE SW AND SW CAMBRIDGE PL, ,,1,Property Damage Only Collision,Other,1,0,0,1,0,0,2018-12-26 00:00:00+00,12/26/2018 3:25:00 PM,Mid-Block (not related to intersection),28,MOTOR VEHICLE RAN OFF ROAD - HIT FIXED OBJECT,,False,Raining,Wet,Dusk,,,,50.0,Fixed object,0,0,False,0
-122.293193745219,47.7228990657175,975,308445,309725,3751386,Matched,Intersection,36052.0,LAKE CITY WAY NE AND NE 130TH ST, ,,2,Injury Collision,Rear Ended,3,0,0,2,1,0,2018-12-20 00:00:00+00,12/20/2018 8:57:00 AM,At Intersection (but not related to intersection),14,"MOTOR VEHICLE STRUCK MOTOR VEHICLE, REAR END",True,False,Raining,Wet,Daylight,,,,14.0,From same direction - both going straight - one stopped - rear-end,0,0,False,0
-122.34233970811,47.6251194993265,976,309154,310434,E859163,Matched,Block,,DEXTER AVE N BETWEEN BROAD ST AND ROY ST, ,,1,Property Damage Only Collision,Other,2,0,0,2,0,0,2018-11-06 00:00:00+00,11/6/2018 6:01:00 PM,Mid-Block (not related to intersection),11,"MOTOR VEHICLE STRUCK MOTOR VEHICLE, FRONT END AT ANGLE",,False,Clear or Partly Cloudy,Dry,Dark - No Street Lights,,,,23.0,From same direction - all others,0,0,False,0
-122.271247905343,47.5402509348357,977,309149,310429,E879277,Matched,Block,,RAINIER AVE S BETWEEN S WILLOW ST AND S FRONTENAC ST, ,,2,Injury Collision,Parked Car,3,0,0,2,1,0,2019-01-03 00:00:00+00,1/3/2019 5:15:00 PM,Mid-Block (not related to intersection),11,"MOTOR VEHICLE STRUCK MOTOR VEHICLE, FRONT END AT ANGLE",,False,Clear or Partly Cloudy,Dry,Daylight,,,,20.0,One car leaving parked position,0,0,False,0
-122.312464144733,47.6529759641361,978,308568,309848,E872065,Matched,Intersection,27149.0,15TH AVE NE AND NE PACIFIC ST, ,,2,Injury Collision,Rear Ended,2,0,0,2,1,0,2018-12-04 00:00:00+00,12/4/2018 3:50:00 PM,At Intersection (but not related to intersection),14,"MOTOR VEHICLE STRUCK MOTOR VEHICLE, REAR END",True,False,Clear or Partly Cloudy,Dry,Dark - Street Lights On,,,,14.0,From same direction - both going straight - one stopped - rear-end,0,0,False,0
-122.33630255552,47.5903290253935,979,308454,309734,3812482,Matched,Block,,S ATLANTIC ST BETWEEN COLORADO AVE S AND EAST FRONTAGE RD S, ,,1,Property Damage Only Collision,Other,2,0,0,1,0,0,2018-12-19 00:00:00+00,12/19/2018 2:09:00 AM,Mid-Block (not related to intersection),26,MOTOR VEHICLE STRUCK OBJECT IN ROAD,,True,Overcast,Wet,Dark - Street Lights On,,,True,50.0,Fixed object,0,0,False,0
-122.372086991068,47.6294368513509,980,308567,309847,E872045,Matched,Block,,ELLIOTT AVE W BETWEEN W PROSPECT ST AND W LEE ST, ,,1,Property Damage Only Collision,Rear Ended,2,0,0,2,0,0,2018-12-13 00:00:00+00,12/13/2018 1:04:00 PM,Mid-Block (not related to intersection),11,"MOTOR VEHICLE STRUCK MOTOR VEHICLE, FRONT END AT ANGLE",,False,Raining,Wet,Daylight,,,,13.0,From same direction - both going straight - both moving - rear-end,0,0,False,0
-122.340494426705,47.6180272305679,981,308453,309733,3812444,Matched,Intersection,29513.0,8TH AVE AND BELL ST, ,,2,Injury Collision,Angles,2,0,0,2,2,0,2018-12-15 00:00:00+00,12/15/2018 3:10:00 PM,At Intersection (intersection related),11,"MOTOR VEHICLE STRUCK MOTOR VEHICLE, FRONT END AT ANGLE",,False,Overcast,Dry,Dusk,,,True,10.0,Entering at angle,0,0,False,0
-122.323047186042,47.562018909467,982,308452,309732,3812074,Matched,Intersection,32311.0,AIRPORT WAY S AND S SNOQUALMIE ST, ,,2,Injury Collision,Left Turn,2,0,0,2,1,0,2018-12-16 00:00:00+00,12/16/2018 12:09:00 PM,At Intersection (intersection related),11,"MOTOR VEHICLE STRUCK MOTOR VEHICLE, FRONT END AT ANGLE",True,False,Overcast,Wet,Daylight,,,,28.0,From opposite direction - one left turn - one straight,0,0,False,0
-122.323494485907,47.7334980481935,983,308566,309846,E872002,Matched,Block,,5TH AVE NE BETWEEN 145TH ST OFF RP AND NE 145TH ST, ,,2,Injury Collision,Rear Ended,5,0,0,3,2,0,2018-12-11 00:00:00+00,12/11/2018 4:29:00 PM,Mid-Block (not related to intersection),14,"MOTOR VEHICLE STRUCK MOTOR VEHICLE, REAR END",True,False,Raining,Wet,Dark - Street Lights On,,,,14.0,From same direction - both going straight - one stopped - rear-end,0,0,False,0
-122.334676551927,47.6145036467169,984,308463,309743,E870929,Matched,Block,,8TH AVE BETWEEN OLIVE WAY AND STEWART ST, ,,2,Injury Collision,Cycles,2,0,1,1,1,0,2018-12-05 00:00:00+00,12/5/2018 12:00:00 PM,Driveway Junction,18,"MOTOR VEHICLE STRUCK PEDALCYCLIST, FRONT END AT ANGLE",True,False,Clear or Partly Cloudy,Dry,Daylight,,,,6.0,Pedalcyclist Strikes Moving Vehicle,0,0,False,0
-122.329292105679,47.6184493537895,985,308565,309845,E871941,Matched,Block,,DENNY WAY BETWEEN STEWART ST AND MELROSE AVE, ,,2,Injury Collision,Head On,2,0,0,2,2,0,2018-12-13 00:00:00+00,12/13/2018 1:00:00 PM,Mid-Block (not related to intersection),11,"MOTOR VEHICLE STRUCK MOTOR VEHICLE, FRONT END AT ANGLE",,False,Raining,Wet,Daylight,,,,30.0,From opposite direction - all others,0,0,False,0
-122.28154953839,47.6757882901438,987,308514,309794,E871882,Matched,Block,,NE 65TH ST BETWEEN 43RD AVE NE AND 44TH AVE NE, ,,1,Property Damage Only Collision,Rear Ended,2,0,0,2,0,0,2018-12-12 00:00:00+00,12/12/2018 9:08:00 AM,Mid-Block (but intersection related),14,"MOTOR VEHICLE STRUCK MOTOR VEHICLE, REAR END",True,False,Overcast,Wet,Daylight,,,,14.0,From same direction - both going straight - one stopped - rear-end,0,0,False,0
-122.284629529444,47.5570411194116,988,308458,309738,3815059,Matched,Intersection,33579.0,RAINIER AVE S AND S HUDSON ST, ,,2,Injury Collision,Pedestrian,2,1,0,1,1,0,2018-12-17 00:00:00+00,12/17/2018 6:16:00 PM,At Intersection (intersection related),24,MOTOR VEHCILE STRUCK PEDESTRIAN,True,False,Raining,Wet,Dark - Street Lights On,,,,2.0,Vehicle turning left hits pedestrian,0,0,False,0
-122.315456918127,47.6122313965811,991,308513,309793,E871589,Matched,Block,,13TH AVE BETWEEN E SPRING ST AND E UNION ST, ,,1,Property Damage Only Collision,Parked Car,2,0,0,2,0,0,2018-12-12 00:00:00+00,12/12/2018 3:15:00 PM,Mid-Block (not related to intersection),11,"MOTOR VEHICLE STRUCK MOTOR VEHICLE, FRONT END AT ANGLE",True,False,Raining,Wet,Daylight,,,,32.0,One parked--one moving,0,0,True,0
-122.335586466815,47.603982238495,993,308512,309792,3812503,Matched,Intersection,29622.0,1ST AVE AND MARION ST, ,,2,Injury Collision,Angles,3,0,0,2,2,0,2018-12-14 00:00:00+00,12/14/2018 10:10:00 PM,At Intersection (intersection related),11,"MOTOR VEHICLE STRUCK MOTOR VEHICLE, FRONT END AT ANGLE",True,False,Overcast,Wet,Dark - Street Lights On,,,,10.0,Entering at angle,0,0,False,0
-122.262777397341,47.5201170126263,994,308457,309737,3815010,Matched,Intersection,35451.0,RAINIER AVE S AND SEWARD PARK AVE S, ,,1,Property Damage Only Collision,Angles,2,0,0,2,0,0,2018-12-15 00:00:00+00,12/15/2018 7:11:00 AM,At Intersection (intersection related),11,"MOTOR VEHICLE STRUCK MOTOR VEHICLE, FRONT END AT ANGLE",,False,Overcast,Wet,Dark - No Street Lights,,,,10.0,Entering at angle,0,0,False,0
-122.332950313074,47.6145210611538,995,308511,309791,3812485,Matched,Intersection,29870.0,9TH AVE AND OLIVE WAY, ,,1,Property Damage Only Collision,Pedestrian,2,0,1,1,0,0,2018-12-19 00:00:00+00,12/19/2018 12:00:00 PM,At Intersection (intersection related),51,PEDALCYCLIST STRUCK MOTOR VEHICLE FRONT END AT ANGLE,True,False,Overcast,Unknown,Daylight,,,,5.0,Vehicle Strikes Pedalcyclist,0,0,False,0
-122.314165334497,47.6061919639057,996,308642,309922,E877681,Matched,Intersection,29805.0,14TH AVE AND E JEFFERSON ST, ,,1,Property Damage Only Collision,Left Turn,2,0,0,2,0,0,2018-12-23 00:00:00+00,12/23/2018,At Intersection (intersection related),11,"MOTOR VEHICLE STRUCK MOTOR VEHICLE, FRONT END AT ANGLE",,False,Raining,Wet,Dark - Street Lights On,,,,28.0,From opposite direction - one left turn - one straight,0,0,False,0
-122.334287968664,47.6246937770269,997,308510,309790,3812449,Matched,Intersection,28760.0,FAIRVIEW AVE N AND MERCER ST, ,,1,Property Damage Only Collision,Left Turn,5,0,0,2,0,0,2018-12-19 00:00:00+00,12/19/2018 5:45:00 PM,At Intersection (intersection related),11,"MOTOR VEHICLE STRUCK MOTOR VEHICLE, FRONT END AT ANGLE",,False,Overcast,Dry,Dark - Street Lights On,,,,28.0,From opposite direction - one left turn - one straight,0,0,False,0
-122.319968247356,47.6794949840841,998,308641,309921,E877649,Matched,Intersection,24460.0,8TH AVE NE AND NE 70TH ST ON RP, ,,2,Injury Collision,Left Turn,5,0,0,2,1,0,2018-12-27 00:00:00+00,12/27/2018 5:29:00 PM,At Intersection (intersection related),11,"MOTOR VEHICLE STRUCK MOTOR VEHICLE, FRONT END AT ANGLE",,False,Overcast,Dry,Dark - Street Lights On,,,,28.0,From opposite direction - one left turn - one straight,0,0,False,0
-122.317741510683,47.6598501733561,999,308640,309920,E877648,Matched,Intersection,27073.0,ROOSEVELT WAY NE AND NE 43RD N ST, ,,2,Injury Collision,Pedestrian,2,1,0,1,1,0,2018-12-25 00:00:00+00,12/25/2018 6:53:00 PM,At Intersection (intersection related),24,MOTOR VEHCILE STRUCK PEDESTRIAN,,True,Overcast,Dry,Dark - Street Lights On,True,,,2.0,Vehicle turning left hits pedestrian,0,0,False,0
-122.312363374203,47.5916064349291,1000,308509,309789,3812075,Matched,Intersection,30807.0,STURGUS AVE S AND S JUDKINS ST, ,,1,Property Damage Only Collision,Other,1,0,0,1,0,0,2018-12-26 00:00:00+00,12/26/2018 7:38:00 AM,At Intersection (intersection related),26,MOTOR VEHICLE STRUCK OBJECT IN ROAD,,False,Unknown,Unknown,Unknown,,,,50.0,Fixed object,0,0,False,0
-122.328913101671,47.6134658203127,2002,315068,316548,E894010,Matched,Intersection,29878.0,BOREN AVE AND PIKE ST, ,,1,Property Damage Only Collision,Sideswipe,2,0,0,2,0,0,2018-12-30 00:00:00+00,12/30/2018 9:34:00 AM,At Intersection (but not related to intersection),11,"MOTOR VEHICLE STRUCK MOTOR VEHICLE, FRONT END AT ANGLE",,False,Clear or Partly Cloudy,Dry,Daylight,,,,71.0,Same direction -- both turning right -- both moving -- sideswipe,0,0,False,0
-122.324749252122,47.6055546978817,2005,315067,316547,E894009,Matched,Intersection,29959.0,9TH AVE AND JAMES ST, ,,1,Property Damage Only Collision,Sideswipe,2,0,0,2,0,0,2018-12-14 00:00:00+00,12/14/2018 6:46:00 AM,At Intersection (but not related to intersection),11,"MOTOR VEHICLE STRUCK MOTOR VEHICLE, FRONT END AT ANGLE",,False,Clear or Partly Cloudy,Wet,Dark - Street Lights On,,,,11.0,From same direction - both going straight - both moving - sideswipe,0,0,False,0
-122.302552327005,47.6189337703498,2012,315065,316545,E894007,Matched,Intersection,29381.0,23RD AVE AND E DENNY WAY, ,,2,Injury Collision,Angles,3,0,0,2,1,0,2018-12-23 00:00:00+00,12/23/2018 7:26:00 PM,At Intersection (intersection related),14,"MOTOR VEHICLE STRUCK MOTOR VEHICLE, REAR END",True,False,Raining,Wet,Dark - Street Lights On,,,,10.0,Entering at angle,0,0,False,0
-122.306136441453,47.6172633159154,2018,315080,316560,3814299,Matched,Intersection,30114.0,20TH AVE AND E MADISON ST, ,,2,Injury Collision,Other,2,0,0,2,1,0,2018-12-24 00:00:00+00,12/24/2018 8:03:00 AM,At Intersection (intersection related),11,"MOTOR VEHICLE STRUCK MOTOR VEHICLE, FRONT END AT ANGLE",,False,Overcast,Wet,Daylight,,,,88.0,All Other Multi Vehicle,0,0,False,0
-122.334200248084,47.5808545352323,2036,315073,316553,E897306,Matched,Block,,1ST AVE S BETWEEN S STACY ST AND S LANDER ST, ,,1,Property Damage Only Collision,Parked Car,2,0,0,2,0,0,2018-09-17 00:00:00+00,9/17/2018 9:08:00 AM,Mid-Block (not related to intersection),15,"MOTOR VEHICLE STRUCK MOTOR VEHICLE, RIGHT SIDE SIDESWIPE",,False,Clear or Partly Cloudy,Dry,Daylight,,,,32.0,One parked--one moving,0,0,False,0
-122.346058272615,47.517307193413,2037,315179,316659,E880094,Matched,Block,,SW ROXBURY ST BETWEEN 8TH AVE SW AND 9TH AVE SW, ,,1,Property Damage Only Collision,Rear Ended,2,0,0,2,0,0,2019-01-05 00:00:00+00,1/5/2019 8:37:00 PM,Mid-Block (not related to intersection),14,"MOTOR VEHICLE STRUCK MOTOR VEHICLE, REAR END",,True,Raining,Wet,Dark - Street Lights On,,,,13.0,From same direction - both going straight - both moving - rear-end,0,0,False,0
-122.317589073181,47.5260254519584,2038,315072,316552,E896135,Matched,Block,,12TH AVE S BETWEEN S CLOVERDALE ST AND S DONOVAN ST, ,,1,Property Damage Only Collision,Parked Car,2,0,0,2,0,0,2018-11-17 00:00:00+00,11/17/2018,Mid-Block (not related to intersection),14,"MOTOR VEHICLE STRUCK MOTOR VEHICLE, REAR END",,False,Clear or Partly Cloudy,Dry,Unknown,,,,32.0,One parked--one moving,0,0,True,0
-122.359824204129,47.6643018359023,2040,315071,316551,E895797,Matched,Block,,NW 49TH ST BETWEEN NW MARKET ST AND 3RD AVE NW, ,,1,Property Damage Only Collision,Parked Car,2,0,0,2,0,0,2018-12-10 00:00:00+00,12/10/2018 11:03:00 AM,Mid-Block (not related to intersection),11,"MOTOR VEHICLE STRUCK MOTOR VEHICLE, FRONT END AT ANGLE",,False,Blowing Sand or Dirt or Snow,Dry,Daylight,,,,32.0,One parked--one moving,0,0,False,0
-122.333450088436,47.5466407943935,2043,314979,316459,E875538,Matched,Block,,EAST MARGINAL WAY S BETWEEN 1ST AV S BR NB AND S FRONT ST, ,,1,Property Damage Only Collision,Other,3,0,0,1,0,0,2018-12-22 00:00:00+00,12/22/2018 7:11:00 PM,Mid-Block (not related to intersection),26,MOTOR VEHICLE STRUCK OBJECT IN ROAD,,False,Raining,Wet,Dark - Street Lights On,,,,50.0,Fixed object,0,0,False,0
-122.346697306211,47.5173109705854,2044,315174,316654,E879542,Matched,Intersection,35065.0,9TH AVE SW AND SW ROXBURY ST, ,,2,Injury Collision,Rear Ended,3,0,0,3,1,0,2019-01-04 00:00:00+00,1/4/2019 2:21:00 PM,At Intersection (but not related to intersection),14,"MOTOR VEHICLE STRUCK MOTOR VEHICLE, REAR END",,False,Clear or Partly Cloudy,Wet,Daylight,,,,14.0,From same direction - both going straight - one stopped - rear-end,0,0,False,0
-122.314917696029,47.5273699971338,2047,315173,316653,E879496,Matched,Intersection,35090.0,14TH AVE S AND DALLAS AVE S, ,,2,Injury Collision,Sideswipe,3,0,0,3,1,0,2019-01-03 00:00:00+00,1/3/2019 6:12:00 AM,At Intersection (intersection related),11,"MOTOR VEHICLE STRUCK MOTOR VEHICLE, FRONT END AT ANGLE",,False,Raining,Wet,Dark - Street Lights On,,,True,11.0,From same direction - both going straight - both moving - sideswipe,0,0,False,0
-122.312748594166,47.7339517254325,2058,315007,316487,E880007,Matched,Intersection,35851.0,15TH AVE NE AND NE 145TH ST, ,,1,Property Damage Only Collision,Rear Ended,4,0,0,2,0,0,2018-12-17 00:00:00+00,12/17/2018 1:34:00 PM,At Intersection (but not related to intersection),14,"MOTOR VEHICLE STRUCK MOTOR VEHICLE, REAR END",,False,Overcast,Wet,Daylight,,,,14.0,From same direction - both going straight - one stopped - rear-end,0,0,False,0
-122.270067925329,47.5095386542355,2060,315182,316662,E880964,Matched,Intersection,38312.0,51ST AVE S AND S RYAN WAY, ,,1,Property Damage Only Collision,Other,1,0,0,1,0,0,2019-01-06 00:00:00+00,1/6/2019 3:41:00 PM,At Intersection (but not related to intersection),29,MOTOR VEHICLE OVERTURNED IN ROAD,,False,Raining,Wet,Dusk,,,True,52.0,Vehicle overturned,0,0,False,0
-122.335118743008,47.6101805006637,2065,309242,310522,E880519,Matched,Block,,5TH AVE BETWEEN UNION ST AND PIKE ST, ,,1,Property Damage Only Collision,Rear Ended,2,0,0,2,0,0,2019-01-03 00:00:00+00,1/3/2019 2:35:00 PM,Mid-Block (not related to intersection),14,"MOTOR VEHICLE STRUCK MOTOR VEHICLE, REAR END",,False,Raining,Wet,Daylight,,,,14.0,From same direction - both going straight - one stopped - rear-end,0,0,False,0
-122.334275943277,47.7341365013854,2066,314988,316468,E877061,Matched,Intersection,35910.0,MERIDIAN AVE N AND N 145TH ST, ,,1,Property Damage Only Collision,Rear Ended,3,0,0,2,0,0,2018-12-28 00:00:00+00,12/28/2018 9:41:00 AM,At Intersection (but not related to intersection),14,"MOTOR VEHICLE STRUCK MOTOR VEHICLE, REAR END",True,False,Raining,Wet,Daylight,,,True,14.0,From same direction - both going straight - one stopped - rear-end,0,0,False,0
-122.334999910718,47.538582881548,2067,314998,316478,E877162,Matched,Block,,1ST AV S BR SB BETWEEN POINT A AND SR509 SB, ,,1,Property Damage Only Collision,Other,1,0,0,1,0,0,2018-12-26 00:00:00+00,12/26/2018 11:15:00 PM,Mid-Block (not related to intersection),14,"MOTOR VEHICLE STRUCK MOTOR VEHICLE, REAR END",,False,Overcast,Wet,Dark - Street Lights On,,,True,50.0,Fixed object,0,0,False,0
-122.29719960362,47.7337912352833,2074,314987,316467,E876652,Matched,Block,,NE 145TH ST BETWEEN 28TH AVE NE AND 30TH AVE NE, ,,1,Property Damage Only Collision,Sideswipe,2,0,0,2,0,0,2018-12-26 00:00:00+00,12/26/2018 2:00:00 PM,Mid-Block (not related to intersection),11,"MOTOR VEHICLE STRUCK MOTOR VEHICLE, FRONT END AT ANGLE",,False,Overcast,Dry,Daylight,,,,11.0,From same direction - both going straight - both moving - sideswipe,0,0,False,0
-122.352907247591,47.5173473448694,2075,315008,316488,E880825,Matched,Intersection,35060.0,14TH AVE SW AND SW ROXBURY ST, ,,1,Property Damage Only Collision,Rear Ended,2,0,0,2,0,0,2018-12-26 00:00:00+00,12/26/2018 7:02:00 PM,At Intersection (but not related to intersection),14,"MOTOR VEHICLE STRUCK MOTOR VEHICLE, REAR END",,False,Raining,Wet,Dark - Street Lights On,,,,14.0,From same direction - both going straight - one stopped - rear-end,0,0,False,0
-122.298686187502,47.5986662652323,2083,315193,316673,E892753,Matched,Block,,26TH AVE S BETWEEN S JACKSON ST AND S KING ST, ,,1,Property Damage Only Collision,Parked Car,2,0,0,2,0,0,2019-01-01 00:00:00+00,1/1/2019 10:48:00 PM,Mid-Block (not related to intersection),14,"MOTOR VEHICLE STRUCK MOTOR VEHICLE, REAR END",,False,Clear or Partly Cloudy,Other,Dark - Street Lights On,,,,32.0,One parked--one moving,0,0,True,0
-122.324036393378,47.6613387041932,2086,315192,316672,E892740,Matched,Intersection,27179.0,4TH AVE NE AND NE 45TH ST, ,,2,Injury Collision,Left Turn,6,0,0,2,3,0,2019-02-01 00:00:00+00,2/1/2019 6:37:00 PM,At Intersection (intersection related),11,"MOTOR VEHICLE STRUCK MOTOR VEHICLE, FRONT END AT ANGLE",,False,Overcast,Wet,Dark - Street Lights On,,,,28.0,From opposite direction - one left turn - one straight,0,0,False,0