longitude,latitude,objectid,inckey,coldetkey,reportno,status,addrtype,intkey,location,exceptrsncode,exceptrsndesc,severitycode,severitydesc,collisiontype,personcount,pedcount,pedcylcount,vehcount,injuries,fatalities,incdate,incdttm,junctiontype,sdot_colcode,sdot_coldesc,inattentionind,underinfl,weather,roadcond,lightcond,pedrownotgrnt,sdotcolnum,speeding,st_colcode,st_coldesc,seglanekey,crosswalkkey,hitparkedcar,seriousinjuries
-122.33382164614,47.5452853480129,2087,314984,316464,E876272,Matched,Block,,1ST AV S BR NB BETWEEN EAST MARGINAL WAY S AND 1ST AV S NB OFF RP, ,,1,Property Damage Only Collision,Rear Ended,2,0,0,2,0,0,2018-12-21 00:00:00+00,12/21/2018 6:51:00 AM,Mid-Block (not related to intersection),14,"MOTOR VEHICLE STRUCK MOTOR VEHICLE, REAR END",True,False,Clear or Partly Cloudy,Dry,Dark - Street Lights On,,,True,14.0,From same direction - both going straight - one stopped - rear-end,0,0,False,0
-122.296679486019,47.6403528619187,2088,315002,316482,E877495,Matched,Intersection,28357.0,LAKE WASHINGTON BLVD E AND E FOSTER ISLAND RD, ,,1,Property Damage Only Collision,Other,1,0,0,1,0,0,2018-12-22 00:00:00+00,12/22/2018 1:59:00 AM,At Intersection (but not related to intersection),26,MOTOR VEHICLE STRUCK OBJECT IN ROAD,,True,Overcast,Wet,Dark - Street Lights On,,,True,50.0,Fixed object,0,0,False,0
-122.33196842785,47.5665947239606,2089,315191,316671,E891020,Matched,Block,,2ND AVE S BETWEEN S DAKOTA ST AND DIAGONAL AVE S, ,,2,Injury Collision,Parked Car,4,0,0,3,1,0,2019-01-02 00:00:00+00,1/2/2019 5:06:00 AM,Mid-Block (not related to intersection),14,"MOTOR VEHICLE STRUCK MOTOR VEHICLE, REAR END",,False,Clear or Partly Cloudy,Wet,Dark - Street Lights On,,,,32.0,One parked--one moving,0,0,True,0
-122.293808551025,47.7337639175592,2094,314982,316462,E875587,Matched,Intersection,35988.0,32ND AVE NE AND NE 145TH ST, ,,1,Property Damage Only Collision,Angles,2,0,0,2,0,0,2018-12-22 00:00:00+00,12/22/2018 6:00:00 PM,At Intersection (intersection related),11,"MOTOR VEHICLE STRUCK MOTOR VEHICLE, FRONT END AT ANGLE",,False,Raining,Wet,Dark - Street Lights On,,,,10.0,Entering at angle,0,0,False,0
-122.331195721176,47.6183899452218,2095,309241,310521,E880447,Matched,Block,,YALE AVE BETWEEN STEWART ST AND DENNY WAY, ,,1,Property Damage Only Collision,Other,1,0,0,1,0,0,2019-01-01 00:00:00+00,1/1/2019 8:34:00 AM,Mid-Block (not related to intersection),26,MOTOR VEHICLE STRUCK OBJECT IN ROAD,,True,Clear or Partly Cloudy,Dry,Daylight,,,,50.0,Fixed object,0,0,False,0
-122.334735199235,47.5390168275518,2099,315188,316668,E885706,Matched,Block,,1ST AV S BR NB BETWEEN POINT A AND SR509 NB, ,,2,Injury Collision,Other,2,0,0,1,1,0,2019-01-01 00:00:00+00,1/1/2019 12:12:00 AM,Mid-Block (not related to intersection),26,MOTOR VEHICLE STRUCK OBJECT IN ROAD,True,False,Overcast,Wet,Dark - Street Lights On,,,True,50.0,Fixed object,0,0,False,0
-122.332143618254,47.6107611276863,2100,314980,316460,E875577,Matched,Block,,UNION ST BETWEEN 7TH AVE AND CONVENTION PL, ,,1,Property Damage Only Collision,Parked Car,3,0,0,2,0,0,2018-12-23 00:00:00+00,12/23/2018 12:26:00 AM,Mid-Block (not related to intersection),14,"MOTOR VEHICLE STRUCK MOTOR VEHICLE, REAR END",,True,Raining,Wet,Dark - Street Lights On,,,,32.0,One parked--one moving,0,0,False,0
-122.347419133759,47.6610933941895,2117,309458,310738,E879720,Matched,Block,,N PHINNEY WAY BETWEEN N 45TH ST AND AURORA AVE N, ,,1,Property Damage Only Collision,Rear Ended,2,0,0,2,0,0,2019-01-04 00:00:00+00,1/4/2019 2:10:00 PM,Mid-Block (but intersection related),14,"MOTOR VEHICLE STRUCK MOTOR VEHICLE, REAR END",,False,Overcast,Dry,Daylight,,,,13.0,From same direction - both going straight - both moving - rear-end,0,0,False,0
-122.31147018519,47.6135075459302,2125,309278,310558,E860769,Matched,Block,,16TH AVE BETWEEN E UNION ST AND E PIKE ST, ,,1,Property Damage Only Collision,Parked Car,2,0,0,2,0,0,2018-11-07 00:00:00+00,11/7/2018 2:45:00 PM,Mid-Block (not related to intersection),11,"MOTOR VEHICLE STRUCK MOTOR VEHICLE, FRONT END AT ANGLE",True,False,Clear or Partly Cloudy,Dry,Daylight,,,,32.0,One parked--one moving,0,0,False,0
-122.314072876667,47.7321386355849,2128,309372,310652,E877072,Matched,Block,,NE 143RD ST BETWEEN 12TH AVE NE AND 15TH AVE NE, ,,1,Property Damage Only Collision,Parked Car,2,0,0,2,0,0,2018-12-24 00:00:00+00,12/24/2018 12:00:00 PM,Mid-Block (not related to intersection),16,"MOTOR VEHICLE STRUCK MOTOR VEHICLE, LEFT SIDE SIDESWIPE",,False,Unknown,Unknown,Unknown,,,,32.0,One parked--one moving,0,0,True,0
-122.31678189326,47.6016933678319,2129,309277,310557,E860667,Matched,Intersection,30410.0,12TH AVE AND E YESLER WAY, ,,2,Injury Collision,Left Turn,2,0,0,2,2,0,2018-11-08 00:00:00+00,11/8/2018 12:48:00 PM,At Intersection (intersection related),11,"MOTOR VEHICLE STRUCK MOTOR VEHICLE, FRONT END AT ANGLE",,False,Clear or Partly Cloudy,Dry,Daylight,,,,28.0,From opposite direction - one left turn - one straight,0,0,False,0
-122.33290910388,47.6060878574653,2138,309446,310726,E868797,Matched,Intersection,29952.0,4TH AVE AND MADISON ST, ,,2,Injury Collision,Pedestrian,2,1,0,1,1,0,2018-11-27 00:00:00+00,11/27/2018 4:30:00 PM,At Intersection (intersection related),24,MOTOR VEHCILE STRUCK PEDESTRIAN,,False,Unknown,Unknown,Unknown,,,,2.0,Vehicle turning left hits pedestrian,0,523634,False,0
-122.341840531685,47.6483959824223,2140,309498,310778,E881910,Matched,Block,,N 34TH ST BETWEEN STONE WAY N AND N NORTHLAKE PL, ,,1,Property Damage Only Collision,Rear Ended,2,0,0,2,0,0,2019-01-07 00:00:00+00,1/7/2019 1:28:00 PM,Mid-Block (but intersection related),14,"MOTOR VEHICLE STRUCK MOTOR VEHICLE, REAR END",True,False,Clear or Partly Cloudy,Dry,Daylight,,,,13.0,From same direction - both going straight - both moving - rear-end,0,0,False,0
-122.334257905933,47.6190896796842,2143,309474,310754,E882222,Matched,Block,,FAIRVIEW AVE N BETWEEN DENNY WAY AND JOHN ST, ,,1,Property Damage Only Collision,Sideswipe,2,0,0,2,0,0,2019-01-04 00:00:00+00,1/4/2019 8:17:00 PM,Mid-Block (not related to intersection),11,"MOTOR VEHICLE STRUCK MOTOR VEHICLE, FRONT END AT ANGLE",,False,Clear or Partly Cloudy,Dry,Dark - Street Lights On,,,,11.0,From same direction - both going straight - both moving - sideswipe,0,0,False,0
-122.324828398551,47.6790278637767,2144,309489,310769,3751220,Matched,Intersection,24611.0,WOODLAWN AVE NE AND NE RAVENNA WB BV, ,,1,Property Damage Only Collision,Sideswipe,2,0,0,2,0,0,2019-01-07 00:00:00+00,1/7/2019 8:02:00 AM,At Intersection (intersection related),11,"MOTOR VEHICLE STRUCK MOTOR VEHICLE, FRONT END AT ANGLE",True,False,Clear or Partly Cloudy,Dry,Daylight,,,,71.0,Same direction -- both turning right -- both moving -- sideswipe,0,0,False,0
-122.312752029099,47.6176319714413,2156,309469,310749,3578701,Matched,Intersection,30119.0,15TH AVE AND E HOWELL ST, ,,1,Property Damage Only Collision,Angles,2,0,0,2,0,0,2019-01-02 00:00:00+00,1/2/2019 10:31:00 AM,At Intersection (intersection related),11,"MOTOR VEHICLE STRUCK MOTOR VEHICLE, FRONT END AT ANGLE",True,False,Clear or Partly Cloudy,Dry,Daylight,,,,10.0,Entering at angle,0,0,False,0
-122.387249370503,47.5120928491049,2160,309484,310764,3745714,Matched,Intersection,37982.0,CALIFORNIA AVE SW AND SW 102ND ST, ,,2,Injury Collision,Angles,3,0,0,2,3,0,2019-01-06 00:00:00+00,1/6/2019 3:13:00 PM,At Intersection (intersection related),11,"MOTOR VEHICLE STRUCK MOTOR VEHICLE, FRONT END AT ANGLE",,False,Raining,Wet,Daylight,,,,10.0,Entering at angle,0,0,False,0
-122.353033141576,47.5652213861433,2162,309483,310763,3745711,Matched,Intersection,32223.0,SW IDAHO ST AND WEST MARGINAL WAY SW, ,,1,Property Damage Only Collision,Angles,2,0,0,2,0,0,2019-01-05 00:00:00+00,1/5/2019 2:38:00 AM,At Intersection (intersection related),11,"MOTOR VEHICLE STRUCK MOTOR VEHICLE, FRONT END AT ANGLE",,False,Overcast,Wet,Dark - Street Lights On,,,,10.0,Entering at angle,0,0,False,0
-122.303813171908,47.6757760856668,2169,309508,310788,3809968,Matched,Intersection,24803.0,RAVENNA AVE NE AND NE 65TH ST, ,,2,Injury Collision,Pedestrian,2,1,0,1,1,0,2019-01-04 00:00:00+00,1/4/2019 6:35:00 AM,At Intersection (intersection related),24,MOTOR VEHCILE STRUCK PEDESTRIAN,,False,Overcast,Wet,Dark - Street Lights On,True,,,2.0,Vehicle turning left hits pedestrian,0,523554,False,0
-122.336890899053,47.6054082909039,195321,268257,269037,E763661,Matched,Intersection,29615.0,1ST AVE AND SPRING ST, ,,2,Injury Collision,Pedestrian,2,1,0,1,1,0,2018-01-25 00:00:00+00,1/25/2018 3:44:00 PM,At Intersection (intersection related),24,MOTOR VEHCILE STRUCK PEDESTRIAN,True,False,Raining,Wet,Dusk,True,,,1.0,Vehicle turning right hits pedestrian,0,521099,False,0
-122.347207127114,47.6905707877264,2177,309511,310791,3810021,Matched,Intersection,37466.0,LINDEN AVE N AND N 85TH ST, ,,1,Property Damage Only Collision,Angles,2,0,0,2,0,0,2019-01-02 00:00:00+00,1/2/2019 8:40:00 AM,At Intersection (intersection related),11,"MOTOR VEHICLE STRUCK MOTOR VEHICLE, FRONT END AT ANGLE",,False,Clear or Partly Cloudy,Dry,Daylight,,,,10.0,Entering at angle,0,0,False,0
-122.336750646365,47.6181565905254,2179,309506,310786,E882224,Matched,Block,,TERRY AVE BETWEEN LENORA ST AND DENNY WAY, ,,1,Property Damage Only Collision,Angles,2,0,0,2,0,0,2019-01-07 00:00:00+00,1/7/2019 1:15:00 PM,Mid-Block (but intersection related),11,"MOTOR VEHICLE STRUCK MOTOR VEHICLE, FRONT END AT ANGLE",,False,Clear or Partly Cloudy,Dry,Daylight,,,,10.0,Entering at angle,0,0,False,0
-122.312642086326,47.6220883824264,2181,309477,310757,3693221,Matched,Intersection,29033.0,15TH AVE E AND E HARRISON N ST, ,,2,Injury Collision,Pedestrian,4,1,0,1,1,0,2019-01-06 00:00:00+00,1/6/2019 9:12:00 PM,At Intersection (intersection related),24,MOTOR VEHCILE STRUCK PEDESTRIAN,True,False,Raining,Wet,Dark - Street Lights On,True,,,0.0,Vehicle going straight hits pedestrian,0,520813,False,0
-122.377257138749,47.6537492902107,2183,309460,310740,E880052,Matched,Intersection,26481.0,15TH EMERSON RP AND EMERSON TURN RD, ,,2,Injury Collision,Angles,2,0,0,2,1,0,2019-01-03 00:00:00+00,1/3/2019 2:17:00 PM,At Intersection (intersection related),11,"MOTOR VEHICLE STRUCK MOTOR VEHICLE, FRONT END AT ANGLE",,False,Raining,Wet,Daylight,,,,10.0,Entering at angle,0,0,False,0
-122.325509947837,47.6135331625665,2186,309542,310822,E872046,Matched,Block,,SUMMIT AVE BETWEEN E UNION ST AND E PIKE ST, ,,1,Property Damage Only Collision,Head On,3,0,0,3,0,0,2018-11-01 00:00:00+00,11/1/2018 9:32:00 PM,Mid-Block (not related to intersection),11,"MOTOR VEHICLE STRUCK MOTOR VEHICLE, FRONT END AT ANGLE",,False,Raining,Wet,Dark - Street Lights On,,,,30.0,From opposite direction - all others,0,0,True,0
-122.334202473029,47.5766529242775,2187,309571,310851,E883247,Matched,Block,,1ST AVE S BETWEEN S FOREST ST AND S HANFORD ST, ,,2,Injury Collision,Other,1,0,0,1,1,0,2019-01-06 00:00:00+00,1/6/2019 5:27:00 AM,Mid-Block (but intersection related),28,MOTOR VEHICLE RAN OFF ROAD - HIT FIXED OBJECT,,False,Severe Crosswind,Wet,Dark - Street Lights On,,,,50.0,Fixed object,0,0,False,0
-122.323053041803,47.694956550332,2188,309531,310811,E870279,Matched,Intersection,37527.0,5TH AVE NE AND NE 91ST ST, ,,2,Injury Collision,Angles,3,0,0,2,3,0,2018-11-12 00:00:00+00,11/12/2018 1:10:00 PM,At Intersection (intersection related),11,"MOTOR VEHICLE STRUCK MOTOR VEHICLE, FRONT END AT ANGLE",,False,Clear or Partly Cloudy,Dry,Daylight,,,,10.0,Entering at angle,0,0,False,0
-122.315517864536,47.6133542121303,2189,309551,310831,3812533,Matched,Intersection,29753.0,13TH AVE AND E MADISON ST, ,,2,Injury Collision,Angles,3,0,0,2,2,0,2019-01-05 00:00:00+00,1/5/2019 1:51:00 AM,At Intersection (intersection related),14,"MOTOR VEHICLE STRUCK MOTOR VEHICLE, REAR END",,True,Clear or Partly Cloudy,Dry,Dark - Street Lights On,,,,10.0,Entering at angle,0,0,False,0
-122.334214504066,47.5556630572248,2191,309530,310810,E869835,Matched,Intersection,33026.0,1ST AVE S AND S DAWSON ST, ,,1,Property Damage Only Collision,Pedestrian,2,0,1,1,0,0,2018-11-14 00:00:00+00,11/14/2018 12:08:00 PM,At Intersection (intersection related),18,"MOTOR VEHICLE STRUCK PEDALCYCLIST, FRONT END AT ANGLE",,False,Raining,Wet,Daylight,,,,5.0,Vehicle Strikes Pedalcyclist,0,0,False,0
-122.338170156218,47.5755759230146,2192,309545,310825,E872479,Matched,Block,,S HANFORD ST BETWEEN EAST MARGINAL ER WAY S AND COLORADO AVE S, ,,1,Property Damage Only Collision,Other,1,0,0,1,0,0,2018-12-16 00:00:00+00,12/16/2018 3:07:00 AM,Mid-Block (not related to intersection),29,MOTOR VEHICLE OVERTURNED IN ROAD,,False,Raining,Wet,Dark - Street Lights On,,,,50.0,Fixed object,0,0,False,0
-122.334792923541,47.5491918832386,2195,309541,310821,E883161,Matched,Block,,EAST MARGINAL WAY S BETWEEN S FIDALGO ST AND 1ST AVE S, ,,1,Property Damage Only Collision,Rear Ended,3,0,0,2,0,0,2019-01-05 00:00:00+00,1/5/2019 8:46:00 PM,Mid-Block (but intersection related),14,"MOTOR VEHICLE STRUCK MOTOR VEHICLE, REAR END",True,False,Raining,Wet,Dark - Street Lights On,,,,14.0,From same direction - both going straight - one stopped - rear-end,0,0,False,0
-122.297074526486,47.6323665484912,2197,309528,310808,E869063,Matched,Block,,LAKE WASHINGTON BLVD E BETWEEN E INTERLAKEN BLVD AND BOYER AVE E, ,,2,Injury Collision,Sideswipe,4,0,0,2,2,0,2018-10-18 00:00:00+00,10/18/2018 8:05:00 AM,Mid-Block (not related to intersection),11,"MOTOR VEHICLE STRUCK MOTOR VEHICLE, FRONT END AT ANGLE",,False,Clear or Partly Cloudy,Dry,Daylight,,,,26.0,From opposite direction - both going straight - sideswipe,0,0,False,0
-122.35250654042,47.6169183390817,2198,309539,310819,E871578,Matched,Intersection,29665.0,1ST AVE AND BROAD ST, ,,1,Property Damage Only Collision,Right Turn,2,0,0,2,0,0,2018-09-26 00:00:00+00,9/26/2018 6:49:00 AM,At Intersection (intersection related),11,"MOTOR VEHICLE STRUCK MOTOR VEHICLE, FRONT END AT ANGLE",,False,Overcast,Dry,Dawn,,,,16.0,From same direction - one right turn - one straight,0,0,False,0
-122.305031378879,47.6061652198668,2200,309564,310844,3814304,Matched,Intersection,30189.0,21ST AVE AND E JEFFERSON ST, ,,1,Property Damage Only Collision,Angles,2,0,0,2,0,0,2019-01-01 00:00:00+00,1/1/2019 2:48:00 PM,At Intersection (intersection related),11,"MOTOR VEHICLE STRUCK MOTOR VEHICLE, FRONT END AT ANGLE",,False,Clear or Partly Cloudy,Dry,Daylight,,,,10.0,Entering at angle,0,0,False,0
-122.335076371332,47.5345240271034,195164,267920,268700,3780785,Matched,Block,,2ND AV SW OFF RP BETWEEN SR509 SB AND 2ND AV SW TURN RD, ,,2,Injury Collision,Other,1,0,0,1,1,0,2018-01-28 00:00:00+00,1/28/2018 1:10:00 PM,Mid-Block (not related to intersection),26,MOTOR VEHICLE STRUCK OBJECT IN ROAD,,False,Overcast,Wet,Daylight,,,,50.0,Fixed object,0,0,False,0
-122.326793150848,47.6174097111518,2201,309527,310807,E869062,Matched,Block,,BELLEVUE AVE BETWEEN E OLIVE WAY AND E HOWELL ST, ,,1,Property Damage Only Collision,Parked Car,3,0,0,3,0,0,2018-11-05 00:00:00+00,11/5/2018 11:36:00 AM,Mid-Block (not related to intersection),14,"MOTOR VEHICLE STRUCK MOTOR VEHICLE, REAR END",,False,Clear or Partly Cloudy,Dry,Daylight,,,,32.0,One parked--one moving,0,0,True,0
-122.288353872417,47.6067777479495,2202,309569,310849,3814528,Matched,Intersection,30315.0,35TH AVE AND E JAMES ST, ,,1,Property Damage Only Collision,Other,1,0,0,1,0,0,2019-01-03 00:00:00+00,1/3/2019 12:32:00 AM,At Intersection (intersection related),28,MOTOR VEHICLE RAN OFF ROAD - HIT FIXED OBJECT,,False,Raining,Dry,Dark - Street Lights On,,,,50.0,Fixed object,0,0,False,0
-122.288262928239,47.6110065751464,2203,309526,310806,E869061,Matched,Block,,35TH AVE BETWEEN E MARION ST AND E SPRING ST, ,,1,Property Damage Only Collision,Sideswipe,5,0,0,2,0,0,2018-10-08 00:00:00+00,10/8/2018 8:40:00 AM,Mid-Block (not related to intersection),14,"MOTOR VEHICLE STRUCK MOTOR VEHICLE, REAR END",,False,Raining,Wet,Daylight,,,,12.0,From same direction - both going straight - one stopped - sideswipe,0,0,False,0
-122.342391905042,47.7341305414951,2204,309549,310829,E876654,Matched,Intersection,35699.0,STONE AVE N AND N 145TH ST, ,,1,Property Damage Only Collision,Rear Ended,2,0,0,2,0,0,2018-12-26 00:00:00+00,12/26/2018 1:23:00 PM,At Intersection (intersection related),14,"MOTOR VEHICLE STRUCK MOTOR VEHICLE, REAR END",,False,Overcast,Wet,Daylight,,,True,14.0,From same direction - both going straight - one stopped - rear-end,0,0,False,0
-122.343912113966,47.6118372882328,2205,309559,310839,3812552,Matched,Intersection,29560.0,1ST AVE AND LENORA ST, ,,2,Injury Collision,Pedestrian,5,1,0,1,1,0,2019-01-05 00:00:00+00,1/5/2019 9:25:00 PM,At Intersection (intersection related),24,MOTOR VEHCILE STRUCK PEDESTRIAN,,False,Raining,Wet,Dark - Street Lights On,True,,,2.0,Vehicle turning left hits pedestrian,0,523313,False,0
-122.321447668305,47.6140709191271,2206,309525,310805,E869060,Matched,Block,,E PIKE ST BETWEEN HARVARD AVE AND BROADWAY, ,,1,Property Damage Only Collision,Other,2,0,0,2,0,0,2018-11-12 00:00:00+00,11/12/2018 1:20:00 PM,Mid-Block (not related to intersection),14,"MOTOR VEHICLE STRUCK MOTOR VEHICLE, REAR END",,False,Clear or Partly Cloudy,Dry,Daylight,,,,23.0,From same direction - all others,0,0,False,0
-122.356899920159,47.6414336614027,2207,309538,310818,E871577,Matched,Intersection,27800.0,QUEEN ANNE AVE N AND SMITH ST, ,,1,Property Damage Only Collision,Angles,2,0,0,2,0,0,2018-11-04 00:00:00+00,11/4/2018 9:22:00 AM,At Intersection (intersection related),11,"MOTOR VEHICLE STRUCK MOTOR VEHICLE, FRONT END AT ANGLE",,False,Overcast,Wet,Daylight,,,,10.0,Entering at angle,0,0,False,0
-122.339439096166,47.5613228495322,2208,309543,310823,E872138,Matched,Block,,EAST MARGINAL WAY S BETWEEN DIAGONAL AVE S AND S ALASKA ST, ,,1,Property Damage Only Collision,Rear Ended,3,0,0,3,0,0,2018-11-14 00:00:00+00,11/14/2018 12:40:00 PM,Mid-Block (not related to intersection),14,"MOTOR VEHICLE STRUCK MOTOR VEHICLE, REAR END",True,False,Overcast,Dry,Daylight,,,,14.0,From same direction - both going straight - one stopped - rear-end,0,0,False,0
-122.347318860632,47.6642964478538,2209,309537,310817,E871234,Matched,Intersection,25651.0,AURORA AVE N AND N 49TH ST, ,,1,Property Damage Only Collision,Right Turn,2,0,0,2,0,0,2018-10-03 00:00:00+00,10/3/2018 9:05:00 AM,At Intersection (intersection related),11,"MOTOR VEHICLE STRUCK MOTOR VEHICLE, FRONT END AT ANGLE",,False,Clear or Partly Cloudy,Dry,Daylight,,,,16.0,From same direction - one right turn - one straight,0,0,False,0
-122.329619758719,47.6159138917605,2210,309554,310834,3812538,Matched,Intersection,29853.0,MINOR AVE AND OLIVE WAY, ,,1,Property Damage Only Collision,Other,1,0,0,1,0,0,2019-01-06 00:00:00+00,1/6/2019 3:24:00 AM,At Intersection (intersection related),28,MOTOR VEHICLE RAN OFF ROAD - HIT FIXED OBJECT,,True,Clear or Partly Cloudy,Wet,Dark - Street Lights On,,,,50.0,Fixed object,0,0,False,0
-122.33466044111,47.58822864516,2211,309573,310853,E884321,Matched,Block,,S MASSACHUSETTS ST BETWEEN UTAH AVE S AND 1ST AVE S, ,,1,Property Damage Only Collision,Sideswipe,2,0,0,2,0,0,2019-01-04 00:00:00+00,1/4/2019 7:11:00 AM,Mid-Block (but intersection related),14,"MOTOR VEHICLE STRUCK MOTOR VEHICLE, REAR END",,False,Overcast,Wet,Dawn,,,,71.0,Same direction -- both turning right -- both moving -- sideswipe,0,0,False,0
-122.279578631218,47.6347262225076,2212,309524,310804,E869059,Matched,Intersection,28498.0,41ST AVE E AND E MADISON E ST, ,,1,Property Damage Only Collision,Rear Ended,3,0,0,2,0,0,2018-11-02 00:00:00+00,11/2/2018 2:20:00 PM,At Intersection (but not related to intersection),14,"MOTOR VEHICLE STRUCK MOTOR VEHICLE, REAR END",,False,Overcast,Dry,Daylight,,,,14.0,From same direction - both going straight - one stopped - rear-end,0,0,False,0
-122.352026672954,47.6166351887929,2215,309547,310827,E874599,Matched,Block,,1ST AVE BETWEEN CLAY ST AND BROAD ST, ,,1,Property Damage Only Collision,Other,1,0,0,1,0,0,2018-09-20 00:00:00+00,9/20/2018 1:00:00 AM,Mid-Block (not related to intersection),11,"MOTOR VEHICLE STRUCK MOTOR VEHICLE, FRONT END AT ANGLE",,False,Overcast,Dry,Dark - Street Lights On,,,,50.0,Fixed object,0,0,False,0
-122.307604635574,47.6103568764363,2217,309521,310801,E869056,Matched,Intersection,30158.0,19TH AVE AND E MARION ST, ,,1,Property Damage Only Collision,Other,1,0,0,1,0,0,2018-10-30 00:00:00+00,10/30/2018 4:13:00 AM,At Intersection (intersection related),26,MOTOR VEHICLE STRUCK OBJECT IN ROAD,,False,Clear or Partly Cloudy,Dry,Dark - Street Lights On,,,,50.0,Fixed object,0,0,False,0
-122.331679896532,47.5335976787747,2218,309536,310816,E871215,Matched,Block,,WEST MARGINAL SB WAY S BETWEEN S HOLDEN ST AND KENYON OFF RP, ,,2,Injury Collision,Rear Ended,3,0,0,3,1,0,2018-10-31 00:00:00+00,10/31/2018 4:07:00 PM,Mid-Block (not related to intersection),14,"MOTOR VEHICLE STRUCK MOTOR VEHICLE, REAR END",True,False,Clear or Partly Cloudy,Dry,Daylight,,,,14.0,From same direction - both going straight - one stopped - rear-end,0,0,False,0
-122.331577686352,47.5992007850502,2220,309520,310800,3812532,Matched,Intersection,30506.0,2ND AVE S AND S JACKSON ST, ,,2,Injury Collision,Pedestrian,2,1,0,1,1,0,2019-01-04 00:00:00+00,1/4/2019 1:54:00 AM,At Intersection (intersection related),24,MOTOR VEHCILE STRUCK PEDESTRIAN,,False,Clear or Partly Cloudy,Wet,Dark - Street Lights On,,,,2.0,Vehicle turning left hits pedestrian,0,524965,False,0
-122.290826209175,47.5654082091641,2221,309534,310814,E871089,Matched,Block,,34TH AVE S BETWEEN S DAKOTA ST AND S GENESEE ST, ,,2,Injury Collision,Head On,3,0,0,2,1,0,2018-11-12 00:00:00+00,11/12/2018 8:12:00 AM,Mid-Block (not related to intersection),11,"MOTOR VEHICLE STRUCK MOTOR VEHICLE, FRONT END AT ANGLE",,False,Clear or Partly Cloudy,Dry,Daylight,,,,24.0,From opposite direction - both moving - head-on,0,0,False,0
-122.269985986326,47.5336613857727,2222,309570,310850,3815078,Matched,Intersection,34492.0,RAINIER AVE S AND S HOLDEN ST, ,,1,Property Damage Only Collision,Sideswipe,3,0,0,2,0,0,2019-01-03 00:00:00+00,1/3/2019 10:32:00 PM,At Intersection (intersection related),11,"MOTOR VEHICLE STRUCK MOTOR VEHICLE, FRONT END AT ANGLE",,False,Raining,Wet,Dark - Street Lights On,,,,11.0,From same direction - both going straight - both moving - sideswipe,0,0,False,0
-122.329135058635,47.6197150507189,2223,309553,310833,3812534,Matched,Intersection,29154.0,EASTLAKE AVE E AND STEWART ST, ,,1,Property Damage Only Collision,Other,1,0,0,1,0,0,2019-01-05 00:00:00+00,1/5/2019 1:22:00 AM,At Intersection (intersection related),26,MOTOR VEHICLE STRUCK OBJECT IN ROAD,,False,Clear or Partly Cloudy,Dry,Dark - Street Lights On,,,,50.0,Fixed object,0,0,False,0
-122.302499625066,47.6202072950364,2224,309565,310845,3814308,Matched,Intersection,29380.0,23RD AVE E AND E JOHN ST, ,,2,Injury Collision,Angles,3,0,0,2,1,0,2019-01-05 00:00:00+00,1/5/2019 9:03:00 PM,At Intersection (intersection related),11,"MOTOR VEHICLE STRUCK MOTOR VEHICLE, FRONT END AT ANGLE",,False,Raining,Wet,Dark - Street Lights On,,,,10.0,Entering at angle,0,0,False,0
-122.322759096987,47.5718903112852,2226,309544,310824,E872478,Matched,Block,,AIRPORT WAY S BETWEEN DIAGONAL AVE S AND S SPOKANE ST, ,,1,Property Damage Only Collision,Sideswipe,2,0,0,2,0,0,2018-12-13 00:00:00+00,12/13/2018 9:58:00 AM,Mid-Block (not related to intersection),11,"MOTOR VEHICLE STRUCK MOTOR VEHICLE, FRONT END AT ANGLE",,False,Raining,Wet,Daylight,,,,11.0,From same direction - both going straight - both moving - sideswipe,0,0,False,0
-122.27884181131,47.5237685922092,2228,309550,310830,E883172,Matched,Block,,M L KING JR ER WAY S BETWEEN S TRENTON ST AND S HENDERSON ST, ,,1,Property Damage Only Collision,Sideswipe,2,0,0,2,0,0,2019-01-04 00:00:00+00,1/4/2019 8:10:00 PM,Mid-Block (not related to intersection),11,"MOTOR VEHICLE STRUCK MOTOR VEHICLE, FRONT END AT ANGLE",,False,Clear or Partly Cloudy,Dry,Dark - Street Lights On,,,,11.0,From same direction - both going straight - both moving - sideswipe,0,0,False,0
-122.33467152672,47.6063373543613,2229,309560,310840,3812555,Matched,Intersection,29950.0,3RD AVE AND SPRING ST, ,,2,Injury Collision,Angles,5,0,0,3,1,0,2019-01-06 00:00:00+00,1/6/2019 6:52:00 PM,At Intersection (intersection related),11,"MOTOR VEHICLE STRUCK MOTOR VEHICLE, FRONT END AT ANGLE",True,False,Raining,Wet,Dark - Street Lights On,,,,10.0,Entering at angle,0,0,False,0
-122.290906829784,47.7264636393189,2231,309533,310813,E870927,Matched,Intersection,36173.0,35TH AVE NE AND ERICKSON PL NE, ,,1,Property Damage Only Collision,Other,3,0,0,2,0,0,2018-11-14 00:00:00+00,11/14/2018 10:50:00 AM,At Intersection (intersection related),11,"MOTOR VEHICLE STRUCK MOTOR VEHICLE, FRONT END AT ANGLE",,False,Overcast,Wet,Daylight,,,,23.0,From same direction - all others,0,0,False,0
-122.319465475531,47.6152451373684,2233,309532,310812,E870520,Matched,Intersection,29738.0,10TH AVE AND E PINE ST, ,,1,Property Damage Only Collision,Angles,6,0,0,2,0,0,2018-11-03 00:00:00+00,11/3/2018 10:50:00 PM,At Intersection (but not related to intersection),14,"MOTOR VEHICLE STRUCK MOTOR VEHICLE, REAR END",,False,Raining,Wet,Dark - Street Lights On,,,,10.0,Entering at angle,0,0,False,0