longitude,latitude,objectid,inckey,coldetkey,reportno,status,addrtype,intkey,location,exceptrsncode,exceptrsndesc,severitycode,severitydesc,collisiontype,personcount,pedcount,pedcylcount,vehcount,injuries,fatalities,incdate,incdttm,junctiontype,sdot_colcode,sdot_coldesc,inattentionind,underinfl,weather,roadcond,lightcond,pedrownotgrnt,sdotcolnum,speeding,st_colcode,st_coldesc,seglanekey,crosswalkkey,hitparkedcar,seriousinjuries
-122.346588118471,47.723214979591,2234,309552,310832,E858787,Matched,Block,,N 130TH ST BETWEEN LINDEN AVE N AND AURORA AVE N, ,,1,Property Damage Only Collision,Angles,2,0,0,2,0,0,2018-11-07 00:00:00+00,11/7/2018 2:45:00 PM,Mid-Block (not related to intersection),11,"MOTOR VEHICLE STRUCK MOTOR VEHICLE, FRONT END AT ANGLE",,False,Clear or Partly Cloudy,Dry,Daylight,,,,10.0,Entering at angle,0,0,False,0
-122.334239206161,47.5481396886486,2237,309548,310828,E875070,Matched,Block,,EAST MARGINAL WAY S BETWEEN 1ST AVE S AND 1ST AV S BR SB, ,,2b,Serious Injury Collision,Rear Ended,4,1,0,3,1,0,2018-12-16 00:00:00+00,12/16/2018 6:15:00 PM,Mid-Block (not related to intersection),14,"MOTOR VEHICLE STRUCK MOTOR VEHICLE, REAR END",,False,Raining,Wet,Dark - Street Lights On,,,,13.0,From same direction - both going straight - both moving - rear-end,0,0,False,1
-122.334665597537,47.6096854208314,2238,309558,310838,3812551,Matched,Intersection,29913.0,5TH AVE AND UNION ST, ,,2,Injury Collision,Angles,4,0,0,2,2,0,2019-01-05 00:00:00+00,1/5/2019 3:46:00 PM,At Intersection (intersection related),11,"MOTOR VEHICLE STRUCK MOTOR VEHICLE, FRONT END AT ANGLE",,False,Overcast,Dry,Dusk,,,,10.0,Entering at angle,0,0,False,0
-122.320008219879,47.6253502412616,2242,309595,310875,E881229,Matched,Intersection,28982.0,10TH AVE E AND E ROY E ST, ,,2,Injury Collision,Pedestrian,2,1,0,1,1,0,2018-12-22 00:00:00+00,12/22/2018 3:15:00 PM,At Intersection (intersection related),24,MOTOR VEHCILE STRUCK PEDESTRIAN,,False,Overcast,Dry,Dusk,,,True,0.0,Vehicle going straight hits pedestrian,0,0,False,0
-122.314165334497,47.6061919639057,2244,309588,310868,E880767,Matched,Intersection,29805.0,14TH AVE AND E JEFFERSON ST, ,,1,Property Damage Only Collision,Angles,3,0,0,2,0,0,2018-12-15 00:00:00+00,12/15/2018 12:43:00 PM,At Intersection (intersection related),11,"MOTOR VEHICLE STRUCK MOTOR VEHICLE, FRONT END AT ANGLE",,False,Clear or Partly Cloudy,Dry,Daylight,,,,10.0,Entering at angle,0,0,False,0
-122.320780367438,47.6140756667707,2245,309594,310874,E881227,Matched,Intersection,29745.0,BROADWAY AND E PIKE ST, ,,1,Property Damage Only Collision,Pedestrian,3,1,0,1,0,0,2018-12-23 00:00:00+00,12/23/2018 9:45:00 PM,At Intersection (intersection related),24,MOTOR VEHCILE STRUCK PEDESTRIAN,,False,Clear or Partly Cloudy,Wet,Dark - Street Lights On,,,,0.0,Vehicle going straight hits pedestrian,0,522257,False,0
-122.328004996446,47.6124723146976,2248,309593,310873,E881226,Matched,Intersection,29891.0,BOREN AVE AND UNION ST, ,,2,Injury Collision,Left Turn,3,0,0,2,3,0,2018-12-19 00:00:00+00,12/19/2018 1:04:00 PM,At Intersection (intersection related),11,"MOTOR VEHICLE STRUCK MOTOR VEHICLE, FRONT END AT ANGLE",True,False,Clear or Partly Cloudy,Dry,Daylight,,,,28.0,From opposite direction - one left turn - one straight,0,0,False,0
-122.288095734904,47.5512302707518,2251,309592,310872,E881116,Matched,Intersection,33620.0,M L KING JR WR WAY S AND S ORCAS ST, ,,1,Property Damage Only Collision,Other,3,0,0,2,0,0,2018-12-27 00:00:00+00,12/27/2018 9:08:00 PM,At Intersection (intersection related),25,MOTOR VEHICLE STRUCK TRAIN,,False,Clear or Partly Cloudy,Dry,Dark - Street Lights On,,,,40.0,Railway Vehicle Strikes Vehicle,0,0,False,0
-122.334665597537,47.6096854208314,2255,309591,310871,E880779,Matched,Intersection,29913.0,5TH AVE AND UNION ST, ,,2,Injury Collision,Angles,2,0,0,2,1,0,2018-12-26 00:00:00+00,12/26/2018 3:53:00 PM,At Intersection (intersection related),11,"MOTOR VEHICLE STRUCK MOTOR VEHICLE, FRONT END AT ANGLE",,False,Overcast,Wet,Daylight,,,,10.0,Entering at angle,0,0,False,0
-122.296254307144,47.6079966236585,2257,309590,310870,E880769,Matched,Intersection,30071.0,M L KING JR WAY AND E CHERRY ST, ,,2,Injury Collision,Left Turn,8,0,0,2,1,0,2018-12-23 00:00:00+00,12/23/2018 12:48:00 PM,At Intersection (intersection related),11,"MOTOR VEHICLE STRUCK MOTOR VEHICLE, FRONT END AT ANGLE",,False,Clear or Partly Cloudy,Dry,Daylight,,,,28.0,From opposite direction - one left turn - one straight,0,0,False,0
-122.316779970747,47.6092265946899,2260,309589,310869,E880768,Matched,Intersection,29791.0,12TH AVE AND E COLUMBIA ST, ,,1,Property Damage Only Collision,Left Turn,2,0,0,2,0,0,2018-12-16 00:00:00+00,12/16/2018 3:38:00 PM,At Intersection (intersection related),11,"MOTOR VEHICLE STRUCK MOTOR VEHICLE, FRONT END AT ANGLE",,False,Raining,Wet,Daylight,,,,28.0,From opposite direction - one left turn - one straight,0,0,False,0
-122.26998705276,47.5291301146044,2267,309581,310861,3815151,Matched,Intersection,35416.0,RAINIER AVE S AND S ROSE S ST, ,,2,Injury Collision,Angles,2,0,0,2,1,0,2019-01-03 00:00:00+00,1/3/2019 2:49:00 PM,At Intersection (intersection related),11,"MOTOR VEHICLE STRUCK MOTOR VEHICLE, FRONT END AT ANGLE",True,False,Raining,Wet,Daylight,,,,10.0,Entering at angle,0,0,False,0
-122.321394321619,47.5845716819902,2273,309579,310859,3815131,Matched,Intersection,31272.0,AIRPORT WAY S AND S HILL ST, ,,2,Injury Collision,Angles,2,0,0,2,1,0,2019-01-04 00:00:00+00,1/4/2019 1:37:00 PM,At Intersection (intersection related),11,"MOTOR VEHICLE STRUCK MOTOR VEHICLE, FRONT END AT ANGLE",,False,Overcast,Dry,Daylight,,,,10.0,Entering at angle,0,0,False,0
-122.329974974704,47.5916661476854,2277,309597,310877,E881641,Matched,Intersection,527176.0,3RD AVE S AND S ROYAL BROUGHAM WAY BR, ,,2,Injury Collision,Pedestrian,2,1,0,1,1,0,2018-12-20 00:00:00+00,12/20/2018 7:21:00 AM,At Intersection (intersection related),24,MOTOR VEHCILE STRUCK PEDESTRIAN,,False,Raining,Wet,Dark - No Street Lights,True,,,2.0,Vehicle turning left hits pedestrian,0,0,False,0
-122.302499625066,47.6202072950364,2289,309596,310876,E881568,Matched,Intersection,29380.0,23RD AVE E AND E JOHN ST, ,,2b,Serious Injury Collision,Angles,3,0,0,3,3,0,2019-01-07 00:00:00+00,1/7/2019 12:04:00 PM,At Intersection (intersection related),11,"MOTOR VEHICLE STRUCK MOTOR VEHICLE, FRONT END AT ANGLE",,False,Clear or Partly Cloudy,Dry,Daylight,,,,10.0,Entering at angle,0,0,False,1
-122.31945610697,47.6146637818482,2297,309610,310890,3693220,Matched,Block,,10TH AVE BETWEEN E PIKE ST AND E PINE ST, ,,1,Property Damage Only Collision,Parked Car,3,0,0,2,0,0,2019-01-06 00:00:00+00,1/6/2019 2:14:00 AM,Mid-Block (not related to intersection),11,"MOTOR VEHICLE STRUCK MOTOR VEHICLE, FRONT END AT ANGLE",,False,Raining,Wet,Dark - Street Lights On,,,,32.0,One parked--one moving,0,0,True,0
-122.32217728224,47.6181466601691,2300,309609,310889,3642623,Matched,Block,,HARVARD AVE BETWEEN E HOWELL ST AND E DENNY WAY, ,,1,Property Damage Only Collision,Parked Car,2,0,0,2,0,0,2019-01-05 00:00:00+00,1/5/2019 3:00:00 PM,Mid-Block (not related to intersection),11,"MOTOR VEHICLE STRUCK MOTOR VEHICLE, FRONT END AT ANGLE",True,False,Clear or Partly Cloudy,Dry,Daylight,,,,32.0,One parked--one moving,0,0,True,0
-122.360474317775,47.5255922780593,2301,310177,311457,3745715,Matched,Block,,DELRIDGE WAY SW BETWEEN SW CLOVERDALE ST AND SW TRENTON ST, ,,1,Property Damage Only Collision,Parked Car,2,0,0,2,0,0,2019-01-07 00:00:00+00,1/7/2019 1:22:00 PM,Mid-Block (not related to intersection),11,"MOTOR VEHICLE STRUCK MOTOR VEHICLE, FRONT END AT ANGLE",,False,Clear or Partly Cloudy,Dry,Daylight,,,,32.0,One parked--one moving,0,0,True,0
-122.362999068857,47.5510144830758,2308,309614,310894,3745706,Matched,Block,,DELRIDGE WAY SW BETWEEN SW FINDLAY ST AND SW JUNEAU ST, ,,1,Property Damage Only Collision,Other,3,0,0,3,0,0,2019-01-03 00:00:00+00,1/3/2019 6:58:00 PM,Mid-Block (not related to intersection),14,"MOTOR VEHICLE STRUCK MOTOR VEHICLE, REAR END",,False,Overcast,Wet,Dark - Street Lights On,,,,88.0,All Other Multi Vehicle,0,0,False,0
-122.320311702093,47.612953219181,2315,309608,310888,3642622,Matched,Block,,E UNION ST BETWEEN BROADWAY AND BROADWAY CT, ,,1,Property Damage Only Collision,Rear Ended,3,0,0,2,0,0,2019-01-01 00:00:00+00,1/1/2019 3:00:00 AM,Mid-Block (but intersection related),14,"MOTOR VEHICLE STRUCK MOTOR VEHICLE, REAR END",,False,Clear or Partly Cloudy,Dry,Dark - Street Lights On,,,,14.0,From same direction - both going straight - one stopped - rear-end,0,0,False,0
-122.262181843477,47.5201904609781,2316,309607,310887,3578702,Matched,Block,,RAINIER AVE S BETWEEN SEWARD PARK AVE S AND 57TH AVE S, ,,1,Property Damage Only Collision,Rear Ended,2,0,0,2,0,0,2019-01-03 00:00:00+00,1/3/2019 7:58:00 AM,Mid-Block (not related to intersection),14,"MOTOR VEHICLE STRUCK MOTOR VEHICLE, REAR END",True,False,Raining,Wet,Daylight,,,,14.0,From same direction - both going straight - one stopped - rear-end,0,0,False,0
-122.278450634257,47.511599937313,2317,309606,310886,3578597,Matched,Block,,M L KING JR ER WAY S BETWEEN S NORFOLK ST AND CITY LIMITS, ,,1,Property Damage Only Collision,Other,1,0,0,1,0,0,2019-01-01 00:00:00+00,1/1/2019 2:00:00 AM,Mid-Block (not related to intersection),26,MOTOR VEHICLE STRUCK OBJECT IN ROAD,,False,Clear or Partly Cloudy,Dry,Dark - Street Lights On,,,,50.0,Fixed object,0,0,False,0
-122.363123226519,47.5619917639869,2318,309613,310893,3745705,Matched,Block,,DELRIDGE WAY SW BETWEEN SW OREGON ST AND SW ALASKA ST, ,,1,Property Damage Only Collision,Parked Car,2,0,0,2,0,0,2019-01-03 00:00:00+00,1/3/2019 5:05:00 PM,Driveway Junction,14,"MOTOR VEHICLE STRUCK MOTOR VEHICLE, REAR END",,False,Raining,Wet,Dark - Street Lights On,,,,32.0,One parked--one moving,0,0,True,0
-122.314137255457,47.5992100867719,2322,309605,310885,E882490,Matched,Intersection,30428.0,BOREN AVE S AND RAINIER AVE S, ,,1,Property Damage Only Collision,Left Turn,4,0,0,2,0,0,2018-12-30 00:00:00+00,12/30/2018 6:24:00 PM,At Intersection (intersection related),11,"MOTOR VEHICLE STRUCK MOTOR VEHICLE, FRONT END AT ANGLE",,False,Clear or Partly Cloudy,Dry,Dark - Street Lights On,,,,28.0,From opposite direction - one left turn - one straight,0,0,False,0
-122.355134619072,47.5201155794671,2329,309612,310892,3745704,Matched,Block,,16TH AVE SW BETWEEN SW BARTON ST AND SW CAMBRIDGE ST, ,,1,Property Damage Only Collision,Parked Car,2,0,0,2,0,0,2019-01-01 00:00:00+00,1/1/2019 1:11:00 AM,Mid-Block (not related to intersection),14,"MOTOR VEHICLE STRUCK MOTOR VEHICLE, REAR END",,False,,Dry,Dark - Street Lights On,,,,32.0,One parked--one moving,0,0,True,0
-122.313362689453,47.7194185166145,2350,309635,310915,3809969,Matched,Block,,NE 125TH ST BETWEEN 14TH AVE NE AND 15TH AVE NE, ,,1,Property Damage Only Collision,Other,1,0,0,1,0,0,2019-01-05 00:00:00+00,1/5/2019 11:44:00 PM,Mid-Block (not related to intersection),28,MOTOR VEHICLE RAN OFF ROAD - HIT FIXED OBJECT,,False,Clear or Partly Cloudy,Dry,Dark - Street Lights On,,,,50.0,Fixed object,0,0,False,0
-122.31705447416,47.6440419816177,2351,311077,312397,3642624,Matched,Block,,BOYER AVE E BETWEEN BOYER UPPER AVE E AND E EDGAR ST, ,,1,Property Damage Only Collision,Parked Car,2,0,0,2,0,0,2018-08-16 00:00:00+00,8/16/2018 8:50:00 AM,Mid-Block (not related to intersection),14,"MOTOR VEHICLE STRUCK MOTOR VEHICLE, REAR END",True,False,Clear or Partly Cloudy,Dry,Daylight,,,,32.0,One parked--one moving,0,0,True,0
-122.363031744638,47.5483852555685,2353,309630,310910,3745920,Matched,Block,,DELRIDGE WAY SW BETWEEN SW JUNEAU ST AND 24TH AVE SW, ,,1,Property Damage Only Collision,Parked Car,2,0,0,2,0,0,2019-01-03 00:00:00+00,1/3/2019 4:26:00 PM,Mid-Block (not related to intersection),11,"MOTOR VEHICLE STRUCK MOTOR VEHICLE, FRONT END AT ANGLE",,False,Raining,Wet,Dark - Street Lights On,,,,32.0,One parked--one moving,0,0,True,0
-122.344896078772,47.7171731009263,2366,309633,310913,3767495,Matched,Block,,AURORA AVE N BETWEEN N 117TH PL AND N 125TH ST, ,,2,Injury Collision,Rear Ended,3,0,0,3,1,0,2019-01-02 00:00:00+00,1/2/2019 5:45:00 PM,Mid-Block (not related to intersection),14,"MOTOR VEHICLE STRUCK MOTOR VEHICLE, REAR END",True,False,Overcast,Dry,Dark - Street Lights On,,,,14.0,From same direction - both going straight - one stopped - rear-end,0,0,False,0
-122.366628168452,47.6906526506404,2373,309636,310916,3810020,Matched,Block,,NW 85TH ST BETWEEN 8TH AVE NW AND DIBBLE AVE NW, ,,1,Property Damage Only Collision,Rear Ended,3,0,0,3,0,0,2019-01-01 00:00:00+00,1/1/2019 7:25:00 PM,Mid-Block (not related to intersection),14,"MOTOR VEHICLE STRUCK MOTOR VEHICLE, REAR END",,False,Clear or Partly Cloudy,Dry,Dark - Street Lights On,,,,14.0,From same direction - both going straight - one stopped - rear-end,0,0,False,0
-122.386898038594,47.5569782857664,2376,309631,310911,3745923,Matched,Block,,CALIFORNIA AVE SW BETWEEN SW HUDSON ST AND SW DAWSON N ST, ,,1,Property Damage Only Collision,Head On,2,0,0,2,0,0,2019-01-06 00:00:00+00,1/6/2019 12:42:00 PM,Mid-Block (not related to intersection),11,"MOTOR VEHICLE STRUCK MOTOR VEHICLE, FRONT END AT ANGLE",,False,Clear or Partly Cloudy,Dry,Daylight,,,,30.0,From opposite direction - all others,0,0,False,0
-122.393580825779,47.5798593299776,2383,309629,310909,3745728,Matched,Block,,SW ADMIRAL WAY BETWEEN 48TH AVE SW AND SW LANDER E ST, ,,1,Property Damage Only Collision,Head On,2,0,0,2,0,0,2019-01-03 00:00:00+00,1/3/2019 8:00:00 PM,Mid-Block (not related to intersection),11,"MOTOR VEHICLE STRUCK MOTOR VEHICLE, FRONT END AT ANGLE",,False,Overcast,Wet,Dark - Street Lights On,,,,30.0,From opposite direction - all others,0,0,False,0
-122.316417697422,47.6823194909144,2384,309634,310914,3809967,Matched,Block,,11TH AVE NE BETWEEN NE 73RD ST AND NE 75TH ST, ,,1,Property Damage Only Collision,Rear Ended,2,0,0,2,0,0,2019-01-02 00:00:00+00,1/2/2019 5:20:00 PM,Mid-Block (not related to intersection),14,"MOTOR VEHICLE STRUCK MOTOR VEHICLE, REAR END",,False,Overcast,Dry,Dark - Street Lights On,,,,14.0,From same direction - both going straight - one stopped - rear-end,0,0,False,0
-122.385489599594,47.5912805491931,2385,309628,310908,3745712,Matched,Block,,42ND AVE SW BETWEEN PALM N AVE SW AND SW ATLANTIC W ST, ,,1,Property Damage Only Collision,Parked Car,2,0,0,2,0,0,2019-01-05 00:00:00+00,1/5/2019 10:32:00 PM,Mid-Block (not related to intersection),14,"MOTOR VEHICLE STRUCK MOTOR VEHICLE, REAR END",,True,Raining,Wet,Dark - Street Lights On,,,,32.0,One parked--one moving,0,0,True,0
-122.386773459642,47.5638173307494,2387,309627,310907,3745710,Matched,Block,,CALIFORNIA AVE SW BETWEEN SW GENESEE ST AND SW OREGON ST, ,,2,Injury Collision,Rear Ended,2,0,0,2,1,0,2019-01-05 00:00:00+00,1/5/2019 12:05:00 AM,Mid-Block (but intersection related),14,"MOTOR VEHICLE STRUCK MOTOR VEHICLE, REAR END",,False,Clear or Partly Cloudy,Dry,Dark - Street Lights On,,,True,14.0,From same direction - both going straight - one stopped - rear-end,0,0,False,0
-122.337098128765,47.5382655907159,2392,309624,310904,3745708,Matched,Block,,2ND AVE SW BETWEEN 2ND AV SW TURN RD AND WEST MARGINAL WAY SW, ,,1,Property Damage Only Collision,Sideswipe,2,0,0,2,0,0,2019-01-04 00:00:00+00,1/4/2019 2:12:00 PM,Mid-Block (not related to intersection),16,"MOTOR VEHICLE STRUCK MOTOR VEHICLE, LEFT SIDE SIDESWIPE",,False,Overcast,Dry,Dusk,,,,11.0,From same direction - both going straight - both moving - sideswipe,0,0,False,0
-122.374896380958,47.5109224154209,2394,309625,310905,3745709,Matched,Block,,34TH AVE SW BETWEEN SW 102ND ST AND SW 104TH W ST, ,,1,Property Damage Only Collision,Parked Car,2,0,0,2,0,0,2019-01-04 00:00:00+00,1/4/2019 2:40:00 PM,Mid-Block (not related to intersection),14,"MOTOR VEHICLE STRUCK MOTOR VEHICLE, REAR END",,False,Clear or Partly Cloudy,Dry,Daylight,,,,32.0,One parked--one moving,0,0,True,0
-122.334352267977,47.6877969943591,2395,309637,310917,3810022,Matched,Block,,STROUD AVE N BETWEEN N 80TH E ST AND N 82ND ST, ,,1,Property Damage Only Collision,Other,2,0,0,1,0,0,2019-01-02 00:00:00+00,1/2/2019 4:20:00 PM,Mid-Block (not related to intersection),28,MOTOR VEHICLE RAN OFF ROAD - HIT FIXED OBJECT,,False,Clear or Partly Cloudy,Dry,Daylight,,,,50.0,Fixed object,0,0,False,0
-122.400896301298,47.6558659907925,2401,310641,311961,E885329,Matched,Intersection,26346.0,34TH AVE W AND W THURMAN ST, ,,1,Property Damage Only Collision,Angles,5,0,0,3,0,0,2018-12-30 00:00:00+00,12/30/2018 10:20:00 AM,At Intersection (intersection related),11,"MOTOR VEHICLE STRUCK MOTOR VEHICLE, FRONT END AT ANGLE",,False,Overcast,Dry,Daylight,,,,10.0,Entering at angle,0,0,False,0
-122.319753993727,47.5520818789892,2404,310640,311960,E885307,Matched,Intersection,33108.0,AIRPORT WAY S AND CORSON AVE S, ,,1,Property Damage Only Collision,Left Turn,3,0,0,2,0,0,2019-01-03 00:00:00+00,1/3/2019 5:22:00 PM,At Intersection (intersection related),11,"MOTOR VEHICLE STRUCK MOTOR VEHICLE, FRONT END AT ANGLE",,False,Raining,Wet,Dark - Street Lights On,,,,28.0,From opposite direction - one left turn - one straight,0,0,False,0
-122.328078578054,47.6041612345606,2407,310639,311959,E884677,Matched,Intersection,29973.0,6TH AVE AND JAMES ST, ,,1,Property Damage Only Collision,Left Turn,3,0,0,2,0,0,2018-12-30 00:00:00+00,12/30/2018 1:11:00 AM,At Intersection (intersection related),11,"MOTOR VEHICLE STRUCK MOTOR VEHICLE, FRONT END AT ANGLE",,False,Raining,Wet,Dark - Street Lights On,,,,28.0,From opposite direction - one left turn - one straight,0,0,False,0
-122.347803554328,47.6123769315515,2412,309645,310925,3812556,Matched,Block,,BELL ST BETWEEN ELLIOTT AVE AND WESTERN AVE, ,,1,Property Damage Only Collision,Rear Ended,2,0,0,2,0,0,2019-01-05 00:00:00+00,1/5/2019 5:02:00 PM,Mid-Block (not related to intersection),14,"MOTOR VEHICLE STRUCK MOTOR VEHICLE, REAR END",,False,Raining,Wet,Dark - Street Lights On,,,,14.0,From same direction - both going straight - one stopped - rear-end,0,0,False,0
-122.341958025371,47.6106811008714,2415,309644,310924,3812553,Matched,Block,,1ST AVE BETWEEN STEWART ST AND VIRGINIA ST, ,,2,Injury Collision,Rear Ended,4,0,0,2,1,0,2019-01-06 00:00:00+00,1/6/2019 12:22:00 AM,Mid-Block (not related to intersection),14,"MOTOR VEHICLE STRUCK MOTOR VEHICLE, REAR END",,True,Raining,Wet,Dark - Street Lights On,,,,14.0,From same direction - both going straight - one stopped - rear-end,0,0,False,0
-122.334180055918,47.6013041280031,2420,309643,310923,3812535,Matched,Block,,1ST AVE S BETWEEN YESLER WAY AND S WASHINGTON ST, ,,1,Property Damage Only Collision,Parked Car,2,0,0,2,0,0,2019-01-05 00:00:00+00,1/5/2019 8:23:00 PM,Mid-Block (not related to intersection),11,"MOTOR VEHICLE STRUCK MOTOR VEHICLE, FRONT END AT ANGLE",,False,Raining,Wet,Dark - Street Lights On,,,,32.0,One parked--one moving,0,0,True,0
-122.33897928501,47.6060126083042,2421,309642,310922,3812531,Matched,Block,,WESTERN AVE BETWEEN SENECA ST AND UNIVERSITY ST, ,,1,Property Damage Only Collision,Parked Car,2,0,0,2,0,0,2019-01-02 00:00:00+00,1/2/2019 11:00:00 PM,Mid-Block (not related to intersection),11,"MOTOR VEHICLE STRUCK MOTOR VEHICLE, FRONT END AT ANGLE",,False,Clear or Partly Cloudy,Wet,Dark - Street Lights On,,,,32.0,One parked--one moving,0,0,True,0
-122.367022197825,47.6255916423364,2424,309641,310921,3811446,Matched,Block,,ELLIOTT AVE W BETWEEN W MERCER ST AND W MERCER PL, ,,2,Injury Collision,Sideswipe,3,0,0,2,1,0,2019-01-03 00:00:00+00,1/3/2019 5:50:00 AM,Mid-Block (not related to intersection),14,"MOTOR VEHICLE STRUCK MOTOR VEHICLE, REAR END",,False,Raining,Wet,Dark - Street Lights On,,,,12.0,From same direction - both going straight - one stopped - sideswipe,0,0,False,0
-122.329055961484,47.580852706239,2427,309640,310920,3810634,Matched,Block,,4TH AVE S BETWEEN S STACY ST AND S LANDER ST, ,,2,Injury Collision,Rear Ended,3,0,0,2,1,0,2019-01-04 00:00:00+00,1/4/2019 5:31:00 PM,Mid-Block (not related to intersection),14,"MOTOR VEHICLE STRUCK MOTOR VEHICLE, REAR END",True,False,Overcast,Dry,Dark - Street Lights On,,,,14.0,From same direction - both going straight - one stopped - rear-end,0,0,False,0
-122.288713648178,47.6611435973846,2430,309639,310919,3810076,Matched,Block,,NE 45TH ST BETWEEN 36TH AVE NE AND 37TH AVE NE, ,,1,Property Damage Only Collision,Rear Ended,3,0,0,2,0,0,2019-01-05 00:00:00+00,1/5/2019 10:34:00 AM,Mid-Block (not related to intersection),14,"MOTOR VEHICLE STRUCK MOTOR VEHICLE, REAR END",,False,Clear or Partly Cloudy,Dry,Daylight,,,,14.0,From same direction - both going straight - one stopped - rear-end,0,0,False,0
-122.300166797693,47.5809944390764,2431,310578,311898,E886030,Matched,Intersection,31467.0,RAINIER AVE S AND S BAYVIEW ST, ,,2,Injury Collision,Angles,5,0,0,2,3,0,2019-01-04 00:00:00+00,1/4/2019 5:20:00 PM,At Intersection (intersection related),11,"MOTOR VEHICLE STRUCK MOTOR VEHICLE, FRONT END AT ANGLE",,False,Raining,Wet,Dark - Street Lights On,,,,10.0,Entering at angle,0,0,False,0
-122.345866551942,47.6905667014676,2432,309638,310918,3810024,Matched,Block,,N 85TH ST BETWEEN LINDEN AVE N AND AURORA AVE N, ,,1,Property Damage Only Collision,Rear Ended,2,0,0,2,0,0,2019-01-03 00:00:00+00,1/3/2019 10:41:00 PM,Mid-Block (but intersection related),14,"MOTOR VEHICLE STRUCK MOTOR VEHICLE, REAR END",,False,Raining,Wet,Dark - Street Lights On,,,,14.0,From same direction - both going straight - one stopped - rear-end,0,0,False,0
-122.300349424497,47.5820897496553,2438,310558,311878,E886028,Matched,Block,,25TH AVE S BETWEEN S COLLEGE ST AND RAINIER AVE S, ,,2,Injury Collision,Pedestrian,2,1,0,1,1,0,2019-01-04 00:00:00+00,1/4/2019 4:30:00 PM,Mid-Block (but intersection related),24,MOTOR VEHCILE STRUCK PEDESTRIAN,,False,Raining,Wet,Dark - Street Lights On,,,,1.0,Vehicle turning right hits pedestrian,0,0,False,0
-122.317894079103,47.5370881120198,2447,309652,310932,3815080,Matched,Block,,EAST MARGINAL WAY S BETWEEN ELLIS AVE S AND S WEBSTER ST, ,,2,Injury Collision,Pedestrian,1,0,0,1,1,0,2019-01-05 00:00:00+00,1/5/2019 3:42:00 PM,Mid-Block (not related to intersection),28,MOTOR VEHICLE RAN OFF ROAD - HIT FIXED OBJECT,,False,,Wet,Dusk,,,,5.0,Vehicle Strikes Pedalcyclist,0,0,False,0
-122.313958435875,47.6140040760362,2449,309650,310930,3814531,Matched,Block,,E MADISON ST BETWEEN 14TH AVE AND E PIKE ST, ,,1,Property Damage Only Collision,Rear Ended,2,0,0,2,0,0,2019-01-06 00:00:00+00,1/6/2019 10:50:00 PM,Mid-Block (not related to intersection),14,"MOTOR VEHICLE STRUCK MOTOR VEHICLE, REAR END",,False,Raining,Wet,Dark - Street Lights On,,,,14.0,From same direction - both going straight - one stopped - rear-end,0,0,False,0
-122.325509947837,47.6135331625665,2451,309649,310929,3814530,Matched,Block,,SUMMIT AVE BETWEEN E UNION ST AND E PIKE ST, ,,1,Property Damage Only Collision,Parked Car,2,0,0,2,0,0,2019-01-03 00:00:00+00,1/3/2019 4:15:00 PM,Mid-Block (not related to intersection),14,"MOTOR VEHICLE STRUCK MOTOR VEHICLE, REAR END",True,False,Raining,Wet,Daylight,,,,32.0,One parked--one moving,0,0,False,0
-122.317508821901,47.6152591492132,2455,309648,310928,3814529,Matched,Block,,E PINE ST BETWEEN 11TH AVE AND 12TH AVE, ,,1,Property Damage Only Collision,Rear Ended,2,0,0,2,0,0,2019-01-03 00:00:00+00,1/3/2019 9:00:00 AM,Mid-Block (not related to intersection),14,"MOTOR VEHICLE STRUCK MOTOR VEHICLE, REAR END",,False,Raining,Wet,Daylight,,,True,14.0,From same direction - both going straight - one stopped - rear-end,0,0,False,0
-122.307409157873,47.6167327589873,2457,310717,312037,E886587,Matched,Intersection,30125.0,19TH AVE AND E MADISON ST, ,,2b,Serious Injury Collision,Left Turn,2,0,0,2,1,0,2019-01-08 00:00:00+00,1/8/2019 4:49:00 PM,At Intersection (intersection related),11,"MOTOR VEHICLE STRUCK MOTOR VEHICLE, FRONT END AT ANGLE",,False,Raining,Wet,Dark - Street Lights On,,,,28.0,From opposite direction - one left turn - one straight,0,0,False,1
-122.308317142405,47.5992428979025,2459,309647,310927,3814527,Matched,Block,,S JACKSON ST BETWEEN 18TH AVE S AND 19TH AVE S, ,,1,Property Damage Only Collision,Parked Car,2,0,0,2,0,0,2019-01-03 00:00:00+00,1/3/2019 1:28:00 AM,Mid-Block (not related to intersection),11,"MOTOR VEHICLE STRUCK MOTOR VEHICLE, FRONT END AT ANGLE",,False,Raining,Wet,Dark - Street Lights On,,,,20.0,One car leaving parked position,0,0,False,0
-122.301979848213,47.5428756449337,2464,310737,312057,3815083,Matched,Block,,S HOLLY ST BETWEEN DEAD END AND VISTA AVE S, ,,1,Property Damage Only Collision,Parked Car,2,0,0,2,0,0,2019-01-05 00:00:00+00,1/5/2019 11:00:00 PM,Mid-Block (not related to intersection),14,"MOTOR VEHICLE STRUCK MOTOR VEHICLE, REAR END",True,False,Overcast,Wet,Dark - Street Lights On,,,,32.0,One parked--one moving,0,0,True,0
-122.304989635035,47.6114729693012,2468,309646,310926,3814306,Matched,Block,,21ST AVE BETWEEN E MARION ST AND E UNION ST, ,,1,Property Damage Only Collision,Parked Car,9,0,0,9,0,0,2019-01-04 00:00:00+00,1/4/2019 9:08:00 PM,Mid-Block (not related to intersection),11,"MOTOR VEHICLE STRUCK MOTOR VEHICLE, FRONT END AT ANGLE",,False,Clear or Partly Cloudy,Wet,Dark - No Street Lights,,,,32.0,One parked--one moving,0,0,True,0