longitude,latitude,objectid,inckey,coldetkey,reportno,status,addrtype,intkey,location,exceptrsncode,exceptrsndesc,severitycode,severitydesc,collisiontype,personcount,pedcount,pedcylcount,vehcount,injuries,fatalities,incdate,incdttm,junctiontype,sdot_colcode,sdot_coldesc,inattentionind,underinfl,weather,roadcond,lightcond,pedrownotgrnt,sdotcolnum,speeding,st_colcode,st_coldesc,seglanekey,crosswalkkey,hitparkedcar,seriousinjuries
-122.293204532914,47.5426476024616,2475,309651,310931,3815072,Matched,Block,,S HOLLY ST BETWEEN 30TH AVE S AND 31ST AVE S, ,,1,Property Damage Only Collision,Parked Car,2,0,0,2,0,0,2019-01-04 00:00:00+00,1/4/2019 12:24:00 AM,Mid-Block (not related to intersection),11,"MOTOR VEHICLE STRUCK MOTOR VEHICLE, FRONT END AT ANGLE",,False,Raining,Wet,Dark - Street Lights On,,,True,32.0,One parked--one moving,0,0,True,0
-122.302727368934,47.6122640561477,2488,310866,312186,E881228,Matched,Block,,23RD AVE BETWEEN E SPRING ST AND E UNION ST, ,,2,Injury Collision,Angles,3,0,0,2,1,0,2018-12-20 00:00:00+00,12/20/2018 3:37:00 PM,Driveway Junction,11,"MOTOR VEHICLE STRUCK MOTOR VEHICLE, FRONT END AT ANGLE",,False,Raining,Wet,Daylight,,,,10.0,Entering at angle,0,0,False,0
-122.288011403081,47.5634579986924,2490,310865,312185,E880831,Matched,Block,,RAINIER AVE S BETWEEN S GENESEE S ST AND S OREGON ST, ,,1,Property Damage Only Collision,Angles,2,0,0,2,0,0,2018-12-23 00:00:00+00,12/23/2018 1:40:00 PM,Driveway Junction,11,"MOTOR VEHICLE STRUCK MOTOR VEHICLE, FRONT END AT ANGLE",,False,Overcast,Wet,Daylight,,,,10.0,Entering at angle,0,0,False,0
-122.309392708163,47.5930814573871,2492,310864,312184,E880770,Matched,Block,,RAINIER AVE S BETWEEN S NORMAN ST AND I90 WB RAINIER NB OF RP, ,,1,Property Damage Only Collision,Sideswipe,2,0,0,2,0,0,2018-12-27 00:00:00+00,12/27/2018 3:09:00 PM,Mid-Block (not related to intersection),11,"MOTOR VEHICLE STRUCK MOTOR VEHICLE, FRONT END AT ANGLE",,False,Clear or Partly Cloudy,Dry,Daylight,,,,11.0,From same direction - both going straight - both moving - sideswipe,0,0,False,0
-122.308948848718,47.6612592955013,2498,310879,312199,E881907,Matched,Block,,NE 45TH ST BETWEEN 17TH NB AVE NE AND 18TH AVE NE, ,,1,Property Damage Only Collision,Rear Ended,2,0,0,2,0,0,2018-12-18 00:00:00+00,12/18/2018 8:27:00 PM,Mid-Block (but intersection related),14,"MOTOR VEHICLE STRUCK MOTOR VEHICLE, REAR END",,False,Unknown,Unknown,Dark - Street Lights On,,,,14.0,From same direction - both going straight - one stopped - rear-end,0,0,False,0
-122.36023798751,47.6659769628007,2507,310878,312198,E881283,Matched,Block,,NW MARKET ST BETWEEN NW 50TH ST AND 3RD AVE NW, ,,1,Property Damage Only Collision,Other,2,0,0,2,0,0,2018-12-28 00:00:00+00,12/28/2018 3:18:00 PM,Mid-Block (not related to intersection),11,"MOTOR VEHICLE STRUCK MOTOR VEHICLE, FRONT END AT ANGLE",,False,Raining,Wet,Daylight,,,True,23.0,From same direction - all others,0,0,False,0
-122.334198303058,47.5850426824454,2515,310860,312180,3815136,Matched,Block,,1ST AVE S BETWEEN S HOLGATE ST AND S WALKER ST, ,,1,Property Damage Only Collision,Rear Ended,3,0,0,2,0,0,2019-01-07 00:00:00+00,1/7/2019 9:18:00 AM,Mid-Block (not related to intersection),14,"MOTOR VEHICLE STRUCK MOTOR VEHICLE, REAR END",True,False,Clear or Partly Cloudy,Dry,Daylight,,,,14.0,From same direction - both going straight - one stopped - rear-end,0,0,False,0
-122.359957100446,47.6697306555882,2518,310877,312197,E881282,Matched,Block,,NW 56TH ST BETWEEN 2ND AVE NW AND 3RD AVE NW, ,,1,Property Damage Only Collision,Parked Car,4,0,0,4,0,0,2018-12-16 00:00:00+00,12/16/2018 12:32:00 PM,Mid-Block (not related to intersection),16,"MOTOR VEHICLE STRUCK MOTOR VEHICLE, LEFT SIDE SIDESWIPE",,False,Raining,Wet,Daylight,,,,32.0,One parked--one moving,0,0,True,0
-122.308059261951,47.5714208906674,2520,310859,312179,3815135,Matched,Block,,BEACON AVE S BETWEEN S SPOKANE ST AND BEACON WR AVE S, ,,1,Property Damage Only Collision,Rear Ended,4,0,0,2,0,0,2019-01-07 00:00:00+00,1/7/2019 7:46:00 AM,Mid-Block (not related to intersection),14,"MOTOR VEHICLE STRUCK MOTOR VEHICLE, REAR END",,False,Overcast,Dry,Daylight,,,,14.0,From same direction - both going straight - one stopped - rear-end,0,0,False,0
-122.263561201626,47.5168129721401,2521,310858,312178,3815134,Matched,Block,,S ROXBURY ST BETWEEN 55TH AVE S AND 56TH W AVE S, ,,1,Property Damage Only Collision,Parked Car,3,0,0,3,0,0,2019-01-06 00:00:00+00,1/6/2019 10:49:00 PM,Mid-Block (not related to intersection),11,"MOTOR VEHICLE STRUCK MOTOR VEHICLE, FRONT END AT ANGLE",,True,Raining,Wet,Dark - Street Lights On,,,,32.0,One parked--one moving,0,0,True,0
-122.335938611677,47.685271595912,2523,310857,312177,3815133,Matched,Block,,EAST GREEN LAKE DR N BETWEEN N 78TH ST AND STROUD AVE N, ,,1,Property Damage Only Collision,Rear Ended,2,0,0,2,0,0,2019-01-05 00:00:00+00,1/5/2019 10:31:00 PM,Mid-Block (but intersection related),14,"MOTOR VEHICLE STRUCK MOTOR VEHICLE, REAR END",,False,Raining,Wet,Dark - Street Lights On,,,,14.0,From same direction - both going straight - one stopped - rear-end,0,0,False,0
-122.365097128859,47.6690398081378,2527,310868,312188,E881281,Matched,Block,,7TH AVE NW BETWEEN NW MARKET ST AND NW 56TH ST, ,,1,Property Damage Only Collision,Parked Car,2,0,0,2,0,0,2018-12-22 00:00:00+00,12/22/2018,Mid-Block (not related to intersection),11,"MOTOR VEHICLE STRUCK MOTOR VEHICLE, FRONT END AT ANGLE",,False,Unknown,Unknown,Unknown,,,,32.0,One parked--one moving,0,0,True,0
-122.279829082475,47.5188791948909,2530,310817,312137,3815108,Matched,Block,,M L KING JR WR WAY S BETWEEN BEACON AVE S AND MERTON WAY S, ,,1,Property Damage Only Collision,Rear Ended,4,0,0,3,0,0,2019-01-01 00:00:00+00,1/1/2019 2:10:00 AM,Driveway Junction,14,"MOTOR VEHICLE STRUCK MOTOR VEHICLE, REAR END",,False,Clear or Partly Cloudy,Wet,Dark - Street Lights On,,,True,14.0,From same direction - both going straight - one stopped - rear-end,0,0,False,0
-122.365898765486,47.5201087411766,2531,310867,312187,E881279,Matched,Block,,26TH AVE SW BETWEEN SW BARTON ST AND SW CAMBRIDGE ST, ,,1,Property Damage Only Collision,Parked Car,2,0,0,2,0,0,2018-12-24 00:00:00+00,12/24/2018 8:56:00 PM,Mid-Block (not related to intersection),14,"MOTOR VEHICLE STRUCK MOTOR VEHICLE, REAR END",True,False,Clear or Partly Cloudy,Dry,Dark - Street Lights On,,,,32.0,One parked--one moving,0,0,True,0
-122.321393372048,47.5857079648682,2534,310882,312202,E884320,Matched,Block,,AIRPORT WAY S BETWEEN S HOLGATE SR ST AND S PLUM ST, ,,2,Injury Collision,Pedestrian,2,1,0,1,1,0,2018-12-24 00:00:00+00,12/24/2018 6:34:00 AM,Mid-Block (not related to intersection),24,MOTOR VEHCILE STRUCK PEDESTRIAN,,False,Overcast,Wet,Dark - Street Lights On,,,,0.0,Vehicle going straight hits pedestrian,0,0,False,0
-122.323976055407,47.5640698024967,2536,310881,312201,E883159,Matched,Block,,7TH AVE S BETWEEN S INDUSTRIAL EB WAY AND S OREGON ST, ,,1,Property Damage Only Collision,Parked Car,3,0,0,3,0,0,2018-12-26 00:00:00+00,12/26/2018 7:00:00 AM,Mid-Block (not related to intersection),14,"MOTOR VEHICLE STRUCK MOTOR VEHICLE, REAR END",,False,Raining,Wet,Dawn,,,,32.0,One parked--one moving,0,0,True,0
-122.347300705301,47.6450296898032,2538,310880,312200,E882220,Matched,Block,,WESTLAKE AVE N BETWEEN NEWELL ST AND NICKERSON ST, ,,2,Injury Collision,Left Turn,2,0,0,2,1,0,2018-12-16 00:00:00+00,12/16/2018 12:54:00 PM,Driveway Junction,11,"MOTOR VEHICLE STRUCK MOTOR VEHICLE, FRONT END AT ANGLE",,False,Raining,Wet,Daylight,,,,28.0,From opposite direction - one left turn - one straight,0,0,False,0
-122.327804575635,47.6139302296862,2539,309280,310560,E860802,Matched,Intersection,29877.0,MELROSE AVE AND PIKE ST, ,,2,Injury Collision,Angles,2,0,0,2,1,0,2018-10-24 00:00:00+00,10/24/2018 10:48:00 PM,At Intersection (intersection related),11,"MOTOR VEHICLE STRUCK MOTOR VEHICLE, FRONT END AT ANGLE",,False,Clear or Partly Cloudy,Dry,Dark - Street Lights On,,,,10.0,Entering at angle,0,0,False,0
-122.328194909362,47.596021474185,2542,309208,310488,3796007,Matched,Intersection,30540.0,SEATTLE BLVD S AND S DEARBORN ST, ,,2,Injury Collision,Other,4,0,0,3,2,0,2018-12-27 00:00:00+00,12/27/2018 7:05:00 AM,At Intersection (intersection related),26,MOTOR VEHICLE STRUCK OBJECT IN ROAD,,False,Raining,Wet,Dark - Street Lights On,,,True,50.0,Fixed object,0,0,False,0
-122.371505933501,47.5081989186984,2543,309205,310485,E879809,Matched,Block,,SW 106TH ST BETWEEN SEOLA BEACH DR SW AND 31ST AVE SW, ,,2,Injury Collision,Rear Ended,3,0,0,2,1,0,2019-01-05 00:00:00+00,1/5/2019 5:54:00 PM,Mid-Block (not related to intersection),14,"MOTOR VEHICLE STRUCK MOTOR VEHICLE, REAR END",,False,Overcast,Wet,Dark - Street Lights On,,,,13.0,From same direction - both going straight - both moving - rear-end,0,0,False,0
-122.314137255457,47.5992100867719,2550,309211,310491,3814361,Matched,Intersection,30428.0,BOREN AVE S AND RAINIER AVE S, ,,1,Property Damage Only Collision,Left Turn,2,0,0,2,0,0,2018-12-26 00:00:00+00,12/26/2018 4:51:00 PM,At Intersection (intersection related),11,"MOTOR VEHICLE STRUCK MOTOR VEHICLE, FRONT END AT ANGLE",,False,Clear or Partly Cloudy,Wet,Dark - Street Lights On,,,,28.0,From opposite direction - one left turn - one straight,0,0,False,0
-122.320924261513,47.6231289214052,2551,309283,310563,E860805,Matched,Intersection,29019.0,BROADWAY E AND E REPUBLICAN ST, ,,1,Property Damage Only Collision,Pedestrian,2,1,0,1,0,0,2018-10-24 00:00:00+00,10/24/2018 12:35:00 AM,At Intersection (intersection related),24,MOTOR VEHCILE STRUCK PEDESTRIAN,,False,Clear or Partly Cloudy,Dry,Dark - Street Lights On,,,,0.0,Vehicle going straight hits pedestrian,0,0,False,0
-122.337136892851,47.6107094377718,2553,309204,310484,E880070,Matched,Block,,4TH AVE BETWEEN PIKE ST AND PINE ST, ,,1,Property Damage Only Collision,Sideswipe,2,0,0,2,0,0,2019-01-04 00:00:00+00,1/4/2019 6:51:00 AM,Mid-Block (not related to intersection),11,"MOTOR VEHICLE STRUCK MOTOR VEHICLE, FRONT END AT ANGLE",,False,Overcast,Wet,Dawn,,,,11.0,From same direction - both going straight - both moving - sideswipe,0,0,False,0
-122.310771394889,47.6395617999262,2560,309281,310561,E860803,Matched,Intersection,28437.0,BOYER AVE E AND E LYNN ST, ,,2,Injury Collision,Left Turn,3,0,0,2,1,0,2018-10-25 00:00:00+00,10/25/2018 9:38:00 AM,At Intersection (intersection related),11,"MOTOR VEHICLE STRUCK MOTOR VEHICLE, FRONT END AT ANGLE",,False,Raining,Wet,Daylight,,,,28.0,From opposite direction - one left turn - one straight,0,0,False,0
-122.285293105327,47.6952473919885,2563,309209,310489,3810014,Matched,Intersection,37920.0,40TH AVE NE AND NE 92ND ST, ,,1,Property Damage Only Collision,Angles,2,0,0,2,0,0,2018-12-26 00:00:00+00,12/26/2018 9:44:00 PM,At Intersection (intersection related),11,"MOTOR VEHICLE STRUCK MOTOR VEHICLE, FRONT END AT ANGLE",,False,Overcast,Wet,Dark - Street Lights On,,,,10.0,Entering at angle,0,0,False,0
-122.325981562457,47.5727081876793,2565,309203,310483,E880068,Matched,Block,,6TH AVE S BETWEEN S HINDS ST AND S SPOKANE NR ST, ,,2,Injury Collision,Rear Ended,4,0,0,4,1,0,2019-01-03 00:00:00+00,1/3/2019 9:05:00 AM,Mid-Block (not related to intersection),14,"MOTOR VEHICLE STRUCK MOTOR VEHICLE, REAR END",,False,Raining,Wet,Daylight,,,,14.0,From same direction - both going straight - one stopped - rear-end,0,0,False,0
-122.33258176468,47.6057298895065,2569,310885,312205,E885747,Matched,Block,,4TH AVE BETWEEN MARION ST AND MADISON ST, ,,1,Property Damage Only Collision,Sideswipe,3,0,0,2,0,0,2018-12-25 00:00:00+00,12/25/2018 6:38:00 AM,Mid-Block (not related to intersection),11,"MOTOR VEHICLE STRUCK MOTOR VEHICLE, FRONT END AT ANGLE",,False,Clear or Partly Cloudy,Wet,Dark - Street Lights On,,,,11.0,From same direction - both going straight - both moving - sideswipe,0,0,False,0
-122.323604518107,47.6856180186227,2571,309279,310559,E860782,Matched,Block,,BANNER WAY NE BETWEEN 5TH AVE NE AND 4TH AVE NE, ,,1,Property Damage Only Collision,Sideswipe,4,0,0,2,0,0,2018-11-07 00:00:00+00,11/7/2018 7:07:00 PM,Mid-Block (not related to intersection),11,"MOTOR VEHICLE STRUCK MOTOR VEHICLE, FRONT END AT ANGLE",True,False,Clear or Partly Cloudy,Dry,Dark - Street Lights On,,,,11.0,From same direction - both going straight - both moving - sideswipe,0,0,False,0
-122.317638161716,47.6612987365979,2573,309207,310487,3741955,Matched,Intersection,27066.0,ROOSEVELT WAY NE AND NE 45TH ST, ,,1,Property Damage Only Collision,Right Turn,3,0,0,2,0,0,2018-12-26 00:00:00+00,12/26/2018 10:15:00 PM,At Intersection (intersection related),11,"MOTOR VEHICLE STRUCK MOTOR VEHICLE, FRONT END AT ANGLE",,False,Clear or Partly Cloudy,Wet,Dark - Street Lights On,,,,16.0,From same direction - one right turn - one straight,0,0,False,0
-122.333830547194,47.6549638044029,2575,310884,312204,E885227,Matched,Block,,MERIDIAN AVE N BETWEEN N 39TH ST AND N 40TH ST, ,,1,Property Damage Only Collision,Parked Car,2,0,0,2,0,0,2018-12-21 00:00:00+00,12/21/2018 8:00:00 AM,Mid-Block (not related to intersection),14,"MOTOR VEHICLE STRUCK MOTOR VEHICLE, REAR END",,False,Clear or Partly Cloudy,Dry,Unknown,,,,32.0,One parked--one moving,0,0,True,0
-122.356118761655,47.7050884110705,2576,310883,312203,E885226,Matched,Block,,N 105TH ST BETWEEN PALATINE AVE N AND GREENWOOD AVE N, ,,1,Property Damage Only Collision,Other,2,0,0,1,0,0,2018-12-18 00:00:00+00,12/18/2018 9:38:00 AM,Mid-Block (not related to intersection),28,MOTOR VEHICLE RAN OFF ROAD - HIT FIXED OBJECT,,False,Overcast,Wet,Daylight,,,,50.0,Fixed object,0,0,False,0
-122.326820472814,47.6140881268882,2578,309282,310562,E860804,Matched,Intersection,29873.0,BELLEVUE AVE AND E PIKE ST, ,,2,Injury Collision,Pedestrian,2,1,0,1,1,0,2018-10-24 00:00:00+00,10/24/2018 2:58:00 AM,At Intersection (intersection related),24,MOTOR VEHCILE STRUCK PEDESTRIAN,,True,Clear or Partly Cloudy,Dry,Dark - Street Lights On,,,,2.0,Vehicle turning left hits pedestrian,0,0,False,0
-122.400551064291,47.5832180885714,2579,309214,310494,E876716,Matched,Intersection,30910.0,53RD AVE SW AND BONAIR PL SW, ,,1,Property Damage Only Collision,Other,2,0,0,1,0,0,2018-12-20 00:00:00+00,12/20/2018 10:35:00 AM,At Intersection (intersection related),28,MOTOR VEHICLE RAN OFF ROAD - HIT FIXED OBJECT,True,False,Raining,Wet,Daylight,,,,50.0,Fixed object,0,0,False,0
-122.328470752597,47.6079445252975,2583,309287,310567,E860809,Matched,Intersection,29936.0,8TH AVE AND MADISON ST, ,,2,Injury Collision,Rear Ended,4,0,0,2,1,0,2018-11-08 00:00:00+00,11/8/2018 11:07:00 PM,At Intersection (intersection related),14,"MOTOR VEHICLE STRUCK MOTOR VEHICLE, REAR END",,False,Clear or Partly Cloudy,Dry,Dark - Street Lights On,,,,13.0,From same direction - both going straight - both moving - rear-end,0,0,False,0
-122.355403922374,47.6245782461938,2589,309213,310493,E876707,Matched,Intersection,28919.0,1ST AVE N AND MERCER ST, ,,1,Property Damage Only Collision,Angles,2,0,0,2,0,0,2018-12-20 00:00:00+00,12/20/2018 5:40:00 AM,At Intersection (intersection related),11,"MOTOR VEHICLE STRUCK MOTOR VEHICLE, FRONT END AT ANGLE",,False,Overcast,Unknown,Dark - Street Lights On,,,,10.0,Entering at angle,0,0,False,0
-122.328948722805,47.5311749612729,2590,309343,310623,E863452,Matched,Block,,WEST MARGINAL NB WAY S BETWEEN S HOLDEN ST AND CLOVERDALE ST ON RP, ,,1,Property Damage Only Collision,Rear Ended,5,0,0,4,0,0,2018-11-14 00:00:00+00,11/14/2018 8:21:00 AM,Mid-Block (not related to intersection),14,"MOTOR VEHICLE STRUCK MOTOR VEHICLE, REAR END",,False,Raining,Wet,Daylight,,,,14.0,From same direction - both going straight - one stopped - rear-end,0,0,False,0
-122.313649426686,47.6219510058733,2592,309212,310492,3814362,Matched,Intersection,29031.0,MALDEN AVE E AND E HARRISON ST, ,,1,Property Damage Only Collision,Angles,2,0,0,2,0,0,2018-12-27 00:00:00+00,12/27/2018 3:08:00 PM,At Intersection (intersection related),11,"MOTOR VEHICLE STRUCK MOTOR VEHICLE, FRONT END AT ANGLE",,False,Overcast,Dry,Daylight,,,,10.0,Entering at angle,0,0,False,0
-122.329775171801,47.6192202455941,2597,309337,310617,E863346,Matched,Block,,STEWART ST BETWEEN YALE AVE N AND EASTLAKE AVE E, ,,1,Property Damage Only Collision,Rear Ended,5,0,0,2,0,0,2018-10-24 00:00:00+00,10/24/2018 8:52:00 PM,Mid-Block (not related to intersection),14,"MOTOR VEHICLE STRUCK MOTOR VEHICLE, REAR END",,False,Clear or Partly Cloudy,Dry,Dark - Street Lights On,,,,14.0,From same direction - both going straight - one stopped - rear-end,0,0,False,0
-122.288663326647,47.6183203003718,2598,309219,310499,E879125,Matched,Intersection,29496.0,34TH AVE AND E DENNY WAY, ,,1,Property Damage Only Collision,Other,1,0,0,1,0,0,2018-12-17 00:00:00+00,12/17/2018 5:31:00 AM,At Intersection (intersection related),28,MOTOR VEHICLE RAN OFF ROAD - HIT FIXED OBJECT,,False,Raining,Wet,Dark - Street Lights On,,,,50.0,Fixed object,0,0,False,0
-122.30271037335,47.6129414132506,2600,309336,310616,E863225,Matched,Intersection,30027.0,23RD AVE AND E UNION ST, ,,1,Property Damage Only Collision,Sideswipe,2,0,0,2,0,0,2018-10-31 00:00:00+00,10/31/2018 5:30:00 PM,At Intersection (intersection related),11,"MOTOR VEHICLE STRUCK MOTOR VEHICLE, FRONT END AT ANGLE",,False,Clear or Partly Cloudy,Dry,Daylight,,,,81.0,Same direction -- both turning left -- both moving -- sideswipe,0,0,False,0
-122.277461196299,47.5508040235009,2605,309339,310619,E863416,Matched,Block,,RAINIER AVE S BETWEEN S ORCAS ST AND S MEAD ST, ,,1,Property Damage Only Collision,Rear Ended,3,0,0,2,0,0,2018-10-24 00:00:00+00,10/24/2018 8:12:00 AM,Mid-Block (not related to intersection),14,"MOTOR VEHICLE STRUCK MOTOR VEHICLE, REAR END",,False,Clear or Partly Cloudy,Dry,Daylight,,,,14.0,From same direction - both going straight - one stopped - rear-end,0,0,False,0
-122.368356997693,47.6265845203862,2608,309334,310614,E863159,Matched,Intersection,28700.0,ELLIOTT AVE W AND W MERCER PL, ,,2,Injury Collision,Rear Ended,2,0,0,2,2,0,2018-10-26 00:00:00+00,10/26/2018 3:00:00 AM,At Intersection (intersection related),14,"MOTOR VEHICLE STRUCK MOTOR VEHICLE, REAR END",,False,Raining,Wet,Dark - Street Lights On,,,,13.0,From same direction - both going straight - both moving - rear-end,0,0,False,0
-122.339438979875,47.5657761723389,2609,309217,310497,E878023,Matched,Intersection,32187.0,EAST MARGINAL WAY S AND S NEVADA ST, ,,1,Property Damage Only Collision,Angles,2,0,0,2,0,0,2018-12-24 00:00:00+00,12/24/2018 10:45:00 AM,At Intersection (intersection related),11,"MOTOR VEHICLE STRUCK MOTOR VEHICLE, FRONT END AT ANGLE",,False,Clear or Partly Cloudy,Dry,Daylight,,,,10.0,Entering at angle,0,0,False,0
-122.326360524294,47.599192755773,2611,309333,310613,E882218,Matched,Intersection,30511.0,6TH AVE S AND S JACKSON ST, ,,2,Injury Collision,Right Turn,3,0,0,2,1,0,2019-01-06 00:00:00+00,1/6/2019 3:24:00 PM,At Intersection (intersection related),11,"MOTOR VEHICLE STRUCK MOTOR VEHICLE, FRONT END AT ANGLE",,False,Clear or Partly Cloudy,Dry,Daylight,,,,16.0,From same direction - one right turn - one straight,0,0,False,0
-122.303106690786,47.5545273416644,2613,309294,310574,E880069,Matched,Block,,BEACON WR AVE S BETWEEN S BENNETT ST AND S BRANDON ST, ,,1,Property Damage Only Collision,Parked Car,3,0,0,3,0,0,2019-01-03 00:00:00+00,1/3/2019 9:50:00 AM,Mid-Block (not related to intersection),14,"MOTOR VEHICLE STRUCK MOTOR VEHICLE, REAR END",,False,Raining,Wet,Unknown,,,,32.0,One parked--one moving,0,0,True,0
-122.31205563121,47.5777467660831,2618,309292,310572,E862194,Matched,Intersection,31642.0,16TH AVE S AND S FOREST ST, ,,1,Property Damage Only Collision,Angles,2,0,0,2,0,0,2018-10-29 00:00:00+00,10/29/2018 4:45:00 PM,At Intersection (intersection related),14,"MOTOR VEHICLE STRUCK MOTOR VEHICLE, REAR END",,False,Raining,Wet,Dark - Street Lights On,,,,10.0,Entering at angle,0,0,False,0
-122.272739288205,47.5291063752894,2620,309215,310495,E878021,Matched,Intersection,35222.0,48TH AVE S AND S ROSE ST, ,,1,Property Damage Only Collision,Angles,2,0,0,2,0,0,2018-12-24 00:00:00+00,12/24/2018 12:42:00 PM,At Intersection (intersection related),11,"MOTOR VEHICLE STRUCK MOTOR VEHICLE, FRONT END AT ANGLE",,False,Clear or Partly Cloudy,Dry,Daylight,,,,10.0,Entering at angle,0,0,False,0
-122.330729695714,47.6154497181614,2623,309220,310500,E879252,Matched,Intersection,29865.0,BOREN AVE AND OLIVE WAY, ,,1,Property Damage Only Collision,Angles,2,0,0,2,0,0,2018-12-19 00:00:00+00,12/19/2018 11:15:00 AM,At Intersection (intersection related),11,"MOTOR VEHICLE STRUCK MOTOR VEHICLE, FRONT END AT ANGLE",True,False,Clear or Partly Cloudy,Dry,Daylight,,,,10.0,Entering at angle,0,0,False,0
-122.373486464559,47.5675535574956,2624,309290,310570,E880067,Matched,Block,,WEST SEATTLE BR WB BETWEEN POINT A AND 35TH AVE SW, ,,1,Property Damage Only Collision,Other,1,0,0,1,0,0,2019-01-03 00:00:00+00,1/3/2019 10:46:00 AM,Mid-Block (not related to intersection),26,MOTOR VEHICLE STRUCK OBJECT IN ROAD,,False,Overcast,Wet,Daylight,,,True,50.0,Fixed object,0,0,False,0
-122.324472636315,47.6152250048161,2625,309286,310566,E860808,Matched,Intersection,29859.0,BELMONT AVE AND E PINE ST, ,,2,Injury Collision,Pedestrian,2,0,1,1,1,0,2018-10-28 00:00:00+00,10/28/2018 6:40:00 PM,At Intersection (intersection related),18,"MOTOR VEHICLE STRUCK PEDALCYCLIST, FRONT END AT ANGLE",,False,Clear or Partly Cloudy,Wet,Dark - Street Lights On,,,,5.0,Vehicle Strikes Pedalcyclist,0,0,False,0
-122.326253854689,47.6177364675908,2627,309285,310565,E860807,Matched,Intersection,29177.0,E HOWELL ST AND E OLIVE WAY, ,,1,Property Damage Only Collision,Angles,2,0,0,2,0,0,2018-10-24 00:00:00+00,10/24/2018 6:27:00 PM,At Intersection (intersection related),11,"MOTOR VEHICLE STRUCK MOTOR VEHICLE, FRONT END AT ANGLE",,False,Clear or Partly Cloudy,Dry,Dark - Street Lights On,,,,10.0,Entering at angle,0,0,False,0
-122.33630255552,47.5903290253935,2629,309348,310628,E882219,Matched,Block,,S ATLANTIC ST BETWEEN COLORADO AVE S AND EAST FRONTAGE RD S, ,,1,Property Damage Only Collision,Right Turn,4,0,0,2,0,0,2019-01-01 00:00:00+00,1/1/2019 2:30:00 PM,Mid-Block (but intersection related),14,"MOTOR VEHICLE STRUCK MOTOR VEHICLE, REAR END",True,False,Clear or Partly Cloudy,Dry,Daylight,,,,16.0,From same direction - one right turn - one straight,0,0,False,0
-122.293808551025,47.7337639175592,2630,309289,310569,E861356,Matched,Intersection,35988.0,32ND AVE NE AND NE 145TH ST, ,,1,Property Damage Only Collision,Angles,2,0,0,2,0,0,2018-11-13 00:00:00+00,11/13/2018 6:55:00 AM,At Intersection (but not related to intersection),11,"MOTOR VEHICLE STRUCK MOTOR VEHICLE, FRONT END AT ANGLE",,False,Clear or Partly Cloudy,Dry,Daylight,,,,10.0,Entering at angle,0,0,False,0
-122.339100625887,47.5752720929622,2631,309288,310568,E861321,Matched,Block,,ALASKAN WY VI NB BETWEEN ALASKAN WY VI NB ON RP AND S LANDER ST, ,,2,Injury Collision,Parked Car,2,0,0,2,1,0,2018-10-28 00:00:00+00,10/28/2018 2:21:00 AM,Mid-Block (not related to intersection),11,"MOTOR VEHICLE STRUCK MOTOR VEHICLE, FRONT END AT ANGLE",True,False,Raining,Wet,Dark - Street Lights On,,,,32.0,One parked--one moving,0,0,False,0
-122.328913101671,47.6134658203127,2632,309284,310564,E860806,Matched,Intersection,29878.0,BOREN AVE AND PIKE ST, ,,2,Injury Collision,Pedestrian,2,1,0,1,1,0,2018-10-28 00:00:00+00,10/28/2018 1:56:00 AM,At Intersection (intersection related),24,MOTOR VEHCILE STRUCK PEDESTRIAN,,False,Raining,Wet,Dark - Street Lights On,True,,,2.0,Vehicle turning left hits pedestrian,0,0,False,0
-122.35292606111,47.7195942688024,2633,309218,310498,E878268,Matched,Intersection,35843.0,DAYTON AVE N AND N 125TH ST, ,,2,Injury Collision,Angles,4,0,0,2,1,0,2018-12-21 00:00:00+00,12/21/2018 2:50:00 PM,At Intersection (intersection related),11,"MOTOR VEHICLE STRUCK MOTOR VEHICLE, FRONT END AT ANGLE",,False,Clear or Partly Cloudy,Wet,Daylight,,,,10.0,Entering at angle,0,0,False,0
-122.317451143154,47.6621980426651,2638,309301,310581,E881909,Matched,Block,,ROOSEVELT WAY NE BETWEEN NE 45TH ST AND NE 47TH ST, ,,1,Property Damage Only Collision,Rear Ended,2,0,0,2,0,0,2019-01-06 00:00:00+00,1/6/2019 2:55:00 PM,Mid-Block (not related to intersection),14,"MOTOR VEHICLE STRUCK MOTOR VEHICLE, REAR END",,False,Overcast,Wet,Daylight,,,,14.0,From same direction - both going straight - one stopped - rear-end,0,0,False,0
-122.328859902371,47.6033399138646,2640,309298,310578,E880518,Matched,Block,,5TH AVE BETWEEN JEFFERSON ST AND JAMES ST, ,,1,Property Damage Only Collision,Other,2,0,0,2,0,0,2019-01-07 00:00:00+00,1/7/2019 8:35:00 AM,Mid-Block (not related to intersection),11,"MOTOR VEHICLE STRUCK MOTOR VEHICLE, FRONT END AT ANGLE",True,False,Clear or Partly Cloudy,Dry,Daylight,,,,23.0,From same direction - all others,0,0,False,0
-122.332244084376,47.6120705726859,2644,309354,310634,E865602,Matched,Intersection,29893.0,8TH AVE AND PIKE ST, ,,2,Injury Collision,Other,3,0,0,2,1,0,2018-11-10 00:00:00+00,11/10/2018 8:50:00 AM,At Intersection (intersection related),11,"MOTOR VEHICLE STRUCK MOTOR VEHICLE, FRONT END AT ANGLE",,False,Clear or Partly Cloudy,Dry,Daylight,,,,23.0,From same direction - all others,0,0,False,0