longitude,latitude,objectid,inckey,coldetkey,reportno,status,addrtype,intkey,location,exceptrsncode,exceptrsndesc,severitycode,severitydesc,collisiontype,personcount,pedcount,pedcylcount,vehcount,injuries,fatalities,incdate,incdttm,junctiontype,sdot_colcode,sdot_coldesc,inattentionind,underinfl,weather,roadcond,lightcond,pedrownotgrnt,sdotcolnum,speeding,st_colcode,st_coldesc,seglanekey,crosswalkkey,hitparkedcar,seriousinjuries
-122.348278129357,47.6144190521568,2645,309228,310508,E879545,Matched,Block,,1ST AVE BETWEEN BATTERY ST AND WALL ST, ,,1,Property Damage Only Collision,Sideswipe,3,0,0,2,0,0,2018-12-30 00:00:00+00,12/30/2018 1:16:00 PM,Mid-Block (not related to intersection),16,"MOTOR VEHICLE STRUCK MOTOR VEHICLE, LEFT SIDE SIDESWIPE",,False,Clear or Partly Cloudy,Dry,Daylight,,,,12.0,From same direction - both going straight - one stopped - sideswipe,0,0,False,0
-122.375716061586,47.5465114513025,2646,309227,310507,E879810,Matched,Block,,SW GRAHAM ST BETWEEN 34TH AVE SW AND 35TH AVE SW, ,,2,Injury Collision,Parked Car,2,0,0,2,1,0,2019-01-06 00:00:00+00,1/6/2019 11:17:00 AM,Mid-Block (not related to intersection),13,"MOTOR VEHICLE STRUCK MOTOR VEHICLE, LEFT SIDE AT ANGLE",True,False,Clear or Partly Cloudy,Dry,Daylight,,,,32.0,One parked--one moving,0,0,True,0
-122.322868468375,47.5637919648708,2648,309226,310506,E879368,Matched,Block,,AIRPORT WAY S BETWEEN S INDUSTRIAL EB WAY AND S OREGON ST, ,,1,Property Damage Only Collision,Sideswipe,2,0,0,2,0,0,2018-12-26 00:00:00+00,12/26/2018 4:02:00 PM,Mid-Block (not related to intersection),11,"MOTOR VEHICLE STRUCK MOTOR VEHICLE, FRONT END AT ANGLE",True,False,Overcast,Wet,Daylight,,,,11.0,From same direction - both going straight - both moving - sideswipe,0,0,False,0
-122.378599387721,47.5811284313605,2650,309225,310505,E879016,Matched,Block,,SW ADMIRAL WAY BETWEEN 37TH W AVE SW AND BELVIDERE AVE SW, ,,2,Injury Collision,Pedestrian,2,0,1,1,1,0,2018-12-22 00:00:00+00,12/22/2018 3:00:00 PM,Mid-Block (not related to intersection),21,"MOTOR VEHICLE STRUCK PEDALCYCLIST, REAR END",,False,Overcast,Dry,Daylight,,,,5.0,Vehicle Strikes Pedalcyclist,0,0,False,0
-122.325139076793,47.6093379722992,2651,309224,310504,E880051,Matched,Intersection,29920.0,BOREN AVE AND MADISON ST, ,,2,Injury Collision,Pedestrian,2,1,0,1,1,0,2018-12-28 00:00:00+00,12/28/2018 11:14:00 AM,At Intersection (intersection related),24,MOTOR VEHCILE STRUCK PEDESTRIAN,,False,Raining,Wet,Daylight,,,,1.0,Vehicle turning right hits pedestrian,0,522232,False,0
-122.366095944248,47.6741722779618,2652,309223,310503,E879709,Matched,Intersection,25264.0,8TH AVE NW AND NW 62ND N ST, ,,1,Property Damage Only Collision,Angles,2,0,0,2,0,0,2018-12-31 00:00:00+00,12/31/2018 4:59:00 PM,At Intersection (intersection related),11,"MOTOR VEHICLE STRUCK MOTOR VEHICLE, FRONT END AT ANGLE",,False,Clear or Partly Cloudy,Dry,Dark - Street Lights On,,,,10.0,Entering at angle,0,0,False,0
-122.32168580219,47.6510475111688,2653,309355,310635,E865624,Matched,Block,,EASTLAKE AVE E BETWEEN HARVARD AVE E AND FUHRMAN AVE E, ,,1,Property Damage Only Collision,Rear Ended,2,0,0,2,0,0,2018-11-14 00:00:00+00,11/14/2018 9:01:00 AM,Mid-Block (not related to intersection),14,"MOTOR VEHICLE STRUCK MOTOR VEHICLE, REAR END",,False,Raining,Wet,Daylight,,,,13.0,From same direction - both going straight - both moving - rear-end,0,0,False,0
-122.325886811959,47.6431906425732,2654,309222,310502,E879537,Matched,Intersection,28300.0,EASTLAKE AVE E AND E ROANOKE ST, ,,1,Property Damage Only Collision,Angles,8,0,0,3,0,0,2018-12-30 00:00:00+00,12/30/2018 3:25:00 PM,At Intersection (intersection related),11,"MOTOR VEHICLE STRUCK MOTOR VEHICLE, FRONT END AT ANGLE",,False,Clear or Partly Cloudy,Dry,Daylight,,,,10.0,Entering at angle,0,0,False,0
-122.329077497112,47.5714208655885,2657,309221,310501,E879316,Matched,Intersection,32342.0,4TH AVE S AND S SPOKANE SR ST, ,,2,Injury Collision,Angles,2,0,0,2,2,0,2018-12-22 00:00:00+00,12/22/2018 5:08:00 PM,At Intersection (intersection related),11,"MOTOR VEHICLE STRUCK MOTOR VEHICLE, FRONT END AT ANGLE",,False,Raining,Wet,Dark - Street Lights On,,,,10.0,Entering at angle,0,0,False,0
-122.316728153968,47.6248090022727,2658,309408,310688,E869053,Matched,Block,,12TH AVE E BETWEEN E MERCER ST AND E ROY ST, ,,1,Property Damage Only Collision,Rear Ended,2,0,0,2,0,0,2018-11-11 00:00:00+00,11/11/2018 4:44:00 PM,Mid-Block (not related to intersection),14,"MOTOR VEHICLE STRUCK MOTOR VEHICLE, REAR END",True,False,Clear or Partly Cloudy,Dry,Dusk,,,,14.0,From same direction - both going straight - one stopped - rear-end,0,0,False,0
-122.317564638455,47.6187637159677,2660,309407,310687,E869052,Matched,Block,,E DENNY WAY BETWEEN 11TH AVE AND 12TH AVE, ,,1,Property Damage Only Collision,Parked Car,2,0,0,2,0,0,2018-11-10 00:00:00+00,11/10/2018 5:02:00 PM,Mid-Block (not related to intersection),14,"MOTOR VEHICLE STRUCK MOTOR VEHICLE, REAR END",,False,Clear or Partly Cloudy,Dry,Dark - Street Lights On,,,,32.0,One parked--one moving,0,0,False,0
-122.31501684451,47.5353748532582,2661,309352,310632,E863473,Matched,Block,,EAST MARGINAL WAY S BETWEEN S WEBSTER ST AND 14TH AVE S, ,,1,Property Damage Only Collision,Rear Ended,3,0,0,3,0,0,2018-11-13 00:00:00+00,11/13/2018 9:45:00 AM,Mid-Block (not related to intersection),14,"MOTOR VEHICLE STRUCK MOTOR VEHICLE, REAR END",,False,Clear or Partly Cloudy,Dry,Daylight,,,,14.0,From same direction - both going straight - one stopped - rear-end,0,0,False,0
-122.32788067264,47.6166417097266,2662,309406,310686,E868636,Matched,Intersection,29847.0,MELROSE AVE AND OLIVE WAY, ,,1,Property Damage Only Collision,Sideswipe,2,0,0,2,0,0,2018-11-09 00:00:00+00,11/9/2018 9:57:00 PM,At Intersection (intersection related),11,"MOTOR VEHICLE STRUCK MOTOR VEHICLE, FRONT END AT ANGLE",,False,Clear or Partly Cloudy,Dry,Dark - Street Lights On,,,,11.0,From same direction - both going straight - both moving - sideswipe,0,0,False,0
-122.320760198743,47.6111690758969,2663,309405,310685,E868633,Matched,Intersection,29772.0,BROADWAY AND MADISON ST, ,,2,Injury Collision,Rear Ended,2,0,0,2,1,0,2018-11-08 00:00:00+00,11/8/2018 9:15:00 PM,At Intersection (but not related to intersection),14,"MOTOR VEHICLE STRUCK MOTOR VEHICLE, REAR END",,False,Clear or Partly Cloudy,Dry,Dark - Street Lights On,,,,14.0,From same direction - both going straight - one stopped - rear-end,0,0,False,0
-122.356709220833,47.6245829734798,2666,309240,310520,3796006,Matched,Intersection,28632.0,MERCER ST AND QUEEN ANNE AVE N, ,,1,Property Damage Only Collision,Sideswipe,4,0,0,2,0,0,2018-12-26 00:00:00+00,12/26/2018 10:10:00 AM,At Intersection (intersection related),11,"MOTOR VEHICLE STRUCK MOTOR VEHICLE, FRONT END AT ANGLE",,False,Raining,Dry,Daylight,,,,11.0,From same direction - both going straight - both moving - sideswipe,0,0,False,0
-122.284254602267,47.5435500436331,2668,309233,310513,E880178,Matched,Block,,M L KING JR ER WAY S BETWEEN S MORGAN ST AND S WARSAW ST, ,,1,Property Damage Only Collision,Rear Ended,3,0,0,2,0,0,2019-01-06 00:00:00+00,1/6/2019 5:10:00 PM,Mid-Block (not related to intersection),14,"MOTOR VEHICLE STRUCK MOTOR VEHICLE, REAR END",,False,Unknown,Wet,Dark - Street Lights On,,,,14.0,From same direction - both going straight - one stopped - rear-end,0,0,False,0
-122.339407463307,47.576425754286,2669,309416,310696,3705939,Matched,Block,,ALASKAN WY VI SB BETWEEN S LANDER ST AND ALASKAN WY VI SB WSB WB OFF RP, ,,1,Property Damage Only Collision,Rear Ended,2,0,0,2,0,0,2019-01-06 00:00:00+00,1/6/2019 2:34:00 AM,Mid-Block (not related to intersection),14,"MOTOR VEHICLE STRUCK MOTOR VEHICLE, REAR END",True,True,Severe Crosswind,Wet,Dark - No Street Lights,,,,14.0,From same direction - both going straight - one stopped - rear-end,0,0,False,0
-122.350090624931,47.7057849666524,2670,309411,310691,E880858,Matched,Block,,FREMONT AVE N BETWEEN N 105TH ST AND N 107TH S ST, ,,2b,Serious Injury Collision,Pedestrian,3,1,0,1,1,0,2019-01-08 00:00:00+00,1/8/2019 5:49:00 PM,Mid-Block (not related to intersection),24,MOTOR VEHCILE STRUCK PEDESTRIAN,,False,Raining,Wet,Dark - Street Lights On,,,,0.0,Vehicle going straight hits pedestrian,0,0,False,1
-122.325859621228,47.6050900042242,2671,309410,310690,E869055,Matched,Intersection,29961.0,8TH AVE AND JAMES ST, ,,1,Property Damage Only Collision,Rear Ended,2,0,0,2,0,0,2018-10-28 00:00:00+00,10/28/2018 8:26:00 PM,At Intersection (but not related to intersection),14,"MOTOR VEHICLE STRUCK MOTOR VEHICLE, REAR END",,False,Raining,Wet,Dark - Street Lights On,,,,14.0,From same direction - both going straight - one stopped - rear-end,0,0,False,0
-122.302770995815,47.7338387082592,2672,309311,310591,E862230,Matched,Block,,NE 145TH ST BETWEEN 24TH AVE NE AND 25TH AVE NE, ,,1,Property Damage Only Collision,Sideswipe,2,0,0,2,0,0,2018-11-13 00:00:00+00,11/13/2018 4:30:00 PM,Mid-Block (not related to intersection),14,"MOTOR VEHICLE STRUCK MOTOR VEHICLE, REAR END",,False,Overcast,Dry,Dusk,,,,11.0,From same direction - both going straight - both moving - sideswipe,0,0,False,0
-122.353944809549,47.6521258583791,2675,309236,310516,E880459,Matched,Block,,N 36TH ST BETWEEN PHINNEY AVE N AND FRANCIS AVE N, ,,1,Property Damage Only Collision,Left Turn,2,0,0,2,0,0,2018-12-21 00:00:00+00,12/21/2018 11:33:00 AM,Mid-Block (but intersection related),11,"MOTOR VEHICLE STRUCK MOTOR VEHICLE, FRONT END AT ANGLE",,False,Overcast,Dry,Daylight,,,,15.0,From same direction - one left turn - one straight,0,0,False,0
-122.318233925807,47.6199271844004,2677,309409,310689,E869054,Matched,Intersection,29054.0,11TH AVE E AND E JOHN ST, ,,1,Property Damage Only Collision,Angles,4,0,0,2,0,0,2018-11-04 00:00:00+00,11/4/2018 9:07:00 AM,At Intersection (intersection related),11,"MOTOR VEHICLE STRUCK MOTOR VEHICLE, FRONT END AT ANGLE",,False,Clear or Partly Cloudy,Wet,Daylight,,,,10.0,Entering at angle,0,0,False,0
-122.347418743323,47.6492401216293,2678,309309,310589,E881913,Matched,Intersection,27043.0,TROLL AVE N AND N 34TH ST, ,,1,Property Damage Only Collision,Pedestrian,2,0,1,1,0,0,2019-01-04 00:00:00+00,1/4/2019 5:56:00 PM,At Intersection (intersection related),18,"MOTOR VEHICLE STRUCK PEDALCYCLIST, FRONT END AT ANGLE",,False,Overcast,Dry,Dark - Street Lights On,,,,5.0,Vehicle Strikes Pedalcyclist,0,0,False,0
-122.328967514649,47.5991968896655,2685,309358,310638,E866370,Matched,Intersection,30509.0,4TH AVE S AND S JACKSON ST,NEI,"Not Enough Information, or Insufficient Location Information",2,Injury Collision,Pedestrian,2,1,0,1,1,0,2018-10-29 00:00:00+00,10/29/2018 6:45:00 AM,At Intersection (intersection related),0,NOT ENOUGH INFORMATION / NOT APPLICABLE,,False,Unknown,Wet,Unknown,,,,0.0,Vehicle going straight hits pedestrian,0,0,False,0
-122.344552561313,47.7341288589161,2686,309312,310592,E862284,Matched,Block,,N 145TH ST BETWEEN AURORA AVE N AND MIDVALE AVE N, ,,1,Property Damage Only Collision,Other,2,0,0,2,0,0,2018-11-15 00:00:00+00,11/15/2018 3:00:00 PM,Mid-Block (not related to intersection),14,"MOTOR VEHICLE STRUCK MOTOR VEHICLE, REAR END",,False,Clear or Partly Cloudy,Dry,Daylight,,,,23.0,From same direction - all others,0,0,False,0
-122.306353584876,47.6008348148181,2689,309357,310637,E865964,Matched,Intersection,30736.0,20TH AVE S AND S WASHINGTON ST, ,,1,Property Damage Only Collision,Angles,3,0,0,2,0,0,2018-11-02 00:00:00+00,11/2/2018 7:28:00 AM,At Intersection (intersection related),14,"MOTOR VEHICLE STRUCK MOTOR VEHICLE, REAR END",True,False,Overcast,Wet,Daylight,,,,10.0,Entering at angle,0,0,False,0
-122.302065768514,47.6129413684477,2692,309235,310515,E880053,Matched,Block,,E UNION ST BETWEEN 23RD AVE AND 24TH AVE, ,,1,Property Damage Only Collision,Sideswipe,3,0,0,2,0,0,2018-12-28 00:00:00+00,12/28/2018 1:59:00 PM,Mid-Block (not related to intersection),11,"MOTOR VEHICLE STRUCK MOTOR VEHICLE, FRONT END AT ANGLE",,False,Raining,Wet,Daylight,,,,11.0,From same direction - both going straight - both moving - sideswipe,0,0,False,0
-122.312678772452,47.7194140425953,2694,309230,310510,E879831,Matched,Intersection,36427.0,15TH AVE NE AND NE 125TH ST, ,,1,Property Damage Only Collision,Angles,4,0,0,2,0,0,2019-01-01 00:00:00+00,1/1/2019 11:52:00 PM,At Intersection (intersection related),14,"MOTOR VEHICLE STRUCK MOTOR VEHICLE, REAR END",,False,Clear or Partly Cloudy,Dry,Dark - Street Lights On,,,,10.0,Entering at angle,0,0,False,0
-122.340933640635,47.7232102828036,2724,309359,310639,E868247,Matched,Block,,N 130TH ST BETWEEN STONE AVE N AND ASHWORTH AVE N, ,,2,Injury Collision,Rear Ended,4,0,0,2,1,0,2018-11-14 00:00:00+00,11/14/2018 8:30:00 AM,Mid-Block (not related to intersection),14,"MOTOR VEHICLE STRUCK MOTOR VEHICLE, REAR END",,False,Clear or Partly Cloudy,Dry,Daylight,,,,13.0,From same direction - both going straight - both moving - rear-end,0,0,False,0
-122.332854666075,47.7095629876229,1001,308515,309795,E871528,Matched,Block,,N 112TH ST BETWEEN MERIDIAN AVE N AND DEAD END,NEI,"Not Enough Information, or Insufficient Location Information",1,Property Damage Only Collision,Parked Car,2,0,0,2,0,0,2018-12-11 00:00:00+00,12/11/2018 3:00:00 PM,Mid-Block (not related to intersection),12,"MOTOR VEHICLE STRUCK MOTOR VEHICLE, RIGHT SIDE AT ANGLE",,False,Clear or Partly Cloudy,Dry,Daylight,,,,32.0,One parked--one moving,0,0,True,0
-122.279419414225,47.51706721908,1002,308508,309788,3811067,Matched,Intersection,35304.0,M L KING JR WR WAY S AND MERTON WAY S, ,,2,Injury Collision,Angles,3,0,0,2,1,0,2018-12-17 00:00:00+00,12/17/2018 8:50:00 PM,At Intersection (intersection related),11,"MOTOR VEHICLE STRUCK MOTOR VEHICLE, FRONT END AT ANGLE",,False,Raining,Wet,Dark - Street Lights On,,,,10.0,Entering at angle,0,0,False,0
-122.290713877703,47.690203011803,1003,308639,309919,E877645,Matched,Intersection,37949.0,35TH AVE NE AND NE 85TH ST, ,,2,Injury Collision,Pedestrian,2,1,0,1,1,0,2018-12-24 00:00:00+00,12/24/2018 3:00:00 PM,At Intersection (intersection related),24,MOTOR VEHCILE STRUCK PEDESTRIAN,True,False,Overcast,Dry,Daylight,,,,2.0,Vehicle turning left hits pedestrian,0,0,False,0
-122.349755537917,47.6465115462925,1004,308507,309787,E871580,Matched,Block,,4TH AVE N BETWEEN NICKERSON ST AND FREMONT BR, ,,1,Property Damage Only Collision,Rear Ended,3,0,0,2,0,0,2018-11-17 00:00:00+00,11/17/2018 9:02:00 AM,Mid-Block (but intersection related),14,"MOTOR VEHICLE STRUCK MOTOR VEHICLE, REAR END",True,False,Clear or Partly Cloudy,Wet,Daylight,,,,14.0,From same direction - both going straight - one stopped - rear-end,0,0,False,0
-122.330010150988,47.6122585912373,1005,308456,309736,3814358,Matched,Block,,HUBBELL PL BETWEEN 9TH AVE AND PIKE ST, ,,2,Injury Collision,Sideswipe,3,0,0,2,1,0,2018-12-20 00:00:00+00,12/20/2018 7:25:00 AM,Mid-Block (not related to intersection),11,"MOTOR VEHICLE STRUCK MOTOR VEHICLE, FRONT END AT ANGLE",True,False,Raining,Wet,Dark - Street Lights On,,,,26.0,From opposite direction - both going straight - sideswipe,0,0,False,0
-122.305041441304,47.6021705241792,1006,308451,309731,3811068,Matched,Block,,21ST AVE BETWEEN E YESLER WAY AND E FIR ST,NEI,"Not Enough Information, or Insufficient Location Information",1,Property Damage Only Collision,Parked Car,2,0,0,2,0,0,2018-12-18 00:00:00+00,12/18/2018 2:00:00 PM,Mid-Block (not related to intersection),0,NOT ENOUGH INFORMATION / NOT APPLICABLE,,False,Unknown,Unknown,Unknown,,,,32.0,One parked--one moving,0,0,False,0
-122.331536207806,47.7273787379137,1007,308638,309918,E877643,Matched,Intersection,35941.0,CORLISS AVE N AND ROOSEVELT WAY N, ,,2,Injury Collision,Angles,7,0,0,2,7,0,2018-12-24 00:00:00+00,12/24/2018 12:24:00 PM,At Intersection (intersection related),11,"MOTOR VEHICLE STRUCK MOTOR VEHICLE, FRONT END AT ANGLE",,False,Clear or Partly Cloudy,Dry,Daylight,,,,10.0,Entering at angle,0,0,False,0
-122.373431001877,47.6906236713986,1008,308572,309852,E872074,Matched,Block,,NW 85TH ST BETWEEN 13TH AVE NW AND 14TH AVE NW, ,,2,Injury Collision,Rear Ended,2,0,0,2,1,0,2018-12-09 00:00:00+00,12/9/2018 11:23:00 AM,Mid-Block (not related to intersection),14,"MOTOR VEHICLE STRUCK MOTOR VEHICLE, REAR END",,True,Raining,Wet,Daylight,,,,13.0,From same direction - both going straight - both moving - rear-end,0,0,False,0
-122.350033913176,47.6621355813168,1009,308571,309851,E872070,Matched,Intersection,25689.0,FREMONT AVE N AND N 46TH ST, ,,2,Injury Collision,Rear Ended,3,0,0,2,2,0,2018-12-08 00:00:00+00,12/8/2018 1:02:00 PM,At Intersection (but not related to intersection),14,"MOTOR VEHICLE STRUCK MOTOR VEHICLE, REAR END",True,False,Clear or Partly Cloudy,Dry,Daylight,,,,14.0,From same direction - both going straight - one stopped - rear-end,0,0,False,0
-122.321474865846,47.6431916989219,1010,308450,309730,E870925,Matched,Block,,E ROANOKE ST BETWEEN HARVARD AVE E AND BROADWAY E, ,,1,Property Damage Only Collision,Sideswipe,4,0,0,4,0,0,2018-11-29 00:00:00+00,11/29/2018 9:00:00 AM,Mid-Block (not related to intersection),11,"MOTOR VEHICLE STRUCK MOTOR VEHICLE, FRONT END AT ANGLE",True,False,Overcast,Wet,Daylight,,,,11.0,From same direction - both going straight - both moving - sideswipe,0,0,False,0
-122.296730833753,47.6685206367761,1011,308570,309850,E872068,Matched,Block,,NE 55TH ST BETWEEN 28TH AVE NE AND 29TH AVE NE, ,,1,Property Damage Only Collision,Parked Car,3,0,0,3,0,0,2018-12-08 00:00:00+00,12/8/2018 1:46:00 PM,Mid-Block (not related to intersection),14,"MOTOR VEHICLE STRUCK MOTOR VEHICLE, REAR END",,False,Clear or Partly Cloudy,Dry,Daylight,,,,32.0,One parked--one moving,0,0,True,0
-122.344514435417,47.6891127655105,1012,308449,309729,3767487,Matched,Intersection,24276.0,AURORA AVE N AND GREEN LAKE DR N, ,,2,Injury Collision,Angles,2,0,0,2,1,0,2018-12-11 00:00:00+00,12/11/2018 8:27:00 AM,At Intersection (but not related to intersection),14,"MOTOR VEHICLE STRUCK MOTOR VEHICLE, REAR END",,False,Raining,Wet,Daylight,,,,10.0,Entering at angle,0,0,False,0
-122.31955133165,47.6635726151699,1013,308448,309728,3762899,Matched,Block,,8TH AVE NE BETWEEN NE 47TH ST AND NE 48TH ST, ,,1,Property Damage Only Collision,Parked Car,2,0,0,2,0,0,2018-12-20 00:00:00+00,12/20/2018 8:40:00 AM,,0,NOT ENOUGH INFORMATION / NOT APPLICABLE,,False,Overcast,Wet,Daylight,,,,32.0,One parked--one moving,0,0,True,0
-122.414071814543,47.5728032847282,1014,308455,309735,E870926,Matched,Block,,BEACH DR SW BETWEEN 64TH AVE SW AND 63RD AVE SW, ,,1,Property Damage Only Collision,Parked Car,2,0,0,2,0,0,2018-12-04 00:00:00+00,12/4/2018 9:28:00 AM,Mid-Block (not related to intersection),13,"MOTOR VEHICLE STRUCK MOTOR VEHICLE, LEFT SIDE AT ANGLE",True,False,Clear or Partly Cloudy,Dry,Daylight,,,,32.0,One parked--one moving,0,0,True,0
-122.341326156399,47.6932608711661,1015,308569,309849,E872067,Matched,Block,,STONE AVE N BETWEEN N 88TH ST AND N 90TH E ST, ,,1,Property Damage Only Collision,Parked Car,3,0,0,3,0,0,2018-12-07 00:00:00+00,12/7/2018 5:36:00 PM,Mid-Block (not related to intersection),14,"MOTOR VEHICLE STRUCK MOTOR VEHICLE, REAR END",True,False,Clear or Partly Cloudy,Dry,Dark - Street Lights On,,,,32.0,One parked--one moving,0,0,False,0
-122.312172630282,47.6875164548125,1016,308447,309727,3762370,Matched,Intersection,24387.0,15TH AVE NE AND LAKE CITY WAY NE, ,,1,Property Damage Only Collision,Left Turn,4,0,0,3,0,0,2018-12-14 00:00:00+00,12/14/2018 2:19:00 PM,At Intersection (intersection related),11,"MOTOR VEHICLE STRUCK MOTOR VEHICLE, FRONT END AT ANGLE",,False,Overcast,Dry,Daylight,,,,28.0,From opposite direction - one left turn - one straight,0,0,False,0
-122.275209969509,47.5221765481437,1017,308459,309739,E870928,Matched,Block,,RENTON AVE S BETWEEN S HENDERSON ST AND S BARTON ST, ,,1,Property Damage Only Collision,Parked Car,3,0,0,3,0,0,2018-12-06 00:00:00+00,12/6/2018 8:55:00 AM,Mid-Block (not related to intersection),14,"MOTOR VEHICLE STRUCK MOTOR VEHICLE, REAR END",,False,Clear or Partly Cloudy,Dry,Daylight,,,,32.0,One parked--one moving,0,0,True,0
-122.360705824215,47.6978518441681,1018,308526,309806,E874081,Matched,Intersection,37145.0,3RD AVE NW AND NW 95TH ST, ,,2,Injury Collision,Angles,6,0,0,2,1,0,2018-12-16 00:00:00+00,12/16/2018 3:01:00 PM,At Intersection (intersection related),11,"MOTOR VEHICLE STRUCK MOTOR VEHICLE, FRONT END AT ANGLE",,False,Raining,Wet,Daylight,,,,10.0,Entering at angle,0,0,False,0
-122.341386961911,47.662125485999,1019,308580,309860,E872356,Matched,Block,,N 46TH ST BETWEEN STONE WAY N AND INTERLAKE AVE N, ,,1,Property Damage Only Collision,Parked Car,2,0,0,2,0,0,2018-12-14 00:00:00+00,12/14/2018 2:45:00 PM,Mid-Block (not related to intersection),11,"MOTOR VEHICLE STRUCK MOTOR VEHICLE, FRONT END AT ANGLE",True,False,Clear or Partly Cloudy,Dry,Daylight,,,,32.0,One parked--one moving,0,0,False,0
-122.304217244885,47.6695375008754,1020,308480,309760,3642620,Matched,Intersection,26005.0,NE PARK RD AND NE RAVENNA WB BV, ,,1,Property Damage Only Collision,Angles,2,0,0,2,0,0,2018-12-05 00:00:00+00,12/5/2018 1:00:00 PM,At Intersection (intersection related),11,"MOTOR VEHICLE STRUCK MOTOR VEHICLE, FRONT END AT ANGLE",,False,Clear or Partly Cloudy,Dry,Daylight,,,,10.0,Entering at angle,0,0,False,0
-122.334217613875,47.5504873159526,1021,308579,309859,E872136,Matched,Intersection,33041.0,1ST AVE S AND S FIDALGO ST, ,,1,Property Damage Only Collision,Rear Ended,2,0,0,2,0,0,2018-12-13 00:00:00+00,12/13/2018 4:59:00 PM,At Intersection (but not related to intersection),14,"MOTOR VEHICLE STRUCK MOTOR VEHICLE, REAR END",,False,Raining,Wet,Dark - Street Lights On,,,,14.0,From same direction - both going straight - one stopped - rear-end,0,0,False,0
-122.33258176468,47.6057298895065,1022,308465,309745,E870931,Matched,Block,,4TH AVE BETWEEN MARION ST AND MADISON ST, ,,1,Property Damage Only Collision,Rear Ended,4,0,0,2,0,0,2018-12-11 00:00:00+00,12/11/2018 10:31:00 AM,Mid-Block (but intersection related),14,"MOTOR VEHICLE STRUCK MOTOR VEHICLE, REAR END",True,False,Raining,Wet,Daylight,,,,14.0,From same direction - both going straight - one stopped - rear-end,0,0,False,0
-122.332568516349,47.5717191027668,1023,308578,309858,E872135,Matched,Block,,S SPOKANE NR ST BETWEEN 1ST AVE S AND 2ND AVE S, ,,1,Property Damage Only Collision,Sideswipe,2,0,0,2,0,0,2018-11-30 00:00:00+00,11/30/2018 5:30:00 PM,Mid-Block (not related to intersection),11,"MOTOR VEHICLE STRUCK MOTOR VEHICLE, FRONT END AT ANGLE",,False,Clear or Partly Cloudy,Dry,Dark - Street Lights On,,,,11.0,From same direction - both going straight - both moving - sideswipe,0,0,False,0
-122.325988855244,47.5716371966396,1025,308577,309857,E872134,Matched,Block,,6TH AVE S BETWEEN S SPOKANE NR ST AND S SPOKANE CR ST, ,,2,Injury Collision,Pedestrian,2,1,0,1,1,0,2018-11-30 00:00:00+00,11/30/2018 4:36:00 PM,Mid-Block (not related to intersection),24,MOTOR VEHCILE STRUCK PEDESTRIAN,,False,Clear or Partly Cloudy,Dry,Dark - Street Lights On,,,,0.0,Vehicle going straight hits pedestrian,0,0,False,0
-122.363859079736,47.6246094199287,1026,308664,309944,E870354,Matched,Intersection,28638.0,W MERCER PL AND W MERCER ST, ,,1,Property Damage Only Collision,Rear Ended,4,0,0,2,0,0,2018-12-08 00:00:00+00,12/8/2018 2:30:00 PM,At Intersection (intersection related),14,"MOTOR VEHICLE STRUCK MOTOR VEHICLE, REAR END",,False,Overcast,Dry,Daylight,,,,14.0,From same direction - both going straight - one stopped - rear-end,0,0,False,0
-122.269987868884,47.5228170065789,1028,308576,309856,E872092,Matched,Block,,RAINIER AVE S BETWEEN S HENDERSON ST AND S DIRECTOR N ST, ,,1,Property Damage Only Collision,Sideswipe,2,0,0,2,0,0,2018-12-13 00:00:00+00,12/13/2018 11:12:00 AM,Mid-Block (not related to intersection),11,"MOTOR VEHICLE STRUCK MOTOR VEHICLE, FRONT END AT ANGLE",,False,Overcast,Wet,Daylight,,,,11.0,From same direction - both going straight - both moving - sideswipe,0,0,False,0
-122.336338160031,47.6491956589047,1029,308524,309804,E873762,Matched,Intersection,26903.0,WALLINGFORD AVE N AND N 35TH ST, ,,2,Injury Collision,Angles,2,0,0,2,2,0,2018-11-27 00:00:00+00,11/27/2018 4:48:00 AM,At Intersection (intersection related),11,"MOTOR VEHICLE STRUCK MOTOR VEHICLE, FRONT END AT ANGLE",,False,Overcast,Wet,Dark - Street Lights On,,,,10.0,Entering at angle,0,0,False,0
-122.355448940265,47.7047199286298,1030,308575,309855,E872078,Matched,Block,,GREENWOOD AVE N BETWEEN N 104TH ST AND HOLMAN RD N, ,,2,Injury Collision,Pedestrian,2,1,0,1,2,0,2018-12-09 00:00:00+00,12/9/2018 6:15:00 PM,Mid-Block (not related to intersection),14,"MOTOR VEHICLE STRUCK MOTOR VEHICLE, REAR END",True,False,Raining,Wet,Dusk,,,,0.0,Vehicle going straight hits pedestrian,0,0,False,0