longitude,latitude,objectid,inckey,coldetkey,reportno,status,addrtype,intkey,location,exceptrsncode,exceptrsndesc,severitycode,severitydesc,collisiontype,personcount,pedcount,pedcylcount,vehcount,injuries,fatalities,incdate,incdttm,junctiontype,sdot_colcode,sdot_coldesc,inattentionind,underinfl,weather,roadcond,lightcond,pedrownotgrnt,sdotcolnum,speeding,st_colcode,st_coldesc,seglanekey,crosswalkkey,hitparkedcar,seriousinjuries
-122.336683428228,47.6102140417194,1031,308669,309949,E870355,Matched,Intersection,29589.0,4TH AVE AND PIKE ST, ,,1,Property Damage Only Collision,Right Turn,3,0,0,2,0,0,2018-12-08 00:00:00+00,12/8/2018 6:21:00 PM,At Intersection (intersection related),11,"MOTOR VEHICLE STRUCK MOTOR VEHICLE, FRONT END AT ANGLE",,False,Clear or Partly Cloudy,Dry,Dark - Street Lights On,,,,16.0,From same direction - one right turn - one straight,0,0,False,0
-122.345017036586,47.7268595550699,1032,308574,309854,E872077,Matched,Intersection,35812.0,AURORA AVE N AND N 135TH ST, ,,1,Property Damage Only Collision,Other,2,0,0,2,0,0,2018-12-09 00:00:00+00,12/9/2018 7:00:00 PM,At Intersection (but not related to intersection),11,"MOTOR VEHICLE STRUCK MOTOR VEHICLE, FRONT END AT ANGLE",,False,Raining,Wet,Dark - Street Lights On,,,,23.0,From same direction - all others,0,0,False,0
-122.305466724714,47.6975688558534,1034,308573,309853,E872076,Matched,Intersection,37733.0,LAKE CITY WAY NE AND NE 95TH ST, ,,1,Property Damage Only Collision,Rear Ended,2,0,0,2,0,0,2018-12-12 00:00:00+00,12/12/2018 3:50:00 PM,At Intersection (but not related to intersection),14,"MOTOR VEHICLE STRUCK MOTOR VEHICLE, REAR END",,False,Overcast,Dry,Daylight,,,,13.0,From same direction - both going straight - both moving - rear-end,0,0,False,0
-122.324096854172,47.6048412749625,1035,308481,309761,3693211,Matched,Intersection,29960.0,9TH AVE AND JEFFERSON ST, ,,2,Injury Collision,Pedestrian,2,1,0,1,1,0,2018-12-17 00:00:00+00,12/17/2018 5:30:00 PM,At Intersection (intersection related),24,MOTOR VEHCILE STRUCK PEDESTRIAN,True,False,Raining,Wet,Dark - Street Lights On,,,,0.0,Vehicle going straight hits pedestrian,0,522295,False,0
-122.313920705372,47.5731803766654,1036,308523,309803,E873680,Matched,Intersection,32239.0,HINDS PL S AND S HINDS S ST, ,,1,Property Damage Only Collision,Angles,2,0,0,2,0,0,2018-12-18 00:00:00+00,12/18/2018 3:30:00 PM,At Intersection (intersection related),11,"MOTOR VEHICLE STRUCK MOTOR VEHICLE, FRONT END AT ANGLE",,False,Overcast,Wet,Daylight,,,,10.0,Entering at angle,0,0,False,0
-122.355082080927,47.5838154313961,1037,308466,309746,3745917,Matched,Intersection,507174.0,16TH WR AVE SW AND SW FLORIDA NR ST, ,,1,Property Damage Only Collision,Other,1,0,0,1,0,0,2018-12-23 00:00:00+00,12/23/2018 8:21:00 PM,At Intersection (intersection related),28,MOTOR VEHICLE RAN OFF ROAD - HIT FIXED OBJECT,True,True,Overcast,Wet,Dark - Street Lights On,,,True,50.0,Fixed object,0,0,False,0
-122.333265650015,47.5861032764906,1038,308522,309802,E873654,Matched,Intersection,31346.0,OCCIDENTAL AVE S AND S HOLGATE ST, ,,1,Property Damage Only Collision,Angles,2,0,0,2,0,0,2018-12-18 00:00:00+00,12/18/2018 2:34:00 PM,At Intersection (intersection related),11,"MOTOR VEHICLE STRUCK MOTOR VEHICLE, FRONT END AT ANGLE",,False,Raining,Wet,Daylight,,,,10.0,Entering at angle,0,0,False,0
-122.329058178381,47.5766512804844,1039,308667,309947,3740216,Matched,Block,,4TH AVE S BETWEEN S FOREST ST AND S HANFORD ST, ,,1,Property Damage Only Collision,Left Turn,3,0,0,2,0,0,2018-12-23 00:00:00+00,12/23/2018 12:31:00 AM,Driveway Junction,11,"MOTOR VEHICLE STRUCK MOTOR VEHICLE, FRONT END AT ANGLE",True,False,Raining,Wet,Dark - Street Lights On,,,,28.0,From opposite direction - one left turn - one straight,0,0,False,0
-122.348588984319,47.6527275038429,1040,308521,309801,E873618,Matched,Intersection,27018.0,FREMONT WAY N AND N 38TH ST, ,,2,Injury Collision,Sideswipe,2,0,0,2,1,0,2018-12-13 00:00:00+00,12/13/2018 11:53:00 AM,At Intersection (intersection related),11,"MOTOR VEHICLE STRUCK MOTOR VEHICLE, FRONT END AT ANGLE",,False,Raining,Wet,Daylight,,,,26.0,From opposite direction - both going straight - sideswipe,0,0,False,0
-122.387587245121,47.6716452173514,1041,308525,309805,E873768,Matched,Intersection,25131.0,24TH AVE NW AND NW 59TH ST, ,,1,Property Damage Only Collision,Angles,2,0,0,2,0,0,2018-12-17 00:00:00+00,12/17/2018 8:42:00 AM,At Intersection (intersection related),11,"MOTOR VEHICLE STRUCK MOTOR VEHICLE, FRONT END AT ANGLE",,False,Clear or Partly Cloudy,Wet,Daylight,,,,10.0,Entering at angle,0,0,False,0
-122.291300705799,47.6016453861952,1042,308662,309942,E870349,Matched,Intersection,30574.0,32ND AVE AND E YESLER WAY, ,,2,Injury Collision,Pedestrian,2,1,0,1,1,0,2018-12-09 00:00:00+00,12/9/2018 3:16:00 PM,At Intersection (intersection related),24,MOTOR VEHCILE STRUCK PEDESTRIAN,,False,Raining,Wet,Daylight,True,,,2.0,Vehicle turning left hits pedestrian,0,0,False,0
-122.363168033634,47.5264844586019,1043,308479,309759,2896049,Matched,Intersection,34848.0,24TH AVE SW AND SW CLOVERDALE ST, ,,1,Property Damage Only Collision,Angles,4,0,0,2,0,0,2018-12-18 00:00:00+00,12/18/2018 1:24:00 PM,At Intersection (intersection related),11,"MOTOR VEHICLE STRUCK MOTOR VEHICLE, FRONT END AT ANGLE",,False,Overcast,Wet,Daylight,,,,10.0,Entering at angle,0,0,False,0
-122.340889129675,47.6325525715998,1044,308520,309800,E873475,Matched,Intersection,516428.0,8TH AVE N AND WESTLAKE N AVE N, ,,1,Property Damage Only Collision,Angles,4,0,0,2,0,0,2018-12-13 00:00:00+00,12/13/2018 12:31:00 PM,At Intersection (intersection related),11,"MOTOR VEHICLE STRUCK MOTOR VEHICLE, FRONT END AT ANGLE",,False,Raining,Wet,Daylight,,,,10.0,Entering at angle,0,0,False,0
-122.304239399556,47.5863302759187,1045,308519,309799,3814503,Matched,Intersection,31544.0,RAINIER AVE S AND S HOLGATE ST, ,,1,Property Damage Only Collision,Sideswipe,2,0,0,2,0,0,2018-12-18 00:00:00+00,12/18/2018 8:55:00 AM,At Intersection (intersection related),11,"MOTOR VEHICLE STRUCK MOTOR VEHICLE, FRONT END AT ANGLE",,False,Clear or Partly Cloudy,Dry,Daylight,,,,81.0,Same direction -- both turning left -- both moving -- sideswipe,0,0,False,0
-122.33630255552,47.5903290253935,1046,308464,309744,E870930,Matched,Block,,S ATLANTIC ST BETWEEN COLORADO AVE S AND EAST FRONTAGE RD S, ,,1,Property Damage Only Collision,Right Turn,7,0,0,2,0,0,2018-12-10 00:00:00+00,12/10/2018 10:57:00 AM,Mid-Block (but intersection related),11,"MOTOR VEHICLE STRUCK MOTOR VEHICLE, FRONT END AT ANGLE",,False,Overcast,Wet,Daylight,,,,16.0,From same direction - one right turn - one straight,0,0,False,0
-122.303325105062,47.5783510794961,1047,308518,309798,3814502,Matched,Intersection,31631.0,23RD AVE S AND S MCCLELLAN ST, ,,1,Property Damage Only Collision,Left Turn,2,0,0,2,0,0,2018-12-18 00:00:00+00,12/18/2018 7:04:00 AM,At Intersection (intersection related),11,"MOTOR VEHICLE STRUCK MOTOR VEHICLE, FRONT END AT ANGLE",,False,Clear or Partly Cloudy,Dry,Daylight,,,,28.0,From opposite direction - one left turn - one straight,0,0,False,0
-122.327804575635,47.6139302296862,1050,308482,309762,3693213,Matched,Intersection,29877.0,MELROSE AVE AND PIKE ST, ,,1,Property Damage Only Collision,Angles,2,0,0,2,0,0,2018-12-18 00:00:00+00,12/18/2018 5:03:00 PM,At Intersection (intersection related),11,"MOTOR VEHICLE STRUCK MOTOR VEHICLE, FRONT END AT ANGLE",,False,Raining,Wet,Dark - Street Lights On,,,,10.0,Entering at angle,0,0,False,0
-122.312766247569,47.6152870359423,1051,308516,309796,3814298,Matched,Intersection,30135.0,15TH AVE AND E PINE ST, ,,1,Property Damage Only Collision,Angles,2,0,0,2,0,0,2018-12-23 00:00:00+00,12/23/2018 1:03:00 PM,At Intersection (intersection related),11,"MOTOR VEHICLE STRUCK MOTOR VEHICLE, FRONT END AT ANGLE",,False,Raining,Wet,Daylight,,,,10.0,Entering at angle,0,0,False,0
-122.369595628475,47.5472840337215,1052,308668,309948,3742550,Matched,Block,,SW GRAHAM ST BETWEEN HIGH POINT DR SW AND 29TH AVE SW, ,,1,Property Damage Only Collision,Parked Car,2,0,0,2,0,0,2018-12-21 00:00:00+00,12/21/2018 8:14:00 PM,Mid-Block (not related to intersection),14,"MOTOR VEHICLE STRUCK MOTOR VEHICLE, REAR END",,False,Clear or Partly Cloudy,Dry,Dark - Street Lights On,,,,32.0,One parked--one moving,0,0,True,0
-122.373590116334,47.6671595427682,1053,308468,309748,E871111,Matched,Intersection,25427.0,14TH AVE NW AND NW 53RD ST, ,,2,Injury Collision,Pedestrian,2,1,0,1,1,0,2018-12-04 00:00:00+00,12/4/2018 11:24:00 AM,At Intersection (intersection related),24,MOTOR VEHCILE STRUCK PEDESTRIAN,,False,Clear or Partly Cloudy,Dry,Daylight,True,,,2.0,Vehicle turning left hits pedestrian,0,0,False,0
-122.324037319108,47.6242926784243,1054,308618,309898,3693214,Matched,Intersection,29127.0,BELMONT AVE E AND E MERCER ST, ,,2,Injury Collision,Angles,6,0,0,2,6,0,2018-12-28 00:00:00+00,12/28/2018 2:23:00 PM,At Intersection (intersection related),11,"MOTOR VEHICLE STRUCK MOTOR VEHICLE, FRONT END AT ANGLE",True,True,Raining,Wet,Daylight,,,,10.0,Entering at angle,0,0,False,0
-122.35012540884,47.6374084840421,1057,308497,309777,E871113,Matched,Block,,CROCKETT ST BETWEEN NOB HILL AVE N AND 4TH AVE N, ,,1,Property Damage Only Collision,Parked Car,2,0,0,2,0,0,2018-12-07 00:00:00+00,12/7/2018 10:13:00 AM,Mid-Block (but intersection related),14,"MOTOR VEHICLE STRUCK MOTOR VEHICLE, REAR END",,False,Clear or Partly Cloudy,Dry,Daylight,,,,32.0,One parked--one moving,0,0,True,0
-122.323208566393,47.7062914228822,1059,308489,309769,3809958,Matched,Intersection,36534.0,5TH AVE NE AND NE 106TH ST, ,,2,Injury Collision,Pedestrian,3,2,0,1,2,0,2018-12-19 00:00:00+00,12/19/2018 11:12:00 AM,At Intersection (intersection related),24,MOTOR VEHCILE STRUCK PEDESTRIAN,,False,Clear or Partly Cloudy,Dry,Daylight,True,,,2.0,Vehicle turning left hits pedestrian,0,522137,False,0
-122.350355314696,47.6185819193314,1061,308488,309768,3795833,Matched,Intersection,29657.0,BROAD ST AND DENNY WAY, ,,2,Injury Collision,Pedestrian,2,1,0,1,1,0,2018-12-17 00:00:00+00,12/17/2018 4:58:00 PM,At Intersection (intersection related),24,MOTOR VEHCILE STRUCK PEDESTRIAN,,False,Raining,Wet,Dark - No Street Lights,True,,,1.0,Vehicle turning right hits pedestrian,0,522701,False,0
-122.324400899506,47.6017091168177,1062,308539,309819,E867287,Matched,Block,,YESLER WAY BETWEEN 6TH AVE AND 8TH AVE, ,,1,Property Damage Only Collision,Parked Car,2,0,0,2,0,0,2018-11-30 00:00:00+00,11/30/2018 11:00:00 AM,Mid-Block (not related to intersection),0,NOT ENOUGH INFORMATION / NOT APPLICABLE,,False,Unknown,Unknown,Unknown,,,,32.0,One parked--one moving,0,0,True,0
-122.323084878932,47.6976904199029,1064,308487,309767,3767491,Matched,Intersection,37514.0,5TH AVE NE AND NE 95TH ST, ,,1,Property Damage Only Collision,Angles,2,0,0,2,0,0,2018-12-24 00:00:00+00,12/24/2018 3:35:00 PM,At Intersection (intersection related),11,"MOTOR VEHICLE STRUCK MOTOR VEHICLE, FRONT END AT ANGLE",,False,Clear or Partly Cloudy,Wet,Dark - Street Lights On,,,,10.0,Entering at angle,0,0,False,0
-122.301653373803,47.6383119132373,1065,308601,309881,E872657,Matched,Block,,24TH AVE E BETWEEN E NEWTON N ST AND E BOSTON ST, ,,2,Injury Collision,Rear Ended,3,0,0,2,1,0,2018-12-10 00:00:00+00,12/10/2018 3:06:00 PM,Mid-Block (but intersection related),14,"MOTOR VEHICLE STRUCK MOTOR VEHICLE, REAR END",,False,Overcast,Wet,Daylight,,,,13.0,From same direction - both going straight - both moving - rear-end,0,0,False,0
-122.317780122448,47.658369289979,1066,308486,309766,3751640,Matched,Intersection,27086.0,ROOSEVELT WAY NE AND NE 42ND N ST, ,,1,Property Damage Only Collision,Left Turn,3,0,0,2,0,0,2018-12-08 00:00:00+00,12/8/2018 4:41:00 PM,At Intersection (intersection related),11,"MOTOR VEHICLE STRUCK MOTOR VEHICLE, FRONT END AT ANGLE",,False,Clear or Partly Cloudy,Dry,Dusk,,,,15.0,From same direction - one left turn - one straight,0,0,False,0
-122.387571805273,47.6840762764108,1067,308599,309879,E872627,Matched,Block,,24TH AVE NW BETWEEN NW 75TH ST AND NW 77TH ST, ,,2,Injury Collision,Rear Ended,3,0,0,3,1,0,2018-12-16 00:00:00+00,12/16/2018 11:29:00 AM,Mid-Block (but intersection related),14,"MOTOR VEHICLE STRUCK MOTOR VEHICLE, REAR END",,False,Raining,Wet,Daylight,,,,14.0,From same direction - both going straight - one stopped - rear-end,0,0,False,0
-122.391462242883,47.5380203792347,1068,308485,309765,3745607,Matched,Intersection,33897.0,FAUNTLEROY WAY SW AND SW OTHELLO ST, ,,1,Property Damage Only Collision,Angles,3,0,0,3,0,0,2018-12-10 00:00:00+00,12/10/2018 5:30:00 AM,At Intersection (intersection related),11,"MOTOR VEHICLE STRUCK MOTOR VEHICLE, FRONT END AT ANGLE",,False,Overcast,Wet,Dark - Street Lights On,,,,10.0,Entering at angle,0,0,False,0
-122.311547839023,47.6071076758044,1070,308670,309950,E870411,Matched,Block,,16TH AVE BETWEEN E JEFFERSON ST AND E CHERRY ST,NEI,"Not Enough Information, or Insufficient Location Information",1,Property Damage Only Collision,Parked Car,2,0,0,2,0,0,2018-12-10 00:00:00+00,12/10/2018 11:00:00 AM,,0,NOT ENOUGH INFORMATION / NOT APPLICABLE,,False,Clear or Partly Cloudy,Dry,Daylight,,,,32.0,One parked--one moving,0,0,True,0
-122.375091016945,47.5446754763635,1071,308484,309764,3744662,Matched,Intersection,34009.0,34TH AVE SW AND SW MORGAN ST, ,,1,Property Damage Only Collision,Angles,2,0,0,2,0,0,2018-12-17 00:00:00+00,12/17/2018 3:06:00 PM,At Intersection (intersection related),11,"MOTOR VEHICLE STRUCK MOTOR VEHICLE, FRONT END AT ANGLE",,False,Overcast,Dry,Daylight,,,,10.0,Entering at angle,0,0,False,0
-122.311095256939,47.6874653311689,1072,308598,309878,E872626,Matched,Block,,16TH AVE NE BETWEEN NE 80TH ST AND LAKE CITY WAY NE,NEI,"Not Enough Information, or Insufficient Location Information",1,Property Damage Only Collision,Parked Car,2,0,0,2,0,0,2018-12-13 00:00:00+00,12/13/2018 7:00:00 PM,Mid-Block (not related to intersection),13,"MOTOR VEHICLE STRUCK MOTOR VEHICLE, LEFT SIDE AT ANGLE",,False,Unknown,Unknown,Unknown,,,,32.0,One parked--one moving,0,0,True,0
-122.323063640144,47.6958671220784,1073,308483,309763,3694475,Matched,Intersection,37516.0,5TH AVE NE AND NE 92ND ST, ,,1,Property Damage Only Collision,Left Turn,5,0,0,2,0,0,2018-12-23 00:00:00+00,12/23/2018 8:29:00 PM,At Intersection (intersection related),11,"MOTOR VEHICLE STRUCK MOTOR VEHICLE, FRONT END AT ANGLE",,False,Overcast,Wet,Dark - Street Lights On,,,,28.0,From opposite direction - one left turn - one straight,0,0,False,0
-122.336106890856,47.6062280427684,1074,308597,309877,E870850,Matched,Block,,2ND AVE BETWEEN SPRING ST AND SENECA ST, ,,1,Property Damage Only Collision,Parked Car,3,0,0,2,0,0,2018-12-07 00:00:00+00,12/7/2018 12:08:00 PM,Mid-Block (not related to intersection),11,"MOTOR VEHICLE STRUCK MOTOR VEHICLE, FRONT END AT ANGLE",,False,Clear or Partly Cloudy,Dry,Daylight,,,,32.0,One parked--one moving,0,0,True,0
-122.340394174905,47.6245455724217,1075,308678,309958,E873477,Matched,Block,,MERCER SR ST BETWEEN 8TH AVE N AND 9TH AVE N, ,,1,Property Damage Only Collision,Sideswipe,2,0,0,2,0,0,2018-12-13 00:00:00+00,12/13/2018 7:39:00 AM,Mid-Block (not related to intersection),11,"MOTOR VEHICLE STRUCK MOTOR VEHICLE, FRONT END AT ANGLE",,False,Raining,Wet,Dawn,,,,11.0,From same direction - both going straight - both moving - sideswipe,0,0,False,0
-122.313087978085,47.66399488786,1077,308677,309957,3809959,Matched,Block,,UNIVERSITY WAY NE BETWEEN NE 47TH ST AND NE 50TH ST, ,,2,Injury Collision,Pedestrian,2,1,0,1,1,0,2018-12-20 00:00:00+00,12/20/2018 10:11:00 PM,Mid-Block (not related to intersection),24,MOTOR VEHCILE STRUCK PEDESTRIAN,,False,Overcast,Dry,Dark - Street Lights On,,,,4.0,Vehicle hits Pedestrian - All Other Actions,0,0,False,0
-122.334210145663,47.6091878470754,1080,308531,309811,3812491,Matched,Block,,5TH AVE BETWEEN UNIVERSITY ST AND UNION ST, ,,1,Property Damage Only Collision,Sideswipe,5,0,0,2,0,0,2018-12-24 00:00:00+00,12/24/2018 8:08:00 PM,Mid-Block (not related to intersection),11,"MOTOR VEHICLE STRUCK MOTOR VEHICLE, FRONT END AT ANGLE",,False,Clear or Partly Cloudy,Wet,Dark - Street Lights On,,,,11.0,From same direction - both going straight - both moving - sideswipe,0,0,False,0
-122.354504752261,47.6462519361783,1082,308675,309955,E873476,Matched,Block,,WARREN AVE N BETWEEN FULTON ST AND FLORENTIA ST, ,,1,Property Damage Only Collision,Parked Car,2,0,0,2,0,0,2018-12-12 00:00:00+00,12/12/2018 10:05:00 AM,Mid-Block (not related to intersection),13,"MOTOR VEHICLE STRUCK MOTOR VEHICLE, LEFT SIDE AT ANGLE",,False,Overcast,Wet,Daylight,,,,32.0,One parked--one moving,0,0,True,0
-122.32598557265,47.5714080058316,1083,308529,309809,E876371,Matched,Intersection,32343.0,6TH AVE S AND S SPOKANE SR ST, ,,1,Property Damage Only Collision,Other,1,0,0,1,0,0,2018-12-18 00:00:00+00,12/18/2018 1:00:00 PM,At Intersection (intersection related),26,MOTOR VEHICLE STRUCK OBJECT IN ROAD,,False,Overcast,Dry,Daylight,,,,56.0,Breakage of any part of the vehicle resulting in injury or in further property damage,0,0,False,0
-122.376802779487,47.6896653669324,1084,308674,309954,3754480,Matched,Block,,15TH AVE NW BETWEEN NW 83RD ST AND NW 85TH ST, ,,1,Property Damage Only Collision,Other,2,0,0,1,0,0,2018-12-20 00:00:00+00,12/20/2018 7:44:00 PM,Mid-Block (not related to intersection),28,MOTOR VEHICLE RAN OFF ROAD - HIT FIXED OBJECT,,False,Clear or Partly Cloudy,Dry,Dark - No Street Lights,,,,50.0,Fixed object,0,0,False,0
-122.314917121457,47.5260178424289,1087,308671,309951,3745701,Matched,Block,,14TH AVE S BETWEEN S CLOVERDALE ST AND S DONOVAN ST, ,,2,Injury Collision,Other,1,0,0,1,1,0,2018-12-21 00:00:00+00,12/21/2018 6:54:00 AM,Mid-Block (not related to intersection),28,MOTOR VEHICLE RAN OFF ROAD - HIT FIXED OBJECT,,False,Clear or Partly Cloudy,Wet,Dark - Street Lights On,,,,50.0,Fixed object,0,0,False,0
-122.285157804834,47.6830430696304,1088,308528,309808,E876209,Matched,Intersection,24926.0,40TH AVE NE AND NE 75TH ST, ,,1,Property Damage Only Collision,Angles,2,0,0,2,0,0,2018-12-21 00:00:00+00,12/21/2018 9:20:00 AM,At Intersection (intersection related),11,"MOTOR VEHICLE STRUCK MOTOR VEHICLE, FRONT END AT ANGLE",True,False,Clear or Partly Cloudy,Dry,Daylight,,,,10.0,Entering at angle,0,0,False,0
-122.302195223343,47.7016087508097,1089,308672,309952,3751725,Matched,Block,,LAKE CITY WAY NE BETWEEN NE 100TH ST AND FISCHER PL NE, ,,2,Injury Collision,Left Turn,3,0,0,3,1,0,2018-12-22 00:00:00+00,12/22/2018 4:29:00 AM,Mid-Block (not related to intersection),11,"MOTOR VEHICLE STRUCK MOTOR VEHICLE, FRONT END AT ANGLE",,False,Clear or Partly Cloudy,Dry,Dark - Street Lights On,,,,28.0,From opposite direction - one left turn - one straight,0,0,False,0
-122.337995359023,47.6082921650285,1090,308527,309807,E874300,Matched,Intersection,29600.0,2ND AVE AND UNION ST, ,,1,Property Damage Only Collision,Sideswipe,2,0,0,2,0,0,2018-12-19 00:00:00+00,12/19/2018 9:09:00 AM,At Intersection (intersection related),11,"MOTOR VEHICLE STRUCK MOTOR VEHICLE, FRONT END AT ANGLE",,False,Overcast,Dry,Daylight,,,,81.0,Same direction -- both turning left -- both moving -- sideswipe,0,0,False,0
-122.334314665128,47.5476177369415,1091,312678,314118,E867795,Matched,Block,,1ST N AVE S BETWEEN EAST MARGINAL WAY S AND 1ST S AVE S, ,,1,Property Damage Only Collision,Sideswipe,2,0,0,2,0,0,2018-11-29 00:00:00+00,11/29/2018 10:24:00 AM,Mid-Block (not related to intersection),14,"MOTOR VEHICLE STRUCK MOTOR VEHICLE, REAR END",True,False,Overcast,Dry,Daylight,,,,11.0,From same direction - both going straight - both moving - sideswipe,0,0,False,0
-122.288010518936,47.5512368532896,1095,308627,309907,3811080,Matched,Block,,S ORCAS ST BETWEEN M L KING JR WR WAY S AND M L KING JR ER WAY S, ,,1,Property Damage Only Collision,Left Turn,2,0,0,2,0,0,2018-12-29 00:00:00+00,12/29/2018 8:23:00 PM,Mid-Block (but intersection related),11,"MOTOR VEHICLE STRUCK MOTOR VEHICLE, FRONT END AT ANGLE",,False,Raining,Wet,Dark - Street Lights On,,,,28.0,From opposite direction - one left turn - one straight,0,0,False,0
-122.326987590146,47.6868164602413,1097,308626,309906,3810416,Matched,Intersection,24557.0,CORLISS WAY N AND NE 80TH ST, ,,2,Injury Collision,Other,1,0,0,1,1,0,2018-12-27 00:00:00+00,12/27/2018 10:46:00 PM,At Intersection (intersection related),28,MOTOR VEHICLE RAN OFF ROAD - HIT FIXED OBJECT,,True,Clear or Partly Cloudy,Dry,Dark - Street Lights On,,,True,50.0,Fixed object,0,0,False,0
-122.334008330457,47.5431491482519,1098,312608,314048,E864034,Matched,Block,,1ST AV S BR NB BETWEEN 1ST AV S NB OFF RP AND POINT B, ,,1,Property Damage Only Collision,Rear Ended,2,0,0,2,0,0,2018-11-16 00:00:00+00,11/16/2018 4:28:00 PM,Mid-Block (not related to intersection),14,"MOTOR VEHICLE STRUCK MOTOR VEHICLE, REAR END",,False,Clear or Partly Cloudy,Dry,Dusk,,,True,13.0,From same direction - both going straight - both moving - rear-end,0,0,False,0
-122.339105550366,47.6869261197867,1099,308625,309905,3810017,Matched,Intersection,24230.0,ASHWORTH AVE N AND N 80TH ST, ,,1,Property Damage Only Collision,Angles,2,0,0,2,0,0,2018-12-28 00:00:00+00,12/28/2018 2:50:00 PM,At Intersection (intersection related),11,"MOTOR VEHICLE STRUCK MOTOR VEHICLE, FRONT END AT ANGLE",,False,Raining,Wet,Daylight,,,,10.0,Entering at angle,0,0,False,0
-122.320185078952,47.6796034014859,1101,312607,314047,E863807,Matched,Block,,NE LAKE CITY WY OFF RP BETWEEN I5 NB AND NE 73RD ST OFF RP, ,,1,Property Damage Only Collision,Other,1,0,0,1,0,0,2018-11-23 00:00:00+00,11/23/2018 9:02:00 AM,Mid-Block (not related to intersection),26,MOTOR VEHICLE STRUCK OBJECT IN ROAD,,False,Raining,Wet,Daylight,,,True,50.0,Fixed object,0,0,False,0
-122.300758228115,47.6830474274607,1102,308624,309904,3810015,Matched,Intersection,24661.0,25TH AVE NE AND NE 75TH ST, ,,1,Property Damage Only Collision,Other,1,0,0,1,0,0,2018-12-27 00:00:00+00,12/27/2018 12:04:00 AM,At Intersection (intersection related),28,MOTOR VEHICLE RAN OFF ROAD - HIT FIXED OBJECT,,False,Overcast,Wet,Dark - Street Lights On,,,,50.0,Fixed object,0,0,False,0
-122.356626686231,47.5714285806029,1103,312605,314045,E863601,Matched,Block,,WEST MARGINAL WAY SW BETWEEN WEST MARGINAL TURN RD AND MARGINAL PL SW, ,,1,Property Damage Only Collision,Sideswipe,2,0,0,2,0,0,2018-11-21 00:00:00+00,11/21/2018,Mid-Block (not related to intersection),11,"MOTOR VEHICLE STRUCK MOTOR VEHICLE, FRONT END AT ANGLE",,False,Clear or Partly Cloudy,Dry,Dark - Street Lights On,,,,81.0,Same direction -- both turning left -- both moving -- sideswipe,0,0,False,0
-122.347215987316,47.6898362149232,1104,308623,309903,3809964,Matched,Intersection,24263.0,LINDEN AVE N AND N 84TH ST, ,,1,Property Damage Only Collision,Angles,2,0,0,2,0,0,2018-12-29 00:00:00+00,12/29/2018 10:22:00 AM,At Intersection (intersection related),11,"MOTOR VEHICLE STRUCK MOTOR VEHICLE, FRONT END AT ANGLE",,False,Overcast,Dry,Daylight,,,,10.0,Entering at angle,0,0,False,0
-122.312748594166,47.7339517254325,1105,312681,314121,E867928,Matched,Intersection,35851.0,15TH AVE NE AND NE 145TH ST, ,,1,Property Damage Only Collision,Rear Ended,2,0,0,2,0,0,2018-11-29 00:00:00+00,11/29/2018 12:12:00 PM,At Intersection (but not related to intersection),14,"MOTOR VEHICLE STRUCK MOTOR VEHICLE, REAR END",,False,Clear or Partly Cloudy,Dry,Daylight,,,,14.0,From same direction - both going straight - one stopped - rear-end,0,0,False,0
-122.31139964697,47.7339364965003,1106,312604,314044,E863449,Matched,Block,,NE 145TH ST BETWEEN 15TH AVE NE AND 17TH AVE NE, ,,1,Property Damage Only Collision,Angles,2,0,0,2,0,0,2018-11-21 00:00:00+00,11/21/2018 5:59:00 AM,Mid-Block (not related to intersection),11,"MOTOR VEHICLE STRUCK MOTOR VEHICLE, FRONT END AT ANGLE",,False,Clear or Partly Cloudy,Dry,Dark - Street Lights On,,,,10.0,Entering at angle,0,0,False,0
-122.35135310958,47.6468845772799,1107,308622,309902,3795960,Matched,Intersection,28046.0,FLORENTIA ST AND NICKERSON ST, ,,2,Injury Collision,Left Turn,4,0,0,2,1,0,2018-12-24 00:00:00+00,12/24/2018 11:37:00 AM,At Intersection (intersection related),11,"MOTOR VEHICLE STRUCK MOTOR VEHICLE, FRONT END AT ANGLE",,False,Overcast,Dry,Daylight,,,,28.0,From opposite direction - one left turn - one straight,0,0,False,0
-122.33157783375,47.7341157211178,1109,312603,314043,E862287,Matched,Intersection,35908.0,CORLISS AVE N AND N 145TH ST, ,,1,Property Damage Only Collision,Sideswipe,2,0,0,2,0,0,2018-11-16 00:00:00+00,11/16/2018 7:55:00 AM,At Intersection (intersection related),11,"MOTOR VEHICLE STRUCK MOTOR VEHICLE, FRONT END AT ANGLE",,False,Overcast,Wet,Daylight,,,,11.0,From same direction - both going straight - both moving - sideswipe,0,0,False,0
-122.376773885495,47.6813816428668,1110,308621,309901,3751422,Matched,Intersection,23909.0,15TH AVE NW AND NW 73RD ST, ,,1,Property Damage Only Collision,Angles,3,0,0,2,0,0,2018-12-28 00:00:00+00,12/28/2018 1:36:00 PM,At Intersection (intersection related),11,"MOTOR VEHICLE STRUCK MOTOR VEHICLE, FRONT END AT ANGLE",,False,Raining,Wet,Daylight,,,,10.0,Entering at angle,0,0,False,0