longitude,latitude,objectid,inckey,coldetkey,reportno,status,addrtype,intkey,location,exceptrsncode,exceptrsndesc,severitycode,severitydesc,collisiontype,personcount,pedcount,pedcylcount,vehcount,injuries,fatalities,incdate,incdttm,junctiontype,sdot_colcode,sdot_coldesc,inattentionind,underinfl,weather,roadcond,lightcond,pedrownotgrnt,sdotcolnum,speeding,st_colcode,st_coldesc,seglanekey,crosswalkkey,hitparkedcar,seriousinjuries
-122.345019436908,47.6214800617197,1111,312599,314039,3811614,Matched,Block,,6TH AVE N BETWEEN THOMAS ST AND HARRISON ST, ,,1,Property Damage Only Collision,Other,2,0,0,1,0,0,2018-11-17 00:00:00+00,11/17/2018 12:55:00 PM,Mid-Block (not related to intersection),26,MOTOR VEHICLE STRUCK OBJECT IN ROAD,,False,Clear or Partly Cloudy,Dry,Daylight,,,,50.0,Fixed object,0,0,False,0
-122.306349670724,47.6026734608251,1112,308620,309900,3707482,Matched,Intersection,30720.0,20TH AVE AND E FIR ST, ,,1,Property Damage Only Collision,Other,1,0,0,1,0,0,2018-12-28 00:00:00+00,12/28/2018 6:01:00 PM,At Intersection (intersection related),26,MOTOR VEHICLE STRUCK OBJECT IN ROAD,,False,Raining,Wet,Dark - Street Lights On,,,,50.0,Fixed object,0,0,False,0
-122.30764391485,47.5419196806477,1113,312598,314038,3786076,Matched,Block,,AIRPORT WAY S BETWEEN S HARDY ST AND S OTHELLO ST, ,,1,Property Damage Only Collision,Rear Ended,3,0,0,3,0,0,2018-10-11 00:00:00+00,10/11/2018 5:00:00 PM,Mid-Block (not related to intersection),14,"MOTOR VEHICLE STRUCK MOTOR VEHICLE, REAR END",,False,Clear or Partly Cloudy,Dry,Dark - Street Lights On,,,,14.0,From same direction - both going straight - one stopped - rear-end,0,0,False,0
-122.376806120507,47.6906091081156,1114,308619,309899,3706004,Matched,Intersection,37265.0,15TH AVE NW AND NW 85TH ST, ,,1,Property Damage Only Collision,Right Turn,3,0,0,2,0,0,2018-12-27 00:00:00+00,12/27/2018 12:41:00 PM,At Intersection (intersection related),11,"MOTOR VEHICLE STRUCK MOTOR VEHICLE, FRONT END AT ANGLE",,False,Raining,Wet,Daylight,,,,16.0,From same direction - one right turn - one straight,0,0,False,0
-122.349423494812,47.5556947284388,1115,312597,314037,3752453,Matched,Block,,WEST MARGINAL WAY SW BETWEEN PUGET WAY SW AND SW BRANDON ST, ,,2,Injury Collision,Rear Ended,2,0,0,2,1,0,2019-01-25 00:00:00+00,1/25/2019 10:43:00 AM,Driveway Junction,14,"MOTOR VEHICLE STRUCK MOTOR VEHICLE, REAR END",True,False,Overcast,Dry,Daylight,,,,14.0,From same direction - both going straight - one stopped - rear-end,0,0,False,0
-122.329054585517,47.5829366189919,1135,312786,314226,E879364,Matched,Block,,4TH AVE S BETWEEN S WALKER ST AND S STACY ST, ,,2,Injury Collision,Left Turn,2,0,0,2,1,0,2018-11-15 00:00:00+00,11/15/2018 2:52:00 PM,Mid-Block (not related to intersection),11,"MOTOR VEHICLE STRUCK MOTOR VEHICLE, FRONT END AT ANGLE",,False,Clear or Partly Cloudy,Dry,Daylight,,,,28.0,From opposite direction - one left turn - one straight,0,0,False,0
-122.329645382506,47.602519938121,1138,312753,314193,E877104,Matched,Intersection,30484.0,4TH AVE AND JEFFERSON ST, ,,2,Injury Collision,Rear Ended,4,0,0,2,1,0,2018-12-02 00:00:00+00,12/2/2018 5:46:00 PM,At Intersection (intersection related),11,"MOTOR VEHICLE STRUCK MOTOR VEHICLE, FRONT END AT ANGLE",,False,Overcast,Dry,Dark - Street Lights On,,,,73.0,Same direction -- both turning right -- both moving -- rear end,0,0,False,0
-122.326061859004,47.7340730341091,1139,312764,314204,E878889,Matched,Intersection,35905.0,4TH AVE NE AND NE 145TH ST, ,,1,Property Damage Only Collision,Left Turn,3,0,0,2,0,0,2018-12-13 00:00:00+00,12/13/2018 11:15:00 AM,At Intersection (intersection related),11,"MOTOR VEHICLE STRUCK MOTOR VEHICLE, FRONT END AT ANGLE",True,False,Clear or Partly Cloudy,Dry,Daylight,,,,28.0,From opposite direction - one left turn - one straight,0,0,False,0
-122.312484647015,47.6332396132459,1140,312752,314192,E876681,Matched,Block,,15TH AVE E BETWEEN E GALER ST AND E GARFIELD ST,NEI,"Not Enough Information, or Insufficient Location Information",1,Property Damage Only Collision,Sideswipe,3,0,0,2,0,0,2018-12-26 00:00:00+00,12/26/2018 4:30:00 PM,Mid-Block (not related to intersection),0,NOT ENOUGH INFORMATION / NOT APPLICABLE,True,False,Clear or Partly Cloudy,Wet,Daylight,,,,11.0,From same direction - both going straight - both moving - sideswipe,0,0,False,0
-122.35475322167,47.6245768894402,1141,312759,314199,E878618,Matched,Block,,MERCER ST BETWEEN 1ST AVE N AND WARREN AVE N, ,,1,Property Damage Only Collision,Rear Ended,4,0,0,2,0,0,2018-11-26 00:00:00+00,11/26/2018 5:44:00 PM,Mid-Block (not related to intersection),14,"MOTOR VEHICLE STRUCK MOTOR VEHICLE, REAR END",True,False,Raining,Wet,Dark - Street Lights On,,,,14.0,From same direction - both going straight - one stopped - rear-end,0,0,False,0
-122.27312015935,47.5429243017246,1145,312768,314208,E879314,Matched,Block,,RAINIER AVE S BETWEEN S WARSAW ST AND S HOLLY ST, ,,2,Injury Collision,Rear Ended,2,0,0,2,1,0,2018-12-10 00:00:00+00,12/10/2018 3:23:00 PM,Mid-Block (not related to intersection),14,"MOTOR VEHICLE STRUCK MOTOR VEHICLE, REAR END",,False,Clear or Partly Cloudy,Dry,Daylight,,,,14.0,From same direction - both going straight - one stopped - rear-end,0,0,False,0
-122.270024765836,47.5168511370697,1149,312784,314224,E879318,Matched,Intersection,35472.0,51ST AVE S AND S ROXBURY ST, ,,1,Property Damage Only Collision,Angles,3,0,0,2,0,0,2018-12-10 00:00:00+00,12/10/2018 6:15:00 PM,At Intersection (intersection related),11,"MOTOR VEHICLE STRUCK MOTOR VEHICLE, FRONT END AT ANGLE",,False,Overcast,Wet,Dark - Street Lights On,,,,10.0,Entering at angle,0,0,False,0
-122.327008840752,47.6008721269931,1150,312762,314202,E878620,Matched,Block,,S WASHINGTON ST BETWEEN 5TH AVE S AND 6TH AVE S, ,,1,Property Damage Only Collision,Parked Car,2,0,0,2,0,0,2018-12-12 00:00:00+00,12/12/2018 12:56:00 PM,Mid-Block (not related to intersection),11,"MOTOR VEHICLE STRUCK MOTOR VEHICLE, FRONT END AT ANGLE",,False,Clear or Partly Cloudy,Dry,Daylight,,,,32.0,One parked--one moving,0,0,False,0
-122.324747704876,47.619680828768,1152,312757,314197,E877810,Matched,Block,,E JOHN ST BETWEEN SUMMIT AVE E AND E OLIVE WAY, ,,1,Property Damage Only Collision,Other,1,0,0,1,0,0,2018-12-13 00:00:00+00,12/13/2018 7:12:00 PM,Mid-Block (not related to intersection),28,MOTOR VEHICLE RAN OFF ROAD - HIT FIXED OBJECT,,False,Clear or Partly Cloudy,Dry,Dark - Street Lights On,,,,50.0,Fixed object,0,0,False,0
-122.334735199235,47.5390168275518,1154,312746,314186,E874788,Matched,Block,,1ST AV S BR NB BETWEEN POINT A AND SR509 NB, ,,2,Injury Collision,Rear Ended,3,0,0,3,2,0,2018-12-07 00:00:00+00,12/7/2018 6:55:00 AM,Mid-Block (not related to intersection),14,"MOTOR VEHICLE STRUCK MOTOR VEHICLE, REAR END",True,False,Clear or Partly Cloudy,Dry,Dawn,,,,13.0,From same direction - both going straight - both moving - rear-end,0,0,False,0
-122.334735199235,47.5390168275518,1156,312793,314233,E880291,Matched,Block,,1ST AV S BR NB BETWEEN POINT A AND SR509 NB, ,,2,Injury Collision,Rear Ended,2,0,0,2,1,0,2019-01-07 00:00:00+00,1/7/2019 1:10:00 PM,Mid-Block (not related to intersection),14,"MOTOR VEHICLE STRUCK MOTOR VEHICLE, REAR END",,False,Clear or Partly Cloudy,Dry,Daylight,,,,14.0,From same direction - both going straight - one stopped - rear-end,0,0,False,0
-122.325830753991,47.7340712391808,1158,312745,314185,E874778,Matched,Block,,NE 145TH ST BETWEEN 4TH AVE NE AND 145TH ST ON RP, ,,1,Property Damage Only Collision,Rear Ended,2,0,0,2,0,0,2018-12-13 00:00:00+00,12/13/2018 9:15:00 AM,Mid-Block (not related to intersection),14,"MOTOR VEHICLE STRUCK MOTOR VEHICLE, REAR END",,False,Raining,Wet,Daylight,,,,14.0,From same direction - both going straight - one stopped - rear-end,0,0,False,0
-122.303298490486,47.645552200246,1159,312765,314205,E879013,Matched,Block,,E HAMLIN ST BETWEEN MONTLAKE BLVD E AND 24TH AVE E, ,,1,Property Damage Only Collision,Parked Car,2,0,0,2,0,0,2018-12-13 00:00:00+00,12/13/2018 5:05:00 PM,Mid-Block (not related to intersection),14,"MOTOR VEHICLE STRUCK MOTOR VEHICLE, REAR END",,False,Raining,Wet,Dark - Street Lights On,,,,32.0,One parked--one moving,0,0,True,0
-122.329444153718,47.5923942707055,1161,312760,314200,E878619,Matched,Block,,S ROYAL BROUGHAM WAY BETWEEN 3RD AVE S AND 4TH AVE S, ,,1,Property Damage Only Collision,Head On,4,0,0,2,0,0,2018-12-06 00:00:00+00,12/6/2018 6:22:00 PM,Mid-Block (not related to intersection),11,"MOTOR VEHICLE STRUCK MOTOR VEHICLE, FRONT END AT ANGLE",,False,Clear or Partly Cloudy,Dry,Dark - Street Lights On,,,,24.0,From opposite direction - both moving - head-on,0,0,False,0
-122.310046643407,47.7339212062225,1167,312741,314181,E874770,Matched,Intersection,36077.0,17TH AVE NE AND NE 145TH ST, ,,2,Injury Collision,Angles,2,0,0,2,1,0,2018-12-13 00:00:00+00,12/13/2018 12:45:00 PM,At Intersection (intersection related),11,"MOTOR VEHICLE STRUCK MOTOR VEHICLE, FRONT END AT ANGLE",True,False,Raining,Wet,Daylight,,,,10.0,Entering at angle,0,0,False,0
-122.339439345516,47.5634130882621,1169,312785,314225,E879363,Matched,Block,,EAST MARGINAL WAY S BETWEEN S IDAHO ST AND DIAGONAL AVE S, ,,1,Property Damage Only Collision,Sideswipe,5,0,0,3,0,0,2018-11-03 00:00:00+00,11/3/2018 4:43:00 PM,Mid-Block (not related to intersection),11,"MOTOR VEHICLE STRUCK MOTOR VEHICLE, FRONT END AT ANGLE",True,False,Overcast,Wet,Daylight,,,,11.0,From same direction - both going straight - both moving - sideswipe,0,0,False,0
-122.349834903598,47.6504310167182,1171,312738,314178,E874565,Matched,Intersection,27035.0,FREMONT AVE N AND FREMONT PL N,NEI,"Not Enough Information, or Insufficient Location Information",1,Property Damage Only Collision,Rear Ended,2,0,0,2,0,0,2018-12-15 00:00:00+00,12/15/2018 9:45:00 PM,At Intersection (intersection related),0,NOT ENOUGH INFORMATION / NOT APPLICABLE,,False,Unknown,Unknown,Unknown,,,,14.0,From same direction - both going straight - one stopped - rear-end,0,0,False,0
-122.290531177847,47.6974587974556,1174,312755,314195,E877642,Matched,Intersection,37899.0,35TH AVE NE AND NE 95TH ST, ,,2,Injury Collision,Left Turn,4,0,0,3,2,0,2018-12-12 00:00:00+00,12/12/2018 6:50:00 PM,At Intersection (intersection related),11,"MOTOR VEHICLE STRUCK MOTOR VEHICLE, FRONT END AT ANGLE",,False,Overcast,Dry,Dark - Street Lights On,,,,28.0,From opposite direction - one left turn - one straight,0,0,False,0
-122.288821577386,47.5607535980568,1176,312788,314228,E879365,Matched,Intersection,32736.0,35TH AVE S AND S ALASKA ST, ,,2,Injury Collision,Pedestrian,2,1,0,1,1,0,2018-11-08 00:00:00+00,11/8/2018 5:22:00 PM,At Intersection (intersection related),24,MOTOR VEHCILE STRUCK PEDESTRIAN,True,False,Clear or Partly Cloudy,Dry,Dark - Street Lights On,,,,0.0,Vehicle going straight hits pedestrian,0,0,False,0
-122.308430730015,47.57250886831,1179,312783,314223,E879315,Matched,Block,,BEACON AVE S BETWEEN S HINDS ST AND S SPOKANE ST, ,,1,Property Damage Only Collision,Rear Ended,2,0,0,2,0,0,2018-12-07 00:00:00+00,12/7/2018 6:22:00 PM,Mid-Block (not related to intersection),14,"MOTOR VEHICLE STRUCK MOTOR VEHICLE, REAR END",,False,Clear or Partly Cloudy,Dry,Dark - Street Lights On,,,,14.0,From same direction - both going straight - one stopped - rear-end,0,0,False,0
-122.302456950113,47.6229142819899,1181,312766,314206,E879014,Matched,Block,,23RD AVE E BETWEEN E HARRISON ST AND E REPUBLICAN ST, ,,1,Property Damage Only Collision,Other,1,0,0,1,0,0,2018-12-13 00:00:00+00,12/13/2018 5:29:00 PM,Mid-Block (not related to intersection),28,MOTOR VEHICLE RAN OFF ROAD - HIT FIXED OBJECT,,False,Raining,Wet,Dark - Street Lights On,,,,50.0,Fixed object,0,0,False,0
-122.355154763075,47.5182793951842,1182,312829,314269,E888964,Matched,Block,,16TH AVE SW BETWEEN SW CAMBRIDGE ST AND SW ROXBURY ST, ,,2b,Serious Injury Collision,Parked Car,2,0,0,2,1,0,2019-01-29 00:00:00+00,1/29/2019 5:30:00 PM,Mid-Block (not related to intersection),11,"MOTOR VEHICLE STRUCK MOTOR VEHICLE, FRONT END AT ANGLE",,False,Clear or Partly Cloudy,Dry,Dark - Street Lights On,,,,20.0,One car leaving parked position,0,0,False,1
-122.320780367438,47.6140756667707,1185,312867,314307,E881278,Matched,Intersection,29745.0,BROADWAY AND E PIKE ST, ,,2,Injury Collision,Pedestrian,2,1,0,1,1,0,2018-12-13 00:00:00+00,12/13/2018 12:42:00 PM,At Intersection (intersection related),24,MOTOR VEHCILE STRUCK PEDESTRIAN,,False,Raining,Wet,Daylight,,,,0.0,Vehicle going straight hits pedestrian,0,0,False,0
-122.317639351116,47.5230502931287,1187,312866,314306,E881277,Matched,Intersection,35125.0,12TH AVE S AND S HENDERSON ST, ,,1,Property Damage Only Collision,Angles,2,0,0,2,0,0,2018-12-12 00:00:00+00,12/12/2018 8:05:00 AM,At Intersection (intersection related),11,"MOTOR VEHICLE STRUCK MOTOR VEHICLE, FRONT END AT ANGLE",,False,Overcast,Wet,Daylight,,,,10.0,Entering at angle,0,0,False,0
-122.320936688152,47.6246603251261,1188,312825,314265,E888820,Matched,Block,,BROADWAY E BETWEEN E MERCER ST AND E ROY E ST, ,,1,Property Damage Only Collision,Parked Car,2,0,0,2,0,0,2018-12-17 00:00:00+00,12/17/2018 11:21:00 AM,Mid-Block (not related to intersection),14,"MOTOR VEHICLE STRUCK MOTOR VEHICLE, REAR END",,False,Clear or Partly Cloudy,Dry,Daylight,,,,20.0,One car leaving parked position,0,0,False,0
-122.35705015862,47.5557554151636,1189,312865,314305,E881276,Matched,Intersection,32938.0,18TH AVE SW AND SW DAWSON ST, ,,1,Property Damage Only Collision,Angles,2,0,0,2,0,0,2018-11-19 00:00:00+00,11/19/2018 10:03:00 AM,At Intersection (intersection related),14,"MOTOR VEHICLE STRUCK MOTOR VEHICLE, REAR END",True,False,Clear or Partly Cloudy,Dry,Daylight,,,,10.0,Entering at angle,0,0,False,0
-122.316773001527,47.6219657677696,1190,312872,314312,E881644,Matched,Intersection,29028.0,12TH AVE E AND E HARRISON ST, ,,2,Injury Collision,Pedestrian,2,1,0,1,1,0,2018-12-02 00:00:00+00,12/2/2018 4:40:00 PM,At Intersection (intersection related),24,MOTOR VEHCILE STRUCK PEDESTRIAN,True,False,Overcast,Dry,Dark - Street Lights On,,,,0.0,Vehicle going straight hits pedestrian,0,0,False,0
-122.387249370503,47.5120928491049,1192,312864,314304,E880912,Matched,Intersection,37982.0,CALIFORNIA AVE SW AND SW 102ND ST, ,,1,Property Damage Only Collision,Angles,4,0,0,2,0,0,2018-12-01 00:00:00+00,12/1/2018 9:12:00 PM,At Intersection (intersection related),11,"MOTOR VEHICLE STRUCK MOTOR VEHICLE, FRONT END AT ANGLE",,False,Raining,Wet,Dark - Street Lights On,,,,10.0,Entering at angle,0,0,False,0
-122.403918233158,47.5609650421406,1196,312862,314302,E880911,Matched,Intersection,31777.0,BEACH DR SW AND SW JACOBSEN RD, ,,2,Injury Collision,Pedestrian,4,1,0,1,1,0,2018-11-30 00:00:00+00,11/30/2018 9:09:00 PM,At Intersection (intersection related),24,MOTOR VEHCILE STRUCK PEDESTRIAN,,False,Raining,Wet,Dark - Street Lights On,True,,,2.0,Vehicle turning left hits pedestrian,0,0,False,0
-122.29835908017,47.6220068156292,1197,312871,314311,E881567,Matched,Intersection,29256.0,26TH AVE E AND E MADISON ST, ,,1,Property Damage Only Collision,Angles,2,0,0,2,0,0,2018-12-09 00:00:00+00,12/9/2018 2:35:00 PM,At Intersection (intersection related),14,"MOTOR VEHICLE STRUCK MOTOR VEHICLE, REAR END",,False,Clear or Partly Cloudy,Wet,Daylight,,,,10.0,Entering at angle,0,0,False,0
-122.29069886527,47.5697706134882,1201,312860,314300,E880830,Matched,Intersection,32672.0,RAINIER AVE S AND S CHARLESTOWN ST, ,,2,Injury Collision,Sideswipe,3,0,0,2,1,0,2018-12-06 00:00:00+00,12/6/2018 4:45:00 PM,At Intersection (intersection related),11,"MOTOR VEHICLE STRUCK MOTOR VEHICLE, FRONT END AT ANGLE",,False,Clear or Partly Cloudy,Dry,Dark - Street Lights On,,,,11.0,From same direction - both going straight - both moving - sideswipe,0,0,False,0
-122.296246490875,47.6090068985173,1203,312859,314299,E880829,Matched,Intersection,30057.0,M L KING JR WAY AND E COLUMBIA ST, ,,1,Property Damage Only Collision,Rear Ended,2,0,0,2,0,0,2018-12-05 00:00:00+00,12/5/2018 5:22:00 PM,At Intersection (but not related to intersection),14,"MOTOR VEHICLE STRUCK MOTOR VEHICLE, REAR END",,False,Clear or Partly Cloudy,Dry,Dark - Street Lights On,,,,13.0,From same direction - both going straight - both moving - rear-end,0,0,False,0
-122.33382164614,47.5452853480129,1205,312858,314298,E886205,Matched,Block,,1ST AV S BR NB BETWEEN EAST MARGINAL WAY S AND 1ST AV S NB OFF RP, ,,2,Injury Collision,Other,3,0,0,2,2,0,2019-01-03 00:00:00+00,1/3/2019 9:29:00 AM,Mid-Block (not related to intersection),11,"MOTOR VEHICLE STRUCK MOTOR VEHICLE, FRONT END AT ANGLE",,False,Raining,Wet,Daylight,,,True,23.0,From same direction - all others,0,0,False,0
-122.302512817077,47.6047658535024,1211,312798,314238,E880828,Matched,Block,,23RD AVE BETWEEN E ALDER ST AND E TERRACE ST, ,,2,Injury Collision,Rear Ended,2,0,0,2,1,0,2018-10-17 00:00:00+00,10/17/2018 5:25:00 PM,Mid-Block (not related to intersection),14,"MOTOR VEHICLE STRUCK MOTOR VEHICLE, REAR END",,False,Clear or Partly Cloudy,Dry,Daylight,,,,14.0,From same direction - both going straight - one stopped - rear-end,0,0,False,0
-122.328078578054,47.6041612345606,1214,312869,314309,E881480,Matched,Intersection,29973.0,6TH AVE AND JAMES ST,NEI,"Not Enough Information, or Insufficient Location Information",2,Injury Collision,Left Turn,2,0,0,2,1,0,2018-11-10 00:00:00+00,11/10/2018 12:00:00 PM,At Intersection (intersection related),0,NOT ENOUGH INFORMATION / NOT APPLICABLE,True,False,Clear or Partly Cloudy,Unknown,Daylight,,,,28.0,From opposite direction - one left turn - one straight,0,0,False,0
-122.264028993442,47.5600508349384,1216,312796,314236,E880827,Matched,Block,,LAKE WASHINGTON BLVD S BETWEEN S ALASKA ST AND S ANGELINE ST, ,,2,Injury Collision,Head On,2,0,0,2,1,0,2018-11-28 00:00:00+00,11/28/2018 5:52:00 PM,Mid-Block (not related to intersection),11,"MOTOR VEHICLE STRUCK MOTOR VEHICLE, FRONT END AT ANGLE",,False,Raining,Wet,Dark - No Street Lights,,,,24.0,From opposite direction - both moving - head-on,0,0,False,0
-122.32964493976,47.6017181987589,1221,312937,314377,E885327,Matched,Block,,YESLER WAY BETWEEN 3RD AVE AND TERRACE ST, ,,1,Property Damage Only Collision,Parked Car,2,0,0,2,0,0,2018-10-20 00:00:00+00,10/20/2018,Mid-Block (not related to intersection),0,NOT ENOUGH INFORMATION / NOT APPLICABLE,,False,Unknown,Dry,Unknown,,,,32.0,One parked--one moving,0,0,True,0
-122.335586466815,47.603982238495,1223,312936,314376,E885326,Matched,Intersection,29622.0,1ST AVE AND MARION ST, ,,2,Injury Collision,Pedestrian,2,1,0,1,1,0,2018-08-31 00:00:00+00,8/31/2018 9:15:00 PM,At Intersection (intersection related),24,MOTOR VEHCILE STRUCK PEDESTRIAN,,False,Unknown,Unknown,Unknown,,,,2.0,Vehicle turning left hits pedestrian,0,0,False,0
-122.344488726189,47.6375877112052,1226,312935,314375,E885325,Matched,Block,,AURORA AVE N BETWEEN HOWE ST AND LYNN ST, ,,1,Property Damage Only Collision,Other,1,0,0,1,0,0,2018-09-30 00:00:00+00,9/30/2018 1:20:00 AM,Mid-Block (not related to intersection),26,MOTOR VEHICLE STRUCK OBJECT IN ROAD,,False,Raining,Wet,Dark - Street Lights On,,,,50.0,Fixed object,0,0,False,0
-122.327854838189,47.6196606365244,1228,312933,314373,E885242,Matched,Block,,MELROSE AVE E BETWEEN E DENNY WAY AND E THOMAS ST, ,,1,Property Damage Only Collision,Rear Ended,4,0,0,2,0,0,2018-12-09 00:00:00+00,12/9/2018 6:03:00 PM,Mid-Block (not related to intersection),14,"MOTOR VEHICLE STRUCK MOTOR VEHICLE, REAR END",True,False,Raining,Wet,Dark - Street Lights On,,,,14.0,From same direction - both going straight - one stopped - rear-end,0,0,False,0
-122.293800643808,47.5991869882096,1230,312932,314372,E885240,Matched,Intersection,30605.0,30TH AVE S AND S JACKSON ST, ,,1,Property Damage Only Collision,Angles,2,0,0,2,0,0,2018-12-01 00:00:00+00,12/1/2018 3:34:00 PM,At Intersection (intersection related),11,"MOTOR VEHICLE STRUCK MOTOR VEHICLE, FRONT END AT ANGLE",,False,Raining,Wet,Daylight,,,,10.0,Entering at angle,0,0,False,0
-122.331575533278,47.5996222895454,1232,312918,314358,E883131,Matched,Block,,2ND AVE S BETWEEN S MAIN ST AND S JACKSON ST, ,,1,Property Damage Only Collision,Parked Car,3,0,0,3,0,0,2018-11-10 00:00:00+00,11/10/2018 11:00:00 PM,Mid-Block (not related to intersection),14,"MOTOR VEHICLE STRUCK MOTOR VEHICLE, REAR END",,False,Clear or Partly Cloudy,Dry,Dark - Street Lights On,,,,32.0,One parked--one moving,0,0,True,0
-122.338756435225,47.6041333644124,1234,312883,314323,E882489,Matched,Block,,ALASKAN WAY BETWEEN MADISON ST AND SPRING ST, ,,2,Injury Collision,Cycles,3,0,1,1,1,0,2018-12-06 00:00:00+00,12/6/2018 3:48:00 PM,Mid-Block (not related to intersection),11,"MOTOR VEHICLE STRUCK MOTOR VEHICLE, FRONT END AT ANGLE",,False,Clear or Partly Cloudy,Dry,Daylight,,,,8.0,Pedalcyclist All Other Involvements ONE UNIT - PEDALCYCLIST ONLY or PEDALCYCLIST STR,0,0,False,0
-122.359339655708,47.6221177624655,1238,312881,314321,E882488,Matched,Intersection,28651.0,2ND AVE W AND W HARRISON ST, ,,1,Property Damage Only Collision,Angles,2,0,0,2,0,0,2018-12-09 00:00:00+00,12/9/2018 11:52:00 AM,At Intersection (intersection related),14,"MOTOR VEHICLE STRUCK MOTOR VEHICLE, REAR END",,False,Raining,Wet,Daylight,,,,10.0,Entering at angle,0,0,False,0
-122.347323071099,47.6534490367801,1240,312880,314320,E882487,Matched,Block,,AURORA AVE N BETWEEN N 38 UPPER ST AND N 39TH ST, ,,2,Injury Collision,Rear Ended,3,0,0,2,1,0,2018-11-26 00:00:00+00,11/26/2018 4:28:00 PM,Mid-Block (not related to intersection),14,"MOTOR VEHICLE STRUCK MOTOR VEHICLE, REAR END",,False,Raining,Wet,Dark - Street Lights On,,,,14.0,From same direction - both going straight - one stopped - rear-end,0,0,False,0
-122.2833965807,47.5370457269494,1241,312927,314367,E884225,Matched,Intersection,34564.0,39TH AVE S AND S OTHELLO ST, ,,2,Injury Collision,Pedestrian,3,1,0,1,1,0,2018-11-30 00:00:00+00,11/30/2018 6:30:00 PM,At Intersection (intersection related),24,MOTOR VEHCILE STRUCK PEDESTRIAN,,False,Raining,Wet,Dark - Street Lights On,,,,2.0,Vehicle turning left hits pedestrian,0,0,False,0
-122.301167607997,47.5945830625454,1242,312917,314357,3693219,Matched,Intersection,30659.0,24TH AVE S AND S CHARLES ST, ,,2,Injury Collision,Angles,2,0,0,2,1,0,2019-01-02 00:00:00+00,1/2/2019 8:57:00 PM,At Intersection (intersection related),11,"MOTOR VEHICLE STRUCK MOTOR VEHICLE, FRONT END AT ANGLE",,False,Clear or Partly Cloudy,Dry,Dark - Street Lights On,,,,10.0,Entering at angle,0,0,False,0
-122.343670762863,47.624856892357,1245,312878,314318,E882221,Matched,Block,,AURORA AVE N BETWEEN AURORA AV SB OFF RP AND ROY ST, ,,1,Property Damage Only Collision,Sideswipe,2,0,0,2,0,0,2018-12-11 00:00:00+00,12/11/2018 3:49:00 PM,Mid-Block (not related to intersection),14,"MOTOR VEHICLE STRUCK MOTOR VEHICLE, REAR END",,False,Raining,Wet,Dusk,,,,11.0,From same direction - both going straight - both moving - sideswipe,0,0,False,0
-122.307504816476,47.6128982681362,1248,312874,314314,E881648,Matched,Intersection,30145.0,19TH AVE AND E UNION ST, ,,1,Property Damage Only Collision,Angles,3,0,0,2,0,0,2018-11-26 00:00:00+00,11/26/2018 6:11:00 PM,At Intersection (intersection related),14,"MOTOR VEHICLE STRUCK MOTOR VEHICLE, REAR END",True,False,Raining,Wet,Dark - Street Lights On,,,,10.0,Entering at angle,0,0,False,0
-122.301414171077,47.6603910792733,1251,312923,314363,E883361,Matched,Block,,PEND OREILLE RD NE BETWEEN BURKE GILMAN TRL AND 25TH AVE NE, ,,2,Injury Collision,Pedestrian,2,0,1,1,1,0,2018-12-11 00:00:00+00,12/11/2018 6:00:00 PM,Mid-Block (not related to intersection),18,"MOTOR VEHICLE STRUCK PEDALCYCLIST, FRONT END AT ANGLE",True,False,Clear or Partly Cloudy,Wet,Dark - Street Lights On,,,,5.0,Vehicle Strikes Pedalcyclist,0,0,False,0
-122.309392708163,47.5930814573871,1252,312873,314313,E881647,Matched,Block,,RAINIER AVE S BETWEEN S NORMAN ST AND I90 WB RAINIER NB OF RP, ,,1,Property Damage Only Collision,Rear Ended,2,0,0,2,0,0,2018-12-07 00:00:00+00,12/7/2018 4:04:00 PM,Mid-Block (not related to intersection),14,"MOTOR VEHICLE STRUCK MOTOR VEHICLE, REAR END",True,False,Clear or Partly Cloudy,Dry,Dark - Street Lights On,,,,13.0,From same direction - both going straight - both moving - rear-end,0,0,False,0
-122.337025912339,47.5534400750126,1253,312921,314361,E883246,Matched,Intersection,33036.0,EAST MARGINAL WAY S AND S LUCILE ST, ,,1,Property Damage Only Collision,Other,1,0,0,1,0,0,2018-10-28 00:00:00+00,10/28/2018 2:49:00 AM,At Intersection (intersection related),26,MOTOR VEHICLE STRUCK OBJECT IN ROAD,,True,Raining,Wet,Dark - Street Lights On,,,,50.0,Fixed object,0,0,False,0
-122.326949970898,47.6657248887909,1262,313001,314441,E889754,Matched,Block,,NE 51ST ST BETWEEN 1ST AVE NE AND LATONA AVE NE, ,,2b,Serious Injury Collision,Pedestrian,3,2,0,1,2,0,2019-01-30 00:00:00+00,1/30/2019 8:40:00 AM,Mid-Block (not related to intersection),24,MOTOR VEHCILE STRUCK PEDESTRIAN,,False,Clear or Partly Cloudy,Dry,Daylight,,,,0.0,Vehicle going straight hits pedestrian,0,0,False,1
-122.293719526353,47.6033691758876,1267,312998,314438,3814307,Matched,Block,,30TH AVE BETWEEN E SPRUCE S ST AND E SPRUCE N ST, ,,2,Injury Collision,Pedestrian,2,1,0,1,1,0,2019-01-05 00:00:00+00,1/5/2019 9:53:00 AM,Driveway Junction,24,MOTOR VEHCILE STRUCK PEDESTRIAN,True,False,Clear or Partly Cloudy,Dry,Daylight,,,,3.0,Vehicle backing hits pedestrian,0,0,False,0