longitude,latitude,objectid,inckey,coldetkey,reportno,status,addrtype,intkey,location,exceptrsncode,exceptrsndesc,severitycode,severitydesc,collisiontype,personcount,pedcount,pedcylcount,vehcount,injuries,fatalities,incdate,incdttm,junctiontype,sdot_colcode,sdot_coldesc,inattentionind,underinfl,weather,roadcond,lightcond,pedrownotgrnt,sdotcolnum,speeding,st_colcode,st_coldesc,seglanekey,crosswalkkey,hitparkedcar,seriousinjuries
-122.318197012552,47.6175908633037,1274,312977,314417,3796008,Matched,Intersection,29074.0,11TH AVE AND E HOWELL ST, ,,1,Property Damage Only Collision,Left Turn,5,0,0,2,0,0,2019-01-02 00:00:00+00,1/2/2019 12:22:00 PM,At Intersection (intersection related),11,"MOTOR VEHICLE STRUCK MOTOR VEHICLE, FRONT END AT ANGLE",,False,Clear or Partly Cloudy,Dry,Daylight,,,,15.0,From same direction - one left turn - one straight,0,0,False,0
-122.330905321273,47.7341105299909,1281,312943,314383,E872533,Matched,Block,,N 145TH ST BETWEEN CORLISS AVE N AND SUNNYSIDE AVE N, ,,1,Property Damage Only Collision,Angles,7,0,0,3,0,0,2018-12-10 00:00:00+00,12/10/2018 7:52:00 AM,Mid-Block (not related to intersection),11,"MOTOR VEHICLE STRUCK MOTOR VEHICLE, FRONT END AT ANGLE",,False,Overcast,Wet,Daylight,,,,10.0,Entering at angle,0,0,False,0
-122.33897928501,47.6060126083042,1286,312941,314381,E887839,Matched,Block,,WESTERN AVE BETWEEN SENECA ST AND UNIVERSITY ST,NEI,"Not Enough Information, or Insufficient Location Information",1,Property Damage Only Collision,Parked Car,2,0,0,2,0,0,2018-11-23 00:00:00+00,11/23/2018 3:00:00 PM,,0,NOT ENOUGH INFORMATION / NOT APPLICABLE,True,False,Unknown,Unknown,Unknown,,,,19.0,One car entering parked position,0,0,False,0
-122.33968254293,47.6272546686698,1288,312940,314380,E887221,Matched,Block,,WESTLAKE AVE N BETWEEN 9TH AVE N AND ALOHA N ST, ,,2,Injury Collision,Other,1,0,0,1,1,0,2018-10-30 00:00:00+00,10/30/2018 8:54:00 PM,Mid-Block (not related to intersection),26,MOTOR VEHICLE STRUCK OBJECT IN ROAD,True,False,Raining,Wet,Dark - Street Lights On,,,True,52.0,Vehicle overturned,0,0,False,0
-122.33310387059,47.607979458203,1290,312939,314379,E885330,Matched,Intersection,29929.0,5TH AVE AND SENECA ST, ,,1,Property Damage Only Collision,Angles,3,0,0,2,0,0,2018-11-10 00:00:00+00,11/10/2018 7:45:00 AM,At Intersection (intersection related),11,"MOTOR VEHICLE STRUCK MOTOR VEHICLE, FRONT END AT ANGLE",True,False,Clear or Partly Cloudy,Dry,Daylight,,,,10.0,Entering at angle,0,0,False,0
-122.38336150087,47.649391042805,1294,312938,314378,E885328,Matched,Block,,21ST AVE W BETWEEN W DRAVUS ST AND W BERTONA ST, ,,1,Property Damage Only Collision,Parked Car,2,0,0,2,0,0,2018-08-17 00:00:00+00,8/17/2018 5:37:00 PM,Mid-Block (not related to intersection),11,"MOTOR VEHICLE STRUCK MOTOR VEHICLE, FRONT END AT ANGLE",,False,Clear or Partly Cloudy,Dry,Daylight,,,,32.0,One parked--one moving,0,0,True,0
-122.339439078022,47.5651393508864,1380,313201,314641,3815170,Matched,Block,,EAST MARGINAL WAY S BETWEEN S NEVADA ST AND S IDAHO ST, ,,1,Property Damage Only Collision,Other,1,0,0,1,0,0,2019-02-08 00:00:00+00,2/8/2019 5:51:00 AM,Mid-Block (not related to intersection),26,MOTOR VEHICLE STRUCK OBJECT IN ROAD,,False,Clear or Partly Cloudy,Dry,Dark - Street Lights On,,,,50.0,Fixed object,0,0,False,0
-122.385483472981,47.5601969076988,1405,313497,314937,3745782,Matched,Block,,42ND AVE SW BETWEEN SW ALASKA ST AND SW EDMUNDS ST, ,,1,Property Damage Only Collision,Sideswipe,4,0,0,2,0,0,2019-02-16 00:00:00+00,2/16/2019 10:40:00 PM,Mid-Block (not related to intersection),16,"MOTOR VEHICLE STRUCK MOTOR VEHICLE, LEFT SIDE SIDESWIPE",,False,Overcast,Wet,Dark - Street Lights On,,,,12.0,From same direction - both going straight - one stopped - sideswipe,0,0,False,0
-122.376208839553,47.5615517665723,1432,313517,314971,3752448,Matched,Block,,35TH AVE SW BETWEEN SW SNOQUALMIE ST AND SW ALASKA ST, ,,1,Property Damage Only Collision,Parked Car,2,0,0,2,0,0,2019-02-12 00:00:00+00,2/12/2019 6:52:00 AM,Mid-Block (not related to intersection),14,"MOTOR VEHICLE STRUCK MOTOR VEHICLE, REAR END",,False,Overcast,Snow/Slush,Dawn,,,,32.0,One parked--one moving,0,0,False,0
-122.386736545236,47.5763114374689,1530,313618,315078,3752511,Matched,Block,,CALIFORNIA AVE SW BETWEEN SW STEVENS ST AND SW HANFORD ST, ,,1,Property Damage Only Collision,Parked Car,2,0,0,2,0,0,2019-02-15 00:00:00+00,2/15/2019 6:40:00 AM,Mid-Block (not related to intersection),14,"MOTOR VEHICLE STRUCK MOTOR VEHICLE, REAR END",,False,Overcast,Wet,Dawn,,,,32.0,One parked--one moving,0,0,True,0
-122.314547230006,47.6016894801707,1611,312627,314067,E865100,Matched,Block,,E YESLER WAY BETWEEN 13TH AVE AND 14TH AVE, ,,1,Property Damage Only Collision,Parked Car,2,0,0,2,0,0,2018-11-16 00:00:00+00,11/16/2018 3:00:00 PM,Mid-Block (not related to intersection),11,"MOTOR VEHICLE STRUCK MOTOR VEHICLE, FRONT END AT ANGLE",True,False,Clear or Partly Cloudy,Dry,Daylight,,,,32.0,One parked--one moving,0,0,False,0
-122.296850425675,47.6230295219321,1625,312625,314065,E865098,Matched,Block,,E MADISON ST BETWEEN 27TH N AVE E AND M L KING JR WAY E, ,,2,Injury Collision,Cycles,2,0,1,1,1,0,2018-11-20 00:00:00+00,11/20/2018 8:30:00 AM,Mid-Block (not related to intersection),18,"MOTOR VEHICLE STRUCK PEDALCYCLIST, FRONT END AT ANGLE",,False,Clear or Partly Cloudy,Unknown,Daylight,,,,6.0,Pedalcyclist Strikes Moving Vehicle,0,0,False,0
-122.361014741001,47.5385521462773,1627,312624,314064,E865097,Matched,Block,,DELRIDGE WAY SW BETWEEN SW MYRTLE ST AND SW ORCHARD ST, ,,2,Injury Collision,Rear Ended,2,0,0,2,1,0,2018-11-21 00:00:00+00,11/21/2018 3:05:00 PM,Mid-Block (not related to intersection),14,"MOTOR VEHICLE STRUCK MOTOR VEHICLE, REAR END",True,False,Clear or Partly Cloudy,Wet,Daylight,,,,13.0,From same direction - both going straight - both moving - rear-end,0,0,False,0
-122.241402119296,47.5014781537705,1629,312623,314063,E865096,Matched,Intersection,38431.0,CORNELL AVE S AND S 114TH ST, ,,1,Property Damage Only Collision,Other,1,0,0,1,0,0,2018-11-21 00:00:00+00,11/21/2018 11:34:00 AM,At Intersection (intersection related),28,MOTOR VEHICLE RAN OFF ROAD - HIT FIXED OBJECT,,False,Overcast,Wet,Daylight,,,,50.0,Fixed object,0,0,False,0
-122.334433749866,47.5301183559551,1630,312692,314132,E868552,Matched,Block,,SR509 NB BETWEEN KENYON ON RP AND 1ST AV S ON RP, ,,2,Injury Collision,Other,1,0,0,1,1,0,2018-11-29 00:00:00+00,11/29/2018,Mid-Block (not related to intersection),28,MOTOR VEHICLE RAN OFF ROAD - HIT FIXED OBJECT,True,True,Clear or Partly Cloudy,Dry,Dark - No Street Lights,,,True,50.0,Fixed object,0,0,False,0
-122.379687746415,47.5625656767339,1633,312622,314062,E865095,Matched,Block,,FAUNTLEROY WAY SW BETWEEN SW OREGON ST AND 38TH AVE SW, ,,1,Property Damage Only Collision,Rear Ended,2,0,0,2,0,0,2018-11-21 00:00:00+00,11/21/2018 11:41:00 AM,Mid-Block (not related to intersection),14,"MOTOR VEHICLE STRUCK MOTOR VEHICLE, REAR END",True,False,Raining,Wet,Daylight,,,,14.0,From same direction - both going straight - one stopped - rear-end,0,0,False,0
-122.269989113648,47.5321053099823,1638,312620,314060,E865094,Matched,Block,,RAINIER AVE S BETWEEN S CHICAGO ST AND S KENYON ST,NEI,"Not Enough Information, or Insufficient Location Information",1,Property Damage Only Collision,Parked Car,2,0,0,2,0,0,2018-11-20 00:00:00+00,11/20/2018 1:15:00 PM,Mid-Block (not related to intersection),0,NOT ENOUGH INFORMATION / NOT APPLICABLE,,False,Overcast,Dry,Daylight,,,,32.0,One parked--one moving,0,0,False,0
-122.367262569607,47.5246767358354,1641,312626,314066,E865099,Matched,Block,,SW TRENTON ST BETWEEN 26TH AVE SW AND 28TH AVE SW, ,,1,Property Damage Only Collision,Parked Car,3,0,0,2,0,0,2018-11-21 00:00:00+00,11/21/2018 11:00:00 AM,Mid-Block (not related to intersection),11,"MOTOR VEHICLE STRUCK MOTOR VEHICLE, FRONT END AT ANGLE",True,False,Raining,Wet,Daylight,,,,32.0,One parked--one moving,0,0,True,0
-122.334735199235,47.5390168275518,1643,312691,314131,E868497,Matched,Block,,1ST AV S BR NB BETWEEN POINT A AND SR509 NB, ,,1,Property Damage Only Collision,Sideswipe,3,0,0,2,0,0,2018-11-30 00:00:00+00,11/30/2018 8:18:00 PM,Mid-Block (not related to intersection),11,"MOTOR VEHICLE STRUCK MOTOR VEHICLE, FRONT END AT ANGLE",,False,Raining,Wet,Dark - Street Lights On,,,True,11.0,From same direction - both going straight - both moving - sideswipe,0,0,False,0
-122.333527003241,47.5361684323403,1646,312610,314050,E864209,Matched,Block,,WEST MARGINAL WAY S BETWEEN 1ST AVE S AND S HOLDEN ST, ,,1,Property Damage Only Collision,Rear Ended,3,0,0,3,0,0,2018-11-21 00:00:00+00,11/21/2018 2:40:00 PM,Mid-Block (not related to intersection),14,"MOTOR VEHICLE STRUCK MOTOR VEHICLE, REAR END",,False,Raining,Wet,Daylight,,,,13.0,From same direction - both going straight - both moving - rear-end,0,0,False,0
-122.32348350211,47.7340529814808,1647,312609,314049,E864058,Matched,Intersection,35853.0,5TH AVE NE AND NE 145TH ST, ,,1,Property Damage Only Collision,Sideswipe,2,0,0,2,0,0,2018-11-17 00:00:00+00,11/17/2018 3:25:00 PM,At Intersection (intersection related),11,"MOTOR VEHICLE STRUCK MOTOR VEHICLE, FRONT END AT ANGLE",,False,Clear or Partly Cloudy,Dry,Daylight,,,,71.0,Same direction -- both turning right -- both moving -- sideswipe,0,0,False,0
-122.316603303546,47.5278979536924,1652,312696,314136,E868825,Matched,Block,,DALLAS AVE S BETWEEN 12TH AVE S AND 13TH PL S, ,,1,Property Damage Only Collision,Parked Car,2,0,0,2,0,0,2018-11-24 00:00:00+00,11/24/2018 7:00:00 AM,Mid-Block (not related to intersection),14,"MOTOR VEHICLE STRUCK MOTOR VEHICLE, REAR END",,False,Unknown,Unknown,Dark - Street Lights On,,,,32.0,One parked--one moving,0,0,True,0
-122.304617151098,47.645263776654,1660,312640,314080,E865386,Matched,Intersection,28390.0,MONTLAKE BLVD E AND MONTLAKE BV ON RP, ,,1,Property Damage Only Collision,Rear Ended,3,0,0,2,0,0,2018-11-21 00:00:00+00,11/21/2018 5:47:00 AM,At Intersection (but not related to intersection),14,"MOTOR VEHICLE STRUCK MOTOR VEHICLE, REAR END",,False,Clear or Partly Cloudy,Dry,Dark - Street Lights On,,,,14.0,From same direction - both going straight - one stopped - rear-end,0,0,False,0
-122.329556322436,47.7341001065512,1664,312708,314148,E869938,Matched,Block,,N 145TH ST BETWEEN SUNNYSIDE AVE N AND 1ST AVE NE, ,,1,Property Damage Only Collision,Rear Ended,4,0,0,2,0,0,2018-12-03 00:00:00+00,12/3/2018 5:22:00 PM,Mid-Block (not related to intersection),14,"MOTOR VEHICLE STRUCK MOTOR VEHICLE, REAR END",,False,Clear or Partly Cloudy,Dry,Dark - Street Lights On,,,,14.0,From same direction - both going straight - one stopped - rear-end,0,0,False,0
-122.374856603824,47.6636630550685,1668,312635,314075,E865271,Matched,Block,,NW LEARY WAY BETWEEN 14TH AVE NW AND 15TH NB AVE NW, ,,1,Property Damage Only Collision,Right Turn,3,0,0,2,0,0,2018-11-21 00:00:00+00,11/21/2018 9:12:00 AM,Mid-Block (not related to intersection),14,"MOTOR VEHICLE STRUCK MOTOR VEHICLE, REAR END",True,False,Raining,Wet,Daylight,,,,16.0,From same direction - one right turn - one straight,0,0,False,0
-122.294005642662,47.5729186042637,1669,312637,314077,E865356,Matched,Intersection,32416.0,RAINIER AVE S AND S WALDEN ST, ,,1,Property Damage Only Collision,Angles,2,0,0,2,0,0,2018-11-17 00:00:00+00,11/17/2018 10:45:00 AM,At Intersection (intersection related),11,"MOTOR VEHICLE STRUCK MOTOR VEHICLE, FRONT END AT ANGLE",,False,Clear or Partly Cloudy,Dry,Daylight,,,,10.0,Entering at angle,0,0,False,0
-122.328288517768,47.5798094287728,1671,312706,314146,E869836,Matched,Block,,S LANDER ST BETWEEN 4TH AVE S AND 5TH AVE S, ,,1,Property Damage Only Collision,Angles,2,0,0,2,0,0,2018-12-06 00:00:00+00,12/6/2018 1:34:00 PM,Mid-Block (not related to intersection),14,"MOTOR VEHICLE STRUCK MOTOR VEHICLE, REAR END",,False,Clear or Partly Cloudy,Dry,Daylight,,,,10.0,Entering at angle,0,0,False,0
-122.329061834195,47.5705316227917,1676,312555,313995,3750354,Matched,Block,,4TH AVE S BETWEEN S SPOKANE SR ST AND W SEA BR EB 4 AV OFF RP, ,,1,Property Damage Only Collision,Sideswipe,2,0,0,2,0,0,2019-01-24 00:00:00+00,1/24/2019 2:55:00 PM,Mid-Block (not related to intersection),11,"MOTOR VEHICLE STRUCK MOTOR VEHICLE, FRONT END AT ANGLE",,False,Clear or Partly Cloudy,Dry,Daylight,,,,71.0,Same direction -- both turning right -- both moving -- sideswipe,0,0,False,0
-122.329080763948,47.6903417466837,1678,312702,314142,E869218,Matched,Block,,BANNER WAY NE BETWEEN NE 85TH ST OFF RP AND CORLISS WAY N, ,,1,Property Damage Only Collision,Other,2,0,0,1,0,0,2018-11-28 00:00:00+00,11/28/2018 11:50:00 AM,Mid-Block (not related to intersection),26,MOTOR VEHICLE STRUCK OBJECT IN ROAD,,False,Raining,Wet,Daylight,,,True,50.0,Fixed object,0,0,False,0
-122.333795369268,47.5269543538256,1679,312643,314083,E866546,Matched,Block,,SR509 SB BETWEEN 1ST AV S OFF RP AND CLOVERDALE ST ON RP, ,,1,Property Damage Only Collision,Other,2,0,0,1,0,0,2018-11-25 00:00:00+00,11/25/2018 8:37:00 PM,Mid-Block (not related to intersection),26,MOTOR VEHICLE STRUCK OBJECT IN ROAD,,False,Raining,Wet,Dark - No Street Lights,,,,52.0,Vehicle overturned,0,0,False,0
-122.34013076417,47.5172725182138,1683,312698,314138,E868834,Matched,Intersection,34984.0,OLSON PL SW AND SW ROXBURY ST, ,,1,Property Damage Only Collision,Left Turn,2,0,0,2,0,0,2018-11-24 00:00:00+00,11/24/2018 5:09:00 PM,At Intersection (intersection related),11,"MOTOR VEHICLE STRUCK MOTOR VEHICLE, FRONT END AT ANGLE",True,False,Clear or Partly Cloudy,Dry,Dark - Street Lights On,,,,28.0,From opposite direction - one left turn - one straight,0,0,False,0
-122.334846956374,47.5290045409556,1689,312638,314078,E865379,Matched,Block,,1ST AVE S BETWEEN SW KENYON ST AND S CLOVERDALE W ST, ,,1,Property Damage Only Collision,Other,1,0,0,1,0,0,2018-11-22 00:00:00+00,11/22/2018 4:26:00 PM,Mid-Block (not related to intersection),26,MOTOR VEHICLE STRUCK OBJECT IN ROAD,,False,Raining,Standing Water,Dusk,,,True,50.0,Fixed object,0,0,False,0
-122.348925204061,47.6185762655251,1691,312634,314074,E865209,Matched,Intersection,29656.0,4TH AVE AND DENNY WAY, ,,1,Property Damage Only Collision,Sideswipe,2,0,0,2,0,0,2018-11-27 00:00:00+00,11/27/2018 9:35:00 AM,At Intersection (but not related to intersection),14,"MOTOR VEHICLE STRUCK MOTOR VEHICLE, REAR END",,False,Overcast,Wet,Daylight,,,,81.0,Same direction -- both turning left -- both moving -- sideswipe,0,0,False,0
-122.313027548462,47.5465168033289,1692,312633,314073,E865208,Matched,Intersection,34374.0,AIRPORT WAY S AND S HARDY ST, ,,1,Property Damage Only Collision,Rear Ended,2,0,0,2,0,0,2018-11-26 00:00:00+00,11/26/2018 3:45:00 PM,At Intersection (intersection related),11,"MOTOR VEHICLE STRUCK MOTOR VEHICLE, FRONT END AT ANGLE",True,False,Raining,Wet,Dusk,,,,14.0,From same direction - both going straight - one stopped - rear-end,0,0,False,0
-122.272129171572,47.5223385209797,1694,312632,314072,E865196,Matched,Block,,S DIRECTOR ST BETWEEN 48TH AVE S AND 50TH AVE S, ,,1,Property Damage Only Collision,Parked Car,10,0,0,2,0,0,2018-11-26 00:00:00+00,11/26/2018 2:41:00 PM,Mid-Block (not related to intersection),14,"MOTOR VEHICLE STRUCK MOTOR VEHICLE, REAR END",True,False,Raining,Wet,Daylight,,,,32.0,One parked--one moving,0,0,False,0
-122.269926205811,47.5199589962424,1695,312631,314071,E865195,Matched,Intersection,35489.0,51ST AVE S AND S BARTON PL, ,,1,Property Damage Only Collision,Angles,2,0,0,2,0,0,2018-11-20 00:00:00+00,11/20/2018 3:28:00 PM,At Intersection (intersection related),11,"MOTOR VEHICLE STRUCK MOTOR VEHICLE, FRONT END AT ANGLE",,False,Clear or Partly Cloudy,Dry,Daylight,,,,10.0,Entering at angle,0,0,False,0
-122.311937418736,47.6648928109888,1698,312636,314076,E865272,Matched,Intersection,26052.0,15TH AVE NE AND NE 50TH ST, ,,2,Injury Collision,Left Turn,2,0,0,2,2,0,2018-11-21 00:00:00+00,11/21/2018 12:38:00 PM,At Intersection (intersection related),11,"MOTOR VEHICLE STRUCK MOTOR VEHICLE, FRONT END AT ANGLE",,False,Overcast,Wet,Daylight,,,,28.0,From opposite direction - one left turn - one straight,0,0,False,0
-122.32348350211,47.7340529814808,1699,312646,314086,E866895,Matched,Intersection,35853.0,5TH AVE NE AND NE 145TH ST, ,,1,Property Damage Only Collision,Left Turn,2,0,0,2,0,0,2018-11-22 00:00:00+00,11/22/2018 2:01:00 PM,At Intersection (intersection related),11,"MOTOR VEHICLE STRUCK MOTOR VEHICLE, FRONT END AT ANGLE",,False,Raining,Wet,Daylight,,,,28.0,From opposite direction - one left turn - one straight,0,0,False,0
-122.271559915909,47.5406936663937,1701,312630,314070,E865194,Matched,Intersection,34430.0,RAINIER AVE S AND S WILLOW ST, ,,1,Property Damage Only Collision,Rear Ended,2,0,0,2,0,0,2018-11-20 00:00:00+00,11/20/2018 5:53:00 PM,At Intersection (but not related to intersection),14,"MOTOR VEHICLE STRUCK MOTOR VEHICLE, REAR END",True,False,Clear or Partly Cloudy,Dry,Dark - Street Lights On,,,,14.0,From same direction - both going straight - one stopped - rear-end,0,0,False,0
-122.315025258548,47.5725579859423,1703,312733,314173,E873945,Matched,Block,,S COLUMBIAN WB WAY BETWEEN 14TH AVE S AND COLUMBIAN WY - I5 NB RP, ,,1,Property Damage Only Collision,Rear Ended,3,0,0,2,0,0,2018-11-19 00:00:00+00,11/19/2018 10:27:00 AM,Mid-Block (not related to intersection),14,"MOTOR VEHICLE STRUCK MOTOR VEHICLE, REAR END",,False,Clear or Partly Cloudy,Dry,Daylight,,,,14.0,From same direction - both going straight - one stopped - rear-end,0,0,False,0
-122.329080763948,47.6903417466837,1706,312724,314164,E872040,Matched,Block,,BANNER WAY NE BETWEEN NE 85TH ST OFF RP AND CORLISS WAY N, ,,1,Property Damage Only Collision,Other,1,0,0,1,0,0,2018-12-09 00:00:00+00,12/9/2018 9:09:00 AM,Mid-Block (not related to intersection),26,MOTOR VEHICLE STRUCK OBJECT IN ROAD,,False,Raining,Wet,Daylight,,,True,50.0,Fixed object,0,0,False,0
-122.382736268081,47.5769307594676,1709,312589,314029,3479359,Matched,Block,,SW STEVENS ST BETWEEN FAIRMOUNT AVE SW AND WALNUT AVE SW, ,,1,Property Damage Only Collision,Other,1,0,0,1,0,0,2018-12-10 00:00:00+00,12/10/2018 9:45:00 AM,Mid-Block (not related to intersection),28,MOTOR VEHICLE RAN OFF ROAD - HIT FIXED OBJECT,,False,Overcast,Wet,Daylight,,,,50.0,Fixed object,0,0,False,0
-122.30751049784,47.6907734843231,1711,312586,314026,3150071,Matched,Block,,LAKE CITY WAY NE BETWEEN NE 85TH ST AND 20TH AVE NE, ,,2,Injury Collision,Rear Ended,5,0,0,2,2,0,2018-11-23 00:00:00+00,11/23/2018 4:42:00 PM,Mid-Block (not related to intersection),14,"MOTOR VEHICLE STRUCK MOTOR VEHICLE, REAR END",True,False,Raining,Wet,Dark - No Street Lights,,,,13.0,From same direction - both going straight - both moving - rear-end,0,0,False,0
-122.301264483997,47.7338238510526,1713,312729,314169,E873022,Matched,Block,,NE 145TH ST BETWEEN 25TH AVE NE AND 26TH AVE NE, ,,1,Property Damage Only Collision,Rear Ended,2,0,0,2,0,0,2018-12-10 00:00:00+00,12/10/2018 8:32:00 PM,Mid-Block (not related to intersection),14,"MOTOR VEHICLE STRUCK MOTOR VEHICLE, REAR END",,False,Clear or Partly Cloudy,Wet,Dark - Street Lights On,,,,13.0,From same direction - both going straight - both moving - rear-end,0,0,False,0
-122.334275943277,47.7341365013854,1723,312667,314107,E867631,Matched,Intersection,35910.0,MERIDIAN AVE N AND N 145TH ST, ,,1,Property Damage Only Collision,Rear Ended,2,0,0,2,0,0,2018-12-01 00:00:00+00,12/1/2018 9:21:00 PM,At Intersection (but not related to intersection),14,"MOTOR VEHICLE STRUCK MOTOR VEHICLE, REAR END",,False,Overcast,Wet,Dark - Street Lights On,,,,13.0,From same direction - both going straight - both moving - rear-end,0,0,False,0
-122.325830753991,47.7340712391808,1727,312725,314165,E872409,Matched,Block,,NE 145TH ST BETWEEN 4TH AVE NE AND 145TH ST ON RP, ,,1,Property Damage Only Collision,Rear Ended,7,0,0,3,0,0,2018-12-09 00:00:00+00,12/9/2018 2:10:00 PM,Mid-Block (not related to intersection),14,"MOTOR VEHICLE STRUCK MOTOR VEHICLE, REAR END",,False,Raining,Wet,Daylight,,,True,14.0,From same direction - both going straight - one stopped - rear-end,0,0,False,0
-122.368601476523,47.6697981672668,1729,312720,314160,E871056,Matched,Block,,9TH AVE NW BETWEEN NW 56TH ST AND NW 57TH ST, ,,1,Property Damage Only Collision,Parked Car,2,0,0,2,0,0,2018-12-11 00:00:00+00,12/11/2018 2:22:00 PM,Mid-Block (not related to intersection),14,"MOTOR VEHICLE STRUCK MOTOR VEHICLE, REAR END",,False,Unknown,Unknown,Unknown,,,,32.0,One parked--one moving,0,0,False,0
-122.301940127483,47.7338292579493,1733,312718,314158,E871055,Matched,Intersection,35996.0,25TH AVE NE AND NE 145TH ST, ,,2,Injury Collision,Left Turn,3,0,0,2,2,0,2018-12-11 00:00:00+00,12/11/2018 10:51:00 AM,At Intersection (intersection related),11,"MOTOR VEHICLE STRUCK MOTOR VEHICLE, FRONT END AT ANGLE",,False,Raining,Wet,Daylight,,,,28.0,From opposite direction - one left turn - one straight,0,0,False,0
-122.329080763948,47.6903417466837,1736,312665,314105,E867529,Matched,Block,,BANNER WAY NE BETWEEN NE 85TH ST OFF RP AND CORLISS WAY N, ,,1,Property Damage Only Collision,Other,2,0,0,1,0,0,2018-11-28 00:00:00+00,11/28/2018 11:51:00 PM,Mid-Block (not related to intersection),26,MOTOR VEHICLE STRUCK OBJECT IN ROAD,,False,Overcast,Wet,Dark - Street Lights On,,,True,50.0,Fixed object,0,0,False,0
-122.33382164614,47.5452853480129,1742,312714,314154,E870700,Matched,Block,,1ST AV S BR NB BETWEEN EAST MARGINAL WAY S AND 1ST AV S NB OFF RP, ,,1,Property Damage Only Collision,Rear Ended,2,0,0,2,0,0,2018-12-05 00:00:00+00,12/5/2018 6:18:00 AM,Mid-Block (not related to intersection),14,"MOTOR VEHICLE STRUCK MOTOR VEHICLE, REAR END",True,False,Clear or Partly Cloudy,Dry,Dark - No Street Lights,,,True,14.0,From same direction - both going straight - one stopped - rear-end,0,0,False,0
-122.356626686231,47.5714285806029,1743,312713,314153,E870682,Matched,Block,,WEST MARGINAL WAY SW BETWEEN WEST MARGINAL TURN RD AND MARGINAL PL SW, ,,1,Property Damage Only Collision,Rear Ended,2,0,0,2,0,0,2018-12-06 00:00:00+00,12/6/2018 10:06:00 AM,Mid-Block (not related to intersection),14,"MOTOR VEHICLE STRUCK MOTOR VEHICLE, REAR END",,False,Clear or Partly Cloudy,Dry,Daylight,,,True,14.0,From same direction - both going straight - one stopped - rear-end,0,0,False,0
-122.322956321324,47.6613333466589,1748,312727,314167,E872919,Matched,Intersection,27071.0,5TH AVE NE AND NE 45TH ST, ,,1,Property Damage Only Collision,Sideswipe,3,0,0,2,0,0,2018-12-04 00:00:00+00,12/4/2018 6:06:00 PM,At Intersection (but not related to intersection),11,"MOTOR VEHICLE STRUCK MOTOR VEHICLE, FRONT END AT ANGLE",True,False,Clear or Partly Cloudy,Dry,Dark - Street Lights On,,,,11.0,From same direction - both going straight - both moving - sideswipe,0,0,False,0
-122.334762317446,47.5254167310125,1751,312663,314103,E867418,Matched,Block,,1ST AVE S BETWEEN S CLOVERDALE W ST AND 1ST AVS OFF S RP, ,,2,Injury Collision,Rear Ended,2,0,0,2,1,0,2018-11-27 00:00:00+00,11/27/2018 8:45:00 AM,Mid-Block (not related to intersection),14,"MOTOR VEHICLE STRUCK MOTOR VEHICLE, REAR END",,False,Raining,Wet,Daylight,,,True,14.0,From same direction - both going straight - one stopped - rear-end,0,0,False,0
-122.33615476839,47.6142879469664,1761,315199,316679,E893598,Matched,Intersection,29552.0,7TH AVE AND STEWART ST, ,,2b,Serious Injury Collision,Pedestrian,2,1,0,1,1,0,2019-01-28 00:00:00+00,1/28/2019 4:52:00 PM,At Intersection (intersection related),24,MOTOR VEHCILE STRUCK PEDESTRIAN,,False,Overcast,Wet,Dusk,True,,,2.0,Vehicle turning left hits pedestrian,0,0,False,1
-122.330025030754,47.6130014091682,1772,315205,316685,E893997,Matched,Intersection,29884.0,PIKE ST AND TERRY AVE, ,,2,Injury Collision,Rear Ended,5,0,0,2,1,0,2019-01-01 00:00:00+00,1/1/2019 1:14:00 AM,At Intersection (but not related to intersection),14,"MOTOR VEHICLE STRUCK MOTOR VEHICLE, REAR END",,False,Other,Dry,Dark - Street Lights On,,,,13.0,From same direction - both going straight - both moving - rear-end,0,0,False,0
-122.323494485907,47.7334980481935,1780,315197,316677,E893238,Matched,Block,,5TH AVE NE BETWEEN 145TH ST OFF RP AND NE 145TH ST, ,,1,Property Damage Only Collision,Rear Ended,4,0,0,2,0,0,2019-02-13 00:00:00+00,2/13/2019 3:43:00 PM,Mid-Block (not related to intersection),14,"MOTOR VEHICLE STRUCK MOTOR VEHICLE, REAR END",True,False,Overcast,Snow/Slush,Daylight,,,,14.0,From same direction - both going straight - one stopped - rear-end,0,0,False,0
-122.334846956374,47.5290045409556,1781,315203,316683,E893940,Matched,Block,,1ST AVE S BETWEEN SW KENYON ST AND S CLOVERDALE W ST, ,,1,Property Damage Only Collision,Other,2,0,0,2,0,0,2019-02-11 00:00:00+00,2/11/2019 4:04:00 PM,Mid-Block (not related to intersection),11,"MOTOR VEHICLE STRUCK MOTOR VEHICLE, FRONT END AT ANGLE",,False,Snowing,Snow/Slush,Daylight,,,True,23.0,From same direction - all others,0,0,False,0