longitude,latitude,objectid,inckey,coldetkey,reportno,status,addrtype,intkey,location,exceptrsncode,exceptrsndesc,severitycode,severitydesc,collisiontype,personcount,pedcount,pedcylcount,vehcount,injuries,fatalities,incdate,incdttm,junctiontype,sdot_colcode,sdot_coldesc,inattentionind,underinfl,weather,roadcond,lightcond,pedrownotgrnt,sdotcolnum,speeding,st_colcode,st_coldesc,seglanekey,crosswalkkey,hitparkedcar,seriousinjuries
-122.322408742566,47.6359012626682,1922,315208,316688,E894006,Matched,Intersection,28269.0,HARVARD AVE E AND LAKEVIEW BLVD E, ,,1,Property Damage Only Collision,Angles,2,0,0,2,0,0,2019-01-06 00:00:00+00,1/6/2019 3:09:00 AM,At Intersection (intersection related),11,"MOTOR VEHICLE STRUCK MOTOR VEHICLE, FRONT END AT ANGLE",,False,Unknown,Wet,Dark - Street Lights On,,,,10.0,Entering at angle,0,0,False,0
-122.302225887315,47.5911180976092,1927,315062,316542,E894000,Matched,Block,,23RD AVE S BETWEEN S JUDKINS ST AND MOUNTAINS TO SOUND TRL, ,,1,Property Damage Only Collision,Other,3,0,0,1,0,0,2018-12-27 00:00:00+00,12/27/2018 1:52:00 AM,Mid-Block (not related to intersection),28,MOTOR VEHICLE RAN OFF ROAD - HIT FIXED OBJECT,,False,Clear or Partly Cloudy,Wet,Dark - Street Lights On,,,,50.0,Fixed object,0,0,False,0
-122.311529602886,47.5958738813624,1932,315061,316541,E893996,Matched,Intersection,30781.0,RAINIER AVE S AND S DEARBORN ST, ,,1,Property Damage Only Collision,Sideswipe,4,0,0,2,0,0,2018-12-15 00:00:00+00,12/15/2018 10:39:00 PM,At Intersection (intersection related),11,"MOTOR VEHICLE STRUCK MOTOR VEHICLE, FRONT END AT ANGLE",,False,Raining,Wet,Dark - Street Lights On,,,,81.0,Same direction -- both turning left -- both moving -- sideswipe,0,0,False,0
-122.376627477778,47.5326406043795,1934,315059,316539,E891292,Matched,Block,,35TH AVE SW BETWEEN SW HOLDEN S ST AND SW KENYON ST, ,,1,Property Damage Only Collision,Rear Ended,2,0,0,2,0,0,2018-12-15 00:00:00+00,12/15/2018 6:15:00 PM,Mid-Block (not related to intersection),14,"MOTOR VEHICLE STRUCK MOTOR VEHICLE, REAR END",True,False,Raining,Wet,Dark - Street Lights On,,,,14.0,From same direction - both going straight - one stopped - rear-end,0,0,False,0
-122.269987868884,47.5228170065789,1941,315057,316537,E890414,Matched,Block,,RAINIER AVE S BETWEEN S HENDERSON ST AND S DIRECTOR N ST, ,,1,Property Damage Only Collision,Other,1,0,0,1,0,0,2018-09-05 00:00:00+00,9/5/2018 11:38:00 AM,Mid-Block (not related to intersection),28,MOTOR VEHICLE RAN OFF ROAD - HIT FIXED OBJECT,,False,Clear or Partly Cloudy,Dry,Daylight,,,,50.0,Fixed object,0,0,False,0
-122.376466591478,47.5437735800491,1944,315042,316522,E890347,Matched,Block,,35TH AVE SW BETWEEN SW MORGAN ST AND SW HOLLY ST, ,,1,Property Damage Only Collision,Rear Ended,2,0,0,2,0,0,2018-11-26 00:00:00+00,11/26/2018 7:42:00 AM,Mid-Block (not related to intersection),14,"MOTOR VEHICLE STRUCK MOTOR VEHICLE, REAR END",,False,Raining,Wet,Daylight,,,,14.0,From same direction - both going straight - one stopped - rear-end,0,0,False,0
-122.288095734904,47.5512302707518,1946,315041,316521,E889497,Matched,Intersection,33620.0,M L KING JR WR WAY S AND S ORCAS ST, ,,1,Property Damage Only Collision,Left Turn,2,0,0,2,0,0,2018-09-18 00:00:00+00,9/18/2018 4:29:00 PM,At Intersection (intersection related),11,"MOTOR VEHICLE STRUCK MOTOR VEHICLE, FRONT END AT ANGLE",,False,Clear or Partly Cloudy,Dry,Daylight,,,,28.0,From opposite direction - one left turn - one straight,0,0,False,0
-122.32348350211,47.7340529814808,1948,315040,316520,E886683,Matched,Intersection,35853.0,5TH AVE NE AND NE 145TH ST, ,,1,Property Damage Only Collision,Rear Ended,4,0,0,3,0,0,2018-12-29 00:00:00+00,12/29/2018 7:25:00 PM,At Intersection (but not related to intersection),14,"MOTOR VEHICLE STRUCK MOTOR VEHICLE, REAR END",,False,Raining,Wet,Dark - Street Lights On,,,,14.0,From same direction - both going straight - one stopped - rear-end,0,0,False,0
-122.345096344245,47.5473705510147,1951,314849,316349,E896562,Matched,Block,,WEST MARGINAL WAY SW BETWEEN SW BRANDON ST AND SW FRONT ST, ,,1,Property Damage Only Collision,Right Turn,2,0,0,2,0,0,2019-02-12 00:00:00+00,2/12/2019 8:20:00 AM,Driveway Junction,11,"MOTOR VEHICLE STRUCK MOTOR VEHICLE, FRONT END AT ANGLE",True,False,Overcast,Snow/Slush,Daylight,,,,16.0,From same direction - one right turn - one straight,0,0,False,0
-122.321481688123,47.6805884682035,1962,314846,316346,E875275,Matched,Block,,NE LAKE CITY WY ON RP BETWEEN I5 SB AND NE 75TH ST ON RP, ,,1,Property Damage Only Collision,Rear Ended,3,0,0,3,0,0,2018-12-16 00:00:00+00,12/16/2018 5:17:00 PM,Mid-Block (not related to intersection),14,"MOTOR VEHICLE STRUCK MOTOR VEHICLE, REAR END",,False,Raining,Wet,Dark - Street Lights On,,,,14.0,From same direction - both going straight - one stopped - rear-end,0,0,False,0
-122.327917610624,47.6081758938006,1969,315064,316544,E894004,Matched,Block,,MADISON ST BETWEEN 8TH AVE AND 9TH AVE, ,,1,Property Damage Only Collision,Rear Ended,2,0,0,2,0,0,2018-11-03 00:00:00+00,11/3/2018 8:36:00 PM,Mid-Block (not related to intersection),14,"MOTOR VEHICLE STRUCK MOTOR VEHICLE, REAR END",,False,Raining,Wet,Dark - Street Lights On,,,,14.0,From same direction - both going straight - one stopped - rear-end,0,0,False,0
-122.301264483997,47.7338238510526,1971,315167,316647,E879244,Matched,Block,,NE 145TH ST BETWEEN 25TH AVE NE AND 26TH AVE NE, ,,1,Property Damage Only Collision,Rear Ended,2,0,0,2,0,0,2019-01-03 00:00:00+00,1/3/2019 2:10:00 PM,Mid-Block (not related to intersection),14,"MOTOR VEHICLE STRUCK MOTOR VEHICLE, REAR END",,False,Raining,Wet,Daylight,,,True,13.0,From same direction - both going straight - both moving - rear-end,0,0,False,0
-122.302499625066,47.6202072950364,195754,265381,266181,E757335,Matched,Intersection,29380.0,23RD AVE E AND E JOHN ST, ,,2,Injury Collision,Angles,4,0,0,3,1,0,2018-01-04 00:00:00+00,1/4/2018 3:45:00 PM,At Intersection (intersection related),11,"MOTOR VEHICLE STRUCK MOTOR VEHICLE, FRONT END AT ANGLE",True,False,Overcast,Wet,Daylight,,,,10.0,Entering at angle,0,0,False,0
-122.325859621228,47.6050900042242,1972,315063,316543,E894001,Matched,Intersection,29961.0,8TH AVE AND JAMES ST, ,,2,Injury Collision,Pedestrian,2,0,1,1,1,0,2018-10-11 00:00:00+00,10/11/2018 9:25:00 AM,At Intersection (intersection related),11,"MOTOR VEHICLE STRUCK MOTOR VEHICLE, FRONT END AT ANGLE",,False,Clear or Partly Cloudy,Dry,Daylight,,,,5.0,Vehicle Strikes Pedalcyclist,0,0,False,0
-122.334846956374,47.5290045409556,1975,315165,316645,E879195,Matched,Block,,1ST AVE S BETWEEN SW KENYON ST AND S CLOVERDALE W ST, ,,1,Property Damage Only Collision,Rear Ended,2,0,0,2,0,0,2019-01-03 00:00:00+00,1/3/2019 7:48:00 AM,Mid-Block (not related to intersection),14,"MOTOR VEHICLE STRUCK MOTOR VEHICLE, REAR END",,False,Raining,Wet,Dawn,,,,14.0,From same direction - both going straight - one stopped - rear-end,0,0,False,0
-122.289055312959,47.5534603018457,1980,315164,316644,E879092,Matched,Intersection,33598.0,M L KING JR ER WAY S AND S BRANDON ST, ,,1,Property Damage Only Collision,Other,4,0,0,4,0,0,2019-01-03 00:00:00+00,1/3/2019 6:37:00 PM,At Intersection (intersection related),25,MOTOR VEHICLE STRUCK TRAIN,,True,Clear or Partly Cloudy,Dry,Dark - Street Lights On,,,,41.0,Vehicle Strikes Railway Vehicle,0,0,False,0
-122.334792923541,47.5491918832386,1984,315162,316642,E879059,Matched,Block,,EAST MARGINAL WAY S BETWEEN S FIDALGO ST AND 1ST AVE S, ,,2,Injury Collision,Sideswipe,2,0,0,2,1,0,2019-01-02 00:00:00+00,1/2/2019 8:50:00 PM,Mid-Block (not related to intersection),14,"MOTOR VEHICLE STRUCK MOTOR VEHICLE, REAR END",,False,Overcast,Dry,Dark - Street Lights On,,,,11.0,From same direction - both going straight - both moving - sideswipe,0,0,False,0
-122.331573393993,47.6000410657089,1989,315161,316641,E878946,Matched,Intersection,30504.0,2ND AVE S AND S MAIN ST, ,,1,Property Damage Only Collision,Parked Car,2,0,0,2,0,0,2019-01-02 00:00:00+00,1/2/2019 8:00:00 PM,At Intersection (but not related to intersection),14,"MOTOR VEHICLE STRUCK MOTOR VEHICLE, REAR END",,False,Raining,Wet,Dark - Street Lights On,,,,32.0,One parked--one moving,0,0,False,0
-122.340521358654,47.647773725794,1996,315070,316550,E895410,Matched,Block,,N NORTHLAKE WAY BETWEEN STONE WAY N AND N NORTHLAKE W PL, ,,1,Property Damage Only Collision,Sideswipe,2,0,0,2,0,0,2018-12-18 00:00:00+00,12/18/2018 2:36:00 PM,Mid-Block (not related to intersection),11,"MOTOR VEHICLE STRUCK MOTOR VEHICLE, FRONT END AT ANGLE",True,False,Raining,Wet,Daylight,,,,71.0,Same direction -- both turning right -- both moving -- sideswipe,0,0,False,0
-122.283907403303,47.7173690159622,4929,271000,271840,E769151,Matched,Intersection,36802.0,SAND POINT WAY NE AND NE 123RD ST, ,,1,Property Damage Only Collision,Angles,3,0,0,2,0,0,2018-02-14 00:00:00+00,2/14/2018 8:10:00 AM,At Intersection (intersection related),11,"MOTOR VEHICLE STRUCK MOTOR VEHICLE, FRONT END AT ANGLE",,False,Raining,Wet,Daylight,,,,10.0,Entering at angle,0,0,False,0
-122.336863819978,47.6020313971701,4930,267500,268280,E762025,Matched,Block,,ALASKAN WAY BETWEEN YESLER WAY AND COLUMBIA ST, ,,2,Injury Collision,Other,6,0,0,1,1,0,2018-01-21 00:00:00+00,1/21/2018 4:11:00 PM,Mid-Block (not related to intersection),26,MOTOR VEHICLE STRUCK OBJECT IN ROAD,,False,Raining,Wet,Daylight,,,True,50.0,Fixed object,0,0,False,0
-122.338677430777,47.5565913688173,4931,267400,268180,E761816,Matched,Block,,EAST MARGINAL WAY S BETWEEN S HUDSON ST AND S DAWSON ST, ,,2,Injury Collision,Rear Ended,7,0,0,4,3,0,2018-01-22 00:00:00+00,1/22/2018 8:43:00 AM,Mid-Block (not related to intersection),14,"MOTOR VEHICLE STRUCK MOTOR VEHICLE, REAR END",True,False,Clear or Partly Cloudy,Wet,Daylight,,,,14.0,From same direction - both going straight - one stopped - rear-end,0,0,False,0
-122.284629529444,47.5570411194116,4932,270600,271420,3764841,Matched,Intersection,33579.0,RAINIER AVE S AND S HUDSON ST, ,,1,Property Damage Only Collision,Angles,2,0,0,2,0,0,2018-02-14 00:00:00+00,2/14/2018 8:18:00 AM,At Intersection (intersection related),11,"MOTOR VEHICLE STRUCK MOTOR VEHICLE, FRONT END AT ANGLE",,False,Overcast,Wet,Daylight,,,,10.0,Entering at angle,0,0,False,0
-122.355164901271,47.5173603810088,4934,270200,271000,3742044,Matched,Intersection,35058.0,DELRIDGE WAY SW AND SW ROXBURY ST, ,,1,Property Damage Only Collision,Rear Ended,2,0,0,2,0,0,2018-02-12 00:00:00+00,2/12/2018 9:34:00 AM,At Intersection (but not related to intersection),14,"MOTOR VEHICLE STRUCK MOTOR VEHICLE, REAR END",,False,Clear or Partly Cloudy,Dry,Daylight,,,,14.0,From same direction - both going straight - one stopped - rear-end,0,0,False,0
-122.315190866575,47.6694348782623,4935,270100,270900,3767420,Matched,Intersection,25747.0,12TH AVE NE AND NE 56TH ST, ,,1,Property Damage Only Collision,Parked Car,2,0,0,2,0,0,2018-02-11 00:00:00+00,2/11/2018 1:45:00 AM,At Intersection (but not related to intersection),14,"MOTOR VEHICLE STRUCK MOTOR VEHICLE, REAR END",,False,Clear or Partly Cloudy,Dry,Dark - Street Lights On,,,,32.0,One parked--one moving,0,0,True,0
-122.269989113648,47.5321053099823,4936,266900,267680,3818477,Matched,Block,,RAINIER AVE S BETWEEN S CHICAGO ST AND S KENYON ST, ,,1,Property Damage Only Collision,Angles,3,0,0,2,0,0,2018-01-21 00:00:00+00,1/21/2018 10:00:00 AM,Mid-Block (not related to intersection),11,"MOTOR VEHICLE STRUCK MOTOR VEHICLE, FRONT END AT ANGLE",True,False,Overcast,Dry,Daylight,,,,10.0,Entering at angle,0,0,False,0
-122.33215526503,47.6094055891372,4940,269200,270000,3583914,Matched,Block,,UNIVERSITY ST BETWEEN 6TH AVE AND DEAD END, ,,1,Property Damage Only Collision,Other,4,0,0,2,0,0,2018-02-06 00:00:00+00,2/6/2018 10:15:00 PM,Mid-Block (not related to intersection),11,"MOTOR VEHICLE STRUCK MOTOR VEHICLE, FRONT END AT ANGLE",,False,Overcast,Dry,Dark - Street Lights On,,,,23.0,From same direction - all others,0,0,False,0
-122.339174897099,47.6941552176477,4941,265400,266200,3754129,Matched,Intersection,37351.0,ASHWORTH AVE N AND N 90TH ST, ,,1,Property Damage Only Collision,Angles,5,0,0,2,0,0,2018-01-13 00:00:00+00,1/13/2018 7:58:00 PM,At Intersection (intersection related),11,"MOTOR VEHICLE STRUCK MOTOR VEHICLE, FRONT END AT ANGLE",,False,Clear or Partly Cloudy,Dry,Dark - Street Lights On,,,,10.0,Entering at angle,0,0,False,0
-122.286688260164,47.5904677878431,4943,265300,266099,3702200,Matched,Block,,LAKESIDE AVE S BETWEEN S IRVING ST AND S DAY ST, ,,2,Injury Collision,Other,1,0,0,1,1,0,2018-01-12 00:00:00+00,1/12/2018 11:00:00 PM,Mid-Block (not related to intersection),28,MOTOR VEHICLE RAN OFF ROAD - HIT FIXED OBJECT,,True,Overcast,Wet,Dark - Street Lights On,,,,50.0,Fixed object,0,0,False,0
-122.322434943022,47.6055364579848,4947,264700,265480,3818398,Matched,Block,,JEFFERSON ST BETWEEN TERRY AVE AND BOREN AVE, ,,1,Property Damage Only Collision,Parked Car,2,0,0,2,0,0,2018-01-02 00:00:00+00,1/2/2018 7:50:00 AM,Mid-Block (not related to intersection),0,NOT ENOUGH INFORMATION / NOT APPLICABLE,,False,Unknown,Unknown,Unknown,,,,32.0,One parked--one moving,0,0,True,0
-122.32387088806,47.5931182802617,4948,273200,274040,E773696,Matched,Block,,AIRPORT NB WAY S BETWEEN AIRPORT WAY S AND 7TH AVE S, ,,1,Property Damage Only Collision,Rear Ended,2,0,0,2,0,0,2018-02-26 00:00:00+00,2/26/2018 9:18:00 AM,Mid-Block (but intersection related),14,"MOTOR VEHICLE STRUCK MOTOR VEHICLE, REAR END",True,False,Clear or Partly Cloudy,Dry,Daylight,,,,14.0,From same direction - both going straight - one stopped - rear-end,0,0,False,0
-122.361316314535,47.7069354932029,4949,268700,269480,E764841,Matched,Block,,NW 107TH ST BETWEEN 3RD AVE NW AND 4TH AVE NW, ,,1,Property Damage Only Collision,Parked Car,2,0,0,2,0,0,2018-01-26 00:00:00+00,1/26/2018 7:57:00 AM,Mid-Block (not related to intersection),15,"MOTOR VEHICLE STRUCK MOTOR VEHICLE, RIGHT SIDE SIDESWIPE",True,False,Raining,Wet,Dark - Street Lights On,,,,32.0,One parked--one moving,0,0,True,0
-122.302574626079,47.5836574878033,4951,268500,269280,3764909,Matched,Block,,S WALKER ST BETWEEN 23RD AVE S AND RAINIER AVE S, ,,1,Property Damage Only Collision,Right Turn,3,0,0,2,0,0,2018-01-30 00:00:00+00,1/30/2018 11:14:00 PM,Mid-Block (not related to intersection),15,"MOTOR VEHICLE STRUCK MOTOR VEHICLE, RIGHT SIDE SIDESWIPE",,False,Clear or Partly Cloudy,Dry,Dark - Street Lights On,,,,16.0,From same direction - one right turn - one straight,0,0,False,0
-122.388677212711,47.5467025758456,4955,272600,273440,3745551,Matched,Intersection,32922.0,44TH AVE SW AND SW GRAHAM ST, ,,1,Property Damage Only Collision,Parked Car,4,0,0,3,0,0,2018-02-23 00:00:00+00,2/23/2018 7:29:00 PM,At Intersection (but not related to intersection),14,"MOTOR VEHICLE STRUCK MOTOR VEHICLE, REAR END",,False,Clear or Partly Cloudy,Dry,Dark - No Street Lights,,,True,32.0,One parked--one moving,0,0,True,0
-122.300626869792,47.6699876126454,4956,268300,269080,E762772,Matched,Intersection,25916.0,25TH AVE NE AND NE 57TH ST, ,,2,Injury Collision,Angles,2,0,0,2,2,0,2018-01-26 00:00:00+00,1/26/2018 1:21:00 PM,At Intersection (intersection related),11,"MOTOR VEHICLE STRUCK MOTOR VEHICLE, FRONT END AT ANGLE",,False,Clear or Partly Cloudy,Dry,Daylight,,,,10.0,Entering at angle,0,0,False,0
-122.294898815702,47.5271392758716,4957,264300,265080,E754568,Matched,Block,,AIRPORT WAY S BETWEEN MILITARY RD S AND CITY LIMITS N, ,,1,Property Damage Only Collision,Other,2,0,0,1,0,0,2018-01-03 00:00:00+00,1/3/2018 2:50:00 AM,Mid-Block (not related to intersection),28,MOTOR VEHICLE RAN OFF ROAD - HIT FIXED OBJECT,,False,Raining,Wet,Dark - Street Lights On,,,True,50.0,Fixed object,0,0,False,0
-122.321272905763,47.6008570109387,4959,272500,273340,3584956,Matched,Block,,S WASHINGTON ST BETWEEN YESLER WAY AND 10TH AVE S, ,,1,Property Damage Only Collision,Parked Car,2,0,0,2,0,0,2018-02-21 00:00:00+00,2/21/2018 9:00:00 PM,Mid-Block (not related to intersection),11,"MOTOR VEHICLE STRUCK MOTOR VEHICLE, FRONT END AT ANGLE",,False,Snowing,Snow/Slush,Dark - Street Lights On,,,,32.0,One parked--one moving,0,0,True,0
-122.330688998166,47.607016837543,4961,272100,272940,E771362,Matched,Intersection,29947.0,6TH AVE AND MADISON ST, ,,1,Property Damage Only Collision,Sideswipe,2,0,0,2,0,0,2018-02-14 00:00:00+00,2/14/2018 12:00:00 PM,At Intersection (intersection related),11,"MOTOR VEHICLE STRUCK MOTOR VEHICLE, FRONT END AT ANGLE",,False,Overcast,Wet,Daylight,,,,71.0,Same direction -- both turning right -- both moving -- sideswipe,0,0,False,0
-122.341899191809,47.6967086671283,4962,272000,272840,E770958,Matched,Block,,STONE AVE N BETWEEN N 93RD ST AND N 94TH ST, ,,1,Property Damage Only Collision,Parked Car,3,0,0,2,0,0,2018-02-13 00:00:00+00,2/13/2018 10:57:00 AM,Mid-Block (not related to intersection),11,"MOTOR VEHICLE STRUCK MOTOR VEHICLE, FRONT END AT ANGLE",,False,Clear or Partly Cloudy,Dry,Daylight,,,,20.0,One car leaving parked position,0,0,False,0
-122.306608763131,47.57603394046,4964,268000,268780,3811929,Matched,Block,,20TH AVE S BETWEEN S STEVENS ST AND S HANFORD ST, ,,2,Injury Collision,Angles,2,0,0,2,1,0,2018-01-28 00:00:00+00,1/28/2018 2:08:00 PM,Mid-Block (not related to intersection),11,"MOTOR VEHICLE STRUCK MOTOR VEHICLE, FRONT END AT ANGLE",True,False,Clear or Partly Cloudy,Dry,Daylight,,,,10.0,Entering at angle,0,0,False,0
-122.315162674486,47.6242597011219,4966,271100,271940,3702383,Matched,Block,,E MERCER ST BETWEEN 13TH AVE E AND 14TH AVE E, ,,1,Property Damage Only Collision,Left Turn,2,0,0,2,0,0,2018-02-02 00:00:00+00,2/2/2018 7:33:00 AM,Driveway Junction,11,"MOTOR VEHICLE STRUCK MOTOR VEHICLE, FRONT END AT ANGLE",,False,Raining,Wet,Dawn,,,,15.0,From same direction - one left turn - one straight,0,0,False,0
-122.288292179751,47.5516025053653,4967,267700,268480,3580771,Matched,Block,,M L KING JR WR WAY S BETWEEN S FINDLAY ST AND S ORCAS ST, ,,1,Property Damage Only Collision,Right Turn,2,0,0,2,0,0,2018-01-23 00:00:00+00,1/23/2018 11:15:00 PM,Mid-Block (not related to intersection),11,"MOTOR VEHICLE STRUCK MOTOR VEHICLE, FRONT END AT ANGLE",,True,Raining,Wet,Dark - Street Lights On,,,,16.0,From same direction - one right turn - one straight,0,0,False,0
-122.328360557212,47.6136973074658,4970,289100,289960,E801024,Matched,Block,,PIKE ST BETWEEN BOREN AVE AND MELROSE AVE, ,,2,Injury Collision,Sideswipe,3,0,0,2,1,0,2018-04-27 00:00:00+00,4/27/2018 9:53:00 PM,Mid-Block (not related to intersection),11,"MOTOR VEHICLE STRUCK MOTOR VEHICLE, FRONT END AT ANGLE",True,False,Clear or Partly Cloudy,Dry,Dark - Street Lights On,,,,11.0,From same direction - both going straight - both moving - sideswipe,0,0,False,0
-122.331245279941,47.6067840745745,4972,279100,280000,E782354,Matched,Block,,MADISON ST BETWEEN 5TH AVE AND 6TH AVE, ,,1,Property Damage Only Collision,Sideswipe,2,0,0,2,0,0,2018-03-22 00:00:00+00,3/22/2018 4:42:00 PM,Mid-Block (not related to intersection),16,"MOTOR VEHICLE STRUCK MOTOR VEHICLE, LEFT SIDE SIDESWIPE",,False,Clear or Partly Cloudy,Dry,Daylight,,,,11.0,From same direction - both going straight - both moving - sideswipe,0,0,False,0
-122.360879742355,47.650417335905,4973,288400,289260,3812069,Matched,Intersection,26694.0,3RD AVE W AND W BERTONA ST, ,,2,Injury Collision,Angles,2,0,0,2,1,0,2018-05-15 00:00:00+00,5/15/2018 7:44:00 PM,At Intersection (intersection related),11,"MOTOR VEHICLE STRUCK MOTOR VEHICLE, FRONT END AT ANGLE",,False,Clear or Partly Cloudy,Dry,Daylight,,,,10.0,Entering at angle,0,0,False,0
-122.345047028476,47.7295834305023,4975,278600,279500,E781642,Matched,Block,,AURORA AVE N BETWEEN N 137TH ST AND N 140TH ST, ,,2,Injury Collision,Rear Ended,3,0,0,2,2,0,2018-03-23 00:00:00+00,3/23/2018 4:55:00 PM,Mid-Block (not related to intersection),14,"MOTOR VEHICLE STRUCK MOTOR VEHICLE, REAR END",,False,Overcast,Wet,Daylight,,,,14.0,From same direction - both going straight - one stopped - rear-end,0,0,False,0
-122.375402989693,47.5210640287778,4976,287900,288760,3742067,Matched,Intersection,34946.0,34TH AVE SW AND SW BARTON ST, ,,2,Injury Collision,Angles,4,0,0,2,3,0,2018-05-18 00:00:00+00,5/18/2018 1:31:00 PM,At Intersection (intersection related),11,"MOTOR VEHICLE STRUCK MOTOR VEHICLE, FRONT END AT ANGLE",,False,Clear or Partly Cloudy,Dry,Daylight,,,,10.0,Entering at angle,0,0,False,0
-122.320082911656,47.6052143047736,4977,287500,288380,3702532,Matched,Block,,E TERRACE ST BETWEEN BROADWAY AND 10TH AVE, ,,1,Property Damage Only Collision,Parked Car,2,0,0,2,0,0,2018-05-16 00:00:00+00,5/16/2018 1:15:00 PM,Mid-Block (not related to intersection),14,"MOTOR VEHICLE STRUCK MOTOR VEHICLE, REAR END",,False,Clear or Partly Cloudy,Dry,Daylight,,,,32.0,One parked--one moving,0,0,True,0
-122.307936698455,47.5469809772069,4979,287200,288080,3814779,Matched,Intersection,33396.0,SWIFT AVE S AND S GRAHAM ST,NEI,"Not Enough Information, or Insufficient Location Information",2,Injury Collision,Rear Ended,4,0,0,2,1,0,2018-05-11 00:00:00+00,5/11/2018 7:00:00 PM,At Intersection (intersection related),0,NOT ENOUGH INFORMATION / NOT APPLICABLE,,False,Clear or Partly Cloudy,Dry,Daylight,,,,14.0,From same direction - both going straight - one stopped - rear-end,0,0,False,0
-122.33937575001,47.6185381916061,4980,278400,279300,E777564,Matched,Intersection,29511.0,9TH AVE AND DENNY WAY, ,,1,Property Damage Only Collision,Other,5,0,0,2,0,0,2018-02-18 00:00:00+00,2/18/2018 6:06:00 PM,At Intersection (intersection related),11,"MOTOR VEHICLE STRUCK MOTOR VEHICLE, FRONT END AT ANGLE",True,False,Snowing,Dry,Dark - Street Lights On,,,,23.0,From same direction - all others,0,0,False,0
-122.314159585028,47.6694383589148,4981,286600,287460,E794433,Matched,Intersection,25748.0,BROOKLYN AVE NE AND NE 56TH ST, ,,2,Injury Collision,Angles,3,0,0,2,1,0,2018-05-01 00:00:00+00,5/1/2018 8:21:00 PM,At Intersection (intersection related),11,"MOTOR VEHICLE STRUCK MOTOR VEHICLE, FRONT END AT ANGLE",,False,Clear or Partly Cloudy,Dry,Dark - Street Lights On,,,,10.0,Entering at angle,0,0,False,0
-122.330722960704,47.6184917572549,4982,278000,278900,E780521,Matched,Intersection,29168.0,DENNY WAY AND STEWART ST, ,,1,Property Damage Only Collision,Sideswipe,2,0,0,2,0,0,2018-03-16 00:00:00+00,3/16/2018 7:54:00 AM,At Intersection (intersection related),11,"MOTOR VEHICLE STRUCK MOTOR VEHICLE, FRONT END AT ANGLE",True,False,Clear or Partly Cloudy,Dry,Daylight,,,,11.0,From same direction - both going straight - both moving - sideswipe,0,0,False,0
-122.350020380558,47.6121869318258,4983,286500,287360,3746723,Matched,Block,,ALASKAN WAY BETWEEN XW BELL ST AND WALL ST, ,,1,Property Damage Only Collision,Rear Ended,3,0,0,3,0,0,2018-05-07 00:00:00+00,5/7/2018 5:47:00 PM,Mid-Block (not related to intersection),14,"MOTOR VEHICLE STRUCK MOTOR VEHICLE, REAR END",,False,Clear or Partly Cloudy,Dry,Daylight,,,,14.0,From same direction - both going straight - one stopped - rear-end,0,0,False,0
-122.314897501825,47.6152774216788,4984,277900,278800,3702350,Matched,Block,,E PINE ST BETWEEN 13TH AVE AND 14TH AVE, ,,2,Injury Collision,Rear Ended,2,0,0,2,1,0,2018-03-20 00:00:00+00,3/20/2018 2:58:00 PM,Mid-Block (not related to intersection),14,"MOTOR VEHICLE STRUCK MOTOR VEHICLE, REAR END",,False,Clear or Partly Cloudy,Dry,Daylight,,,,14.0,From same direction - both going straight - one stopped - rear-end,0,0,False,0
-122.332232069423,47.5992018411183,4985,286400,287260,3812063,Matched,Block,,S JACKSON ST BETWEEN OCCIDENTAL AVE S AND 2ND AVE S, ,,1,Property Damage Only Collision,Right Turn,2,0,0,2,0,0,2018-05-05 00:00:00+00,5/5/2018 10:46:00 PM,Mid-Block (not related to intersection),11,"MOTOR VEHICLE STRUCK MOTOR VEHICLE, FRONT END AT ANGLE",,False,Clear or Partly Cloudy,Dry,Dark - Street Lights On,,,,16.0,From same direction - one right turn - one straight,0,0,False,0
-122.321331179149,47.7122200721937,4987,276900,277760,3575699,Matched,Block,,NE 115TH ST BETWEEN 7TH AVE NE AND 8TH AVE NE, ,,1,Property Damage Only Collision,Other,3,0,0,1,0,0,2018-03-01 00:00:00+00,3/1/2018 10:46:00 PM,Mid-Block (not related to intersection),28,MOTOR VEHICLE RAN OFF ROAD - HIT FIXED OBJECT,,False,Clear or Partly Cloudy,Dry,Dark - Street Lights On,,,True,50.0,Fixed object,0,0,False,0
-122.295481979235,47.6225094546979,4988,285200,286080,E792279,Matched,Block,,E HARRISON ST BETWEEN M L KING JR WAY E AND 29TH AVE E, ,,1,Property Damage Only Collision,Parked Car,2,0,0,2,0,0,2018-04-17 00:00:00+00,4/17/2018 2:30:00 PM,Mid-Block (not related to intersection),16,"MOTOR VEHICLE STRUCK MOTOR VEHICLE, LEFT SIDE SIDESWIPE",,False,Clear or Partly Cloudy,Wet,Daylight,,,,32.0,One parked--one moving,0,0,True,0
-122.346085352414,47.6624965346432,4989,276100,276940,E776233,Matched,Block,,WHITMAN AVE N BETWEEN N 46TH ST AND N 47TH ST, ,,1,Property Damage Only Collision,Sideswipe,3,0,0,3,0,0,2018-02-05 00:00:00+00,2/5/2018 6:04:00 PM,Mid-Block (not related to intersection),11,"MOTOR VEHICLE STRUCK MOTOR VEHICLE, FRONT END AT ANGLE",,False,Raining,Wet,Dark - Street Lights On,,,,11.0,From same direction - both going straight - both moving - sideswipe,0,0,False,0