longitude,latitude,objectid,inckey,coldetkey,reportno,status,addrtype,intkey,location,exceptrsncode,exceptrsndesc,severitycode,severitydesc,collisiontype,personcount,pedcount,pedcylcount,vehcount,injuries,fatalities,incdate,incdttm,junctiontype,sdot_colcode,sdot_coldesc,inattentionind,underinfl,weather,roadcond,lightcond,pedrownotgrnt,sdotcolnum,speeding,st_colcode,st_coldesc,seglanekey,crosswalkkey,hitparkedcar,seriousinjuries
-122.313763872265,47.5698659841687,4990,275500,276340,E774609,Matched,Intersection,32271.0,15TH AVS TURN RD AND S COLUMBIAN WAY, ,,1,Property Damage Only Collision,Head On,2,0,0,2,0,0,2018-02-28 00:00:00+00,2/28/2018 3:51:00 PM,At Intersection (intersection related),11,"MOTOR VEHICLE STRUCK MOTOR VEHICLE, FRONT END AT ANGLE",,False,Raining,Wet,Daylight,,,,30.0,From opposite direction - all others,0,0,False,0
-122.308021934621,47.7338983021752,4992,282700,283560,E777680,Matched,Block,,NE 145TH ST BETWEEN 19TH AVE NE AND 20TH AVE NE, ,,1,Property Damage Only Collision,Rear Ended,3,0,0,3,0,0,2018-02-23 00:00:00+00,2/23/2018 3:51:00 PM,Mid-Block (not related to intersection),14,"MOTOR VEHICLE STRUCK MOTOR VEHICLE, REAR END",,False,Blowing Sand or Dirt or Snow,Snow/Slush,Daylight,,,True,14.0,From same direction - both going straight - one stopped - rear-end,0,0,False,0
-122.33326934724,47.5798102985621,4994,274800,275643,E774538,Matched,Intersection,31371.0,OCCIDENTAL AVE S AND S LANDER ST, ,,1,Property Damage Only Collision,Angles,2,0,0,2,0,0,2018-02-28 00:00:00+00,2/28/2018 4:27:00 PM,At Intersection (intersection related),11,"MOTOR VEHICLE STRUCK MOTOR VEHICLE, FRONT END AT ANGLE",,False,Raining,Wet,Daylight,,,,10.0,Entering at angle,0,0,False,0
-122.359579159437,47.6536501387671,4995,290400,291280,E802104,Matched,Block,,LEARY WAY NW BETWEEN NW 36TH ST AND NW 39TH ST, ,,1,Property Damage Only Collision,Rear Ended,5,0,0,3,0,0,2018-05-21 00:00:00+00,5/21/2018 4:20:00 PM,Mid-Block (not related to intersection),14,"MOTOR VEHICLE STRUCK MOTOR VEHICLE, REAR END",,False,Clear or Partly Cloudy,Dry,Daylight,,,,14.0,From same direction - both going straight - one stopped - rear-end,0,0,False,0
-122.279013423129,47.5261172499511,4997,290300,291180,3418028,Matched,Intersection,487284.0,M L KING JR ER WAY S AND S CLOVERDALE ST, ,,1,Property Damage Only Collision,Other,2,0,0,2,0,0,2018-05-03 00:00:00+00,5/3/2018 6:40:00 PM,At Intersection (intersection related),25,MOTOR VEHICLE STRUCK TRAIN,True,False,Clear or Partly Cloudy,Dry,Daylight,,,,40.0,Railway Vehicle Strikes Vehicle,0,0,False,0
-122.36049027594,47.5723822010385,4998,274600,275460,3744293,Matched,Block,,WEST MARGINAL WAY SW BETWEEN CHELAN N AVE SW AND SW SPOKANE ST, ,,1,Property Damage Only Collision,Right Turn,2,0,0,2,0,0,2018-03-06 00:00:00+00,3/6/2018 6:56:00 AM,Mid-Block (not related to intersection),11,"MOTOR VEHICLE STRUCK MOTOR VEHICLE, FRONT END AT ANGLE",True,False,Clear or Partly Cloudy,Dry,Daylight,,,,16.0,From same direction - one right turn - one straight,0,0,False,0
-122.269986896987,47.5331447963108,4999,282300,283160,E788318,Matched,Block,,RAINIER AVE S BETWEEN S HOLDEN ST AND S CHICAGO ST, ,,1,Property Damage Only Collision,Right Turn,2,0,0,2,0,0,2018-04-11 00:00:00+00,4/11/2018 2:55:00 PM,Mid-Block (not related to intersection),14,"MOTOR VEHICLE STRUCK MOTOR VEHICLE, REAR END",,False,Clear or Partly Cloudy,Wet,Daylight,,,,16.0,From same direction - one right turn - one straight,0,0,False,0
-122.304888516679,47.6152894554093,5000,281800,282660,3702373,Matched,Intersection,30127.0,21ST AVE AND E PINE ST, ,,1,Property Damage Only Collision,Parked Car,2,0,0,2,0,0,2018-04-11 00:00:00+00,4/11/2018 9:31:00 AM,At Intersection (intersection related),11,"MOTOR VEHICLE STRUCK MOTOR VEHICLE, FRONT END AT ANGLE",,False,Raining,Dry,Daylight,,,,32.0,One parked--one moving,0,0,False,0
-122.311474354465,47.6129084259128,5058,299900,301100,3814118,Matched,Intersection,30142.0,16TH AVE AND E UNION ST, ,,2,Injury Collision,Angles,2,0,0,2,1,0,2018-07-30 00:00:00+00,7/30/2018 9:41:00 AM,At Intersection (intersection related),14,"MOTOR VEHICLE STRUCK MOTOR VEHICLE, REAR END",,False,Overcast,Dry,Daylight,,,,10.0,Entering at angle,0,0,False,0
-122.32348350211,47.7340529814808,5001,274500,275340,E765016,Matched,Intersection,35853.0,5TH AVE NE AND NE 145TH ST, ,,1,Property Damage Only Collision,Left Turn,2,0,0,2,0,0,2018-01-28 00:00:00+00,1/28/2018 8:44:00 PM,At Intersection (intersection related),11,"MOTOR VEHICLE STRUCK MOTOR VEHICLE, FRONT END AT ANGLE",,False,Overcast,Dry,Dark - Street Lights On,,,,28.0,From opposite direction - one left turn - one straight,0,0,False,0
-122.301614126068,47.7043704972488,5002,289900,290760,E803151,Matched,Block,,LAKE CITY WAY NE BETWEEN NE 104TH WAY AND 24TH AVE NE, ,,2,Injury Collision,Left Turn,4,0,0,2,3,0,2018-05-30 00:00:00+00,5/30/2018 1:49:00 PM,Mid-Block (not related to intersection),11,"MOTOR VEHICLE STRUCK MOTOR VEHICLE, FRONT END AT ANGLE",,False,Clear or Partly Cloudy,Dry,Daylight,,,,28.0,From opposite direction - one left turn - one straight,0,0,False,0
-122.313927470969,47.5990163131389,5003,281500,282360,E783564,Matched,Block,,RAINIER AVE S BETWEEN BOREN AVE S AND S JACKSON PL, ,,1,Property Damage Only Collision,Rear Ended,3,0,0,2,0,0,2018-03-29 00:00:00+00,3/29/2018 5:32:00 PM,Mid-Block (but intersection related),14,"MOTOR VEHICLE STRUCK MOTOR VEHICLE, REAR END",,False,Clear or Partly Cloudy,Dry,Daylight,,,,14.0,From same direction - both going straight - one stopped - rear-end,0,0,False,0
-122.328319273902,47.599195910998,5005,274000,274837,3811945,Matched,Block,,S JACKSON ST BETWEEN 4TH AVE S AND 5TH AVE S, ,,1,Property Damage Only Collision,Rear Ended,2,0,0,2,0,0,2018-03-01 00:00:00+00,3/1/2018 9:31:00 PM,Mid-Block (not related to intersection),14,"MOTOR VEHICLE STRUCK MOTOR VEHICLE, REAR END",,False,Clear or Partly Cloudy,Dry,Dark - Street Lights On,,,,13.0,From same direction - both going straight - both moving - rear-end,0,0,False,0
-122.29955975214,47.5955572015981,5006,280500,281380,3702417,Matched,Block,,S DEARBORN ST BETWEEN 25TH AVE S AND 26TH W AVE S, ,,1,Property Damage Only Collision,Parked Car,3,0,0,3,0,0,2018-04-05 00:00:00+00,4/5/2018 12:18:00 PM,Mid-Block (not related to intersection),11,"MOTOR VEHICLE STRUCK MOTOR VEHICLE, FRONT END AT ANGLE",,False,Raining,Wet,Daylight,,,,32.0,One parked--one moving,0,0,False,0
-122.350072321655,47.6143070934259,5009,309000,310280,E876715,Matched,Block,,WESTERN AVE BETWEEN WALL ST AND VINE ST, ,,1,Property Damage Only Collision,Rear Ended,3,0,0,2,0,0,2018-12-20 00:00:00+00,12/20/2018 2:21:00 PM,Mid-Block (not related to intersection),14,"MOTOR VEHICLE STRUCK MOTOR VEHICLE, REAR END",,False,Raining,Wet,Daylight,,,,13.0,From same direction - both going straight - both moving - rear-end,0,0,False,0
-122.285452019937,47.5460584118894,5013,294100,295160,3814904,Matched,Intersection,485928.0,M L KING JR ER WAY S AND S GRAHAM ST, ,,1,Property Damage Only Collision,Other,3,0,0,2,0,0,2018-06-27 00:00:00+00,6/27/2018 10:17:00 AM,At Intersection (intersection related),11,"MOTOR VEHICLE STRUCK MOTOR VEHICLE, FRONT END AT ANGLE",,False,Clear or Partly Cloudy,Dry,Daylight,,,,40.0,Railway Vehicle Strikes Vehicle,0,0,False,0
-122.334203343236,47.5749819439493,5020,292600,293577,3818904,Matched,Block,,1ST AVE S BETWEEN S HANFORD ST AND S HORTON ST, ,,2,Injury Collision,Rear Ended,3,0,0,2,1,0,2018-06-14 00:00:00+00,6/14/2018 10:46:00 PM,Mid-Block (not related to intersection),14,"MOTOR VEHICLE STRUCK MOTOR VEHICLE, REAR END",,True,Clear or Partly Cloudy,Dry,Dark - Street Lights On,,,,14.0,From same direction - both going straight - one stopped - rear-end,0,0,False,0
-122.408776733643,47.5758801348535,5022,292400,293340,3745593,Matched,Block,,SW ADMIRAL WAY BETWEEN 59TH AVE SW AND 60TH AVE SW, ,,2,Injury Collision,Rear Ended,2,0,0,2,1,0,2018-06-14 00:00:00+00,6/14/2018 12:57:00 PM,Driveway Junction,14,"MOTOR VEHICLE STRUCK MOTOR VEHICLE, REAR END",True,False,Clear or Partly Cloudy,Dry,Daylight,,,,13.0,From same direction - both going straight - both moving - rear-end,0,0,False,0
-122.330264793185,47.6017161563463,5023,311600,312960,E885748,Matched,Intersection,30487.0,3RD AVE AND YESLER WAY, ,,2,Injury Collision,Pedestrian,2,1,0,1,1,0,2019-01-11 00:00:00+00,1/11/2019 8:24:00 AM,At Intersection (intersection related),24,MOTOR VEHCILE STRUCK PEDESTRIAN,,False,Overcast,Dry,Daylight,,,,1.0,Vehicle turning right hits pedestrian,0,0,False,0
-122.3283383839,47.6094781586122,5024,292300,293240,E808962,Matched,Block,,9TH AVE BETWEEN SPRING ST AND SENECA ST, ,,1,Property Damage Only Collision,Parked Car,2,0,0,2,0,0,2018-06-14 00:00:00+00,6/14/2018 1:00:00 PM,Mid-Block (not related to intersection),14,"MOTOR VEHICLE STRUCK MOTOR VEHICLE, REAR END",,False,Clear or Partly Cloudy,Dry,Daylight,,,,32.0,One parked--one moving,0,0,True,0
-122.351356417321,47.6514848599824,5026,292100,293040,3751050,Matched,Intersection,27026.0,FREMONT PL N AND N 36TH ST, ,,2,Injury Collision,Angles,2,0,0,2,1,0,2018-06-13 00:00:00+00,6/13/2018 1:30:00 PM,At Intersection (intersection related),11,"MOTOR VEHICLE STRUCK MOTOR VEHICLE, FRONT END AT ANGLE",,False,Unknown,Unknown,Daylight,,,,10.0,Entering at angle,0,0,False,0
-122.316754748929,47.6231141787087,5027,297300,298440,3702699,Matched,Intersection,29015.0,12TH AVE E AND E REPUBLICAN ST, ,,1,Property Damage Only Collision,Parked Car,2,0,0,2,0,0,2018-07-16 00:00:00+00,7/16/2018 3:17:00 PM,At Intersection (intersection related),11,"MOTOR VEHICLE STRUCK MOTOR VEHICLE, FRONT END AT ANGLE",,False,Clear or Partly Cloudy,Dry,Daylight,,,,32.0,One parked--one moving,0,0,False,0
-122.315658087591,47.6724253269604,5028,310500,311820,3810101,Matched,Intersection,25725.0,12TH AVE NE AND NE 61ST ST, ,,1,Property Damage Only Collision,Other,1,0,0,1,0,0,2019-01-07 00:00:00+00,1/7/2019 2:00:00 AM,At Intersection (intersection related),28,MOTOR VEHICLE RAN OFF ROAD - HIT FIXED OBJECT,,False,Overcast,Wet,Dark - Street Lights On,,,,50.0,Fixed object,0,0,False,0
-122.334239206161,47.5481396886486,5029,296900,298020,E816705,Matched,Block,,EAST MARGINAL WAY S BETWEEN 1ST AVE S AND 1ST AV S BR SB, ,,1,Property Damage Only Collision,Rear Ended,2,0,0,2,0,0,2018-06-25 00:00:00+00,6/25/2018 11:28:00 AM,Mid-Block (not related to intersection),14,"MOTOR VEHICLE STRUCK MOTOR VEHICLE, REAR END",,False,Raining,Wet,Daylight,,,,13.0,From same direction - both going straight - both moving - rear-end,0,0,False,0
-122.327033615923,47.5958367619353,5030,296800,297920,3755150,Matched,Block,,S DEARBORN ST BETWEEN SEATTLE BLVD S AND 6TH AVE S, ,,1,Property Damage Only Collision,Sideswipe,2,0,0,2,0,0,2018-07-12 00:00:00+00,7/12/2018 2:00:00 PM,Mid-Block (not related to intersection),16,"MOTOR VEHICLE STRUCK MOTOR VEHICLE, LEFT SIDE SIDESWIPE",,False,Clear or Partly Cloudy,Dry,Daylight,,,,11.0,From same direction - both going straight - both moving - sideswipe,0,0,False,0
-122.328913101671,47.6134658203127,5034,296500,297620,E816339,Matched,Intersection,29878.0,BOREN AVE AND PIKE ST, ,,1,Property Damage Only Collision,Angles,3,0,0,2,0,0,2018-07-06 00:00:00+00,7/6/2018 9:48:00 AM,At Intersection (intersection related),11,"MOTOR VEHICLE STRUCK MOTOR VEHICLE, FRONT END AT ANGLE",True,False,Clear or Partly Cloudy,Dry,Daylight,,,True,10.0,Entering at angle,0,0,False,0
-122.277080260053,47.6398993927129,5038,296200,297320,E814864,Matched,Block,,43RD AVE E BETWEEN E LYNN ST AND E MCGILVRA ST, ,,1,Property Damage Only Collision,Parked Car,2,0,0,2,0,0,2018-07-02 00:00:00+00,7/2/2018 3:50:00 PM,Mid-Block (not related to intersection),11,"MOTOR VEHICLE STRUCK MOTOR VEHICLE, FRONT END AT ANGLE",,False,Clear or Partly Cloudy,Dry,Daylight,,,,32.0,One parked--one moving,0,0,True,0
-122.349642279044,47.6185791172524,5043,309200,310480,E880054,Matched,Block,,DENNY WAY BETWEEN BROAD ST AND 4TH AVE, ,,2,Injury Collision,Rear Ended,3,0,0,2,2,0,2019-01-04 00:00:00+00,1/4/2019 12:21:00 PM,Mid-Block (not related to intersection),14,"MOTOR VEHICLE STRUCK MOTOR VEHICLE, REAR END",True,False,Clear or Partly Cloudy,Dry,Daylight,,,,14.0,From same direction - both going straight - one stopped - rear-end,0,0,False,0
-122.277073039788,47.5460182218076,5046,309100,310380,E876922,Matched,Block,,S GRAHAM ST BETWEEN 44TH AVE S AND RAINIER AVE S, ,,2,Injury Collision,Parked Car,2,0,0,2,1,0,2018-12-22 00:00:00+00,12/22/2018 7:41:00 PM,Mid-Block (not related to intersection),14,"MOTOR VEHICLE STRUCK MOTOR VEHICLE, REAR END",,False,Raining,Wet,Dark - Street Lights On,,,True,32.0,One parked--one moving,0,0,True,0
-122.312648030335,47.7185067431708,5055,300100,301300,E825385,Matched,Block,,15TH AVE NE BETWEEN NE 123RD ST AND NE 125TH ST, ,,2,Injury Collision,Other,1,0,0,1,1,0,2018-08-06 00:00:00+00,8/6/2018 11:02:00 AM,Mid-Block (not related to intersection),28,MOTOR VEHICLE RAN OFF ROAD - HIT FIXED OBJECT,,False,Clear or Partly Cloudy,Dry,Daylight,,,,50.0,Fixed object,0,0,False,0
-122.335295375755,47.6149525176591,5060,299600,300800,3811659,Matched,Intersection,29539.0,8TH AVE AND STEWART ST, ,,2,Injury Collision,Pedestrian,2,1,0,1,1,0,2018-07-21 00:00:00+00,7/21/2018 4:35:00 PM,At Intersection (intersection related),24,MOTOR VEHCILE STRUCK PEDESTRIAN,,False,Clear or Partly Cloudy,Dry,Daylight,True,,,2.0,Vehicle turning left hits pedestrian,0,523193,False,0
-122.262777397341,47.5201170126263,5061,299100,300280,3814912,Matched,Intersection,35451.0,RAINIER AVE S AND SEWARD PARK AVE S, ,,1,Property Damage Only Collision,Sideswipe,2,0,0,2,0,0,2018-07-13 00:00:00+00,7/13/2018 9:57:00 AM,At Intersection (but not related to intersection),11,"MOTOR VEHICLE STRUCK MOTOR VEHICLE, FRONT END AT ANGLE",,False,Clear or Partly Cloudy,Dry,Daylight,,,,11.0,From same direction - both going straight - both moving - sideswipe,0,0,False,0
-122.32641669393,47.6048568782419,5064,313000,314440,E888821,Matched,Block,,JAMES ST BETWEEN 7TH AVE AND 8TH AVE, ,,2,Injury Collision,Rear Ended,2,0,0,2,1,0,2018-12-18 00:00:00+00,12/18/2018 2:22:00 PM,Mid-Block (not related to intersection),14,"MOTOR VEHICLE STRUCK MOTOR VEHICLE, REAR END",,False,Raining,Wet,Daylight,,,,14.0,From same direction - both going straight - one stopped - rear-end,0,0,False,0
-122.3231131669,47.5958322403513,5065,299000,300180,3812073,Matched,Block,,S DEARBORN ST BETWEEN 7TH AVE S AND 8TH AVE S, ,,2,Injury Collision,Cycles,2,0,1,1,1,0,2018-07-12 00:00:00+00,7/12/2018 3:42:00 PM,Mid-Block (not related to intersection),18,"MOTOR VEHICLE STRUCK PEDALCYCLIST, FRONT END AT ANGLE",True,False,Clear or Partly Cloudy,Dry,Daylight,True,,,6.0,Pedalcyclist Strikes Moving Vehicle,0,0,False,0
-122.305540721836,47.5855038854112,5068,298600,299760,E818629,Matched,Intersection,31549.0,21ST AVE S AND S PLUM ST, ,,1,Property Damage Only Collision,Angles,2,0,0,2,0,0,2018-06-27 00:00:00+00,6/27/2018 4:04:00 PM,At Intersection (intersection related),11,"MOTOR VEHICLE STRUCK MOTOR VEHICLE, FRONT END AT ANGLE",,False,Clear or Partly Cloudy,Dry,Daylight,,,,10.0,Entering at angle,0,0,False,0
-122.349423494812,47.5556947284388,5070,298300,299440,3742468,Matched,Block,,WEST MARGINAL WAY SW BETWEEN PUGET WAY SW AND SW BRANDON ST, ,,2,Injury Collision,Sideswipe,3,0,0,2,1,0,2018-07-14 00:00:00+00,7/14/2018 12:06:00 AM,Mid-Block (not related to intersection),11,"MOTOR VEHICLE STRUCK MOTOR VEHICLE, FRONT END AT ANGLE",,False,Clear or Partly Cloudy,Dry,Dark - Street Lights On,,,,11.0,From same direction - both going straight - both moving - sideswipe,0,0,False,0
-122.312748594166,47.7339517254325,5072,312700,314140,E869133,Matched,Intersection,35851.0,15TH AVE NE AND NE 145TH ST, ,,1,Property Damage Only Collision,Rear Ended,2,0,0,2,0,0,2018-11-27 00:00:00+00,11/27/2018 7:41:00 AM,At Intersection (but not related to intersection),14,"MOTOR VEHICLE STRUCK MOTOR VEHICLE, REAR END",,False,Raining,Wet,Daylight,,,,13.0,From same direction - both going straight - both moving - rear-end,0,0,False,0
-122.332065856574,47.616557131499,5074,312600,314040,3812489,Matched,Block,,BOREN AVE BETWEEN HOWELL ST AND STEWART ST, ,,1,Property Damage Only Collision,Other,2,0,0,1,0,0,2018-12-22 00:00:00+00,12/22/2018 11:59:00 PM,Mid-Block (not related to intersection),26,MOTOR VEHICLE STRUCK OBJECT IN ROAD,True,False,Raining,Wet,Dark - Street Lights On,,,,50.0,Fixed object,0,0,False,0
-122.282603126614,47.5397877644064,5083,311700,313060,E887286,Matched,Block,,M L KING JR WR WAY S BETWEEN S WILLOW ST AND S MYRTLE ST, ,,1,Property Damage Only Collision,Rear Ended,5,0,0,3,0,0,2019-01-03 00:00:00+00,1/3/2019 7:10:00 PM,Mid-Block (not related to intersection),14,"MOTOR VEHICLE STRUCK MOTOR VEHICLE, REAR END",,False,Overcast,Wet,Dusk,,,,14.0,From same direction - both going straight - one stopped - rear-end,0,0,False,0
-122.346085769003,47.6400936472065,5085,298100,299240,3643061,Matched,Block,,AURORA AVE N BETWEEN MCGRAW ST AND DEXTER WAY N, ,,1,Property Damage Only Collision,Rear Ended,3,0,0,3,0,0,2018-07-18 00:00:00+00,7/18/2018 5:53:00 PM,Mid-Block (not related to intersection),14,"MOTOR VEHICLE STRUCK MOTOR VEHICLE, REAR END",,False,Clear or Partly Cloudy,Dry,Daylight,,,,14.0,From same direction - both going straight - one stopped - rear-end,0,0,False,0
-122.361094532412,47.6759948790456,5089,298900,300080,3751459,Matched,Block,,NW 65TH ST BETWEEN 3RD AVE NW AND 4TH E AVE NW, ,,1,Property Damage Only Collision,Parked Car,2,0,0,2,0,0,2018-07-28 00:00:00+00,7/28/2018 12:43:00 AM,Mid-Block (not related to intersection),11,"MOTOR VEHICLE STRUCK MOTOR VEHICLE, FRONT END AT ANGLE",,False,Clear or Partly Cloudy,Dry,Dark - Street Lights On,,,,32.0,One parked--one moving,0,0,False,0
-122.310949419142,47.5951162837385,5091,301400,302640,E831664,Matched,Block,,RAINIER AVE S BETWEEN S DEARBORN ST AND S CHARLES N ST, ,,1,Property Damage Only Collision,Sideswipe,3,0,0,2,0,0,2018-08-24 00:00:00+00,8/24/2018 12:36:00 PM,Mid-Block (not related to intersection),14,"MOTOR VEHICLE STRUCK MOTOR VEHICLE, REAR END",,False,Clear or Partly Cloudy,Dry,Daylight,,,,12.0,From same direction - both going straight - one stopped - sideswipe,0,0,False,0
-122.334017899863,47.6177136359176,5093,301600,302821,3811577,Matched,Intersection,29525.0,BOREN AVE AND VIRGINIA ST, ,,2,Injury Collision,Pedestrian,3,1,0,1,1,0,2018-08-28 00:00:00+00,8/28/2018 11:32:00 AM,At Intersection (intersection related),24,MOTOR VEHCILE STRUCK PEDESTRIAN,True,False,Clear or Partly Cloudy,Dry,Daylight,True,,,1.0,Vehicle turning right hits pedestrian,0,0,False,0
-122.316780466471,47.6062030452542,5102,300900,302120,3814139,Matched,Intersection,29809.0,12TH AVE AND E JEFFERSON ST, ,,1,Property Damage Only Collision,Pedestrian,2,1,0,1,0,0,2018-08-26 00:00:00+00,8/26/2018 8:21:00 PM,At Intersection (intersection related),24,MOTOR VEHCILE STRUCK PEDESTRIAN,,False,Raining,Wet,Dark - Street Lights On,True,,,2.0,Vehicle turning left hits pedestrian,0,521030,False,0
-122.3172279786,47.5983375933154,5104,300800,302020,3753802,Matched,Intersection,30430.0,12TH AVE S AND S KING ST, ,,2,Injury Collision,Pedestrian,2,1,0,1,1,0,2018-08-24 00:00:00+00,8/24/2018 5:38:00 PM,At Intersection (intersection related),24,MOTOR VEHCILE STRUCK PEDESTRIAN,True,False,Clear or Partly Cloudy,Dry,Daylight,True,,,2.0,Vehicle turning left hits pedestrian,0,0,False,0
-122.360797282731,47.6643362080488,5107,300700,301920,E829342,Matched,Intersection,25351.0,3RD AVE NW AND NW 49TH ST, ,,2,Injury Collision,Angles,3,0,0,2,2,0,2018-08-02 00:00:00+00,8/2/2018 12:41:00 PM,At Intersection (intersection related),11,"MOTOR VEHICLE STRUCK MOTOR VEHICLE, FRONT END AT ANGLE",,False,Raining,Wet,Daylight,,,,10.0,Entering at angle,0,0,False,0
-122.312135469475,47.694887847519,5112,300600,301800,E828613,Matched,Intersection,37533.0,15TH AVE NE AND NE 91ST ST, ,,2,Injury Collision,Angles,3,0,0,2,1,0,2018-08-16 00:00:00+00,8/16/2018 8:15:00 AM,At Intersection (intersection related),11,"MOTOR VEHICLE STRUCK MOTOR VEHICLE, FRONT END AT ANGLE",,False,Overcast,Dry,Daylight,,,,10.0,Entering at angle,0,0,False,0
-122.404842573909,47.6798983780058,5115,300500,301700,3764386,Matched,Block,,SEAVIEW AVE NW BETWEEN NW 67TH ST AND NW 75TH ST, ,,3,Fatality Collision,Left Turn,2,0,0,2,1,1,2018-08-14 00:00:00+00,8/14/2018 9:56:00 AM,Driveway Junction,11,"MOTOR VEHICLE STRUCK MOTOR VEHICLE, FRONT END AT ANGLE",,False,Clear or Partly Cloudy,Dry,Daylight,,,,28.0,From opposite direction - one left turn - one straight,0,0,False,1
-122.344488726189,47.6375877112052,5116,302400,303638,3703917,Matched,Block,,AURORA AVE N BETWEEN HOWE ST AND LYNN ST, ,,2,Injury Collision,Other,1,0,0,1,1,0,2018-09-09 00:00:00+00,9/9/2018 11:42:00 PM,Mid-Block (not related to intersection),28,MOTOR VEHICLE RAN OFF ROAD - HIT FIXED OBJECT,,False,Raining,Wet,Dark - Street Lights On,,,True,50.0,Fixed object,0,0,False,0
-122.332451281314,47.6072663098638,5118,300300,301500,3744621,Matched,Intersection,29933.0,5TH AVE AND SPRING ST,NEI,"Not Enough Information, or Insufficient Location Information",2,Injury Collision,Rear Ended,3,0,0,2,2,0,2018-08-11 00:00:00+00,8/11/2018 12:15:00 AM,At Intersection (intersection related),0,NOT ENOUGH INFORMATION / NOT APPLICABLE,,False,Unknown,Unknown,Dark - Street Lights On,,,,14.0,From same direction - both going straight - one stopped - rear-end,0,0,False,0
-122.339052151338,47.5191743781422,5119,302300,303520,E838564,Matched,Block,,OLSON PL SW BETWEEN 3RD AVE SW AND SW CAMBRIDGE PL, ,,1,Property Damage Only Collision,Other,1,0,0,1,0,0,2018-09-08 00:00:00+00,9/8/2018 3:47:00 AM,Mid-Block (not related to intersection),26,MOTOR VEHICLE STRUCK OBJECT IN ROAD,,False,Raining,Wet,Dark - Street Lights On,,,,50.0,Fixed object,0,0,False,0
-122.323500578165,47.5861011684861,5121,302200,303420,E825856,Matched,Intersection,31242.0,S HOLGATE BR AND S HOLGATE ST, ,,2,Injury Collision,Other,2,0,0,2,2,0,2018-07-10 00:00:00+00,7/10/2018 9:49:00 AM,At Intersection (but not related to intersection),11,"MOTOR VEHICLE STRUCK MOTOR VEHICLE, FRONT END AT ANGLE",True,False,Overcast,Dry,Daylight,,,,23.0,From same direction - all others,0,0,False,0
-122.325959772705,47.6060361037961,5122,302100,303320,E818123,Matched,Block,,CHERRY ST BETWEEN 8TH AVE AND 9TH AVE, ,,1,Property Damage Only Collision,Parked Car,2,0,0,2,0,0,2018-06-11 00:00:00+00,6/11/2018 12:58:00 PM,Mid-Block (not related to intersection),14,"MOTOR VEHICLE STRUCK MOTOR VEHICLE, REAR END",,False,Clear or Partly Cloudy,Dry,Daylight,,,,32.0,One parked--one moving,0,0,False,0
-122.376167511632,47.6424486918837,5123,300200,301400,E825575,Matched,Intersection,587907.0,15TH AVE W AND GILMAN DR W, ,,2,Injury Collision,Angles,3,0,0,2,3,0,2018-08-03 00:00:00+00,8/3/2018 11:40:00 AM,At Intersection (intersection related),11,"MOTOR VEHICLE STRUCK MOTOR VEHICLE, FRONT END AT ANGLE",,False,Clear or Partly Cloudy,Dry,Daylight,,,,10.0,Entering at angle,0,0,False,0
-122.341880347592,47.6176738582891,5126,302000,303220,E835702,Matched,Block,,7TH AVE BETWEEN BELL ST AND DEXTER AVE, ,,2,Injury Collision,Pedestrian,2,0,1,1,1,0,2018-09-04 00:00:00+00,9/4/2018 4:06:00 PM,Mid-Block (not related to intersection),11,"MOTOR VEHICLE STRUCK MOTOR VEHICLE, FRONT END AT ANGLE",,False,Clear or Partly Cloudy,Dry,Daylight,,,,5.0,Vehicle Strikes Pedalcyclist,0,0,False,0
-122.297506838171,47.5961277999549,5131,301900,303120,3814161,Matched,Block,,M L KING JR WAY S BETWEEN S LANE ST AND S DEARBORN ST, ,,2,Injury Collision,Rear Ended,3,0,0,2,1,0,2018-08-19 00:00:00+00,8/19/2018 11:23:00 PM,Mid-Block (not related to intersection),14,"MOTOR VEHICLE STRUCK MOTOR VEHICLE, REAR END",,False,Clear or Partly Cloudy,Dry,Dark - Street Lights On,,,True,14.0,From same direction - both going straight - one stopped - rear-end,0,0,False,0
-122.290567974752,47.6857666269905,5134,301800,303020,E835372,Matched,Block,,35TH AVE NE BETWEEN NE 77TH ST AND NE 80TH ST, ,,1,Property Damage Only Collision,Sideswipe,2,0,0,2,0,0,2018-08-22 00:00:00+00,8/22/2018 4:00:00 PM,Mid-Block (not related to intersection),11,"MOTOR VEHICLE STRUCK MOTOR VEHICLE, FRONT END AT ANGLE",,False,Fog/Smog/Smoke,Dry,Daylight,,,,11.0,From same direction - both going straight - both moving - sideswipe,0,0,False,0
-122.381229017834,47.561406535458,5146,304200,305440,3745474,Matched,Intersection,606534.0,39TH AVE SW AND FAUNTLEROY WAY SW, ,,1,Property Damage Only Collision,Angles,2,0,0,2,0,0,2018-10-05 00:00:00+00,10/5/2018 2:38:00 PM,At Intersection (intersection related),11,"MOTOR VEHICLE STRUCK MOTOR VEHICLE, FRONT END AT ANGLE",,False,Raining,Wet,Daylight,,,,10.0,Entering at angle,0,0,False,0
-122.34234357203,47.6246927125188,5152,303600,304860,E842992,Matched,Block,,DEXTER AVE N BETWEEN MERCER ST AND BROAD ST, ,,2,Injury Collision,Rear Ended,7,0,0,3,1,0,2018-09-25 00:00:00+00,9/25/2018 4:12:00 PM,Mid-Block (not related to intersection),14,"MOTOR VEHICLE STRUCK MOTOR VEHICLE, REAR END",,False,Clear or Partly Cloudy,Dry,Daylight,,,,14.0,From same direction - both going straight - one stopped - rear-end,0,0,False,0