longitude,latitude,objectid,inckey,coldetkey,reportno,status,addrtype,intkey,location,exceptrsncode,exceptrsndesc,severitycode,severitydesc,collisiontype,personcount,pedcount,pedcylcount,vehcount,injuries,fatalities,incdate,incdttm,junctiontype,sdot_colcode,sdot_coldesc,inattentionind,underinfl,weather,roadcond,lightcond,pedrownotgrnt,sdotcolnum,speeding,st_colcode,st_coldesc,seglanekey,crosswalkkey,hitparkedcar,seriousinjuries
-122.316784504191,47.6134951376865,5154,303500,304760,3814186,Matched,Block,,12TH AVE BETWEEN E MADISON ST AND E PIKE ST, ,,2,Injury Collision,Pedestrian,2,0,1,1,1,0,2018-09-18 00:00:00+00,9/18/2018 10:09:00 AM,Mid-Block (not related to intersection),21,"MOTOR VEHICLE STRUCK PEDALCYCLIST, REAR END",,False,Overcast,Dry,Daylight,,,,5.0,Vehicle Strikes Pedalcyclist,0,0,False,0
-122.27975585393,47.5342326275937,5157,303300,304559,3810918,Matched,Block,,RENTON AVE S BETWEEN S WEBSTER W ST AND 43RD AVE S, ,,2,Injury Collision,Rear Ended,4,0,0,4,1,0,2018-09-13 00:00:00+00,9/13/2018 7:27:00 PM,Mid-Block (not related to intersection),14,"MOTOR VEHICLE STRUCK MOTOR VEHICLE, REAR END",,False,Overcast,Dry,Dusk,,,True,13.0,From same direction - both going straight - both moving - rear-end,0,0,False,0
-122.320727861346,47.661319003343,5161,303100,304340,E841902,Matched,Intersection,27070.0,7TH AVE NE AND NE 45TH ST, ,,1,Property Damage Only Collision,Sideswipe,2,0,0,2,0,0,2018-09-21 00:00:00+00,9/21/2018 11:01:00 PM,At Intersection (intersection related),11,"MOTOR VEHICLE STRUCK MOTOR VEHICLE, FRONT END AT ANGLE",,False,Raining,Wet,Dark - Street Lights On,,,,71.0,Same direction -- both turning right -- both moving -- sideswipe,0,0,False,0
-122.315682075427,47.5991995193652,5166,302700,303940,E839676,Matched,Block,,S JACKSON ST BETWEEN 12TH AVE S AND 14TH AVE S, ,,1,Property Damage Only Collision,Other,2,0,0,2,0,0,2018-09-18 00:00:00+00,9/18/2018 1:26:00 PM,Mid-Block (not related to intersection),11,"MOTOR VEHICLE STRUCK MOTOR VEHICLE, FRONT END AT ANGLE",,False,Clear or Partly Cloudy,Dry,Daylight,,,,41.0,Vehicle Strikes Railway Vehicle,0,0,False,0
-122.309637319543,47.5942514212896,5171,302600,303840,3814184,Matched,Block,,S CHARLES ST BETWEEN RAINIER S AVE S AND HIAWATHA PL S, ,,2,Injury Collision,Rear Ended,2,0,0,2,1,0,2018-08-28 00:00:00+00,8/28/2018 7:53:00 AM,Mid-Block (not related to intersection),14,"MOTOR VEHICLE STRUCK MOTOR VEHICLE, REAR END",True,False,Clear or Partly Cloudy,Dry,Daylight,,,,14.0,From same direction - both going straight - one stopped - rear-end,0,0,False,0
-122.331954172188,47.6613779591264,5173,302500,303740,E839135,Matched,Block,,N 45TH ST BETWEEN BAGLEY AVE N AND CORLISS AVE N, ,,1,Property Damage Only Collision,Rear Ended,3,0,0,2,0,0,2018-09-06 00:00:00+00,9/6/2018 8:23:00 AM,Mid-Block (but intersection related),14,"MOTOR VEHICLE STRUCK MOTOR VEHICLE, REAR END",True,False,Clear or Partly Cloudy,Dry,Daylight,,,,13.0,From same direction - both going straight - both moving - rear-end,0,0,False,0
-122.329281201268,47.5674803660023,5176,305600,306880,E849639,Matched,Block,,4TH AVE S BETWEEN S INDUSTRIAL EB WAY AND DIAGONAL AVE S, ,,1,Property Damage Only Collision,Sideswipe,2,0,0,2,0,0,2018-09-28 00:00:00+00,9/28/2018 7:47:00 AM,Mid-Block (not related to intersection),14,"MOTOR VEHICLE STRUCK MOTOR VEHICLE, REAR END",True,False,Clear or Partly Cloudy,Dry,Daylight,,,,11.0,From same direction - both going straight - both moving - sideswipe,0,0,False,0
-122.376783252139,47.6841467349937,5179,305500,306780,3705982,Matched,Block,,15TH AVE NW BETWEEN NW 75TH ST AND NW 77TH ST, ,,1,Property Damage Only Collision,Sideswipe,4,0,0,4,0,0,2018-10-05 00:00:00+00,10/5/2018 9:05:00 PM,Mid-Block (not related to intersection),11,"MOTOR VEHICLE STRUCK MOTOR VEHICLE, FRONT END AT ANGLE",,False,Overcast,Wet,Dark - Street Lights On,,,,11.0,From same direction - both going straight - both moving - sideswipe,0,0,False,0
-122.365087775662,47.6614617404273,5180,305400,306680,E848172,Matched,Block,,NW 45TH ST BETWEEN 6TH AVE NW AND 8TH AVE NW, ,,1,Property Damage Only Collision,Parked Car,2,0,0,2,0,0,2018-10-08 00:00:00+00,10/8/2018 4:19:00 AM,Mid-Block (not related to intersection),11,"MOTOR VEHICLE STRUCK MOTOR VEHICLE, FRONT END AT ANGLE",,False,Raining,Wet,Dark - Street Lights On,,,,32.0,One parked--one moving,0,0,False,0
-122.329386103512,47.6055893239587,5183,305300,306580,3546323,Matched,Intersection,29955.0,6TH AVE AND COLUMBIA ST, ,,2b,Serious Injury Collision,Rear Ended,13,0,0,5,7,0,2018-10-07 00:00:00+00,10/7/2018 5:22:00 PM,At Intersection (but not related to intersection),14,"MOTOR VEHICLE STRUCK MOTOR VEHICLE, REAR END",,True,Raining,Wet,Daylight,,,True,14.0,From same direction - both going straight - one stopped - rear-end,0,0,False,1
-122.343594450205,47.7195719893544,5186,304500,305760,E835462,Matched,Block,,N 125TH ST BETWEEN AURORA AVE N AND STONE AVE N, ,,1,Property Damage Only Collision,Other,2,0,0,2,0,0,2018-08-13 00:00:00+00,8/13/2018 9:13:00 AM,Mid-Block (not related to intersection),14,"MOTOR VEHICLE STRUCK MOTOR VEHICLE, REAR END",,False,Clear or Partly Cloudy,Dry,Daylight,,,,23.0,From same direction - all others,0,0,False,0
-122.342754053609,47.648978931977,5188,304300,305540,E833171,Matched,Block,,STONE WAY N BETWEEN N 34TH ST AND N 35TH ST, ,,1,Property Damage Only Collision,Rear Ended,2,0,0,2,0,0,2018-07-13 00:00:00+00,7/13/2018 9:41:00 AM,Mid-Block (not related to intersection),14,"MOTOR VEHICLE STRUCK MOTOR VEHICLE, REAR END",True,False,Clear or Partly Cloudy,Dry,Daylight,,,,14.0,From same direction - both going straight - one stopped - rear-end,0,0,False,0
-122.329776500599,47.6093718051348,5189,306500,307780,E856097,Matched,Intersection,29916.0,8TH AVE AND SENECA ST, ,,2,Injury Collision,Pedestrian,2,1,0,1,1,0,2018-10-15 00:00:00+00,10/15/2018 2:08:00 PM,At Intersection (intersection related),24,MOTOR VEHCILE STRUCK PEDESTRIAN,,False,Clear or Partly Cloudy,Dry,Daylight,True,,,2.0,Vehicle turning left hits pedestrian,0,521935,False,0
-122.396949574246,47.6446074538877,5190,306400,307680,3811610,Matched,Intersection,27638.0,31ST AVE W AND W ARMOUR ST, ,,1,Property Damage Only Collision,Angles,2,0,0,2,0,0,2018-11-04 00:00:00+00,11/4/2018 3:17:00 PM,At Intersection (intersection related),11,"MOTOR VEHICLE STRUCK MOTOR VEHICLE, FRONT END AT ANGLE",,False,Clear or Partly Cloudy,Dry,Daylight,,,,10.0,Entering at angle,0,0,False,0
-122.35012540884,47.6374084840421,5194,306200,307480,E854788,Matched,Block,,CROCKETT ST BETWEEN NOB HILL AVE N AND 4TH AVE N, ,,1,Property Damage Only Collision,Parked Car,2,0,0,2,0,0,2018-10-22 00:00:00+00,10/22/2018 7:00:00 AM,Mid-Block (not related to intersection),12,"MOTOR VEHICLE STRUCK MOTOR VEHICLE, RIGHT SIDE AT ANGLE",,False,Clear or Partly Cloudy,Dry,Daylight,,,,32.0,One parked--one moving,0,0,True,0
-122.334196048695,47.589271745362,5200,306000,307280,E852560,Matched,Block,,1ST AVE S BETWEEN S ATLANTIC ST AND S MASSACHUSETTS ST, ,,2,Injury Collision,Other,2,0,0,2,2,0,2018-10-15 00:00:00+00,10/15/2018 6:04:00 PM,Mid-Block (not related to intersection),11,"MOTOR VEHICLE STRUCK MOTOR VEHICLE, FRONT END AT ANGLE",,False,Clear or Partly Cloudy,Dry,Dusk,,,,23.0,From same direction - all others,0,0,False,0
-122.390035967243,47.5419054344304,5202,305900,307180,3731755,Matched,Block,,FAUNTLEROY WAY SW BETWEEN SW WILLOW ST AND SW MILLS ST, ,,1,Property Damage Only Collision,Parked Car,2,0,0,2,0,0,2018-10-20 00:00:00+00,10/20/2018 5:00:00 AM,Mid-Block (not related to intersection),14,"MOTOR VEHICLE STRUCK MOTOR VEHICLE, REAR END",,False,Clear or Partly Cloudy,Dry,Dark - Street Lights On,,,,32.0,One parked--one moving,0,0,True,0
-122.396294922856,47.5593748970442,5203,307900,309180,3746085,Matched,Intersection,32850.0,50TH AVE SW AND SW EDMUNDS ST, ,,1,Property Damage Only Collision,Angles,4,0,0,3,0,0,2018-12-10 00:00:00+00,12/10/2018 7:00:00 PM,At Intersection (intersection related),11,"MOTOR VEHICLE STRUCK MOTOR VEHICLE, FRONT END AT ANGLE",,False,Raining,Wet,Dark - Street Lights On,,,,10.0,Entering at angle,0,0,False,0
-122.278140886433,47.5478049597567,5205,305800,307080,E850978,Matched,Block,,44TH AVE S BETWEEN S RAYMOND ST AND S SPENCER ST,NEI,"Not Enough Information, or Insufficient Location Information",1,Property Damage Only Collision,Parked Car,2,0,0,2,0,0,2018-10-13 00:00:00+00,10/13/2018 8:00:00 AM,Mid-Block (not related to intersection),13,"MOTOR VEHICLE STRUCK MOTOR VEHICLE, LEFT SIDE AT ANGLE",,False,Unknown,Unknown,Unknown,,,,32.0,One parked--one moving,0,0,True,0
-122.303287716144,47.5997996881222,5206,307700,308980,E866199,Matched,Block,,22ND AVE S BETWEEN S MAIN ST AND S JACKSON ST, ,,1,Property Damage Only Collision,Parked Car,2,0,0,2,0,0,2018-11-27 00:00:00+00,11/27/2018 6:21:00 PM,Mid-Block (not related to intersection),14,"MOTOR VEHICLE STRUCK MOTOR VEHICLE, REAR END",,False,Raining,Wet,Dark - Street Lights On,,,,32.0,One parked--one moving,0,0,True,0
-122.332132652775,47.5341477682515,5208,307500,308780,3745806,Matched,Intersection,34281.0,WEST MARGINAL WAY S AND S HOLDEN ST, ,,2,Injury Collision,Angles,3,0,0,2,2,0,2018-11-08 00:00:00+00,11/8/2018 4:04:00 PM,At Intersection (intersection related),11,"MOTOR VEHICLE STRUCK MOTOR VEHICLE, FRONT END AT ANGLE",True,False,Overcast,Dry,Dark - Street Lights On,,,,10.0,Entering at angle,0,0,False,0
-122.311993309524,47.6612619533606,5212,307300,308580,E862641,Matched,Intersection,27061.0,15TH AVE NE AND NE 45TH ST, ,,1,Property Damage Only Collision,Sideswipe,2,0,0,2,0,0,2018-11-09 00:00:00+00,11/9/2018 7:42:00 AM,At Intersection (intersection related),11,"MOTOR VEHICLE STRUCK MOTOR VEHICLE, FRONT END AT ANGLE",,False,Clear or Partly Cloudy,Dry,Daylight,,,,27.0,From opposite direction - both going straight - one stopped - sideswipe,0,0,False,0
-122.376320377979,47.6636639275893,5215,307200,308480,E863188,Matched,Intersection,25187.0,15TH SB AVE NW AND NW LEARY WAY, ,,1,Property Damage Only Collision,Other,1,0,0,1,0,0,2018-11-20 00:00:00+00,11/20/2018 1:56:00 PM,At Intersection (intersection related),28,MOTOR VEHICLE RAN OFF ROAD - HIT FIXED OBJECT,True,False,Clear or Partly Cloudy,Dry,Daylight,,,,50.0,Fixed object,0,0,False,0
-122.315657831647,47.6749795163903,5217,307100,308380,E861128,Matched,Intersection,25697.0,12TH AVE NE AND NE 64TH ST, ,,2,Injury Collision,Pedestrian,2,1,0,1,1,0,2018-11-09 00:00:00+00,11/9/2018 5:32:00 PM,At Intersection (intersection related),24,MOTOR VEHCILE STRUCK PEDESTRIAN,,False,Clear or Partly Cloudy,Dry,Dark - Street Lights On,True,,,0.0,Vehicle going straight hits pedestrian,0,0,False,0
-122.356689555119,47.6271923859677,5218,307000,308280,E862332,Matched,Intersection,28605.0,ALOHA ST AND QUEEN ANNE AVE N, ,,1,Property Damage Only Collision,Angles,2,0,0,2,0,0,2018-11-08 00:00:00+00,11/8/2018 4:26:00 PM,At Intersection (intersection related),11,"MOTOR VEHICLE STRUCK MOTOR VEHICLE, FRONT END AT ANGLE",,False,Clear or Partly Cloudy,Dry,Dusk,,,,10.0,Entering at angle,0,0,False,0
-122.314301324177,47.5477086644892,5222,306900,308180,3811187,Matched,Block,,AIRPORT WAY S BETWEEN 13TH AVE S AND S HARDY ST, ,,2,Injury Collision,Head On,2,0,0,2,1,0,2018-11-15 00:00:00+00,11/15/2018 5:38:00 PM,Mid-Block (not related to intersection),11,"MOTOR VEHICLE STRUCK MOTOR VEHICLE, FRONT END AT ANGLE",,True,Clear or Partly Cloudy,Dry,Dark - Street Lights On,,,,24.0,From opposite direction - both moving - head-on,0,0,False,0
-122.304140125789,47.5588375129341,5227,306800,308080,E856600,Matched,Block,,BEACON ER AVE S BETWEEN S COLUMBIAN WAY AND S FERDINAND N ST, ,,1,Property Damage Only Collision,Angles,2,0,0,2,0,0,2018-10-17 00:00:00+00,10/17/2018 12:45:00 PM,Driveway Junction,11,"MOTOR VEHICLE STRUCK MOTOR VEHICLE, FRONT END AT ANGLE",,False,Clear or Partly Cloudy,Dry,Daylight,,,,10.0,Entering at angle,0,0,False,0
-122.315619018101,47.6199462972203,5232,306700,307980,E847228,Matched,Intersection,29056.0,13TH AVE E AND E JOHN ST, ,,2,Injury Collision,Angles,2,0,0,2,1,0,2018-09-10 00:00:00+00,9/10/2018 8:53:00 AM,At Intersection (intersection related),11,"MOTOR VEHICLE STRUCK MOTOR VEHICLE, FRONT END AT ANGLE",True,False,Overcast,Dry,Daylight,,,,10.0,Entering at angle,0,0,False,0
-122.376108664472,47.6484682854199,5236,306600,307880,E844764,Matched,Intersection,26774.0,15TH AV W NB OFF RP AND W DRAVUS ST, ,,1,Property Damage Only Collision,Sideswipe,2,0,0,2,0,0,2018-09-28 00:00:00+00,9/28/2018 2:45:00 PM,At Intersection (intersection related),14,"MOTOR VEHICLE STRUCK MOTOR VEHICLE, REAR END",,False,Clear or Partly Cloudy,Dry,Daylight,,,,11.0,From same direction - both going straight - both moving - sideswipe,0,0,False,0
-122.305699938104,47.6016727028494,5247,308700,309980,3814294,Matched,Block,,E YESLER WAY BETWEEN 20TH AVE AND 21ST AVE, ,,1,Property Damage Only Collision,Parked Car,3,0,0,3,0,0,2018-12-22 00:00:00+00,12/22/2018 11:30:00 PM,Mid-Block (not related to intersection),11,"MOTOR VEHICLE STRUCK MOTOR VEHICLE, FRONT END AT ANGLE",,False,Overcast,Dry,Dark - Street Lights On,,,,32.0,One parked--one moving,0,0,True,0
-122.305270414786,47.6442911669754,5248,308600,309880,E872656,Matched,Block,,MONTLAKE BV ON RP BETWEEN SR520 WB AND MONTLAKE BLVD E, ,,1,Property Damage Only Collision,Rear Ended,4,0,0,2,0,0,2018-12-10 00:00:00+00,12/10/2018 11:55:00 AM,Mid-Block (but intersection related),14,"MOTOR VEHICLE STRUCK MOTOR VEHICLE, REAR END",True,False,Clear or Partly Cloudy,Wet,Daylight,,,,14.0,From same direction - both going straight - one stopped - rear-end,0,0,False,0
-122.312859364202,47.5992174931687,5252,308500,309780,E871527,Matched,Block,,S JACKSON ST BETWEEN 14TH AVE S AND 16TH AVE S, ,,1,Property Damage Only Collision,Sideswipe,3,0,0,2,0,0,2018-12-06 00:00:00+00,12/6/2018 9:50:00 AM,Mid-Block (but intersection related),11,"MOTOR VEHICLE STRUCK MOTOR VEHICLE, FRONT END AT ANGLE",True,False,Clear or Partly Cloudy,Dry,Daylight,,,,11.0,From same direction - both going straight - both moving - sideswipe,0,0,False,0
-122.333268210432,47.5967847971719,5253,308400,309680,3795954,Matched,Block,,OCCIDENTAL AVE S BETWEEN S KING W ST AND RAILROAD WAY S, ,,2,Injury Collision,Pedestrian,2,1,0,1,1,0,2018-12-16 00:00:00+00,12/16/2018 12:11:00 AM,Mid-Block (not related to intersection),24,MOTOR VEHCILE STRUCK PEDESTRIAN,,False,Raining,Wet,Dark - Street Lights On,,,,0.0,Vehicle going straight hits pedestrian,0,0,False,0
-122.315946621933,47.6536170713589,5256,308200,309480,E869928,Matched,Block,,NE PACIFIC ST BETWEEN NE BOAT ST AND BROOKLYN AVE NE, ,,1,Property Damage Only Collision,Rear Ended,8,0,0,4,0,0,2018-12-05 00:00:00+00,12/5/2018 6:25:00 PM,Mid-Block (not related to intersection),14,"MOTOR VEHICLE STRUCK MOTOR VEHICLE, REAR END",,False,Clear or Partly Cloudy,Dry,Dark - Street Lights On,,,,14.0,From same direction - both going straight - one stopped - rear-end,0,0,False,0
-122.316779970747,47.6092265946899,5258,308100,309380,3814399,Matched,Intersection,29791.0,12TH AVE AND E COLUMBIA ST, ,,2,Injury Collision,Pedestrian,2,1,0,1,1,0,2018-12-10 00:00:00+00,12/10/2018 12:46:00 PM,At Intersection (intersection related),24,MOTOR VEHCILE STRUCK PEDESTRIAN,True,False,Clear or Partly Cloudy,Dry,Daylight,True,,,0.0,Vehicle going straight hits pedestrian,0,0,False,0
-122.314015010207,47.5347648065047,174527,216823,217103,E515118,Matched,Block,,EAST MARGINAL WAY S BETWEEN 14TH AVE S AND 16TH AVE S, ,,2,Injury Collision,Other,2,0,0,2,1,0,2018-02-06 00:00:00+00,2/6/2018 2:17:00 AM,Mid-Block (not related to intersection),26,MOTOR VEHICLE STRUCK OBJECT IN ROAD,,False,Clear or Partly Cloudy,Dry,Dark - Street Lights On,,,True,50.0,Fixed object,0,0,False,0
-122.334056429007,47.7122911452418,195141,267842,268622,E762742,Matched,Intersection,36566.0,MERIDIAN AVE N AND N 115TH ST, ,,1,Property Damage Only Collision,Other,1,0,0,1,0,0,2018-01-17 00:00:00+00,1/17/2018 12:35:00 PM,At Intersection (intersection related),26,MOTOR VEHICLE STRUCK OBJECT IN ROAD,,False,Overcast,Dry,Daylight,,,,50.0,Fixed object,0,0,False,0
-122.360695015622,47.6759964540637,195177,267892,268672,E762754,Matched,Intersection,25243.0,3RD AVE NW AND NW 65TH ST, ,,2,Injury Collision,Pedestrian,3,1,0,1,1,0,2018-01-23 00:00:00+00,1/23/2018 6:41:00 PM,At Intersection (intersection related),24,MOTOR VEHCILE STRUCK PEDESTRIAN,True,False,Raining,Wet,Dark - Street Lights On,True,,,0.0,Vehicle going straight hits pedestrian,0,0,False,0
-122.30292429666,47.5863260927128,195178,268008,268788,3818681,Matched,Intersection,31545.0,23RD AVE S AND S HOLGATE ST, ,,1,Property Damage Only Collision,Angles,3,0,0,2,0,0,2018-01-23 00:00:00+00,1/23/2018 4:16:00 PM,At Intersection (intersection related),11,"MOTOR VEHICLE STRUCK MOTOR VEHICLE, FRONT END AT ANGLE",True,False,Raining,Wet,Dusk,,,,10.0,Entering at angle,0,0,False,0
-122.318140950053,47.614094432423,195027,264219,264999,3702199,Matched,Intersection,29747.0,11TH AVE AND E PIKE ST, ,,2,Injury Collision,Pedestrian,3,2,0,1,2,0,2018-01-07 00:00:00+00,1/7/2018 7:33:00 PM,At Intersection (intersection related),24,MOTOR VEHCILE STRUCK PEDESTRIAN,True,False,Raining,Wet,Dark - Street Lights On,,,,0.0,Vehicle going straight hits pedestrian,0,523844,False,0
-122.346766852512,47.5301274707439,195030,264218,264998,3693189,Matched,Intersection,34991.0,9TH AVE SW AND SW ELMGROVE ST, ,,1,Property Damage Only Collision,Angles,2,0,0,2,0,0,2018-01-06 00:00:00+00,1/6/2018 1:08:00 PM,At Intersection (intersection related),11,"MOTOR VEHICLE STRUCK MOTOR VEHICLE, FRONT END AT ANGLE",,False,Overcast,Wet,Daylight,,,,10.0,Entering at angle,0,0,False,0
-122.349606084318,47.6140312181106,195032,264217,264997,3641098,Matched,Intersection,29698.0,WALL ST AND WESTERN AVE, ,,2,Injury Collision,Pedestrian,2,1,0,1,1,0,2018-01-06 00:00:00+00,1/6/2018 10:01:00 AM,At Intersection (intersection related),24,MOTOR VEHCILE STRUCK PEDESTRIAN,True,False,Raining,Wet,Daylight,,,,1.0,Vehicle turning right hits pedestrian,0,523767,False,0
-122.376796177333,47.6877998784285,195033,264197,264977,E755470,Matched,Block,,15TH AVE NW BETWEEN NW 80TH ST AND NW 83RD ST, ,,1,Property Damage Only Collision,Rear Ended,2,0,0,2,0,0,2018-01-05 00:00:00+00,1/5/2018 4:10:00 PM,Mid-Block (not related to intersection),14,"MOTOR VEHICLE STRUCK MOTOR VEHICLE, REAR END",,False,Raining,Wet,Daylight,,,,14.0,From same direction - both going straight - one stopped - rear-end,0,0,False,0
-122.329378238634,47.5646336311357,195043,264682,265462,3818501,Matched,Intersection,163833.0,4TH AVE S AND COSTCO DR, ,,1,Property Damage Only Collision,Angles,3,0,0,2,0,0,2018-01-07 00:00:00+00,1/7/2018 3:31:00 PM,At Intersection (intersection related),11,"MOTOR VEHICLE STRUCK MOTOR VEHICLE, FRONT END AT ANGLE",,False,Raining,Wet,Daylight,,,True,10.0,Entering at angle,0,0,False,0
-122.300758228115,47.6830474274607,195044,264163,264943,E755469,Matched,Intersection,24661.0,25TH AVE NE AND NE 75TH ST, ,,1,Property Damage Only Collision,Angles,3,0,0,2,0,0,2018-01-04 00:00:00+00,1/4/2018 5:00:00 PM,At Intersection (intersection related),11,"MOTOR VEHICLE STRUCK MOTOR VEHICLE, FRONT END AT ANGLE",True,False,Overcast,Dry,Dark - Street Lights On,,,,10.0,Entering at angle,0,0,False,0
-122.350825665033,47.6130884662316,195045,264699,265479,3764512,Matched,Block,,WALL ST BETWEEN ALASKAN WAY AND ELLIOTT AVE, ,,1,Property Damage Only Collision,Other,1,0,0,1,0,0,2018-01-06 00:00:00+00,1/6/2018 8:07:00 PM,Mid-Block (not related to intersection),26,MOTOR VEHICLE STRUCK OBJECT IN ROAD,True,False,Clear or Partly Cloudy,Dry,Dark - Street Lights On,,,,50.0,Fixed object,0,0,False,0
-122.341563201876,47.6163130467117,195049,263818,264598,3764511,Matched,Block,,6TH AVE BETWEEN BLANCHARD ST AND BELL ST, ,,2,Injury Collision,Rear Ended,2,0,0,2,1,0,2018-01-03 00:00:00+00,1/3/2018 6:50:00 PM,Mid-Block (but intersection related),14,"MOTOR VEHICLE STRUCK MOTOR VEHICLE, REAR END",,False,Overcast,Dry,Dark - Street Lights On,,,,14.0,From same direction - both going straight - one stopped - rear-end,0,0,False,0
-122.318923418068,47.5475723543882,195055,264681,265461,3756397,Matched,Intersection,33133.0,FLORA AVE S AND S BAILEY ST, ,,2,Injury Collision,Angles,2,0,0,2,1,0,2018-01-09 00:00:00+00,1/9/2018 9:51:00 AM,At Intersection (intersection related),11,"MOTOR VEHICLE STRUCK MOTOR VEHICLE, FRONT END AT ANGLE",,False,Raining,Wet,Daylight,,,,10.0,Entering at angle,0,0,False,0
-122.329582065417,47.6074797621138,195155,268062,268842,3702352,Matched,Intersection,29935.0,7TH AVE AND MADISON ST, ,,1,Property Damage Only Collision,Angles,3,0,0,2,0,0,2018-01-27 00:00:00+00,1/27/2018 1:00:00 PM,At Intersection (intersection related),14,"MOTOR VEHICLE STRUCK MOTOR VEHICLE, REAR END",,False,Overcast,Dry,Daylight,,,,10.0,Entering at angle,0,0,False,0
-122.360424541023,47.5336918627234,195062,264680,265460,3742205,Matched,Intersection,33984.0,DELRIDGE WAY SW AND SW HOLDEN ST, ,,1,Property Damage Only Collision,Pedestrian,2,1,0,1,0,0,2018-01-08 00:00:00+00,1/8/2018 5:00:00 PM,At Intersection (intersection related),24,MOTOR VEHCILE STRUCK PEDESTRIAN,,False,Clear or Partly Cloudy,Dry,Dawn,,,,1.0,Vehicle turning right hits pedestrian,0,522689,False,0
-122.355487495544,47.7096203173244,195063,263784,264564,3754055,Matched,Block,,GREENWOOD AVE N BETWEEN N 110TH ST AND N 112TH ST, ,,2,Injury Collision,Other,1,0,0,1,1,0,2018-01-04 00:00:00+00,1/4/2018 2:36:00 AM,Mid-Block (not related to intersection),28,MOTOR VEHICLE RAN OFF ROAD - HIT FIXED OBJECT,,False,Overcast,Dry,Dark - Street Lights On,,,,50.0,Fixed object,0,0,False,0
-122.324526133628,47.7231276970013,195064,263783,264563,3754053,Matched,Block,,NE 130TH ST BETWEEN 130TH ST ON RP AND ROOSEVELT N WAY NE, ,,1,Property Damage Only Collision,Other,1,0,0,1,0,0,2018-01-03 00:00:00+00,1/3/2018 8:15:00 PM,Mid-Block (not related to intersection),28,MOTOR VEHICLE RAN OFF ROAD - HIT FIXED OBJECT,,True,Clear or Partly Cloudy,Dry,Dark - Street Lights On,,,,50.0,Fixed object,0,0,False,0
-122.375167789435,47.5419461100692,195067,267259,268039,3742113,Matched,Block,,34TH AVE SW BETWEEN SW HOLLY ST AND SW WILLOW ST, ,,1,Property Damage Only Collision,Parked Car,2,0,0,2,0,0,2018-01-23 00:00:00+00,1/23/2018 7:50:00 AM,Mid-Block (not related to intersection),14,"MOTOR VEHICLE STRUCK MOTOR VEHICLE, REAR END",True,False,Raining,Wet,Dark - Street Lights On,,,,32.0,One parked--one moving,0,0,False,0
-122.306362132811,47.5974801737825,195068,267820,268600,E762716,Matched,Intersection,30764.0,20TH AVE S AND S WELLER ST, ,,1,Property Damage Only Collision,Other,2,0,0,2,0,0,2018-01-24 00:00:00+00,1/24/2018 8:07:00 AM,At Intersection (but not related to intersection),11,"MOTOR VEHICLE STRUCK MOTOR VEHICLE, FRONT END AT ANGLE",,False,Raining,Wet,Daylight,,,,23.0,From same direction - all others,0,0,False,0
-122.33620564035,47.7068541024338,195069,265832,266632,E759013,Matched,Intersection,36357.0,N 107TH ST AND N NORTHGATE WAY, ,,1,Property Damage Only Collision,Angles,2,0,0,2,0,0,2018-01-14 00:00:00+00,1/14/2018 11:37:00 AM,At Intersection (intersection related),14,"MOTOR VEHICLE STRUCK MOTOR VEHICLE, REAR END",,False,Clear or Partly Cloudy,Dry,Daylight,,,,10.0,Entering at angle,0,0,False,0
-122.336201498988,47.6257861508253,195070,267219,267999,E761058,Matched,Intersection,577500.0,LAKE UNION PARK ACCESS RD AND VALLEY ST, ,,2,Injury Collision,Pedestrian,2,0,1,1,1,0,2018-01-18 00:00:00+00,1/18/2018 3:48:00 PM,At Intersection (intersection related),18,"MOTOR VEHICLE STRUCK PEDALCYCLIST, FRONT END AT ANGLE",,False,Raining,Wet,Daylight,,,,5.0,Vehicle Strikes Pedalcyclist,25339,0,False,0
-122.366191048395,47.660481977576,195071,265831,266631,E759012,Matched,Intersection,26607.0,8TH AVE NW AND LEARY WAY NW, ,,2,Injury Collision,Pedestrian,2,1,0,1,1,0,2018-01-15 00:00:00+00,1/15/2018 10:18:00 AM,At Intersection (intersection related),24,MOTOR VEHCILE STRUCK PEDESTRIAN,,False,Clear or Partly Cloudy,Dry,Daylight,,,,1.0,Vehicle turning right hits pedestrian,0,0,False,0
-122.313459704219,47.55519377107,195072,266678,267458,3563140,Matched,Block,,15TH AVE S BETWEEN S DAWSON ST AND S BENNETT ST, ,,2,Injury Collision,,2,0,1,1,1,0,2018-01-14 00:00:00+00,1/14/2018 11:28:00 PM,Mid-Block (not related to intersection),14,"MOTOR VEHICLE STRUCK MOTOR VEHICLE, REAR END",True,False,Clear or Partly Cloudy,Dry,Dark - Street Lights On,,,,,,0,0,False,0
-122.30884245761,47.6161352298682,195073,266683,267463,3702351,Matched,Intersection,30124.0,18TH AVE AND E MADISON ST, ,,1,Property Damage Only Collision,Left Turn,2,0,0,2,0,0,2018-01-21 00:00:00+00,1/21/2018 6:51:00 PM,At Intersection (intersection related),11,"MOTOR VEHICLE STRUCK MOTOR VEHICLE, FRONT END AT ANGLE",,False,Overcast,Dry,Dark - Street Lights On,,,,15.0,From same direction - one left turn - one straight,0,0,False,0
-122.376792916181,47.6868781307594,195075,265828,266628,E759010,Matched,Intersection,23882.0,15TH AVE NW AND NW 80TH ST, ,,2,Injury Collision,Angles,4,0,0,3,1,0,2018-01-15 00:00:00+00,1/15/2018 2:15:00 PM,At Intersection (intersection related),14,"MOTOR VEHICLE STRUCK MOTOR VEHICLE, REAR END",,False,Clear or Partly Cloudy,Dry,Daylight,,,,10.0,Entering at angle,0,0,False,0