longitude,latitude,objectid,inckey,coldetkey,reportno,status,addrtype,intkey,location,exceptrsncode,exceptrsndesc,severitycode,severitydesc,collisiontype,personcount,pedcount,pedcylcount,vehcount,injuries,fatalities,incdate,incdttm,junctiontype,sdot_colcode,sdot_coldesc,inattentionind,underinfl,weather,roadcond,lightcond,pedrownotgrnt,sdotcolnum,speeding,st_colcode,st_coldesc,seglanekey,crosswalkkey,hitparkedcar,seriousinjuries
-122.307409157873,47.6167327589873,195076,267257,268037,3702332,Matched,Intersection,30125.0,19TH AVE AND E MADISON ST, ,,1,Property Damage Only Collision,Rear Ended,3,0,0,2,0,0,2018-01-23 00:00:00+00,1/23/2018 7:23:00 PM,At Intersection (but not related to intersection),14,"MOTOR VEHICLE STRUCK MOTOR VEHICLE, REAR END",,False,Raining,Wet,Dark - Street Lights On,,,,14.0,From same direction - both going straight - one stopped - rear-end,0,0,False,0
-122.335067542643,47.6246172836273,195078,267217,267997,E761055,Matched,Block,,MERCER SR ST BETWEEN BOREN AVE N AND FAIRVIEW N AVE N, ,,2,Injury Collision,Rear Ended,2,0,0,2,1,0,2018-01-16 00:00:00+00,1/16/2018 2:01:00 PM,Mid-Block (not related to intersection),14,"MOTOR VEHICLE STRUCK MOTOR VEHICLE, REAR END",True,False,Clear or Partly Cloudy,Dry,Daylight,,,,14.0,From same direction - both going straight - one stopped - rear-end,0,0,False,0
-122.312173928283,47.6930691280787,195080,265327,266127,3738986,Matched,Intersection,37544.0,15TH AVE NE AND NE 89TH ST, ,,1,Property Damage Only Collision,Angles,2,0,0,2,0,0,2018-01-12 00:00:00+00,1/12/2018 8:19:00 AM,At Intersection (intersection related),14,"MOTOR VEHICLE STRUCK MOTOR VEHICLE, REAR END",,False,Overcast,Wet,Daylight,,,,10.0,Entering at angle,0,0,False,0
-122.291281472343,47.6179971377612,195081,266681,267461,3702327,Matched,Block,,32ND AVE BETWEEN E HOWELL ST AND E DENNY S WAY, ,,1,Property Damage Only Collision,Parked Car,3,0,0,3,0,0,2018-01-18 00:00:00+00,1/18/2018 5:58:00 AM,Mid-Block (not related to intersection),14,"MOTOR VEHICLE STRUCK MOTOR VEHICLE, REAR END",,False,Raining,Wet,Dark - Street Lights On,,,,32.0,One parked--one moving,0,0,False,0
-122.303604804819,47.5854975643053,195082,265326,266126,3735147,Matched,Intersection,31547.0,RAINIER AVE S AND S PLUM ST, ,,1,Property Damage Only Collision,Sideswipe,2,0,0,2,0,0,2018-01-15 00:00:00+00,1/15/2018 8:33:00 AM,At Intersection (intersection related),11,"MOTOR VEHICLE STRUCK MOTOR VEHICLE, FRONT END AT ANGLE",,False,Clear or Partly Cloudy,Dry,Daylight,,,,11.0,From same direction - both going straight - both moving - sideswipe,0,0,False,0
-122.385985340322,47.6521508910439,195083,265877,266677,E759039,Matched,Intersection,26461.0,23RD AVE W AND W RUFFNER ST, ,,1,Property Damage Only Collision,Angles,2,0,0,2,0,0,2018-01-06 00:00:00+00,1/6/2018 12:41:00 PM,At Intersection (intersection related),11,"MOTOR VEHICLE STRUCK MOTOR VEHICLE, FRONT END AT ANGLE",True,False,Raining,Wet,Daylight,,,,10.0,Entering at angle,0,0,False,0
-122.328634265585,47.7086287203541,195084,267819,268599,E762715,Matched,Intersection,36586.0,1ST AVE NE AND NE NORTHGATE WAY, ,,1,Property Damage Only Collision,Rear Ended,2,0,0,2,0,0,2018-01-23 00:00:00+00,1/23/2018 9:15:00 AM,At Intersection (but not related to intersection),11,"MOTOR VEHICLE STRUCK MOTOR VEHICLE, FRONT END AT ANGLE",,False,Raining,Wet,Daylight,,,,13.0,From same direction - both going straight - both moving - rear-end,0,0,False,0
-122.344560648336,47.6938220345019,195087,265324,266124,3707650,Matched,Block,,AURORA AVE N BETWEEN N 89TH ST AND N 90TH ST, ,,1,Property Damage Only Collision,Sideswipe,3,0,0,2,0,0,2018-01-12 00:00:00+00,1/12/2018 9:57:00 PM,Mid-Block (not related to intersection),11,"MOTOR VEHICLE STRUCK MOTOR VEHICLE, FRONT END AT ANGLE",True,False,Raining,Wet,Dark - Street Lights On,,,,11.0,From same direction - both going straight - both moving - sideswipe,0,0,False,0
-122.35396450535,47.6643058891042,195088,266679,267459,3590216,Matched,Intersection,25662.0,PHINNEY AVE N AND N 49TH ST, ,,1,Property Damage Only Collision,Other,1,0,0,1,0,0,2018-01-22 00:00:00+00,1/22/2018 5:30:00 AM,At Intersection (but not related to intersection),28,MOTOR VEHICLE RAN OFF ROAD - HIT FIXED OBJECT,,False,Overcast,Unknown,Dark - Street Lights On,,,,50.0,Fixed object,0,0,False,0
-122.344484414405,47.6827723725016,195089,265323,266123,3705805,Matched,Intersection,24312.0,AURORA AVE N AND WINONA AVE N, ,,1,Property Damage Only Collision,Sideswipe,2,0,0,2,0,0,2018-01-11 00:00:00+00,1/11/2018 11:11:00 PM,At Intersection (but not related to intersection),11,"MOTOR VEHICLE STRUCK MOTOR VEHICLE, FRONT END AT ANGLE",,False,Clear or Partly Cloudy,Dry,Dark - Street Lights On,,,,11.0,From same direction - both going straight - both moving - sideswipe,0,0,False,0
-122.3172279786,47.5983375933154,195090,266684,267464,3702376,Matched,Intersection,30430.0,12TH AVE S AND S KING ST, ,,1,Property Damage Only Collision,Angles,2,0,0,2,0,0,2018-01-21 00:00:00+00,1/21/2018 1:30:00 PM,At Intersection (intersection related),11,"MOTOR VEHICLE STRUCK MOTOR VEHICLE, FRONT END AT ANGLE",,False,Overcast,Dry,Daylight,,,,10.0,Entering at angle,0,0,False,0
-122.320872892097,47.6199077468642,195091,265322,266122,3702307,Matched,Intersection,29052.0,BROADWAY E AND E OLIVE WAY, ,,2b,Serious Injury Collision,Left Turn,2,0,0,2,1,0,2018-01-15 00:00:00+00,1/15/2018 3:43:00 PM,At Intersection (intersection related),11,"MOTOR VEHICLE STRUCK MOTOR VEHICLE, FRONT END AT ANGLE",,False,Clear or Partly Cloudy,Dry,Daylight,,,,28.0,From opposite direction - one left turn - one straight,0,0,False,1
-122.32788067264,47.6166417097266,195092,267258,268038,3702333,Matched,Intersection,29847.0,MELROSE AVE AND OLIVE WAY, ,,1,Property Damage Only Collision,Angles,3,0,0,2,0,0,2018-01-24 00:00:00+00,1/24/2018 5:10:00 AM,At Intersection (intersection related),11,"MOTOR VEHICLE STRUCK MOTOR VEHICLE, FRONT END AT ANGLE",,False,Clear or Partly Cloudy,Dry,Dark - Street Lights On,,,,10.0,Entering at angle,0,0,False,0
-122.316780466471,47.6062030452542,195094,265857,266657,E759016,Matched,Intersection,29809.0,12TH AVE AND E JEFFERSON ST, ,,2,Injury Collision,Angles,2,0,0,2,2,0,2018-01-06 00:00:00+00,1/6/2018 2:48:00 AM,At Intersection (intersection related),11,"MOTOR VEHICLE STRUCK MOTOR VEHICLE, FRONT END AT ANGLE",,False,Raining,Wet,Dark - Street Lights On,,,,10.0,Entering at angle,0,0,False,0
-122.300986504356,47.7094360386755,195095,267218,267998,E761057,Matched,Block,,LAKE CITY WAY NE BETWEEN NE 110TH ST AND NE NORTHGATE WAY, ,,1,Property Damage Only Collision,Parked Car,3,0,0,2,0,0,2018-01-11 00:00:00+00,1/11/2018 9:47:00 AM,Mid-Block (not related to intersection),11,"MOTOR VEHICLE STRUCK MOTOR VEHICLE, FRONT END AT ANGLE",,False,Raining,Wet,Daylight,,,,20.0,One car leaving parked position,0,0,False,0
-122.298861869507,47.6085052254318,195096,265320,266120,3702224,Matched,Block,,26TH AVE BETWEEN E CHERRY ST AND E COLUMBIA ST, ,,1,Property Damage Only Collision,Parked Car,2,0,0,2,0,0,2018-01-15 00:00:00+00,1/15/2018 12:52:00 PM,Mid-Block (not related to intersection),14,"MOTOR VEHICLE STRUCK MOTOR VEHICLE, REAR END",True,False,Clear or Partly Cloudy,Dry,Daylight,,,,32.0,One parked--one moving,0,0,False,0
-122.296212283357,47.6122778664426,195097,266682,267462,3702328,Matched,Block,,M L KING JR WAY BETWEEN E SPRING ST AND E UNION ST, ,,1,Property Damage Only Collision,Other,3,0,0,2,0,0,2018-01-22 00:00:00+00,1/22/2018 7:22:00 PM,Mid-Block (not related to intersection),11,"MOTOR VEHICLE STRUCK MOTOR VEHICLE, FRONT END AT ANGLE",,False,Clear or Partly Cloudy,Dry,Dark - Street Lights On,,,,23.0,From same direction - all others,0,0,False,0
-122.3174895077,47.6831111823573,195100,264737,265517,E756947,Matched,Intersection,24431.0,ROOSEVELT WAY NE AND NE 75TH ST, ,,1,Property Damage Only Collision,Pedestrian,2,1,0,1,0,0,2018-01-09 00:00:00+00,1/9/2018 12:16:00 PM,At Intersection (intersection related),24,MOTOR VEHCILE STRUCK PEDESTRIAN,,False,Overcast,Wet,Daylight,,,,1.0,Vehicle turning right hits pedestrian,0,524269,False,0
-122.392858296906,47.6686548495974,195101,265837,266637,E759014,Matched,Intersection,25226.0,28TH AVE NW AND NW MARKET ST, ,,1,Property Damage Only Collision,Pedestrian,2,0,1,1,0,0,2018-01-15 00:00:00+00,1/15/2018 5:27:00 PM,At Intersection (intersection related),18,"MOTOR VEHICLE STRUCK PEDALCYCLIST, FRONT END AT ANGLE",True,False,Clear or Partly Cloudy,Dry,Dark - Street Lights On,,,,5.0,Vehicle Strikes Pedalcyclist,0,0,False,0
-122.326819706583,47.6170767599219,195102,266685,267465,3702377,Matched,Intersection,29846.0,BELLEVUE AVE AND E OLIVE WAY, ,,1,Property Damage Only Collision,Sideswipe,2,0,0,2,0,0,2018-01-21 00:00:00+00,1/21/2018 7:24:00 PM,At Intersection (intersection related),11,"MOTOR VEHICLE STRUCK MOTOR VEHICLE, FRONT END AT ANGLE",,False,Overcast,Wet,Dark - Street Lights On,,,,12.0,From same direction - both going straight - one stopped - sideswipe,0,0,False,0
-122.310660514005,47.6153775896049,195103,267237,268017,E761121,Matched,Block,,E MADISON ST BETWEEN E PINE ST AND 17TH AVE, ,,2,Injury Collision,Sideswipe,2,0,0,2,1,0,2018-01-19 00:00:00+00,1/19/2018 3:22:00 PM,Mid-Block (not related to intersection),11,"MOTOR VEHICLE STRUCK MOTOR VEHICLE, FRONT END AT ANGLE",True,False,Overcast,Wet,Daylight,,,,11.0,From same direction - both going straight - both moving - sideswipe,0,0,False,0
-122.374856603824,47.6636630550685,195104,264717,265497,E756946,Matched,Block,,NW LEARY WAY BETWEEN 14TH AVE NW AND 15TH NB AVE NW, ,,1,Property Damage Only Collision,Angles,2,0,0,2,0,0,2018-01-09 00:00:00+00,1/9/2018 12:30:00 PM,Driveway Junction,11,"MOTOR VEHICLE STRUCK MOTOR VEHICLE, FRONT END AT ANGLE",,False,Raining,Wet,Daylight,,,,10.0,Entering at angle,0,0,False,0
-122.306318994157,47.6080168108188,195105,266680,267460,3702310,Matched,Intersection,30176.0,20TH AVE AND E CHERRY ST, ,,2,Injury Collision,Angles,5,0,0,2,5,0,2018-01-21 00:00:00+00,1/21/2018 2:58:00 AM,At Intersection (intersection related),11,"MOTOR VEHICLE STRUCK MOTOR VEHICLE, FRONT END AT ANGLE",True,False,Raining,Wet,Dark - Street Lights Off,,,,10.0,Entering at angle,0,0,False,0
-122.302329437492,47.6549938837481,195106,267841,268621,E762741,Matched,Block,,MONTLAKE BLVD NE BETWEEN NE PACIFIC PL AND 25TH AVE NE, ,,1,Property Damage Only Collision,Head On,2,0,0,2,0,0,2018-01-20 00:00:00+00,1/20/2018 3:55:00 PM,Mid-Block (not related to intersection),11,"MOTOR VEHICLE STRUCK MOTOR VEHICLE, FRONT END AT ANGLE",,False,Overcast,Wet,Daylight,,,,30.0,From opposite direction - all others,0,0,False,0
-122.31781934615,47.7062840583722,195109,267840,268620,E762739,Matched,Block,,ROOSEVELT WAY NE BETWEEN NE 105TH ST AND NE 108TH ST, ,,1,Property Damage Only Collision,Rear Ended,2,0,0,2,0,0,2018-01-19 00:00:00+00,1/19/2018 5:06:00 PM,Mid-Block (not related to intersection),14,"MOTOR VEHICLE STRUCK MOTOR VEHICLE, REAR END",,False,Raining,Wet,Dark - Street Lights On,,,,13.0,From same direction - both going straight - both moving - rear-end,0,0,False,0
-122.322107277727,47.645053446073,195113,268920,269720,E764583,Matched,Block,,HARVARD AVE E BETWEEN E EDGAR ST AND HAMLIN ST ON RP, ,,1,Property Damage Only Collision,Angles,2,0,0,2,0,0,2018-01-30 00:00:00+00,1/30/2018 12:00:00 PM,Mid-Block (not related to intersection),11,"MOTOR VEHICLE STRUCK MOTOR VEHICLE, FRONT END AT ANGLE",,False,Clear or Partly Cloudy,Dry,Daylight,,,,10.0,Entering at angle,0,0,False,0
-122.322946296581,47.6864170913526,195114,268919,269719,E763490,Matched,Block,,5TH AVE NE BETWEEN NE 79TH ST AND NE 80TH ST, ,,1,Property Damage Only Collision,Rear Ended,2,0,0,2,0,0,2018-01-26 00:00:00+00,1/26/2018 9:11:00 AM,Mid-Block (but intersection related),14,"MOTOR VEHICLE STRUCK MOTOR VEHICLE, REAR END",,False,Overcast,Wet,Daylight,,,,14.0,From same direction - both going straight - one stopped - rear-end,0,0,False,0
-122.354353218969,47.6760225701571,195118,268918,269718,E765728,Matched,Intersection,24363.0,PHINNEY AVE N AND N 65TH ST, ,,1,Property Damage Only Collision,Pedestrian,2,1,0,1,0,0,2018-01-16 00:00:00+00,1/16/2018 7:00:00 PM,At Intersection (intersection related),24,MOTOR VEHCILE STRUCK PEDESTRIAN,,False,Clear or Partly Cloudy,Dry,Dark - Street Lights On,,,,1.0,Vehicle turning right hits pedestrian,0,523215,False,0
-122.317772363848,47.7040119619953,195119,268917,269717,E765727,Matched,Intersection,37471.0,ROOSEVELT WAY NE AND NE 104TH ST, ,,2,Injury Collision,Angles,4,0,0,2,2,0,2018-02-03 00:00:00+00,2/3/2018 9:31:00 PM,At Intersection (intersection related),11,"MOTOR VEHICLE STRUCK MOTOR VEHICLE, FRONT END AT ANGLE",,True,Raining,Wet,Dark - Street Lights On,,,,10.0,Entering at angle,0,0,False,0
-122.376211119246,47.6723596658664,195121,268916,269716,E765725,Matched,Intersection,25394.0,15TH AVE NW AND NW 60TH ST, ,,2,Injury Collision,Left Turn,2,0,0,2,1,0,2018-02-02 00:00:00+00,2/2/2018 4:59:00 PM,At Intersection (intersection related),11,"MOTOR VEHICLE STRUCK MOTOR VEHICLE, FRONT END AT ANGLE",,False,Overcast,Wet,Dark - Street Lights On,,,,28.0,From opposite direction - one left turn - one straight,0,0,False,0
-122.384742519867,47.6709121993295,195122,267857,268637,E762765,Matched,Intersection,25133.0,22ND AVE NW AND NW 58TH ST, ,,1,Property Damage Only Collision,Angles,2,0,0,2,0,0,2018-01-22 00:00:00+00,1/22/2018 7:50:00 PM,At Intersection (intersection related),11,"MOTOR VEHICLE STRUCK MOTOR VEHICLE, FRONT END AT ANGLE",True,False,Clear or Partly Cloudy,Dry,Dark - Street Lights On,,,,10.0,Entering at angle,0,0,False,0
-122.343464962835,47.6191348226278,195124,267879,268659,3753796,Matched,Block,,7TH NB AVE N BETWEEN DENNY WAY AND JOHN ST, ,,1,Property Damage Only Collision,Other,3,0,0,1,0,0,2018-01-27 00:00:00+00,1/27/2018 10:07:00 PM,Mid-Block (not related to intersection),26,MOTOR VEHICLE STRUCK OBJECT IN ROAD,,True,Raining,Wet,Dark - Street Lights On,,,,50.0,Fixed object,0,0,False,0
-122.349905351886,47.6541402629032,195125,268914,269714,E765723,Matched,Intersection,27009.0,FREMONT AVE N AND FREMONT WAY N, ,,1,Property Damage Only Collision,Pedestrian,2,1,0,1,0,0,2018-02-03 00:00:00+00,2/3/2018 9:52:00 PM,At Intersection (intersection related),24,MOTOR VEHCILE STRUCK PEDESTRIAN,,False,Raining,Wet,Dark - Street Lights On,,,,1.0,Vehicle turning right hits pedestrian,0,0,False,0
-122.265218890044,47.6867740636646,195129,267839,268619,E762738,Matched,Block,,SAND POINT WAY NE BETWEEN NOAA DR AND BURKE GILMAN SAND POINT TRL, ,,1,Property Damage Only Collision,Parked Car,3,0,0,2,0,0,2018-01-16 00:00:00+00,1/16/2018 11:54:00 AM,Mid-Block (not related to intersection),14,"MOTOR VEHICLE STRUCK MOTOR VEHICLE, REAR END",,False,Clear or Partly Cloudy,Dry,Daylight,,,,20.0,One car leaving parked position,0,0,False,0
-122.378884280035,47.6686710316404,195131,267837,268617,E762737,Matched,Intersection,25150.0,17TH AVE NW AND NW MARKET ST, ,,2,Injury Collision,Pedestrian,2,1,0,1,1,0,2018-01-18 00:00:00+00,1/18/2018 12:54:00 PM,At Intersection (intersection related),24,MOTOR VEHCILE STRUCK PEDESTRIAN,True,False,Overcast,Wet,Daylight,,,,2.0,Vehicle turning left hits pedestrian,0,0,False,0
-122.316875965996,47.6571604882801,195133,267825,268605,E762736,Matched,Block,,EASTLAKE AVE NE BETWEEN NE 41ST ST AND 11TH AVE NE, ,,1,Property Damage Only Collision,Parked Car,2,0,0,2,0,0,2018-01-21 00:00:00+00,1/21/2018 3:00:00 PM,Mid-Block (not related to intersection),14,"MOTOR VEHICLE STRUCK MOTOR VEHICLE, REAR END",True,False,Overcast,Dry,Daylight,,,,32.0,One parked--one moving,0,0,False,0
-122.312193261086,47.6885081563285,195134,267843,268623,E762743,Matched,Intersection,24386.0,15TH AVE NE AND NE 82ND ST, ,,2b,Serious Injury Collision,Left Turn,3,0,0,2,2,0,2018-01-15 00:00:00+00,1/15/2018 4:38:00 PM,At Intersection (intersection related),11,"MOTOR VEHICLE STRUCK MOTOR VEHICLE, FRONT END AT ANGLE",,False,Clear or Partly Cloudy,Dry,Dusk,,,,15.0,From same direction - one left turn - one straight,0,0,False,1
-122.311937418736,47.6648928109888,195136,267824,268604,E762735,Matched,Intersection,26052.0,15TH AVE NE AND NE 50TH ST, ,,2,Injury Collision,Left Turn,3,0,0,2,2,0,2018-01-20 00:00:00+00,1/20/2018 2:38:00 PM,At Intersection (intersection related),11,"MOTOR VEHICLE STRUCK MOTOR VEHICLE, FRONT END AT ANGLE",,False,Raining,Wet,Daylight,,,,28.0,From opposite direction - one left turn - one straight,0,0,False,0
-122.269611133893,47.5168487275478,195138,267823,268603,E762717,Matched,Intersection,35484.0,RENTON AVE S AND S ROXBURY ST, ,,1,Property Damage Only Collision,Angles,4,0,0,2,0,0,2018-01-25 00:00:00+00,1/25/2018 12:20:00 PM,At Intersection (intersection related),11,"MOTOR VEHICLE STRUCK MOTOR VEHICLE, FRONT END AT ANGLE",True,False,Raining,Wet,Daylight,,,,10.0,Entering at angle,0,0,False,0
-122.293906878797,47.7192711749465,195140,267822,268602,E762749,Matched,Intersection,36600.0,32ND AVE NE AND NE 125TH ST, ,,2,Injury Collision,Pedestrian,2,1,0,1,1,0,2018-01-18 00:00:00+00,1/18/2018 5:30:00 PM,At Intersection (intersection related),24,MOTOR VEHCILE STRUCK PEDESTRIAN,,False,Raining,Wet,Dark - Street Lights On,,,,4.0,Vehicle hits Pedestrian - All Other Actions,0,0,False,0
-122.290921053084,47.5461271474116,195143,269037,269837,E763667,Matched,Block,,S GRAHAM ST BETWEEN 32ND AVE S AND 33RD AVE S, ,,1,Property Damage Only Collision,Other,2,0,0,2,0,0,2018-01-24 00:00:00+00,1/24/2018 3:04:00 PM,Mid-Block (but intersection related),11,"MOTOR VEHICLE STRUCK MOTOR VEHICLE, FRONT END AT ANGLE",,False,Raining,Wet,Daylight,,,,23.0,From same direction - all others,0,0,False,0
-122.315667598527,47.6794521632417,195144,267821,268601,E762763,Matched,Intersection,24473.0,12TH AVE NE AND NE 70TH ST, ,,2,Injury Collision,Sideswipe,4,0,0,4,1,0,2018-01-23 00:00:00+00,1/23/2018 2:43:00 PM,At Intersection (intersection related),11,"MOTOR VEHICLE STRUCK MOTOR VEHICLE, FRONT END AT ANGLE",,True,Raining,Wet,Daylight,,,,11.0,From same direction - both going straight - both moving - sideswipe,0,0,False,0
-122.334216048422,47.5519032571463,195147,268007,268787,3818680,Matched,Intersection,33040.0,1ST AVE S AND S ORCAS ST, ,,2,Injury Collision,Angles,2,0,0,2,1,0,2018-01-26 00:00:00+00,1/26/2018 4:42:00 PM,At Intersection (but not related to intersection),14,"MOTOR VEHICLE STRUCK MOTOR VEHICLE, REAR END",,False,Overcast,Dry,Dusk,,,,10.0,Entering at angle,0,0,False,0
-122.340880561211,47.5717513530875,195148,268099,268879,3742380,Matched,Block,,ALASKAN WY VI SB WSB WB OFF RP BETWEEN ALASKAN WY VI SB AND WEST SEATTLE BR WB, ,,1,Property Damage Only Collision,Other,2,0,0,1,0,0,2018-01-28 00:00:00+00,1/28/2018 1:28:00 PM,Mid-Block (not related to intersection),26,MOTOR VEHICLE STRUCK OBJECT IN ROAD,,False,Overcast,Wet,Daylight,,,True,50.0,Fixed object,0,0,False,0
-122.279141455407,47.5261179521092,195149,268006,268786,3818679,Matched,Block,,S CLOVERDALE ST BETWEEN M L KING JR WR WAY S AND M L KING JR ER WAY S, ,,1,Property Damage Only Collision,Left Turn,2,0,0,2,0,0,2018-01-26 00:00:00+00,1/26/2018 3:59:00 PM,Mid-Block (not related to intersection),14,"MOTOR VEHICLE STRUCK MOTOR VEHICLE, REAR END",,False,Raining,Wet,Daylight,,,,28.0,From opposite direction - one left turn - one straight,0,0,False,0
-122.368610982047,47.6636548409554,195150,268064,268844,3730522,Matched,Intersection,25453.0,9TH AVE NW AND NW 48TH ST, ,,1,Property Damage Only Collision,Angles,2,0,0,2,0,0,2018-01-25 00:00:00+00,1/25/2018 7:53:00 PM,At Intersection (intersection related),14,"MOTOR VEHICLE STRUCK MOTOR VEHICLE, REAR END",,False,Overcast,Wet,Dark - Street Lights On,,,,10.0,Entering at angle,0,0,False,0
-122.29018534133,47.6675965532127,195151,268082,268862,3708062,Matched,Block,,35TH AVE NE BETWEEN NE 52ND ST AND NE 55TH ST, ,,1,Property Damage Only Collision,Parked Car,3,0,0,3,0,0,2018-01-06 00:00:00+00,1/6/2018 3:03:00 PM,Mid-Block (not related to intersection),14,"MOTOR VEHICLE STRUCK MOTOR VEHICLE, REAR END",,False,Clear or Partly Cloudy,Wet,Dusk,,,,32.0,One parked--one moving,0,0,False,0
-122.290328251436,47.5697692798726,195152,268005,268785,3818678,Matched,Block,,S CHARLESTOWN ST BETWEEN RAINIER AVE S AND 34TH AVE S, ,,1,Property Damage Only Collision,Parked Car,2,0,0,2,0,0,2018-01-25 00:00:00+00,1/25/2018 7:34:00 PM,Mid-Block (not related to intersection),15,"MOTOR VEHICLE STRUCK MOTOR VEHICLE, RIGHT SIDE SIDESWIPE",,False,Clear or Partly Cloudy,Wet,Dark - Street Lights On,,,,32.0,One parked--one moving,0,0,True,0
-122.387596914225,47.6877416825927,195153,268003,268783,E762760,Matched,Block,,24TH AVE NW BETWEEN NW 80TH ST AND NW 83RD S ST, ,,1,Property Damage Only Collision,Head On,2,0,0,2,0,0,2018-01-22 00:00:00+00,1/22/2018 11:50:00 AM,Mid-Block (not related to intersection),11,"MOTOR VEHICLE STRUCK MOTOR VEHICLE, FRONT END AT ANGLE",,False,Overcast,Wet,Daylight,,,,30.0,From opposite direction - all others,0,0,False,0
-122.357846369697,47.5182804271269,195154,268103,268883,3745428,Matched,Block,,18TH AVE SW BETWEEN SW CAMBRIDGE ST AND SW ROXBURY ST, ,,1,Property Damage Only Collision,Parked Car,2,0,0,2,0,0,2018-01-28 00:00:00+00,1/28/2018 2:04:00 PM,Mid-Block (not related to intersection),14,"MOTOR VEHICLE STRUCK MOTOR VEHICLE, REAR END",,False,Clear or Partly Cloudy,Dry,Daylight,,,,20.0,One car leaving parked position,0,0,False,0
-122.362536422452,47.5374131447343,195156,268097,268877,3742231,Matched,Intersection,33969.0,SYLVAN WAY SW AND SW ORCHARD ST, ,,1,Property Damage Only Collision,Angles,2,0,0,2,0,0,2018-01-27 00:00:00+00,1/27/2018 3:24:00 PM,At Intersection (intersection related),11,"MOTOR VEHICLE STRUCK MOTOR VEHICLE, FRONT END AT ANGLE",,False,Clear or Partly Cloudy,Dry,Daylight,,,,10.0,Entering at angle,0,0,False,0
-122.359172204957,47.5201136581567,195157,268001,268781,3811930,Matched,Block,,20TH AVE SW BETWEEN SW BARTON ST AND SW CAMBRIDGE ST, ,,2,Injury Collision,Head On,4,0,0,2,1,0,2018-01-28 00:00:00+00,1/28/2018 3:08:00 PM,Mid-Block (not related to intersection),16,"MOTOR VEHICLE STRUCK MOTOR VEHICLE, LEFT SIDE SIDESWIPE",,True,Overcast,Wet,Daylight,,,,30.0,From opposite direction - all others,0,0,False,0
-122.267165832382,47.5406894445023,195159,268080,268860,3549666,Matched,Intersection,34627.0,52ND AVE S AND S WILLOW ST, ,,2,Injury Collision,Angles,2,0,0,2,1,0,2018-01-28 00:00:00+00,1/28/2018 5:41:00 PM,At Intersection (intersection related),11,"MOTOR VEHICLE STRUCK MOTOR VEHICLE, FRONT END AT ANGLE",,False,Clear or Partly Cloudy,Dry,Dark - Street Lights On,,,,10.0,Entering at angle,0,0,False,0
-122.345027025033,47.7277672484865,195160,267998,268778,E762759,Matched,Block,,AURORA AVE N BETWEEN N 135TH ST AND N 137TH ST, ,,2,Injury Collision,Rear Ended,2,0,0,2,1,0,2018-01-24 00:00:00+00,1/24/2018 5:40:00 PM,Mid-Block (not related to intersection),14,"MOTOR VEHICLE STRUCK MOTOR VEHICLE, REAR END",,False,Raining,Wet,Dark - Street Lights On,,,,13.0,From same direction - both going straight - both moving - rear-end,0,0,False,0
-122.327291778607,47.6184947018677,195161,268061,268841,3702336,Matched,Block,,E DENNY WAY BETWEEN MELROSE AVE AND BELLEVUE AVE, ,,1,Property Damage Only Collision,Other,1,0,0,1,0,0,2018-01-26 00:00:00+00,1/26/2018 5:29:00 PM,Mid-Block (not related to intersection),28,MOTOR VEHICLE RAN OFF ROAD - HIT FIXED OBJECT,,False,Raining,Wet,Dark - No Street Lights,,,,50.0,Fixed object,0,0,False,0
-122.3174895077,47.6831111823573,195162,267921,268701,E762767,Matched,Intersection,24431.0,ROOSEVELT WAY NE AND NE 75TH ST, ,,1,Property Damage Only Collision,Left Turn,2,0,0,2,0,0,2018-01-25 00:00:00+00,1/25/2018 3:52:00 PM,At Intersection (intersection related),11,"MOTOR VEHICLE STRUCK MOTOR VEHICLE, FRONT END AT ANGLE",,False,Overcast,Wet,Daylight,,,,28.0,From opposite direction - one left turn - one straight,0,0,False,0
-122.375115576356,47.5437665722208,195163,268101,268881,3744289,Matched,Block,,34TH AVE SW BETWEEN SW MORGAN ST AND SW HOLLY ST, ,,1,Property Damage Only Collision,Parked Car,3,0,0,3,0,0,2018-01-26 00:00:00+00,1/26/2018 2:37:00 PM,Mid-Block (not related to intersection),14,"MOTOR VEHICLE STRUCK MOTOR VEHICLE, REAR END",,False,Overcast,Wet,Daylight,,,,32.0,One parked--one moving,0,0,False,0
-122.326229387724,47.5699663174413,195165,268078,268858,3549665,Matched,Intersection,32363.0,6TH AVE S AND S CHARLESTOWN ST, ,,1,Property Damage Only Collision,Other,3,0,0,2,0,0,2018-01-29 00:00:00+00,1/29/2018 8:57:00 AM,At Intersection (but not related to intersection),11,"MOTOR VEHICLE STRUCK MOTOR VEHICLE, FRONT END AT ANGLE",True,False,Raining,Wet,Daylight,,,,23.0,From same direction - all others,0,0,False,0
-122.327877781314,47.6168545377432,195166,267919,268699,3764521,Matched,Block,,MELROSE AVE BETWEEN OLIVE WAY AND E OLIVE PL, ,,1,Property Damage Only Collision,Parked Car,4,0,0,2,0,0,2018-01-27 00:00:00+00,1/27/2018 11:30:00 PM,Mid-Block (not related to intersection),16,"MOTOR VEHICLE STRUCK MOTOR VEHICLE, LEFT SIDE SIDESWIPE",,False,Raining,Wet,Dark - Street Lights On,,,,32.0,One parked--one moving,0,0,True,0