longitude,latitude,objectid,inckey,coldetkey,reportno,status,addrtype,intkey,location,exceptrsncode,exceptrsndesc,severitycode,severitydesc,collisiontype,personcount,pedcount,pedcylcount,vehcount,injuries,fatalities,incdate,incdttm,junctiontype,sdot_colcode,sdot_coldesc,inattentionind,underinfl,weather,roadcond,lightcond,pedrownotgrnt,sdotcolnum,speeding,st_colcode,st_coldesc,seglanekey,crosswalkkey,hitparkedcar,seriousinjuries
-122.34001342746,47.6088209600347,195168,267918,268698,3764520,Matched,Intersection,29593.0,1ST AVE AND PIKE ST, ,,1,Property Damage Only Collision,Rear Ended,3,0,0,2,0,0,2018-01-27 00:00:00+00,1/27/2018 12:45:00 AM,At Intersection (but not related to intersection),14,"MOTOR VEHICLE STRUCK MOTOR VEHICLE, REAR END",,True,Raining,Wet,Dark - Street Lights On,,,,14.0,From same direction - both going straight - one stopped - rear-end,0,0,False,0
-122.334917384009,47.6116382652541,195169,268117,268897,3746296,Matched,Block,,6TH AVE BETWEEN PIKE ST AND PINE ST, ,,1,Property Damage Only Collision,Parked Car,3,0,0,2,0,0,2018-01-26 00:00:00+00,1/26/2018 4:41:00 PM,Mid-Block (not related to intersection),11,"MOTOR VEHICLE STRUCK MOTOR VEHICLE, FRONT END AT ANGLE",,False,Clear or Partly Cloudy,Dry,Daylight,,,,32.0,One parked--one moving,0,0,False,0
-122.334257905933,47.6190896796842,195170,267917,268697,3764518,Matched,Block,,FAIRVIEW AVE N BETWEEN DENNY WAY AND JOHN ST, ,,1,Property Damage Only Collision,Sideswipe,2,0,0,2,0,0,2018-01-25 00:00:00+00,1/25/2018 5:40:00 PM,Mid-Block (not related to intersection),11,"MOTOR VEHICLE STRUCK MOTOR VEHICLE, FRONT END AT ANGLE",,False,Raining,Wet,Dark - Street Lights On,,,,11.0,From same direction - both going straight - both moving - sideswipe,0,0,False,0
-122.30292429666,47.5863260927128,195171,268009,268789,3818701,Matched,Intersection,31545.0,23RD AVE S AND S HOLGATE ST, ,,2,Injury Collision,Angles,2,0,0,2,1,0,2018-01-26 00:00:00+00,1/26/2018 8:13:00 PM,At Intersection (intersection related),14,"MOTOR VEHICLE STRUCK MOTOR VEHICLE, REAR END",,False,Raining,Wet,Dark - Street Lights On,,,,10.0,Entering at angle,0,0,False,0
-122.390683628656,47.5793435786136,195172,268098,268878,3742258,Matched,Intersection,31166.0,46TH AVE SW AND SW LANDER ST,NEI,"Not Enough Information, or Insufficient Location Information",1,Property Damage Only Collision,Angles,2,0,0,2,0,0,2018-01-28 00:00:00+00,1/28/2018 3:15:00 PM,At Intersection (intersection related),0,NOT ENOUGH INFORMATION / NOT APPLICABLE,,False,Unknown,Unknown,Daylight,,,,10.0,Entering at angle,0,0,False,0
-122.29665348469,47.7168774255395,195173,267899,268679,3754329,Matched,Intersection,336349.0,30TH AVE NE AND LAKE CITY S WAY NE, ,,1,Property Damage Only Collision,Sideswipe,2,0,0,2,0,0,2018-01-28 00:00:00+00,1/28/2018 10:37:00 PM,At Intersection (intersection related),11,"MOTOR VEHICLE STRUCK MOTOR VEHICLE, FRONT END AT ANGLE",True,False,Clear or Partly Cloudy,Dry,Dark - Street Lights On,,,,11.0,From same direction - both going straight - both moving - sideswipe,0,0,False,0
-122.362342106097,47.6564981162546,195174,268081,268861,3705808,Matched,Block,,LEARY WAY NW BETWEEN NW 40TH ST AND NW 41ST ST, ,,1,Property Damage Only Collision,Parked Car,3,0,0,2,0,0,2018-01-28 00:00:00+00,1/28/2018 1:25:00 PM,Mid-Block (not related to intersection),14,"MOTOR VEHICLE STRUCK MOTOR VEHICLE, REAR END",,False,Overcast,Wet,Daylight,,,,32.0,One parked--one moving,0,0,False,0
-122.391503721304,47.6716496520491,195176,268063,268843,3705806,Matched,Block,,NW 59TH ST BETWEEN 26TH AVE NW AND 28TH AVE NW, ,,1,Property Damage Only Collision,Parked Car,2,0,0,2,0,0,2018-01-27 00:00:00+00,1/27/2018 8:17:00 PM,Mid-Block (not related to intersection),11,"MOTOR VEHICLE STRUCK MOTOR VEHICLE, FRONT END AT ANGLE",,False,Overcast,Wet,Dark - Street Lights On,,,,32.0,One parked--one moving,0,0,True,0
-122.337107208272,47.5402692742698,195179,268093,268873,3742230,Matched,Block,,2ND AVE SW BETWEEN SW MICHIGAN ST AND HIGHLAND PARK WAY SW, ,,1,Property Damage Only Collision,Rear Ended,2,0,0,2,0,0,2018-01-27 00:00:00+00,1/27/2018 11:04:00 AM,Mid-Block (not related to intersection),14,"MOTOR VEHICLE STRUCK MOTOR VEHICLE, REAR END",,False,Overcast,Dry,Daylight,,,,14.0,From same direction - both going straight - one stopped - rear-end,0,0,False,0
-122.376245769447,47.5574330565908,195180,268102,268882,3745426,Matched,Intersection,32778.0,35TH AVE SW AND SW HUDSON ST, ,,2,Injury Collision,Rear Ended,2,0,0,2,1,0,2018-01-25 00:00:00+00,1/25/2018 9:56:00 PM,At Intersection (but not related to intersection),14,"MOTOR VEHICLE STRUCK MOTOR VEHICLE, REAR END",,False,Raining,Wet,Dark - Street Lights On,,,,14.0,From same direction - both going straight - one stopped - rear-end,0,0,False,0
-122.363325851912,47.6869377898346,195181,267881,268661,E762752,Matched,Intersection,24058.0,6TH AVE NW AND NW 80TH ST, ,,2,Injury Collision,Angles,2,0,0,2,2,0,2018-01-21 00:00:00+00,1/21/2018 12:26:00 PM,At Intersection (intersection related),11,"MOTOR VEHICLE STRUCK MOTOR VEHICLE, FRONT END AT ANGLE",True,False,Overcast,Dry,Daylight,,,,10.0,Entering at angle,0,0,False,0
-122.292342027123,47.731027067108,195182,268079,268859,E762770,Matched,Block,,LAKE CITY WAY NE BETWEEN NE 140TH ST AND NE 143RD ST, ,,2,Injury Collision,Left Turn,4,0,0,2,1,0,2018-01-23 00:00:00+00,1/23/2018 4:22:00 PM,Driveway Junction,11,"MOTOR VEHICLE STRUCK MOTOR VEHICLE, FRONT END AT ANGLE",,False,Raining,Wet,Dark - Street Lights On,,,,28.0,From opposite direction - one left turn - one straight,0,0,False,0
-122.313129658336,47.6612693658163,195184,268702,269482,E764843,Matched,Intersection,27062.0,UNIVERSITY WAY NE AND NE 45TH ST, ,,1,Property Damage Only Collision,Angles,2,0,0,2,0,0,2018-01-30 00:00:00+00,1/30/2018 6:56:00 AM,At Intersection (intersection related),11,"MOTOR VEHICLE STRUCK MOTOR VEHICLE, FRONT END AT ANGLE",True,False,Overcast,Wet,Daylight,,,,10.0,Entering at angle,0,0,False,0
-122.319753993727,47.5520818789892,195186,268537,269317,3818683,Matched,Intersection,33108.0,AIRPORT WAY S AND CORSON AVE S, ,,1,Property Damage Only Collision,Sideswipe,4,0,0,3,0,0,2018-01-30 00:00:00+00,1/30/2018 2:06:00 PM,At Intersection (but not related to intersection),11,"MOTOR VEHICLE STRUCK MOTOR VEHICLE, FRONT END AT ANGLE",,False,Clear or Partly Cloudy,Dry,Daylight,,,,12.0,From same direction - both going straight - one stopped - sideswipe,0,0,False,0
-122.339684264988,47.5705549852477,195188,268518,269298,3818474,Matched,Block,,EAST MARGINAL WAY S BETWEEN S SPOKANE SR ST AND EAST MARGINAL NB WAY S, ,,2,Injury Collision,Rear Ended,2,0,0,2,1,0,2018-01-08 00:00:00+00,1/8/2018 9:07:00 AM,Mid-Block (not related to intersection),14,"MOTOR VEHICLE STRUCK MOTOR VEHICLE, REAR END",,True,Clear or Partly Cloudy,Dry,Daylight,,,,14.0,From same direction - both going straight - one stopped - rear-end,0,0,False,0
-122.326970314754,47.6046251793858,195189,268498,269278,3702379,Matched,Intersection,29962.0,7TH AVE AND JAMES ST, ,,1,Property Damage Only Collision,Rear Ended,4,0,0,3,0,0,2018-01-30 00:00:00+00,1/30/2018 7:48:00 PM,At Intersection (intersection related),11,"MOTOR VEHICLE STRUCK MOTOR VEHICLE, FRONT END AT ANGLE",,False,Clear or Partly Cloudy,Dry,Dusk,,,,14.0,From same direction - both going straight - one stopped - rear-end,0,0,False,0
-122.325827827224,47.7022522930213,195190,268287,269067,E763361,Matched,Block,,3RD AVE NE BETWEEN NE 100TH ST AND NE 103RD ST, ,,2,Injury Collision,Rear Ended,5,0,0,3,3,0,2018-01-26 00:00:00+00,1/26/2018 6:31:00 PM,Mid-Block (not related to intersection),14,"MOTOR VEHICLE STRUCK MOTOR VEHICLE, REAR END",,False,Raining,Wet,Dark - Street Lights On,,,,13.0,From same direction - both going straight - both moving - rear-end,0,0,False,0
-122.349280412287,47.7232206647003,195191,268286,269066,E763360,Matched,Block,,N 130TH ST BETWEEN FREMONT AVE N AND LINDEN AVE N, ,,2,Injury Collision,Rear Ended,4,0,0,2,1,0,2018-01-27 00:00:00+00,1/27/2018 12:48:00 PM,Mid-Block (not related to intersection),14,"MOTOR VEHICLE STRUCK MOTOR VEHICLE, REAR END",,False,Clear or Partly Cloudy,Dry,Daylight,,,,14.0,From same direction - both going straight - one stopped - rear-end,0,0,False,0
-122.320208112834,47.619912461075,195192,268817,269617,E764579,Matched,Block,,E JOHN ST BETWEEN BROADWAY E AND 10TH AVE E, ,,2,Injury Collision,Other,2,0,0,2,1,0,2018-01-26 00:00:00+00,1/26/2018 11:40:00 AM,Mid-Block (not related to intersection),11,"MOTOR VEHICLE STRUCK MOTOR VEHICLE, FRONT END AT ANGLE",True,False,Overcast,Wet,Daylight,,,,23.0,From same direction - all others,0,0,False,0
-122.334665597537,47.6096854208314,195193,268497,269277,3583907,Matched,Intersection,29913.0,5TH AVE AND UNION ST, ,,1,Property Damage Only Collision,Angles,2,0,0,2,0,0,2018-01-30 00:00:00+00,1/30/2018 7:55:00 PM,At Intersection (intersection related),14,"MOTOR VEHICLE STRUCK MOTOR VEHICLE, REAR END",,False,Clear or Partly Cloudy,Dry,Dark - Street Lights On,,,,10.0,Entering at angle,0,0,False,0
-122.344834272864,47.7135479791056,195194,268701,269481,E764842,Matched,Block,,AURORA AVE N BETWEEN N 115TH ST AND N 117TH PL, ,,1,Property Damage Only Collision,Rear Ended,2,0,0,2,0,0,2018-01-30 00:00:00+00,1/30/2018 10:41:00 AM,Mid-Block (not related to intersection),14,"MOTOR VEHICLE STRUCK MOTOR VEHICLE, REAR END",,False,Overcast,Dry,Daylight,,,,13.0,From same direction - both going straight - both moving - rear-end,0,0,False,0
-122.354837307004,47.5483234727547,195261,268858,269658,3742232,Matched,Block,,16TH AVE SW BETWEEN SW FINDLAY ST AND SW MORGAN ST, ,,2,Injury Collision,Angles,4,0,0,3,1,0,2018-01-31 00:00:00+00,1/31/2018 9:15:00 AM,Driveway Junction,11,"MOTOR VEHICLE STRUCK MOTOR VEHICLE, FRONT END AT ANGLE",,False,Clear or Partly Cloudy,Dry,Daylight,,,,10.0,Entering at angle,0,0,False,0
-122.320872892097,47.6199077468642,195195,268705,269485,E764845,Matched,Intersection,29052.0,BROADWAY E AND E OLIVE WAY, ,,1,Property Damage Only Collision,Sideswipe,3,0,0,2,0,0,2018-01-31 00:00:00+00,1/31/2018 12:35:00 PM,At Intersection (but not related to intersection),11,"MOTOR VEHICLE STRUCK MOTOR VEHICLE, FRONT END AT ANGLE",True,False,Overcast,Dry,Daylight,,,,11.0,From same direction - both going straight - both moving - sideswipe,0,0,False,0
-122.350780146495,47.6331588928731,195196,268478,269258,3583906,Matched,Intersection,28172.0,GARFIELD ST AND NOB HILL AVE N, ,,1,Property Damage Only Collision,Angles,28,0,0,2,0,0,2018-01-30 00:00:00+00,1/30/2018 7:44:00 AM,At Intersection (intersection related),14,"MOTOR VEHICLE STRUCK MOTOR VEHICLE, REAR END",True,False,Clear or Partly Cloudy,Dry,Daylight,,,,10.0,Entering at angle,0,0,False,0
-122.285281714512,47.5456952769605,195197,268285,269065,E763183,Matched,Block,,M L KING JR ER WAY S BETWEEN S GRAHAM ST AND S EDDY ST, ,,1,Property Damage Only Collision,Sideswipe,2,0,0,2,0,0,2018-01-21 00:00:00+00,1/21/2018 2:37:00 PM,Mid-Block (not related to intersection),14,"MOTOR VEHICLE STRUCK MOTOR VEHICLE, REAR END",True,False,Raining,Wet,Daylight,,,,12.0,From same direction - both going straight - one stopped - sideswipe,0,0,False,0
-122.285686422559,47.5590662272298,195198,268284,269064,E763182,Matched,Block,,RAINIER AVE S BETWEEN S ANGELINE ST AND S EDMUNDS ST, ,,2,Injury Collision,Sideswipe,3,0,0,2,2,0,2018-01-27 00:00:00+00,1/27/2018 10:55:00 AM,Mid-Block (not related to intersection),14,"MOTOR VEHICLE STRUCK MOTOR VEHICLE, REAR END",,False,Clear or Partly Cloudy,Dry,Daylight,,,,11.0,From same direction - both going straight - both moving - sideswipe,0,0,False,0
-122.303797960193,47.6434289284043,195199,268377,269157,3702378,Matched,Block,,22ND AVE E BETWEEN E ROANOKE ST AND EAST MONTLAKE PL E, ,,1,Property Damage Only Collision,Parked Car,2,0,0,2,0,0,2018-01-29 00:00:00+00,1/29/2018 6:00:00 PM,Mid-Block (not related to intersection),12,"MOTOR VEHICLE STRUCK MOTOR VEHICLE, RIGHT SIDE AT ANGLE",True,False,Overcast,Wet,Dark - Street Lights On,,,,32.0,One parked--one moving,0,0,False,0
-122.312674751098,47.7203169286599,195200,268283,269063,E761174,Matched,Block,,15TH AVE NE BETWEEN NE 125TH ST AND NE 127TH ST, ,,2,Injury Collision,Rear Ended,2,0,0,2,1,0,2018-01-17 00:00:00+00,1/17/2018 5:57:00 PM,Mid-Block (but intersection related),14,"MOTOR VEHICLE STRUCK MOTOR VEHICLE, REAR END",,False,Raining,Wet,Dark - Street Lights On,,,True,14.0,From same direction - both going straight - one stopped - rear-end,0,0,False,0
-122.341739126088,47.6197171442298,195201,268699,269479,E764840,Matched,Block,,JOHN ST BETWEEN DEXTER AVE N AND 8TH AVE N, ,,1,Property Damage Only Collision,Parked Car,2,0,0,2,0,0,2018-01-29 00:00:00+00,1/29/2018 12:13:00 AM,Mid-Block (not related to intersection),11,"MOTOR VEHICLE STRUCK MOTOR VEHICLE, FRONT END AT ANGLE",,False,Overcast,Wet,Dark - Street Lights On,,,,32.0,One parked--one moving,0,0,False,0
-122.319485758818,47.5440269635471,195203,268539,269319,3818727,Matched,Block,,S WARSAW ST BETWEEN FLORA AVE S AND ELLIS AVE S, ,,1,Property Damage Only Collision,Sideswipe,3,0,0,2,0,0,2018-01-30 00:00:00+00,1/30/2018 1:33:00 PM,Mid-Block (not related to intersection),11,"MOTOR VEHICLE STRUCK MOTOR VEHICLE, FRONT END AT ANGLE",,False,Clear or Partly Cloudy,Dry,Daylight,,,,27.0,From opposite direction - both going straight - one stopped - sideswipe,0,0,False,0
-122.32357267155,47.7220350097083,195204,268703,269483,E764844,Matched,Intersection,35984.0,5TH AVE NE AND 130TH ST OFF RP, ,,1,Property Damage Only Collision,Sideswipe,2,0,0,2,0,0,2018-01-30 00:00:00+00,1/30/2018 12:39:00 PM,At Intersection (intersection related),11,"MOTOR VEHICLE STRUCK MOTOR VEHICLE, FRONT END AT ANGLE",True,False,Raining,Wet,Daylight,,,,81.0,Same direction -- both turning left -- both moving -- sideswipe,0,0,False,0
-122.285988994476,47.6766846817687,195205,268282,269062,3754284,Matched,Block,,39TH AVE NE BETWEEN NE 65TH ST AND NE 68TH ST, ,,1,Property Damage Only Collision,Parked Car,3,0,0,2,0,0,2018-01-25 00:00:00+00,1/25/2018 7:55:00 PM,Mid-Block (not related to intersection),11,"MOTOR VEHICLE STRUCK MOTOR VEHICLE, FRONT END AT ANGLE",True,False,Overcast,Wet,Dark - Street Lights On,,,,32.0,One parked--one moving,0,0,True,0
-122.311895826261,47.6707208332313,195207,268219,268999,E763364,Matched,Intersection,25999.0,15TH AVE NE AND NE RAVENNA EB BV, ,,1,Property Damage Only Collision,Angles,3,0,0,2,0,0,2018-01-27 00:00:00+00,1/27/2018 2:01:00 PM,At Intersection (intersection related),11,"MOTOR VEHICLE STRUCK MOTOR VEHICLE, FRONT END AT ANGLE",,False,Clear or Partly Cloudy,Dry,Daylight,,,,10.0,Entering at angle,0,0,False,0
-122.32788067264,47.6166417097266,195208,268362,269142,3702353,Matched,Intersection,29847.0,MELROSE AVE AND OLIVE WAY, ,,2,Injury Collision,Left Turn,2,0,0,2,2,0,2018-01-28 00:00:00+00,1/28/2018 2:48:00 AM,At Intersection (intersection related),11,"MOTOR VEHICLE STRUCK MOTOR VEHICLE, FRONT END AT ANGLE",,True,Raining,Wet,Dark - Street Lights On,,,,28.0,From opposite direction - one left turn - one straight,0,0,False,0
-122.316578934152,47.6612919603548,195209,268218,268998,3754279,Matched,Intersection,27065.0,11TH AVE NE AND NE 45TH ST, ,,2,Injury Collision,Pedestrian,2,0,1,1,1,0,2018-01-19 00:00:00+00,1/19/2018 2:23:00 PM,At Intersection (intersection related),18,"MOTOR VEHICLE STRUCK PEDALCYCLIST, FRONT END AT ANGLE",True,False,Overcast,Wet,Daylight,,,,5.0,Vehicle Strikes Pedalcyclist,0,0,False,0
-122.328621454281,47.7095467795867,195211,268217,268997,3754258,Matched,Block,,1ST AVE NE BETWEEN NE NORTHGATE WAY AND 1ST PL NE, ,,1,Property Damage Only Collision,Sideswipe,2,0,0,2,0,0,2018-01-29 00:00:00+00,1/29/2018 7:00:00 PM,Mid-Block (not related to intersection),11,"MOTOR VEHICLE STRUCK MOTOR VEHICLE, FRONT END AT ANGLE",,False,Unknown,Wet,Dark - Street Lights On,,,,11.0,From same direction - both going straight - both moving - sideswipe,0,0,False,0
-122.322786419082,47.6118002971603,195212,268837,269637,E764578,Matched,Block,,BOYLSTON AVE BETWEEN SPRING ST AND SENECA ST, ,,1,Property Damage Only Collision,Parked Car,2,0,0,2,0,0,2018-01-26 00:00:00+00,1/26/2018 9:58:00 AM,Mid-Block (not related to intersection),11,"MOTOR VEHICLE STRUCK MOTOR VEHICLE, FRONT END AT ANGLE",True,False,Overcast,Wet,Daylight,,,,32.0,One parked--one moving,0,0,False,0
-122.376382414327,47.6484486458549,195213,268360,269140,E763716,Matched,Block,,15TH AVE W BETWEEN 15TH AV W NB OFF RP AND W BERTONA ST, ,,1,Property Damage Only Collision,Sideswipe,2,0,0,2,0,0,2018-01-23 00:00:00+00,1/23/2018 6:03:00 PM,Mid-Block (not related to intersection),16,"MOTOR VEHICLE STRUCK MOTOR VEHICLE, LEFT SIDE SIDESWIPE",,False,Raining,Wet,Dark - Street Lights On,,,,11.0,From same direction - both going straight - both moving - sideswipe,0,0,False,0
-122.369341967314,47.6869183012848,195253,268886,269686,E765339,Matched,Intersection,24134.0,10TH AVE NW AND NW 80TH ST, ,,2,Injury Collision,Angles,3,0,0,2,1,0,2018-02-02 00:00:00+00,2/2/2018 4:04:00 PM,At Intersection (intersection related),11,"MOTOR VEHICLE STRUCK MOTOR VEHICLE, FRONT END AT ANGLE",,False,Overcast,Wet,Daylight,,,,10.0,Entering at angle,0,0,False,0
-122.313357169498,47.6866889661973,195214,268198,268978,E763362,Matched,Intersection,24398.0,LAKE CITY WAY NE AND NE 80TH ST, ,,1,Property Damage Only Collision,Left Turn,3,0,0,2,0,0,2018-01-27 00:00:00+00,1/27/2018 5:32:00 PM,At Intersection (intersection related),11,"MOTOR VEHICLE STRUCK MOTOR VEHICLE, FRONT END AT ANGLE",,False,Raining,Wet,Dark - Street Lights On,,,,28.0,From opposite direction - one left turn - one straight,0,0,False,0
-122.327666994408,47.5991949241284,195215,268698,269478,E764839,Matched,Intersection,30510.0,5TH AVE S AND S JACKSON ST, ,,2,Injury Collision,Pedestrian,2,1,0,1,1,0,2018-01-29 00:00:00+00,1/29/2018 8:36:00 AM,At Intersection (intersection related),24,MOTOR VEHCILE STRUCK PEDESTRIAN,,False,Raining,Wet,Daylight,,,,0.0,Vehicle going straight hits pedestrian,0,7358,False,0
-122.326373798211,47.5958372733757,195216,268717,269497,E763961,Matched,Intersection,30542.0,6TH AVE S AND S DEARBORN ST, ,,1,Property Damage Only Collision,Angles,2,0,0,2,0,0,2018-01-29 00:00:00+00,1/29/2018 6:52:00 AM,At Intersection (intersection related),11,"MOTOR VEHICLE STRUCK MOTOR VEHICLE, FRONT END AT ANGLE",True,False,Raining,Wet,Dawn,,,,10.0,Entering at angle,0,0,False,0
-122.317635910403,47.6994713378037,195218,268197,268977,E763359,Matched,Intersection,37497.0,ROOSEVELT WAY NE AND NE 97TH ST, ,,1,Property Damage Only Collision,Other,3,0,0,2,0,0,2018-01-28 00:00:00+00,1/28/2018 12:15:00 PM,At Intersection (intersection related),11,"MOTOR VEHICLE STRUCK MOTOR VEHICLE, FRONT END AT ANGLE",,False,Overcast,Dry,Daylight,,,,23.0,From same direction - all others,0,0,False,0
-122.357664902883,47.6521305002862,195219,268358,269138,E763060,Matched,Intersection,163563.0,1ST AVE NW AND N CANAL ST, ,,1,Property Damage Only Collision,Other,1,0,0,1,0,0,2018-01-27 00:00:00+00,1/27/2018 4:00:00 AM,At Intersection (intersection related),26,MOTOR VEHICLE STRUCK OBJECT IN ROAD,,True,Unknown,Wet,Dark - Street Lights On,,,,50.0,Fixed object,0,0,False,0
-122.263691350042,47.6829262027443,195220,268180,268960,3705903,Matched,Intersection,24995.0,SAND POINT WAY NE AND NE 75TH ST, ,,2b,Serious Injury Collision,Other,2,0,0,2,1,0,2018-01-21 00:00:00+00,1/21/2018 1:44:00 AM,At Intersection (intersection related),28,MOTOR VEHICLE RAN OFF ROAD - HIT FIXED OBJECT,,False,Raining,Wet,Dark - Street Lights On,,,True,50.0,Fixed object,0,0,False,1
-122.383926603792,47.6686775833892,195222,268179,268959,3754237,Matched,Block,,NW MARKET ST BETWEEN RUSSELL AVE NW AND LEARY AVE NW, ,,1,Property Damage Only Collision,Parked Car,3,0,0,2,0,0,2018-01-28 00:00:00+00,1/28/2018 6:37:00 PM,Mid-Block (not related to intersection),11,"MOTOR VEHICLE STRUCK MOTOR VEHICLE, FRONT END AT ANGLE",,False,Clear or Partly Cloudy,Dry,Dark - Street Lights On,,,,20.0,One car leaving parked position,0,0,True,0
-122.333039328404,47.6045526604401,195226,268337,269117,E763411,Matched,Block,,3RD AVE BETWEEN COLUMBIA ST AND MARION ST, ,,1,Property Damage Only Collision,Sideswipe,6,0,0,2,0,0,2018-01-03 00:00:00+00,1/3/2018 5:42:00 PM,Mid-Block (not related to intersection),16,"MOTOR VEHICLE STRUCK MOTOR VEHICLE, LEFT SIDE SIDESWIPE",,False,Clear or Partly Cloudy,Dry,Dark - Street Lights On,,,,12.0,From same direction - both going straight - one stopped - sideswipe,0,0,False,0
-122.358059257719,47.619022811745,195229,268737,269517,E764057,Matched,Intersection,28665.0,1ST AVE W AND WESTERN AVE W, ,,2,Injury Collision,Angles,6,0,0,2,2,0,2018-01-07 00:00:00+00,1/7/2018 7:18:00 PM,At Intersection (intersection related),11,"MOTOR VEHICLE STRUCK MOTOR VEHICLE, FRONT END AT ANGLE",True,False,Raining,Wet,Dark - Street Lights On,,,,10.0,Entering at angle,0,0,False,0
-122.300986504356,47.7094360386755,195232,267889,268669,3754236,Matched,Block,,LAKE CITY WAY NE BETWEEN NE 110TH ST AND NE NORTHGATE WAY, ,,1,Property Damage Only Collision,Rear Ended,3,0,0,3,0,0,2018-01-28 00:00:00+00,1/28/2018 9:35:00 AM,Mid-Block (not related to intersection),11,"MOTOR VEHICLE STRUCK MOTOR VEHICLE, FRONT END AT ANGLE",,False,Raining,Wet,Daylight,,,,14.0,From same direction - both going straight - one stopped - rear-end,0,0,False,0
-122.351274936112,47.6769012586407,195234,267882,268662,3754116,Matched,Block,,N 66TH ST BETWEEN DAYTON AVE N AND FREMONT AVE N,NEI,"Not Enough Information, or Insufficient Location Information",1,Property Damage Only Collision,Parked Car,3,0,0,3,0,0,2018-01-28 00:00:00+00,1/28/2018 10:30:00 AM,,0,NOT ENOUGH INFORMATION / NOT APPLICABLE,,False,Overcast,Wet,Daylight,,,True,32.0,One parked--one moving,0,0,False,0
-122.344503229914,47.6869422050368,195244,267887,268667,3754234,Matched,Intersection,24286.0,AURORA AVE N AND N 80TH ST, ,,2,Injury Collision,Rear Ended,2,0,0,2,1,0,2018-01-28 00:00:00+00,1/28/2018 11:49:00 PM,At Intersection (but not related to intersection),14,"MOTOR VEHICLE STRUCK MOTOR VEHICLE, REAR END",True,False,Raining,Wet,Dark - Street Lights On,,,True,14.0,From same direction - both going straight - one stopped - rear-end,0,0,False,0
-122.358453861261,47.6759980042209,195245,268889,269689,E765599,Matched,Intersection,25241.0,SYCAMORE AVE NW AND NW 65TH ST, ,,1,Property Damage Only Collision,Angles,2,0,0,2,0,0,2018-02-02 00:00:00+00,2/2/2018 5:30:00 PM,At Intersection (intersection related),11,"MOTOR VEHICLE STRUCK MOTOR VEHICLE, FRONT END AT ANGLE",,False,Overcast,Wet,Dark - Street Lights On,,,,10.0,Entering at angle,0,0,False,0
-122.295258073425,47.7155746532499,195252,267890,268670,E762753,Matched,Intersection,36620.0,31ST AVE NE AND NE 120TH ST, ,,2,Injury Collision,Right Turn,2,0,0,2,1,0,2018-01-18 00:00:00+00,1/18/2018 2:41:00 PM,At Intersection (intersection related),14,"MOTOR VEHICLE STRUCK MOTOR VEHICLE, REAR END",,False,Raining,Wet,Daylight,,,,16.0,From same direction - one right turn - one straight,0,0,False,0
-122.38758186289,47.6690668612654,195254,267884,268664,3754158,Matched,Block,,24TH AVE NW BETWEEN NW MARKET ST AND NW 56TH ST, ,,1,Property Damage Only Collision,Other,2,0,0,2,0,0,2018-01-27 00:00:00+00,1/27/2018 11:53:00 PM,Mid-Block (not related to intersection),14,"MOTOR VEHICLE STRUCK MOTOR VEHICLE, REAR END",,False,Raining,Wet,Dark - Street Lights On,,,,23.0,From same direction - all others,0,0,False,0
-122.378884435494,47.6682816921075,195257,268883,269683,E764985,Matched,Block,,17TH AVE NW BETWEEN NW 54TH ST AND NW MARKET ST, ,,1,Property Damage Only Collision,Parked Car,2,0,0,2,0,0,2018-01-29 00:00:00+00,1/29/2018 12:59:00 PM,Mid-Block (not related to intersection),13,"MOTOR VEHICLE STRUCK MOTOR VEHICLE, LEFT SIDE AT ANGLE",,False,Raining,Wet,Daylight,,,,32.0,One parked--one moving,0,0,True,0
-122.334762317446,47.5254167310125,195258,269096,269896,E757997,Matched,Block,,1ST AVE S BETWEEN S CLOVERDALE W ST AND 1ST AVS OFF S RP, ,,1,Property Damage Only Collision,Sideswipe,3,0,0,3,0,0,2018-01-08 00:00:00+00,1/8/2018 5:08:00 PM,Mid-Block (not related to intersection),16,"MOTOR VEHICLE STRUCK MOTOR VEHICLE, LEFT SIDE SIDESWIPE",,False,Clear or Partly Cloudy,Dry,Dark - Street Lights On,,,,11.0,From same direction - both going straight - both moving - sideswipe,0,0,False,0
-122.376212778247,47.6705349909946,195260,267888,268668,3754235,Matched,Block,,15TH AVE NW BETWEEN NW 57TH ST AND NW 58TH ST, ,,1,Property Damage Only Collision,Rear Ended,2,0,0,2,0,0,2018-01-27 00:00:00+00,1/27/2018 6:04:00 AM,Mid-Block (not related to intersection),14,"MOTOR VEHICLE STRUCK MOTOR VEHICLE, REAR END",True,False,Overcast,Wet,Dark - Street Lights On,,,,13.0,From same direction - both going straight - both moving - rear-end,0,0,False,0