longitude,latitude,objectid,inckey,coldetkey,reportno,status,addrtype,intkey,location,exceptrsncode,exceptrsndesc,severitycode,severitydesc,collisiontype,personcount,pedcount,pedcylcount,vehcount,injuries,fatalities,incdate,incdttm,junctiontype,sdot_colcode,sdot_coldesc,inattentionind,underinfl,weather,roadcond,lightcond,pedrownotgrnt,sdotcolnum,speeding,st_colcode,st_coldesc,seglanekey,crosswalkkey,hitparkedcar,seriousinjuries
-122.318140950053,47.614094432423,195265,268857,269657,3702382,Matched,Intersection,29747.0,11TH AVE AND E PIKE ST, ,,2b,Serious Injury Collision,Pedestrian,3,1,0,2,1,0,2018-02-01 00:00:00+00,2/1/2018 10:26:00 PM,At Intersection (intersection related),24,MOTOR VEHCILE STRUCK PEDESTRIAN,,True,Raining,Wet,Dark - Street Lights On,,,,1.0,Vehicle turning right hits pedestrian,0,523844,False,1
-122.308926404409,47.608609051627,195266,268852,269652,E764580,Matched,Block,,18TH AVE BETWEEN E CHERRY ST AND E COLUMBIA ST, ,,1,Property Damage Only Collision,Parked Car,2,0,0,2,0,0,2018-01-30 00:00:00+00,1/30/2018 1:00:00 PM,Mid-Block (not related to intersection),11,"MOTOR VEHICLE STRUCK MOTOR VEHICLE, FRONT END AT ANGLE",True,False,Clear or Partly Cloudy,Dry,Daylight,,,,32.0,One parked--one moving,0,0,False,0
-122.301559563956,47.6889768650837,195267,269093,269893,E764991,Matched,Block,,RAVENNA AVE NE BETWEEN NE 82ND ST AND NE 83RD ST, ,,1,Property Damage Only Collision,Other,1,0,0,1,0,0,2018-01-28 00:00:00+00,1/28/2018 12:02:00 PM,Mid-Block (not related to intersection),28,MOTOR VEHICLE RAN OFF ROAD - HIT FIXED OBJECT,,False,Unknown,Wet,Daylight,,,,50.0,Fixed object,0,0,False,0
-122.298719151625,47.6274066708557,195269,268851,269651,3702381,Matched,Intersection,29219.0,26TH AVE E AND E WARD ST, ,,1,Property Damage Only Collision,Angles,2,0,0,2,0,0,2018-02-01 00:00:00+00,2/1/2018 12:48:00 PM,At Intersection (intersection related),11,"MOTOR VEHICLE STRUCK MOTOR VEHICLE, FRONT END AT ANGLE",True,False,Overcast,Wet,Daylight,,,,10.0,Entering at angle,0,0,False,0
-122.30071134912,47.665332797946,195273,267886,268666,3754233,Matched,Block,,25TH AVE NE BETWEEN NE 49TH ST AND NE BLAKELEY ST, ,,1,Property Damage Only Collision,Angles,2,0,0,2,0,0,2018-01-26 00:00:00+00,1/26/2018 7:35:00 PM,Mid-Block (not related to intersection),11,"MOTOR VEHICLE STRUCK MOTOR VEHICLE, FRONT END AT ANGLE",,True,Raining,Wet,Dark - Street Lights On,,,,10.0,Entering at angle,0,0,False,0
-122.290325016025,47.6775994564626,195274,268838,269638,E764984,Matched,Intersection,24961.0,35TH AVE NE AND NE 68TH ST, ,,2,Injury Collision,Pedestrian,2,1,0,1,1,0,2018-01-29 00:00:00+00,1/29/2018 6:09:00 PM,At Intersection (intersection related),24,MOTOR VEHCILE STRUCK PEDESTRIAN,,False,Clear or Partly Cloudy,Wet,Dark - Street Lights On,True,,,2.0,Vehicle turning left hits pedestrian,0,0,False,0
-122.356689555119,47.6271923859677,195276,268121,268901,3746805,Matched,Intersection,28605.0,ALOHA ST AND QUEEN ANNE AVE N, ,,1,Property Damage Only Collision,Angles,5,0,0,2,0,0,2018-01-26 00:00:00+00,1/26/2018 6:48:00 AM,At Intersection (intersection related),11,"MOTOR VEHICLE STRUCK MOTOR VEHICLE, FRONT END AT ANGLE",,False,Raining,Wet,Dark - Street Lights On,,,,10.0,Entering at angle,0,0,False,0
-122.387038450299,47.5521103291891,195278,268279,269059,E763838,Matched,Intersection,32803.0,CALIFORNIA AVE SW AND SW FINDLAY ST, ,,1,Property Damage Only Collision,Angles,2,0,0,2,0,0,2018-01-28 00:00:00+00,1/28/2018 2:28:00 PM,At Intersection (intersection related),11,"MOTOR VEHICLE STRUCK MOTOR VEHICLE, FRONT END AT ANGLE",,False,Overcast,Dry,Daylight,,,,10.0,Entering at angle,0,0,False,0
-122.362907166825,47.5583729069294,195279,268041,268821,3693192,Matched,Block,,DELRIDGE WAY SW BETWEEN SW EDMUNDS ST AND SW HUDSON ST, ,,1,Property Damage Only Collision,Parked Car,2,0,0,2,0,0,2018-01-26 00:00:00+00,1/26/2018 3:00:00 PM,Mid-Block (not related to intersection),11,"MOTOR VEHICLE STRUCK MOTOR VEHICLE, FRONT END AT ANGLE",True,False,Raining,Wet,Daylight,,,,32.0,One parked--one moving,0,0,True,0
-122.285281714512,47.5456952769605,195280,268223,269003,3818682,Matched,Block,,M L KING JR ER WAY S BETWEEN S GRAHAM ST AND S EDDY ST, ,,1,Property Damage Only Collision,Sideswipe,2,0,0,2,0,0,2018-01-29 00:00:00+00,1/29/2018 8:55:00 AM,Mid-Block (not related to intersection),11,"MOTOR VEHICLE STRUCK MOTOR VEHICLE, FRONT END AT ANGLE",,False,Raining,Wet,Daylight,,,,11.0,From same direction - both going straight - both moving - sideswipe,0,0,False,0
-122.359114400772,47.5264904680501,195281,268040,268820,3693191,Matched,Intersection,34851.0,20TH AVE SW AND SW CLOVERDALE ST, ,,2,Injury Collision,Angles,3,0,0,2,1,0,2018-01-25 00:00:00+00,1/25/2018 2:22:00 PM,At Intersection (intersection related),11,"MOTOR VEHICLE STRUCK MOTOR VEHICLE, FRONT END AT ANGLE",,False,Overcast,Dry,Daylight,,,,10.0,Entering at angle,0,0,False,0
-122.33615476839,47.6142879469664,195282,268038,268818,3583903,Matched,Intersection,29552.0,7TH AVE AND STEWART ST, ,,1,Property Damage Only Collision,Other,1,0,0,1,0,0,2018-01-27 00:00:00+00,1/27/2018 4:15:00 PM,At Intersection (but not related to intersection),26,MOTOR VEHICLE STRUCK OBJECT IN ROAD,True,False,Overcast,Dry,Daylight,,,,57.0,All other non-collision,0,0,False,0
-122.358012314622,47.6251514637684,195283,268119,268899,3746298,Matched,Block,,1ST AVE W BETWEEN W MERCER ST AND W ROY ST, ,,1,Property Damage Only Collision,Sideswipe,4,0,0,2,0,0,2018-01-26 00:00:00+00,1/26/2018 11:48:00 PM,Mid-Block (not related to intersection),11,"MOTOR VEHICLE STRUCK MOTOR VEHICLE, FRONT END AT ANGLE",,False,Raining,Wet,Dark - Street Lights On,,,,11.0,From same direction - both going straight - both moving - sideswipe,0,0,False,0
-122.381973950196,47.6465865850581,195284,268037,268817,3583902,Matched,Intersection,27571.0,20TH AVE W AND THORNDYKE AVE W, ,,2,Injury Collision,Other,3,0,0,2,2,0,2018-01-27 00:00:00+00,1/27/2018 1:15:00 PM,At Intersection (intersection related),11,"MOTOR VEHICLE STRUCK MOTOR VEHICLE, FRONT END AT ANGLE",,False,Overcast,Dry,Daylight,,,,23.0,From same direction - all others,0,0,False,0
-122.356709220833,47.6245829734798,195285,268118,268898,3746297,Matched,Intersection,28632.0,MERCER ST AND QUEEN ANNE AVE N,NEI,"Not Enough Information, or Insufficient Location Information",2,Injury Collision,Pedestrian,2,1,0,1,1,0,2018-01-26 00:00:00+00,1/26/2018 10:03:00 PM,At Intersection (intersection related),0,NOT ENOUGH INFORMATION / NOT APPLICABLE,,False,Raining,Wet,Dark - Street Lights On,True,,,2.0,Vehicle turning left hits pedestrian,0,0,False,0
-122.334196643102,47.5882285885059,195286,268220,269000,3764786,Matched,Intersection,31344.0,1ST AVE S AND S MASSACHUSETTS ST, ,,2,Injury Collision,Pedestrian,2,1,0,1,1,0,2018-01-26 00:00:00+00,1/26/2018 7:55:00 AM,At Intersection (intersection related),24,MOTOR VEHCILE STRUCK PEDESTRIAN,,False,Raining,Wet,Dark - Street Lights On,True,,,1.0,Vehicle turning right hits pedestrian,0,0,False,0
-122.335569928895,47.5217841204985,195287,268091,268871,3742229,Matched,Block,,OLSON PL SW BETWEEN 1ST AVE S AND 2ND AVE SW, ,,1,Property Damage Only Collision,Other,2,0,0,1,0,0,2018-01-27 00:00:00+00,1/27/2018 4:12:00 AM,Mid-Block (not related to intersection),28,MOTOR VEHICLE RAN OFF ROAD - HIT FIXED OBJECT,,False,Raining,Wet,Dark - Street Lights On,,,True,50.0,Fixed object,0,0,False,0
-122.326921609492,47.6348659000017,195289,268221,269001,E763488,Matched,Intersection,28330.0,FAIRVIEW AVE E AND E BLAINE ST, ,,1,Property Damage Only Collision,Other,2,0,0,2,0,0,2018-01-24 00:00:00+00,1/24/2018 6:27:00 AM,At Intersection (intersection related),11,"MOTOR VEHICLE STRUCK MOTOR VEHICLE, FRONT END AT ANGLE",True,False,Overcast,Wet,Dawn,,,,23.0,From same direction - all others,0,0,False,0
-122.350355314696,47.6185819193314,195291,268277,269057,E763662,Matched,Intersection,29657.0,BROAD ST AND DENNY WAY, ,,1,Property Damage Only Collision,Right Turn,2,0,0,2,0,0,2018-01-25 00:00:00+00,1/25/2018 10:54:00 AM,At Intersection (intersection related),11,"MOTOR VEHICLE STRUCK MOTOR VEHICLE, FRONT END AT ANGLE",,False,Raining,Wet,Daylight,,,,16.0,From same direction - one right turn - one straight,0,0,False,0
-122.254536615777,47.5063528316202,195292,268010,268790,3818702,Matched,Intersection,38250.0,RENTON AVE S AND S BANGOR ST, ,,1,Property Damage Only Collision,Other,1,0,0,1,0,0,2018-01-27 00:00:00+00,1/27/2018 1:56:00 AM,At Intersection (intersection related),26,MOTOR VEHICLE STRUCK OBJECT IN ROAD,,True,Raining,Wet,Dark - Street Lights On,,,,50.0,Fixed object,0,0,False,0
-122.340687467403,47.664289867834,195293,267997,268777,E762758,Matched,Intersection,25545.0,STONE WAY N AND N 49TH ST, ,,2,Injury Collision,Pedestrian,2,0,1,1,1,0,2018-01-22 00:00:00+00,1/22/2018 10:52:00 AM,At Intersection (intersection related),18,"MOTOR VEHICLE STRUCK PEDALCYCLIST, FRONT END AT ANGLE",True,False,Clear or Partly Cloudy,Dry,Daylight,,,,5.0,Vehicle Strikes Pedalcyclist,0,0,False,0
-122.339052151338,47.5191743781422,195294,268090,268870,3742228,Matched,Block,,OLSON PL SW BETWEEN 3RD AVE SW AND SW CAMBRIDGE PL, ,,1,Property Damage Only Collision,Other,1,0,0,1,0,0,2018-01-26 00:00:00+00,1/26/2018 9:42:00 PM,Mid-Block (not related to intersection),26,MOTOR VEHICLE STRUCK OBJECT IN ROAD,,False,Raining,Wet,Dark - Street Lights On,,,True,50.0,Fixed object,0,0,False,0
-122.344976879983,47.7232115471904,195297,268088,268868,E762771,Matched,Intersection,35828.0,AURORA AVE N AND N 130TH ST, ,,2,Injury Collision,Angles,4,0,0,4,3,0,2018-01-23 00:00:00+00,1/23/2018 8:04:00 PM,At Intersection (intersection related),11,"MOTOR VEHICLE STRUCK MOTOR VEHICLE, FRONT END AT ANGLE",,False,Raining,Wet,Dark - Street Lights On,,,,10.0,Entering at angle,0,0,False,0
-122.351190278403,47.5713987483293,195298,268087,268867,3742047,Matched,Block,,SW KLICKITAT NR WAY BETWEEN SW KLICKITAT NR WY TURN RD AND SW SPOKANE SR ST, ,,1,Property Damage Only Collision,Other,1,0,0,1,0,0,2018-01-28 00:00:00+00,1/28/2018 2:15:00 AM,Mid-Block (not related to intersection),28,MOTOR VEHICLE RAN OFF ROAD - HIT FIXED OBJECT,True,True,Raining,Wet,Dark - Street Lights On,,,,50.0,Fixed object,0,0,False,0
-122.316636342648,47.6590948659913,195300,267977,268757,E762757,Matched,Block,,11TH AVE NE BETWEEN NE 42ND ST AND NE 43RD ST,NEI,"Not Enough Information, or Insufficient Location Information",1,Property Damage Only Collision,Parked Car,2,0,0,2,0,0,2018-01-23 00:00:00+00,1/23/2018 3:00:00 PM,,0,NOT ENOUGH INFORMATION / NOT APPLICABLE,,False,Raining,Wet,Dark - Street Lights On,,,,32.0,One parked--one moving,0,0,True,0
-122.300616113595,47.6679783529568,195301,268237,269017,E763489,Matched,Intersection,25940.0,25TH AVE NE AND NE 54TH ST, ,,1,Property Damage Only Collision,Angles,2,0,0,2,0,0,2018-01-26 00:00:00+00,1/26/2018 6:50:00 AM,At Intersection (intersection related),11,"MOTOR VEHICLE STRUCK MOTOR VEHICLE, FRONT END AT ANGLE",,False,Raining,Wet,Dark - Street Lights On,,,,10.0,Entering at angle,0,0,False,0
-122.344560648336,47.6938220345019,195302,267958,268738,E762756,Matched,Block,,AURORA AVE N BETWEEN N 89TH ST AND N 90TH ST, ,,2,Injury Collision,Rear Ended,4,0,0,3,1,0,2018-01-23 00:00:00+00,1/23/2018 4:15:00 PM,Mid-Block (not related to intersection),14,"MOTOR VEHICLE STRUCK MOTOR VEHICLE, REAR END",True,False,Raining,Wet,Daylight,,,,13.0,From same direction - both going straight - both moving - rear-end,0,0,False,0
-122.293906878797,47.7192711749465,195303,267957,268737,E762766,Matched,Intersection,36600.0,32ND AVE NE AND NE 125TH ST, ,,1,Property Damage Only Collision,Other,2,0,0,2,0,0,2018-01-24 00:00:00+00,1/24/2018 12:45:00 PM,At Intersection (intersection related),11,"MOTOR VEHICLE STRUCK MOTOR VEHICLE, FRONT END AT ANGLE",True,False,Raining,Wet,Daylight,,,,23.0,From same direction - all others,0,0,False,0
-122.37080770748,47.5647139670996,195658,265959,266759,3742034,Matched,Intersection,32144.0,30TH AVE SW AND SW GENESEE ST, ,,2,Injury Collision,Angles,2,0,0,2,1,0,2018-01-16 00:00:00+00,1/16/2018 5:09:00 PM,At Intersection (intersection related),11,"MOTOR VEHICLE STRUCK MOTOR VEHICLE, FRONT END AT ANGLE",,False,Overcast,Dry,Dusk,,,,10.0,Entering at angle,0,0,False,0
-122.323554449457,47.7182068554905,195304,267939,268719,E762769,Matched,Block,,5TH AVE NE BETWEEN NE 123RD ST AND NE 124TH ST, ,,1,Property Damage Only Collision,Rear Ended,7,0,0,2,0,0,2018-01-24 00:00:00+00,1/24/2018 4:46:00 PM,Mid-Block (but intersection related),14,"MOTOR VEHICLE STRUCK MOTOR VEHICLE, REAR END",,False,Raining,Wet,Daylight,,,,14.0,From same direction - both going straight - one stopped - rear-end,0,0,False,0
-122.408458741684,47.5680391248524,195306,268085,268865,3742040,Matched,Block,,59TH AVE SW BETWEEN SW ANDOVER ST AND SW CARROLL ST, ,,1,Property Damage Only Collision,Parked Car,2,0,0,2,0,0,2018-01-27 00:00:00+00,1/27/2018 12:31:00 AM,Mid-Block (not related to intersection),11,"MOTOR VEHICLE STRUCK MOTOR VEHICLE, FRONT END AT ANGLE",,False,Raining,Wet,Dark - Street Lights On,,,,32.0,One parked--one moving,0,0,False,0
-122.386371390052,47.5853712112779,195307,268278,269058,E763836,Matched,Intersection,31020.0,CALIFORNIA AVE SW AND SW HILL ST, ,,2,Injury Collision,Angles,3,0,0,2,1,0,2018-01-27 00:00:00+00,1/27/2018 5:16:00 PM,At Intersection (intersection related),11,"MOTOR VEHICLE STRUCK MOTOR VEHICLE, FRONT END AT ANGLE",,False,Clear or Partly Cloudy,Dry,Dark - Street Lights On,,,,10.0,Entering at angle,0,0,False,0
-122.31428581565,47.6612769782891,195308,267938,268718,E762755,Matched,Intersection,27063.0,BROOKLYN AVE NE AND NE 45TH ST, ,,1,Property Damage Only Collision,Other,2,0,0,2,0,0,2018-01-23 00:00:00+00,1/23/2018 4:45:00 PM,At Intersection (intersection related),14,"MOTOR VEHICLE STRUCK MOTOR VEHICLE, REAR END",,False,Raining,Wet,Dark - Street Lights On,,,True,52.0,Vehicle overturned,0,0,False,0
-122.3395941192,47.6274706502081,195309,268127,268907,3754121,Matched,Intersection,28758.0,ALOHA ST AND WESTLAKE EAST RDWY AVE N,NEI,"Not Enough Information, or Insufficient Location Information",1,Property Damage Only Collision,Rear Ended,2,0,0,2,0,0,2018-01-29 00:00:00+00,1/29/2018 8:45:00 PM,At Intersection (intersection related),0,NOT ENOUGH INFORMATION / NOT APPLICABLE,,False,Unknown,Unknown,Unknown,,,,73.0,Same direction -- both turning right -- both moving -- rear end,0,0,False,0
-122.332714379347,47.6041971207598,195310,268084,268864,3739174,Matched,Intersection,29970.0,3RD AVE AND COLUMBIA ST, ,,2,Injury Collision,Angles,3,0,0,2,1,0,2018-01-25 00:00:00+00,1/25/2018 10:22:00 PM,At Intersection (intersection related),14,"MOTOR VEHICLE STRUCK MOTOR VEHICLE, REAR END",,False,Overcast,Wet,Dark - Street Lights On,,,,10.0,Entering at angle,0,0,False,0
-122.335118743008,47.6101805006637,195311,268222,269002,3811931,Matched,Block,,5TH AVE BETWEEN UNION ST AND PIKE ST, ,,1,Property Damage Only Collision,Parked Car,2,0,0,2,0,0,2018-01-29 00:00:00+00,1/29/2018 3:31:00 PM,Mid-Block (not related to intersection),11,"MOTOR VEHICLE STRUCK MOTOR VEHICLE, FRONT END AT ANGLE",,False,Raining,Wet,Daylight,,,,32.0,One parked--one moving,0,0,False,0
-122.267520707412,47.690360132296,195312,267937,268717,E762768,Matched,Block,,SAND POINT WAY NE BETWEEN BURKE GILMAN SAND POINT TRL AND INVERNESS DR NE, ,,2,Injury Collision,Rear Ended,2,0,0,2,1,0,2018-01-24 00:00:00+00,1/24/2018 5:27:00 PM,Mid-Block (but intersection related),14,"MOTOR VEHICLE STRUCK MOTOR VEHICLE, REAR END",,False,Raining,Wet,Dark - Street Lights On,,,,13.0,From same direction - both going straight - both moving - rear-end,0,0,False,0
-122.335975793952,47.6077631769408,195313,267923,268703,3811927,Matched,Intersection,29601.0,3RD AVE AND UNIVERSITY ST, ,,1,Property Damage Only Collision,,3,0,1,1,0,0,2018-01-27 00:00:00+00,1/27/2018 3:20:00 PM,At Intersection (intersection related),51,PEDALCYCLIST STRUCK MOTOR VEHICLE FRONT END AT ANGLE,,False,Overcast,Dry,Daylight,,,,,,0,0,False,0
-122.376638016698,47.5304395543488,195314,268083,268863,3731972,Matched,Intersection,34669.0,35TH AVE SW AND SW ELMGROVE N ST, ,,1,Property Damage Only Collision,Rear Ended,2,0,0,2,0,0,2018-01-26 00:00:00+00,1/26/2018 12:26:00 PM,At Intersection (intersection related),14,"MOTOR VEHICLE STRUCK MOTOR VEHICLE, REAR END",,False,Overcast,Wet,Daylight,,,,14.0,From same direction - both going straight - one stopped - rear-end,0,0,False,0
-122.305539413888,47.5880759506796,195315,268060,268840,3702335,Matched,Block,,RAINIER AVE S BETWEEN S MASSACHUSETTS ST AND S STATE ST, ,,1,Property Damage Only Collision,Sideswipe,2,0,0,2,0,0,2018-01-26 00:00:00+00,1/26/2018 8:30:00 AM,Mid-Block (not related to intersection),14,"MOTOR VEHICLE STRUCK MOTOR VEHICLE, REAR END",True,False,Raining,Wet,Daylight,,,,11.0,From same direction - both going straight - both moving - sideswipe,0,0,False,0
-122.320284005733,47.5264574802919,195316,267922,268702,3780899,Matched,Intersection,35095.0,10TH AVE S AND S CLOVERDALE ST, ,,1,Property Damage Only Collision,Angles,2,0,0,2,0,0,2018-01-28 00:00:00+00,1/28/2018 8:29:00 AM,At Intersection (intersection related),11,"MOTOR VEHICLE STRUCK MOTOR VEHICLE, FRONT END AT ANGLE",,False,Overcast,Wet,Daylight,,,,10.0,Entering at angle,0,0,False,0
-122.27758305205,47.6360738291908,195317,268059,268839,3702313,Matched,Block,,E MADISON ST BETWEEN E HOWE ST AND 43RD AVE E, ,,1,Property Damage Only Collision,Parked Car,6,0,0,2,0,0,2018-01-26 00:00:00+00,1/26/2018 11:33:00 PM,Mid-Block (not related to intersection),11,"MOTOR VEHICLE STRUCK MOTOR VEHICLE, FRONT END AT ANGLE",,True,Clear or Partly Cloudy,Dry,Dark - Street Lights On,,,,32.0,One parked--one moving,0,0,True,0
-122.382129996568,47.6686757988493,195319,268057,268837,3694199,Matched,Intersection,25152.0,20TH AVE NW AND NW MARKET ST, ,,2,Injury Collision,Pedestrian,2,1,0,1,1,0,2018-01-26 00:00:00+00,1/26/2018 7:16:00 PM,At Intersection (intersection related),24,MOTOR VEHCILE STRUCK PEDESTRIAN,,False,Raining,Wet,Dark - Street Lights On,True,,True,2.0,Vehicle turning left hits pedestrian,0,0,False,0
-122.333718701038,47.6650357207705,195322,267891,268671,3754238,Matched,Intersection,25525.0,MERIDIAN AVE N AND N 50TH ST, ,,1,Property Damage Only Collision,Rear Ended,2,0,0,2,0,0,2018-01-28 00:00:00+00,1/28/2018 8:53:00 PM,At Intersection (but not related to intersection),14,"MOTOR VEHICLE STRUCK MOTOR VEHICLE, REAR END",,False,Clear or Partly Cloudy,Dry,Dark - Street Lights On,,,,13.0,From same direction - both going straight - both moving - rear-end,0,0,False,0
-122.342292417391,47.6309971650249,195323,268123,268903,3753392,Matched,Block,,DEXTER AVE N BETWEEN COMSTOCK ST AND LEE ST, ,,1,Property Damage Only Collision,Parked Car,2,0,0,2,0,0,2018-01-26 00:00:00+00,1/26/2018 7:21:00 AM,Mid-Block (not related to intersection),11,"MOTOR VEHICLE STRUCK MOTOR VEHICLE, FRONT END AT ANGLE",,False,Raining,Wet,Dawn,,,,32.0,One parked--one moving,0,0,False,0
-122.371717897284,47.6335267988572,195327,268879,269679,3818355,Matched,Intersection,27966.0,11TH AVE W AND W GARFIELD ST, ,,1,Property Damage Only Collision,Other,1,0,0,1,0,0,2018-02-01 00:00:00+00,2/1/2018 4:18:00 AM,At Intersection (intersection related),26,MOTOR VEHICLE STRUCK OBJECT IN ROAD,True,False,Clear or Partly Cloudy,Dry,Dark - Street Lights On,,,,50.0,Fixed object,0,0,False,0
-122.386829870783,47.5593247590216,195330,268757,269557,E764307,Matched,Intersection,32768.0,CALIFORNIA AVE SW AND ERSKINE WAY SW, ,,1,Property Damage Only Collision,Sideswipe,2,0,0,2,0,0,2018-01-30 00:00:00+00,1/30/2018 7:38:00 PM,At Intersection (intersection related),11,"MOTOR VEHICLE STRUCK MOTOR VEHICLE, FRONT END AT ANGLE",True,False,Overcast,Dry,Dark - Street Lights On,,,,12.0,From same direction - both going straight - one stopped - sideswipe,0,0,False,0
-122.322107277727,47.645053446073,195332,268740,269537,E764253,Matched,Block,,HARVARD AVE E BETWEEN E EDGAR ST AND HAMLIN ST ON RP, ,,1,Property Damage Only Collision,Left Turn,2,0,0,2,0,0,2018-01-29 00:00:00+00,1/29/2018 4:11:00 PM,Mid-Block (not related to intersection),11,"MOTOR VEHICLE STRUCK MOTOR VEHICLE, FRONT END AT ANGLE",,False,Raining,Wet,Daylight,,,,28.0,From opposite direction - one left turn - one straight,0,0,False,0
-122.32790375541,47.6152384202663,195333,268861,269661,3773746,Matched,Intersection,29863.0,MELROSE AVE AND PINE ST, ,,2,Injury Collision,Pedestrian,3,0,1,1,1,0,2018-02-01 00:00:00+00,2/1/2018 7:27:00 AM,At Intersection (intersection related),51,PEDALCYCLIST STRUCK MOTOR VEHICLE FRONT END AT ANGLE,,False,Overcast,Dry,Daylight,,,,5.0,Vehicle Strikes Pedalcyclist,10336,0,False,0
-122.326830296806,47.6135208104155,195334,268739,269519,E764252,Matched,Block,,BELLEVUE AVE BETWEEN E UNION ST AND E PIKE ST, ,,1,Property Damage Only Collision,Parked Car,2,0,0,2,0,0,2018-01-28 00:00:00+00,1/28/2018 4:15:00 PM,Mid-Block (not related to intersection),11,"MOTOR VEHICLE STRUCK MOTOR VEHICLE, FRONT END AT ANGLE",,False,Raining,Wet,Dark - Street Lights On,,,,32.0,One parked--one moving,0,0,False,0
-122.375702397132,47.6539322348698,195335,268877,269677,3784830,Matched,Intersection,26735.0,15TH AV W OFF RP AND W NICKERSON ST, ,,1,Property Damage Only Collision,Angles,2,0,0,2,0,0,2018-01-21 00:00:00+00,1/21/2018 2:42:00 PM,At Intersection (intersection related),11,"MOTOR VEHICLE STRUCK MOTOR VEHICLE, FRONT END AT ANGLE",,False,Raining,Wet,Daylight,,,,10.0,Entering at angle,0,0,False,0
-122.310949419142,47.5951162837385,195336,268437,269217,E763141,Matched,Block,,RAINIER AVE S BETWEEN S DEARBORN ST AND S CHARLES N ST, ,,1,Property Damage Only Collision,Sideswipe,2,0,0,2,0,0,2018-01-26 00:00:00+00,1/26/2018 6:24:00 PM,Mid-Block (not related to intersection),11,"MOTOR VEHICLE STRUCK MOTOR VEHICLE, FRONT END AT ANGLE",,False,Raining,Wet,Dark - Street Lights On,,,,11.0,From same direction - both going straight - both moving - sideswipe,0,0,False,0
-122.36591253868,47.5173632010711,195340,268860,269660,3745430,Matched,Intersection,34902.0,26TH AVE SW AND SW ROXBURY ST, ,,2,Injury Collision,Angles,2,0,0,2,1,0,2018-02-01 00:00:00+00,2/1/2018 5:08:00 AM,At Intersection (intersection related),11,"MOTOR VEHICLE STRUCK MOTOR VEHICLE, FRONT END AT ANGLE",,False,Clear or Partly Cloudy,Dry,Dark - Street Lights On,,,,10.0,Entering at angle,0,0,False,0
-122.325597863795,47.6081595517729,195343,268678,269458,E764837,Matched,Intersection,29923.0,MARION ST AND TERRY AVE, ,,1,Property Damage Only Collision,Other,2,0,0,2,0,0,2018-01-31 00:00:00+00,1/31/2018 12:18:00 PM,At Intersection (but not related to intersection),14,"MOTOR VEHICLE STRUCK MOTOR VEHICLE, REAR END",True,False,Overcast,Dry,Daylight,,,,23.0,From same direction - all others,0,0,False,0
-122.299595752935,47.6757753545602,195344,268398,269178,3754259,Matched,Intersection,24696.0,26TH AVE NE AND NE 65TH ST, ,,2,Injury Collision,Pedestrian,2,0,1,1,1,0,2018-01-30 00:00:00+00,1/30/2018 5:51:00 AM,At Intersection (intersection related),51,PEDALCYCLIST STRUCK MOTOR VEHICLE FRONT END AT ANGLE,,False,Overcast,Dry,Dark - Street Lights On,,,,5.0,Vehicle Strikes Pedalcyclist,0,0,False,0
-122.311577423146,47.5992245959813,195346,268331,269111,E762954,Matched,Intersection,30748.0,16TH AVE S AND S JACKSON ST, ,,2,Injury Collision,Angles,4,0,0,2,3,0,2018-01-21 00:00:00+00,1/21/2018 10:12:00 PM,At Intersection (intersection related),11,"MOTOR VEHICLE STRUCK MOTOR VEHICLE, FRONT END AT ANGLE",,False,Clear or Partly Cloudy,Wet,Dark - Street Lights On,,,,10.0,Entering at angle,0,0,False,0
-122.334200248084,47.5808545352323,195347,268330,269110,3549667,Matched,Block,,1ST AVE S BETWEEN S STACY ST AND S LANDER ST, ,,1,Property Damage Only Collision,Rear Ended,2,0,0,2,0,0,2018-01-29 00:00:00+00,1/29/2018 9:13:00 PM,Mid-Block (but intersection related),14,"MOTOR VEHICLE STRUCK MOTOR VEHICLE, REAR END",,True,Overcast,Wet,Dark - Street Lights On,,,,14.0,From same direction - both going straight - one stopped - rear-end,0,0,False,0
-122.290798018996,47.7209448601243,195349,268657,269437,E764818,Matched,Block,,35TH AVE NE BETWEEN NE 125TH ST AND NE 130TH S ST, ,,1,Property Damage Only Collision,Angles,2,0,0,2,0,0,2018-01-30 00:00:00+00,1/30/2018 6:55:00 AM,Mid-Block (not related to intersection),11,"MOTOR VEHICLE STRUCK MOTOR VEHICLE, FRONT END AT ANGLE",,False,Overcast,Dry,Daylight,,,,10.0,Entering at angle,0,0,False,0
-122.36617795186,47.6686533858762,195350,268329,269109,E763365,Matched,Intersection,25419.0,8TH AVE NW AND NW MARKET ST, ,,2,Injury Collision,Right Turn,4,0,0,2,1,0,2018-01-28 00:00:00+00,1/28/2018 3:49:00 PM,At Intersection (intersection related),14,"MOTOR VEHICLE STRUCK MOTOR VEHICLE, REAR END",,False,Clear or Partly Cloudy,Dry,Daylight,,,,16.0,From same direction - one right turn - one straight,0,0,False,0
-122.290507530639,47.6051547405576,195351,268859,269659,E764581,Matched,Intersection,30330.0,33RD AVE AND E TERRACE ST, ,,1,Property Damage Only Collision,Other,1,0,0,1,0,0,2018-01-30 00:00:00+00,1/30/2018 4:30:00 PM,At Intersection (intersection related),26,MOTOR VEHICLE STRUCK OBJECT IN ROAD,,False,Clear or Partly Cloudy,Dry,Daylight,,,,50.0,Fixed object,0,0,False,0