longitude,latitude,objectid,inckey,coldetkey,reportno,status,addrtype,intkey,location,exceptrsncode,exceptrsndesc,severitycode,severitydesc,collisiontype,personcount,pedcount,pedcylcount,vehcount,injuries,fatalities,incdate,incdttm,junctiontype,sdot_colcode,sdot_coldesc,inattentionind,underinfl,weather,roadcond,lightcond,pedrownotgrnt,sdotcolnum,speeding,st_colcode,st_coldesc,seglanekey,crosswalkkey,hitparkedcar,seriousinjuries
-122.390896093469,47.6323256086886,195353,268878,269678,3811936,Matched,Intersection,27755.0,MAGNOLIA BR AND W GALER ST, ,,2,Injury Collision,Sideswipe,3,0,0,3,1,0,2018-01-31 00:00:00+00,1/31/2018 5:32:00 PM,At Intersection (intersection related),11,"MOTOR VEHICLE STRUCK MOTOR VEHICLE, FRONT END AT ANGLE",True,False,Clear or Partly Cloudy,Dry,Dark - Street Lights On,,,,11.0,From same direction - both going straight - both moving - sideswipe,0,0,False,0
-122.318104033718,47.6039358070342,195354,268323,269103,E762828,Matched,Block,,11TH AVE BETWEEN E SPRUCE ST AND E ALDER ST, ,,1,Property Damage Only Collision,Parked Car,4,0,0,4,0,0,2018-01-19 00:00:00+00,1/19/2018 5:16:00 PM,Mid-Block (not related to intersection),11,"MOTOR VEHICLE STRUCK MOTOR VEHICLE, FRONT END AT ANGLE",True,False,Clear or Partly Cloudy,Dry,Daylight,,,,32.0,One parked--one moving,0,0,False,0
-122.331703040158,47.6056059859626,195359,268577,269357,E764575,Matched,Block,,MARION ST BETWEEN 4TH AVE AND 5TH AVE, ,,1,Property Damage Only Collision,Sideswipe,2,0,0,2,0,0,2018-01-25 00:00:00+00,1/25/2018 2:01:00 PM,Mid-Block (not related to intersection),14,"MOTOR VEHICLE STRUCK MOTOR VEHICLE, REAR END",True,False,Overcast,Wet,Daylight,,,,11.0,From same direction - both going straight - both moving - sideswipe,0,0,False,0
-122.369911545775,47.5246698853804,195367,268962,269762,3693194,Matched,Intersection,34935.0,29TH AVE SW AND SW TRENTON ST, ,,1,Property Damage Only Collision,Angles,7,0,0,2,0,0,2018-02-02 00:00:00+00,2/2/2018 3:17:00 PM,At Intersection (intersection related),11,"MOTOR VEHICLE STRUCK MOTOR VEHICLE, FRONT END AT ANGLE",,False,Overcast,Dry,Daylight,,,,10.0,Entering at angle,0,0,False,0
-122.343074952979,47.6160329394762,195369,268961,269761,3584952,Matched,Intersection,29531.0,5TH AVE AND BELL ST, ,,1,Property Damage Only Collision,Right Turn,2,0,0,2,0,0,2018-02-03 00:00:00+00,2/3/2018 6:24:00 PM,At Intersection (intersection related),11,"MOTOR VEHICLE STRUCK MOTOR VEHICLE, FRONT END AT ANGLE",,False,Raining,Wet,Dark - Street Lights On,,,,16.0,From same direction - one right turn - one straight,0,0,False,0
-122.345213271396,47.6126064570125,195370,268960,269760,3584927,Matched,Intersection,29703.0,1ST AVE AND BLANCHARD ST, ,,1,Property Damage Only Collision,Angles,2,0,0,2,0,0,2018-02-04 00:00:00+00,2/4/2018 11:39:00 PM,At Intersection (intersection related),11,"MOTOR VEHICLE STRUCK MOTOR VEHICLE, FRONT END AT ANGLE",True,False,Clear or Partly Cloudy,Dry,Dark - Street Lights On,,,,10.0,Entering at angle,0,0,False,0
-122.344771984862,47.6111727702874,195372,268959,269759,3583909,Matched,Intersection,29722.0,LENORA ST AND WESTERN AVE, ,,2,Injury Collision,Angles,2,0,0,2,1,0,2018-02-02 00:00:00+00,2/2/2018 8:49:00 PM,At Intersection (intersection related),11,"MOTOR VEHICLE STRUCK MOTOR VEHICLE, FRONT END AT ANGLE",,True,Clear or Partly Cloudy,Dry,Dark - Street Lights On,,,,10.0,Entering at angle,0,0,False,0
-122.323310168053,47.7097868202514,195391,268903,269703,E764989,Matched,Block,,5TH AVE NE BETWEEN NE 112TH S ST AND NE 112TH N ST, ,,2,Injury Collision,Parked Car,2,0,0,2,1,0,2018-01-30 00:00:00+00,1/30/2018 11:22:00 AM,Mid-Block (not related to intersection),14,"MOTOR VEHICLE STRUCK MOTOR VEHICLE, REAR END",,False,Clear or Partly Cloudy,Dry,Daylight,,,,32.0,One parked--one moving,0,0,False,0
-122.316780997411,47.6047770358135,195399,268901,269701,E764582,Matched,Block,,12TH AVE BETWEEN E ALDER ST AND E TERRACE ST, ,,1,Property Damage Only Collision,Parked Car,2,0,0,2,0,0,2018-01-30 00:00:00+00,1/30/2018 2:30:00 PM,Mid-Block (not related to intersection),11,"MOTOR VEHICLE STRUCK MOTOR VEHICLE, FRONT END AT ANGLE",,False,Clear or Partly Cloudy,Dry,Daylight,,,,20.0,One car leaving parked position,0,0,False,0
-122.33419497847,47.5913553096544,195403,268881,269681,E765273,Matched,Block,,1ST AVE S BETWEEN S ROYAL BROUGHAM WAY AND S ATLANTIC ST, ,,2,Injury Collision,Pedestrian,2,1,0,1,1,0,2018-01-30 00:00:00+00,1/30/2018 3:00:00 PM,Mid-Block (not related to intersection),24,MOTOR VEHCILE STRUCK PEDESTRIAN,,True,Clear or Partly Cloudy,Dry,Daylight,,,,2.0,Vehicle turning left hits pedestrian,0,0,False,0
-122.317852209262,47.7085609870393,195404,268964,269764,3754240,Matched,Intersection,36501.0,ROOSEVELT WAY NE AND NE NORTHGATE WAY, ,,1,Property Damage Only Collision,Right Turn,6,0,0,2,0,0,2018-02-03 00:00:00+00,2/3/2018 9:36:00 PM,At Intersection (intersection related),11,"MOTOR VEHICLE STRUCK MOTOR VEHICLE, FRONT END AT ANGLE",True,False,Raining,Wet,Dark - No Street Lights,,,True,16.0,From same direction - one right turn - one straight,0,0,False,0
-122.382525972989,47.5731557209727,195406,268963,269763,3742041,Matched,Intersection,31830.0,40TH AVE SW AND SW HINDS ST, ,,1,Property Damage Only Collision,Angles,3,0,0,2,0,0,2018-02-02 00:00:00+00,2/2/2018 8:38:00 AM,At Intersection (intersection related),11,"MOTOR VEHICLE STRUCK MOTOR VEHICLE, FRONT END AT ANGLE",True,False,Overcast,Wet,Daylight,,,,10.0,Entering at angle,0,0,False,0
-122.30088691635,47.6632661768253,195409,268880,269680,E763363,Matched,Intersection,25960.0,25TH AVE NE AND NE 47TH ST, ,,2,Injury Collision,Pedestrian,2,1,0,1,1,0,2018-01-27 00:00:00+00,1/27/2018 1:32:00 PM,At Intersection (intersection related),24,MOTOR VEHCILE STRUCK PEDESTRIAN,,False,Clear or Partly Cloudy,Dry,Daylight,,,,1.0,Vehicle turning right hits pedestrian,0,0,False,0
-122.327241117813,47.6619779444112,195464,264757,265537,E756994,Matched,Block,,2ND AVE NE BETWEEN NE 45TH ST AND NE 46TH ST, ,,1,Property Damage Only Collision,Parked Car,2,0,0,2,0,0,2018-01-10 00:00:00+00,1/10/2018 1:43:00 PM,Driveway Junction,14,"MOTOR VEHICLE STRUCK MOTOR VEHICLE, REAR END",True,False,Overcast,Dry,Daylight,,,,32.0,One parked--one moving,0,0,False,0
-122.355871648931,47.6777816410745,195458,264777,265557,3289387,Matched,Block,,N 67TH ST BETWEEN PALATINE AVE N AND GREENWOOD AVE N, ,,1,Property Damage Only Collision,Parked Car,2,0,0,2,0,0,2018-01-10 00:00:00+00,1/10/2018 12:19:00 AM,Mid-Block (not related to intersection),12,"MOTOR VEHICLE STRUCK MOTOR VEHICLE, RIGHT SIDE AT ANGLE",,True,Overcast,Wet,Dark - Street Lights On,,,,32.0,One parked--one moving,0,0,True,0
-122.315238737376,47.664917341646,195459,264758,265538,E756948,Matched,Intersection,25791.0,12TH AVE NE AND NE 50TH ST, ,,2,Injury Collision,Rear Ended,3,0,0,2,2,0,2018-01-09 00:00:00+00,1/9/2018 1:00:00 PM,At Intersection (intersection related),14,"MOTOR VEHICLE STRUCK MOTOR VEHICLE, REAR END",True,False,Raining,Wet,Daylight,,,,74.0,Same direction -- both turning right -- one stopped -- rear end,0,0,False,0
-122.334184941078,47.6000442273997,195461,265328,266128,3739172,Matched,Intersection,30364.0,1ST AVE S AND S MAIN ST, ,,1,Property Damage Only Collision,Rear Ended,2,0,0,2,0,0,2018-01-12 00:00:00+00,1/12/2018 11:27:00 PM,At Intersection (but not related to intersection),14,"MOTOR VEHICLE STRUCK MOTOR VEHICLE, REAR END",,True,Overcast,Wet,Dark - Street Lights On,,,,14.0,From same direction - both going straight - one stopped - rear-end,0,0,False,0
-122.362186623431,47.6466487476361,195946,266138,266938,E759836,Matched,Intersection,27762.0,4TH AVE W AND W BARRETT ST, ,,1,Property Damage Only Collision,Angles,2,0,0,2,0,0,2018-01-18 00:00:00+00,1/18/2018 3:18:00 PM,At Intersection (intersection related),11,"MOTOR VEHICLE STRUCK MOTOR VEHICLE, FRONT END AT ANGLE",,False,Raining,Wet,Daylight,,,,10.0,Entering at angle,0,0,False,0
-122.293616377116,47.5724080770677,195463,263820,264600,3764575,Matched,Block,,RAINIER AVE S BETWEEN S WALDEN ST AND S ESTELLE ST, ,,2,Injury Collision,Sideswipe,5,0,0,2,1,0,2018-01-03 00:00:00+00,1/3/2018 8:30:00 AM,Mid-Block (not related to intersection),14,"MOTOR VEHICLE STRUCK MOTOR VEHICLE, REAR END",,True,Clear or Partly Cloudy,Dry,Daylight,,,True,12.0,From same direction - both going straight - one stopped - sideswipe,0,0,False,0
-122.322791106699,47.6034148339535,195466,264228,265008,3773938,Matched,Intersection,30398.0,9TH AVE AND ALDER ST, ,,2,Injury Collision,Pedestrian,2,1,0,1,1,0,2018-01-04 00:00:00+00,1/4/2018 3:22:00 PM,At Intersection (intersection related),24,MOTOR VEHCILE STRUCK PEDESTRIAN,,False,Overcast,Wet,Daylight,True,,,2.0,Vehicle turning left hits pedestrian,0,522292,False,0
-122.349895805707,47.6854895112276,195467,264857,265637,E756951,Matched,Intersection,24294.0,FREMONT AVE N AND N 78TH ST, ,,2,Injury Collision,Pedestrian,2,0,1,1,1,0,2018-01-09 00:00:00+00,1/9/2018 5:13:00 PM,At Intersection (intersection related),11,"MOTOR VEHICLE STRUCK MOTOR VEHICLE, FRONT END AT ANGLE",,False,Raining,Wet,Dark - Street Lights On,,,,5.0,Vehicle Strikes Pedalcyclist,0,0,False,0
-122.342280211034,47.7232107150464,195473,264226,265006,3754076,Matched,Intersection,35762.0,STONE AVE N AND N 130TH ST, ,,2,Injury Collision,Angles,3,0,0,2,1,0,2018-01-04 00:00:00+00,1/4/2018 10:42:00 PM,At Intersection (intersection related),11,"MOTOR VEHICLE STRUCK MOTOR VEHICLE, FRONT END AT ANGLE",,False,Raining,Wet,Dark - Street Lights On,,,,10.0,Entering at angle,0,0,False,0
-122.311881344463,47.6685399956098,195474,264837,265617,E756949,Matched,Intersection,26013.0,15TH AVE NE AND NE 55TH ST, ,,1,Property Damage Only Collision,Angles,2,0,0,2,0,0,2018-01-09 00:00:00+00,1/9/2018 12:30:00 PM,At Intersection (intersection related),11,"MOTOR VEHICLE STRUCK MOTOR VEHICLE, FRONT END AT ANGLE",,False,Raining,Wet,Daylight,,,,10.0,Entering at angle,0,0,False,0
-122.344618786098,47.6987137666803,195475,264225,265005,3754061,Matched,Intersection,37313.0,AURORA AVE N AND N 96TH N ST, ,,2b,Serious Injury Collision,Pedestrian,2,1,0,1,1,0,2018-01-06 00:00:00+00,1/6/2018 9:40:00 PM,At Intersection (intersection related),24,MOTOR VEHCILE STRUCK PEDESTRIAN,,False,Overcast,Wet,Dark - Street Lights On,,,,0.0,Vehicle going straight hits pedestrian,0,0,False,1
-122.263668104722,47.6821240651352,195476,264224,265004,3754056,Matched,Intersection,24994.0,SAND POINT WAY NE AND NE 74TH ST, ,,1,Property Damage Only Collision,Left Turn,2,0,0,2,0,0,2018-01-05 00:00:00+00,1/5/2018 6:34:00 AM,At Intersection (intersection related),11,"MOTOR VEHICLE STRUCK MOTOR VEHICLE, FRONT END AT ANGLE",,False,Raining,Wet,Dark - Street Lights On,,,,28.0,From opposite direction - one left turn - one straight,0,0,False,0
-122.387206201362,47.5456811785009,195479,265329,266129,3741979,Matched,Block,,CALIFORNIA AVE SW BETWEEN SW EDDY ST AND SW BEVERIDGE PL, ,,2,Injury Collision,Parked Car,3,0,0,3,1,0,2018-01-13 00:00:00+00,1/13/2018 2:00:00 AM,Mid-Block (not related to intersection),14,"MOTOR VEHICLE STRUCK MOTOR VEHICLE, REAR END",,True,Overcast,Wet,Dark - Street Lights On,,,,32.0,One parked--one moving,0,0,True,0
-122.350465546695,47.6133669632782,195483,264222,265002,3753774,Matched,Intersection,29697.0,ELLIOTT AVE AND WALL ST, ,,1,Property Damage Only Collision,Angles,2,0,0,2,0,0,2018-01-05 00:00:00+00,1/5/2018 9:39:00 PM,At Intersection (intersection related),11,"MOTOR VEHICLE STRUCK MOTOR VEHICLE, FRONT END AT ANGLE",,True,Raining,Wet,Dark - Street Lights On,,,,10.0,Entering at angle,0,0,False,0
-122.332537902033,47.6626268431162,195484,264221,265001,3705804,Matched,Intersection,25875.0,BAGLEY AVE N AND N 46TH ST, ,,2,Injury Collision,,2,0,1,1,1,0,2018-01-05 00:00:00+00,1/5/2018 2:50:00 PM,At Intersection (intersection related),18,"MOTOR VEHICLE STRUCK PEDALCYCLIST, FRONT END AT ANGLE",,False,Raining,Wet,Daylight,,,True,,,0,0,False,0
-122.385935988461,47.6568326321611,195486,264817,265597,E756240,Matched,Block,,23RD AVE W BETWEEN W EMERSON PL AND W ELMORE ST,NEI,"Not Enough Information, or Insufficient Location Information",1,Property Damage Only Collision,Other,2,0,0,2,0,0,2018-01-03 00:00:00+00,1/3/2018 1:28:00 PM,Mid-Block (not related to intersection),14,"MOTOR VEHICLE STRUCK MOTOR VEHICLE, REAR END",,False,Unknown,Unknown,Unknown,,,,51.0,Other object,0,0,True,0
-122.326820472814,47.6140881268882,195487,264220,265000,3702298,Matched,Intersection,29873.0,BELLEVUE AVE AND E PIKE ST, ,,2,Injury Collision,Pedestrian,2,1,0,1,1,0,2018-01-06 00:00:00+00,1/6/2018 5:04:00 PM,At Intersection (intersection related),24,MOTOR VEHCILE STRUCK PEDESTRIAN,,False,Clear or Partly Cloudy,Wet,Dark - Street Lights On,True,,,2.0,Vehicle turning left hits pedestrian,0,523833,False,0
-122.305696271613,47.6026728452286,195497,265330,266130,3774119,Matched,Block,,E FIR ST BETWEEN 20TH AVE AND 21ST AVE, ,,1,Property Damage Only Collision,Parked Car,2,0,0,2,0,0,2018-01-09 00:00:00+00,1/9/2018 10:30:00 PM,Driveway Junction,11,"MOTOR VEHICLE STRUCK MOTOR VEHICLE, FRONT END AT ANGLE",,False,Unknown,Dry,Unknown,,,,32.0,One parked--one moving,0,0,False,0
-122.33615476839,47.6142879469664,195504,267337,268117,E761741,Matched,Intersection,29552.0,7TH AVE AND STEWART ST, ,,1,Property Damage Only Collision,Sideswipe,2,0,0,2,0,0,2018-01-16 00:00:00+00,1/16/2018 8:36:00 AM,At Intersection (intersection related),14,"MOTOR VEHICLE STRUCK MOTOR VEHICLE, REAR END",,False,Overcast,Wet,Daylight,,,,12.0,From same direction - both going straight - one stopped - sideswipe,0,0,False,0
-122.303945644211,47.5992702712707,195505,267317,268097,E761354,Matched,Block,,S JACKSON ST BETWEEN 20TH PL S AND 22ND AVE S, ,,2,Injury Collision,Pedestrian,3,0,1,1,1,0,2018-01-03 00:00:00+00,1/3/2018 7:45:00 AM,Mid-Block (not related to intersection),18,"MOTOR VEHICLE STRUCK PEDALCYCLIST, FRONT END AT ANGLE",True,True,Clear or Partly Cloudy,Dry,Daylight,,,,5.0,Vehicle Strikes Pedalcyclist,0,0,False,0
-122.306844622179,47.5855084605105,195506,266697,267477,E760457,Matched,Intersection,31550.0,20TH AVE S AND S PLUM ST, ,,1,Property Damage Only Collision,Angles,2,0,0,2,0,0,2018-01-09 00:00:00+00,1/9/2018 4:24:00 PM,At Intersection (intersection related),11,"MOTOR VEHICLE STRUCK MOTOR VEHICLE, FRONT END AT ANGLE",,False,Raining,Wet,Dark - Street Lights On,,,,10.0,Entering at angle,0,0,False,0
-122.314529836452,47.5716241785597,195507,267299,268079,E761740,Matched,Intersection,32247.0,S COLUMBIAN WAY AND S SPOKANE ST, ,,2,Injury Collision,Rear Ended,2,0,0,2,1,0,2018-01-18 00:00:00+00,1/18/2018 12:49:00 PM,At Intersection (but not related to intersection),14,"MOTOR VEHICLE STRUCK MOTOR VEHICLE, REAR END",True,False,Overcast,Wet,Daylight,,,,14.0,From same direction - both going straight - one stopped - rear-end,0,0,False,0
-122.376190340515,47.5630572305704,195537,265334,266134,3742033,Matched,Block,,35TH AVE SW BETWEEN SW AVALON WAY AND SW SNOQUALMIE ST, ,,1,Property Damage Only Collision,Other,2,0,0,1,0,0,2018-01-13 00:00:00+00,1/13/2018 9:43:00 PM,Mid-Block (not related to intersection),27,MOTOR VEHICLE RAN OFF ROAD - NO COLLISION,,False,Overcast,Dry,Dark - Street Lights On,,,,50.0,Fixed object,0,0,False,0
-122.345027025033,47.7277672484865,195508,265937,266737,E759018,Matched,Block,,AURORA AVE N BETWEEN N 135TH ST AND N 137TH ST, ,,2,Injury Collision,Rear Ended,4,0,0,3,1,0,2018-01-12 00:00:00+00,1/12/2018 6:14:00 PM,Mid-Block (but intersection related),14,"MOTOR VEHICLE STRUCK MOTOR VEHICLE, REAR END",True,False,Raining,Wet,Dark - Street Lights Off,,,,14.0,From same direction - both going straight - one stopped - rear-end,0,0,False,0
-122.325974524462,47.5829358765372,195512,267298,268078,E761739,Matched,Block,,6TH AVE S BETWEEN S WALKER ST AND S STACY ST, ,,1,Property Damage Only Collision,Parked Car,2,0,0,2,0,0,2018-01-23 00:00:00+00,1/23/2018 11:29:00 AM,Mid-Block (not related to intersection),0,NOT ENOUGH INFORMATION / NOT APPLICABLE,,False,Unknown,Unknown,Unknown,,,,32.0,One parked--one moving,0,0,True,0
-122.30886086811,47.6129017532861,195515,267278,268058,3773941,Matched,Intersection,30144.0,18TH AVE AND E UNION ST, ,,2,Injury Collision,Pedestrian,2,1,0,1,1,0,2018-01-23 00:00:00+00,1/23/2018 6:34:00 PM,At Intersection (intersection related),24,MOTOR VEHCILE STRUCK PEDESTRIAN,,False,Raining,Wet,Dark - Street Lights On,True,,,1.0,Vehicle turning right hits pedestrian,0,0,False,0
-122.32825701635,47.6144245200031,195518,265917,266717,E759196,Matched,Block,,MINOR AVE BETWEEN PIKE ST AND PINE ST, ,,1,Property Damage Only Collision,Parked Car,2,0,0,2,0,0,2018-01-06 00:00:00+00,1/6/2018 1:16:00 PM,Mid-Block (not related to intersection),11,"MOTOR VEHICLE STRUCK MOTOR VEHICLE, FRONT END AT ANGLE",,False,Raining,Wet,Daylight,,,,32.0,One parked--one moving,0,0,True,0
-122.328470752597,47.6079445252975,195519,265901,266701,E759187,Matched,Intersection,29936.0,8TH AVE AND MADISON ST, ,,1,Property Damage Only Collision,Sideswipe,3,0,0,3,0,0,2018-01-11 00:00:00+00,1/11/2018 6:28:00 PM,At Intersection (intersection related),11,"MOTOR VEHICLE STRUCK MOTOR VEHICLE, FRONT END AT ANGLE",,False,Raining,Wet,Dark - Street Lights On,,,,11.0,From same direction - both going straight - both moving - sideswipe,0,0,False,0
-122.346227484899,47.629319390703,195520,265899,266699,E759043,Matched,Block,,TAYLOR AVE N BETWEEN PROSPECT ST AND HIGHLAND DR, ,,1,Property Damage Only Collision,Parked Car,2,0,0,2,0,0,2018-01-12 00:00:00+00,1/12/2018 2:54:00 PM,Mid-Block (not related to intersection),14,"MOTOR VEHICLE STRUCK MOTOR VEHICLE, REAR END",True,False,Clear or Partly Cloudy,Dry,Daylight,,,,32.0,One parked--one moving,0,0,True,0
-122.358148226314,47.7087283848981,195522,267277,268057,3754256,Matched,Intersection,36260.0,1ST AVE NW AND NW 110TH ST, ,,2,Injury Collision,Other,1,0,0,1,1,0,2018-01-24 00:00:00+00,1/24/2018 12:09:00 AM,At Intersection (intersection related),26,MOTOR VEHICLE STRUCK OBJECT IN ROAD,,True,Raining,Wet,Dark - Street Lights On,,,,50.0,Fixed object,0,0,False,0
-122.360479084288,47.5246933453018,195524,267261,268041,3742401,Matched,Intersection,34861.0,DELRIDGE WAY SW AND SW TRENTON ST, ,,1,Property Damage Only Collision,Angles,2,0,0,2,0,0,2018-01-23 00:00:00+00,1/23/2018 7:09:00 PM,At Intersection (intersection related),11,"MOTOR VEHICLE STRUCK MOTOR VEHICLE, FRONT END AT ANGLE",,False,Raining,Wet,Dark - Street Lights On,,,,10.0,Entering at angle,0,0,False,0
-122.36294417996,47.5552442676346,195525,267260,268040,3742257,Matched,Intersection,32936.0,DELRIDGE WAY SW AND PUGET BLVD SW,NEI,"Not Enough Information, or Insufficient Location Information",1,Property Damage Only Collision,Rear Ended,2,0,0,2,0,0,2018-01-23 00:00:00+00,1/23/2018 6:30:00 PM,At Intersection (intersection related),0,NOT ENOUGH INFORMATION / NOT APPLICABLE,,False,Raining,Wet,Dark - Street Lights On,,,,14.0,From same direction - both going straight - one stopped - rear-end,0,0,False,0
-122.296629747127,47.5763589728325,195526,266761,267541,E760459,Matched,Intersection,31495.0,M L KING JR WAY S AND RAINIER AVE S, ,,1,Property Damage Only Collision,Sideswipe,3,0,0,2,0,0,2018-01-16 00:00:00+00,1/16/2018 3:10:00 PM,At Intersection (intersection related),11,"MOTOR VEHICLE STRUCK MOTOR VEHICLE, FRONT END AT ANGLE",,False,Clear or Partly Cloudy,Dry,Daylight,,,,11.0,From same direction - both going straight - both moving - sideswipe,0,0,False,0
-122.327666994408,47.5991949241284,195527,265898,266698,E759042,Matched,Intersection,30510.0,5TH AVE S AND S JACKSON ST, ,,1,Property Damage Only Collision,Rear Ended,3,0,0,2,0,0,2018-01-11 00:00:00+00,1/11/2018 3:57:00 PM,At Intersection (intersection related),14,"MOTOR VEHICLE STRUCK MOTOR VEHICLE, REAR END",True,False,Raining,Wet,Daylight,,,,14.0,From same direction - both going straight - one stopped - rear-end,0,0,False,0
-122.346255613237,47.62584592215,195528,265897,266697,E759041,Matched,Block,,TAYLOR AVE N BETWEEN ROY ST AND VALLEY ST, ,,1,Property Damage Only Collision,Angles,2,0,0,2,0,0,2018-01-07 00:00:00+00,1/7/2018 1:30:00 PM,Mid-Block (not related to intersection),11,"MOTOR VEHICLE STRUCK MOTOR VEHICLE, FRONT END AT ANGLE",,False,Clear or Partly Cloudy,Wet,Daylight,,,,10.0,Entering at angle,0,0,False,0
-122.39963245321,47.5835269467401,195530,266760,267540,3742327,Matched,Block,,HALLECK AVE SW BETWEEN SW COLLEGE ST AND 53RD AVE SW, ,,1,Property Damage Only Collision,Other,1,0,0,1,0,0,2018-01-21 00:00:00+00,1/21/2018 4:10:00 PM,Mid-Block (not related to intersection),27,MOTOR VEHICLE RAN OFF ROAD - NO COLLISION,,False,Raining,Wet,Dawn,,,,50.0,Fixed object,0,0,False,0
-122.308059261951,47.5714208906674,195532,265336,266136,3818328,Matched,Block,,BEACON AVE S BETWEEN S SPOKANE ST AND BEACON WR AVE S, ,,2,Injury Collision,Rear Ended,7,0,0,3,1,0,2018-01-10 00:00:00+00,1/10/2018 5:07:00 PM,Mid-Block (not related to intersection),14,"MOTOR VEHICLE STRUCK MOTOR VEHICLE, REAR END",,False,Raining,Wet,Dark - Street Lights On,,,,14.0,From same direction - both going straight - one stopped - rear-end,0,0,False,0
-122.392719158321,47.5297538049135,195534,266759,267539,3742039,Matched,Intersection,34777.0,FAUNTLEROY WAY SW AND SW ROSE ST, ,,2,Injury Collision,Rear Ended,2,0,0,2,1,0,2018-01-22 00:00:00+00,1/22/2018 8:50:00 AM,At Intersection (intersection related),14,"MOTOR VEHICLE STRUCK MOTOR VEHICLE, REAR END",,False,Overcast,Wet,Daylight,,,,13.0,From same direction - both going straight - both moving - rear-end,0,0,False,0
-122.344547761013,47.6927373802,195535,266758,267538,3738979,Matched,Intersection,37353.0,AURORA AVE N AND N 88TH N ST, ,,1,Property Damage Only Collision,Sideswipe,6,0,0,2,0,0,2018-01-09 00:00:00+00,1/9/2018 5:51:00 PM,At Intersection (intersection related),11,"MOTOR VEHICLE STRUCK MOTOR VEHICLE, FRONT END AT ANGLE",,False,Raining,Wet,Dark - Street Lights On,,,,11.0,From same direction - both going straight - both moving - sideswipe,0,0,False,0
-122.349946343315,47.5173301848249,195536,265335,266135,3742135,Matched,Block,,SW ROXBURY ST BETWEEN 11TH AVE SW AND 12TH AVE SW, ,,1,Property Damage Only Collision,Rear Ended,2,0,0,2,0,0,2018-01-11 00:00:00+00,1/11/2018 7:56:00 PM,Mid-Block (not related to intersection),14,"MOTOR VEHICLE STRUCK MOTOR VEHICLE, REAR END",True,False,Raining,Wet,Dark - Street Lights On,,,,14.0,From same direction - both going straight - one stopped - rear-end,0,0,False,0
-122.318224623665,47.6193417287469,195539,265333,266133,3774120,Matched,Block,,11TH AVE E BETWEEN E DENNY WAY AND E JOHN ST, ,,1,Property Damage Only Collision,Rear Ended,3,0,0,2,0,0,2018-01-10 00:00:00+00,1/10/2018 8:45:00 PM,Mid-Block (not related to intersection),14,"MOTOR VEHICLE STRUCK MOTOR VEHICLE, REAR END",True,True,Raining,Wet,Dark - Street Lights On,,,,14.0,From same direction - both going straight - one stopped - rear-end,0,0,False,0
-122.338394751594,47.5196994213576,195541,265331,266131,3742030,Matched,Intersection,34976.0,3RD AVE SW AND OLSON PL SW, ,,1,Property Damage Only Collision,Head On,3,0,0,2,0,0,2018-01-12 00:00:00+00,1/12/2018 8:04:00 AM,At Intersection (intersection related),11,"MOTOR VEHICLE STRUCK MOTOR VEHICLE, FRONT END AT ANGLE",,False,Overcast,Wet,Daylight,,,True,30.0,From opposite direction - all others,0,0,False,0
-122.302222006625,47.5955706958849,195587,264232,265012,E754652,Matched,Intersection,30786.0,23RD AVE S AND S DEARBORN ST, ,,1,Property Damage Only Collision,Sideswipe,2,0,0,2,0,0,2018-01-02 00:00:00+00,1/2/2018 12:28:00 PM,At Intersection (intersection related),11,"MOTOR VEHICLE STRUCK MOTOR VEHICLE, FRONT END AT ANGLE",,False,Overcast,Dry,Daylight,,,,71.0,Same direction -- both turning right -- both moving -- sideswipe,0,0,False,0
-122.327624254389,47.6053401763489,195595,263845,264625,3702296,Matched,Intersection,29957.0,7TH AVE AND CHERRY ST, ,,1,Property Damage Only Collision,Pedestrian,2,1,0,1,0,0,2018-01-03 00:00:00+00,1/3/2018 4:57:00 PM,At Intersection (intersection related),24,MOTOR VEHCILE STRUCK PEDESTRIAN,True,False,Clear or Partly Cloudy,Dry,Dark - Street Lights Off,,,,1.0,Vehicle turning right hits pedestrian,0,522047,False,0
-122.304568125794,47.6449703556232,195597,264235,265015,3702297,Matched,Block,,MONTLAKE BLVD E BETWEEN SR520 WB MONTLAKE BV OFF RP AND MONTLAKE BV ON RP, ,,1,Property Damage Only Collision,Sideswipe,3,0,0,3,0,0,2018-01-04 00:00:00+00,1/4/2018 6:11:00 PM,Mid-Block (not related to intersection),11,"MOTOR VEHICLE STRUCK MOTOR VEHICLE, FRONT END AT ANGLE",,False,Raining,Wet,Dusk,,,,11.0,From same direction - both going straight - both moving - sideswipe,0,0,False,0
-122.255914323516,47.5076437313734,195600,264230,265010,3818395,Matched,Intersection,38241.0,62ND AVE S AND RENTON AVE S, ,,1,Property Damage Only Collision,Head On,5,0,0,2,0,0,2018-01-06 00:00:00+00,1/6/2018 7:15:00 PM,At Intersection (intersection related),11,"MOTOR VEHICLE STRUCK MOTOR VEHICLE, FRONT END AT ANGLE",,True,Clear or Partly Cloudy,Wet,Dark - Street Lights On,,,,30.0,From opposite direction - all others,0,0,False,0