longitude,latitude,objectid,inckey,coldetkey,reportno,status,addrtype,intkey,location,exceptrsncode,exceptrsndesc,severitycode,severitydesc,collisiontype,personcount,pedcount,pedcylcount,vehcount,injuries,fatalities,incdate,incdttm,junctiontype,sdot_colcode,sdot_coldesc,inattentionind,underinfl,weather,roadcond,lightcond,pedrownotgrnt,sdotcolnum,speeding,st_colcode,st_coldesc,seglanekey,crosswalkkey,hitparkedcar,seriousinjuries
-122.344488726189,47.6375877112052,195608,264233,265013,3289386,Matched,Block,,AURORA AVE N BETWEEN HOWE ST AND LYNN ST, ,,1,Property Damage Only Collision,Other,1,0,0,1,0,0,2018-01-06 00:00:00+00,1/6/2018 2:18:00 AM,Mid-Block (not related to intersection),28,MOTOR VEHICLE RAN OFF ROAD - HIT FIXED OBJECT,,True,Raining,Wet,Dark - Street Lights On,,,True,50.0,Fixed object,0,0,False,0
-122.348925204061,47.6185762655251,195610,263849,264629,3740167,Matched,Intersection,29656.0,4TH AVE AND DENNY WAY, ,,2,Injury Collision,Angles,2,0,0,2,2,0,2018-01-03 00:00:00+00,1/3/2018 9:38:00 PM,At Intersection (intersection related),11,"MOTOR VEHICLE STRUCK MOTOR VEHICLE, FRONT END AT ANGLE",,False,Clear or Partly Cloudy,Dry,Dark - Street Lights On,,,,10.0,Entering at angle,0,0,False,0
-122.302225887315,47.5911180976092,195620,264236,265016,3702304,Matched,Block,,23RD AVE S BETWEEN S JUDKINS ST AND MOUNTAINS TO SOUND TRL, ,,2,Injury Collision,Rear Ended,3,0,0,2,1,0,2018-01-04 00:00:00+00,1/4/2018 9:15:00 PM,Mid-Block (not related to intersection),14,"MOTOR VEHICLE STRUCK MOTOR VEHICLE, REAR END",True,False,Overcast,Dry,Dark - Street Lights On,,,,14.0,From same direction - both going straight - one stopped - rear-end,0,0,False,0
-122.333274040872,47.5743852913025,195631,264229,265009,3818392,Matched,Intersection,32332.0,OCCIDENTAL AVE S AND S HORTON ST, ,,2,Injury Collision,Angles,3,0,0,2,2,0,2018-01-04 00:00:00+00,1/4/2018 10:54:00 PM,At Intersection (intersection related),11,"MOTOR VEHICLE STRUCK MOTOR VEHICLE, FRONT END AT ANGLE",True,False,Raining,Wet,Dark - Street Lights On,,,,10.0,Entering at angle,0,0,False,0
-122.298408361371,47.6008652926771,195633,264237,265017,3702305,Matched,Block,,S WASHINGTON ST BETWEEN 26TH AVE S AND 27TH AVE S, ,,1,Property Damage Only Collision,Parked Car,2,0,0,2,0,0,2018-01-05 00:00:00+00,1/5/2018 12:00:00 PM,Mid-Block (not related to intersection),16,"MOTOR VEHICLE STRUCK MOTOR VEHICLE, LEFT SIDE SIDESWIPE",,False,Unknown,Unknown,Unknown,,,,32.0,One parked--one moving,0,0,True,0
-122.358456208079,47.5210299532285,195634,265358,266158,3742111,Matched,Intersection,34886.0,DELRIDGE WAY SW AND SW BARTON ST, ,,1,Property Damage Only Collision,Angles,3,0,0,2,0,0,2018-01-10 00:00:00+00,1/10/2018 10:57:00 PM,At Intersection (intersection related),11,"MOTOR VEHICLE STRUCK MOTOR VEHICLE, FRONT END AT ANGLE",,False,Raining,Wet,Dark - Street Lights On,,,,10.0,Entering at angle,0,0,False,0
-122.354689567817,47.617034179002,195635,266767,267547,3753790,Matched,Intersection,29663.0,EAGLE ST AND WESTERN AVE, ,,1,Property Damage Only Collision,Other,1,0,0,1,0,0,2018-01-21 00:00:00+00,1/21/2018 8:01:00 PM,At Intersection (intersection related),28,MOTOR VEHICLE RAN OFF ROAD - HIT FIXED OBJECT,,False,Unknown,Wet,,,,,50.0,Fixed object,0,0,False,0
-122.397989183097,47.5526131150889,195637,266762,267542,3742357,Matched,Block,,BEACH DR SW BETWEEN SW SHORE PL AND SW JUNEAU ST, ,,1,Property Damage Only Collision,Other,2,0,0,1,0,0,2018-01-22 00:00:00+00,1/22/2018 2:37:00 AM,Mid-Block (not related to intersection),27,MOTOR VEHICLE RAN OFF ROAD - NO COLLISION,,False,Raining,Wet,,,,,50.0,Fixed object,0,0,False,0
-122.363158809043,47.5282820448717,195639,265344,266144,3693150,Matched,Intersection,34841.0,24TH AVE SW AND SW THISTLE ST, ,,1,Property Damage Only Collision,Angles,6,0,0,3,0,0,2018-01-11 00:00:00+00,1/11/2018 7:56:00 AM,At Intersection (intersection related),11,"MOTOR VEHICLE STRUCK MOTOR VEHICLE, FRONT END AT ANGLE",True,False,Raining,Wet,Dark - Street Lights Off,,,,10.0,Entering at angle,0,0,False,0
-122.330130203975,47.6171715437359,195640,265343,266143,2616665,Matched,Block,,HOWELL ST BETWEEN MINOR AVE AND YALE AVE, ,,2,Injury Collision,Angles,3,0,0,2,1,0,2018-01-09 00:00:00+00,1/9/2018 3:50:00 PM,Driveway Junction,11,"MOTOR VEHICLE STRUCK MOTOR VEHICLE, FRONT END AT ANGLE",True,False,Overcast,Wet,Dusk,,,,10.0,Entering at angle,0,0,False,0
-122.36495015694,47.6395960608752,195641,266765,267545,3753789,Matched,Intersection,27820.0,6TH AVE W AND W MCGRAW ST, ,,2,Injury Collision,Other,1,0,0,1,1,0,2018-01-21 00:00:00+00,1/21/2018 9:25:00 PM,At Intersection (intersection related),28,MOTOR VEHICLE RAN OFF ROAD - HIT FIXED OBJECT,,True,Raining,Wet,Dark - Street Lights On,,,,50.0,Fixed object,0,0,False,0
-122.321746791342,47.6795125990479,195642,265339,266139,3738984,Matched,Intersection,24459.0,6TH AVE NE AND NE 70TH S ST, ,,1,Property Damage Only Collision,Other,1,0,0,1,0,0,2018-01-11 00:00:00+00,1/11/2018 2:53:00 AM,At Intersection (intersection related),28,MOTOR VEHICLE RAN OFF ROAD - HIT FIXED OBJECT,,False,Raining,Wet,Dark - Street Lights On,,,,50.0,Fixed object,0,0,False,0
-122.312514328216,47.5958138689629,195643,266017,266817,E759021,Matched,Block,,S DEARBORN ST BETWEEN POPLAR PL S AND DEARBORN PL S, ,,1,Property Damage Only Collision,Rear Ended,2,0,0,2,0,0,2018-01-06 00:00:00+00,1/6/2018 9:44:00 AM,Mid-Block (but intersection related),14,"MOTOR VEHICLE STRUCK MOTOR VEHICLE, REAR END",,False,Raining,Wet,Daylight,,,,14.0,From same direction - both going straight - one stopped - rear-end,0,0,False,0
-122.317228823927,47.597095859703,195644,265999,266799,E759020,Matched,Block,,12TH AVE S BETWEEN S WELLER ST AND XW S LANE ST, ,,1,Property Damage Only Collision,Sideswipe,2,0,0,2,0,0,2018-01-02 00:00:00+00,1/2/2018 7:51:00 AM,Mid-Block (but intersection related),11,"MOTOR VEHICLE STRUCK MOTOR VEHICLE, FRONT END AT ANGLE",True,False,Clear or Partly Cloudy,Dry,Daylight,,,,11.0,From same direction - both going straight - both moving - sideswipe,0,0,False,0
-122.342371585878,47.6220557452642,195645,265998,266798,3753785,Matched,Intersection,28783.0,DEXTER AVE N AND HARRISON ST, ,,2,Injury Collision,,2,0,1,1,1,0,2018-01-17 00:00:00+00,1/17/2018 8:50:00 AM,At Intersection (intersection related),18,"MOTOR VEHICLE STRUCK PEDALCYCLIST, FRONT END AT ANGLE",,False,Overcast,Wet,Daylight,True,,,,,0,0,False,0
-122.337531509987,47.6613870587588,195646,265338,266138,E756487,Matched,Block,,N 45TH ST BETWEEN DENSMORE W AVE N AND DENSMORE E AVE N, ,,2,Injury Collision,Rear Ended,2,0,0,2,1,0,2018-01-09 00:00:00+00,1/9/2018 8:40:00 AM,Mid-Block (not related to intersection),14,"MOTOR VEHICLE STRUCK MOTOR VEHICLE, REAR END",True,False,Raining,Wet,Daylight,,,,14.0,From same direction - both going straight - one stopped - rear-end,0,0,False,0
-122.304406740427,47.5588034342685,195647,265337,266137,3818527,Matched,Block,,BEACON WR AVE S BETWEEN S COLUMBIAN WAY AND S FERDINAND N ST, ,,2,Injury Collision,Left Turn,2,0,0,2,2,0,2018-01-10 00:00:00+00,1/10/2018 4:38:00 PM,Driveway Junction,11,"MOTOR VEHICLE STRUCK MOTOR VEHICLE, FRONT END AT ANGLE",,False,Overcast,Wet,Daylight,,,,15.0,From same direction - one left turn - one straight,0,0,False,0
-122.400264241378,47.5842013353862,195648,266763,267543,3744374,Matched,Block,,ALKI AVE SW BETWEEN BONAIR DR SW AND 53RD AVE SW, ,,2,Injury Collision,Parked Car,5,0,0,5,1,0,2018-01-21 00:00:00+00,1/21/2018 1:32:00 AM,Mid-Block (not related to intersection),11,"MOTOR VEHICLE STRUCK MOTOR VEHICLE, FRONT END AT ANGLE",,False,Overcast,Wet,Dark - Street Lights On,,,True,32.0,One parked--one moving,0,0,True,0
-122.355459678176,47.7059898025787,195649,264977,265757,E757330,Matched,Block,,GREENWOOD AVE N BETWEEN HOLMAN RD N AND N 107TH ST, ,,1,Property Damage Only Collision,Sideswipe,2,0,0,2,0,0,2018-01-03 00:00:00+00,1/3/2018 1:50:00 PM,Mid-Block (not related to intersection),14,"MOTOR VEHICLE STRUCK MOTOR VEHICLE, REAR END",,False,Clear or Partly Cloudy,Dry,Daylight,,,,11.0,From same direction - both going straight - both moving - sideswipe,0,0,False,0
-122.387598105746,47.6905754537773,195650,264937,265717,E757275,Matched,Intersection,36974.0,24TH AVE NW AND NW 85TH ST, ,,2,Injury Collision,Left Turn,2,0,0,2,1,0,2018-01-09 00:00:00+00,1/9/2018 2:21:00 PM,At Intersection (intersection related),11,"MOTOR VEHICLE STRUCK MOTOR VEHICLE, FRONT END AT ANGLE",,False,Raining,Wet,Daylight,,,,28.0,From opposite direction - one left turn - one straight,0,0,False,0
-122.330266446954,47.6012980020114,195651,265997,266797,3746293,Matched,Block,,3RD AVE S BETWEEN YESLER WAY AND S WASHINGTON ST, ,,1,Property Damage Only Collision,Other,1,0,0,1,0,0,2018-01-17 00:00:00+00,1/17/2018 3:12:00 PM,Mid-Block (not related to intersection),28,MOTOR VEHICLE RAN OFF ROAD - HIT FIXED OBJECT,,True,Raining,Wet,Daylight,,,,50.0,Fixed object,0,0,False,0
-122.32357267155,47.7220350097083,195652,265977,266777,E759019,Matched,Intersection,35984.0,5TH AVE NE AND 130TH ST OFF RP, ,,2,Injury Collision,Angles,3,0,0,2,3,0,2018-01-15 00:00:00+00,1/15/2018 11:46:00 AM,At Intersection (intersection related),11,"MOTOR VEHICLE STRUCK MOTOR VEHICLE, FRONT END AT ANGLE",True,False,Clear or Partly Cloudy,Dry,Daylight,,,,10.0,Entering at angle,0,0,False,0
-122.357380172529,47.622110862655,195653,267340,268120,E761744,Matched,Block,,W HARRISON ST BETWEEN QUEEN ANNE AVE N AND 1ST AVE W, ,,1,Property Damage Only Collision,Angles,2,0,0,2,0,0,2018-01-16 00:00:00+00,1/16/2018 10:27:00 AM,Mid-Block (not related to intersection),14,"MOTOR VEHICLE STRUCK MOTOR VEHICLE, REAR END",,False,Overcast,Wet,Daylight,,,,10.0,Entering at angle,0,0,False,0
-122.321683401556,47.5467463637044,195654,267339,268119,E761743,Matched,Block,,CORSON AVE S BETWEEN S MICHIGAN ST AND S EDDY ST, ,,1,Property Damage Only Collision,Angles,2,0,0,2,0,0,2018-01-18 00:00:00+00,1/18/2018 9:07:00 AM,Mid-Block (not related to intersection),14,"MOTOR VEHICLE STRUCK MOTOR VEHICLE, REAR END",,False,Overcast,Wet,Daylight,,,,10.0,Entering at angle,0,0,False,0
-122.284629529444,47.5570411194116,195657,266766,267546,E760460,Matched,Intersection,33579.0,RAINIER AVE S AND S HUDSON ST, ,,2,Injury Collision,Pedestrian,3,1,0,1,1,0,2018-01-17 00:00:00+00,1/17/2018 6:53:00 PM,At Intersection (intersection related),24,MOTOR VEHCILE STRUCK PEDESTRIAN,,False,Raining,Wet,Dark - Street Lights On,,,,0.0,Vehicle going straight hits pedestrian,0,523188,False,0
-122.350072557067,47.642838488802,195659,267338,268118,E761742,Matched,Block,,QUEEN ANNE DR BETWEEN NOB HILL AVE N AND 4TH AVE N, ,,1,Property Damage Only Collision,Parked Car,2,0,0,2,0,0,2018-01-16 00:00:00+00,1/16/2018 9:54:00 AM,Mid-Block (not related to intersection),15,"MOTOR VEHICLE STRUCK MOTOR VEHICLE, RIGHT SIDE SIDESWIPE",,False,Overcast,Wet,Daylight,,,,32.0,One parked--one moving,0,0,True,0
-122.371004776854,47.6450301429179,195661,265958,266758,3704007,Matched,Block,,W ARMOUR ST BETWEEN 10TH PL W AND 11TH AVE W, ,,1,Property Damage Only Collision,Parked Car,2,0,0,2,0,0,2018-01-15 00:00:00+00,1/15/2018 9:30:00 PM,Mid-Block (not related to intersection),0,NOT ENOUGH INFORMATION / NOT APPLICABLE,,False,Unknown,Unknown,Unknown,,,,32.0,One parked--one moving,0,0,True,0
-122.303604804819,47.5854975643053,195772,265377,266177,3764718,Matched,Intersection,31547.0,RAINIER AVE S AND S PLUM ST, ,,1,Property Damage Only Collision,Angles,2,0,0,2,0,0,2018-01-09 00:00:00+00,1/9/2018 7:10:00 AM,At Intersection (intersection related),11,"MOTOR VEHICLE STRUCK MOTOR VEHICLE, FRONT END AT ANGLE",,False,Raining,Wet,Dark - Street Lights On,,,,10.0,Entering at angle,0,0,False,0
-122.320752364081,47.6072184191762,195662,265957,266757,3702166,Matched,Intersection,29801.0,BROADWAY AND JAMES ST, ,,1,Property Damage Only Collision,Sideswipe,2,0,0,2,0,0,2018-01-17 00:00:00+00,1/17/2018 8:35:00 PM,At Intersection (but not related to intersection),11,"MOTOR VEHICLE STRUCK MOTOR VEHICLE, FRONT END AT ANGLE",,False,Raining,Wet,Dark - Street Lights On,,,,11.0,From same direction - both going straight - both moving - sideswipe,0,0,False,0
-122.353405718998,47.6530755174741,195664,266778,267549,3754109,Matched,Block,,FRANCIS AVE N BETWEEN N 36TH ST AND N 39TH ST,NEI,"Not Enough Information, or Insufficient Location Information",1,Property Damage Only Collision,Parked Car,2,0,0,2,0,0,2018-01-19 00:00:00+00,1/19/2018 11:00:00 AM,Mid-Block (not related to intersection),0,NOT ENOUGH INFORMATION / NOT APPLICABLE,,False,Unknown,Unknown,Unknown,,,,32.0,One parked--one moving,0,0,False,0
-122.343471789762,47.6104036768871,195667,266777,267548,3753791,Matched,Intersection,337304.0,PIKE PL AND VIRGINIA ST, ,,1,Property Damage Only Collision,Rear Ended,2,0,0,2,0,0,2018-01-22 00:00:00+00,1/22/2018 1:11:00 AM,At Intersection (but not related to intersection),14,"MOTOR VEHICLE STRUCK MOTOR VEHICLE, REAR END",True,False,Raining,Dry,Dark - Street Lights On,,,,14.0,From same direction - both going straight - one stopped - rear-end,0,0,False,0
-122.343946574593,47.6171339073164,195669,266764,267544,3753784,Matched,Block,,BATTERY ST BETWEEN 5TH AVE AND AURORA AVE, ,,2,Injury Collision,Rear Ended,6,0,0,2,1,0,2018-01-12 00:00:00+00,1/12/2018 8:07:00 PM,Mid-Block (not related to intersection),14,"MOTOR VEHICLE STRUCK MOTOR VEHICLE, REAR END",,True,Raining,Wet,Dark - Street Lights On,,,,14.0,From same direction - both going straight - one stopped - rear-end,0,0,False,0
-122.335574025233,47.610677902842,195672,265359,266159,3746292,Matched,Intersection,29576.0,5TH AVE AND PIKE ST, ,,2,Injury Collision,Pedestrian,3,1,0,1,1,0,2018-01-10 00:00:00+00,1/10/2018 7:19:00 PM,At Intersection (intersection related),24,MOTOR VEHCILE STRUCK PEDESTRIAN,,False,Raining,Wet,Dark - Street Lights On,True,,,2.0,Vehicle turning left hits pedestrian,0,523699,False,0
-122.332976399733,47.6190861941533,195699,267397,268177,E761748,Matched,Block,,MINOR AVE N BETWEEN DENNY WAY AND JOHN ST, ,,1,Property Damage Only Collision,Sideswipe,2,0,0,2,0,0,2018-01-19 00:00:00+00,1/19/2018 10:30:00 AM,Mid-Block (not related to intersection),14,"MOTOR VEHICLE STRUCK MOTOR VEHICLE, REAR END",True,False,Overcast,Wet,Daylight,,,,27.0,From opposite direction - both going straight - one stopped - sideswipe,0,0,False,0
-122.346296414204,47.6209027258744,195707,267359,268139,E761746,Matched,Intersection,28927.0,TAYLOR AVE N AND THOMAS ST, ,,1,Property Damage Only Collision,Angles,2,0,0,2,0,0,2018-01-16 00:00:00+00,1/16/2018 8:47:00 AM,At Intersection (intersection related),11,"MOTOR VEHICLE STRUCK MOTOR VEHICLE, FRONT END AT ANGLE",,False,Overcast,Wet,Daylight,,,,10.0,Entering at angle,0,0,False,0
-122.344526209486,47.6909235186916,195709,267358,268138,E761361,Matched,Block,,AURORA AVE N BETWEEN N 85TH ST AND N 86TH ST, ,,2,Injury Collision,Rear Ended,3,1,0,2,2,0,2018-01-22 00:00:00+00,1/22/2018 10:23:00 AM,Mid-Block (not related to intersection),14,"MOTOR VEHICLE STRUCK MOTOR VEHICLE, REAR END",True,False,Clear or Partly Cloudy,Dry,Daylight,,,,13.0,From same direction - both going straight - both moving - rear-end,0,0,False,0
-122.327943451394,47.5673903743041,195710,267357,268137,E761745,Matched,Block,,S INDUSTRIAL WB WAY BETWEEN 4TH AVE S AND 6TH AVE S, ,,1,Property Damage Only Collision,Sideswipe,2,0,0,2,0,0,2018-01-18 00:00:00+00,1/18/2018 9:16:00 AM,Mid-Block (not related to intersection),11,"MOTOR VEHICLE STRUCK MOTOR VEHICLE, FRONT END AT ANGLE",,False,Overcast,Wet,Daylight,,,,11.0,From same direction - both going straight - both moving - sideswipe,0,0,False,0
-122.355546710342,47.7232336689317,195752,265382,266182,E757336,Matched,Intersection,35821.0,GREENWOOD AVE N AND N 130TH ST, ,,2,Injury Collision,Left Turn,2,0,0,2,1,0,2018-01-03 00:00:00+00,1/3/2018 2:19:00 PM,At Intersection (intersection related),11,"MOTOR VEHICLE STRUCK MOTOR VEHICLE, FRONT END AT ANGLE",True,False,Clear or Partly Cloudy,Dry,Daylight,,,,28.0,From opposite direction - one left turn - one straight,0,0,False,0
-122.320841557509,47.6584895494918,195756,264997,265777,E757331,Matched,Block,,7TH AVE NE BETWEEN NE 42ND ST AND NE 43RD ST, ,,1,Property Damage Only Collision,Other,2,0,0,2,0,0,2018-01-03 00:00:00+00,1/3/2018 10:59:00 AM,Mid-Block (not related to intersection),11,"MOTOR VEHICLE STRUCK MOTOR VEHICLE, FRONT END AT ANGLE",True,False,Clear or Partly Cloudy,Dry,Daylight,,,,23.0,From same direction - all others,0,0,False,0
-122.373383900895,47.5674954750064,195759,264259,265039,3742204,Matched,Block,,WEST SEATTLE BR EB BETWEEN POINT A AND FAUNTLEROY WAY SW, ,,1,Property Damage Only Collision,Rear Ended,3,0,0,2,0,0,2018-01-06 00:00:00+00,1/6/2018 11:14:00 AM,Mid-Block (not related to intersection),11,"MOTOR VEHICLE STRUCK MOTOR VEHICLE, FRONT END AT ANGLE",,False,Raining,Wet,Daylight,,,True,13.0,From same direction - both going straight - both moving - rear-end,0,0,False,0
-122.348583223831,47.6621332783315,195760,265380,266180,E757334,Matched,Intersection,25690.0,LINDEN AVE N AND N 46TH ST, ,,1,Property Damage Only Collision,Sideswipe,2,0,0,2,0,0,2018-01-03 00:00:00+00,1/3/2018 9:31:00 AM,At Intersection (intersection related),11,"MOTOR VEHICLE STRUCK MOTOR VEHICLE, FRONT END AT ANGLE",,False,Clear or Partly Cloudy,Dry,Daylight,,,,11.0,From same direction - both going straight - both moving - sideswipe,0,0,False,0
-122.376607563515,47.5351911059367,195761,264258,265038,3742203,Matched,Block,,35TH AVE SW BETWEEN SW WEBSTER ST AND SW AUSTIN ST, ,,2,Injury Collision,Rear Ended,3,0,0,3,2,0,2018-01-05 00:00:00+00,1/5/2018 4:44:00 PM,Mid-Block (not related to intersection),14,"MOTOR VEHICLE STRUCK MOTOR VEHICLE, REAR END",,False,Raining,Wet,Dark - Street Lights On,,,,13.0,From same direction - both going straight - both moving - rear-end,0,0,False,0
-122.299511974177,47.7120442522221,195762,265379,266179,E756486,Matched,Intersection,36655.0,LAKE CITY WAY NE AND NE 115TH ST, ,,2,Injury Collision,Left Turn,3,0,0,2,1,0,2018-01-09 00:00:00+00,1/9/2018 7:41:00 AM,At Intersection (intersection related),11,"MOTOR VEHICLE STRUCK MOTOR VEHICLE, FRONT END AT ANGLE",,False,Raining,Wet,Dawn,,,,28.0,From opposite direction - one left turn - one straight,0,0,False,0
-122.361951917207,47.6221295573031,195764,266019,266819,E759037,Matched,Intersection,28649.0,4TH AVE W AND W HARRISON ST, ,,1,Property Damage Only Collision,Angles,3,0,0,2,0,0,2018-01-06 00:00:00+00,1/6/2018 12:27:00 PM,At Intersection (intersection related),11,"MOTOR VEHICLE STRUCK MOTOR VEHICLE, FRONT END AT ANGLE",,False,Clear or Partly Cloudy,Wet,Daylight,,,,10.0,Entering at angle,0,0,False,0
-122.303604804819,47.5854975643053,195765,265378,266178,3764722,Matched,Intersection,31547.0,RAINIER AVE S AND S PLUM ST, ,,1,Property Damage Only Collision,Angles,2,0,0,2,0,0,2018-01-10 00:00:00+00,1/10/2018 3:18:00 PM,At Intersection (intersection related),11,"MOTOR VEHICLE STRUCK MOTOR VEHICLE, FRONT END AT ANGLE",True,False,Overcast,Wet,Daylight,,,,10.0,Entering at angle,0,0,False,0
-122.348039097418,47.6177953572267,195773,265385,266185,E757343,Matched,Intersection,29654.0,4TH AVE AND CEDAR ST, ,,1,Property Damage Only Collision,Angles,2,0,0,2,0,0,2018-01-11 00:00:00+00,1/11/2018 12:59:00 PM,At Intersection (intersection related),11,"MOTOR VEHICLE STRUCK MOTOR VEHICLE, FRONT END AT ANGLE",,False,Raining,Wet,Daylight,,,,10.0,Entering at angle,0,0,False,0
-122.31909792635,47.7031129879652,195779,264239,265019,3707648,Matched,Block,,NE 103RD ST BETWEEN 8TH AVE NE AND ROOSEVELT WAY NE, ,,2,Injury Collision,Parked Car,2,0,0,2,1,0,2018-01-07 00:00:00+00,1/7/2018 7:33:00 PM,Mid-Block (not related to intersection),11,"MOTOR VEHICLE STRUCK MOTOR VEHICLE, FRONT END AT ANGLE",,False,Raining,Dry,Dark - Street Lights On,,,,32.0,One parked--one moving,0,0,True,0
-122.325693612639,47.629579522741,195781,264238,265018,3702306,Matched,Block,,LAKEVIEW BLVD E BETWEEN BELMONT AVE E AND E HIGHLAND DR, ,,1,Property Damage Only Collision,Sideswipe,3,0,0,3,0,0,2018-01-06 00:00:00+00,1/6/2018 1:12:00 AM,Mid-Block (not related to intersection),11,"MOTOR VEHICLE STRUCK MOTOR VEHICLE, FRONT END AT ANGLE",True,False,Overcast,Wet,Dark - Street Lights On,,,,11.0,From same direction - both going straight - both moving - sideswipe,0,0,False,0
-122.328733504746,47.6048763674432,195782,263856,264638,3753722,Matched,Intersection,29963.0,6TH AVE AND CHERRY ST, ,,1,Property Damage Only Collision,Angles,3,0,0,2,0,0,2018-01-03 00:00:00+00,1/3/2018 8:26:00 PM,At Intersection (intersection related),11,"MOTOR VEHICLE STRUCK MOTOR VEHICLE, FRONT END AT ANGLE",True,False,Clear or Partly Cloudy,Dry,Dark - Street Lights On,,,,10.0,Entering at angle,0,0,False,0
-122.334262399638,47.6126004383479,195783,263855,264637,3753721,Matched,Intersection,29881.0,7TH AVE AND PINE ST, ,,1,Property Damage Only Collision,Angles,5,0,0,2,0,0,2018-01-02 00:00:00+00,1/2/2018 12:23:00 AM,At Intersection (intersection related),14,"MOTOR VEHICLE STRUCK MOTOR VEHICLE, REAR END",,False,Clear or Partly Cloudy,Dry,Dark - Street Lights On,,,,10.0,Entering at angle,0,0,False,0
-122.334195453144,47.5903121642402,195789,265384,266184,E757342,Matched,Intersection,30388.0,1ST AVE S AND S ATLANTIC ST, ,,1,Property Damage Only Collision,Sideswipe,2,0,0,2,0,0,2018-01-11 00:00:00+00,1/11/2018 10:47:00 AM,At Intersection (intersection related),11,"MOTOR VEHICLE STRUCK MOTOR VEHICLE, FRONT END AT ANGLE",,False,Raining,Wet,Daylight,,,,11.0,From same direction - both going straight - both moving - sideswipe,0,0,False,0
-122.393416987469,47.5720816221788,195794,263852,264632,3742277,Matched,Intersection,31954.0,48TH AVE SW AND SW SPOKANE ST, ,,1,Property Damage Only Collision,Angles,7,0,0,2,0,0,2018-01-03 00:00:00+00,1/3/2018 6:20:00 PM,At Intersection (intersection related),11,"MOTOR VEHICLE STRUCK MOTOR VEHICLE, FRONT END AT ANGLE",,False,Unknown,Dry,Dusk,,,,10.0,Entering at angle,0,0,False,0
-122.385458078257,47.5610718519878,195797,263851,264631,3742202,Matched,Intersection,31917.0,42ND AVE SW AND SW ALASKA ST, ,,2,Injury Collision,Left Turn,2,0,0,2,1,0,2018-01-02 00:00:00+00,1/2/2018 7:37:00 PM,At Intersection (intersection related),11,"MOTOR VEHICLE STRUCK MOTOR VEHICLE, FRONT END AT ANGLE",True,True,Overcast,Dry,Dark - Street Lights On,,,,28.0,From opposite direction - one left turn - one straight,0,0,False,0
-122.3293327234,47.5437213214498,195800,265383,266183,E757339,Matched,Intersection,34237.0,EAST MARGINAL WAY S AND S RIVER ST, ,,1,Property Damage Only Collision,Angles,2,0,0,2,0,0,2018-01-05 00:00:00+00,1/5/2018 11:48:00 AM,At Intersection (intersection related),11,"MOTOR VEHICLE STRUCK MOTOR VEHICLE, FRONT END AT ANGLE",,False,Raining,Wet,Daylight,,,,10.0,Entering at angle,0,0,False,0
-122.294589237732,47.5379667161845,195806,266839,267619,E759459,Matched,Block,,BEACON ER AVE S BETWEEN S MYRTLE ST AND S OTHELLO ST, ,,1,Property Damage Only Collision,Right Turn,2,0,0,2,0,0,2018-01-12 00:00:00+00,1/12/2018 12:46:00 PM,Mid-Block (not related to intersection),11,"MOTOR VEHICLE STRUCK MOTOR VEHICLE, FRONT END AT ANGLE",,False,Overcast,Dry,Daylight,,,,16.0,From same direction - one right turn - one straight,0,0,False,0
-122.34707012885,47.534077845871,195808,266838,267618,E759448,Matched,Intersection,34153.0,HIGHLAND PARK WAY SW AND SW HOLDEN N ST, ,,1,Property Damage Only Collision,Left Turn,2,0,0,2,0,0,2018-01-11 00:00:00+00,1/11/2018 8:27:00 AM,At Intersection (intersection related),11,"MOTOR VEHICLE STRUCK MOTOR VEHICLE, FRONT END AT ANGLE",,False,Raining,Wet,Daylight,,,,28.0,From opposite direction - one left turn - one straight,0,0,False,0
-122.380435068386,47.6652342488874,195809,266837,267617,3754227,Matched,Block,,LEARY AVE NW BETWEEN NW DOCK PL AND NW IONE PL, ,,2,Injury Collision,Parked Car,4,0,0,2,1,0,2018-01-21 00:00:00+00,1/21/2018 1:38:00 AM,Mid-Block (not related to intersection),14,"MOTOR VEHICLE STRUCK MOTOR VEHICLE, REAR END",,False,Raining,Wet,Dark - Street Lights On,,,,20.0,One car leaving parked position,0,0,False,0
-122.338542937091,47.6168737367592,195812,266817,267597,E760120,Matched,Block,,8TH AVE BETWEEN WESTLAKE AVE AND BLANCHARD ST, ,,1,Property Damage Only Collision,Sideswipe,3,0,0,2,0,0,2018-01-08 00:00:00+00,1/8/2018 9:40:00 AM,Mid-Block (but intersection related),11,"MOTOR VEHICLE STRUCK MOTOR VEHICLE, FRONT END AT ANGLE",,False,Overcast,Dry,Daylight,,,,11.0,From same direction - both going straight - both moving - sideswipe,0,0,False,0
-122.345866551942,47.6905667014676,195816,266797,267577,3754226,Matched,Block,,N 85TH ST BETWEEN LINDEN AVE N AND AURORA AVE N, ,,1,Property Damage Only Collision,Parked Car,3,0,0,2,0,0,2018-01-20 00:00:00+00,1/20/2018 8:24:00 PM,Mid-Block (not related to intersection),11,"MOTOR VEHICLE STRUCK MOTOR VEHICLE, FRONT END AT ANGLE",True,False,Overcast,Wet,Dark - Street Lights On,,,,20.0,One car leaving parked position,0,0,False,0