longitude,latitude,objectid,inckey,coldetkey,reportno,status,addrtype,intkey,location,exceptrsncode,exceptrsndesc,severitycode,severitydesc,collisiontype,personcount,pedcount,pedcylcount,vehcount,injuries,fatalities,incdate,incdttm,junctiontype,sdot_colcode,sdot_coldesc,inattentionind,underinfl,weather,roadcond,lightcond,pedrownotgrnt,sdotcolnum,speeding,st_colcode,st_coldesc,seglanekey,crosswalkkey,hitparkedcar,seriousinjuries
-122.319391611575,47.6831339309327,195819,266783,267561,3754154,Matched,Block,,NE 75TH ST BETWEEN 8TH AVE NE AND 9TH AVE NE, ,,2b,Serious Injury Collision,Other,1,0,0,1,1,0,2018-01-21 00:00:00+00,1/21/2018 5:15:00 PM,Mid-Block (not related to intersection),26,MOTOR VEHICLE STRUCK OBJECT IN ROAD,,False,Raining,Wet,Dark - Street Lights On,,,True,50.0,Fixed object,0,0,False,1
-122.357181745714,47.5173617543618,195821,267457,268237,E762001,Matched,Block,,SW ROXBURY ST BETWEEN 17TH AVE SW AND 18TH AVE SW, ,,2,Injury Collision,Head On,2,0,0,2,2,0,2018-01-23 00:00:00+00,1/23/2018 5:22:00 PM,Mid-Block (not related to intersection),11,"MOTOR VEHICLE STRUCK MOTOR VEHICLE, FRONT END AT ANGLE",,True,Raining,Wet,Dark - Street Lights On,,,,30.0,From opposite direction - all others,0,0,False,0
-122.303635351352,47.6129331044787,195828,267439,268219,E761992,Matched,Intersection,30148.0,22ND AVE AND E UNION ST, ,,1,Property Damage Only Collision,Rear Ended,5,0,0,2,0,0,2018-01-24 00:00:00+00,1/24/2018 1:20:00 PM,At Intersection (intersection related),14,"MOTOR VEHICLE STRUCK MOTOR VEHICLE, REAR END",,False,Raining,Wet,Daylight,,,,13.0,From same direction - both going straight - both moving - rear-end,0,0,False,0
-122.325693612639,47.629579522741,195829,267438,268218,E761958,Matched,Block,,LAKEVIEW BLVD E BETWEEN BELMONT AVE E AND E HIGHLAND DR, ,,1,Property Damage Only Collision,Sideswipe,2,0,0,2,0,0,2018-01-23 00:00:00+00,1/23/2018 11:19:00 AM,Mid-Block (not related to intersection),11,"MOTOR VEHICLE STRUCK MOTOR VEHICLE, FRONT END AT ANGLE",,False,Raining,Wet,Daylight,,,,26.0,From opposite direction - both going straight - sideswipe,0,0,False,0
-122.314854023702,47.5344105216847,195831,266077,266877,E759450,Matched,Block,,14TH AVE S BETWEEN EAST MARGINAL WAY S AND DEAD END 2, ,,2,Injury Collision,Sideswipe,3,0,0,2,1,0,2018-01-11 00:00:00+00,1/11/2018 9:40:00 AM,Mid-Block (not related to intersection),11,"MOTOR VEHICLE STRUCK MOTOR VEHICLE, FRONT END AT ANGLE",,False,Raining,Wet,Daylight,,,,71.0,Same direction -- both turning right -- both moving -- sideswipe,0,0,False,0
-122.329055419159,47.581893223017,195833,267437,268217,E761957,Matched,Intersection,31362.0,4TH AVE S AND S STACY ST, ,,2,Injury Collision,Rear Ended,2,0,0,2,1,0,2018-01-19 00:00:00+00,1/19/2018 1:03:00 PM,At Intersection (but not related to intersection),14,"MOTOR VEHICLE STRUCK MOTOR VEHICLE, REAR END",True,False,Raining,Wet,Daylight,,,,14.0,From same direction - both going straight - one stopped - rear-end,0,0,False,0
-122.298059829526,47.637179244307,195834,266057,266857,E759449,Matched,Block,,LAKE WASHINGTON BLVD E BETWEEN BOYER AVE E AND E FOSTER ISLAND RD, ,,1,Property Damage Only Collision,Angles,2,0,0,2,0,0,2018-01-11 00:00:00+00,1/11/2018 8:41:00 AM,Mid-Block (not related to intersection),11,"MOTOR VEHICLE STRUCK MOTOR VEHICLE, FRONT END AT ANGLE",,False,Raining,Wet,Daylight,,,,10.0,Entering at angle,0,0,False,0
-122.3224446921,47.5991861300132,195835,266041,266841,E759038,Matched,Intersection,30425.0,8TH AVE S AND S JACKSON ST, ,,2,Injury Collision,Pedestrian,2,1,0,1,1,0,2018-01-05 00:00:00+00,1/5/2018 5:17:00 PM,At Intersection (intersection related),24,MOTOR VEHCILE STRUCK PEDESTRIAN,True,False,Raining,Wet,Dark - Street Lights On,,,,2.0,Vehicle turning left hits pedestrian,0,521897,False,0
-122.355530826547,47.6463512296183,195839,267401,268181,E761861,Matched,Block,,1ST AVE N BETWEEN FULTON N ST AND FLORENTIA ST, ,,1,Property Damage Only Collision,Parked Car,2,0,0,2,0,0,2018-01-24 00:00:00+00,1/24/2018 7:15:00 AM,Mid-Block (not related to intersection),11,"MOTOR VEHICLE STRUCK MOTOR VEHICLE, FRONT END AT ANGLE",,False,Raining,Wet,Dark - Street Lights On,,,,32.0,One parked--one moving,0,0,True,0
-122.280799643619,47.5493197533923,195842,266039,266839,E759371,Matched,Block,,42ND AVE S BETWEEN S JUNEAU ST AND S KENNY ST, ,,2,Injury Collision,Head On,4,0,0,2,2,0,2018-01-07 00:00:00+00,1/7/2018 7:58:00 AM,Mid-Block (not related to intersection),14,"MOTOR VEHICLE STRUCK MOTOR VEHICLE, REAR END",,False,Raining,Wet,Daylight,,,,24.0,From opposite direction - both moving - head-on,0,0,False,0
-122.339072322605,47.5715064685324,195843,267398,268178,E761815,Matched,Block,,WEST SEATTLE BR EB BETWEEN 1ST AV S OFF RP AND SPOKANE ST - W SEA B RP, ,,2,Injury Collision,Sideswipe,3,0,0,2,1,0,2018-01-20 00:00:00+00,1/20/2018 6:29:00 AM,Mid-Block (not related to intersection),16,"MOTOR VEHICLE STRUCK MOTOR VEHICLE, LEFT SIDE SIDESWIPE",,False,Overcast,Wet,Dark - Street Lights On,,,,11.0,From same direction - both going straight - both moving - sideswipe,0,0,False,0
-122.283668048334,47.5278704797727,195892,263859,264641,3756394,Matched,Intersection,35339.0,39TH AVE S AND S THISTLE ST, ,,1,Property Damage Only Collision,Angles,2,0,0,2,0,0,2018-01-04 00:00:00+00,1/4/2018 3:32:00 PM,At Intersection (intersection related),11,"MOTOR VEHICLE STRUCK MOTOR VEHICLE, FRONT END AT ANGLE",,False,Clear or Partly Cloudy,Dry,Daylight,,,,10.0,Entering at angle,0,0,False,0
-122.28740020655,47.5261199099333,195893,264284,265064,3818393,Matched,Block,,S CLOVERDALE ST BETWEEN BEACON ER AVE S AND 36TH AVE S, ,,2,Injury Collision,Rear Ended,4,0,0,2,1,0,2018-01-05 00:00:00+00,1/5/2018 7:59:00 AM,Mid-Block (not related to intersection),14,"MOTOR VEHICLE STRUCK MOTOR VEHICLE, REAR END",True,False,Raining,Wet,Dawn,,,,14.0,From same direction - both going straight - one stopped - rear-end,0,0,False,0
-122.305736829669,47.6962299668362,195894,263858,264640,3754052,Matched,Intersection,37781.0,LAKE CITY WAY NE AND RAVENNA WR AVE NE, ,,1,Property Damage Only Collision,Left Turn,2,0,0,2,0,0,2018-01-03 00:00:00+00,1/3/2018 7:06:00 PM,At Intersection (intersection related),11,"MOTOR VEHICLE STRUCK MOTOR VEHICLE, FRONT END AT ANGLE",,False,Clear or Partly Cloudy,Dry,Dark - Street Lights On,,,,28.0,From opposite direction - one left turn - one straight,0,0,False,0
-122.369833836288,47.5464948800078,195899,264283,265063,3780898,Matched,Block,,29TH AVE SW BETWEEN SW GRAHAM ST AND SW BATAAN ST, ,,1,Property Damage Only Collision,Parked Car,5,0,0,2,0,0,2018-01-05 00:00:00+00,1/5/2018 8:19:00 AM,Mid-Block (not related to intersection),11,"MOTOR VEHICLE STRUCK MOTOR VEHICLE, FRONT END AT ANGLE",,False,Overcast,Dry,Daylight,,,,19.0,One car entering parked position,0,0,False,0
-122.321392009353,47.5873086820007,195901,264282,265062,3754634,Matched,Block,,AIRPORT WAY S BETWEEN S MASSACHUSETTS ST AND S HOLGATE N ST, ,,2,Injury Collision,Pedestrian,2,1,0,1,1,0,2018-01-03 00:00:00+00,1/3/2018 5:59:00 AM,Mid-Block (not related to intersection),24,MOTOR VEHCILE STRUCK PEDESTRIAN,,False,Clear or Partly Cloudy,Dry,Dark - Street Lights On,,,,0.0,Vehicle going straight hits pedestrian,0,0,False,0
-122.34479519261,47.7111965898728,195902,264281,265061,3754062,Matched,Block,,AURORA AVE N BETWEEN N 112TH ST AND N 115TH ST, ,,2,Injury Collision,Parked Car,3,0,0,2,2,0,2018-01-07 00:00:00+00,1/7/2018 6:49:00 AM,Mid-Block (not related to intersection),14,"MOTOR VEHICLE STRUCK MOTOR VEHICLE, REAR END",,False,Raining,Wet,Dark - Street Lights On,,,,32.0,One parked--one moving,0,0,False,0
-122.325292214881,47.6768728088323,195909,264280,265060,3754060,Matched,Block,,4TH AVE NE BETWEEN NE 65TH ST AND WOODLAWN S AVE NE, ,,1,Property Damage Only Collision,Parked Car,4,0,0,4,0,0,2018-01-05 00:00:00+00,1/5/2018 1:42:00 AM,Mid-Block (not related to intersection),14,"MOTOR VEHICLE STRUCK MOTOR VEHICLE, REAR END",,False,Raining,Wet,Dark - Street Lights On,,,,32.0,One parked--one moving,0,0,True,0
-122.332844776316,47.6026613358587,195911,264279,265059,3753776,Matched,Block,,2ND AVE BETWEEN JAMES ST AND CHERRY ST, ,,1,Property Damage Only Collision,Rear Ended,2,0,0,2,0,0,2018-01-04 00:00:00+00,1/4/2018 6:04:00 PM,Mid-Block (not related to intersection),14,"MOTOR VEHICLE STRUCK MOTOR VEHICLE, REAR END",,True,Overcast,Dry,Dark - Street Lights On,,,,14.0,From same direction - both going straight - one stopped - rear-end,0,0,False,0
-122.360474317775,47.5255922780593,195912,264278,265058,3742278,Matched,Block,,DELRIDGE WAY SW BETWEEN SW CLOVERDALE ST AND SW TRENTON ST, ,,2,Injury Collision,Head On,3,0,0,3,2,0,2018-01-05 00:00:00+00,1/5/2018 10:58:00 PM,Mid-Block (not related to intersection),11,"MOTOR VEHICLE STRUCK MOTOR VEHICLE, FRONT END AT ANGLE",True,False,Raining,Wet,Dark - Street Lights On,,,,30.0,From opposite direction - all others,0,0,False,0
-122.380062908569,47.5610821131745,195933,265418,266218,3742137,Matched,Intersection,31921.0,38TH AVE SW AND SW ALASKA ST, ,,1,Property Damage Only Collision,Left Turn,2,0,0,2,0,0,2018-01-14 00:00:00+00,1/14/2018 11:13:00 AM,At Intersection (intersection related),11,"MOTOR VEHICLE STRUCK MOTOR VEHICLE, FRONT END AT ANGLE",,False,Clear or Partly Cloudy,Dry,Daylight,,,,28.0,From opposite direction - one left turn - one straight,0,0,False,0
-122.37367359205,47.5492203381513,195934,265417,266217,3742136,Matched,Block,,32ND AVE SW BETWEEN SW JUNEAU ST AND SW RAYMOND ST, ,,1,Property Damage Only Collision,Parked Car,2,0,0,2,0,0,2018-01-13 00:00:00+00,1/13/2018 10:52:00 PM,Mid-Block (not related to intersection),14,"MOTOR VEHICLE STRUCK MOTOR VEHICLE, REAR END",,False,Clear or Partly Cloudy,Dry,Dark - Street Lights On,,,,32.0,One parked--one moving,0,0,True,0
-122.360656197141,47.6916987551464,195935,266878,267658,3754253,Matched,Block,,3RD AVE NW BETWEEN NW 86TH ST AND NW 87TH S ST, ,,2,Injury Collision,Head On,2,0,0,2,1,0,2018-01-21 00:00:00+00,1/21/2018 11:54:00 AM,Mid-Block (not related to intersection),11,"MOTOR VEHICLE STRUCK MOTOR VEHICLE, FRONT END AT ANGLE",True,False,Overcast,Wet,Daylight,,,,24.0,From opposite direction - both moving - head-on,0,0,False,0
-122.338088587469,47.6650352518438,195937,266877,267657,3754228,Matched,Block,,N 50TH ST BETWEEN WOODLAWN E AVE N AND DENSMORE AVE N, ,,1,Property Damage Only Collision,Rear Ended,2,0,0,2,0,0,2018-01-22 00:00:00+00,1/22/2018 9:20:00 AM,Mid-Block (not related to intersection),14,"MOTOR VEHICLE STRUCK MOTOR VEHICLE, REAR END",True,False,Clear or Partly Cloudy,Dry,Daylight,,,,13.0,From same direction - both going straight - both moving - rear-end,0,0,False,0
-122.325509947837,47.6135331625665,195939,266141,266941,E759841,Matched,Block,,SUMMIT AVE BETWEEN E UNION ST AND E PIKE ST, ,,1,Property Damage Only Collision,Angles,2,0,0,2,0,0,2018-01-12 00:00:00+00,1/12/2018 11:40:00 AM,Mid-Block (not related to intersection),11,"MOTOR VEHICLE STRUCK MOTOR VEHICLE, FRONT END AT ANGLE",,False,Clear or Partly Cloudy,Wet,Daylight,,,,10.0,Entering at angle,0,0,False,0
-122.332244084376,47.6120705726859,195940,265403,266203,3764513,Matched,Intersection,29893.0,8TH AVE AND PIKE ST, ,,1,Property Damage Only Collision,Angles,2,0,0,2,0,0,2018-01-15 00:00:00+00,1/15/2018 3:30:00 PM,At Intersection (intersection related),11,"MOTOR VEHICLE STRUCK MOTOR VEHICLE, FRONT END AT ANGLE",True,False,Clear or Partly Cloudy,Dry,Daylight,,,,10.0,Entering at angle,0,0,False,0
-122.358026148091,47.6232813747602,195941,265402,266202,3764383,Matched,Intersection,28643.0,1ST AVE W AND W REPUBLICAN ST, ,,1,Property Damage Only Collision,Left Turn,3,0,0,2,0,0,2018-01-11 00:00:00+00,1/11/2018 10:15:00 AM,At Intersection (intersection related),11,"MOTOR VEHICLE STRUCK MOTOR VEHICLE, FRONT END AT ANGLE",True,False,Raining,Wet,Daylight,,,,28.0,From opposite direction - one left turn - one straight,0,0,False,0
-122.32453255273,47.6576865915897,195942,265401,266201,3754151,Matched,Intersection,27216.0,4TH AVE NE AND NE 42ND W ST, ,,2,Injury Collision,Other,1,0,0,1,1,0,2018-01-14 00:00:00+00,1/14/2018 12:44:00 AM,At Intersection (intersection related),28,MOTOR VEHICLE RAN OFF ROAD - HIT FIXED OBJECT,,True,Clear or Partly Cloudy,Dry,Dark - Street Lights On,,,,50.0,Fixed object,0,0,False,0
-122.338479999551,47.6191185044975,195943,266140,266940,E759840,Matched,Block,,WESTLAKE AVE N BETWEEN DENNY WAY AND JOHN ST, ,,1,Property Damage Only Collision,Right Turn,2,0,0,2,0,0,2018-01-18 00:00:00+00,1/18/2018 10:48:00 AM,Mid-Block (not related to intersection),11,"MOTOR VEHICLE STRUCK MOTOR VEHICLE, FRONT END AT ANGLE",,False,Overcast,Dry,Daylight,,,,16.0,From same direction - one right turn - one straight,0,0,False,0
-122.335661643822,47.5982756115313,195945,266139,266939,E759839,Matched,Block,,S KING ST BETWEEN ALASKAN WAY S AND ALASKAN E RDWY WAY S, ,,1,Property Damage Only Collision,Parked Car,2,0,0,2,0,0,2018-01-16 00:00:00+00,1/16/2018 10:50:00 AM,Mid-Block (not related to intersection),0,NOT ENOUGH INFORMATION / NOT APPLICABLE,,False,Clear or Partly Cloudy,Wet,Daylight,,,,32.0,One parked--one moving,0,0,True,0
-122.362695111616,47.6221402696027,195947,265117,265897,E757822,Matched,Intersection,28648.0,ELLIOTT AVE W AND W HARRISON ST, ,,1,Property Damage Only Collision,Parked Car,2,0,0,2,0,0,2018-01-10 00:00:00+00,1/10/2018 11:59:00 AM,At Intersection (intersection related),11,"MOTOR VEHICLE STRUCK MOTOR VEHICLE, FRONT END AT ANGLE",,False,Overcast,Wet,Daylight,,,,20.0,One car leaving parked position,0,0,False,0
-122.381367745671,47.5755967874071,195948,265097,265877,E757567,Matched,Intersection,31818.0,39TH AVE SW AND SW HANFORD ST, ,,1,Property Damage Only Collision,Other,1,0,0,1,0,0,2018-01-09 00:00:00+00,1/9/2018 12:14:00 PM,At Intersection (intersection related),28,MOTOR VEHICLE RAN OFF ROAD - HIT FIXED OBJECT,True,False,Raining,Wet,Daylight,,,,50.0,Fixed object,0,0,False,0
-122.35250654042,47.6169183390817,195949,266137,266937,E759810,Matched,Intersection,29665.0,1ST AVE AND BROAD ST, ,,2,Injury Collision,Pedestrian,2,1,0,1,1,0,2018-01-18 00:00:00+00,1/18/2018 8:30:00 AM,At Intersection (intersection related),24,MOTOR VEHCILE STRUCK PEDESTRIAN,,False,Raining,Wet,Daylight,True,,,1.0,Vehicle turning right hits pedestrian,0,0,False,0
-122.355540583123,47.720508059908,195950,265077,265857,E757333,Matched,Block,,GREENWOOD AVE N BETWEEN N 125TH ST AND N 127TH ST, ,,1,Property Damage Only Collision,Parked Car,3,0,0,2,0,0,2018-01-03 00:00:00+00,1/3/2018 12:28:00 PM,Mid-Block (not related to intersection),11,"MOTOR VEHICLE STRUCK MOTOR VEHICLE, FRONT END AT ANGLE",True,False,Clear or Partly Cloudy,Dry,Daylight,,,,32.0,One parked--one moving,0,0,False,0
-122.350073435619,47.7050675041759,195954,267459,268239,E762012,Matched,Intersection,36423.0,FREMONT AVE N AND N 105TH ST, ,,2,Injury Collision,Pedestrian,2,1,0,1,1,0,2018-01-18 00:00:00+00,1/18/2018 4:15:00 PM,At Intersection (intersection related),24,MOTOR VEHCILE STRUCK PEDESTRIAN,,False,Raining,Wet,Dusk,,,,2.0,Vehicle turning left hits pedestrian,0,0,False,0
-122.332123636279,47.6069083661543,195955,267458,268238,E761571,Matched,Block,,5TH AVE BETWEEN MADISON ST AND SPRING ST,NEI,"Not Enough Information, or Insufficient Location Information",1,Property Damage Only Collision,Parked Car,3,0,0,3,0,0,2018-01-23 00:00:00+00,1/23/2018 11:00:00 AM,Mid-Block (not related to intersection),14,"MOTOR VEHICLE STRUCK MOTOR VEHICLE, REAR END",,False,Raining,Wet,Daylight,,,,32.0,One parked--one moving,0,0,True,0
-122.312715654268,47.6202338977134,195956,265057,265837,E757332,Matched,Block,,15TH AVE E BETWEEN E JOHN ST AND E THOMAS S ST, ,,1,Property Damage Only Collision,Angles,2,0,0,2,0,0,2018-01-04 00:00:00+00,1/4/2018 2:21:00 PM,Mid-Block (not related to intersection),11,"MOTOR VEHICLE STRUCK MOTOR VEHICLE, FRONT END AT ANGLE",True,False,Raining,Wet,Daylight,,,,10.0,Entering at angle,0,0,False,0
-122.313388111261,47.5740945033286,195959,266899,267679,3818476,Matched,Block,,15TH AVE S BETWEEN S HANFORD ST AND S HINDS ST, ,,2,Injury Collision,Parked Car,3,0,0,2,1,0,2018-01-20 00:00:00+00,1/20/2018 3:22:00 AM,Mid-Block (not related to intersection),14,"MOTOR VEHICLE STRUCK MOTOR VEHICLE, REAR END",,False,Overcast,Wet,Dark - Street Lights On,,,,32.0,One parked--one moving,0,0,False,0
-122.37663393766,47.5311769215626,195962,265437,266237,3744486,Matched,Intersection,34659.0,35TH AVE SW AND SW MONROE ST, ,,1,Property Damage Only Collision,Angles,2,0,0,2,0,0,2018-01-14 00:00:00+00,1/14/2018 10:00:00 AM,At Intersection (intersection related),11,"MOTOR VEHICLE STRUCK MOTOR VEHICLE, FRONT END AT ANGLE",True,False,Clear or Partly Cloudy,Dry,Daylight,,,,10.0,Entering at angle,0,0,False,0
-122.371380606162,47.5728531516134,195963,265420,266220,3744218,Matched,Intersection,32086.0,30TH AVE SW AND SW HINDS ST, ,,1,Property Damage Only Collision,Parked Car,2,0,0,2,0,0,2018-01-11 00:00:00+00,1/11/2018 3:00:00 PM,At Intersection (but not related to intersection),11,"MOTOR VEHICLE STRUCK MOTOR VEHICLE, FRONT END AT ANGLE",True,False,Overcast,Wet,Daylight,,,,32.0,One parked--one moving,0,0,True,0
-122.362659201015,47.6232982916733,195964,266898,267678,3784824,Matched,Block,,W REPUBLICAN ST BETWEEN 4TH AVE W AND DEAD END, ,,1,Property Damage Only Collision,Parked Car,2,0,0,2,0,0,2018-01-19 00:00:00+00,1/19/2018 5:56:00 PM,Mid-Block (not related to intersection),14,"MOTOR VEHICLE STRUCK MOTOR VEHICLE, REAR END",,True,Clear or Partly Cloudy,Wet,Dark - Street Lights On,,,,32.0,One parked--one moving,0,0,True,0
-122.360803304402,47.6674130522891,195965,266897,267677,3754301,Matched,Block,,3RD AVE NW BETWEEN NW MARKET ST AND NW 54TH ST, ,,2,Injury Collision,Parked Car,3,0,0,3,1,0,2018-01-21 00:00:00+00,1/21/2018 12:14:00 PM,Mid-Block (not related to intersection),14,"MOTOR VEHICLE STRUCK MOTOR VEHICLE, REAR END",,False,Clear or Partly Cloudy,Wet,Daylight,,,,32.0,One parked--one moving,0,0,True,0
-122.387135457944,47.5829964606253,195966,265419,266219,3744140,Matched,Block,,SW COLLEGE ST BETWEEN CALIFORNIA AVE SW AND 44TH AVE SW, ,,1,Property Damage Only Collision,Parked Car,2,0,0,2,0,0,2018-01-15 00:00:00+00,1/15/2018 6:36:00 AM,Mid-Block (not related to intersection),14,"MOTOR VEHICLE STRUCK MOTOR VEHICLE, REAR END",,False,Clear or Partly Cloudy,Dry,Dark - No Street Lights,,,,32.0,One parked--one moving,0,0,True,0
-122.374854869824,47.6629318972824,195967,266880,267660,3754278,Matched,Block,,NW BALLARD WAY BETWEEN 14TH AVE NW AND BALLARD BR OFF RP, ,,1,Property Damage Only Collision,Parked Car,5,0,0,2,0,0,2018-01-19 00:00:00+00,1/19/2018 12:19:00 AM,Mid-Block (not related to intersection),16,"MOTOR VEHICLE STRUCK MOTOR VEHICLE, LEFT SIDE SIDESWIPE",,False,Overcast,Dry,Dark - Street Lights On,,,,32.0,One parked--one moving,0,0,False,0
-122.34594030307,47.6963625984909,195969,266879,267659,3754254,Matched,Block,,N 93RD ST BETWEEN LINDEN AVE N AND AURORA AVE N, ,,1,Property Damage Only Collision,Parked Car,2,0,0,2,0,0,2018-01-21 00:00:00+00,1/21/2018 10:10:00 AM,Mid-Block (not related to intersection),11,"MOTOR VEHICLE STRUCK MOTOR VEHICLE, FRONT END AT ANGLE",,False,Overcast,Wet,Unknown,,,,32.0,One parked--one moving,0,0,True,0
-122.279406767413,47.5379729665315,195971,264297,265077,3818394,Matched,Block,,43RD AVE S BETWEEN S MYRTLE ST AND S OTHELLO ST, ,,2,Injury Collision,Parked Car,4,0,0,2,3,0,2018-01-05 00:00:00+00,1/5/2018 11:36:00 PM,Mid-Block (not related to intersection),11,"MOTOR VEHICLE STRUCK MOTOR VEHICLE, FRONT END AT ANGLE",,False,Raining,Wet,Dark - Street Lights On,,,True,20.0,One car leaving parked position,0,0,False,0
-122.334214504066,47.5556630572248,196071,265138,265918,E757849,Matched,Intersection,33026.0,1ST AVE S AND S DAWSON ST, ,,2,Injury Collision,,2,0,1,1,2,0,2018-01-09 00:00:00+00,1/9/2018 12:59:00 PM,At Intersection (intersection related),51,PEDALCYCLIST STRUCK MOTOR VEHICLE FRONT END AT ANGLE,,False,Raining,Wet,Daylight,,,,,,0,0,False,0
-122.347294317702,47.6471711193713,196008,267465,268245,E761572,Matched,Block,,AURORA BR BETWEEN RAYE ST AND BRIDGE WAY N, ,,1,Property Damage Only Collision,Sideswipe,2,0,0,2,0,0,2018-01-23 00:00:00+00,1/23/2018 2:25:00 PM,Mid-Block (not related to intersection),11,"MOTOR VEHICLE STRUCK MOTOR VEHICLE, FRONT END AT ANGLE",,False,Raining,Wet,Daylight,,,,11.0,From same direction - both going straight - both moving - sideswipe,0,0,False,0
-122.2878249239,47.5296887384744,196012,267464,268244,E762019,Matched,Intersection,269067.0,BEACON ER AVE S AND S ROSE ST, ,,1,Property Damage Only Collision,Angles,3,0,0,2,0,0,2018-01-18 00:00:00+00,1/18/2018 2:38:00 PM,At Intersection (intersection related),11,"MOTOR VEHICLE STRUCK MOTOR VEHICLE, FRONT END AT ANGLE",,False,Raining,Wet,Daylight,,,,10.0,Entering at angle,0,0,False,0
-122.344976879983,47.7232115471904,196013,267463,268243,E762016,Matched,Intersection,35828.0,AURORA AVE N AND N 130TH ST, ,,2,Injury Collision,Rear Ended,6,0,0,2,2,0,2018-01-21 00:00:00+00,1/21/2018 3:42:00 PM,At Intersection (but not related to intersection),14,"MOTOR VEHICLE STRUCK MOTOR VEHICLE, REAR END",True,False,Raining,Wet,Dusk,,,,14.0,From same direction - both going straight - one stopped - rear-end,0,0,False,0
-122.360953940405,47.7214490209627,196020,267462,268242,E762015,Matched,Intersection,35636.0,3RD AVE NW AND NW 127TH ST, ,,2,Injury Collision,Angles,2,0,0,2,2,0,2018-01-20 00:00:00+00,1/20/2018 4:25:00 PM,At Intersection (intersection related),11,"MOTOR VEHICLE STRUCK MOTOR VEHICLE, FRONT END AT ANGLE",,False,Clear or Partly Cloudy,Dry,Dusk,,,,10.0,Entering at angle,0,0,False,0
-122.355300427722,47.6825537715197,196023,267461,268241,E762014,Matched,Intersection,24319.0,GREENWOOD AVE N AND N 74TH ST, ,,2,Injury Collision,Angles,2,0,0,2,1,0,2018-01-20 00:00:00+00,1/20/2018 2:40:00 PM,At Intersection (intersection related),11,"MOTOR VEHICLE STRUCK MOTOR VEHICLE, FRONT END AT ANGLE",,False,Raining,Wet,Daylight,,,,10.0,Entering at angle,0,0,False,0
-122.33396137291,47.706850216104,196024,267460,268240,E762013,Matched,Intersection,36588.0,MERIDIAN AVE N AND N 107TH ST, ,,1,Property Damage Only Collision,Left Turn,2,0,0,2,0,0,2018-01-19 00:00:00+00,1/19/2018 2:47:00 PM,At Intersection (intersection related),11,"MOTOR VEHICLE STRUCK MOTOR VEHICLE, FRONT END AT ANGLE",,False,Overcast,Dry,Daylight,,,,28.0,From opposite direction - one left turn - one straight,0,0,False,0
-122.331306048169,47.5448814245195,196259,265580,266380,3818554,Matched,Intersection,34222.0,EAST MARGINAL WAY S AND S MICHIGAN ST, ,,2,Injury Collision,Angles,2,0,0,2,1,0,2018-01-13 00:00:00+00,1/13/2018 12:04:00 AM,At Intersection (intersection related),11,"MOTOR VEHICLE STRUCK MOTOR VEHICLE, FRONT END AT ANGLE",,False,Overcast,Wet,Dark - Street Lights On,,,,10.0,Entering at angle,0,0,False,0
-122.311554454705,47.6061811750608,196032,263882,264662,E754767,Matched,Intersection,30194.0,16TH AVE AND E JEFFERSON ST, ,,2,Injury Collision,Sideswipe,2,0,0,2,1,0,2018-01-03 00:00:00+00,1/3/2018 5:12:00 PM,At Intersection (intersection related),11,"MOTOR VEHICLE STRUCK MOTOR VEHICLE, FRONT END AT ANGLE",,False,Clear or Partly Cloudy,Dry,Dark - Street Lights On,,,,26.0,From opposite direction - both going straight - sideswipe,0,0,False,0
-122.384745547064,47.6686783892223,196038,263881,264661,E754751,Matched,Intersection,25145.0,LEARY AVE NW AND NW MARKET ST, ,,1,Property Damage Only Collision,Left Turn,2,0,0,2,0,0,2018-01-03 00:00:00+00,1/3/2018 1:16:00 PM,At Intersection (intersection related),11,"MOTOR VEHICLE STRUCK MOTOR VEHICLE, FRONT END AT ANGLE",,False,Clear or Partly Cloudy,Dry,Daylight,,,,29.0,From opposite direction - one left turn - one right turn,0,0,False,0
-122.301565374506,47.6352441773618,196041,263879,264659,E754732,Matched,Intersection,28375.0,24TH AVE E AND BOYER AVE E, ,,2,Injury Collision,Angles,7,0,0,3,2,0,2018-01-02 00:00:00+00,1/2/2018 3:41:00 PM,At Intersection (intersection related),11,"MOTOR VEHICLE STRUCK MOTOR VEHICLE, FRONT END AT ANGLE",,False,Clear or Partly Cloudy,Dry,Dusk,,,,10.0,Entering at angle,0,0,False,0
-122.339684264988,47.5705549852477,4978,278500,279400,3644337,Matched,Block,,EAST MARGINAL WAY S BETWEEN S SPOKANE SR ST AND EAST MARGINAL NB WAY S, ,,2,Injury Collision,Pedestrian,2,1,0,1,1,0,2018-03-24 00:00:00+00,3/24/2018 3:20:00 AM,Mid-Block (not related to intersection),24,MOTOR VEHCILE STRUCK PEDESTRIAN,,False,,Unknown,,,,,0.0,Vehicle going straight hits pedestrian,0,0,False,0
-122.303325105062,47.5783510794961,196048,263878,264658,E754731,Matched,Intersection,31631.0,23RD AVE S AND S MCCLELLAN ST, ,,1,Property Damage Only Collision,Left Turn,2,0,0,2,0,0,2018-01-03 00:00:00+00,1/3/2018 12:29:00 PM,At Intersection (intersection related),11,"MOTOR VEHICLE STRUCK MOTOR VEHICLE, FRONT END AT ANGLE",,False,Clear or Partly Cloudy,Dry,Daylight,,,,28.0,From opposite direction - one left turn - one straight,0,0,False,0