longitude,latitude,objectid,inckey,coldetkey,reportno,status,addrtype,intkey,location,exceptrsncode,exceptrsndesc,severitycode,severitydesc,collisiontype,personcount,pedcount,pedcylcount,vehcount,injuries,fatalities,incdate,incdttm,junctiontype,sdot_colcode,sdot_coldesc,inattentionind,underinfl,weather,roadcond,lightcond,pedrownotgrnt,sdotcolnum,speeding,st_colcode,st_coldesc,seglanekey,crosswalkkey,hitparkedcar,seriousinjuries
-122.312715654268,47.6202338977134,196050,263877,264657,E754727,Matched,Block,,15TH AVE E BETWEEN E JOHN ST AND E THOMAS S ST, ,,1,Property Damage Only Collision,Rear Ended,2,0,0,2,0,0,2018-01-03 00:00:00+00,1/3/2018 1:06:00 PM,Mid-Block (but intersection related),14,"MOTOR VEHICLE STRUCK MOTOR VEHICLE, REAR END",,False,Clear or Partly Cloudy,Dry,Daylight,,,,73.0,Same direction -- both turning right -- both moving -- rear end,0,0,False,0
-122.269982030593,47.5247404099746,196072,265137,265917,E757846,Matched,Block,,RAINIER AVE S BETWEEN S CLOVERDALE ST AND S HENDERSON ST, ,,2,Injury Collision,Pedestrian,3,1,0,1,1,0,2018-01-11 00:00:00+00,1/11/2018 6:49:00 PM,Mid-Block (not related to intersection),24,MOTOR VEHCILE STRUCK PEDESTRIAN,,False,Raining,Wet,Dark - Street Lights On,,,,0.0,Vehicle going straight hits pedestrian,0,0,False,0
-122.34089908985,47.6106182855641,196073,266144,266944,E759844,Matched,Block,,STEWART ST BETWEEN 1ST AVE AND 2ND AVE, ,,1,Property Damage Only Collision,Parked Car,5,0,0,2,0,0,2018-01-18 00:00:00+00,1/18/2018 12:40:00 PM,Mid-Block (not related to intersection),16,"MOTOR VEHICLE STRUCK MOTOR VEHICLE, LEFT SIDE SIDESWIPE",,False,Raining,Wet,Daylight,,,,32.0,One parked--one moving,0,0,False,0
-122.33842408956,47.6037813446637,196075,266143,266943,E759843,Matched,Intersection,29631.0,ALASKAN WAY AND MADISON ST, ,,2,Injury Collision,Pedestrian,2,1,0,1,1,0,2018-01-16 00:00:00+00,1/16/2018 3:36:00 PM,At Intersection (intersection related),24,MOTOR VEHCILE STRUCK PEDESTRIAN,,False,Clear or Partly Cloudy,Dry,Daylight,,,,2.0,Vehicle turning left hits pedestrian,0,0,False,0
-122.38892034135,47.6446168558617,196205,263888,264668,E755022,Matched,Intersection,27632.0,25TH AVE W AND W ARMOUR ST, ,,1,Property Damage Only Collision,Angles,4,0,0,2,0,0,2018-01-02 00:00:00+00,1/2/2018 8:49:00 AM,At Intersection (intersection related),11,"MOTOR VEHICLE STRUCK MOTOR VEHICLE, FRONT END AT ANGLE",,False,Overcast,Dry,Daylight,,,,10.0,Entering at angle,0,0,False,0
-122.317527444647,47.6852923438019,196076,266142,266942,E759842,Matched,Intersection,24407.0,ROOSEVELT WAY NE AND NE 78TH ST, ,,1,Property Damage Only Collision,Angles,3,0,0,2,0,0,2018-01-11 00:00:00+00,1/11/2018 9:50:00 AM,At Intersection (intersection related),11,"MOTOR VEHICLE STRUCK MOTOR VEHICLE, FRONT END AT ANGLE",,False,Raining,Wet,Daylight,,,,10.0,Entering at angle,0,0,False,0
-122.314224029063,47.6141221491978,196077,265518,266318,3702326,Matched,Intersection,29750.0,14TH AVE AND E PIKE ST, ,,2,Injury Collision,Pedestrian,2,1,0,1,2,0,2018-01-16 00:00:00+00,1/16/2018 12:20:00 PM,At Intersection (intersection related),24,MOTOR VEHCILE STRUCK PEDESTRIAN,,False,Clear or Partly Cloudy,Dry,Daylight,,,,4.0,Vehicle hits Pedestrian - All Other Actions,0,0,False,0
-122.322107277727,47.645053446073,196078,265121,265901,E757841,Matched,Block,,HARVARD AVE E BETWEEN E EDGAR ST AND HAMLIN ST ON RP, ,,1,Property Damage Only Collision,Left Turn,3,0,0,2,0,0,2018-01-07 00:00:00+00,1/7/2018 3:04:00 PM,Mid-Block (not related to intersection),11,"MOTOR VEHICLE STRUCK MOTOR VEHICLE, FRONT END AT ANGLE",True,False,Raining,Wet,Daylight,,,,28.0,From opposite direction - one left turn - one straight,0,0,False,0
-122.302552092309,47.6428016253678,196079,265120,265900,E757840,Matched,Block,,EAST MONTLAKE PL E BETWEEN 24TH AVE E AND E ROANOKE ST,NEI,"Not Enough Information, or Insufficient Location Information",1,Property Damage Only Collision,Rear Ended,2,0,0,2,0,0,2018-01-11 00:00:00+00,1/11/2018 5:34:00 PM,,0,NOT ENOUGH INFORMATION / NOT APPLICABLE,,False,Unknown,Wet,Unknown,,,,13.0,From same direction - both going straight - both moving - rear-end,0,0,False,0
-122.301383902436,47.616479498726,196081,265517,266317,3702225,Matched,Intersection,29990.0,24TH AVE AND E OLIVE ST, ,,2,Injury Collision,Angles,8,0,0,2,6,0,2018-01-15 00:00:00+00,1/15/2018 6:48:00 PM,At Intersection (intersection related),11,"MOTOR VEHICLE STRUCK MOTOR VEHICLE, FRONT END AT ANGLE",,False,Clear or Partly Cloudy,Dry,Dark - No Street Lights,,,,10.0,Entering at angle,0,0,False,0
-122.338932174892,47.6185362718999,196083,265498,266298,3702165,Matched,Block,,DENNY WAY BETWEEN 9TH AVE AND WESTLAKE AVE, ,,1,Property Damage Only Collision,Other,3,0,0,2,0,0,2018-01-16 00:00:00+00,1/16/2018 10:40:00 AM,Mid-Block (not related to intersection),11,"MOTOR VEHICLE STRUCK MOTOR VEHICLE, FRONT END AT ANGLE",True,False,Clear or Partly Cloudy,Dry,Daylight,,,,23.0,From same direction - all others,0,0,False,0
-122.304140125789,47.5588375129341,196085,266905,267685,3818651,Matched,Block,,BEACON ER AVE S BETWEEN S COLUMBIAN WAY AND S FERDINAND N ST, ,,2,Injury Collision,Rear Ended,10,0,0,4,5,0,2018-01-20 00:00:00+00,1/20/2018 7:27:00 PM,Mid-Block (not related to intersection),14,"MOTOR VEHICLE STRUCK MOTOR VEHICLE, REAR END",,False,Raining,Wet,Dark - No Street Lights,,,,14.0,From same direction - both going straight - one stopped - rear-end,0,0,False,0
-122.302819677107,47.5783500806425,196086,266904,267684,3818587,Matched,Block,,S MCCLELLAN ST BETWEEN 23RD AVE S AND HARRIS PL S, ,,2,Injury Collision,Rear Ended,3,0,0,2,2,0,2018-01-22 00:00:00+00,1/22/2018 4:08:00 PM,Mid-Block (not related to intersection),14,"MOTOR VEHICLE STRUCK MOTOR VEHICLE, REAR END",True,False,Clear or Partly Cloudy,Dry,Daylight,,,,13.0,From same direction - both going straight - both moving - rear-end,0,0,False,0
-122.299873458204,47.6205854058855,196087,264305,265085,3753916,Matched,Block,,25TH AVE E BETWEEN E JOHN ST AND E MADISON ST, ,,1,Property Damage Only Collision,Parked Car,2,0,0,2,0,0,2018-01-06 00:00:00+00,1/6/2018 11:00:00 PM,Mid-Block (not related to intersection),0,NOT ENOUGH INFORMATION / NOT APPLICABLE,True,False,Raining,Wet,Dark - Street Lights On,,,,32.0,One parked--one moving,0,0,True,0
-122.291020948447,47.5552924537922,196088,266903,267683,3818585,Matched,Block,,S DAWSON ST BETWEEN 32ND AVE S AND 33RD AVE S, ,,1,Property Damage Only Collision,Parked Car,2,0,0,2,0,0,2018-01-21 00:00:00+00,1/21/2018 6:15:00 PM,Mid-Block (not related to intersection),11,"MOTOR VEHICLE STRUCK MOTOR VEHICLE, FRONT END AT ANGLE",,False,Unknown,Wet,Dark - Street Lights On,,,,32.0,One parked--one moving,0,0,True,0
-122.317894079103,47.5370881120198,196089,266902,267682,3818583,Matched,Block,,EAST MARGINAL WAY S BETWEEN ELLIS AVE S AND S WEBSTER ST, ,,1,Property Damage Only Collision,Rear Ended,2,0,0,2,0,0,2018-01-18 00:00:00+00,1/18/2018 5:07:00 PM,Mid-Block (not related to intersection),14,"MOTOR VEHICLE STRUCK MOTOR VEHICLE, REAR END",True,False,Overcast,Wet,Dusk,,,,13.0,From same direction - both going straight - both moving - rear-end,0,0,False,0
-122.361987374019,47.6913567088485,196090,264304,265084,3753915,Matched,Block,,NW 86TH ST BETWEEN 3RD AVE NW AND 6TH AVE NW, ,,1,Property Damage Only Collision,Sideswipe,2,0,0,2,0,0,2018-01-06 00:00:00+00,1/6/2018 12:50:00 PM,Mid-Block (not related to intersection),16,"MOTOR VEHICLE STRUCK MOTOR VEHICLE, LEFT SIDE SIDESWIPE",True,False,Raining,Wet,Daylight,,,,11.0,From same direction - both going straight - both moving - sideswipe,0,0,False,0
-122.290478892924,47.683048235121,196094,265440,266240,3747996,Matched,Intersection,24933.0,35TH AVE NE AND NE 75TH ST, ,,1,Property Damage Only Collision,Sideswipe,3,0,0,2,0,0,2018-01-11 00:00:00+00,1/11/2018 7:18:00 PM,At Intersection (intersection related),15,"MOTOR VEHICLE STRUCK MOTOR VEHICLE, RIGHT SIDE SIDESWIPE",,False,Unknown,Unknown,Unknown,,,,12.0,From same direction - both going straight - one stopped - sideswipe,0,0,False,0
-122.347647848478,47.6118671070725,196095,265439,266239,3746714,Matched,Block,,ELLIOTT AVE BETWEEN ELLIOTT AV ON RP AND BELL ST, ,,1,Property Damage Only Collision,Rear Ended,2,0,0,2,0,0,2018-01-13 00:00:00+00,1/13/2018 3:55:00 PM,Mid-Block (not related to intersection),14,"MOTOR VEHICLE STRUCK MOTOR VEHICLE, REAR END",,False,Clear or Partly Cloudy,Dry,Daylight,,,,13.0,From same direction - both going straight - both moving - rear-end,0,0,False,0
-122.260437098678,47.5476688459729,196096,266901,267681,3818559,Matched,Block,,SEWARD PARK AVE S BETWEEN LAKE SHORE DR S AND S VAN DYKE RD, ,,1,Property Damage Only Collision,Parked Car,2,0,0,2,0,0,2018-01-19 00:00:00+00,1/19/2018 7:06:00 PM,Mid-Block (not related to intersection),14,"MOTOR VEHICLE STRUCK MOTOR VEHICLE, REAR END",,False,Raining,Wet,Dark - Street Lights On,,,,32.0,One parked--one moving,0,0,True,0
-122.316882063254,47.6170150270404,196097,266218,267018,3702262,Matched,Block,,12TH AVE BETWEEN E OLIVE ST AND E HOWELL ST,NEI,"Not Enough Information, or Insufficient Location Information",1,Property Damage Only Collision,Parked Car,2,0,0,2,0,0,2018-01-18 00:00:00+00,1/18/2018 6:40:00 PM,,0,NOT ENOUGH INFORMATION / NOT APPLICABLE,,False,Raining,Wet,Dark - Street Lights On,,,,20.0,One car leaving parked position,0,0,False,0
-122.320115595548,47.6140804018511,196099,264301,265081,3702260,Matched,Block,,E PIKE ST BETWEEN BROADWAY AND 10TH AVE, ,,1,Property Damage Only Collision,Parked Car,3,0,0,2,0,0,2018-01-06 00:00:00+00,1/6/2018 11:30:00 PM,Mid-Block (not related to intersection),11,"MOTOR VEHICLE STRUCK MOTOR VEHICLE, FRONT END AT ANGLE",,False,Unknown,Dry,Dark - Street Lights Off,,,,19.0,One car entering parked position,0,0,False,0
-122.392900324628,47.6486461757208,196100,265438,266238,3746653,Matched,Intersection,26581.0,28TH AVE W AND W DRAVUS ST, ,,2,Injury Collision,Pedestrian,2,1,0,1,1,0,2018-01-15 00:00:00+00,1/15/2018 2:14:00 PM,At Intersection (intersection related),24,MOTOR VEHCILE STRUCK PEDESTRIAN,True,False,Clear or Partly Cloudy,Dry,Daylight,,,,0.0,Vehicle going straight hits pedestrian,0,0,False,0
-122.376776959098,47.6823084119603,196101,266217,267017,3289388,Matched,Block,,15TH AVE NW BETWEEN NW 73RD ST AND NW 75TH ST, ,,2,Injury Collision,Rear Ended,5,0,0,2,2,0,2018-01-17 00:00:00+00,1/17/2018 10:49:00 PM,Mid-Block (not related to intersection),14,"MOTOR VEHICLE STRUCK MOTOR VEHICLE, REAR END",,True,Raining,Wet,Dark - Street Lights On,,,True,13.0,From same direction - both going straight - both moving - rear-end,0,0,False,0
-122.362667685405,47.6512329403659,196103,264298,265078,E754360,Matched,Block,,W NICKERSON ST BETWEEN 3RD AVE W AND 6TH AVE W, ,,1,Property Damage Only Collision,Rear Ended,3,0,0,2,0,0,2018-01-02 00:00:00+00,1/2/2018 1:19:00 PM,Mid-Block (not related to intersection),14,"MOTOR VEHICLE STRUCK MOTOR VEHICLE, REAR END",True,False,Clear or Partly Cloudy,Dry,Daylight,,,,13.0,From same direction - both going straight - both moving - rear-end,0,0,False,0
-122.323239228078,47.5470245031927,196104,265141,265921,E757881,Matched,Block,,S MICHIGAN ST BETWEEN 7TH AVE S AND CORSON AVE S, ,,2,Injury Collision,Left Turn,3,0,0,2,1,0,2018-01-11 00:00:00+00,1/11/2018 1:30:00 PM,Mid-Block (not related to intersection),11,"MOTOR VEHICLE STRUCK MOTOR VEHICLE, FRONT END AT ANGLE",,False,Raining,Wet,Daylight,,,,28.0,From opposite direction - one left turn - one straight,0,0,False,0
-122.320284005733,47.5264574802919,196106,266197,266997,E759445,Matched,Intersection,35095.0,10TH AVE S AND S CLOVERDALE ST, ,,1,Property Damage Only Collision,Angles,2,0,0,2,0,0,2018-01-11 00:00:00+00,1/11/2018 12:46:00 PM,At Intersection (intersection related),11,"MOTOR VEHICLE STRUCK MOTOR VEHICLE, FRONT END AT ANGLE",,False,Raining,Wet,Daylight,,,,10.0,Entering at angle,0,0,False,0
-122.311993309524,47.6612619533606,196111,266157,266957,E759444,Matched,Intersection,27061.0,15TH AVE NE AND NE 45TH ST, ,,1,Property Damage Only Collision,Sideswipe,2,0,0,2,0,0,2018-01-04 00:00:00+00,1/4/2018 1:33:00 PM,At Intersection (intersection related),11,"MOTOR VEHICLE STRUCK MOTOR VEHICLE, FRONT END AT ANGLE",,False,Raining,Wet,Daylight,,,,12.0,From same direction - both going straight - one stopped - sideswipe,0,0,False,0
-122.325895356763,47.6382470622961,196135,267501,268281,E762026,Matched,Intersection,28314.0,EASTLAKE AVE E AND E BOSTON ST, ,,2,Injury Collision,Angles,2,0,0,2,2,0,2018-01-24 00:00:00+00,1/24/2018 4:09:00 PM,At Intersection (intersection related),11,"MOTOR VEHICLE STRUCK MOTOR VEHICLE, FRONT END AT ANGLE",,False,Raining,Wet,Dark - No Street Lights,,,,10.0,Entering at angle,0,0,False,0
-122.333172245935,47.6030193934401,196137,267499,268279,E762024,Matched,Intersection,30355.0,2ND AVE AND CHERRY ST, ,,1,Property Damage Only Collision,Rear Ended,2,0,0,2,0,0,2018-01-19 00:00:00+00,1/19/2018 4:10:00 PM,At Intersection (but not related to intersection),14,"MOTOR VEHICLE STRUCK MOTOR VEHICLE, REAR END",,False,Raining,Unknown,Unknown,,,,14.0,From same direction - both going straight - one stopped - rear-end,0,0,False,0
-122.292355169169,47.5426480703315,196145,267497,268277,E762023,Matched,Block,,S HOLLY ST BETWEEN 31ST AVE S AND 32ND AVE S, ,,2,Injury Collision,Parked Car,3,0,0,2,1,0,2018-01-15 00:00:00+00,1/15/2018 6:01:00 PM,Mid-Block (not related to intersection),14,"MOTOR VEHICLE STRUCK MOTOR VEHICLE, REAR END",True,False,Clear or Partly Cloudy,Dry,Dark - Street Lights On,,,,32.0,One parked--one moving,0,0,True,0
-122.297414682629,47.5992328395492,196151,267466,268246,E760366,Matched,Intersection,30602.0,M L KING JR WAY S AND S JACKSON ST, ,,1,Property Damage Only Collision,Rear Ended,2,0,0,2,0,0,2018-01-12 00:00:00+00,1/12/2018 7:44:00 AM,At Intersection (intersection related),14,"MOTOR VEHICLE STRUCK MOTOR VEHICLE, REAR END",,False,Overcast,Wet,Daylight,,,,13.0,From same direction - both going straight - both moving - rear-end,0,0,False,0
-122.335019596781,47.6109082892407,196159,266907,267687,E756603,Matched,Block,,PIKE ST BETWEEN 5TH AVE AND 6TH AVE, ,,2,Injury Collision,Other,2,0,0,2,1,0,2018-01-09 00:00:00+00,1/9/2018 3:50:00 PM,Mid-Block (not related to intersection),11,"MOTOR VEHICLE STRUCK MOTOR VEHICLE, FRONT END AT ANGLE",,False,Raining,Wet,Daylight,,,,23.0,From same direction - all others,0,0,False,0
-122.342184364442,47.6379242968406,196162,266906,267686,E756602,Matched,Block,,CROCKETT ST BETWEEN WAVERLY PL N AND 8TH AVE N, ,,1,Property Damage Only Collision,Parked Car,2,0,0,2,0,0,2018-01-04 00:00:00+00,1/4/2018 1:54:00 PM,,0,NOT ENOUGH INFORMATION / NOT APPLICABLE,,False,Overcast,Dry,Daylight,,,,32.0,One parked--one moving,0,0,True,0
-122.315548584953,47.6152728652195,196170,263891,264671,E755114,Matched,Intersection,29741.0,13TH AVE AND E PINE ST, ,,1,Property Damage Only Collision,Other,1,0,0,1,0,0,2018-01-02 00:00:00+00,1/2/2018 1:52:00 PM,At Intersection (intersection related),28,MOTOR VEHICLE RAN OFF ROAD - HIT FIXED OBJECT,,False,Overcast,Dry,Daylight,,,,50.0,Fixed object,0,0,False,0
-122.320727861346,47.661319003343,196178,263890,264670,E755106,Matched,Intersection,27070.0,7TH AVE NE AND NE 45TH ST, ,,1,Property Damage Only Collision,Right Turn,2,0,0,2,0,0,2018-01-04 00:00:00+00,1/4/2018 7:39:00 AM,At Intersection (intersection related),11,"MOTOR VEHICLE STRUCK MOTOR VEHICLE, FRONT END AT ANGLE",True,False,Clear or Partly Cloudy,Dry,Dawn,,,,16.0,From same direction - one right turn - one straight,0,0,False,0
-122.376215698437,47.6678913446593,196187,263889,264669,E755105,Matched,Intersection,25425.0,15TH AVE NW AND NW 54TH ST, ,,2,Injury Collision,Other,2,0,0,2,1,0,2018-01-03 00:00:00+00,1/3/2018 6:36:00 PM,At Intersection (intersection related),26,MOTOR VEHICLE STRUCK OBJECT IN ROAD,True,False,Clear or Partly Cloudy,Dry,Dark - Street Lights On,,,,50.0,Fixed object,0,0,False,0
-122.293119249988,47.6249603954924,196194,263892,264672,E755115,Matched,Intersection,29239.0,30TH AVE E AND E MERCER ST, ,,1,Property Damage Only Collision,Other,1,0,0,1,0,0,2018-01-02 00:00:00+00,1/2/2018 1:38:00 PM,At Intersection (intersection related),28,MOTOR VEHICLE RAN OFF ROAD - HIT FIXED OBJECT,,False,Unknown,Unknown,Unknown,,,,50.0,Fixed object,0,0,False,0
-122.317363220872,47.6758293276245,196223,265164,265944,E757820,Matched,Intersection,24498.0,ROOSEVELT WAY NE AND NE 65TH ST, ,,2,Injury Collision,Left Turn,4,0,0,2,2,0,2018-01-11 00:00:00+00,1/11/2018 7:50:00 AM,At Intersection (intersection related),11,"MOTOR VEHICLE STRUCK MOTOR VEHICLE, FRONT END AT ANGLE",,False,Raining,Wet,Dark - Street Lights On,,,,28.0,From opposite direction - one left turn - one straight,0,0,False,0
-122.28842742879,47.684855403886,196224,265577,266377,3754178,Matched,Intersection,24911.0,37TH AVE NE AND NE 77TH ST, ,,1,Property Damage Only Collision,Angles,2,0,0,2,0,0,2018-01-16 00:00:00+00,1/16/2018 7:35:00 PM,At Intersection (intersection related),11,"MOTOR VEHICLE STRUCK MOTOR VEHICLE, FRONT END AT ANGLE",,False,Overcast,Wet,Dark - Street Lights On,,,,10.0,Entering at angle,0,0,False,0
-122.305476843369,47.693475008549,196225,265163,265943,3738983,Matched,Block,,LAKE CITY WAY NE BETWEEN NE 89TH ST AND NE 90TH ST, ,,2,Injury Collision,Rear Ended,3,0,0,2,2,0,2018-01-10 00:00:00+00,1/10/2018 11:53:00 PM,Mid-Block (not related to intersection),26,MOTOR VEHICLE STRUCK OBJECT IN ROAD,,False,Raining,Wet,Dark - Street Lights On,,,True,14.0,From same direction - both going straight - one stopped - rear-end,0,0,False,0
-122.380248711864,47.556589364301,196226,266240,267040,3742256,Matched,Block,,38TH AVE SW BETWEEN SW HUDSON ST AND SW DAWSON ST,NEI,"Not Enough Information, or Insufficient Location Information",1,Property Damage Only Collision,Parked Car,2,0,0,2,0,0,2018-01-11 00:00:00+00,1/11/2018 2:00:00 PM,,0,NOT ENOUGH INFORMATION / NOT APPLICABLE,,False,Raining,Wet,Daylight,,,,32.0,One parked--one moving,0,0,False,0
-122.294787399521,47.5739430253044,196228,265581,266381,3818555,Matched,Intersection,32410.0,RAINIER AVE S AND S BYRON ST, ,,2,Injury Collision,Angles,2,0,0,2,1,0,2018-01-15 00:00:00+00,1/15/2018 8:35:00 AM,At Intersection (intersection related),11,"MOTOR VEHICLE STRUCK MOTOR VEHICLE, FRONT END AT ANGLE",,False,Overcast,Dry,Daylight,,,,10.0,Entering at angle,0,0,False,0
-122.300780852561,47.6839508354902,196229,265161,265941,3738980,Matched,Block,,25TH AVE NE BETWEEN NE 75TH ST AND NE 77TH ST, ,,2,Injury Collision,Sideswipe,3,0,0,2,2,0,2018-01-10 00:00:00+00,1/10/2018 9:06:00 AM,Mid-Block (not related to intersection),11,"MOTOR VEHICLE STRUCK MOTOR VEHICLE, FRONT END AT ANGLE",,False,Clear or Partly Cloudy,Dry,Daylight,,,,11.0,From same direction - both going straight - both moving - sideswipe,0,0,False,0
-122.302329437492,47.6549938837481,196230,265160,265940,3733850,Matched,Block,,MONTLAKE BLVD NE BETWEEN NE PACIFIC PL AND 25TH AVE NE, ,,1,Property Damage Only Collision,Rear Ended,3,0,0,3,0,0,2018-01-06 00:00:00+00,1/6/2018 2:48:00 PM,Mid-Block (not related to intersection),14,"MOTOR VEHICLE STRUCK MOTOR VEHICLE, REAR END",,False,Clear or Partly Cloudy,Dry,Daylight,,,,13.0,From same direction - both going straight - both moving - rear-end,0,0,False,0
-122.342913194659,47.6905503532944,196232,265159,265939,3705881,Matched,Block,,N 85TH ST BETWEEN NESBIT AVE N AND MIDVALE AVE N, ,,1,Property Damage Only Collision,Rear Ended,3,0,0,3,0,0,2018-01-11 00:00:00+00,1/11/2018 8:47:00 AM,Mid-Block (not related to intersection),14,"MOTOR VEHICLE STRUCK MOTOR VEHICLE, REAR END",True,False,Raining,Wet,Daylight,,,,14.0,From same direction - both going straight - one stopped - rear-end,0,0,False,0
-122.329292105679,47.6184493537895,196233,266244,267044,3754106,Matched,Block,,DENNY WAY BETWEEN STEWART ST AND MELROSE AVE,NEI,"Not Enough Information, or Insufficient Location Information",1,Property Damage Only Collision,Other,2,0,0,2,0,0,2018-01-17 00:00:00+00,1/17/2018 8:20:00 PM,Mid-Block (not related to intersection),0,NOT ENOUGH INFORMATION / NOT APPLICABLE,,False,Unknown,Unknown,Unknown,,,,23.0,From same direction - all others,0,0,False,0
-122.361215402411,47.5427891390697,196234,266238,267038,3742036,Matched,Block,,DELRIDGE WAY SW BETWEEN 22ND AVE SW AND SW WILLOW ST, ,,1,Property Damage Only Collision,Parked Car,2,0,0,2,0,0,2018-01-18 00:00:00+00,1/18/2018 5:29:00 PM,Mid-Block (not related to intersection),26,MOTOR VEHICLE STRUCK OBJECT IN ROAD,,False,Overcast,Wet,Dark - Street Lights On,,,True,32.0,One parked--one moving,0,0,False,0
-122.334477235079,47.6044464645967,196235,267537,268317,E762231,Matched,Intersection,29968.0,2ND AVE AND MARION ST, ,,1,Property Damage Only Collision,Pedestrian,3,0,1,1,0,0,2018-01-23 00:00:00+00,1/23/2018 5:13:00 PM,At Intersection (intersection related),18,"MOTOR VEHICLE STRUCK PEDALCYCLIST, FRONT END AT ANGLE",,False,Raining,Wet,Dark - Street Lights On,,,,5.0,Vehicle Strikes Pedalcyclist,0,0,False,0
-122.329979192404,47.5991983145207,196236,265157,265937,3578777,Matched,Block,,S JACKSON ST BETWEEN 3RD AVE S AND 2ND AV ET S, ,,1,Property Damage Only Collision,Other,2,0,0,2,0,0,2018-01-09 00:00:00+00,1/9/2018 7:10:00 AM,Mid-Block (not related to intersection),25,MOTOR VEHICLE STRUCK TRAIN,,False,Raining,Wet,Dark - Street Lights On,,,,41.0,Vehicle Strikes Railway Vehicle,0,0,False,0
-122.38615859124,47.5701885812792,196256,266239,267039,3742138,Matched,Block,,SW CHARLESTOWN ST BETWEEN 42ND AVE SW AND CALIFORNIA AVE SW, ,,1,Property Damage Only Collision,Parked Car,2,0,0,2,0,0,2018-01-18 00:00:00+00,1/18/2018 7:25:00 PM,,0,NOT ENOUGH INFORMATION / NOT APPLICABLE,,False,Overcast,Wet,Dark - Street Lights On,,,,32.0,One parked--one moving,0,0,True,0
-122.364554165545,47.6236887884381,196237,267517,268297,E762230,Matched,Intersection,28673.0,6TH AVE W AND ELLIOTT AVE W, ,,1,Property Damage Only Collision,Left Turn,2,0,0,2,0,0,2018-01-12 00:00:00+00,1/12/2018 4:31:00 PM,At Intersection (intersection related),11,"MOTOR VEHICLE STRUCK MOTOR VEHICLE, FRONT END AT ANGLE",,False,Overcast,Wet,Dusk,,,,28.0,From opposite direction - one left turn - one straight,0,0,False,0
-122.313379996347,47.5750925547352,196238,265579,266379,3818551,Matched,Intersection,31325.0,15TH AVE S AND S HANFORD ST, ,,1,Property Damage Only Collision,Angles,2,0,0,2,0,0,2018-01-11 00:00:00+00,1/11/2018 5:28:00 PM,At Intersection (intersection related),11,"MOTOR VEHICLE STRUCK MOTOR VEHICLE, FRONT END AT ANGLE",,False,Overcast,Wet,Dusk,,,,10.0,Entering at angle,0,0,False,0
-122.306470512764,47.5664334799583,196239,266917,267697,E757337,Matched,Block,,BEACON AVE S BETWEEN BEACON WR N AVE S AND BEACON ER AVE S, ,,2,Injury Collision,Rear Ended,4,0,0,3,1,0,2018-01-05 00:00:00+00,1/5/2018 3:34:00 PM,Mid-Block (not related to intersection),14,"MOTOR VEHICLE STRUCK MOTOR VEHICLE, REAR END",,False,Raining,Wet,Daylight,,,,13.0,From same direction - both going straight - both moving - rear-end,0,0,False,0
-122.315238737376,47.664917341646,196241,265538,266338,3753954,Matched,Intersection,25791.0,12TH AVE NE AND NE 50TH ST, ,,2,Injury Collision,Pedestrian,2,1,0,1,1,0,2018-01-15 00:00:00+00,1/15/2018 8:40:00 PM,At Intersection (intersection related),24,MOTOR VEHCILE STRUCK PEDESTRIAN,,False,Raining,Wet,Dark - Street Lights On,True,,,1.0,Vehicle turning right hits pedestrian,0,0,False,0
-122.367262569607,47.5246767358354,196244,266241,267041,3744142,Matched,Block,,SW TRENTON ST BETWEEN 26TH AVE SW AND 28TH AVE SW, ,,1,Property Damage Only Collision,Angles,2,0,0,2,0,0,2018-01-16 00:00:00+00,1/16/2018 4:36:00 PM,Mid-Block (not related to intersection),11,"MOTOR VEHICLE STRUCK MOTOR VEHICLE, FRONT END AT ANGLE",,False,Clear or Partly Cloudy,Dry,Dusk,,,,10.0,Entering at angle,0,0,False,0
-122.33615476839,47.6142879469664,196247,265537,266337,3753775,Matched,Intersection,29552.0,7TH AVE AND STEWART ST, ,,2,Injury Collision,Left Turn,5,0,0,2,1,0,2018-01-14 00:00:00+00,1/14/2018 8:18:00 AM,At Intersection (intersection related),11,"MOTOR VEHICLE STRUCK MOTOR VEHICLE, FRONT END AT ANGLE",,False,Overcast,Dry,Daylight,,,,15.0,From same direction - one left turn - one straight,0,0,False,0
-122.340993782959,47.6309903732842,196249,266219,267019,3703910,Matched,Block,,WESTLAKE AVE N BETWEEN HIGHLAND DR AND GALER S ST, ,,2,Injury Collision,Rear Ended,3,0,0,3,1,0,2018-01-18 00:00:00+00,1/18/2018 8:00:00 PM,Mid-Block (not related to intersection),14,"MOTOR VEHICLE STRUCK MOTOR VEHICLE, REAR END",,False,Overcast,Wet,Dark - Street Lights On,,,,13.0,From same direction - both going straight - both moving - rear-end,0,0,False,0
-122.327870460926,47.6225533198553,196251,264397,265177,3702300,Matched,Block,,MELROSE AVE E BETWEEN E THOMAS ST AND E MERCER ST, ,,1,Property Damage Only Collision,Parked Car,2,0,0,2,0,0,2018-01-08 00:00:00+00,1/8/2018 8:33:00 AM,Mid-Block (but intersection related),11,"MOTOR VEHICLE STRUCK MOTOR VEHICLE, FRONT END AT ANGLE",,False,Unknown,Unknown,Unknown,,,,32.0,One parked--one moving,0,0,False,0