longitude,latitude,objectid,inckey,coldetkey,reportno,status,addrtype,intkey,location,exceptrsncode,exceptrsndesc,severitycode,severitydesc,collisiontype,personcount,pedcount,pedcylcount,vehcount,injuries,fatalities,incdate,incdttm,junctiontype,sdot_colcode,sdot_coldesc,inattentionind,underinfl,weather,roadcond,lightcond,pedrownotgrnt,sdotcolnum,speeding,st_colcode,st_coldesc,seglanekey,crosswalkkey,hitparkedcar,seriousinjuries
-122.351133937705,47.5709417837772,196252,264377,265157,3692750,Matched,Block,,WEST SEATTLE BR EB BETWEEN ALASKAN WY VI NB ON RP AND DELRIDGE-W SEATTLE BR EB ON RP, ,,1,Property Damage Only Collision,Rear Ended,2,0,0,2,0,0,2018-01-08 00:00:00+00,1/8/2018 8:19:00 AM,Mid-Block (not related to intersection),14,"MOTOR VEHICLE STRUCK MOTOR VEHICLE, REAR END",,False,Clear or Partly Cloudy,Dry,Daylight,,,,14.0,From same direction - both going straight - one stopped - rear-end,0,0,False,0
-122.312225232901,47.6016845684154,196254,266913,267693,E756665,Matched,Block,,E YESLER WAY BETWEEN 15TH AVE AND 16TH AVE, ,,1,Property Damage Only Collision,Other,1,0,0,1,0,0,2018-01-03 00:00:00+00,1/3/2018 12:39:00 AM,Mid-Block (not related to intersection),28,MOTOR VEHICLE RAN OFF ROAD - HIT FIXED OBJECT,,False,Clear or Partly Cloudy,Dry,Dark - Street Lights On,,,,50.0,Fixed object,0,0,False,0
-122.337216518114,47.6057638630913,196255,266912,267692,E756635,Matched,Block,,1ST AVE BETWEEN SPRING ST AND SENECA ST, ,,1,Property Damage Only Collision,Sideswipe,2,0,0,2,0,0,2018-01-08 00:00:00+00,1/8/2018 5:16:00 PM,Mid-Block (not related to intersection),11,"MOTOR VEHICLE STRUCK MOTOR VEHICLE, FRONT END AT ANGLE",,False,Clear or Partly Cloudy,Dry,Dark - Street Lights On,,,,11.0,From same direction - both going straight - both moving - sideswipe,0,0,False,0
-122.332161064724,47.6044286219339,196257,266911,267691,E756634,Matched,Block,,COLUMBIA ST BETWEEN 3RD AVE AND 4TH AVE, ,,1,Property Damage Only Collision,Parked Car,2,0,0,2,0,0,2018-01-02 00:00:00+00,1/2/2018 4:46:00 PM,Mid-Block (not related to intersection),11,"MOTOR VEHICLE STRUCK MOTOR VEHICLE, FRONT END AT ANGLE",True,False,Clear or Partly Cloudy,Dry,Dark - Street Lights On,,,,20.0,One car leaving parked position,0,0,False,0
-122.342717706692,47.5411010097293,196258,264357,265137,3692749,Matched,Block,,SW FRONT ST BETWEEN DEAD END AND WEST MARGINAL WAY SW, ,,2,Injury Collision,Angles,3,0,0,2,1,0,2018-01-08 00:00:00+00,1/8/2018 6:50:00 AM,Driveway Junction,11,"MOTOR VEHICLE STRUCK MOTOR VEHICLE, FRONT END AT ANGLE",,False,Raining,Wet,Dark - Street Lights On,,,,10.0,Entering at angle,0,0,False,0
-122.329046899568,47.5953883405264,196262,266237,267037,3739173,Matched,Block,,4TH AVE S BETWEEN SEATTLE BLVD S AND I90 WB 4TH AV OFF RP, ,,1,Property Damage Only Collision,Other,3,0,0,2,0,0,2018-01-18 00:00:00+00,1/18/2018 7:49:00 PM,Mid-Block (not related to intersection),11,"MOTOR VEHICLE STRUCK MOTOR VEHICLE, FRONT END AT ANGLE",,False,Raining,Wet,Dark - Street Lights On,,,,23.0,From same direction - all others,0,0,False,0
-122.331146081419,47.6058391633764,196304,267540,268320,E761573,Matched,Intersection,29954.0,5TH AVE AND MARION ST, ,,2,Injury Collision,Angles,3,1,0,2,1,0,2018-01-22 00:00:00+00,1/22/2018 11:12:00 AM,At Intersection (intersection related),11,"MOTOR VEHICLE STRUCK MOTOR VEHICLE, FRONT END AT ANGLE",,False,Clear or Partly Cloudy,Dry,Daylight,,,,10.0,Entering at angle,0,0,False,0
-122.297571091058,47.5955267912558,196313,267539,268319,E762243,Matched,Intersection,30643.0,M L KING JR WAY S AND S DEARBORN ST, ,,2,Injury Collision,Pedestrian,2,1,0,1,1,0,2018-01-24 00:00:00+00,1/24/2018 5:12:00 PM,At Intersection (intersection related),24,MOTOR VEHCILE STRUCK PEDESTRIAN,,False,Overcast,Wet,Dusk,,,,0.0,Vehicle going straight hits pedestrian,0,0,False,0
-122.302433573934,47.6026681231151,196316,267538,268318,E762242,Matched,Intersection,30717.0,23RD AVE AND E FIR ST, ,,1,Property Damage Only Collision,Rear Ended,3,0,0,3,0,0,2018-01-18 00:00:00+00,1/18/2018 5:28:00 PM,At Intersection (intersection related),14,"MOTOR VEHICLE STRUCK MOTOR VEHICLE, REAR END",True,False,Raining,Wet,Dark - Street Lights On,,,,14.0,From same direction - both going straight - one stopped - rear-end,0,0,False,0
-122.387587319805,47.6701871938415,196323,264457,265237,E756136,Matched,Intersection,25142.0,24TH AVE NW AND NW 57TH ST, ,,1,Property Damage Only Collision,Sideswipe,2,0,0,2,0,0,2018-01-04 00:00:00+00,1/4/2018 8:01:00 AM,At Intersection (intersection related),11,"MOTOR VEHICLE STRUCK MOTOR VEHICLE, FRONT END AT ANGLE",,False,Overcast,Dry,Daylight,,,,82.0,Same direction -- both turning left -- one stopped -- sideswipe,0,0,False,0
-122.347294317702,47.6471711193713,196324,265166,265946,E757896,Matched,Block,,AURORA BR BETWEEN RAYE ST AND BRIDGE WAY N, ,,1,Property Damage Only Collision,Rear Ended,3,0,0,2,0,0,2018-01-03 00:00:00+00,1/3/2018 7:46:00 PM,Mid-Block (not related to intersection),14,"MOTOR VEHICLE STRUCK MOTOR VEHICLE, REAR END",,False,Clear or Partly Cloudy,Dry,Dark - Street Lights On,,,,13.0,From same direction - both going straight - both moving - rear-end,0,0,False,0
-122.33630255552,47.5903290253935,196326,264438,265218,E756135,Matched,Block,,S ATLANTIC ST BETWEEN COLORADO AVE S AND EAST FRONTAGE RD S, ,,1,Property Damage Only Collision,Sideswipe,3,0,0,2,0,0,2018-01-03 00:00:00+00,1/3/2018 2:42:00 PM,Mid-Block (not related to intersection),11,"MOTOR VEHICLE STRUCK MOTOR VEHICLE, FRONT END AT ANGLE",True,False,Overcast,Dry,Daylight,,,,11.0,From same direction - both going straight - both moving - sideswipe,0,0,False,0
-122.34223642468,47.5172849599433,196327,264437,265217,E756115,Matched,Block,,SW ROXBURY ST BETWEEN 5TH AVE SW AND 6TH AVE SW, ,,1,Property Damage Only Collision,Other,2,0,0,2,0,0,2018-01-08 00:00:00+00,1/8/2018 5:33:00 AM,Mid-Block (not related to intersection),11,"MOTOR VEHICLE STRUCK MOTOR VEHICLE, FRONT END AT ANGLE",,False,Overcast,Wet,Dark - Street Lights On,,,,23.0,From same direction - all others,0,0,False,0
-122.339439078022,47.5651393508864,196332,265165,265945,3738985,Matched,Block,,EAST MARGINAL WAY S BETWEEN S NEVADA ST AND S IDAHO ST, ,,1,Property Damage Only Collision,Rear Ended,2,0,0,2,0,0,2018-01-11 00:00:00+00,1/11/2018 1:15:00 AM,Mid-Block (not related to intersection),14,"MOTOR VEHICLE STRUCK MOTOR VEHICLE, REAR END",,True,Raining,Wet,Dark - Street Lights On,,,,14.0,From same direction - both going straight - one stopped - rear-end,0,0,False,0
-122.313310378463,47.6543765827092,196340,264461,265241,E756140,Matched,Block,,UNIVERSITY WAY NE BETWEEN NE PACIFIC ST AND NE 40TH ST, ,,1,Property Damage Only Collision,Parked Car,2,0,0,2,0,0,2018-01-04 00:00:00+00,1/4/2018 1:00:00 PM,Mid-Block (not related to intersection),14,"MOTOR VEHICLE STRUCK MOTOR VEHICLE, REAR END",,False,Overcast,Dry,Daylight,,,,32.0,One parked--one moving,0,0,False,0
-122.313733071388,47.5716276145866,196350,263898,264678,E754948,Matched,Block,,S SPOKANE ST BETWEEN HINDS PL S AND 15TH AVE S, ,,1,Property Damage Only Collision,Rear Ended,2,0,0,2,0,0,2018-01-02 00:00:00+00,1/2/2018 7:46:00 AM,Mid-Block (not related to intersection),11,"MOTOR VEHICLE STRUCK MOTOR VEHICLE, FRONT END AT ANGLE",,False,Overcast,Dry,Daylight,,,,14.0,From same direction - both going straight - one stopped - rear-end,0,0,False,0
-122.344616635831,47.6985331745679,196357,264460,265240,E756139,Matched,Intersection,37314.0,AURORA AVE N AND N 96TH S ST, ,,1,Property Damage Only Collision,Left Turn,2,0,0,2,0,0,2018-01-04 00:00:00+00,1/4/2018 9:30:00 AM,At Intersection (intersection related),11,"MOTOR VEHICLE STRUCK MOTOR VEHICLE, FRONT END AT ANGLE",True,False,Overcast,Dry,Daylight,,,,28.0,From opposite direction - one left turn - one straight,0,0,False,0
-122.312087978084,47.7157859109365,196361,263895,264675,E754750,Matched,Block,,NE 120TH ST BETWEEN 15TH AVE NE AND PINEHURST WAY NE, ,,1,Property Damage Only Collision,Angles,2,0,0,2,0,0,2018-01-02 00:00:00+00,1/2/2018 5:38:00 PM,Mid-Block (but intersection related),11,"MOTOR VEHICLE STRUCK MOTOR VEHICLE, FRONT END AT ANGLE",,False,Clear or Partly Cloudy,Dry,Dark - Street Lights On,,,,10.0,Entering at angle,0,0,False,0
-122.355970521652,47.6563487914172,196362,263894,264674,E754749,Matched,Block,,N 41ST ST BETWEEN PALATINE AVE N AND GREENWOOD AVE N, ,,1,Property Damage Only Collision,Parked Car,2,0,0,2,0,0,2018-01-02 00:00:00+00,1/2/2018 8:11:00 PM,Mid-Block (not related to intersection),14,"MOTOR VEHICLE STRUCK MOTOR VEHICLE, REAR END",,False,Unknown,Unknown,Unknown,,,,32.0,One parked--one moving,0,0,True,0
-122.360705824215,47.6978518441681,196368,264459,265239,E756138,Matched,Intersection,37145.0,3RD AVE NW AND NW 95TH ST, ,,2,Injury Collision,Angles,5,0,0,2,2,0,2018-01-04 00:00:00+00,1/4/2018 9:02:00 AM,At Intersection (intersection related),11,"MOTOR VEHICLE STRUCK MOTOR VEHICLE, FRONT END AT ANGLE",,False,Clear or Partly Cloudy,Dry,Daylight,,,,10.0,Entering at angle,0,0,False,0
-122.348564869578,47.689112073856,196371,265168,265948,E757915,Matched,Block,,N 83RD ST BETWEEN FREMONT AVE N AND LINDEN AVE N, ,,1,Property Damage Only Collision,Parked Car,2,0,0,2,0,0,2018-01-10 00:00:00+00,1/10/2018 10:02:00 PM,Mid-Block (not related to intersection),11,"MOTOR VEHICLE STRUCK MOTOR VEHICLE, FRONT END AT ANGLE",,False,Raining,Wet,Dark - Street Lights On,,,,32.0,One parked--one moving,0,0,True,0
-122.334934565995,47.6032685577636,196373,266249,267049,3754911,Matched,Intersection,30348.0,1ST AVE AND COLUMBIA ST, ,,2,Injury Collision,Left Turn,2,0,0,2,1,0,2018-01-17 00:00:00+00,1/17/2018 3:32:00 PM,At Intersection (intersection related),11,"MOTOR VEHICLE STRUCK MOTOR VEHICLE, FRONT END AT ANGLE",,False,Raining,Wet,Dusk,,,,29.0,From opposite direction - one left turn - one right turn,0,0,False,0
-122.306426260505,47.5457394605264,196374,266255,267055,3818430,Matched,Intersection,34387.0,SWIFT AVE S AND SWIFT AV OFF RP, ,,1,Property Damage Only Collision,Sideswipe,3,0,0,2,0,0,2018-01-17 00:00:00+00,1/17/2018 7:19:00 AM,At Intersection (intersection related),11,"MOTOR VEHICLE STRUCK MOTOR VEHICLE, FRONT END AT ANGLE",,False,Raining,Wet,Daylight,,,,12.0,From same direction - both going straight - one stopped - sideswipe,0,0,False,0
-122.327804575635,47.6139302296862,196376,266251,267051,3773745,Matched,Intersection,29877.0,MELROSE AVE AND PIKE ST, ,,2,Injury Collision,Other,1,0,0,1,1,0,2018-01-17 00:00:00+00,1/17/2018 8:08:00 AM,At Intersection (intersection related),11,"MOTOR VEHICLE STRUCK MOTOR VEHICLE, FRONT END AT ANGLE",,False,Raining,Wet,Daylight,,,,52.0,Vehicle overturned,0,0,False,0
-122.34793329662,47.7250374752062,196377,266247,267047,3754276,Matched,Block,,LINDEN AVE N BETWEEN N 130TH ST AND N 135TH ST, ,,1,Property Damage Only Collision,Parked Car,3,0,0,3,0,0,2018-01-17 00:00:00+00,1/17/2018 10:00:00 PM,Mid-Block (not related to intersection),11,"MOTOR VEHICLE STRUCK MOTOR VEHICLE, FRONT END AT ANGLE",,False,Raining,Wet,Dark - Street Lights On,,,,32.0,One parked--one moving,0,0,False,0
-122.322989230661,47.6053045121331,196378,266935,267715,3773939,Matched,Intersection,29816.0,JEFFERSON ST AND TERRY AVE, ,,2,Injury Collision,Pedestrian,2,1,0,1,1,0,2018-01-17 00:00:00+00,1/17/2018 6:26:00 PM,At Intersection (intersection related),24,MOTOR VEHCILE STRUCK PEDESTRIAN,,False,Raining,Wet,Dark - Street Lights On,True,,,1.0,Vehicle turning right hits pedestrian,0,0,False,0
-122.376123392788,47.6636643524013,196380,266246,267046,3754127,Matched,Intersection,25468.0,15TH NB AVE NW AND NW LEARY WAY, ,,1,Property Damage Only Collision,Other,1,0,0,1,0,0,2018-01-13 00:00:00+00,1/13/2018 12:43:00 AM,At Intersection (intersection related),26,MOTOR VEHICLE STRUCK OBJECT IN ROAD,,True,Overcast,Wet,Dark - Street Lights On,,,,50.0,Fixed object,0,0,False,0
-122.269995799014,47.519038180312,196382,265589,266389,E758885,Matched,Intersection,35462.0,51ST AVE S AND S FLETCHER ST, ,,1,Property Damage Only Collision,Angles,2,0,0,2,0,0,2018-01-04 00:00:00+00,1/4/2018 8:55:00 AM,At Intersection (intersection related),11,"MOTOR VEHICLE STRUCK MOTOR VEHICLE, FRONT END AT ANGLE",True,False,Clear or Partly Cloudy,Dry,Daylight,,,,10.0,Entering at angle,0,0,False,0
-122.337819669976,47.6185305940725,196383,265588,266388,E758884,Matched,Block,,DENNY WAY BETWEEN WESTLAKE AVE AND TERRY AVE, ,,1,Property Damage Only Collision,Other,5,0,0,2,0,0,2018-01-11 00:00:00+00,1/11/2018 1:17:00 PM,Mid-Block (not related to intersection),14,"MOTOR VEHICLE STRUCK MOTOR VEHICLE, REAR END",True,False,Overcast,Wet,Daylight,,,,23.0,From same direction - all others,0,0,False,0
-122.342832072235,47.6109012857312,196384,266252,267052,3784822,Matched,Block,,VIRGINIA ST BETWEEN POST AL AND 1ST AVE, ,,1,Property Damage Only Collision,Other,5,0,0,2,0,0,2018-01-17 00:00:00+00,1/17/2018 6:04:00 PM,Mid-Block (not related to intersection),14,"MOTOR VEHICLE STRUCK MOTOR VEHICLE, REAR END",,False,Raining,Wet,Dark - Street Lights On,,,,23.0,From same direction - all others,0,0,False,0
-122.31901237035,47.6389736003711,196385,265587,266387,E758716,Matched,Block,,FEDERAL AVE E BETWEEN E BOSTON ST AND E LYNN ST, ,,1,Property Damage Only Collision,Parked Car,3,0,0,3,0,0,2018-01-03 00:00:00+00,1/3/2018 5:00:00 PM,Mid-Block (not related to intersection),14,"MOTOR VEHICLE STRUCK MOTOR VEHICLE, REAR END",,False,Clear or Partly Cloudy,Dry,Dark - Street Lights On,,,,32.0,One parked--one moving,0,0,False,0
-122.304257583034,47.5829507170861,196386,267617,268397,E762258,Matched,Intersection,31578.0,22ND AVE S AND S COLLEGE ST, ,,1,Property Damage Only Collision,Angles,3,0,0,2,0,0,2018-01-19 00:00:00+00,1/19/2018 5:18:00 PM,At Intersection (intersection related),14,"MOTOR VEHICLE STRUCK MOTOR VEHICLE, REAR END",,False,Overcast,Wet,Dark - Street Lights On,,,,10.0,Entering at angle,0,0,False,0
-122.302742025425,47.6757753296615,196388,266933,267713,3754252,Matched,Intersection,24804.0,23RD AVE NE AND NE 65TH ST, ,,2,Injury Collision,Angles,4,0,0,2,1,0,2018-01-21 00:00:00+00,1/21/2018 1:17:00 AM,At Intersection (intersection related),11,"MOTOR VEHICLE STRUCK MOTOR VEHICLE, FRONT END AT ANGLE",,False,Raining,Wet,Dark - Street Lights On,,,,10.0,Entering at angle,0,0,False,0
-122.334194505249,47.592395717056,196390,265586,266386,E758883,Matched,Intersection,30384.0,1ST AVE S AND S ROYAL BROUGHAM WAY, ,,2,Injury Collision,Left Turn,2,0,0,2,1,0,2018-01-10 00:00:00+00,1/10/2018 10:40:00 AM,At Intersection (intersection related),11,"MOTOR VEHICLE STRUCK MOTOR VEHICLE, FRONT END AT ANGLE",,False,Clear or Partly Cloudy,Dry,Daylight,,,,28.0,From opposite direction - one left turn - one straight,0,0,False,0
-122.334792923541,47.5491918832386,196392,266918,267698,E757340,Matched,Block,,EAST MARGINAL WAY S BETWEEN S FIDALGO ST AND 1ST AVE S, ,,1,Property Damage Only Collision,Sideswipe,2,0,0,2,0,0,2018-01-05 00:00:00+00,1/5/2018 10:35:00 AM,Mid-Block (not related to intersection),11,"MOTOR VEHICLE STRUCK MOTOR VEHICLE, FRONT END AT ANGLE",,False,Raining,Wet,Daylight,,,,11.0,From same direction - both going straight - both moving - sideswipe,0,0,False,0
-122.269611133893,47.5168487275478,196394,265585,266385,3818579,Matched,Intersection,35484.0,RENTON AVE S AND S ROXBURY ST, ,,1,Property Damage Only Collision,Angles,3,0,0,2,0,0,2018-01-15 00:00:00+00,1/15/2018 8:00:00 PM,At Intersection (intersection related),11,"MOTOR VEHICLE STRUCK MOTOR VEHICLE, FRONT END AT ANGLE",,False,Clear or Partly Cloudy,Dry,Dark - Street Lights Off,,,,10.0,Entering at angle,0,0,False,0
-122.326725530068,47.5714141083544,196395,266250,267050,3764985,Matched,Block,,S SPOKANE SR ST BETWEEN 5TH AVE S AND 6TH AVE S, ,,1,Property Damage Only Collision,Sideswipe,2,0,0,2,0,0,2018-01-17 00:00:00+00,1/17/2018 9:21:00 PM,Mid-Block (not related to intersection),15,"MOTOR VEHICLE STRUCK MOTOR VEHICLE, RIGHT SIDE SIDESWIPE",,False,Raining,Wet,Dark - Street Lights On,,,,11.0,From same direction - both going straight - both moving - sideswipe,0,0,False,0
-122.296629747127,47.5763589728325,196396,265584,266384,3818578,Matched,Intersection,31495.0,M L KING JR WAY S AND RAINIER AVE S, ,,1,Property Damage Only Collision,Sideswipe,2,0,0,2,0,0,2018-01-15 00:00:00+00,1/15/2018 11:38:00 AM,At Intersection (intersection related),11,"MOTOR VEHICLE STRUCK MOTOR VEHICLE, FRONT END AT ANGLE",,False,Clear or Partly Cloudy,Dry,Daylight,,,,81.0,Same direction -- both turning left -- both moving -- sideswipe,0,0,False,0
-122.342408816887,47.6179872956831,196398,266936,267716,3784823,Matched,Intersection,29516.0,7TH AVE AND DEXTER AVE, ,,1,Property Damage Only Collision,Other,5,0,0,4,0,0,2018-01-18 00:00:00+00,1/18/2018 6:29:00 PM,At Intersection (intersection related),11,"MOTOR VEHICLE STRUCK MOTOR VEHICLE, FRONT END AT ANGLE",,False,Raining,Dry,Dark - Street Lights On,,,,23.0,From same direction - all others,0,0,False,0
-122.354921121838,47.5428595280081,196401,266253,267053,E759446,Matched,Intersection,34125.0,16TH AVE SW AND SW HOLLY ST, ,,1,Property Damage Only Collision,Angles,4,0,0,2,0,0,2018-01-11 00:00:00+00,1/11/2018 12:00:00 PM,At Intersection (intersection related),11,"MOTOR VEHICLE STRUCK MOTOR VEHICLE, FRONT END AT ANGLE",,False,Raining,Wet,Daylight,,,,10.0,Entering at angle,0,0,False,0
-122.33326934724,47.5798102985621,196402,265582,266382,3818556,Matched,Intersection,31371.0,OCCIDENTAL AVE S AND S LANDER ST, ,,2,Injury Collision,Angles,2,0,0,2,1,0,2018-01-15 00:00:00+00,1/15/2018 5:26:00 PM,At Intersection (intersection related),11,"MOTOR VEHICLE STRUCK MOTOR VEHICLE, FRONT END AT ANGLE",,False,Clear or Partly Cloudy,Dry,Dark - Street Lights On,,,,10.0,Entering at angle,0,0,False,0
-122.328591931089,47.7068124872133,196404,267638,268418,E762356,Matched,Intersection,36595.0,1ST AVE NE AND I5 NB 1ST AV NE OFF RP, ,,1,Property Damage Only Collision,Rear Ended,4,0,0,2,0,0,2018-01-25 00:00:00+00,1/25/2018 10:13:00 AM,At Intersection (but not related to intersection),14,"MOTOR VEHICLE STRUCK MOTOR VEHICLE, REAR END",,False,Raining,Wet,Daylight,,,,14.0,From same direction - both going straight - one stopped - rear-end,0,0,False,0
-122.274051183061,47.5442598963548,196406,265172,265952,E757966,Matched,Intersection,34407.0,RAINIER AVE S AND S MORGAN ST, ,,1,Property Damage Only Collision,Rear Ended,4,0,0,2,0,0,2018-01-09 00:00:00+00,1/9/2018 6:29:00 PM,At Intersection (intersection related),14,"MOTOR VEHICLE STRUCK MOTOR VEHICLE, REAR END",True,False,Clear or Partly Cloudy,Wet,Daylight,,,,14.0,From same direction - both going straight - one stopped - rear-end,0,0,False,0
-122.313462214627,47.5672430709253,196407,267618,268398,E762259,Matched,Intersection,32287.0,15TH AVE S AND S DAKOTA ST, ,,2,Injury Collision,Rear Ended,4,0,0,2,2,0,2018-01-13 00:00:00+00,1/13/2018 5:05:00 PM,At Intersection (but not related to intersection),14,"MOTOR VEHICLE STRUCK MOTOR VEHICLE, REAR END",,False,Clear or Partly Cloudy,Dry,Dark - Street Lights On,,,,14.0,From same direction - both going straight - one stopped - rear-end,0,0,False,0
-122.313649426686,47.6219510058733,196408,267637,268417,E762342,Matched,Intersection,29031.0,MALDEN AVE E AND E HARRISON ST, ,,1,Property Damage Only Collision,Angles,2,0,0,2,0,0,2018-01-20 00:00:00+00,1/20/2018 6:46:00 PM,At Intersection (intersection related),11,"MOTOR VEHICLE STRUCK MOTOR VEHICLE, FRONT END AT ANGLE",,False,Overcast,Wet,Dark - Street Lights On,,,,10.0,Entering at angle,0,0,False,0
-122.302047042542,47.6431539319,196409,267621,268401,E762341,Matched,Intersection,28342.0,24TH AVE E AND E ROANOKE ST, ,,1,Property Damage Only Collision,Other,1,0,0,1,0,0,2018-01-15 00:00:00+00,1/15/2018 4:26:00 PM,At Intersection (intersection related),28,MOTOR VEHICLE RAN OFF ROAD - HIT FIXED OBJECT,,False,Clear or Partly Cloudy,Dry,Dusk,,,,50.0,Fixed object,0,0,False,0
-122.317363329372,47.6741568275118,196410,266934,267714,3762859,Matched,Intersection,25710.0,ROOSEVELT WAY NE AND NE 63RD ST, ,,2,Injury Collision,Pedestrian,2,0,1,1,1,0,2018-01-19 00:00:00+00,1/19/2018 7:29:00 AM,At Intersection (intersection related),51,PEDALCYCLIST STRUCK MOTOR VEHICLE FRONT END AT ANGLE,,False,Overcast,Wet,Daylight,True,,,5.0,Vehicle Strikes Pedalcyclist,9207,0,False,0
-122.33326934724,47.5798102985621,196411,267620,268400,E762261,Matched,Intersection,31371.0,OCCIDENTAL AVE S AND S LANDER ST, ,,2,Injury Collision,Angles,3,0,0,3,1,0,2018-01-23 00:00:00+00,1/23/2018 5:10:00 PM,At Intersection (intersection related),11,"MOTOR VEHICLE STRUCK MOTOR VEHICLE, FRONT END AT ANGLE",,False,Raining,Wet,Dark - Street Lights On,,,,10.0,Entering at angle,0,0,False,0
-122.335842733993,47.6226139652367,196412,265171,265951,E757821,Matched,Block,,BOREN AVE N BETWEEN HARRISON ST AND REPUBLICAN ST, ,,1,Property Damage Only Collision,Parked Car,2,0,0,2,0,0,2018-01-10 00:00:00+00,1/10/2018 12:30:00 PM,Mid-Block (not related to intersection),11,"MOTOR VEHICLE STRUCK MOTOR VEHICLE, FRONT END AT ANGLE",,False,Clear or Partly Cloudy,Dry,Daylight,,,,32.0,One parked--one moving,0,0,False,0
-122.39206535427,47.5747787557784,196413,266919,267699,E757341,Matched,Block,,47TH AVE SW BETWEEN SW HANFORD ST AND SW HINDS ST, ,,1,Property Damage Only Collision,Parked Car,2,0,0,2,0,0,2018-01-09 00:00:00+00,1/9/2018 2:45:00 PM,Mid-Block (not related to intersection),0,NOT ENOUGH INFORMATION / NOT APPLICABLE,,False,Unknown,Unknown,Daylight,,,,32.0,One parked--one moving,0,0,True,0
-122.27002091737,47.5171514058695,196414,267619,268399,E762260,Matched,Intersection,35485.0,51ST AVE S AND RENTON AVE S, ,,1,Property Damage Only Collision,Left Turn,2,0,0,2,0,0,2018-01-17 00:00:00+00,1/17/2018 5:25:00 PM,At Intersection (but not related to intersection),11,"MOTOR VEHICLE STRUCK MOTOR VEHICLE, FRONT END AT ANGLE",,False,Raining,Wet,Dark - Street Lights On,,,,28.0,From opposite direction - one left turn - one straight,0,0,False,0
-122.280734665692,47.5580099321984,196468,263911,264691,E755116,Matched,Block,,42ND AVE S BETWEEN S FERDINAND N ST AND S FERDINAND S ST, ,,1,Property Damage Only Collision,Parked Car,4,0,0,4,0,0,2018-01-03 00:00:00+00,1/3/2018 1:00:00 PM,Mid-Block (not related to intersection),14,"MOTOR VEHICLE STRUCK MOTOR VEHICLE, REAR END",,False,Clear or Partly Cloudy,Dry,Daylight,,,,32.0,One parked--one moving,0,0,False,0
-122.360612153183,47.6267303654318,196516,266940,267720,E760992,Matched,Intersection,28609.0,3RD AVE W AND W OLYMPIC PL, ,,1,Property Damage Only Collision,Angles,2,0,0,2,0,0,2018-01-18 00:00:00+00,1/18/2018 2:59:00 PM,At Intersection (intersection related),11,"MOTOR VEHICLE STRUCK MOTOR VEHICLE, FRONT END AT ANGLE",,False,Raining,Wet,Daylight,,,,10.0,Entering at angle,0,0,False,0
-122.382126673814,47.6694466512202,196482,264469,265249,E756198,Matched,Intersection,25137.0,20TH AVE NW AND NW 56TH ST, ,,2,Injury Collision,Pedestrian,2,1,0,1,1,0,2018-01-07 00:00:00+00,1/7/2018 6:10:00 PM,At Intersection (intersection related),24,MOTOR VEHCILE STRUCK PEDESTRIAN,,False,Raining,Wet,Dark - Street Lights On,True,,,2.0,Vehicle turning left hits pedestrian,0,0,False,0
-122.317852209262,47.7085609870393,196483,264468,265248,E756197,Matched,Intersection,36501.0,ROOSEVELT WAY NE AND NE NORTHGATE WAY, ,,2,Injury Collision,Pedestrian,2,1,0,1,1,0,2018-01-07 00:00:00+00,1/7/2018 6:37:00 PM,At Intersection (intersection related),24,MOTOR VEHCILE STRUCK PEDESTRIAN,,False,Raining,Wet,Dark - Street Lights On,True,,,1.0,Vehicle turning right hits pedestrian,0,0,False,0
-122.355490016129,47.6533128701161,196490,264467,265247,E756196,Matched,Block,,GREENWOOD AVE N BETWEEN N 36TH ST AND N 39TH ST, ,,1,Property Damage Only Collision,Sideswipe,6,0,0,6,0,0,2018-01-03 00:00:00+00,1/3/2018 6:37:00 AM,Mid-Block (not related to intersection),11,"MOTOR VEHICLE STRUCK MOTOR VEHICLE, FRONT END AT ANGLE",,True,Clear or Partly Cloudy,Dry,Dark - Street Lights On,,,,26.0,From opposite direction - both going straight - sideswipe,0,0,False,0
-122.347329880981,47.6628709634131,196493,264465,265245,E756194,Matched,Intersection,25677.0,AURORA AVE N AND N 47TH ST, ,,1,Property Damage Only Collision,Right Turn,2,0,0,2,0,0,2018-01-05 00:00:00+00,1/5/2018 4:30:00 PM,At Intersection (intersection related),11,"MOTOR VEHICLE STRUCK MOTOR VEHICLE, FRONT END AT ANGLE",,False,Raining,Wet,Dark - Street Lights On,,,,16.0,From same direction - one right turn - one straight,0,0,False,0
-122.351303329089,47.6498232847657,196494,264464,265244,E756193,Matched,Intersection,27038.0,EVANSTON AVE N AND N 34TH ST, ,,2,Injury Collision,,2,0,1,1,1,0,2018-01-05 00:00:00+00,1/5/2018 5:23:00 PM,At Intersection (intersection related),11,"MOTOR VEHICLE STRUCK MOTOR VEHICLE, FRONT END AT ANGLE",,False,Raining,Wet,Dark - Street Lights On,,,,,,0,0,False,0
-122.313241178639,47.7157946906697,196499,264463,265243,E756192,Matched,Block,,NE 120TH ST BETWEEN 14TH AVE NE AND 15TH AVE NE, ,,1,Property Damage Only Collision,Parked Car,2,0,0,2,0,0,2018-01-06 00:00:00+00,1/6/2018 2:30:00 PM,Mid-Block (not related to intersection),14,"MOTOR VEHICLE STRUCK MOTOR VEHICLE, REAR END",True,False,Raining,Wet,Daylight,,,,32.0,One parked--one moving,0,0,True,0