longitude,latitude,objectid,inckey,coldetkey,reportno,status,addrtype,intkey,location,exceptrsncode,exceptrsndesc,severitycode,severitydesc,collisiontype,personcount,pedcount,pedcylcount,vehcount,injuries,fatalities,incdate,incdttm,junctiontype,sdot_colcode,sdot_coldesc,inattentionind,underinfl,weather,roadcond,lightcond,pedrownotgrnt,sdotcolnum,speeding,st_colcode,st_coldesc,seglanekey,crosswalkkey,hitparkedcar,seriousinjuries
-122.331543404106,47.6505020150534,196503,264462,265242,E756191,Matched,Intersection,27273.0,N 36TH ST AND N PACIFIC ST, ,,2b,Serious Injury Collision,Angles,5,0,0,2,1,0,2018-01-05 00:00:00+00,1/5/2018 6:39:00 PM,At Intersection (intersection related),11,"MOTOR VEHICLE STRUCK MOTOR VEHICLE, FRONT END AT ANGLE",,False,Overcast,Wet,Dark - Street Lights On,,,,10.0,Entering at angle,0,0,False,1
-122.33396137291,47.706850216104,196513,265601,266401,E758891,Matched,Intersection,36588.0,MERIDIAN AVE N AND N 107TH ST, ,,1,Property Damage Only Collision,Angles,2,0,0,2,0,0,2018-01-02 00:00:00+00,1/2/2018 9:50:00 AM,At Intersection (intersection related),11,"MOTOR VEHICLE STRUCK MOTOR VEHICLE, FRONT END AT ANGLE",True,False,Clear or Partly Cloudy,Dry,Daylight,,,,10.0,Entering at angle,0,0,False,0
-122.320942389576,47.6242690361188,196514,266942,267722,E761122,Matched,Intersection,28994.0,BROADWAY E AND E MERCER ST, ,,2,Injury Collision,Pedestrian,2,1,0,1,1,0,2018-01-22 00:00:00+00,1/22/2018 12:56:00 PM,At Intersection (intersection related),24,MOTOR VEHCILE STRUCK PEDESTRIAN,True,False,Clear or Partly Cloudy,Dry,Daylight,,,,1.0,Vehicle turning right hits pedestrian,0,522273,False,0
-122.320798653018,47.6152353107414,196515,266941,267721,E761056,Matched,Intersection,29736.0,BROADWAY AND E PINE ST, ,,1,Property Damage Only Collision,Other,2,0,0,2,0,0,2018-01-12 00:00:00+00,1/12/2018 12:43:00 PM,At Intersection (intersection related),11,"MOTOR VEHICLE STRUCK MOTOR VEHICLE, FRONT END AT ANGLE",True,False,Clear or Partly Cloudy,Dry,Daylight,,,,23.0,From same direction - all others,0,0,False,0
-122.297283102319,47.5616372833082,196518,266939,267719,3818584,Matched,Intersection,32498.0,S ALASKA ST AND S COLUMBIAN WAY, ,,1,Property Damage Only Collision,Other,1,0,0,1,0,0,2018-01-21 00:00:00+00,1/21/2018 9:38:00 PM,At Intersection (intersection related),28,MOTOR VEHICLE RAN OFF ROAD - HIT FIXED OBJECT,,False,Raining,Wet,Dark - No Street Lights,,,True,50.0,Fixed object,0,0,False,0
-122.376771792928,47.6804537871502,196519,265598,266398,E758889,Matched,Block,,15TH AVE NW BETWEEN NW 70TH ST AND NW 73RD ST, ,,1,Property Damage Only Collision,Parked Car,2,0,0,2,0,0,2018-01-02 00:00:00+00,1/2/2018 12:42:00 PM,Mid-Block (not related to intersection),11,"MOTOR VEHICLE STRUCK MOTOR VEHICLE, FRONT END AT ANGLE",,False,Clear or Partly Cloudy,Dry,Daylight,,,,32.0,One parked--one moving,0,0,False,0
-122.334827723489,47.6000452299126,196520,267658,268438,E762608,Matched,Block,,S MAIN ST BETWEEN ALASKAN E RDWY WAY S AND 1ST AVE S, ,,1,Property Damage Only Collision,Parked Car,2,0,0,2,0,0,2018-01-25 00:00:00+00,1/25/2018 10:00:00 AM,Mid-Block (not related to intersection),0,NOT ENOUGH INFORMATION / NOT APPLICABLE,,False,Raining,Wet,Daylight,,,,32.0,One parked--one moving,0,0,True,0
-122.334017899863,47.6177136359176,196522,267657,268437,E762607,Matched,Intersection,29525.0,BOREN AVE AND VIRGINIA ST, ,,1,Property Damage Only Collision,Other,1,0,0,1,0,0,2018-01-25 00:00:00+00,1/25/2018 9:37:00 AM,At Intersection (intersection related),28,MOTOR VEHICLE RAN OFF ROAD - HIT FIXED OBJECT,True,False,Raining,Wet,Daylight,,,,50.0,Fixed object,0,0,False,0
-122.310783505901,47.5829722603721,196523,266937,267717,3818561,Matched,Intersection,31573.0,17TH AVE S AND S COLLEGE ST, ,,1,Property Damage Only Collision,Angles,3,0,0,2,0,0,2018-01-20 00:00:00+00,1/20/2018 12:01:00 PM,At Intersection (intersection related),11,"MOTOR VEHICLE STRUCK MOTOR VEHICLE, FRONT END AT ANGLE",True,False,Clear or Partly Cloudy,Dry,Daylight,,,,10.0,Entering at angle,0,0,False,0
-122.336434187794,47.6065857905651,196524,266297,267097,E759483,Matched,Intersection,29612.0,2ND AVE AND SENECA ST, ,,1,Property Damage Only Collision,Pedestrian,2,1,0,1,0,0,2018-01-11 00:00:00+00,1/11/2018 10:26:00 AM,At Intersection (intersection related),24,MOTOR VEHCILE STRUCK PEDESTRIAN,True,False,Raining,Wet,Daylight,True,,,2.0,Vehicle turning left hits pedestrian,0,0,False,0
-122.300600747042,47.5463792999562,196525,265597,266397,3818601,Matched,Intersection,33288.0,BEACON WR AVE S AND S GRAHAM ST, ,,2,Injury Collision,Angles,2,0,0,2,1,0,2018-01-13 00:00:00+00,1/13/2018 9:44:00 PM,At Intersection (intersection related),11,"MOTOR VEHICLE STRUCK MOTOR VEHICLE, FRONT END AT ANGLE",,False,Clear or Partly Cloudy,Dry,Dark - Street Lights On,,,,10.0,Entering at angle,0,0,False,0
-122.320084736177,47.6062105856838,196527,267643,268423,E762377,Matched,Block,,E JEFFERSON ST BETWEEN BROADWAY AND 10TH AVE, ,,1,Property Damage Only Collision,Parked Car,2,0,0,2,0,0,2018-01-25 00:00:00+00,1/25/2018 12:47:00 PM,Mid-Block (not related to intersection),14,"MOTOR VEHICLE STRUCK MOTOR VEHICLE, REAR END",True,False,Raining,Wet,Daylight,,,,32.0,One parked--one moving,0,0,False,0
-122.343539975469,47.6284564028545,196528,265591,266391,E758887,Matched,Block,,AURORA AVE N BETWEEN WARD ST AND PROSPECT ST, ,,1,Property Damage Only Collision,Rear Ended,3,0,0,2,0,0,2018-01-11 00:00:00+00,1/11/2018 8:04:00 AM,Mid-Block (not related to intersection),14,"MOTOR VEHICLE STRUCK MOTOR VEHICLE, REAR END",True,False,Raining,Wet,Daylight,,,,14.0,From same direction - both going straight - one stopped - rear-end,0,0,False,0
-122.30464464551,47.7324622298425,196529,265590,266390,E758886,Matched,Intersection,36081.0,23RD PL NE AND NE 143RD ST, ,,1,Property Damage Only Collision,Angles,2,0,0,2,0,0,2018-01-12 00:00:00+00,1/12/2018 11:52:00 AM,At Intersection (intersection related),11,"MOTOR VEHICLE STRUCK MOTOR VEHICLE, FRONT END AT ANGLE",True,False,Overcast,Wet,Daylight,,,,10.0,Entering at angle,0,0,False,0
-122.327804575635,47.6139302296862,196530,267642,268422,E762376,Matched,Intersection,29877.0,MELROSE AVE AND PIKE ST, ,,2,Injury Collision,Angles,2,0,0,2,1,0,2018-01-24 00:00:00+00,1/24/2018 3:07:00 PM,At Intersection (intersection related),11,"MOTOR VEHICLE STRUCK MOTOR VEHICLE, FRONT END AT ANGLE",,False,Raining,Wet,Daylight,,,,10.0,Entering at angle,0,0,False,0
-122.323751896676,47.5987705841875,196531,266282,267082,E759482,Matched,Block,,7TH AVE S BETWEEN S JACKSON ST AND S KING ST, ,,1,Property Damage Only Collision,Parked Car,4,0,0,2,0,0,2018-01-12 00:00:00+00,1/12/2018 1:04:00 PM,Mid-Block (not related to intersection),14,"MOTOR VEHICLE STRUCK MOTOR VEHICLE, REAR END",True,False,Raining,Wet,Daylight,,,,20.0,One car leaving parked position,0,0,False,0
-122.306350240399,47.6035126487625,196532,267641,268421,E762374,Matched,Intersection,30214.0,20TH AVE AND E SPRUCE ST, ,,2,Injury Collision,Angles,2,0,0,2,1,0,2018-01-22 00:00:00+00,1/22/2018 5:31:00 PM,At Intersection (intersection related),11,"MOTOR VEHICLE STRUCK MOTOR VEHICLE, FRONT END AT ANGLE",,False,Clear or Partly Cloudy,Dry,Dark - Street Lights On,,,,10.0,Entering at angle,0,0,False,0
-122.359260174813,47.6192685541456,196533,266281,267081,E759481,Matched,Block,,ELLIOTT AVE W BETWEEN W DENNY WAY AND ELLIOTT ER AVE W, ,,1,Property Damage Only Collision,Rear Ended,2,0,0,2,0,0,2018-01-11 00:00:00+00,1/11/2018 2:03:00 PM,Mid-Block (not related to intersection),14,"MOTOR VEHICLE STRUCK MOTOR VEHICLE, REAR END",,False,Raining,Wet,Daylight,,,,13.0,From same direction - both going straight - both moving - rear-end,0,0,False,0
-122.330305089776,47.6004355744087,196534,266280,267080,E759447,Matched,Block,,3RD AVE S BETWEEN S WASHINGTON ST AND S MAIN ST, ,,1,Property Damage Only Collision,Angles,3,0,0,2,0,0,2018-01-12 00:00:00+00,1/12/2018 8:29:00 AM,Mid-Block (not related to intersection),11,"MOTOR VEHICLE STRUCK MOTOR VEHICLE, FRONT END AT ANGLE",,False,Clear or Partly Cloudy,Dry,Daylight,,,,10.0,Entering at angle,0,0,False,0
-122.338246242857,47.6102451388357,196535,266279,267079,E759480,Matched,Block,,3RD AVE BETWEEN PIKE ST AND PINE ST, ,,1,Property Damage Only Collision,Sideswipe,2,0,0,2,0,0,2018-01-11 00:00:00+00,1/11/2018 2:42:00 PM,Mid-Block (not related to intersection),11,"MOTOR VEHICLE STRUCK MOTOR VEHICLE, FRONT END AT ANGLE",,False,Raining,Wet,Daylight,,,,11.0,From same direction - both going straight - both moving - sideswipe,0,0,False,0
-122.302547411997,47.6191707767306,196536,265198,265978,E758099,Matched,Intersection,29382.0,23RD AVE E AND E MADISON ST, ,,2,Injury Collision,Pedestrian,2,1,0,1,1,0,2018-01-10 00:00:00+00,1/10/2018 6:21:00 PM,At Intersection (intersection related),24,MOTOR VEHCILE STRUCK PEDESTRIAN,,False,Overcast,Wet,Dark - Street Lights On,True,,,1.0,Vehicle turning right hits pedestrian,0,0,False,0
-122.270024765836,47.5168511370697,196538,267640,268420,E762373,Matched,Intersection,35472.0,51ST AVE S AND S ROXBURY ST, ,,1,Property Damage Only Collision,Angles,2,0,0,2,0,0,2018-01-20 00:00:00+00,1/20/2018 7:33:00 PM,At Intersection (intersection related),11,"MOTOR VEHICLE STRUCK MOTOR VEHICLE, FRONT END AT ANGLE",,False,Unknown,Wet,Dark - Street Lights On,,,,10.0,Entering at angle,0,0,False,0
-122.317229777128,47.600014558454,196539,267639,268419,E762372,Matched,Intersection,30423.0,12TH AVE S AND S MAIN ST, ,,1,Property Damage Only Collision,Angles,2,0,0,2,0,0,2018-01-22 00:00:00+00,1/22/2018 4:41:00 PM,At Intersection (intersection related),11,"MOTOR VEHICLE STRUCK MOTOR VEHICLE, FRONT END AT ANGLE",True,False,Overcast,Dry,Daylight,,,,10.0,Entering at angle,0,0,False,0
-122.358258409951,47.6389884283648,196540,266278,267078,E759479,Matched,Block,,1ST AVE W BETWEEN W BOSTON ST AND W MCGRAW ST, ,,1,Property Damage Only Collision,Parked Car,2,0,0,2,0,0,2018-01-12 00:00:00+00,1/12/2018 1:13:00 PM,Mid-Block (not related to intersection),14,"MOTOR VEHICLE STRUCK MOTOR VEHICLE, REAR END",,False,Overcast,Wet,Daylight,,,,32.0,One parked--one moving,0,0,True,0
-122.344564970542,47.6941856699119,196541,265182,265962,E758070,Matched,Intersection,37340.0,AURORA AVE N AND N 90TH ST, ,,1,Property Damage Only Collision,Angles,3,0,0,2,0,0,2018-01-12 00:00:00+00,1/12/2018 9:42:00 AM,At Intersection (intersection related),11,"MOTOR VEHICLE STRUCK MOTOR VEHICLE, FRONT END AT ANGLE",True,False,Clear or Partly Cloudy,Dry,Daylight,,,,10.0,Entering at angle,0,0,False,0
-122.294787399521,47.5739430253044,196544,266277,267077,3818438,Matched,Intersection,32410.0,RAINIER AVE S AND S BYRON ST, ,,2,Injury Collision,Angles,2,0,0,2,1,0,2018-01-17 00:00:00+00,1/17/2018 7:46:00 PM,At Intersection (intersection related),14,"MOTOR VEHICLE STRUCK MOTOR VEHICLE, REAR END",,False,Raining,Wet,Dark - Street Lights On,,,,10.0,Entering at angle,0,0,False,0
-122.31177437748,47.5908349704883,196545,266257,267057,3818436,Matched,Block,,STURGUS AVE S BETWEEN S JUDKINS ST AND S ATLANTIC ST, ,,1,Property Damage Only Collision,Parked Car,2,0,0,2,0,0,2018-01-17 00:00:00+00,1/17/2018 12:07:00 PM,Mid-Block (not related to intersection),11,"MOTOR VEHICLE STRUCK MOTOR VEHICLE, FRONT END AT ANGLE",,False,Overcast,Dry,Daylight,,,,32.0,One parked--one moving,0,0,True,0
-122.358250928556,47.6395963675334,196546,265181,265961,E757814,Matched,Intersection,27815.0,1ST AVE W AND W MCGRAW ST, ,,2,Injury Collision,,3,0,1,1,1,0,2018-01-08 00:00:00+00,1/8/2018 1:43:00 PM,At Intersection (intersection related),18,"MOTOR VEHICLE STRUCK PEDALCYCLIST, FRONT END AT ANGLE",,False,Overcast,Wet,Daylight,,,,,,0,0,False,0
-122.302555001452,47.5841003305554,196548,266256,267056,3818432,Matched,Block,,RAINIER AVE S BETWEEN 23RD AVE S AND S WALKER ST, ,,1,Property Damage Only Collision,Rear Ended,2,0,0,2,0,0,2018-01-17 00:00:00+00,1/17/2018 7:40:00 AM,Mid-Block (not related to intersection),14,"MOTOR VEHICLE STRUCK MOTOR VEHICLE, REAR END",,False,Raining,Wet,Dawn,,,,14.0,From same direction - both going straight - one stopped - rear-end,0,0,False,0
-122.300600747042,47.5463792999562,196550,266943,267723,E761158,Matched,Intersection,33288.0,BEACON WR AVE S AND S GRAHAM ST, ,,1,Property Damage Only Collision,Angles,5,0,0,2,0,0,2018-01-20 00:00:00+00,1/20/2018 10:26:00 PM,At Intersection (intersection related),11,"MOTOR VEHICLE STRUCK MOTOR VEHICLE, FRONT END AT ANGLE",,False,Overcast,Wet,Dark - Street Lights On,,,,10.0,Entering at angle,0,0,False,0
-122.313262239662,47.6562153990745,196684,267682,268462,3769416,Matched,Intersection,27143.0,UNIVERSITY WAY NE AND NE CAMPUS WB PY, ,,2,Injury Collision,,3,0,1,1,1,0,2018-01-25 00:00:00+00,1/25/2018 8:23:00 AM,At Intersection (intersection related),18,"MOTOR VEHICLE STRUCK PEDALCYCLIST, FRONT END AT ANGLE",,False,Overcast,Unknown,Daylight,True,,,,,0,0,False,0
-122.329386103512,47.6055893239587,196593,267660,268440,E762610,Matched,Intersection,29955.0,6TH AVE AND COLUMBIA ST, ,,1,Property Damage Only Collision,Right Turn,2,0,0,2,0,0,2018-01-25 00:00:00+00,1/25/2018 1:17:00 PM,At Intersection (but not related to intersection),11,"MOTOR VEHICLE STRUCK MOTOR VEHICLE, FRONT END AT ANGLE",True,False,Overcast,Wet,Daylight,,,,16.0,From same direction - one right turn - one straight,0,0,False,0
-122.395488466797,47.6508909563293,196667,267001,267781,3578836,Matched,Block,,30 UPPER AVE W BETWEEN W BERTONA ST AND W GROVER ST, ,,2,Injury Collision,Parked Car,4,0,0,4,1,0,2018-01-19 00:00:00+00,1/19/2018 6:36:00 PM,Mid-Block (not related to intersection),11,"MOTOR VEHICLE STRUCK MOTOR VEHICLE, FRONT END AT ANGLE",True,True,Clear or Partly Cloudy,Dry,Dark - Street Lights On,,,,32.0,One parked--one moving,0,0,False,0
-122.336564829254,47.5903978303766,196595,267659,268439,E762609,Matched,Intersection,30386.0,COLORADO AVE S AND S ATLANTIC ST, ,,1,Property Damage Only Collision,Sideswipe,3,0,0,2,0,0,2018-01-24 00:00:00+00,1/24/2018 10:02:00 AM,At Intersection (intersection related),14,"MOTOR VEHICLE STRUCK MOTOR VEHICLE, REAR END",True,False,Raining,Wet,Daylight,,,,71.0,Same direction -- both turning right -- both moving -- sideswipe,0,0,False,0
-122.350017277764,47.6593382438101,196602,264472,265252,E756200,Matched,Intersection,26950.0,FREMONT AVE N AND N 43RD N ST, ,,2,Injury Collision,Pedestrian,3,1,0,1,1,0,2018-01-07 00:00:00+00,1/7/2018 5:22:00 PM,At Intersection (intersection related),24,MOTOR VEHCILE STRUCK PEDESTRIAN,,False,Raining,Wet,Dark - Street Lights On,True,,,0.0,Vehicle going straight hits pedestrian,0,0,False,0
-122.311982584016,47.6783629345479,196610,264471,265251,E756199,Matched,Block,,15TH AVE NE BETWEEN NE 68TH N ST AND NE 69TH ST, ,,1,Property Damage Only Collision,Sideswipe,2,0,0,2,0,0,2018-01-08 00:00:00+00,1/8/2018 8:45:00 AM,Mid-Block (not related to intersection),14,"MOTOR VEHICLE STRUCK MOTOR VEHICLE, REAR END",True,False,Overcast,Wet,Daylight,,,,11.0,From same direction - both going straight - both moving - sideswipe,0,0,False,0
-122.294598387864,47.7228994821574,196625,264473,265253,E756201,Matched,Intersection,36053.0,31ST AVE NE AND NE 130TH ST, ,,1,Property Damage Only Collision,Sideswipe,2,0,0,2,0,0,2018-01-08 00:00:00+00,1/8/2018 7:28:00 AM,At Intersection (intersection related),11,"MOTOR VEHICLE STRUCK MOTOR VEHICLE, FRONT END AT ANGLE",,False,Overcast,Wet,Daylight,,,,71.0,Same direction -- both turning right -- both moving -- sideswipe,0,0,False,0
-122.320852975131,47.7209981400352,196648,264474,265254,E756202,Matched,Block,,8TH AVE NE BETWEEN NE 126TH ST AND NE 127TH ST, ,,1,Property Damage Only Collision,Parked Car,2,0,0,2,0,0,2018-01-08 00:00:00+00,1/8/2018 10:35:00 AM,Mid-Block (not related to intersection),14,"MOTOR VEHICLE STRUCK MOTOR VEHICLE, REAR END",,False,Overcast,Dry,Daylight,,,,32.0,One parked--one moving,0,0,True,0
-122.327818446778,47.6072310070584,196651,266398,267198,E760033,Matched,Intersection,29937.0,8TH AVE AND MARION ST, ,,1,Property Damage Only Collision,Angles,2,0,0,2,0,0,2018-01-11 00:00:00+00,1/11/2018 10:54:00 AM,At Intersection (intersection related),11,"MOTOR VEHICLE STRUCK MOTOR VEHICLE, FRONT END AT ANGLE",,False,Raining,Wet,Daylight,,,,10.0,Entering at angle,0,0,False,0
-122.293694789183,47.6830482042558,196652,265606,266406,E758893,Matched,Intersection,24654.0,32ND AVE NE AND NE 75TH ST, ,,1,Property Damage Only Collision,Rear Ended,4,0,0,2,0,0,2018-01-02 00:00:00+00,1/2/2018 7:58:00 AM,At Intersection (but not related to intersection),14,"MOTOR VEHICLE STRUCK MOTOR VEHICLE, REAR END",True,False,Clear or Partly Cloudy,Dry,Daylight,,,,14.0,From same direction - both going straight - one stopped - rear-end,0,0,False,0
-122.392719158321,47.5297538049135,196654,267680,268460,3742377,Matched,Intersection,34777.0,FAUNTLEROY WAY SW AND SW ROSE ST, ,,2,Injury Collision,Pedestrian,2,1,0,1,1,0,2018-01-24 00:00:00+00,1/24/2018 4:34:00 PM,At Intersection (intersection related),24,MOTOR VEHCILE STRUCK PEDESTRIAN,,False,Raining,Wet,Daylight,,,,0.0,Vehicle going straight hits pedestrian,0,522577,False,0
-122.37621102458,47.6730887779564,196655,266377,267177,E760021,Matched,Intersection,25393.0,15TH AVE NW AND NW 61ST ST, ,,1,Property Damage Only Collision,Angles,3,0,0,2,0,0,2018-01-18 00:00:00+00,1/18/2018 8:30:00 AM,At Intersection (intersection related),11,"MOTOR VEHICLE STRUCK MOTOR VEHICLE, FRONT END AT ANGLE",,False,Overcast,Wet,Daylight,,,,10.0,Entering at angle,0,0,False,0
-122.3843777366,47.5100533921094,196656,267679,268459,3742227,Matched,Intersection,38001.0,41ST AVE SW AND SW 104TH ST, ,,2,Injury Collision,Angles,2,0,0,2,1,0,2018-01-24 00:00:00+00,1/24/2018 1:27:00 PM,At Intersection (intersection related),11,"MOTOR VEHICLE STRUCK MOTOR VEHICLE, FRONT END AT ANGLE",,False,Raining,Wet,Daylight,,,,10.0,Entering at angle,0,0,False,0
-122.302381845241,47.6267592583863,196657,267678,268458,3702311,Matched,Intersection,29328.0,23RD AVE E AND E ALOHA ST, ,,2,Injury Collision,Left Turn,4,0,0,2,2,0,2018-01-25 00:00:00+00,1/25/2018 1:34:00 PM,At Intersection (intersection related),11,"MOTOR VEHICLE STRUCK MOTOR VEHICLE, FRONT END AT ANGLE",,False,Raining,Wet,Daylight,,,,28.0,From opposite direction - one left turn - one straight,0,0,False,0
-122.376215698437,47.6678913446593,196659,267677,268457,3694690,Matched,Intersection,25425.0,15TH AVE NW AND NW 54TH ST, ,,1,Property Damage Only Collision,Angles,2,0,0,2,0,0,2018-01-25 00:00:00+00,1/25/2018 5:00:00 PM,At Intersection (intersection related),11,"MOTOR VEHICLE STRUCK MOTOR VEHICLE, FRONT END AT ANGLE",,False,Raining,Wet,Dark - Street Lights On,,,,10.0,Entering at angle,0,0,False,0
-122.342285179891,47.6349869871171,196660,265219,265999,3746291,Matched,Block,,DEXTER AVE N BETWEEN HAYES ST AND HOWE ST, ,,1,Property Damage Only Collision,Parked Car,2,0,0,2,0,0,2018-01-08 00:00:00+00,1/8/2018 8:00:00 PM,Mid-Block (not related to intersection),11,"MOTOR VEHICLE STRUCK MOTOR VEHICLE, FRONT END AT ANGLE",,False,Overcast,Dry,Dark - Street Lights On,,,,32.0,One parked--one moving,0,0,True,0
-122.365122223271,47.6241447505794,196661,266357,267157,E760065,Matched,Block,,ELLIOTT AVE W BETWEEN 6TH AVE W AND W MERCER ST, ,,1,Property Damage Only Collision,Rear Ended,2,0,0,2,0,0,2018-01-12 00:00:00+00,1/12/2018 4:47:00 PM,Mid-Block (not related to intersection),14,"MOTOR VEHICLE STRUCK MOTOR VEHICLE, REAR END",True,False,Overcast,Wet,Dark - Street Lights On,,,,13.0,From same direction - both going straight - both moving - rear-end,0,0,False,0
-122.386924126888,47.5560800852017,196663,266318,267118,E759617,Matched,Block,,CALIFORNIA AVE SW BETWEEN SW DAWSON N ST AND SW DAWSON S ST, ,,2,Injury Collision,Angles,3,0,0,2,1,0,2018-01-16 00:00:00+00,1/16/2018 12:21:00 PM,Mid-Block (not related to intersection),11,"MOTOR VEHICLE STRUCK MOTOR VEHICLE, FRONT END AT ANGLE",True,False,Clear or Partly Cloudy,Dry,Daylight,,,,10.0,Entering at angle,0,0,False,0
-122.302195223343,47.7016087508097,196664,267662,268442,E762648,Matched,Block,,LAKE CITY WAY NE BETWEEN NE 100TH ST AND FISCHER PL NE, ,,2,Injury Collision,Left Turn,2,0,0,2,2,0,2018-01-26 00:00:00+00,1/26/2018 6:58:00 AM,Mid-Block (not related to intersection),11,"MOTOR VEHICLE STRUCK MOTOR VEHICLE, FRONT END AT ANGLE",,False,Overcast,Wet,Dawn,,,,28.0,From opposite direction - one left turn - one straight,0,0,False,0
-122.29370077446,47.7291682149328,196666,267661,268441,E762647,Matched,Block,,32ND AVE NE BETWEEN NE 137TH ST AND NE 140TH ST, ,,1,Property Damage Only Collision,Angles,2,0,0,2,0,0,2018-01-24 00:00:00+00,1/24/2018 9:07:00 AM,Mid-Block (not related to intersection),14,"MOTOR VEHICLE STRUCK MOTOR VEHICLE, REAR END",True,False,Raining,Wet,Daylight,,,,10.0,Entering at angle,0,0,False,0
-122.370104640109,47.5414357465096,196669,265217,265997,E758299,Matched,Block,,SYLVAN WAY SW BETWEEN HIGH POINT DR SW AND SW SYLVAN HEIGHTS DR, ,,1,Property Damage Only Collision,Rear Ended,3,0,0,3,0,0,2018-01-11 00:00:00+00,1/11/2018 5:29:00 PM,Mid-Block (not related to intersection),14,"MOTOR VEHICLE STRUCK MOTOR VEHICLE, REAR END",,False,Raining,Wet,Dark - Street Lights On,,,,13.0,From same direction - both going straight - both moving - rear-end,0,0,False,0
-122.290453220625,47.6821387802462,196671,265204,265984,E758275,Matched,Block,,35TH AVE NE BETWEEN NE 73RD ST AND NE 75TH ST, ,,2,Injury Collision,Angles,3,0,0,2,2,0,2018-01-13 00:00:00+00,1/13/2018 10:56:00 AM,Mid-Block (not related to intersection),11,"MOTOR VEHICLE STRUCK MOTOR VEHICLE, FRONT END AT ANGLE",True,False,Clear or Partly Cloudy,Dry,Daylight,,,,10.0,Entering at angle,0,0,False,0
-122.290478892924,47.683048235121,196672,265203,265983,E758274,Matched,Intersection,24933.0,35TH AVE NE AND NE 75TH ST, ,,1,Property Damage Only Collision,Rear Ended,2,0,0,2,0,0,2018-01-13 00:00:00+00,1/13/2018 5:35:00 AM,At Intersection (but not related to intersection),14,"MOTOR VEHICLE STRUCK MOTOR VEHICLE, REAR END",,False,Clear or Partly Cloudy,Dry,Dark - Street Lights On,,,,14.0,From same direction - both going straight - one stopped - rear-end,0,0,False,0
-122.319539292467,47.6199171999563,196673,266298,267098,E759484,Matched,Intersection,29053.0,10TH AVE E AND E JOHN ST, ,,2,Injury Collision,Pedestrian,3,1,0,1,1,0,2018-01-12 00:00:00+00,1/12/2018 10:31:00 AM,At Intersection (intersection related),24,MOTOR VEHCILE STRUCK PEDESTRIAN,True,False,Overcast,Dry,Daylight,,,,0.0,Vehicle going straight hits pedestrian,0,0,False,0
-122.296201358639,47.7176417997445,196674,266999,267779,3754229,Matched,Intersection,36647.0,30TH AVE NE AND LAKE CITY N WAY NE, ,,1,Property Damage Only Collision,Angles,2,0,0,2,0,0,2018-01-23 00:00:00+00,1/23/2018 7:02:00 AM,At Intersection (intersection related),11,"MOTOR VEHICLE STRUCK MOTOR VEHICLE, FRONT END AT ANGLE",,False,Raining,Wet,Dark - Street Lights On,,,,10.0,Entering at angle,0,0,False,0
-122.307616232026,47.6505432767192,196676,266998,267778,3754157,Matched,Intersection,27298.0,NE PACIFIC PL AND NE PACIFIC ST, ,,1,Property Damage Only Collision,Pedestrian,2,0,1,1,0,0,2018-01-23 00:00:00+00,1/23/2018 6:56:00 AM,At Intersection (intersection related),18,"MOTOR VEHICLE STRUCK PEDALCYCLIST, FRONT END AT ANGLE",,False,Overcast,Wet,Dark - Street Lights On,,,,5.0,Vehicle Strikes Pedalcyclist,0,0,False,0
-122.325514174552,47.6140885079959,196677,266997,267777,E761238,Matched,Intersection,29875.0,SUMMIT AVE AND E PIKE ST, ,,2,Injury Collision,Pedestrian,2,1,0,1,1,0,2018-01-09 00:00:00+00,1/9/2018 8:51:00 AM,At Intersection (intersection related),24,MOTOR VEHCILE STRUCK PEDESTRIAN,,False,Raining,Wet,Daylight,True,,,0.0,Vehicle going straight hits pedestrian,0,523834,False,0
-122.386770450557,47.5674653679898,196679,265202,265982,3744485,Matched,Block,,CALIFORNIA AVE SW BETWEEN SW ANDOVER ST AND SW DAKOTA ST, ,,1,Property Damage Only Collision,Rear Ended,4,0,0,3,0,0,2018-01-09 00:00:00+00,1/9/2018 8:40:00 AM,Mid-Block (not related to intersection),14,"MOTOR VEHICLE STRUCK MOTOR VEHICLE, REAR END",True,False,Overcast,Wet,Daylight,,,,14.0,From same direction - both going straight - one stopped - rear-end,0,0,False,0
-122.339911558597,47.6613857197168,196681,265618,266418,3754101,Matched,Block,,N 45TH ST BETWEEN INTERLAKE AVE N AND WOODLAWN W AVE N, ,,2,Injury Collision,Rear Ended,2,0,0,2,1,0,2018-01-13 00:00:00+00,1/13/2018 11:10:00 AM,Mid-Block (not related to intersection),14,"MOTOR VEHICLE STRUCK MOTOR VEHICLE, REAR END",,False,Overcast,Dry,Daylight,,,,14.0,From same direction - both going straight - one stopped - rear-end,0,0,False,0
-122.341698680425,47.6245483573043,196682,265617,266417,3753925,Matched,Block,,MERCER ST BETWEEN DEXTER AVE N AND 8TH AVE N, ,,1,Property Damage Only Collision,Other,3,0,0,2,0,0,2018-01-12 00:00:00+00,1/12/2018 5:52:00 PM,Mid-Block (not related to intersection),14,"MOTOR VEHICLE STRUCK MOTOR VEHICLE, REAR END",,False,Unknown,Unknown,Dark - Street Lights On,,,,23.0,From same direction - all others,0,0,False,0