longitude,latitude,objectid,inckey,coldetkey,reportno,status,addrtype,intkey,location,exceptrsncode,exceptrsndesc,severitycode,severitydesc,collisiontype,personcount,pedcount,pedcylcount,vehcount,injuries,fatalities,incdate,incdttm,junctiontype,sdot_colcode,sdot_coldesc,inattentionind,underinfl,weather,roadcond,lightcond,pedrownotgrnt,sdotcolnum,speeding,st_colcode,st_coldesc,seglanekey,crosswalkkey,hitparkedcar,seriousinjuries
-122.342623989189,47.6128333384985,197095,264578,265358,3753780,Matched,Block,,LENORA ST BETWEEN 2ND AVE AND 3RD AVE, ,,1,Property Damage Only Collision,Left Turn,2,0,0,2,0,0,2018-01-08 00:00:00+00,1/8/2018 5:26:00 PM,Mid-Block (not related to intersection),14,"MOTOR VEHICLE STRUCK MOTOR VEHICLE, REAR END",,True,Clear or Partly Cloudy,Dry,Dark - Street Lights On,,,,15.0,From same direction - one left turn - one straight,0,0,False,0
-122.292493996604,47.7210061526537,197099,267740,268520,E762744,Matched,Block,,33RD AVE NE BETWEEN NE 125TH ST AND NE 130TH ST, ,,1,Property Damage Only Collision,Parked Car,2,0,0,2,0,0,2018-01-18 00:00:00+00,1/18/2018 5:10:00 PM,Mid-Block (not related to intersection),14,"MOTOR VEHICLE STRUCK MOTOR VEHICLE, REAR END",True,False,Raining,Wet,Dark - Street Lights On,,,,32.0,One parked--one moving,0,0,False,0
-122.279742162737,47.5194229658965,197100,267745,268525,E762710,Matched,Block,,M L KING JR ER WAY S BETWEEN S DIRECTOR ST AND MERTON WAY S, ,,1,Property Damage Only Collision,Sideswipe,4,0,0,2,0,0,2018-01-25 00:00:00+00,1/25/2018 8:55:00 AM,Mid-Block (not related to intersection),14,"MOTOR VEHICLE STRUCK MOTOR VEHICLE, REAR END",,False,Raining,Wet,Daylight,,,,11.0,From same direction - both going straight - both moving - sideswipe,0,0,False,0
-122.308252866731,47.5719240833331,197106,267743,268523,E762708,Matched,Intersection,32536.0,BEACON AVE S AND S SPOKANE ST, ,,1,Property Damage Only Collision,Left Turn,6,0,0,2,0,0,2018-01-25 00:00:00+00,1/25/2018 8:33:00 AM,At Intersection (intersection related),11,"MOTOR VEHICLE STRUCK MOTOR VEHICLE, FRONT END AT ANGLE",True,False,Raining,Wet,Daylight,,,,28.0,From opposite direction - one left turn - one straight,0,0,False,0
-122.409356606983,47.5786182763925,197107,266639,267419,3744373,Matched,Block,,60TH AVE SW BETWEEN ALKI AVE SW AND SW STEVENS ST, ,,1,Property Damage Only Collision,Parked Car,2,0,0,2,0,0,2018-01-20 00:00:00+00,1/20/2018 8:22:00 PM,Mid-Block (not related to intersection),11,"MOTOR VEHICLE STRUCK MOTOR VEHICLE, FRONT END AT ANGLE",,False,Raining,Wet,Dark - Street Lights On,,,,32.0,One parked--one moving,0,0,False,0
-122.344375329033,47.616802232544,197108,267081,267861,3753793,Matched,Intersection,29532.0,5TH AVE AND BATTERY ST, ,,2,Injury Collision,Sideswipe,2,0,0,2,1,0,2018-01-23 00:00:00+00,1/23/2018 5:47:00 AM,At Intersection (intersection related),11,"MOTOR VEHICLE STRUCK MOTOR VEHICLE, FRONT END AT ANGLE",True,False,Overcast,Dry,Dark - Street Lights On,,,,11.0,From same direction - both going straight - both moving - sideswipe,0,0,False,0
-122.378772065506,47.5615600064753,197109,266638,267418,3744371,Matched,Block,,37TH AVE SW BETWEEN SW SNOQUALMIE ST AND SW ALASKA ST, ,,1,Property Damage Only Collision,Angles,3,0,0,2,0,0,2018-01-20 00:00:00+00,1/20/2018 4:36:00 PM,Mid-Block (not related to intersection),11,"MOTOR VEHICLE STRUCK MOTOR VEHICLE, FRONT END AT ANGLE",,False,Overcast,Wet,Dark - Street Lights Off,,,,10.0,Entering at angle,0,0,False,0
-122.337349365567,47.5204706504791,197110,266637,267417,3744370,Matched,Block,,OLSON PL SW BETWEEN 2ND AVE SW AND 3RD AVE SW, ,,1,Property Damage Only Collision,Rear Ended,2,0,0,2,0,0,2018-01-19 00:00:00+00,1/19/2018 4:11:00 PM,Mid-Block (not related to intersection),14,"MOTOR VEHICLE STRUCK MOTOR VEHICLE, REAR END",,False,Raining,Wet,Dusk,,,True,13.0,From same direction - both going straight - both moving - rear-end,0,0,False,0
-122.353914920734,47.5336859781337,197111,266617,267397,3742376,Matched,Intersection,34148.0,15TH AVE SW AND SW HOLDEN ST, ,,2b,Serious Injury Collision,Pedestrian,2,1,0,1,1,0,2018-01-22 00:00:00+00,1/22/2018 4:23:00 PM,At Intersection (intersection related),24,MOTOR VEHCILE STRUCK PEDESTRIAN,,False,Clear or Partly Cloudy,Dry,Daylight,,,,0.0,Vehicle going straight hits pedestrian,0,0,False,1
-122.344689805249,47.7046877239764,197114,267746,268526,E762711,Matched,Block,,AURORA AVE N BETWEEN N 104TH ST AND N NORTHGATE WAY, ,,1,Property Damage Only Collision,Sideswipe,2,0,0,2,0,0,2018-01-23 00:00:00+00,1/23/2018 1:36:00 PM,Mid-Block (not related to intersection),14,"MOTOR VEHICLE STRUCK MOTOR VEHICLE, REAR END",,False,Raining,Wet,Daylight,,,,11.0,From same direction - both going straight - both moving - sideswipe,0,0,False,0
-122.374193725779,47.5640755999305,197115,266597,267377,E760005,Matched,Block,,SW AVALON WAY BETWEEN SW GENESEE ST AND 35TH AVE SW, ,,1,Property Damage Only Collision,Parked Car,3,0,0,2,0,0,2018-01-18 00:00:00+00,1/18/2018 5:24:00 PM,Mid-Block (not related to intersection),13,"MOTOR VEHICLE STRUCK MOTOR VEHICLE, LEFT SIDE AT ANGLE",,False,Raining,Wet,Dark - Street Lights On,,,,32.0,One parked--one moving,0,0,True,0
-122.370655014801,47.5717885848781,197116,266583,267363,3742356,Matched,Intersection,32116.0,HARBOR AVE SW AND SW SPOKANE NR ST, ,,1,Property Damage Only Collision,Left Turn,6,0,0,2,0,0,2018-01-19 00:00:00+00,1/19/2018 2:15:00 PM,At Intersection (intersection related),11,"MOTOR VEHICLE STRUCK MOTOR VEHICLE, FRONT END AT ANGLE",True,False,Raining,Wet,Daylight,,,,28.0,From opposite direction - one left turn - one straight,0,0,False,0
-122.382667721404,47.6484569180685,197117,267080,267860,3753792,Matched,Block,,W DRAVUS ST BETWEEN 20TH AVE W AND 21ST AVE W, ,,1,Property Damage Only Collision,Other,1,0,0,1,0,0,2018-01-23 00:00:00+00,1/23/2018 12:22:00 AM,Mid-Block (not related to intersection),11,"MOTOR VEHICLE STRUCK MOTOR VEHICLE, FRONT END AT ANGLE",,True,Clear or Partly Cloudy,Dry,Dark - Street Lights On,,,,50.0,Fixed object,0,0,True,0
-122.348645167448,47.5246578826849,197118,266582,267362,3742351,Matched,Block,,SW TRENTON ST BETWEEN 10TH AVE SW AND 11TH AVE SW, ,,1,Property Damage Only Collision,Parked Car,2,0,0,2,0,0,2018-01-18 00:00:00+00,1/18/2018 2:36:00 PM,Mid-Block (not related to intersection),11,"MOTOR VEHICLE STRUCK MOTOR VEHICLE, FRONT END AT ANGLE",True,False,Raining,Wet,Daylight,,,,32.0,One parked--one moving,0,0,False,0
-122.28084658139,47.6730566114714,197120,267744,268524,E762709,Matched,Block,,44TH AVE NE BETWEEN NE 60TH ST AND NE 62ND ST, ,,1,Property Damage Only Collision,Parked Car,2,0,0,2,0,0,2018-01-23 00:00:00+00,1/23/2018 10:52:00 AM,Mid-Block (not related to intersection),11,"MOTOR VEHICLE STRUCK MOTOR VEHICLE, FRONT END AT ANGLE",True,False,Raining,Wet,Daylight,,,,32.0,One parked--one moving,0,0,False,0
-122.345423271085,47.5173034365365,197121,266581,267361,3742326,Matched,Intersection,35066.0,8TH AVE SW AND SW ROXBURY ST, ,,1,Property Damage Only Collision,Parked Car,2,0,0,2,0,0,2018-01-20 00:00:00+00,1/20/2018 4:35:00 AM,At Intersection (intersection related),14,"MOTOR VEHICLE STRUCK MOTOR VEHICLE, REAR END",,True,Overcast,Wet,Dark - Street Lights On,,,,32.0,One parked--one moving,0,0,False,0
-122.316570897768,47.6000111172637,197122,265817,266617,E758748,Matched,Block,,S MAIN ST BETWEEN 12TH AVE S AND BOREN AVE S, ,,1,Property Damage Only Collision,Parked Car,2,0,0,2,0,0,2018-01-15 00:00:00+00,1/15/2018 2:25:00 PM,Mid-Block (not related to intersection),11,"MOTOR VEHICLE STRUCK MOTOR VEHICLE, FRONT END AT ANGLE",,False,Clear or Partly Cloudy,Dry,Daylight,,,,32.0,One parked--one moving,0,0,False,0
-122.347647848478,47.6118671070725,197123,267739,268519,E761595,Matched,Block,,ELLIOTT AVE BETWEEN ELLIOTT AV ON RP AND BELL ST, ,,2,Injury Collision,Rear Ended,3,0,0,2,3,0,2018-01-23 00:00:00+00,1/23/2018 4:33:00 PM,Mid-Block (not related to intersection),14,"MOTOR VEHICLE STRUCK MOTOR VEHICLE, REAR END",True,False,Raining,Wet,Dusk,,,,14.0,From same direction - both going straight - one stopped - rear-end,0,0,False,0
-122.329135058635,47.6197150507189,197125,267079,267859,3746804,Matched,Intersection,29154.0,EASTLAKE AVE E AND STEWART ST, ,,2,Injury Collision,Right Turn,3,0,0,2,1,0,2018-01-22 00:00:00+00,1/22/2018 5:56:00 AM,At Intersection (intersection related),11,"MOTOR VEHICLE STRUCK MOTOR VEHICLE, FRONT END AT ANGLE",,False,Raining,Wet,Dark - Street Lights On,,,,16.0,From same direction - one right turn - one straight,0,0,False,0
-122.295817789008,47.5444161188951,197128,267742,268522,E762686,Matched,Intersection,34297.0,29TH AVE S AND S MORGAN ST, ,,1,Property Damage Only Collision,Angles,2,0,0,2,0,0,2018-01-25 00:00:00+00,1/25/2018 3:38:00 PM,At Intersection (intersection related),11,"MOTOR VEHICLE STRUCK MOTOR VEHICLE, FRONT END AT ANGLE",,False,Overcast,Wet,Daylight,,,,10.0,Entering at angle,0,0,False,0
-122.279122595534,47.5152512529479,197172,263777,264557,3742276,Matched,Block,,M L KING JR WR WAY S BETWEEN MERTON WAY S AND S NORFOLK ST, ,,1,Property Damage Only Collision,Other,1,0,0,1,0,0,2018-01-03 00:00:00+00,1/3/2018 12:50:00 AM,Mid-Block (not related to intersection),28,MOTOR VEHICLE RAN OFF ROAD - HIT FIXED OBJECT,True,False,Clear or Partly Cloudy,Dry,Dark - Street Lights On,,,,50.0,Fixed object,0,0,False,0
-122.267406360675,47.5183435302137,197203,264622,265402,3818475,Matched,Block,,52ND AVE S BETWEEN RAINIER AVE S AND S ROXBURY ST, ,,2,Injury Collision,Head On,4,0,0,2,1,0,2018-01-08 00:00:00+00,1/8/2018 5:45:00 PM,Mid-Block (not related to intersection),11,"MOTOR VEHICLE STRUCK MOTOR VEHICLE, FRONT END AT ANGLE",,False,Overcast,Dry,Dark - Street Lights On,,,,24.0,From opposite direction - both moving - head-on,0,0,False,0
-122.325068451172,47.59583534259,197205,265819,266619,E758876,Matched,Intersection,30543.0,MAYNARD AVE S AND S DEARBORN ST, ,,2,Injury Collision,Angles,2,0,0,2,1,0,2018-01-09 00:00:00+00,1/9/2018 9:23:00 AM,At Intersection (intersection related),11,"MOTOR VEHICLE STRUCK MOTOR VEHICLE, FRONT END AT ANGLE",True,False,Raining,Wet,Daylight,,,,10.0,Entering at angle,0,0,False,0
-122.343547724063,47.6275805040328,197206,265298,266097,3696281,Matched,Block,,AURORA AVE N BETWEEN ALOHA ST AND WARD ST, ,,2,Injury Collision,Other,1,0,0,1,1,0,2018-01-15 00:00:00+00,1/15/2018 7:48:00 PM,Mid-Block (not related to intersection),26,MOTOR VEHICLE STRUCK OBJECT IN ROAD,True,False,Raining,Wet,Dark - Street Lights On,,,,50.0,Fixed object,0,0,False,0
-122.290593508442,47.5561523294926,197208,264620,265400,3818397,Matched,Block,,M L KING JR WR WAY S BETWEEN S HUDSON ST AND S DAWSON ST, ,,1,Property Damage Only Collision,Rear Ended,2,0,0,2,0,0,2018-01-07 00:00:00+00,1/7/2018 7:35:00 AM,Mid-Block (not related to intersection),14,"MOTOR VEHICLE STRUCK MOTOR VEHICLE, REAR END",,False,Overcast,Wet,Daylight,,,,14.0,From same direction - both going straight - one stopped - rear-end,0,0,False,0
-122.343684649472,47.6208931702858,197210,265823,266623,E758880,Matched,Intersection,28787.0,7TH AVE N AND THOMAS ST, ,,1,Property Damage Only Collision,Sideswipe,3,0,0,2,0,0,2018-01-10 00:00:00+00,1/10/2018 10:19:00 AM,At Intersection (intersection related),11,"MOTOR VEHICLE STRUCK MOTOR VEHICLE, FRONT END AT ANGLE",True,False,Clear or Partly Cloudy,Dry,Daylight,,,,11.0,From same direction - both going straight - both moving - sideswipe,0,0,False,0
-122.316854168659,47.6152639327782,197213,265319,266119,3702223,Matched,Intersection,29740.0,12TH AVE AND E PINE ST, ,,1,Property Damage Only Collision,Rear Ended,4,0,0,2,0,0,2018-01-14 00:00:00+00,1/14/2018 5:40:00 AM,At Intersection (intersection related),14,"MOTOR VEHICLE STRUCK MOTOR VEHICLE, REAR END",,False,Clear or Partly Cloudy,Dry,Dark - Street Lights On,,,,14.0,From same direction - both going straight - one stopped - rear-end,0,0,False,0
-122.296424105437,47.6233172371938,197214,265303,266102,E758717,Matched,Intersection,29292.0,M L KING JR WAY E AND E MADISON ST, ,,1,Property Damage Only Collision,Angles,2,0,0,2,0,0,2018-01-08 00:00:00+00,1/8/2018 4:50:00 PM,At Intersection (intersection related),11,"MOTOR VEHICLE STRUCK MOTOR VEHICLE, FRONT END AT ANGLE",,False,Overcast,Dry,Dark - Street Lights On,,,,10.0,Entering at angle,0,0,False,0
-122.359321460655,47.6245921912577,197220,265820,266620,E758877,Matched,Intersection,28634.0,2ND AVE W AND W MERCER ST, ,,1,Property Damage Only Collision,Angles,2,0,0,2,0,0,2018-01-05 00:00:00+00,1/5/2018 9:16:00 AM,At Intersection (intersection related),11,"MOTOR VEHICLE STRUCK MOTOR VEHICLE, FRONT END AT ANGLE",True,False,Raining,Wet,Daylight,,,,10.0,Entering at angle,0,0,False,0
-122.30764391485,47.5419196806477,197222,265317,266117,3756396,Matched,Block,,AIRPORT WAY S BETWEEN S HARDY ST AND S OTHELLO ST, ,,1,Property Damage Only Collision,Sideswipe,2,0,0,2,0,0,2018-01-09 00:00:00+00,1/9/2018 8:00:00 AM,Mid-Block (not related to intersection),11,"MOTOR VEHICLE STRUCK MOTOR VEHICLE, FRONT END AT ANGLE",,False,Raining,Wet,Dawn,,,,11.0,From same direction - both going straight - both moving - sideswipe,0,0,False,0
-122.30399030624,47.6830472668948,197225,264639,265419,E756485,Matched,Intersection,24758.0,RAVENNA AVE NE AND NE 75TH ST, ,,1,Property Damage Only Collision,Angles,2,0,0,2,0,0,2018-01-08 00:00:00+00,1/8/2018 3:30:00 PM,At Intersection (intersection related),11,"MOTOR VEHICLE STRUCK MOTOR VEHICLE, FRONT END AT ANGLE",,False,Clear or Partly Cloudy,Dry,Daylight,,,,10.0,Entering at angle,0,0,False,0
-122.362017866177,47.6951454340818,197226,263782,264562,3754051,Matched,Block,,4TH AVE NW BETWEEN NW 90TH ST AND NW 92ND ST, ,,1,Property Damage Only Collision,Parked Car,4,0,0,2,0,0,2018-01-02 00:00:00+00,1/2/2018 6:49:00 PM,Mid-Block (not related to intersection),16,"MOTOR VEHICLE STRUCK MOTOR VEHICLE, LEFT SIDE SIDESWIPE",,True,Clear or Partly Cloudy,Dry,Dark - Street Lights On,,,,32.0,One parked--one moving,0,0,True,0
-122.329257827527,47.589813183846,197227,265818,266618,E758875,Matched,Block,,4TH AVE SB OFF RP BETWEEN EDGAR MARTINEZ DR S AND 4TH AVE S, ,,1,Property Damage Only Collision,Rear Ended,2,0,0,2,0,0,2018-01-11 00:00:00+00,1/11/2018 8:06:00 AM,Mid-Block (not related to intersection),14,"MOTOR VEHICLE STRUCK MOTOR VEHICLE, REAR END",True,False,Raining,Wet,Daylight,,,,14.0,From same direction - both going straight - one stopped - rear-end,0,0,False,0
-122.349768455072,47.7323142405548,197232,263779,264559,3747815,Matched,Block,,N 143RD ST BETWEEN EVANSTON AVE N AND LINDEN AVE N, ,,1,Property Damage Only Collision,Parked Car,3,0,0,3,0,0,2018-01-04 00:00:00+00,1/4/2018 8:21:00 AM,Mid-Block (not related to intersection),11,"MOTOR VEHICLE STRUCK MOTOR VEHICLE, FRONT END AT ANGLE",,False,Clear or Partly Cloudy,Dry,Daylight,,,,20.0,One car leaving parked position,0,0,False,0
-122.336981268578,47.7341345788541,197233,264638,265418,3708065,Matched,Intersection,35692.0,WALLINGFORD AVE N AND N 145TH ST, ,,1,Property Damage Only Collision,Angles,2,0,0,2,0,0,2018-01-09 00:00:00+00,1/9/2018 5:30:00 PM,At Intersection (intersection related),11,"MOTOR VEHICLE STRUCK MOTOR VEHICLE, FRONT END AT ANGLE",,False,Raining,Wet,Dark - Street Lights On,,,,10.0,Entering at angle,0,0,False,0
-122.349328275385,47.5319146979181,197236,265821,266621,E758878,Matched,Intersection,34165.0,11TH AVE SW AND SW KENYON ST, ,,1,Property Damage Only Collision,Angles,3,0,0,3,0,0,2018-01-04 00:00:00+00,1/4/2018 8:54:00 AM,At Intersection (intersection related),11,"MOTOR VEHICLE STRUCK MOTOR VEHICLE, FRONT END AT ANGLE",,False,Clear or Partly Cloudy,Dry,Daylight,,,,10.0,Entering at angle,0,0,False,0
-122.323109765057,47.5966711525192,197237,265301,266100,3753783,Matched,Block,,S LANE ST BETWEEN 7TH AVE S AND 8TH AVE S, ,,1,Property Damage Only Collision,Other,2,0,0,2,0,0,2018-01-11 00:00:00+00,1/11/2018 4:57:00 PM,Mid-Block (not related to intersection),11,"MOTOR VEHICLE STRUCK MOTOR VEHICLE, FRONT END AT ANGLE",,False,Raining,Wet,Dark - Street Lights On,,,,23.0,From same direction - all others,0,0,False,0
-122.304591258855,47.6489974041029,197238,264637,265417,3705686,Matched,Intersection,27299.0,MONTLAKE BLVD NE AND NE PACIFIC ST, ,,1,Property Damage Only Collision,Right Turn,2,0,0,2,0,0,2018-01-08 00:00:00+00,1/8/2018 7:25:00 AM,At Intersection (intersection related),14,"MOTOR VEHICLE STRUCK MOTOR VEHICLE, REAR END",,False,Overcast,Wet,Daylight,,,,16.0,From same direction - one right turn - one straight,0,0,False,0
-122.339357006875,47.6097805702105,197239,267159,267939,E760994,Matched,Block,,2ND AVE BETWEEN PIKE ST AND PINE ST, ,,1,Property Damage Only Collision,Rear Ended,2,0,0,2,0,0,2018-01-18 00:00:00+00,1/18/2018 4:04:00 PM,Mid-Block (but intersection related),14,"MOTOR VEHICLE STRUCK MOTOR VEHICLE, REAR END",,False,Raining,Wet,Dusk,,,,14.0,From same direction - both going straight - one stopped - rear-end,0,0,False,0
-122.343825334154,47.6191394274439,197240,267158,267938,E760993,Matched,Block,,7TH SB AVE N BETWEEN DENNY WAY AND JOHN ST, ,,1,Property Damage Only Collision,Sideswipe,4,0,0,2,0,0,2018-01-18 00:00:00+00,1/18/2018 2:46:00 PM,Mid-Block (not related to intersection),11,"MOTOR VEHICLE STRUCK MOTOR VEHICLE, FRONT END AT ANGLE",,False,Raining,Wet,Daylight,,,,11.0,From same direction - both going straight - both moving - sideswipe,0,0,False,0
-122.349927269184,47.652037807454,197241,267757,268537,E762745,Matched,Block,,FREMONT AVE N BETWEEN N 36TH ST AND N 38TH ST, ,,1,Property Damage Only Collision,Parked Car,3,0,0,2,0,0,2018-01-17 00:00:00+00,1/17/2018 3:01:00 PM,Mid-Block (not related to intersection),14,"MOTOR VEHICLE STRUCK MOTOR VEHICLE, REAR END",True,False,Raining,Wet,Daylight,,,,32.0,One parked--one moving,0,0,False,0
-122.310735839727,47.6043366628018,197242,267818,268598,E762714,Matched,Block,,E ALDER ST BETWEEN 16TH E AVE AND 17TH AVE, ,,1,Property Damage Only Collision,Parked Car,2,0,0,2,0,0,2018-01-24 00:00:00+00,1/24/2018 1:15:00 PM,Mid-Block (not related to intersection),11,"MOTOR VEHICLE STRUCK MOTOR VEHICLE, FRONT END AT ANGLE",True,False,Raining,Wet,Daylight,,,,32.0,One parked--one moving,0,0,False,0
-122.376214125106,47.6690533252931,197244,267137,267917,E760124,Matched,Block,,15TH AVE NW BETWEEN NW MARKET ST AND NW 56TH ST, ,,2,Injury Collision,Rear Ended,2,0,0,2,1,0,2018-01-18 00:00:00+00,1/18/2018 1:45:00 PM,Mid-Block (not related to intersection),14,"MOTOR VEHICLE STRUCK MOTOR VEHICLE, REAR END",True,False,Raining,Wet,Daylight,,,,14.0,From same direction - both going straight - one stopped - rear-end,0,0,False,0
-122.316756187335,47.6122245883165,197245,267747,268527,E762712,Matched,Block,,12TH AVE BETWEEN E SPRING ST AND E MADISON ST, ,,1,Property Damage Only Collision,Rear Ended,2,0,0,2,0,0,2018-01-24 00:00:00+00,1/24/2018 9:35:00 AM,Mid-Block (not related to intersection),14,"MOTOR VEHICLE STRUCK MOTOR VEHICLE, REAR END",True,False,Raining,Wet,Daylight,,,,14.0,From same direction - both going straight - one stopped - rear-end,0,0,False,0
-122.312674751098,47.7203169286599,197246,267097,267877,E760123,Matched,Block,,15TH AVE NE BETWEEN NE 125TH ST AND NE 127TH ST, ,,2,Injury Collision,Angles,2,0,0,2,1,0,2018-01-18 00:00:00+00,1/18/2018 12:07:00 PM,Mid-Block (not related to intersection),11,"MOTOR VEHICLE STRUCK MOTOR VEHICLE, FRONT END AT ANGLE",,False,Raining,Wet,Daylight,,,,10.0,Entering at angle,0,0,False,0
-122.291020515978,47.6830484422118,197248,267798,268578,E762762,Matched,Block,,NE 75TH ST BETWEEN 34TH AVE NE AND 35TH AVE NE, ,,2,Injury Collision,Rear Ended,2,0,0,2,1,0,2018-01-25 00:00:00+00,1/25/2018 8:42:00 AM,Mid-Block (but intersection related),14,"MOTOR VEHICLE STRUCK MOTOR VEHICLE, REAR END",True,False,Clear or Partly Cloudy,Dry,Daylight,,,,14.0,From same direction - both going straight - one stopped - rear-end,0,0,False,0
-122.29149426166,47.5607657782054,197249,266662,267442,E760462,Matched,Intersection,32733.0,32ND AVE S AND S ALASKA ST, ,,2,Injury Collision,Left Turn,3,0,0,2,1,0,2018-01-17 00:00:00+00,1/17/2018 7:24:00 PM,At Intersection (intersection related),11,"MOTOR VEHICLE STRUCK MOTOR VEHICLE, FRONT END AT ANGLE",,False,Raining,Wet,Dark - Street Lights On,,,,28.0,From opposite direction - one left turn - one straight,0,0,False,0
-122.337653680165,47.6131284133642,197250,267198,267978,E761054,Matched,Block,,STEWART ST BETWEEN 5TH AVE AND WESTLAKE AVE, ,,1,Property Damage Only Collision,Sideswipe,2,0,0,2,0,0,2018-01-18 00:00:00+00,1/18/2018 3:05:00 PM,Mid-Block (not related to intersection),11,"MOTOR VEHICLE STRUCK MOTOR VEHICLE, FRONT END AT ANGLE",,False,Raining,Wet,Daylight,,,,11.0,From same direction - both going straight - both moving - sideswipe,0,0,False,0
-122.324081066168,47.5983502463463,197251,266661,267441,3754108,Matched,Block,,S KING ST BETWEEN MAYNARD AL S AND 7TH AVE S,NEI,"Not Enough Information, or Insufficient Location Information",2,Injury Collision,Parked Car,3,0,0,2,2,0,2018-01-19 00:00:00+00,1/19/2018 4:20:00 PM,,0,NOT ENOUGH INFORMATION / NOT APPLICABLE,True,False,Raining,Dry,Daylight,,,,32.0,One parked--one moving,0,0,False,0
-122.336884603407,47.6087562245948,197252,266660,267440,3753788,Matched,Intersection,29591.0,3RD AVE AND UNION ST, ,,1,Property Damage Only Collision,Other,2,0,0,1,0,0,2018-01-21 00:00:00+00,1/21/2018 2:55:00 AM,At Intersection (but not related to intersection),28,MOTOR VEHICLE RAN OFF ROAD - HIT FIXED OBJECT,True,False,Clear or Partly Cloudy,Dry,Dark - Street Lights On,,,,50.0,Fixed object,0,0,False,0
-122.238951209297,47.5105021740352,197253,266659,267439,E759457,Matched,Block,,RAINIER AVE S BETWEEN 75TH AVE S AND CITY LIMITS, ,,1,Property Damage Only Collision,Sideswipe,4,0,0,2,0,0,2018-01-12 00:00:00+00,1/12/2018 7:22:00 AM,Mid-Block (not related to intersection),11,"MOTOR VEHICLE STRUCK MOTOR VEHICLE, FRONT END AT ANGLE",,False,Clear or Partly Cloudy,Wet,Daylight,,,,26.0,From opposite direction - both going straight - sideswipe,0,0,False,0
-122.366017051957,47.679546712575,197254,267777,268557,E762746,Matched,Intersection,24183.0,8TH AVE NW AND NW 70TH ST, ,,1,Property Damage Only Collision,Rear Ended,3,0,0,2,0,0,2018-01-17 00:00:00+00,1/17/2018 12:17:00 PM,At Intersection (intersection related),14,"MOTOR VEHICLE STRUCK MOTOR VEHICLE, REAR END",,False,Clear or Partly Cloudy,Dry,Daylight,,,,14.0,From same direction - both going straight - one stopped - rear-end,0,0,False,0
-122.328733504746,47.6048763674432,197256,266658,267438,3753787,Matched,Intersection,29963.0,6TH AVE AND CHERRY ST, ,,1,Property Damage Only Collision,Left Turn,2,0,0,2,0,0,2018-01-16 00:00:00+00,1/16/2018 10:49:00 AM,At Intersection (intersection related),11,"MOTOR VEHICLE STRUCK MOTOR VEHICLE, FRONT END AT ANGLE",True,False,Clear or Partly Cloudy,Dry,Daylight,,,,15.0,From same direction - one left turn - one straight,0,0,False,0
-122.335118743008,47.6101805006637,197257,266657,267437,3753786,Matched,Block,,5TH AVE BETWEEN UNION ST AND PIKE ST, ,,1,Property Damage Only Collision,Other,3,0,0,2,0,0,2018-01-19 00:00:00+00,1/19/2018 2:36:00 PM,Mid-Block (not related to intersection),11,"MOTOR VEHICLE STRUCK MOTOR VEHICLE, FRONT END AT ANGLE",,False,Overcast,Dry,Daylight,,,,23.0,From same direction - all others,0,0,False,0
-122.312759951081,47.5974916350313,197258,267197,267977,E760363,Matched,Intersection,30437.0,RAINIER AVE S AND S WELLER ST, ,,2,Injury Collision,Pedestrian,3,2,0,1,2,0,2018-01-12 00:00:00+00,1/12/2018 7:24:00 AM,At Intersection (intersection related),24,MOTOR VEHCILE STRUCK PEDESTRIAN,True,False,Overcast,Wet,Dark - No Street Lights,,,,0.0,Vehicle going straight hits pedestrian,0,0,False,0
-122.291958711979,47.5894292546662,197259,266641,267421,E760461,Matched,Block,,S ATLANTIC ST BETWEEN 31ST AVE S AND 32ND AVE S,NEI,"Not Enough Information, or Insufficient Location Information",1,Property Damage Only Collision,Parked Car,2,0,0,2,0,0,2018-01-11 00:00:00+00,1/11/2018 12:30:00 PM,Mid-Block (not related to intersection),13,"MOTOR VEHICLE STRUCK MOTOR VEHICLE, LEFT SIDE AT ANGLE",,False,Raining,Wet,Daylight,,,,32.0,One parked--one moving,0,0,True,0
-122.318035188508,47.674982645681,197260,267817,268597,E762713,Matched,Block,,NE 64TH ST BETWEEN 9TH AVE NE AND ROOSEVELT WAY NE, ,,1,Property Damage Only Collision,Parked Car,2,0,0,2,0,0,2018-01-23 00:00:00+00,1/23/2018 8:22:00 AM,Mid-Block (not related to intersection),14,"MOTOR VEHICLE STRUCK MOTOR VEHICLE, REAR END",,False,Raining,Wet,Daylight,,,,32.0,One parked--one moving,0,0,True,0
-122.348897999934,47.6171310989698,197261,266640,267420,3746715,Matched,Intersection,29669.0,3RD AVE AND CEDAR ST, ,,1,Property Damage Only Collision,Angles,2,0,0,2,0,0,2018-01-20 00:00:00+00,1/20/2018 1:22:00 PM,At Intersection (intersection related),11,"MOTOR VEHICLE STRUCK MOTOR VEHICLE, FRONT END AT ANGLE",,False,Clear or Partly Cloudy,Dry,Daylight,,,,10.0,Entering at angle,0,0,False,0