longitude,latitude,objectid,inckey,coldetkey,reportno,status,addrtype,intkey,location,exceptrsncode,exceptrsndesc,severitycode,severitydesc,collisiontype,personcount,pedcount,pedcylcount,vehcount,injuries,fatalities,incdate,incdttm,junctiontype,sdot_colcode,sdot_coldesc,inattentionind,underinfl,weather,roadcond,lightcond,pedrownotgrnt,sdotcolnum,speeding,st_colcode,st_coldesc,seglanekey,crosswalkkey,hitparkedcar,seriousinjuries
-122.344936819227,47.7195722114033,197262,265826,266626,E758895,Matched,Intersection,35847.0,AURORA AVE N AND N 125TH ST, ,,2,Injury Collision,Angles,2,0,0,2,1,0,2018-01-02 00:00:00+00,1/2/2018 6:31:00 AM,At Intersection (intersection related),14,"MOTOR VEHICLE STRUCK MOTOR VEHICLE, REAR END",True,False,Clear or Partly Cloudy,Dry,Dawn,,,,10.0,Entering at angle,0,0,False,0
-122.338047720953,47.6117056786624,197264,265825,266625,E758882,Matched,Block,,4TH AVE BETWEEN PINE ST AND OLIVE WAY, ,,1,Property Damage Only Collision,Sideswipe,3,0,0,2,0,0,2018-01-09 00:00:00+00,1/9/2018 8:27:00 AM,Mid-Block (not related to intersection),16,"MOTOR VEHICLE STRUCK MOTOR VEHICLE, LEFT SIDE SIDESWIPE",True,False,Raining,Wet,Daylight,,,,12.0,From same direction - both going straight - one stopped - sideswipe,0,0,False,0
-122.351047247965,47.6154684666992,197265,267178,267958,E761053,Matched,Block,,CEDAR ST BETWEEN WESTERN AVE AND 1ST AVE, ,,2,Injury Collision,Head On,3,0,0,2,1,0,2018-01-16 00:00:00+00,1/16/2018 11:10:00 AM,Mid-Block (not related to intersection),11,"MOTOR VEHICLE STRUCK MOTOR VEHICLE, FRONT END AT ANGLE",,False,Clear or Partly Cloudy,Dry,Daylight,,,,30.0,From opposite direction - all others,0,0,False,0
-122.301565374506,47.6352441773618,197266,265824,266624,E758881,Matched,Intersection,28375.0,24TH AVE E AND BOYER AVE E, ,,1,Property Damage Only Collision,Rear Ended,2,0,0,2,0,0,2018-01-03 00:00:00+00,1/3/2018 9:40:00 AM,At Intersection (but not related to intersection),14,"MOTOR VEHICLE STRUCK MOTOR VEHICLE, REAR END",True,False,Clear or Partly Cloudy,Wet,Daylight,,,,14.0,From same direction - both going straight - one stopped - rear-end,0,0,False,0
-122.360742679076,47.7023995645432,197268,267797,268577,E762748,Matched,Intersection,37116.0,3RD AVE NW AND HOLMAN RD NW, ,,2,Injury Collision,Left Turn,2,0,0,2,2,0,2018-01-22 00:00:00+00,1/22/2018 7:01:00 AM,At Intersection (intersection related),11,"MOTOR VEHICLE STRUCK MOTOR VEHICLE, FRONT END AT ANGLE",,False,Clear or Partly Cloudy,Wet,Dark - Street Lights On,,,,28.0,From opposite direction - one left turn - one straight,0,0,False,0
-122.336216505504,47.6585670047585,197269,267177,267957,E761002,Matched,Block,,WALLINGFORD AVE N BETWEEN N 42ND ST AND N 43RD ST, ,,2,Injury Collision,Rear Ended,2,0,0,2,1,0,2018-01-19 00:00:00+00,1/19/2018 9:41:00 AM,Mid-Block (not related to intersection),14,"MOTOR VEHICLE STRUCK MOTOR VEHICLE, REAR END",True,False,Overcast,Wet,Daylight,,,,13.0,From same direction - both going straight - both moving - rear-end,0,0,False,0
-122.339416644218,47.5584725551913,197270,270078,270878,3563141,Matched,Block,,EAST MARGINAL WAY S BETWEEN XW ALASKA AND S HUDSON ST, ,,2,Injury Collision,Sideswipe,4,0,0,2,1,0,2018-02-11 00:00:00+00,2/11/2018 10:23:00 PM,Mid-Block (not related to intersection),14,"MOTOR VEHICLE STRUCK MOTOR VEHICLE, REAR END",True,False,Clear or Partly Cloudy,Dry,Dark - Street Lights On,,,,11.0,From same direction - both going straight - both moving - sideswipe,0,0,False,0
-122.310764978658,47.5850295120678,197272,270117,270917,E767699,Matched,Block,,17TH AVE S BETWEEN S PLUM ST AND S HILL ST, ,,1,Property Damage Only Collision,Sideswipe,4,0,0,2,0,0,2018-01-31 00:00:00+00,1/31/2018 5:18:00 PM,Mid-Block (not related to intersection),11,"MOTOR VEHICLE STRUCK MOTOR VEHICLE, FRONT END AT ANGLE",,False,Clear or Partly Cloudy,Wet,Dark - Street Lights On,,,,26.0,From opposite direction - both going straight - sideswipe,0,0,False,0
-122.328878289113,47.7261161046904,197273,270797,271637,E768979,Matched,Intersection,35947.0,1ST AVE NE AND ROOSEVELT WAY NE, ,,2,Injury Collision,Other,1,0,0,1,1,0,2018-02-13 00:00:00+00,2/13/2018 7:22:00 AM,At Intersection (intersection related),26,MOTOR VEHICLE STRUCK OBJECT IN ROAD,,False,Clear or Partly Cloudy,Ice,Daylight,,,,52.0,Vehicle overturned,0,0,False,0
-122.39722772146,47.5816030118203,197275,269629,270429,E766862,Matched,Block,,51ST AVE SW BETWEEN SW GRAYSON ST AND SW WAITE ST, ,,1,Property Damage Only Collision,Other,1,0,0,1,0,0,2018-02-06 00:00:00+00,2/6/2018 11:44:00 AM,Mid-Block (not related to intersection),26,MOTOR VEHICLE STRUCK OBJECT IN ROAD,,True,Overcast,Wet,Daylight,,,,50.0,Fixed object,0,0,False,0
-122.375402989693,47.5210640287778,197277,269628,270428,E766861,Matched,Intersection,34946.0,34TH AVE SW AND SW BARTON ST, ,,2,Injury Collision,Angles,5,0,0,2,1,0,2018-02-06 00:00:00+00,2/6/2018 8:34:00 AM,At Intersection (intersection related),11,"MOTOR VEHICLE STRUCK MOTOR VEHICLE, FRONT END AT ANGLE",,False,Overcast,Wet,Daylight,,,,10.0,Entering at angle,0,0,False,0
-122.298150713512,47.5783500437791,197279,270781,271621,E768820,Matched,Intersection,31482.0,RAINIER AVE S AND S MCCLELLAN ST, ,,1,Property Damage Only Collision,Sideswipe,4,0,0,2,0,0,2018-01-21 00:00:00+00,1/21/2018 1:20:00 PM,At Intersection (intersection related),11,"MOTOR VEHICLE STRUCK MOTOR VEHICLE, FRONT END AT ANGLE",,False,Raining,Wet,Daylight,,,,11.0,From same direction - both going straight - both moving - sideswipe,0,0,False,0
-122.333556055953,47.610149836822,197280,269627,270427,E766855,Matched,Intersection,29912.0,6TH AVE AND UNION ST, ,,1,Property Damage Only Collision,Rear Ended,2,0,0,2,0,0,2018-02-06 00:00:00+00,2/6/2018 9:00:00 AM,At Intersection (intersection related),14,"MOTOR VEHICLE STRUCK MOTOR VEHICLE, REAR END",True,False,Overcast,Wet,Daylight,,,,14.0,From same direction - both going straight - one stopped - rear-end,0,0,False,0
-122.34761075108,47.6197393528462,197281,270098,270898,3753393,Matched,Intersection,28933.0,5TH AVE N AND JOHN ST, ,,1,Property Damage Only Collision,Rear Ended,2,0,0,2,0,0,2018-02-11 00:00:00+00,2/11/2018 8:09:00 AM,At Intersection (but not related to intersection),14,"MOTOR VEHICLE STRUCK MOTOR VEHICLE, REAR END",True,False,Clear or Partly Cloudy,Dry,Daylight,,,,14.0,From same direction - both going straight - one stopped - rear-end,0,0,False,0
-122.339822097384,47.6141104241115,197282,269626,270426,E766854,Matched,Block,,5TH AVE BETWEEN VIRGINIA ST AND LENORA ST, ,,1,Property Damage Only Collision,Rear Ended,3,0,0,2,0,0,2018-02-06 00:00:00+00,2/6/2018 8:56:00 AM,Mid-Block (not related to intersection),14,"MOTOR VEHICLE STRUCK MOTOR VEHICLE, REAR END",True,False,Clear or Partly Cloudy,Dry,Daylight,,,,13.0,From same direction - both going straight - both moving - rear-end,0,0,False,0
-122.37690447581,47.6503410074051,197283,269625,270425,E766853,Matched,Block,,W BERTONA ST BETWEEN 15TH AVE W AND 16TH AVE W, ,,1,Property Damage Only Collision,Parked Car,2,0,0,2,0,0,2018-02-06 00:00:00+00,2/6/2018 8:51:00 AM,Mid-Block (not related to intersection),14,"MOTOR VEHICLE STRUCK MOTOR VEHICLE, REAR END",,False,Overcast,Dry,Daylight,,,,32.0,One parked--one moving,0,0,False,0
-122.364986645904,47.6368555036811,197284,269624,270424,E766721,Matched,Block,,6TH AVE W BETWEEN W HOWE ST AND W CROCKETT ST, ,,2,Injury Collision,Other,2,0,0,2,1,0,2018-02-02 00:00:00+00,2/2/2018 10:02:00 AM,Mid-Block (not related to intersection),11,"MOTOR VEHICLE STRUCK MOTOR VEHICLE, FRONT END AT ANGLE",,False,Raining,Wet,Daylight,,,,23.0,From same direction - all others,0,0,False,0
-122.347285911064,47.668364530046,197286,270798,271638,E768980,Matched,Block,,AURORA AVE N BETWEEN N 50 UPPER ST AND N 59TH ST, ,,1,Property Damage Only Collision,Rear Ended,2,0,0,2,0,0,2018-02-13 00:00:00+00,2/13/2018 8:45:00 AM,Mid-Block (not related to intersection),14,"MOTOR VEHICLE STRUCK MOTOR VEHICLE, REAR END",True,False,Clear or Partly Cloudy,Dry,Daylight,,,,13.0,From same direction - both going straight - both moving - rear-end,0,0,False,0
-122.341837639183,47.5611922551595,197287,269623,270423,E766673,Matched,Block,,DIAGONAL AVE S BETWEEN EAST MARGINAL WAY S AND DEAD END 1, ,,1,Property Damage Only Collision,Right Turn,2,0,0,2,0,0,2018-02-05 00:00:00+00,2/5/2018 3:29:00 PM,Mid-Block (not related to intersection),11,"MOTOR VEHICLE STRUCK MOTOR VEHICLE, FRONT END AT ANGLE",,False,Clear or Partly Cloudy,Dry,Daylight,,,,16.0,From same direction - one right turn - one straight,0,0,False,0
-122.280846400619,47.5354048022353,197291,270838,271678,E769090,Matched,Intersection,164360.0,M L KING JR WR WAY S AND S WEBSTER ST, ,,1,Property Damage Only Collision,Angles,4,0,0,2,0,0,2018-02-12 00:00:00+00,2/12/2018 2:53:00 PM,At Intersection (intersection related),14,"MOTOR VEHICLE STRUCK MOTOR VEHICLE, REAR END",,False,Clear or Partly Cloudy,Dry,Daylight,,,,10.0,Entering at angle,0,0,False,0
-122.282178851773,47.5388838654247,197292,270782,271622,E768822,Matched,Intersection,34554.0,M L KING JR WR WAY S AND S MYRTLE ST, ,,1,Property Damage Only Collision,Rear Ended,2,0,0,2,0,0,2018-02-02 00:00:00+00,2/2/2018 1:26:00 PM,At Intersection (but not related to intersection),14,"MOTOR VEHICLE STRUCK MOTOR VEHICLE, REAR END",True,False,Clear or Partly Cloudy,Dry,Daylight,,,,84.0,Same direction -- both turning left -- one stopped -- rear end,0,0,False,0
-122.306039106518,47.6260331975903,197295,270101,270901,3773864,Matched,Block,,20TH AVE E BETWEEN E ROY ST AND E ALOHA ST, ,,1,Property Damage Only Collision,Parked Car,4,0,0,4,0,0,2018-02-12 00:00:00+00,2/12/2018 6:00:00 PM,Mid-Block (not related to intersection),14,"MOTOR VEHICLE STRUCK MOTOR VEHICLE, REAR END",True,False,Clear or Partly Cloudy,Dry,Dark - Street Lights On,,,,32.0,One parked--one moving,0,0,False,0
-122.286139857999,47.6302871822585,197297,270080,270880,3702318,Matched,Block,,E MADISON ST BETWEEN 36TH AVE E AND 37TH AVE E, ,,1,Property Damage Only Collision,Other,1,0,0,1,0,0,2018-02-12 00:00:00+00,2/12/2018 4:21:00 AM,Mid-Block (not related to intersection),28,MOTOR VEHICLE RAN OFF ROAD - HIT FIXED OBJECT,,False,Clear or Partly Cloudy,Dry,Dark - Street Lights On,,,,50.0,Fixed object,0,0,False,0
-122.316258001781,47.6852852930749,197299,270817,271657,E769035,Matched,Intersection,24408.0,11TH AVE NE AND NE 78TH ST, ,,2,Injury Collision,Angles,2,0,0,2,1,0,2018-02-13 00:00:00+00,2/13/2018 8:44:00 AM,At Intersection (intersection related),14,"MOTOR VEHICLE STRUCK MOTOR VEHICLE, REAR END",,False,Clear or Partly Cloudy,Dry,Daylight,,,,10.0,Entering at angle,0,0,False,0
-122.330937533076,47.5526949684656,197300,270780,271620,E768818,Matched,Intersection,33173.0,3RD AVE S AND S FINDLAY ST, ,,1,Property Damage Only Collision,Angles,3,0,0,2,0,0,2018-02-13 00:00:00+00,2/13/2018 2:50:00 PM,At Intersection (intersection related),14,"MOTOR VEHICLE STRUCK MOTOR VEHICLE, REAR END",,False,Clear or Partly Cloudy,Dry,Daylight,,,,10.0,Entering at angle,0,0,False,0
-122.327019303634,47.5983548535949,197301,270079,270879,3583917,Matched,Block,,S KING ST BETWEEN 5TH AVE S AND 6TH AVE S, ,,1,Property Damage Only Collision,Parked Car,2,0,0,2,0,0,2018-02-10 00:00:00+00,2/10/2018 3:24:00 PM,Mid-Block (not related to intersection),14,"MOTOR VEHICLE STRUCK MOTOR VEHICLE, REAR END",,False,Clear or Partly Cloudy,Dry,Daylight,,,,32.0,One parked--one moving,0,0,True,0
-122.312464144733,47.6529759641361,197302,272080,272920,E771146,Matched,Intersection,27149.0,15TH AVE NE AND NE PACIFIC ST, ,,1,Property Damage Only Collision,Sideswipe,5,0,0,2,0,0,2018-02-20 00:00:00+00,2/20/2018 3:31:00 PM,At Intersection (but not related to intersection),11,"MOTOR VEHICLE STRUCK MOTOR VEHICLE, FRONT END AT ANGLE",,False,Snowing,Wet,Dusk,,,,11.0,From same direction - both going straight - both moving - sideswipe,0,0,False,0
-122.398372748609,47.6771406659584,197303,272079,272919,E771145,Matched,Block,,32ND AVE NW BETWEEN NW 67TH S ST AND NW 67TH N ST, ,,1,Property Damage Only Collision,Other,3,0,0,2,0,0,2018-02-14 00:00:00+00,2/14/2018 7:16:00 AM,Mid-Block (not related to intersection),11,"MOTOR VEHICLE STRUCK MOTOR VEHICLE, FRONT END AT ANGLE",,False,Clear or Partly Cloudy,Dry,Daylight,,,,23.0,From same direction - all others,0,0,False,0
-122.31339624813,47.5730937136585,197304,273158,273998,E772992,Matched,Intersection,32240.0,15TH AVE S AND S HINDS ST, ,,2,Injury Collision,Angles,3,0,0,2,1,0,2018-02-19 00:00:00+00,2/19/2018 2:10:00 PM,At Intersection (intersection related),11,"MOTOR VEHICLE STRUCK MOTOR VEHICLE, FRONT END AT ANGLE",,False,Clear or Partly Cloudy,Dry,Daylight,,,,10.0,Entering at angle,0,0,False,0
-122.325859621228,47.6050900042242,197305,272524,273364,E771953,Matched,Intersection,29961.0,8TH AVE AND JAMES ST, ,,2,Injury Collision,Pedestrian,2,1,0,1,1,0,2018-02-11 00:00:00+00,2/11/2018 12:14:00 PM,At Intersection (intersection related),24,MOTOR VEHCILE STRUCK PEDESTRIAN,,False,Clear or Partly Cloudy,Dry,Daylight,,,,2.0,Vehicle turning left hits pedestrian,0,523282,False,0
-122.306848535576,47.6912361666316,197307,272077,272917,E771143,Matched,Intersection,37769.0,20TH AVE NE AND LAKE CITY WAY NE, ,,1,Property Damage Only Collision,Angles,2,0,0,2,0,0,2018-02-20 00:00:00+00,2/20/2018 1:16:00 PM,At Intersection (intersection related),14,"MOTOR VEHICLE STRUCK MOTOR VEHICLE, REAR END",,False,Clear or Partly Cloudy,Dry,Daylight,,,,10.0,Entering at angle,0,0,False,0
-122.320603145826,47.7103953083559,197308,272059,272899,E770387,Matched,Block,,8TH AVE NE BETWEEN NE NORTHGATE WAY AND NE 115TH ST, ,,2,Injury Collision,Rear Ended,2,0,0,2,1,0,2018-02-16 00:00:00+00,2/16/2018 4:20:00 PM,Mid-Block (not related to intersection),14,"MOTOR VEHICLE STRUCK MOTOR VEHICLE, REAR END",True,False,Raining,Wet,Daylight,,,,14.0,From same direction - both going straight - one stopped - rear-end,0,0,False,0
-122.285948002802,47.5470700235765,197309,272522,273362,E772021,Matched,Block,,M L KING JR ER WAY S BETWEEN 37TH AVE S AND S GRAHAM ST, ,,2,Injury Collision,Rear Ended,7,0,0,3,3,0,2018-02-22 00:00:00+00,2/22/2018 8:09:00 AM,Mid-Block (not related to intersection),14,"MOTOR VEHICLE STRUCK MOTOR VEHICLE, REAR END",,False,Clear or Partly Cloudy,Ice,Daylight,,,True,14.0,From same direction - both going straight - one stopped - rear-end,0,0,False,0
-122.327162083875,47.6784399861709,197310,272058,272898,E771142,Matched,Block,,EAST GREEN LAKE WAY N BETWEEN 2ND AVE NE AND 4TH AVE NE, ,,1,Property Damage Only Collision,Parked Car,2,0,0,2,0,0,2018-02-19 00:00:00+00,2/19/2018 12:58:00 PM,Mid-Block (not related to intersection),11,"MOTOR VEHICLE STRUCK MOTOR VEHICLE, FRONT END AT ANGLE",,False,Clear or Partly Cloudy,Dry,Daylight,,,,20.0,One car leaving parked position,0,0,False,0
-122.288814941584,47.5578581633378,197311,273137,273977,E773587,Matched,Intersection,33573.0,35TH AVE S AND S FERDINAND ST, ,,1,Property Damage Only Collision,Angles,3,0,0,2,0,0,2018-02-26 00:00:00+00,2/26/2018 7:30:00 PM,At Intersection (intersection related),14,"MOTOR VEHICLE STRUCK MOTOR VEHICLE, REAR END",,False,Clear or Partly Cloudy,Dry,Dark - Street Lights On,,,,10.0,Entering at angle,0,0,False,0
-122.31491442196,47.5469911091696,197312,272538,273378,E772022,Matched,Intersection,33137.0,STANLEY AVE S AND S ALBRO PL, ,,2,Injury Collision,Left Turn,3,0,0,2,1,0,2018-02-22 00:00:00+00,2/22/2018 7:15:00 AM,At Intersection (intersection related),11,"MOTOR VEHICLE STRUCK MOTOR VEHICLE, FRONT END AT ANGLE",,False,Clear or Partly Cloudy,Ice,Daylight,,,,15.0,From same direction - one left turn - one straight,0,0,False,0
-122.290906829784,47.7264636393189,197313,272057,272897,E771141,Matched,Intersection,36173.0,35TH AVE NE AND ERICKSON PL NE, ,,2,Injury Collision,Angles,3,0,0,2,3,0,2018-02-19 00:00:00+00,2/19/2018 5:06:00 PM,At Intersection (intersection related),11,"MOTOR VEHICLE STRUCK MOTOR VEHICLE, FRONT END AT ANGLE",,False,Clear or Partly Cloudy,Dry,Dusk,,,,10.0,Entering at angle,0,0,False,0
-122.31335986714,47.5777531710285,197365,273617,274457,E773769,Matched,Intersection,31312.0,15TH AVE S AND S FOREST ST, ,,2b,Serious Injury Collision,Other,1,0,0,1,1,0,2018-02-22 00:00:00+00,2/22/2018 10:16:00 AM,At Intersection (intersection related),26,MOTOR VEHICLE STRUCK OBJECT IN ROAD,,False,Snowing,Ice,Daylight,,,,50.0,Fixed object,0,0,False,1
-122.317540138198,47.6860214864241,197314,272521,273361,3695858,Matched,Intersection,24401.0,ROOSEVELT WAY NE AND NE 79TH ST, ,,2,Injury Collision,Left Turn,5,0,0,3,2,0,2018-02-22 00:00:00+00,2/22/2018 11:58:00 PM,At Intersection (intersection related),11,"MOTOR VEHICLE STRUCK MOTOR VEHICLE, FRONT END AT ANGLE",,False,Clear or Partly Cloudy,Dry,Dark - Street Lights On,,,True,15.0,From same direction - one left turn - one straight,0,0,False,0
-122.321393556764,47.5855594085124,197315,272037,272877,E771124,Matched,Intersection,31273.0,AIRPORT WAY S AND S PLUM ST, ,,1,Property Damage Only Collision,Angles,2,0,0,2,0,0,2018-02-19 00:00:00+00,2/19/2018 3:50:00 PM,At Intersection (intersection related),11,"MOTOR VEHICLE STRUCK MOTOR VEHICLE, FRONT END AT ANGLE",True,False,Clear or Partly Cloudy,Dry,Daylight,,,,10.0,Entering at angle,0,0,False,0
-122.279484650761,47.5474219122584,199390,280277,281177,3782834,Matched,Block,,S SPENCER ST BETWEEN 42ND AVE S AND 44TH AVE S, ,,1,Property Damage Only Collision,Parked Car,2,0,0,2,0,0,2018-04-02 00:00:00+00,4/2/2018 6:55:00 AM,Mid-Block (not related to intersection),14,"MOTOR VEHICLE STRUCK MOTOR VEHICLE, REAR END",,False,Unknown,Unknown,Dawn,,,,32.0,One parked--one moving,0,0,True,0
-122.28815370636,47.5337408465973,197316,271418,272258,3744488,Matched,Intersection,34575.0,35TH AVE S AND S HOLDEN ST, ,,1,Property Damage Only Collision,Pedestrian,3,1,0,1,0,0,2018-02-19 00:00:00+00,2/19/2018 8:57:00 AM,At Intersection (intersection related),24,MOTOR VEHCILE STRUCK PEDESTRIAN,True,False,Clear or Partly Cloudy,Dry,Daylight,True,,,2.0,Vehicle turning left hits pedestrian,0,0,False,0
-122.311979522576,47.6621714325735,197318,272525,273365,3695861,Matched,Block,,15TH AVE NE BETWEEN NE 45TH ST AND NE 47TH ST, ,,2,Injury Collision,Head On,4,0,0,2,4,0,2018-02-25 00:00:00+00,2/25/2018 1:53:00 AM,Mid-Block (not related to intersection),11,"MOTOR VEHICLE STRUCK MOTOR VEHICLE, FRONT END AT ANGLE",,True,Raining,Wet,Dark - Street Lights On,,,,24.0,From opposite direction - both moving - head-on,0,0,False,0
-122.287836127502,47.5628182714579,197319,273078,273918,E772990,Matched,Intersection,32721.0,RAINIER AVE S AND S OREGON ST, ,,2,Injury Collision,Angles,3,1,0,2,1,0,2018-02-14 00:00:00+00,2/14/2018 5:04:00 PM,At Intersection (intersection related),11,"MOTOR VEHICLE STRUCK MOTOR VEHICLE, FRONT END AT ANGLE",,False,Clear or Partly Cloudy,Dry,Dusk,,,,10.0,Entering at angle,0,0,False,0
-122.302065768514,47.6129413684477,197340,273711,274551,E762844,Matched,Block,,E UNION ST BETWEEN 23RD AVE AND 24TH AVE, ,,2,Injury Collision,Angles,3,0,0,2,1,0,2018-01-22 00:00:00+00,1/22/2018 4:41:00 PM,Mid-Block (not related to intersection),11,"MOTOR VEHICLE STRUCK MOTOR VEHICLE, FRONT END AT ANGLE",,False,Clear or Partly Cloudy,Dry,Daylight,,,,10.0,Entering at angle,0,0,False,0
-122.392843957067,47.5225887213163,197320,271399,272239,3742046,Matched,Block,,FAUNTLEROY WAY SW BETWEEN SW BARTON ST AND SW WILDWOOD PL, ,,1,Property Damage Only Collision,Right Turn,2,0,0,2,0,0,2018-02-17 00:00:00+00,2/17/2018 11:16:00 AM,Mid-Block (not related to intersection),14,"MOTOR VEHICLE STRUCK MOTOR VEHICLE, REAR END",,False,Clear or Partly Cloudy,Dry,Daylight,,,True,16.0,From same direction - one right turn - one straight,0,0,False,0
-122.334665597537,47.6096854208314,197321,271398,272238,3732766,Matched,Intersection,29913.0,5TH AVE AND UNION ST, ,,1,Property Damage Only Collision,Angles,3,0,0,2,0,0,2018-02-18 00:00:00+00,2/18/2018 10:14:00 PM,At Intersection (intersection related),14,"MOTOR VEHICLE STRUCK MOTOR VEHICLE, REAR END",,False,Clear or Partly Cloudy,Dry,Dark - Street Lights On,,,,10.0,Entering at angle,0,0,False,0
-122.339052151338,47.5191743781422,197322,272520,273360,3626827,Matched,Block,,OLSON PL SW BETWEEN 3RD AVE SW AND SW CAMBRIDGE PL, ,,2,Injury Collision,Other,1,0,0,1,1,0,2018-02-25 00:00:00+00,2/25/2018 1:57:00 AM,Mid-Block (not related to intersection),26,MOTOR VEHICLE STRUCK OBJECT IN ROAD,,True,Raining,Dry,Dark - Street Lights On,,,,50.0,Fixed object,0,0,False,0
-122.312121772273,47.6985246586199,197323,271397,272237,E769140,Matched,Intersection,37506.0,15TH AVE NE AND NE 96TH ST, ,,1,Property Damage Only Collision,Angles,5,0,0,2,0,0,2018-02-04 00:00:00+00,2/4/2018 1:06:00 PM,At Intersection (intersection related),11,"MOTOR VEHICLE STRUCK MOTOR VEHICLE, FRONT END AT ANGLE",,False,Clear or Partly Cloudy,Wet,Daylight,,,,10.0,Entering at angle,0,0,False,0
-122.292585067625,47.5710554508616,197324,273157,273997,E772991,Matched,Intersection,32437.0,RAINIER AVE S AND S COURT ST, ,,2,Injury Collision,Rear Ended,2,0,0,2,1,0,2018-02-21 00:00:00+00,2/21/2018 4:27:00 PM,At Intersection (intersection related),14,"MOTOR VEHICLE STRUCK MOTOR VEHICLE, REAR END",,False,Clear or Partly Cloudy,Dry,Daylight,,,,13.0,From same direction - both going straight - both moving - rear-end,0,0,False,0
-122.339407463307,47.576425754286,197325,273037,273877,E772601,Matched,Block,,ALASKAN WY VI SB BETWEEN S LANDER ST AND ALASKAN WY VI SB WSB WB OFF RP, ,,1,Property Damage Only Collision,Sideswipe,3,0,0,2,0,0,2018-02-21 00:00:00+00,2/21/2018 2:11:00 PM,Mid-Block (not related to intersection),11,"MOTOR VEHICLE STRUCK MOTOR VEHICLE, FRONT END AT ANGLE",True,False,Clear or Partly Cloudy,Dry,Daylight,,,,11.0,From same direction - both going straight - both moving - sideswipe,0,0,False,0
-122.339740585882,47.6245441565243,197327,271378,272218,3732765,Matched,Intersection,28765.0,9TH AVE N AND MERCER SR ST, ,,1,Property Damage Only Collision,Left Turn,5,0,0,2,0,0,2018-02-16 00:00:00+00,2/16/2018 10:51:00 PM,At Intersection (intersection related),11,"MOTOR VEHICLE STRUCK MOTOR VEHICLE, FRONT END AT ANGLE",,False,Raining,Wet,Dark - Street Lights On,,,,15.0,From same direction - one left turn - one straight,0,0,False,0
-122.369395695292,47.6980081196994,197328,272523,273363,3695859,Matched,Block,,HOLMAN RD NW BETWEEN 11TH AVE NW AND 9TH AVE NW, ,,1,Property Damage Only Collision,Other,1,0,0,1,0,0,2018-02-23 00:00:00+00,2/23/2018 4:20:00 PM,Mid-Block (not related to intersection),26,MOTOR VEHICLE STRUCK OBJECT IN ROAD,,False,Snowing,Wet,Dusk,,,,50.0,Fixed object,0,0,False,0
-122.288072164726,47.664234961619,197329,271377,272217,3705700,Matched,Block,,37TH AVE NE BETWEEN NE 48TH ST AND NE 50TH ST, ,,1,Property Damage Only Collision,Parked Car,2,0,0,2,0,0,2018-02-18 00:00:00+00,2/18/2018 6:00:00 AM,Mid-Block (not related to intersection),14,"MOTOR VEHICLE STRUCK MOTOR VEHICLE, REAR END",,False,Unknown,Unknown,Dark - Street Lights On,,,,32.0,One parked--one moving,0,0,True,0
-122.331471037922,47.6061947928824,197330,272082,272922,E770394,Matched,Block,,5TH AVE BETWEEN MARION ST AND MADISON ST, ,,1,Property Damage Only Collision,Parked Car,4,0,0,3,0,0,2018-02-18 00:00:00+00,2/18/2018 1:45:00 AM,Mid-Block (not related to intersection),14,"MOTOR VEHICLE STRUCK MOTOR VEHICLE, REAR END",,False,Unknown,Unknown,Dark - Street Lights On,,,,32.0,One parked--one moving,0,0,False,0
-122.316316414747,47.6265225468119,197331,271364,272204,3702478,Matched,Block,,E ALOHA ST BETWEEN 12TH AVE E AND 13TH W AVE E, ,,1,Property Damage Only Collision,Parked Car,2,0,0,2,0,0,2018-02-18 00:00:00+00,2/18/2018 12:01:00 AM,Mid-Block (not related to intersection),14,"MOTOR VEHICLE STRUCK MOTOR VEHICLE, REAR END",,False,Clear or Partly Cloudy,Dry,Dark - Street Lights On,,,,32.0,One parked--one moving,0,0,False,0
-122.340798804169,47.6970671843765,197333,272537,273377,3695863,Matched,Block,,INTERLAKE AVE N BETWEEN DEAD END AND N 95TH ST, ,,1,Property Damage Only Collision,Parked Car,2,0,0,2,0,0,2018-02-24 00:00:00+00,2/24/2018 8:00:00 PM,Mid-Block (not related to intersection),11,"MOTOR VEHICLE STRUCK MOTOR VEHICLE, FRONT END AT ANGLE",,False,Unknown,Unknown,Unknown,,,,32.0,One parked--one moving,0,0,True,0
-122.326061859004,47.7340730341091,197336,273732,274572,E763745,Matched,Intersection,35905.0,4TH AVE NE AND NE 145TH ST, ,,1,Property Damage Only Collision,Left Turn,2,0,0,2,0,0,2018-01-28 00:00:00+00,1/28/2018 2:45:00 PM,At Intersection (intersection related),11,"MOTOR VEHICLE STRUCK MOTOR VEHICLE, FRONT END AT ANGLE",,False,Clear or Partly Cloudy,Wet,Daylight,,,,28.0,From opposite direction - one left turn - one straight,0,0,False,0
-122.347887135614,47.6153610042307,197337,273674,274514,E760142,Matched,Intersection,29687.0,2ND AVE AND WALL ST, ,,2,Injury Collision,Pedestrian,2,1,0,1,1,0,2018-01-17 00:00:00+00,1/17/2018 8:05:00 PM,At Intersection (intersection related),24,MOTOR VEHCILE STRUCK PEDESTRIAN,,False,Clear or Partly Cloudy,Dry,Dark - Street Lights On,,,,2.0,Vehicle turning left hits pedestrian,0,0,False,0