longitude,latitude,objectid,inckey,coldetkey,reportno,status,addrtype,intkey,location,exceptrsncode,exceptrsndesc,severitycode,severitydesc,collisiontype,personcount,pedcount,pedcylcount,vehcount,injuries,fatalities,incdate,incdttm,junctiontype,sdot_colcode,sdot_coldesc,inattentionind,underinfl,weather,roadcond,lightcond,pedrownotgrnt,sdotcolnum,speeding,st_colcode,st_coldesc,seglanekey,crosswalkkey,hitparkedcar,seriousinjuries
-122.308021934621,47.7338983021752,197338,273725,274565,E758142,Matched,Block,,NE 145TH ST BETWEEN 19TH AVE NE AND 20TH AVE NE, ,,1,Property Damage Only Collision,Angles,2,0,0,2,0,0,2018-01-06 00:00:00+00,1/6/2018 3:23:00 PM,Mid-Block (not related to intersection),11,"MOTOR VEHICLE STRUCK MOTOR VEHICLE, FRONT END AT ANGLE",,False,Raining,Wet,Daylight,,,,10.0,Entering at angle,0,0,False,0
-122.334792923541,47.5491918832386,197343,273729,274569,E763413,Matched,Block,,EAST MARGINAL WAY S BETWEEN S FIDALGO ST AND 1ST AVE S, ,,1,Property Damage Only Collision,Other,2,0,0,1,0,0,2018-01-10 00:00:00+00,1/10/2018 10:28:00 PM,Mid-Block (not related to intersection),26,MOTOR VEHICLE STRUCK OBJECT IN ROAD,,False,Raining,Wet,Dark - Street Lights On,,,True,50.0,Fixed object,0,0,False,0
-122.335710828216,47.7041296461542,197344,273701,274541,E761151,Matched,Block,,WALLINGFORD AVE N BETWEEN N 103RD ST AND N 105TH ST, ,,2,Injury Collision,Parked Car,5,0,0,4,1,0,2018-01-16 00:00:00+00,1/16/2018 3:53:00 PM,Mid-Block (not related to intersection),14,"MOTOR VEHICLE STRUCK MOTOR VEHICLE, REAR END",,False,Clear or Partly Cloudy,Dry,Daylight,,,True,32.0,One parked--one moving,0,0,True,0
-122.331573393993,47.6000410657089,197345,273666,274506,E759513,Matched,Intersection,30504.0,2ND AVE S AND S MAIN ST, ,,2b,Serious Injury Collision,Pedestrian,3,1,0,1,1,0,2018-01-16 00:00:00+00,1/16/2018 10:50:00 AM,At Intersection (intersection related),24,MOTOR VEHCILE STRUCK PEDESTRIAN,,False,Clear or Partly Cloudy,Dry,Daylight,,,,2.0,Vehicle turning left hits pedestrian,0,524793,False,1
-122.329711473802,47.6059446155827,197346,273721,274561,E763665,Matched,Block,,6TH AVE BETWEEN COLUMBIA ST AND MARION ST, ,,1,Property Damage Only Collision,Parked Car,2,0,0,2,0,0,2018-01-29 00:00:00+00,1/29/2018 11:45:00 AM,Mid-Block (not related to intersection),11,"MOTOR VEHICLE STRUCK MOTOR VEHICLE, FRONT END AT ANGLE",,False,Raining,Wet,Daylight,,,,32.0,One parked--one moving,0,0,False,0
-122.345423271085,47.5173034365365,197347,273709,274549,E762523,Matched,Intersection,35066.0,8TH AVE SW AND SW ROXBURY ST, ,,1,Property Damage Only Collision,Left Turn,3,0,0,3,0,0,2018-01-19 00:00:00+00,1/19/2018 1:15:00 PM,At Intersection (intersection related),11,"MOTOR VEHICLE STRUCK MOTOR VEHICLE, FRONT END AT ANGLE",,False,Overcast,Wet,Daylight,,,,28.0,From opposite direction - one left turn - one straight,0,0,False,0
-122.295842426929,47.7337803135136,197349,273736,274576,E764702,Matched,Block,,NE 145TH ST BETWEEN 30TH AVE NE AND 31ST AVE NE, ,,2,Injury Collision,Pedestrian,2,0,1,1,1,0,2018-01-25 00:00:00+00,1/25/2018 10:13:00 PM,Mid-Block (not related to intersection),21,"MOTOR VEHICLE STRUCK PEDALCYCLIST, REAR END",,False,Clear or Partly Cloudy,Wet,Dark - Street Lights On,True,,,5.0,Vehicle Strikes Pedalcyclist,0,0,False,0
-122.285192827899,47.5451653587089,197350,273698,274538,E757870,Matched,Block,,M L KING JR WR WAY S BETWEEN S GRAHAM ST AND S MORGAN ST, ,,1,Property Damage Only Collision,Sideswipe,2,0,0,2,0,0,2018-01-11 00:00:00+00,1/11/2018 9:30:00 PM,Mid-Block (not related to intersection),11,"MOTOR VEHICLE STRUCK MOTOR VEHICLE, FRONT END AT ANGLE",,False,Raining,Wet,Dark - Street Lights On,,,,11.0,From same direction - both going straight - both moving - sideswipe,0,0,False,0
-122.344541320667,47.69219533877,197351,273664,274504,E759385,Matched,Block,,AURORA AVE N BETWEEN N 87TH ST AND N 88TH S ST, ,,1,Property Damage Only Collision,Sideswipe,3,0,0,2,0,0,2018-01-16 00:00:00+00,1/16/2018 2:56:00 PM,Mid-Block (not related to intersection),11,"MOTOR VEHICLE STRUCK MOTOR VEHICLE, FRONT END AT ANGLE",,False,Clear or Partly Cloudy,Dry,Daylight,,,,26.0,From opposite direction - both going straight - sideswipe,0,0,False,0
-122.315025258548,47.5725579859423,197352,273662,274502,E759052,Matched,Block,,S COLUMBIAN WB WAY BETWEEN 14TH AVE S AND COLUMBIAN WY - I5 NB RP, ,,1,Property Damage Only Collision,Other,2,0,0,1,0,0,2018-01-05 00:00:00+00,1/5/2018 8:40:00 AM,Mid-Block (not related to intersection),26,MOTOR VEHICLE STRUCK OBJECT IN ROAD,True,False,Raining,Wet,Daylight,,,True,50.0,Fixed object,0,0,False,0
-122.301940127483,47.7338292579493,197353,273733,274573,E763754,Matched,Intersection,35996.0,25TH AVE NE AND NE 145TH ST, ,,2,Injury Collision,Rear Ended,8,0,0,2,1,0,2018-01-21 00:00:00+00,1/21/2018 1:49:00 PM,At Intersection (but not related to intersection),14,"MOTOR VEHICLE STRUCK MOTOR VEHICLE, REAR END",,False,Raining,Wet,Daylight,,,,13.0,From same direction - both going straight - both moving - rear-end,0,0,False,0
-122.334762317446,47.5254167310125,197355,273727,274567,E763087,Matched,Block,,1ST AVE S BETWEEN S CLOVERDALE W ST AND 1ST AVS OFF S RP, ,,1,Property Damage Only Collision,Rear Ended,2,0,0,2,0,0,2018-01-19 00:00:00+00,1/19/2018 8:44:00 AM,Mid-Block (not related to intersection),14,"MOTOR VEHICLE STRUCK MOTOR VEHICLE, REAR END",,False,Overcast,Wet,Daylight,,,,14.0,From same direction - both going straight - one stopped - rear-end,0,0,False,0
-122.329047856547,47.5919318337326,197356,273706,274546,E761928,Matched,Block,,4TH AVE S BETWEEN S ROYAL BROUGHAM WAY AND 4TH AVE NB OFF RP, ,,1,Property Damage Only Collision,Rear Ended,2,0,0,2,0,0,2018-01-17 00:00:00+00,1/17/2018 7:48:00 AM,Mid-Block (not related to intersection),14,"MOTOR VEHICLE STRUCK MOTOR VEHICLE, REAR END",True,False,Unknown,Unknown,Daylight,,,,14.0,From same direction - both going straight - one stopped - rear-end,0,0,False,0
-122.3337313001,47.590312347916,197357,273712,274552,E763663,Matched,Block,,EDGAR MARTINEZ DR S BETWEEN 1ST AVE S AND OCCIDENTAL AVE S, ,,1,Property Damage Only Collision,Sideswipe,2,0,0,2,0,0,2018-01-26 00:00:00+00,1/26/2018 3:50:00 PM,Mid-Block (not related to intersection),11,"MOTOR VEHICLE STRUCK MOTOR VEHICLE, FRONT END AT ANGLE",,False,Overcast,Dry,Daylight,,,,11.0,From same direction - both going straight - both moving - sideswipe,0,0,False,0
-122.324541591081,47.7340613292954,197358,273657,274497,E758202,Matched,Block,,NE 145TH ST BETWEEN 145TH ST ON RP AND 5TH AVE NE, ,,2,Injury Collision,Other,1,0,0,1,1,0,2018-01-07 00:00:00+00,1/7/2018 7:06:00 PM,Mid-Block (not related to intersection),28,MOTOR VEHICLE RAN OFF ROAD - HIT FIXED OBJECT,,True,Clear or Partly Cloudy,Wet,Dark - Street Lights On,,,True,50.0,Fixed object,0,0,False,0
-122.334275943277,47.7341365013854,197359,273638,274478,E757637,Matched,Intersection,35910.0,MERIDIAN AVE N AND N 145TH ST, ,,2,Injury Collision,Left Turn,2,0,0,2,1,0,2018-01-04 00:00:00+00,1/4/2018 3:43:00 PM,At Intersection (intersection related),11,"MOTOR VEHICLE STRUCK MOTOR VEHICLE, FRONT END AT ANGLE",True,False,Overcast,Dry,Daylight,,,,28.0,From opposite direction - one left turn - one straight,0,0,False,0
-122.344552561313,47.7341288589161,197360,273730,274570,E763740,Matched,Block,,N 145TH ST BETWEEN AURORA AVE N AND MIDVALE AVE N, ,,2,Injury Collision,Angles,10,0,0,6,7,0,2018-01-26 00:00:00+00,1/26/2018 3:11:00 PM,Mid-Block (not related to intersection),11,"MOTOR VEHICLE STRUCK MOTOR VEHICLE, FRONT END AT ANGLE",,False,Overcast,Dry,Daylight,,,,10.0,Entering at angle,0,0,False,0
-122.366017051957,47.679546712575,197361,273697,274537,E758151,Matched,Intersection,24183.0,8TH AVE NW AND NW 70TH ST, ,,1,Property Damage Only Collision,Angles,2,0,0,2,0,0,2018-01-05 00:00:00+00,1/5/2018 4:45:00 AM,At Intersection (intersection related),11,"MOTOR VEHICLE STRUCK MOTOR VEHICLE, FRONT END AT ANGLE",,False,Raining,Wet,Dark - Street Lights On,,,,10.0,Entering at angle,0,0,False,0
-122.367022197825,47.6255916423364,197362,273637,274477,E773770,Matched,Block,,ELLIOTT AVE W BETWEEN W MERCER ST AND W MERCER PL, ,,1,Property Damage Only Collision,Left Turn,3,0,0,2,0,0,2018-02-27 00:00:00+00,2/27/2018 8:10:00 AM,Driveway Junction,11,"MOTOR VEHICLE STRUCK MOTOR VEHICLE, FRONT END AT ANGLE",True,False,Overcast,Dry,Daylight,,,,28.0,From opposite direction - one left turn - one straight,0,0,False,0
-122.319434519857,47.5733057949554,197363,273723,274563,E758123,Matched,Block,,W SEATTLE BR - I5 NB RP BETWEEN COLUMBIAN WY - I5 NB RP AND WEST SEATTLE BR EB, ,,2,Injury Collision,Sideswipe,3,0,0,3,2,0,2018-01-08 00:00:00+00,1/8/2018 8:58:00 AM,Mid-Block (not related to intersection),11,"MOTOR VEHICLE STRUCK MOTOR VEHICLE, FRONT END AT ANGLE",,False,Overcast,Wet,Daylight,,,,11.0,From same direction - both going straight - both moving - sideswipe,0,0,False,0
-122.345097103859,47.734128428157,197364,273710,274550,E762706,Matched,Intersection,35704.0,AURORA AVE N AND N 145TH ST, ,,1,Property Damage Only Collision,Rear Ended,2,0,0,2,0,0,2018-01-25 00:00:00+00,1/25/2018 2:48:00 PM,At Intersection (but not related to intersection),14,"MOTOR VEHICLE STRUCK MOTOR VEHICLE, REAR END",True,False,Overcast,Wet,Daylight,,,,14.0,From same direction - both going straight - one stopped - rear-end,0,0,False,0
-122.333795369268,47.5269543538256,197366,273577,274417,E755158,Matched,Block,,SR509 SB BETWEEN 1ST AV S OFF RP AND CLOVERDALE ST ON RP, ,,1,Property Damage Only Collision,Other,1,0,0,1,0,0,2018-01-03 00:00:00+00,1/3/2018 7:45:00 PM,Mid-Block (not related to intersection),26,MOTOR VEHICLE STRUCK OBJECT IN ROAD,,False,Clear or Partly Cloudy,Dry,Dark - No Street Lights,,,,50.0,Fixed object,0,0,False,0
-122.328948722805,47.5311749612729,197367,273702,274542,E761278,Matched,Block,,WEST MARGINAL NB WAY S BETWEEN S HOLDEN ST AND CLOVERDALE ST ON RP, ,,2,Injury Collision,Rear Ended,2,0,0,2,1,0,2018-01-18 00:00:00+00,1/18/2018 10:25:00 AM,Mid-Block (not related to intersection),14,"MOTOR VEHICLE STRUCK MOTOR VEHICLE, REAR END",,False,Overcast,Dry,Daylight,,,True,13.0,From same direction - both going straight - both moving - rear-end,0,0,False,0
-122.312463883736,47.7130712211459,197368,273777,274617,E764993,Matched,Block,,15TH AVE NE BETWEEN NE 115TH ST AND NE 117TH ST, ,,1,Property Damage Only Collision,Rear Ended,2,0,0,2,0,0,2018-02-01 00:00:00+00,2/1/2018 5:18:00 PM,Mid-Block (not related to intersection),14,"MOTOR VEHICLE STRUCK MOTOR VEHICLE, REAR END",True,False,Raining,Wet,Dark - Street Lights On,,,,13.0,From same direction - both going straight - both moving - rear-end,0,0,False,0
-122.292906088685,47.5714764980746,197371,273159,273999,E772993,Matched,Block,,RAINIER AVE S BETWEEN S ESTELLE ST AND S COURT ST, ,,2,Injury Collision,Rear Ended,2,0,0,2,1,0,2018-02-22 00:00:00+00,2/22/2018 2:43:00 PM,Mid-Block (not related to intersection),14,"MOTOR VEHICLE STRUCK MOTOR VEHICLE, REAR END",,False,Clear or Partly Cloudy,Dry,Daylight,,,,14.0,From same direction - both going straight - one stopped - rear-end,0,0,False,0
-122.330465293912,47.5443864916212,197372,273720,274560,E757971,Matched,Block,,EAST MARGINAL WAY S BETWEEN S MICHIGAN ST AND 4TH AVE S, ,,1,Property Damage Only Collision,Rear Ended,2,0,0,2,0,0,2018-01-11 00:00:00+00,1/11/2018 3:45:00 PM,Mid-Block (not related to intersection),14,"MOTOR VEHICLE STRUCK MOTOR VEHICLE, REAR END",,False,Raining,Wet,Daylight,,,,13.0,From same direction - both going straight - both moving - rear-end,0,0,False,0
-122.304614055906,47.6454088589596,197373,273728,274568,E763394,Matched,Block,,MONTLAKE BLVD E BETWEEN MONTLAKE BV ON RP AND E HAMLIN ST, ,,1,Property Damage Only Collision,Rear Ended,4,0,0,3,0,0,2018-01-27 00:00:00+00,1/27/2018 10:16:00 PM,Mid-Block (not related to intersection),14,"MOTOR VEHICLE STRUCK MOTOR VEHICLE, REAR END",,False,Raining,Wet,Dark - Street Lights On,,,,14.0,From same direction - both going straight - one stopped - rear-end,0,0,False,0
-122.31501684451,47.5353748532582,197374,273708,274548,E762156,Matched,Block,,EAST MARGINAL WAY S BETWEEN S WEBSTER ST AND 14TH AVE S, ,,1,Property Damage Only Collision,Other,2,0,0,2,0,0,2018-01-23 00:00:00+00,1/23/2018 8:49:00 AM,Mid-Block (not related to intersection),14,"MOTOR VEHICLE STRUCK MOTOR VEHICLE, REAR END",,False,Raining,Wet,Daylight,,,True,23.0,From same direction - all others,0,0,False,0
-122.334275943277,47.7341365013854,197375,273735,274575,E764691,Matched,Intersection,35910.0,MERIDIAN AVE N AND N 145TH ST, ,,1,Property Damage Only Collision,Rear Ended,2,0,0,2,0,0,2018-01-17 00:00:00+00,1/17/2018 6:05:00 PM,At Intersection (but not related to intersection),14,"MOTOR VEHICLE STRUCK MOTOR VEHICLE, REAR END",,False,Raining,Wet,Dark - Street Lights On,,,True,14.0,From same direction - both going straight - one stopped - rear-end,0,0,False,0
-122.343636523849,47.6103205422612,197436,274646,275506,E774522,Matched,Intersection,29583.0,VIRGINIA ST AND WESTERN AVE, ,,2,Injury Collision,,3,0,1,1,1,0,2018-02-28 00:00:00+00,2/28/2018 10:25:00 AM,At Intersection (intersection related),14,"MOTOR VEHICLE STRUCK MOTOR VEHICLE, REAR END",,False,Raining,Wet,Daylight,,,,,,0,0,False,0
-122.312648030335,47.7185067431708,197377,273879,274719,E765334,Matched,Block,,15TH AVE NE BETWEEN NE 123RD ST AND NE 125TH ST, ,,1,Property Damage Only Collision,Rear Ended,3,0,0,2,0,0,2018-02-01 00:00:00+00,2/1/2018 6:23:00 PM,Mid-Block (not related to intersection),14,"MOTOR VEHICLE STRUCK MOTOR VEHICLE, REAR END",,False,Raining,Wet,Dark - Street Lights On,,,,14.0,From same direction - both going straight - one stopped - rear-end,0,0,False,0
-122.342626914365,47.6516186508064,197379,273942,274782,3754288,Matched,Block,,STONE WAY N BETWEEN N 36TH ST AND N 38TH ST, ,,1,Property Damage Only Collision,Parked Car,2,0,0,2,0,0,2018-02-03 00:00:00+00,2/3/2018 11:00:00 AM,Mid-Block (not related to intersection),0,NOT ENOUGH INFORMATION / NOT APPLICABLE,True,False,Overcast,Dry,Daylight,,,,32.0,One parked--one moving,0,0,True,0
-122.311527352821,47.6525248743714,197380,273877,274717,E765338,Matched,Block,,NE PACIFIC ST BETWEEN 15TH AVE NE AND XW 17 AVNE, ,,2b,Serious Injury Collision,Other,1,0,0,1,1,0,2018-02-01 00:00:00+00,2/1/2018 6:35:00 PM,Mid-Block (not related to intersection),28,MOTOR VEHICLE RAN OFF ROAD - HIT FIXED OBJECT,,False,Raining,Wet,Dark - Street Lights On,,,,50.0,Fixed object,0,0,False,1
-122.314996950252,47.6733342895222,197381,273937,274777,3754239,Matched,Block,,NE 62ND ST BETWEEN 12TH AVE NE AND BROOKLYN AVE NE, ,,1,Property Damage Only Collision,Parked Car,2,0,0,2,0,0,2018-02-03 00:00:00+00,2/3/2018 6:53:00 PM,Mid-Block (not related to intersection),14,"MOTOR VEHICLE STRUCK MOTOR VEHICLE, REAR END",,False,Raining,Wet,Dark - Street Lights On,,,,32.0,One parked--one moving,0,0,True,0
-122.360446111739,47.6545408342495,197382,273860,274700,E765337,Matched,Block,,LEARY WAY NW BETWEEN NW 39TH ST AND 3RD AVE NW, ,,2,Injury Collision,Rear Ended,2,0,0,2,1,0,2018-02-01 00:00:00+00,2/1/2018 3:43:00 PM,Mid-Block (not related to intersection),14,"MOTOR VEHICLE STRUCK MOTOR VEHICLE, REAR END",True,False,Raining,Wet,Dusk,,,,13.0,From same direction - both going straight - both moving - rear-end,0,0,False,0
-122.328404975924,47.6045176405505,197383,273884,274724,E765301,Matched,Block,,6TH AVE BETWEEN JAMES ST AND CHERRY ST, ,,1,Property Damage Only Collision,Rear Ended,2,0,0,2,0,0,2018-02-01 00:00:00+00,2/1/2018 12:10:00 PM,Mid-Block (not related to intersection),14,"MOTOR VEHICLE STRUCK MOTOR VEHICLE, REAR END",,False,Raining,Wet,Daylight,,,,14.0,From same direction - both going straight - one stopped - rear-end,0,0,False,0
-122.344996819426,47.7250341828433,197384,273859,274699,3753983,Matched,Block,,AURORA AVE N BETWEEN N 130TH ST AND N 135TH ST, ,,2b,Serious Injury Collision,Pedestrian,3,1,0,1,1,0,2018-03-01 00:00:00+00,3/1/2018 4:52:00 PM,Mid-Block (not related to intersection),24,MOTOR VEHCILE STRUCK PEDESTRIAN,,False,Clear or Partly Cloudy,Dry,Daylight,,,,0.0,Vehicle going straight hits pedestrian,0,0,False,1
-122.306857351046,47.7193614796435,197385,273940,274780,3754285,Matched,Block,,NE 125TH ST BETWEEN 20TH AVE NE AND 22ND W AVE NE, ,,2,Injury Collision,Rear Ended,9,0,0,4,1,0,2018-02-01 00:00:00+00,2/1/2018 8:34:00 PM,Mid-Block (not related to intersection),14,"MOTOR VEHICLE STRUCK MOTOR VEHICLE, REAR END",,False,Raining,Wet,Dark - Street Lights On,,,,14.0,From same direction - both going straight - one stopped - rear-end,0,0,False,0
-122.28842391502,47.5649635314921,197386,273945,274785,3764992,Matched,Block,,RAINIER AVE S BETWEEN S ADAMS ST AND S GENESEE N ST, ,,2,Injury Collision,Rear Ended,3,0,0,3,1,0,2018-02-10 00:00:00+00,2/10/2018 9:50:00 AM,Mid-Block (not related to intersection),14,"MOTOR VEHICLE STRUCK MOTOR VEHICLE, REAR END",True,False,Clear or Partly Cloudy,Dry,Daylight,,,,14.0,From same direction - both going straight - one stopped - rear-end,0,0,False,0
-122.355306346482,47.6915054350614,197387,273858,274698,E765336,Matched,Block,,GREENWOOD AVE N BETWEEN N 85TH ST AND N 87TH ST, ,,2,Injury Collision,Parked Car,3,0,0,2,1,0,2018-02-01 00:00:00+00,2/1/2018 9:20:00 AM,Mid-Block (not related to intersection),11,"MOTOR VEHICLE STRUCK MOTOR VEHICLE, FRONT END AT ANGLE",,False,Clear or Partly Cloudy,Dry,Daylight,,,,20.0,One car leaving parked position,0,0,False,0
-122.330170138012,47.6608237561575,197389,273883,274723,3754179,Matched,Block,,SUNNYSIDE AVE N BETWEEN N 44TH ST AND N 45TH ST, ,,1,Property Damage Only Collision,Parked Car,2,0,0,2,0,0,2018-02-02 00:00:00+00,2/2/2018 2:39:00 PM,Mid-Block (not related to intersection),11,"MOTOR VEHICLE STRUCK MOTOR VEHICLE, FRONT END AT ANGLE",,False,Overcast,Wet,Daylight,,,,32.0,One parked--one moving,0,0,True,0
-122.304400035527,47.6500604452214,197390,273857,274697,3753955,Matched,Block,,MONTLAKE BLVD NE BETWEEN NE PACIFIC ST AND NE PACIFIC PL, ,,1,Property Damage Only Collision,Rear Ended,3,0,0,2,0,0,2018-02-01 00:00:00+00,2/1/2018 11:47:00 PM,Mid-Block (not related to intersection),14,"MOTOR VEHICLE STRUCK MOTOR VEHICLE, REAR END",,False,Raining,Wet,Dark - Street Lights On,,,,14.0,From same direction - both going straight - one stopped - rear-end,0,0,False,0
-122.356653052823,47.7036422638378,197391,273838,274678,E764986,Matched,Block,,N 103RD ST BETWEEN 1ST AVE NW AND GREENWOOD AVE N, ,,1,Property Damage Only Collision,Sideswipe,2,0,0,2,0,0,2018-01-29 00:00:00+00,1/29/2018 2:42:00 PM,Mid-Block (not related to intersection),11,"MOTOR VEHICLE STRUCK MOTOR VEHICLE, FRONT END AT ANGLE",,False,Raining,Wet,Daylight,,,,26.0,From opposite direction - both going straight - sideswipe,0,0,False,0
-122.333060580263,47.6249435942391,197392,273837,274677,3753798,Matched,Block,,MERCER ST OFF RP BETWEEN I5 NB MERCER ST OFF RP AND FAIRVIEW AVE N, ,,1,Property Damage Only Collision,Rear Ended,2,0,0,2,0,0,2018-02-01 00:00:00+00,2/1/2018 10:00:00 PM,Mid-Block (not related to intersection),14,"MOTOR VEHICLE STRUCK MOTOR VEHICLE, REAR END",,False,Raining,Wet,Dark - Street Lights On,,,,13.0,From same direction - both going straight - both moving - rear-end,0,0,False,0
-122.285955654624,47.5287820628978,197393,273943,274783,3764834,Matched,Block,,37TH AVE S BETWEEN S ROSE ST AND S THISTLE ST, ,,1,Property Damage Only Collision,Parked Car,2,0,0,2,0,0,2018-02-09 00:00:00+00,2/9/2018 10:13:00 PM,Mid-Block (not related to intersection),15,"MOTOR VEHICLE STRUCK MOTOR VEHICLE, RIGHT SIDE SIDESWIPE",,False,Overcast,Wet,Dark - Street Lights On,,,,32.0,One parked--one moving,0,0,True,0
-122.335775246138,47.6092211081664,197394,273821,274661,E765275,Matched,Intersection,29590.0,4TH AVE AND UNION ST, ,,1,Property Damage Only Collision,Sideswipe,2,0,0,2,0,0,2018-01-30 00:00:00+00,1/30/2018 9:30:00 AM,At Intersection (intersection related),11,"MOTOR VEHICLE STRUCK MOTOR VEHICLE, FRONT END AT ANGLE",,False,Overcast,Dry,Daylight,,,,71.0,Same direction -- both turning right -- both moving -- sideswipe,0,0,False,0
-122.37754734351,47.668671084399,197395,273938,274778,3754263,Matched,Block,,NW MARKET ST BETWEEN 15TH AVE NW AND 17TH AVE NW, ,,2,Injury Collision,Rear Ended,3,0,0,2,2,0,2018-02-08 00:00:00+00,2/8/2018 5:59:00 PM,Mid-Block (but intersection related),14,"MOTOR VEHICLE STRUCK MOTOR VEHICLE, REAR END",,True,Raining,Wet,Dark - Street Lights On,,,,14.0,From same direction - both going straight - one stopped - rear-end,0,0,False,0
-122.347294317702,47.6471711193713,197396,273820,274660,3746299,Matched,Block,,AURORA BR BETWEEN RAYE ST AND BRIDGE WAY N, ,,2,Injury Collision,Rear Ended,3,0,0,2,1,0,2018-02-02 00:00:00+00,2/2/2018 7:50:00 AM,Mid-Block (not related to intersection),14,"MOTOR VEHICLE STRUCK MOTOR VEHICLE, REAR END",,False,Raining,Wet,Daylight,,,,13.0,From same direction - both going straight - both moving - rear-end,0,0,False,0
-122.327804575635,47.6139302296862,197668,276560,277400,E776068,Matched,Intersection,29877.0,MELROSE AVE AND PIKE ST, ,,1,Property Damage Only Collision,Angles,2,0,0,2,0,0,2018-03-02 00:00:00+00,3/2/2018 9:10:00 AM,At Intersection (intersection related),11,"MOTOR VEHICLE STRUCK MOTOR VEHICLE, FRONT END AT ANGLE",,False,Overcast,Dry,Daylight,,,,10.0,Entering at angle,0,0,False,0
-122.332996522473,47.6225433898853,197397,273882,274722,E765300,Matched,Block,,MINOR AVE N BETWEEN HARRISON ST AND REPUBLICAN ST, ,,1,Property Damage Only Collision,Parked Car,2,0,0,2,0,0,2018-02-01 00:00:00+00,2/1/2018 12:34:00 PM,Mid-Block (not related to intersection),11,"MOTOR VEHICLE STRUCK MOTOR VEHICLE, FRONT END AT ANGLE",,False,Raining,Wet,Daylight,,,,19.0,One car entering parked position,0,0,False,0
-122.352851744544,47.5201026816168,197398,273819,274659,3745601,Matched,Block,,14TH AVE SW BETWEEN SW BARTON ST AND SW CAMBRIDGE ST, ,,1,Property Damage Only Collision,Parked Car,2,0,0,2,0,0,2018-03-01 00:00:00+00,3/1/2018 8:01:00 AM,Mid-Block (not related to intersection),11,"MOTOR VEHICLE STRUCK MOTOR VEHICLE, FRONT END AT ANGLE",,False,Unknown,Unknown,Unknown,,,,32.0,One parked--one moving,0,0,True,0
-122.293896371457,47.5618544294771,197399,273957,274786,3764994,Matched,Block,,M L KING JR ER WAY S BETWEEN S OREGON ST AND S ALASKA ST, ,,1,Property Damage Only Collision,Parked Car,3,0,0,2,0,0,2018-02-10 00:00:00+00,2/10/2018 7:43:00 PM,Mid-Block (not related to intersection),11,"MOTOR VEHICLE STRUCK MOTOR VEHICLE, FRONT END AT ANGLE",,False,Clear or Partly Cloudy,Dry,Dark - Street Lights On,,,,32.0,One parked--one moving,0,0,True,0
-122.344520038081,47.6901979233571,197400,273941,274781,3754286,Matched,Block,,AURORA AVE N BETWEEN N 84TH ST AND N 85TH ST, ,,2,Injury Collision,Rear Ended,3,0,0,3,1,0,2018-02-02 00:00:00+00,2/2/2018 7:56:00 PM,Mid-Block (not related to intersection),14,"MOTOR VEHICLE STRUCK MOTOR VEHICLE, REAR END",,True,Overcast,Dry,Dark - Street Lights On,,,,14.0,From same direction - both going straight - one stopped - rear-end,0,0,False,0
-122.383474708804,47.5610611382906,197402,273817,274657,3745533,Matched,Block,,SW ALASKA ST BETWEEN 40TH AVE SW AND 41ST AVE SW, ,,1,Property Damage Only Collision,Sideswipe,2,0,0,2,0,0,2018-02-28 00:00:00+00,2/28/2018 11:13:00 PM,Mid-Block (not related to intersection),11,"MOTOR VEHICLE STRUCK MOTOR VEHICLE, FRONT END AT ANGLE",,False,Raining,Wet,Dark - Street Lights On,,,,11.0,From same direction - both going straight - both moving - sideswipe,0,0,False,0
-122.335782870341,47.6650352734235,197403,273917,274757,E765600,Matched,Block,,N 50TH ST BETWEEN WALLINGFORD AVE N AND BURKE AVE N, ,,2,Injury Collision,Rear Ended,2,0,0,2,1,0,2018-02-03 00:00:00+00,2/3/2018 2:45:00 PM,Mid-Block (but intersection related),14,"MOTOR VEHICLE STRUCK MOTOR VEHICLE, REAR END",,False,Raining,Wet,Daylight,,,,14.0,From same direction - both going straight - one stopped - rear-end,0,0,False,0
-122.339052151338,47.5191743781422,197404,273798,274638,3745482,Matched,Block,,OLSON PL SW BETWEEN 3RD AVE SW AND SW CAMBRIDGE PL, ,,1,Property Damage Only Collision,Other,1,0,0,1,0,0,2018-03-01 00:00:00+00,3/1/2018 1:11:00 AM,Mid-Block (not related to intersection),28,MOTOR VEHICLE RAN OFF ROAD - HIT FIXED OBJECT,,False,Raining,Wet,Dark - Street Lights On,,,,50.0,Fixed object,0,0,False,0
-122.376222561575,47.6569878221747,197405,273881,274721,3754124,Matched,Block,,BALLARD BR BETWEEN 15TH AVE W AND POINT A, ,,1,Property Damage Only Collision,Rear Ended,2,0,0,2,0,0,2018-02-01 00:00:00+00,2/1/2018 6:35:00 PM,Mid-Block (not related to intersection),14,"MOTOR VEHICLE STRUCK MOTOR VEHICLE, REAR END",,False,Unknown,Unknown,Unknown,,,,13.0,From same direction - both going straight - both moving - rear-end,0,0,False,0
-122.33173015963,47.5715775132611,197406,273797,274637,3745481,Matched,Block,,WEST SEATTLE BR WB BETWEEN I5 NB - W SEATTLE BR RP AND 1ST AV S OFF RP, ,,1,Property Damage Only Collision,Sideswipe,2,0,0,2,0,0,2018-02-28 00:00:00+00,2/28/2018 11:47:00 PM,Mid-Block (not related to intersection),16,"MOTOR VEHICLE STRUCK MOTOR VEHICLE, LEFT SIDE SIDESWIPE",,False,Raining,Wet,Dark - Street Lights On,,,,11.0,From same direction - both going straight - both moving - sideswipe,0,0,False,0