longitude,latitude,objectid,inckey,coldetkey,reportno,status,addrtype,intkey,location,exceptrsncode,exceptrsndesc,severitycode,severitydesc,collisiontype,personcount,pedcount,pedcylcount,vehcount,injuries,fatalities,incdate,incdttm,junctiontype,sdot_colcode,sdot_coldesc,inattentionind,underinfl,weather,roadcond,lightcond,pedrownotgrnt,sdotcolnum,speeding,st_colcode,st_coldesc,seglanekey,crosswalkkey,hitparkedcar,seriousinjuries
-122.349574683228,47.6537497232986,197407,273939,274779,E765722,Matched,Block,,FREMONT WAY N BETWEEN FREMONT LN N AND FREMONT AVE N, ,,1,Property Damage Only Collision,Parked Car,2,0,0,2,0,0,2018-02-04 00:00:00+00,2/4/2018 12:27:00 AM,Mid-Block (not related to intersection),13,"MOTOR VEHICLE STRUCK MOTOR VEHICLE, LEFT SIDE AT ANGLE",,False,Clear or Partly Cloudy,Wet,Dark - Street Lights On,,,,32.0,One parked--one moving,0,0,True,0
-122.268531927108,47.5168422969297,197408,273944,274784,3764986,Matched,Block,,S ROXBURY ST BETWEEN RENTON AVE S AND 52ND AVE S, ,,1,Property Damage Only Collision,Angles,2,0,0,2,0,0,2018-02-04 00:00:00+00,2/4/2018 12:32:00 AM,Driveway Junction,11,"MOTOR VEHICLE STRUCK MOTOR VEHICLE, FRONT END AT ANGLE",,False,Clear or Partly Cloudy,Dry,Dark - Street Lights On,,,,10.0,Entering at angle,0,0,False,0
-122.317638161716,47.6612987365979,197409,273880,274720,E765335,Matched,Intersection,27066.0,ROOSEVELT WAY NE AND NE 45TH ST, ,,2,Injury Collision,Rear Ended,4,0,0,3,1,0,2018-02-02 00:00:00+00,2/2/2018 10:57:00 AM,At Intersection (intersection related),14,"MOTOR VEHICLE STRUCK MOTOR VEHICLE, REAR END",,False,Clear or Partly Cloudy,Dry,Daylight,,,,14.0,From same direction - both going straight - one stopped - rear-end,0,0,False,0
-122.360950320803,47.6550621241491,197410,273885,274725,3754232,Matched,Block,,LEARY WAY NW BETWEEN 3RD AVE NW AND NW BOWDOIN N PL, ,,2,Injury Collision,Angles,2,0,0,2,1,0,2018-01-26 00:00:00+00,1/26/2018 7:22:00 AM,Driveway Junction,11,"MOTOR VEHICLE STRUCK MOTOR VEHICLE, FRONT END AT ANGLE",,False,Overcast,Wet,Daylight,,,,10.0,Entering at angle,0,0,False,0
-122.323564666597,47.7231193377369,197411,275477,276317,3754026,Matched,Intersection,35971.0,ROOSEVELT WAY NE AND NE 130TH N ST, ,,1,Property Damage Only Collision,Left Turn,3,0,0,2,0,0,2018-03-03 00:00:00+00,3/3/2018 1:18:00 AM,At Intersection (intersection related),11,"MOTOR VEHICLE STRUCK MOTOR VEHICLE, FRONT END AT ANGLE",True,True,Clear or Partly Cloudy,Dry,Dark - Street Lights On,,,,15.0,From same direction - one left turn - one straight,0,0,False,0
-122.2847068578,47.5370345689678,197412,275018,275858,E774904,Matched,Intersection,34561.0,38TH AVE S AND S OTHELLO ST, ,,2,Injury Collision,Rear Ended,3,0,0,3,1,0,2018-03-01 00:00:00+00,3/1/2018 4:10:00 PM,At Intersection (intersection related),14,"MOTOR VEHICLE STRUCK MOTOR VEHICLE, REAR END",,False,Clear or Partly Cloudy,Dry,Daylight,,,,14.0,From same direction - both going straight - one stopped - rear-end,0,0,False,0
-122.306356952564,47.5992547054432,197415,275480,276320,3818507,Matched,Intersection,30754.0,20TH AVE S AND S JACKSON ST, ,,2,Injury Collision,Left Turn,2,0,0,2,1,0,2018-03-03 00:00:00+00,3/3/2018 10:11:00 PM,At Intersection (intersection related),11,"MOTOR VEHICLE STRUCK MOTOR VEHICLE, FRONT END AT ANGLE",,False,Clear or Partly Cloudy,Dry,Dark - Street Lights On,,,,28.0,From opposite direction - one left turn - one straight,0,0,False,0
-122.292146832354,47.6252697195959,197416,274638,275498,E774426,Matched,Block,,LAKE WASHINGTON BLVD E BETWEEN 32ND AVE E AND E MADISON ST, ,,1,Property Damage Only Collision,Head On,5,0,0,2,0,0,2018-02-28 00:00:00+00,2/28/2018 7:59:00 AM,Mid-Block (not related to intersection),11,"MOTOR VEHICLE STRUCK MOTOR VEHICLE, FRONT END AT ANGLE",True,False,Overcast,Wet,Daylight,,,,24.0,From opposite direction - both moving - head-on,0,0,False,0
-122.289499326319,47.5544062341334,197417,275437,276277,E774861,Matched,Block,,M L KING JR ER WAY S BETWEEN 35TH AVE S AND S BENNETT ST, ,,1,Property Damage Only Collision,Sideswipe,2,0,0,2,0,0,2018-02-11 00:00:00+00,2/11/2018 4:20:00 PM,Mid-Block (not related to intersection),16,"MOTOR VEHICLE STRUCK MOTOR VEHICLE, LEFT SIDE SIDESWIPE",,False,Clear or Partly Cloudy,Dry,Daylight,,,,11.0,From same direction - both going straight - both moving - sideswipe,0,0,False,0
-122.288407631702,47.5141259444167,197418,274997,275837,3754707,Matched,Block,,AIRPORT WAY S BETWEEN CITY LIMITS C AND S NORFOLK ST, ,,2b,Serious Injury Collision,Pedestrian,2,0,1,1,2,0,2018-03-10 00:00:00+00,3/10/2018 4:46:00 PM,Mid-Block (not related to intersection),54,PEDALCYCLIST STRUCK MOTOR VEHICLE REAR END,,True,Clear or Partly Cloudy,Dry,Daylight,,,,5.0,Vehicle Strikes Pedalcyclist,0,0,False,2
-122.346085214613,47.5392476512443,197420,274645,275505,E774521,Matched,Block,,HIGHLAND PARK WAY SW BETWEEN WEST MARGINAL WAY SW AND SW OTHELLO ST, ,,1,Property Damage Only Collision,Sideswipe,2,0,0,2,0,0,2018-02-27 00:00:00+00,2/27/2018 9:27:00 AM,Mid-Block (not related to intersection),11,"MOTOR VEHICLE STRUCK MOTOR VEHICLE, FRONT END AT ANGLE",,False,Clear or Partly Cloudy,Dry,Daylight,,,,71.0,Same direction -- both turning right -- both moving -- sideswipe,0,0,False,0
-122.360970694412,47.5714589434273,197421,274501,275341,E765298,Matched,Block,,WEST SEATTLE BR EB BETWEEN DELRIDGE-W SEATTLE BR EB ON RP AND 26TH AV SW ON RP, ,,2,Injury Collision,Sideswipe,8,0,0,3,1,0,2018-01-31 00:00:00+00,1/31/2018 3:18:00 PM,Mid-Block (not related to intersection),11,"MOTOR VEHICLE STRUCK MOTOR VEHICLE, FRONT END AT ANGLE",,False,Clear or Partly Cloudy,Dry,Daylight,,,,11.0,From same direction - both going straight - both moving - sideswipe,0,0,False,0
-122.328906017513,47.724073742599,197422,274499,275339,E774222,Matched,Block,,1ST AVE NE BETWEEN NE 130TH ST AND NE 133RD ST, ,,2,Injury Collision,Rear Ended,2,0,0,2,1,0,2018-02-27 00:00:00+00,2/27/2018 5:45:00 PM,Mid-Block (not related to intersection),14,"MOTOR VEHICLE STRUCK MOTOR VEHICLE, REAR END",,False,Clear or Partly Cloudy,Dry,Dusk,,,,13.0,From same direction - both going straight - both moving - rear-end,0,0,False,0
-122.291971935877,47.570391608058,197423,274477,275317,E773939,Matched,Block,,RAINIER AVE S BETWEEN S COURT ST AND 33RD AVE S, ,,2,Injury Collision,Sideswipe,2,0,0,2,1,0,2018-02-27 00:00:00+00,2/27/2018 4:54:00 PM,Mid-Block (not related to intersection),11,"MOTOR VEHICLE STRUCK MOTOR VEHICLE, FRONT END AT ANGLE",,False,Raining,Wet,Daylight,,,,11.0,From same direction - both going straight - both moving - sideswipe,0,0,False,0
-122.334192860498,47.725775254804,197425,275098,275938,E774914,Matched,Intersection,35954.0,MERIDIAN AVE N AND N 134TH ST, ,,1,Property Damage Only Collision,Angles,2,0,0,2,0,0,2018-03-01 00:00:00+00,3/1/2018 3:45:00 PM,At Intersection (intersection related),14,"MOTOR VEHICLE STRUCK MOTOR VEHICLE, REAR END",,False,Clear or Partly Cloudy,Dry,Daylight,,,,10.0,Entering at angle,0,0,False,0
-122.352763052414,47.7050755549071,197426,275478,276318,3754027,Matched,Intersection,36421.0,DAYTON AVE N AND N 105TH ST, ,,1,Property Damage Only Collision,Angles,3,0,0,2,0,0,2018-03-03 00:00:00+00,3/3/2018 5:30:00 PM,At Intersection (intersection related),11,"MOTOR VEHICLE STRUCK MOTOR VEHICLE, FRONT END AT ANGLE",,False,Clear or Partly Cloudy,Dry,Dusk,,,,10.0,Entering at angle,0,0,False,0
-122.334206439738,47.5678488032113,197427,275019,275859,E774907,Matched,Block,,1ST AVE S BETWEEN S ANDOVER ST AND S DAKOTA ST, ,,1,Property Damage Only Collision,Angles,2,0,0,2,0,0,2018-02-15 00:00:00+00,2/15/2018 3:51:00 PM,Mid-Block (not related to intersection),11,"MOTOR VEHICLE STRUCK MOTOR VEHICLE, FRONT END AT ANGLE",,False,Clear or Partly Cloudy,Dry,Daylight,,,,10.0,Entering at angle,0,0,False,0
-122.323500578165,47.5861011684861,197430,275497,276337,3818609,Matched,Intersection,31242.0,S HOLGATE BR AND S HOLGATE ST, ,,2b,Serious Injury Collision,Other,3,0,0,2,2,0,2018-03-03 00:00:00+00,3/3/2018 11:16:00 AM,At Intersection (intersection related),11,"MOTOR VEHICLE STRUCK MOTOR VEHICLE, FRONT END AT ANGLE",,False,Clear or Partly Cloudy,Dry,Daylight,,,,23.0,From same direction - all others,0,0,False,1
-122.355308164106,47.6807404851736,197431,274417,275257,E773705,Matched,Intersection,24334.0,GREENWOOD AVE N AND N 72ND S ST, ,,1,Property Damage Only Collision,Angles,2,0,0,2,0,0,2018-02-16 00:00:00+00,2/16/2018 11:00:00 AM,At Intersection (intersection related),11,"MOTOR VEHICLE STRUCK MOTOR VEHICLE, FRONT END AT ANGLE",,False,Clear or Partly Cloudy,Dry,Daylight,,,,10.0,Entering at angle,0,0,False,0
-122.350465546695,47.6133669632782,197432,275457,276297,3746717,Matched,Intersection,29697.0,ELLIOTT AVE AND WALL ST, ,,1,Property Damage Only Collision,Angles,2,0,0,2,0,0,2018-03-08 00:00:00+00,3/8/2018 12:25:00 PM,At Intersection (intersection related),11,"MOTOR VEHICLE STRUCK MOTOR VEHICLE, FRONT END AT ANGLE",,False,Raining,Wet,Daylight,,,,10.0,Entering at angle,0,0,False,0
-122.32997866372,47.5829353803172,197434,275057,275897,E774911,Matched,Block,,3RD AVE S BETWEEN S WALKER ST AND S STACY ST, ,,1,Property Damage Only Collision,Angles,2,0,0,2,0,0,2018-03-02 00:00:00+00,3/2/2018 12:18:00 PM,Mid-Block (not related to intersection),11,"MOTOR VEHICLE STRUCK MOTOR VEHICLE, FRONT END AT ANGLE",,False,Overcast,Dry,Daylight,,,,10.0,Entering at angle,0,0,False,0
-122.339691541211,47.5727049977124,197454,275957,276797,E774910,Matched,Block,,EAST MARGINAL WAY S BETWEEN S HINDS ST AND S SPOKANE NR ST, ,,2,Injury Collision,Pedestrian,2,0,1,1,1,0,2018-02-27 00:00:00+00,2/27/2018 3:34:00 PM,Driveway Junction,18,"MOTOR VEHICLE STRUCK PEDALCYCLIST, FRONT END AT ANGLE",,False,Raining,Wet,Daylight,,,,5.0,Vehicle Strikes Pedalcyclist,0,0,False,0
-122.312643217741,47.6220161050401,197435,274397,275237,E772814,Matched,Block,,15TH AVE E BETWEEN E HARRISON S ST AND E HARRISON N ST,NEI,"Not Enough Information, or Insufficient Location Information",1,Property Damage Only Collision,Parked Car,2,0,0,2,0,0,2018-01-25 00:00:00+00,1/25/2018 10:00:00 PM,Mid-Block (not related to intersection),12,"MOTOR VEHICLE STRUCK MOTOR VEHICLE, RIGHT SIDE AT ANGLE",,False,Clear or Partly Cloudy,Wet,Dark - Street Lights On,,,,32.0,One parked--one moving,0,0,True,0
-122.351475842922,47.6151373768596,197437,274377,275217,E772609,Matched,Intersection,29683.0,CEDAR ST AND WESTERN AVE, ,,1,Property Damage Only Collision,Left Turn,2,0,0,2,0,0,2018-01-18 00:00:00+00,1/18/2018 4:58:00 AM,At Intersection (intersection related),11,"MOTOR VEHICLE STRUCK MOTOR VEHICLE, FRONT END AT ANGLE",,False,Raining,Wet,Dark - Street Lights On,,,,15.0,From same direction - one left turn - one straight,0,0,False,0
-122.290233639257,47.6721475301972,197438,275479,276319,3754271,Matched,Intersection,26193.0,35TH AVE NE AND NE 60TH ST, ,,2,Injury Collision,Angles,3,0,0,2,2,0,2018-03-03 00:00:00+00,3/3/2018 10:06:00 PM,At Intersection (intersection related),11,"MOTOR VEHICLE STRUCK MOTOR VEHICLE, FRONT END AT ANGLE",,False,Clear or Partly Cloudy,Dry,Dark - Street Lights On,,,,10.0,Entering at angle,0,0,False,0
-122.296714626441,47.575323620797,197442,275037,275877,E774908,Matched,Block,,M L KING JR ER WAY S BETWEEN M L KING JR WAY S AND S HANFORD N ST, ,,1,Property Damage Only Collision,Parked Car,3,0,0,2,0,0,2018-02-19 00:00:00+00,2/19/2018 3:56:00 PM,Mid-Block (not related to intersection),11,"MOTOR VEHICLE STRUCK MOTOR VEHICLE, FRONT END AT ANGLE",,False,Clear or Partly Cloudy,Dry,Daylight,,,,20.0,One car leaving parked position,0,0,False,0
-122.337544269659,47.6061217584634,197443,274644,275504,E774520,Matched,Intersection,29611.0,1ST AVE AND SENECA ST, ,,1,Property Damage Only Collision,Angles,2,0,0,2,0,0,2018-03-01 00:00:00+00,3/1/2018 7:15:00 AM,At Intersection (intersection related),11,"MOTOR VEHICLE STRUCK MOTOR VEHICLE, FRONT END AT ANGLE",,False,Clear or Partly Cloudy,Dry,Daylight,,,,10.0,Entering at angle,0,0,False,0
-122.334313299717,47.6084595415436,197444,273977,274797,3811933,Matched,Block,,UNIVERSITY ST BETWEEN 4TH AVE AND 5TH AVE, ,,2,Injury Collision,Rear Ended,3,1,0,2,1,0,2018-01-29 00:00:00+00,1/29/2018 6:10:00 PM,Mid-Block (not related to intersection),14,"MOTOR VEHICLE STRUCK MOTOR VEHICLE, REAR END",True,False,Raining,Wet,Dark - Street Lights On,,,,14.0,From same direction - both going straight - one stopped - rear-end,0,522375,False,0
-122.341359286991,47.7068909371058,197445,273958,274787,3767600,Matched,Block,,N 107TH ST BETWEEN STONE AVE N AND INTERLAKE AVE N, ,,1,Property Damage Only Collision,Other,1,0,0,1,0,0,2018-02-01 00:00:00+00,2/1/2018 8:21:00 PM,Mid-Block (not related to intersection),27,MOTOR VEHICLE RAN OFF ROAD - NO COLLISION,,False,Raining,Wet,Dark - Street Lights On,,,,50.0,Fixed object,0,0,False,0
-122.32790375541,47.6152384202663,197449,274518,275358,E774277,Matched,Intersection,29863.0,MELROSE AVE AND PINE ST, ,,1,Property Damage Only Collision,Left Turn,2,0,0,2,0,0,2018-02-10 00:00:00+00,2/10/2018 8:00:00 PM,At Intersection (intersection related),11,"MOTOR VEHICLE STRUCK MOTOR VEHICLE, FRONT END AT ANGLE",,False,Clear or Partly Cloudy,Dry,Dark - Street Lights On,,,,29.0,From opposite direction - one left turn - one right turn,0,0,False,0
-122.300986504356,47.7094360386755,197450,276197,277037,E775813,Matched,Block,,LAKE CITY WAY NE BETWEEN NE 110TH ST AND NE NORTHGATE WAY, ,,2,Injury Collision,Rear Ended,2,0,0,2,1,0,2018-03-05 00:00:00+00,3/5/2018 12:42:00 PM,Mid-Block (not related to intersection),14,"MOTOR VEHICLE STRUCK MOTOR VEHICLE, REAR END",,False,Overcast,Dry,Daylight,,,,14.0,From same direction - both going straight - one stopped - rear-end,0,0,False,0
-122.284837647984,47.5574458470403,197451,274019,274859,3818564,Matched,Block,,RAINIER AVE S BETWEEN S FERDINAND ST AND S HUDSON ST, ,,2,Injury Collision,Rear Ended,2,0,0,2,1,0,2018-01-23 00:00:00+00,1/23/2018 6:59:00 AM,Mid-Block (not related to intersection),14,"MOTOR VEHICLE STRUCK MOTOR VEHICLE, REAR END",True,False,Raining,Wet,Dark - Street Lights On,,,,14.0,From same direction - both going straight - one stopped - rear-end,0,0,False,0
-122.301612538307,47.7031233202772,197452,276177,277017,E775812,Matched,Block,,LAKE CITY WAY NE BETWEEN FISCHER PL NE AND NE 104TH WAY, ,,1,Property Damage Only Collision,Parked Car,2,0,0,2,0,0,2018-03-04 00:00:00+00,3/4/2018 4:12:00 PM,Mid-Block (not related to intersection),11,"MOTOR VEHICLE STRUCK MOTOR VEHICLE, FRONT END AT ANGLE",,False,Overcast,Wet,Daylight,,,,20.0,One car leaving parked position,0,0,False,0
-122.334606757524,47.6029107826071,197453,273998,274818,3811937,Matched,Block,,1ST AVE BETWEEN CHERRY ST AND COLUMBIA ST, ,,1,Property Damage Only Collision,Rear Ended,2,0,0,2,0,0,2018-02-01 00:00:00+00,2/1/2018 3:05:00 AM,Mid-Block (not related to intersection),14,"MOTOR VEHICLE STRUCK MOTOR VEHICLE, REAR END",,True,Overcast,Dry,Dark - Street Lights On,,,,14.0,From same direction - both going straight - one stopped - rear-end,0,0,False,0
-122.312148791442,47.6553401596866,197455,274502,275342,E774223,Matched,Intersection,27107.0,15TH AVE NE AND NE 40TH ST, ,,1,Property Damage Only Collision,Left Turn,2,0,0,2,0,0,2018-02-26 00:00:00+00,2/26/2018 1:45:00 PM,At Intersection (intersection related),14,"MOTOR VEHICLE STRUCK MOTOR VEHICLE, REAR END",,False,Clear or Partly Cloudy,Dry,Daylight,,,,15.0,From same direction - one left turn - one straight,0,0,False,0
-122.328957052116,47.5518716774801,197456,276318,277158,3818411,Matched,Block,,S ORCAS ST BETWEEN 4TH AVE S AND 5TH AVE S, ,,1,Property Damage Only Collision,Sideswipe,2,0,0,2,0,0,2018-03-13 00:00:00+00,3/13/2018 1:24:00 PM,Mid-Block (not related to intersection),11,"MOTOR VEHICLE STRUCK MOTOR VEHICLE, FRONT END AT ANGLE",,False,Raining,Wet,Daylight,,,,12.0,From same direction - both going straight - one stopped - sideswipe,0,0,False,0
-122.301593755943,47.5505359735273,197457,274017,274857,3818305,Matched,Block,,BEACON ER AVE S BETWEEN S ORCAS ST AND S JUNEAU ST, ,,1,Property Damage Only Collision,Rear Ended,2,0,0,2,0,0,2018-02-27 00:00:00+00,2/27/2018 8:50:00 AM,Mid-Block (not related to intersection),14,"MOTOR VEHICLE STRUCK MOTOR VEHICLE, REAR END",True,False,Overcast,Dry,Daylight,,,,14.0,From same direction - both going straight - one stopped - rear-end,0,0,False,0
-122.329645382506,47.602519938121,197458,273997,274817,E775239,Matched,Intersection,30484.0,4TH AVE AND JEFFERSON ST, ,,1,Property Damage Only Collision,Other,2,0,0,1,0,0,2018-03-02 00:00:00+00,3/2/2018 6:27:00 PM,At Intersection (intersection related),26,MOTOR VEHICLE STRUCK OBJECT IN ROAD,,False,Clear or Partly Cloudy,Dry,Dark - Street Lights On,,,True,50.0,Fixed object,0,0,False,0
-122.332380028182,47.5541559521904,197459,275937,276777,3696113,Matched,Intersection,33153.0,2ND AVE S AND S BRANDON ST, ,,1,Property Damage Only Collision,Angles,2,0,0,2,0,0,2018-03-13 00:00:00+00,3/13/2018 4:37:00 PM,At Intersection (intersection related),11,"MOTOR VEHICLE STRUCK MOTOR VEHICLE, FRONT END AT ANGLE",,False,Raining,Dry,Daylight,,,,10.0,Entering at angle,0,0,False,0
-122.378883990383,47.6690570904397,197460,275917,276757,3694694,Matched,Block,,17TH AVE NW BETWEEN NW MARKET ST AND NW 56TH ST, ,,1,Property Damage Only Collision,Sideswipe,2,0,0,2,0,0,2018-03-13 00:00:00+00,3/13/2018 1:43:00 PM,Mid-Block (not related to intersection),11,"MOTOR VEHICLE STRUCK MOTOR VEHICLE, FRONT END AT ANGLE",,False,Overcast,Dry,Daylight,,,,12.0,From same direction - both going straight - one stopped - sideswipe,0,0,False,0
-122.303714424456,47.6095208863501,197461,275897,276737,E775421,Matched,Block,,22ND AVE BETWEEN E COLUMBIA ST AND E MARION ST, ,,1,Property Damage Only Collision,Parked Car,2,0,0,2,0,0,2018-02-23 00:00:00+00,2/23/2018 10:37:00 PM,Mid-Block (not related to intersection),14,"MOTOR VEHICLE STRUCK MOTOR VEHICLE, REAR END",,False,Unknown,Unknown,Dark - Street Lights On,,,,32.0,One parked--one moving,0,0,False,0
-122.356689555119,47.6271923859677,197462,274537,275397,E770495,Matched,Intersection,28605.0,ALOHA ST AND QUEEN ANNE AVE N, ,,1,Property Damage Only Collision,Parked Car,2,0,0,2,0,0,2018-01-05 00:00:00+00,1/5/2018 6:59:00 PM,At Intersection (intersection related),16,"MOTOR VEHICLE STRUCK MOTOR VEHICLE, LEFT SIDE SIDESWIPE",,False,Clear or Partly Cloudy,Wet,Dark - Street Lights On,,,,32.0,One parked--one moving,0,0,False,0
-122.311937088016,47.6761439109013,197463,275878,276718,E775399,Matched,Block,,15TH AVE NE BETWEEN NE 65TH ST AND NE 66TH ST, ,,2,Injury Collision,Rear Ended,4,0,0,2,2,0,2018-03-02 00:00:00+00,3/2/2018 5:26:00 PM,Mid-Block (not related to intersection),14,"MOTOR VEHICLE STRUCK MOTOR VEHICLE, REAR END",True,False,Clear or Partly Cloudy,Dry,Daylight,,,,14.0,From same direction - both going straight - one stopped - rear-end,0,0,False,0
-122.322664739511,47.5676365019894,197464,274037,274877,3818656,Matched,Block,,AIRPORT WAY S BETWEEN S ANDOVER ST AND S DAKOTA ST, ,,2,Injury Collision,Pedestrian,3,1,0,1,1,0,2018-02-01 00:00:00+00,2/1/2018 2:00:00 PM,Mid-Block (not related to intersection),24,MOTOR VEHCILE STRUCK PEDESTRIAN,,False,Raining,Wet,Daylight,,,,0.0,Vehicle going straight hits pedestrian,0,0,True,0
-122.355523456781,47.7159729786816,197465,275877,276717,E775398,Matched,Intersection,36371.0,GREENWOOD AVE N AND N 120TH ST, ,,2,Injury Collision,Rear Ended,2,0,0,2,1,0,2018-02-28 00:00:00+00,2/28/2018 3:05:00 PM,At Intersection (intersection related),14,"MOTOR VEHICLE STRUCK MOTOR VEHICLE, REAR END",,False,Raining,Wet,Daylight,,,,14.0,From same direction - both going straight - one stopped - rear-end,0,0,False,0
-122.32244834018,47.5983475636929,197466,276357,277197,E775258,Matched,Intersection,30432.0,8TH AVE S AND S KING ST, ,,1,Property Damage Only Collision,Angles,2,0,0,2,0,0,2018-02-28 00:00:00+00,2/28/2018 4:46:00 PM,At Intersection (intersection related),11,"MOTOR VEHICLE STRUCK MOTOR VEHICLE, FRONT END AT ANGLE",,False,Raining,Wet,Dark - Street Lights On,,,,10.0,Entering at angle,0,0,False,0
-122.301318151965,47.7002563647503,197468,274517,275357,E774224,Matched,Intersection,37625.0,RAVENNA AVE NE AND NE 98TH ST, ,,2,Injury Collision,Angles,2,0,0,2,1,0,2018-02-25 00:00:00+00,2/25/2018 6:36:00 PM,At Intersection (intersection related),11,"MOTOR VEHICLE STRUCK MOTOR VEHICLE, FRONT END AT ANGLE",,False,Clear or Partly Cloudy,Wet,Dark - Street Lights On,,,,10.0,Entering at angle,0,0,False,0
-122.368733144992,47.6734446944661,197469,275837,276677,E775397,Matched,Block,,9TH AVE NW BETWEEN NW 61ST ST AND NW 62ND ST, ,,1,Property Damage Only Collision,Parked Car,2,0,0,2,0,0,2018-03-02 00:00:00+00,3/2/2018 1:54:00 PM,Mid-Block (not related to intersection),14,"MOTOR VEHICLE STRUCK MOTOR VEHICLE, REAR END",True,False,Clear or Partly Cloudy,Dry,Daylight,,,,32.0,One parked--one moving,0,0,False,0
-122.297522145234,47.5775258471657,197470,276319,277159,E774862,Matched,Intersection,31488.0,RAINIER AVE S AND S FOREST ST, ,,1,Property Damage Only Collision,Angles,4,0,0,2,0,0,2018-02-17 00:00:00+00,2/17/2018 5:59:00 PM,At Intersection (intersection related),11,"MOTOR VEHICLE STRUCK MOTOR VEHICLE, FRONT END AT ANGLE",,False,Clear or Partly Cloudy,Dry,Dark - Street Lights On,,,,10.0,Entering at angle,0,0,False,0
-122.360755899756,47.7040303019533,197510,274578,275438,3578837,Matched,Block,,3RD AVE NW BETWEEN NW 103RD N ST AND NW 104TH ST, ,,1,Property Damage Only Collision,Other,1,0,0,1,0,0,2018-03-08 00:00:00+00,3/8/2018 7:20:00 PM,Mid-Block (not related to intersection),26,MOTOR VEHICLE STRUCK OBJECT IN ROAD,,True,Overcast,Wet,Dark - Street Lights On,,,,50.0,Fixed object,0,0,False,0
-122.282430535667,47.5397855275892,197471,274018,274858,3818471,Matched,Block,,M L KING JR ER WAY S BETWEEN S WILLOW ST AND S MYRTLE ST, ,,1,Property Damage Only Collision,Sideswipe,4,0,0,2,0,0,2018-01-03 00:00:00+00,1/3/2018 8:50:00 AM,Mid-Block (not related to intersection),11,"MOTOR VEHICLE STRUCK MOTOR VEHICLE, FRONT END AT ANGLE",,False,Clear or Partly Cloudy,Dry,Daylight,,,,11.0,From same direction - both going straight - both moving - sideswipe,0,0,False,0
-122.317581571442,47.688373332315,197472,275817,276657,E775157,Matched,Block,,ROOSEVELT WAY NE BETWEEN NE 82ND S ST AND NE 82ND N ST, ,,1,Property Damage Only Collision,Other,1,0,0,1,0,0,2018-03-02 00:00:00+00,3/2/2018 6:45:00 AM,Mid-Block (but intersection related),28,MOTOR VEHICLE RAN OFF ROAD - HIT FIXED OBJECT,,False,Overcast,Dry,Daylight,,,,50.0,Fixed object,0,0,False,0
-122.3250357313,47.5465470302064,197473,276337,277177,E775257,Matched,Intersection,34216.0,7TH AVE S AND S MICHIGAN ST, ,,2,Injury Collision,Pedestrian,2,0,1,1,1,0,2018-02-14 00:00:00+00,2/14/2018 9:15:00 PM,At Intersection (intersection related),18,"MOTOR VEHICLE STRUCK PEDALCYCLIST, FRONT END AT ANGLE",,False,Raining,Wet,Dark - Street Lights On,,,,5.0,Vehicle Strikes Pedalcyclist,0,0,False,0
-122.334217122504,47.551105370993,197474,275498,276338,3818674,Matched,Intersection,33042.0,1ST AVE S AND S MEAD ST, ,,2,Injury Collision,Angles,3,0,0,2,1,0,2018-03-09 00:00:00+00,3/9/2018 8:08:00 AM,At Intersection (intersection related),11,"MOTOR VEHICLE STRUCK MOTOR VEHICLE, FRONT END AT ANGLE",,False,Clear or Partly Cloudy,Dry,Daylight,,,,10.0,Entering at angle,0,0,False,0
-122.351133937705,47.5709417837772,197475,274057,274897,3818660,Matched,Block,,WEST SEATTLE BR EB BETWEEN ALASKAN WY VI NB ON RP AND DELRIDGE-W SEATTLE BR EB ON RP, ,,1,Property Damage Only Collision,Other,1,0,0,1,0,0,2018-02-02 00:00:00+00,2/2/2018 12:51:00 AM,Mid-Block (not related to intersection),26,MOTOR VEHICLE STRUCK OBJECT IN ROAD,,False,Overcast,Wet,Dark - Street Lights On,,,,50.0,Fixed object,0,0,False,0
-122.303258042782,47.5850209399776,197476,276317,277157,E776336,Matched,Block,,RAINIER AVE S BETWEEN S PLUM ST AND 23RD AVE S, ,,2,Injury Collision,Left Turn,2,0,0,2,2,0,2018-03-06 00:00:00+00,3/6/2018 1:48:00 PM,Mid-Block (not related to intersection),11,"MOTOR VEHICLE STRUCK MOTOR VEHICLE, FRONT END AT ANGLE",,False,Clear or Partly Cloudy,Dry,Daylight,,,,28.0,From opposite direction - one left turn - one straight,0,0,False,0
-122.330059305162,47.6163931138822,197477,273999,274819,3811941,Matched,Block,,MINOR AVE BETWEEN OLIVE WAY AND HOWELL ST, ,,1,Property Damage Only Collision,Angles,2,0,0,2,0,0,2018-02-02 00:00:00+00,2/2/2018 6:38:00 PM,Driveway Junction,11,"MOTOR VEHICLE STRUCK MOTOR VEHICLE, FRONT END AT ANGLE",True,False,Clear or Partly Cloudy,Dry,Dark - Street Lights On,,,,10.0,Entering at angle,0,0,False,0
-122.358957076799,47.5717175284517,197478,275977,276817,E775130,Matched,Block,,W SEATTLE BR WB OFF RP BETWEEN WEST SEATTLE BR WB AND W SEATTLE BR WB-CHELAN OFF RP, ,,2,Injury Collision,Rear Ended,5,0,0,2,2,0,2018-02-25 00:00:00+00,2/25/2018 12:04:00 AM,Mid-Block (not related to intersection),14,"MOTOR VEHICLE STRUCK MOTOR VEHICLE, REAR END",,False,Raining,Wet,Dark - Street Lights On,,,,13.0,From same direction - both going straight - both moving - rear-end,0,0,False,0