longitude,latitude,objectid,inckey,coldetkey,reportno,status,addrtype,intkey,location,exceptrsncode,exceptrsndesc,severitycode,severitydesc,collisiontype,personcount,pedcount,pedcylcount,vehcount,injuries,fatalities,incdate,incdttm,junctiontype,sdot_colcode,sdot_coldesc,inattentionind,underinfl,weather,roadcond,lightcond,pedrownotgrnt,sdotcolnum,speeding,st_colcode,st_coldesc,seglanekey,crosswalkkey,hitparkedcar,seriousinjuries
-122.345213271396,47.6126064570125,197479,275277,276117,3584964,Matched,Intersection,29703.0,1ST AVE AND BLANCHARD ST, ,,2,Injury Collision,Head On,3,0,0,3,1,0,2018-03-09 00:00:00+00,3/9/2018 6:48:00 PM,At Intersection (intersection related),11,"MOTOR VEHICLE STRUCK MOTOR VEHICLE, FRONT END AT ANGLE",,False,Clear or Partly Cloudy,Dry,Daylight,,,True,24.0,From opposite direction - both moving - head-on,0,0,False,0
-122.269985986326,47.5336613857727,197481,276358,277198,E775259,Matched,Intersection,34492.0,RAINIER AVE S AND S HOLDEN ST, ,,2,Injury Collision,Angles,2,0,0,2,2,0,2018-02-24 00:00:00+00,2/24/2018 9:44:00 PM,At Intersection (intersection related),11,"MOTOR VEHICLE STRUCK MOTOR VEHICLE, FRONT END AT ANGLE",,False,Clear or Partly Cloudy,Dry,Dark - Street Lights On,,,,10.0,Entering at angle,0,0,False,0
-122.320060164284,47.6787677121233,197482,276437,277277,E775267,Matched,Intersection,24476.0,8TH AVE NE AND NE 69TH ST, ,,1,Property Damage Only Collision,Other,2,0,0,1,0,0,2018-03-02 00:00:00+00,3/2/2018 11:00:00 AM,At Intersection (intersection related),28,MOTOR VEHICLE RAN OFF ROAD - HIT FIXED OBJECT,,False,Clear or Partly Cloudy,Dry,Daylight,,,,50.0,Fixed object,0,0,False,0
-122.288864357342,47.5531003511478,197483,274717,275577,E774608,Matched,Block,,M L KING JR ER WAY S BETWEEN S BRANDON ST AND S LUCILE ST, ,,1,Property Damage Only Collision,Parked Car,2,0,0,2,0,0,2018-02-28 00:00:00+00,2/28/2018 10:59:00 AM,Mid-Block (not related to intersection),11,"MOTOR VEHICLE STRUCK MOTOR VEHICLE, FRONT END AT ANGLE",True,False,Clear or Partly Cloudy,Dry,Daylight,,,,32.0,One parked--one moving,0,0,False,0
-122.30603268346,47.58841158009,197486,275577,276417,E774859,Matched,Block,,S MASSACHUSETTS ST BETWEEN 20TH AVE S AND RAINIER AVE S, ,,1,Property Damage Only Collision,Angles,2,0,0,2,0,0,2018-02-12 00:00:00+00,2/12/2018 3:43:00 PM,Mid-Block (but intersection related),11,"MOTOR VEHICLE STRUCK MOTOR VEHICLE, FRONT END AT ANGLE",,False,Clear or Partly Cloudy,Dry,Daylight,,,,10.0,Entering at angle,0,0,False,0
-122.306729789972,47.6848594553935,197654,274626,275486,E774402,Matched,Intersection,24745.0,20TH AVE NE AND NE 77TH ST, ,,2,Injury Collision,Angles,3,0,0,2,2,0,2018-02-27 00:00:00+00,2/27/2018 8:17:00 AM,At Intersection (intersection related),14,"MOTOR VEHICLE STRUCK MOTOR VEHICLE, REAR END",,False,Overcast,Dry,Daylight,,,,10.0,Entering at angle,0,0,False,0
-122.347813195275,47.6141440953403,197487,275257,276097,3583877,Matched,Intersection,29700.0,1ST AVE AND BATTERY ST, ,,1,Property Damage Only Collision,Left Turn,3,0,0,2,0,0,2018-03-08 00:00:00+00,3/8/2018 1:19:00 PM,At Intersection (intersection related),11,"MOTOR VEHICLE STRUCK MOTOR VEHICLE, FRONT END AT ANGLE",True,False,Raining,Wet,Daylight,,,,28.0,From opposite direction - one left turn - one straight,0,0,False,0
-122.264082430503,47.5445395137419,197488,275502,276342,E774854,Matched,Intersection,34637.0,SEWARD PARK AVE S AND WILSON AVE S, ,,2,Injury Collision,Pedestrian,2,0,1,1,1,0,2018-02-11 00:00:00+00,2/11/2018 1:38:00 PM,At Intersection (intersection related),18,"MOTOR VEHICLE STRUCK PEDALCYCLIST, FRONT END AT ANGLE",True,False,Clear or Partly Cloudy,Dry,Daylight,,,,5.0,Vehicle Strikes Pedalcyclist,0,0,False,0
-122.280603330023,47.532349980169,197491,274677,275537,E774600,Matched,Block,,M L KING JR ER WAY S BETWEEN S CHICAGO ST AND S BOZEMAN ST, ,,1,Property Damage Only Collision,Parked Car,2,0,0,2,0,0,2018-02-25 00:00:00+00,2/25/2018 10:00:00 PM,Mid-Block (not related to intersection),11,"MOTOR VEHICLE STRUCK MOTOR VEHICLE, FRONT END AT ANGLE",,False,Unknown,Unknown,Unknown,,,,32.0,One parked--one moving,0,0,False,0
-122.386769609277,47.5683895772417,197492,274738,275598,E774536,Matched,Intersection,31883.0,CALIFORNIA AVE SW AND SW ANDOVER ST, ,,1,Property Damage Only Collision,Left Turn,2,0,0,2,0,0,2018-02-28 00:00:00+00,2/28/2018 3:38:00 PM,At Intersection (intersection related),11,"MOTOR VEHICLE STRUCK MOTOR VEHICLE, FRONT END AT ANGLE",,False,Raining,Wet,Daylight,,,,28.0,From opposite direction - one left turn - one straight,0,0,False,0
-122.280257187336,47.5285336498799,197493,276037,276877,E775260,Matched,Block,,M L KING JR ER WAY S BETWEEN S ROSE ST AND S THISTLE ST, ,,1,Property Damage Only Collision,Other,2,0,0,2,0,0,2018-03-02 00:00:00+00,3/2/2018 1:12:00 PM,Driveway Junction,11,"MOTOR VEHICLE STRUCK MOTOR VEHICLE, FRONT END AT ANGLE",True,False,Overcast,Dry,Daylight,,,,23.0,From same direction - all others,0,0,False,0
-122.32345716258,47.6426082270887,197494,274657,275517,E774596,Matched,Block,,BOYLSTON AVE E BETWEEN E LOUISA ST AND E ROANOKE ST, ,,1,Property Damage Only Collision,Rear Ended,2,0,0,2,0,0,2018-02-24 00:00:00+00,2/24/2018 11:07:00 AM,Mid-Block (not related to intersection),14,"MOTOR VEHICLE STRUCK MOTOR VEHICLE, REAR END",,False,Clear or Partly Cloudy,Dry,Daylight,,,,14.0,From same direction - both going straight - one stopped - rear-end,0,0,False,0
-122.287836127502,47.5628182714579,197496,275537,276377,E774866,Matched,Intersection,32721.0,RAINIER AVE S AND S OREGON ST, ,,2,Injury Collision,Angles,5,0,0,2,2,0,2018-02-23 00:00:00+00,2/23/2018 6:32:00 PM,At Intersection (intersection related),11,"MOTOR VEHICLE STRUCK MOTOR VEHICLE, FRONT END AT ANGLE",,False,Clear or Partly Cloudy,Wet,Dark - Street Lights On,,,,10.0,Entering at angle,0,0,False,0
-122.374912264123,47.6545793469137,197497,275978,276818,E775814,Matched,Block,,14TH AVE W BETWEEN W EMERSON ST AND W NICKERSON ST, ,,1,Property Damage Only Collision,Sideswipe,2,0,0,2,0,0,2018-03-02 00:00:00+00,3/2/2018 3:30:00 PM,Mid-Block (not related to intersection),11,"MOTOR VEHICLE STRUCK MOTOR VEHICLE, FRONT END AT ANGLE",True,False,Overcast,Dry,Daylight,,,,11.0,From same direction - both going straight - both moving - sideswipe,0,0,False,0
-122.330544116412,47.5714136285966,197500,276359,277199,3818752,Matched,Block,,S SPOKANE SR ST BETWEEN 2ND AVE S AND 4TH AVE S, ,,2,Injury Collision,Rear Ended,3,0,0,3,2,0,2018-03-13 00:00:00+00,3/13/2018 1:23:00 PM,Mid-Block (not related to intersection),28,MOTOR VEHICLE RAN OFF ROAD - HIT FIXED OBJECT,,False,Raining,Wet,Daylight,,,,14.0,From same direction - both going straight - one stopped - rear-end,0,0,False,0
-122.327019303634,47.5983548535949,197501,274650,275510,E774526,Matched,Block,,S KING ST BETWEEN 5TH AVE S AND 6TH AVE S, ,,1,Property Damage Only Collision,Other,1,0,0,1,0,0,2018-03-01 00:00:00+00,3/1/2018 9:36:00 AM,Mid-Block (not related to intersection),28,MOTOR VEHICLE RAN OFF ROAD - HIT FIXED OBJECT,True,False,Clear or Partly Cloudy,Dry,Daylight,,,,50.0,Fixed object,0,0,False,0
-122.333717787281,47.6613865789926,197503,274579,275439,3695867,Matched,Intersection,27188.0,MERIDIAN AVE N AND N 45TH ST, ,,2,Injury Collision,Left Turn,2,0,0,2,1,0,2018-03-07 00:00:00+00,3/7/2018 8:51:00 PM,At Intersection (intersection related),11,"MOTOR VEHICLE STRUCK MOTOR VEHICLE, FRONT END AT ANGLE",,False,Clear or Partly Cloudy,Dry,Dark - Street Lights On,,,,28.0,From opposite direction - one left turn - one straight,0,0,False,0
-122.347621138565,47.6185711552114,197504,275597,276437,E774874,Matched,Intersection,29653.0,5TH AVE AND DENNY WAY, ,,1,Property Damage Only Collision,Angles,2,0,0,2,0,0,2018-02-28 00:00:00+00,2/28/2018 2:15:00 PM,At Intersection (intersection related),11,"MOTOR VEHICLE STRUCK MOTOR VEHICLE, FRONT END AT ANGLE",,False,Raining,Wet,Daylight,,,,10.0,Entering at angle,0,0,False,0
-122.285948002802,47.5470700235765,197506,275503,276343,E774864,Matched,Block,,M L KING JR ER WAY S BETWEEN 37TH AVE S AND S GRAHAM ST, ,,1,Property Damage Only Collision,Rear Ended,2,0,0,2,0,0,2018-02-18 00:00:00+00,2/18/2018 2:06:00 PM,Mid-Block (not related to intersection),14,"MOTOR VEHICLE STRUCK MOTOR VEHICLE, REAR END",,False,Overcast,Wet,Daylight,,,,13.0,From same direction - both going straight - both moving - rear-end,0,0,False,0
-122.343867802937,47.638575017421,197507,274757,275617,E774612,Matched,Block,,DEXTER AVE N BETWEEN DEXTER WAY N AND MCGRAW ST, ,,1,Property Damage Only Collision,Parked Car,3,0,0,2,0,0,2018-03-01 00:00:00+00,3/1/2018 12:12:00 PM,Mid-Block (not related to intersection),11,"MOTOR VEHICLE STRUCK MOTOR VEHICLE, FRONT END AT ANGLE",,False,Clear or Partly Cloudy,Dry,Daylight,,,,19.0,One car entering parked position,0,0,False,0
-122.328591931089,47.7068124872133,197509,276417,277257,E775265,Matched,Intersection,36595.0,1ST AVE NE AND I5 NB 1ST AV NE OFF RP, ,,1,Property Damage Only Collision,Sideswipe,2,0,0,2,0,0,2018-03-01 00:00:00+00,3/1/2018 2:22:00 PM,At Intersection (intersection related),11,"MOTOR VEHICLE STRUCK MOTOR VEHICLE, FRONT END AT ANGLE",,False,Clear or Partly Cloudy,Dry,Daylight,,,,71.0,Same direction -- both turning right -- both moving -- sideswipe,0,0,False,0
-122.340462223648,47.6878288180671,197511,275997,276837,E775180,Matched,Block,,INTERLAKE AVE N BETWEEN N 80TH ST AND N 82ND ST,NEI,"Not Enough Information, or Insufficient Location Information",1,Property Damage Only Collision,Parked Car,2,0,0,2,0,0,2018-02-27 00:00:00+00,2/27/2018 5:00:00 PM,Mid-Block (not related to intersection),13,"MOTOR VEHICLE STRUCK MOTOR VEHICLE, LEFT SIDE AT ANGLE",,False,Clear or Partly Cloudy,Wet,Dark - Street Lights On,,,,32.0,One parked--one moving,0,0,True,0
-122.370765963321,47.6640210965557,197513,276057,276897,E775261,Matched,Block,,11TH AVE NW BETWEEN NW LEARY WAY AND NW 49TH ST, ,,1,Property Damage Only Collision,Parked Car,3,0,0,3,0,0,2018-02-15 00:00:00+00,2/15/2018 6:28:00 PM,Mid-Block (but intersection related),14,"MOTOR VEHICLE STRUCK MOTOR VEHICLE, REAR END",,False,Overcast,Dry,Dark - Street Lights On,,,,32.0,One parked--one moving,0,0,False,0
-122.360797282731,47.6643362080488,197514,274577,275437,3578790,Matched,Intersection,25351.0,3RD AVE NW AND NW 49TH ST, ,,1,Property Damage Only Collision,Angles,2,0,0,2,0,0,2018-03-06 00:00:00+00,3/6/2018 6:33:00 PM,At Intersection (intersection related),11,"MOTOR VEHICLE STRUCK MOTOR VEHICLE, FRONT END AT ANGLE",,False,Clear or Partly Cloudy,Dry,Dark - Street Lights On,,,,10.0,Entering at angle,0,0,False,0
-122.332655375448,47.7086545157149,197515,275557,276397,E774873,Matched,Block,,N NORTHGATE WAY BETWEEN MERIDIAN AVE N AND CORLISS AVE N, ,,1,Property Damage Only Collision,Rear Ended,2,0,0,2,0,0,2018-03-01 00:00:00+00,3/1/2018 8:46:00 AM,Mid-Block (but intersection related),14,"MOTOR VEHICLE STRUCK MOTOR VEHICLE, REAR END",True,False,Overcast,Dry,Daylight,,,,14.0,From same direction - both going straight - one stopped - rear-end,0,0,False,0
-122.287545872847,47.5617588516455,197517,275501,276341,E774863,Matched,Block,,RAINIER AVE S BETWEEN S OREGON ST AND S ALASKA ST, ,,1,Property Damage Only Collision,Other,3,0,0,2,0,0,2018-02-17 00:00:00+00,2/17/2018 11:03:00 AM,Mid-Block (not related to intersection),11,"MOTOR VEHICLE STRUCK MOTOR VEHICLE, FRONT END AT ANGLE",,False,Clear or Partly Cloudy,Dry,Daylight,,,,23.0,From same direction - all others,0,0,False,0
-122.276403254548,47.523312339009,197519,276397,277237,E775263,Matched,Intersection,35274.0,RENTON AVE S AND S HENDERSON ST, ,,2,Injury Collision,Angles,2,0,0,2,1,0,2018-03-01 00:00:00+00,3/1/2018 2:37:00 PM,At Intersection (intersection related),11,"MOTOR VEHICLE STRUCK MOTOR VEHICLE, FRONT END AT ANGLE",,False,Clear or Partly Cloudy,Dry,Daylight,,,,10.0,Entering at angle,0,0,False,0
-122.327008840752,47.6008721269931,197521,274737,275597,E774611,Matched,Block,,S WASHINGTON ST BETWEEN 5TH AVE S AND 6TH AVE S, ,,1,Property Damage Only Collision,Parked Car,3,0,0,3,0,0,2018-03-01 00:00:00+00,3/1/2018 2:16:00 PM,Mid-Block (not related to intersection),11,"MOTOR VEHICLE STRUCK MOTOR VEHICLE, FRONT END AT ANGLE",True,False,Clear or Partly Cloudy,Dry,Daylight,,,,32.0,One parked--one moving,0,0,False,0
-122.291551602204,47.5461361173056,197523,275517,276357,E774865,Matched,Intersection,33643.0,32ND AVE S AND S GRAHAM ST, ,,1,Property Damage Only Collision,Other,2,0,0,1,0,0,2018-02-16 00:00:00+00,2/16/2018 4:38:00 PM,At Intersection (but not related to intersection),26,MOTOR VEHICLE STRUCK OBJECT IN ROAD,,False,Clear or Partly Cloudy,Dry,Dark - Street Lights On,,,,50.0,Fixed object,0,0,False,0
-122.296525812141,47.7332485850953,197524,274602,275462,3754032,Matched,Block,,30TH AVE NE BETWEEN NE 143RD PL AND NE 145TH ST, ,,1,Property Damage Only Collision,Other,1,0,0,1,0,0,2018-03-06 00:00:00+00,3/6/2018 4:15:00 PM,Mid-Block (not related to intersection),28,MOTOR VEHICLE RAN OFF ROAD - HIT FIXED OBJECT,True,False,Clear or Partly Cloudy,Dry,Daylight,,,,50.0,Fixed object,0,0,False,0
-122.309541450735,47.7193857537254,197525,274601,275461,3754031,Matched,Block,,NE 125TH ST BETWEEN 17TH E AVE NE AND 19TH AVE NE, ,,1,Property Damage Only Collision,Rear Ended,4,0,0,2,0,0,2018-03-06 00:00:00+00,3/6/2018 7:57:00 AM,Mid-Block (not related to intersection),14,"MOTOR VEHICLE STRUCK MOTOR VEHICLE, REAR END",True,False,Clear or Partly Cloudy,Dry,Daylight,,,,14.0,From same direction - both going straight - one stopped - rear-end,0,0,False,0
-122.307616232026,47.6505432767192,197526,275279,276119,E775390,Matched,Intersection,27298.0,NE PACIFIC PL AND NE PACIFIC ST, ,,1,Property Damage Only Collision,Sideswipe,2,0,0,2,0,0,2018-02-28 00:00:00+00,2/28/2018 1:30:00 PM,At Intersection (intersection related),11,"MOTOR VEHICLE STRUCK MOTOR VEHICLE, FRONT END AT ANGLE",True,False,Raining,Wet,Daylight,,,,11.0,From same direction - both going straight - both moving - sideswipe,0,0,False,0
-122.387198841395,47.5463598125307,197527,274599,275459,3742381,Matched,Block,,CALIFORNIA AVE SW BETWEEN SW GRAHAM ST AND SW EDDY ST, ,,2,Injury Collision,Parked Car,3,0,0,3,1,0,2018-03-07 00:00:00+00,3/7/2018 12:54:00 AM,Mid-Block (not related to intersection),14,"MOTOR VEHICLE STRUCK MOTOR VEHICLE, REAR END",,True,Clear or Partly Cloudy,Dry,Dark - Street Lights On,,,,32.0,One parked--one moving,0,0,False,0
-122.330342447037,47.5999913145263,197528,274798,275641,3583924,Matched,Intersection,30503.0,2ND AV ET S AND S MAIN ST, ,,1,Property Damage Only Collision,Angles,6,0,0,2,0,0,2018-03-03 00:00:00+00,3/3/2018 3:20:00 AM,At Intersection (intersection related),11,"MOTOR VEHICLE STRUCK MOTOR VEHICLE, FRONT END AT ANGLE",,True,Clear or Partly Cloudy,Dry,Dark - Street Lights On,,,,10.0,Entering at angle,0,0,False,0
-122.338434334963,47.6246957812307,197529,274598,275458,3732767,Matched,Intersection,589794.0,MERCER NR ST AND WESTLAKE AVE N, ,,1,Property Damage Only Collision,Rear Ended,4,0,0,2,0,0,2018-03-06 00:00:00+00,3/6/2018 12:45:00 AM,At Intersection (but not related to intersection),14,"MOTOR VEHICLE STRUCK MOTOR VEHICLE, REAR END",,False,Overcast,Dry,Dark - Street Lights On,,,,14.0,From same direction - both going straight - one stopped - rear-end,0,0,False,0
-122.295369839933,47.5638070250595,197530,274777,275637,3549671,Matched,Intersection,335397.0,M L KING JR WR WAY S AND S GENESEE ST, ,,1,Property Damage Only Collision,Other,1,0,0,1,0,0,2018-03-03 00:00:00+00,3/3/2018 9:51:00 PM,At Intersection (intersection related),28,MOTOR VEHICLE RAN OFF ROAD - HIT FIXED OBJECT,,True,Clear or Partly Cloudy,Dry,Dark - Street Lights On,,,,50.0,Fixed object,0,0,False,0
-122.287920844853,47.551239252003,197531,274597,275457,3708833,Matched,Intersection,485825.0,M L KING JR ER WAY S AND S ORCAS ST, ,,1,Property Damage Only Collision,Angles,2,0,0,2,0,0,2018-03-06 00:00:00+00,3/6/2018 8:00:00 AM,At Intersection (intersection related),11,"MOTOR VEHICLE STRUCK MOTOR VEHICLE, FRONT END AT ANGLE",,False,Clear or Partly Cloudy,Dry,Daylight,,,,10.0,Entering at angle,0,0,False,0
-122.31943466554,47.6129400164216,197532,274802,275645,3702455,Matched,Intersection,29759.0,10TH AVE AND E UNION ST, ,,1,Property Damage Only Collision,Angles,3,0,0,2,0,0,2018-03-04 00:00:00+00,3/4/2018 5:06:00 PM,At Intersection (intersection related),11,"MOTOR VEHICLE STRUCK MOTOR VEHICLE, FRONT END AT ANGLE",,False,Clear or Partly Cloudy,Dry,Daylight,,,,10.0,Entering at angle,0,0,False,0
-122.312163735282,47.6870951247113,197533,275282,276122,E775393,Matched,Block,,15TH AVE NE BETWEEN NE 80TH ST AND LAKE CITY WAY NE, ,,1,Property Damage Only Collision,Head On,2,0,0,2,0,0,2018-02-28 00:00:00+00,2/28/2018 6:04:00 PM,Mid-Block (not related to intersection),11,"MOTOR VEHICLE STRUCK MOTOR VEHICLE, FRONT END AT ANGLE",,False,Raining,Wet,Dark - Street Lights On,,,,30.0,From opposite direction - all others,0,0,False,0
-122.305041441304,47.6021705241792,197534,274581,275441,3702512,Matched,Block,,21ST AVE BETWEEN E YESLER WAY AND E FIR ST, ,,1,Property Damage Only Collision,Parked Car,4,0,0,2,0,0,2018-03-07 00:00:00+00,3/7/2018 8:14:00 AM,Mid-Block (not related to intersection),11,"MOTOR VEHICLE STRUCK MOTOR VEHICLE, FRONT END AT ANGLE",,False,Clear or Partly Cloudy,Dry,Daylight,,,,32.0,One parked--one moving,0,0,False,0
-122.27400920809,47.5369453304261,197535,274779,275639,E774014,Matched,Block,,S OTHELLO ST BETWEEN 46TH AVE S AND 48TH AVE S, ,,1,Property Damage Only Collision,Parked Car,2,0,0,2,0,0,2018-02-27 00:00:00+00,2/27/2018 8:10:00 PM,Mid-Block (not related to intersection),16,"MOTOR VEHICLE STRUCK MOTOR VEHICLE, LEFT SIDE SIDESWIPE",,False,Clear or Partly Cloudy,Dry,Dark - Street Lights On,,,,32.0,One parked--one moving,0,0,True,0
-122.338677430777,47.5565913688173,197536,274758,275618,E774537,Matched,Block,,EAST MARGINAL WAY S BETWEEN S HUDSON ST AND S DAWSON ST, ,,2,Injury Collision,Rear Ended,3,0,0,2,2,0,2018-02-28 00:00:00+00,2/28/2018 12:33:00 PM,Mid-Block (not related to intersection),14,"MOTOR VEHICLE STRUCK MOTOR VEHICLE, REAR END",,False,Raining,Wet,Daylight,,,,14.0,From same direction - both going straight - one stopped - rear-end,0,0,False,0
-122.321998583348,47.6237003804909,197537,274098,274938,E771948,Matched,Block,,HARVARD AVE E BETWEEN E REPUBLICAN ST AND E MERCER ST, ,,1,Property Damage Only Collision,Parked Car,2,0,0,2,0,0,2018-01-20 00:00:00+00,1/20/2018 3:09:00 PM,Mid-Block (not related to intersection),11,"MOTOR VEHICLE STRUCK MOTOR VEHICLE, FRONT END AT ANGLE",,False,Overcast,Dry,Daylight,,,,32.0,One parked--one moving,0,0,False,0
-122.307302339783,47.5928766740341,197538,274097,274937,E771946,Matched,Block,,S BUSH PL BETWEEN HIAWATHA PL S AND DAVIS PL S, ,,1,Property Damage Only Collision,Parked Car,2,0,0,2,0,0,2018-01-18 00:00:00+00,1/18/2018 8:43:00 PM,Mid-Block (not related to intersection),11,"MOTOR VEHICLE STRUCK MOTOR VEHICLE, FRONT END AT ANGLE",,False,Clear or Partly Cloudy,Wet,Dark - Street Lights On,,,,32.0,One parked--one moving,0,0,False,0
-122.274253549735,47.5228322205954,197539,274078,274918,E771904,Matched,Block,,46TH AVE S BETWEEN S HENDERSON ST AND S DIRECTOR ST,NEI,"Not Enough Information, or Insufficient Location Information",1,Property Damage Only Collision,Parked Car,2,0,0,2,0,0,2018-01-19 00:00:00+00,1/19/2018 3:30:00 PM,,0,NOT ENOUGH INFORMATION / NOT APPLICABLE,,False,Raining,Wet,Daylight,,,,32.0,One parked--one moving,0,0,True,0
-122.376216285853,47.6675253620358,197540,275280,276120,E775392,Matched,Block,,15TH AVE NW BETWEEN NW 53RD ST AND NW 54TH ST, ,,1,Property Damage Only Collision,Head On,2,0,0,2,0,0,2018-03-02 00:00:00+00,3/2/2018 1:26:00 PM,Mid-Block (not related to intersection),11,"MOTOR VEHICLE STRUCK MOTOR VEHICLE, FRONT END AT ANGLE",True,False,Clear or Partly Cloudy,Dry,Daylight,,,,25.0,From opposite direction - one stopped - head-on,0,0,False,0
-122.322854905644,47.6068391774092,197541,274077,274917,E771528,Matched,Block,,BOREN AVE BETWEEN JAMES ST AND CHERRY ST, ,,1,Property Damage Only Collision,Rear Ended,2,0,0,2,0,0,2018-01-04 00:00:00+00,1/4/2018 8:28:00 AM,Mid-Block (not related to intersection),11,"MOTOR VEHICLE STRUCK MOTOR VEHICLE, FRONT END AT ANGLE",True,False,Clear or Partly Cloudy,Dry,Daylight,,,,14.0,From same direction - both going straight - one stopped - rear-end,0,0,False,0
-122.334203343236,47.5749819439493,197542,274799,275642,E774613,Matched,Block,,1ST AVE S BETWEEN S HANFORD ST AND S HORTON ST, ,,1,Property Damage Only Collision,Parked Car,2,0,0,2,0,0,2018-02-27 00:00:00+00,2/27/2018 10:57:00 AM,Mid-Block (not related to intersection),13,"MOTOR VEHICLE STRUCK MOTOR VEHICLE, LEFT SIDE AT ANGLE",,False,Clear or Partly Cloudy,Dry,Daylight,,,,32.0,One parked--one moving,0,0,True,0
-122.276525217374,47.5511703628732,197543,274062,274902,3818732,Matched,Block,,S ORCAS ST BETWEEN RAINIER AVE S AND 46TH AVE S, ,,2,Injury Collision,Angles,5,0,0,3,3,0,2018-02-03 00:00:00+00,2/3/2018 10:37:00 AM,Driveway Junction,11,"MOTOR VEHICLE STRUCK MOTOR VEHICLE, FRONT END AT ANGLE",True,False,Overcast,Wet,Daylight,,,,10.0,Entering at angle,0,0,False,0
-122.339903466234,47.6847556130373,197544,274605,275465,3754036,Matched,Intersection,24249.0,WINONA AVE N AND N 77TH ST, ,,1,Property Damage Only Collision,Rear Ended,3,0,0,2,0,0,2018-03-07 00:00:00+00,3/7/2018 8:10:00 PM,At Intersection (but not related to intersection),14,"MOTOR VEHICLE STRUCK MOTOR VEHICLE, REAR END",,False,Overcast,Dry,Dark - Street Lights On,,,,14.0,From same direction - both going straight - one stopped - rear-end,0,0,False,0
-122.304521599773,47.5895765115256,197545,274061,274901,3818731,Matched,Block,,S ATLANTIC ST BETWEEN 21ST AVE S AND 22ND AVE S, ,,1,Property Damage Only Collision,Parked Car,2,0,0,2,0,0,2018-02-02 00:00:00+00,2/2/2018 4:48:00 AM,Mid-Block (not related to intersection),11,"MOTOR VEHICLE STRUCK MOTOR VEHICLE, FRONT END AT ANGLE",,False,Overcast,Wet,Dark - Street Lights On,,,,32.0,One parked--one moving,0,0,True,0
-122.313357169498,47.6866889661973,197546,275278,276118,3694560,Matched,Intersection,24398.0,LAKE CITY WAY NE AND NE 80TH ST, ,,2,Injury Collision,Left Turn,2,0,0,2,1,0,2018-03-08 00:00:00+00,3/8/2018 8:58:00 PM,At Intersection (intersection related),11,"MOTOR VEHICLE STRUCK MOTOR VEHICLE, FRONT END AT ANGLE",,False,Overcast,Wet,Dark - Street Lights On,,,,28.0,From opposite direction - one left turn - one straight,0,0,False,0
-122.247772729824,47.5112327669321,197548,274059,274899,3818689,Matched,Block,,RAINIER AVE S BETWEEN 68TH AVE S AND CORNELL AVE S, ,,1,Property Damage Only Collision,Other,1,0,0,1,0,0,2018-02-08 00:00:00+00,2/8/2018 2:31:00 AM,Mid-Block (not related to intersection),28,MOTOR VEHICLE RAN OFF ROAD - HIT FIXED OBJECT,,True,Clear or Partly Cloudy,Dry,Dark - Street Lights On,,,,50.0,Fixed object,0,0,False,0
-122.328078578054,47.6041612345606,197549,274797,275640,3583876,Matched,Intersection,29973.0,6TH AVE AND JAMES ST, ,,2,Injury Collision,Angles,4,0,0,2,3,0,2018-03-02 00:00:00+00,3/2/2018 10:55:00 PM,At Intersection (intersection related),11,"MOTOR VEHICLE STRUCK MOTOR VEHICLE, FRONT END AT ANGLE",,False,Clear or Partly Cloudy,Dry,Dark - Street Lights On,,,,10.0,Entering at angle,0,0,False,0
-122.302005035313,47.58340204136,197550,274058,274898,3818684,Matched,Block,,RAINIER AVE S BETWEEN S WALKER ST AND S COLLEGE N ST, ,,2,Injury Collision,Rear Ended,4,0,0,2,3,0,2018-02-03 00:00:00+00,2/3/2018 3:29:00 PM,Mid-Block (not related to intersection),14,"MOTOR VEHICLE STRUCK MOTOR VEHICLE, REAR END",True,False,Raining,Wet,Daylight,,,,14.0,From same direction - both going straight - one stopped - rear-end,0,0,False,0
-122.328634265585,47.7086287203541,197551,274603,275463,3754033,Matched,Intersection,36586.0,1ST AVE NE AND NE NORTHGATE WAY, ,,2,Injury Collision,Pedestrian,3,0,1,1,1,0,2018-03-06 00:00:00+00,3/6/2018 6:37:00 PM,At Intersection (but not related to intersection),21,"MOTOR VEHICLE STRUCK PEDALCYCLIST, REAR END",,False,Clear or Partly Cloudy,Dry,Dark - Street Lights On,True,,,5.0,Vehicle Strikes Pedalcyclist,0,0,False,0
-122.328389582659,47.5456555375244,197552,276439,277279,E775269,Matched,Intersection,34220.0,5TH AVE S AND S MICHIGAN ST, ,,2,Injury Collision,Angles,4,0,0,2,1,0,2018-03-02 00:00:00+00,3/2/2018 10:30:00 AM,At Intersection (intersection related),11,"MOTOR VEHICLE STRUCK MOTOR VEHICLE, FRONT END AT ANGLE",,False,Clear or Partly Cloudy,Dry,Daylight,,,,10.0,Entering at angle,0,0,False,0
-122.376759431148,47.6484728172187,197553,274801,275644,3584949,Matched,Intersection,26775.0,15TH AV W SB OFF RP AND W DRAVUS ST, ,,1,Property Damage Only Collision,Angles,2,0,0,2,0,0,2018-03-03 00:00:00+00,3/3/2018 10:11:00 AM,At Intersection (intersection related),11,"MOTOR VEHICLE STRUCK MOTOR VEHICLE, FRONT END AT ANGLE",,False,Clear or Partly Cloudy,Dry,Daylight,,,,10.0,Entering at angle,0,0,False,0