longitude,latitude,objectid,inckey,coldetkey,reportno,status,addrtype,intkey,location,exceptrsncode,exceptrsndesc,severitycode,severitydesc,collisiontype,personcount,pedcount,pedcylcount,vehcount,injuries,fatalities,incdate,incdttm,junctiontype,sdot_colcode,sdot_coldesc,inattentionind,underinfl,weather,roadcond,lightcond,pedrownotgrnt,sdotcolnum,speeding,st_colcode,st_coldesc,seglanekey,crosswalkkey,hitparkedcar,seriousinjuries
-122.329531011935,47.555636446956,197555,276438,277278,E775268,Matched,Intersection,33146.0,4TH AVE S AND S DAWSON ST, ,,1,Property Damage Only Collision,Sideswipe,2,0,0,2,0,0,2018-02-26 00:00:00+00,2/26/2018 10:05:00 AM,At Intersection (intersection related),11,"MOTOR VEHICLE STRUCK MOTOR VEHICLE, FRONT END AT ANGLE",,False,Clear or Partly Cloudy,Dry,Daylight,,,,71.0,Same direction -- both turning right -- both moving -- sideswipe,0,0,False,0
-122.318329413213,47.5571375876932,197556,274778,275638,3583391,Matched,Intersection,33082.0,CORSON AVE S AND S HUDSON ST, ,,1,Property Damage Only Collision,Other,1,0,0,1,0,0,2018-03-02 00:00:00+00,3/2/2018 11:05:00 PM,At Intersection (intersection related),28,MOTOR VEHICLE RAN OFF ROAD - HIT FIXED OBJECT,,False,Overcast,Dry,Dark - Street Lights On,,,,50.0,Fixed object,0,0,False,0
-122.333366505619,47.6173283912533,197557,274157,274997,E772602,Matched,Block,,BOREN AVE BETWEEN STEWART ST AND VIRGINIA ST, ,,1,Property Damage Only Collision,Rear Ended,2,0,0,2,0,0,2018-01-08 00:00:00+00,1/8/2018 8:55:00 AM,Mid-Block (not related to intersection),14,"MOTOR VEHICLE STRUCK MOTOR VEHICLE, REAR END",,False,Clear or Partly Cloudy,Dry,Daylight,,,,14.0,From same direction - both going straight - one stopped - rear-end,0,0,False,0
-122.312071249691,47.65830145745,197558,276457,277297,E775395,Matched,Intersection,27091.0,15TH AVE NE AND NE 42ND ST, ,,2,Injury Collision,Pedestrian,2,1,0,1,2,0,2018-02-28 00:00:00+00,2/28/2018 8:26:00 PM,At Intersection (intersection related),24,MOTOR VEHCILE STRUCK PEDESTRIAN,,False,Raining,Wet,Dark - Street Lights On,True,,,0.0,Vehicle going straight hits pedestrian,0,520846,False,0
-122.271333139158,47.5605870775792,197559,276058,276898,3702344,Matched,Block,,S ALASKA ST BETWEEN 49TH AVE S AND 50TH AVE S, ,,1,Property Damage Only Collision,Parked Car,2,0,0,2,0,0,2018-03-06 00:00:00+00,3/6/2018 6:00:00 PM,Mid-Block (not related to intersection),15,"MOTOR VEHICLE STRUCK MOTOR VEHICLE, RIGHT SIDE SIDESWIPE",,False,Unknown,Unknown,Dusk,,,,32.0,One parked--one moving,0,0,False,0
-122.334200814388,47.5798111383773,197560,275658,276498,E774899,Matched,Intersection,31372.0,1ST AVE S AND S LANDER ST, ,,1,Property Damage Only Collision,Pedestrian,2,1,0,1,0,0,2018-02-27 00:00:00+00,2/27/2018 7:16:00 PM,At Intersection (intersection related),24,MOTOR VEHCILE STRUCK PEDESTRIAN,,False,Raining,Wet,Dark - Street Lights On,,,,2.0,Vehicle turning left hits pedestrian,0,0,False,0
-122.347647848478,47.6118671070725,197561,274197,275037,E765302,Matched,Block,,ELLIOTT AVE BETWEEN ELLIOTT AV ON RP AND BELL ST, ,,1,Property Damage Only Collision,Sideswipe,2,0,0,2,0,0,2018-02-01 00:00:00+00,2/1/2018 11:21:00 AM,Mid-Block (not related to intersection),11,"MOTOR VEHICLE STRUCK MOTOR VEHICLE, FRONT END AT ANGLE",,False,Raining,Wet,Daylight,,,,11.0,From same direction - both going straight - both moving - sideswipe,0,0,False,0
-122.355409289722,47.6239235178236,197562,275657,276497,E775262,Matched,Block,,1ST AVE N BETWEEN REPUBLICAN ST AND MERCER ST, ,,1,Property Damage Only Collision,Parked Car,3,0,0,2,0,0,2018-02-24 00:00:00+00,2/24/2018 1:05:00 PM,Mid-Block (not related to intersection),11,"MOTOR VEHICLE STRUCK MOTOR VEHICLE, FRONT END AT ANGLE",,False,Clear or Partly Cloudy,Dry,Daylight,,,,32.0,One parked--one moving,0,0,False,0
-122.310151236465,47.6155898632955,197563,274117,274957,E771949,Matched,Intersection,30132.0,17TH AVE AND E MADISON ST, ,,1,Property Damage Only Collision,Left Turn,3,0,0,2,0,0,2018-01-27 00:00:00+00,1/27/2018 9:24:00 PM,At Intersection (intersection related),11,"MOTOR VEHICLE STRUCK MOTOR VEHICLE, FRONT END AT ANGLE",,False,Raining,Wet,Dark - Street Lights On,,,,28.0,From opposite direction - one left turn - one straight,0,0,False,0
-122.339843342661,47.6176422473694,197564,276101,276941,E776235,Matched,Block,,8TH AVE BETWEEN BLANCHARD ST AND BELL ST, ,,1,Property Damage Only Collision,Sideswipe,2,0,0,2,0,0,2018-02-02 00:00:00+00,2/2/2018 7:05:00 AM,Mid-Block (not related to intersection),11,"MOTOR VEHICLE STRUCK MOTOR VEHICLE, FRONT END AT ANGLE",True,False,Raining,Wet,Dawn,,,,12.0,From same direction - both going straight - one stopped - sideswipe,0,0,False,0
-122.320749632604,47.606212553418,197565,276517,277357,E775423,Matched,Intersection,29812.0,BROADWAY AND JEFFERSON ST, ,,1,Property Damage Only Collision,Left Turn,4,0,0,2,0,0,2018-02-25 00:00:00+00,2/25/2018 4:50:00 PM,At Intersection (intersection related),11,"MOTOR VEHICLE STRUCK MOTOR VEHICLE, FRONT END AT ANGLE",,False,Raining,Wet,Daylight,,,,28.0,From opposite direction - one left turn - one straight,0,0,False,0
-122.363831536763,47.7096793380438,197566,276077,276917,E775389,Matched,Block,,NW CARKEEK PARK RD BETWEEN POINT A AND POINT B, ,,1,Property Damage Only Collision,Head On,2,0,0,2,0,0,2018-02-28 00:00:00+00,2/28/2018 2:17:00 PM,Mid-Block (not related to intersection),11,"MOTOR VEHICLE STRUCK MOTOR VEHICLE, FRONT END AT ANGLE",,False,Raining,Wet,Daylight,,,,30.0,From opposite direction - all others,0,0,False,0
-122.376216285853,47.6675253620358,197567,275638,276478,E771462,Matched,Block,,15TH AVE NW BETWEEN NW 53RD ST AND NW 54TH ST, ,,2,Injury Collision,Pedestrian,2,1,0,1,1,0,2018-01-25 00:00:00+00,1/25/2018 4:23:00 PM,Driveway Junction,24,MOTOR VEHCILE STRUCK PEDESTRIAN,,False,Raining,Wet,Daylight,,,,2.0,Vehicle turning left hits pedestrian,0,0,False,0
-122.346238253716,47.6280302174985,197586,276558,277398,E775816,Matched,Intersection,28859.0,TAYLOR AVE N AND WARD ST, ,,1,Property Damage Only Collision,Angles,2,0,0,2,0,0,2018-03-05 00:00:00+00,3/5/2018 9:58:00 AM,At Intersection (intersection related),11,"MOTOR VEHICLE STRUCK MOTOR VEHICLE, FRONT END AT ANGLE",,False,Clear or Partly Cloudy,Dry,Daylight,,,,10.0,Entering at angle,0,0,False,0
-122.299159659816,47.5796734628583,197568,275637,276477,E774898,Matched,Block,,RAINIER AVE S BETWEEN S BAYVIEW ST AND S MCCLELLAN ST, ,,1,Property Damage Only Collision,Rear Ended,2,0,0,2,0,0,2018-02-28 00:00:00+00,2/28/2018 3:00:00 PM,Mid-Block (not related to intersection),14,"MOTOR VEHICLE STRUCK MOTOR VEHICLE, REAR END",,False,Overcast,Dry,Daylight,,,,13.0,From same direction - both going straight - both moving - rear-end,0,0,False,0
-122.331939324729,47.5717239239888,197569,275619,276459,E774897,Matched,Intersection,673474.0,2ND AVE S AND S SPOKANE NR ST, ,,1,Property Damage Only Collision,Other,2,0,0,2,0,0,2018-02-27 00:00:00+00,2/27/2018 6:26:00 PM,At Intersection (intersection related),25,MOTOR VEHICLE STRUCK TRAIN,True,False,Raining,Wet,Dark - Street Lights On,,,,40.0,Railway Vehicle Strikes Vehicle,0,0,False,0
-122.370766444607,47.5684267430382,197570,276099,276939,3745581,Matched,Block,,SW AVALON WAY BETWEEN SW BRADFORD ST AND 30TH AVE SW, ,,1,Property Damage Only Collision,Parked Car,2,0,0,2,0,0,2018-03-12 00:00:00+00,3/12/2018 5:35:00 PM,Mid-Block (not related to intersection),11,"MOTOR VEHICLE STRUCK MOTOR VEHICLE, FRONT END AT ANGLE",True,False,Clear or Partly Cloudy,Dry,Daylight,,,,32.0,One parked--one moving,0,0,False,0
-122.329678542095,47.5991979313475,197571,276557,277397,E775815,Matched,Intersection,30508.0,2ND AV ET S AND S JACKSON ST, ,,1,Property Damage Only Collision,Sideswipe,3,0,0,2,0,0,2018-03-02 00:00:00+00,3/2/2018 4:44:00 PM,At Intersection (intersection related),11,"MOTOR VEHICLE STRUCK MOTOR VEHICLE, FRONT END AT ANGLE",True,False,Clear or Partly Cloudy,Dry,Daylight,,,,11.0,From same direction - both going straight - both moving - sideswipe,0,0,False,0
-122.321916850694,47.5958313572194,197572,274158,274998,E765278,Matched,Block,,S DEARBORN ST BETWEEN 8TH AVE S AND DEARBORN OFF RP, ,,1,Property Damage Only Collision,Sideswipe,2,0,0,2,0,0,2018-01-31 00:00:00+00,1/31/2018 2:30:00 PM,Mid-Block (not related to intersection),11,"MOTOR VEHICLE STRUCK MOTOR VEHICLE, FRONT END AT ANGLE",,False,Overcast,Dry,Daylight,,,,11.0,From same direction - both going straight - both moving - sideswipe,0,0,False,0
-122.317403790736,47.6649373438838,197573,276477,277317,E775396,Matched,Intersection,25789.0,ROOSEVELT WAY NE AND NE 50TH ST, ,,2,Injury Collision,Angles,4,0,0,3,2,0,2018-03-02 00:00:00+00,3/2/2018 10:32:00 AM,At Intersection (intersection related),11,"MOTOR VEHICLE STRUCK MOTOR VEHICLE, FRONT END AT ANGLE",True,False,Clear or Partly Cloudy,Dry,Daylight,,,,10.0,Entering at angle,0,0,False,0
-122.317280754335,47.5938335539998,197575,275617,276457,3754160,Matched,Intersection,30455.0,12TH AVE S AND S CHARLES S ST, ,,2b,Serious Injury Collision,Pedestrian,5,1,0,1,1,0,2018-03-11 00:00:00+00,3/11/2018 6:20:00 PM,At Intersection (intersection related),24,MOTOR VEHCILE STRUCK PEDESTRIAN,,False,Clear or Partly Cloudy,Dry,Daylight,,,,0.0,Vehicle going straight hits pedestrian,0,0,False,1
-122.31945610697,47.6146637818482,197576,274198,275038,E772813,Matched,Block,,10TH AVE BETWEEN E PIKE ST AND E PINE ST, ,,1,Property Damage Only Collision,Parked Car,2,0,0,2,0,0,2018-01-27 00:00:00+00,1/27/2018 2:50:00 AM,Mid-Block (not related to intersection),11,"MOTOR VEHICLE STRUCK MOTOR VEHICLE, FRONT END AT ANGLE",,False,Raining,Wet,Dark - Street Lights On,,,,32.0,One parked--one moving,0,0,False,0
-122.300617271284,47.668250686383,197577,275599,276439,E774876,Matched,Block,,25TH AVE NE BETWEEN NE 54TH ST AND NE 55TH ST, ,,2,Injury Collision,Angles,2,0,0,2,1,0,2018-03-01 00:00:00+00,3/1/2018 9:20:00 AM,Mid-Block (not related to intersection),11,"MOTOR VEHICLE STRUCK MOTOR VEHICLE, FRONT END AT ANGLE",True,False,Overcast,Dry,Daylight,,,,10.0,Entering at angle,0,0,False,0
-122.285686422559,47.5590662272298,197578,274137,274977,E765037,Matched,Block,,RAINIER AVE S BETWEEN S ANGELINE ST AND S EDMUNDS ST, ,,1,Property Damage Only Collision,Left Turn,2,0,0,2,0,0,2018-01-23 00:00:00+00,1/23/2018 6:00:00 PM,Driveway Junction,11,"MOTOR VEHICLE STRUCK MOTOR VEHICLE, FRONT END AT ANGLE",,False,Clear or Partly Cloudy,Dry,Dark - Street Lights On,,,,28.0,From opposite direction - one left turn - one straight,0,0,False,0
-122.350022345426,47.5716711356616,197579,276098,276938,3745580,Matched,Block,,SW SPOKANE NR ST BETWEEN 11TH AVE SW AND SW SPOKANE SR ST, ,,2,Injury Collision,Sideswipe,2,0,0,2,1,0,2018-03-12 00:00:00+00,3/12/2018 2:51:00 PM,Mid-Block (not related to intersection),11,"MOTOR VEHICLE STRUCK MOTOR VEHICLE, FRONT END AT ANGLE",True,False,Clear or Partly Cloudy,Dry,Daylight,,,,11.0,From same direction - both going straight - both moving - sideswipe,0,0,False,0
-122.329077497112,47.5714208655885,197580,276518,277358,E775489,Matched,Intersection,32342.0,4TH AVE S AND S SPOKANE SR ST, ,,2,Injury Collision,Left Turn,3,0,0,2,1,0,2018-03-04 00:00:00+00,3/4/2018 6:31:00 PM,At Intersection (intersection related),11,"MOTOR VEHICLE STRUCK MOTOR VEHICLE, FRONT END AT ANGLE",,False,Overcast,Dry,Dark - Street Lights On,,,,28.0,From opposite direction - one left turn - one straight,0,0,False,0
-122.314712442398,47.5818708833508,197581,275677,276517,E774900,Matched,Intersection,31286.0,14TH AVE S AND BEACON AVE S, ,,1,Property Damage Only Collision,Sideswipe,2,0,0,2,0,0,2018-02-08 00:00:00+00,2/8/2018 5:31:00 PM,At Intersection (but not related to intersection),11,"MOTOR VEHICLE STRUCK MOTOR VEHICLE, FRONT END AT ANGLE",,False,Overcast,Unknown,Dark - Street Lights On,,,,11.0,From same direction - both going straight - both moving - sideswipe,0,0,False,0
-122.317447528785,47.6062045014434,197582,276078,276918,3702521,Matched,Block,,E JEFFERSON ST BETWEEN 11TH AVE AND 12TH AVE, ,,1,Property Damage Only Collision,Sideswipe,2,0,0,2,0,0,2018-03-13 00:00:00+00,3/13/2018 7:43:00 AM,Mid-Block (not related to intersection),16,"MOTOR VEHICLE STRUCK MOTOR VEHICLE, LEFT SIDE SIDESWIPE",,False,Overcast,Dry,Daylight,,,,12.0,From same direction - both going straight - one stopped - sideswipe,0,0,True,0
-122.317226323464,47.5996031773311,197583,275598,276438,E774875,Matched,Block,,12TH AVE S BETWEEN S MAIN ST AND S JACKSON ST, ,,1,Property Damage Only Collision,Sideswipe,3,0,0,2,0,0,2018-02-28 00:00:00+00,2/28/2018 7:52:00 AM,Mid-Block (not related to intersection),11,"MOTOR VEHICLE STRUCK MOTOR VEHICLE, FRONT END AT ANGLE",,False,Overcast,Wet,Daylight,,,,11.0,From same direction - both going straight - both moving - sideswipe,0,0,False,0
-122.400347744378,47.6597766801637,197584,274177,275017,E765299,Matched,Block,,W GOVERNMENT WAY BETWEEN 33RD AVE W AND 34TH AVE W, ,,1,Property Damage Only Collision,Left Turn,3,0,0,2,0,0,2018-02-01 00:00:00+00,2/1/2018 10:07:00 AM,Driveway Junction,11,"MOTOR VEHICLE STRUCK MOTOR VEHICLE, FRONT END AT ANGLE",,False,Raining,Dry,Daylight,,,,28.0,From opposite direction - one left turn - one straight,0,0,False,0
-122.323570718385,47.6109806802096,197585,275285,276125,3702516,Matched,Intersection,29770.0,SPRING ST AND SUMMIT AVE, ,,1,Property Damage Only Collision,Angles,4,0,0,2,0,0,2018-03-09 00:00:00+00,3/9/2018 8:36:00 PM,At Intersection (intersection related),11,"MOTOR VEHICLE STRUCK MOTOR VEHICLE, FRONT END AT ANGLE",,False,Clear or Partly Cloudy,Dry,Dark - Street Lights On,,,,10.0,Entering at angle,0,0,False,0
-122.296764042273,47.602655901572,197588,276497,277337,E775422,Matched,Intersection,30572.0,M L KING JR WAY AND E FIR ST, ,,1,Property Damage Only Collision,Left Turn,4,0,0,3,0,0,2018-02-24 00:00:00+00,2/24/2018 2:50:00 PM,At Intersection (intersection related),11,"MOTOR VEHICLE STRUCK MOTOR VEHICLE, FRONT END AT ANGLE",,False,Raining,Dry,Daylight,,,,15.0,From same direction - one left turn - one straight,0,0,False,0
-122.355299852811,47.6873024656713,197590,275284,276124,E775394,Matched,Block,,GREENWOOD AVE N BETWEEN N 80TH ST AND N 81ST ST, ,,1,Property Damage Only Collision,Parked Car,2,0,0,2,0,0,2018-02-28 00:00:00+00,2/28/2018 2:38:00 PM,Mid-Block (not related to intersection),11,"MOTOR VEHICLE STRUCK MOTOR VEHICLE, FRONT END AT ANGLE",,False,Raining,Wet,Daylight,,,,32.0,One parked--one moving,0,0,False,0
-122.328913101671,47.6134658203127,197591,275283,276123,3702515,Matched,Intersection,29878.0,BOREN AVE AND PIKE ST, ,,1,Property Damage Only Collision,Left Turn,2,0,0,2,0,0,2018-03-07 00:00:00+00,3/7/2018 10:03:00 PM,At Intersection (intersection related),11,"MOTOR VEHICLE STRUCK MOTOR VEHICLE, FRONT END AT ANGLE",,True,Raining,Wet,Dark - Street Lights On,,,,28.0,From opposite direction - one left turn - one straight,0,0,False,0
-122.302770995815,47.7338387082592,197592,274199,275039,E770320,Matched,Block,,NE 145TH ST BETWEEN 24TH AVE NE AND 25TH AVE NE, ,,1,Property Damage Only Collision,Rear Ended,3,0,0,2,0,0,2018-01-18 00:00:00+00,1/18/2018 8:53:00 PM,Mid-Block (but intersection related),14,"MOTOR VEHICLE STRUCK MOTOR VEHICLE, REAR END",,False,Overcast,Wet,Dark - Street Lights On,,,,14.0,From same direction - both going straight - one stopped - rear-end,0,0,False,0
-122.377703667713,47.5640777124632,197593,276537,277377,E775720,Matched,Intersection,31873.0,FAUNTLEROY WAY SW AND SW AVALON WAY, ,,2,Injury Collision,Other,1,0,0,1,1,0,2018-03-05 00:00:00+00,3/5/2018 10:04:00 AM,At Intersection (intersection related),26,MOTOR VEHICLE STRUCK OBJECT IN ROAD,,False,Clear or Partly Cloudy,Dry,Daylight,,,,57.0,All other non-collision,0,0,False,0
-122.332776510833,47.6076217230865,197594,274808,275651,E774539,Matched,Block,,5TH AVE BETWEEN SPRING ST AND SENECA ST, ,,1,Property Damage Only Collision,Rear Ended,3,0,0,3,0,0,2018-03-01 00:00:00+00,3/1/2018 10:19:00 AM,Mid-Block (not related to intersection),14,"MOTOR VEHICLE STRUCK MOTOR VEHICLE, REAR END",True,False,Clear or Partly Cloudy,Dry,Daylight,,,,14.0,From same direction - both going straight - one stopped - rear-end,0,0,False,0
-122.364547837525,47.521023292389,197595,274807,275650,3745433,Matched,Intersection,34876.0,25TH AVE SW AND SW BARTON ST, ,,2,Injury Collision,Pedestrian,3,0,1,1,1,0,2018-03-02 00:00:00+00,3/2/2018 7:09:00 AM,At Intersection (intersection related),18,"MOTOR VEHICLE STRUCK PEDALCYCLIST, FRONT END AT ANGLE",True,False,Overcast,Wet,Daylight,,,,5.0,Vehicle Strikes Pedalcyclist,0,0,False,0
-122.339407463307,47.576425754286,197596,275757,276597,E774909,Matched,Block,,ALASKAN WY VI SB BETWEEN S LANDER ST AND ALASKAN WY VI SB WSB WB OFF RP, ,,2,Injury Collision,Other,3,0,0,2,1,0,2018-02-17 00:00:00+00,2/17/2018 12:20:00 PM,Mid-Block (not related to intersection),14,"MOTOR VEHICLE STRUCK MOTOR VEHICLE, REAR END",,False,Clear or Partly Cloudy,Dry,Daylight,,,,51.0,Other object,0,0,False,0
-122.356742634337,47.620355765046,197599,274806,275649,E774614,Matched,Block,,QUEEN ANNE AVE N BETWEEN JOHN ST AND THOMAS ST, ,,1,Property Damage Only Collision,Sideswipe,3,0,0,2,0,0,2018-03-01 00:00:00+00,3/1/2018 1:01:00 PM,Mid-Block (not related to intersection),11,"MOTOR VEHICLE STRUCK MOTOR VEHICLE, FRONT END AT ANGLE",,False,Clear or Partly Cloudy,Dry,Daylight,,,,11.0,From same direction - both going straight - both moving - sideswipe,0,0,False,0
-122.33946676528,47.5717028419294,197600,275738,276578,E774903,Matched,Intersection,32182.0,EAST MARGINAL ER WAY S AND S SPOKANE NR ST, ,,2,Injury Collision,Angles,2,0,0,2,1,0,2018-02-19 00:00:00+00,2/19/2018 3:10:00 PM,At Intersection (intersection related),11,"MOTOR VEHICLE STRUCK MOTOR VEHICLE, FRONT END AT ANGLE",,False,Clear or Partly Cloudy,Dry,Daylight,,,,10.0,Entering at angle,0,0,False,0
-122.359306316956,47.6267256591981,197601,274805,275648,3739950,Matched,Intersection,28608.0,2ND AVE W AND W OLYMPIC PL, ,,2,Injury Collision,Angles,2,0,0,2,1,0,2018-03-04 00:00:00+00,3/4/2018 4:35:00 PM,At Intersection (intersection related),11,"MOTOR VEHICLE STRUCK MOTOR VEHICLE, FRONT END AT ANGLE",,False,Clear or Partly Cloudy,Dry,Daylight,,,,10.0,Entering at angle,0,0,False,0
-122.316578934152,47.6612919603548,197602,276117,276957,3754382,Matched,Intersection,27065.0,11TH AVE NE AND NE 45TH ST, ,,2,Injury Collision,Angles,2,0,0,2,1,0,2018-03-12 00:00:00+00,3/12/2018 8:15:00 PM,At Intersection (intersection related),11,"MOTOR VEHICLE STRUCK MOTOR VEHICLE, FRONT END AT ANGLE",,False,Clear or Partly Cloudy,Dry,Dark - Street Lights On,,,,10.0,Entering at angle,0,0,False,0
-122.324017689926,47.6208370630549,197603,274804,275647,3702510,Matched,Intersection,29142.0,BELMONT AVE E AND E THOMAS ST, ,,1,Property Damage Only Collision,Other,1,0,0,1,0,0,2018-03-04 00:00:00+00,3/4/2018 11:35:00 PM,At Intersection (intersection related),28,MOTOR VEHICLE RAN OFF ROAD - HIT FIXED OBJECT,,True,Overcast,Wet,Dark - Street Lights On,,,True,50.0,Fixed object,0,0,False,0
-122.317451143154,47.6621980426651,197607,275697,276537,E775266,Matched,Block,,ROOSEVELT WAY NE BETWEEN NE 45TH ST AND NE 47TH ST, ,,2,Injury Collision,Pedestrian,2,0,1,1,1,0,2018-03-02 00:00:00+00,3/2/2018 9:28:00 AM,Mid-Block (not related to intersection),18,"MOTOR VEHICLE STRUCK PEDALCYCLIST, FRONT END AT ANGLE",,False,Clear or Partly Cloudy,Dry,Daylight,,,,5.0,Vehicle Strikes Pedalcyclist,0,0,False,0
-122.312568840855,47.6268783129393,197608,274817,275657,E774594,Matched,Intersection,28970.0,15TH AVE E AND E ALOHA ST, ,,1,Property Damage Only Collision,Angles,3,0,0,3,0,0,2018-02-28 00:00:00+00,2/28/2018 11:37:00 AM,At Intersection (intersection related),11,"MOTOR VEHICLE STRUCK MOTOR VEHICLE, FRONT END AT ANGLE",True,False,Raining,Wet,Daylight,,,,10.0,Entering at angle,0,0,False,0
-122.329711473802,47.6059446155827,197609,275679,276519,E773975,Matched,Block,,6TH AVE BETWEEN COLUMBIA ST AND MARION ST, ,,1,Property Damage Only Collision,Sideswipe,2,0,0,2,0,0,2018-02-24 00:00:00+00,2/24/2018 3:03:00 PM,Mid-Block (not related to intersection),11,"MOTOR VEHICLE STRUCK MOTOR VEHICLE, FRONT END AT ANGLE",,False,Clear or Partly Cloudy,Dry,Daylight,,,,11.0,From same direction - both going straight - both moving - sideswipe,0,0,False,0
-122.294550935299,47.5628978880624,197610,276102,276942,3754163,Matched,Intersection,484890.0,M L KING JR ER WAY S AND S OREGON ST, ,,2,Injury Collision,Angles,2,0,0,2,1,0,2018-03-12 00:00:00+00,3/12/2018 7:32:00 PM,At Intersection (intersection related),11,"MOTOR VEHICLE STRUCK MOTOR VEHICLE, FRONT END AT ANGLE",,False,Clear or Partly Cloudy,Dry,Dusk,,,,10.0,Entering at angle,0,0,False,0
-122.334118507613,47.606568603868,199497,279177,280077,3583886,Matched,Block,,SPRING ST BETWEEN 3RD AVE AND 4TH AVE, ,,2,Injury Collision,Pedestrian,2,1,0,1,1,0,2018-03-27 00:00:00+00,3/27/2018 5:45:00 PM,Mid-Block (but intersection related),24,MOTOR VEHCILE STRUCK PEDESTRIAN,True,False,Clear or Partly Cloudy,Dry,Daylight,,,,3.0,Vehicle backing hits pedestrian,0,0,False,0
-122.307622626929,47.608021074698,197611,274803,275646,3702504,Matched,Intersection,30177.0,19TH AVE AND E CHERRY ST, ,,2,Injury Collision,Pedestrian,2,0,1,1,1,0,2018-03-02 00:00:00+00,3/2/2018 11:13:00 AM,At Intersection (intersection related),51,PEDALCYCLIST STRUCK MOTOR VEHICLE FRONT END AT ANGLE,True,False,Overcast,Dry,Daylight,,,,5.0,Vehicle Strikes Pedalcyclist,0,0,False,0
-122.352899599009,47.6510536631179,197613,274613,275473,3705883,Matched,Block,,N 35TH ST BETWEEN PHINNEY AVE N AND EVANSTON AVE N, ,,1,Property Damage Only Collision,Parked Car,3,0,0,3,0,0,2018-03-08 00:00:00+00,3/8/2018 6:25:00 AM,Mid-Block (not related to intersection),14,"MOTOR VEHICLE STRUCK MOTOR VEHICLE, REAR END",True,False,Raining,Dry,Daylight,,,,32.0,One parked--one moving,0,0,True,0
-122.317826668465,47.6565942108585,197614,275340,276180,E774839,Matched,Block,,ROOSEVELT WAY NE BETWEEN NE 40TH ALLEY ST AND NE 41ST ST, ,,1,Property Damage Only Collision,Rear Ended,2,0,0,2,0,0,2018-03-01 00:00:00+00,3/1/2018 8:52:00 AM,Mid-Block (but intersection related),14,"MOTOR VEHICLE STRUCK MOTOR VEHICLE, REAR END",,False,Clear or Partly Cloudy,Dry,Daylight,,,,13.0,From same direction - both going straight - both moving - rear-end,0,0,False,0
-122.355124612794,47.5210327509844,197616,275339,276179,3744294,Matched,Intersection,35042.0,16TH AVE SW AND SW BARTON ST, ,,1,Property Damage Only Collision,Angles,2,0,0,2,0,0,2018-03-09 00:00:00+00,3/9/2018 6:52:00 PM,At Intersection (intersection related),11,"MOTOR VEHICLE STRUCK MOTOR VEHICLE, FRONT END AT ANGLE",,False,Clear or Partly Cloudy,Dry,Dark - Street Lights On,,,,10.0,Entering at angle,0,0,False,0
-122.324653839151,47.604608300271,197617,274612,275472,3702513,Matched,Block,,JEFFERSON ST BETWEEN DEAD END 2 AND 9TH AVE, ,,1,Property Damage Only Collision,Other,1,0,0,1,0,0,2018-03-08 00:00:00+00,3/8/2018 1:01:00 PM,Mid-Block (not related to intersection),28,MOTOR VEHICLE RAN OFF ROAD - HIT FIXED OBJECT,True,False,Clear or Partly Cloudy,Dry,Daylight,,,,50.0,Fixed object,0,0,False,0
-122.318437666086,47.597504523953,197619,274611,275471,3584963,Matched,Block,,S WELLER ST BETWEEN 10TH AVE S AND 12TH AVE S, ,,1,Property Damage Only Collision,Parked Car,3,0,0,3,0,0,2018-03-08 00:00:00+00,3/8/2018 3:23:00 AM,Mid-Block (not related to intersection),14,"MOTOR VEHICLE STRUCK MOTOR VEHICLE, REAR END",,False,Clear or Partly Cloudy,Dry,Dark - Street Lights On,,,,32.0,One parked--one moving,0,0,True,0
-122.294111711678,47.6625491576726,197620,275797,276637,E775388,Matched,Block,,UNION BAY PL NE BETWEEN NE 45TH ST AND 30TH AVE NE, ,,1,Property Damage Only Collision,Angles,2,0,0,2,0,0,2018-02-28 00:00:00+00,2/28/2018 1:23:00 PM,Driveway Junction,11,"MOTOR VEHICLE STRUCK MOTOR VEHICLE, FRONT END AT ANGLE",,False,Raining,Wet,Daylight,,,,10.0,Entering at angle,0,0,False,0
-122.334194505249,47.592395717056,197621,274610,275470,3506207,Matched,Intersection,30384.0,1ST AVE S AND S ROYAL BROUGHAM WAY,NEI,"Not Enough Information, or Insufficient Location Information",1,Property Damage Only Collision,Angles,2,0,0,2,0,0,2018-03-08 00:00:00+00,3/8/2018 10:00:00 PM,At Intersection (intersection related),0,NOT ENOUGH INFORMATION / NOT APPLICABLE,,False,Raining,Wet,Dark - Street Lights On,,,,10.0,Entering at angle,0,0,False,0
-122.372554315977,47.5373772296205,197622,275337,276177,3742426,Matched,Intersection,34037.0,31ST AVE SW AND SW OTHELLO ST, ,,2,Injury Collision,Angles,4,0,0,2,1,0,2018-03-08 00:00:00+00,3/8/2018 1:58:00 PM,At Intersection (intersection related),11,"MOTOR VEHICLE STRUCK MOTOR VEHICLE, FRONT END AT ANGLE",True,False,Raining,Wet,Daylight,,,,10.0,Entering at angle,0,0,False,0
-122.361848402477,47.5173632926214,197623,275317,276157,3742364,Matched,Intersection,34906.0,22ND AVE SW AND SW ROXBURY ST, ,,1,Property Damage Only Collision,Angles,2,0,0,2,0,0,2018-03-10 00:00:00+00,3/10/2018 6:39:00 PM,At Intersection (intersection related),11,"MOTOR VEHICLE STRUCK MOTOR VEHICLE, FRONT END AT ANGLE",,False,Clear or Partly Cloudy,Dry,Dark - No Street Lights,,,,10.0,Entering at angle,0,0,False,0