longitude,latitude,objectid,inckey,coldetkey,reportno,status,addrtype,intkey,location,exceptrsncode,exceptrsndesc,severitycode,severitydesc,collisiontype,personcount,pedcount,pedcylcount,vehcount,injuries,fatalities,incdate,incdttm,junctiontype,sdot_colcode,sdot_coldesc,inattentionind,underinfl,weather,roadcond,lightcond,pedrownotgrnt,sdotcolnum,speeding,st_colcode,st_coldesc,seglanekey,crosswalkkey,hitparkedcar,seriousinjuries
-122.330342447037,47.5999913145263,197624,275299,276139,E774610,Matched,Intersection,30503.0,2ND AV ET S AND S MAIN ST, ,,1,Property Damage Only Collision,Angles,2,0,0,2,0,0,2018-03-01 00:00:00+00,3/1/2018 11:29:00 AM,At Intersection (intersection related),11,"MOTOR VEHICLE STRUCK MOTOR VEHICLE, FRONT END AT ANGLE",,False,Clear or Partly Cloudy,Dry,Daylight,,,,10.0,Entering at angle,0,0,False,0
-122.302824318422,47.5750833981628,197625,274609,275469,3818672,Matched,Block,,S HANFORD ST BETWEEN 23RD AVE S AND HARRIS PL S, ,,1,Property Damage Only Collision,Parked Car,2,0,0,2,0,0,2018-03-07 00:00:00+00,3/7/2018 8:59:00 AM,Mid-Block (not related to intersection),11,"MOTOR VEHICLE STRUCK MOTOR VEHICLE, FRONT END AT ANGLE",,False,Clear or Partly Cloudy,Dry,Daylight,,,,32.0,One parked--one moving,0,0,False,0
-122.309512235782,47.661259252643,197626,274837,275677,E774216,Matched,Intersection,26092.0,17TH NB AVE NE AND NE 45TH ST, ,,2,Injury Collision,,2,0,1,1,1,0,2018-02-27 00:00:00+00,2/27/2018 1:51:00 PM,At Intersection (intersection related),51,PEDALCYCLIST STRUCK MOTOR VEHICLE FRONT END AT ANGLE,,False,Clear or Partly Cloudy,Dry,Daylight,,,,,,0,0,False,0
-122.329123594826,47.6086580954441,197744,272541,273381,3702452,Matched,Intersection,29926.0,8TH AVE AND SPRING ST, ,,2,Injury Collision,Angles,3,0,0,2,1,0,2018-02-25 00:00:00+00,2/25/2018 5:38:00 PM,At Intersection (intersection related),11,"MOTOR VEHICLE STRUCK MOTOR VEHICLE, FRONT END AT ANGLE",,False,Overcast,Dry,Dusk,,,,10.0,Entering at angle,0,0,False,0
-122.354837307004,47.5483234727547,197627,276137,276977,E776279,Matched,Block,,16TH AVE SW BETWEEN SW FINDLAY ST AND SW MORGAN ST, ,,1,Property Damage Only Collision,Head On,2,0,0,2,0,0,2018-02-27 00:00:00+00,2/27/2018 11:00:00 AM,Mid-Block (not related to intersection),11,"MOTOR VEHICLE STRUCK MOTOR VEHICLE, FRONT END AT ANGLE",,False,Clear or Partly Cloudy,Dry,Daylight,,,,30.0,From opposite direction - all others,0,0,False,0
-122.28563111156,47.546057245843,197629,274608,275468,3818671,Matched,Intersection,33645.0,M L KING JR WR WAY S AND S GRAHAM ST, ,,1,Property Damage Only Collision,Pedestrian,2,1,0,1,0,0,2018-03-06 00:00:00+00,3/6/2018 7:57:00 PM,At Intersection (intersection related),24,MOTOR VEHCILE STRUCK PEDESTRIAN,,False,Clear or Partly Cloudy,Dry,Dark - Street Lights On,,,,0.0,Vehicle going straight hits pedestrian,0,0,False,0
-122.323289785593,47.7090862930878,197630,275777,276617,E775387,Matched,Block,,5TH AVE NE BETWEEN NE NORTHGATE WAY AND NE 112TH S ST, ,,1,Property Damage Only Collision,Rear Ended,2,0,0,2,0,0,2018-03-04 00:00:00+00,3/4/2018 10:59:00 AM,Mid-Block (not related to intersection),14,"MOTOR VEHICLE STRUCK MOTOR VEHICLE, REAR END",True,False,Overcast,Dry,Daylight,,,,14.0,From same direction - both going straight - one stopped - rear-end,0,0,False,0
-122.301664800872,47.5829553356958,197631,274607,275467,3764997,Matched,Block,,RAINIER AVE S BETWEEN S COLLEGE N ST AND S COLLEGE S ST, ,,2,Injury Collision,Left Turn,3,0,0,2,1,0,2018-03-05 00:00:00+00,3/5/2018 8:23:00 AM,Mid-Block (not related to intersection),11,"MOTOR VEHICLE STRUCK MOTOR VEHICLE, FRONT END AT ANGLE",,False,Clear or Partly Cloudy,Dry,Daylight,,,,28.0,From opposite direction - one left turn - one straight,0,0,False,0
-122.342612495345,47.6110682243529,197632,275297,276137,3740034,Matched,Intersection,29582.0,1ST AVE AND VIRGINIA ST, ,,1,Property Damage Only Collision,Left Turn,6,0,0,2,0,0,2018-03-08 00:00:00+00,3/8/2018 10:50:00 PM,At Intersection (intersection related),11,"MOTOR VEHICLE STRUCK MOTOR VEHICLE, FRONT END AT ANGLE",,False,Clear or Partly Cloudy,Dry,Dark - Street Lights On,,,,28.0,From opposite direction - one left turn - one straight,0,0,False,0
-122.376210674744,47.6756344811611,197633,276140,276980,3754384,Matched,Block,,15TH AVE NW BETWEEN NW 64TH ST AND NW 65TH ST, ,,2,Injury Collision,Other,1,0,0,1,1,0,2018-03-13 00:00:00+00,3/13/2018 2:55:00 AM,Mid-Block (not related to intersection),26,MOTOR VEHICLE STRUCK OBJECT IN ROAD,,True,Clear or Partly Cloudy,Dry,Dark - Street Lights On,,,,50.0,Fixed object,0,0,False,0
-122.342501258212,47.6541200931623,197634,275286,276126,3737491,Matched,Intersection,26863.0,STONE WAY N AND N 39TH ST, ,,1,Property Damage Only Collision,Angles,3,0,0,2,0,0,2018-03-08 00:00:00+00,3/8/2018 5:14:00 PM,At Intersection (intersection related),11,"MOTOR VEHICLE STRUCK MOTOR VEHICLE, FRONT END AT ANGLE",,False,Raining,Wet,Daylight,,,,10.0,Entering at angle,0,0,False,0
-122.352101732094,47.6185890788597,197636,274606,275466,3754202,Matched,Block,,DENNY WAY BETWEEN 2ND AVE AND 3RD AVE, ,,1,Property Damage Only Collision,Rear Ended,2,0,0,2,0,0,2018-03-07 00:00:00+00,3/7/2018 3:30:00 PM,Mid-Block (not related to intersection),14,"MOTOR VEHICLE STRUCK MOTOR VEHICLE, REAR END",,False,Clear or Partly Cloudy,Dry,Daylight,,,,13.0,From same direction - both going straight - both moving - rear-end,0,0,False,0
-122.349305084717,47.6628742500592,197637,274917,275757,E774221,Matched,Block,,N 47TH ST BETWEEN FREMONT AVE N AND LINDEN AVE N, ,,1,Property Damage Only Collision,Parked Car,2,0,0,2,0,0,2018-02-26 00:00:00+00,2/26/2018,Mid-Block (not related to intersection),14,"MOTOR VEHICLE STRUCK MOTOR VEHICLE, REAR END",,False,Unknown,Unknown,Unknown,,,,32.0,One parked--one moving,0,0,False,0
-122.324617180217,47.7086028146454,197638,274898,275738,E774220,Matched,Block,,NE NORTHGATE WAY BETWEEN 3RD AVE NE AND 5TH AVE NE, ,,1,Property Damage Only Collision,Angles,2,0,0,2,0,0,2018-02-26 00:00:00+00,2/26/2018 4:05:00 PM,Driveway Junction,11,"MOTOR VEHICLE STRUCK MOTOR VEHICLE, FRONT END AT ANGLE",,False,Clear or Partly Cloudy,Dry,Daylight,,,True,10.0,Entering at angle,0,0,False,0
-122.280205181613,47.5536568878925,197639,274337,275177,E774013,Matched,Block,,RAINIER AVE S BETWEEN 42ND AVE S AND S BRANDON ST, ,,2,Injury Collision,Parked Car,3,0,0,3,1,0,2018-02-24 00:00:00+00,2/24/2018 2:33:00 AM,Mid-Block (not related to intersection),11,"MOTOR VEHICLE STRUCK MOTOR VEHICLE, FRONT END AT ANGLE",,False,Clear or Partly Cloudy,Wet,Dark - Street Lights On,,,,32.0,One parked--one moving,0,0,False,0
-122.360628230553,47.6245985870243,197640,274318,275158,E775238,Matched,Intersection,28635.0,3RD AVE W AND W MERCER ST, ,,1,Property Damage Only Collision,Angles,2,0,0,2,0,0,2018-02-24 00:00:00+00,2/24/2018 12:30:00 AM,At Intersection (intersection related),11,"MOTOR VEHICLE STRUCK MOTOR VEHICLE, FRONT END AT ANGLE",,False,Unknown,Unknown,Dark - Street Lights On,,,,10.0,Entering at angle,0,0,False,0
-122.317418442999,47.6125827426989,197641,274897,275737,E774838,Matched,Block,,E MADISON ST BETWEEN 11TH AVE AND 12TH AVE, ,,1,Property Damage Only Collision,Sideswipe,2,0,0,2,0,0,2018-02-28 00:00:00+00,2/28/2018 6:45:00 AM,Mid-Block (but intersection related),11,"MOTOR VEHICLE STRUCK MOTOR VEHICLE, FRONT END AT ANGLE",,False,Unknown,Unknown,Unknown,,,,12.0,From same direction - both going straight - one stopped - sideswipe,0,0,False,0
-122.313129658336,47.6612693658163,197643,274859,275699,E774219,Matched,Intersection,27062.0,UNIVERSITY WAY NE AND NE 45TH ST, ,,1,Property Damage Only Collision,Rear Ended,4,0,0,2,0,0,2018-02-26 00:00:00+00,2/26/2018 11:00:00 AM,At Intersection (intersection related),14,"MOTOR VEHICLE STRUCK MOTOR VEHICLE, REAR END",True,False,Clear or Partly Cloudy,Dry,Daylight,,,,14.0,From same direction - both going straight - one stopped - rear-end,0,0,False,0
-122.383492465428,47.6678291127331,197647,274257,275097,E771461,Matched,Block,,LEARY AVE NW BETWEEN NW VERNON PL AND NW MARKET ST, ,,2,Injury Collision,Rear Ended,2,0,0,2,1,0,2018-01-17 00:00:00+00,1/17/2018 6:40:00 PM,Mid-Block (but intersection related),14,"MOTOR VEHICLE STRUCK MOTOR VEHICLE, REAR END",,False,Unknown,Unknown,Dark - Street Lights On,,,,14.0,From same direction - both going straight - one stopped - rear-end,0,0,False,0
-122.333104419381,47.6869024649463,197648,274237,275077,E771460,Matched,Intersection,24236.0,MERIDIAN AVE N AND N 80TH ST, ,,2,Injury Collision,Left Turn,4,0,0,2,2,0,2018-01-23 00:00:00+00,1/23/2018 5:56:00 PM,At Intersection (intersection related),14,"MOTOR VEHICLE STRUCK MOTOR VEHICLE, REAR END",,False,Raining,Wet,Dark - Street Lights On,,,,15.0,From same direction - one left turn - one straight,0,0,False,0
-122.337953096656,47.6905124914249,197649,274857,275697,E774218,Matched,Intersection,37374.0,DENSMORE AVE N AND N 85TH ST, ,,1,Property Damage Only Collision,Other,4,0,0,1,0,0,2018-02-23 00:00:00+00,2/23/2018 6:06:00 PM,At Intersection (intersection related),28,MOTOR VEHICLE RAN OFF ROAD - HIT FIXED OBJECT,,False,Overcast,Wet,Dark - Street Lights On,,,,50.0,Fixed object,0,0,False,0
-122.306670825227,47.7338829912648,197650,274217,275057,E771261,Matched,Block,,NE 145TH ST BETWEEN 20TH AVE NE AND 22ND AVE NE, ,,2,Injury Collision,Rear Ended,5,0,0,3,1,0,2018-01-27 00:00:00+00,1/27/2018 11:48:00 AM,Mid-Block (but intersection related),14,"MOTOR VEHICLE STRUCK MOTOR VEHICLE, REAR END",,False,Overcast,Wet,Daylight,,,,14.0,From same direction - both going straight - one stopped - rear-end,0,0,False,0
-122.390654786,47.5548292381796,197651,275341,276181,3744317,Matched,Intersection,32881.0,46TH AVE SW AND SW ENGLEWOOD ST, ,,1,Property Damage Only Collision,Parked Car,2,0,0,2,0,0,2018-03-10 00:00:00+00,3/10/2018 1:30:00 PM,At Intersection (intersection related),11,"MOTOR VEHICLE STRUCK MOTOR VEHICLE, FRONT END AT ANGLE",,False,Clear or Partly Cloudy,Dry,Daylight,,,,32.0,One parked--one moving,0,0,True,0
-122.318168828644,47.6158370316344,197652,274637,275497,E774404,Matched,Block,,11TH AVE BETWEEN E PINE ST AND E OLIVE ST, ,,1,Property Damage Only Collision,Other,2,0,0,2,0,0,2018-02-28 00:00:00+00,2/28/2018 11:31:00 AM,Mid-Block (not related to intersection),11,"MOTOR VEHICLE STRUCK MOTOR VEHICLE, FRONT END AT ANGLE",True,False,Raining,Wet,Daylight,,,,23.0,From same direction - all others,0,0,False,0
-122.28730318707,47.7173452685957,197653,274627,275487,E774403,Matched,Intersection,36800.0,38TH AVE NE AND NE 123RD ST, ,,1,Property Damage Only Collision,Angles,2,0,0,2,0,0,2018-02-27 00:00:00+00,2/27/2018 10:12:00 AM,At Intersection (intersection related),11,"MOTOR VEHICLE STRUCK MOTOR VEHICLE, FRONT END AT ANGLE",True,False,Overcast,Dry,Daylight,,,,10.0,Entering at angle,0,0,False,0
-122.33300838644,47.6070330793381,197655,276657,277497,E777003,Matched,Block,,SPRING ST BETWEEN 4TH AVE AND 5TH AVE, ,,1,Property Damage Only Collision,Angles,6,0,0,2,0,0,2018-03-07 00:00:00+00,3/7/2018 12:37:00 PM,Mid-Block (not related to intersection),11,"MOTOR VEHICLE STRUCK MOTOR VEHICLE, FRONT END AT ANGLE",True,False,Overcast,Dry,Daylight,,,,10.0,Entering at angle,0,0,False,0
-122.367109328565,47.5713915598041,197656,276617,277457,E776238,Matched,Block,,SW SPOKANE SR ST BETWEEN 26TH AV SW ON RP AND SW ADMIRAL SR WAY, ,,1,Property Damage Only Collision,Rear Ended,3,0,0,2,0,0,2018-03-05 00:00:00+00,3/5/2018 1:09:00 PM,Mid-Block (not related to intersection),14,"MOTOR VEHICLE STRUCK MOTOR VEHICLE, REAR END",,False,Clear or Partly Cloudy,Dry,Daylight,,,,13.0,From same direction - both going straight - both moving - rear-end,0,0,False,0
-122.342705540727,47.6499753267756,197657,274625,275485,E774401,Matched,Block,,STONE WAY N BETWEEN N 35TH ST AND N 36TH ST, ,,2,Injury Collision,Parked Car,3,0,0,2,1,0,2018-02-27 00:00:00+00,2/27/2018 12:15:00 PM,Mid-Block (not related to intersection),11,"MOTOR VEHICLE STRUCK MOTOR VEHICLE, FRONT END AT ANGLE",True,False,Overcast,Dry,Daylight,,,,20.0,One car leaving parked position,0,0,False,0
-122.332347114026,47.6208153723823,197658,276597,277437,E776069,Matched,Block,,THOMAS ST BETWEEN MINOR AVE N AND PONTIUS AVE N, ,,1,Property Damage Only Collision,Parked Car,3,0,0,3,0,0,2018-03-05 00:00:00+00,3/5/2018 11:03:00 AM,Mid-Block (not related to intersection),16,"MOTOR VEHICLE STRUCK MOTOR VEHICLE, LEFT SIDE SIDESWIPE",True,False,Clear or Partly Cloudy,Dry,Daylight,,,,32.0,One parked--one moving,0,0,True,0
-122.344552043612,47.6930978910493,197659,274624,275484,E774400,Matched,Block,,AURORA AVE N BETWEEN N 88TH N ST AND N 89TH ST, ,,2,Injury Collision,Rear Ended,2,0,0,2,1,0,2018-02-27 00:00:00+00,2/27/2018 8:24:00 AM,Mid-Block (not related to intersection),14,"MOTOR VEHICLE STRUCK MOTOR VEHICLE, REAR END",True,False,Overcast,Dry,Daylight,,,,14.0,From same direction - both going straight - one stopped - rear-end,0,0,False,0
-122.332800666124,47.61183774388,197660,274990,275830,3742259,Matched,Block,,PIKE ST BETWEEN 7TH AVE AND 8TH AVE, ,,1,Property Damage Only Collision,Sideswipe,2,0,0,2,0,0,2018-02-08 00:00:00+00,2/8/2018 9:45:00 AM,Mid-Block (not related to intersection),11,"MOTOR VEHICLE STRUCK MOTOR VEHICLE, FRONT END AT ANGLE",,False,Unknown,Unknown,Daylight,,,,11.0,From same direction - both going straight - both moving - sideswipe,0,0,False,0
-122.339105550366,47.6869261197867,197661,274623,275483,E774399,Matched,Intersection,24230.0,ASHWORTH AVE N AND N 80TH ST, ,,1,Property Damage Only Collision,Angles,2,0,0,2,0,0,2018-02-27 00:00:00+00,2/27/2018 7:24:00 AM,At Intersection (intersection related),14,"MOTOR VEHICLE STRUCK MOTOR VEHICLE, REAR END",,False,Overcast,Dry,Daylight,,,,10.0,Entering at angle,0,0,False,0
-122.317805052128,47.623117980128,197662,276579,277419,E776260,Matched,Intersection,29016.0,11TH AVE E AND E REPUBLICAN ST, ,,1,Property Damage Only Collision,Angles,2,0,0,2,0,0,2018-03-01 00:00:00+00,3/1/2018 10:30:00 AM,At Intersection (intersection related),11,"MOTOR VEHICLE STRUCK MOTOR VEHICLE, FRONT END AT ANGLE",,False,Clear or Partly Cloudy,Dry,Daylight,,,,10.0,Entering at angle,0,0,False,0
-122.335586466815,47.603982238495,197663,276578,277418,E776234,Matched,Intersection,29622.0,1ST AVE AND MARION ST, ,,1,Property Damage Only Collision,Angles,2,0,0,2,0,0,2018-03-04 00:00:00+00,3/4/2018 10:38:00 PM,At Intersection (intersection related),11,"MOTOR VEHICLE STRUCK MOTOR VEHICLE, FRONT END AT ANGLE",True,False,Clear or Partly Cloudy,Wet,Dark - Street Lights On,,,,10.0,Entering at angle,0,0,False,0
-122.317229777128,47.600014558454,197664,276577,277417,E776232,Matched,Intersection,30423.0,12TH AVE S AND S MAIN ST, ,,1,Property Damage Only Collision,Angles,3,0,0,2,0,0,2018-03-03 00:00:00+00,3/3/2018 7:03:00 PM,At Intersection (intersection related),11,"MOTOR VEHICLE STRUCK MOTOR VEHICLE, FRONT END AT ANGLE",,False,Clear or Partly Cloudy,Dry,Dark - Street Lights On,,,,10.0,Entering at angle,0,0,False,0
-122.297816010998,47.7149119259745,197667,275358,276198,E774849,Matched,Block,,LAKE CITY WAY NE BETWEEN NE 117TH ST AND NE 120TH ST, ,,1,Property Damage Only Collision,Sideswipe,2,0,0,2,0,0,2018-03-01 00:00:00+00,3/1/2018 7:39:00 AM,Mid-Block (not related to intersection),11,"MOTOR VEHICLE STRUCK MOTOR VEHICLE, FRONT END AT ANGLE",,False,Overcast,Wet,Daylight,,,,11.0,From same direction - both going straight - both moving - sideswipe,0,0,False,0
-122.349239887049,47.6541380488374,197671,274357,275197,E774038,Matched,Intersection,27060.0,FREMONT LN N AND N 39TH ST, ,,1,Property Damage Only Collision,Sideswipe,2,0,0,2,0,0,2018-02-27 00:00:00+00,2/27/2018 6:36:00 AM,At Intersection (intersection related),11,"MOTOR VEHICLE STRUCK MOTOR VEHICLE, FRONT END AT ANGLE",,False,Clear or Partly Cloudy,Dry,Dark - Street Lights On,,,,11.0,From same direction - both going straight - both moving - sideswipe,0,0,False,0
-122.321438928664,47.5475029545226,197672,276559,277399,E775932,Matched,Intersection,33135.0,CORSON AVE S AND S MICHIGAN ST, ,,2,Injury Collision,Left Turn,4,0,0,2,1,0,2018-03-03 00:00:00+00,3/3/2018 7:20:00 PM,At Intersection (intersection related),11,"MOTOR VEHICLE STRUCK MOTOR VEHICLE, FRONT END AT ANGLE",,False,Clear or Partly Cloudy,Dry,Dark - Street Lights On,,,,15.0,From same direction - one left turn - one straight,0,0,False,0
-122.348911693309,47.6541369548791,197673,276158,276998,E775811,Matched,Block,,N 39TH ST BETWEEN FREMONT LN N AND LINDEN AVE N,NEI,"Not Enough Information, or Insufficient Location Information",1,Property Damage Only Collision,Parked Car,2,0,0,2,0,0,2018-03-02 00:00:00+00,3/2/2018,Mid-Block (not related to intersection),13,"MOTOR VEHICLE STRUCK MOTOR VEHICLE, LEFT SIDE AT ANGLE",,False,Unknown,Dry,Unknown,,,,32.0,One parked--one moving,0,0,True,0
-122.345095279014,47.7339714890962,197674,276157,276997,3754385,Matched,Block,,AURORA AVE N BETWEEN ROOSEVELT WAY N AND N 145TH ST, ,,1,Property Damage Only Collision,Sideswipe,4,0,0,2,0,0,2018-03-13 00:00:00+00,3/13/2018 9:52:00 PM,Mid-Block (not related to intersection),11,"MOTOR VEHICLE STRUCK MOTOR VEHICLE, FRONT END AT ANGLE",,False,Overcast,Wet,Dark - Street Lights On,,,,11.0,From same direction - both going straight - both moving - sideswipe,0,0,False,0
-122.280846400619,47.5354048022353,197676,270857,271697,E769091,Matched,Intersection,164360.0,M L KING JR WR WAY S AND S WEBSTER ST, ,,1,Property Damage Only Collision,Angles,2,0,0,2,0,0,2018-02-11 00:00:00+00,2/11/2018 12:23:00 PM,At Intersection (intersection related),11,"MOTOR VEHICLE STRUCK MOTOR VEHICLE, FRONT END AT ANGLE",,False,Clear or Partly Cloudy,Dry,Daylight,,,,10.0,Entering at angle,0,0,False,0
-122.330010150988,47.6122585912373,197677,270198,270998,3702320,Matched,Block,,HUBBELL PL BETWEEN 9TH AVE AND PIKE ST, ,,1,Property Damage Only Collision,Parked Car,2,0,0,2,0,0,2018-02-13 00:00:00+00,2/13/2018 8:20:00 PM,Mid-Block (not related to intersection),14,"MOTOR VEHICLE STRUCK MOTOR VEHICLE, REAR END",,False,Raining,Wet,Dark - Street Lights On,,,,32.0,One parked--one moving,0,0,False,0
-122.335569928895,47.5217841204985,197680,270197,270997,3605958,Matched,Block,,OLSON PL SW BETWEEN 1ST AVE S AND 2ND AVE SW, ,,2,Injury Collision,Rear Ended,4,0,0,2,1,0,2018-02-12 00:00:00+00,2/12/2018 3:05:00 PM,Mid-Block (not related to intersection),14,"MOTOR VEHICLE STRUCK MOTOR VEHICLE, REAR END",,False,Clear or Partly Cloudy,Dry,Daylight,,,,14.0,From same direction - both going straight - one stopped - rear-end,0,0,False,0
-122.306136441453,47.6172633159154,197682,270177,270977,E767647,Matched,Intersection,30114.0,20TH AVE AND E MADISON ST, ,,1,Property Damage Only Collision,Left Turn,6,0,0,2,0,0,2018-02-06 00:00:00+00,2/6/2018 6:08:00 PM,At Intersection (intersection related),11,"MOTOR VEHICLE STRUCK MOTOR VEHICLE, FRONT END AT ANGLE",,True,Clear or Partly Cloudy,Dry,Dark - Street Lights On,,,,28.0,From opposite direction - one left turn - one straight,0,0,False,0
-122.298759953432,47.6251690888427,197683,270862,271702,E769102,Matched,Intersection,29230.0,26TH AVE E AND E ROY ST, ,,2,Injury Collision,Angles,3,0,0,2,1,0,2018-02-08 00:00:00+00,2/8/2018 6:12:00 PM,At Intersection (intersection related),14,"MOTOR VEHICLE STRUCK MOTOR VEHICLE, REAR END",,False,Raining,Wet,Dark - Street Lights On,,,,10.0,Entering at angle,0,0,False,0
-122.347215777283,47.6883887346167,197685,269198,269998,3579099,Matched,Intersection,24274.0,LINDEN AVE N AND N 82ND ST, ,,1,Property Damage Only Collision,Angles,2,0,0,2,0,0,2018-02-04 00:00:00+00,2/4/2018 7:35:00 PM,At Intersection (intersection related),11,"MOTOR VEHICLE STRUCK MOTOR VEHICLE, FRONT END AT ANGLE",,True,Clear or Partly Cloudy,Dry,Dark - Street Lights On,,,,10.0,Entering at angle,0,0,False,0
-122.358466964474,47.5228641927776,197686,269197,269997,E765274,Matched,Block,,SW HENDERSON ST BETWEEN 18TH AVE SW AND 20TH AVE SW, ,,1,Property Damage Only Collision,Rear Ended,2,0,0,2,0,0,2018-01-25 00:00:00+00,1/25/2018 1:56:00 PM,Mid-Block (but intersection related),14,"MOTOR VEHICLE STRUCK MOTOR VEHICLE, REAR END",,False,Overcast,Wet,Daylight,,,,14.0,From same direction - both going straight - one stopped - rear-end,0,0,False,0
-122.308184866153,47.612900017912,197690,270861,271701,E769101,Matched,Block,,E UNION ST BETWEEN 18TH AVE AND 19TH AVE, ,,2,Injury Collision,Angles,5,0,0,2,1,0,2018-01-13 00:00:00+00,1/13/2018 9:28:00 PM,Mid-Block (not related to intersection),11,"MOTOR VEHICLE STRUCK MOTOR VEHICLE, FRONT END AT ANGLE",,False,Clear or Partly Cloudy,Wet,Dark - Street Lights On,,,,10.0,Entering at angle,0,0,False,0
-122.328965090886,47.6000360177673,197691,270137,270937,E767656,Matched,Intersection,30502.0,4TH AVE S AND S MAIN ST, ,,1,Property Damage Only Collision,Right Turn,3,0,0,2,0,0,2018-02-06 00:00:00+00,2/6/2018 1:51:00 PM,At Intersection (intersection related),11,"MOTOR VEHICLE STRUCK MOTOR VEHICLE, FRONT END AT ANGLE",,False,Overcast,Dry,Daylight,,,,16.0,From same direction - one right turn - one straight,0,0,False,0
-122.26998317876,47.5261708222648,197692,270121,270921,E767703,Matched,Intersection,35427.0,RAINIER AVE S AND S CLOVERDALE ST, ,,1,Property Damage Only Collision,Other,2,0,0,2,0,0,2018-02-09 00:00:00+00,2/9/2018 4:26:00 PM,At Intersection (but not related to intersection),14,"MOTOR VEHICLE STRUCK MOTOR VEHICLE, REAR END",,False,Overcast,Dry,Dusk,,,,23.0,From same direction - all others,0,0,False,0
-122.312376969362,47.5794712083096,197693,270120,270920,E767702,Matched,Intersection,31602.0,BEACON AVE S AND S LANDER ST, ,,2,Injury Collision,Pedestrian,2,1,0,1,2,0,2018-01-25 00:00:00+00,1/25/2018 3:16:00 PM,At Intersection (but not related to intersection),24,MOTOR VEHCILE STRUCK PEDESTRIAN,,False,Clear or Partly Cloudy,Unknown,Daylight,True,,,0.0,Vehicle going straight hits pedestrian,0,0,False,0
-122.302697835998,47.5531850491505,197696,270118,270918,E767700,Matched,Block,,BEACON WR AVE S BETWEEN S BRANDON ST AND S VERN CT, ,,1,Property Damage Only Collision,Parked Car,3,0,0,3,0,0,2018-01-28 00:00:00+00,1/28/2018 12:52:00 PM,Mid-Block (not related to intersection),14,"MOTOR VEHICLE STRUCK MOTOR VEHICLE, REAR END",,False,Clear or Partly Cloudy,Unknown,Daylight,,,,32.0,One parked--one moving,0,0,False,0
-122.320067289326,47.6080700424916,197698,269717,270517,E766896,Matched,Block,,E CHERRY ST BETWEEN BROADWAY AND DEAD END, ,,1,Property Damage Only Collision,Other,1,0,0,1,0,0,2018-02-01 00:00:00+00,2/1/2018 10:25:00 AM,Mid-Block (not related to intersection),26,MOTOR VEHICLE STRUCK OBJECT IN ROAD,,False,Raining,Wet,Daylight,,,,50.0,Fixed object,0,0,False,0
-122.32168580219,47.6510475111688,197699,270860,271700,E769100,Matched,Block,,EASTLAKE AVE E BETWEEN HARVARD AVE E AND FUHRMAN AVE E, ,,2,Injury Collision,Other,2,0,0,1,1,0,2018-02-01 00:00:00+00,2/1/2018 5:15:00 PM,Mid-Block (not related to intersection),26,MOTOR VEHICLE STRUCK OBJECT IN ROAD,True,False,Raining,Wet,Dark - Street Lights On,,,,50.0,Fixed object,0,0,False,0
-122.336029062407,47.6111749274888,197700,269697,270497,E766202,Matched,Block,,5TH AVE BETWEEN PIKE ST AND PINE ST, ,,1,Property Damage Only Collision,Parked Car,2,0,0,2,0,0,2018-01-31 00:00:00+00,1/31/2018 10:55:00 AM,Mid-Block (not related to intersection),14,"MOTOR VEHICLE STRUCK MOTOR VEHICLE, REAR END",,False,Unknown,Unknown,Unknown,,,,32.0,One parked--one moving,0,0,True,0
-122.312743844373,47.5829797749054,197703,275417,276257,E774858,Matched,Block,,S COLLEGE ST BETWEEN 15TH AVE S AND 16TH AVE S, ,,1,Property Damage Only Collision,Other,2,0,0,2,0,0,2018-02-05 00:00:00+00,2/5/2018 2:40:00 PM,Mid-Block (but intersection related),11,"MOTOR VEHICLE STRUCK MOTOR VEHICLE, FRONT END AT ANGLE",,False,Overcast,Dry,Daylight,,,,23.0,From same direction - all others,0,0,False,0
-122.323109765057,47.5966711525192,197704,269677,270477,E766887,Matched,Block,,S LANE ST BETWEEN 7TH AVE S AND 8TH AVE S, ,,1,Property Damage Only Collision,Parked Car,2,0,0,2,0,0,2018-01-30 00:00:00+00,1/30/2018 2:12:00 PM,Mid-Block (not related to intersection),14,"MOTOR VEHICLE STRUCK MOTOR VEHICLE, REAR END",True,False,Clear or Partly Cloudy,Dry,Daylight,,,,32.0,One parked--one moving,0,0,False,0
-122.300651547215,47.6757742200874,197705,269657,270457,E766886,Matched,Intersection,24695.0,25TH AVE NE AND NE 65TH ST, ,,2,Injury Collision,Angles,2,0,0,2,1,0,2018-02-02 00:00:00+00,2/2/2018 4:07:00 PM,At Intersection (intersection related),11,"MOTOR VEHICLE STRUCK MOTOR VEHICLE, FRONT END AT ANGLE",,False,Raining,Wet,Daylight,,,,10.0,Entering at angle,0,0,False,0
-122.286193666328,47.5893116264533,197706,270877,271717,E769107,Matched,Block,,LAKESIDE AVE S BETWEEN S DAY ST AND S ATLANTIC ST, ,,1,Property Damage Only Collision,Rear Ended,3,0,0,3,0,0,2018-02-13 00:00:00+00,2/13/2018 10:03:00 AM,Mid-Block (not related to intersection),14,"MOTOR VEHICLE STRUCK MOTOR VEHICLE, REAR END",,False,Clear or Partly Cloudy,Dry,Daylight,,,,13.0,From same direction - both going straight - both moving - rear-end,0,0,False,0