longitude,latitude,objectid,inckey,coldetkey,reportno,status,addrtype,intkey,location,exceptrsncode,exceptrsndesc,severitycode,severitydesc,collisiontype,personcount,pedcount,pedcylcount,vehcount,injuries,fatalities,incdate,incdttm,junctiontype,sdot_colcode,sdot_coldesc,inattentionind,underinfl,weather,roadcond,lightcond,pedrownotgrnt,sdotcolnum,speeding,st_colcode,st_coldesc,seglanekey,crosswalkkey,hitparkedcar,seriousinjuries
-122.363392410796,47.7010549646977,197708,269637,270437,E766885,Matched,Intersection,37126.0,6TH AVE NW AND HOLMAN RD NW, ,,2,Injury Collision,Pedestrian,2,1,0,1,1,0,2018-01-31 00:00:00+00,1/31/2018 11:19:00 AM,At Intersection (intersection related),24,MOTOR VEHCILE STRUCK PEDESTRIAN,,False,Clear or Partly Cloudy,Dry,Daylight,True,,,2.0,Vehicle turning left hits pedestrian,0,522669,False,0
-122.320872892097,47.6199077468642,197709,270859,271699,E769099,Matched,Intersection,29052.0,BROADWAY E AND E OLIVE WAY, ,,1,Property Damage Only Collision,Left Turn,2,0,0,2,0,0,2018-01-13 00:00:00+00,1/13/2018 8:28:00 PM,At Intersection (intersection related),11,"MOTOR VEHICLE STRUCK MOTOR VEHICLE, FRONT END AT ANGLE",,False,Clear or Partly Cloudy,Dry,Dark - Street Lights On,,,,28.0,From opposite direction - one left turn - one straight,0,0,False,0
-122.339119479429,47.6111998748678,197710,269636,270436,E766884,Matched,Block,,3RD AVE BETWEEN PINE ST AND STEWART ST, ,,1,Property Damage Only Collision,Sideswipe,2,0,0,2,0,0,2018-01-24 00:00:00+00,1/24/2018 4:36:00 PM,Mid-Block (not related to intersection),14,"MOTOR VEHICLE STRUCK MOTOR VEHICLE, REAR END",,False,Raining,Wet,Daylight,,,,11.0,From same direction - both going straight - both moving - sideswipe,0,0,False,0
-122.391902790171,47.5812135329032,197712,275360,276200,3745435,Matched,Intersection,31155.0,47TH AVE SW AND SW ADMIRAL WAY, ,,1,Property Damage Only Collision,Other,1,0,0,1,0,0,2018-03-05 00:00:00+00,3/5/2018 1:22:00 AM,At Intersection (intersection related),28,MOTOR VEHICLE RAN OFF ROAD - HIT FIXED OBJECT,,False,Clear or Partly Cloudy,Dry,Dark - Street Lights On,,,,50.0,Fixed object,0,0,False,0
-122.380092720653,47.5622570305182,197713,275359,276199,3745434,Matched,Intersection,31915.0,38TH AVE SW AND FAUNTLEROY WAY SW, ,,1,Property Damage Only Collision,Pedestrian,2,1,0,1,0,0,2018-03-02 00:00:00+00,3/2/2018 5:41:00 PM,At Intersection (intersection related),24,MOTOR VEHCILE STRUCK PEDESTRIAN,,False,Clear or Partly Cloudy,Dry,Daylight,,,,0.0,Vehicle going straight hits pedestrian,0,0,False,0
-122.309620144343,47.6612593920279,197714,270858,271698,E769098,Matched,Block,,NE 45TH ST BETWEEN 17TH SB AVE NE AND 17TH NB AVE NE, ,,1,Property Damage Only Collision,Rear Ended,10,0,0,4,0,0,2018-02-03 00:00:00+00,2/3/2018 6:15:00 PM,Mid-Block (not related to intersection),14,"MOTOR VEHICLE STRUCK MOTOR VEHICLE, REAR END",,False,Raining,Wet,Dark - Street Lights On,,,,14.0,From same direction - both going straight - one stopped - rear-end,0,0,False,0
-122.358224082677,47.6436733264126,197715,273202,274042,3732315,Matched,Block,,1ST AVE W BETWEEN W RAYE ST AND W NEWELL ST, ,,1,Property Damage Only Collision,Parked Car,2,0,0,2,0,0,2018-02-27 00:00:00+00,2/27/2018 7:15:00 PM,Mid-Block (not related to intersection),15,"MOTOR VEHICLE STRUCK MOTOR VEHICLE, RIGHT SIDE SIDESWIPE",True,False,Clear or Partly Cloudy,Dry,Dark - Street Lights On,,,,32.0,One parked--one moving,0,0,False,0
-122.324457984735,47.6140944655583,197716,273201,274041,3702454,Matched,Intersection,29876.0,BELMONT AVE AND E PIKE ST, ,,2,Injury Collision,Pedestrian,2,1,0,1,1,0,2018-02-28 00:00:00+00,2/28/2018 7:13:00 PM,At Intersection (intersection related),24,MOTOR VEHCILE STRUCK PEDESTRIAN,,False,Raining,Wet,Dark - Street Lights On,,,,0.0,Vehicle going straight hits pedestrian,0,0,False,0
-122.307925046498,47.5945166326947,197717,272104,272944,E771366,Matched,Intersection,30792.0,DAVIS PL S AND S CHARLES ST, ,,2,Injury Collision,Pedestrian,2,1,0,1,1,0,2018-02-16 00:00:00+00,2/16/2018 9:37:00 AM,At Intersection (intersection related),24,MOTOR VEHCILE STRUCK PEDESTRIAN,,False,Overcast,Wet,Daylight,True,,,0.0,Vehicle going straight hits pedestrian,0,0,False,0
-122.325841163916,47.7031602444063,197718,269204,270004,E764987,Matched,Intersection,504366.0,3RD AVE NE AND NE 103RD ST, ,,2,Injury Collision,Pedestrian,2,0,1,1,1,0,2018-01-23 00:00:00+00,1/23/2018 2:40:00 PM,At Intersection (intersection related),11,"MOTOR VEHICLE STRUCK MOTOR VEHICLE, FRONT END AT ANGLE",,False,Clear or Partly Cloudy,Wet,Daylight,True,,,5.0,Vehicle Strikes Pedalcyclist,0,0,False,0
-122.317546381683,47.6863754408488,197719,272103,272943,E771365,Matched,Block,,ROOSEVELT WAY NE BETWEEN NE 79TH ST AND NE 80TH ST, ,,1,Property Damage Only Collision,Rear Ended,3,0,0,3,0,0,2018-02-15 00:00:00+00,2/15/2018 1:23:00 PM,Mid-Block (not related to intersection),14,"MOTOR VEHICLE STRUCK MOTOR VEHICLE, REAR END",True,False,Overcast,Dry,Daylight,,,,14.0,From same direction - both going straight - one stopped - rear-end,0,0,False,0
-122.302233451386,47.5992812926852,197720,273199,274039,3702437,Matched,Intersection,30757.0,23RD AVE S AND S JACKSON ST, ,,1,Property Damage Only Collision,Left Turn,8,0,0,2,0,0,2018-02-28 00:00:00+00,2/28/2018 6:44:00 PM,At Intersection (intersection related),11,"MOTOR VEHICLE STRUCK MOTOR VEHICLE, FRONT END AT ANGLE",,False,Raining,Wet,Dark - Street Lights On,,,,28.0,From opposite direction - one left turn - one straight,0,0,False,0
-122.304609244824,47.6471511429673,197721,272102,272942,E771364,Matched,Block,,MONTLAKE BR BETWEEN MONTLAKE BLVD E AND POINT A, ,,2,Injury Collision,Rear Ended,2,0,0,2,1,0,2018-02-15 00:00:00+00,2/15/2018 12:15:00 PM,Mid-Block (not related to intersection),14,"MOTOR VEHICLE STRUCK MOTOR VEHICLE, REAR END",True,False,Overcast,Dry,Daylight,,,,13.0,From same direction - both going straight - both moving - rear-end,0,0,False,0
-122.32345716258,47.6426082270887,197722,273198,274038,3584947,Matched,Block,,BOYLSTON AVE E BETWEEN E LOUISA ST AND E ROANOKE ST, ,,1,Property Damage Only Collision,Angles,4,0,0,4,0,0,2018-02-28 00:00:00+00,2/28/2018 1:57:00 PM,Mid-Block (not related to intersection),11,"MOTOR VEHICLE STRUCK MOTOR VEHICLE, FRONT END AT ANGLE",,False,Raining,Wet,Daylight,,,,10.0,Entering at angle,0,0,False,0
-122.335320659507,47.6185216339527,197723,269202,270002,3584930,Matched,Intersection,29505.0,BOREN AVE AND DENNY WAY, ,,1,Property Damage Only Collision,Angles,2,0,0,2,0,0,2018-02-06 00:00:00+00,2/6/2018 4:08:00 PM,At Intersection (intersection related),11,"MOTOR VEHICLE STRUCK MOTOR VEHICLE, FRONT END AT ANGLE",,False,Overcast,Wet,Daylight,,,,10.0,Entering at angle,0,0,False,0
-122.331580821675,47.5982876539249,197724,273197,274037,3584946,Matched,Intersection,30520.0,2ND AVE S AND S KING ST, ,,1,Property Damage Only Collision,Left Turn,2,0,0,2,0,0,2018-02-28 00:00:00+00,2/28/2018 1:41:00 PM,At Intersection (intersection related),11,"MOTOR VEHICLE STRUCK MOTOR VEHICLE, FRONT END AT ANGLE",,False,Raining,Wet,Daylight,,,,29.0,From opposite direction - one left turn - one right turn,0,0,False,0
-122.328967514649,47.5991968896655,197763,272106,272946,E771439,Matched,Intersection,30509.0,4TH AVE S AND S JACKSON ST, ,,1,Property Damage Only Collision,Angles,4,0,0,2,0,0,2018-02-10 00:00:00+00,2/10/2018 3:35:00 PM,At Intersection (intersection related),11,"MOTOR VEHICLE STRUCK MOTOR VEHICLE, FRONT END AT ANGLE",,False,Clear or Partly Cloudy,Dry,Daylight,,,,10.0,Entering at angle,0,0,False,0
-122.37615412933,47.6396545535259,197725,272101,272941,E771363,Matched,Block,,15TH AVE W BETWEEN W BOSTON ST AND W WHEELER ST, ,,1,Property Damage Only Collision,Sideswipe,3,0,0,3,0,0,2018-02-13 00:00:00+00,2/13/2018 9:21:00 AM,Mid-Block (not related to intersection),14,"MOTOR VEHICLE STRUCK MOTOR VEHICLE, REAR END",,False,Clear or Partly Cloudy,Dry,Daylight,,,,11.0,From same direction - both going straight - both moving - sideswipe,0,0,False,0
-122.304591258855,47.6489974041029,197726,272099,272939,E771361,Matched,Intersection,27299.0,MONTLAKE BLVD NE AND NE PACIFIC ST, ,,1,Property Damage Only Collision,Sideswipe,2,0,0,2,0,0,2018-02-15 00:00:00+00,2/15/2018 8:14:00 AM,At Intersection (intersection related),11,"MOTOR VEHICLE STRUCK MOTOR VEHICLE, FRONT END AT ANGLE",,False,Clear or Partly Cloudy,Dry,Daylight,,,,11.0,From same direction - both going straight - both moving - sideswipe,0,0,False,0
-122.334205838808,47.5698902847499,197728,273177,274017,E773605,Matched,Block,,1ST AVE S BETWEEN S SPOKANE SR ST AND S ANDOVER ST,NEI,"Not Enough Information, or Insufficient Location Information",1,Property Damage Only Collision,Parked Car,2,0,0,2,0,0,2018-02-07 00:00:00+00,2/7/2018 6:30:00 AM,Mid-Block (not related to intersection),13,"MOTOR VEHICLE STRUCK MOTOR VEHICLE, LEFT SIDE AT ANGLE",,False,Overcast,Dry,Daylight,,,,32.0,One parked--one moving,0,0,True,0
-122.32546481583,47.6186924612817,197730,269201,270001,3584928,Matched,Block,,E OLIVE WAY BETWEEN E DENNY WAY AND SUMMIT AVE E,NEI,"Not Enough Information, or Insufficient Location Information",2,Injury Collision,Sideswipe,3,0,0,2,1,0,2018-02-04 00:00:00+00,2/4/2018 10:30:00 PM,,0,NOT ENOUGH INFORMATION / NOT APPLICABLE,,False,Clear or Partly Cloudy,Dry,Dark - Street Lights On,,,,11.0,From same direction - both going straight - both moving - sideswipe,0,0,False,0
-122.397582999961,47.6899414147026,197731,272560,273400,3736498,Matched,Block,,LOYAL WAY NW BETWEEN 31ST AVE NW AND NW 85TH ST, ,,1,Property Damage Only Collision,Other,1,0,0,1,0,0,2018-02-26 00:00:00+00,2/26/2018 3:30:00 AM,Mid-Block (not related to intersection),28,MOTOR VEHICLE RAN OFF ROAD - HIT FIXED OBJECT,True,False,Clear or Partly Cloudy,Dry,Dark - Street Lights On,,,,50.0,Fixed object,0,0,False,0
-122.366178439812,47.6690405569174,197732,272559,273399,3705572,Matched,Block,,8TH AVE NW BETWEEN NW MARKET ST AND NW 56TH ST, ,,2,Injury Collision,Rear Ended,2,0,0,2,1,0,2018-02-25 00:00:00+00,2/25/2018 8:07:00 PM,Mid-Block (not related to intersection),14,"MOTOR VEHICLE STRUCK MOTOR VEHICLE, REAR END",,False,Overcast,Wet,Dark - Street Lights On,,,,14.0,From same direction - both going straight - one stopped - rear-end,0,0,False,0
-122.358813119743,47.708731944667,197735,271480,272320,3754436,Matched,Block,,NW 110TH ST BETWEEN 1ST AVE NW AND 2ND AVE NW, ,,1,Property Damage Only Collision,Other,2,0,0,1,0,0,2018-02-17 00:00:00+00,2/17/2018 10:23:00 PM,Mid-Block (not related to intersection),26,MOTOR VEHICLE STRUCK OBJECT IN ROAD,,True,Overcast,Dry,Dark - Street Lights On,,,,50.0,Fixed object,0,0,False,0
-122.308381422366,47.6612587863133,197737,271479,272319,3754434,Matched,Intersection,26077.0,18TH AVE NE AND NE 45TH ST, ,,1,Property Damage Only Collision,Rear Ended,2,0,0,2,0,0,2018-02-16 00:00:00+00,2/16/2018 11:18:00 PM,At Intersection (but not related to intersection),14,"MOTOR VEHICLE STRUCK MOTOR VEHICLE, REAR END",,False,Raining,Dry,Dark - Street Lights On,,,,14.0,From same direction - both going straight - one stopped - rear-end,0,0,False,0
-122.286091225589,47.5470143767191,197738,272543,273383,E772023,Matched,Block,,M L KING JR WR WAY S BETWEEN S RAYMOND ST AND S GRAHAM ST, ,,1,Property Damage Only Collision,Rear Ended,2,0,0,2,0,0,2018-02-22 00:00:00+00,2/22/2018 8:09:00 AM,Mid-Block (not related to intersection),14,"MOTOR VEHICLE STRUCK MOTOR VEHICLE, REAR END",,False,Clear or Partly Cloudy,Ice,Daylight,,,,14.0,From same direction - both going straight - one stopped - rear-end,0,0,False,0
-122.344771984862,47.6111727702874,197739,269199,269999,3583913,Matched,Intersection,29722.0,LENORA ST AND WESTERN AVE, ,,2,Injury Collision,Other,2,0,0,2,1,0,2018-02-02 00:00:00+00,2/2/2018 8:49:00 PM,At Intersection (but not related to intersection),11,"MOTOR VEHICLE STRUCK MOTOR VEHICLE, FRONT END AT ANGLE",True,True,Clear or Partly Cloudy,Dry,Dark - Street Lights On,,,,23.0,From same direction - all others,0,0,False,0
-122.312761148407,47.6164505241947,197740,272542,273382,3702453,Matched,Intersection,30120.0,15TH AVE AND E OLIVE ST, ,,1,Property Damage Only Collision,Angles,2,0,0,2,0,0,2018-02-26 00:00:00+00,2/26/2018 8:01:00 AM,At Intersection (intersection related),11,"MOTOR VEHICLE STRUCK MOTOR VEHICLE, FRONT END AT ANGLE",,False,Clear or Partly Cloudy,Dry,Daylight,,,,10.0,Entering at angle,0,0,False,0
-122.306848535576,47.6912361666316,197741,271478,272318,3754433,Matched,Intersection,37769.0,20TH AVE NE AND LAKE CITY WAY NE, ,,2,Injury Collision,Left Turn,4,0,0,2,1,0,2018-02-16 00:00:00+00,2/16/2018 8:54:00 PM,At Intersection (intersection related),11,"MOTOR VEHICLE STRUCK MOTOR VEHICLE, FRONT END AT ANGLE",,False,Raining,Wet,Dark - Street Lights On,,,,28.0,From opposite direction - one left turn - one straight,0,0,False,0
-122.305608163948,47.6925551202435,197742,271477,272317,3754432,Matched,Block,,LAKE CITY WAY NE BETWEEN NE 88TH ST AND NE 89TH ST, ,,2,Injury Collision,Pedestrian,2,1,0,1,1,0,2018-02-16 00:00:00+00,2/16/2018 7:34:00 PM,Mid-Block (not related to intersection),24,MOTOR VEHCILE STRUCK PEDESTRIAN,,False,Raining,Wet,Dark - Street Lights On,,,,0.0,Vehicle going straight hits pedestrian,0,0,False,0
-122.315103814984,47.6851275910217,197743,271460,272300,E769812,Matched,Block,,12TH AVE NE BETWEEN NE 77TH ST AND LAKE CITY WAY NE, ,,1,Property Damage Only Collision,Sideswipe,3,0,0,2,0,0,2018-02-01 00:00:00+00,2/1/2018 2:39:00 PM,Mid-Block (not related to intersection),11,"MOTOR VEHICLE STRUCK MOTOR VEHICLE, FRONT END AT ANGLE",True,False,Unknown,Unknown,Daylight,,,,11.0,From same direction - both going straight - both moving - sideswipe,0,0,False,0
-122.32765971589,47.6008733295707,197745,272540,273380,3702263,Matched,Intersection,30495.0,5TH AVE S AND S WASHINGTON ST, ,,1,Property Damage Only Collision,Left Turn,2,0,0,2,0,0,2018-02-21 00:00:00+00,2/21/2018 10:15:00 PM,At Intersection (intersection related),11,"MOTOR VEHICLE STRUCK MOTOR VEHICLE, FRONT END AT ANGLE",,False,Other,Unknown,Dark - Street Lights On,,,,15.0,From same direction - one left turn - one straight,0,0,False,0
-122.339052151338,47.5191743781422,197747,271437,272277,3745505,Matched,Block,,OLSON PL SW BETWEEN 3RD AVE SW AND SW CAMBRIDGE PL, ,,2,Injury Collision,Other,1,0,0,1,1,0,2018-02-18 00:00:00+00,2/18/2018 4:16:00 AM,Mid-Block (not related to intersection),26,MOTOR VEHICLE STRUCK OBJECT IN ROAD,,False,Clear or Partly Cloudy,Dry,Dark - Street Lights On,,,,50.0,Fixed object,0,0,False,0
-122.328863467,47.6868561742018,197748,272539,273379,3695864,Matched,Block,,N 80TH ST BETWEEN SUNNYSIDE E AVE N AND 1ST AVE NE, ,,2,Injury Collision,Rear Ended,3,0,0,3,1,0,2018-02-26 00:00:00+00,2/26/2018 7:20:00 PM,Mid-Block (not related to intersection),14,"MOTOR VEHICLE STRUCK MOTOR VEHICLE, REAR END",True,False,Clear or Partly Cloudy,Dry,Dusk,,,,14.0,From same direction - both going straight - one stopped - rear-end,0,0,False,0
-122.37754734351,47.668671084399,197749,273204,274044,E773697,Matched,Block,,NW MARKET ST BETWEEN 15TH AVE NW AND 17TH AVE NW, ,,1,Property Damage Only Collision,Sideswipe,2,0,0,2,0,0,2018-02-23 00:00:00+00,2/23/2018 10:06:00 AM,Mid-Block (but intersection related),11,"MOTOR VEHICLE STRUCK MOTOR VEHICLE, FRONT END AT ANGLE",True,False,Overcast,Dry,Daylight,,,,12.0,From same direction - both going straight - one stopped - sideswipe,0,0,False,0
-122.330991616782,47.6165059509367,197750,272105,272945,E771432,Matched,Block,,HOWELL ST BETWEEN BOREN AVE AND MINOR AVE, ,,1,Property Damage Only Collision,Sideswipe,2,0,0,2,0,0,2018-02-21 00:00:00+00,2/21/2018 2:43:00 PM,Mid-Block (not related to intersection),14,"MOTOR VEHICLE STRUCK MOTOR VEHICLE, REAR END",,False,Overcast,Dry,Daylight,,,,11.0,From same direction - both going straight - both moving - sideswipe,0,0,False,0
-122.380092298772,47.5625661620859,197751,271420,272260,3745502,Matched,Block,,38TH AVE SW BETWEEN SW OREGON ST AND FAUNTLEROY WAY SW, ,,1,Property Damage Only Collision,Rear Ended,4,0,0,3,0,0,2018-02-17 00:00:00+00,2/17/2018 4:46:00 PM,Mid-Block (not related to intersection),11,"MOTOR VEHICLE STRUCK MOTOR VEHICLE, FRONT END AT ANGLE",,False,Clear or Partly Cloudy,Dry,Daylight,,,,14.0,From same direction - both going straight - one stopped - rear-end,0,0,False,0
-122.376210832128,47.6745475973767,197752,271419,272259,E769801,Matched,Intersection,25384.0,15TH AVE NW AND NW 63RD ST, ,,1,Property Damage Only Collision,Angles,2,0,0,2,0,0,2018-02-14 00:00:00+00,2/14/2018 10:05:00 AM,At Intersection (intersection related),11,"MOTOR VEHICLE STRUCK MOTOR VEHICLE, FRONT END AT ANGLE",,False,Raining,Wet,Daylight,,,,10.0,Entering at angle,0,0,False,0
-122.30557167272,47.5809846590026,197753,270878,271718,E769108,Matched,Intersection,31593.0,21ST AVE S AND S BAYVIEW ST, ,,2,Injury Collision,Angles,2,0,0,2,1,0,2018-02-13 00:00:00+00,2/13/2018 10:30:00 AM,At Intersection (intersection related),11,"MOTOR VEHICLE STRUCK MOTOR VEHICLE, FRONT END AT ANGLE",True,False,Clear or Partly Cloudy,Dry,Daylight,,,,10.0,Entering at angle,0,0,False,0
-122.334287968664,47.6246937770269,197754,273203,274043,3739946,Matched,Intersection,28760.0,FAIRVIEW AVE N AND MERCER ST, ,,1,Property Damage Only Collision,Right Turn,3,0,0,2,0,0,2018-02-28 00:00:00+00,2/28/2018 3:37:00 PM,At Intersection (intersection related),11,"MOTOR VEHICLE STRUCK MOTOR VEHICLE, FRONT END AT ANGLE",True,False,Raining,Wet,Daylight,,,,16.0,From same direction - one right turn - one straight,0,0,False,0
-122.296370203702,47.7238007593486,197756,271538,272378,3762623,Matched,Block,,30TH AVE NE BETWEEN NE 130TH ST AND NE 133RD ST, ,,2,Injury Collision,Head On,2,0,0,2,1,0,2018-02-18 00:00:00+00,2/18/2018 9:39:00 PM,Mid-Block (not related to intersection),14,"MOTOR VEHICLE STRUCK MOTOR VEHICLE, REAR END",,False,Clear or Partly Cloudy,Dry,Dark - Street Lights On,,,True,30.0,From opposite direction - all others,0,0,False,0
-122.328965090886,47.6000360177673,197757,270218,271038,E767657,Matched,Intersection,30502.0,4TH AVE S AND S MAIN ST, ,,2,Injury Collision,Angles,2,0,0,2,1,0,2018-02-06 00:00:00+00,2/6/2018 1:27:00 PM,At Intersection (intersection related),11,"MOTOR VEHICLE STRUCK MOTOR VEHICLE, FRONT END AT ANGLE",,False,Overcast,Dry,Daylight,,,,10.0,Entering at angle,0,0,False,0
-122.347323071099,47.6534490367801,197758,272117,272957,E771464,Matched,Block,,AURORA AVE N BETWEEN N 38 UPPER ST AND N 39TH ST, ,,1,Property Damage Only Collision,Sideswipe,2,0,0,2,0,0,2018-02-21 00:00:00+00,2/21/2018 2:39:00 PM,Mid-Block (not related to intersection),11,"MOTOR VEHICLE STRUCK MOTOR VEHICLE, FRONT END AT ANGLE",True,False,Overcast,Dry,Daylight,,,,11.0,From same direction - both going straight - both moving - sideswipe,0,0,False,0
-122.313472882525,47.5534426756938,197759,270217,271037,E767859,Matched,Intersection,33362.0,15TH AVE S AND S LUCILE ST, ,,1,Property Damage Only Collision,Head On,2,0,0,2,0,0,2018-01-23 00:00:00+00,1/23/2018 4:24:00 PM,At Intersection (intersection related),11,"MOTOR VEHICLE STRUCK MOTOR VEHICLE, FRONT END AT ANGLE",,False,Raining,Wet,Daylight,,,,25.0,From opposite direction - one stopped - head-on,0,0,False,0
-122.303813171908,47.6757760856668,197760,271537,272377,3754439,Matched,Intersection,24803.0,RAVENNA AVE NE AND NE 65TH ST, ,,1,Property Damage Only Collision,Left Turn,3,0,0,2,0,0,2018-02-17 00:00:00+00,2/17/2018 8:23:00 PM,At Intersection (intersection related),11,"MOTOR VEHICLE STRUCK MOTOR VEHICLE, FRONT END AT ANGLE",,False,Clear or Partly Cloudy,Dry,Dark - Street Lights On,,,,28.0,From opposite direction - one left turn - one straight,0,0,False,0
-122.317226323464,47.5996031773311,197761,270202,271018,E767655,Matched,Block,,12TH AVE S BETWEEN S MAIN ST AND S JACKSON ST, ,,1,Property Damage Only Collision,Rear Ended,2,0,0,2,0,0,2018-02-01 00:00:00+00,2/1/2018 2:20:00 PM,Mid-Block (not related to intersection),14,"MOTOR VEHICLE STRUCK MOTOR VEHICLE, REAR END",,False,Raining,Wet,Daylight,,,,14.0,From same direction - both going straight - one stopped - rear-end,0,0,False,0
-122.31191620917,47.6664282840811,197764,271497,272337,E769813,Matched,Intersection,26051.0,15TH AVE NE AND NE 52ND ST, ,,1,Property Damage Only Collision,Other,2,0,0,2,0,0,2018-02-15 00:00:00+00,2/15/2018 2:55:00 PM,At Intersection (intersection related),11,"MOTOR VEHICLE STRUCK MOTOR VEHICLE, FRONT END AT ANGLE",,False,Clear or Partly Cloudy,Dry,Daylight,,,,23.0,From same direction - all others,0,0,False,0
-122.368610982047,47.6636548409554,197765,270201,271017,E768125,Matched,Intersection,25453.0,9TH AVE NW AND NW 48TH ST, ,,1,Property Damage Only Collision,Angles,2,0,0,2,0,0,2018-02-08 00:00:00+00,2/8/2018 10:04:00 PM,At Intersection (intersection related),14,"MOTOR VEHICLE STRUCK MOTOR VEHICLE, REAR END",,True,Clear or Partly Cloudy,Wet,Dark - Street Lights On,,,,10.0,Entering at angle,0,0,False,0
-122.334665597537,47.6096854208314,197766,272120,272960,E770502,Matched,Intersection,29913.0,5TH AVE AND UNION ST, ,,1,Property Damage Only Collision,Angles,3,0,0,2,0,0,2018-02-15 00:00:00+00,2/15/2018 10:24:00 PM,At Intersection (intersection related),11,"MOTOR VEHICLE STRUCK MOTOR VEHICLE, FRONT END AT ANGLE",,False,Clear or Partly Cloudy,Dry,Dark - Street Lights On,,,,10.0,Entering at angle,0,0,False,0
-122.376214474094,47.6686669083164,197767,270199,270999,3705690,Matched,Intersection,25416.0,15TH AVE NW AND NW MARKET ST, ,,1,Property Damage Only Collision,Rear Ended,2,0,0,2,0,0,2018-02-13 00:00:00+00,2/13/2018 10:10:00 AM,At Intersection (but not related to intersection),14,"MOTOR VEHICLE STRUCK MOTOR VEHICLE, REAR END",True,False,Clear or Partly Cloudy,Dry,Daylight,,,,83.0,Same direction -- both turning left -- both moving -- rear end,0,0,False,0
-122.354358219996,47.6768828230994,197768,269727,270527,3575659,Matched,Block,,PHINNEY AVE N BETWEEN N 65TH ST AND N 67TH S ST, ,,1,Property Damage Only Collision,Rear Ended,3,0,0,2,0,0,2018-02-01 00:00:00+00,2/1/2018 7:40:00 PM,Mid-Block (but intersection related),14,"MOTOR VEHICLE STRUCK MOTOR VEHICLE, REAR END",,True,Raining,Wet,Dark - Street Lights On,,,,14.0,From same direction - both going straight - one stopped - rear-end,0,0,False,0
-122.332592301668,47.7220008779259,197769,270938,271778,E769143,Matched,Block,,N 128TH ST BETWEEN MERIDIAN AVE N AND CORLISS AVE N, ,,2,Injury Collision,Sideswipe,4,0,0,2,2,0,2018-02-05 00:00:00+00,2/5/2018 11:30:00 AM,Mid-Block (not related to intersection),14,"MOTOR VEHICLE STRUCK MOTOR VEHICLE, REAR END",True,False,Raining,Wet,Daylight,,,,11.0,From same direction - both going straight - both moving - sideswipe,0,0,False,0
-122.332800666124,47.61183774388,197770,269726,270526,3506176,Matched,Block,,PIKE ST BETWEEN 7TH AVE AND 8TH AVE, ,,1,Property Damage Only Collision,Right Turn,2,0,0,2,0,0,2018-02-11 00:00:00+00,2/11/2018 11:19:00 AM,Mid-Block (not related to intersection),11,"MOTOR VEHICLE STRUCK MOTOR VEHICLE, FRONT END AT ANGLE",True,False,Clear or Partly Cloudy,Dry,Daylight,,,,16.0,From same direction - one right turn - one straight,0,0,False,0
-122.303247753843,47.6080100245779,197771,271598,272438,3818506,Matched,Block,,E CHERRY ST BETWEEN 22ND AVE AND 23RD AVE, ,,1,Property Damage Only Collision,Angles,2,0,0,2,0,0,2018-02-16 00:00:00+00,2/16/2018 4:11:00 PM,Mid-Block (not related to intersection),11,"MOTOR VEHICLE STRUCK MOTOR VEHICLE, FRONT END AT ANGLE",,False,Overcast,Dry,Daylight,,,,10.0,Entering at angle,0,0,False,0
-122.387587369227,47.6709162051252,197772,270937,271777,E769142,Matched,Intersection,25132.0,24TH AVE NW AND NW 58TH ST, ,,2,Injury Collision,Pedestrian,5,1,0,1,1,0,2018-02-07 00:00:00+00,2/7/2018 6:34:00 PM,At Intersection (intersection related),24,MOTOR VEHCILE STRUCK PEDESTRIAN,True,False,Overcast,Dry,Dark - Street Lights On,,,,0.0,Vehicle going straight hits pedestrian,0,0,False,0
-122.342439241051,47.6553828764201,197773,270917,271757,E769141,Matched,Intersection,26848.0,STONE WAY N AND N 40TH ST, ,,2,Injury Collision,Pedestrian,2,1,0,1,1,0,2018-02-08 00:00:00+00,2/8/2018 5:43:00 PM,At Intersection (intersection related),24,MOTOR VEHCILE STRUCK PEDESTRIAN,,False,Raining,Wet,Dark - Street Lights On,True,,,1.0,Vehicle turning right hits pedestrian,0,0,False,0
-122.270726414373,47.5389067653376,197774,270897,271737,3764842,Matched,Intersection,34452.0,RAINIER AVE S AND S MYRTLE ST, ,,2,Injury Collision,Left Turn,4,0,0,2,2,0,2018-02-15 00:00:00+00,2/15/2018 8:24:00 AM,At Intersection (intersection related),11,"MOTOR VEHICLE STRUCK MOTOR VEHICLE, FRONT END AT ANGLE",,False,Clear or Partly Cloudy,Dry,Daylight,,,,28.0,From opposite direction - one left turn - one straight,0,0,False,0
-122.339438460033,47.5623236431594,197776,272118,272958,E771697,Matched,Intersection,32192.0,DIAGONAL AVE S AND EAST MARGINAL WAY S, ,,2,Injury Collision,Right Turn,9,0,0,5,2,0,2018-02-21 00:00:00+00,2/21/2018 1:45:00 PM,At Intersection (intersection related),14,"MOTOR VEHICLE STRUCK MOTOR VEHICLE, REAR END",,False,Overcast,Dry,Daylight,,,,16.0,From same direction - one right turn - one straight,0,0,False,0