longitude,latitude,objectid,inckey,coldetkey,reportno,status,addrtype,intkey,location,exceptrsncode,exceptrsndesc,severitycode,severitydesc,collisiontype,personcount,pedcount,pedcylcount,vehcount,injuries,fatalities,incdate,incdttm,junctiontype,sdot_colcode,sdot_coldesc,inattentionind,underinfl,weather,roadcond,lightcond,pedrownotgrnt,sdotcolnum,speeding,st_colcode,st_coldesc,seglanekey,crosswalkkey,hitparkedcar,seriousinjuries
-122.353184049475,47.6357126738888,197777,269724,270524,E766900,Matched,Intersection,28148.0,2ND AVE N AND HOWE ST, ,,1,Property Damage Only Collision,Angles,2,0,0,2,0,0,2018-01-30 00:00:00+00,1/30/2018 1:15:00 PM,At Intersection (intersection related),11,"MOTOR VEHICLE STRUCK MOTOR VEHICLE, FRONT END AT ANGLE",,False,Clear or Partly Cloudy,Dry,Daylight,,,,10.0,Entering at angle,0,0,False,0
-122.360099362135,47.5228613434487,197778,270882,271722,3742115,Matched,Intersection,34871.0,DELRIDGE WAY SW AND SW HENDERSON ST, ,,1,Property Damage Only Collision,Angles,2,0,0,2,0,0,2018-02-15 00:00:00+00,2/15/2018 8:17:00 AM,At Intersection (intersection related),11,"MOTOR VEHICLE STRUCK MOTOR VEHICLE, FRONT END AT ANGLE",True,False,Clear or Partly Cloudy,Dry,Daylight,,,,10.0,Entering at angle,0,0,False,0
-122.330297459253,47.60323265391,197779,269723,270523,E766899,Matched,Intersection,30479.0,4TH AVE AND JAMES ST, ,,1,Property Damage Only Collision,Right Turn,3,0,0,2,0,0,2018-01-29 00:00:00+00,1/29/2018 9:29:00 AM,At Intersection (intersection related),11,"MOTOR VEHICLE STRUCK MOTOR VEHICLE, FRONT END AT ANGLE",True,False,Raining,Wet,Daylight,,,,16.0,From same direction - one right turn - one straight,0,0,False,0
-122.300185399277,47.5458902982751,197780,270881,271721,3581269,Matched,Block,,BEACON ER AVE S BETWEEN S GRAHAM ST AND S EDDY ST,NEI,"Not Enough Information, or Insufficient Location Information",1,Property Damage Only Collision,Sideswipe,3,0,0,2,0,0,2018-02-13 00:00:00+00,2/13/2018 7:20:00 AM,Mid-Block (not related to intersection),0,NOT ENOUGH INFORMATION / NOT APPLICABLE,True,False,Unknown,Unknown,Unknown,,,,12.0,From same direction - both going straight - one stopped - sideswipe,0,0,False,0
-122.310542432539,47.5590342671739,197782,270880,271720,3549670,Matched,Intersection,33310.0,17TH AVE S AND S FERDINAND ST, ,,1,Property Damage Only Collision,Other,1,0,0,1,0,0,2018-02-15 00:00:00+00,2/15/2018 1:02:00 PM,At Intersection (intersection related),26,MOTOR VEHICLE STRUCK OBJECT IN ROAD,,False,Clear or Partly Cloudy,Dry,Daylight,,,,50.0,Fixed object,0,0,False,0
-122.328404975924,47.6045176405505,197783,269722,270522,E766898,Matched,Block,,6TH AVE BETWEEN JAMES ST AND CHERRY ST, ,,2,Injury Collision,Left Turn,2,0,0,2,1,0,2018-01-29 00:00:00+00,1/29/2018 2:45:00 PM,Mid-Block (not related to intersection),11,"MOTOR VEHICLE STRUCK MOTOR VEHICLE, FRONT END AT ANGLE",,False,Raining,Wet,Daylight,,,,28.0,From opposite direction - one left turn - one straight,0,0,False,0
-122.32553592509,47.6157788732898,197784,269720,270520,E766333,Matched,Block,,SUMMIT AVE BETWEEN E PINE ST AND E OLIVE ST, ,,1,Property Damage Only Collision,Angles,2,0,0,2,0,0,2018-01-13 00:00:00+00,1/13/2018 12:24:00 AM,Mid-Block (not related to intersection),11,"MOTOR VEHICLE STRUCK MOTOR VEHICLE, FRONT END AT ANGLE",,False,Overcast,Wet,Dark - Street Lights On,,,,10.0,Entering at angle,0,0,False,0
-122.270035391251,47.53592985826,197786,269719,270519,E766897,Matched,Intersection,34478.0,RAINIER AVE S AND S FONTANELLE ST, ,,1,Property Damage Only Collision,Angles,7,0,0,2,0,0,2018-02-07 00:00:00+00,2/7/2018 8:04:00 AM,At Intersection (intersection related),14,"MOTOR VEHICLE STRUCK MOTOR VEHICLE, REAR END",,False,Overcast,Dry,Daylight,,,,10.0,Entering at angle,0,0,False,0
-122.341554123744,47.6373350733315,197787,270879,271719,3506202,Matched,Block,,8TH AVE N BETWEEN NEWTON ST AND CROCKETT ST, ,,1,Property Damage Only Collision,Parked Car,2,0,0,2,0,0,2018-02-14 00:00:00+00,2/14/2018 1:00:00 PM,Mid-Block (not related to intersection),11,"MOTOR VEHICLE STRUCK MOTOR VEHICLE, FRONT END AT ANGLE",True,False,Overcast,Dry,Daylight,,,,32.0,One parked--one moving,0,0,False,0
-122.329058916983,47.5749802642657,197788,270240,271060,E767860,Matched,Block,,4TH AVE S BETWEEN S HANFORD ST AND S HORTON ST, ,,2,Injury Collision,Rear Ended,2,0,0,2,1,0,2018-02-09 00:00:00+00,2/9/2018 2:51:00 PM,Mid-Block (but intersection related),14,"MOTOR VEHICLE STRUCK MOTOR VEHICLE, REAR END",,False,Clear or Partly Cloudy,Dry,Daylight,,,,14.0,From same direction - both going straight - one stopped - rear-end,0,0,False,0
-122.311527352821,47.6525248743714,197789,272107,272947,E771459,Matched,Block,,NE PACIFIC ST BETWEEN 15TH AVE NE AND XW 17 AVNE, ,,1,Property Damage Only Collision,Sideswipe,4,0,0,2,0,0,2018-02-20 00:00:00+00,2/20/2018 3:30:00 PM,Mid-Block (not related to intersection),11,"MOTOR VEHICLE STRUCK MOTOR VEHICLE, FRONT END AT ANGLE",True,False,Snowing,Wet,Dusk,,,,11.0,From same direction - both going straight - both moving - sideswipe,0,0,False,0
-122.288011403081,47.5634579986924,197790,269718,270518,E766888,Matched,Block,,RAINIER AVE S BETWEEN S GENESEE S ST AND S OREGON ST, ,,1,Property Damage Only Collision,Parked Car,2,0,0,2,0,0,2018-02-02 00:00:00+00,2/2/2018 11:30:00 AM,Mid-Block (not related to intersection),11,"MOTOR VEHICLE STRUCK MOTOR VEHICLE, FRONT END AT ANGLE",,False,Raining,Wet,Daylight,,,,20.0,One car leaving parked position,0,0,False,0
-122.345027025033,47.7277672484865,197791,270239,271059,E768513,Matched,Block,,AURORA AVE N BETWEEN N 135TH ST AND N 137TH ST, ,,1,Property Damage Only Collision,Rear Ended,3,0,0,2,0,0,2018-01-25 00:00:00+00,1/25/2018 7:30:00 PM,Mid-Block (not related to intersection),14,"MOTOR VEHICLE STRUCK MOTOR VEHICLE, REAR END",,False,Raining,Unknown,Dark - Street Lights On,,,,14.0,From same direction - both going straight - one stopped - rear-end,0,0,False,0
-122.356622063936,47.6295725714133,197792,271578,272418,3784832,Matched,Intersection,28586.0,HIGHLAND DR AND QUEEN ANNE AVE N, ,,1,Property Damage Only Collision,Angles,3,0,0,2,0,0,2018-02-18 00:00:00+00,2/18/2018 10:26:00 AM,At Intersection (intersection related),14,"MOTOR VEHICLE STRUCK MOTOR VEHICLE, REAR END",,False,Clear or Partly Cloudy,Dry,Daylight,,,,10.0,Entering at angle,0,0,False,0
-122.270142434834,47.5061473213513,197793,270238,271058,3764837,Matched,Intersection,38320.0,51ST AVE S AND S BANGOR ST, ,,1,Property Damage Only Collision,Rear Ended,4,0,0,2,0,0,2018-02-12 00:00:00+00,2/12/2018 4:34:00 PM,At Intersection (but not related to intersection),14,"MOTOR VEHICLE STRUCK MOTOR VEHICLE, REAR END",,False,Clear or Partly Cloudy,Dry,Daylight,,,,14.0,From same direction - both going straight - one stopped - rear-end,0,0,False,0
-122.344516295336,47.6894730138948,197794,269207,270007,E764979,Matched,Block,,AURORA AVE N BETWEEN GREEN LAKE DR N AND N 84TH ST, ,,1,Property Damage Only Collision,Parked Car,2,0,0,2,0,0,2018-01-24 00:00:00+00,1/24/2018 2:45:00 PM,Driveway Junction,11,"MOTOR VEHICLE STRUCK MOTOR VEHICLE, FRONT END AT ANGLE",,False,Clear or Partly Cloudy,Dry,Daylight,,,,32.0,One parked--one moving,0,0,False,0
-122.27898248493,47.5232707068686,197795,272119,272959,E771714,Matched,Intersection,487378.0,M L KING JR ER WAY S AND S HENDERSON ST, ,,2,Injury Collision,Right Turn,2,0,0,2,1,0,2018-02-16 00:00:00+00,2/16/2018 12:30:00 PM,At Intersection (intersection related),14,"MOTOR VEHICLE STRUCK MOTOR VEHICLE, REAR END",,False,Clear or Partly Cloudy,Dry,Daylight,,,,16.0,From same direction - one right turn - one straight,0,0,False,0
-122.3149748653,47.5226389294537,197796,269206,270006,3588212,Matched,Block,,14TH AVE S BETWEEN S HENDERSON ST AND S DIRECTOR ST, ,,2,Injury Collision,Sideswipe,2,0,0,2,1,0,2018-02-06 00:00:00+00,2/6/2018 8:04:00 AM,Mid-Block (not related to intersection),11,"MOTOR VEHICLE STRUCK MOTOR VEHICLE, FRONT END AT ANGLE",,False,Overcast,Dry,Daylight,,,,11.0,From same direction - both going straight - both moving - sideswipe,0,0,False,0
-122.331060687482,47.6185052278692,197797,269205,270005,3584953,Matched,Block,,DENNY WAY BETWEEN YALE AVE AND STEWART ST, ,,1,Property Damage Only Collision,Sideswipe,2,0,0,2,0,0,2018-02-04 00:00:00+00,2/4/2018 1:39:00 PM,Mid-Block (not related to intersection),11,"MOTOR VEHICLE STRUCK MOTOR VEHICLE, FRONT END AT ANGLE",True,False,Clear or Partly Cloudy,Dry,Daylight,,,,11.0,From same direction - both going straight - both moving - sideswipe,0,0,False,0
-122.334831581187,47.522783538095,197798,271577,272417,3781056,Matched,Block,,1ST AVE S BETWEEN 1ST AVS ON S RP AND OLSON PL SW, ,,2,Injury Collision,Sideswipe,4,0,0,2,1,0,2018-02-16 00:00:00+00,2/16/2018 6:07:00 PM,Mid-Block (not related to intersection),16,"MOTOR VEHICLE STRUCK MOTOR VEHICLE, LEFT SIDE SIDESWIPE",,False,Clear or Partly Cloudy,Dry,Dark - Street Lights On,,,,11.0,From same direction - both going straight - both moving - sideswipe,0,0,False,0
-122.317704092777,47.7017402752906,197801,273258,274098,3754441,Matched,Block,,ROOSEVELT WAY NE BETWEEN NE 100TH ST AND NE 102ND ST, ,,1,Property Damage Only Collision,Sideswipe,2,0,0,2,0,0,2018-02-28 00:00:00+00,2/28/2018 8:06:00 AM,Mid-Block (not related to intersection),14,"MOTOR VEHICLE STRUCK MOTOR VEHICLE, REAR END",,False,Overcast,Dry,Daylight,,,,11.0,From same direction - both going straight - both moving - sideswipe,0,0,False,0
-122.320437229122,47.7026667698347,197803,273257,274097,3754440,Matched,Block,,8TH AVE NE BETWEEN NE 102ND ST AND NE 103RD ST, ,,1,Property Damage Only Collision,Parked Car,2,0,0,2,0,0,2018-02-27 00:00:00+00,2/27/2018 11:00:00 PM,Mid-Block (not related to intersection),14,"MOTOR VEHICLE STRUCK MOTOR VEHICLE, REAR END",,False,Raining,Wet,Dark - Street Lights On,,,,32.0,One parked--one moving,0,0,False,0
-122.313763872265,47.5698659841687,197804,269732,270532,3581267,Matched,Intersection,32271.0,15TH AVS TURN RD AND S COLUMBIAN WAY, ,,2,Injury Collision,Left Turn,2,0,0,2,2,0,2018-02-10 00:00:00+00,2/10/2018 6:55:00 PM,At Intersection (intersection related),11,"MOTOR VEHICLE STRUCK MOTOR VEHICLE, FRONT END AT ANGLE",,False,Clear or Partly Cloudy,Wet,Dark - Street Lights On,,,,28.0,From opposite direction - one left turn - one straight,0,0,False,0
-122.276740760336,47.5474330364304,197806,269731,270531,3581266,Matched,Block,,RAINIER AVE S BETWEEN S KENNY ST AND S GRAHAM ST, ,,1,Property Damage Only Collision,Angles,2,0,0,2,0,0,2018-02-09 00:00:00+00,2/9/2018 3:18:00 PM,Driveway Junction,11,"MOTOR VEHICLE STRUCK MOTOR VEHICLE, FRONT END AT ANGLE",True,False,Overcast,Dry,Daylight,,,,10.0,Entering at angle,0,0,False,0
-122.348579472882,47.6541358465147,197807,270243,271063,E768134,Matched,Intersection,27008.0,LINDEN AVE N AND N 39TH ST, ,,1,Property Damage Only Collision,Angles,2,0,0,2,0,0,2018-02-09 00:00:00+00,2/9/2018 7:57:00 PM,At Intersection (intersection related),11,"MOTOR VEHICLE STRUCK MOTOR VEHICLE, FRONT END AT ANGLE",True,False,Raining,Wet,Dark - Street Lights On,,,,10.0,Entering at angle,0,0,False,0
-122.320760198743,47.6111690758969,197808,269730,270530,E766334,Matched,Intersection,29772.0,BROADWAY AND MADISON ST, ,,2,Injury Collision,Angles,3,0,0,2,1,0,2018-01-08 00:00:00+00,1/8/2018 11:01:00 PM,At Intersection (intersection related),11,"MOTOR VEHICLE STRUCK MOTOR VEHICLE, FRONT END AT ANGLE",,False,Raining,Wet,Dark - Street Lights On,,,,10.0,Entering at angle,0,0,False,0
-122.329193413666,47.6259973353696,197809,273217,274057,E773698,Matched,Block,,EASTLAKE AVE E BETWEEN LAKEVIEW BLVD E AND ALOHA ST, ,,1,Property Damage Only Collision,Parked Car,2,0,0,2,0,0,2018-02-26 00:00:00+00,2/26/2018 9:26:00 AM,Mid-Block (not related to intersection),11,"MOTOR VEHICLE STRUCK MOTOR VEHICLE, FRONT END AT ANGLE",True,False,Clear or Partly Cloudy,Dry,Daylight,,,,20.0,One car leaving parked position,0,0,False,0
-122.385987820181,47.5343668958424,197810,273207,274047,3745532,Matched,Block,,SW IDA ST BETWEEN 41ST AVE SW AND CALIFORNIA AVE SW, ,,1,Property Damage Only Collision,Parked Car,2,0,0,2,0,0,2018-02-28 00:00:00+00,2/28/2018 12:27:00 AM,Mid-Block (not related to intersection),14,"MOTOR VEHICLE STRUCK MOTOR VEHICLE, REAR END",,False,Overcast,Wet,Dark - Street Lights On,,,,32.0,One parked--one moving,0,0,False,0
-122.363337480318,47.5638141005691,197811,273206,274046,3745455,Matched,Block,,DELRIDGE WAY SW BETWEEN SW GENESEE ST AND SW OREGON ST, ,,1,Property Damage Only Collision,Rear Ended,2,0,0,2,0,0,2018-02-28 00:00:00+00,2/28/2018 7:59:00 AM,Mid-Block (not related to intersection),14,"MOTOR VEHICLE STRUCK MOTOR VEHICLE, REAR END",,False,Overcast,Dry,Daylight,,,,14.0,From same direction - both going straight - one stopped - rear-end,0,0,False,0
-122.334205838808,47.5698902847499,197812,269729,270529,3581264,Matched,Block,,1ST AVE S BETWEEN S SPOKANE SR ST AND S ANDOVER ST, ,,2,Injury Collision,Angles,2,0,0,2,1,0,2018-02-09 00:00:00+00,2/9/2018 8:03:00 AM,Driveway Junction,11,"MOTOR VEHICLE STRUCK MOTOR VEHICLE, FRONT END AT ANGLE",,False,Overcast,Wet,Dawn,,,True,10.0,Entering at angle,0,0,False,0
-122.346034762988,47.70505529635,197814,270242,271062,E768127,Matched,Intersection,36426.0,WHITMAN AVE N AND N 105TH ST, ,,2,Injury Collision,Rear Ended,5,0,0,4,1,0,2018-02-09 00:00:00+00,2/9/2018 8:02:00 PM,At Intersection (but not related to intersection),14,"MOTOR VEHICLE STRUCK MOTOR VEHICLE, REAR END",,False,Raining,Wet,Dark - Street Lights On,,,,14.0,From same direction - both going straight - one stopped - rear-end,0,0,False,0
-122.366722575839,47.6993648911486,197815,269728,270528,3575660,Matched,Block,,HOLMAN RD NW BETWEEN 9TH AVE NW AND 7TH AVE NW, ,,3,Fatality Collision,Other,1,0,0,1,0,1,2018-02-02 00:00:00+00,2/2/2018 12:45:00 AM,Mid-Block (not related to intersection),28,MOTOR VEHICLE RAN OFF ROAD - HIT FIXED OBJECT,,True,Raining,Wet,Dark - Street Lights On,,,,50.0,Fixed object,0,0,False,0
-122.317635910403,47.6994713378037,197816,269217,270017,E764981,Matched,Intersection,37497.0,ROOSEVELT WAY NE AND NE 97TH ST, ,,2,Injury Collision,Rear Ended,4,0,0,2,2,0,2018-02-01 00:00:00+00,2/1/2018 11:30:00 AM,At Intersection (intersection related),14,"MOTOR VEHICLE STRUCK MOTOR VEHICLE, REAR END",,False,Raining,Wet,Daylight,,,,14.0,From same direction - both going straight - one stopped - rear-end,0,0,False,0
-122.347583719979,47.5714471558751,197817,269215,270015,3742236,Matched,Block,,SW SPOKANE ST BETWEEN SW KLICKITAT SR WAY AND 11TH CR AVE SW, ,,2,Injury Collision,Head On,2,0,0,2,1,0,2018-02-05 00:00:00+00,2/5/2018 12:39:00 PM,Mid-Block (not related to intersection),11,"MOTOR VEHICLE STRUCK MOTOR VEHICLE, FRONT END AT ANGLE",,False,Clear or Partly Cloudy,Dry,Daylight,,,,30.0,From opposite direction - all others,0,0,False,0
-122.312568840855,47.6268783129393,197818,272577,273417,E771956,Matched,Intersection,28970.0,15TH AVE E AND E ALOHA ST, ,,1,Property Damage Only Collision,Pedestrian,2,1,0,1,0,0,2018-02-19 00:00:00+00,2/19/2018 8:30:00 PM,At Intersection (intersection related),24,MOTOR VEHCILE STRUCK PEDESTRIAN,,False,Clear or Partly Cloudy,Dry,Dark - Street Lights On,,,,2.0,Vehicle turning left hits pedestrian,0,523032,False,0
-122.334180448534,47.6244186500262,197819,270246,271066,E768227,Matched,Block,,MERCER ST BETWEEN FAIRVIEW AVE N AND MERCER SR ST, ,,2,Injury Collision,Rear Ended,2,0,0,2,1,0,2018-02-08 00:00:00+00,2/8/2018 8:41:00 AM,Mid-Block (not related to intersection),14,"MOTOR VEHICLE STRUCK MOTOR VEHICLE, REAR END",,False,Overcast,Dry,Daylight,,,,13.0,From same direction - both going straight - both moving - rear-end,0,0,False,0
-122.325728109198,47.6066244751393,197820,272568,273408,E771955,Matched,Block,,9TH AVE BETWEEN CHERRY ST AND COLUMBIA ST, ,,1,Property Damage Only Collision,Parked Car,2,0,0,2,0,0,2018-02-15 00:00:00+00,2/15/2018 1:17:00 PM,Mid-Block (not related to intersection),14,"MOTOR VEHICLE STRUCK MOTOR VEHICLE, REAR END",,False,Clear or Partly Cloudy,Dry,Daylight,,,,32.0,One parked--one moving,0,0,True,0
-122.288680234796,47.5658989581128,197821,269213,270013,E764980,Matched,Block,,RAINIER AVE S BETWEEN S DAKOTA ST AND S ADAMS ST, ,,1,Property Damage Only Collision,Sideswipe,2,0,0,2,0,0,2018-01-20 00:00:00+00,1/20/2018 12:21:00 PM,Mid-Block (not related to intersection),11,"MOTOR VEHICLE STRUCK MOTOR VEHICLE, FRONT END AT ANGLE",,False,Clear or Partly Cloudy,Dry,Daylight,,,,11.0,From same direction - both going straight - both moving - sideswipe,0,0,False,0
-122.311420437155,47.6190953347177,197822,272567,273407,E772292,Matched,Block,,16TH AVE E BETWEEN E DENNY WAY AND E JOHN ST, ,,1,Property Damage Only Collision,Parked Car,2,0,0,2,0,0,2018-02-23 00:00:00+00,2/23/2018 2:01:00 PM,Driveway Junction,11,"MOTOR VEHICLE STRUCK MOTOR VEHICLE, FRONT END AT ANGLE",True,False,Overcast,Dry,Other,,,,32.0,One parked--one moving,0,0,False,0
-122.37583312908,47.6324625667898,197823,269212,270012,3732314,Matched,Block,,ELLIOTT AVE W BETWEEN W GALER ST AND 15TH AVE W, ,,1,Property Damage Only Collision,Left Turn,2,0,0,2,0,0,2018-02-05 00:00:00+00,2/5/2018 5:43:00 AM,Mid-Block (not related to intersection),14,"MOTOR VEHICLE STRUCK MOTOR VEHICLE, REAR END",,False,Clear or Partly Cloudy,Dry,Dark - Street Lights On,,,,28.0,From opposite direction - one left turn - one straight,0,0,False,0
-122.304173823744,47.667825244121,197824,270241,271061,E768126,Matched,Block,,22ND AVE NE BETWEEN 22ND WR AVE NE AND NE 54TH ST, ,,1,Property Damage Only Collision,Parked Car,2,0,0,2,0,0,2018-02-06 00:00:00+00,2/6/2018 10:29:00 PM,Mid-Block (not related to intersection),11,"MOTOR VEHICLE STRUCK MOTOR VEHICLE, FRONT END AT ANGLE",,False,Clear or Partly Cloudy,Dry,Dark - Street Lights On,,,True,32.0,One parked--one moving,0,0,False,0
-122.312623282991,47.6232636819826,197825,269211,270011,3702354,Matched,Intersection,29011.0,15TH AVE E AND E REPUBLICAN N ST, ,,2,Injury Collision,Head On,2,0,0,2,1,0,2018-02-04 00:00:00+00,2/4/2018 5:33:00 PM,At Intersection (intersection related),14,"MOTOR VEHICLE STRUCK MOTOR VEHICLE, REAR END",,True,Overcast,Wet,Dark - Street Lights On,,,,30.0,From opposite direction - all others,0,0,False,0
-122.360650445377,47.6909859231501,197827,272565,273405,E772290,Matched,Block,,3RD AVE NW BETWEEN NW 85TH ST AND NW 86TH ST, ,,2,Injury Collision,Other,1,0,0,1,1,0,2018-02-22 00:00:00+00,2/22/2018 2:24:00 PM,Mid-Block (not related to intersection),26,MOTOR VEHICLE STRUCK OBJECT IN ROAD,,False,Clear or Partly Cloudy,Ice,Daylight,,,,50.0,Fixed object,0,0,False,0
-122.333527003241,47.5361684323403,197828,272564,273404,3745510,Matched,Block,,WEST MARGINAL WAY S BETWEEN 1ST AVE S AND S HOLDEN ST, ,,1,Property Damage Only Collision,Sideswipe,3,0,0,2,0,0,2018-02-22 00:00:00+00,2/22/2018 3:18:00 PM,Mid-Block (not related to intersection),11,"MOTOR VEHICLE STRUCK MOTOR VEHICLE, FRONT END AT ANGLE",,False,Clear or Partly Cloudy,Dry,Daylight,,,,11.0,From same direction - both going straight - both moving - sideswipe,0,0,False,0
-122.382129996568,47.6686757988493,197829,269210,270010,3694691,Matched,Intersection,25152.0,20TH AVE NW AND NW MARKET ST, ,,1,Property Damage Only Collision,Left Turn,3,0,0,2,0,0,2018-02-05 00:00:00+00,2/5/2018 5:23:00 PM,At Intersection (intersection related),11,"MOTOR VEHICLE STRUCK MOTOR VEHICLE, FRONT END AT ANGLE",,False,Raining,Wet,Dark - Street Lights On,,,,28.0,From opposite direction - one left turn - one straight,0,0,False,0
-122.333660383839,47.6077465033072,197830,269209,270009,E765277,Matched,Block,,SENECA ST BETWEEN 4TH AVE AND 5TH AVE, ,,1,Property Damage Only Collision,Sideswipe,2,0,0,2,0,0,2018-01-30 00:00:00+00,1/30/2018 10:45:00 AM,Mid-Block (not related to intersection),11,"MOTOR VEHICLE STRUCK MOTOR VEHICLE, FRONT END AT ANGLE",True,False,Clear or Partly Cloudy,Dry,Daylight,,,,11.0,From same direction - both going straight - both moving - sideswipe,0,0,False,0
-122.319411915706,47.6047796167392,197831,270244,271064,E767658,Matched,Block,,10TH AVE BETWEEN E ALDER ST AND E TERRACE ST, ,,1,Property Damage Only Collision,Angles,2,0,0,2,0,0,2018-02-09 00:00:00+00,2/9/2018 8:48:00 AM,Driveway Junction,11,"MOTOR VEHICLE STRUCK MOTOR VEHICLE, FRONT END AT ANGLE",,False,Clear or Partly Cloudy,Dry,Daylight,,,,10.0,Entering at angle,0,0,False,0
-122.334009322008,47.6106447568887,197833,269208,270008,3590633,Matched,Block,,6TH AVE BETWEEN UNION ST AND PIKE ST, ,,1,Property Damage Only Collision,Sideswipe,2,0,0,2,0,0,2018-02-02 00:00:00+00,2/2/2018 12:34:00 PM,Mid-Block (not related to intersection),11,"MOTOR VEHICLE STRUCK MOTOR VEHICLE, FRONT END AT ANGLE",,False,Clear or Partly Cloudy,Dry,Daylight,,,,12.0,From same direction - both going straight - one stopped - sideswipe,0,0,False,0
-122.325608025346,47.664987533576,197835,273259,274099,3762861,Matched,Intersection,25868.0,LATONA AVE NE AND NE 50TH W ST, ,,2,Injury Collision,Left Turn,4,0,0,3,1,0,2018-02-28 00:00:00+00,2/28/2018 3:19:00 PM,At Intersection (intersection related),11,"MOTOR VEHICLE STRUCK MOTOR VEHICLE, FRONT END AT ANGLE",,False,Raining,Wet,Daylight,,,,28.0,From opposite direction - one left turn - one straight,0,0,False,0
-122.347813195275,47.6141440953403,197836,272562,273402,3739945,Matched,Intersection,29700.0,1ST AVE AND BATTERY ST, ,,1,Property Damage Only Collision,Angles,2,0,0,2,0,0,2018-02-23 00:00:00+00,2/23/2018 6:01:00 PM,At Intersection (intersection related),14,"MOTOR VEHICLE STRUCK MOTOR VEHICLE, REAR END",,False,Raining,Wet,Dark - Street Lights On,,,,10.0,Entering at angle,0,0,False,0
-122.359353720541,47.5727910043661,197838,272137,272977,E771715,Matched,Block,,CHELAN AVE SW BETWEEN DEAD END AND WEST MARGINAL N WAY SW, ,,1,Property Damage Only Collision,Sideswipe,2,0,0,2,0,0,2018-02-16 00:00:00+00,2/16/2018 12:20:00 PM,Mid-Block (not related to intersection),11,"MOTOR VEHICLE STRUCK MOTOR VEHICLE, FRONT END AT ANGLE",True,False,Clear or Partly Cloudy,Dry,Daylight,,,,11.0,From same direction - both going straight - both moving - sideswipe,0,0,False,0
-122.34012716976,47.6106222959886,197839,269738,270538,3583912,Matched,Block,,2ND AVE BETWEEN PINE ST AND STEWART ST, ,,1,Property Damage Only Collision,Parked Car,2,0,0,2,0,0,2018-02-03 00:00:00+00,2/3/2018 10:36:00 PM,Mid-Block (not related to intersection),11,"MOTOR VEHICLE STRUCK MOTOR VEHICLE, FRONT END AT ANGLE",True,False,Raining,Wet,Dark - Street Lights On,,,,32.0,One parked--one moving,0,0,True,0
-122.355548762983,47.7241404825061,197857,270977,271817,E769128,Matched,Block,,GREENWOOD AVE N BETWEEN N 130TH ST AND N 132ND ST, ,,1,Property Damage Only Collision,Sideswipe,4,0,0,2,0,0,2018-02-10 00:00:00+00,2/10/2018 1:39:00 PM,Mid-Block (not related to intersection),11,"MOTOR VEHICLE STRUCK MOTOR VEHICLE, FRONT END AT ANGLE",,False,Clear or Partly Cloudy,Dry,Daylight,,,,11.0,From same direction - both going straight - both moving - sideswipe,0,0,False,0
-122.334000944168,47.7091152122417,197840,272638,273478,3754453,Matched,Block,,MERIDIAN AVE N BETWEEN N NORTHGATE WAY AND N 112TH ST,NEI,"Not Enough Information, or Insufficient Location Information",1,Property Damage Only Collision,Rear Ended,2,0,0,2,0,0,2018-02-26 00:00:00+00,2/26/2018 5:23:00 PM,Mid-Block (not related to intersection),0,NOT ENOUGH INFORMATION / NOT APPLICABLE,,False,Unknown,Unknown,Unknown,,,,73.0,Same direction -- both turning right -- both moving -- rear end,0,0,False,0
-122.352874869035,47.5329873224153,197841,272619,273459,3745578,Matched,Block,,14TH AVE SW BETWEEN SW HOLDEN ST AND SW KENYON ST, ,,1,Property Damage Only Collision,Parked Car,2,0,0,2,0,0,2018-02-22 00:00:00+00,2/22/2018 10:09:00 AM,Mid-Block (not related to intersection),14,"MOTOR VEHICLE STRUCK MOTOR VEHICLE, REAR END",,False,Snowing,Snow/Slush,Daylight,,,,32.0,One parked--one moving,0,0,False,0
-122.35085970969,47.6185841696808,197842,271659,272499,3506203,Matched,Block,,DENNY WAY BETWEEN 3RD AVE AND BROAD ST, ,,1,Property Damage Only Collision,Rear Ended,3,0,0,2,0,0,2018-02-18 00:00:00+00,2/18/2018 9:46:00 AM,Mid-Block (not related to intersection),14,"MOTOR VEHICLE STRUCK MOTOR VEHICLE, REAR END",,True,Overcast,Dry,Daylight,,,,14.0,From same direction - both going straight - one stopped - rear-end,0,0,False,0
-122.335373136651,47.6121364586989,197843,271658,272498,3506178,Matched,Intersection,29568.0,6TH AVE AND PINE ST, ,,2,Injury Collision,Pedestrian,2,1,0,1,2,0,2018-02-16 00:00:00+00,2/16/2018 7:15:00 AM,At Intersection (intersection related),24,MOTOR VEHCILE STRUCK PEDESTRIAN,,False,Overcast,Dry,Dawn,,,,2.0,Vehicle turning left hits pedestrian,0,0,False,0
-122.350343383584,47.571408837593,197844,272618,273458,3745576,Matched,Block,,SW SPOKANE ST BETWEEN 11TH CR AVE SW AND SW SPOKANE E BR, ,,2,Injury Collision,Sideswipe,2,0,0,2,1,0,2018-02-26 00:00:00+00,2/26/2018 8:11:00 AM,Mid-Block (not related to intersection),11,"MOTOR VEHICLE STRUCK MOTOR VEHICLE, FRONT END AT ANGLE",,False,Clear or Partly Cloudy,Dry,Daylight,,,,11.0,From same direction - both going straight - both moving - sideswipe,0,0,False,0