longitude,latitude,objectid,inckey,coldetkey,reportno,status,addrtype,intkey,location,exceptrsncode,exceptrsndesc,severitycode,severitydesc,collisiontype,personcount,pedcount,pedcylcount,vehcount,injuries,fatalities,incdate,incdttm,junctiontype,sdot_colcode,sdot_coldesc,inattentionind,underinfl,weather,roadcond,lightcond,pedrownotgrnt,sdotcolnum,speeding,st_colcode,st_coldesc,seglanekey,crosswalkkey,hitparkedcar,seriousinjuries
-122.360484573237,47.6202919573915,197845,271657,272497,3386374,Matched,Block,,ELLIOTT AVE W BETWEEN ELLIOTT ER AVE W AND W THOMAS S ST, ,,1,Property Damage Only Collision,Rear Ended,2,0,0,2,0,0,2018-02-14 00:00:00+00,2/14/2018 3:11:00 PM,Mid-Block (not related to intersection),14,"MOTOR VEHICLE STRUCK MOTOR VEHICLE, REAR END",,False,Clear or Partly Cloudy,Dry,Daylight,,,,14.0,From same direction - both going straight - one stopped - rear-end,0,0,False,0
-122.351679618437,47.5237758132651,197846,272599,273439,3745531,Matched,Block,,13TH AVE SW BETWEEN SW TRENTON ST AND SW HENDERSON ST, ,,1,Property Damage Only Collision,Parked Car,2,0,0,2,0,0,2018-02-26 00:00:00+00,2/26/2018 10:22:00 PM,Mid-Block (not related to intersection),11,"MOTOR VEHICLE STRUCK MOTOR VEHICLE, FRONT END AT ANGLE",,True,Clear or Partly Cloudy,Dry,Dark - Street Lights On,,,,32.0,One parked--one moving,0,0,True,0
-122.344516295336,47.6894730138948,197847,272598,273438,3745530,Matched,Block,,AURORA AVE N BETWEEN GREEN LAKE DR N AND N 84TH ST, ,,1,Property Damage Only Collision,Rear Ended,2,0,0,2,0,0,2018-02-26 00:00:00+00,2/26/2018 10:08:00 AM,Mid-Block (not related to intersection),14,"MOTOR VEHICLE STRUCK MOTOR VEHICLE, REAR END",,False,Clear or Partly Cloudy,Dry,Daylight,,,,14.0,From same direction - both going straight - one stopped - rear-end,0,0,False,0
-122.340648401566,47.7050457649798,197848,271637,272477,E769917,Matched,Intersection,37278.0,INTERLAKE AVE N AND N NORTHGATE WAY, ,,1,Property Damage Only Collision,Left Turn,4,0,0,2,0,0,2018-02-16 00:00:00+00,2/16/2018 4:04:00 PM,At Intersection (intersection related),11,"MOTOR VEHICLE STRUCK MOTOR VEHICLE, FRONT END AT ANGLE",,False,Raining,Wet,Daylight,,,,28.0,From opposite direction - one left turn - one straight,0,0,False,0
-122.291246364025,47.5715850946861,197849,271618,272458,3818704,Matched,Block,,S SPOKANE ST BETWEEN 3RD AVE S AND DEAD END, ,,1,Property Damage Only Collision,Parked Car,2,0,0,2,0,0,2018-02-17 00:00:00+00,2/17/2018 1:30:00 AM,Mid-Block (not related to intersection),14,"MOTOR VEHICLE STRUCK MOTOR VEHICLE, REAR END",,False,Raining,Wet,Dark - Street Lights On,,,,32.0,One parked--one moving,0,0,True,0
-122.247772729824,47.5112327669321,197850,271617,272457,3818603,Matched,Block,,RAINIER AVE S BETWEEN 68TH AVE S AND CORNELL AVE S, ,,1,Property Damage Only Collision,Other,1,0,0,1,0,0,2018-02-16 00:00:00+00,2/16/2018 10:51:00 PM,Mid-Block (not related to intersection),28,MOTOR VEHICLE RAN OFF ROAD - HIT FIXED OBJECT,,False,Overcast,Wet,Dark - Street Lights On,,,,50.0,Fixed object,0,0,False,0
-122.384740498448,47.6745583435704,197851,272597,273437,E772295,Matched,Intersection,25111.0,22ND AVE NW AND NW 63RD ST, ,,1,Property Damage Only Collision,Angles,3,0,0,2,0,0,2018-02-22 00:00:00+00,2/22/2018 10:34:00 AM,At Intersection (intersection related),11,"MOTOR VEHICLE STRUCK MOTOR VEHICLE, FRONT END AT ANGLE",,False,Clear or Partly Cloudy,Dry,Daylight,,,,10.0,Entering at angle,0,0,False,0
-122.311527352821,47.6525248743714,197852,270998,271838,E769149,Matched,Block,,NE PACIFIC ST BETWEEN 15TH AVE NE AND XW 17 AVNE, ,,1,Property Damage Only Collision,Rear Ended,4,0,0,2,0,0,2018-02-13 00:00:00+00,2/13/2018 4:30:00 PM,Mid-Block (not related to intersection),14,"MOTOR VEHICLE STRUCK MOTOR VEHICLE, REAR END",True,False,Raining,Wet,Daylight,,,,14.0,From same direction - both going straight - one stopped - rear-end,0,0,False,0
-122.36602424514,47.6960624977789,197853,272146,272986,E771838,Matched,Intersection,37150.0,8TH AVE NW AND NW 92ND ST, ,,1,Property Damage Only Collision,Angles,5,0,0,2,0,0,2018-02-22 00:00:00+00,2/22/2018 11:28:00 AM,At Intersection (intersection related),11,"MOTOR VEHICLE STRUCK MOTOR VEHICLE, FRONT END AT ANGLE",,False,Clear or Partly Cloudy,Ice,Daylight,,,,10.0,Entering at angle,0,0,False,0
-122.395716526645,47.6823729220011,197854,272145,272985,E771828,Matched,Intersection,23996.0,30TH AVE NW AND NW 74TH ST, ,,1,Property Damage Only Collision,Angles,2,0,0,2,0,0,2018-02-22 00:00:00+00,2/22/2018 9:10:00 AM,At Intersection (intersection related),11,"MOTOR VEHICLE STRUCK MOTOR VEHICLE, FRONT END AT ANGLE",,False,Clear or Partly Cloudy,Ice,Daylight,,,,10.0,Entering at angle,0,0,False,0
-122.325464296215,47.6096937289489,197855,272144,272984,E771827,Matched,Block,,BOREN AVE BETWEEN MADISON ST AND SPRING ST, ,,1,Property Damage Only Collision,Sideswipe,2,0,0,2,0,0,2018-02-16 00:00:00+00,2/16/2018 1:04:00 PM,Mid-Block (not related to intersection),11,"MOTOR VEHICLE STRUCK MOTOR VEHICLE, FRONT END AT ANGLE",True,False,Overcast,Dry,Daylight,,,,11.0,From same direction - both going straight - both moving - sideswipe,0,0,False,0
-122.301615826387,47.7045443801956,197856,270997,271837,E769148,Matched,Intersection,37612.0,24TH AVE NE AND LAKE CITY WAY NE, ,,1,Property Damage Only Collision,Other,2,0,0,1,0,0,2018-02-12 00:00:00+00,2/12/2018 6:24:00 PM,At Intersection (intersection related),26,MOTOR VEHICLE STRUCK OBJECT IN ROAD,,False,Clear or Partly Cloudy,Dry,Dark - Street Lights On,,,,50.0,Fixed object,0,0,False,0
-122.337878908784,47.6158852522596,197858,272143,272983,E771826,Matched,Block,,WESTLAKE AVE BETWEEN 7TH AVE AND 8TH AVE, ,,1,Property Damage Only Collision,Sideswipe,2,0,0,2,0,0,2018-02-15 00:00:00+00,2/15/2018 3:10:00 PM,Mid-Block (not related to intersection),11,"MOTOR VEHICLE STRUCK MOTOR VEHICLE, FRONT END AT ANGLE",,False,Clear or Partly Cloudy,Dry,Daylight,,,,11.0,From same direction - both going straight - both moving - sideswipe,0,0,False,0
-122.344526209486,47.6909235186916,197859,270961,271801,E769127,Matched,Block,,AURORA AVE N BETWEEN N 85TH ST AND N 86TH ST, ,,1,Property Damage Only Collision,Sideswipe,2,0,0,2,0,0,2018-02-10 00:00:00+00,2/10/2018 6:00:00 PM,Mid-Block (not related to intersection),14,"MOTOR VEHICLE STRUCK MOTOR VEHICLE, REAR END",,False,Clear or Partly Cloudy,Dry,Dark - Street Lights On,,,,11.0,From same direction - both going straight - both moving - sideswipe,0,0,False,0
-122.287545872847,47.5617588516455,197860,272142,272982,E771825,Matched,Block,,RAINIER AVE S BETWEEN S OREGON ST AND S ALASKA ST, ,,1,Property Damage Only Collision,Sideswipe,2,0,0,2,0,0,2018-02-14 00:00:00+00,2/14/2018 2:23:00 PM,Mid-Block (not related to intersection),14,"MOTOR VEHICLE STRUCK MOTOR VEHICLE, REAR END",,False,Clear or Partly Cloudy,Dry,Daylight,,,,11.0,From same direction - both going straight - both moving - sideswipe,0,0,False,0
-122.376139409804,47.6363346830579,197861,273260,274100,3784833,Matched,Block,,15TH AVE W BETWEEN W HOWE ST AND W NEWTON ST, ,,1,Property Damage Only Collision,Head On,2,0,0,2,0,0,2018-02-28 00:00:00+00,2/28/2018 3:11:00 PM,Mid-Block (not related to intersection),11,"MOTOR VEHICLE STRUCK MOTOR VEHICLE, FRONT END AT ANGLE",,False,Raining,Wet,Daylight,,,,24.0,From opposite direction - both moving - head-on,0,0,False,0
-122.333265009843,47.5871671879091,197862,272140,272980,E771718,Matched,Block,,OCCIDENTAL AVE S BETWEEN S MASSACHUSETTS ST AND S HOLGATE ST, ,,1,Property Damage Only Collision,Parked Car,2,0,0,2,0,0,2018-02-16 00:00:00+00,2/16/2018 4:34:00 PM,Mid-Block (not related to intersection),14,"MOTOR VEHICLE STRUCK MOTOR VEHICLE, REAR END",True,False,Clear or Partly Cloudy,Dry,Daylight,,,,32.0,One parked--one moving,0,0,False,0
-122.291450164549,47.7273782386161,197863,270960,271800,E769147,Matched,Block,,ERICKSON PL NE BETWEEN 35TH AVE NE AND NE 137TH ST, ,,2,Injury Collision,Rear Ended,4,0,0,2,1,0,2018-02-12 00:00:00+00,2/12/2018 5:59:00 PM,Mid-Block (not related to intersection),14,"MOTOR VEHICLE STRUCK MOTOR VEHICLE, REAR END",,False,Clear or Partly Cloudy,Dry,Dark - Street Lights On,,,,13.0,From same direction - both going straight - both moving - rear-end,0,0,False,0
-122.346367307468,47.7268605960223,197864,270959,271799,E769146,Matched,Block,,N 135TH ST BETWEEN LINDEN AVE N AND AURORA AVE N, ,,1,Property Damage Only Collision,Sideswipe,2,0,0,2,0,0,2018-02-13 00:00:00+00,2/13/2018 4:04:00 PM,Mid-Block (not related to intersection),14,"MOTOR VEHICLE STRUCK MOTOR VEHICLE, REAR END",,False,Clear or Partly Cloudy,Dry,Daylight,,,,12.0,From same direction - both going straight - one stopped - sideswipe,0,0,False,0
-122.315262721877,47.6631057968917,197865,270958,271798,E769145,Matched,Intersection,25802.0,12TH AVE NE AND NE 47TH ST, ,,2,Injury Collision,Pedestrian,2,1,0,1,1,0,2018-02-05 00:00:00+00,2/5/2018 6:08:00 PM,At Intersection (intersection related),24,MOTOR VEHCILE STRUCK PEDESTRIAN,,False,Raining,Wet,Dark - Street Lights On,True,,,2.0,Vehicle turning left hits pedestrian,0,0,False,0
-122.334309132259,47.5482713833211,197866,272139,272979,E771717,Matched,Intersection,33046.0,1ST AVE S AND EAST MARGINAL WAY S, ,,1,Property Damage Only Collision,Sideswipe,3,0,0,2,0,0,2018-02-16 00:00:00+00,2/16/2018 3:20:00 PM,At Intersection (but not related to intersection),16,"MOTOR VEHICLE STRUCK MOTOR VEHICLE, LEFT SIDE SIDESWIPE",,False,Clear or Partly Cloudy,Dry,Daylight,,,,11.0,From same direction - both going straight - both moving - sideswipe,0,0,False,0
-122.334792923541,47.5491918832386,197867,272138,272978,E771716,Matched,Block,,EAST MARGINAL WAY S BETWEEN S FIDALGO ST AND 1ST AVE S, ,,2,Injury Collision,Angles,3,0,0,2,1,0,2018-02-16 00:00:00+00,2/16/2018 2:29:00 PM,Mid-Block (not related to intersection),11,"MOTOR VEHICLE STRUCK MOTOR VEHICLE, FRONT END AT ANGLE",,False,Overcast,Dry,Daylight,,,,10.0,Entering at angle,0,0,False,0
-122.34989070689,47.6821804567412,197868,270957,271797,E769144,Matched,Block,,FREMONT AVE N BETWEEN N 73RD ST AND N 74TH ST, ,,1,Property Damage Only Collision,Parked Car,2,0,0,2,0,0,2018-02-13 00:00:00+00,2/13/2018 12:00:00 PM,Mid-Block (not related to intersection),11,"MOTOR VEHICLE STRUCK MOTOR VEHICLE, FRONT END AT ANGLE",,False,Unknown,Unknown,Unknown,,,,32.0,One parked--one moving,0,0,True,0
-122.269988166561,47.5299413850032,197870,272640,273480,3756087,Matched,Block,,RAINIER AVE S BETWEEN S ELMGROVE ST AND S ROSE N ST, ,,1,Property Damage Only Collision,Rear Ended,2,0,0,2,0,0,2018-02-18 00:00:00+00,2/18/2018 3:25:00 PM,Mid-Block (not related to intersection),14,"MOTOR VEHICLE STRUCK MOTOR VEHICLE, REAR END",,False,Clear or Partly Cloudy,Dry,Daylight,,,,14.0,From same direction - both going straight - one stopped - rear-end,0,0,False,0
-122.317225404467,47.5987646925631,197871,271660,272500,3578881,Matched,Block,,12TH AVE S BETWEEN S JACKSON ST AND S KING ST, ,,2,Injury Collision,Rear Ended,3,0,0,2,2,0,2018-02-15 00:00:00+00,2/15/2018 4:13:00 PM,Mid-Block (not related to intersection),14,"MOTOR VEHICLE STRUCK MOTOR VEHICLE, REAR END",,True,Overcast,Dry,Daylight,,,,14.0,From same direction - both going straight - one stopped - rear-end,0,0,False,0
-122.355409039444,47.6657466389665,197873,270248,271068,E768273,Matched,Intersection,25647.0,GREENWOOD AVE N AND N 51ST ST, ,,1,Property Damage Only Collision,Parked Car,2,0,0,2,0,0,2018-02-09 00:00:00+00,2/9/2018 5:13:00 AM,At Intersection (intersection related),14,"MOTOR VEHICLE STRUCK MOTOR VEHICLE, REAR END",,False,Overcast,Dry,Dark - Street Lights On,,,,32.0,One parked--one moving,0,0,False,0
-122.367865127515,47.6621954055336,197874,270247,271067,E768228,Matched,Intersection,25464.0,LEARY WAY NW AND NW 46TH ST, ,,1,Property Damage Only Collision,Angles,2,0,0,2,0,0,2018-02-09 00:00:00+00,2/9/2018 8:28:00 AM,At Intersection (intersection related),11,"MOTOR VEHICLE STRUCK MOTOR VEHICLE, FRONT END AT ANGLE",,False,Overcast,Dry,Daylight,,,,10.0,Entering at angle,0,0,False,0
-122.321964809257,47.722156821945,197876,270999,271839,E769150,Matched,Block,,ROOSEVELT WAY NE BETWEEN NE 127TH ST AND NE 130TH S ST, ,,1,Property Damage Only Collision,Sideswipe,2,0,0,2,0,0,2018-02-13 00:00:00+00,2/13/2018 5:00:00 PM,Mid-Block (not related to intersection),11,"MOTOR VEHICLE STRUCK MOTOR VEHICLE, FRONT END AT ANGLE",True,False,Clear or Partly Cloudy,Dry,Daylight,,,,11.0,From same direction - both going straight - both moving - sideswipe,0,0,False,0
-122.266869173207,47.5168324644531,197877,270297,271117,E767980,Matched,Block,,S ROXBURY ST BETWEEN 52ND AVE S AND 53RD AVE S, ,,1,Property Damage Only Collision,Angles,4,0,0,2,0,0,2018-02-02 00:00:00+00,2/2/2018 4:42:00 PM,Driveway Junction,11,"MOTOR VEHICLE STRUCK MOTOR VEHICLE, FRONT END AT ANGLE",,False,Clear or Partly Cloudy,Dry,Dusk,,,,10.0,Entering at angle,0,0,False,0
-122.305540721836,47.5855038854112,197881,270277,271097,E768355,Matched,Intersection,31549.0,21ST AVE S AND S PLUM ST, ,,1,Property Damage Only Collision,Other,2,0,0,2,0,0,2018-02-07 00:00:00+00,2/7/2018 11:05:00 AM,At Intersection (but not related to intersection),14,"MOTOR VEHICLE STRUCK MOTOR VEHICLE, REAR END",,False,Clear or Partly Cloudy,Dry,Daylight,,,,23.0,From same direction - all others,0,0,False,0
-122.324404651407,47.5991896821512,197884,269742,270542,3584932,Matched,Block,,S JACKSON ST BETWEEN MAYNARD AVE S AND 7TH AVE S, ,,2,Injury Collision,Angles,3,0,0,2,2,0,2018-02-09 00:00:00+00,2/9/2018 1:23:00 AM,Driveway Junction,14,"MOTOR VEHICLE STRUCK MOTOR VEHICLE, REAR END",True,False,Raining,Wet,Dark - Street Lights On,,,,10.0,Entering at angle,0,0,False,0
-122.3387015086,47.6107429511727,197885,270255,271075,E768292,Matched,Intersection,29580.0,3RD AVE AND PINE ST, ,,2,Injury Collision,Pedestrian,2,1,0,1,1,0,2018-01-26 00:00:00+00,1/26/2018 8:14:00 PM,At Intersection (intersection related),24,MOTOR VEHCILE STRUCK PEDESTRIAN,,False,Raining,Wet,Dark - Street Lights On,,,,1.0,Vehicle turning right hits pedestrian,0,521575,False,0
-122.329279433184,47.5903078588536,197889,270254,271074,E768285,Matched,Intersection,163340.0,4TH AVE SB OFF RP AND EDGAR MARTINEZ DR S, ,,2,Injury Collision,Left Turn,4,0,0,2,4,0,2018-01-27 00:00:00+00,1/27/2018 5:28:00 AM,At Intersection (intersection related),11,"MOTOR VEHICLE STRUCK MOTOR VEHICLE, FRONT END AT ANGLE",,False,Raining,Wet,Dawn,,,True,28.0,From opposite direction - one left turn - one straight,0,0,False,0
-122.334178594784,47.6017223387056,197892,270253,271073,E768284,Matched,Intersection,30357.0,1ST AVE AND YESLER WAY, ,,1,Property Damage Only Collision,Angles,2,0,0,2,0,0,2018-01-04 00:00:00+00,1/4/2018 8:13:00 AM,At Intersection (intersection related),11,"MOTOR VEHICLE STRUCK MOTOR VEHICLE, FRONT END AT ANGLE",,False,Clear or Partly Cloudy,Dry,Daylight,,,,10.0,Entering at angle,0,0,False,0
-122.367022197825,47.6255916423364,197893,270252,271072,E768278,Matched,Block,,ELLIOTT AVE W BETWEEN W MERCER ST AND W MERCER PL, ,,2,Injury Collision,Parked Car,4,0,0,4,1,0,2018-02-12 00:00:00+00,2/12/2018 5:37:00 AM,Mid-Block (not related to intersection),14,"MOTOR VEHICLE STRUCK MOTOR VEHICLE, REAR END",,False,Clear or Partly Cloudy,Dry,Dark - Street Lights On,,,,32.0,One parked--one moving,0,0,False,0
-122.32964493976,47.6017181987589,197894,270251,271071,E768276,Matched,Block,,YESLER WAY BETWEEN 3RD AVE AND TERRACE ST, ,,1,Property Damage Only Collision,Rear Ended,3,0,0,2,0,0,2018-01-18 00:00:00+00,1/18/2018 10:47:00 AM,Mid-Block (not related to intersection),14,"MOTOR VEHICLE STRUCK MOTOR VEHICLE, REAR END",True,False,Clear or Partly Cloudy,Dry,Daylight,,,,14.0,From same direction - both going straight - one stopped - rear-end,0,0,False,0
-122.315658047705,47.6758149275881,197895,269237,270037,E764983,Matched,Intersection,24501.0,12TH AVE NE AND NE 65TH ST, ,,2b,Serious Injury Collision,Pedestrian,2,1,0,1,1,0,2018-01-29 00:00:00+00,1/29/2018 3:50:00 PM,At Intersection (intersection related),24,MOTOR VEHCILE STRUCK PEDESTRIAN,,False,Raining,Wet,Dusk,True,,True,1.0,Vehicle turning right hits pedestrian,0,0,False,1
-122.314255626365,47.6727430978579,197897,269218,270018,E764982,Matched,Block,,BROOKLYN AVE NE BETWEEN NE 61ST ST AND NE 62ND ST, ,,1,Property Damage Only Collision,Parked Car,2,0,0,2,0,0,2018-01-29 00:00:00+00,1/29/2018 12:29:00 PM,Mid-Block (not related to intersection),11,"MOTOR VEHICLE STRUCK MOTOR VEHICLE, FRONT END AT ANGLE",True,False,Raining,Wet,Daylight,,,,32.0,One parked--one moving,0,0,False,0
-122.297803218504,47.7192917555234,197898,270250,271070,E768275,Matched,Intersection,36603.0,28TH AVE NE AND NE 125TH ST, ,,1,Property Damage Only Collision,Angles,2,0,0,2,0,0,2018-02-12 00:00:00+00,2/12/2018 7:57:00 AM,At Intersection (intersection related),11,"MOTOR VEHICLE STRUCK MOTOR VEHICLE, FRONT END AT ANGLE",,False,Clear or Partly Cloudy,Dry,Daylight,,,,10.0,Entering at angle,0,0,False,0
-122.334198303058,47.5850426824454,197899,273317,274157,E773706,Matched,Block,,1ST AVE S BETWEEN S HOLGATE ST AND S WALKER ST, ,,1,Property Damage Only Collision,Other,1,0,0,1,0,0,2018-02-13 00:00:00+00,2/13/2018 12:12:00 PM,Driveway Junction,26,MOTOR VEHICLE STRUCK OBJECT IN ROAD,True,False,Clear or Partly Cloudy,Dry,Daylight,,,,50.0,Fixed object,0,0,False,0
-122.362907166825,47.5583729069294,197900,269748,270548,3605956,Matched,Block,,DELRIDGE WAY SW BETWEEN SW EDMUNDS ST AND SW HUDSON ST, ,,1,Property Damage Only Collision,Angles,3,0,0,2,0,0,2018-02-08 00:00:00+00,2/8/2018 5:31:00 PM,Driveway Junction,11,"MOTOR VEHICLE STRUCK MOTOR VEHICLE, FRONT END AT ANGLE",,False,Raining,Wet,Dark - Street Lights On,,,,10.0,Entering at angle,0,0,False,0
-122.381493961259,47.5565460574536,197902,269747,270547,3588216,Matched,Block,,FAUNTLEROY WAY SW BETWEEN SW HUDSON ST AND SW DAWSON ST, ,,2,Injury Collision,Rear Ended,4,0,0,3,1,0,2018-02-06 00:00:00+00,2/6/2018 4:22:00 PM,Mid-Block (not related to intersection),14,"MOTOR VEHICLE STRUCK MOTOR VEHICLE, REAR END",,False,Clear or Partly Cloudy,Dry,Daylight,,,,13.0,From same direction - both going straight - both moving - rear-end,0,0,False,0
-122.337337691835,47.6092518165005,197906,269746,270546,E767041,Matched,Block,,3RD AVE BETWEEN UNION ST AND PIKE ST, ,,1,Property Damage Only Collision,Sideswipe,4,0,0,2,0,0,2018-01-20 00:00:00+00,1/20/2018 7:40:00 PM,Mid-Block (not related to intersection),14,"MOTOR VEHICLE STRUCK MOTOR VEHICLE, REAR END",True,False,Clear or Partly Cloudy,Dry,Dark - Street Lights On,,,,11.0,From same direction - both going straight - both moving - sideswipe,0,0,False,0
-122.347162102656,47.6137583099113,197907,269745,270545,E767040,Matched,Block,,1ST AVE BETWEEN BELL ST AND BATTERY ST, ,,2,Injury Collision,Pedestrian,2,1,0,1,1,0,2018-01-13 00:00:00+00,1/13/2018 12:07:00 AM,Mid-Block (not related to intersection),24,MOTOR VEHCILE STRUCK PEDESTRIAN,,True,Clear or Partly Cloudy,Wet,Dark - Street Lights On,,,,4.0,Vehicle hits Pedestrian - All Other Actions,0,0,False,0
-122.368356997693,47.6265845203862,197911,269743,270543,E767039,Matched,Intersection,28700.0,ELLIOTT AVE W AND W MERCER PL, ,,1,Property Damage Only Collision,Left Turn,2,0,0,2,0,0,2018-01-03 00:00:00+00,1/3/2018 11:16:00 PM,At Intersection (intersection related),14,"MOTOR VEHICLE STRUCK MOTOR VEHICLE, REAR END",,False,Overcast,Dry,Dark - Street Lights On,,,,28.0,From opposite direction - one left turn - one straight,0,0,False,0
-122.315682075427,47.5991995193652,197912,271020,271860,E769447,Matched,Block,,S JACKSON ST BETWEEN 12TH AVE S AND 14TH AVE S, ,,1,Property Damage Only Collision,Sideswipe,2,0,0,2,0,0,2018-02-13 00:00:00+00,2/13/2018 4:45:00 PM,Mid-Block (not related to intersection),11,"MOTOR VEHICLE STRUCK MOTOR VEHICLE, FRONT END AT ANGLE",,False,Clear or Partly Cloudy,Dry,Daylight,,,,11.0,From same direction - both going straight - both moving - sideswipe,0,0,False,0
-122.337136974786,47.6238747622767,197914,273262,274102,3811944,Matched,Block,,TERRY AVE N BETWEEN REPUBLICAN ST AND MERCER SR ST, ,,2,Injury Collision,Parked Car,4,0,0,2,3,0,2018-02-28 00:00:00+00,2/28/2018 2:36:00 PM,Mid-Block (not related to intersection),14,"MOTOR VEHICLE STRUCK MOTOR VEHICLE, REAR END",True,False,Raining,Wet,Daylight,,,,32.0,One parked--one moving,0,0,False,0
-122.376382414327,47.6484486458549,197915,273261,274101,3784834,Matched,Block,,15TH AVE W BETWEEN 15TH AV W NB OFF RP AND W BERTONA ST, ,,1,Property Damage Only Collision,Rear Ended,2,0,0,2,0,0,2018-02-28 00:00:00+00,2/28/2018 5:27:00 PM,Mid-Block (not related to intersection),14,"MOTOR VEHICLE STRUCK MOTOR VEHICLE, REAR END",,False,Raining,Wet,Daylight,,,,13.0,From same direction - both going straight - both moving - rear-end,0,0,False,0
-122.317819028829,47.6568893046475,197916,271001,271841,E769129,Matched,Intersection,27100.0,ROOSEVELT WAY NE AND NE 41ST ST, ,,1,Property Damage Only Collision,Sideswipe,3,0,0,2,0,0,2018-02-04 00:00:00+00,2/4/2018 3:00:00 PM,At Intersection (intersection related),26,MOTOR VEHICLE STRUCK OBJECT IN ROAD,True,False,Clear or Partly Cloudy,Dry,Daylight,,,,11.0,From same direction - both going straight - both moving - sideswipe,0,0,False,0
-122.376766639932,47.678646793582,197917,273358,274198,E773768,Matched,Block,,15TH AVE NW BETWEEN NW 67TH ST AND NW 70TH ST, ,,2,Injury Collision,Other,1,0,0,1,1,0,2018-02-15 00:00:00+00,2/15/2018 8:30:00 AM,Driveway Junction,26,MOTOR VEHICLE STRUCK OBJECT IN ROAD,True,False,Overcast,Dry,Daylight,,,,50.0,Fixed object,0,0,False,0
-122.274300822981,47.6793999294473,197937,271668,272508,3705736,Matched,Intersection,24848.0,50TH AVE NE AND NE 70TH ST, ,,2,Injury Collision,Angles,2,1,0,1,1,0,2018-02-15 00:00:00+00,2/15/2018 6:30:00 PM,At Intersection (intersection related),24,MOTOR VEHCILE STRUCK PEDESTRIAN,,False,Overcast,Dry,Dark - Street Lights On,,,,10.0,Entering at angle,0,0,False,0
-122.332256555685,47.6053742451996,197918,273357,274197,E773710,Matched,Intersection,29953.0,4TH AVE AND MARION ST, ,,2,Injury Collision,Rear Ended,2,0,0,2,1,0,2018-02-26 00:00:00+00,2/26/2018 10:55:00 AM,At Intersection (intersection related),11,"MOTOR VEHICLE STRUCK MOTOR VEHICLE, FRONT END AT ANGLE",,False,Clear or Partly Cloudy,Dry,Daylight,,,,14.0,From same direction - both going straight - one stopped - rear-end,0,0,False,0
-122.384134920848,47.5628740621235,197919,272153,272993,E771856,Matched,Intersection,31906.0,41ST AVE SW AND SW OREGON ST, ,,1,Property Damage Only Collision,Other,1,0,0,1,0,0,2018-02-13 00:00:00+00,2/13/2018 12:49:00 PM,At Intersection (intersection related),28,MOTOR VEHICLE RAN OFF ROAD - HIT FIXED OBJECT,,False,Clear or Partly Cloudy,Dry,Daylight,,,,50.0,Fixed object,0,0,False,0
-122.326365493337,47.5979358543603,197922,273337,274177,E773709,Matched,Block,,6TH AVE S BETWEEN S KING ST AND S WELLER ST, ,,2,Injury Collision,Parked Car,3,0,0,2,1,0,2018-02-26 00:00:00+00,2/26/2018 10:41:00 AM,Mid-Block (not related to intersection),11,"MOTOR VEHICLE STRUCK MOTOR VEHICLE, FRONT END AT ANGLE",,False,Clear or Partly Cloudy,Dry,Daylight,,,,20.0,One car leaving parked position,0,0,False,0
-122.338413318845,47.7170933874543,199982,284743,285623,3706001,Matched,Block,,N 122ND ST BETWEEN ASHWORTH AVE N AND DENSMORE AVE N, ,,1,Property Damage Only Collision,Parked Car,2,0,0,2,0,0,2018-04-28 00:00:00+00,4/28/2018,Mid-Block (not related to intersection),14,"MOTOR VEHICLE STRUCK MOTOR VEHICLE, REAR END",,False,Overcast,Unknown,Unknown,,,,32.0,One parked--one moving,0,0,True,0
-122.377343522734,47.6924279612932,197923,272151,272991,E771845,Matched,Block,,NW 87TH ST BETWEEN 15TH AVE NW AND 16TH AVE NW,NEI,"Not Enough Information, or Insufficient Location Information",1,Property Damage Only Collision,Parked Car,2,0,0,2,0,0,2018-02-19 00:00:00+00,2/19/2018 9:00:00 PM,Mid-Block (not related to intersection),0,NOT ENOUGH INFORMATION / NOT APPLICABLE,,False,Clear or Partly Cloudy,Dry,Dark - Street Lights On,,,,32.0,One parked--one moving,0,0,True,0
-122.414192693351,47.6504373370136,197924,273319,274159,E773708,Matched,Intersection,26424.0,MAGNOLIA BLVD W AND W BERTONA ST, ,,1,Property Damage Only Collision,Left Turn,3,0,0,2,0,0,2018-02-23 00:00:00+00,2/23/2018 9:30:00 AM,At Intersection (intersection related),11,"MOTOR VEHICLE STRUCK MOTOR VEHICLE, FRONT END AT ANGLE",,False,Overcast,Ice,Daylight,,,,28.0,From opposite direction - one left turn - one straight,0,0,False,0
-122.373594262739,47.6632952659138,197926,273318,274158,E773707,Matched,Block,,14TH AVE NW BETWEEN NW BALLARD WAY AND NW LEARY WAY, ,,2,Injury Collision,Pedestrian,2,1,0,1,1,0,2018-02-16 00:00:00+00,2/16/2018 11:30:00 AM,Mid-Block (but intersection related),24,MOTOR VEHCILE STRUCK PEDESTRIAN,True,False,Clear or Partly Cloudy,Dry,Daylight,,,,0.0,Vehicle going straight hits pedestrian,0,0,False,0