longitude,latitude,objectid,inckey,coldetkey,reportno,status,addrtype,intkey,location,exceptrsncode,exceptrsndesc,severitycode,severitydesc,collisiontype,personcount,pedcount,pedcylcount,vehcount,injuries,fatalities,incdate,incdttm,junctiontype,sdot_colcode,sdot_coldesc,inattentionind,underinfl,weather,roadcond,lightcond,pedrownotgrnt,sdotcolnum,speeding,st_colcode,st_coldesc,seglanekey,crosswalkkey,hitparkedcar,seriousinjuries
-122.333097048666,47.6096538707626,197928,272149,272989,E771843,Matched,Block,,6TH AVE BETWEEN UNIVERSITY ST AND UNION ST,NEI,"Not Enough Information, or Insufficient Location Information",1,Property Damage Only Collision,Sideswipe,2,0,0,2,0,0,2018-02-21 00:00:00+00,2/21/2018 11:51:00 AM,Mid-Block (not related to intersection),0,NOT ENOUGH INFORMATION / NOT APPLICABLE,,False,Clear or Partly Cloudy,Dry,Daylight,,,,11.0,From same direction - both going straight - both moving - sideswipe,0,0,False,0
-122.325814490999,47.701344341594,197929,272147,272987,E771839,Matched,Intersection,37561.0,3RD AVE NE AND NE 100TH ST, ,,1,Property Damage Only Collision,Angles,2,0,0,2,0,0,2018-02-22 00:00:00+00,2/22/2018 12:55:00 PM,At Intersection (intersection related),11,"MOTOR VEHICLE STRUCK MOTOR VEHICLE, FRONT END AT ANGLE",,False,Clear or Partly Cloudy,Wet,Daylight,,,,10.0,Entering at angle,0,0,False,0
-122.370193656062,47.5715593501127,197930,272684,273524,3818604,Matched,Block,,WEST SEATTLE BR WB BETWEEN SW ADMIRAL WY OFF RP AND POINT A, ,,1,Property Damage Only Collision,Other,2,0,0,1,0,0,2018-02-19 00:00:00+00,2/19/2018 3:10:00 AM,Mid-Block (not related to intersection),26,MOTOR VEHICLE STRUCK OBJECT IN ROAD,,False,Clear or Partly Cloudy,Ice,Dark - Street Lights On,,,,50.0,Fixed object,0,0,False,0
-122.333527003241,47.5361684323403,197931,271670,272510,3742116,Matched,Block,,WEST MARGINAL WAY S BETWEEN 1ST AVE S AND S HOLDEN ST, ,,1,Property Damage Only Collision,Sideswipe,2,0,0,2,0,0,2018-02-16 00:00:00+00,2/16/2018 8:34:00 AM,Mid-Block (not related to intersection),11,"MOTOR VEHICLE STRUCK MOTOR VEHICLE, FRONT END AT ANGLE",,False,Overcast,Wet,Daylight,,,,11.0,From same direction - both going straight - both moving - sideswipe,0,0,False,0
-122.345005818146,47.6185605458435,197932,273362,274202,3644129,Matched,Intersection,29575.0,6TH AVE AND DENNY WAY, ,,1,Property Damage Only Collision,Angles,2,0,0,2,0,0,2018-03-01 00:00:00+00,3/1/2018 4:08:00 AM,At Intersection (intersection related),11,"MOTOR VEHICLE STRUCK MOTOR VEHICLE, FRONT END AT ANGLE",True,False,Overcast,Wet,Dark - No Street Lights,,,,10.0,Entering at angle,0,0,False,0
-122.336839444656,47.612897018651,197933,272683,273523,3811942,Matched,Block,,OLIVE WAY BETWEEN 5TH AVE AND 6TH AVE, ,,1,Property Damage Only Collision,Sideswipe,4,0,0,2,0,0,2018-02-23 00:00:00+00,2/23/2018 6:30:00 AM,Mid-Block (not related to intersection),14,"MOTOR VEHICLE STRUCK MOTOR VEHICLE, REAR END",,False,Overcast,Dry,Daylight,,,,12.0,From same direction - both going straight - one stopped - sideswipe,0,0,False,0
-122.299585362999,47.5929430786648,197934,272681,273521,E771942,Matched,Block,,S NORMAN ST BETWEEN 25TH AVE S AND 26TH AVE S, ,,2,Injury Collision,Angles,3,0,0,3,1,0,2018-02-10 00:00:00+00,2/10/2018 5:08:00 PM,Mid-Block (but intersection related),11,"MOTOR VEHICLE STRUCK MOTOR VEHICLE, FRONT END AT ANGLE",,False,Clear or Partly Cloudy,Dry,Daylight,,,,10.0,Entering at angle,0,0,False,0
-122.322972216343,47.5230661528226,197935,272680,273520,3782620,Matched,Intersection,35122.0,8TH AVE S AND S HENDERSON ST, ,,1,Property Damage Only Collision,Parked Car,2,0,0,2,0,0,2018-02-23 00:00:00+00,2/23/2018 6:57:00 PM,At Intersection (but not related to intersection),11,"MOTOR VEHICLE STRUCK MOTOR VEHICLE, FRONT END AT ANGLE",,False,Raining,Wet,Dark - Street Lights On,,,,32.0,One parked--one moving,0,0,True,0
-122.347418832944,47.6150840218902,197936,271669,272509,3739944,Matched,Block,,2ND AVE BETWEEN BATTERY ST AND WALL ST, ,,1,Property Damage Only Collision,Sideswipe,3,0,0,3,0,0,2018-02-14 00:00:00+00,2/14/2018 11:38:00 AM,Mid-Block (not related to intersection),11,"MOTOR VEHICLE STRUCK MOTOR VEHICLE, FRONT END AT ANGLE",,False,Clear or Partly Cloudy,Dry,Daylight,,,,11.0,From same direction - both going straight - both moving - sideswipe,0,0,False,0
-122.307350486328,47.6204872792763,197938,272679,273519,3773748,Matched,Intersection,29366.0,19TH AVE E AND E THOMAS ST, ,,2,Injury Collision,Pedestrian,2,1,0,1,1,0,2018-02-26 00:00:00+00,2/26/2018 8:09:00 AM,At Intersection (intersection related),24,MOTOR VEHCILE STRUCK PEDESTRIAN,,False,Overcast,Wet,Daylight,True,,,2.0,Vehicle turning left hits pedestrian,0,0,False,0
-122.287706713757,47.537588459256,197939,271667,272507,E770073,Matched,Block,,S MYRTLE PL BETWEEN 35TH AVE S AND HOLLY PARK DR S, ,,1,Property Damage Only Collision,Rear Ended,2,0,0,2,0,0,2018-02-13 00:00:00+00,2/13/2018 8:09:00 AM,Mid-Block (but intersection related),14,"MOTOR VEHICLE STRUCK MOTOR VEHICLE, REAR END",True,False,Clear or Partly Cloudy,Dry,Daylight,,,,14.0,From same direction - both going straight - one stopped - rear-end,0,0,False,0
-122.302125299929,47.6080075241494,197940,272678,273518,3764850,Matched,Block,,E CHERRY ST BETWEEN 23RD AVE AND 24TH AVE, ,,1,Property Damage Only Collision,Parked Car,2,0,0,2,0,0,2018-02-26 00:00:00+00,2/26/2018 10:26:00 PM,Mid-Block (not related to intersection),14,"MOTOR VEHICLE STRUCK MOTOR VEHICLE, REAR END",,True,Overcast,Dry,Dark - Street Lights On,,,,32.0,One parked--one moving,0,0,False,0
-122.328078578054,47.6041612345606,197941,273361,274201,3584961,Matched,Intersection,29973.0,6TH AVE AND JAMES ST, ,,2b,Serious Injury Collision,Left Turn,4,0,0,2,1,0,2018-03-01 00:00:00+00,3/1/2018 9:40:00 PM,At Intersection (intersection related),11,"MOTOR VEHICLE STRUCK MOTOR VEHICLE, FRONT END AT ANGLE",,False,Overcast,Dry,Dark - Street Lights On,,,,28.0,From opposite direction - one left turn - one straight,0,0,False,1
-122.335648692365,47.6074055734871,197942,272677,273517,3764524,Matched,Block,,3RD AVE BETWEEN SENECA ST AND UNIVERSITY ST, ,,2b,Serious Injury Collision,Pedestrian,2,1,0,1,1,0,2018-02-26 00:00:00+00,2/26/2018 5:10:00 PM,Mid-Block (not related to intersection),24,MOTOR VEHCILE STRUCK PEDESTRIAN,,False,Clear or Partly Cloudy,Dry,Dusk,,,,0.0,Vehicle going straight hits pedestrian,0,0,False,1
-122.298917341485,47.6016606257086,197943,271665,272505,3702397,Matched,Intersection,30581.0,26TH AVE AND E YESLER WAY, ,,1,Property Damage Only Collision,Parked Car,2,0,0,2,0,0,2018-02-16 00:00:00+00,2/16/2018 7:31:00 AM,At Intersection (intersection related),14,"MOTOR VEHICLE STRUCK MOTOR VEHICLE, REAR END",,False,Overcast,Wet,Daylight,,,,32.0,One parked--one moving,0,0,False,0
-122.320084678588,47.6365809381242,197944,271664,272504,3702321,Matched,Block,,10TH AVE E BETWEEN E HOWE ST AND E NEWTON ST, ,,2,Injury Collision,Parked Car,2,0,0,2,1,0,2018-02-15 00:00:00+00,2/15/2018 10:38:00 PM,Mid-Block (not related to intersection),14,"MOTOR VEHICLE STRUCK MOTOR VEHICLE, REAR END",,True,Overcast,Dry,Dark - Street Lights On,,,,32.0,One parked--one moving,0,0,False,0
-122.334279166002,47.6231624135945,197945,271663,272503,3584934,Matched,Intersection,28769.0,FAIRVIEW AVE N AND REPUBLICAN ST, ,,1,Property Damage Only Collision,Angles,2,0,0,2,0,0,2018-02-19 00:00:00+00,2/19/2018 1:07:00 PM,At Intersection (intersection related),11,"MOTOR VEHICLE STRUCK MOTOR VEHICLE, FRONT END AT ANGLE",True,False,Clear or Partly Cloudy,Dry,Daylight,,,,10.0,Entering at angle,0,0,False,0
-122.301031672449,47.5486573839,197946,272657,273497,3764849,Matched,Intersection,167264.0,BEACON ER AVE S AND S RAYMOND ST, ,,2b,Serious Injury Collision,Angles,3,0,0,2,1,0,2018-02-25 00:00:00+00,2/25/2018 1:30:00 PM,At Intersection (intersection related),11,"MOTOR VEHICLE STRUCK MOTOR VEHICLE, FRONT END AT ANGLE",True,False,Clear or Partly Cloudy,Dry,Daylight,,,,10.0,Entering at angle,0,0,False,1
-122.298061791528,47.5876070445088,197947,272641,273481,3764848,Matched,Block,,M L KING JR WAY S BETWEEN S MASSACHUSETTS ST AND S GRAND ST, ,,2,Injury Collision,Parked Car,4,0,0,4,1,0,2018-02-25 00:00:00+00,2/25/2018 7:08:00 AM,Mid-Block (not related to intersection),11,"MOTOR VEHICLE STRUCK MOTOR VEHICLE, FRONT END AT ANGLE",,False,Clear or Partly Cloudy,Dry,Daylight,,,,32.0,One parked--one moving,0,0,True,0
-122.284837647984,47.5574458470403,197948,271662,272502,E770072,Matched,Block,,RAINIER AVE S BETWEEN S FERDINAND ST AND S HUDSON ST, ,,2,Injury Collision,Head On,3,0,0,2,2,0,2018-02-12 00:00:00+00,2/12/2018 9:16:00 AM,Mid-Block (but intersection related),11,"MOTOR VEHICLE STRUCK MOTOR VEHICLE, FRONT END AT ANGLE",,False,Clear or Partly Cloudy,Dry,Daylight,,,,25.0,From opposite direction - one stopped - head-on,0,0,False,0
-122.330860917388,47.6183808218376,197949,272155,272995,3506205,Matched,Block,,STEWART ST BETWEEN YALE AVE AND DENNY WAY, ,,1,Property Damage Only Collision,Sideswipe,2,0,0,2,0,0,2018-02-21 00:00:00+00,2/21/2018 5:35:00 PM,Mid-Block (not related to intersection),11,"MOTOR VEHICLE STRUCK MOTOR VEHICLE, FRONT END AT ANGLE",,False,Snowing,Dry,Dark - Street Lights On,,,,11.0,From same direction - both going straight - both moving - sideswipe,0,0,False,0
-122.31211005308,47.6568195934817,197950,273360,274200,3479326,Matched,Intersection,27106.0,15TH AVE NE AND NE 41ST ST, ,,2,Injury Collision,Pedestrian,2,1,0,1,1,0,2018-01-17 00:00:00+00,1/17/2018 5:20:00 PM,At Intersection (intersection related),24,MOTOR VEHCILE STRUCK PEDESTRIAN,,False,Raining,Wet,Dark - Street Lights On,True,,,2.0,Vehicle turning left hits pedestrian,0,630802,False,0
-122.288262928239,47.6110065751464,197951,272154,272994,E771857,Matched,Block,,35TH AVE BETWEEN E MARION ST AND E SPRING ST, ,,1,Property Damage Only Collision,Sideswipe,3,0,0,2,0,0,2018-02-15 00:00:00+00,2/15/2018 4:04:00 PM,Mid-Block (not related to intersection),15,"MOTOR VEHICLE STRUCK MOTOR VEHICLE, RIGHT SIDE SIDESWIPE",,False,Clear or Partly Cloudy,Dry,Daylight,,,,26.0,From opposite direction - both going straight - sideswipe,0,0,False,0
-122.321844115887,47.6613262752523,197952,271039,271879,E769531,Matched,Block,,NE 45TH ST BETWEEN 5TH AVE NE AND 7TH AVE NE, ,,1,Property Damage Only Collision,Sideswipe,2,0,0,2,0,0,2018-02-14 00:00:00+00,2/14/2018 11:07:00 AM,Mid-Block (not related to intersection),11,"MOTOR VEHICLE STRUCK MOTOR VEHICLE, FRONT END AT ANGLE",,False,Raining,Wet,Daylight,,,,11.0,From same direction - both going straight - both moving - sideswipe,0,0,False,0
-122.324617180217,47.7086028146454,197953,271038,271878,E769450,Matched,Block,,NE NORTHGATE WAY BETWEEN 3RD AVE NE AND 5TH AVE NE, ,,1,Property Damage Only Collision,Sideswipe,2,0,0,2,0,0,2018-02-14 00:00:00+00,2/14/2018 9:50:00 AM,Mid-Block (not related to intersection),11,"MOTOR VEHICLE STRUCK MOTOR VEHICLE, FRONT END AT ANGLE",,False,Raining,Wet,Daylight,,,,11.0,From same direction - both going straight - both moving - sideswipe,0,0,False,0
-122.335320659507,47.6185216339527,197954,271037,271877,E769449,Matched,Intersection,29505.0,BOREN AVE AND DENNY WAY, ,,1,Property Damage Only Collision,Angles,2,0,0,2,0,0,2018-02-13 00:00:00+00,2/13/2018 3:45:00 PM,At Intersection (intersection related),11,"MOTOR VEHICLE STRUCK MOTOR VEHICLE, FRONT END AT ANGLE",,False,Overcast,Dry,Daylight,,,,10.0,Entering at angle,0,0,False,0
-122.337335801567,47.5907320849333,197955,273359,274199,2670498,Matched,Intersection,30385.0,ALASKAN WAY S AND S ATLANTIC ST, ,,1,Property Damage Only Collision,Sideswipe,2,0,0,2,0,0,2018-01-18 00:00:00+00,1/18/2018 2:30:00 PM,At Intersection (intersection related),11,"MOTOR VEHICLE STRUCK MOTOR VEHICLE, FRONT END AT ANGLE",,False,Raining,Wet,Daylight,,,,71.0,Same direction -- both turning right -- both moving -- sideswipe,0,0,False,0
-122.262021633633,47.5168032580061,197956,271671,272511,E770074,Matched,Intersection,35480.0,57TH AVE S AND S ROXBURY W ST, ,,2,Injury Collision,Angles,3,0,0,2,1,0,2018-02-02 00:00:00+00,2/2/2018 7:59:00 AM,At Intersection (intersection related),11,"MOTOR VEHICLE STRUCK MOTOR VEHICLE, FRONT END AT ANGLE",,False,Raining,Wet,Dawn,,,,10.0,Entering at angle,0,0,False,0
-122.32080988079,47.5495574736571,197957,271081,271921,E769596,Matched,Intersection,33121.0,CORSON AVE S AND I5 CORSON AV S OFF RP, ,,1,Property Damage Only Collision,Sideswipe,2,0,0,2,0,0,2018-02-14 00:00:00+00,2/14/2018 12:33:00 PM,At Intersection (intersection related),11,"MOTOR VEHICLE STRUCK MOTOR VEHICLE, FRONT END AT ANGLE",,False,Overcast,Dry,Daylight,,,,11.0,From same direction - both going straight - both moving - sideswipe,0,0,False,0
-122.322928113466,47.6850726871421,197958,272158,272998,3705694,Matched,Intersection,24404.0,5TH AVE NE AND BANNER WAY NE, ,,2,Injury Collision,Angles,2,0,0,2,1,0,2018-02-16 00:00:00+00,2/16/2018 2:07:00 PM,At Intersection (intersection related),11,"MOTOR VEHICLE STRUCK MOTOR VEHICLE, FRONT END AT ANGLE",,False,Raining,Wet,Daylight,,,,10.0,Entering at angle,0,0,False,0
-122.339072322605,47.5715064685324,197959,270317,271137,E768356,Matched,Block,,WEST SEATTLE BR EB BETWEEN 1ST AV S OFF RP AND SPOKANE ST - W SEA B RP, ,,1,Property Damage Only Collision,Rear Ended,2,0,0,2,0,0,2018-02-07 00:00:00+00,2/7/2018 10:32:00 AM,Mid-Block (not related to intersection),14,"MOTOR VEHICLE STRUCK MOTOR VEHICLE, REAR END",True,False,Clear or Partly Cloudy,Dry,Daylight,,,,14.0,From same direction - both going straight - one stopped - rear-end,0,0,False,0
-122.352792160509,47.624572740978,197961,269765,270565,E767045,Matched,Intersection,28917.0,2ND AVE N AND MERCER ST, ,,1,Property Damage Only Collision,Angles,3,0,0,2,0,0,2018-02-01 00:00:00+00,2/1/2018 10:36:00 PM,At Intersection (intersection related),11,"MOTOR VEHICLE STRUCK MOTOR VEHICLE, FRONT END AT ANGLE",True,False,Raining,Wet,Dark - Street Lights On,,,,10.0,Entering at angle,0,0,False,0
-122.35017030409,47.5710833996246,197962,271080,271920,E769595,Matched,Block,,WEST SEATTLE BR WB BETWEEN ALASKAN WY VI SB WSB WB OFF RP AND W SEATTLE BR WB OFF RP, ,,2,Injury Collision,Rear Ended,3,1,0,2,2,0,2018-02-14 00:00:00+00,2/14/2018 9:58:00 AM,Mid-Block (not related to intersection),14,"MOTOR VEHICLE STRUCK MOTOR VEHICLE, REAR END",True,False,Overcast,Wet,Daylight,,,,14.0,From same direction - both going straight - one stopped - rear-end,0,0,False,0
-122.317451143154,47.6621980426651,197964,271079,271919,E769130,Matched,Block,,ROOSEVELT WAY NE BETWEEN NE 45TH ST AND NE 47TH ST, ,,1,Property Damage Only Collision,Sideswipe,2,0,0,2,0,0,2018-02-04 00:00:00+00,2/4/2018 2:45:00 PM,Mid-Block (not related to intersection),11,"MOTOR VEHICLE STRUCK MOTOR VEHICLE, FRONT END AT ANGLE",,False,Clear or Partly Cloudy,Dry,Daylight,,,,11.0,From same direction - both going straight - both moving - sideswipe,0,0,False,0
-122.398515309146,47.6914546873545,197965,271679,272519,3754431,Matched,Block,,32ND AVE NW BETWEEN NW 85TH ST AND GOLDEN GARDENS DR NW, ,,1,Property Damage Only Collision,Other,2,0,0,2,0,0,2018-02-15 00:00:00+00,2/15/2018 5:27:00 PM,Mid-Block (not related to intersection),14,"MOTOR VEHICLE STRUCK MOTOR VEHICLE, REAR END",,True,Overcast,Dry,Dark - Street Lights On,,,,23.0,From same direction - all others,0,0,False,0
-122.322458662891,47.5958311666173,197968,269763,270563,E767044,Matched,Intersection,30447.0,8TH AVE S AND S DEARBORN ST, ,,2,Injury Collision,Pedestrian,2,1,0,1,1,0,2018-01-19 00:00:00+00,1/19/2018 9:53:00 PM,At Intersection (intersection related),24,MOTOR VEHCILE STRUCK PEDESTRIAN,,False,Overcast,Wet,Dark - Street Lights On,True,,,2.0,Vehicle turning left hits pedestrian,0,0,False,0
-122.324585598273,47.6095694537462,197969,269762,270562,3702316,Matched,Block,,MADISON ST BETWEEN BOREN AVE AND MINOR AVE, ,,1,Property Damage Only Collision,Sideswipe,4,0,0,3,0,0,2018-02-02 00:00:00+00,2/2/2018 9:56:00 PM,Mid-Block (but intersection related),14,"MOTOR VEHICLE STRUCK MOTOR VEHICLE, REAR END",,False,Raining,Wet,Dark - Street Lights On,,,,12.0,From same direction - both going straight - one stopped - sideswipe,0,0,False,0
-122.342349601083,47.6245497266159,197970,269761,270561,E766890,Matched,Intersection,28767.0,DEXTER AVE N AND MERCER ST, ,,1,Property Damage Only Collision,Sideswipe,2,0,0,2,0,0,2018-01-30 00:00:00+00,1/30/2018 11:24:00 AM,At Intersection (intersection related),11,"MOTOR VEHICLE STRUCK MOTOR VEHICLE, FRONT END AT ANGLE",,False,Clear or Partly Cloudy,Dry,Daylight,,,,81.0,Same direction -- both turning left -- both moving -- sideswipe,0,0,False,0
-122.319608523649,47.6116492078506,197973,271678,272518,3754293,Matched,Block,,E MADISON ST BETWEEN BROADWAY CT AND 10TH AVE,NEI,"Not Enough Information, or Insufficient Location Information",2,Injury Collision,Rear Ended,3,0,0,2,2,0,2018-02-15 00:00:00+00,2/15/2018 1:30:00 PM,,0,NOT ENOUGH INFORMATION / NOT APPLICABLE,,False,Unknown,Unknown,Daylight,,,,13.0,From same direction - both going straight - both moving - rear-end,0,0,False,0
-122.349934452538,47.6513488087068,197975,271058,271898,E769533,Matched,Intersection,27027.0,FREMONT AVE N AND N 36TH ST, ,,1,Property Damage Only Collision,Rear Ended,2,0,0,2,0,0,2018-02-14 00:00:00+00,2/14/2018 9:03:00 PM,At Intersection (but not related to intersection),14,"MOTOR VEHICLE STRUCK MOTOR VEHICLE, REAR END",,False,Clear or Partly Cloudy,Wet,Dark - Street Lights On,,,,14.0,From same direction - both going straight - one stopped - rear-end,0,0,False,0
-122.290453220625,47.6821387802462,197976,271057,271897,E769532,Matched,Block,,35TH AVE NE BETWEEN NE 73RD ST AND NE 75TH ST, ,,1,Property Damage Only Collision,Left Turn,2,0,0,2,0,0,2018-02-14 00:00:00+00,2/14/2018 3:49:00 PM,Mid-Block (not related to intersection),11,"MOTOR VEHICLE STRUCK MOTOR VEHICLE, FRONT END AT ANGLE",,False,Overcast,Dry,Daylight,,,,28.0,From opposite direction - one left turn - one straight,0,0,False,0
-122.331060687482,47.6185052278692,197977,269759,270559,3702315,Matched,Block,,DENNY WAY BETWEEN YALE AVE AND STEWART ST, ,,2,Injury Collision,Right Turn,3,0,0,2,1,0,2018-02-01 00:00:00+00,2/1/2018 4:59:00 PM,Mid-Block (not related to intersection),16,"MOTOR VEHICLE STRUCK MOTOR VEHICLE, LEFT SIDE SIDESWIPE",,False,Raining,Wet,Unknown,,,,16.0,From same direction - one right turn - one straight,0,0,False,0
-122.287960856367,47.5460859919886,197978,271681,272521,E770075,Matched,Block,,S GRAHAM ST BETWEEN 33RD AVE S AND M L KING JR WR WAY S, ,,1,Property Damage Only Collision,Rear Ended,2,0,0,2,0,0,2018-02-14 00:00:00+00,2/14/2018 7:48:00 AM,Mid-Block (not related to intersection),14,"MOTOR VEHICLE STRUCK MOTOR VEHICLE, REAR END",,False,Raining,Wet,Daylight,,,,13.0,From same direction - both going straight - both moving - rear-end,0,0,False,0
-122.329675690478,47.6084272339275,197979,269758,270558,3702314,Matched,Block,,SPRING ST BETWEEN 7TH AVE AND 8TH AVE, ,,1,Property Damage Only Collision,Sideswipe,2,0,0,2,0,0,2018-01-31 00:00:00+00,1/31/2018 7:17:00 PM,Mid-Block (not related to intersection),11,"MOTOR VEHICLE STRUCK MOTOR VEHICLE, FRONT END AT ANGLE",,True,Clear or Partly Cloudy,Dry,Dusk,,,,11.0,From same direction - both going straight - both moving - sideswipe,0,0,False,0
-122.325981562457,47.5727081876793,197980,270417,271237,E767805,Matched,Block,,6TH AVE S BETWEEN S HINDS ST AND S SPOKANE NR ST, ,,1,Property Damage Only Collision,Sideswipe,2,0,0,2,0,0,2018-01-31 00:00:00+00,1/31/2018 9:14:00 AM,Mid-Block (not related to intersection),11,"MOTOR VEHICLE STRUCK MOTOR VEHICLE, FRONT END AT ANGLE",,False,Clear or Partly Cloudy,Dry,Daylight,,,,11.0,From same direction - both going straight - both moving - sideswipe,0,0,False,0
-122.342280211034,47.7232107150464,197983,271677,272517,3754268,Matched,Intersection,35762.0,STONE AVE N AND N 130TH ST, ,,2,Injury Collision,Angles,3,0,0,2,1,0,2018-02-18 00:00:00+00,2/18/2018 8:13:00 PM,At Intersection (intersection related),14,"MOTOR VEHICLE STRUCK MOTOR VEHICLE, REAR END",,False,Clear or Partly Cloudy,Dry,Dark - Street Lights Off,,,,10.0,Entering at angle,0,0,False,0
-122.37625597968,47.6512531363592,197984,270398,271218,E768359,Matched,Block,,15TH AVE W BETWEEN W BERTONA ST AND W RUFFNER ST, ,,1,Property Damage Only Collision,Sideswipe,2,0,0,2,0,0,2018-02-09 00:00:00+00,2/9/2018 10:04:00 AM,Mid-Block (not related to intersection),11,"MOTOR VEHICLE STRUCK MOTOR VEHICLE, FRONT END AT ANGLE",,False,Clear or Partly Cloudy,Dry,Daylight,,,,11.0,From same direction - both going straight - both moving - sideswipe,0,0,False,0
-122.322129910302,47.6152260783394,197985,272157,272997,3702429,Matched,Intersection,29735.0,HARVARD AVE AND E PINE ST, ,,2,Injury Collision,,1,0,1,0,1,0,2018-02-22 00:00:00+00,2/22/2018 8:25:00 AM,At Intersection (intersection related),18,"MOTOR VEHICLE STRUCK PEDALCYCLIST, FRONT END AT ANGLE",,False,Clear or Partly Cloudy,Ice,Daylight,,,,,,0,0,False,0
-122.312032484054,47.6597814753804,197987,269440,270240,3754260,Matched,Intersection,27078.0,15TH AVE NE AND NE 43RD ST, ,,2,Injury Collision,Rear Ended,3,0,0,2,1,0,2018-02-05 00:00:00+00,2/5/2018 10:37:00 PM,At Intersection (but not related to intersection),14,"MOTOR VEHICLE STRUCK MOTOR VEHICLE, REAR END",,False,Raining,Wet,Dark - Street Lights On,,,,14.0,From same direction - both going straight - one stopped - rear-end,0,0,False,0
-122.388128667646,47.5629466897315,197988,269439,270239,3744221,Matched,Intersection,31997.0,44TH AVE SW AND SW OREGON ST, ,,1,Property Damage Only Collision,Angles,3,0,0,2,0,0,2018-02-02 00:00:00+00,2/2/2018 2:45:00 PM,At Intersection (intersection related),11,"MOTOR VEHICLE STRUCK MOTOR VEHICLE, FRONT END AT ANGLE",True,False,Clear or Partly Cloudy,Dry,Daylight,,,,10.0,Entering at angle,0,0,False,0
-122.363816185523,47.5355203043279,197989,270397,271217,E768358,Matched,Block,,SW WEBSTER ST BETWEEN 24TH AVE SW AND DEAD END 4, ,,1,Property Damage Only Collision,Parked Car,2,0,0,2,0,0,2018-02-07 00:00:00+00,2/7/2018 12:06:00 PM,Mid-Block (not related to intersection),14,"MOTOR VEHICLE STRUCK MOTOR VEHICLE, REAR END",,False,Overcast,Dry,Daylight,,,,32.0,One parked--one moving,0,0,False,0
-122.298144570327,47.583642210866,197990,270377,271197,E767698,Matched,Intersection,31451.0,M L KING JR WAY S AND S WALKER ST, ,,1,Property Damage Only Collision,Left Turn,3,0,0,2,0,0,2018-01-25 00:00:00+00,1/25/2018 6:16:00 PM,At Intersection (intersection related),11,"MOTOR VEHICLE STRUCK MOTOR VEHICLE, FRONT END AT ANGLE",,False,Overcast,Wet,Dark - No Street Lights,,,,28.0,From opposite direction - one left turn - one straight,0,0,False,0
-122.375069644642,47.5456395485523,197991,269438,270238,3742358,Matched,Block,,34TH AVE SW BETWEEN SW GRAHAM ST AND SW MORGAN ST, ,,1,Property Damage Only Collision,Parked Car,3,0,0,2,0,0,2018-02-05 00:00:00+00,2/5/2018 6:58:00 AM,Mid-Block (not related to intersection),14,"MOTOR VEHICLE STRUCK MOTOR VEHICLE, REAR END",,False,Overcast,Wet,Daylight,,,,32.0,One parked--one moving,0,0,False,0
-122.341994544947,47.5714307270994,197992,270357,271177,E768357,Matched,Block,,WEST SEATTLE BR EB BETWEEN SPOKANE ST - W SEA B RP AND ALASKAN WY VI NB ON RP, ,,2,Injury Collision,Rear Ended,3,0,0,2,1,0,2018-02-07 00:00:00+00,2/7/2018 10:15:00 AM,Mid-Block (not related to intersection),14,"MOTOR VEHICLE STRUCK MOTOR VEHICLE, REAR END",,False,Clear or Partly Cloudy,Dry,Daylight,,,,14.0,From same direction - both going straight - one stopped - rear-end,0,0,False,0
-122.327526962319,47.708621591763,197993,271674,272514,3754267,Matched,Block,,NE NORTHGATE WAY BETWEEN 1ST AVE NE AND NE NORTHGATE DR, ,,2,Injury Collision,Rear Ended,3,0,0,2,1,0,2018-02-16 00:00:00+00,2/16/2018 7:14:00 AM,Mid-Block (not related to intersection),14,"MOTOR VEHICLE STRUCK MOTOR VEHICLE, REAR END",True,False,Raining,Wet,Daylight,,,,14.0,From same direction - both going straight - one stopped - rear-end,0,0,False,0
-122.346233276261,47.6803057385232,197994,270337,271157,E768064,Matched,Block,,N 71ST ST BETWEEN LINDEN AVE N AND AURORA AVE N, ,,2,Injury Collision,Angles,7,0,0,2,1,0,2018-02-04 00:00:00+00,2/4/2018 10:02:00 AM,Driveway Junction,11,"MOTOR VEHICLE STRUCK MOTOR VEHICLE, FRONT END AT ANGLE",,False,Overcast,Dry,Daylight,,,,10.0,Entering at angle,0,0,False,0
-122.292585067625,47.5710554508616,197995,271697,272537,3764844,Matched,Intersection,32437.0,RAINIER AVE S AND S COURT ST, ,,1,Property Damage Only Collision,Rear Ended,2,0,0,2,0,0,2018-02-15 00:00:00+00,2/15/2018 4:12:00 PM,At Intersection (but not related to intersection),14,"MOTOR VEHICLE STRUCK MOTOR VEHICLE, REAR END",True,False,Clear or Partly Cloudy,Dry,Daylight,,,,14.0,From same direction - both going straight - one stopped - rear-end,0,0,False,0
-122.325040983299,47.6338589949912,197996,269417,270217,E765303,Matched,Block,,E GARFIELD ST BETWEEN EASTLAKE AVE E AND FRANKLIN AVE E, ,,1,Property Damage Only Collision,Parked Car,2,0,0,2,0,0,2018-02-02 00:00:00+00,2/2/2018 12:17:00 PM,Mid-Block (not related to intersection),14,"MOTOR VEHICLE STRUCK MOTOR VEHICLE, REAR END",True,False,Clear or Partly Cloudy,Dry,Daylight,,,,32.0,One parked--one moving,0,0,True,0