longitude,latitude,objectid,inckey,coldetkey,reportno,status,addrtype,intkey,location,exceptrsncode,exceptrsndesc,severitycode,severitydesc,collisiontype,personcount,pedcount,pedcylcount,vehcount,injuries,fatalities,incdate,incdttm,junctiontype,sdot_colcode,sdot_coldesc,inattentionind,underinfl,weather,roadcond,lightcond,pedrownotgrnt,sdotcolnum,speeding,st_colcode,st_coldesc,seglanekey,crosswalkkey,hitparkedcar,seriousinjuries
-122.357981950298,47.6906103312521,197998,269377,270177,E764988,Matched,Intersection,37185.0,1ST AVE NW AND NW 85TH ST, ,,2,Injury Collision,Pedestrian,2,1,0,1,1,0,2018-01-28 00:00:00+00,1/28/2018 6:38:00 PM,At Intersection (intersection related),24,MOTOR VEHCILE STRUCK PEDESTRIAN,,False,Overcast,Wet,Dark - Street Lights On,True,,,2.0,Vehicle turning left hits pedestrian,0,524323,False,0
-122.384277698258,47.5520739515614,197999,271673,272513,3745478,Matched,Intersection,32805.0,41ST AVE SW AND SW FINDLAY ST, ,,2,Injury Collision,Angles,2,0,0,2,1,0,2018-02-16 00:00:00+00,2/16/2018 12:51:00 AM,At Intersection (intersection related),14,"MOTOR VEHICLE STRUCK MOTOR VEHICLE, REAR END",,False,Clear or Partly Cloudy,Dry,Dark - No Street Lights,,,,10.0,Entering at angle,0,0,False,0
-122.289841596752,47.5759805213535,198000,269445,270245,3764991,Matched,Block,,34TH AVE S BETWEEN S MOUNT BAKER EB BV AND S HANFORD ST, ,,1,Property Damage Only Collision,Parked Car,6,0,0,6,0,0,2018-02-06 00:00:00+00,2/6/2018 4:46:00 AM,Mid-Block (not related to intersection),14,"MOTOR VEHICLE STRUCK MOTOR VEHICLE, REAR END",,False,,Wet,Dark - Street Lights On,,,,32.0,One parked--one moving,0,0,False,0
-122.391670404671,47.5919811373292,199001,284362,285242,3742329,Matched,Block,,ALKI AVE SW BETWEEN SW JERSEY ST AND SW ARKANSAS ST, ,,1,Property Damage Only Collision,Parked Car,2,0,0,2,0,0,2018-04-24 00:00:00+00,4/24/2018 3:01:00 PM,Mid-Block (not related to intersection),14,"MOTOR VEHICLE STRUCK MOTOR VEHICLE, REAR END",True,False,Clear or Partly Cloudy,Dry,Daylight,,,,32.0,One parked--one moving,0,0,True,0
-122.296243165098,47.5758727589938,199002,285314,286174,3818783,Matched,Intersection,31494.0,RAINIER AVE S AND S MOUNT BAKER EB BV, ,,1,Property Damage Only Collision,Left Turn,2,0,0,2,0,0,2018-04-25 00:00:00+00,4/25/2018 8:54:00 AM,At Intersection (intersection related),11,"MOTOR VEHICLE STRUCK MOTOR VEHICLE, FRONT END AT ANGLE",,False,Clear or Partly Cloudy,Dry,Daylight,,,,28.0,From opposite direction - one left turn - one straight,0,0,False,0
-122.377289259127,47.5333845107022,199003,284361,285241,E789401,Matched,Block,,SW HOLDEN ST BETWEEN 35TH S AVE SW AND 36TH AVE SW, ,,2,Injury Collision,Parked Car,5,0,0,4,1,0,2018-04-16 00:00:00+00,4/16/2018 6:19:00 PM,Mid-Block (not related to intersection),14,"MOTOR VEHICLE STRUCK MOTOR VEHICLE, REAR END",,False,Raining,Wet,Daylight,,,,32.0,One parked--one moving,0,0,True,0
-122.269990258123,47.5346718015201,199004,285313,286173,3782796,Matched,Intersection,34479.0,RAINIER AVE S AND S AUSTIN ST, ,,2,Injury Collision,Angles,2,0,0,2,2,0,2018-04-25 00:00:00+00,4/25/2018 8:42:00 AM,At Intersection (intersection related),11,"MOTOR VEHICLE STRUCK MOTOR VEHICLE, FRONT END AT ANGLE",,False,Clear or Partly Cloudy,Dry,Daylight,,,,10.0,Entering at angle,0,0,False,0
-122.382816514304,47.5610580985736,199005,285312,286172,3742331,Matched,Intersection,31919.0,40TH AVE SW AND SW ALASKA ST, ,,2,Injury Collision,Pedestrian,2,0,1,1,1,0,2018-04-25 00:00:00+00,4/25/2018 7:07:00 AM,At Intersection (intersection related),18,"MOTOR VEHICLE STRUCK PEDALCYCLIST, FRONT END AT ANGLE",,False,Clear or Partly Cloudy,Dry,Dawn,True,,,5.0,Vehicle Strikes Pedalcyclist,28404,0,False,0
-122.387214833673,47.5448720080863,199006,282759,283619,E790128,Matched,Intersection,33752.0,CALIFORNIA AVE SW AND FAUNTLEROY WAY SW, ,,2,Injury Collision,Pedestrian,2,1,0,1,1,0,2018-04-13 00:00:00+00,4/13/2018 2:03:00 PM,At Intersection (intersection related),24,MOTOR VEHCILE STRUCK PEDESTRIAN,,False,Raining,Wet,Daylight,True,,,1.0,Vehicle turning right hits pedestrian,0,522864,False,0
-122.322205987538,47.6198981998004,199007,282758,283618,E790090,Matched,Intersection,29051.0,HARVARD AVE E AND E OLIVE WAY, ,,1,Property Damage Only Collision,Angles,2,0,0,2,0,0,2018-04-12 00:00:00+00,4/12/2018 7:36:00 PM,At Intersection (intersection related),11,"MOTOR VEHICLE STRUCK MOTOR VEHICLE, FRONT END AT ANGLE",,False,Clear or Partly Cloudy,Dry,Daylight,,,,10.0,Entering at angle,0,0,False,0
-122.318215365032,47.6187590087277,199008,282757,283617,E790089,Matched,Intersection,29065.0,11TH AVE AND E DENNY WAY, ,,2,Injury Collision,Pedestrian,2,0,1,1,1,0,2018-04-09 00:00:00+00,4/9/2018 7:30:00 PM,At Intersection (intersection related),18,"MOTOR VEHICLE STRUCK PEDALCYCLIST, FRONT END AT ANGLE",,False,Clear or Partly Cloudy,Dry,Daylight,True,,,5.0,Vehicle Strikes Pedalcyclist,0,0,False,0
-122.31755909238,47.6871017806816,199027,282397,283257,E784206,Matched,Block,,ROOSEVELT WAY NE BETWEEN NE 80TH ST AND NE 81ST ST, ,,1,Property Damage Only Collision,Angles,2,0,0,2,0,0,2018-03-27 00:00:00+00,3/27/2018 7:10:00 AM,Driveway Junction,11,"MOTOR VEHICLE STRUCK MOTOR VEHICLE, FRONT END AT ANGLE",,True,Overcast,Dry,Daylight,,,,10.0,Entering at angle,0,0,False,0
-122.356270604274,47.5713751900883,199009,284360,285240,E789400,Matched,Block,,SW SPOKANE ST BETWEEN SW SPOKANE W BR AND TERMINAL 5 ACCESS RP, ,,2,Injury Collision,Rear Ended,4,0,0,3,2,0,2018-04-10 00:00:00+00,4/10/2018 4:50:00 PM,Mid-Block (not related to intersection),14,"MOTOR VEHICLE STRUCK MOTOR VEHICLE, REAR END",True,False,Clear or Partly Cloudy,Dry,Daylight,,,,14.0,From same direction - both going straight - one stopped - rear-end,0,0,False,0
-122.27888167081,47.5151623926583,199010,282737,283597,E784677,Matched,Block,,M L KING JR ER WAY S BETWEEN MERTON WAY S AND S NORFOLK ST, ,,1,Property Damage Only Collision,Other,1,0,0,1,0,0,2018-03-12 00:00:00+00,3/12/2018 7:57:00 AM,Mid-Block (not related to intersection),26,MOTOR VEHICLE STRUCK OBJECT IN ROAD,,False,Clear or Partly Cloudy,Dry,Daylight,,,,50.0,Fixed object,0,0,False,0
-122.296629747127,47.5763589728325,199011,285311,286171,3818782,Matched,Intersection,31495.0,M L KING JR WAY S AND RAINIER AVE S, ,,1,Property Damage Only Collision,Angles,2,0,0,2,0,0,2018-04-24 00:00:00+00,4/24/2018 9:20:00 PM,At Intersection (intersection related),11,"MOTOR VEHICLE STRUCK MOTOR VEHICLE, FRONT END AT ANGLE",,False,Clear or Partly Cloudy,Dry,Dark - Street Lights On,,,,10.0,Entering at angle,0,0,False,0
-122.3231131669,47.5958322403513,199012,284359,285239,E791739,Matched,Block,,S DEARBORN ST BETWEEN 7TH AVE S AND 8TH AVE S, ,,1,Property Damage Only Collision,Sideswipe,3,0,0,2,0,0,2018-04-22 00:00:00+00,4/22/2018 7:05:00 PM,Mid-Block (not related to intersection),11,"MOTOR VEHICLE STRUCK MOTOR VEHICLE, FRONT END AT ANGLE",,False,Clear or Partly Cloudy,Dry,Dusk,,,,11.0,From same direction - both going straight - both moving - sideswipe,0,0,False,0
-122.326252976458,47.6270543088288,199013,283557,284437,E787482,Matched,Block,,BELLEVUE PL E BETWEEN BELLEVUE AVE E AND BELMONT AVE E, ,,1,Property Damage Only Collision,Parked Car,5,0,0,2,0,0,2018-04-07 00:00:00+00,4/7/2018 1:31:00 PM,Mid-Block (not related to intersection),11,"MOTOR VEHICLE STRUCK MOTOR VEHICLE, FRONT END AT ANGLE",,False,Overcast,Dry,Daylight,,,,20.0,One car leaving parked position,0,0,False,0
-122.30000955224,47.6603495775787,199014,285198,286078,E780789,Matched,Intersection,27293.0,MONTLAKE BLVD NE AND NE 44TH ST,NEI,"Not Enough Information, or Insufficient Location Information",1,Property Damage Only Collision,Pedestrian,2,1,0,1,0,0,2018-03-07 00:00:00+00,3/7/2018 12:53:00 PM,At Intersection (intersection related),24,MOTOR VEHCILE STRUCK PEDESTRIAN,,False,Clear or Partly Cloudy,Dry,Daylight,True,,,1.0,Vehicle turning right hits pedestrian,0,0,False,0
-122.347054676968,47.6426243567507,199015,283538,284418,E789620,Matched,Block,,AURORA AVE N BETWEEN HALLADAY ST AND RAYE ST, ,,2,Injury Collision,Rear Ended,2,0,0,2,1,0,2018-04-13 00:00:00+00,4/13/2018 8:35:00 AM,Mid-Block (not related to intersection),14,"MOTOR VEHICLE STRUCK MOTOR VEHICLE, REAR END",True,False,Raining,Wet,Daylight,,,,13.0,From same direction - both going straight - both moving - rear-end,0,0,False,0
-122.316773001527,47.6219657677696,199016,282718,283578,E790085,Matched,Intersection,29028.0,12TH AVE E AND E HARRISON ST, ,,1,Property Damage Only Collision,Angles,2,0,0,2,0,0,2018-04-13 00:00:00+00,4/13/2018 7:37:00 PM,At Intersection (intersection related),11,"MOTOR VEHICLE STRUCK MOTOR VEHICLE, FRONT END AT ANGLE",,False,Raining,Wet,Dusk,,,,10.0,Entering at angle,0,0,False,0
-122.328490994676,47.6020169492639,199018,282437,283297,3583900,Matched,Block,,TERRACE ST BETWEEN YESLER WAY AND 5TH AVE, ,,1,Property Damage Only Collision,Parked Car,2,0,0,2,0,0,2018-04-13 00:00:00+00,4/13/2018 4:47:00 PM,Mid-Block (not related to intersection),14,"MOTOR VEHICLE STRUCK MOTOR VEHICLE, REAR END",,False,Raining,Wet,Daylight,,,,32.0,One parked--one moving,0,0,True,0
-122.310661013087,47.6244352014787,199019,283537,284417,E787481,Matched,Block,,E MERCER ST BETWEEN 16TH AVE E AND 17TH AVE E, ,,1,Property Damage Only Collision,Parked Car,2,0,0,2,0,0,2018-04-06 00:00:00+00,4/6/2018 3:08:00 PM,Mid-Block (not related to intersection),14,"MOTOR VEHICLE STRUCK MOTOR VEHICLE, REAR END",,False,Clear or Partly Cloudy,Dry,Dark - No Street Lights,,,,32.0,One parked--one moving,0,0,True,0
-122.287274013705,47.7155367334846,199650,280345,281245,3769421,Matched,Intersection,36809.0,38TH AVE NE AND NE 120TH ST, ,,1,Property Damage Only Collision,Other,1,0,0,1,0,0,2018-04-01 00:00:00+00,4/1/2018 9:19:00 PM,At Intersection (intersection related),26,MOTOR VEHICLE STRUCK OBJECT IN ROAD,,False,Overcast,Dry,Dark - Street Lights On,,,,50.0,Fixed object,0,0,False,0
-122.317451143154,47.6621980426651,199020,282417,283277,E784213,Matched,Block,,ROOSEVELT WAY NE BETWEEN NE 45TH ST AND NE 47TH ST, ,,2,Injury Collision,Rear Ended,2,0,0,2,1,0,2018-03-29 00:00:00+00,3/29/2018 2:54:00 PM,Mid-Block (not related to intersection),14,"MOTOR VEHICLE STRUCK MOTOR VEHICLE, REAR END",True,False,Clear or Partly Cloudy,Dry,Daylight,,,,14.0,From same direction - both going straight - one stopped - rear-end,0,0,False,0
-122.32092404908,47.6520247275419,199021,283519,284399,E787480,Matched,Block,,UNIVERSITY BR BETWEEN FUHRMAN AVE E AND POINT A, ,,1,Property Damage Only Collision,Rear Ended,4,0,0,3,0,0,2018-04-11 00:00:00+00,4/11/2018 2:54:00 PM,Mid-Block (not related to intersection),14,"MOTOR VEHICLE STRUCK MOTOR VEHICLE, REAR END",,False,Raining,Wet,Daylight,,,,14.0,From same direction - both going straight - one stopped - rear-end,0,0,False,0
-122.250862688915,47.5029051389605,199022,285179,286059,E780263,Matched,Intersection,38383.0,RENTON AVE S AND S 112TH ST, ,,1,Property Damage Only Collision,Right Turn,3,0,0,2,0,0,2018-03-12 00:00:00+00,3/12/2018 2:33:00 PM,At Intersection (intersection related),11,"MOTOR VEHICLE STRUCK MOTOR VEHICLE, FRONT END AT ANGLE",,False,Clear or Partly Cloudy,Dry,Daylight,,,,16.0,From same direction - one right turn - one straight,0,0,False,0
-122.361279085892,47.6246007769748,199023,285176,286056,E792240,Matched,Block,,W MERCER ST BETWEEN 3RD AVE W AND 4TH AVE W, ,,1,Property Damage Only Collision,Sideswipe,2,0,0,2,0,0,2018-04-26 00:00:00+00,4/26/2018 12:40:00 PM,Mid-Block (not related to intersection),16,"MOTOR VEHICLE STRUCK MOTOR VEHICLE, LEFT SIDE SIDESWIPE",,False,Clear or Partly Cloudy,Dry,Daylight,,,,11.0,From same direction - both going straight - both moving - sideswipe,0,0,False,0
-122.293193745219,47.7228990657175,199024,285319,286179,E792461,Matched,Intersection,36052.0,LAKE CITY WAY NE AND NE 130TH ST, ,,2,Injury Collision,Pedestrian,2,1,0,1,1,0,2018-04-13 00:00:00+00,4/13/2018 7:37:00 AM,At Intersection (intersection related),24,MOTOR VEHCILE STRUCK PEDESTRIAN,,False,Clear or Partly Cloudy,Wet,Daylight,True,,,2.0,Vehicle turning left hits pedestrian,0,523063,False,0
-122.346085214613,47.5392476512443,199025,283518,284398,E789687,Matched,Block,,HIGHLAND PARK WAY SW BETWEEN WEST MARGINAL WAY SW AND SW OTHELLO ST, ,,1,Property Damage Only Collision,Other,1,0,0,1,0,0,2018-04-11 00:00:00+00,4/11/2018 11:32:00 AM,Mid-Block (not related to intersection),28,MOTOR VEHICLE RAN OFF ROAD - HIT FIXED OBJECT,,False,Raining,Wet,Daylight,,,True,50.0,Fixed object,0,0,False,0
-122.34013076417,47.5172725182138,199026,285175,286055,E779727,Matched,Intersection,34984.0,OLSON PL SW AND SW ROXBURY ST, ,,2,Injury Collision,Left Turn,2,0,0,2,1,0,2018-03-15 00:00:00+00,3/15/2018 9:07:00 PM,At Intersection (intersection related),11,"MOTOR VEHICLE STRUCK MOTOR VEHICLE, FRONT END AT ANGLE",,False,Clear or Partly Cloudy,Dry,Dark - Street Lights On,,,,28.0,From opposite direction - one left turn - one straight,0,0,False,0
-122.340993782959,47.6309903732842,199028,282377,283237,E783146,Matched,Block,,WESTLAKE AVE N BETWEEN HIGHLAND DR AND GALER S ST, ,,1,Property Damage Only Collision,Angles,2,0,0,2,0,0,2018-02-26 00:00:00+00,2/26/2018 4:20:00 PM,Mid-Block (not related to intersection),11,"MOTOR VEHICLE STRUCK MOTOR VEHICLE, FRONT END AT ANGLE",,False,Clear or Partly Cloudy,Dry,Daylight,,,,10.0,Entering at angle,0,0,False,0
-122.324811973052,47.6089800649995,199030,283517,284397,E787394,Matched,Block,,BOREN AVE BETWEEN MARION ST AND MADISON ST, ,,1,Property Damage Only Collision,Right Turn,2,0,0,2,0,0,2018-04-05 00:00:00+00,4/5/2018 10:30:00 AM,Mid-Block (not related to intersection),14,"MOTOR VEHICLE STRUCK MOTOR VEHICLE, REAR END",True,False,Raining,Wet,Daylight,,,,16.0,From same direction - one right turn - one straight,0,0,False,0
-122.393634561711,47.632300410982,199031,283497,284377,E789685,Matched,Block,,W GALER ST BETWEEN 28TH AVE W AND MAGNOLIA BLVD W, ,,2,Injury Collision,Rear Ended,3,0,0,2,2,0,2018-04-16 00:00:00+00,4/16/2018 3:08:00 PM,Mid-Block (but intersection related),14,"MOTOR VEHICLE STRUCK MOTOR VEHICLE, REAR END",,False,Overcast,Dry,Daylight,,,,13.0,From same direction - both going straight - both moving - rear-end,0,0,False,0
-122.360789800157,47.6614689896316,199051,278399,279299,E777536,Matched,Intersection,26599.0,3RD AVE NW AND NW 45TH ST, ,,2,Injury Collision,Angles,3,0,0,2,1,0,2018-03-10 00:00:00+00,3/10/2018 4:30:00 PM,At Intersection (intersection related),11,"MOTOR VEHICLE STRUCK MOTOR VEHICLE, FRONT END AT ANGLE",,False,Clear or Partly Cloudy,Dry,Daylight,,,,10.0,Entering at angle,0,0,False,0
-122.304614055906,47.6454088589596,199033,285174,286054,E792238,Matched,Block,,MONTLAKE BLVD E BETWEEN MONTLAKE BV ON RP AND E HAMLIN ST, ,,1,Property Damage Only Collision,Sideswipe,2,0,0,2,0,0,2018-04-24 00:00:00+00,4/24/2018 11:12:00 AM,Mid-Block (not related to intersection),11,"MOTOR VEHICLE STRUCK MOTOR VEHICLE, FRONT END AT ANGLE",,False,Clear or Partly Cloudy,Dry,Daylight,,,,11.0,From same direction - both going straight - both moving - sideswipe,0,0,False,0
-122.325980201772,47.5740424173913,199034,283478,284358,E789641,Matched,Block,,6TH AVE S BETWEEN S HORTON ST AND S HINDS ST, ,,2,Injury Collision,Rear Ended,4,0,0,2,3,0,2018-04-15 00:00:00+00,4/15/2018 4:18:00 PM,Mid-Block (not related to intersection),14,"MOTOR VEHICLE STRUCK MOTOR VEHICLE, REAR END",,False,Overcast,Dry,Daylight,,,,14.0,From same direction - both going straight - one stopped - rear-end,0,0,False,0
-122.334239206161,47.5481396886486,199035,285173,286053,E779696,Matched,Block,,EAST MARGINAL WAY S BETWEEN 1ST AVE S AND 1ST AV S BR SB, ,,1,Property Damage Only Collision,Rear Ended,3,0,0,3,0,0,2018-03-12 00:00:00+00,3/12/2018 5:55:00 AM,Mid-Block (not related to intersection),14,"MOTOR VEHICLE STRUCK MOTOR VEHICLE, REAR END",,False,Clear or Partly Cloudy,Dry,Dark - Street Lights On,,,,14.0,From same direction - both going straight - one stopped - rear-end,0,0,False,0
-122.349642279044,47.6185791172524,199036,285318,286178,3812032,Matched,Block,,DENNY WAY BETWEEN BROAD ST AND 4TH AVE, ,,2,Injury Collision,Other,1,0,0,1,1,0,2018-04-26 00:00:00+00,4/26/2018 12:04:00 PM,Mid-Block (not related to intersection),29,MOTOR VEHICLE OVERTURNED IN ROAD,,False,Clear or Partly Cloudy,Dry,Daylight,,,,52.0,Vehicle overturned,0,0,False,0
-122.329822432775,47.6144572420572,199037,282797,283657,E790752,Matched,Intersection,29872.0,BOREN AVE AND PINE ST, ,,2,Injury Collision,Pedestrian,7,1,0,1,1,0,2018-04-06 00:00:00+00,4/6/2018 8:21:00 PM,At Intersection (intersection related),24,MOTOR VEHCILE STRUCK PEDESTRIAN,,False,Clear or Partly Cloudy,Dry,Dark - Street Lights On,,,,0.0,Vehicle going straight hits pedestrian,0,522240,False,0
-122.334000210248,47.547689573282,199038,285172,286052,E779689,Matched,Block,,EAST MARGINAL WAY S BETWEEN 1ST AV S BR SB AND 1ST AV S BR NB, ,,1,Property Damage Only Collision,Sideswipe,2,0,0,2,0,0,2018-03-09 00:00:00+00,3/9/2018 2:00:00 PM,Mid-Block (not related to intersection),11,"MOTOR VEHICLE STRUCK MOTOR VEHICLE, FRONT END AT ANGLE",True,False,Clear or Partly Cloudy,Dry,Daylight,,,,11.0,From same direction - both going straight - both moving - sideswipe,0,0,False,0
-122.312720608932,47.6198142367224,199039,284377,285257,3702580,Matched,Block,,15TH AVE E BETWEEN E JOHN SR ST AND E JOHN ST, ,,1,Property Damage Only Collision,Other,3,0,0,2,0,0,2018-04-24 00:00:00+00,4/24/2018 7:45:00 AM,Mid-Block (not related to intersection),11,"MOTOR VEHICLE STRUCK MOTOR VEHICLE, FRONT END AT ANGLE",True,False,Clear or Partly Cloudy,Dry,Daylight,,,,23.0,From same direction - all others,0,0,False,0
-122.307936698455,47.5469809772069,199042,277973,278873,E779526,Matched,Intersection,33396.0,SWIFT AVE S AND S GRAHAM ST, ,,2,Injury Collision,Rear Ended,2,0,0,2,1,0,2018-03-16 00:00:00+00,3/16/2018 3:19:00 PM,At Intersection (but not related to intersection),14,"MOTOR VEHICLE STRUCK MOTOR VEHICLE, REAR END",,False,Clear or Partly Cloudy,Dry,Daylight,,,,13.0,From same direction - both going straight - both moving - rear-end,0,0,False,0
-122.269985986326,47.5336613857727,199043,277971,278871,E779517,Matched,Intersection,34492.0,RAINIER AVE S AND S HOLDEN ST, ,,1,Property Damage Only Collision,Parked Car,3,0,0,2,0,0,2018-03-15 00:00:00+00,3/15/2018 11:50:00 PM,At Intersection (intersection related),14,"MOTOR VEHICLE STRUCK MOTOR VEHICLE, REAR END",,False,Unknown,Dry,Dark - Street Lights On,,,,32.0,One parked--one moving,0,0,False,0
-122.376627477778,47.5326406043795,199044,285642,286502,3731975,Matched,Block,,35TH AVE SW BETWEEN SW HOLDEN S ST AND SW KENYON ST, ,,1,Property Damage Only Collision,Rear Ended,9,0,0,5,0,0,2018-05-03 00:00:00+00,5/3/2018 3:55:00 PM,Mid-Block (not related to intersection),14,"MOTOR VEHICLE STRUCK MOTOR VEHICLE, REAR END",,False,Clear or Partly Cloudy,Dry,Daylight,,,,14.0,From same direction - both going straight - one stopped - rear-end,0,0,False,0
-122.345866551942,47.6905667014676,199045,285641,286501,3754503,Matched,Block,,N 85TH ST BETWEEN LINDEN AVE N AND AURORA AVE N, ,,1,Property Damage Only Collision,Head On,2,0,0,2,0,0,2018-05-03 00:00:00+00,5/3/2018 11:00:00 PM,Mid-Block (but intersection related),11,"MOTOR VEHICLE STRUCK MOTOR VEHICLE, FRONT END AT ANGLE",,False,Clear or Partly Cloudy,Dry,Dark - Street Lights On,,,,30.0,From opposite direction - all others,0,0,False,0
-122.270035395967,47.5149458234551,199046,277263,278163,3818669,Matched,Block,,51ST AVE S BETWEEN S PILGRIM ST AND S BOND ST, ,,1,Property Damage Only Collision,Parked Car,2,0,0,2,0,0,2018-03-03 00:00:00+00,3/3/2018 3:12:00 AM,Mid-Block (not related to intersection),14,"MOTOR VEHICLE STRUCK MOTOR VEHICLE, REAR END",,False,Clear or Partly Cloudy,Dry,Dark - Street Lights On,,,,32.0,One parked--one moving,0,0,True,0
-122.312662875851,47.7275597078918,199047,285640,286500,3754502,Matched,Block,,15TH AVE NE BETWEEN NE 135TH ST AND NE 137TH ST, ,,1,Property Damage Only Collision,Sideswipe,5,0,0,2,0,0,2018-05-03 00:00:00+00,5/3/2018 5:38:00 PM,Mid-Block (not related to intersection),11,"MOTOR VEHICLE STRUCK MOTOR VEHICLE, FRONT END AT ANGLE",,False,Clear or Partly Cloudy,Dry,Daylight,,,,11.0,From same direction - both going straight - both moving - sideswipe,0,0,False,0
-122.286091225589,47.5470143767191,199048,277262,278162,3818666,Matched,Block,,M L KING JR WR WAY S BETWEEN S RAYMOND ST AND S GRAHAM ST, ,,1,Property Damage Only Collision,Sideswipe,2,0,0,2,0,0,2018-03-02 00:00:00+00,3/2/2018 6:27:00 PM,Mid-Block (not related to intersection),11,"MOTOR VEHICLE STRUCK MOTOR VEHICLE, FRONT END AT ANGLE",,False,Overcast,Wet,Dark - Street Lights On,,,,11.0,From same direction - both going straight - both moving - sideswipe,0,0,False,0
-122.360949050891,47.7237359448999,199049,276837,277697,E777351,Matched,Block,,3RD AVE NW BETWEEN NW 130TH ST AND NW 131ST ST, ,,1,Property Damage Only Collision,Other,1,0,0,1,0,0,2018-03-09 00:00:00+00,3/9/2018 1:52:00 PM,Mid-Block (not related to intersection),28,MOTOR VEHICLE RAN OFF ROAD - HIT FIXED OBJECT,,False,Clear or Partly Cloudy,Dry,Daylight,,,,50.0,Fixed object,0,0,False,0
-122.282056769844,47.519902973516,199050,277261,278161,3818615,Matched,Block,,CARKEEK DR S BETWEEN 41ST AVE S AND 40TH AVE S, ,,2,Injury Collision,Rear Ended,3,0,0,2,1,0,2018-03-17 00:00:00+00,3/17/2018 3:22:00 PM,Driveway Junction,14,"MOTOR VEHICLE STRUCK MOTOR VEHICLE, REAR END",,False,Clear or Partly Cloudy,Dry,Daylight,,,,14.0,From same direction - both going straight - one stopped - rear-end,0,0,False,0
-122.280876308642,47.6757886912614,199109,282818,283678,E790854,Matched,Intersection,24981.0,44TH AVE NE AND NE 65TH ST, ,,2,Injury Collision,Angles,3,0,0,3,1,0,2018-04-14 00:00:00+00,4/14/2018 2:12:00 PM,At Intersection (intersection related),11,"MOTOR VEHICLE STRUCK MOTOR VEHICLE, FRONT END AT ANGLE",,False,Raining,Wet,Daylight,,,,10.0,Entering at angle,0,0,False,0
-122.308936277312,47.6070966898542,199052,285639,286499,3702589,Matched,Block,,18TH AVE BETWEEN E JEFFERSON ST AND E CHERRY ST, ,,1,Property Damage Only Collision,Parked Car,2,0,0,2,0,0,2018-05-03 00:00:00+00,5/3/2018 2:15:00 PM,Mid-Block (not related to intersection),11,"MOTOR VEHICLE STRUCK MOTOR VEHICLE, FRONT END AT ANGLE",True,False,Clear or Partly Cloudy,Dry,Daylight,,,,32.0,One parked--one moving,0,0,False,0
-122.295486613657,47.5619390638661,199053,285638,286498,3814730,Matched,Block,,29TH AVE S BETWEEN S COLUMBIAN WAY AND S SNOQUALMIE ST, ,,1,Property Damage Only Collision,Parked Car,2,0,0,2,0,0,2018-05-02 00:00:00+00,5/2/2018 6:23:00 PM,Mid-Block (not related to intersection),11,"MOTOR VEHICLE STRUCK MOTOR VEHICLE, FRONT END AT ANGLE",True,False,Clear or Partly Cloudy,Dry,Daylight,,,,32.0,One parked--one moving,0,0,True,0
-122.35583053452,47.5181027125646,199054,285637,286497,3745854,Matched,Block,,DELRIDGE WAY SW BETWEEN 17TH AVE SW AND SW ROXBURY ST, ,,1,Property Damage Only Collision,Angles,3,0,0,2,0,0,2018-05-02 00:00:00+00,5/2/2018 1:45:00 PM,Driveway Junction,11,"MOTOR VEHICLE STRUCK MOTOR VEHICLE, FRONT END AT ANGLE",,False,Clear or Partly Cloudy,Dry,Daylight,,,,10.0,Entering at angle,0,0,False,0
-122.321376759832,47.5477462017246,199055,277260,278160,3818614,Matched,Block,,CORSON AVE S BETWEEN S HARNEY ST AND S MICHIGAN ST, ,,1,Property Damage Only Collision,Rear Ended,2,0,0,2,0,0,2018-03-16 00:00:00+00,3/16/2018 4:33:00 PM,Mid-Block (but intersection related),14,"MOTOR VEHICLE STRUCK MOTOR VEHICLE, REAR END",,False,Clear or Partly Cloudy,Dry,Daylight,,,,74.0,Same direction -- both turning right -- one stopped -- rear end,0,0,False,0
-122.344590807641,47.6963600951054,199056,285562,286422,3706205,Matched,Intersection,37328.0,AURORA AVE N AND N 93RD ST, ,,2,Injury Collision,Left Turn,3,0,0,2,1,0,2018-04-30 00:00:00+00,4/30/2018 10:31:00 AM,At Intersection (intersection related),11,"MOTOR VEHICLE STRUCK MOTOR VEHICLE, FRONT END AT ANGLE",,False,Clear or Partly Cloudy,Dry,Dark - Street Lights On,,,,28.0,From opposite direction - one left turn - one straight,0,0,False,0
-122.381456719518,47.5592533186859,199057,278398,279298,E777334,Matched,Intersection,32764.0,FAUNTLEROY WAY SW AND SW EDMUNDS ST, ,,2,Injury Collision,Pedestrian,2,1,0,1,1,0,2018-03-09 00:00:00+00,3/9/2018 2:36:00 PM,At Intersection (intersection related),24,MOTOR VEHCILE STRUCK PEDESTRIAN,,False,Clear or Partly Cloudy,Dry,Daylight,True,,,2.0,Vehicle turning left hits pedestrian,0,522386,False,0
-122.244058630177,47.5110215016793,199059,277259,278159,3818416,Matched,Block,,RAINIER AVE S BETWEEN CORNELL AVE S AND 75TH AVE S, ,,1,Property Damage Only Collision,Parked Car,2,0,0,2,0,0,2018-03-16 00:00:00+00,3/16/2018 4:34:00 PM,Mid-Block (not related to intersection),11,"MOTOR VEHICLE STRUCK MOTOR VEHICLE, FRONT END AT ANGLE",,False,Clear or Partly Cloudy,Dry,Daylight,,,,20.0,One car leaving parked position,0,0,False,0
-122.270000897223,47.5186529469478,199060,277258,278158,3818415,Matched,Block,,51ST AVE S BETWEEN S FLETCHER ST AND S CAMBRIDGE ST, ,,1,Property Damage Only Collision,Angles,2,0,0,2,0,0,2018-03-16 00:00:00+00,3/16/2018 7:45:00 AM,Driveway Junction,11,"MOTOR VEHICLE STRUCK MOTOR VEHICLE, FRONT END AT ANGLE",,False,Clear or Partly Cloudy,Dry,Daylight,,,,10.0,Entering at angle,0,0,False,0