longitude,latitude,objectid,inckey,coldetkey,reportno,status,addrtype,intkey,location,exceptrsncode,exceptrsndesc,severitycode,severitydesc,collisiontype,personcount,pedcount,pedcylcount,vehcount,injuries,fatalities,incdate,incdttm,junctiontype,sdot_colcode,sdot_coldesc,inattentionind,underinfl,weather,roadcond,lightcond,pedrownotgrnt,sdotcolnum,speeding,st_colcode,st_coldesc,seglanekey,crosswalkkey,hitparkedcar,seriousinjuries
-122.291503106425,47.7155062250806,199061,278397,279297,E777327,Matched,Intersection,36617.0,35TH AVE NE AND NE 120TH ST, ,,1,Property Damage Only Collision,Angles,3,0,0,2,0,0,2018-03-09 00:00:00+00,3/9/2018 1:30:00 PM,At Intersection (intersection related),11,"MOTOR VEHICLE STRUCK MOTOR VEHICLE, FRONT END AT ANGLE",,False,Overcast,Dry,Daylight,,,,10.0,Entering at angle,0,0,False,0
-122.249107107706,47.5073033338676,199062,277257,278157,3818412,Matched,Block,,WATERS AVE S BETWEEN S PRENTICE ST AND S BANGOR ST, ,,1,Property Damage Only Collision,Parked Car,2,0,0,2,0,0,2018-03-14 00:00:00+00,3/14/2018 5:19:00 PM,Mid-Block (not related to intersection),14,"MOTOR VEHICLE STRUCK MOTOR VEHICLE, REAR END",,False,Clear or Partly Cloudy,Dry,Daylight,,,True,32.0,One parked--one moving,0,0,True,0
-122.325879124438,47.6456237767743,199063,285561,286421,3812081,Matched,Intersection,28287.0,EASTLAKE AVE E AND E HAMLIN ST, ,,1,Property Damage Only Collision,Left Turn,5,0,0,2,0,0,2018-04-29 00:00:00+00,4/29/2018 6:19:00 PM,At Intersection (intersection related),11,"MOTOR VEHICLE STRUCK MOTOR VEHICLE, FRONT END AT ANGLE",,False,Clear or Partly Cloudy,Dry,Daylight,,,,28.0,From opposite direction - one left turn - one straight,0,0,False,0
-122.339105550366,47.6869261197867,199064,278388,279288,E777324,Matched,Intersection,24230.0,ASHWORTH AVE N AND N 80TH ST, ,,1,Property Damage Only Collision,Angles,3,0,0,2,0,0,2018-03-07 00:00:00+00,3/7/2018 3:41:00 PM,At Intersection (intersection related),11,"MOTOR VEHICLE STRUCK MOTOR VEHICLE, FRONT END AT ANGLE",,False,Clear or Partly Cloudy,Dry,Daylight,,,,10.0,Entering at angle,0,0,False,0
-122.335574025233,47.610677902842,199065,285555,286415,3812036,Matched,Intersection,29576.0,5TH AVE AND PIKE ST, ,,1,Property Damage Only Collision,Angles,3,0,0,2,0,0,2018-04-30 00:00:00+00,4/30/2018 1:12:00 AM,At Intersection (intersection related),11,"MOTOR VEHICLE STRUCK MOTOR VEHICLE, FRONT END AT ANGLE",,False,Clear or Partly Cloudy,Dry,Dark - Street Lights On,,,,10.0,Entering at angle,0,0,False,0
-122.320145637458,47.5401698191482,199066,277256,278156,3818407,Matched,Block,,ELLIS AVE S BETWEEN S WILLOW ST AND S MYRTLE ST, ,,2,Injury Collision,Cycles,2,0,1,1,1,0,2018-03-11 00:00:00+00,3/11/2018 7:27:00 AM,Driveway Junction,51,PEDALCYCLIST STRUCK MOTOR VEHICLE FRONT END AT ANGLE,,False,Clear or Partly Cloudy,Dry,Dark - Street Lights On,,,,45.0,Vehicle - Pedalcyclist,1189,0,False,0
-122.317871274977,47.7097893559162,199067,285554,286414,3706027,Matched,Intersection,36498.0,PINEHURST WAY NE AND ROOSEVELT S WAY NE, ,,1,Property Damage Only Collision,Head On,3,0,0,2,0,0,2018-04-29 00:00:00+00,4/29/2018 2:52:00 PM,At Intersection (intersection related),16,"MOTOR VEHICLE STRUCK MOTOR VEHICLE, LEFT SIDE SIDESWIPE",,True,Overcast,Wet,Daylight,,,,30.0,From opposite direction - all others,0,0,False,0
-122.284102386692,47.5564515676256,199068,276901,277761,3583392,Matched,Block,,RAINIER AVE S BETWEEN S HUDSON ST AND 39TH N AVE S, ,,1,Property Damage Only Collision,Parked Car,2,0,0,2,0,0,2018-03-09 00:00:00+00,3/9/2018 12:01:00 AM,Mid-Block (not related to intersection),11,"MOTOR VEHICLE STRUCK MOTOR VEHICLE, FRONT END AT ANGLE",,False,Overcast,Wet,Dark - Street Lights On,,,,20.0,One car leaving parked position,0,0,False,0
-122.378147191703,47.5743562246849,199072,276899,277759,3570923,Matched,Block,,37TH AVE SW BETWEEN SW HANFORD ST AND SW HINDS ST, ,,1,Property Damage Only Collision,Sideswipe,2,0,0,2,0,0,2018-03-10 00:00:00+00,3/10/2018 1:43:00 PM,Mid-Block (not related to intersection),16,"MOTOR VEHICLE STRUCK MOTOR VEHICLE, LEFT SIDE SIDESWIPE",True,False,Clear or Partly Cloudy,Dry,Daylight,,,,26.0,From opposite direction - both going straight - sideswipe,0,0,False,0
-122.376134167219,47.6906120162641,199073,277978,278878,E779940,Matched,Block,,NW 85TH ST BETWEEN MARY AVE NW AND 15TH AVE NW, ,,2,Injury Collision,Other,2,0,0,2,1,0,2018-03-12 00:00:00+00,3/12/2018 3:12:00 PM,Mid-Block (not related to intersection),14,"MOTOR VEHICLE STRUCK MOTOR VEHICLE, REAR END",,False,Clear or Partly Cloudy,Dry,Daylight,,,,23.0,From same direction - all others,0,0,False,0
-122.34175261335,47.6117330915068,199074,285553,286413,3812056,Matched,Intersection,29562.0,2ND AVE AND VIRGINIA ST, ,,2,Injury Collision,Angles,5,0,0,2,1,0,2018-04-28 00:00:00+00,4/28/2018 9:02:00 PM,At Intersection (intersection related),11,"MOTOR VEHICLE STRUCK MOTOR VEHICLE, FRONT END AT ANGLE",,False,Overcast,Wet,Dark - Street Lights On,,,,10.0,Entering at angle,0,0,False,0
-122.337131534505,47.6245477437911,199075,285552,286412,3812034,Matched,Intersection,28763.0,MERCER SR ST AND TERRY AVE N, ,,2,Injury Collision,Angles,3,0,0,2,1,0,2018-04-28 00:00:00+00,4/28/2018 11:36:00 AM,At Intersection (intersection related),25,MOTOR VEHICLE STRUCK TRAIN,,False,Overcast,Wet,Daylight,,,,10.0,Entering at angle,0,0,False,0
-122.335373136651,47.6121364586989,199076,285551,286411,3818510,Matched,Intersection,29568.0,6TH AVE AND PINE ST, ,,2,Injury Collision,Angles,3,0,0,2,2,0,2018-04-28 00:00:00+00,4/28/2018 7:12:00 AM,At Intersection (intersection related),11,"MOTOR VEHICLE STRUCK MOTOR VEHICLE, FRONT END AT ANGLE",True,False,Raining,Wet,Dawn,,,,10.0,Entering at angle,0,0,False,0
-122.337648656725,47.571591919099,199077,276898,277758,3549672,Matched,Block,,WEST SEATTLE BR WB BETWEEN 1ST AV S ON RP AND WSB-WB SPOK-NR RP, ,,2,Injury Collision,Sideswipe,2,0,0,2,1,0,2018-03-04 00:00:00+00,3/4/2018 11:46:00 AM,Mid-Block (not related to intersection),11,"MOTOR VEHICLE STRUCK MOTOR VEHICLE, FRONT END AT ANGLE",True,False,Overcast,Dry,Daylight,,,,11.0,From same direction - both going straight - both moving - sideswipe,0,0,False,0
-122.334216607981,47.5515056803043,199078,276897,277757,E776676,Matched,Block,,1ST AVE S BETWEEN S ORCAS ST AND S MEAD ST, ,,1,Property Damage Only Collision,Rear Ended,3,0,0,2,0,0,2018-03-01 00:00:00+00,3/1/2018 8:52:00 AM,Mid-Block (not related to intersection),14,"MOTOR VEHICLE STRUCK MOTOR VEHICLE, REAR END",,False,Clear or Partly Cloudy,Wet,Daylight,,,,14.0,From same direction - both going straight - one stopped - rear-end,0,0,False,0
-122.341333145712,47.6138311865379,199079,285550,286410,3812104,Matched,Intersection,29548.0,4TH AVE AND LENORA ST, ,,2,Injury Collision,Angles,3,0,0,2,2,0,2018-04-28 00:00:00+00,4/28/2018 4:13:00 AM,At Intersection (intersection related),11,"MOTOR VEHICLE STRUCK MOTOR VEHICLE, FRONT END AT ANGLE",True,False,Raining,Wet,Dark - Street Lights On,,,,10.0,Entering at angle,0,0,False,0
-122.368723369561,47.6983493778744,199080,277977,278877,E779939,Matched,Intersection,37226.0,9TH AVE NW AND HOLMAN RD NW, ,,2,Injury Collision,Left Turn,2,0,0,2,1,0,2018-03-15 00:00:00+00,3/15/2018 3:49:00 PM,At Intersection (intersection related),11,"MOTOR VEHICLE STRUCK MOTOR VEHICLE, FRONT END AT ANGLE",,False,Clear or Partly Cloudy,Dry,Daylight,,,,28.0,From opposite direction - one left turn - one straight,0,0,False,0
-122.276740760336,47.5474330364304,199081,276877,277737,E776675,Matched,Block,,RAINIER AVE S BETWEEN S KENNY ST AND S GRAHAM ST, ,,1,Property Damage Only Collision,Angles,3,0,0,2,0,0,2018-03-01 00:00:00+00,3/1/2018 7:36:00 AM,Mid-Block (not related to intersection),14,"MOTOR VEHICLE STRUCK MOTOR VEHICLE, REAR END",True,False,Clear or Partly Cloudy,Wet,Daylight,,,,10.0,Entering at angle,0,0,False,0
-122.29649499166,47.5761858005271,199082,277976,278876,E779778,Matched,Block,,RAINIER AVE S BETWEEN M L KING JR WAY S AND S MOUNT BAKER WB BV, ,,2,Injury Collision,Pedestrian,2,1,0,1,1,0,2018-03-14 00:00:00+00,3/14/2018 12:24:00 PM,Mid-Block (not related to intersection),24,MOTOR VEHCILE STRUCK PEDESTRIAN,,False,Clear or Partly Cloudy,Dry,Daylight,,,,0.0,Vehicle going straight hits pedestrian,0,0,False,0
-122.372109047314,47.5485192046505,199083,285644,286504,3742305,Matched,Block,,31ST AVE SW BETWEEN SW CYCLE S CT AND SW RAYMOND ST, ,,1,Property Damage Only Collision,Parked Car,2,0,0,2,0,0,2018-05-04 00:00:00+00,5/4/2018 2:45:00 PM,Mid-Block (not related to intersection),11,"MOTOR VEHICLE STRUCK MOTOR VEHICLE, FRONT END AT ANGLE",,False,Clear or Partly Cloudy,Dry,Daylight,,,,32.0,One parked--one moving,0,0,True,0
-122.335454433536,47.6055148080218,199085,277975,278875,E779684,Matched,Block,,2ND AVE BETWEEN MADISON ST AND SPRING ST, ,,1,Property Damage Only Collision,Parked Car,2,0,0,2,0,0,2018-03-16 00:00:00+00,3/16/2018 4:06:00 PM,Mid-Block (not related to intersection),14,"MOTOR VEHICLE STRUCK MOTOR VEHICLE, REAR END",,False,Clear or Partly Cloudy,Dry,Daylight,,,,20.0,One car leaving parked position,0,0,False,0
-122.316570897768,47.6000111172637,199086,277974,278874,E779683,Matched,Block,,S MAIN ST BETWEEN 12TH AVE S AND BOREN AVE S, ,,1,Property Damage Only Collision,Angles,2,0,0,2,0,0,2018-03-16 00:00:00+00,3/16/2018 4:05:00 PM,Mid-Block (not related to intersection),11,"MOTOR VEHICLE STRUCK MOTOR VEHICLE, FRONT END AT ANGLE",,False,Clear or Partly Cloudy,Dry,Daylight,,,,10.0,Entering at angle,0,0,False,0
-122.329045123712,47.589338098397,199087,285549,286409,3812055,Matched,Intersection,163339.0,4TH AVE NB OFF RP AND EDGAR MARTINEZ DR S, ,,1,Property Damage Only Collision,Angles,3,0,0,2,0,0,2018-04-28 00:00:00+00,4/28/2018 3:40:00 AM,At Intersection (intersection related),11,"MOTOR VEHICLE STRUCK MOTOR VEHICLE, FRONT END AT ANGLE",True,True,Raining,Wet,Dark - Street Lights On,,,,10.0,Entering at angle,0,0,False,0
-122.376802779487,47.6896653669324,199088,285643,286503,3754504,Matched,Block,,15TH AVE NW BETWEEN NW 83RD ST AND NW 85TH ST, ,,1,Property Damage Only Collision,Rear Ended,3,0,0,2,0,0,2018-05-04 00:00:00+00,5/4/2018 7:19:00 PM,Mid-Block (but intersection related),14,"MOTOR VEHICLE STRUCK MOTOR VEHICLE, REAR END",,True,Clear or Partly Cloudy,Dry,Daylight,,,,14.0,From same direction - both going straight - one stopped - rear-end,0,0,False,0
-122.33644875314,47.618525246612,199089,282459,283319,3702266,Matched,Block,,DENNY WAY BETWEEN TERRY AVE AND BOREN AVE N, ,,1,Property Damage Only Collision,Sideswipe,2,0,0,2,0,0,2018-04-19 00:00:00+00,4/19/2018 4:10:00 PM,Mid-Block (not related to intersection),11,"MOTOR VEHICLE STRUCK MOTOR VEHICLE, FRONT END AT ANGLE",,False,Clear or Partly Cloudy,Dry,Daylight,,,,11.0,From same direction - both going straight - both moving - sideswipe,0,0,False,0
-122.337014615686,47.6136223323042,199090,281572,282432,E785546,Matched,Intersection,29551.0,6TH AVE AND STEWART ST, ,,1,Property Damage Only Collision,Sideswipe,2,0,0,2,0,0,2018-03-30 00:00:00+00,3/30/2018 8:38:00 AM,At Intersection (intersection related),11,"MOTOR VEHICLE STRUCK MOTOR VEHICLE, FRONT END AT ANGLE",True,False,Clear or Partly Cloudy,Dry,Daylight,,,,71.0,Same direction -- both turning right -- both moving -- sideswipe,0,0,False,0
-122.379618547873,47.668672118663,199091,282458,283318,3694699,Matched,Block,,NW MARKET ST BETWEEN 17TH AVE NW AND BARNES AVE NW, ,,1,Property Damage Only Collision,Parked Car,2,0,0,2,0,0,2018-04-12 00:00:00+00,4/12/2018 4:54:00 PM,Mid-Block (not related to intersection),16,"MOTOR VEHICLE STRUCK MOTOR VEHICLE, LEFT SIDE SIDESWIPE",,True,Clear or Partly Cloudy,Dry,Daylight,,,,32.0,One parked--one moving,0,0,True,0
-122.344834272864,47.7135479791056,199093,280139,281039,3706126,Matched,Block,,AURORA AVE N BETWEEN N 115TH ST AND N 117TH PL, ,,1,Property Damage Only Collision,Sideswipe,2,0,0,2,0,0,2018-04-02 00:00:00+00,4/2/2018 9:29:00 AM,Mid-Block (not related to intersection),15,"MOTOR VEHICLE STRUCK MOTOR VEHICLE, RIGHT SIDE SIDESWIPE",,False,Clear or Partly Cloudy,Dry,Daylight,,,,26.0,From opposite direction - both going straight - sideswipe,0,0,False,0
-122.302499625066,47.6202072950364,199095,279091,279991,E781839,Matched,Intersection,29380.0,23RD AVE E AND E JOHN ST, ,,1,Property Damage Only Collision,Left Turn,5,0,0,3,0,0,2018-03-24 00:00:00+00,3/24/2018 11:01:00 AM,At Intersection (intersection related),11,"MOTOR VEHICLE STRUCK MOTOR VEHICLE, FRONT END AT ANGLE",,False,Clear or Partly Cloudy,Dry,Daylight,,,,28.0,From opposite direction - one left turn - one straight,0,0,False,0
-122.292841437042,47.7237937608648,199096,282457,283317,E784217,Matched,Block,,LAKE CITY WAY NE BETWEEN NE 130TH ST AND NE 133RD ST, ,,2,Injury Collision,Angles,3,0,0,3,2,0,2018-03-31 00:00:00+00,3/31/2018 4:52:00 PM,Mid-Block (not related to intersection),14,"MOTOR VEHICLE STRUCK MOTOR VEHICLE, REAR END",,False,Clear or Partly Cloudy,Dry,Daylight,,,,10.0,Entering at angle,0,0,False,0
-122.320208112834,47.619912461075,199097,279090,279990,E781822,Matched,Block,,E JOHN ST BETWEEN BROADWAY E AND 10TH AVE E, ,,1,Property Damage Only Collision,Angles,3,0,0,2,0,0,2018-03-12 00:00:00+00,3/12/2018 5:48:00 PM,Driveway Junction,11,"MOTOR VEHICLE STRUCK MOTOR VEHICLE, FRONT END AT ANGLE",,False,Clear or Partly Cloudy,Dry,Daylight,,,,10.0,Entering at angle,0,0,False,0
-122.287587102391,47.5504994874173,199098,282442,283302,3693496,Matched,Block,,M L KING JR ER WAY S BETWEEN S ORCAS ST AND S JUNEAU ST, ,,1,Property Damage Only Collision,Rear Ended,2,0,0,2,0,0,2018-04-14 00:00:00+00,4/14/2018 5:38:00 AM,Mid-Block (not related to intersection),14,"MOTOR VEHICLE STRUCK MOTOR VEHICLE, REAR END",True,False,Raining,Wet,Dark - Street Lights On,,,True,13.0,From same direction - both going straight - both moving - rear-end,0,0,False,0
-122.287545872847,47.5617588516455,199099,280917,281797,3730365,Matched,Block,,RAINIER AVE S BETWEEN S OREGON ST AND S ALASKA ST, ,,1,Property Damage Only Collision,Sideswipe,2,0,0,2,0,0,2018-03-29 00:00:00+00,3/29/2018 9:35:00 AM,Mid-Block (not related to intersection),11,"MOTOR VEHICLE STRUCK MOTOR VEHICLE, FRONT END AT ANGLE",True,False,Clear or Partly Cloudy,Dry,Daylight,,,,11.0,From same direction - both going straight - both moving - sideswipe,0,0,False,0
-122.336029062407,47.6111749274888,199100,282441,283301,3644350,Matched,Block,,5TH AVE BETWEEN PIKE ST AND PINE ST, ,,1,Property Damage Only Collision,Left Turn,2,0,0,2,0,0,2018-04-14 00:00:00+00,4/14/2018 4:11:00 AM,Mid-Block (not related to intersection),11,"MOTOR VEHICLE STRUCK MOTOR VEHICLE, FRONT END AT ANGLE",,False,Raining,Wet,Dark - Street Lights On,,,,15.0,From same direction - one left turn - one straight,0,0,False,0
-122.391462242883,47.5380203792347,199101,280897,281777,3780789,Matched,Intersection,33897.0,FAUNTLEROY WAY SW AND SW OTHELLO ST, ,,2,Injury Collision,Angles,5,0,0,2,3,0,2018-04-06 00:00:00+00,4/6/2018 4:24:00 PM,At Intersection (intersection related),11,"MOTOR VEHICLE STRUCK MOTOR VEHICLE, FRONT END AT ANGLE",,False,Overcast,Dry,Daylight,,,,10.0,Entering at angle,0,0,False,0
-122.354112150781,47.7050795719036,199102,280881,281761,3754353,Matched,Intersection,36420.0,PHINNEY AVE N AND N 105TH ST, ,,2,Injury Collision,Angles,2,0,0,2,1,0,2018-04-08 00:00:00+00,4/8/2018 1:56:00 PM,At Intersection (intersection related),11,"MOTOR VEHICLE STRUCK MOTOR VEHICLE, FRONT END AT ANGLE",True,False,Clear or Partly Cloudy,Dry,Daylight,,,,10.0,Entering at angle,0,0,False,0
-122.300765998009,47.6129416378261,199103,279089,279989,E781821,Matched,Block,,E UNION ST BETWEEN 24TH AVE AND 25TH AVE, ,,1,Property Damage Only Collision,Angles,2,0,0,2,0,0,2018-03-19 00:00:00+00,3/19/2018 3:50:00 PM,Driveway Junction,11,"MOTOR VEHICLE STRUCK MOTOR VEHICLE, FRONT END AT ANGLE",True,False,Clear or Partly Cloudy,Dry,Daylight,,,,10.0,Entering at angle,0,0,False,0
-122.359579159437,47.6536501387671,199104,279088,279988,E781818,Matched,Block,,LEARY WAY NW BETWEEN NW 36TH ST AND NW 39TH ST, ,,1,Property Damage Only Collision,Sideswipe,2,0,0,2,0,0,2018-03-23 00:00:00+00,3/23/2018 11:00:00 AM,Mid-Block (not related to intersection),14,"MOTOR VEHICLE STRUCK MOTOR VEHICLE, REAR END",,False,Clear or Partly Cloudy,Dry,Daylight,,,,11.0,From same direction - both going straight - both moving - sideswipe,0,0,False,0
-122.31491442196,47.5469911091696,199108,280880,281760,3754164,Matched,Intersection,33137.0,STANLEY AVE S AND S ALBRO PL, ,,1,Property Damage Only Collision,Angles,3,0,0,2,0,0,2018-04-07 00:00:00+00,4/7/2018 8:14:00 PM,At Intersection (intersection related),11,"MOTOR VEHICLE STRUCK MOTOR VEHICLE, FRONT END AT ANGLE",,False,Raining,Wet,Dark - Street Lights On,,,,10.0,Entering at angle,0,0,False,0
-122.311979522576,47.6621714325735,199110,282439,283299,E784215,Matched,Block,,15TH AVE NE BETWEEN NE 45TH ST AND NE 47TH ST, ,,1,Property Damage Only Collision,Sideswipe,2,0,0,2,0,0,2018-03-30 00:00:00+00,3/30/2018 5:12:00 PM,Mid-Block (not related to intersection),14,"MOTOR VEHICLE STRUCK MOTOR VEHICLE, REAR END",,False,Clear or Partly Cloudy,Dry,Daylight,,,,11.0,From same direction - both going straight - both moving - sideswipe,0,0,False,0
-122.333429277439,47.6083348696162,199111,282438,283298,3644346,Matched,Block,,5TH AVE BETWEEN SENECA ST AND UNIVERSITY ST, ,,1,Property Damage Only Collision,Sideswipe,4,0,0,3,0,0,2018-04-12 00:00:00+00,4/12/2018 6:27:00 PM,Mid-Block (not related to intersection),14,"MOTOR VEHICLE STRUCK MOTOR VEHICLE, REAR END",,False,Raining,Wet,Daylight,,,,12.0,From same direction - both going straight - one stopped - sideswipe,0,0,False,0
-122.326987590146,47.6868164602413,199112,280879,281759,3747999,Matched,Intersection,24557.0,CORLISS WAY N AND NE 80TH ST, ,,2b,Serious Injury Collision,Other,1,0,0,1,1,0,2018-03-31 00:00:00+00,3/31/2018 10:45:00 PM,At Intersection (intersection related),29,MOTOR VEHICLE OVERTURNED IN ROAD,,False,Clear or Partly Cloudy,Dry,Dark - Street Lights On,,,,52.0,Vehicle overturned,0,0,False,1
-122.298576626924,47.5869029514153,199113,281580,282440,E785993,Matched,Block,,S GRAND ST BETWEEN 26TH AVE S AND M L KING JR WAY S, ,,1,Property Damage Only Collision,Angles,3,0,0,2,0,0,2018-04-02 00:00:00+00,4/2/2018 8:52:00 AM,Mid-Block (but intersection related),11,"MOTOR VEHICLE STRUCK MOTOR VEHICLE, FRONT END AT ANGLE",,False,Clear or Partly Cloudy,Dry,Daylight,,,,10.0,Entering at angle,0,0,False,0
-122.348041683965,47.5301368687467,199115,280878,281758,3744087,Matched,Intersection,34992.0,10TH AVE SW AND SW ELMGROVE ST, ,,2,Injury Collision,Angles,5,0,0,2,3,0,2018-04-06 00:00:00+00,4/6/2018 7:42:00 AM,At Intersection (intersection related),11,"MOTOR VEHICLE STRUCK MOTOR VEHICLE, FRONT END AT ANGLE",,False,Overcast,Wet,Daylight,,,,10.0,Entering at angle,0,0,False,0
-122.270024765836,47.5168511370697,199117,281579,282439,E785990,Matched,Intersection,35472.0,51ST AVE S AND S ROXBURY ST, ,,1,Property Damage Only Collision,Angles,2,0,0,2,0,0,2018-03-26 00:00:00+00,3/26/2018 8:57:00 AM,At Intersection (intersection related),11,"MOTOR VEHICLE STRUCK MOTOR VEHICLE, FRONT END AT ANGLE",True,False,Clear or Partly Cloudy,Dry,Daylight,,,,10.0,Entering at angle,0,0,False,0
-122.329062135101,47.5687771777474,199118,279083,279983,3818626,Matched,Block,,4TH AVE S BETWEEN W SEA BR EB 4 AV OFF RP AND S INDUSTRIAL WB WAY, ,,2,Injury Collision,Rear Ended,3,0,0,2,2,0,2018-03-19 00:00:00+00,3/19/2018 12:14:00 PM,Mid-Block (not related to intersection),14,"MOTOR VEHICLE STRUCK MOTOR VEHICLE, REAR END",,False,Clear or Partly Cloudy,Dry,Daylight,,,,14.0,From same direction - both going straight - one stopped - rear-end,0,0,False,0
-122.390364132865,47.6369818859759,199119,281578,282438,E785583,Matched,Intersection,27703.0,26TH AVE W AND W NEWTON ST, ,,1,Property Damage Only Collision,Angles,2,0,0,2,0,0,2018-04-01 00:00:00+00,4/1/2018 12:52:00 PM,At Intersection (intersection related),11,"MOTOR VEHICLE STRUCK MOTOR VEHICLE, FRONT END AT ANGLE",,False,Clear or Partly Cloudy,Dry,Daylight,,,,10.0,Entering at angle,0,0,False,0
-122.272807661931,47.5424759943808,199120,280877,281757,3730371,Matched,Intersection,34420.0,RAINIER AVE S AND S HOLLY ST, ,,2,Injury Collision,Left Turn,7,0,0,4,2,0,2018-04-07 00:00:00+00,4/7/2018 11:28:00 PM,At Intersection (intersection related),11,"MOTOR VEHICLE STRUCK MOTOR VEHICLE, FRONT END AT ANGLE",,False,Raining,Wet,Dark - Street Lights On,,,,28.0,From opposite direction - one left turn - one straight,0,0,False,0
-122.360464798383,47.5273874071521,199121,280146,281046,3744299,Matched,Block,,DELRIDGE WAY SW BETWEEN SW THISTLE ST AND SW CLOVERDALE ST, ,,1,Property Damage Only Collision,Rear Ended,6,0,0,3,0,0,2018-04-03 00:00:00+00,4/3/2018 7:15:00 AM,Mid-Block (not related to intersection),14,"MOTOR VEHICLE STRUCK MOTOR VEHICLE, REAR END",True,False,Clear or Partly Cloudy,Dry,Daylight,,,,14.0,From same direction - both going straight - one stopped - rear-end,0,0,False,0
-122.336257071581,47.6556487147764,199122,282817,283677,E790852,Matched,Intersection,26842.0,WALLINGFORD AVE N AND N 40TH ST, ,,1,Property Damage Only Collision,Angles,2,0,0,2,0,0,2018-04-12 00:00:00+00,4/12/2018 2:14:00 PM,At Intersection (intersection related),11,"MOTOR VEHICLE STRUCK MOTOR VEHICLE, FRONT END AT ANGLE",,False,Clear or Partly Cloudy,Dry,Daylight,,,,10.0,Entering at angle,0,0,False,0
-122.395628100016,47.6431945613538,199123,281577,282437,E785582,Matched,Intersection,27642.0,30TH AVE W AND W RAYE ST, ,,1,Property Damage Only Collision,Angles,2,0,0,2,0,0,2018-03-31 00:00:00+00,3/31/2018 11:06:00 AM,At Intersection (intersection related),11,"MOTOR VEHICLE STRUCK MOTOR VEHICLE, FRONT END AT ANGLE",True,False,Clear or Partly Cloudy,Dry,Daylight,,,,10.0,Entering at angle,0,0,False,0
-122.396949574246,47.6446074538877,199128,281576,282436,E785551,Matched,Intersection,27638.0,31ST AVE W AND W ARMOUR ST, ,,1,Property Damage Only Collision,Angles,3,0,0,2,0,0,2018-03-30 00:00:00+00,3/30/2018 8:29:00 AM,At Intersection (intersection related),11,"MOTOR VEHICLE STRUCK MOTOR VEHICLE, FRONT END AT ANGLE",,False,Overcast,Dry,Daylight,,,,10.0,Entering at angle,0,0,False,0
-122.355542632713,47.7214175001999,199129,281575,282435,E785550,Matched,Intersection,35832.0,GREENWOOD AVE N AND N 127TH ST, ,,1,Property Damage Only Collision,Angles,2,0,0,2,0,0,2018-03-23 00:00:00+00,3/23/2018 9:17:00 AM,At Intersection (intersection related),11,"MOTOR VEHICLE STRUCK MOTOR VEHICLE, FRONT END AT ANGLE",True,False,Raining,Wet,Daylight,,,,10.0,Entering at angle,0,0,False,0
-122.298341527913,47.6610877879068,199131,280144,281044,3738689,Matched,Intersection,27291.0,MONTLAKE BLVD NE AND NE 45TH ST, ,,1,Property Damage Only Collision,Other,1,0,0,1,0,0,2018-02-24 00:00:00+00,2/24/2018 5:14:00 AM,At Intersection (intersection related),28,MOTOR VEHICLE RAN OFF ROAD - HIT FIXED OBJECT,,False,Raining,Wet,Dark - Street Lights On,,,,50.0,Fixed object,0,0,False,0
-122.271247905343,47.5402509348357,199132,281574,282434,E785549,Matched,Block,,RAINIER AVE S BETWEEN S WILLOW ST AND S FRONTENAC ST, ,,1,Property Damage Only Collision,Sideswipe,6,0,0,2,0,0,2018-03-29 00:00:00+00,3/29/2018 11:44:00 AM,Mid-Block (not related to intersection),11,"MOTOR VEHICLE STRUCK MOTOR VEHICLE, FRONT END AT ANGLE",True,False,Clear or Partly Cloudy,Dry,Daylight,,,,11.0,From same direction - both going straight - both moving - sideswipe,0,0,False,0
-122.31501684451,47.5353748532582,199133,280143,281043,3730368,Matched,Block,,EAST MARGINAL WAY S BETWEEN S WEBSTER ST AND 14TH AVE S, ,,1,Property Damage Only Collision,Other,1,0,0,1,0,0,2018-04-03 00:00:00+00,4/3/2018 5:59:00 AM,Mid-Block (not related to intersection),26,MOTOR VEHICLE STRUCK OBJECT IN ROAD,,True,Clear or Partly Cloudy,Dry,Dark - Street Lights On,,,,50.0,Fixed object,0,0,False,0
-122.285336685812,47.6901852840808,199134,282798,283658,E790847,Matched,Intersection,37954.0,40TH AVE NE AND NE 85TH ST, ,,2,Injury Collision,Other,1,0,0,1,1,0,2018-04-12 00:00:00+00,4/12/2018 2:00:00 PM,At Intersection (intersection related),28,MOTOR VEHICLE RAN OFF ROAD - HIT FIXED OBJECT,,False,Clear or Partly Cloudy,Dry,Daylight,,,True,50.0,Fixed object,0,0,False,0
-122.331313653854,47.7086459248007,199135,281573,282433,E785548,Matched,Intersection,36585.0,CORLISS AVE N AND N NORTHGATE WAY, ,,1,Property Damage Only Collision,Angles,2,0,0,2,0,0,2018-03-23 00:00:00+00,3/23/2018 10:46:00 AM,At Intersection (intersection related),11,"MOTOR VEHICLE STRUCK MOTOR VEHICLE, FRONT END AT ANGLE",True,False,Raining,Wet,Daylight,,,,10.0,Entering at angle,0,0,False,0
-122.323591491531,47.7194858050466,199136,280142,281042,3706152,Matched,Intersection,36435.0,5TH AVE NE AND NE 125TH ST, ,,1,Property Damage Only Collision,Angles,2,0,0,2,0,0,2018-04-03 00:00:00+00,4/3/2018 10:21:00 AM,At Intersection (intersection related),14,"MOTOR VEHICLE STRUCK MOTOR VEHICLE, REAR END",,False,Clear or Partly Cloudy,Dry,Daylight,,,,10.0,Entering at angle,0,0,False,0