longitude,latitude,objectid,inckey,coldetkey,reportno,status,addrtype,intkey,location,exceptrsncode,exceptrsndesc,severitycode,severitydesc,collisiontype,personcount,pedcount,pedcylcount,vehcount,injuries,fatalities,incdate,incdttm,junctiontype,sdot_colcode,sdot_coldesc,inattentionind,underinfl,weather,roadcond,lightcond,pedrownotgrnt,sdotcolnum,speeding,st_colcode,st_coldesc,seglanekey,crosswalkkey,hitparkedcar,seriousinjuries
-122.376215088348,47.6682777611481,199137,280141,281041,3706129,Matched,Block,,15TH AVE NW BETWEEN NW 54TH ST AND NW MARKET ST, ,,1,Property Damage Only Collision,Other,3,0,0,2,0,0,2018-04-03 00:00:00+00,4/3/2018 3:37:00 PM,Mid-Block (not related to intersection),11,"MOTOR VEHICLE STRUCK MOTOR VEHICLE, FRONT END AT ANGLE",,True,Clear or Partly Cloudy,Dry,Daylight,,,,23.0,From same direction - all others,0,0,False,0
-122.409514441478,47.5675223974273,199138,278401,279301,E777761,Matched,Intersection,31812.0,BEACH DR SW AND SW CARROLL ST, ,,2,Injury Collision,Left Turn,3,0,0,2,2,0,2018-03-03 00:00:00+00,3/3/2018 6:20:00 PM,At Intersection (intersection related),11,"MOTOR VEHICLE STRUCK MOTOR VEHICLE, FRONT END AT ANGLE",,False,Clear or Partly Cloudy,Dry,Dusk,,,,15.0,From same direction - one left turn - one straight,0,0,False,0
-122.325099018566,47.6867683551988,199139,280140,281040,3706127,Matched,Intersection,24537.0,BANNER WAY NE AND NE 80TH ST, ,,1,Property Damage Only Collision,Angles,2,0,0,2,0,0,2018-04-03 00:00:00+00,4/3/2018 9:49:00 AM,At Intersection (intersection related),14,"MOTOR VEHICLE STRUCK MOTOR VEHICLE, REAR END",,False,Clear or Partly Cloudy,Dry,Daylight,,,,10.0,Entering at angle,0,0,False,0
-122.355032448045,47.5336804278157,199140,285566,286426,3742492,Matched,Intersection,34147.0,16TH AVE SW AND SW HOLDEN ST, ,,1,Property Damage Only Collision,Angles,3,0,0,3,0,0,2018-05-01 00:00:00+00,5/1/2018 6:58:00 PM,At Intersection (intersection related),11,"MOTOR VEHICLE STRUCK MOTOR VEHICLE, FRONT END AT ANGLE",,False,Clear or Partly Cloudy,Dry,Daylight,,,,10.0,Entering at angle,0,0,False,0
-122.349606084318,47.6140312181106,199141,285565,286425,3812038,Matched,Intersection,29698.0,WALL ST AND WESTERN AVE, ,,2,Injury Collision,Pedestrian,2,0,1,1,1,0,2018-05-01 00:00:00+00,5/1/2018 5:28:00 AM,At Intersection (intersection related),18,"MOTOR VEHICLE STRUCK PEDALCYCLIST, FRONT END AT ANGLE",,False,Clear or Partly Cloudy,Dry,Daylight,,,,5.0,Vehicle Strikes Pedalcyclist,0,523794,False,0
-122.340240656759,47.6120126820097,199142,283638,284518,E787848,Matched,Block,,3RD AVE BETWEEN STEWART ST AND VIRGINIA ST, ,,1,Property Damage Only Collision,Parked Car,2,0,0,2,0,0,2018-04-07 00:00:00+00,4/7/2018 2:06:00 PM,Mid-Block (not related to intersection),11,"MOTOR VEHICLE STRUCK MOTOR VEHICLE, FRONT END AT ANGLE",True,False,Raining,Wet,Daylight,,,,32.0,One parked--one moving,0,0,True,0
-122.382375526981,47.591315553432,199143,283637,284517,E787690,Matched,Block,,HARBOR AVE SW BETWEEN SW MARYLAND PL AND CALIFORNIA WAY SW, ,,1,Property Damage Only Collision,Rear Ended,2,0,0,2,0,0,2018-03-20 00:00:00+00,3/20/2018 12:37:00 PM,Mid-Block (not related to intersection),14,"MOTOR VEHICLE STRUCK MOTOR VEHICLE, REAR END",,False,Clear or Partly Cloudy,Dry,Daylight,,,,13.0,From same direction - both going straight - both moving - rear-end,0,0,False,0
-122.331604308503,47.6046615583508,199144,285564,286424,3812035,Matched,Intersection,29966.0,4TH AVE AND COLUMBIA ST, ,,2,Injury Collision,Left Turn,6,0,0,2,2,0,2018-04-29 00:00:00+00,4/29/2018 5:07:00 PM,At Intersection (intersection related),11,"MOTOR VEHICLE STRUCK MOTOR VEHICLE, FRONT END AT ANGLE",True,False,Clear or Partly Cloudy,Dry,Daylight,,,,15.0,From same direction - one left turn - one straight,0,0,False,0
-122.386512336381,47.5820966736473,199145,283617,284497,E787689,Matched,Block,,CALIFORNIA AVE SW BETWEEN SW COLLEGE ST AND SW ADMIRAL WAY, ,,2b,Serious Injury Collision,Pedestrian,2,1,0,1,1,0,2018-04-06 00:00:00+00,4/6/2018 5:47:00 PM,Mid-Block (not related to intersection),24,MOTOR VEHCILE STRUCK PEDESTRIAN,,False,Clear or Partly Cloudy,Dry,Daylight,,,,0.0,Vehicle going straight hits pedestrian,0,0,False,1
-122.305827396494,47.5884106013236,199146,285563,286423,3782799,Matched,Intersection,31517.0,RAINIER AVE S AND S MASSACHUSETTS ST, ,,2,Injury Collision,Left Turn,3,0,0,2,1,0,2018-04-30 00:00:00+00,4/30/2018 2:44:00 PM,At Intersection (intersection related),11,"MOTOR VEHICLE STRUCK MOTOR VEHICLE, FRONT END AT ANGLE",,False,Clear or Partly Cloudy,Dry,Daylight,,,,28.0,From opposite direction - one left turn - one straight,0,0,False,0
-122.365230401401,47.5392467156514,199147,284419,285299,3742239,Matched,Block,,SYLVAN WAY SW BETWEEN SW SYLVAN HEIGHTS DR AND SW ORCHARD ST, ,,1,Property Damage Only Collision,Sideswipe,2,0,0,2,0,0,2018-04-23 00:00:00+00,4/23/2018 11:35:00 AM,Mid-Block (not related to intersection),11,"MOTOR VEHICLE STRUCK MOTOR VEHICLE, FRONT END AT ANGLE",,False,Clear or Partly Cloudy,Dry,Daylight,,,,26.0,From opposite direction - both going straight - sideswipe,0,0,False,0
-122.270695621142,47.5233082309461,199148,285328,286188,E792859,Matched,Block,,S HENDERSON ST BETWEEN 50TH AVE S AND RAINIER AVE S, ,,1,Property Damage Only Collision,Angles,2,0,0,2,0,0,2018-04-22 00:00:00+00,4/22/2018 1:06:00 PM,Mid-Block (but intersection related),14,"MOTOR VEHICLE STRUCK MOTOR VEHICLE, REAR END",,False,Clear or Partly Cloudy,Dry,Daylight,,,,10.0,Entering at angle,0,0,False,0
-122.360651516649,47.6854709564017,199149,285719,286579,E792221,Matched,Intersection,24061.0,3RD AVE NW AND NW 78TH ST,NEI,"Not Enough Information, or Insufficient Location Information",2,Injury Collision,Angles,2,0,0,2,1,0,2018-04-08 00:00:00+00,4/8/2018 11:39:00 AM,At Intersection (intersection related),11,"MOTOR VEHICLE STRUCK MOTOR VEHICLE, FRONT END AT ANGLE",,False,Overcast,Wet,Daylight,,,,10.0,Entering at angle,0,0,True,0
-122.33372838304,47.6027866444311,199152,283578,284458,E787495,Matched,Block,,CHERRY ST BETWEEN 1ST AVE AND 2ND AVE, ,,1,Property Damage Only Collision,Parked Car,2,0,0,2,0,0,2018-04-10 00:00:00+00,4/10/2018 4:25:00 PM,Mid-Block (not related to intersection),11,"MOTOR VEHICLE STRUCK MOTOR VEHICLE, FRONT END AT ANGLE",,False,Clear or Partly Cloudy,Wet,Daylight,,,,20.0,One car leaving parked position,0,0,False,0
-122.329564915603,47.5518753367444,199153,285327,286187,E792858,Matched,Intersection,33178.0,4TH AVE S AND S ORCAS ST, ,,2,Injury Collision,Angles,4,0,0,4,1,0,2018-04-16 00:00:00+00,4/16/2018 4:29:00 PM,At Intersection (intersection related),11,"MOTOR VEHICLE STRUCK MOTOR VEHICLE, FRONT END AT ANGLE",,False,Clear or Partly Cloudy,Wet,Daylight,,,,10.0,Entering at angle,0,0,False,0
-122.385554129096,47.5701858142043,199155,285718,286578,E793639,Matched,Intersection,31864.0,42ND AVE SW AND SW CHARLESTOWN ST, ,,1,Property Damage Only Collision,Angles,3,0,0,2,0,0,2018-04-30 00:00:00+00,4/30/2018 3:45:00 PM,At Intersection (intersection related),11,"MOTOR VEHICLE STRUCK MOTOR VEHICLE, FRONT END AT ANGLE",,False,Overcast,Dry,Daylight,,,,10.0,Entering at angle,0,0,False,0
-122.373914632371,47.6308802065716,199156,284418,285298,3811955,Matched,Block,,ELLIOTT AVE W BETWEEN W LEE ST AND W GALER ST FLYOVER, ,,2,Injury Collision,Left Turn,5,0,0,2,2,0,2018-04-23 00:00:00+00,4/23/2018 4:40:00 PM,Driveway Junction,11,"MOTOR VEHICLE STRUCK MOTOR VEHICLE, FRONT END AT ANGLE",,False,Clear or Partly Cloudy,Dry,Daylight,,,,28.0,From opposite direction - one left turn - one straight,0,0,False,0
-122.269990258123,47.5346718015201,199157,285326,286186,E792857,Matched,Intersection,34479.0,RAINIER AVE S AND S AUSTIN ST, ,,2,Injury Collision,Angles,2,0,0,2,1,0,2018-04-11 00:00:00+00,4/11/2018 6:18:00 PM,At Intersection (intersection related),11,"MOTOR VEHICLE STRUCK MOTOR VEHICLE, FRONT END AT ANGLE",,False,Overcast,Wet,Daylight,,,,10.0,Entering at angle,0,0,False,0
-122.324036393378,47.6613387041932,199651,280344,281244,3754181,Matched,Intersection,27179.0,4TH AVE NE AND NE 45TH ST, ,,2,Injury Collision,Angles,2,0,0,2,1,0,2018-03-30 00:00:00+00,3/30/2018 5:04:00 PM,At Intersection (intersection related),11,"MOTOR VEHICLE STRUCK MOTOR VEHICLE, FRONT END AT ANGLE",,False,Overcast,Dry,Daylight,,,,10.0,Entering at angle,0,0,False,0
-122.336564829254,47.5903978303766,199158,285325,286185,E792603,Matched,Intersection,30386.0,COLORADO AVE S AND S ATLANTIC ST, ,,1,Property Damage Only Collision,Sideswipe,2,0,0,2,0,0,2018-04-26 00:00:00+00,4/26/2018 12:13:00 PM,At Intersection (intersection related),16,"MOTOR VEHICLE STRUCK MOTOR VEHICLE, LEFT SIDE SIDESWIPE",,False,Clear or Partly Cloudy,Dry,Daylight,,,,71.0,Same direction -- both turning right -- both moving -- sideswipe,0,0,False,0
-122.359454220153,47.6795611899704,199160,285324,286184,E792565,Matched,Intersection,24102.0,2ND AVE NW AND NW 70TH ST, ,,1,Property Damage Only Collision,Angles,2,0,0,2,0,0,2018-04-26 00:00:00+00,4/26/2018 5:21:00 PM,At Intersection (intersection related),11,"MOTOR VEHICLE STRUCK MOTOR VEHICLE, FRONT END AT ANGLE",,False,Clear or Partly Cloudy,Dry,Daylight,,,,10.0,Entering at angle,0,0,False,0
-122.301060632164,47.5992851494019,199162,285658,286518,3746309,Matched,Block,,S JACKSON ST BETWEEN 23RD AVE S AND 25TH AVE S, ,,1,Property Damage Only Collision,Rear Ended,3,0,1,2,0,0,2018-05-04 00:00:00+00,5/4/2018 8:39:00 AM,Mid-Block (but intersection related),14,"MOTOR VEHICLE STRUCK MOTOR VEHICLE, REAR END",True,False,Clear or Partly Cloudy,Dry,Daylight,,,,14.0,From same direction - both going straight - one stopped - rear-end,0,0,False,0
-122.296238802947,47.6095072904017,199163,283558,284438,E787483,Matched,Block,,M L KING JR WAY BETWEEN E COLUMBIA ST AND E MARION ST, ,,1,Property Damage Only Collision,Rear Ended,3,0,0,3,0,0,2018-04-11 00:00:00+00,4/11/2018 4:32:00 PM,Mid-Block (not related to intersection),14,"MOTOR VEHICLE STRUCK MOTOR VEHICLE, REAR END",,False,Raining,Wet,Daylight,,,,14.0,From same direction - both going straight - one stopped - rear-end,0,0,False,0
-122.328948722805,47.5311749612729,199165,282845,283705,3605962,Matched,Block,,WEST MARGINAL NB WAY S BETWEEN S HOLDEN ST AND CLOVERDALE ST ON RP, ,,1,Property Damage Only Collision,Rear Ended,2,0,0,2,0,0,2018-04-17 00:00:00+00,4/17/2018 6:45:00 AM,Mid-Block (not related to intersection),11,"MOTOR VEHICLE STRUCK MOTOR VEHICLE, FRONT END AT ANGLE",True,False,Clear or Partly Cloudy,Wet,Daylight,,,,13.0,From same direction - both going straight - both moving - rear-end,0,0,False,0
-122.317413415092,47.6794702210355,199166,285322,286182,E792493,Matched,Intersection,24464.0,ROOSEVELT WAY NE AND NE 70TH ST, ,,1,Property Damage Only Collision,Left Turn,3,0,0,2,0,0,2018-04-26 00:00:00+00,4/26/2018 9:50:00 AM,At Intersection (intersection related),11,"MOTOR VEHICLE STRUCK MOTOR VEHICLE, FRONT END AT ANGLE",True,False,Clear or Partly Cloudy,Dry,Daylight,,,,28.0,From opposite direction - one left turn - one straight,0,0,False,0
-122.270103901049,47.5079070737601,199168,285646,286506,3814755,Matched,Block,,51ST AVE S BETWEEN S RUGGLES ST AND S CRESTON ST, ,,1,Property Damage Only Collision,Rear Ended,4,0,0,3,0,0,2018-05-04 00:00:00+00,5/4/2018 5:01:00 PM,Mid-Block (not related to intersection),14,"MOTOR VEHICLE STRUCK MOTOR VEHICLE, REAR END",,False,Clear or Partly Cloudy,Dry,Daylight,,,,13.0,From same direction - both going straight - both moving - rear-end,0,0,False,0
-122.345742514121,47.6170221808683,199169,284417,285297,3811958,Matched,Block,,WALL ST BETWEEN 4TH AVE AND 5TH AVE, ,,1,Property Damage Only Collision,Parked Car,3,1,0,2,0,0,2018-04-23 00:00:00+00,4/23/2018 4:52:00 PM,Mid-Block (not related to intersection),11,"MOTOR VEHICLE STRUCK MOTOR VEHICLE, FRONT END AT ANGLE",,False,Clear or Partly Cloudy,Dry,Daylight,,,,32.0,One parked--one moving,0,0,True,0
-122.280748579857,47.553907434179,199170,285321,286181,E792490,Matched,Intersection,33471.0,42ND AVE S AND RAINIER AVE S, ,,2,Injury Collision,Angles,3,0,0,2,2,0,2018-04-24 00:00:00+00,4/24/2018 10:15:00 AM,At Intersection (intersection related),14,"MOTOR VEHICLE STRUCK MOTOR VEHICLE, REAR END",,False,Clear or Partly Cloudy,Dry,Daylight,,,,10.0,Entering at angle,0,0,False,0
-122.346791503371,47.5326266741995,199171,285645,286505,3744609,Matched,Block,,HIGHLAND PARK WAY SW BETWEEN SW PORTLAND ST AND 9TH AVE SW, ,,1,Property Damage Only Collision,Parked Car,2,0,0,2,0,0,2018-03-20 00:00:00+00,3/20/2018 7:30:00 AM,Mid-Block (not related to intersection),11,"MOTOR VEHICLE STRUCK MOTOR VEHICLE, FRONT END AT ANGLE",,False,Unknown,Unknown,Daylight,,,,20.0,One car leaving parked position,0,0,False,0
-122.326362198653,47.598774653736,199172,282844,283704,3578792,Matched,Block,,6TH AVE S BETWEEN S JACKSON ST AND S KING ST, ,,1,Property Damage Only Collision,Head On,2,0,0,2,0,0,2018-04-20 00:00:00+00,4/20/2018 11:03:00 PM,Mid-Block (not related to intersection),11,"MOTOR VEHICLE STRUCK MOTOR VEHICLE, FRONT END AT ANGLE",,True,Clear or Partly Cloudy,Dry,Dark - Street Lights On,,,,30.0,From opposite direction - all others,0,0,False,0
-122.342439241051,47.6553828764201,199174,282827,283687,E790635,Matched,Intersection,26848.0,STONE WAY N AND N 40TH ST, ,,2,Injury Collision,Angles,5,0,0,3,5,0,2018-04-06 00:00:00+00,4/6/2018 2:26:00 PM,At Intersection (intersection related),11,"MOTOR VEHICLE STRUCK MOTOR VEHICLE, FRONT END AT ANGLE",,False,Clear or Partly Cloudy,Dry,Daylight,,,,10.0,Entering at angle,0,0,False,0
-122.359589811733,47.6395969071494,199175,285320,286180,E792488,Matched,Intersection,27816.0,W MCGRAW PL AND W MCGRAW E ST, ,,1,Property Damage Only Collision,Left Turn,2,0,0,2,0,0,2018-04-25 00:00:00+00,4/25/2018 8:00:00 AM,At Intersection (intersection related),11,"MOTOR VEHICLE STRUCK MOTOR VEHICLE, FRONT END AT ANGLE",True,False,Clear or Partly Cloudy,Dry,Daylight,,,,28.0,From opposite direction - one left turn - one straight,0,0,False,0
-122.374899462775,47.6686661444777,199176,284422,285302,3744318,Matched,Block,,NW MARKET ST BETWEEN 14TH AVE NW AND 15TH AVE NW, ,,1,Property Damage Only Collision,Rear Ended,3,0,0,2,0,0,2018-04-18 00:00:00+00,4/18/2018 4:30:00 PM,Mid-Block (not related to intersection),14,"MOTOR VEHICLE STRUCK MOTOR VEHICLE, REAR END",,False,Clear or Partly Cloudy,Dry,Daylight,,,,14.0,From same direction - both going straight - one stopped - rear-end,0,0,False,0
-122.337743733437,47.6869190528804,199177,282820,283680,E790862,Matched,Intersection,24232.0,DENSMORE AVE N AND N 80TH E ST, ,,2,Injury Collision,Angles,2,0,1,1,1,0,2018-04-19 00:00:00+00,4/19/2018 5:15:00 PM,At Intersection (intersection related),51,PEDALCYCLIST STRUCK MOTOR VEHICLE FRONT END AT ANGLE,,False,Clear or Partly Cloudy,Dry,Daylight,,,,10.0,Entering at angle,0,0,False,0
-122.298050652203,47.5883118320491,199178,285570,286430,3814728,Matched,Intersection,31402.0,M L KING JR WAY S AND S MASSACHUSETTS ST, ,,1,Property Damage Only Collision,Left Turn,3,0,0,2,0,0,2018-05-02 00:00:00+00,5/2/2018 12:35:00 PM,At Intersection (intersection related),11,"MOTOR VEHICLE STRUCK MOTOR VEHICLE, FRONT END AT ANGLE",,False,Clear or Partly Cloudy,Dry,Daylight,,,,28.0,From opposite direction - one left turn - one straight,0,0,False,0
-122.272053703488,47.5107015775993,199179,284421,285301,3643117,Matched,Block,,BEACON AVE S BETWEEN S COOPER ST AND S VICTOR ST, ,,1,Property Damage Only Collision,Parked Car,2,0,0,2,0,0,2018-04-13 00:00:00+00,4/13/2018 10:30:00 AM,Mid-Block (not related to intersection),11,"MOTOR VEHICLE STRUCK MOTOR VEHICLE, FRONT END AT ANGLE",,False,Unknown,Unknown,Unknown,,,,32.0,One parked--one moving,0,0,True,0
-122.299511974177,47.7120442522221,199180,285569,286429,3706028,Matched,Intersection,36655.0,LAKE CITY WAY NE AND NE 115TH ST, ,,1,Property Damage Only Collision,Angles,2,0,0,2,0,0,2018-04-29 00:00:00+00,4/29/2018 1:06:00 PM,At Intersection (intersection related),11,"MOTOR VEHICLE STRUCK MOTOR VEHICLE, FRONT END AT ANGLE",,False,Overcast,Dry,Daylight,,,,10.0,Entering at angle,0,0,False,0
-122.316756187335,47.6122245883165,199181,284398,285278,3702267,Matched,Block,,12TH AVE BETWEEN E SPRING ST AND E MADISON ST, ,,1,Property Damage Only Collision,Parked Car,2,0,0,2,0,0,2018-04-22 00:00:00+00,4/22/2018 10:30:00 AM,Mid-Block (not related to intersection),16,"MOTOR VEHICLE STRUCK MOTOR VEHICLE, LEFT SIDE SIDESWIPE",True,False,Other,Unknown,Daylight,,,,32.0,One parked--one moving,0,0,False,0
-122.32387088806,47.5931182802617,199182,284420,285300,3754638,Matched,Block,,AIRPORT NB WAY S BETWEEN AIRPORT WAY S AND 7TH AVE S, ,,2,Injury Collision,Rear Ended,3,0,0,2,1,0,2018-04-22 00:00:00+00,4/22/2018 4:34:00 PM,Mid-Block (not related to intersection),14,"MOTOR VEHICLE STRUCK MOTOR VEHICLE, REAR END",True,False,Clear or Partly Cloudy,Dry,Daylight,,,,14.0,From same direction - both going straight - one stopped - rear-end,0,0,False,0
-122.337827377638,47.694147564433,199184,285567,286427,3706209,Matched,Intersection,37350.0,DENSMORE AVE N AND N 90TH ST, ,,1,Property Damage Only Collision,Other,1,0,0,1,0,0,2018-05-02 00:00:00+00,5/2/2018 4:03:00 AM,At Intersection (intersection related),26,MOTOR VEHICLE STRUCK OBJECT IN ROAD,,True,Clear or Partly Cloudy,Dry,Dark - Street Lights On,,,,50.0,Fixed object,0,0,False,0
-122.328878289113,47.7261161046904,199185,282819,283679,E790855,Matched,Intersection,35947.0,1ST AVE NE AND ROOSEVELT WAY NE, ,,1,Property Damage Only Collision,Angles,2,0,0,2,0,0,2018-03-20 00:00:00+00,3/20/2018 9:37:00 AM,At Intersection (intersection related),11,"MOTOR VEHICLE STRUCK MOTOR VEHICLE, FRONT END AT ANGLE",,False,Clear or Partly Cloudy,Dry,Daylight,,,,10.0,Entering at angle,0,0,False,0
-122.339089921417,47.6246913095293,199186,284397,285277,3812079,Matched,Block,,MERCER NR ST BETWEEN 9TH AVE N AND WESTLAKE AVE N, ,,2,Injury Collision,Rear Ended,2,0,0,2,1,0,2018-04-24 00:00:00+00,4/24/2018 6:17:00 AM,Mid-Block (not related to intersection),14,"MOTOR VEHICLE STRUCK MOTOR VEHICLE, REAR END",,False,Clear or Partly Cloudy,Dry,Daylight,,,,14.0,From same direction - both going straight - one stopped - rear-end,0,0,False,0
-122.296850425675,47.6230295219321,199187,279092,279992,E781840,Matched,Block,,E MADISON ST BETWEEN 27TH N AVE E AND M L KING JR WAY E, ,,1,Property Damage Only Collision,Parked Car,2,0,0,2,0,0,2018-03-24 00:00:00+00,3/24/2018 2:41:00 PM,Mid-Block (not related to intersection),16,"MOTOR VEHICLE STRUCK MOTOR VEHICLE, LEFT SIDE SIDESWIPE",True,False,Clear or Partly Cloudy,Dry,Daylight,,,,32.0,One parked--one moving,0,0,True,0
-122.355462524971,47.6164200195807,199188,277984,278884,E779967,Matched,Block,,ELLIOTT AVE BETWEEN BROAD ST AND BAY ST,NEI,"Not Enough Information, or Insufficient Location Information",1,Property Damage Only Collision,Parked Car,2,0,0,2,0,0,2018-03-17 00:00:00+00,3/17/2018 12:00:00 PM,Mid-Block (not related to intersection),0,NOT ENOUGH INFORMATION / NOT APPLICABLE,,False,Clear or Partly Cloudy,Dry,Daylight,,,,32.0,One parked--one moving,0,0,False,0
-122.345085277257,47.7330620900585,199189,278487,279387,E781000,Matched,Block,,AURORA AVE N BETWEEN N 143RD ST AND ROOSEVELT WAY N, ,,1,Property Damage Only Collision,Other,1,0,0,1,0,0,2018-02-28 00:00:00+00,2/28/2018 7:07:00 PM,Driveway Junction,26,MOTOR VEHICLE STRUCK OBJECT IN ROAD,True,False,Raining,Wet,Dark - Street Lights On,,,,50.0,Fixed object,0,0,False,0
-122.376222439329,47.6598033643483,199191,276906,277766,3584948,Matched,Block,,BALLARD BR BETWEEN POINT A AND POINT B, ,,2,Injury Collision,Head On,2,0,0,2,1,0,2018-03-02 00:00:00+00,3/2/2018 12:39:00 PM,Mid-Block (not related to intersection),11,"MOTOR VEHICLE STRUCK MOTOR VEHICLE, FRONT END AT ANGLE",True,False,Clear or Partly Cloudy,Dry,Daylight,,,,24.0,From opposite direction - both moving - head-on,0,0,False,0
-122.30457005227,47.5867617405888,199193,276904,277764,E776678,Matched,Block,,RAINIER AVE S BETWEEN S GRAND ST AND 22ND N AVE S, ,,1,Property Damage Only Collision,Rear Ended,2,0,0,2,0,0,2018-03-01 00:00:00+00,3/1/2018 7:11:00 AM,Mid-Block (not related to intersection),14,"MOTOR VEHICLE STRUCK MOTOR VEHICLE, REAR END",True,False,Clear or Partly Cloudy,Wet,Daylight,,,,14.0,From same direction - both going straight - one stopped - rear-end,0,0,False,0
-122.347596603488,47.6214887473853,199195,276903,277763,3583923,Matched,Block,,5TH AVE N BETWEEN BROAD ST AND HARRISON ST, ,,2,Injury Collision,Rear Ended,4,0,0,3,2,0,2018-03-02 00:00:00+00,3/2/2018 9:50:00 PM,Mid-Block (not related to intersection),14,"MOTOR VEHICLE STRUCK MOTOR VEHICLE, REAR END",True,True,Overcast,Dry,Dark - Street Lights On,,,,14.0,From same direction - both going straight - one stopped - rear-end,0,0,False,0
-122.327891116516,47.654619884048,199198,278484,279384,E780981,Matched,Block,,1ST AVE NE BETWEEN NE PACIFIC ST AND NE 40TH ST,NEI,"Not Enough Information, or Insufficient Location Information",1,Property Damage Only Collision,Parked Car,2,0,0,2,0,0,2018-02-02 00:00:00+00,2/2/2018 2:00:00 PM,,0,NOT ENOUGH INFORMATION / NOT APPLICABLE,,False,Clear or Partly Cloudy,Dry,Daylight,,,,32.0,One parked--one moving,0,0,True,0
-122.337744567772,47.6148318636958,199199,277282,278182,3584962,Matched,Intersection,29541.0,VIRGINIA ST AND WESTLAKE AVE, ,,2,Injury Collision,Angles,4,0,0,2,2,0,2018-03-07 00:00:00+00,3/7/2018 7:34:00 PM,At Intersection (intersection related),11,"MOTOR VEHICLE STRUCK MOTOR VEHICLE, FRONT END AT ANGLE",,False,Clear or Partly Cloudy,Dry,Dark - Street Lights On,,,,10.0,Entering at angle,0,0,False,0
-122.347036492806,47.6117258764141,199200,277281,278181,3583878,Matched,Intersection,29709.0,ELLIOTT AVE AND ELLIOTT AV ON RP, ,,1,Property Damage Only Collision,Sideswipe,2,0,0,2,0,0,2018-03-13 00:00:00+00,3/13/2018 7:33:00 PM,At Intersection (intersection related),11,"MOTOR VEHICLE STRUCK MOTOR VEHICLE, FRONT END AT ANGLE",,False,Clear or Partly Cloudy,Wet,Dark - Street Lights On,,,,11.0,From same direction - both going straight - both moving - sideswipe,0,0,False,0
-122.348949317173,47.6184604267864,199201,276902,277762,3583879,Matched,Block,,4TH AVE BETWEEN CLAY ST AND DENNY WAY, ,,2,Injury Collision,Rear Ended,2,0,0,2,1,0,2018-03-17 00:00:00+00,3/17/2018 6:11:00 PM,Mid-Block (not related to intersection),14,"MOTOR VEHICLE STRUCK MOTOR VEHICLE, REAR END",,False,Clear or Partly Cloudy,Dry,Daylight,,,,14.0,From same direction - both going straight - one stopped - rear-end,0,0,False,0
-122.334239206161,47.5481396886486,199202,285951,286825,E788394,Matched,Block,,EAST MARGINAL WAY S BETWEEN 1ST AVE S AND 1ST AV S BR SB, ,,1,Property Damage Only Collision,Other,1,0,0,1,0,0,2018-04-07 00:00:00+00,4/7/2018 6:00:00 PM,Mid-Block (not related to intersection),26,MOTOR VEHICLE STRUCK OBJECT IN ROAD,,False,Raining,Wet,Daylight,,,True,50.0,Fixed object,0,0,False,0
-122.326340004184,47.6873866212445,199203,285949,286823,E786550,Matched,Block,,NE 85TH ST OFF RP BETWEEN I5 NB AND BANNER WAY NE, ,,1,Property Damage Only Collision,Other,1,0,0,1,0,0,2018-04-07 00:00:00+00,4/7/2018 7:47:00 PM,Mid-Block (not related to intersection),26,MOTOR VEHICLE STRUCK OBJECT IN ROAD,,False,Raining,Wet,Dusk,,,True,50.0,Fixed object,0,0,False,0
-122.370769447751,47.661469419302,199206,277280,278180,3577049,Matched,Intersection,26711.0,11TH AVE NW AND NW 45TH ST, ,,2,Injury Collision,Pedestrian,2,0,1,1,1,0,2018-03-14 00:00:00+00,3/14/2018 7:21:00 PM,At Intersection (intersection related),18,"MOTOR VEHICLE STRUCK PEDALCYCLIST, FRONT END AT ANGLE",,False,Clear or Partly Cloudy,Dry,Dark - Street Lights On,,,,5.0,Vehicle Strikes Pedalcyclist,0,0,False,0
-122.322446510864,47.5987682125733,199207,278482,279382,E780979,Matched,Block,,8TH AVE S BETWEEN S JACKSON ST AND S KING ST,NEI,"Not Enough Information, or Insufficient Location Information",1,Property Damage Only Collision,Parked Car,2,0,0,2,0,0,2018-03-17 00:00:00+00,3/17/2018 3:00:00 PM,,0,NOT ENOUGH INFORMATION / NOT APPLICABLE,,False,Clear or Partly Cloudy,Dry,Daylight,,,,32.0,One parked--one moving,0,0,True,0
-122.361091865746,47.5379541665937,199208,278481,279381,3742504,Matched,Intersection,33963.0,DELRIDGE WAY SW AND SW ORCHARD ST, ,,2b,Serious Injury Collision,Rear Ended,2,0,0,2,2,0,2018-03-25 00:00:00+00,3/25/2018 8:11:00 PM,At Intersection (but not related to intersection),14,"MOTOR VEHICLE STRUCK MOTOR VEHICLE, REAR END",True,True,Clear or Partly Cloudy,Dry,Dark - Street Lights On,,,,14.0,From same direction - both going straight - one stopped - rear-end,0,0,False,1
-122.334197844324,47.5861037684791,199209,277279,278179,3289393,Matched,Intersection,31345.0,1ST AVE S AND S HOLGATE ST, ,,1,Property Damage Only Collision,Left Turn,2,0,0,2,0,0,2018-03-07 00:00:00+00,3/7/2018 9:19:00 AM,At Intersection (intersection related),14,"MOTOR VEHICLE STRUCK MOTOR VEHICLE, REAR END",,False,Clear or Partly Cloudy,Dry,Daylight,,,,28.0,From opposite direction - one left turn - one straight,0,0,False,0