longitude,latitude,objectid,inckey,coldetkey,reportno,status,addrtype,intkey,location,exceptrsncode,exceptrsndesc,severitycode,severitydesc,collisiontype,personcount,pedcount,pedcylcount,vehcount,injuries,fatalities,incdate,incdttm,junctiontype,sdot_colcode,sdot_coldesc,inattentionind,underinfl,weather,roadcond,lightcond,pedrownotgrnt,sdotcolnum,speeding,st_colcode,st_coldesc,seglanekey,crosswalkkey,hitparkedcar,seriousinjuries
-122.355017360991,47.641855750226,199210,278480,279380,3583884,Matched,Block,,QUEEN ANNE DR BETWEEN 1ST AVE N AND WARREN AVE N, ,,1,Property Damage Only Collision,Other,1,0,0,1,0,0,2018-03-23 00:00:00+00,3/23/2018 1:26:00 AM,Mid-Block (not related to intersection),28,MOTOR VEHICLE RAN OFF ROAD - HIT FIXED OBJECT,True,True,Raining,Wet,Dark - Street Lights On,,,,50.0,Fixed object,0,0,False,0
-122.325659514516,47.6115852871779,199215,285944,286818,E794052,Matched,Block,,MINOR AVE BETWEEN SENECA ST AND UNIVERSITY ST, ,,1,Property Damage Only Collision,Rear Ended,2,0,0,2,0,0,2018-05-02 00:00:00+00,5/2/2018 12:15:00 PM,Mid-Block (not related to intersection),14,"MOTOR VEHICLE STRUCK MOTOR VEHICLE, REAR END",,False,Clear or Partly Cloudy,Dry,Daylight,,,,13.0,From same direction - both going straight - both moving - rear-end,0,0,False,0
-122.329604445181,47.5446149921306,199217,277267,278167,3818734,Matched,Block,,4TH AVE S BETWEEN S MICHIGAN ST AND EAST MARGINAL WAY S, ,,1,Property Damage Only Collision,Rear Ended,2,0,0,2,0,0,2018-03-16 00:00:00+00,3/16/2018 7:50:00 AM,Mid-Block (not related to intersection),14,"MOTOR VEHICLE STRUCK MOTOR VEHICLE, REAR END",True,False,Clear or Partly Cloudy,Dry,Daylight,,,,14.0,From same direction - both going straight - one stopped - rear-end,0,0,False,0
-122.305170337701,47.5586125915911,199218,277265,278165,3818709,Matched,Block,,COLUMBIA DR S BETWEEN S EDMUNDS ST AND S FERDINAND ST, ,,1,Property Damage Only Collision,Parked Car,3,0,0,2,0,0,2018-02-18 00:00:00+00,2/18/2018 1:15:00 AM,Mid-Block (not related to intersection),14,"MOTOR VEHICLE STRUCK MOTOR VEHICLE, REAR END",,True,Clear or Partly Cloudy,Dry,Dark - Street Lights On,,,,32.0,One parked--one moving,0,0,True,0
-122.386776712197,47.5620104157921,199219,279094,279994,E781987,Matched,Block,,CALIFORNIA AVE SW BETWEEN SW OREGON ST AND SW ALASKA ST, ,,1,Property Damage Only Collision,Parked Car,2,0,0,2,0,0,2018-03-23 00:00:00+00,3/23/2018 8:27:00 PM,Mid-Block (not related to intersection),14,"MOTOR VEHICLE STRUCK MOTOR VEHICLE, REAR END",,False,Overcast,Wet,Dark - Street Lights On,,,True,32.0,One parked--one moving,0,0,True,0
-122.327526962319,47.708621591763,199220,277990,278890,E780299,Matched,Block,,NE NORTHGATE WAY BETWEEN 1ST AVE NE AND NE NORTHGATE DR, ,,1,Property Damage Only Collision,Parked Car,2,0,0,2,0,0,2018-03-18 00:00:00+00,3/18/2018 6:15:00 PM,,0,NOT ENOUGH INFORMATION / NOT APPLICABLE,,False,Clear or Partly Cloudy,Dry,Dusk,,,,32.0,One parked--one moving,0,0,True,0
-122.278450634257,47.511599937313,199221,277264,278164,3818670,Matched,Block,,M L KING JR ER WAY S BETWEEN S NORFOLK ST AND CITY LIMITS, ,,1,Property Damage Only Collision,Rear Ended,2,0,0,2,0,0,2018-03-05 00:00:00+00,3/5/2018 10:00:00 AM,Mid-Block (not related to intersection),14,"MOTOR VEHICLE STRUCK MOTOR VEHICLE, REAR END",,False,Overcast,Dry,Daylight,,,,14.0,From same direction - both going straight - one stopped - rear-end,0,0,False,0
-122.330999410225,47.6182737631016,199222,285943,286817,E794051,Matched,Intersection,29173.0,STEWART ST AND YALE AVE, ,,1,Property Damage Only Collision,Left Turn,2,0,0,2,0,0,2018-04-30 00:00:00+00,4/30/2018 2:50:00 PM,At Intersection (intersection related),11,"MOTOR VEHICLE STRUCK MOTOR VEHICLE, FRONT END AT ANGLE",,False,Clear or Partly Cloudy,Dry,Daylight,,,,15.0,From same direction - one left turn - one straight,0,0,False,0
-122.330623695976,47.6035893857042,199223,285942,286804,E794050,Matched,Block,,4TH AVE BETWEEN JAMES ST AND CHERRY ST, ,,1,Property Damage Only Collision,Right Turn,2,0,0,2,0,0,2018-04-30 00:00:00+00,4/30/2018 11:20:00 AM,Mid-Block (not related to intersection),11,"MOTOR VEHICLE STRUCK MOTOR VEHICLE, FRONT END AT ANGLE",True,False,Clear or Partly Cloudy,Dry,Daylight,,,,16.0,From same direction - one right turn - one straight,0,0,False,0
-122.332519439884,47.6023056011811,199224,285941,286803,E794049,Matched,Intersection,30482.0,2ND AVE AND JAMES ST, ,,1,Property Damage Only Collision,Angles,4,0,0,2,0,0,2018-04-30 00:00:00+00,4/30/2018 12:45:00 PM,At Intersection (intersection related),11,"MOTOR VEHICLE STRUCK MOTOR VEHICLE, FRONT END AT ANGLE",,False,Clear or Partly Cloudy,Dry,Daylight,,,,10.0,Entering at angle,0,0,False,0
-122.347952286417,47.6541342229527,199225,277989,278889,E780298,Matched,Block,,N 39TH ST BETWEEN LINDEN AVE N AND AURORA AVE N,NEI,"Not Enough Information, or Insufficient Location Information",1,Property Damage Only Collision,Parked Car,2,0,0,2,0,0,2018-03-18 00:00:00+00,3/18/2018 2:00:00 PM,Mid-Block (not related to intersection),0,NOT ENOUGH INFORMATION / NOT APPLICABLE,,False,Clear or Partly Cloudy,Dry,Daylight,,,,32.0,One parked--one moving,0,0,False,0
-122.316733390752,47.6128892357701,199226,277988,278888,E779991,Matched,Intersection,29761.0,12TH AVE AND E MADISON ST, ,,2,Injury Collision,Left Turn,4,0,0,2,1,0,2018-03-17 00:00:00+00,3/17/2018 3:08:00 PM,At Intersection (intersection related),11,"MOTOR VEHICLE STRUCK MOTOR VEHICLE, FRONT END AT ANGLE",,False,Clear or Partly Cloudy,Dry,Daylight,,,,28.0,From opposite direction - one left turn - one straight,0,0,False,0
-122.395731215286,47.6858339413188,199228,276917,277797,3695866,Matched,Block,,30TH AVE NW BETWEEN NW 77TH ST AND NW 80TH ST, ,,1,Property Damage Only Collision,Parked Car,2,0,0,2,0,0,2018-03-03 00:00:00+00,3/3/2018 9:23:00 PM,Mid-Block (not related to intersection),14,"MOTOR VEHICLE STRUCK MOTOR VEHICLE, REAR END",,False,Clear or Partly Cloudy,Dry,Dark - Street Lights On,,,,32.0,One parked--one moving,0,0,True,0
-122.297246641893,47.6406314540892,199229,277987,278887,E779990,Matched,Block,,LAKE WASHINGTON BLVD E BETWEEN E FOSTER ISLAND RD AND LK WASH BV ON RP, ,,1,Property Damage Only Collision,Other,1,0,0,1,0,0,2018-03-01 00:00:00+00,3/1/2018 3:52:00 PM,Mid-Block (not related to intersection),26,MOTOR VEHICLE STRUCK OBJECT IN ROAD,True,False,Clear or Partly Cloudy,Dry,Daylight,,,,50.0,Fixed object,0,0,False,0
-122.343458322259,47.6914625522722,199230,276910,277777,3695865,Matched,Block,,NESBIT AVE N BETWEEN N 85TH ST AND N 88TH ST, ,,1,Property Damage Only Collision,Parked Car,6,0,0,6,0,0,2018-03-02 00:00:00+00,3/2/2018 1:59:00 AM,Mid-Block (not related to intersection),11,"MOTOR VEHICLE STRUCK MOTOR VEHICLE, FRONT END AT ANGLE",,False,Raining,Wet,Dark - Street Lights On,,,,32.0,One parked--one moving,0,0,True,0
-122.338718074059,47.6498590504727,199231,279093,279993,E781857,Matched,Block,,WOODLAWN AVE N BETWEEN N 35TH ST AND N 36TH ST, ,,1,Property Damage Only Collision,Parked Car,2,0,0,2,0,0,2018-03-24 00:00:00+00,3/24/2018 2:00:00 PM,Mid-Block (not related to intersection),0,NOT ENOUGH INFORMATION / NOT APPLICABLE,,False,Clear or Partly Cloudy,Dry,Daylight,,,,32.0,One parked--one moving,0,0,True,0
-122.298059829526,47.637179244307,199232,277985,278885,E779985,Matched,Block,,LAKE WASHINGTON BLVD E BETWEEN BOYER AVE E AND E FOSTER ISLAND RD, ,,1,Property Damage Only Collision,Other,1,0,0,1,0,0,2018-03-17 00:00:00+00,3/17/2018 3:41:00 PM,Mid-Block (not related to intersection),28,MOTOR VEHICLE RAN OFF ROAD - HIT FIXED OBJECT,True,False,Overcast,Dry,Daylight,,,,50.0,Fixed object,0,0,False,0
-122.348051930906,47.70506141256,199233,276909,277769,3695744,Matched,Block,,N 105TH ST BETWEEN NORTH PARK AVE N AND LINDEN AVE N, ,,1,Property Damage Only Collision,Other,1,0,0,1,0,0,2018-03-08 00:00:00+00,3/8/2018 8:57:00 AM,Mid-Block (not related to intersection),28,MOTOR VEHICLE RAN OFF ROAD - HIT FIXED OBJECT,,False,Unknown,Unknown,Unknown,,,,50.0,Fixed object,0,0,False,0
-122.347459157886,47.6156924575631,199234,276908,277768,3644334,Matched,Block,,WALL ST BETWEEN 2ND AVE AND 3RD AVE, ,,1,Property Damage Only Collision,Parked Car,4,0,0,2,0,0,2018-03-04 00:00:00+00,3/4/2018 9:24:00 AM,Mid-Block (not related to intersection),14,"MOTOR VEHICLE STRUCK MOTOR VEHICLE, REAR END",,False,Clear or Partly Cloudy,Dry,Daylight,,,,32.0,One parked--one moving,0,0,True,0
-122.319742835785,47.6152429810889,199237,282462,283322,3702552,Matched,Block,,E PINE ST BETWEEN NAGLE PL AND 10TH AVE, ,,1,Property Damage Only Collision,Rear Ended,2,0,0,2,0,0,2018-04-14 00:00:00+00,4/14/2018 1:35:00 AM,Mid-Block (but intersection related),14,"MOTOR VEHICLE STRUCK MOTOR VEHICLE, REAR END",,False,Raining,Wet,Dark - Street Lights On,,,,14.0,From same direction - both going straight - one stopped - rear-end,0,0,False,0
-122.333715653117,47.6654024879782,199238,282461,283321,E784220,Matched,Block,,MERIDIAN AVE N BETWEEN N 50TH ST AND N 51ST ST, ,,1,Property Damage Only Collision,Rear Ended,2,0,0,2,0,0,2018-03-31 00:00:00+00,3/31/2018 5:16:00 PM,Mid-Block (not related to intersection),14,"MOTOR VEHICLE STRUCK MOTOR VEHICLE, REAR END",True,False,Clear or Partly Cloudy,Dry,Daylight,,,,13.0,From same direction - both going straight - both moving - rear-end,0,0,False,0
-122.32615321946,47.5462500023134,199239,280158,281058,3764847,Matched,Intersection,34217.0,6TH AVE S AND S MICHIGAN ST, ,,2,Injury Collision,Angles,3,0,0,2,2,0,2018-02-24 00:00:00+00,2/24/2018 3:07:00 PM,At Intersection (intersection related),11,"MOTOR VEHICLE STRUCK MOTOR VEHICLE, FRONT END AT ANGLE",,False,Clear or Partly Cloudy,Dry,Daylight,,,,10.0,Entering at angle,0,0,False,0
-122.332317082486,47.5452313605227,199240,280157,281057,E766488,Matched,Block,,1ST AV S SB ON RP BETWEEN S FRONT ST ON RP AND EAST MARGINAL WAY S, ,,1,Property Damage Only Collision,Other,1,0,0,1,0,0,2018-02-02 00:00:00+00,2/2/2018 11:38:00 AM,Mid-Block (not related to intersection),26,MOTOR VEHICLE STRUCK OBJECT IN ROAD,,False,Overcast,Wet,Daylight,,,True,50.0,Fixed object,0,0,False,0
-122.302366067305,47.6280383584302,199241,282460,283320,3702422,Matched,Block,,23RD AVE E BETWEEN TURNER WAY E AND E PROSPECT ST, ,,1,Property Damage Only Collision,Other,1,0,0,1,0,0,2018-04-13 00:00:00+00,4/13/2018 8:43:00 PM,Mid-Block (not related to intersection),28,MOTOR VEHICLE RAN OFF ROAD - HIT FIXED OBJECT,,True,,Wet,,,,,50.0,Fixed object,0,0,False,0
-122.296729971994,47.5723292570073,199242,280153,281053,3764846,Matched,Block,,M L KING JR ER WAY S BETWEEN RENTON PL S AND S WALDEN ST, ,,1,Property Damage Only Collision,Rear Ended,3,0,0,2,0,0,2018-02-22 00:00:00+00,2/22/2018 9:09:00 AM,Mid-Block (not related to intersection),14,"MOTOR VEHICLE STRUCK MOTOR VEHICLE, REAR END",,False,Overcast,Ice,Daylight,,,,14.0,From same direction - both going straight - one stopped - rear-end,0,0,False,0
-122.329187043257,47.6036975160912,199785,279358,280258,3811948,Matched,Intersection,29972.0,5TH AVE AND JAMES ST, ,,2,Injury Collision,Angles,2,0,0,2,1,0,2018-03-27 00:00:00+00,3/27/2018 4:45:00 PM,At Intersection (intersection related),11,"MOTOR VEHICLE STRUCK MOTOR VEHICLE, FRONT END AT ANGLE",True,False,Clear or Partly Cloudy,Dry,Daylight,,,,10.0,Entering at angle,0,0,False,0
-122.31501684451,47.5353748532582,199243,281697,282557,E785991,Matched,Block,,EAST MARGINAL WAY S BETWEEN S WEBSTER ST AND 14TH AVE S, ,,2,Injury Collision,Rear Ended,5,0,0,4,1,0,2018-04-04 00:00:00+00,4/4/2018 4:44:00 PM,Mid-Block (not related to intersection),14,"MOTOR VEHICLE STRUCK MOTOR VEHICLE, REAR END",,False,Overcast,Wet,Daylight,,,,14.0,From same direction - both going straight - one stopped - rear-end,0,0,False,0
-122.312089218266,47.5829775870179,199244,281018,281898,E774477,Matched,Intersection,31572.0,16TH AVE S AND S COLLEGE ST, ,,2,Injury Collision,Angles,3,0,0,2,1,0,2018-01-25 00:00:00+00,1/25/2018 4:22:00 PM,At Intersection (intersection related),11,"MOTOR VEHICLE STRUCK MOTOR VEHICLE, FRONT END AT ANGLE",,False,Overcast,Wet,Daylight,,,,10.0,Entering at angle,0,0,False,0
-122.270002075073,47.5207575314733,199245,281677,282537,E785989,Matched,Block,,RAINIER AVE S BETWEEN S FISHER PL AND 51ST AVE S, ,,1,Property Damage Only Collision,Rear Ended,3,0,0,2,0,0,2018-03-21 00:00:00+00,3/21/2018 5:45:00 PM,Mid-Block (not related to intersection),14,"MOTOR VEHICLE STRUCK MOTOR VEHICLE, REAR END",,False,Raining,Wet,Daylight,,,,14.0,From same direction - both going straight - one stopped - rear-end,0,0,False,0
-122.338062531382,47.6468894815882,199246,280152,281052,3762864,Matched,Intersection,26914.0,N NORTHLAKE PL AND N NORTHLAKE E WAY, ,,1,Property Damage Only Collision,Right Turn,2,0,0,2,0,0,2018-04-03 00:00:00+00,4/3/2018 3:25:00 PM,At Intersection (intersection related),11,"MOTOR VEHICLE STRUCK MOTOR VEHICLE, FRONT END AT ANGLE",,False,Overcast,Dry,Daylight,,,,16.0,From same direction - one right turn - one straight,0,0,False,0
-122.261582317595,47.5202643958963,199247,280151,281051,3756098,Matched,Intersection,35452.0,57TH AVE S AND RAINIER AVE S, ,,2,Injury Collision,Rear Ended,2,0,0,2,1,0,2018-03-31 00:00:00+00,3/31/2018 1:30:00 PM,At Intersection (intersection related),14,"MOTOR VEHICLE STRUCK MOTOR VEHICLE, REAR END",,False,,Dry,Daylight,,,,14.0,From same direction - both going straight - one stopped - rear-end,0,0,False,0
-122.315691025266,47.5729795651181,199248,280150,281050,E765646,Matched,Block,,S COLUMBIAN EB WAY BETWEEN I5 SB COLLECTOR AND 14TH AVE S, ,,1,Property Damage Only Collision,Other,1,0,0,1,0,0,2018-02-03 00:00:00+00,2/3/2018 9:39:00 PM,Mid-Block (not related to intersection),26,MOTOR VEHICLE STRUCK OBJECT IN ROAD,,False,Raining,Wet,Dark - Street Lights On,,,True,50.0,Fixed object,0,0,False,0
-122.332551335289,47.6082107944681,199250,280149,281049,3754637,Matched,Block,,SENECA ST BETWEEN 5TH AVE AND 6TH AVE, ,,1,Property Damage Only Collision,Left Turn,2,0,0,2,0,0,2018-03-09 00:00:00+00,3/9/2018 4:58:00 PM,Mid-Block (not related to intersection),14,"MOTOR VEHICLE STRUCK MOTOR VEHICLE, REAR END",,False,Clear or Partly Cloudy,Dry,Daylight,,,,15.0,From same direction - one left turn - one straight,0,0,False,0
-122.29784798881,47.6042693055869,199251,281017,281897,E785965,Matched,Intersection,30098.0,27TH AVE AND E ALDER ST, ,,1,Property Damage Only Collision,Angles,4,0,0,2,0,0,2018-04-05 00:00:00+00,4/5/2018 2:47:00 PM,At Intersection (intersection related),11,"MOTOR VEHICLE STRUCK MOTOR VEHICLE, FRONT END AT ANGLE",,False,Overcast,Wet,Daylight,,,,10.0,Entering at angle,0,0,False,0
-122.323766572505,47.5949941572103,199253,281657,282517,E787018,Matched,Intersection,30545.0,7TH AVE S AND S CHARLES ST, ,,1,Property Damage Only Collision,Other,2,0,0,2,0,0,2018-04-06 00:00:00+00,4/6/2018 12:39:00 PM,At Intersection (intersection related),11,"MOTOR VEHICLE STRUCK MOTOR VEHICLE, FRONT END AT ANGLE",,False,Overcast,Wet,Daylight,,,,23.0,From same direction - all others,0,0,False,0
-122.368403711081,47.5453830046321,199254,281637,282497,E787017,Matched,Block,,HIGH POINT DR SW BETWEEN SW BATAAN ST AND SW MORGAN ST, ,,1,Property Damage Only Collision,Other,2,0,0,2,0,0,2018-04-05 00:00:00+00,4/5/2018 12:29:00 PM,Mid-Block (not related to intersection),11,"MOTOR VEHICLE STRUCK MOTOR VEHICLE, FRONT END AT ANGLE",,False,Raining,Wet,Daylight,,,,23.0,From same direction - all others,0,0,False,0
-122.355082727569,47.5247061047127,199255,280148,281048,3745555,Matched,Intersection,35020.0,16TH AVE SW AND SW TRENTON ST, ,,1,Property Damage Only Collision,Angles,3,0,0,2,0,0,2018-02-24 00:00:00+00,2/24/2018 2:11:00 AM,At Intersection (intersection related),11,"MOTOR VEHICLE STRUCK MOTOR VEHICLE, FRONT END AT ANGLE",,True,Overcast,Wet,Dark - Street Lights On,,,,10.0,Entering at angle,0,0,False,0
-122.324548713311,47.6120500051034,199256,282848,283708,3702375,Matched,Block,,SUMMIT AVE BETWEEN SENECA ST AND UNIVERSITY ST, ,,1,Property Damage Only Collision,Parked Car,4,0,0,2,0,0,2018-04-20 00:00:00+00,4/20/2018 1:26:00 PM,Mid-Block (not related to intersection),16,"MOTOR VEHICLE STRUCK MOTOR VEHICLE, LEFT SIDE SIDESWIPE",True,False,Clear or Partly Cloudy,Dry,Daylight,,,,32.0,One parked--one moving,0,0,True,0
-122.381497307287,47.5082382138341,199257,280147,281047,3744487,Matched,Intersection,38008.0,39TH AVE SW AND SW 106TH ST, ,,1,Property Damage Only Collision,Angles,2,0,0,2,0,0,2018-02-14 00:00:00+00,2/14/2018 8:15:00 AM,At Intersection (intersection related),11,"MOTOR VEHICLE STRUCK MOTOR VEHICLE, FRONT END AT ANGLE",True,False,Raining,Wet,Daylight,,,,10.0,Entering at angle,0,0,False,0
-122.309573910198,47.6035166239429,199258,281617,282477,E787016,Matched,Block,,E SPRUCE ST BETWEEN 17TH AVE AND 18TH AVE, ,,1,Property Damage Only Collision,Parked Car,2,0,0,2,0,0,2018-04-04 00:00:00+00,4/4/2018 1:00:00 PM,Mid-Block (not related to intersection),11,"MOTOR VEHICLE STRUCK MOTOR VEHICLE, FRONT END AT ANGLE",,False,Raining,Wet,Daylight,,,,32.0,One parked--one moving,0,0,False,0
-122.334149838379,47.6040884667917,199259,279101,280001,E782355,Matched,Block,,2ND AVE BETWEEN COLUMBIA ST AND MARION ST, ,,2,Injury Collision,Parked Car,3,0,0,2,1,0,2018-03-25 00:00:00+00,3/25/2018 1:15:00 PM,Mid-Block (not related to intersection),11,"MOTOR VEHICLE STRUCK MOTOR VEHICLE, FRONT END AT ANGLE",True,False,Clear or Partly Cloudy,Dry,Daylight,,,,32.0,One parked--one moving,0,0,True,0
-122.333263740494,47.5892718170804,199260,281597,282457,E787015,Matched,Block,,OCCIDENTAL AVE S BETWEEN EDGAR MARTINEZ DR S AND S MASSACHUSETTS ST, ,,1,Property Damage Only Collision,Parked Car,2,0,0,2,0,0,2018-04-05 00:00:00+00,4/5/2018 12:20:00 PM,Mid-Block (not related to intersection),11,"MOTOR VEHICLE STRUCK MOTOR VEHICLE, FRONT END AT ANGLE",True,False,Raining,Wet,Daylight,,,,20.0,One car leaving parked position,0,0,False,0
-122.343696037359,47.7323102088345,199261,282847,283707,3695745,Matched,Block,,N 143RD ST BETWEEN MIDVALE AVE N AND LENORA PL N, ,,1,Property Damage Only Collision,Parked Car,2,0,0,2,0,0,2018-04-18 00:00:00+00,4/18/2018 9:00:00 PM,Mid-Block (not related to intersection),11,"MOTOR VEHICLE STRUCK MOTOR VEHICLE, FRONT END AT ANGLE",,False,Unknown,Unknown,Unknown,,,,32.0,One parked--one moving,0,0,True,0
-122.34015176106,47.6653808829054,199262,282468,283328,3706076,Matched,Block,,GREEN LAKE WAY N BETWEEN N 50TH ST AND N 51ST ST, ,,2,Injury Collision,Rear Ended,4,0,0,2,2,0,2018-04-19 00:00:00+00,4/19/2018 7:30:00 PM,Mid-Block (not related to intersection),14,"MOTOR VEHICLE STRUCK MOTOR VEHICLE, REAR END",,False,Clear or Partly Cloudy,Dry,Dusk,,,,14.0,From same direction - both going straight - one stopped - rear-end,0,0,False,0
-122.32788067264,47.6166417097266,199263,280997,281877,E785963,Matched,Intersection,29847.0,MELROSE AVE AND OLIVE WAY, ,,2,Injury Collision,Rear Ended,3,0,0,2,1,0,2018-03-31 00:00:00+00,3/31/2018 5:49:00 PM,At Intersection (intersection related),11,"MOTOR VEHICLE STRUCK MOTOR VEHICLE, FRONT END AT ANGLE",True,False,Clear or Partly Cloudy,Dry,Daylight,,,,13.0,From same direction - both going straight - both moving - rear-end,0,0,False,0
-122.373586708208,47.6694410678379,199264,281581,282441,E786014,Matched,Intersection,25414.0,14TH AVE NW AND NW 56TH ST, ,,1,Property Damage Only Collision,Other,2,0,0,2,0,0,2018-04-05 00:00:00+00,4/5/2018 5:00:00 PM,At Intersection (intersection related),11,"MOTOR VEHICLE STRUCK MOTOR VEHICLE, FRONT END AT ANGLE",,False,Raining,Wet,Daylight,,,,23.0,From same direction - all others,0,0,False,0
-122.308807433997,47.6803355002479,199265,282467,283327,3706069,Matched,Block,,18TH AVE NE BETWEEN NE 70TH ST AND NE 73RD ST, ,,1,Property Damage Only Collision,Parked Car,3,0,0,3,0,0,2018-04-13 00:00:00+00,4/13/2018 1:50:00 AM,Mid-Block (not related to intersection),14,"MOTOR VEHICLE STRUCK MOTOR VEHICLE, REAR END",,False,Unknown,Unknown,Unknown,,,,32.0,One parked--one moving,0,0,True,0
-122.352785663281,47.6439728401606,199266,279099,279999,E782353,Matched,Block,,MAYFAIR AVE N BETWEEN NOB HILL AVE N AND NEWELL ST, ,,1,Property Damage Only Collision,Parked Car,2,0,0,2,0,0,2018-03-24 00:00:00+00,3/24/2018 6:45:00 PM,Mid-Block (not related to intersection),11,"MOTOR VEHICLE STRUCK MOTOR VEHICLE, FRONT END AT ANGLE",True,False,Unknown,Unknown,Unknown,,,,32.0,One parked--one moving,0,0,True,0
-122.327750029671,47.6038023596146,199267,279098,279998,E782352,Matched,Block,,6TH AVE BETWEEN JEFFERSON ST AND JAMES ST, ,,1,Property Damage Only Collision,Rear Ended,4,0,0,3,0,0,2018-03-23 00:00:00+00,3/23/2018 5:01:00 PM,Mid-Block (not related to intersection),14,"MOTOR VEHICLE STRUCK MOTOR VEHICLE, REAR END",True,False,Clear or Partly Cloudy,Dry,Daylight,,,,14.0,From same direction - both going straight - one stopped - rear-end,0,0,False,0
-122.303650196444,47.6184201492441,199269,281097,281977,E786353,Matched,Intersection,29392.0,22ND AVE E AND E MADISON ST, ,,1,Property Damage Only Collision,Parked Car,2,0,0,2,0,0,2018-04-07 00:00:00+00,4/7/2018,At Intersection (intersection related),14,"MOTOR VEHICLE STRUCK MOTOR VEHICLE, REAR END",,False,Raining,Wet,Dark - Street Lights On,,,,32.0,One parked--one moving,0,0,True,0
-122.316763897083,47.622538606085,199270,281077,281957,E786352,Matched,Block,,12TH AVE E BETWEEN E HARRISON ST AND E REPUBLICAN ST, ,,1,Property Damage Only Collision,Other,2,0,0,2,0,0,2018-04-02 00:00:00+00,4/2/2018 6:43:00 AM,Mid-Block (not related to intersection),11,"MOTOR VEHICLE STRUCK MOTOR VEHICLE, FRONT END AT ANGLE",True,False,Clear or Partly Cloudy,Dry,Dawn,,,,23.0,From same direction - all others,0,0,False,0
-122.347162102656,47.6137583099113,199272,282466,283326,3703913,Matched,Block,,1ST AVE BETWEEN BELL ST AND BATTERY ST, ,,1,Property Damage Only Collision,Pedestrian,2,1,0,1,0,0,2018-04-19 00:00:00+00,4/19/2018 8:46:00 PM,Mid-Block (not related to intersection),24,MOTOR VEHCILE STRUCK PEDESTRIAN,,False,Clear or Partly Cloudy,Dry,Dark - Street Lights On,,,,0.0,Vehicle going straight hits pedestrian,0,0,False,0
-122.334275943277,47.7341365013854,199273,281058,281938,E776228,Matched,Intersection,35910.0,MERIDIAN AVE N AND N 145TH ST, ,,2,Injury Collision,Left Turn,5,0,0,2,1,0,2018-02-28 00:00:00+00,2/28/2018 3:27:00 PM,At Intersection (intersection related),11,"MOTOR VEHICLE STRUCK MOTOR VEHICLE, FRONT END AT ANGLE",,False,Raining,Wet,Daylight,,,,28.0,From opposite direction - one left turn - one straight,0,0,False,0
-122.311275569943,47.5934995954011,199274,282465,283325,3702604,Matched,Block,,POPLAR PL S BETWEEN S CHARLES ST AND S NORMAN ST, ,,2,Injury Collision,Angles,2,0,0,2,1,0,2018-04-14 00:00:00+00,4/14/2018 12:36:00 PM,Driveway Junction,11,"MOTOR VEHICLE STRUCK MOTOR VEHICLE, FRONT END AT ANGLE",,False,Raining,Wet,Daylight,,,,10.0,Entering at angle,0,0,False,0
-122.306318994157,47.6080168108188,199275,280978,281858,E785962,Matched,Intersection,30176.0,20TH AVE AND E CHERRY ST, ,,1,Property Damage Only Collision,Angles,3,0,0,2,0,0,2018-04-05 00:00:00+00,4/5/2018 5:35:00 PM,At Intersection (intersection related),11,"MOTOR VEHICLE STRUCK MOTOR VEHICLE, FRONT END AT ANGLE",,False,Raining,Wet,Daylight,,,,10.0,Entering at angle,0,0,False,0
-122.299464872291,47.6080023592271,199277,282464,283324,3702602,Matched,Block,,E CHERRY ST BETWEEN 25TH AVE AND 26TH AVE, ,,1,Property Damage Only Collision,Parked Car,2,0,0,2,0,0,2018-04-13 00:00:00+00,4/13/2018 9:39:00 PM,Mid-Block (not related to intersection),11,"MOTOR VEHICLE STRUCK MOTOR VEHICLE, FRONT END AT ANGLE",,False,Raining,Wet,Dark - Street Lights On,,,,20.0,One car leaving parked position,0,0,False,0
-122.31870445257,47.6016967603465,199278,282463,283323,3702553,Matched,Block,,E YESLER WAY BETWEEN 10TH AVE AND BOREN AVE, ,,1,Property Damage Only Collision,Other,2,0,0,2,0,0,2018-04-15 00:00:00+00,4/15/2018 1:13:00 AM,Mid-Block (but intersection related),14,"MOTOR VEHICLE STRUCK MOTOR VEHICLE, REAR END",,True,Raining,Wet,Dark - Street Lights On,,,,41.0,Vehicle Strikes Railway Vehicle,0,0,False,0
-122.370932309386,47.5743113586782,199279,279095,279995,E782216,Matched,Block,,HARBOR AVE SW BETWEEN SW HARBOR LN AND SW SPOKANE NR ST, ,,1,Property Damage Only Collision,Rear Ended,2,0,0,2,0,0,2018-03-25 00:00:00+00,3/25/2018 1:00:00 PM,Mid-Block (not related to intersection),14,"MOTOR VEHICLE STRUCK MOTOR VEHICLE, REAR END",True,False,Other,Dry,Daylight,,,,14.0,From same direction - both going straight - one stopped - rear-end,0,0,False,0
-122.326838733482,47.6061601346688,199281,285982,286842,E790065,Matched,Block,,8TH AVE BETWEEN CHERRY ST AND COLUMBIA ST, ,,1,Property Damage Only Collision,Parked Car,3,0,0,3,0,0,2018-03-09 00:00:00+00,3/9/2018 9:49:00 PM,Mid-Block (not related to intersection),14,"MOTOR VEHICLE STRUCK MOTOR VEHICLE, REAR END",,False,Clear or Partly Cloudy,Dry,Dark - Street Lights On,,,,32.0,One parked--one moving,0,0,False,0