longitude,latitude,objectid,inckey,coldetkey,reportno,status,addrtype,intkey,location,exceptrsncode,exceptrsndesc,severitycode,severitydesc,collisiontype,personcount,pedcount,pedcylcount,vehcount,injuries,fatalities,incdate,incdttm,junctiontype,sdot_colcode,sdot_coldesc,inattentionind,underinfl,weather,roadcond,lightcond,pedrownotgrnt,sdotcolnum,speeding,st_colcode,st_coldesc,seglanekey,crosswalkkey,hitparkedcar,seriousinjuries
-122.325514174552,47.6140885079959,199282,285578,286438,3702531,Matched,Intersection,29875.0,SUMMIT AVE AND E PIKE ST, ,,2,Injury Collision,Pedestrian,2,1,0,1,1,0,2018-05-05 00:00:00+00,5/5/2018 9:30:00 PM,At Intersection (intersection related),24,MOTOR VEHCILE STRUCK PEDESTRIAN,,True,Overcast,Wet,Dusk,,,,0.0,Vehicle going straight hits pedestrian,0,0,False,0
-122.344564970542,47.6941856699119,199284,285577,286437,3706212,Matched,Intersection,37340.0,AURORA AVE N AND N 90TH ST, ,,1,Property Damage Only Collision,Left Turn,3,0,0,2,0,0,2018-05-05 00:00:00+00,5/5/2018 10:09:00 PM,At Intersection (intersection related),11,"MOTOR VEHICLE STRUCK MOTOR VEHICLE, FRONT END AT ANGLE",,False,Raining,Wet,Dark - Street Lights On,,,,28.0,From opposite direction - one left turn - one straight,0,0,False,0
-122.305520247829,47.6939309255863,199285,283647,284527,E788026,Matched,Intersection,37751.0,LAKE CITY WAY NE AND NE 90TH ST, ,,1,Property Damage Only Collision,Right Turn,3,0,0,3,0,0,2018-04-10 00:00:00+00,4/10/2018 10:37:00 AM,At Intersection (intersection related),11,"MOTOR VEHICLE STRUCK MOTOR VEHICLE, FRONT END AT ANGLE",True,False,Overcast,Wet,Daylight,,,,16.0,From same direction - one right turn - one straight,0,0,False,0
-122.334017899863,47.6177136359176,199286,285576,286436,3812109,Matched,Intersection,29525.0,BOREN AVE AND VIRGINIA ST, ,,1,Property Damage Only Collision,Angles,4,0,0,2,0,0,2018-05-06 00:00:00+00,5/6/2018 2:13:00 AM,At Intersection (intersection related),11,"MOTOR VEHICLE STRUCK MOTOR VEHICLE, FRONT END AT ANGLE",,False,Clear or Partly Cloudy,Dry,Dark - Street Lights On,,,,10.0,Entering at angle,0,0,False,0
-122.316779914121,47.6080587778913,199287,283646,284526,E788014,Matched,Intersection,29795.0,12TH AVE AND E CHERRY ST, ,,1,Property Damage Only Collision,Angles,4,0,0,2,0,0,2018-04-12 00:00:00+00,4/12/2018 2:31:00 PM,At Intersection (intersection related),11,"MOTOR VEHICLE STRUCK MOTOR VEHICLE, FRONT END AT ANGLE",,False,Overcast,Wet,Daylight,,,,10.0,Entering at angle,0,0,False,0
-122.352885936306,47.6159701914872,199288,285980,286840,E788962,Matched,Block,,WESTERN AVE BETWEEN CLAY ST AND BROAD ST, ,,1,Property Damage Only Collision,Sideswipe,3,0,0,2,0,0,2018-03-10 00:00:00+00,3/10/2018 1:08:00 PM,Mid-Block (not related to intersection),14,"MOTOR VEHICLE STRUCK MOTOR VEHICLE, REAR END",,False,Clear or Partly Cloudy,Dry,Daylight,,,,12.0,From same direction - both going straight - one stopped - sideswipe,0,0,False,0
-122.331965705832,47.602536672158,199289,283645,284525,E788013,Matched,Block,,JAMES ST BETWEEN 2ND AVE AND 3RD AVE, ,,1,Property Damage Only Collision,Parked Car,2,0,0,2,0,0,2018-04-09 00:00:00+00,4/9/2018 1:00:00 PM,Mid-Block (not related to intersection),11,"MOTOR VEHICLE STRUCK MOTOR VEHICLE, FRONT END AT ANGLE",,False,Clear or Partly Cloudy,Dry,Daylight,,,,32.0,One parked--one moving,0,0,True,0
-122.374896715145,47.6512550744436,199290,285979,286839,E788714,Matched,Block,,14TH AVE W BETWEEN W BERTONA ST AND W RUFFNER ST, ,,1,Property Damage Only Collision,Parked Car,2,0,0,2,0,0,2018-03-06 00:00:00+00,3/6/2018 10:30:00 PM,Mid-Block (not related to intersection),14,"MOTOR VEHICLE STRUCK MOTOR VEHICLE, REAR END",,False,Unknown,Unknown,Unknown,,,,32.0,One parked--one moving,0,0,False,0
-122.320152353272,47.5473569114516,199291,285575,286435,3578911,Matched,Intersection,33134.0,CARLETON AVE S AND S BAILEY ST, ,,1,Property Damage Only Collision,Other,1,0,0,1,0,0,2018-05-06 00:00:00+00,5/6/2018 7:12:00 PM,At Intersection (intersection related),28,MOTOR VEHICLE RAN OFF ROAD - HIT FIXED OBJECT,,False,Clear or Partly Cloudy,Dry,Daylight,,,,50.0,Fixed object,0,0,False,0
-122.386716301971,47.6400665119469,199292,285977,286837,E788713,Matched,Block,,THORNDYKE AVE W BETWEEN THORNDYKE PL W AND 23RD AVE W,NEI,"Not Enough Information, or Insufficient Location Information",1,Property Damage Only Collision,Parked Car,2,0,0,2,0,0,2018-03-06 00:00:00+00,3/6/2018 11:00:00 PM,Mid-Block (not related to intersection),0,NOT ENOUGH INFORMATION / NOT APPLICABLE,,False,Unknown,Unknown,Unknown,,,,32.0,One parked--one moving,0,0,True,0
-122.284863209529,47.5460429275012,199293,285574,286434,3814753,Matched,Intersection,33646.0,38TH AVE S AND S GRAHAM ST, ,,2,Injury Collision,Rear Ended,2,0,0,2,1,0,2018-05-04 00:00:00+00,5/4/2018 8:28:00 AM,At Intersection (intersection related),16,"MOTOR VEHICLE STRUCK MOTOR VEHICLE, LEFT SIDE SIDESWIPE",,False,Clear or Partly Cloudy,Dry,Daylight,,,,14.0,From same direction - both going straight - one stopped - rear-end,0,0,False,0
-122.33326602906,47.5850439327861,199299,283641,284521,E787948,Matched,Block,,OCCIDENTAL AVE S BETWEEN S HOLGATE ST AND S WALKER ST, ,,2,Injury Collision,Other,2,0,0,2,1,0,2018-04-08 00:00:00+00,4/8/2018 11:00:00 AM,Mid-Block (not related to intersection),11,"MOTOR VEHICLE STRUCK MOTOR VEHICLE, FRONT END AT ANGLE",,False,Clear or Partly Cloudy,Dry,Daylight,,,,23.0,From same direction - all others,0,0,False,0
-122.334188031538,47.5992048288577,199300,285572,286432,3812106,Matched,Intersection,30365.0,1ST AVE S AND S JACKSON ST, ,,2,Injury Collision,Left Turn,2,0,0,2,1,0,2018-05-03 00:00:00+00,5/3/2018 9:59:00 PM,At Intersection (intersection related),11,"MOTOR VEHICLE STRUCK MOTOR VEHICLE, FRONT END AT ANGLE",,False,Clear or Partly Cloudy,Dry,Dark - Street Lights On,,,,28.0,From opposite direction - one left turn - one straight,0,0,False,0
-122.33382164614,47.5452853480129,199302,285777,286637,E784784,Matched,Block,,1ST AV S BR NB BETWEEN EAST MARGINAL WAY S AND 1ST AV S NB OFF RP, ,,1,Property Damage Only Collision,Rear Ended,2,0,0,2,0,0,2018-03-28 00:00:00+00,3/28/2018 6:33:00 AM,Mid-Block (not related to intersection),14,"MOTOR VEHICLE STRUCK MOTOR VEHICLE, REAR END",,False,Overcast,Dry,Dawn,,,,13.0,From same direction - both going straight - both moving - rear-end,0,0,False,0
-122.344685513587,47.7043269675696,199303,285571,286431,3754501,Matched,Intersection,37281.0,AURORA AVE N AND N 104TH ST, ,,2b,Serious Injury Collision,Pedestrian,2,1,0,1,1,0,2018-05-02 00:00:00+00,5/2/2018 11:23:00 PM,At Intersection (intersection related),11,"MOTOR VEHICLE STRUCK MOTOR VEHICLE, FRONT END AT ANGLE",,False,Clear or Partly Cloudy,Dry,Dark - Street Lights On,,,,0.0,Vehicle going straight hits pedestrian,0,0,False,1
-122.325595633917,47.7340691986879,199304,285766,286626,E784378,Matched,Intersection,166204.0,145TH ST ON RP AND NE 145TH ST, ,,2,Injury Collision,Left Turn,3,0,0,2,1,0,2018-03-31 00:00:00+00,3/31/2018 7:02:00 PM,At Intersection (intersection related),11,"MOTOR VEHICLE STRUCK MOTOR VEHICLE, FRONT END AT ANGLE",,False,Clear or Partly Cloudy,Dry,Daylight,,,,28.0,From opposite direction - one left turn - one straight,0,0,False,0
-122.30751049784,47.6907734843231,199305,283640,284520,E787947,Matched,Block,,LAKE CITY WAY NE BETWEEN NE 85TH ST AND 20TH AVE NE, ,,1,Property Damage Only Collision,Sideswipe,2,0,0,2,0,0,2018-04-09 00:00:00+00,4/9/2018 6:32:00 AM,Mid-Block (not related to intersection),11,"MOTOR VEHICLE STRUCK MOTOR VEHICLE, FRONT END AT ANGLE",,False,Clear or Partly Cloudy,Dry,Daylight,,,,11.0,From same direction - both going straight - both moving - sideswipe,0,0,False,0
-122.357360442925,47.6245852767394,199306,284430,285310,3753656,Matched,Block,,W MERCER ST BETWEEN QUEEN ANNE AVE N AND 1ST AVE W, ,,2,Injury Collision,Sideswipe,3,0,0,2,1,0,2018-04-26 00:00:00+00,4/26/2018 5:03:00 PM,Mid-Block (not related to intersection),11,"MOTOR VEHICLE STRUCK MOTOR VEHICLE, FRONT END AT ANGLE",True,False,Clear or Partly Cloudy,Dry,Daylight,,,,11.0,From same direction - both going straight - both moving - sideswipe,0,0,False,0
-122.329145627856,47.6213983138443,199307,283639,284519,E787849,Matched,Block,,EASTLAKE AVE E BETWEEN THOMAS ST AND HARRISON ST, ,,1,Property Damage Only Collision,Rear Ended,3,0,0,2,0,0,2018-04-04 00:00:00+00,4/4/2018 3:43:00 PM,Mid-Block (not related to intersection),14,"MOTOR VEHICLE STRUCK MOTOR VEHICLE, REAR END",True,False,Raining,Wet,Daylight,,,,14.0,From same direction - both going straight - one stopped - rear-end,0,0,False,0
-122.344493878863,47.6851309148878,199309,282854,283714,3705927,Matched,Block,,AURORA AVE N BETWEEN N 77TH ST AND N 78TH ST, ,,1,Property Damage Only Collision,Rear Ended,3,0,0,2,0,0,2018-04-20 00:00:00+00,4/20/2018 8:49:00 AM,Mid-Block (not related to intersection),14,"MOTOR VEHICLE STRUCK MOTOR VEHICLE, REAR END",True,False,Clear or Partly Cloudy,Dry,Daylight,,,,14.0,From same direction - both going straight - one stopped - rear-end,0,0,False,0
-122.334846956374,47.5290045409556,199310,285764,286624,E784264,Matched,Block,,1ST AVE S BETWEEN SW KENYON ST AND S CLOVERDALE W ST, ,,2,Injury Collision,Rear Ended,3,0,0,2,1,0,2018-03-24 00:00:00+00,3/24/2018 8:30:00 PM,Mid-Block (not related to intersection),14,"MOTOR VEHICLE STRUCK MOTOR VEHICLE, REAR END",,False,Clear or Partly Cloudy,Dry,Dark - Street Lights Off,,,True,13.0,From same direction - both going straight - both moving - rear-end,0,0,False,0
-122.392522760809,47.6604966719307,199311,284429,285309,3746658,Matched,Block,,GILMAN AVE W BETWEEN WILLIAMS AVE W AND 28TH AVE W, ,,2,Injury Collision,Rear Ended,5,0,0,2,2,0,2018-04-26 00:00:00+00,4/26/2018 4:59:00 PM,Mid-Block (not related to intersection),14,"MOTOR VEHICLE STRUCK MOTOR VEHICLE, REAR END",True,False,Clear or Partly Cloudy,Dry,Daylight,,,,14.0,From same direction - both going straight - one stopped - rear-end,0,0,False,0
-122.334313299717,47.6084595415436,199312,284428,285308,3812029,Matched,Block,,UNIVERSITY ST BETWEEN 4TH AVE AND 5TH AVE, ,,1,Property Damage Only Collision,Parked Car,2,0,0,2,0,0,2018-04-26 00:00:00+00,4/26/2018 3:50:00 AM,Mid-Block (not related to intersection),14,"MOTOR VEHICLE STRUCK MOTOR VEHICLE, REAR END",,False,Clear or Partly Cloudy,Dry,Dark - Street Lights On,,,,32.0,One parked--one moving,0,0,True,0
-122.337300031063,47.7058743542597,199313,285762,286622,E784212,Matched,Block,,N NORTHGATE WAY BETWEEN N 105TH E ST AND N 107TH ST, ,,2,Injury Collision,Rear Ended,2,0,0,2,1,0,2018-03-30 00:00:00+00,3/30/2018 4:20:00 PM,Mid-Block (not related to intersection),14,"MOTOR VEHICLE STRUCK MOTOR VEHICLE, REAR END",,False,Clear or Partly Cloudy,Dry,Daylight,,,,13.0,From same direction - both going straight - both moving - rear-end,0,0,False,0
-122.322826965067,47.6711733646431,199314,284427,285307,3754183,Matched,Block,,5TH AVE NE BETWEEN NE 58TH ST AND NE 59TH ST, ,,1,Property Damage Only Collision,Parked Car,4,0,0,3,0,0,2018-04-21 00:00:00+00,4/21/2018 2:48:00 PM,Mid-Block (not related to intersection),14,"MOTOR VEHICLE STRUCK MOTOR VEHICLE, REAR END",,False,Overcast,Dry,Daylight,,,,32.0,One parked--one moving,0,0,False,0
-122.346588118471,47.723214979591,199315,282853,283713,3705926,Matched,Block,,N 130TH ST BETWEEN LINDEN AVE N AND AURORA AVE N, ,,1,Property Damage Only Collision,Other,1,0,0,1,0,0,2018-04-20 00:00:00+00,4/20/2018 1:45:00 PM,Mid-Block (not related to intersection),28,MOTOR VEHICLE RAN OFF ROAD - HIT FIXED OBJECT,,False,Clear or Partly Cloudy,Dry,Daylight,,,,50.0,Fixed object,0,0,False,0
-122.321466304893,47.6152306824896,199316,282852,283712,3702606,Matched,Block,,E PINE ST BETWEEN HARVARD AVE AND BROADWAY, ,,1,Property Damage Only Collision,Parked Car,2,0,0,2,0,0,2018-04-16 00:00:00+00,4/16/2018 9:10:00 PM,Mid-Block (not related to intersection),14,"MOTOR VEHICLE STRUCK MOTOR VEHICLE, REAR END",,False,Raining,Wet,Dark - No Street Lights,,,,32.0,One parked--one moving,0,0,True,0
-122.312441486871,47.5970729040999,199317,282851,283711,3702557,Matched,Block,,RAINIER AVE S BETWEEN S WELLER ST AND S LANE ST, ,,2,Injury Collision,Rear Ended,6,0,0,3,2,0,2018-04-21 00:00:00+00,4/21/2018 9:55:00 PM,Mid-Block (not related to intersection),14,"MOTOR VEHICLE STRUCK MOTOR VEHICLE, REAR END",,False,Overcast,Dry,Dark - Street Lights On,,,,14.0,From same direction - both going straight - one stopped - rear-end,0,0,False,0
-122.32348350211,47.7340529814808,199318,285760,286620,E783992,Matched,Intersection,35853.0,5TH AVE NE AND NE 145TH ST, ,,1,Property Damage Only Collision,Angles,2,0,0,2,0,0,2018-03-25 00:00:00+00,3/25/2018 8:02:00 AM,At Intersection (intersection related),14,"MOTOR VEHICLE STRUCK MOTOR VEHICLE, REAR END",True,False,Overcast,Dry,Daylight,,,,10.0,Entering at angle,0,0,False,0
-122.321466304893,47.6152306824896,199320,282850,283710,3702556,Matched,Block,,E PINE ST BETWEEN HARVARD AVE AND BROADWAY, ,,2,Injury Collision,Pedestrian,2,1,0,1,1,0,2018-04-21 00:00:00+00,4/21/2018 1:37:00 AM,Mid-Block (not related to intersection),24,MOTOR VEHCILE STRUCK PEDESTRIAN,,True,Raining,Wet,Dark - Street Lights On,,,,0.0,Vehicle going straight hits pedestrian,0,0,False,0
-122.329973964509,47.5850753825082,199321,284426,285306,3782844,Matched,Block,,3RD AVE S BETWEEN S HOLGATE ST AND S WALKER ST, ,,1,Property Damage Only Collision,Parked Car,2,0,0,2,0,0,2018-04-25 00:00:00+00,4/25/2018 9:02:00 AM,Driveway Junction,11,"MOTOR VEHICLE STRUCK MOTOR VEHICLE, FRONT END AT ANGLE",,False,Clear or Partly Cloudy,Dry,Daylight,,,,32.0,One parked--one moving,0,0,True,0
-122.284247921798,47.551220059026,199323,284425,285305,3782795,Matched,Block,,S ORCAS ST BETWEEN RENTON AVE S AND 39TH AVE S, ,,1,Property Damage Only Collision,Parked Car,2,0,0,2,0,0,2018-04-24 00:00:00+00,4/24/2018 9:30:00 PM,Mid-Block (not related to intersection),16,"MOTOR VEHICLE STRUCK MOTOR VEHICLE, LEFT SIDE SIDESWIPE",,False,Clear or Partly Cloudy,Dry,Dusk,,,,32.0,One parked--one moving,0,0,True,0
-122.391861820058,47.5371559889935,199325,284424,285304,3742330,Matched,Block,,FAUNTLEROY WAY SW BETWEEN BAINBRIDGE PL SW AND SW FONTANELLE ST, ,,1,Property Damage Only Collision,Rear Ended,2,0,0,2,0,0,2018-04-24 00:00:00+00,4/24/2018 7:30:00 PM,Mid-Block (not related to intersection),14,"MOTOR VEHICLE STRUCK MOTOR VEHICLE, REAR END",,False,Clear or Partly Cloudy,Dry,Daylight,,,,13.0,From same direction - both going straight - both moving - rear-end,0,0,False,0
-122.2593616277,47.5159931607937,199326,284423,285303,3782790,Matched,Block,,59TH AVE S BETWEEN S ROXBURY ST AND S PILGRIM ST, ,,1,Property Damage Only Collision,Parked Car,3,0,0,3,0,0,2018-04-18 00:00:00+00,4/18/2018 11:00:00 AM,Mid-Block (not related to intersection),16,"MOTOR VEHICLE STRUCK MOTOR VEHICLE, LEFT SIDE SIDESWIPE",,False,Unknown,Unknown,Unknown,,,,32.0,One parked--one moving,0,0,True,0
-122.331408527643,47.6027691759459,199328,278001,278901,E780522,Matched,Intersection,30480.0,3RD AVE AND JAMES ST, ,,1,Property Damage Only Collision,Angles,8,0,0,2,0,0,2018-03-16 00:00:00+00,3/16/2018 9:51:00 AM,At Intersection (intersection related),11,"MOTOR VEHICLE STRUCK MOTOR VEHICLE, FRONT END AT ANGLE",True,False,Clear or Partly Cloudy,Dry,Daylight,,,,10.0,Entering at angle,0,0,False,0
-122.302090686691,47.6115852792235,199329,276940,277820,3702348,Matched,Block,,E SPRING ST BETWEEN 23RD AVE AND 24TH AVE, ,,1,Property Damage Only Collision,Parked Car,3,0,0,3,0,0,2018-03-17 00:00:00+00,3/17/2018 9:19:00 PM,Mid-Block (not related to intersection),11,"MOTOR VEHICLE STRUCK MOTOR VEHICLE, FRONT END AT ANGLE",,False,Clear or Partly Cloudy,Dry,Dark - Street Lights On,,,,32.0,One parked--one moving,0,0,True,0
-122.356719860737,47.6232768131287,199330,277999,278899,E780440,Matched,Intersection,28642.0,QUEEN ANNE AVE N AND REPUBLICAN ST, ,,2,Injury Collision,Rear Ended,2,0,0,2,1,0,2018-03-19 00:00:00+00,3/19/2018 8:40:00 AM,At Intersection (intersection related),14,"MOTOR VEHICLE STRUCK MOTOR VEHICLE, REAR END",True,False,Overcast,Dry,Daylight,,,,14.0,From same direction - both going straight - one stopped - rear-end,0,0,False,0
-122.320084678588,47.6365809381242,199331,276939,277819,3702347,Matched,Block,,10TH AVE E BETWEEN E HOWE ST AND E NEWTON ST, ,,2,Injury Collision,Parked Car,3,0,0,3,1,0,2018-03-14 00:00:00+00,3/14/2018 11:21:00 AM,Mid-Block (not related to intersection),14,"MOTOR VEHICLE STRUCK MOTOR VEHICLE, REAR END",,True,Clear or Partly Cloudy,Dry,Daylight,,,,32.0,One parked--one moving,0,0,False,0
-122.292841437042,47.7237937608648,199332,279104,280004,E782434,Matched,Block,,LAKE CITY WAY NE BETWEEN NE 130TH ST AND NE 133RD ST, ,,1,Property Damage Only Collision,Rear Ended,2,0,0,2,0,0,2018-03-25 00:00:00+00,3/25/2018 12:02:00 PM,Mid-Block (not related to intersection),14,"MOTOR VEHICLE STRUCK MOTOR VEHICLE, REAR END",,False,Clear or Partly Cloudy,Dry,Daylight,,,,14.0,From same direction - both going straight - one stopped - rear-end,0,0,False,0
-122.321844115887,47.6613262752523,199333,276938,277818,3695869,Matched,Block,,NE 45TH ST BETWEEN 5TH AVE NE AND 7TH AVE NE, ,,1,Property Damage Only Collision,Other,3,0,0,2,0,0,2018-03-17 00:00:00+00,3/17/2018 2:19:00 AM,Mid-Block (not related to intersection),26,MOTOR VEHICLE STRUCK OBJECT IN ROAD,,True,Clear or Partly Cloudy,Dry,Dark - Street Lights On,,,,23.0,From same direction - all others,0,0,False,0
-122.312117196813,47.6147710582366,199334,279103,280003,E782433,Matched,Block,,E MADISON ST BETWEEN 15TH AVE AND 16TH AVE, ,,2,Injury Collision,Rear Ended,2,0,0,2,1,0,2018-03-26 00:00:00+00,3/26/2018 5:02:00 PM,Mid-Block (but intersection related),14,"MOTOR VEHICLE STRUCK MOTOR VEHICLE, REAR END",True,False,Overcast,Dry,Daylight,,,,14.0,From same direction - both going straight - one stopped - rear-end,0,0,False,0
-122.318765193349,47.6062072795236,199335,277998,278898,E780439,Matched,Block,,E JEFFERSON ST BETWEEN 10TH AVE AND 11TH AVE, ,,1,Property Damage Only Collision,Rear Ended,2,0,0,2,0,0,2018-03-16 00:00:00+00,3/16/2018 8:43:00 AM,Mid-Block (not related to intersection),14,"MOTOR VEHICLE STRUCK MOTOR VEHICLE, REAR END",,False,Clear or Partly Cloudy,Dry,Daylight,,,,13.0,From same direction - both going straight - both moving - rear-end,0,0,False,0
-122.298641466722,47.6001159465403,199336,279102,280002,E782429,Matched,Block,,26TH AVE S BETWEEN S WASHINGTON ST AND S JACKSON ST, ,,1,Property Damage Only Collision,Parked Car,6,0,0,6,0,0,2018-03-25 00:00:00+00,3/25/2018 3:03:00 PM,Mid-Block (not related to intersection),11,"MOTOR VEHICLE STRUCK MOTOR VEHICLE, FRONT END AT ANGLE",,False,Clear or Partly Cloudy,Dry,Daylight,,,,32.0,One parked--one moving,0,0,True,0
-122.31545756698,47.6080533106528,199337,277997,278897,E780438,Matched,Intersection,29794.0,13TH AVE AND E CHERRY ST, ,,2,Injury Collision,Angles,2,0,0,2,1,0,2018-03-16 00:00:00+00,3/16/2018 11:51:00 AM,At Intersection (intersection related),11,"MOTOR VEHICLE STRUCK MOTOR VEHICLE, FRONT END AT ANGLE",,False,Clear or Partly Cloudy,Dry,Daylight,,,,10.0,Entering at angle,0,0,False,0
-122.297051241105,47.7229052211246,199338,276937,277817,3695868,Matched,Block,,NE 130TH ST BETWEEN 28TH AVE NE AND 30TH AVE NE, ,,1,Property Damage Only Collision,Parked Car,2,0,0,2,0,0,2018-01-17 00:00:00+00,1/17/2018 8:30:00 PM,Mid-Block (not related to intersection),11,"MOTOR VEHICLE STRUCK MOTOR VEHICLE, FRONT END AT ANGLE",,False,Unknown,Unknown,Unknown,,,,32.0,One parked--one moving,0,0,True,0
-122.32569607441,47.6091049583609,199339,276944,277824,3702503,Matched,Block,,MADISON ST BETWEEN TERRY AVE AND BOREN AVE, ,,1,Property Damage Only Collision,Rear Ended,2,0,0,2,0,0,2018-03-02 00:00:00+00,3/2/2018 1:35:00 AM,Mid-Block (not related to intersection),14,"MOTOR VEHICLE STRUCK MOTOR VEHICLE, REAR END",True,True,Raining,Wet,Dark - Street Lights On,,,,13.0,From same direction - both going straight - both moving - rear-end,0,0,False,0
-122.323568678814,47.722575808136,199340,277994,278894,E780322,Matched,Block,,5TH AVE NE BETWEEN 130TH ST OFF RP AND NE 130TH ST, ,,2,Injury Collision,Right Turn,3,0,0,2,1,0,2018-03-19 00:00:00+00,3/19/2018 4:23:00 PM,Mid-Block (not related to intersection),11,"MOTOR VEHICLE STRUCK MOTOR VEHICLE, FRONT END AT ANGLE",,False,Clear or Partly Cloudy,Dry,Daylight,,,,16.0,From same direction - one right turn - one straight,0,0,False,0
-122.314660442136,47.5781992709405,199341,286317,287177,E795261,Matched,Block,,14TH AVE S BETWEEN S MCCLELLAN ST AND S FOREST ST, ,,2,Injury Collision,Angles,2,0,0,2,1,0,2018-05-02 00:00:00+00,5/2/2018 8:03:00 AM,Mid-Block (not related to intersection),11,"MOTOR VEHICLE STRUCK MOTOR VEHICLE, FRONT END AT ANGLE",,False,Clear or Partly Cloudy,Dry,Daylight,,,,10.0,Entering at angle,0,0,False,0
-122.303650196444,47.6184201492441,199344,278496,279396,E781422,Matched,Intersection,29392.0,22ND AVE E AND E MADISON ST, ,,2,Injury Collision,Pedestrian,2,1,0,1,1,0,2018-03-22 00:00:00+00,3/22/2018 7:07:00 AM,At Intersection (intersection related),24,MOTOR VEHCILE STRUCK PEDESTRIAN,,False,Raining,Wet,Dark - Street Lights On,True,,,2.0,Vehicle turning left hits pedestrian,0,0,False,0
-122.289803339807,47.61405089514,199349,276943,277823,3702438,Matched,Block,,E PIKE ST BETWEEN 33RD AVE AND 34TH AVE, ,,1,Property Damage Only Collision,Parked Car,2,0,0,2,0,0,2018-03-04 00:00:00+00,3/4/2018 3:30:00 PM,Mid-Block (not related to intersection),11,"MOTOR VEHICLE STRUCK MOTOR VEHICLE, FRONT END AT ANGLE",,False,Overcast,Wet,Daylight,,,,32.0,One parked--one moving,0,0,True,0
-122.312703036773,47.5880302228047,199350,277992,278892,E780301,Matched,Block,,16TH AVE S BETWEEN DEAD END 1 AND S STATE ST,NEI,"Not Enough Information, or Insufficient Location Information",1,Property Damage Only Collision,Parked Car,2,0,0,2,0,0,2018-03-18 00:00:00+00,3/18/2018 3:00:00 PM,Mid-Block (not related to intersection),0,NOT ENOUGH INFORMATION / NOT APPLICABLE,,False,Clear or Partly Cloudy,Dry,Daylight,,,,32.0,One parked--one moving,0,0,True,0
-122.317861720849,47.709173803664,199351,277317,278217,E779037,Matched,Block,,ROOSEVELT WAY NE BETWEEN NE NORTHGATE WAY AND PINEHURST S WAY NE, ,,1,Property Damage Only Collision,Angles,2,0,0,2,0,0,2018-03-14 00:00:00+00,3/14/2018 9:12:00 AM,Mid-Block (but intersection related),11,"MOTOR VEHICLE STRUCK MOTOR VEHICLE, FRONT END AT ANGLE",,False,Overcast,Dry,Daylight,,,,10.0,Entering at angle,0,0,False,0
-122.296142313886,47.6176225963324,199352,286297,287157,E794688,Matched,Intersection,29983.0,M L KING JR WAY AND E HOWELL ST, ,,2,Injury Collision,Angles,2,0,0,2,1,0,2018-04-30 00:00:00+00,4/30/2018 11:08:00 AM,At Intersection (intersection related),11,"MOTOR VEHICLE STRUCK MOTOR VEHICLE, FRONT END AT ANGLE",,False,Clear or Partly Cloudy,Dry,Daylight,,,,10.0,Entering at angle,0,0,False,0
-122.376552925687,47.5401313666391,199353,277297,278197,E777880,Matched,Block,,35TH AVE SW BETWEEN SW WILLOW ST AND SW MYRTLE ST, ,,1,Property Damage Only Collision,Rear Ended,3,0,0,2,0,0,2018-03-01 00:00:00+00,3/1/2018 7:43:00 AM,Mid-Block (but intersection related),14,"MOTOR VEHICLE STRUCK MOTOR VEHICLE, REAR END",True,False,Clear or Partly Cloudy,Wet,Daylight,,,,14.0,From same direction - both going straight - one stopped - rear-end,0,0,False,0
-122.27002091737,47.5171514058695,199355,286277,287137,E795259,Matched,Intersection,35485.0,51ST AVE S AND RENTON AVE S, ,,2,Injury Collision,Rear Ended,3,0,0,3,3,0,2018-04-28 00:00:00+00,4/28/2018 11:07:00 AM,At Intersection (intersection related),14,"MOTOR VEHICLE STRUCK MOTOR VEHICLE, REAR END",,False,Raining,Wet,Daylight,,,,14.0,From same direction - both going straight - one stopped - rear-end,0,0,False,0
-122.349317667733,47.5301462651551,199357,277289,278189,3742452,Matched,Intersection,34993.0,11TH AVE SW AND SW ELMGROVE ST, ,,1,Property Damage Only Collision,Angles,3,0,0,2,0,0,2018-03-16 00:00:00+00,3/16/2018 7:52:00 AM,At Intersection (intersection related),11,"MOTOR VEHICLE STRUCK MOTOR VEHICLE, FRONT END AT ANGLE",,False,Clear or Partly Cloudy,Dry,Daylight,,,,10.0,Entering at angle,0,0,False,0
-122.292250178464,47.728288273371,199359,277288,278188,3736499,Matched,Intersection,36017.0,NE 137TH ST AND LAKE CITY WAY NE, ,,1,Property Damage Only Collision,Pedestrian,2,1,0,1,0,0,2018-03-15 00:00:00+00,3/15/2018 9:41:00 AM,At Intersection (intersection related),24,MOTOR VEHCILE STRUCK PEDESTRIAN,True,False,Clear or Partly Cloudy,Dry,Daylight,,,,1.0,Vehicle turning right hits pedestrian,0,524440,False,0
-122.320115595548,47.6140804018511,199362,276942,277822,3702400,Matched,Block,,E PIKE ST BETWEEN BROADWAY AND 10TH AVE, ,,1,Property Damage Only Collision,Parked Car,3,0,0,2,0,0,2018-03-18 00:00:00+00,3/18/2018 2:11:00 AM,Mid-Block (not related to intersection),11,"MOTOR VEHICLE STRUCK MOTOR VEHICLE, FRONT END AT ANGLE",,True,Clear or Partly Cloudy,Dry,Dark - Street Lights On,,,,20.0,One car leaving parked position,0,0,False,0