longitude,latitude,objectid,inckey,coldetkey,reportno,status,addrtype,intkey,location,exceptrsncode,exceptrsndesc,severitycode,severitydesc,collisiontype,personcount,pedcount,pedcylcount,vehcount,injuries,fatalities,incdate,incdttm,junctiontype,sdot_colcode,sdot_coldesc,inattentionind,underinfl,weather,roadcond,lightcond,pedrownotgrnt,sdotcolnum,speeding,st_colcode,st_coldesc,seglanekey,crosswalkkey,hitparkedcar,seriousinjuries
-122.316781524063,47.6035141600007,199363,277287,278187,3702524,Matched,Intersection,29839.0,12TH AVE AND E SPRUCE ST, ,,2,Injury Collision,Angles,5,0,0,2,2,0,2018-03-17 00:00:00+00,3/17/2018 10:13:00 AM,At Intersection (intersection related),11,"MOTOR VEHICLE STRUCK MOTOR VEHICLE, FRONT END AT ANGLE",,False,Overcast,Dry,Daylight,,,,10.0,Entering at angle,0,0,False,0
-122.339187584835,47.5885275304747,199365,278489,279389,3644336,Matched,Block,,S MASSACHUSETTS ST BETWEEN DEAD END AND ALASKAN WAY S, ,,2,Injury Collision,Pedestrian,2,1,0,1,1,0,2018-03-23 00:00:00+00,3/23/2018 7:15:00 AM,Mid-Block (not related to intersection),24,MOTOR VEHCILE STRUCK PEDESTRIAN,,False,Raining,Wet,Dawn,True,,,0.0,Vehicle going straight hits pedestrian,0,0,False,0
-122.328965090886,47.6000360177673,199367,278003,278903,E780524,Matched,Intersection,30502.0,4TH AVE S AND S MAIN ST, ,,1,Property Damage Only Collision,Angles,3,0,0,2,0,0,2018-03-10 00:00:00+00,3/10/2018 6:57:00 AM,At Intersection (intersection related),11,"MOTOR VEHICLE STRUCK MOTOR VEHICLE, FRONT END AT ANGLE",,False,Clear or Partly Cloudy,Dry,Daylight,,,,10.0,Entering at angle,0,0,False,0
-122.310150322968,47.59407194426,199368,277286,278186,3702346,Matched,Intersection,30794.0,RAINIER AVE S AND S CHARLES S ST, ,,1,Property Damage Only Collision,Angles,2,0,0,2,0,0,2018-03-14 00:00:00+00,3/14/2018 9:20:00 AM,At Intersection (intersection related),11,"MOTOR VEHICLE STRUCK MOTOR VEHICLE, FRONT END AT ANGLE",True,False,Overcast,Dry,Daylight,,,,10.0,Entering at angle,0,0,False,0
-122.277134580791,47.5497039364796,199369,277285,278185,3696115,Matched,Intersection,33518.0,RAINIER AVE S AND S JUNEAU ST, ,,1,Property Damage Only Collision,Other,1,0,0,1,0,0,2018-03-14 00:00:00+00,3/14/2018 10:41:00 AM,At Intersection (intersection related),28,MOTOR VEHICLE RAN OFF ROAD - HIT FIXED OBJECT,,False,Clear or Partly Cloudy,Dry,Daylight,,,,50.0,Fixed object,0,0,False,0
-122.333387671359,47.6185145132502,199370,278002,278902,E780523,Matched,Intersection,158088.0,DENNY WAY AND MINOR AVE, ,,1,Property Damage Only Collision,Angles,2,0,0,2,0,0,2018-03-07 00:00:00+00,3/7/2018 4:16:00 PM,At Intersection (intersection related),14,"MOTOR VEHICLE STRUCK MOTOR VEHICLE, REAR END",,False,Clear or Partly Cloudy,Dry,Dusk,,,,10.0,Entering at angle,0,0,False,0
-122.359465013092,47.6768866356459,199420,282470,283330,3706154,Matched,Block,,2ND AVE NW BETWEEN NW 65TH ST AND NW 67TH ST, ,,1,Property Damage Only Collision,Parked Car,3,0,0,3,0,0,2018-04-13 00:00:00+00,4/13/2018 7:59:00 PM,Mid-Block (not related to intersection),11,"MOTOR VEHICLE STRUCK MOTOR VEHICLE, FRONT END AT ANGLE",,True,Raining,Wet,Dusk,,,,32.0,One parked--one moving,0,0,True,0
-122.33946028088,47.6090523341872,199371,286238,287098,E794303,Matched,Block,,PIKE ST BETWEEN 1ST AVE AND 2ND AVE, ,,1,Property Damage Only Collision,Sideswipe,3,0,0,2,0,0,2018-04-24 00:00:00+00,4/24/2018 8:45:00 AM,Mid-Block (not related to intersection),14,"MOTOR VEHICLE STRUCK MOTOR VEHICLE, REAR END",,False,Clear or Partly Cloudy,Dry,Daylight,,,,11.0,From same direction - both going straight - both moving - sideswipe,0,0,False,0
-122.303055178719,47.6431580071976,199372,277284,278184,3585873,Matched,Intersection,28395.0,EAST MONTLAKE PL E AND E ROANOKE ST, ,,2,Injury Collision,Left Turn,2,0,0,2,1,0,2018-03-16 00:00:00+00,3/16/2018 6:45:00 AM,At Intersection (intersection related),11,"MOTOR VEHICLE STRUCK MOTOR VEHICLE, FRONT END AT ANGLE",,False,Clear or Partly Cloudy,Dry,Dawn,,,,28.0,From opposite direction - one left turn - one straight,0,0,False,0
-122.316275700801,47.6199414894697,199374,276941,277821,3702349,Matched,Block,,E JOHN ST BETWEEN 12TH AVE E AND 13TH AVE E, ,,1,Property Damage Only Collision,Parked Car,2,0,0,2,0,0,2018-03-17 00:00:00+00,3/17/2018 10:05:00 PM,Mid-Block (not related to intersection),11,"MOTOR VEHICLE STRUCK MOTOR VEHICLE, FRONT END AT ANGLE",,False,Clear or Partly Cloudy,Dry,Daylight,,,,32.0,One parked--one moving,0,0,True,0
-122.328967514649,47.5991968896655,199375,277283,278183,3584967,Matched,Intersection,30509.0,4TH AVE S AND S JACKSON ST, ,,2,Injury Collision,Angles,2,0,0,2,1,0,2018-03-14 00:00:00+00,3/14/2018 10:11:00 AM,At Intersection (intersection related),11,"MOTOR VEHICLE STRUCK MOTOR VEHICLE, FRONT END AT ANGLE",True,False,Clear or Partly Cloudy,Dry,Daylight,,,,10.0,Entering at angle,0,0,False,0
-122.304610902905,47.6455566529381,199376,285984,286844,E790069,Matched,Intersection,28389.0,MONTLAKE BLVD E AND E HAMLIN ST, ,,1,Property Damage Only Collision,Head On,2,0,0,2,0,0,2018-02-27 00:00:00+00,2/27/2018 6:41:00 PM,At Intersection (intersection related),11,"MOTOR VEHICLE STRUCK MOTOR VEHICLE, FRONT END AT ANGLE",,False,Raining,Wet,Dark - Street Lights On,,,,30.0,From opposite direction - all others,0,0,False,0
-122.328913101671,47.6134658203127,199377,285983,286843,E790068,Matched,Intersection,29878.0,BOREN AVE AND PIKE ST, ,,2,Injury Collision,Left Turn,3,0,0,2,1,0,2018-03-07 00:00:00+00,3/7/2018 10:03:00 PM,At Intersection (intersection related),11,"MOTOR VEHICLE STRUCK MOTOR VEHICLE, FRONT END AT ANGLE",,True,Raining,Wet,Dark - Street Lights On,,,,28.0,From opposite direction - one left turn - one straight,0,0,False,0
-122.320414006802,47.6831649578579,199378,279105,280005,E782435,Matched,Block,,NE 75TH ST BETWEEN BANNER WAY NE AND 8TH AVE NE, ,,1,Property Damage Only Collision,Sideswipe,2,0,0,2,0,0,2018-03-26 00:00:00+00,3/26/2018 2:10:00 PM,Mid-Block (not related to intersection),16,"MOTOR VEHICLE STRUCK MOTOR VEHICLE, LEFT SIDE SIDESWIPE",,False,Clear or Partly Cloudy,Dry,Daylight,,,,11.0,From same direction - both going straight - both moving - sideswipe,0,0,False,0
-122.320942389576,47.6242690361188,199379,281802,282662,3702418,Matched,Intersection,28994.0,BROADWAY E AND E MERCER ST, ,,1,Property Damage Only Collision,Angles,2,0,0,2,0,0,2018-04-08 00:00:00+00,4/8/2018 1:44:00 AM,At Intersection (intersection related),11,"MOTOR VEHICLE STRUCK MOTOR VEHICLE, FRONT END AT ANGLE",,True,Raining,Wet,Dark - Street Lights On,,,,10.0,Entering at angle,0,0,False,0
-122.314917696029,47.5273699971338,199380,281177,282057,E777490,Matched,Intersection,35090.0,14TH AVE S AND DALLAS AVE S, ,,1,Property Damage Only Collision,Angles,2,0,0,2,0,0,2018-02-21 00:00:00+00,2/21/2018 8:09:00 AM,At Intersection (intersection related),11,"MOTOR VEHICLE STRUCK MOTOR VEHICLE, FRONT END AT ANGLE",,False,Clear or Partly Cloudy,Dry,Daylight,,,,10.0,Entering at angle,0,0,False,0
-122.321877154303,47.6057697675994,199381,281801,282661,3702374,Matched,Intersection,29817.0,BOREN AVE AND JEFFERSON ST, ,,1,Property Damage Only Collision,Left Turn,4,0,0,2,0,0,2018-04-12 00:00:00+00,4/12/2018 3:35:00 PM,At Intersection (intersection related),11,"MOTOR VEHICLE STRUCK MOTOR VEHICLE, FRONT END AT ANGLE",True,False,Clear or Partly Cloudy,Dry,Daylight,,,,28.0,From opposite direction - one left turn - one straight,0,0,False,0
-122.272106823758,47.5279087724014,199382,281137,282017,E776236,Matched,Block,,S THISTLE ST BETWEEN 48TH AVE S AND 50TH AVE S,NEI,"Not Enough Information, or Insufficient Location Information",1,Property Damage Only Collision,Parked Car,2,0,0,2,0,0,2018-01-31 00:00:00+00,1/31/2018 6:00:00 PM,Mid-Block (not related to intersection),13,"MOTOR VEHICLE STRUCK MOTOR VEHICLE, LEFT SIDE AT ANGLE",,False,Unknown,Unknown,Unknown,,,,32.0,One parked--one moving,0,0,True,0
-122.347294317702,47.6471711193713,199383,282917,283777,E785432,Matched,Block,,AURORA BR BETWEEN RAYE ST AND BRIDGE WAY N, ,,1,Property Damage Only Collision,Sideswipe,2,0,0,2,0,0,2018-04-04 00:00:00+00,4/4/2018 6:37:00 PM,Mid-Block (but intersection related),11,"MOTOR VEHICLE STRUCK MOTOR VEHICLE, FRONT END AT ANGLE",,False,Overcast,Dry,Dark - Street Lights On,,,,11.0,From same direction - both going straight - both moving - sideswipe,0,0,False,0
-122.339558313497,47.6083233991142,199384,283650,284530,E788104,Matched,Block,,1ST AVE BETWEEN UNION ST AND PIKE ST, ,,1,Property Damage Only Collision,Sideswipe,2,0,0,2,0,0,2018-04-13 00:00:00+00,4/13/2018 12:54:00 PM,Mid-Block (not related to intersection),11,"MOTOR VEHICLE STRUCK MOTOR VEHICLE, FRONT END AT ANGLE",,False,Raining,Wet,Daylight,,,,11.0,From same direction - both going straight - both moving - sideswipe,0,0,False,0
-122.296806460818,47.5672064594923,199386,282897,283757,E784680,Matched,Block,,M L KING JR ER WAY S BETWEEN S ANDOVER ST AND S DAKOTA ST, ,,1,Property Damage Only Collision,Other,1,0,0,1,0,0,2018-03-31 00:00:00+00,3/31/2018 4:46:00 PM,Mid-Block (not related to intersection),26,MOTOR VEHICLE STRUCK OBJECT IN ROAD,,False,Clear or Partly Cloudy,Dry,Daylight,,,,50.0,Fixed object,0,0,False,0
-122.34238173082,47.6208883946044,199387,281799,282659,3644345,Matched,Intersection,28788.0,DEXTER AVE N AND THOMAS ST, ,,2,Injury Collision,Pedestrian,2,0,1,1,1,0,2018-04-11 00:00:00+00,4/11/2018 3:25:00 PM,At Intersection (intersection related),11,"MOTOR VEHICLE STRUCK MOTOR VEHICLE, FRONT END AT ANGLE",,False,Overcast,Wet,Daylight,,,,5.0,Vehicle Strikes Pedalcyclist,42777,0,False,0
-122.289359697164,47.6110170499899,199388,282877,283737,E785385,Matched,Block,,34TH AVE BETWEEN E MARION ST AND E SPRING ST, ,,1,Property Damage Only Collision,Parked Car,3,0,0,2,0,0,2018-03-30 00:00:00+00,3/30/2018 12:23:00 PM,Mid-Block (not related to intersection),11,"MOTOR VEHICLE STRUCK MOTOR VEHICLE, FRONT END AT ANGLE",True,False,Clear or Partly Cloudy,Dry,Daylight,,,,20.0,One car leaving parked position,0,0,False,0
-122.29069886527,47.5697706134882,199389,281798,282658,3581274,Matched,Intersection,32672.0,RAINIER AVE S AND S CHARLESTOWN ST, ,,2,Injury Collision,Angles,2,0,1,1,1,0,2018-04-12 00:00:00+00,4/12/2018 3:25:00 PM,At Intersection (intersection related),18,"MOTOR VEHICLE STRUCK PEDALCYCLIST, FRONT END AT ANGLE",,False,Clear or Partly Cloudy,Dry,Daylight,True,,,10.0,Entering at angle,0,524336,False,0
-122.292342027123,47.731027067108,199391,283648,284528,E788027,Matched,Block,,LAKE CITY WAY NE BETWEEN NE 140TH ST AND NE 143RD ST, ,,1,Property Damage Only Collision,Head On,2,0,0,2,0,0,2018-04-10 00:00:00+00,4/10/2018 8:36:00 AM,Driveway Junction,14,"MOTOR VEHICLE STRUCK MOTOR VEHICLE, REAR END",True,False,Raining,Wet,Daylight,,,,30.0,From opposite direction - all others,0,0,False,0
-122.284816356469,47.5436276201504,199392,281797,282657,3581271,Matched,Block,,38TH AVE S BETWEEN M L KING JR WR WAY S AND S WARSAW ST, ,,1,Property Damage Only Collision,Right Turn,2,0,0,2,0,0,2018-04-09 00:00:00+00,4/9/2018 3:00:00 PM,Mid-Block (but intersection related),11,"MOTOR VEHICLE STRUCK MOTOR VEHICLE, FRONT END AT ANGLE",,False,Unknown,Unknown,Daylight,,,,16.0,From same direction - one right turn - one straight,0,0,False,0
-122.403929476906,47.5771055236857,199393,280257,281157,3330593,Matched,Block,,SW ADMIRAL WAY BETWEEN SW STEVENS ST AND 57TH AVE SW, ,,2,Injury Collision,Other,1,0,0,1,1,0,2018-04-03 00:00:00+00,4/3/2018 7:51:00 PM,Mid-Block (not related to intersection),28,MOTOR VEHICLE RAN OFF ROAD - HIT FIXED OBJECT,,True,Clear or Partly Cloudy,Dry,Dusk,,,True,50.0,Fixed object,0,0,False,0
-122.296629747127,47.5763589728325,199394,280218,281118,3782832,Matched,Intersection,31495.0,M L KING JR WAY S AND RAINIER AVE S, ,,1,Property Damage Only Collision,Sideswipe,5,0,0,4,0,0,2018-04-02 00:00:00+00,4/2/2018 5:08:00 PM,At Intersection (but not related to intersection),11,"MOTOR VEHICLE STRUCK MOTOR VEHICLE, FRONT END AT ANGLE",True,False,Clear or Partly Cloudy,Dry,Daylight,,,,12.0,From same direction - both going straight - one stopped - sideswipe,0,0,False,0
-122.346920661551,47.6245597699351,199395,282856,283716,3732199,Matched,Block,,MERCER ST BETWEEN 5TH AVE N AND TAYLOR AVE N, ,,2,Injury Collision,Sideswipe,2,0,0,2,1,0,2018-04-20 00:00:00+00,4/20/2018 11:23:00 AM,Mid-Block (not related to intersection),11,"MOTOR VEHICLE STRUCK MOTOR VEHICLE, FRONT END AT ANGLE",True,False,Clear or Partly Cloudy,Dry,Daylight,,,,11.0,From same direction - both going straight - both moving - sideswipe,0,0,False,0
-122.33329310159,47.7068455331017,199396,282855,283715,3706160,Matched,Block,,N 107TH ST BETWEEN MERIDIAN AVE N AND BAGLEY AVE N, ,,1,Property Damage Only Collision,Head On,3,0,0,3,0,0,2018-04-16 00:00:00+00,4/16/2018 8:16:00 AM,Mid-Block (not related to intersection),11,"MOTOR VEHICLE STRUCK MOTOR VEHICLE, FRONT END AT ANGLE",,False,Raining,Wet,Daylight,,,,30.0,From opposite direction - all others,0,0,False,0
-122.335569928895,47.5217841204985,199397,282477,283337,3742049,Matched,Block,,OLSON PL SW BETWEEN 1ST AVE S AND 2ND AVE SW, ,,1,Property Damage Only Collision,Rear Ended,4,0,0,2,0,0,2018-04-13 00:00:00+00,4/13/2018 9:48:00 PM,Mid-Block (but intersection related),14,"MOTOR VEHICLE STRUCK MOTOR VEHICLE, REAR END",,False,Raining,Wet,Dark - Street Lights On,,,,14.0,From same direction - both going straight - one stopped - rear-end,0,0,False,0
-122.344645678058,47.7009759617818,199399,282476,283336,3706177,Matched,Block,,AURORA AVE N BETWEEN N 98TH ST AND N 100TH ST, ,,2b,Serious Injury Collision,Pedestrian,2,1,0,1,1,0,2018-04-14 00:00:00+00,4/14/2018 8:12:00 PM,Mid-Block (not related to intersection),24,MOTOR VEHCILE STRUCK PEDESTRIAN,,False,Raining,Wet,Dark - Street Lights On,,,,0.0,Vehicle going straight hits pedestrian,0,0,False,1
-122.315190341149,47.670338304481,199400,280217,281117,E768107,Matched,Block,,12TH AVE NE BETWEEN NE 56TH ST AND NE 58TH ST, ,,1,Property Damage Only Collision,Parked Car,3,0,0,3,0,0,2018-02-11 00:00:00+00,2/11/2018 1:42:00 AM,Mid-Block (but intersection related),14,"MOTOR VEHICLE STRUCK MOTOR VEHICLE, REAR END",,False,Clear or Partly Cloudy,Dry,Dark - Street Lights On,,,,32.0,One parked--one moving,0,0,False,0
-122.355519680303,47.7150645126845,199401,282938,283798,3694700,Matched,Block,,GREENWOOD AVE N BETWEEN N 117TH ST AND N 120TH ST, ,,1,Property Damage Only Collision,Left Turn,3,0,0,2,0,0,2018-04-22 00:00:00+00,4/22/2018 1:00:00 PM,Mid-Block (not related to intersection),14,"MOTOR VEHICLE STRUCK MOTOR VEHICLE, REAR END",,False,Clear or Partly Cloudy,Dry,Daylight,,,,15.0,From same direction - one left turn - one straight,0,0,False,0
-122.334735199235,47.5390168275518,199402,281765,282625,E768872,Matched,Block,,1ST AV S BR NB BETWEEN POINT A AND SR509 NB, ,,1,Property Damage Only Collision,Other,1,0,0,1,0,0,2018-02-08 00:00:00+00,2/8/2018 10:55:00 PM,Mid-Block (not related to intersection),26,MOTOR VEHICLE STRUCK OBJECT IN ROAD,,False,Clear or Partly Cloudy,Wet,Dark - Street Lights On,,,True,50.0,Fixed object,0,0,False,0
-122.334198303058,47.5850426824454,199403,281737,282597,E785994,Matched,Block,,1ST AVE S BETWEEN S HOLGATE ST AND S WALKER ST, ,,2,Injury Collision,Rear Ended,3,0,0,3,1,0,2018-04-05 00:00:00+00,4/5/2018 4:38:00 PM,Mid-Block (not related to intersection),14,"MOTOR VEHICLE STRUCK MOTOR VEHICLE, REAR END",,False,Raining,Wet,Daylight,,,,14.0,From same direction - both going straight - one stopped - rear-end,0,0,False,0
-122.302770995815,47.7338387082592,199404,280197,281097,E767820,Matched,Block,,NE 145TH ST BETWEEN 24TH AVE NE AND 25TH AVE NE, ,,1,Property Damage Only Collision,Rear Ended,2,0,0,2,0,0,2018-02-01 00:00:00+00,2/1/2018 6:01:00 PM,Mid-Block (not related to intersection),14,"MOTOR VEHICLE STRUCK MOTOR VEHICLE, REAR END",,False,Raining,Wet,Dark - Street Lights On,,,True,13.0,From same direction - both going straight - both moving - rear-end,0,0,False,0
-122.284837647984,47.5574458470403,199405,281717,282577,E785992,Matched,Block,,RAINIER AVE S BETWEEN S FERDINAND ST AND S HUDSON ST, ,,1,Property Damage Only Collision,Other,2,0,0,1,0,0,2018-04-05 00:00:00+00,4/5/2018 3:00:00 AM,Mid-Block (not related to intersection),26,MOTOR VEHICLE STRUCK OBJECT IN ROAD,,False,Raining,Wet,Dark - Street Lights On,,,True,50.0,Fixed object,0,0,False,0
-122.344655363968,47.7017907382411,199406,282475,283335,E780592,Matched,Block,,AURORA AVE N BETWEEN N 100TH ST AND N 101ST ST, ,,1,Property Damage Only Collision,Right Turn,2,0,0,2,0,0,2018-03-14 00:00:00+00,3/14/2018 7:22:00 PM,Mid-Block (not related to intersection),14,"MOTOR VEHICLE STRUCK MOTOR VEHICLE, REAR END",,False,Clear or Partly Cloudy,Dry,Dark - Street Lights On,,,,16.0,From same direction - one right turn - one straight,0,0,False,0
-122.370607458168,47.5428323676551,199408,280177,281077,3780900,Matched,Intersection,34016.0,HIGH POINT DR SW AND SYLVAN WAY SW, ,,1,Property Damage Only Collision,Rear Ended,3,0,0,2,0,0,2018-02-10 00:00:00+00,2/10/2018 2:35:00 PM,At Intersection (but not related to intersection),14,"MOTOR VEHICLE STRUCK MOTOR VEHICLE, REAR END",,False,Clear or Partly Cloudy,Dry,Daylight,,,,13.0,From same direction - both going straight - both moving - rear-end,0,0,False,0
-122.31273633163,47.7330374087728,199409,282474,283334,3706166,Matched,Block,,15TH AVE NE BETWEEN NE 143RD ST AND NE 145TH ST, ,,1,Property Damage Only Collision,Angles,5,0,0,2,0,0,2018-04-19 00:00:00+00,4/19/2018 5:07:00 PM,Driveway Junction,11,"MOTOR VEHICLE STRUCK MOTOR VEHICLE, FRONT END AT ANGLE",,False,Clear or Partly Cloudy,Dry,Daylight,,,,10.0,Entering at angle,0,0,False,0
-122.353976092261,47.5219438843058,199410,281238,282118,3731480,Matched,Block,,15TH AVE SW BETWEEN SW HENDERSON ST AND SW BARTON ST, ,,2,Injury Collision,Rear Ended,2,0,0,2,1,0,2018-03-29 00:00:00+00,3/29/2018 6:00:00 PM,Mid-Block (not related to intersection),14,"MOTOR VEHICLE STRUCK MOTOR VEHICLE, REAR END",True,False,Clear or Partly Cloudy,Dry,Dusk,,,,14.0,From same direction - both going straight - one stopped - rear-end,0,0,False,0
-122.356030353052,47.6960299390327,199411,282473,283333,3706158,Matched,Block,,N 92ND ST BETWEEN PALATINE AVE N AND GREENWOOD AVE N, ,,1,Property Damage Only Collision,Parked Car,2,0,0,2,0,0,2018-04-15 00:00:00+00,4/15/2018 10:21:00 AM,Mid-Block (not related to intersection),16,"MOTOR VEHICLE STRUCK MOTOR VEHICLE, LEFT SIDE SIDESWIPE",,False,Clear or Partly Cloudy,Dry,Daylight,,,,32.0,One parked--one moving,0,0,True,0
-122.284365375206,47.551967233284,199412,281237,282117,3730372,Matched,Block,,S FINDLAY ST BETWEEN RENTON AVE S AND 39TH AVE S, ,,1,Property Damage Only Collision,Parked Car,2,0,0,2,0,0,2018-04-08 00:00:00+00,4/8/2018 4:30:00 AM,Mid-Block (not related to intersection),0,NOT ENOUGH INFORMATION / NOT APPLICABLE,,False,Overcast,Wet,Dark - Street Lights On,,,,32.0,One parked--one moving,0,0,True,0
-122.342911081663,47.6650208195386,199413,280160,281060,3769422,Matched,Block,,N 50TH ST BETWEEN MIDVALE AVE N AND STONE AVE N, ,,1,Property Damage Only Collision,Sideswipe,4,0,0,2,0,0,2018-04-02 00:00:00+00,4/2/2018 8:15:00 AM,Mid-Block (not related to intersection),11,"MOTOR VEHICLE STRUCK MOTOR VEHICLE, FRONT END AT ANGLE",,False,Clear or Partly Cloudy,Dry,Daylight,,,,11.0,From same direction - both going straight - both moving - sideswipe,0,0,False,0
-122.309598621731,47.5725094517839,199414,280159,281059,3764996,Matched,Block,,ALAMO PL S BETWEEN S HINDS ST AND S SPOKANE ST, ,,1,Property Damage Only Collision,Parked Car,2,0,0,2,0,0,2018-02-24 00:00:00+00,2/24/2018 5:15:00 AM,Mid-Block (not related to intersection),14,"MOTOR VEHICLE STRUCK MOTOR VEHICLE, REAR END",,False,Raining,Wet,Dark - Street Lights On,,,,32.0,One parked--one moving,0,0,True,0
-122.319024091127,47.675843477204,199418,282472,283332,3706156,Matched,Block,,NE 65TH ST BETWEEN WEEDIN PL NE AND 9TH AVE NE, ,,1,Property Damage Only Collision,Angles,2,0,0,2,0,0,2018-04-14 00:00:00+00,4/14/2018 9:18:00 AM,Driveway Junction,11,"MOTOR VEHICLE STRUCK MOTOR VEHICLE, FRONT END AT ANGLE",,True,Raining,Wet,Daylight,,,,10.0,Entering at angle,0,0,False,0
-122.335085531989,47.7068521672407,199419,282471,283331,3706155,Matched,Block,,N 107TH ST BETWEEN N NORTHGATE WAY AND MERIDIAN AVE N, ,,1,Property Damage Only Collision,Parked Car,2,0,0,2,0,0,2018-04-14 00:00:00+00,4/14/2018 11:14:00 AM,Mid-Block (not related to intersection),16,"MOTOR VEHICLE STRUCK MOTOR VEHICLE, LEFT SIDE SIDESWIPE",,False,Clear or Partly Cloudy,Dry,Daylight,,,,32.0,One parked--one moving,0,0,True,0
-122.322486933124,47.6022502134515,199423,283649,284529,E788028,Matched,Block,,8TH AVE BETWEEN YESLER WAY AND SPRUCE ST, ,,2,Injury Collision,Parked Car,4,0,0,3,1,0,2018-04-11 00:00:00+00,4/11/2018 9:03:00 AM,Mid-Block (not related to intersection),14,"MOTOR VEHICLE STRUCK MOTOR VEHICLE, REAR END",True,False,Overcast,Dry,Daylight,,,,32.0,One parked--one moving,0,0,False,0
-122.351957618256,47.6924083469838,199424,282469,283329,3706153,Matched,Block,,N 87TH ST BETWEEN DAYTON AVE N AND EVANSTON AVE N, ,,1,Property Damage Only Collision,Other,1,0,0,1,0,0,2018-04-13 00:00:00+00,4/13/2018 3:10:00 AM,Mid-Block (not related to intersection),28,MOTOR VEHICLE RAN OFF ROAD - HIT FIXED OBJECT,True,False,Raining,Wet,Dark - Street Lights On,,,True,50.0,Fixed object,0,0,False,0
-122.376422539205,47.5455946457684,199425,279137,280037,3742208,Matched,Block,,35TH AVE SW BETWEEN SW GRAHAM ST AND SW MORGAN ST, ,,2,Injury Collision,Rear Ended,5,0,0,3,1,0,2018-03-27 00:00:00+00,3/27/2018 2:02:00 PM,Mid-Block (but intersection related),14,"MOTOR VEHICLE STRUCK MOTOR VEHICLE, REAR END",True,False,Clear or Partly Cloudy,Dry,Daylight,,,,14.0,From same direction - both going straight - one stopped - rear-end,0,0,False,0
-122.337026061362,47.6153879486961,199427,279117,280017,3583885,Matched,Block,,VIRGINIA ST BETWEEN 7TH AVE AND 8TH AVE, ,,1,Property Damage Only Collision,Other,1,0,0,1,0,0,2018-03-24 00:00:00+00,3/24/2018 3:52:00 PM,Mid-Block (not related to intersection),28,MOTOR VEHICLE RAN OFF ROAD - HIT FIXED OBJECT,,False,Clear or Partly Cloudy,Dry,Daylight,,,,50.0,Fixed object,0,0,False,0
-122.284779589101,47.6639562231521,199428,282919,283779,E784928,Matched,Block,,40TH AVE NE BETWEEN SAND POINT WAY NE AND NE 50TH ST, ,,1,Property Damage Only Collision,Other,5,0,0,2,0,0,2018-03-30 00:00:00+00,3/30/2018 11:10:00 AM,Driveway Junction,11,"MOTOR VEHICLE STRUCK MOTOR VEHICLE, FRONT END AT ANGLE",True,False,Clear or Partly Cloudy,Dry,Daylight,,,,23.0,From same direction - all others,0,0,False,0
-122.302195223343,47.7016087508097,199431,279106,280006,E782436,Matched,Block,,LAKE CITY WAY NE BETWEEN NE 100TH ST AND FISCHER PL NE, ,,1,Property Damage Only Collision,Sideswipe,3,0,0,2,0,0,2018-03-26 00:00:00+00,3/26/2018 5:38:00 PM,Mid-Block (not related to intersection),11,"MOTOR VEHICLE STRUCK MOTOR VEHICLE, FRONT END AT ANGLE",True,False,Overcast,Dry,Daylight,,,,11.0,From same direction - both going straight - both moving - sideswipe,0,0,False,0
-122.356933984976,47.6377747223607,199432,282918,283778,E784927,Matched,Block,,QUEEN ANNE AVE N BETWEEN CROCKETT ST AND BOSTON ST, ,,1,Property Damage Only Collision,Other,1,0,0,1,0,0,2018-03-23 00:00:00+00,3/23/2018 2:38:00 PM,Driveway Junction,26,MOTOR VEHICLE STRUCK OBJECT IN ROAD,,False,Clear or Partly Cloudy,Dry,Daylight,,,,50.0,Fixed object,0,0,False,0
-122.322737693055,47.5710538521547,199434,286319,287179,E795263,Matched,Block,,AIRPORT WAY S BETWEEN S SPOKANE ST AND S COURT ST, ,,2,Injury Collision,Left Turn,2,0,0,2,1,0,2018-05-03 00:00:00+00,5/3/2018 6:55:00 AM,Mid-Block (not related to intersection),11,"MOTOR VEHICLE STRUCK MOTOR VEHICLE, FRONT END AT ANGLE",,False,Clear or Partly Cloudy,Dry,Daylight,,,,28.0,From opposite direction - one left turn - one straight,0,0,False,0
-122.30418049438,47.6975590098002,199899,277739,278639,3705696,Matched,Intersection,37731.0,23RD AVE NE AND NE 95TH ST, ,,2,Injury Collision,Cycles,2,0,1,1,1,0,2018-03-11 00:00:00+00,3/11/2018 5:55:00 PM,At Intersection (intersection related),51,PEDALCYCLIST STRUCK MOTOR VEHICLE FRONT END AT ANGLE,,False,Clear or Partly Cloudy,Dry,Daylight,,,,45.0,Vehicle - Pedalcyclist,0,0,False,0
-122.272186763905,47.5415853895456,199435,286021,286881,E792856,Matched,Block,,RAINIER AVE S BETWEEN S HOLLY ST AND S WILLOW ST, ,,1,Property Damage Only Collision,Rear Ended,4,0,0,4,0,0,2018-02-15 00:00:00+00,2/15/2018 6:22:00 PM,Mid-Block (not related to intersection),14,"MOTOR VEHICLE STRUCK MOTOR VEHICLE, REAR END",,False,Overcast,Dry,Dark - Street Lights On,,,,14.0,From same direction - both going straight - one stopped - rear-end,0,0,False,0
-122.358383324168,47.6500998541825,199436,285779,286639,E785118,Matched,Block,,W NICKERSON ST BETWEEN QUEEN ANNE AVE N AND W BERTONA ST, ,,2,Injury Collision,Other,1,0,0,1,1,0,2018-02-26 00:00:00+00,2/26/2018 11:06:00 PM,Mid-Block (not related to intersection),26,MOTOR VEHICLE STRUCK OBJECT IN ROAD,,True,Clear or Partly Cloudy,Dry,Dark - Street Lights On,,,,50.0,Fixed object,0,0,False,0