longitude,latitude,objectid,inckey,coldetkey,reportno,status,addrtype,intkey,location,exceptrsncode,exceptrsndesc,severitycode,severitydesc,collisiontype,personcount,pedcount,pedcylcount,vehcount,injuries,fatalities,incdate,incdttm,junctiontype,sdot_colcode,sdot_coldesc,inattentionind,underinfl,weather,roadcond,lightcond,pedrownotgrnt,sdotcolnum,speeding,st_colcode,st_coldesc,seglanekey,crosswalkkey,hitparkedcar,seriousinjuries
-122.328879836598,47.7340948741846,199437,285785,286645,E786020,Matched,Intersection,35906.0,1ST AVE NE AND NE 145TH ST, ,,1,Property Damage Only Collision,Left Turn,2,0,0,2,0,0,2018-04-06 00:00:00+00,4/6/2018 6:06:00 AM,At Intersection (intersection related),11,"MOTOR VEHICLE STRUCK MOTOR VEHICLE, FRONT END AT ANGLE",,False,Overcast,Wet,Dawn,,,,28.0,From opposite direction - one left turn - one straight,0,0,False,0
-122.386771606895,47.5647203004631,199438,285985,286845,E790071,Matched,Intersection,31893.0,CALIFORNIA AVE SW AND SW GENESEE ST, ,,2,Injury Collision,Pedestrian,2,1,0,1,1,0,2018-03-08 00:00:00+00,3/8/2018 7:19:00 PM,At Intersection (intersection related),24,MOTOR VEHCILE STRUCK PEDESTRIAN,,False,Raining,Wet,Dark - Street Lights On,True,,,2.0,Vehicle turning left hits pedestrian,0,0,False,0
-122.328948722805,47.5311749612729,199439,285778,286638,E784790,Matched,Block,,WEST MARGINAL NB WAY S BETWEEN S HOLDEN ST AND CLOVERDALE ST ON RP, ,,1,Property Damage Only Collision,Sideswipe,2,0,0,2,0,0,2018-03-29 00:00:00+00,3/29/2018 8:54:00 AM,Mid-Block (not related to intersection),14,"MOTOR VEHICLE STRUCK MOTOR VEHICLE, REAR END",True,False,Clear or Partly Cloudy,Dry,Daylight,,,,12.0,From same direction - both going straight - one stopped - sideswipe,0,0,False,0
-122.349681870659,47.6152490859424,199440,284557,285437,E791808,Matched,Intersection,29685.0,1ST AVE AND VINE ST, ,,2,Injury Collision,Pedestrian,2,0,1,1,1,0,2018-04-23 00:00:00+00,4/23/2018 8:54:00 AM,At Intersection (intersection related),18,"MOTOR VEHICLE STRUCK PEDALCYCLIST, FRONT END AT ANGLE",,False,Clear or Partly Cloudy,Dry,Daylight,,,,5.0,Vehicle Strikes Pedalcyclist,0,0,False,0
-122.320044167896,47.6170030937436,199441,286057,286917,E794304,Matched,Block,,NAGLE PL BETWEEN E OLIVE ST AND E HOWELL ST, ,,1,Property Damage Only Collision,Parked Car,2,0,0,2,0,0,2018-04-27 00:00:00+00,4/27/2018 2:25:00 PM,Mid-Block (not related to intersection),11,"MOTOR VEHICLE STRUCK MOTOR VEHICLE, FRONT END AT ANGLE",,False,Clear or Partly Cloudy,Dry,Daylight,,,,32.0,One parked--one moving,0,0,False,0
-122.297553308351,47.6662935514966,199444,285786,286646,E793805,Matched,Block,,NE BLAKELEY ST BETWEEN 27TH AVE NE AND 29TH AVE NE,NEI,"Not Enough Information, or Insufficient Location Information",1,Property Damage Only Collision,Parked Car,2,0,0,2,0,0,2018-04-29 00:00:00+00,4/29/2018 4:13:00 PM,Mid-Block (not related to intersection),12,"MOTOR VEHICLE STRUCK MOTOR VEHICLE, RIGHT SIDE AT ANGLE",,False,Clear or Partly Cloudy,Dry,Daylight,,,,32.0,One parked--one moving,0,0,True,0
-122.342775402206,47.6485407278269,199447,284457,285337,E791797,Matched,Intersection,26896.0,STONE WAY N AND N 34TH ST, ,,1,Property Damage Only Collision,Pedestrian,2,0,1,1,0,0,2018-04-24 00:00:00+00,4/24/2018 8:45:00 AM,At Intersection (intersection related),18,"MOTOR VEHICLE STRUCK PEDALCYCLIST, FRONT END AT ANGLE",True,False,Clear or Partly Cloudy,Dry,Daylight,,,,5.0,Vehicle Strikes Pedalcyclist,0,0,False,0
-122.279013423129,47.5261172499511,199448,286320,287180,E795264,Matched,Intersection,487284.0,M L KING JR ER WAY S AND S CLOVERDALE ST, ,,2,Injury Collision,Angles,3,0,0,3,2,0,2018-05-05 00:00:00+00,5/5/2018 5:54:00 PM,At Intersection (intersection related),11,"MOTOR VEHICLE STRUCK MOTOR VEHICLE, FRONT END AT ANGLE",,False,Overcast,Dry,Daylight,,,,10.0,Entering at angle,0,0,False,0
-122.277612911801,47.5315460100677,199449,286497,287357,3814759,Matched,Block,,S KENYON ST BETWEEN RENTON AVE S AND 44TH PL S, ,,1,Property Damage Only Collision,Angles,2,0,0,2,0,0,2018-05-06 00:00:00+00,5/6/2018 1:40:00 PM,Driveway Junction,11,"MOTOR VEHICLE STRUCK MOTOR VEHICLE, FRONT END AT ANGLE",True,False,Clear or Partly Cloudy,Dry,Daylight,,,,10.0,Entering at angle,0,0,False,0
-122.317403790736,47.6649373438838,199450,286037,286897,E792992,Matched,Intersection,25789.0,ROOSEVELT WAY NE AND NE 50TH ST, ,,2,Injury Collision,Cycles,2,1,1,0,1,0,2018-04-03 00:00:00+00,4/3/2018 7:38:00 AM,At Intersection (intersection related),64,PEDALCYCLIST STRUCK PEDESTRIAN,True,False,Clear or Partly Cloudy,Dry,Daylight,,,,45.0,Vehicle - Pedalcyclist,0,0,False,0
-122.296768355759,47.5698242696797,199451,284434,285314,3735550,Matched,Block,,M L KING JR ER WAY S BETWEEN RENTON N AVE S AND S ANDOVER ST, ,,1,Property Damage Only Collision,Rear Ended,4,0,0,2,0,0,2018-04-27 00:00:00+00,4/27/2018 7:44:00 AM,Mid-Block (not related to intersection),14,"MOTOR VEHICLE STRUCK MOTOR VEHICLE, REAR END",,False,Overcast,Dry,Daylight,,,,14.0,From same direction - both going straight - one stopped - rear-end,0,0,False,0
-122.299229133801,47.7338075376839,199452,285784,286644,E785858,Matched,Intersection,35993.0,27TH AVE NE AND NE 145TH ST, ,,1,Property Damage Only Collision,Angles,3,0,0,2,0,0,2018-04-01 00:00:00+00,4/1/2018 3:12:00 PM,At Intersection (intersection related),11,"MOTOR VEHICLE STRUCK MOTOR VEHICLE, FRONT END AT ANGLE",,False,Raining,Wet,Daylight,,,,10.0,Entering at angle,0,0,False,0
-122.307622626929,47.608021074698,199453,285986,286846,E790072,Matched,Intersection,30177.0,19TH AVE AND E CHERRY ST, ,,2,Injury Collision,Angles,4,0,0,2,1,0,2018-02-28 00:00:00+00,2/28/2018 6:53:00 PM,At Intersection (intersection related),11,"MOTOR VEHICLE STRUCK MOTOR VEHICLE, FRONT END AT ANGLE",,False,Raining,Wet,Dark - Street Lights On,,,,10.0,Entering at angle,0,0,False,0
-122.389667028238,47.520699636167,199454,286482,287342,3626832,Matched,Block,,SW WILDWOOD PL BETWEEN SW BRACE POINT DR AND 45TH AVE SW, ,,2,Injury Collision,Rear Ended,2,0,0,2,1,0,2018-05-07 00:00:00+00,5/7/2018 5:07:00 PM,Mid-Block (not related to intersection),14,"MOTOR VEHICLE STRUCK MOTOR VEHICLE, REAR END",True,False,Clear or Partly Cloudy,Dry,Daylight,,,,14.0,From same direction - both going straight - one stopped - rear-end,0,0,False,0
-122.335741582121,47.6904955400892,199455,284433,285313,3705978,Matched,Block,,N 85TH ST BETWEEN WALLINGFORD AVE N AND BURKE AVE N, ,,2,Injury Collision,Rear Ended,3,0,0,3,1,0,2018-04-26 00:00:00+00,4/26/2018 3:55:00 PM,Mid-Block (not related to intersection),14,"MOTOR VEHICLE STRUCK MOTOR VEHICLE, REAR END",True,False,Clear or Partly Cloudy,Dry,Daylight,,,,14.0,From same direction - both going straight - one stopped - rear-end,0,0,False,0
-122.352268416603,47.7232248697538,199456,284432,285312,3706141,Matched,Block,,N 130TH ST BETWEEN DAYTON AVE N AND EVANSTON AVE N, ,,1,Property Damage Only Collision,Angles,3,0,0,2,0,0,2018-04-26 00:00:00+00,4/26/2018 3:12:00 PM,Driveway Junction,11,"MOTOR VEHICLE STRUCK MOTOR VEHICLE, FRONT END AT ANGLE",,False,Clear or Partly Cloudy,Dry,Daylight,,,,10.0,Entering at angle,0,0,False,0
-122.332163515123,47.5453890369613,199457,286318,287178,E795262,Matched,Block,,EAST MARGINAL WAY S BETWEEN S FRONT ST AND S MICHIGAN ST, ,,1,Property Damage Only Collision,Sideswipe,6,0,0,2,0,0,2018-05-01 00:00:00+00,5/1/2018 12:34:00 PM,Mid-Block (not related to intersection),11,"MOTOR VEHICLE STRUCK MOTOR VEHICLE, FRONT END AT ANGLE",,False,Clear or Partly Cloudy,Dry,Daylight,,,,11.0,From same direction - both going straight - both moving - sideswipe,0,0,False,0
-122.373080191852,47.5818263039988,199458,286481,287341,3742385,Matched,Block,,HARBOR AVE SW BETWEEN FAUNTLEROY AVE SW AND SW FLORIDA ST, ,,1,Property Damage Only Collision,Parked Car,4,0,0,4,0,0,2018-05-07 00:00:00+00,5/7/2018 1:24:00 PM,Mid-Block (not related to intersection),14,"MOTOR VEHICLE STRUCK MOTOR VEHICLE, REAR END",,False,Clear or Partly Cloudy,Dry,Daylight,,,,32.0,One parked--one moving,0,0,True,0
-122.350150403115,47.6399457873122,199459,286357,287217,3746807,Matched,Block,,MCGRAW ST BETWEEN NOB HILL AVE N AND 4TH AVE N, ,,1,Property Damage Only Collision,Parked Car,2,0,0,2,0,0,2018-04-30 00:00:00+00,4/30/2018 7:00:00 PM,Mid-Block (not related to intersection),11,"MOTOR VEHICLE STRUCK MOTOR VEHICLE, FRONT END AT ANGLE",,False,Clear or Partly Cloudy,Dry,Unknown,,,,32.0,One parked--one moving,0,0,True,0
-122.329279433184,47.5903078588536,199460,286018,286878,E790460,Matched,Intersection,163340.0,4TH AVE SB OFF RP AND EDGAR MARTINEZ DR S, ,,1,Property Damage Only Collision,Angles,2,0,0,2,0,0,2018-03-28 00:00:00+00,3/28/2018 3:41:00 PM,At Intersection (intersection related),11,"MOTOR VEHICLE STRUCK MOTOR VEHICLE, FRONT END AT ANGLE",,False,Clear or Partly Cloudy,Dry,Daylight,,,,10.0,Entering at angle,0,0,False,0
-122.316119111676,47.5463999122442,199461,286338,287198,E795370,Matched,Intersection,33136.0,13TH AVE S AND S ALBRO PL, ,,1,Property Damage Only Collision,Angles,2,0,0,2,0,0,2018-04-21 00:00:00+00,4/21/2018 3:33:00 PM,At Intersection (intersection related),11,"MOTOR VEHICLE STRUCK MOTOR VEHICLE, FRONT END AT ANGLE",True,False,Overcast,Wet,Daylight,,,,10.0,Entering at angle,0,0,False,0
-122.372869319716,47.6554872010857,199462,284431,285311,3789018,Matched,Block,,W NICKERSON ST BETWEEN 12TH AVE W AND 13TH AVE W, ,,2,Injury Collision,Other,1,0,0,1,1,0,2018-04-24 00:00:00+00,4/24/2018 5:56:00 AM,Mid-Block (not related to intersection),28,MOTOR VEHICLE RAN OFF ROAD - HIT FIXED OBJECT,,False,Clear or Partly Cloudy,Dry,Dawn,,,,50.0,Fixed object,0,0,False,0
-122.334212149982,47.5493795138559,199464,285787,286647,E792234,Matched,Block,,1ST AVE S BETWEEN S FIDALGO ST AND EAST MARGINAL WAY S, ,,2,Injury Collision,Sideswipe,4,0,0,3,3,0,2018-04-20 00:00:00+00,4/20/2018 3:30:00 PM,Mid-Block (not related to intersection),11,"MOTOR VEHICLE STRUCK MOTOR VEHICLE, FRONT END AT ANGLE",,False,Overcast,Dry,Daylight,,,,11.0,From same direction - both going straight - both moving - sideswipe,0,0,False,0
-122.376796177333,47.6877998784285,199466,285783,286643,E792227,Matched,Block,,15TH AVE NW BETWEEN NW 80TH ST AND NW 83RD ST, ,,2,Injury Collision,Rear Ended,2,0,0,2,1,0,2018-04-26 00:00:00+00,4/26/2018 12:31:00 PM,Mid-Block (not related to intersection),14,"MOTOR VEHICLE STRUCK MOTOR VEHICLE, REAR END",,False,Clear or Partly Cloudy,Dry,Daylight,,,,14.0,From same direction - both going straight - one stopped - rear-end,0,0,False,0
-122.302601582198,47.5876459967405,199467,283679,284559,E790366,Matched,Block,,23RD AVE S BETWEEN S MASSACHUSETTS ST AND S GRAND ST, ,,1,Property Damage Only Collision,Sideswipe,2,0,0,2,0,0,2018-04-20 00:00:00+00,4/20/2018 2:22:00 PM,Mid-Block (not related to intersection),11,"MOTOR VEHICLE STRUCK MOTOR VEHICLE, FRONT END AT ANGLE",True,False,Overcast,Dry,Daylight,,,,11.0,From same direction - both going straight - both moving - sideswipe,0,0,False,0
-122.33421483704,47.5549243416714,199468,286337,287197,E795369,Matched,Intersection,33025.0,1ST AVE S AND S BENNETT ST, ,,2,Injury Collision,Angles,3,0,0,2,1,0,2018-04-21 00:00:00+00,4/21/2018 9:56:00 AM,At Intersection (intersection related),11,"MOTOR VEHICLE STRUCK MOTOR VEHICLE, FRONT END AT ANGLE",,False,Clear or Partly Cloudy,Dry,Daylight,,,,10.0,Entering at angle,0,0,False,0
-122.369413405976,47.5452065162684,199469,286323,287183,3733865,Matched,Block,,29TH AVE SW BETWEEN SW BATAAN ST AND SW MORGAN ST, ,,2,Injury Collision,Pedestrian,2,1,0,1,1,0,2018-05-03 00:00:00+00,5/3/2018 7:45:00 PM,Mid-Block (not related to intersection),24,MOTOR VEHCILE STRUCK PEDESTRIAN,,False,Clear or Partly Cloudy,Dry,Daylight,True,,,0.0,Vehicle going straight hits pedestrian,0,0,False,0
-122.299229133801,47.7338075376839,199475,285781,286641,E785762,Matched,Intersection,35993.0,27TH AVE NE AND NE 145TH ST, ,,1,Property Damage Only Collision,Angles,5,0,0,3,0,0,2018-04-05 00:00:00+00,4/5/2018 5:32:00 PM,At Intersection (intersection related),11,"MOTOR VEHICLE STRUCK MOTOR VEHICLE, FRONT END AT ANGLE",,False,Raining,Wet,Daylight,,,,10.0,Entering at angle,0,0,False,0
-122.33310387059,47.607979458203,199476,280279,281179,3811943,Matched,Intersection,29929.0,5TH AVE AND SENECA ST, ,,1,Property Damage Only Collision,Angles,7,0,0,2,0,0,2018-02-23 00:00:00+00,2/23/2018 11:42:00 PM,At Intersection (intersection related),11,"MOTOR VEHICLE STRUCK MOTOR VEHICLE, FRONT END AT ANGLE",,False,Clear or Partly Cloudy,Dry,Dark - Street Lights On,,,,10.0,Entering at angle,0,0,False,0
-122.297414682629,47.5992328395492,199477,278499,279399,E781423,Matched,Intersection,30602.0,M L KING JR WAY S AND S JACKSON ST, ,,2,Injury Collision,Angles,2,0,0,2,1,0,2018-03-22 00:00:00+00,3/22/2018 10:27:00 AM,At Intersection (intersection related),11,"MOTOR VEHICLE STRUCK MOTOR VEHICLE, FRONT END AT ANGLE",,False,Raining,Wet,Daylight,,,,10.0,Entering at angle,0,0,False,0
-122.280753060413,47.5380092982985,199478,279257,280157,E782634,Matched,Block,,42ND AVE S BETWEEN S MYRTLE S ST AND DEAD END 1, ,,1,Property Damage Only Collision,Parked Car,2,0,0,2,0,0,2018-03-19 00:00:00+00,3/19/2018 11:30:00 AM,Mid-Block (not related to intersection),13,"MOTOR VEHICLE STRUCK MOTOR VEHICLE, LEFT SIDE AT ANGLE",True,False,Overcast,Dry,Daylight,,,,32.0,One parked--one moving,0,0,False,0
-122.295233054475,47.719278750446,199479,278498,279398,E781047,Matched,Intersection,36601.0,LAKE CITY WAY NE AND NE 125TH ST, ,,1,Property Damage Only Collision,Sideswipe,2,0,0,2,0,0,2018-03-21 00:00:00+00,3/21/2018 9:14:00 AM,At Intersection (intersection related),11,"MOTOR VEHICLE STRUCK MOTOR VEHICLE, FRONT END AT ANGLE",,False,Clear or Partly Cloudy,Dry,Daylight,,,,81.0,Same direction -- both turning left -- both moving -- sideswipe,0,0,False,0
-122.298899796642,47.6052332810159,199480,277357,278257,E778865,Matched,Block,,26TH AVE BETWEEN E ALDER ST AND E JEFFERSON ST, ,,1,Property Damage Only Collision,Parked Car,2,0,0,2,0,0,2018-03-14 00:00:00+00,3/14/2018 11:55:00 AM,Mid-Block (not related to intersection),13,"MOTOR VEHICLE STRUCK MOTOR VEHICLE, LEFT SIDE AT ANGLE",,False,Clear or Partly Cloudy,Dry,Daylight,,,,32.0,One parked--one moving,0,0,True,0
-122.322774711596,47.6152286199662,199481,278011,278911,3702403,Matched,Block,,E PINE ST BETWEEN BOYLSTON AVE AND HARVARD AVE, ,,2,Injury Collision,Cycles,4,0,1,1,1,0,2018-03-23 00:00:00+00,3/23/2018 2:13:00 AM,Mid-Block (not related to intersection),56,PEDALCYCLIST STRUCK MOTOR VEHICLE LEFT SIDE SIDESWIPE,True,False,Overcast,Wet,Dark - Street Lights On,,,,45.0,Vehicle - Pedalcyclist,0,0,False,0
-122.312724106439,47.7321258295307,199593,286379,287239,E795444,Matched,Intersection,35855.0,15TH AVE NE AND NE 143RD ST, ,,2,Injury Collision,Pedestrian,2,1,0,1,1,0,2018-04-28 00:00:00+00,4/28/2018 2:25:00 PM,At Intersection (intersection related),24,MOTOR VEHCILE STRUCK PEDESTRIAN,,False,Overcast,Dry,Daylight,True,,,2.0,Vehicle turning left hits pedestrian,0,0,False,0
-122.308317142405,47.5992428979025,199482,277337,278237,E778864,Matched,Block,,S JACKSON ST BETWEEN 18TH AVE S AND 19TH AVE S, ,,1,Property Damage Only Collision,Parked Car,2,0,0,2,0,0,2018-03-14 00:00:00+00,3/14/2018 3:03:00 PM,Mid-Block (not related to intersection),11,"MOTOR VEHICLE STRUCK MOTOR VEHICLE, FRONT END AT ANGLE",True,True,Clear or Partly Cloudy,Dry,Daylight,,,,20.0,One car leaving parked position,0,0,False,0
-122.330157304434,47.6619915042404,199483,279237,280137,E782802,Matched,Block,,SUNNYSIDE AVE N BETWEEN N 45TH ST AND N 46TH ST,NEI,"Not Enough Information, or Insufficient Location Information",1,Property Damage Only Collision,Parked Car,2,0,0,2,0,0,2018-03-24 00:00:00+00,3/24/2018 7:00:00 PM,,0,NOT ENOUGH INFORMATION / NOT APPLICABLE,,False,Clear or Partly Cloudy,Dry,Dark - Street Lights On,,,,32.0,One parked--one moving,0,0,True,0
-122.326116886203,47.6104074637992,199484,276952,277832,3738386,Matched,Block,,BOREN AVE BETWEEN SPRING ST AND SENECA ST, ,,1,Property Damage Only Collision,Sideswipe,2,0,0,2,0,0,2018-03-02 00:00:00+00,3/2/2018 10:57:00 AM,Mid-Block (not related to intersection),11,"MOTOR VEHICLE STRUCK MOTOR VEHICLE, FRONT END AT ANGLE",,False,Overcast,Dry,Daylight,,,,11.0,From same direction - both going straight - both moving - sideswipe,0,0,False,0
-122.344966862431,47.7223018735588,199486,278010,278910,E780593,Matched,Intersection,35827.0,AURORA AVE N AND N 128TH ST, ,,1,Property Damage Only Collision,Rear Ended,2,0,0,2,0,0,2018-03-16 00:00:00+00,3/16/2018 12:36:00 PM,At Intersection (intersection related),14,"MOTOR VEHICLE STRUCK MOTOR VEHICLE, REAR END",,False,Clear or Partly Cloudy,Dry,Daylight,,,,14.0,From same direction - both going straight - one stopped - rear-end,0,0,False,0
-122.318271314532,47.6594570728712,199488,278009,278909,E780591,Matched,Block,,NE 43RD ST BETWEEN 9TH AVE NE AND ROOSEVELT S WAY NE, ,,1,Property Damage Only Collision,Head On,2,0,0,2,0,0,2018-03-15 00:00:00+00,3/15/2018 4:06:00 PM,Mid-Block (not related to intersection),14,"MOTOR VEHICLE STRUCK MOTOR VEHICLE, REAR END",True,False,Clear or Partly Cloudy,Dry,Daylight,,,,30.0,From opposite direction - all others,0,0,False,0
-122.347207127114,47.6905707877264,199489,278008,278908,E780587,Matched,Intersection,37466.0,LINDEN AVE N AND N 85TH ST, ,,2,Injury Collision,Angles,6,0,0,2,3,0,2018-03-19 00:00:00+00,3/19/2018 4:27:00 PM,At Intersection (intersection related),14,"MOTOR VEHICLE STRUCK MOTOR VEHICLE, REAR END",,False,Clear or Partly Cloudy,Dry,Daylight,,,,10.0,Entering at angle,0,0,False,0
-122.356479893663,47.520115604208,199490,276951,277831,3731541,Matched,Block,,17TH AVE SW BETWEEN SW BARTON ST AND SW CAMBRIDGE ST, ,,1,Property Damage Only Collision,Parked Car,2,0,0,2,0,0,2018-03-09 00:00:00+00,3/9/2018 9:30:00 PM,Mid-Block (not related to intersection),11,"MOTOR VEHICLE STRUCK MOTOR VEHICLE, FRONT END AT ANGLE",,False,Clear or Partly Cloudy,Dry,Dark - Street Lights On,,,,32.0,One parked--one moving,0,0,False,0
-122.314158835897,47.6071186023414,199491,276950,277830,3702525,Matched,Block,,14TH AVE BETWEEN E JEFFERSON ST AND E CHERRY ST, ,,1,Property Damage Only Collision,Angles,3,0,0,2,0,0,2018-03-17 00:00:00+00,3/17/2018 5:24:00 PM,Driveway Junction,11,"MOTOR VEHICLE STRUCK MOTOR VEHICLE, FRONT END AT ANGLE",,False,Clear or Partly Cloudy,Dry,Daylight,,,,10.0,Entering at angle,0,0,False,0
-122.296317944514,47.6230652138724,199492,276949,277829,3702522,Matched,Block,,M L KING JR WAY E BETWEEN E ARTHUR PL AND E MADISON ST, ,,2,Injury Collision,Cycles,2,0,1,1,1,0,2018-03-14 00:00:00+00,3/14/2018 2:22:00 PM,Mid-Block (not related to intersection),18,"MOTOR VEHICLE STRUCK PEDALCYCLIST, FRONT END AT ANGLE",,False,Clear or Partly Cloudy,Dry,Daylight,,,True,45.0,Vehicle - Pedalcyclist,0,0,False,0
-122.298914639351,47.602159630968,199494,276948,277828,3702520,Matched,Block,,26TH AVE BETWEEN E YESLER WAY AND E FIR ST, ,,1,Property Damage Only Collision,Parked Car,2,0,0,2,0,0,2018-03-11 00:00:00+00,3/11/2018 10:29:00 PM,Mid-Block (not related to intersection),11,"MOTOR VEHICLE STRUCK MOTOR VEHICLE, FRONT END AT ANGLE",,False,Clear or Partly Cloudy,Dry,Dark - Street Lights On,,,,32.0,One parked--one moving,0,0,False,0
-122.365122223271,47.6241447505794,199495,278007,278907,E780527,Matched,Block,,ELLIOTT AVE W BETWEEN 6TH AVE W AND W MERCER ST, ,,1,Property Damage Only Collision,Left Turn,2,0,0,2,0,0,2018-03-15 00:00:00+00,3/15/2018 6:59:00 AM,Mid-Block (not related to intersection),11,"MOTOR VEHICLE STRUCK MOTOR VEHICLE, FRONT END AT ANGLE",,False,Clear or Partly Cloudy,Dry,Dark - Street Lights On,,,,28.0,From opposite direction - one left turn - one straight,0,0,False,0
-122.320084736177,47.6062105856838,199498,278006,278906,3702402,Matched,Block,,E JEFFERSON ST BETWEEN BROADWAY AND 10TH AVE, ,,2,Injury Collision,Rear Ended,2,0,0,2,1,0,2018-03-22 00:00:00+00,3/22/2018 9:56:00 PM,Mid-Block (not related to intersection),14,"MOTOR VEHICLE STRUCK MOTOR VEHICLE, REAR END",True,True,Raining,Wet,Dark - Street Lights On,,,,14.0,From same direction - both going straight - one stopped - rear-end,0,0,False,0
-122.312859364202,47.5992174931687,199500,276947,277827,3702511,Matched,Block,,S JACKSON ST BETWEEN 14TH AVE S AND 16TH AVE S, ,,1,Property Damage Only Collision,Rear Ended,2,0,0,2,0,0,2018-03-05 00:00:00+00,3/5/2018 9:09:00 PM,Mid-Block (but intersection related),14,"MOTOR VEHICLE STRUCK MOTOR VEHICLE, REAR END",,False,Overcast,Dry,Dark - Street Lights On,,,,14.0,From same direction - both going straight - one stopped - rear-end,0,0,False,0
-122.349831751285,47.6176830379032,199501,278005,278905,E780526,Matched,Intersection,29668.0,3RD AVE AND CLAY ST, ,,1,Property Damage Only Collision,Angles,2,0,0,2,0,0,2018-03-11 00:00:00+00,3/11/2018 9:55:00 AM,At Intersection (intersection related),11,"MOTOR VEHICLE STRUCK MOTOR VEHICLE, FRONT END AT ANGLE",True,False,Clear or Partly Cloudy,Dry,Daylight,,,,10.0,Entering at angle,0,0,False,0
-122.315738122586,47.6426071106641,199502,276946,277826,3702507,Matched,Block,,BOYER AVE E BETWEEN EVERETT AVE E AND BOYER UPPER AVE E, ,,2,Injury Collision,Parked Car,2,0,0,2,1,0,2018-03-03 00:00:00+00,3/3/2018 3:13:00 AM,Mid-Block (not related to intersection),14,"MOTOR VEHICLE STRUCK MOTOR VEHICLE, REAR END",,True,,Dry,Dark - Street Lights On,,,,32.0,One parked--one moving,0,0,True,0
-122.323561931149,47.7234892057847,199503,279139,280039,E782798,Matched,Block,,5TH AVE NE BETWEEN NE 130TH ST AND NE 131ST PL, ,,1,Property Damage Only Collision,Sideswipe,2,0,0,2,0,0,2018-03-24 00:00:00+00,3/24/2018 3:35:00 PM,Mid-Block (not related to intersection),11,"MOTOR VEHICLE STRUCK MOTOR VEHICLE, FRONT END AT ANGLE",,False,Clear or Partly Cloudy,Dry,Daylight,,,,11.0,From same direction - both going straight - both moving - sideswipe,0,0,False,0
-122.319714302372,47.6035250578391,199504,276945,277825,3702506,Matched,Block,,BOREN AVE BETWEEN E FIR ST AND E ALDER ST, ,,1,Property Damage Only Collision,Sideswipe,2,0,0,2,0,0,2018-03-02 00:00:00+00,3/2/2018 7:07:00 PM,Mid-Block (not related to intersection),11,"MOTOR VEHICLE STRUCK MOTOR VEHICLE, FRONT END AT ANGLE",,False,Clear or Partly Cloudy,Dry,Dark - Street Lights On,,,,11.0,From same direction - both going straight - both moving - sideswipe,0,0,False,0
-122.292841437042,47.7237937608648,199505,278506,279406,E781636,Matched,Block,,LAKE CITY WAY NE BETWEEN NE 130TH ST AND NE 133RD ST, ,,1,Property Damage Only Collision,Sideswipe,2,0,0,2,0,0,2018-03-20 00:00:00+00,3/20/2018 4:17:00 PM,Mid-Block (not related to intersection),11,"MOTOR VEHICLE STRUCK MOTOR VEHICLE, FRONT END AT ANGLE",,False,Clear or Partly Cloudy,Dry,Daylight,,,,11.0,From same direction - both going straight - both moving - sideswipe,0,0,False,0
-122.335586466815,47.603982238495,199506,278004,278904,E780525,Matched,Intersection,29622.0,1ST AVE AND MARION ST, ,,2,Injury Collision,Angles,2,0,0,2,1,0,2018-03-04 00:00:00+00,3/4/2018 3:00:00 AM,At Intersection (intersection related),11,"MOTOR VEHICLE STRUCK MOTOR VEHICLE, FRONT END AT ANGLE",,False,Clear or Partly Cloudy,Dry,Dark - Street Lights On,,,,10.0,Entering at angle,0,0,False,0
-122.330777534151,47.6004337656282,199507,277477,278377,E779046,Matched,Block,,2ND AV ET S BETWEEN S MAIN ST AND S WASHINGTON ST, ,,1,Property Damage Only Collision,Sideswipe,2,0,0,2,0,0,2018-02-28 00:00:00+00,2/28/2018 10:50:00 AM,Mid-Block (not related to intersection),11,"MOTOR VEHICLE STRUCK MOTOR VEHICLE, FRONT END AT ANGLE",,False,Raining,Wet,Daylight,,,,11.0,From same direction - both going straight - both moving - sideswipe,0,0,False,0
-122.353560187091,47.5713782035614,199508,280297,281197,3818668,Matched,Block,,SW SPOKANE BR BETWEEN SW SPOKANE E ST AND SW SPOKANE W ST, ,,1,Property Damage Only Collision,Sideswipe,3,0,0,2,0,0,2018-03-02 00:00:00+00,3/2/2018 8:38:00 PM,Mid-Block (not related to intersection),11,"MOTOR VEHICLE STRUCK MOTOR VEHICLE, FRONT END AT ANGLE",,False,Clear or Partly Cloudy,Dry,Dark - Street Lights On,,,,11.0,From same direction - both going straight - both moving - sideswipe,0,0,False,0
-122.335574025233,47.610677902842,199548,280338,281238,3583894,Matched,Intersection,29576.0,5TH AVE AND PIKE ST, ,,2,Injury Collision,Angles,3,0,0,2,3,0,2018-04-03 00:00:00+00,4/3/2018 2:33:00 AM,At Intersection (intersection related),11,"MOTOR VEHICLE STRUCK MOTOR VEHICLE, FRONT END AT ANGLE",,False,Clear or Partly Cloudy,Dry,Dark - Street Lights On,,,,10.0,Entering at angle,0,0,False,0
-122.353944809549,47.6521258583791,199509,278505,279405,3644338,Matched,Block,,N 36TH ST BETWEEN PHINNEY AVE N AND FRANCIS AVE N, ,,1,Property Damage Only Collision,Parked Car,2,0,0,2,0,0,2018-03-25 00:00:00+00,3/25/2018 2:03:00 AM,Mid-Block (not related to intersection),16,"MOTOR VEHICLE STRUCK MOTOR VEHICLE, LEFT SIDE SIDESWIPE",,False,Clear or Partly Cloudy,Dry,Dark - Street Lights On,,,,32.0,One parked--one moving,0,0,False,0