longitude,latitude,objectid,inckey,coldetkey,reportno,status,addrtype,intkey,location,exceptrsncode,exceptrsndesc,severitycode,severitydesc,collisiontype,personcount,pedcount,pedcylcount,vehcount,injuries,fatalities,incdate,incdttm,junctiontype,sdot_colcode,sdot_coldesc,inattentionind,underinfl,weather,roadcond,lightcond,pedrownotgrnt,sdotcolnum,speeding,st_colcode,st_coldesc,seglanekey,crosswalkkey,hitparkedcar,seriousinjuries
-122.350072321655,47.6143070934259,199510,277457,278357,E779045,Matched,Block,,WESTERN AVE BETWEEN WALL ST AND VINE ST, ,,1,Property Damage Only Collision,Rear Ended,2,0,0,2,0,0,2018-03-06 00:00:00+00,3/6/2018 9:10:00 AM,Mid-Block (but intersection related),14,"MOTOR VEHICLE STRUCK MOTOR VEHICLE, REAR END",True,False,Clear or Partly Cloudy,Dry,Daylight,,,,14.0,From same direction - both going straight - one stopped - rear-end,0,0,False,0
-122.362584839865,47.6246051594786,199513,286501,287361,3812010,Matched,Block,,W MERCER ST BETWEEN 4TH AVE W AND 5TH AVE W, ,,1,Property Damage Only Collision,Rear Ended,3,0,0,2,0,0,2018-05-07 00:00:00+00,5/7/2018 7:39:00 PM,Mid-Block (not related to intersection),14,"MOTOR VEHICLE STRUCK MOTOR VEHICLE, REAR END",,False,Clear or Partly Cloudy,Dry,Daylight,,,,14.0,From same direction - both going straight - one stopped - rear-end,0,0,False,0
-122.326434534512,47.6124500107468,199515,278503,279403,E781621,Matched,Block,,MINOR AVE BETWEEN UNIVERSITY ST AND UNION ST, ,,1,Property Damage Only Collision,Parked Car,2,0,0,2,0,0,2018-03-23 00:00:00+00,3/23/2018 3:52:00 PM,Mid-Block (not related to intersection),15,"MOTOR VEHICLE STRUCK MOTOR VEHICLE, RIGHT SIDE SIDESWIPE",,False,Overcast,Wet,Daylight,,,,32.0,One parked--one moving,0,0,True,0
-122.357612480906,47.5362449158335,199516,286499,287359,3745506,Matched,Block,,DUMAR WAY SW BETWEEN SW ORCHARD ST AND SW AUSTIN ST, ,,1,Property Damage Only Collision,Rear Ended,2,0,0,2,0,0,2018-02-18 00:00:00+00,2/18/2018 9:36:00 AM,Mid-Block (not related to intersection),14,"MOTOR VEHICLE STRUCK MOTOR VEHICLE, REAR END",,False,Overcast,Dry,Daylight,,,,13.0,From same direction - both going straight - both moving - rear-end,0,0,False,0
-122.34257533537,47.6527065152096,199517,277437,278337,E779044,Matched,Intersection,26870.0,STONE WAY N AND N 38TH ST, ,,2,Injury Collision,Cycles,2,0,1,1,1,0,2018-03-07 00:00:00+00,3/7/2018 7:50:00 AM,At Intersection (intersection related),18,"MOTOR VEHICLE STRUCK PEDALCYCLIST, FRONT END AT ANGLE",True,False,Clear or Partly Cloudy,Dry,Daylight,,,,45.0,Vehicle - Pedalcyclist,0,0,False,0
-122.31154120329,47.6080369136937,199518,278502,279402,E781620,Matched,Intersection,30180.0,16TH AVE AND E CHERRY ST, ,,2,Injury Collision,Angles,4,0,0,2,3,0,2018-03-23 00:00:00+00,3/23/2018 1:13:00 PM,At Intersection (intersection related),11,"MOTOR VEHICLE STRUCK MOTOR VEHICLE, FRONT END AT ANGLE",,False,Clear or Partly Cloudy,Dry,Daylight,,,,10.0,Entering at angle,0,0,False,0
-122.271503422272,47.5190483471699,199519,277417,278317,E779043,Matched,Intersection,35299.0,RENTON AVE S AND S FLETCHER ST, ,,1,Property Damage Only Collision,Angles,3,0,0,2,0,0,2018-02-27 00:00:00+00,2/27/2018 8:53:00 AM,At Intersection (intersection related),11,"MOTOR VEHICLE STRUCK MOTOR VEHICLE, FRONT END AT ANGLE",,False,Overcast,Wet,Daylight,,,,10.0,Entering at angle,0,0,False,0
-122.337098128765,47.5382655907159,199520,280280,281180,3818627,Matched,Block,,2ND AVE SW BETWEEN 2ND AV SW TURN RD AND WEST MARGINAL WAY SW, ,,2,Injury Collision,Left Turn,4,0,0,2,4,0,2018-04-02 00:00:00+00,4/2/2018 5:25:00 PM,Mid-Block (not related to intersection),11,"MOTOR VEHICLE STRUCK MOTOR VEHICLE, FRONT END AT ANGLE",,False,Clear or Partly Cloudy,Dry,Daylight,,,,28.0,From opposite direction - one left turn - one straight,0,0,False,0
-122.307383778191,47.6185055339389,199521,278501,279401,E781619,Matched,Intersection,29388.0,19TH AVE AND E DENNY WAY, ,,1,Property Damage Only Collision,Angles,4,0,0,2,0,0,2018-03-23 00:00:00+00,3/23/2018 11:32:00 AM,At Intersection (intersection related),11,"MOTOR VEHICLE STRUCK MOTOR VEHICLE, FRONT END AT ANGLE",,False,Raining,Wet,Daylight,,,,10.0,Entering at angle,0,0,False,0
-122.376188835565,47.5645589277677,199522,277397,278297,E779014,Matched,Block,,35TH AVE SW BETWEEN FAUNTLEROY S WAY SW AND SW AVALON WAY, ,,1,Property Damage Only Collision,Rear Ended,4,0,0,2,0,0,2018-03-11 00:00:00+00,3/11/2018 2:16:00 PM,Mid-Block (but intersection related),14,"MOTOR VEHICLE STRUCK MOTOR VEHICLE, REAR END",,False,Clear or Partly Cloudy,Dry,Daylight,,,,14.0,From same direction - both going straight - one stopped - rear-end,0,0,False,0
-122.376596975836,47.5364822606972,199523,277377,278277,E779013,Matched,Block,,35TH AVE SW BETWEEN SW OTHELLO ST AND SW WEBSTER ST, ,,1,Property Damage Only Collision,Rear Ended,4,0,0,3,0,0,2018-03-14 00:00:00+00,3/14/2018 10:36:00 AM,Mid-Block (not related to intersection),14,"MOTOR VEHICLE STRUCK MOTOR VEHICLE, REAR END",True,False,Clear or Partly Cloudy,Dry,Daylight,,,,13.0,From same direction - both going straight - both moving - rear-end,0,0,False,0
-122.363547398194,47.6246083797198,199524,286498,287358,3812009,Matched,Block,,W MERCER ST BETWEEN 5TH AVE W AND W MERCER PL, ,,2,Injury Collision,Rear Ended,2,0,0,2,1,0,2018-05-07 00:00:00+00,5/7/2018 10:25:00 AM,Mid-Block (not related to intersection),14,"MOTOR VEHICLE STRUCK MOTOR VEHICLE, REAR END",,False,Clear or Partly Cloudy,Dry,Daylight,,,,14.0,From same direction - both going straight - one stopped - rear-end,0,0,False,0
-122.376221231097,47.6636999650725,199525,282484,283344,3769423,Matched,Block,,BALLARD BR BETWEEN BALLARD BR OFF RP AND 15TH AVE NW, ,,2,Injury Collision,Rear Ended,6,0,0,5,2,0,2018-04-14 00:00:00+00,4/14/2018 12:19:00 PM,Mid-Block (not related to intersection),14,"MOTOR VEHICLE STRUCK MOTOR VEHICLE, REAR END",True,False,Raining,Wet,Daylight,,,,14.0,From same direction - both going straight - one stopped - rear-end,0,0,False,0
-122.382375526981,47.591315553432,199526,282479,283339,3745584,Matched,Block,,HARBOR AVE SW BETWEEN SW MARYLAND PL AND CALIFORNIA WAY SW, ,,1,Property Damage Only Collision,Rear Ended,2,0,0,2,0,0,2018-04-14 00:00:00+00,4/14/2018 12:44:00 PM,Mid-Block (not related to intersection),14,"MOTOR VEHICLE STRUCK MOTOR VEHICLE, REAR END",True,False,Raining,Wet,Daylight,,,,14.0,From same direction - both going straight - one stopped - rear-end,0,0,False,0
-122.344484414405,47.6827723725016,199527,281806,282666,3706067,Matched,Intersection,24312.0,AURORA AVE N AND WINONA AVE N, ,,1,Property Damage Only Collision,Left Turn,2,0,0,2,0,0,2018-04-10 00:00:00+00,4/10/2018 7:43:00 AM,At Intersection (intersection related),11,"MOTOR VEHICLE STRUCK MOTOR VEHICLE, FRONT END AT ANGLE",,False,Raining,Wet,Daylight,,,,28.0,From opposite direction - one left turn - one straight,0,0,False,0
-122.36617990275,47.6679124976819,199528,281805,282665,3706062,Matched,Intersection,25432.0,8TH AVE NW AND NW 54TH ST, ,,1,Property Damage Only Collision,Angles,3,0,0,2,0,0,2018-04-05 00:00:00+00,4/5/2018 4:39:00 PM,At Intersection (intersection related),11,"MOTOR VEHICLE STRUCK MOTOR VEHICLE, FRONT END AT ANGLE",,False,Raining,Wet,Daylight,,,,10.0,Entering at angle,0,0,False,0
-122.317413415092,47.6794702210355,199529,281804,282664,3705830,Matched,Intersection,24464.0,ROOSEVELT WAY NE AND NE 70TH ST, ,,1,Property Damage Only Collision,Angles,3,0,0,2,0,0,2018-04-10 00:00:00+00,4/10/2018 9:14:00 PM,At Intersection (intersection related),11,"MOTOR VEHICLE STRUCK MOTOR VEHICLE, FRONT END AT ANGLE",True,False,Clear or Partly Cloudy,Dry,Dark - Street Lights Off,,,,10.0,Entering at angle,0,0,False,0
-122.2804746818,47.5353174956705,199531,281818,282678,E786254,Matched,Block,,RENTON AVE S BETWEEN M L KING JR ER S WAY S AND S WEBSTER W ST, ,,1,Property Damage Only Collision,Sideswipe,4,0,0,2,0,0,2018-03-31 00:00:00+00,3/31/2018 4:58:00 PM,Mid-Block (not related to intersection),11,"MOTOR VEHICLE STRUCK MOTOR VEHICLE, FRONT END AT ANGLE",,False,Clear or Partly Cloudy,Dry,Daylight,,,,12.0,From same direction - both going straight - one stopped - sideswipe,0,0,False,0
-122.318233925807,47.6199271844004,199532,281803,282663,3702551,Matched,Intersection,29054.0,11TH AVE E AND E JOHN ST, ,,2,Injury Collision,Angles,4,0,0,3,1,0,2018-04-12 00:00:00+00,4/12/2018 7:18:00 PM,At Intersection (intersection related),11,"MOTOR VEHICLE STRUCK MOTOR VEHICLE, FRONT END AT ANGLE",,True,Overcast,Dry,Daylight,,,,10.0,Entering at angle,0,0,False,0
-122.302231476897,47.5985807077696,199533,281283,282163,E778856,Matched,Block,,23RD AVE S BETWEEN S JACKSON ST AND S KING ST, ,,1,Property Damage Only Collision,Right Turn,2,0,0,2,0,0,2018-03-13 00:00:00+00,3/13/2018 11:25:00 AM,Driveway Junction,11,"MOTOR VEHICLE STRUCK MOTOR VEHICLE, FRONT END AT ANGLE",True,False,Clear or Partly Cloudy,Dry,Daylight,,,,16.0,From same direction - one right turn - one straight,0,0,False,0
-122.37303159781,47.5428444573556,199534,281282,282162,3742460,Matched,Block,,SW HOLLY ST BETWEEN 31ST AVE SW AND 32ND AVE SW, ,,2,Injury Collision,Sideswipe,4,0,0,2,1,0,2018-04-02 00:00:00+00,4/2/2018 7:42:00 AM,Mid-Block (not related to intersection),11,"MOTOR VEHICLE STRUCK MOTOR VEHICLE, FRONT END AT ANGLE",True,False,Clear or Partly Cloudy,Dry,Daylight,,,True,27.0,From opposite direction - both going straight - one stopped - sideswipe,0,0,False,0
-122.362931427083,47.5563570945921,199535,281281,282161,3742459,Matched,Block,,DELRIDGE WAY SW BETWEEN SW HUDSON ST AND PUGET BLVD SW, ,,1,Property Damage Only Collision,Parked Car,6,0,0,4,0,0,2018-03-30 00:00:00+00,3/30/2018 9:54:00 PM,Mid-Block (not related to intersection),14,"MOTOR VEHICLE STRUCK MOTOR VEHICLE, REAR END",True,True,Clear or Partly Cloudy,Dry,Dark - Street Lights On,,,,32.0,One parked--one moving,0,0,True,0
-122.335549406584,47.601722255213,199536,281817,282677,3754225,Matched,Intersection,30359.0,WESTERN AVE AND YESLER WAY, ,,2,Injury Collision,Pedestrian,2,0,1,1,1,0,2018-04-10 00:00:00+00,4/10/2018 9:08:00 AM,At Intersection (intersection related),18,"MOTOR VEHICLE STRUCK PEDALCYCLIST, FRONT END AT ANGLE",,False,Raining,Wet,Daylight,,,,5.0,Vehicle Strikes Pedalcyclist,0,0,False,0
-122.284102386692,47.5564515676256,199537,282485,283345,3782791,Matched,Block,,RAINIER AVE S BETWEEN S HUDSON ST AND 39TH N AVE S, ,,1,Property Damage Only Collision,Rear Ended,3,0,0,2,0,0,2018-04-19 00:00:00+00,4/19/2018 9:54:00 AM,Mid-Block (not related to intersection),14,"MOTOR VEHICLE STRUCK MOTOR VEHICLE, REAR END",,False,Clear or Partly Cloudy,Dry,Daylight,,,,13.0,From same direction - both going straight - both moving - rear-end,0,0,False,0
-122.376636544855,47.5273785117939,199539,281280,282160,3742302,Matched,Block,,35TH AVE SW BETWEEN SW THISTLE ST AND SW CLOVERDALE N ST, ,,1,Property Damage Only Collision,Rear Ended,3,0,0,3,0,0,2018-03-30 00:00:00+00,3/30/2018 1:00:00 PM,Mid-Block (not related to intersection),14,"MOTOR VEHICLE STRUCK MOTOR VEHICLE, REAR END",True,False,Overcast,Dry,Daylight,,,,14.0,From same direction - both going straight - one stopped - rear-end,0,0,False,0
-122.334193716667,47.5713925746739,199540,281279,282159,E778857,Matched,Intersection,32340.0,1ST AVE S AND S SPOKANE SR ST, ,,2,Injury Collision,Sideswipe,2,0,0,2,1,0,2018-03-14 00:00:00+00,3/14/2018 1:53:00 PM,At Intersection (intersection related),11,"MOTOR VEHICLE STRUCK MOTOR VEHICLE, FRONT END AT ANGLE",True,False,Clear or Partly Cloudy,Dry,Daylight,,,,81.0,Same direction -- both turning left -- both moving -- sideswipe,0,0,False,0
-122.408776733643,47.5758801348535,199541,281278,282158,3742048,Matched,Block,,SW ADMIRAL WAY BETWEEN 59TH AVE SW AND 60TH AVE SW, ,,1,Property Damage Only Collision,Angles,2,0,0,2,0,0,2018-04-08 00:00:00+00,4/8/2018 1:02:00 PM,Driveway Junction,11,"MOTOR VEHICLE STRUCK MOTOR VEHICLE, FRONT END AT ANGLE",,False,Raining,Wet,Daylight,,,,10.0,Entering at angle,0,0,False,0
-122.316871171915,47.6649325281841,199542,282483,283343,3762362,Matched,Block,,NE 50TH ST BETWEEN ROOSEVELT WAY NE AND 11TH AVE NE, ,,2,Injury Collision,Rear Ended,3,0,0,2,2,0,2018-04-18 00:00:00+00,4/18/2018 4:17:00 PM,Driveway Junction,14,"MOTOR VEHICLE STRUCK MOTOR VEHICLE, REAR END",,False,Clear or Partly Cloudy,Dry,Daylight,,,,13.0,From same direction - both going straight - both moving - rear-end,0,0,False,0
-122.336440481681,47.6905009026722,199543,281809,282669,3747866,Matched,Intersection,37375.0,WALLINGFORD AVE N AND N 85TH ST, ,,1,Property Damage Only Collision,Other,1,0,0,1,0,0,2018-04-10 00:00:00+00,4/10/2018 1:52:00 AM,At Intersection (intersection related),28,MOTOR VEHICLE RAN OFF ROAD - HIT FIXED OBJECT,,False,Clear or Partly Cloudy,Dry,Dark - Street Lights On,,,,50.0,Fixed object,0,0,False,0
-122.360970694412,47.5714589434273,199544,282478,283338,3742140,Matched,Block,,WEST SEATTLE BR EB BETWEEN DELRIDGE-W SEATTLE BR EB ON RP AND 26TH AV SW ON RP, ,,1,Property Damage Only Collision,Rear Ended,3,0,0,3,0,0,2018-04-19 00:00:00+00,4/19/2018 6:53:00 AM,Mid-Block (not related to intersection),14,"MOTOR VEHICLE STRUCK MOTOR VEHICLE, REAR END",True,False,Clear or Partly Cloudy,Dry,Daylight,,,,13.0,From same direction - both going straight - both moving - rear-end,0,0,False,0
-122.375167789435,47.5419461100692,199545,281277,282157,3731974,Matched,Block,,34TH AVE SW BETWEEN SW HOLLY ST AND SW WILLOW ST, ,,2,Injury Collision,Sideswipe,8,0,0,6,1,0,2018-04-05 00:00:00+00,4/5/2018 2:11:00 PM,Mid-Block (not related to intersection),11,"MOTOR VEHICLE STRUCK MOTOR VEHICLE, FRONT END AT ANGLE",,False,Raining,Wet,Daylight,,,,11.0,From same direction - both going straight - both moving - sideswipe,0,0,False,0
-122.355114518855,47.5219527885453,199546,281257,282137,3731482,Matched,Block,,16TH AVE SW BETWEEN SW HENDERSON ST AND SW BARTON ST, ,,1,Property Damage Only Collision,Parked Car,3,0,0,3,0,0,2018-03-30 00:00:00+00,3/30/2018 9:46:00 PM,Mid-Block (not related to intersection),11,"MOTOR VEHICLE STRUCK MOTOR VEHICLE, FRONT END AT ANGLE",,False,Clear or Partly Cloudy,Dry,Dark - Street Lights On,,,,32.0,One parked--one moving,0,0,True,0
-122.318159433911,47.6152543914463,199547,280339,281239,3702413,Matched,Intersection,29739.0,11TH AVE AND E PINE ST, ,,1,Property Damage Only Collision,Sideswipe,2,0,0,2,0,0,2018-04-04 00:00:00+00,4/4/2018 11:30:00 AM,At Intersection (intersection related),11,"MOTOR VEHICLE STRUCK MOTOR VEHICLE, FRONT END AT ANGLE",,False,Raining,Wet,Daylight,,,,82.0,Same direction -- both turning left -- one stopped -- sideswipe,0,0,False,0
-122.383082721845,47.5484386763744,199549,281808,282668,3742489,Matched,Intersection,32828.0,FAUNTLEROY WAY SW AND SW RAYMOND ST, ,,2,Injury Collision,Other,1,0,0,1,1,0,2018-04-12 00:00:00+00,4/12/2018 3:29:00 PM,At Intersection (intersection related),11,"MOTOR VEHICLE STRUCK MOTOR VEHICLE, FRONT END AT ANGLE",,False,Clear or Partly Cloudy,Dry,Daylight,,,,52.0,Vehicle overturned,0,0,False,0
-122.325889916015,47.6408773909034,199550,282481,283341,3746722,Matched,Block,,EASTLAKE AVE E BETWEEN E LYNN ST AND E LOUISA ST, ,,2,Injury Collision,Angles,2,0,0,2,1,0,2018-04-19 00:00:00+00,4/19/2018 3:02:00 PM,Driveway Junction,11,"MOTOR VEHICLE STRUCK MOTOR VEHICLE, FRONT END AT ANGLE",,False,Clear or Partly Cloudy,Dry,Daylight,,,,10.0,Entering at angle,0,0,False,0
-122.360894696413,47.6466525718498,199551,280337,281237,3583890,Matched,Intersection,27761.0,3RD AVE W AND W BARRETT ST, ,,1,Property Damage Only Collision,Head On,3,0,0,2,0,0,2018-03-30 00:00:00+00,3/30/2018 1:43:00 PM,At Intersection (intersection related),11,"MOTOR VEHICLE STRUCK MOTOR VEHICLE, FRONT END AT ANGLE",,False,Clear or Partly Cloudy,Dry,Daylight,,,,30.0,From opposite direction - all others,0,0,False,0
-122.279829082475,47.5188791948909,199552,280298,281198,3818710,Matched,Block,,M L KING JR WR WAY S BETWEEN BEACON AVE S AND MERTON WAY S, ,,1,Property Damage Only Collision,Rear Ended,4,0,0,2,0,0,2018-02-22 00:00:00+00,2/22/2018 8:34:00 AM,Mid-Block (not related to intersection),14,"MOTOR VEHICLE STRUCK MOTOR VEHICLE, REAR END",,False,Clear or Partly Cloudy,Ice,Daylight,,,,14.0,From same direction - both going straight - one stopped - rear-end,0,0,False,0
-122.270274016511,47.536957877599,199553,280317,281217,3818801,Matched,Intersection,34470.0,RAINIER AVE S AND S OTHELLO ST, ,,2,Injury Collision,Angles,2,0,0,2,1,0,2018-03-29 00:00:00+00,3/29/2018 1:19:00 AM,At Intersection (intersection related),14,"MOTOR VEHICLE STRUCK MOTOR VEHICLE, REAR END",,False,Clear or Partly Cloudy,Dry,Dark - Street Lights On,,,,10.0,Entering at angle,0,0,False,0
-122.375402989693,47.5210640287778,199554,281807,282667,3742464,Matched,Intersection,34946.0,34TH AVE SW AND SW BARTON ST, ,,1,Property Damage Only Collision,Angles,3,0,0,2,0,0,2018-04-08 00:00:00+00,4/8/2018 2:07:00 PM,At Intersection (intersection related),11,"MOTOR VEHICLE STRUCK MOTOR VEHICLE, FRONT END AT ANGLE",,False,Raining,Wet,Daylight,,,,10.0,Entering at angle,0,0,False,0
-122.349651858866,47.6459162597521,199556,284617,285497,3812054,Matched,Block,,DEXTER AVE N BETWEEN 4TH S AVE N AND WESTLAKE AVE N, ,,1,Property Damage Only Collision,Sideswipe,3,0,0,2,0,0,2018-04-27 00:00:00+00,4/27/2018 3:52:00 PM,Mid-Block (not related to intersection),11,"MOTOR VEHICLE STRUCK MOTOR VEHICLE, FRONT END AT ANGLE",True,False,Overcast,Dry,Daylight,,,,11.0,From same direction - both going straight - both moving - sideswipe,0,0,False,0
-122.316324701983,47.665682841276,199558,283719,284599,E790631,Matched,Block,,11TH AVE NE BETWEEN NE 50TH ST AND NE 52ND ST, ,,2,Injury Collision,Rear Ended,4,0,0,3,1,0,2018-04-04 00:00:00+00,4/4/2018 11:30:00 AM,Mid-Block (not related to intersection),14,"MOTOR VEHICLE STRUCK MOTOR VEHICLE, REAR END",True,False,Raining,Wet,Daylight,,,,14.0,From same direction - both going straight - one stopped - rear-end,0,0,False,0
-122.370932309386,47.5743113586782,199559,283037,283897,3741982,Matched,Block,,HARBOR AVE SW BETWEEN SW HARBOR LN AND SW SPOKANE NR ST, ,,1,Property Damage Only Collision,Parked Car,2,0,0,2,0,0,2018-04-19 00:00:00+00,4/19/2018 6:48:00 PM,Mid-Block (not related to intersection),14,"MOTOR VEHICLE STRUCK MOTOR VEHICLE, REAR END",True,False,Clear or Partly Cloudy,Dry,Daylight,,,,32.0,One parked--one moving,0,0,False,0
-122.325074906638,47.605910674074,199560,286058,286918,E794305,Matched,Block,,9TH AVE BETWEEN JAMES ST AND CHERRY ST, ,,1,Property Damage Only Collision,Sideswipe,2,0,0,2,0,0,2018-04-27 00:00:00+00,4/27/2018 10:41:00 AM,Mid-Block (not related to intersection),11,"MOTOR VEHICLE STRUCK MOTOR VEHICLE, FRONT END AT ANGLE",,False,Clear or Partly Cloudy,Dry,Daylight,,,,11.0,From same direction - both going straight - both moving - sideswipe,0,0,False,0
-122.330991616782,47.6165059509367,199561,282998,283858,3706077,Matched,Block,,HOWELL ST BETWEEN BOREN AVE AND MINOR AVE, ,,1,Property Damage Only Collision,Sideswipe,3,0,0,2,0,0,2018-04-22 00:00:00+00,4/22/2018 9:30:00 PM,Mid-Block (not related to intersection),11,"MOTOR VEHICLE STRUCK MOTOR VEHICLE, FRONT END AT ANGLE",,False,Clear or Partly Cloudy,Dry,Dark - Street Lights On,,,,11.0,From same direction - both going straight - both moving - sideswipe,0,0,False,0
-122.384994203172,47.5886826925506,199562,284579,285459,3745851,Matched,Block,,42ND AVE SW BETWEEN SW SEATTLE ST AND SW MASSACHUSETTS ST, ,,1,Property Damage Only Collision,Parked Car,2,0,0,2,0,0,2018-04-19 00:00:00+00,4/19/2018 4:00:00 PM,Mid-Block (not related to intersection),11,"MOTOR VEHICLE STRUCK MOTOR VEHICLE, FRONT END AT ANGLE",,False,Unknown,Unknown,Unknown,,,,32.0,One parked--one moving,0,0,True,0
-122.354784473513,47.7050815644716,199564,283739,284619,E790633,Matched,Block,,N 105TH ST BETWEEN GREENWOOD AVE N AND PHINNEY AVE N, ,,2,Injury Collision,Left Turn,2,0,0,2,1,0,2018-04-18 00:00:00+00,4/18/2018 2:19:00 PM,Mid-Block (not related to intersection),11,"MOTOR VEHICLE STRUCK MOTOR VEHICLE, FRONT END AT ANGLE",,False,Clear or Partly Cloudy,Dry,Daylight,,,,28.0,From opposite direction - one left turn - one straight,0,0,False,0
-122.287244481704,47.5916672901591,199567,286097,286957,E794307,Matched,Block,,LAKESIDE AVE S BETWEEN S JUDKINS ST AND S IRVING ST, ,,1,Property Damage Only Collision,Parked Car,3,0,0,2,0,0,2018-05-02 00:00:00+00,5/2/2018 11:00:00 AM,Mid-Block (not related to intersection),11,"MOTOR VEHICLE STRUCK MOTOR VEHICLE, FRONT END AT ANGLE",True,False,Clear or Partly Cloudy,Dry,Daylight,,,,32.0,One parked--one moving,0,0,False,0
-122.320044167896,47.6170030937436,199568,284618,285498,3702628,Matched,Block,,NAGLE PL BETWEEN E OLIVE ST AND E HOWELL ST, ,,1,Property Damage Only Collision,Parked Car,3,0,0,2,0,0,2018-04-27 00:00:00+00,4/27/2018 4:31:00 PM,Mid-Block (not related to intersection),14,"MOTOR VEHICLE STRUCK MOTOR VEHICLE, REAR END",True,False,Clear or Partly Cloudy,Dry,Daylight,,,,32.0,One parked--one moving,0,0,True,0
-122.314695208991,47.5833432901564,199569,284577,285457,3782797,Matched,Block,,14TH AVE S BETWEEN S WALKER ST AND S COLLEGE ST, ,,1,Property Damage Only Collision,Parked Car,3,0,0,3,0,0,2018-04-27 00:00:00+00,4/27/2018 8:25:00 AM,Mid-Block (not related to intersection),16,"MOTOR VEHICLE STRUCK MOTOR VEHICLE, LEFT SIDE SIDESWIPE",,False,Clear or Partly Cloudy,Dry,Daylight,,,,32.0,One parked--one moving,0,0,True,0
-122.344487762772,47.6819709857058,199570,283737,284617,E790632,Matched,Block,,AURORA AVE N BETWEEN N 73RD ST AND KEEN WAY N, ,,1,Property Damage Only Collision,Sideswipe,4,0,0,2,0,0,2018-04-18 00:00:00+00,4/18/2018 11:39:00 AM,Mid-Block (not related to intersection),11,"MOTOR VEHICLE STRUCK MOTOR VEHICLE, FRONT END AT ANGLE",,False,Clear or Partly Cloudy,Dry,Daylight,,,,11.0,From same direction - both going straight - both moving - sideswipe,0,0,False,0
-122.296102798379,47.6195364243219,199571,283038,283898,E786716,Matched,Block,,M L KING JR WAY E BETWEEN E DENNY WAY AND E JOHN ST, ,,1,Property Damage Only Collision,Rear Ended,5,0,0,2,0,0,2018-04-04 00:00:00+00,4/4/2018 10:53:00 AM,Mid-Block (not related to intersection),14,"MOTOR VEHICLE STRUCK MOTOR VEHICLE, REAR END",,False,Raining,Wet,Daylight,,,,13.0,From same direction - both going straight - both moving - rear-end,0,0,False,0
-122.334287968664,47.6246937770269,199572,286077,286937,E794306,Matched,Intersection,28760.0,FAIRVIEW AVE N AND MERCER ST, ,,1,Property Damage Only Collision,Angles,2,0,0,2,0,0,2018-04-30 00:00:00+00,4/30/2018 11:12:00 AM,At Intersection (intersection related),11,"MOTOR VEHICLE STRUCK MOTOR VEHICLE, FRONT END AT ANGLE",True,False,Clear or Partly Cloudy,Dry,Daylight,,,,10.0,Entering at angle,0,0,False,0
-122.378236060336,47.5636717686447,199574,284597,285477,3781058,Matched,Block,,FAUNTLEROY WAY SW BETWEEN SW AVALON WAY AND 37TH AVE SW, ,,1,Property Damage Only Collision,Sideswipe,2,0,0,2,0,0,2018-04-27 00:00:00+00,4/27/2018 3:39:00 PM,Mid-Block (not related to intersection),16,"MOTOR VEHICLE STRUCK MOTOR VEHICLE, LEFT SIDE SIDESWIPE",,False,Overcast,Dry,Daylight,,,,11.0,From same direction - both going straight - both moving - sideswipe,0,0,False,0
-122.364115622283,47.7027230561713,199575,283740,284637,E790634,Matched,Block,,7TH AVE NW BETWEEN NW 100TH PL AND DEAD END 1, ,,1,Property Damage Only Collision,Sideswipe,2,0,0,2,0,0,2018-04-18 00:00:00+00,4/18/2018 5:15:00 PM,Mid-Block (not related to intersection),11,"MOTOR VEHICLE STRUCK MOTOR VEHICLE, FRONT END AT ANGLE",,False,Clear or Partly Cloudy,Dry,Daylight,,,,82.0,Same direction -- both turning left -- one stopped -- sideswipe,0,0,False,0
-122.304400035527,47.6500604452214,199577,283718,284598,E790630,Matched,Block,,MONTLAKE BLVD NE BETWEEN NE PACIFIC ST AND NE PACIFIC PL, ,,1,Property Damage Only Collision,Sideswipe,2,0,0,2,0,0,2018-04-11 00:00:00+00,4/11/2018 3:20:00 PM,Mid-Block (not related to intersection),11,"MOTOR VEHICLE STRUCK MOTOR VEHICLE, FRONT END AT ANGLE",True,False,Raining,Wet,Daylight,,,,11.0,From same direction - both going straight - both moving - sideswipe,0,0,False,0
-122.278450634257,47.511599937313,199578,283019,283879,E785988,Matched,Block,,M L KING JR ER WAY S BETWEEN S NORFOLK ST AND CITY LIMITS, ,,2,Injury Collision,Rear Ended,3,0,0,2,1,0,2018-04-05 00:00:00+00,4/5/2018 4:02:00 PM,Mid-Block (not related to intersection),14,"MOTOR VEHICLE STRUCK MOTOR VEHICLE, REAR END",,False,Overcast,Wet,Daylight,,,,14.0,From same direction - both going straight - one stopped - rear-end,0,0,False,0
-122.356733909192,47.6215233134048,199580,284619,285499,3812103,Matched,Block,,QUEEN ANNE AVE N BETWEEN THOMAS ST AND HARRISON ST, ,,1,Property Damage Only Collision,Other,2,0,0,2,0,0,2018-04-27 00:00:00+00,4/27/2018 5:26:00 PM,Mid-Block (not related to intersection),11,"MOTOR VEHICLE STRUCK MOTOR VEHICLE, FRONT END AT ANGLE",,False,Clear or Partly Cloudy,Dry,Daylight,,,,23.0,From same direction - all others,0,0,False,0
-122.351379867012,47.571728864451,199581,284578,285458,3742244,Matched,Block,,SW SPOKANE NR ST BETWEEN SW SPOKANE SR ST AND SW KLICKITAT NR WAY, ,,1,Property Damage Only Collision,Other,2,0,0,2,0,0,2018-04-27 00:00:00+00,4/27/2018 9:26:00 AM,Mid-Block (not related to intersection),11,"MOTOR VEHICLE STRUCK MOTOR VEHICLE, FRONT END AT ANGLE",,False,Overcast,Dry,Daylight,,,,23.0,From same direction - all others,0,0,False,0