longitude,latitude,objectid,inckey,coldetkey,reportno,status,addrtype,intkey,location,exceptrsncode,exceptrsndesc,severitycode,severitydesc,collisiontype,personcount,pedcount,pedcylcount,vehcount,injuries,fatalities,incdate,incdttm,junctiontype,sdot_colcode,sdot_coldesc,inattentionind,underinfl,weather,roadcond,lightcond,pedrownotgrnt,sdotcolnum,speeding,st_colcode,st_coldesc,seglanekey,crosswalkkey,hitparkedcar,seriousinjuries
-122.380897253408,47.6667982730358,199582,283698,284578,E790629,Matched,Intersection,25162.0,RUSSELL AVE NW AND NW CENTRAL PL, ,,1,Property Damage Only Collision,Parked Car,2,0,0,2,0,0,2018-04-09 00:00:00+00,4/9/2018 3:18:00 PM,At Intersection (intersection related),11,"MOTOR VEHICLE STRUCK MOTOR VEHICLE, FRONT END AT ANGLE",,False,Clear or Partly Cloudy,Dry,Daylight,,,,32.0,One parked--one moving,0,0,True,0
-122.34989070689,47.6821804567412,199584,283017,283877,E785608,Matched,Block,,FREMONT AVE N BETWEEN N 73RD ST AND N 74TH ST,NEI,"Not Enough Information, or Insufficient Location Information",1,Property Damage Only Collision,Parked Car,2,0,0,2,0,0,2018-03-31 00:00:00+00,3/31/2018 12:15:00 PM,,0,NOT ENOUGH INFORMATION / NOT APPLICABLE,,False,Clear or Partly Cloudy,Dry,Daylight,,,,32.0,One parked--one moving,0,0,True,0
-122.340769665197,47.5711226168669,199585,286661,287521,3578914,Matched,Block,,E MARG-DUWAMISH BR RP BETWEEN EAST MARGINAL WAY S AND DUWAMISH AVE S BR, ,,2,Injury Collision,Head On,5,0,0,2,1,0,2018-05-12 00:00:00+00,5/12/2018 2:19:00 AM,Mid-Block (not related to intersection),11,"MOTOR VEHICLE STRUCK MOTOR VEHICLE, FRONT END AT ANGLE",,True,Clear or Partly Cloudy,Dry,Dark - Street Lights On,,,,24.0,From opposite direction - both moving - head-on,0,0,False,0
-122.320067093025,47.6389738006468,199586,286639,287499,E794686,Matched,Block,,10TH AVE E BETWEEN E BOSTON ST AND E LYNN ST, ,,1,Property Damage Only Collision,Parked Car,3,0,0,3,0,0,2018-04-29 00:00:00+00,4/29/2018 2:05:00 PM,Mid-Block (not related to intersection),14,"MOTOR VEHICLE STRUCK MOTOR VEHICLE, REAR END",True,False,Clear or Partly Cloudy,Dry,Daylight,,,,32.0,One parked--one moving,0,0,False,0
-122.342285179891,47.6349869871171,199587,286517,287377,E795652,Matched,Block,,DEXTER AVE N BETWEEN HAYES ST AND HOWE ST, ,,2,Injury Collision,Cycles,2,0,1,1,1,0,2018-05-01 00:00:00+00,5/1/2018 7:43:00 AM,Mid-Block (not related to intersection),18,"MOTOR VEHICLE STRUCK PEDALCYCLIST, FRONT END AT ANGLE",,False,Clear or Partly Cloudy,Dry,Daylight,,,,6.0,Pedalcyclist Strikes Moving Vehicle,0,0,False,0
-122.387306776326,47.5364118894331,199588,286505,287365,3605966,Matched,Block,,CALIFORNIA AVE SW BETWEEN SW FONTANELLE ST AND SW WEBSTER ST, ,,1,Property Damage Only Collision,Rear Ended,2,0,0,2,0,0,2018-05-08 00:00:00+00,5/8/2018 8:54:00 PM,Mid-Block (not related to intersection),14,"MOTOR VEHICLE STRUCK MOTOR VEHICLE, REAR END",,False,Clear or Partly Cloudy,Dry,Dark - Street Lights On,,,,14.0,From same direction - both going straight - one stopped - rear-end,0,0,False,0
-122.33588067476,47.6068173231995,199589,286504,287364,3812065,Matched,Block,,SENECA ST BETWEEN 2ND AVE AND 3RD AVE, ,,1,Property Damage Only Collision,Sideswipe,2,0,0,2,0,0,2018-05-08 00:00:00+00,5/8/2018 7:48:00 PM,Mid-Block (not related to intersection),11,"MOTOR VEHICLE STRUCK MOTOR VEHICLE, FRONT END AT ANGLE",,False,Overcast,Wet,Daylight,,,,11.0,From same direction - both going straight - both moving - sideswipe,0,0,False,0
-122.321877154303,47.6057697675994,199590,286659,287519,3329435,Matched,Intersection,29817.0,BOREN AVE AND JEFFERSON ST, ,,2,Injury Collision,Angles,2,0,0,2,2,0,2018-05-13 00:00:00+00,5/13/2018 4:34:00 PM,At Intersection (intersection related),11,"MOTOR VEHICLE STRUCK MOTOR VEHICLE, FRONT END AT ANGLE",True,False,Clear or Partly Cloudy,Dry,Daylight,,,,10.0,Entering at angle,0,0,False,0
-122.359558972441,47.5721000133572,199591,286539,287399,E795734,Matched,Block,,WEST MARGINAL WAY SW BETWEEN SW SPOKANE ST AND WEST MARGINAL TURN RD, ,,1,Property Damage Only Collision,Left Turn,2,0,0,2,0,0,2018-05-02 00:00:00+00,5/2/2018 12:42:00 PM,Mid-Block (not related to intersection),11,"MOTOR VEHICLE STRUCK MOTOR VEHICLE, FRONT END AT ANGLE",True,False,Clear or Partly Cloudy,Dry,Daylight,,,,28.0,From opposite direction - one left turn - one straight,0,0,False,0
-122.279463966788,47.6679573367606,199592,286380,287240,E795445,Matched,Block,,SAND POINT WAY NE BETWEEN NE 52ND ST AND 47TH AVE NE, ,,1,Property Damage Only Collision,Rear Ended,3,0,0,2,0,0,2018-05-05 00:00:00+00,5/5/2018 11:16:00 AM,Mid-Block (not related to intersection),14,"MOTOR VEHICLE STRUCK MOTOR VEHICLE, REAR END",True,False,Clear or Partly Cloudy,Dry,Daylight,,,,14.0,From same direction - both going straight - one stopped - rear-end,0,0,False,0
-122.368603349455,47.6690466605783,199594,286378,287238,E795443,Matched,Block,,9TH AVE NW BETWEEN NW MARKET ST AND NW 56TH ST, ,,1,Property Damage Only Collision,Angles,2,0,0,2,0,0,2018-05-03 00:00:00+00,5/3/2018 1:58:00 PM,Driveway Junction,11,"MOTOR VEHICLE STRUCK MOTOR VEHICLE, FRONT END AT ANGLE",True,False,Clear or Partly Cloudy,Dry,Daylight,,,,10.0,Entering at angle,0,0,False,0
-122.290453220625,47.6821387802462,199595,286377,287237,E795441,Matched,Block,,35TH AVE NE BETWEEN NE 73RD ST AND NE 75TH ST,NEI,"Not Enough Information, or Insufficient Location Information",1,Property Damage Only Collision,Parked Car,4,0,0,2,0,0,2018-04-28 00:00:00+00,4/28/2018 1:15:00 PM,,0,NOT ENOUGH INFORMATION / NOT APPLICABLE,,False,Overcast,Dry,Daylight,,,,32.0,One parked--one moving,0,0,True,0
-122.391902790171,47.5812135329032,199596,286538,287398,E795733,Matched,Intersection,31155.0,47TH AVE SW AND SW ADMIRAL WAY, ,,1,Property Damage Only Collision,Left Turn,2,0,0,2,0,0,2018-05-02 00:00:00+00,5/2/2018 10:09:00 AM,At Intersection (intersection related),11,"MOTOR VEHICLE STRUCK MOTOR VEHICLE, FRONT END AT ANGLE",,False,Clear or Partly Cloudy,Dry,Daylight,,,,28.0,From opposite direction - one left turn - one straight,0,0,False,0
-122.371528880859,47.6404627295656,199597,286662,287522,3579100,Matched,Block,,11TH AVE W BETWEEN SOUND VIEW S TR W AND W WHEELER ST, ,,1,Property Damage Only Collision,Parked Car,2,0,0,2,0,0,2018-05-05 00:00:00+00,5/5/2018 8:20:00 AM,Mid-Block (not related to intersection),14,"MOTOR VEHICLE STRUCK MOTOR VEHICLE, REAR END",,False,Clear or Partly Cloudy,Dry,Daylight,,,,32.0,One parked--one moving,0,0,False,0
-122.327291778607,47.6184947018677,199598,286657,287517,3329433,Matched,Block,,E DENNY WAY BETWEEN MELROSE AVE AND BELLEVUE AVE, ,,1,Property Damage Only Collision,Other,2,0,0,2,0,0,2018-05-10 00:00:00+00,5/10/2018 4:29:00 PM,Mid-Block (not related to intersection),11,"MOTOR VEHICLE STRUCK MOTOR VEHICLE, FRONT END AT ANGLE",,False,Clear or Partly Cloudy,Dry,Daylight,,,,23.0,From same direction - all others,0,0,False,0
-122.306517289368,47.6630759222057,199599,286362,287222,E795439,Matched,Intersection,26071.0,20TH AVE NE AND NE 47TH ST, ,,2,Injury Collision,Angles,2,0,0,2,1,0,2018-04-26 00:00:00+00,4/26/2018 2:39:00 PM,At Intersection (intersection related),11,"MOTOR VEHICLE STRUCK MOTOR VEHICLE, FRONT END AT ANGLE",,False,Clear or Partly Cloudy,Dry,Daylight,,,,10.0,Entering at angle,0,0,False,0
-122.30090615743,47.6618869303319,199600,286361,287221,E795438,Matched,Block,,25TH AVE NE BETWEEN NE 44TH ST AND NE 47TH ST, ,,2,Injury Collision,Angles,3,0,0,2,2,0,2018-04-22 00:00:00+00,4/22/2018 2:17:00 PM,Mid-Block (not related to intersection),11,"MOTOR VEHICLE STRUCK MOTOR VEHICLE, FRONT END AT ANGLE",,False,Clear or Partly Cloudy,Dry,Daylight,,,,10.0,Entering at angle,0,0,False,0
-122.304591258855,47.6489974041029,199601,286360,287220,E795437,Matched,Intersection,27299.0,MONTLAKE BLVD NE AND NE PACIFIC ST, ,,2,Injury Collision,Pedestrian,2,0,1,1,1,0,2018-04-22 00:00:00+00,4/22/2018 2:31:00 PM,At Intersection (intersection related),18,"MOTOR VEHICLE STRUCK PEDALCYCLIST, FRONT END AT ANGLE",,False,Clear or Partly Cloudy,Dry,Daylight,,,,5.0,Vehicle Strikes Pedalcyclist,0,0,False,0
-122.305257441723,47.7229652726774,199603,286537,287397,E795670,Matched,Block,,NE 130TH ST BETWEEN 22ND AVE NE AND 23RD AVE NE, ,,1,Property Damage Only Collision,Angles,2,0,0,2,0,0,2018-05-07 00:00:00+00,5/7/2018 8:04:00 AM,Mid-Block (not related to intersection),11,"MOTOR VEHICLE STRUCK MOTOR VEHICLE, FRONT END AT ANGLE",,False,Clear or Partly Cloudy,Dry,Daylight,,,,10.0,Entering at angle,0,0,False,0
-122.34108151636,47.6202979332204,199604,286557,287417,E795735,Matched,Block,,8TH AVE N BETWEEN JOHN ST AND THOMAS ST, ,,1,Property Damage Only Collision,Other,1,0,0,1,0,0,2018-05-04 00:00:00+00,5/4/2018 10:29:00 AM,Driveway Junction,26,MOTOR VEHICLE STRUCK OBJECT IN ROAD,,False,Clear or Partly Cloudy,Dry,Daylight,,,,50.0,Fixed object,0,0,False,0
-122.300111064517,47.5937635961567,199605,286359,287219,3702585,Matched,Block,,25TH AVE S BETWEEN S CHARLES ST AND S NORMAN ST, ,,1,Property Damage Only Collision,Parked Car,2,0,0,2,0,0,2018-05-01 00:00:00+00,5/1/2018 3:00:00 PM,Mid-Block (not related to intersection),11,"MOTOR VEHICLE STRUCK MOTOR VEHICLE, FRONT END AT ANGLE",,False,Clear or Partly Cloudy,Dry,Daylight,,,,32.0,One parked--one moving,0,0,True,0
-122.284773602376,47.6630271740369,199606,286358,287218,E795436,Matched,Intersection,26247.0,40TH AVE NE AND SAND POINT WAY NE, ,,1,Property Damage Only Collision,Angles,2,0,0,2,0,0,2018-04-23 00:00:00+00,4/23/2018 1:58:00 PM,At Intersection (intersection related),11,"MOTOR VEHICLE STRUCK MOTOR VEHICLE, FRONT END AT ANGLE",True,False,Clear or Partly Cloudy,Dry,Daylight,,,,10.0,Entering at angle,0,0,False,0
-122.356502432566,47.5181033706276,199608,286120,286980,3626833,Matched,Block,,17TH AVE SW BETWEEN DELRIDGE WAY SW AND SW ROXBURY ST, ,,1,Property Damage Only Collision,Rear Ended,2,0,0,2,0,0,2018-05-09 00:00:00+00,5/9/2018 4:25:00 PM,Mid-Block (not related to intersection),14,"MOTOR VEHICLE STRUCK MOTOR VEHICLE, REAR END",True,False,Overcast,Dry,Daylight,,,,14.0,From same direction - both going straight - one stopped - rear-end,0,0,False,0
-122.336821443759,47.5394591168553,199609,286663,287523,3605967,Matched,Block,,2ND AV SW TURN RD BETWEEN HIGHLAND PARK WAY SW AND 2ND AVE SW, ,,1,Property Damage Only Collision,Rear Ended,3,0,0,2,0,0,2018-05-11 00:00:00+00,5/11/2018 11:13:00 AM,Mid-Block (not related to intersection),14,"MOTOR VEHICLE STRUCK MOTOR VEHICLE, REAR END",,False,Clear or Partly Cloudy,Dry,Daylight,,,,13.0,From same direction - both going straight - both moving - rear-end,0,0,False,0
-122.327361009477,47.6084086762365,199611,286658,287518,3329434,Matched,Intersection,29925.0,9TH AVE AND MADISON ST, ,,1,Property Damage Only Collision,Other,1,0,0,1,0,0,2018-05-10 00:00:00+00,5/10/2018 10:56:00 PM,At Intersection (intersection related),28,MOTOR VEHICLE RAN OFF ROAD - HIT FIXED OBJECT,True,True,Clear or Partly Cloudy,Dry,Dark - Street Lights On,,,,50.0,Fixed object,0,0,False,0
-122.312051825624,47.659039924431,199612,286119,286979,3706102,Matched,Block,,15TH AVE NE BETWEEN NE 42ND ST AND NE 43RD ST, ,,2b,Serious Injury Collision,Cycles,3,0,1,2,1,0,2018-05-09 00:00:00+00,5/9/2018 10:08:00 AM,Mid-Block (not related to intersection),14,"MOTOR VEHICLE STRUCK MOTOR VEHICLE, REAR END",,False,Clear or Partly Cloudy,Dry,Daylight,,,,8.0,Pedalcyclist All Other Involvements ONE UNIT - PEDALCYCLIST ONLY or PEDALCYCLIST STR,0,0,True,1
-122.305021988944,47.6085176298589,199613,286118,286978,E794308,Matched,Block,,21ST AVE BETWEEN E CHERRY ST AND E COLUMBIA ST, ,,2,Injury Collision,Angles,2,0,0,2,2,0,2018-05-02 00:00:00+00,5/2/2018 11:25:00 AM,Mid-Block (not related to intersection),11,"MOTOR VEHICLE STRUCK MOTOR VEHICLE, FRONT END AT ANGLE",,False,Clear or Partly Cloudy,Dry,Daylight,,,,10.0,Entering at angle,0,0,False,0
-122.321809835145,47.6107302268878,199615,286540,287400,E794687,Matched,Intersection,29786.0,BOYLSTON AVE AND MADISON ST, ,,2,Injury Collision,Angles,2,1,0,1,1,0,2018-04-25 00:00:00+00,4/25/2018 5:44:00 PM,At Intersection (intersection related),24,MOTOR VEHCILE STRUCK PEDESTRIAN,,False,Clear or Partly Cloudy,Dry,Daylight,,,,10.0,Entering at angle,0,523654,False,0
-122.37217991584,47.6622008732223,199616,278509,279409,E781638,Matched,Block,,NW 46TH ST BETWEEN 11TH AVE NW AND 14TH AVE NW, ,,1,Property Damage Only Collision,Parked Car,3,0,0,3,0,0,2018-03-22 00:00:00+00,3/22/2018 4:32:00 PM,Mid-Block (not related to intersection),11,"MOTOR VEHICLE STRUCK MOTOR VEHICLE, FRONT END AT ANGLE",,False,Raining,Wet,Daylight,,,,20.0,One car leaving parked position,0,0,False,0
-122.334831581187,47.522783538095,199618,278012,278912,3742453,Matched,Block,,1ST AVE S BETWEEN 1ST AVS ON S RP AND OLSON PL SW, ,,1,Property Damage Only Collision,Other,2,0,0,2,0,0,2018-03-19 00:00:00+00,3/19/2018 5:01:00 PM,Mid-Block (not related to intersection),16,"MOTOR VEHICLE STRUCK MOTOR VEHICLE, LEFT SIDE SIDESWIPE",,False,Clear or Partly Cloudy,Dry,Daylight,,,,23.0,From same direction - all others,0,0,False,0
-122.314910410956,47.5264408888266,199620,277021,277901,3742428,Matched,Intersection,35097.0,14TH AVE S AND S CLOVERDALE ST, ,,1,Property Damage Only Collision,Sideswipe,19,0,0,2,0,0,2018-03-14 00:00:00+00,3/14/2018 9:06:00 AM,At Intersection (intersection related),11,"MOTOR VEHICLE STRUCK MOTOR VEHICLE, FRONT END AT ANGLE",True,False,Overcast,Dry,Daylight,,,,81.0,Same direction -- both turning left -- both moving -- sideswipe,0,0,False,0
-122.325661938496,47.6602141811301,199621,278507,279407,E781637,Matched,Block,,NE 44TH ST BETWEEN THACKERAY PL NE AND LATONA AVE NE, ,,1,Property Damage Only Collision,Parked Car,2,0,0,2,0,0,2018-03-21 00:00:00+00,3/21/2018 1:56:00 PM,Mid-Block (not related to intersection),11,"MOTOR VEHICLE STRUCK MOTOR VEHICLE, FRONT END AT ANGLE",,False,Clear or Partly Cloudy,Dry,Daylight,,,,32.0,One parked--one moving,0,0,False,0
-122.326725530068,47.5714141083544,199622,278517,279417,3696118,Matched,Block,,S SPOKANE SR ST BETWEEN 5TH AVE S AND 6TH AVE S, ,,1,Property Damage Only Collision,Sideswipe,2,0,0,2,0,0,2018-03-25 00:00:00+00,3/25/2018 8:32:00 AM,Mid-Block (not related to intersection),14,"MOTOR VEHICLE STRUCK MOTOR VEHICLE, REAR END",,False,Clear or Partly Cloudy,Dry,Daylight,,,,11.0,From same direction - both going straight - both moving - sideswipe,0,0,False,0
-122.314210090723,47.6649084746288,199624,278015,278915,E780595,Matched,Intersection,25792.0,BROOKLYN AVE NE AND NE 50TH ST, ,,1,Property Damage Only Collision,Sideswipe,2,0,0,2,0,0,2018-03-15 00:00:00+00,3/15/2018 1:20:00 PM,At Intersection (intersection related),11,"MOTOR VEHICLE STRUCK MOTOR VEHICLE, FRONT END AT ANGLE",,False,Clear or Partly Cloudy,Dry,Daylight,,,,12.0,From same direction - both going straight - one stopped - sideswipe,0,0,False,0
-122.343636523849,47.6103205422612,199625,277537,278437,E776681,Matched,Intersection,29583.0,VIRGINIA ST AND WESTERN AVE, ,,1,Property Damage Only Collision,Parked Car,2,0,0,2,0,0,2018-03-07 00:00:00+00,3/7/2018 9:00:00 AM,At Intersection (but not related to intersection),14,"MOTOR VEHICLE STRUCK MOTOR VEHICLE, REAR END",,False,Overcast,Dry,Daylight,,,,32.0,One parked--one moving,0,0,False,0
-122.343075256502,47.6371375971534,199626,277637,278537,E779047,Matched,Block,,DEXTER AVE N BETWEEN NEWTON ST AND DEXTER WAY N, ,,2,Injury Collision,Cycles,2,0,1,1,1,0,2018-03-06 00:00:00+00,3/6/2018 9:50:00 AM,Mid-Block (not related to intersection),18,"MOTOR VEHICLE STRUCK PEDALCYCLIST, FRONT END AT ANGLE",True,False,Clear or Partly Cloudy,Dry,Daylight,,,,45.0,Vehicle - Pedalcyclist,0,0,False,0
-122.338448458396,47.6087874922082,199627,277019,277899,E777001,Matched,Block,,2ND AVE BETWEEN UNION ST AND PIKE ST, ,,2,Injury Collision,Pedestrian,2,0,1,1,1,0,2018-03-06 00:00:00+00,3/6/2018 4:33:00 PM,Mid-Block (not related to intersection),18,"MOTOR VEHICLE STRUCK PEDALCYCLIST, FRONT END AT ANGLE",,False,Clear or Partly Cloudy,Dry,Daylight,,,,5.0,Vehicle Strikes Pedalcyclist,0,0,False,0
-122.336821443759,47.5394591168553,199628,276977,277857,3742206,Matched,Block,,2ND AV SW TURN RD BETWEEN HIGHLAND PARK WAY SW AND 2ND AVE SW, ,,1,Property Damage Only Collision,Rear Ended,2,0,0,2,0,0,2018-03-15 00:00:00+00,3/15/2018 4:50:00 PM,Mid-Block (but intersection related),14,"MOTOR VEHICLE STRUCK MOTOR VEHICLE, REAR END",True,False,Clear or Partly Cloudy,Dry,Daylight,,,,14.0,From same direction - both going straight - one stopped - rear-end,0,0,False,0
-122.30061023064,47.6671211675384,199629,278510,279410,E781639,Matched,Block,,25TH AVE NE BETWEEN NE BLAKELEY ST AND NE 54TH ST, ,,1,Property Damage Only Collision,Parked Car,2,0,0,2,0,0,2018-03-22 00:00:00+00,3/22/2018 5:14:00 PM,Mid-Block (not related to intersection),11,"MOTOR VEHICLE STRUCK MOTOR VEHICLE, FRONT END AT ANGLE",,False,Clear or Partly Cloudy,Dry,Daylight,,,,19.0,One car entering parked position,0,0,False,0
-122.287858059868,47.5928027320874,199630,278037,278937,3744053,Matched,Block,,LAKESIDE AVE S BETWEEN S NORMAN ST AND S JUDKINS ST, ,,2,Injury Collision,Other,1,0,0,1,1,0,2018-03-14 00:00:00+00,3/14/2018 2:35:00 PM,Mid-Block (not related to intersection),28,MOTOR VEHICLE RAN OFF ROAD - HIT FIXED OBJECT,,False,Clear or Partly Cloudy,Dry,Daylight,,,,50.0,Fixed object,0,0,False,0
-122.311982584016,47.6783629345479,199631,278013,278913,E780594,Matched,Block,,15TH AVE NE BETWEEN NE 68TH N ST AND NE 69TH ST, ,,1,Property Damage Only Collision,Rear Ended,2,0,0,2,0,0,2018-03-16 00:00:00+00,3/16/2018 5:13:00 PM,Mid-Block (not related to intersection),14,"MOTOR VEHICLE STRUCK MOTOR VEHICLE, REAR END",,False,Clear or Partly Cloudy,Dry,Daylight,,,,14.0,From same direction - both going straight - one stopped - rear-end,0,0,False,0
-122.295636405401,47.6678614728241,199633,277497,278397,E778149,Matched,Intersection,25931.0,30TH AVE NE AND NE 54TH ST, ,,1,Property Damage Only Collision,Rear Ended,3,0,0,2,0,0,2018-03-10 00:00:00+00,3/10/2018 1:45:00 PM,At Intersection (intersection related),14,"MOTOR VEHICLE STRUCK MOTOR VEHICLE, REAR END",,False,Clear or Partly Cloudy,Dry,Daylight,,,,14.0,From same direction - both going straight - one stopped - rear-end,0,0,False,0
-122.31324464297,47.5877656394403,199634,278508,279408,3696117,Matched,Block,,S STATE ST BETWEEN 15TH AVE S AND 16TH AVE S, ,,1,Property Damage Only Collision,Parked Car,2,0,0,2,0,0,2018-03-25 00:00:00+00,3/25/2018 1:50:00 AM,Mid-Block (not related to intersection),16,"MOTOR VEHICLE STRUCK MOTOR VEHICLE, LEFT SIDE SIDESWIPE",,False,Clear or Partly Cloudy,Dry,Dark - Street Lights On,,,,32.0,One parked--one moving,0,0,False,0
-122.300663810506,47.6794090295795,199654,281821,282681,E786296,Matched,Intersection,24669.0,25TH AVE NE AND NE 70TH ST, ,,2,Injury Collision,Angles,2,0,0,2,2,0,2018-04-06 00:00:00+00,4/6/2018 8:20:00 PM,At Intersection (intersection related),11,"MOTOR VEHICLE STRUCK MOTOR VEHICLE, FRONT END AT ANGLE",True,True,Clear or Partly Cloudy,Dry,Dark - Street Lights On,,,,10.0,Entering at angle,0,0,False,0
-122.344072720599,47.6431226484363,199635,276957,277837,E777188,Matched,Block,,WESTLAKE AVE N BETWEEN HALLADAY ST AND NEWELL ST, ,,1,Property Damage Only Collision,Sideswipe,2,0,0,2,0,0,2018-03-08 00:00:00+00,3/8/2018 7:05:00 AM,Mid-Block (not related to intersection),16,"MOTOR VEHICLE STRUCK MOTOR VEHICLE, LEFT SIDE SIDESWIPE",,False,Raining,Wet,Dawn,,,,11.0,From same direction - both going straight - both moving - sideswipe,0,0,False,0
-122.383655949626,47.5792992597023,199636,278018,278918,3742482,Matched,Block,,SW LANDER ST BETWEEN WALNUT AVE SW AND 41ST AVE SW, ,,2,Injury Collision,Other,1,0,0,1,1,0,2018-03-21 00:00:00+00,3/21/2018 6:51:00 AM,Mid-Block (not related to intersection),28,MOTOR VEHICLE RAN OFF ROAD - HIT FIXED OBJECT,,True,Clear or Partly Cloudy,Dry,Dawn,,,,50.0,Fixed object,0,0,False,0
-122.390141868672,47.6712829423354,199637,277638,278538,E778150,Matched,Block,,26TH AVE NW BETWEEN NW 58TH ST AND NW 59TH ST, ,,1,Property Damage Only Collision,Parked Car,2,0,0,2,0,0,2018-03-10 00:00:00+00,3/10/2018 1:13:00 PM,Mid-Block (not related to intersection),11,"MOTOR VEHICLE STRUCK MOTOR VEHICLE, FRONT END AT ANGLE",,False,Unknown,Unknown,Unknown,,,,32.0,One parked--one moving,0,0,False,0
-122.318921048029,47.5273034468284,199638,278017,278917,3742481,Matched,Block,,S SULLIVAN ST BETWEEN 10TH AVE S AND 12TH AVE S, ,,1,Property Damage Only Collision,Parked Car,4,0,0,2,0,0,2018-03-20 00:00:00+00,3/20/2018 4:40:00 PM,Mid-Block (not related to intersection),11,"MOTOR VEHICLE STRUCK MOTOR VEHICLE, FRONT END AT ANGLE",True,False,Clear or Partly Cloudy,Dry,Daylight,,,,32.0,One parked--one moving,0,0,False,0
-122.342402182843,47.6932680123494,199639,277557,278457,E776697,Matched,Block,,MIDVALE AVE N BETWEEN N 88TH ST AND N 90TH ST, ,,1,Property Damage Only Collision,Parked Car,2,0,0,2,0,0,2018-03-03 00:00:00+00,3/3/2018,Mid-Block (not related to intersection),16,"MOTOR VEHICLE STRUCK MOTOR VEHICLE, LEFT SIDE SIDESWIPE",,False,Unknown,Unknown,Dark - Street Lights On,,,,32.0,One parked--one moving,0,0,False,0
-122.34338231982,47.5172917145611,199640,277020,277900,3742427,Matched,Block,,SW ROXBURY ST BETWEEN 6TH AVE SW AND 7TH E AVE SW, ,,2,Injury Collision,Rear Ended,2,0,0,2,1,0,2018-03-12 00:00:00+00,3/12/2018 1:23:00 PM,Mid-Block (not related to intersection),14,"MOTOR VEHICLE STRUCK MOTOR VEHICLE, REAR END",,False,Clear or Partly Cloudy,Dry,Daylight,,,,13.0,From same direction - both going straight - both moving - rear-end,0,0,False,0
-122.312431812173,47.710357312561,199641,278511,279411,E781640,Matched,Intersection,36494.0,15TH AVE NE AND NE 113TH ST, ,,1,Property Damage Only Collision,Rear Ended,4,0,0,2,0,0,2018-03-22 00:00:00+00,3/22/2018 5:25:00 PM,At Intersection (intersection related),14,"MOTOR VEHICLE STRUCK MOTOR VEHICLE, REAR END",,False,Clear or Partly Cloudy,Wet,Daylight,,,,13.0,From same direction - both going straight - both moving - rear-end,0,0,False,0
-122.322450017159,47.5979295259619,199642,276953,277833,3739175,Matched,Block,,8TH AVE S BETWEEN S KING ST AND S WELLER ST, ,,1,Property Damage Only Collision,Parked Car,2,0,0,2,0,0,2018-03-02 00:00:00+00,3/2/2018 1:00:00 PM,Mid-Block (not related to intersection),14,"MOTOR VEHICLE STRUCK MOTOR VEHICLE, REAR END",,False,Overcast,Dry,Daylight,,,,32.0,One parked--one moving,0,0,False,0
-122.365198877966,47.5246819770434,199643,278038,278938,3744085,Matched,Block,,SW TRENTON ST BETWEEN 25TH AVE SW AND 26TH AVE SW, ,,1,Property Damage Only Collision,Angles,2,0,0,2,0,0,2018-03-18 00:00:00+00,3/18/2018 8:01:00 AM,Driveway Junction,11,"MOTOR VEHICLE STRUCK MOTOR VEHICLE, FRONT END AT ANGLE",,False,Clear or Partly Cloudy,Dry,Daylight,,,,10.0,Entering at angle,0,0,False,0
-122.363217980758,47.5182804446728,199644,278014,278914,3742480,Matched,Block,,24TH AVE SW BETWEEN SW CAMBRIDGE ST AND SW ROXBURY ST, ,,1,Property Damage Only Collision,Other,1,0,0,1,0,0,2018-03-20 00:00:00+00,3/20/2018 2:00:00 PM,Mid-Block (not related to intersection),28,MOTOR VEHICLE RAN OFF ROAD - HIT FIXED OBJECT,True,False,Clear or Partly Cloudy,Dry,Daylight,,,,50.0,Fixed object,0,0,False,0
-122.324024816059,47.6819796430629,199645,277517,278417,E776679,Matched,Block,,NE MAPLE LEAF PL BETWEEN WOODLAWN AVE NE AND 5TH AVE NE, ,,1,Property Damage Only Collision,Parked Car,2,0,0,2,0,0,2018-02-26 00:00:00+00,2/26/2018 11:00:00 PM,Mid-Block (not related to intersection),16,"MOTOR VEHICLE STRUCK MOTOR VEHICLE, LEFT SIDE SIDESWIPE",,False,Unknown,Unknown,Dark - Street Lights On,,,,32.0,One parked--one moving,0,0,False,0
-122.334195453144,47.5903121642402,199646,277597,278497,E778000,Matched,Intersection,30388.0,1ST AVE S AND S ATLANTIC ST, ,,1,Property Damage Only Collision,Angles,4,0,0,3,0,0,2018-03-08 00:00:00+00,3/8/2018 12:00:00 PM,At Intersection (intersection related),11,"MOTOR VEHICLE STRUCK MOTOR VEHICLE, FRONT END AT ANGLE",True,False,Raining,Wet,Daylight,,,,10.0,Entering at angle,0,0,False,0
-122.347333794732,47.6590024207038,199647,277018,277898,E777514,Matched,Block,,AURORA AVE N BETWEEN N MOTOR PL AND N 43RD S ST, ,,1,Property Damage Only Collision,Sideswipe,2,0,0,2,0,0,2018-03-09 00:00:00+00,3/9/2018 5:59:00 PM,Mid-Block (not related to intersection),11,"MOTOR VEHICLE STRUCK MOTOR VEHICLE, FRONT END AT ANGLE",,False,Clear or Partly Cloudy,Dry,Dark - Street Lights On,,,,11.0,From same direction - both going straight - both moving - sideswipe,0,0,False,0
-122.342887187122,47.6185521633366,199648,281292,282172,3754217,Matched,Block,,DENNY WAY BETWEEN AURORA NB AVE N AND DEXTER AVE, ,,1,Property Damage Only Collision,Pedestrian,2,0,1,1,0,0,2018-03-19 00:00:00+00,3/19/2018 10:43:00 AM,Mid-Block (not related to intersection),18,"MOTOR VEHICLE STRUCK PEDALCYCLIST, FRONT END AT ANGLE",,False,Clear or Partly Cloudy,Dry,Daylight,,,,5.0,Vehicle Strikes Pedalcyclist,0,0,False,0