longitude,latitude,objectid,inckey,coldetkey,reportno,status,addrtype,intkey,location,exceptrsncode,exceptrsndesc,severitycode,severitydesc,collisiontype,personcount,pedcount,pedcylcount,vehcount,injuries,fatalities,incdate,incdttm,junctiontype,sdot_colcode,sdot_coldesc,inattentionind,underinfl,weather,roadcond,lightcond,pedrownotgrnt,sdotcolnum,speeding,st_colcode,st_coldesc,seglanekey,crosswalkkey,hitparkedcar,seriousinjuries
-122.357690300052,47.646893104291,199652,280343,281243,3746806,Matched,Intersection,27759.0,FLORENTIA ST AND QUEEN ANNE W AVE N, ,,1,Property Damage Only Collision,Angles,3,0,0,3,0,0,2018-04-02 00:00:00+00,4/2/2018 7:59:00 AM,At Intersection (intersection related),11,"MOTOR VEHICLE STRUCK MOTOR VEHICLE, FRONT END AT ANGLE",,False,Clear or Partly Cloudy,Dry,Daylight,,,,10.0,Entering at angle,0,0,False,0
-122.377295175298,47.5005342289748,199653,281290,282170,3745519,Matched,Block,,37TH AVE SW BETWEEN SW OCEAN VIEW DR AND 35TH AVE SW, ,,1,Property Damage Only Collision,Parked Car,2,0,0,2,0,0,2018-04-07 00:00:00+00,4/7/2018 4:47:00 PM,Mid-Block (not related to intersection),0,NOT ENOUGH INFORMATION / NOT APPLICABLE,,False,Raining,Wet,Unknown,,,,32.0,One parked--one moving,0,0,True,0
-122.376190340515,47.5630572305704,199655,281284,282164,3742463,Matched,Block,,35TH AVE SW BETWEEN SW AVALON WAY AND SW SNOQUALMIE ST, ,,2,Injury Collision,Pedestrian,5,1,0,1,1,0,2018-04-06 00:00:00+00,4/6/2018 8:20:00 AM,Mid-Block (not related to intersection),24,MOTOR VEHCILE STRUCK PEDESTRIAN,True,False,Overcast,Wet,Daylight,,,,0.0,Vehicle going straight hits pedestrian,0,0,False,0
-122.376189317681,47.5640765983042,199656,280342,281242,3742505,Matched,Intersection,31899.0,35TH AVE SW AND SW AVALON WAY, ,,2,Injury Collision,Left Turn,2,0,0,2,2,0,2018-03-31 00:00:00+00,3/31/2018 1:38:00 PM,At Intersection (intersection related),11,"MOTOR VEHICLE STRUCK MOTOR VEHICLE, FRONT END AT ANGLE",True,False,Clear or Partly Cloudy,Dry,Daylight,,,,28.0,From opposite direction - one left turn - one straight,0,0,False,0
-122.383134524134,47.5466295114531,199657,280341,281241,3742462,Matched,Intersection,32837.0,FAUNTLEROY WAY SW AND SW GRAHAM ST, ,,2,Injury Collision,Angles,3,0,0,2,2,0,2018-04-04 00:00:00+00,4/4/2018 6:50:00 AM,At Intersection (intersection related),11,"MOTOR VEHICLE STRUCK MOTOR VEHICLE, FRONT END AT ANGLE",,False,Raining,Wet,Daylight,,,,10.0,Entering at angle,0,0,False,0
-122.306812365674,47.6884890850424,199658,280340,281240,3705738,Matched,Intersection,24717.0,20TH AVE NE AND NE 82ND ST, ,,1,Property Damage Only Collision,Angles,4,0,0,2,0,0,2018-04-03 00:00:00+00,4/3/2018 9:32:00 PM,At Intersection (intersection related),11,"MOTOR VEHICLE STRUCK MOTOR VEHICLE, FRONT END AT ANGLE",,False,Clear or Partly Cloudy,Dry,Dark - Street Lights On,,,,10.0,Entering at angle,0,0,False,0
-122.387280226758,47.5388902534233,199659,279344,280244,3742485,Matched,Intersection,33794.0,CALIFORNIA AVE SW AND SW ORCHARD ST, ,,2,Injury Collision,Cycles,2,0,1,1,1,0,2018-03-27 00:00:00+00,3/27/2018 8:39:00 AM,At Intersection (intersection related),51,PEDALCYCLIST STRUCK MOTOR VEHICLE FRONT END AT ANGLE,,False,Overcast,Wet,Dawn,True,,,45.0,Vehicle - Pedalcyclist,0,0,False,0
-122.334200814388,47.5798111383773,199660,280348,281248,3818755,Matched,Intersection,31372.0,1ST AVE S AND S LANDER ST, ,,2,Injury Collision,Pedestrian,3,1,0,1,1,0,2018-03-31 00:00:00+00,3/31/2018 3:50:00 PM,At Intersection (intersection related),24,MOTOR VEHCILE STRUCK PEDESTRIAN,,False,Clear or Partly Cloudy,Dry,Daylight,True,,,2.0,Vehicle turning left hits pedestrian,0,524927,False,0
-122.302381845241,47.6267592583863,199661,281819,282679,E786265,Matched,Intersection,29328.0,23RD AVE E AND E ALOHA ST, ,,1,Property Damage Only Collision,Angles,2,0,0,2,0,0,2018-04-02 00:00:00+00,4/2/2018 2:10:00 PM,At Intersection (intersection related),11,"MOTOR VEHICLE STRUCK MOTOR VEHICLE, FRONT END AT ANGLE",True,False,Clear or Partly Cloudy,Dry,Daylight,,,,10.0,Entering at angle,0,0,False,0
-122.384594703024,47.5793028237578,199662,281288,282168,3745516,Matched,Block,,SW LANDER ST BETWEEN 41ST AVE SW AND 42ND AVE SW, ,,1,Property Damage Only Collision,Parked Car,2,0,0,2,0,0,2018-04-06 00:00:00+00,4/6/2018 1:11:00 AM,Mid-Block (not related to intersection),14,"MOTOR VEHICLE STRUCK MOTOR VEHICLE, REAR END",,False,Overcast,Wet,Dark - Street Lights On,,,,32.0,One parked--one moving,0,0,True,0
-122.387260410304,47.5407309601413,199663,279343,280243,3742457,Matched,Intersection,33778.0,CALIFORNIA AVE SW AND SW FRONTENAC ST, ,,1,Property Damage Only Collision,Angles,4,0,0,2,0,0,2018-03-27 00:00:00+00,3/27/2018 3:46:00 PM,At Intersection (intersection related),11,"MOTOR VEHICLE STRUCK MOTOR VEHICLE, FRONT END AT ANGLE",,False,Overcast,Dry,Daylight,,,,10.0,Entering at angle,0,0,False,0
-122.360479084288,47.5246933453018,199664,279342,280242,3742456,Matched,Intersection,34861.0,DELRIDGE WAY SW AND SW TRENTON ST, ,,2,Injury Collision,Left Turn,3,0,0,2,1,0,2018-03-26 00:00:00+00,3/26/2018 5:03:00 PM,At Intersection (intersection related),11,"MOTOR VEHICLE STRUCK MOTOR VEHICLE, FRONT END AT ANGLE",,False,Clear or Partly Cloudy,Dry,Daylight,,,,28.0,From opposite direction - one left turn - one straight,0,0,False,0
-122.316835849242,47.6141037689148,199665,279341,280241,3702408,Matched,Intersection,29748.0,12TH AVE AND E PIKE ST, ,,1,Property Damage Only Collision,Other,1,0,0,1,0,0,2018-03-28 00:00:00+00,3/28/2018 3:16:00 AM,At Intersection (intersection related),28,MOTOR VEHICLE RAN OFF ROAD - HIT FIXED OBJECT,,False,Overcast,Wet,Dark - Street Lights On,,,,50.0,Fixed object,0,0,False,0
-122.302427170731,47.6043269605499,199667,281822,282682,E786350,Matched,Intersection,30102.0,23RD AVE AND E ALDER ST, ,,1,Property Damage Only Collision,Other,1,0,0,1,0,0,2018-04-02 00:00:00+00,4/2/2018 3:30:00 AM,At Intersection (intersection related),28,MOTOR VEHICLE RAN OFF ROAD - HIT FIXED OBJECT,,False,Overcast,Dry,Dark - Street Lights On,,,,50.0,Fixed object,0,0,False,0
-122.37036726937,47.6347407240056,199668,280347,281247,3811949,Matched,Intersection,27959.0,10TH AVE W AND W BLAINE ST, ,,1,Property Damage Only Collision,Angles,2,0,0,2,0,0,2018-04-04 00:00:00+00,4/4/2018 6:07:00 PM,At Intersection (intersection related),11,"MOTOR VEHICLE STRUCK MOTOR VEHICLE, FRONT END AT ANGLE",True,False,Clear or Partly Cloudy,Dry,Daylight,,,,10.0,Entering at angle,0,0,False,0
-122.361185628289,47.5372672130584,199669,281286,282166,3745444,Matched,Block,,DELRIDGE WAY SW BETWEEN SW ORCHARD ST AND SYLVAN WAY SW, ,,1,Property Damage Only Collision,Rear Ended,2,0,0,2,0,0,2018-04-04 00:00:00+00,4/4/2018 2:03:00 PM,Mid-Block (but intersection related),14,"MOTOR VEHICLE STRUCK MOTOR VEHICLE, REAR END",,False,Raining,Wet,Daylight,,,,14.0,From same direction - both going straight - one stopped - rear-end,0,0,False,0
-122.337151495891,47.622036460816,199670,279340,280240,3583887,Matched,Intersection,28779.0,HARRISON ST AND TERRY AVE N, ,,1,Property Damage Only Collision,Angles,2,0,0,2,0,0,2018-03-27 00:00:00+00,3/27/2018 10:43:00 PM,At Intersection (intersection related),11,"MOTOR VEHICLE STRUCK MOTOR VEHICLE, FRONT END AT ANGLE",,False,Overcast,Dry,Dark - Street Lights On,,,,10.0,Entering at angle,0,0,False,0
-122.359219781257,47.6300147395723,199672,279317,280217,E782805,Matched,Block,,2ND AVE W BETWEEN W HIGHLAND DR AND W COMSTOCK ST,NEI,"Not Enough Information, or Insufficient Location Information",1,Property Damage Only Collision,Parked Car,2,0,0,2,0,0,2018-03-25 00:00:00+00,3/25/2018 11:00:00 AM,,0,NOT ENOUGH INFORMATION / NOT APPLICABLE,,False,Clear or Partly Cloudy,Dry,Daylight,,,,32.0,One parked--one moving,0,0,True,0
-122.358340002417,47.5714633185225,199673,279297,280197,E782574,Matched,Block,,SW SPOKANE ST BETWEEN TERMINAL 5 ACCESS RP AND WEST MARGINAL TURN RD, ,,2,Injury Collision,Rear Ended,5,0,0,4,2,0,2018-03-26 00:00:00+00,3/26/2018 5:54:00 PM,Mid-Block (not related to intersection),14,"MOTOR VEHICLE STRUCK MOTOR VEHICLE, REAR END",True,False,Other,Dry,Daylight,,,,13.0,From same direction - both going straight - both moving - rear-end,0,0,False,0
-122.355492926519,47.6524751017682,199674,281820,282680,E786266,Matched,Intersection,27015.0,GREENWOOD AVE N AND N 36TH ST, ,,1,Property Damage Only Collision,Rear Ended,2,0,0,2,0,0,2018-04-07 00:00:00+00,4/7/2018 12:22:00 AM,At Intersection (intersection related),14,"MOTOR VEHICLE STRUCK MOTOR VEHICLE, REAR END",,False,Clear or Partly Cloudy,Dry,Dark - Street Lights On,,,,13.0,From same direction - both going straight - both moving - rear-end,0,0,False,0
-122.305827396494,47.5884106013236,199675,280346,281246,3782784,Matched,Intersection,31517.0,RAINIER AVE S AND S MASSACHUSETTS ST, ,,1,Property Damage Only Collision,Angles,2,0,0,2,0,0,2018-04-01 00:00:00+00,4/1/2018 2:55:00 AM,At Intersection (intersection related),11,"MOTOR VEHICLE STRUCK MOTOR VEHICLE, FRONT END AT ANGLE",,False,Clear or Partly Cloudy,Dry,Dark - Street Lights On,,,,10.0,Entering at angle,0,0,False,0
-122.353344488608,47.5840826984232,199676,281289,282169,3745517,Matched,Block,,SW FLORIDA ST BETWEEN 13TH AVE SW AND 16TH AVE SW, ,,1,Property Damage Only Collision,Other,1,0,0,1,0,0,2018-04-07 00:00:00+00,4/7/2018 7:00:00 AM,Mid-Block (not related to intersection),28,MOTOR VEHICLE RAN OFF ROAD - HIT FIXED OBJECT,,False,Raining,Wet,Daylight,,,True,50.0,Fixed object,0,0,False,0
-122.317568398781,47.6014450860567,199677,279277,280177,E782637,Matched,Block,,BOREN AVE S BETWEEN E YESLER WAY AND 12TH AVE S TURN RD, ,,1,Property Damage Only Collision,Left Turn,2,0,0,2,0,0,2018-03-21 00:00:00+00,3/21/2018 9:52:00 AM,Mid-Block (but intersection related),14,"MOTOR VEHICLE STRUCK MOTOR VEHICLE, REAR END",,False,Clear or Partly Cloudy,Dry,Daylight,,,,15.0,From same direction - one left turn - one straight,0,0,False,0
-122.35920046061,47.5173630927541,199678,278558,279458,3742503,Matched,Intersection,34909.0,20TH AVE SW AND SW ROXBURY ST, ,,1,Property Damage Only Collision,Angles,2,0,0,2,0,0,2018-03-23 00:00:00+00,3/23/2018 8:07:00 PM,At Intersection (intersection related),11,"MOTOR VEHICLE STRUCK MOTOR VEHICLE, FRONT END AT ANGLE",,False,Overcast,Wet,Dark - Street Lights On,,,,10.0,Entering at angle,0,0,False,0
-122.3462916082,47.6214836541242,199679,278557,279457,3704008,Matched,Block,,TAYLOR AVE N BETWEEN THOMAS ST AND HARRISON ST, ,,1,Property Damage Only Collision,Parked Car,2,0,0,2,0,0,2018-03-24 00:00:00+00,3/24/2018 3:00:00 PM,Mid-Block (not related to intersection),11,"MOTOR VEHICLE STRUCK MOTOR VEHICLE, FRONT END AT ANGLE",True,False,Overcast,Dry,Daylight,,,,32.0,One parked--one moving,0,0,False,0
-122.355093574935,47.5237894645501,199680,281285,282165,3745443,Matched,Block,,16TH AVE SW BETWEEN SW TRENTON ST AND SW HENDERSON ST, ,,1,Property Damage Only Collision,Parked Car,3,0,0,3,0,0,2018-03-30 00:00:00+00,3/30/2018 2:11:00 AM,Mid-Block (not related to intersection),14,"MOTOR VEHICLE STRUCK MOTOR VEHICLE, REAR END",,False,Clear or Partly Cloudy,Dry,Dark - Street Lights On,,,,32.0,One parked--one moving,0,0,True,0
-122.343987560264,47.6905585259761,199681,283820,284720,E788147,Matched,Block,,N 85TH ST BETWEEN AURORA AVE N AND NESBIT AVE N, ,,2,Injury Collision,Sideswipe,3,0,0,3,1,0,2018-04-09 00:00:00+00,4/9/2018 4:26:00 PM,Mid-Block (not related to intersection),14,"MOTOR VEHICLE STRUCK MOTOR VEHICLE, REAR END",True,False,Clear or Partly Cloudy,Dry,Daylight,,,,11.0,From same direction - both going straight - both moving - sideswipe,0,0,False,0
-122.325622807135,47.5516925324549,199682,283777,284677,E790335,Matched,Block,,S ORCAS ST BETWEEN 6TH AVE S AND 7TH AVE S,NEI,"Not Enough Information, or Insufficient Location Information",1,Property Damage Only Collision,Parked Car,2,0,0,2,0,0,2018-04-17 00:00:00+00,4/17/2018 3:14:00 PM,Mid-Block (not related to intersection),13,"MOTOR VEHICLE STRUCK MOTOR VEHICLE, LEFT SIDE AT ANGLE",,False,Clear or Partly Cloudy,Wet,Daylight,,,,32.0,One parked--one moving,0,0,True,0
-122.360938512795,47.6389891285835,199683,283078,283938,E787376,Matched,Block,,3RD AVE W BETWEEN W BOSTON ST AND W MCGRAW ST, ,,1,Property Damage Only Collision,Parked Car,2,0,0,2,0,0,2018-04-09 00:00:00+00,4/9/2018 12:03:00 PM,Mid-Block (not related to intersection),11,"MOTOR VEHICLE STRUCK MOTOR VEHICLE, FRONT END AT ANGLE",,False,Unknown,Unknown,Unknown,,,,32.0,One parked--one moving,0,0,False,0
-122.386970247731,47.668680545509,199684,282493,283353,E784218,Matched,Block,,NW MARKET ST BETWEEN BALLARD AVE NW AND 24TH AVE NW, ,,2,Injury Collision,Other,2,0,0,2,1,0,2018-03-31 00:00:00+00,3/31/2018 2:59:00 PM,Mid-Block (not related to intersection),11,"MOTOR VEHICLE STRUCK MOTOR VEHICLE, FRONT END AT ANGLE",,False,Clear or Partly Cloudy,Dry,Daylight,,,,23.0,From same direction - all others,0,0,False,0
-122.349642279044,47.6185791172524,199685,282488,283348,3812026,Matched,Block,,DENNY WAY BETWEEN BROAD ST AND 4TH AVE, ,,2,Injury Collision,Pedestrian,2,1,0,1,1,0,2018-04-13 00:00:00+00,4/13/2018 5:15:00 AM,Mid-Block (not related to intersection),24,MOTOR VEHCILE STRUCK PEDESTRIAN,,False,Raining,Wet,Dark - Street Lights On,,,,2.0,Vehicle turning left hits pedestrian,0,0,False,0
-122.296324883463,47.7201872925352,199686,283818,284718,E788117,Matched,Block,,30TH AVE NE BETWEEN NE 125TH ST AND NE 127TH ST, ,,2,Injury Collision,Rear Ended,2,0,0,2,1,0,2018-04-12 00:00:00+00,4/12/2018 2:49:00 PM,Mid-Block (not related to intersection),14,"MOTOR VEHICLE STRUCK MOTOR VEHICLE, REAR END",,False,Overcast,Dry,Daylight,,,,13.0,From same direction - both going straight - both moving - rear-end,0,0,False,0
-122.320208112834,47.619912461075,199687,281826,282686,2617397,Matched,Block,,E JOHN ST BETWEEN BROADWAY E AND 10TH AVE E, ,,2,Injury Collision,Parked Car,3,0,0,3,1,0,2018-04-10 00:00:00+00,4/10/2018 9:30:00 AM,Mid-Block (not related to intersection),11,"MOTOR VEHICLE STRUCK MOTOR VEHICLE, FRONT END AT ANGLE",,False,Raining,Wet,Daylight,,,,20.0,One car leaving parked position,0,0,False,0
-122.29153578023,47.5452390448712,199688,283097,283957,E787388,Matched,Block,,32ND AVE S BETWEEN S GRAHAM ST AND S MORGAN ST, ,,1,Property Damage Only Collision,Rear Ended,2,0,0,2,0,0,2018-04-06 00:00:00+00,4/6/2018 8:55:00 AM,Mid-Block (not related to intersection),14,"MOTOR VEHICLE STRUCK MOTOR VEHICLE, REAR END",True,False,Clear or Partly Cloudy,Wet,Daylight,,,,14.0,From same direction - both going straight - one stopped - rear-end,0,0,False,0
-122.355459678176,47.7059898025787,199690,283059,283919,E787108,Matched,Block,,GREENWOOD AVE N BETWEEN HOLMAN RD N AND N 107TH ST, ,,1,Property Damage Only Collision,Sideswipe,3,0,0,3,0,0,2018-04-06 00:00:00+00,4/6/2018 10:12:00 AM,Mid-Block (not related to intersection),11,"MOTOR VEHICLE STRUCK MOTOR VEHICLE, FRONT END AT ANGLE",,False,Raining,Wet,Daylight,,,True,11.0,From same direction - both going straight - both moving - sideswipe,0,0,False,0
-122.323498379883,47.6613360374481,199693,284620,285500,E791809,Matched,Block,,NE 45TH ST BETWEEN 4TH AVE NE AND 5TH AVE NE, ,,1,Property Damage Only Collision,Other,3,0,0,2,0,0,2018-04-24 00:00:00+00,4/24/2018 10:46:00 AM,Mid-Block (not related to intersection),11,"MOTOR VEHICLE STRUCK MOTOR VEHICLE, FRONT END AT ANGLE",,False,Clear or Partly Cloudy,Dry,Daylight,,,,23.0,From same direction - all others,0,0,False,0
-122.344996819426,47.7250341828433,199694,283797,284697,E790336,Matched,Block,,AURORA AVE N BETWEEN N 130TH ST AND N 135TH ST, ,,1,Property Damage Only Collision,Parked Car,2,0,0,2,0,0,2018-04-19 00:00:00+00,4/19/2018 3:40:00 PM,Mid-Block (not related to intersection),11,"MOTOR VEHICLE STRUCK MOTOR VEHICLE, FRONT END AT ANGLE",,False,Clear or Partly Cloudy,Dry,Daylight,,,,32.0,One parked--one moving,0,0,False,0
-122.343980735808,47.6226061498006,199695,283079,283939,E787378,Matched,Block,,AURORA AVE N BETWEEN HARRISON ST AND REPUBLICAN ST, ,,1,Property Damage Only Collision,Sideswipe,2,0,0,2,0,0,2018-04-10 00:00:00+00,4/10/2018 9:55:00 AM,Mid-Block (not related to intersection),11,"MOTOR VEHICLE STRUCK MOTOR VEHICLE, FRONT END AT ANGLE",,False,Overcast,Wet,Daylight,,,,11.0,From same direction - both going straight - both moving - sideswipe,0,0,False,0
-122.267021544344,47.5315874761921,199697,282489,283349,3818441,Matched,Block,,S KENYON ST BETWEEN DUNCAN AVE S AND SEWARD PARK AVE S, ,,2,Injury Collision,Sideswipe,4,0,0,2,1,0,2018-04-10 00:00:00+00,4/10/2018 7:16:00 PM,Mid-Block (not related to intersection),11,"MOTOR VEHICLE STRUCK MOTOR VEHICLE, FRONT END AT ANGLE",,False,Clear or Partly Cloudy,Dry,Dusk,,,,81.0,Same direction -- both turning left -- both moving -- sideswipe,0,0,False,0
-122.33173015963,47.5715775132611,199698,283819,284719,3578910,Matched,Block,,WEST SEATTLE BR WB BETWEEN I5 NB - W SEATTLE BR RP AND 1ST AV S OFF RP, ,,2,Injury Collision,Sideswipe,3,0,0,2,1,0,2018-04-24 00:00:00+00,4/24/2018 9:39:00 PM,Mid-Block (not related to intersection),14,"MOTOR VEHICLE STRUCK MOTOR VEHICLE, REAR END",,False,Clear or Partly Cloudy,Dry,Dark - Street Lights On,,,True,11.0,From same direction - both going straight - both moving - sideswipe,0,0,False,0
-122.293193745219,47.7228990657175,199699,281824,282684,E786677,Matched,Intersection,36052.0,LAKE CITY WAY NE AND NE 130TH ST, ,,2,Injury Collision,Pedestrian,2,1,0,1,1,0,2018-04-09 00:00:00+00,4/9/2018 7:18:00 AM,At Intersection (intersection related),24,MOTOR VEHCILE STRUCK PEDESTRIAN,,False,Clear or Partly Cloudy,Dry,Daylight,True,,,2.0,Vehicle turning left hits pedestrian,0,523063,False,0
-122.31308447915,47.5979126521855,199700,283759,284659,E790682,Matched,Block,,RAINIER AVE S BETWEEN S KING ST AND S WELLER ST, ,,1,Property Damage Only Collision,Rear Ended,2,0,0,2,0,0,2018-04-20 00:00:00+00,4/20/2018 6:24:00 PM,Mid-Block (not related to intersection),14,"MOTOR VEHICLE STRUCK MOTOR VEHICLE, REAR END",,False,Clear or Partly Cloudy,Dry,Daylight,,,,14.0,From same direction - both going straight - one stopped - rear-end,0,0,False,0
-122.317785975059,47.7044646531312,199701,283077,283937,E787110,Matched,Block,,ROOSEVELT WAY NE BETWEEN NE 104TH ST AND NE 105TH ST, ,,2,Injury Collision,Sideswipe,2,0,0,2,2,0,2018-04-06 00:00:00+00,4/6/2018 7:03:00 AM,Mid-Block (not related to intersection),11,"MOTOR VEHICLE STRUCK MOTOR VEHICLE, FRONT END AT ANGLE",,False,Overcast,Wet,Daylight,,,,26.0,From opposite direction - both going straight - sideswipe,0,0,False,0
-122.323953246271,47.5839760052809,199704,282487,283347,3812002,Matched,Block,,S WALKER ST BETWEEN DEAD END 7 AND 8TH AVE S, ,,1,Property Damage Only Collision,Parked Car,2,0,0,2,0,0,2018-04-18 00:00:00+00,4/18/2018 9:21:00 PM,Mid-Block (not related to intersection),11,"MOTOR VEHICLE STRUCK MOTOR VEHICLE, FRONT END AT ANGLE",,True,Overcast,Dry,Dark - Street Lights On,,,,32.0,One parked--one moving,0,0,True,0
-122.296271415815,47.7175233452613,199705,284637,285517,3705980,Matched,Block,,LAKE CITY WAY NE BETWEEN NE 123RD ST AND 30TH N AVE NE, ,,2,Injury Collision,Sideswipe,2,0,0,2,1,0,2018-04-28 00:00:00+00,4/28/2018 1:05:00 AM,Mid-Block (not related to intersection),11,"MOTOR VEHICLE STRUCK MOTOR VEHICLE, FRONT END AT ANGLE",True,False,Overcast,Wet,Dark - Street Lights On,,,,11.0,From same direction - both going straight - both moving - sideswipe,0,0,False,0
-122.325954854144,47.7086114532692,199706,281823,282683,E786351,Matched,Intersection,36587.0,3RD AVE NE AND NE NORTHGATE WAY, ,,1,Property Damage Only Collision,Other,2,0,0,2,0,0,2018-03-24 00:00:00+00,3/24/2018 10:25:00 AM,At Intersection (intersection related),11,"MOTOR VEHICLE STRUCK MOTOR VEHICLE, FRONT END AT ANGLE",,False,Unknown,Unknown,Daylight,,,,23.0,From same direction - all others,0,0,False,0
-122.309523187684,47.6893670711877,199707,283817,284717,E788110,Matched,Block,,LAKE CITY WAY NE BETWEEN 17TH AVE NE AND 18TH AVE NE, ,,2,Injury Collision,Rear Ended,2,0,0,2,1,0,2018-04-01 00:00:00+00,4/1/2018 3:28:00 PM,Mid-Block (but intersection related),14,"MOTOR VEHICLE STRUCK MOTOR VEHICLE, REAR END",,False,Raining,Wet,Daylight,,,,14.0,From same direction - both going straight - one stopped - rear-end,0,0,False,0
-122.336759427771,47.6069412631206,199708,283080,283940,E787379,Matched,Block,,2ND AVE BETWEEN SENECA ST AND UNIVERSITY ST, ,,1,Property Damage Only Collision,Parked Car,4,0,0,2,0,0,2018-04-10 00:00:00+00,4/10/2018 3:11:00 PM,Mid-Block (not related to intersection),11,"MOTOR VEHICLE STRUCK MOTOR VEHICLE, FRONT END AT ANGLE",True,False,Clear or Partly Cloudy,Dry,Daylight,,,,20.0,One car leaving parked position,0,0,False,0
-122.316728153968,47.6248090022727,199728,286397,287257,3329432,Matched,Block,,12TH AVE E BETWEEN E MERCER ST AND E ROY ST, ,,2,Injury Collision,Parked Car,2,0,0,2,1,0,2018-05-06 00:00:00+00,5/6/2018 7:31:00 PM,Mid-Block (not related to intersection),11,"MOTOR VEHICLE STRUCK MOTOR VEHICLE, FRONT END AT ANGLE",True,True,Clear or Partly Cloudy,Dry,Daylight,,,,32.0,One parked--one moving,0,0,True,0
-122.350825665033,47.6130884662316,199709,282490,283350,E783556,Matched,Block,,WALL ST BETWEEN ALASKAN WAY AND ELLIOTT AVE, ,,1,Property Damage Only Collision,Sideswipe,3,0,0,2,0,0,2018-02-10 00:00:00+00,2/10/2018 7:58:00 PM,Mid-Block (not related to intersection),11,"MOTOR VEHICLE STRUCK MOTOR VEHICLE, FRONT END AT ANGLE",,False,Clear or Partly Cloudy,Dry,Dark - Street Lights On,,,,11.0,From same direction - both going straight - both moving - sideswipe,0,0,False,0
-122.306318994157,47.6080168108188,199792,280358,281250,E783217,Matched,Intersection,30176.0,20TH AVE AND E CHERRY ST, ,,2,Injury Collision,Angles,2,0,0,2,1,0,2018-03-27 00:00:00+00,3/27/2018 3:41:00 PM,At Intersection (intersection related),11,"MOTOR VEHICLE STRUCK MOTOR VEHICLE, FRONT END AT ANGLE",,False,Overcast,Dry,Daylight,,,,10.0,Entering at angle,0,0,False,0
-122.287094783699,47.5512323012311,199711,281827,282687,3581272,Matched,Block,,S ORCAS ST BETWEEN M L KING JR ER WAY S AND 37TH AVE S, ,,1,Property Damage Only Collision,Parked Car,2,0,0,2,0,0,2018-04-09 00:00:00+00,4/9/2018 7:48:00 PM,Mid-Block (not related to intersection),14,"MOTOR VEHICLE STRUCK MOTOR VEHICLE, REAR END",,False,Clear or Partly Cloudy,Dry,Daylight,,,,32.0,One parked--one moving,0,0,True,0
-122.317722714649,47.6605773786858,199713,286583,287443,E795440,Matched,Block,,ROOSEVELT WAY NE BETWEEN NE 43RD N ST AND NE 45TH ST, ,,2,Injury Collision,Pedestrian,2,0,1,1,1,0,2018-04-26 00:00:00+00,4/26/2018 11:30:00 AM,Driveway Junction,18,"MOTOR VEHICLE STRUCK PEDALCYCLIST, FRONT END AT ANGLE",,False,Clear or Partly Cloudy,Dry,Daylight,,,,5.0,Vehicle Strikes Pedalcyclist,0,0,False,0
-122.262379754359,47.5019373056152,199715,286558,287418,E795260,Matched,Block,,56TH AVE S BETWEEN S LEO E ST AND S AVON ST,NEI,"Not Enough Information, or Insufficient Location Information",1,Property Damage Only Collision,Parked Car,2,0,0,2,0,0,2018-04-28 00:00:00+00,4/28/2018,Mid-Block (not related to intersection),14,"MOTOR VEHICLE STRUCK MOTOR VEHICLE, REAR END",,False,Raining,Wet,Dark - Street Lights On,,,,32.0,One parked--one moving,0,0,True,0
-122.334311746257,47.6249058756342,199716,286437,287297,3812108,Matched,Block,,FAIRVIEW AVE N BETWEEN MERCER ST AND ROY ST, ,,1,Property Damage Only Collision,Sideswipe,3,0,0,2,0,0,2018-05-05 00:00:00+00,5/5/2018 3:12:00 PM,Mid-Block (not related to intersection),14,"MOTOR VEHICLE STRUCK MOTOR VEHICLE, REAR END",,False,Clear or Partly Cloudy,Dry,Daylight,,,,12.0,From same direction - both going straight - one stopped - sideswipe,0,0,False,0
-122.390141868672,47.6712829423354,199717,286665,287525,3694702,Matched,Block,,26TH AVE NW BETWEEN NW 58TH ST AND NW 59TH ST, ,,2,Injury Collision,Angles,5,0,0,2,1,0,2018-05-08 00:00:00+00,5/8/2018 10:13:00 PM,Mid-Block (not related to intersection),11,"MOTOR VEHICLE STRUCK MOTOR VEHICLE, FRONT END AT ANGLE",,False,Raining,Wet,Dark - Street Lights On,,,,10.0,Entering at angle,0,0,False,0
-122.300906148634,47.6605099719988,199718,286670,287530,3706214,Matched,Intersection,27294.0,25TH AVE NE AND NE 44TH ST, ,,2,Injury Collision,Rear Ended,4,0,0,2,3,0,2018-05-11 00:00:00+00,5/11/2018 10:30:00 PM,At Intersection (intersection related),14,"MOTOR VEHICLE STRUCK MOTOR VEHICLE, REAR END",,False,Clear or Partly Cloudy,Dry,Dark - Street Lights On,,,,14.0,From same direction - both going straight - one stopped - rear-end,0,0,False,0
-122.279016946135,47.6391134585162,199720,286418,287278,3702529,Matched,Block,,E LYNN ST BETWEEN 41ST AVE E AND 42ND AVE E, ,,1,Property Damage Only Collision,Parked Car,2,0,0,2,0,0,2018-05-05 00:00:00+00,5/5/2018 4:39:00 PM,Mid-Block (not related to intersection),11,"MOTOR VEHICLE STRUCK MOTOR VEHICLE, FRONT END AT ANGLE",,False,Clear or Partly Cloudy,Dry,Daylight,,,,32.0,One parked--one moving,0,0,True,0