longitude,latitude,objectid,inckey,coldetkey,reportno,status,addrtype,intkey,location,exceptrsncode,exceptrsndesc,severitycode,severitydesc,collisiontype,personcount,pedcount,pedcylcount,vehcount,injuries,fatalities,incdate,incdttm,junctiontype,sdot_colcode,sdot_coldesc,inattentionind,underinfl,weather,roadcond,lightcond,pedrownotgrnt,sdotcolnum,speeding,st_colcode,st_coldesc,seglanekey,crosswalkkey,hitparkedcar,seriousinjuries
-122.312938039999,47.6406663874856,199721,286417,287277,3812062,Matched,Block,,BOYER AVE E BETWEEN 15TH AVE E AND 14TH AVE E, ,,1,Property Damage Only Collision,Parked Car,2,0,0,2,0,0,2018-05-05 00:00:00+00,5/5/2018 10:33:00 AM,Mid-Block (not related to intersection),16,"MOTOR VEHICLE STRUCK MOTOR VEHICLE, LEFT SIDE SIDESWIPE",,False,Clear or Partly Cloudy,Dry,Daylight,,,,32.0,One parked--one moving,0,0,True,0
-122.361185628289,47.5372672130584,199722,286399,287259,3745926,Matched,Block,,DELRIDGE WAY SW BETWEEN SW ORCHARD ST AND SYLVAN WAY SW, ,,2,Injury Collision,Rear Ended,5,0,0,3,2,0,2018-05-05 00:00:00+00,5/5/2018 11:50:00 PM,Mid-Block (not related to intersection),14,"MOTOR VEHICLE STRUCK MOTOR VEHICLE, REAR END",True,False,Overcast,Dry,Dark - Street Lights On,,,,14.0,From same direction - both going straight - one stopped - rear-end,0,0,False,0
-122.392767473675,47.5258279634757,199723,286398,287258,3742382,Matched,Block,,FAUNTLEROY WAY SW BETWEEN SW CLOVERDALE ST AND SW TRENTON ST, ,,1,Property Damage Only Collision,Rear Ended,3,0,0,3,0,0,2018-05-06 00:00:00+00,5/6/2018 3:57:00 PM,Mid-Block (not related to intersection),14,"MOTOR VEHICLE STRUCK MOTOR VEHICLE, REAR END",True,False,Overcast,Dry,Daylight,,,,14.0,From same direction - both going straight - one stopped - rear-end,0,0,False,0
-122.343647249405,47.6254079806783,199724,286897,287777,E795983,Matched,Intersection,28740.0,AURORA AVE N AND ROY ST, ,,1,Property Damage Only Collision,Rear Ended,2,0,0,2,0,0,2018-04-27 00:00:00+00,4/27/2018 7:44:00 AM,At Intersection (intersection related),14,"MOTOR VEHICLE STRUCK MOTOR VEHICLE, REAR END",,False,Overcast,Dry,Daylight,,,,14.0,From same direction - both going straight - one stopped - rear-end,0,0,False,0
-122.360815907732,47.7087426458138,199726,286668,287528,3706006,Matched,Intersection,36258.0,3RD AVE NW AND NW 110TH ST, ,,1,Property Damage Only Collision,Angles,4,0,0,2,0,0,2018-05-12 00:00:00+00,5/12/2018 8:55:00 AM,At Intersection (intersection related),14,"MOTOR VEHICLE STRUCK MOTOR VEHICLE, REAR END",,False,Clear or Partly Cloudy,Dry,Daylight,,,,10.0,Entering at angle,0,0,False,0
-122.360648301433,47.6894720112866,199730,286381,287241,E795446,Matched,Block,,3RD AVE NW BETWEEN NW 83RD ST AND NW 84TH ST, ,,2b,Serious Injury Collision,Angles,3,0,0,2,1,0,2018-05-04 00:00:00+00,5/4/2018 3:38:00 PM,Mid-Block (not related to intersection),11,"MOTOR VEHICLE STRUCK MOTOR VEHICLE, FRONT END AT ANGLE",,False,Clear or Partly Cloudy,Dry,Daylight,,,,10.0,Entering at angle,0,0,False,1
-122.284901563539,47.6358016433128,199731,286666,287526,3702637,Matched,Block,,E HOWE ST BETWEEN DEAD END 4 AND 37TH PL E, ,,1,Property Damage Only Collision,Other,1,0,0,1,0,0,2018-05-10 00:00:00+00,5/10/2018 10:17:00 PM,Mid-Block (not related to intersection),28,MOTOR VEHICLE RAN OFF ROAD - HIT FIXED OBJECT,,True,Overcast,Dry,Dark - Street Lights On,,,,50.0,Fixed object,0,0,False,0
-122.345338191978,47.6625101941988,199732,286671,287531,3706215,Matched,Block,,GREEN LAKE WAY N BETWEEN N 46TH ST AND WOODLAND PARK AVE N, ,,2,Injury Collision,Pedestrian,2,1,0,1,1,0,2018-05-12 00:00:00+00,5/12/2018 12:25:00 AM,Mid-Block (not related to intersection),24,MOTOR VEHCILE STRUCK PEDESTRIAN,,False,Clear or Partly Cloudy,Dry,Dark - Street Lights On,,,,0.0,Vehicle going straight hits pedestrian,0,0,False,0
-122.301834565916,47.6601492896788,199735,284722,285602,3479512,Matched,Intersection,287161.0,BURKE GILMAN TRL AND PEND OREILLE RD NE, ,,1,Property Damage Only Collision,Other,1,0,0,1,0,0,2018-03-08 00:00:00+00,3/8/2018 3:44:00 AM,At Intersection (intersection related),26,MOTOR VEHICLE STRUCK OBJECT IN ROAD,True,False,Overcast,Wet,Dark - Street Lights On,,,,50.0,Fixed object,0,0,False,0
-122.329544807963,47.5541400836498,199736,284721,285601,3170681,Matched,Intersection,33155.0,4TH AVE S AND S BRANDON ST, ,,1,Property Damage Only Collision,Angles,2,0,0,2,0,0,2018-03-30 00:00:00+00,3/30/2018 3:15:00 PM,At Intersection (intersection related),14,"MOTOR VEHICLE STRUCK MOTOR VEHICLE, REAR END",,False,Clear or Partly Cloudy,Dry,Daylight,,,,10.0,Entering at angle,0,0,False,0
-122.34238173082,47.6208883946044,199737,284719,285599,E791902,Matched,Intersection,28788.0,DEXTER AVE N AND THOMAS ST, ,,2,Injury Collision,Angles,2,0,1,1,1,0,2018-04-13 00:00:00+00,4/13/2018 5:15:00 PM,At Intersection (intersection related),51,PEDALCYCLIST STRUCK MOTOR VEHICLE FRONT END AT ANGLE,,False,Clear or Partly Cloudy,Wet,Daylight,,,,10.0,Entering at angle,0,0,False,0
-122.323079566964,47.6972339047704,199739,286669,287529,3706105,Matched,Block,,5TH AVE NE BETWEEN NE 94TH ST AND NE 95TH ST, ,,2,Injury Collision,Parked Car,2,0,0,2,1,0,2018-05-10 00:00:00+00,5/10/2018 7:19:00 AM,Mid-Block (not related to intersection),14,"MOTOR VEHICLE STRUCK MOTOR VEHICLE, REAR END",,False,Overcast,Dry,Daylight,,,,32.0,One parked--one moving,0,0,False,0
-122.392734038159,47.5285471460859,199741,286664,287524,3605969,Matched,Block,,FAUNTLEROY WAY SW BETWEEN SW THISTLE ST AND FAUNTLEROY PL SW, ,,2,Injury Collision,Cycles,3,0,1,1,1,0,2018-05-13 00:00:00+00,5/13/2018 11:18:00 AM,Mid-Block (not related to intersection),18,"MOTOR VEHICLE STRUCK PEDALCYCLIST, FRONT END AT ANGLE",,False,Clear or Partly Cloudy,Dry,Daylight,,,,6.0,Pedalcyclist Strikes Moving Vehicle,0,0,False,0
-122.339741461175,47.6246868616371,199742,284697,285577,E791903,Matched,Intersection,589793.0,9TH AVE N AND MERCER NR ST, ,,2,Injury Collision,Angles,2,0,0,2,1,0,2018-04-07 00:00:00+00,4/7/2018 3:25:00 PM,At Intersection (intersection related),11,"MOTOR VEHICLE STRUCK MOTOR VEHICLE, FRONT END AT ANGLE",,False,Clear or Partly Cloudy,Dry,Daylight,,,,10.0,Entering at angle,0,0,False,0
-122.386159122215,47.5912549812778,199743,284677,285557,E791821,Matched,Block,,CALIFORNIA AVE SW BETWEEN SW DONALD ST AND SW ATLANTIC ST, ,,1,Property Damage Only Collision,Parked Car,2,0,0,2,0,0,2018-04-22 00:00:00+00,4/22/2018 5:14:00 PM,Mid-Block (not related to intersection),13,"MOTOR VEHICLE STRUCK MOTOR VEHICLE, LEFT SIDE AT ANGLE",,False,Clear or Partly Cloudy,Dry,Daylight,,,,32.0,One parked--one moving,0,0,False,0
-122.280804747878,47.52518425782,199744,284657,285537,3782847,Matched,Block,,42ND AVE S BETWEEN S CLOVERDALE ST AND S TRENTON ST, ,,1,Property Damage Only Collision,Parked Car,2,0,0,2,0,0,2018-04-28 00:00:00+00,4/28/2018 1:53:00 AM,Driveway Junction,14,"MOTOR VEHICLE STRUCK MOTOR VEHICLE, REAR END",,False,Clear or Partly Cloudy,Wet,Dark - No Street Lights,,,,32.0,One parked--one moving,0,0,True,0
-122.333977184684,47.7077552720147,199745,286672,287532,3706216,Matched,Block,,MERIDIAN AVE N BETWEEN N 107TH ST AND N NORTHGATE WAY, ,,2,Injury Collision,Other,1,0,0,1,1,0,2018-05-12 00:00:00+00,5/12/2018 8:37:00 AM,Mid-Block (not related to intersection),29,MOTOR VEHICLE OVERTURNED IN ROAD,,False,Clear or Partly Cloudy,Dry,Daylight,,,,57.0,All other non-collision,0,0,False,0
-122.344343735608,47.5715600211014,199746,286581,287441,E795371,Matched,Block,,S SPOKANE ST BETWEEN SW SPOKANE ST AND S SPOKANE NR ST, ,,1,Property Damage Only Collision,Sideswipe,2,0,0,2,0,0,2018-04-24 00:00:00+00,4/24/2018 5:16:00 AM,Mid-Block (not related to intersection),11,"MOTOR VEHICLE STRUCK MOTOR VEHICLE, FRONT END AT ANGLE",,False,Clear or Partly Cloudy,Dry,Dark - Street Lights On,,,,11.0,From same direction - both going straight - both moving - sideswipe,0,0,False,0
-122.331667889663,47.6080856459773,199747,277679,278579,E779050,Matched,Block,,6TH AVE BETWEEN SPRING ST AND SENECA ST, ,,1,Property Damage Only Collision,Parked Car,2,0,0,2,0,0,2018-02-28 00:00:00+00,2/28/2018 10:42:00 AM,Mid-Block (not related to intersection),13,"MOTOR VEHICLE STRUCK MOTOR VEHICLE, LEFT SIDE AT ANGLE",True,False,Raining,Wet,Daylight,,,,32.0,One parked--one moving,0,0,True,0
-122.319305367004,47.6557928524288,199748,277024,277904,3694139,Matched,Block,,NE 40 UPPER ST BETWEEN 8TH AVE NE AND 9TH AVE NE, ,,2b,Serious Injury Collision,Cycles,2,1,1,0,1,0,2018-03-16 00:00:00+00,3/16/2018 3:20:00 PM,Mid-Block (not related to intersection),64,PEDALCYCLIST STRUCK PEDESTRIAN,True,False,Clear or Partly Cloudy,Unknown,Daylight,,,,7.0,Pedalcyclist Strikes Pedalcyclist or Pedestrian,0,0,False,1
-122.31992428564,47.6219826743565,199749,286922,287802,3702635,Matched,Intersection,29025.0,10TH AVE E AND E HARRISON ST, ,,1,Property Damage Only Collision,Other,2,0,0,1,0,0,2018-05-07 00:00:00+00,5/7/2018 9:07:00 PM,At Intersection (intersection related),26,MOTOR VEHICLE STRUCK OBJECT IN ROAD,,True,Clear or Partly Cloudy,Dry,Dark - Street Lights On,,,,50.0,Fixed object,0,0,False,0
-122.320834238957,47.6600343089564,199750,278062,278962,3754042,Matched,Block,,7TH AVE NE BETWEEN NE 43RD ST AND NE 45TH ST OFF RP, ,,2,Injury Collision,Sideswipe,2,0,0,2,1,0,2018-03-20 00:00:00+00,3/20/2018 10:48:00 PM,Mid-Block (not related to intersection),11,"MOTOR VEHICLE STRUCK MOTOR VEHICLE, FRONT END AT ANGLE",True,False,Clear or Partly Cloudy,Dry,Dark - Street Lights On,,,,11.0,From same direction - both going straight - both moving - sideswipe,0,0,False,0
-122.371405811647,47.6942528684824,199768,286918,287798,3578794,Matched,Intersection,37252.0,12TH AVE NW AND NW 90TH ST, ,,1,Property Damage Only Collision,Angles,5,0,0,2,0,0,2018-05-05 00:00:00+00,5/5/2018 6:37:00 PM,At Intersection (intersection related),11,"MOTOR VEHICLE STRUCK MOTOR VEHICLE, FRONT END AT ANGLE",,False,Clear or Partly Cloudy,Dry,Daylight,,,,10.0,Entering at angle,0,0,False,0
-122.346731387654,47.5237279791171,199751,278057,278957,3744297,Matched,Block,,9TH AVE SW BETWEEN SW TRENTON ST AND SW HENDERSON ST, ,,2,Injury Collision,Left Turn,2,0,0,2,1,0,2018-03-20 00:00:00+00,3/20/2018 12:47:00 PM,Driveway Junction,11,"MOTOR VEHICLE STRUCK MOTOR VEHICLE, FRONT END AT ANGLE",,False,Clear or Partly Cloudy,Dry,Daylight,,,,29.0,From opposite direction - one left turn - one right turn,0,0,False,0
-122.321772346645,47.589085148289,199752,277677,278577,E779049,Matched,Block,,AIRPORT WAY S BETWEEN S ATLANTIC ST AND S MASSACHUSETTS ST, ,,1,Property Damage Only Collision,Rear Ended,2,0,0,2,0,0,2018-03-01 00:00:00+00,3/1/2018 9:17:00 AM,Mid-Block (not related to intersection),14,"MOTOR VEHICLE STRUCK MOTOR VEHICLE, REAR END",,False,Clear or Partly Cloudy,Dry,Daylight,,,,13.0,From same direction - both going straight - both moving - rear-end,0,0,False,0
-122.337648656725,47.571591919099,199753,277022,277902,3742451,Matched,Block,,WEST SEATTLE BR WB BETWEEN 1ST AV S ON RP AND WSB-WB SPOK-NR RP, ,,1,Property Damage Only Collision,Rear Ended,2,0,0,2,0,0,2018-03-14 00:00:00+00,3/14/2018 9:16:00 PM,Mid-Block (not related to intersection),14,"MOTOR VEHICLE STRUCK MOTOR VEHICLE, REAR END",,True,Clear or Partly Cloudy,Dry,Dark - Street Lights On,,,,13.0,From same direction - both going straight - both moving - rear-end,0,0,False,0
-122.349904384192,47.5340480548648,199754,277029,277909,3744291,Matched,Block,,SW HOLDEN ST BETWEEN 11TH AVE SW AND 12TH AVE SW, ,,1,Property Damage Only Collision,Parked Car,2,0,0,2,0,0,2018-03-03 00:00:00+00,3/3/2018 9:09:00 AM,Mid-Block (not related to intersection),14,"MOTOR VEHICLE STRUCK MOTOR VEHICLE, REAR END",,False,Clear or Partly Cloudy,Dry,Daylight,,,,32.0,One parked--one moving,0,0,False,0
-122.350002852102,47.6650407494226,199755,286920,287800,3705542,Matched,Intersection,25655.0,FREMONT AVE N AND N 50TH ST, ,,1,Property Damage Only Collision,Angles,2,0,0,2,0,0,2018-05-07 00:00:00+00,5/7/2018 9:05:00 AM,At Intersection (intersection related),11,"MOTOR VEHICLE STRUCK MOTOR VEHICLE, FRONT END AT ANGLE",,False,Overcast,Dry,Daylight,,,,10.0,Entering at angle,0,0,False,0
-122.391864915038,47.6333244712906,199756,278060,278960,3746655,Matched,Block,,THORNDYKE AVE W BETWEEN W GALER ST AND W HAYES ST, ,,1,Property Damage Only Collision,Parked Car,2,0,0,2,0,0,2018-03-22 00:00:00+00,3/22/2018 4:10:00 PM,Mid-Block (not related to intersection),14,"MOTOR VEHICLE STRUCK MOTOR VEHICLE, REAR END",,False,Raining,Wet,Daylight,,,,32.0,One parked--one moving,0,0,False,0
-122.342391712318,47.6197196126764,199757,277697,278597,3583880,Matched,Intersection,28797.0,DEXTER AVE N AND JOHN ST, ,,1,Property Damage Only Collision,Angles,3,0,0,3,0,0,2018-03-18 00:00:00+00,3/18/2018 11:01:00 AM,At Intersection (intersection related),11,"MOTOR VEHICLE STRUCK MOTOR VEHICLE, FRONT END AT ANGLE",,False,Clear or Partly Cloudy,Dry,Daylight,,,,10.0,Entering at angle,0,0,False,0
-122.317363507629,47.6704026150148,199758,277737,278637,E778155,Matched,Block,,ROOSEVELT WAY NE BETWEEN NE 57TH ST AND NE 58TH ST, ,,1,Property Damage Only Collision,Parked Car,2,0,0,2,0,0,2018-03-10 00:00:00+00,3/10/2018 3:00:00 PM,Mid-Block (not related to intersection),15,"MOTOR VEHICLE STRUCK MOTOR VEHICLE, RIGHT SIDE SIDESWIPE",,False,Clear or Partly Cloudy,Dry,Daylight,,,,32.0,One parked--one moving,0,0,False,0
-122.377511517423,47.6513457707522,199759,277639,278539,E779048,Matched,Block,,16TH AVE W BETWEEN W BERTONA ST AND THORNDYKE AVE W, ,,1,Property Damage Only Collision,Parked Car,3,0,0,2,0,0,2018-03-05 00:00:00+00,3/5/2018 6:30:00 AM,Mid-Block (not related to intersection),13,"MOTOR VEHICLE STRUCK MOTOR VEHICLE, LEFT SIDE AT ANGLE",True,False,Clear or Partly Cloudy,Dry,Dawn,,,,32.0,One parked--one moving,0,0,True,0
-122.335574025233,47.610677902842,199760,286919,287799,3812005,Matched,Intersection,29576.0,5TH AVE AND PIKE ST, ,,2,Injury Collision,Angles,4,0,0,2,1,0,2018-05-06 00:00:00+00,5/6/2018 6:27:00 AM,At Intersection (intersection related),11,"MOTOR VEHICLE STRUCK MOTOR VEHICLE, FRONT END AT ANGLE",,False,Clear or Partly Cloudy,Dry,Daylight,,,,10.0,Entering at angle,0,0,False,0
-122.314960674755,47.5234684997558,199761,277025,277905,3742477,Matched,Block,,14TH AVE S BETWEEN S CONCORD ST AND S HENDERSON ST, ,,1,Property Damage Only Collision,Sideswipe,2,0,0,2,0,0,2018-03-16 00:00:00+00,3/16/2018 5:43:00 PM,Mid-Block (not related to intersection),11,"MOTOR VEHICLE STRUCK MOTOR VEHICLE, FRONT END AT ANGLE",,False,Clear or Partly Cloudy,Dry,Daylight,,,,11.0,From same direction - both going straight - both moving - sideswipe,0,0,False,0
-122.316012708309,47.6612882854567,199763,278063,278963,3754043,Matched,Block,,NE 45TH ST BETWEEN 11TH AVE NE AND 12TH AVE NE, ,,1,Property Damage Only Collision,Sideswipe,2,0,0,2,0,0,2018-03-21 00:00:00+00,3/21/2018 10:26:00 AM,Mid-Block (not related to intersection),16,"MOTOR VEHICLE STRUCK MOTOR VEHICLE, LEFT SIDE SIDESWIPE",,False,Clear or Partly Cloudy,Dry,Daylight,,,,11.0,From same direction - both going straight - both moving - sideswipe,0,0,False,0
-122.376633579226,47.5315475201029,199764,278058,278958,3744298,Matched,Block,,35TH AVE SW BETWEEN SW KENYON ST AND SW MONROE ST, ,,2,Injury Collision,Rear Ended,3,0,0,2,1,0,2018-03-20 00:00:00+00,3/20/2018 4:53:00 PM,Mid-Block (not related to intersection),14,"MOTOR VEHICLE STRUCK MOTOR VEHICLE, REAR END",,False,Clear or Partly Cloudy,Dry,Daylight,,,,13.0,From same direction - both going straight - both moving - rear-end,0,0,False,0
-122.316525269756,47.6622048956513,199765,277678,278578,E778154,Matched,Block,,11TH AVE NE BETWEEN NE 45TH ST AND NE 47TH ST, ,,1,Property Damage Only Collision,Other,2,0,0,2,0,0,2018-03-12 00:00:00+00,3/12/2018 8:13:00 AM,Mid-Block (not related to intersection),14,"MOTOR VEHICLE STRUCK MOTOR VEHICLE, REAR END",,False,Clear or Partly Cloudy,Dry,Daylight,,,,23.0,From same direction - all others,0,0,False,0
-122.312066185578,47.603519678628,199766,277023,277903,E777534,Matched,Block,,E SPRUCE ST BETWEEN 15TH AVE AND 16TH AVE,NEI,"Not Enough Information, or Insufficient Location Information",1,Property Damage Only Collision,Parked Car,2,0,0,2,0,0,2018-03-08 00:00:00+00,3/8/2018 8:00:00 AM,Mid-Block (not related to intersection),13,"MOTOR VEHICLE STRUCK MOTOR VEHICLE, LEFT SIDE AT ANGLE",,False,Unknown,Unknown,Unknown,,,,32.0,One parked--one moving,0,0,True,0
-122.302689056246,47.5869191663099,199767,277030,277910,E777888,Matched,Intersection,31531.0,23RD AVE S AND S GRAND ST, ,,2,Injury Collision,Rear Ended,2,0,0,2,2,0,2018-03-06 00:00:00+00,3/6/2018 8:13:00 AM,At Intersection (intersection related),14,"MOTOR VEHICLE STRUCK MOTOR VEHICLE, REAR END",True,False,Clear or Partly Cloudy,Dry,Daylight,,,,14.0,From same direction - both going straight - one stopped - rear-end,0,0,False,0
-122.316733390752,47.6128892357701,199787,280359,281251,E783218,Matched,Intersection,29761.0,12TH AVE AND E MADISON ST, ,,2,Injury Collision,Pedestrian,4,1,0,1,1,0,2018-03-19 00:00:00+00,3/19/2018 1:54:00 PM,At Intersection (intersection related),24,MOTOR VEHCILE STRUCK PEDESTRIAN,,False,Clear or Partly Cloudy,Dry,Daylight,,,,2.0,Vehicle turning left hits pedestrian,0,521041,False,0
-122.306331656384,47.6061674516281,199769,286921,287801,3744610,Matched,Intersection,30190.0,20TH AVE AND E JEFFERSON ST, ,,1,Property Damage Only Collision,Angles,3,0,0,2,0,0,2018-05-02 00:00:00+00,5/2/2018 2:35:00 PM,At Intersection (intersection related),11,"MOTOR VEHICLE STRUCK MOTOR VEHICLE, FRONT END AT ANGLE",,False,Unknown,Unknown,Daylight,,,,10.0,Entering at angle,0,0,False,0
-122.316636342648,47.6590948659913,199770,278061,278961,3754041,Matched,Block,,11TH AVE NE BETWEEN NE 42ND ST AND NE 43RD ST, ,,1,Property Damage Only Collision,Parked Car,3,0,0,3,0,0,2018-03-19 00:00:00+00,3/19/2018 1:31:00 AM,Mid-Block (not related to intersection),14,"MOTOR VEHICLE STRUCK MOTOR VEHICLE, REAR END",,False,Clear or Partly Cloudy,Dry,Dark - Street Lights On,,,,32.0,One parked--one moving,0,0,True,0
-122.375661512876,47.5501389741868,199771,278039,278939,3744086,Matched,Block,,SW JUNEAU ST BETWEEN 34TH AVE SW AND 35TH AVE SW, ,,1,Property Damage Only Collision,Other,2,0,0,2,0,0,2018-03-19 00:00:00+00,3/19/2018 7:35:00 AM,Mid-Block (not related to intersection),11,"MOTOR VEHICLE STRUCK MOTOR VEHICLE, FRONT END AT ANGLE",,False,Clear or Partly Cloudy,Dry,Daylight,,,,23.0,From same direction - all others,0,0,False,0
-122.342678361325,47.6505335232307,199789,279346,280246,3754044,Matched,Intersection,26886.0,STONE WAY N AND N 36TH ST, ,,1,Property Damage Only Collision,Other,1,0,0,1,0,0,2018-03-27 00:00:00+00,3/27/2018 1:36:00 AM,At Intersection (intersection related),28,MOTOR VEHICLE RAN OFF ROAD - HIT FIXED OBJECT,,True,Clear or Partly Cloudy,Dry,Dark - Street Lights On,,,,50.0,Fixed object,0,0,False,0
-122.344484414405,47.6827723725016,199772,277657,278557,E778153,Matched,Intersection,24312.0,AURORA AVE N AND WINONA AVE N, ,,1,Property Damage Only Collision,Right Turn,3,0,0,2,0,0,2018-03-11 00:00:00+00,3/11/2018 1:08:00 PM,At Intersection (intersection related),11,"MOTOR VEHICLE STRUCK MOTOR VEHICLE, FRONT END AT ANGLE",,False,Clear or Partly Cloudy,Dry,Daylight,,,,16.0,From same direction - one right turn - one straight,0,0,False,0
-122.305041441304,47.6021705241792,199773,277028,277908,E777535,Matched,Block,,21ST AVE BETWEEN E YESLER WAY AND E FIR ST, ,,1,Property Damage Only Collision,Parked Car,2,0,0,2,0,0,2018-03-09 00:00:00+00,3/9/2018 3:41:00 PM,Mid-Block (not related to intersection),13,"MOTOR VEHICLE STRUCK MOTOR VEHICLE, LEFT SIDE AT ANGLE",,False,Clear or Partly Cloudy,Dry,Daylight,,,,32.0,One parked--one moving,0,0,True,0
-122.335109984341,47.7014115454031,199774,286917,287797,3754506,Matched,Intersection,37292.0,COLLEGE WAY N AND N 100TH ST, ,,2,Injury Collision,Pedestrian,2,0,1,1,1,0,2018-05-05 00:00:00+00,5/5/2018 9:48:00 AM,At Intersection (intersection related),51,PEDALCYCLIST STRUCK MOTOR VEHICLE FRONT END AT ANGLE,,False,Clear or Partly Cloudy,Dry,Daylight,,,,5.0,Vehicle Strikes Pedalcyclist,8108,0,False,0
-122.347216381599,47.6891124846449,199775,286924,287804,3706030,Matched,Intersection,24273.0,LINDEN AVE N AND N 83RD ST, ,,2,Injury Collision,Angles,2,0,0,2,1,0,2018-05-08 00:00:00+00,5/8/2018 6:34:00 AM,At Intersection (intersection related),11,"MOTOR VEHICLE STRUCK MOTOR VEHICLE, FRONT END AT ANGLE",,False,Clear or Partly Cloudy,Dry,Daylight,,,,10.0,Entering at angle,0,0,False,0
-122.392726426102,47.5291645324513,199776,278059,278959,3745487,Matched,Block,,FAUNTLEROY WAY SW BETWEEN SW ROSE ST AND SW THISTLE ST, ,,2,Injury Collision,Angles,3,0,0,2,1,0,2018-03-20 00:00:00+00,3/20/2018 4:20:00 PM,Driveway Junction,11,"MOTOR VEHICLE STRUCK MOTOR VEHICLE, FRONT END AT ANGLE",True,False,Clear or Partly Cloudy,Dry,Daylight,,,,10.0,Entering at angle,0,0,False,0
-122.329103075907,47.5716778655723,199777,277717,278617,E778124,Matched,Intersection,32356.0,4TH AVE S AND S SPOKANE NR ST, ,,2,Injury Collision,Angles,3,0,0,2,1,0,2018-03-10 00:00:00+00,3/10/2018 1:30:00 PM,At Intersection (intersection related),14,"MOTOR VEHICLE STRUCK MOTOR VEHICLE, REAR END",,False,Clear or Partly Cloudy,Dry,Daylight,,,,10.0,Entering at angle,0,0,False,0
-122.314909859781,47.5269068096198,199778,277031,277911,3744292,Matched,Block,,14TH AVE S BETWEEN DALLAS AVE S AND S CLOVERDALE ST, ,,1,Property Damage Only Collision,Rear Ended,3,0,0,3,0,0,2018-03-03 00:00:00+00,3/3/2018 5:43:00 PM,Mid-Block (not related to intersection),14,"MOTOR VEHICLE STRUCK MOTOR VEHICLE, REAR END",,False,Clear or Partly Cloudy,Dry,Dark - Street Lights On,,,,14.0,From same direction - both going straight - one stopped - rear-end,0,0,False,0
-122.323289785593,47.7090862930878,199779,279377,280277,3706101,Matched,Block,,5TH AVE NE BETWEEN NE NORTHGATE WAY AND NE 112TH S ST, ,,2,Injury Collision,Rear Ended,3,0,0,2,3,0,2018-03-28 00:00:00+00,3/28/2018 6:01:00 PM,Mid-Block (but intersection related),14,"MOTOR VEHICLE STRUCK MOTOR VEHICLE, REAR END",True,True,Clear or Partly Cloudy,Dry,Daylight,,,True,14.0,From same direction - both going straight - one stopped - rear-end,0,0,False,0
-122.335909818452,47.5996282905798,199782,281296,282176,3754472,Matched,Block,,ALASKAN WAY S BETWEEN S MAIN ST AND S JACKSON ST, ,,1,Property Damage Only Collision,Parked Car,2,0,0,2,0,0,2018-03-29 00:00:00+00,3/29/2018 3:00:00 PM,Mid-Block (not related to intersection),0,NOT ENOUGH INFORMATION / NOT APPLICABLE,,False,Unknown,Unknown,Unknown,,,,32.0,One parked--one moving,0,0,True,0
-122.329551384506,47.55339932974,199783,280380,281260,E783524,Matched,Intersection,33170.0,4TH AVE S AND S LUCILE ST, ,,1,Property Damage Only Collision,Left Turn,2,0,0,2,0,0,2018-03-23 00:00:00+00,3/23/2018 1:20:00 PM,At Intersection (intersection related),11,"MOTOR VEHICLE STRUCK MOTOR VEHICLE, FRONT END AT ANGLE",True,False,Clear or Partly Cloudy,Dry,Daylight,,,,28.0,From opposite direction - one left turn - one straight,0,0,False,0
-122.387587344482,47.6705503343435,199876,287057,287937,E796877,Matched,Block,,24TH AVE NW BETWEEN NW 57TH ST AND NW 58TH ST, ,,2,Injury Collision,Pedestrian,2,1,0,1,1,0,2018-04-25 00:00:00+00,4/25/2018 4:02:00 PM,Mid-Block (but intersection related),24,MOTOR VEHCILE STRUCK PEDESTRIAN,,False,Clear or Partly Cloudy,Dry,Daylight,,,,3.0,Vehicle backing hits pedestrian,0,0,False,0
-122.311130634867,47.5488855877434,199784,279359,280259,3818623,Matched,Intersection,33381.0,SWIFT AVE S AND S ALBRO PL, ,,2,Injury Collision,Left Turn,2,0,0,2,1,0,2018-03-27 00:00:00+00,3/27/2018 11:05:00 PM,At Intersection (intersection related),11,"MOTOR VEHICLE STRUCK MOTOR VEHICLE, FRONT END AT ANGLE",,False,Clear or Partly Cloudy,Dry,Dark - Street Lights On,,,,28.0,From opposite direction - one left turn - one straight,0,0,False,0
-122.373588503966,47.6686653678765,199786,279357,280257,3754476,Matched,Intersection,25423.0,14TH AVE NW AND NW MARKET ST, ,,2,Injury Collision,Cycles,2,0,1,1,1,0,2018-03-27 00:00:00+00,3/27/2018 9:16:00 PM,At Intersection (intersection related),18,"MOTOR VEHICLE STRUCK PEDALCYCLIST, FRONT END AT ANGLE",,False,Clear or Partly Cloudy,Dry,Dark - Street Lights On,,,,45.0,Vehicle - Pedalcyclist,0,0,False,0
-122.334896267747,47.7289848081285,199788,281294,282174,3754351,Matched,Block,,ROOSEVELT WAY N BETWEEN MERIDIAN AVE N AND BURKE AVE N, ,,1,Property Damage Only Collision,Sideswipe,2,0,0,2,0,0,2018-04-07 00:00:00+00,4/7/2018 4:29:00 PM,Mid-Block (not related to intersection),16,"MOTOR VEHICLE STRUCK MOTOR VEHICLE, LEFT SIDE SIDESWIPE",,False,Raining,Wet,Daylight,,,,11.0,From same direction - both going straight - both moving - sideswipe,0,0,False,0
-122.35506340202,47.5282865285055,199790,280378,281258,E783522,Matched,Intersection,35008.0,16TH AVE SW AND SW THISTLE ST, ,,2,Injury Collision,Pedestrian,2,1,0,1,1,0,2018-03-21 00:00:00+00,3/21/2018 1:20:00 PM,At Intersection (intersection related),24,MOTOR VEHCILE STRUCK PEDESTRIAN,,False,Clear or Partly Cloudy,Dry,Daylight,,,,0.0,Vehicle going straight hits pedestrian,0,601013,False,0