longitude,latitude,objectid,inckey,coldetkey,reportno,status,addrtype,intkey,location,exceptrsncode,exceptrsndesc,severitycode,severitydesc,collisiontype,personcount,pedcount,pedcylcount,vehcount,injuries,fatalities,incdate,incdttm,junctiontype,sdot_colcode,sdot_coldesc,inattentionind,underinfl,weather,roadcond,lightcond,pedrownotgrnt,sdotcolnum,speeding,st_colcode,st_coldesc,seglanekey,crosswalkkey,hitparkedcar,seriousinjuries
-122.392936213764,47.6446118371025,199791,279345,280245,3746656,Matched,Intersection,27635.0,28TH AVE W AND W ARMOUR ST, ,,1,Property Damage Only Collision,Angles,2,0,0,2,0,0,2018-03-27 00:00:00+00,3/27/2018 4:47:00 PM,At Intersection (intersection related),11,"MOTOR VEHICLE STRUCK MOTOR VEHICLE, FRONT END AT ANGLE",True,False,Raining,Wet,Daylight,,,,10.0,Entering at angle,0,0,False,0
-122.35545314264,47.6186020661363,199795,280381,281261,E783525,Matched,Intersection,29717.0,1ST AVE AND DENNY WAY, ,,2,Injury Collision,Right Turn,3,0,0,2,2,0,2018-03-23 00:00:00+00,3/23/2018 11:24:00 AM,At Intersection (intersection related),14,"MOTOR VEHICLE STRUCK MOTOR VEHICLE, REAR END",True,False,Overcast,Wet,Daylight,,,,16.0,From same direction - one right turn - one straight,0,0,False,0
-122.364057057046,47.7007176710845,199796,278579,279479,3754409,Matched,Block,,HOLMAN RD NW BETWEEN 7TH AVE NW AND 6TH AVE NW, ,,1,Property Damage Only Collision,Rear Ended,2,0,0,2,0,0,2018-03-22 00:00:00+00,3/22/2018 6:30:00 AM,Mid-Block (but intersection related),14,"MOTOR VEHICLE STRUCK MOTOR VEHICLE, REAR END",True,False,Raining,Wet,Dawn,,,,14.0,From same direction - both going straight - one stopped - rear-end,0,0,False,0
-122.323532800474,47.6589384742649,199797,278578,279478,3754408,Matched,Block,,NE 43RD ST BETWEEN 4TH AVE NE AND 5TH AVE NE, ,,1,Property Damage Only Collision,Parked Car,2,0,0,2,0,0,2018-03-21 00:00:00+00,3/21/2018 1:57:00 PM,Mid-Block (but intersection related),14,"MOTOR VEHICLE STRUCK MOTOR VEHICLE, REAR END",,False,Clear or Partly Cloudy,Dry,Daylight,,,True,32.0,One parked--one moving,0,0,True,0
-122.345095279014,47.7339714890962,199798,278577,279477,3754406,Matched,Block,,AURORA AVE N BETWEEN ROOSEVELT WAY N AND N 145TH ST, ,,1,Property Damage Only Collision,Sideswipe,4,0,0,2,0,0,2018-03-18 00:00:00+00,3/18/2018 2:15:00 AM,Mid-Block (not related to intersection),11,"MOTOR VEHICLE STRUCK MOTOR VEHICLE, FRONT END AT ANGLE",,False,Unknown,Dry,Dark - Street Lights On,,,,11.0,From same direction - both going straight - both moving - sideswipe,0,0,False,0
-122.337111343346,47.5398126588208,199799,280357,281249,E783190,Matched,Intersection,34106.0,2ND AVE SW AND HIGHLAND PARK WAY SW, ,,2,Injury Collision,Angles,3,0,0,2,1,0,2018-03-28 00:00:00+00,3/28/2018 9:53:00 AM,At Intersection (intersection related),11,"MOTOR VEHICLE STRUCK MOTOR VEHICLE, FRONT END AT ANGLE",,False,Clear or Partly Cloudy,Dry,Daylight,,,,10.0,Entering at angle,0,0,False,0
-122.294697662527,47.7201838034332,199800,278562,279462,3754273,Matched,Block,,LAKE CITY WAY NE BETWEEN NE 125TH ST AND NE 127TH ST, ,,1,Property Damage Only Collision,Other,1,0,0,1,0,0,2018-03-23 00:00:00+00,3/23/2018 3:30:00 AM,Mid-Block (not related to intersection),28,MOTOR VEHICLE RAN OFF ROAD - HIT FIXED OBJECT,,True,Overcast,Wet,Dark - Street Lights On,,,,50.0,Fixed object,0,0,False,0
-122.343458322259,47.6914625522722,199801,281295,282175,3754354,Matched,Block,,NESBIT AVE N BETWEEN N 85TH ST AND N 88TH ST, ,,1,Property Damage Only Collision,Parked Car,2,0,0,2,0,0,2018-04-08 00:00:00+00,4/8/2018 8:00:00 AM,Mid-Block (not related to intersection),15,"MOTOR VEHICLE STRUCK MOTOR VEHICLE, RIGHT SIDE SIDESWIPE",,False,Unknown,Unknown,Unknown,,,,32.0,One parked--one moving,0,0,True,0
-122.317766554851,47.6080621788528,199802,280379,281259,E783523,Matched,Block,,E CHERRY ST BETWEEN E JAMES WAY AND 12TH AVE, ,,1,Property Damage Only Collision,Rear Ended,2,0,0,2,0,0,2018-03-22 00:00:00+00,3/22/2018 11:30:00 AM,Driveway Junction,14,"MOTOR VEHICLE STRUCK MOTOR VEHICLE, REAR END",True,False,Raining,Wet,Daylight,,,,13.0,From same direction - both going straight - both moving - rear-end,0,0,False,0
-122.379415212954,47.5610816812152,199803,278561,279461,3745582,Matched,Block,,SW ALASKA ST BETWEEN 37TH AVE SW AND 38TH AVE SW, ,,2,Injury Collision,Rear Ended,2,0,0,2,1,0,2018-03-24 00:00:00+00,3/24/2018 12:06:00 PM,Mid-Block (not related to intersection),14,"MOTOR VEHICLE STRUCK MOTOR VEHICLE, REAR END",True,False,Clear or Partly Cloudy,Dry,Daylight,,,,14.0,From same direction - both going straight - one stopped - rear-end,0,0,False,0
-122.371391061693,47.5177318678678,199805,279378,280278,3731478,Matched,Block,,30TH AVE SW BETWEEN SW CAMBRIDGE S ST AND SW ROXBURY ST, ,,1,Property Damage Only Collision,Parked Car,3,0,0,2,0,0,2018-03-28 00:00:00+00,3/28/2018 12:48:00 PM,Mid-Block (not related to intersection),11,"MOTOR VEHICLE STRUCK MOTOR VEHICLE, FRONT END AT ANGLE",True,False,Clear or Partly Cloudy,Dry,Daylight,,,,32.0,One parked--one moving,0,0,False,0
-122.363217980758,47.5182804446728,199806,278559,279459,3745439,Matched,Block,,24TH AVE SW BETWEEN SW CAMBRIDGE ST AND SW ROXBURY ST, ,,1,Property Damage Only Collision,Parked Car,2,0,0,2,0,0,2018-03-23 00:00:00+00,3/23/2018 5:05:00 PM,Mid-Block (not related to intersection),14,"MOTOR VEHICLE STRUCK MOTOR VEHICLE, REAR END",,False,Clear or Partly Cloudy,Dry,Daylight,,,,32.0,One parked--one moving,0,0,True,0
-122.344561179777,47.612220961963,199807,281293,282173,3754223,Matched,Block,,1ST AVE BETWEEN LENORA ST AND BLANCHARD ST, ,,1,Property Damage Only Collision,Parked Car,2,0,0,2,0,0,2018-04-07 00:00:00+00,4/7/2018 4:58:00 PM,Mid-Block (not related to intersection),11,"MOTOR VEHICLE STRUCK MOTOR VEHICLE, FRONT END AT ANGLE",,False,Raining,Wet,Daylight,,,,19.0,One car entering parked position,0,0,False,0
-122.296726928702,47.5719798368101,199808,280377,281257,E783317,Matched,Intersection,32427.0,M L KING JR ER WAY S AND S WALDEN ST, ,,2,Injury Collision,Left Turn,2,0,0,2,2,0,2018-03-23 00:00:00+00,3/23/2018 10:45:00 AM,At Intersection (intersection related),11,"MOTOR VEHICLE STRUCK MOTOR VEHICLE, FRONT END AT ANGLE",True,False,Raining,Wet,Daylight,,,,28.0,From opposite direction - one left turn - one straight,0,0,False,0
-122.338238289605,47.5557687495713,199809,280360,281252,E783219,Matched,Intersection,33022.0,EAST MARGINAL WAY S AND S DAWSON ST, ,,1,Property Damage Only Collision,Head On,2,0,0,2,0,0,2018-03-28 00:00:00+00,3/28/2018 4:26:00 PM,At Intersection (intersection related),11,"MOTOR VEHICLE STRUCK MOTOR VEHICLE, FRONT END AT ANGLE",,False,Clear or Partly Cloudy,Dry,Daylight,,,,30.0,From opposite direction - all others,0,0,False,0
-122.318031058071,47.661301355163,199810,283123,283983,3754390,Matched,Block,,NE 45TH ST BETWEEN 9TH E AVE NE AND ROOSEVELT WAY NE, ,,1,Property Damage Only Collision,Right Turn,2,0,0,2,0,0,2018-04-12 00:00:00+00,4/12/2018 9:00:00 AM,Mid-Block (not related to intersection),11,"MOTOR VEHICLE STRUCK MOTOR VEHICLE, FRONT END AT ANGLE",,False,Overcast,Unknown,Daylight,,,,16.0,From same direction - one right turn - one straight,0,0,False,0
-122.267755549142,47.4974275212052,199811,282499,283359,E785987,Matched,Block,,53RD AVE S BETWEEN S 117TH ST AND S WALLACE ST, ,,2,Injury Collision,Head On,2,0,0,2,1,0,2018-04-04 00:00:00+00,4/4/2018 6:06:00 PM,Mid-Block (but intersection related),11,"MOTOR VEHICLE STRUCK MOTOR VEHICLE, FRONT END AT ANGLE",,False,Unknown,Wet,Daylight,,,,30.0,From opposite direction - all others,0,0,False,0
-122.314671969384,47.5859526931628,199812,281835,282695,3696121,Matched,Block,,14TH AVE S BETWEEN S HOLGATE ST AND S PLUM ST, ,,1,Property Damage Only Collision,Other,1,0,0,1,0,0,2018-04-10 00:00:00+00,4/10/2018 6:17:00 AM,Mid-Block (not related to intersection),28,MOTOR VEHICLE RAN OFF ROAD - HIT FIXED OBJECT,,False,Raining,Wet,Dawn,,,,50.0,Fixed object,0,0,False,0
-122.368724193879,47.653064272762,199813,281830,282690,3644342,Matched,Block,,W NICKERSON ST BETWEEN 8TH AVE W AND XW JESSE AVE W, ,,2,Injury Collision,Left Turn,3,0,0,2,1,0,2018-04-08 00:00:00+00,4/8/2018 11:39:00 AM,Driveway Junction,11,"MOTOR VEHICLE STRUCK MOTOR VEHICLE, FRONT END AT ANGLE",True,False,Raining,Wet,Daylight,,,,28.0,From opposite direction - one left turn - one straight,0,0,False,0
-122.362975476452,47.552821135664,199814,283121,283981,3742144,Matched,Block,,DELRIDGE WAY SW BETWEEN SW BRANDON ST AND SW FINDLAY ST, ,,1,Property Damage Only Collision,Parked Car,3,0,0,3,0,0,2018-04-22 00:00:00+00,4/22/2018 5:11:00 AM,Mid-Block (not related to intersection),14,"MOTOR VEHICLE STRUCK MOTOR VEHICLE, REAR END",,False,Clear or Partly Cloudy,Dry,Dark - Street Lights On,,,,32.0,One parked--one moving,0,0,True,0
-122.355049183482,47.5309736516063,199815,283099,283959,E787391,Matched,Block,,16TH AVE SW BETWEEN SW KENYON ST AND SW ELMGROVE ST, ,,1,Property Damage Only Collision,Parked Car,2,0,0,2,0,0,2018-04-06 00:00:00+00,4/6/2018 11:15:00 AM,Mid-Block (not related to intersection),14,"MOTOR VEHICLE STRUCK MOTOR VEHICLE, REAR END",True,False,Overcast,Dry,Daylight,,,,32.0,One parked--one moving,0,0,False,0
-122.337632040483,47.612810892278,199816,281337,282217,E786720,Matched,Block,,5TH AVE BETWEEN OLIVE WAY AND STEWART ST, ,,1,Property Damage Only Collision,Parked Car,2,0,0,2,0,0,2018-04-06 00:00:00+00,4/6/2018 2:25:00 PM,Driveway Junction,14,"MOTOR VEHICLE STRUCK MOTOR VEHICLE, REAR END",,False,Clear or Partly Cloudy,Dry,Daylight,,,,20.0,One car leaving parked position,0,0,False,0
-122.345095279014,47.7339714890962,199818,281833,282693,3694698,Matched,Block,,AURORA AVE N BETWEEN ROOSEVELT WAY N AND N 145TH ST, ,,2,Injury Collision,Pedestrian,2,1,0,1,1,0,2018-04-10 00:00:00+00,4/10/2018 5:36:00 PM,Mid-Block (not related to intersection),24,MOTOR VEHCILE STRUCK PEDESTRIAN,,False,Clear or Partly Cloudy,Dry,Daylight,,,,1.0,Vehicle turning right hits pedestrian,0,0,False,0
-122.296014446196,47.5627815931958,199819,282497,283357,E785553,Matched,Block,,29TH AVE S BETWEEN S GENESEE S ST AND S COLUMBIAN WAY, ,,2,Injury Collision,Parked Car,2,0,0,2,1,0,2018-04-03 00:00:00+00,4/3/2018 8:12:00 AM,Mid-Block (not related to intersection),14,"MOTOR VEHICLE STRUCK MOTOR VEHICLE, REAR END",True,False,Clear or Partly Cloudy,Dry,Daylight,,,,32.0,One parked--one moving,0,0,False,0
-122.277174814044,47.5267844981637,199820,281828,282688,3581273,Matched,Block,,RENTON AVE S BETWEEN S CAMANO PL AND S CLOVERDALE ST, ,,2,Injury Collision,Rear Ended,2,0,0,2,1,0,2018-04-10 00:00:00+00,4/10/2018 3:32:00 PM,Mid-Block (not related to intersection),14,"MOTOR VEHICLE STRUCK MOTOR VEHICLE, REAR END",,False,Clear or Partly Cloudy,Dry,Daylight,,,,13.0,From same direction - both going straight - both moving - rear-end,0,0,False,0
-122.38566616241,47.6414684216827,199821,283119,283979,E785536,Matched,Block,,THORNDYKE AVE W BETWEEN 23RD AVE W AND W HALLADAY ST, ,,2,Injury Collision,Parked Car,3,0,0,2,1,0,2018-04-02 00:00:00+00,4/2/2018 12:20:00 PM,Mid-Block (not related to intersection),11,"MOTOR VEHICLE STRUCK MOTOR VEHICLE, FRONT END AT ANGLE",,False,Clear or Partly Cloudy,Dry,Daylight,,,,20.0,One car leaving parked position,0,0,False,0
-122.330818897061,47.6054814966445,199822,281318,282198,E786719,Matched,Block,,5TH AVE BETWEEN COLUMBIA ST AND MARION ST, ,,1,Property Damage Only Collision,Parked Car,2,0,0,2,0,0,2018-04-06 00:00:00+00,4/6/2018 1:31:00 PM,Mid-Block (not related to intersection),11,"MOTOR VEHICLE STRUCK MOTOR VEHICLE, FRONT END AT ANGLE",,False,Clear or Partly Cloudy,Dry,Daylight,,,,32.0,One parked--one moving,0,0,False,0
-122.376783252139,47.6841467349937,199824,282517,283377,E788360,Matched,Block,,15TH AVE NW BETWEEN NW 75TH ST AND NW 77TH ST, ,,1,Property Damage Only Collision,Sideswipe,2,0,0,2,0,0,2018-04-09 00:00:00+00,4/9/2018 3:05:00 PM,Mid-Block (not related to intersection),11,"MOTOR VEHICLE STRUCK MOTOR VEHICLE, FRONT END AT ANGLE",,False,Clear or Partly Cloudy,Dry,Daylight,,,,11.0,From same direction - both going straight - both moving - sideswipe,0,0,False,0
-122.316275700801,47.6199414894697,199825,281836,282696,3702420,Matched,Block,,E JOHN ST BETWEEN 12TH AVE E AND 13TH AVE E, ,,2,Injury Collision,Rear Ended,2,0,0,2,1,0,2018-04-10 00:00:00+00,4/10/2018 8:42:00 AM,Mid-Block (not related to intersection),14,"MOTOR VEHICLE STRUCK MOTOR VEHICLE, REAR END",True,False,Raining,Wet,Daylight,,,,13.0,From same direction - both going straight - both moving - rear-end,0,0,False,0
-122.387184113704,47.5590821812854,199826,283117,283977,3742060,Matched,Block,,ERSKINE WAY SW BETWEEN CALIFORNIA AVE SW AND LEWIS PL SW, ,,1,Property Damage Only Collision,Parked Car,3,0,0,3,0,0,2018-04-16 00:00:00+00,4/16/2018 9:05:00 PM,Driveway Junction,14,"MOTOR VEHICLE STRUCK MOTOR VEHICLE, REAR END",,False,Overcast,Wet,Dark - Street Lights On,,,,32.0,One parked--one moving,0,0,True,0
-122.344234863387,47.6297273165143,199827,281831,282691,3644343,Matched,Block,,HIGHLAND DR BETWEEN 6TH AVE N AND AURORA AVE N, ,,1,Property Damage Only Collision,Parked Car,2,0,0,2,0,0,2018-04-08 00:00:00+00,4/8/2018 10:02:00 AM,Mid-Block (not related to intersection),11,"MOTOR VEHICLE STRUCK MOTOR VEHICLE, FRONT END AT ANGLE",,False,Unknown,Unknown,Other,,,,32.0,One parked--one moving,0,0,True,0
-122.381977747406,47.6475208576283,199828,283122,283982,3746657,Matched,Block,,20TH AVE W BETWEEN THORNDYKE AVE W AND W DRAVUS ST, ,,2,Injury Collision,Angles,2,0,0,2,2,0,2018-04-21 00:00:00+00,4/21/2018 4:39:00 PM,Driveway Junction,11,"MOTOR VEHICLE STRUCK MOTOR VEHICLE, FRONT END AT ANGLE",True,False,Clear or Partly Cloudy,Dry,Daylight,,,,10.0,Entering at angle,0,0,False,0
-122.33897928501,47.6060126083042,199829,281317,282197,E786718,Matched,Block,,WESTERN AVE BETWEEN SENECA ST AND UNIVERSITY ST, ,,2,Injury Collision,Pedestrian,3,1,0,1,1,0,2018-04-05 00:00:00+00,4/5/2018 12:12:00 PM,Mid-Block (but intersection related),24,MOTOR VEHCILE STRUCK PEDESTRIAN,,False,Raining,Wet,Daylight,True,,,0.0,Vehicle going straight hits pedestrian,0,0,False,0
-122.357609377448,47.6371698669632,199830,282498,283358,E785581,Matched,Block,,W CROCKETT ST BETWEEN QUEEN ANNE AVE N AND 1ST AVE W, ,,1,Property Damage Only Collision,Parked Car,2,0,0,2,0,0,2018-03-31 00:00:00+00,3/31/2018 7:00:00 PM,Mid-Block (not related to intersection),14,"MOTOR VEHICLE STRUCK MOTOR VEHICLE, REAR END",,False,Unknown,Unknown,Unknown,,,,32.0,One parked--one moving,0,0,True,0
-122.301166588338,47.5486344221289,199832,281834,282694,3696120,Matched,Block,,S RAYMOND ST BETWEEN BEACON WR AVE S AND BEACON ER AVE S, ,,1,Property Damage Only Collision,Sideswipe,3,0,0,2,0,0,2018-04-09 00:00:00+00,4/9/2018 9:46:00 PM,Mid-Block (not related to intersection),16,"MOTOR VEHICLE STRUCK MOTOR VEHICLE, LEFT SIDE SIDESWIPE",,False,Clear or Partly Cloudy,Dry,Dark - Street Lights On,,,,26.0,From opposite direction - both going straight - sideswipe,0,0,False,0
-122.326501859525,47.6397271364664,199833,281829,282689,3583899,Matched,Block,,E LYNN ST BETWEEN YALE AVE E AND EASTLAKE AVE E, ,,1,Property Damage Only Collision,Other,1,0,0,1,0,0,2018-04-08 00:00:00+00,4/8/2018 9:04:00 PM,Mid-Block (not related to intersection),28,MOTOR VEHICLE RAN OFF ROAD - HIT FIXED OBJECT,,False,Overcast,Dry,Dark - Street Lights On,,,,50.0,Fixed object,0,0,False,0
-122.405220124955,47.5803474099373,199834,283120,283980,3742143,Matched,Block,,57TH AVE SW BETWEEN ALKI AVE SW AND SW LANDER ST, ,,2,Injury Collision,Parked Car,3,0,0,2,2,0,2018-04-20 00:00:00+00,4/20/2018 1:20:00 PM,Mid-Block (not related to intersection),14,"MOTOR VEHICLE STRUCK MOTOR VEHICLE, REAR END",,False,Clear or Partly Cloudy,Dry,Daylight,,,,32.0,One parked--one moving,0,0,True,0
-122.341899191809,47.6967086671283,199835,283098,283958,E787389,Matched,Block,,STONE AVE N BETWEEN N 93RD ST AND N 94TH ST, ,,1,Property Damage Only Collision,Parked Car,2,0,0,2,0,0,2018-03-30 00:00:00+00,3/30/2018 10:05:00 AM,Mid-Block (not related to intersection),11,"MOTOR VEHICLE STRUCK MOTOR VEHICLE, FRONT END AT ANGLE",True,False,Clear or Partly Cloudy,Dry,Daylight,,,,32.0,One parked--one moving,0,0,True,0
-122.329055961484,47.580852706239,199836,281297,282177,E786717,Matched,Block,,4TH AVE S BETWEEN S STACY ST AND S LANDER ST, ,,1,Property Damage Only Collision,Other,2,0,0,2,0,0,2018-04-04 00:00:00+00,4/4/2018 2:42:00 PM,Mid-Block (not related to intersection),11,"MOTOR VEHICLE STRUCK MOTOR VEHICLE, FRONT END AT ANGLE",True,False,Raining,Wet,Daylight,,,,23.0,From same direction - all others,0,0,False,0
-122.344996819426,47.7250341828433,199837,282518,283378,E788361,Matched,Block,,AURORA AVE N BETWEEN N 130TH ST AND N 135TH ST, ,,2,Injury Collision,Angles,3,0,0,2,2,0,2018-03-29 00:00:00+00,3/29/2018 4:00:00 PM,Driveway Junction,11,"MOTOR VEHICLE STRUCK MOTOR VEHICLE, FRONT END AT ANGLE",,False,Unknown,Unknown,Daylight,,,,10.0,Entering at angle,0,0,False,0
-122.361015856486,47.6329252948129,199838,281832,282692,3644344,Matched,Block,,3RD AVE W BETWEEN W GALER W ST AND W GARFIELD ST, ,,1,Property Damage Only Collision,Parked Car,2,0,0,2,0,0,2018-04-10 00:00:00+00,4/10/2018 1:21:00 PM,Mid-Block (not related to intersection),16,"MOTOR VEHICLE STRUCK MOTOR VEHICLE, LEFT SIDE SIDESWIPE",,False,Unknown,Unknown,Unknown,,,,32.0,One parked--one moving,0,0,True,0
-122.370760988035,47.6542630643473,199839,282494,283354,E785115,Matched,Block,,W NICKERSON ST BETWEEN XW JESSE AVE W AND 11TH AVE W, ,,1,Property Damage Only Collision,Parked Car,4,0,0,4,0,0,2018-03-07 00:00:00+00,3/7/2018 7:35:00 PM,Mid-Block (not related to intersection),11,"MOTOR VEHICLE STRUCK MOTOR VEHICLE, FRONT END AT ANGLE",,False,Clear or Partly Cloudy,Dry,Dark - Street Lights On,,,,32.0,One parked--one moving,0,0,True,0
-122.360450519191,47.5300801215006,199841,283118,283978,3742061,Matched,Block,,DELRIDGE WAY SW BETWEEN SW KENYON ST AND SW THISTLE ST, ,,1,Property Damage Only Collision,Rear Ended,2,0,0,2,0,0,2018-04-21 00:00:00+00,4/21/2018 11:37:00 AM,Mid-Block (not related to intersection),14,"MOTOR VEHICLE STRUCK MOTOR VEHICLE, REAR END",,False,Clear or Partly Cloudy,Dry,Daylight,,,,14.0,From same direction - both going straight - one stopped - rear-end,0,0,False,0
-122.329988672825,47.5787693017543,199842,284723,285603,3782848,Matched,Block,,3RD AVE S BETWEEN S LANDER ST AND S FOREST ST, ,,1,Property Damage Only Collision,Parked Car,2,0,0,2,0,0,2018-04-28 00:00:00+00,4/28/2018 3:20:00 AM,Mid-Block (not related to intersection),11,"MOTOR VEHICLE STRUCK MOTOR VEHICLE, FRONT END AT ANGLE",,False,Clear or Partly Cloudy,Dry,Dark - Street Lights On,,,,32.0,One parked--one moving,0,0,False,0
-122.370932309386,47.5743113586782,199844,286679,287539,3742388,Matched,Block,,HARBOR AVE SW BETWEEN SW HARBOR LN AND SW SPOKANE NR ST, ,,1,Property Damage Only Collision,Parked Car,2,0,0,2,0,0,2018-05-12 00:00:00+00,5/12/2018 6:06:00 AM,Mid-Block (not related to intersection),14,"MOTOR VEHICLE STRUCK MOTOR VEHICLE, REAR END",,False,Clear or Partly Cloudy,Dry,Daylight,,,,32.0,One parked--one moving,0,0,False,0
-122.350614141999,47.692404293165,199963,280389,281269,3578839,Matched,Block,,N 87TH ST BETWEEN EVANSTON AVE N AND FREMONT N AVE N, ,,1,Property Damage Only Collision,Angles,2,0,0,2,0,0,2018-04-02 00:00:00+00,4/2/2018 9:00:00 AM,Driveway Junction,11,"MOTOR VEHICLE STRUCK MOTOR VEHICLE, FRONT END AT ANGLE",,False,Overcast,Dry,Daylight,,,,10.0,Entering at angle,0,0,False,0
-122.326885625547,47.6319059963527,199845,284731,285611,3584965,Matched,Intersection,29082.0,FAIRVIEW AVE E AND FAIRVIEW AVE N, ,,2b,Serious Injury Collision,Left Turn,2,0,0,2,1,0,2018-03-11 00:00:00+00,3/11/2018 3:50:00 PM,At Intersection (intersection related),11,"MOTOR VEHICLE STRUCK MOTOR VEHICLE, FRONT END AT ANGLE",True,False,Clear or Partly Cloudy,Dry,Daylight,,,,28.0,From opposite direction - one left turn - one straight,0,0,False,1
-122.337090030511,47.6043385289963,199847,283828,284728,E788179,Matched,Block,,MADISON ST BETWEEN WESTERN AVE AND POST AVE, ,,1,Property Damage Only Collision,Sideswipe,2,0,0,2,0,0,2018-04-13 00:00:00+00,4/13/2018 11:50:00 AM,Driveway Junction,11,"MOTOR VEHICLE STRUCK MOTOR VEHICLE, FRONT END AT ANGLE",True,False,Raining,Wet,Daylight,,,,11.0,From same direction - both going straight - both moving - sideswipe,0,0,False,0
-122.302774381494,47.6068678188957,199848,283827,284727,3702607,Matched,Intersection,30186.0,23RD AVE AND E JAMES ST, ,,2,Injury Collision,Angles,5,0,0,2,1,0,2018-04-25 00:00:00+00,4/25/2018 2:53:00 PM,At Intersection (intersection related),11,"MOTOR VEHICLE STRUCK MOTOR VEHICLE, FRONT END AT ANGLE",,False,Clear or Partly Cloudy,Dry,Daylight,,,,10.0,Entering at angle,0,0,False,0
-122.360474317775,47.5255922780593,199850,286677,287537,3742265,Matched,Block,,DELRIDGE WAY SW BETWEEN SW CLOVERDALE ST AND SW TRENTON ST, ,,2,Injury Collision,Parked Car,4,0,0,3,2,0,2018-05-11 00:00:00+00,5/11/2018 10:14:00 PM,Mid-Block (not related to intersection),11,"MOTOR VEHICLE STRUCK MOTOR VEHICLE, FRONT END AT ANGLE",,False,Clear or Partly Cloudy,Dry,Dark - Street Lights On,,,,20.0,One car leaving parked position,0,0,False,0
-122.300906148634,47.6605099719988,199851,284725,285605,3479516,Matched,Intersection,27294.0,25TH AVE NE AND NE 44TH ST, ,,1,Property Damage Only Collision,Left Turn,2,0,0,2,0,0,2018-03-22 00:00:00+00,3/22/2018 3:11:00 PM,At Intersection (intersection related),11,"MOTOR VEHICLE STRUCK MOTOR VEHICLE, FRONT END AT ANGLE",True,False,Clear or Partly Cloudy,Dry,Daylight,,,,15.0,From same direction - one left turn - one straight,0,0,False,0
-122.2930212775,47.5600937908058,199853,286592,287452,E795864,Matched,Block,,M L KING JR WR WAY S BETWEEN S ALASKA ST AND S ANGELINE ST, ,,2,Injury Collision,Rear Ended,3,0,0,2,1,0,2018-05-03 00:00:00+00,5/3/2018 1:34:00 PM,Mid-Block (not related to intersection),14,"MOTOR VEHICLE STRUCK MOTOR VEHICLE, REAR END",,False,Clear or Partly Cloudy,Dry,Daylight,,,,13.0,From same direction - both going straight - both moving - rear-end,0,0,False,0
-122.355562153398,47.7300701173505,199854,283826,284726,E788151,Matched,Block,,GREENWOOD AVE N BETWEEN N 138TH ST AND N 140TH ST, ,,2,Injury Collision,Other,4,0,0,4,1,0,2018-04-01 00:00:00+00,4/1/2018 5:15:00 PM,Mid-Block (not related to intersection),11,"MOTOR VEHICLE STRUCK MOTOR VEHICLE, FRONT END AT ANGLE",,False,Raining,Wet,Daylight,,,,23.0,From same direction - all others,0,0,False,0
-122.302523581896,47.6196876683795,199856,283825,284725,3702554,Matched,Block,,23RD AVE E BETWEEN E MADISON ST AND E JOHN ST, ,,1,Property Damage Only Collision,Sideswipe,4,0,0,3,0,0,2018-04-20 00:00:00+00,4/20/2018 1:31:00 PM,Mid-Block (not related to intersection),11,"MOTOR VEHICLE STRUCK MOTOR VEHICLE, FRONT END AT ANGLE",,True,Clear or Partly Cloudy,Dry,Daylight,,,,11.0,From same direction - both going straight - both moving - sideswipe,0,0,False,0
-122.370769447751,47.661469419302,199857,286697,287557,E795984,Matched,Intersection,26711.0,11TH AVE NW AND NW 45TH ST, ,,2,Injury Collision,Angles,3,0,0,2,2,0,2018-05-08 00:00:00+00,5/8/2018 10:20:00 AM,At Intersection (intersection related),11,"MOTOR VEHICLE STRUCK MOTOR VEHICLE, FRONT END AT ANGLE",,False,Clear or Partly Cloudy,Dry,Daylight,,,,10.0,Entering at angle,0,0,False,0
-122.332881190307,47.6000432601964,199858,284732,285612,3584971,Matched,Block,,S MAIN ST BETWEEN 1ST AVE S AND 2ND AVE S, ,,1,Property Damage Only Collision,Parked Car,3,0,0,2,0,0,2018-03-29 00:00:00+00,3/29/2018 12:23:00 AM,Mid-Block (not related to intersection),14,"MOTOR VEHICLE STRUCK MOTOR VEHICLE, REAR END",,False,Clear or Partly Cloudy,Dry,Dark - Street Lights On,,,,32.0,One parked--one moving,0,0,False,0
-122.34088994341,47.6905349353126,199859,283824,284724,E788150,Matched,Block,,N 85TH ST BETWEEN STONE E AVE N AND INTERLAKE W AVE N, ,,2,Injury Collision,Rear Ended,2,0,0,2,1,0,2018-04-01 00:00:00+00,4/1/2018 3:50:00 PM,Mid-Block (not related to intersection),14,"MOTOR VEHICLE STRUCK MOTOR VEHICLE, REAR END",True,False,Overcast,Wet,Daylight,,,,14.0,From same direction - both going straight - one stopped - rear-end,0,0,False,0
-122.325636739102,47.5235001657039,199860,286675,287535,3741983,Matched,Block,,7TH AVE S BETWEEN S CONCORD ST AND S HENDERSON ST, ,,1,Property Damage Only Collision,Parked Car,2,0,0,2,0,0,2018-05-10 00:00:00+00,5/10/2018 9:00:00 AM,Mid-Block (not related to intersection),11,"MOTOR VEHICLE STRUCK MOTOR VEHICLE, FRONT END AT ANGLE",True,False,Clear or Partly Cloudy,Dry,Daylight,,,,32.0,One parked--one moving,0,0,True,0
-122.302058645534,47.6417180299231,199861,283823,284723,3702528,Matched,Intersection,28403.0,24TH AVE E AND E MILLER ST, ,,1,Property Damage Only Collision,Angles,2,0,0,2,0,0,2018-04-26 00:00:00+00,4/26/2018 5:27:00 PM,At Intersection (intersection related),11,"MOTOR VEHICLE STRUCK MOTOR VEHICLE, FRONT END AT ANGLE",,False,Clear or Partly Cloudy,Dry,Daylight,,,,10.0,Entering at angle,0,0,False,0