longitude,latitude,objectid,inckey,coldetkey,reportno,status,addrtype,intkey,location,exceptrsncode,exceptrsndesc,severitycode,severitydesc,collisiontype,personcount,pedcount,pedcylcount,vehcount,injuries,fatalities,incdate,incdttm,junctiontype,sdot_colcode,sdot_coldesc,inattentionind,underinfl,weather,roadcond,lightcond,pedrownotgrnt,sdotcolnum,speeding,st_colcode,st_coldesc,seglanekey,crosswalkkey,hitparkedcar,seriousinjuries
-122.366628168452,47.6906526506404,199863,284735,285615,3706051,Matched,Block,,NW 85TH ST BETWEEN 8TH AVE NW AND DIBBLE AVE NW, ,,1,Property Damage Only Collision,Rear Ended,4,0,0,2,0,0,2018-03-28 00:00:00+00,3/28/2018 7:56:00 PM,Mid-Block (not related to intersection),14,"MOTOR VEHICLE STRUCK MOTOR VEHICLE, REAR END",,False,Overcast,Dry,Dark - Street Lights On,,,,14.0,From same direction - both going straight - one stopped - rear-end,0,0,False,0
-122.344784335885,47.5172998230453,199864,286678,287538,3742266,Matched,Block,,SW ROXBURY ST BETWEEN 7TH W AVE SW AND 8TH AVE SW, ,,1,Property Damage Only Collision,Sideswipe,2,0,0,2,0,0,2018-05-12 00:00:00+00,5/12/2018 5:41:00 PM,Mid-Block (not related to intersection),14,"MOTOR VEHICLE STRUCK MOTOR VEHICLE, REAR END",,False,Clear or Partly Cloudy,Dry,Daylight,,,,11.0,From same direction - both going straight - both moving - sideswipe,0,0,False,0
-122.27312015935,47.5429243017246,199865,284729,285609,3578909,Matched,Block,,RAINIER AVE S BETWEEN S WARSAW ST AND S HOLLY ST, ,,2,Injury Collision,Rear Ended,2,0,0,2,1,0,2018-03-28 00:00:00+00,3/28/2018 6:59:00 PM,Mid-Block (not related to intersection),14,"MOTOR VEHICLE STRUCK MOTOR VEHICLE, REAR END",,False,Overcast,Dry,Daylight,,,True,14.0,From same direction - both going straight - one stopped - rear-end,0,0,False,0
-122.299294782831,47.5611422141641,199866,286593,287453,E795865,Matched,Block,,S COLUMBIAN WAY BETWEEN S AMERICUS ST AND S ALASKA ST, ,,2,Injury Collision,Other,3,0,0,2,1,0,2018-05-04 00:00:00+00,5/4/2018 1:30:00 PM,Mid-Block (not related to intersection),14,"MOTOR VEHICLE STRUCK MOTOR VEHICLE, REAR END",,False,Clear or Partly Cloudy,Dry,Daylight,,,,23.0,From same direction - all others,0,0,False,0
-122.326242159664,47.5662716853421,199867,283822,284722,3693500,Matched,Block,,S INDUSTRIAL EB WAY BETWEEN 6TH AVE S AND U-TURN RD, ,,1,Property Damage Only Collision,Rear Ended,4,0,0,2,0,0,2018-04-21 00:00:00+00,4/21/2018 5:25:00 PM,Mid-Block (not related to intersection),14,"MOTOR VEHICLE STRUCK MOTOR VEHICLE, REAR END",,False,Clear or Partly Cloudy,Dry,Daylight,,,,14.0,From same direction - both going straight - one stopped - rear-end,0,0,False,0
-122.347991519621,47.5209854237532,199868,283821,284721,3626828,Matched,Intersection,35048.0,10TH AVE SW AND SW BARTON ST, ,,2,Injury Collision,Angles,4,0,0,2,1,0,2018-04-26 00:00:00+00,4/26/2018 10:59:00 PM,At Intersection (intersection related),11,"MOTOR VEHICLE STRUCK MOTOR VEHICLE, FRONT END AT ANGLE",,False,Clear or Partly Cloudy,Dry,Dark - Street Lights Off,,,,10.0,Entering at angle,0,0,False,0
-122.301606030281,47.6666502625379,199869,286586,287446,E795447,Matched,Block,,RAVENNA PL NE BETWEEN NE BLAKELEY ST AND 24TH AVE NE, ,,2,Injury Collision,Cycles,3,0,2,1,2,0,2018-05-05 00:00:00+00,5/5/2018 12:16:00 PM,Mid-Block (not related to intersection),51,PEDALCYCLIST STRUCK MOTOR VEHICLE FRONT END AT ANGLE,,False,Clear or Partly Cloudy,Dry,Daylight,,,,8.0,Pedalcyclist All Other Involvements ONE UNIT - PEDALCYCLIST ONLY or PEDALCYCLIST STR,0,0,False,0
-122.386803951471,47.5602169818927,199870,286676,287536,3742245,Matched,Block,,CALIFORNIA AVE SW BETWEEN SW ALASKA ST AND ERSKINE WAY SW, ,,1,Property Damage Only Collision,Parked Car,2,0,0,2,0,0,2018-05-12 00:00:00+00,5/12/2018 1:49:00 AM,Mid-Block (not related to intersection),11,"MOTOR VEHICLE STRUCK MOTOR VEHICLE, FRONT END AT ANGLE",True,False,Clear or Partly Cloudy,Dry,Dark - Street Lights On,,,,32.0,One parked--one moving,0,0,True,0
-122.306221794112,47.5941395378445,199871,284733,285613,3702372,Matched,Block,,20TH AVE S BETWEEN S CHARLES ST AND S INGERSOLL PL,NEI,"Not Enough Information, or Insufficient Location Information",1,Property Damage Only Collision,Other,2,0,0,2,0,0,2018-03-27 00:00:00+00,3/27/2018 6:57:00 PM,,0,NOT ENOUGH INFORMATION / NOT APPLICABLE,,False,Other,Unknown,Unknown,,,,31.0,Not stated,0,0,False,0
-122.385172501699,47.5811860861011,199874,277759,278659,3744489,Matched,Intersection,31065.0,42ND AVE SW AND SW ADMIRAL WAY, ,,1,Property Damage Only Collision,Pedestrian,2,1,0,1,0,0,2018-03-16 00:00:00+00,3/16/2018 7:59:00 AM,At Intersection (intersection related),11,"MOTOR VEHICLE STRUCK MOTOR VEHICLE, FRONT END AT ANGLE",True,False,Clear or Partly Cloudy,Dry,Daylight,True,,,0.0,Vehicle going straight hits pedestrian,0,525478,False,0
-122.323457608592,47.6420295247198,199875,287062,287942,3756470,Matched,Intersection,28209.0,BOYLSTON AVE E AND E LOUISA ST, ,,2,Injury Collision,Angles,3,0,0,2,3,0,2018-05-12 00:00:00+00,5/12/2018 7:58:00 AM,At Intersection (intersection related),11,"MOTOR VEHICLE STRUCK MOTOR VEHICLE, FRONT END AT ANGLE",,False,Clear or Partly Cloudy,Dry,Daylight,,,,10.0,Entering at angle,0,0,False,0
-122.3231131669,47.5958322403513,199877,286939,287819,3811960,Matched,Block,,S DEARBORN ST BETWEEN 7TH AVE S AND 8TH AVE S, ,,2,Injury Collision,Pedestrian,2,0,1,1,1,0,2018-05-08 00:00:00+00,5/8/2018 7:18:00 AM,Driveway Junction,51,PEDALCYCLIST STRUCK MOTOR VEHICLE FRONT END AT ANGLE,,False,Clear or Partly Cloudy,Dry,Daylight,,,,5.0,Vehicle Strikes Pedalcyclist,5843,0,False,0
-122.346735965046,47.5246435076066,199878,277757,278657,3742454,Matched,Intersection,35030.0,9TH AVE SW AND SW TRENTON ST, ,,1,Property Damage Only Collision,Angles,3,0,0,2,0,0,2018-03-20 00:00:00+00,3/20/2018 12:18:00 PM,At Intersection (intersection related),11,"MOTOR VEHICLE STRUCK MOTOR VEHICLE, FRONT END AT ANGLE",,False,Clear or Partly Cloudy,Dry,Daylight,,,,10.0,Entering at angle,0,0,False,0
-122.351133937705,47.5709417837772,199879,277042,277922,3745456,Matched,Block,,WEST SEATTLE BR EB BETWEEN ALASKAN WY VI NB ON RP AND DELRIDGE-W SEATTLE BR EB ON RP, ,,2,Injury Collision,Rear Ended,3,0,0,3,1,0,2018-03-13 00:00:00+00,3/13/2018 8:57:00 AM,Mid-Block (not related to intersection),14,"MOTOR VEHICLE STRUCK MOTOR VEHICLE, REAR END",True,False,Clear or Partly Cloudy,Dry,Daylight,,,,14.0,From same direction - both going straight - one stopped - rear-end,0,0,False,0
-122.35514465491,47.519195670263,199880,286926,287806,3605964,Matched,Intersection,35051.0,16TH AVE SW AND SW CAMBRIDGE ST, ,,1,Property Damage Only Collision,Angles,4,0,0,3,0,0,2018-05-06 00:00:00+00,5/6/2018 6:20:00 PM,At Intersection (intersection related),11,"MOTOR VEHICLE STRUCK MOTOR VEHICLE, FRONT END AT ANGLE",,False,Clear or Partly Cloudy,Dry,Daylight,,,,10.0,Entering at angle,0,0,False,0
-122.36449888837,47.5337004277176,199881,277038,277918,3745437,Matched,Block,,SW HOLDEN ST BETWEEN 24TH AVE SW AND 26TH AVE SW, ,,1,Property Damage Only Collision,Parked Car,3,0,0,3,0,0,2018-03-05 00:00:00+00,3/5/2018 9:05:00 AM,Mid-Block (not related to intersection),14,"MOTOR VEHICLE STRUCK MOTOR VEHICLE, REAR END",,False,,Dry,Unknown,,,,32.0,One parked--one moving,0,0,True,0
-122.317226727222,47.5974995715892,199882,286942,287822,3811966,Matched,Intersection,30436.0,12TH AVE S AND S WELLER ST, ,,1,Property Damage Only Collision,Left Turn,3,0,0,2,0,0,2018-05-12 00:00:00+00,5/12/2018 5:12:00 PM,At Intersection (intersection related),11,"MOTOR VEHICLE STRUCK MOTOR VEHICLE, FRONT END AT ANGLE",,False,Clear or Partly Cloudy,Dry,Daylight,,,,15.0,From same direction - one left turn - one straight,0,0,False,0
-122.333717787281,47.6613865789926,199883,277777,278677,E779053,Matched,Intersection,27188.0,MERIDIAN AVE N AND N 45TH ST, ,,1,Property Damage Only Collision,Angles,2,0,0,2,0,0,2018-03-07 00:00:00+00,3/7/2018 8:05:00 AM,At Intersection (intersection related),11,"MOTOR VEHICLE STRUCK MOTOR VEHICLE, FRONT END AT ANGLE",True,False,Clear or Partly Cloudy,Dry,Daylight,,,,10.0,Entering at angle,0,0,False,0
-122.387586857964,47.6727369757631,199884,287060,287940,E796878,Matched,Block,,24TH AVE NW BETWEEN NW 60TH ST AND NW 61ST ST, ,,1,Property Damage Only Collision,Angles,2,0,0,2,0,0,2018-04-27 00:00:00+00,4/27/2018 2:52:00 PM,Driveway Junction,11,"MOTOR VEHICLE STRUCK MOTOR VEHICLE, FRONT END AT ANGLE",,False,Overcast,Dry,Daylight,,,,10.0,Entering at angle,0,0,False,0
-122.334017899863,47.6177136359176,199885,286937,287817,3753692,Matched,Intersection,29525.0,BOREN AVE AND VIRGINIA ST, ,,1,Property Damage Only Collision,Angles,5,0,0,2,0,0,2018-05-07 00:00:00+00,5/7/2018 3:15:00 PM,At Intersection (intersection related),11,"MOTOR VEHICLE STRUCK MOTOR VEHICLE, FRONT END AT ANGLE",,False,Clear or Partly Cloudy,Dry,Daylight,,,,10.0,Entering at angle,0,0,False,0
-122.320067093025,47.6389738006468,199886,277738,278638,E779051,Matched,Block,,10TH AVE E BETWEEN E BOSTON ST AND E LYNN ST, ,,2,Injury Collision,Cycles,2,0,1,1,1,0,2018-03-10 00:00:00+00,3/10/2018 11:00:00 PM,Mid-Block (not related to intersection),18,"MOTOR VEHICLE STRUCK PEDALCYCLIST, FRONT END AT ANGLE",,False,Unknown,Unknown,Dark - Street Lights On,,,,45.0,Vehicle - Pedalcyclist,0,0,False,0
-122.345234884051,47.6161376897075,199887,286925,287805,3812110,Matched,Intersection,29672.0,4TH AVE AND BATTERY ST, ,,2,Injury Collision,Angles,2,0,0,2,1,0,2018-05-08 00:00:00+00,5/8/2018 7:59:00 AM,At Intersection (intersection related),11,"MOTOR VEHICLE STRUCK MOTOR VEHICLE, FRONT END AT ANGLE",True,False,Clear or Partly Cloudy,Dry,Daylight,,,,10.0,Entering at angle,0,0,False,0
-122.349279290812,47.5237466024583,199888,277040,277920,3745438,Matched,Block,,11TH AVE SW BETWEEN SW TRENTON ST AND SW HENDERSON ST, ,,1,Property Damage Only Collision,Parked Car,4,0,0,4,0,0,2018-03-05 00:00:00+00,3/5/2018 4:22:00 PM,Mid-Block (not related to intersection),14,"MOTOR VEHICLE STRUCK MOTOR VEHICLE, REAR END",,True,Overcast,Dry,Daylight,,,,32.0,One parked--one moving,0,0,False,0
-122.379823088623,47.5882946062379,199889,287064,287944,3780980,Matched,Block,,HARBOR AVE SW BETWEEN CALIFORNIA WAY SW AND FAIRMOUNT AVE SW, ,,1,Property Damage Only Collision,Angles,2,0,0,2,0,0,2018-05-13 00:00:00+00,5/13/2018 1:30:00 PM,Mid-Block (not related to intersection),11,"MOTOR VEHICLE STRUCK MOTOR VEHICLE, FRONT END AT ANGLE",,False,Clear or Partly Cloudy,Dry,Daylight,,,,10.0,Entering at angle,0,0,False,0
-122.330059305162,47.6163931138822,199890,287058,287938,E795980,Matched,Block,,MINOR AVE BETWEEN OLIVE WAY AND HOWELL ST, ,,1,Property Damage Only Collision,Left Turn,2,0,0,2,0,0,2018-05-02 00:00:00+00,5/2/2018 8:26:00 AM,Driveway Junction,11,"MOTOR VEHICLE STRUCK MOTOR VEHICLE, FRONT END AT ANGLE",True,False,Clear or Partly Cloudy,Dry,Daylight,,,,15.0,From same direction - one left turn - one straight,0,0,False,0
-122.317596406792,47.6944658184853,199891,277043,277923,E777843,Matched,Block,,ROOSEVELT WAY NE BETWEEN NE 90TH ST AND NE 91ST ST, ,,2,Injury Collision,Head On,2,0,0,2,1,0,2018-03-12 00:00:00+00,3/12/2018 3:07:00 AM,Mid-Block (but intersection related),11,"MOTOR VEHICLE STRUCK MOTOR VEHICLE, FRONT END AT ANGLE",,False,Overcast,Dry,Dark - Street Lights On,,,,24.0,From opposite direction - both moving - head-on,0,0,False,0
-122.327666994408,47.5991949241284,199892,286940,287820,3812064,Matched,Intersection,30510.0,5TH AVE S AND S JACKSON ST, ,,2b,Serious Injury Collision,Pedestrian,4,1,0,1,1,0,2018-05-08 00:00:00+00,5/8/2018 5:46:00 PM,At Intersection (intersection related),24,MOTOR VEHCILE STRUCK PEDESTRIAN,,False,Raining,Wet,Daylight,,,,0.0,Vehicle going straight hits pedestrian,0,522002,False,1
-122.348856227927,47.6271639815215,199909,280382,281262,E783526,Matched,Intersection,28871.0,4TH AVE N AND ALOHA ST, ,,2,Injury Collision,Angles,3,0,0,2,1,0,2018-03-27 00:00:00+00,3/27/2018 10:10:00 AM,At Intersection (intersection related),11,"MOTOR VEHICLE STRUCK MOTOR VEHICLE, FRONT END AT ANGLE",True,False,Overcast,Dry,Daylight,,,,10.0,Entering at angle,0,0,False,0
-122.336937473184,47.6121676178016,199893,277758,278658,E779052,Matched,Block,,5TH AVE BETWEEN PINE ST AND OLIVE WAY, ,,1,Property Damage Only Collision,Sideswipe,2,0,0,2,0,0,2018-03-12 00:00:00+00,3/12/2018 11:34:00 AM,Mid-Block (not related to intersection),11,"MOTOR VEHICLE STRUCK MOTOR VEHICLE, FRONT END AT ANGLE",,False,Clear or Partly Cloudy,Dry,Daylight,,,,11.0,From same direction - both going straight - both moving - sideswipe,0,0,False,0
-122.348317953955,47.6150273753408,198113,270527,271347,3506177,Matched,Block,,WALL ST BETWEEN 1ST AVE AND 2ND AVE, ,,2,Injury Collision,Other,5,1,0,3,1,0,2018-02-14 00:00:00+00,2/14/2018 12:11:00 PM,Mid-Block (not related to intersection),14,"MOTOR VEHICLE STRUCK MOTOR VEHICLE, REAR END",,False,Raining,Wet,Daylight,,,,23.0,From same direction - all others,0,0,False,0
-122.365466643431,47.5658125666508,199894,286718,287578,3744611,Matched,Block,,26TH AVE SW BETWEEN SW ADAMS ST AND SW NEVADA ST, ,,1,Property Damage Only Collision,Parked Car,2,0,0,2,0,0,2018-05-06 00:00:00+00,5/6/2018 3:30:00 PM,Mid-Block (not related to intersection),11,"MOTOR VEHICLE STRUCK MOTOR VEHICLE, FRONT END AT ANGLE",,False,Clear or Partly Cloudy,Dry,Daylight,,,,32.0,One parked--one moving,0,0,True,0
-122.337393604364,47.6126653472822,199895,287061,287941,3753484,Matched,Intersection,29567.0,5TH AVE AND OLIVE WAY, ,,1,Property Damage Only Collision,Left Turn,5,0,0,2,0,0,2018-05-09 00:00:00+00,5/9/2018 9:47:00 PM,At Intersection (intersection related),11,"MOTOR VEHICLE STRUCK MOTOR VEHICLE, FRONT END AT ANGLE",,False,Clear or Partly Cloudy,Dry,Dark - Street Lights On,,,,15.0,From same direction - one left turn - one straight,0,0,False,0
-122.384994855291,47.5853569609048,199896,277039,277919,E777767,Matched,Block,,42ND AVE SW BETWEEN FERRY AVE SW AND SW WALKER ST,NEI,"Not Enough Information, or Insufficient Location Information",1,Property Damage Only Collision,Parked Car,2,0,0,2,0,0,2018-03-11 00:00:00+00,3/11/2018,Mid-Block (not related to intersection),12,"MOTOR VEHICLE STRUCK MOTOR VEHICLE, RIGHT SIDE AT ANGLE",,False,Clear or Partly Cloudy,Dry,Dark - Street Lights On,,,,32.0,One parked--one moving,0,0,True,0
-122.347325548575,47.6560247731849,199897,287047,287927,E796876,Matched,Block,,AURORA AVE N BETWEEN N 40TH ST AND N 41ST ST, ,,2,Injury Collision,Rear Ended,3,0,0,3,3,0,2018-04-25 00:00:00+00,4/25/2018 5:12:00 PM,Mid-Block (not related to intersection),14,"MOTOR VEHICLE STRUCK MOTOR VEHICLE, REAR END",True,False,Clear or Partly Cloudy,Dry,Daylight,,,,14.0,From same direction - both going straight - one stopped - rear-end,0,0,False,0
-122.349681870659,47.6152490859424,199898,286938,287818,3812039,Matched,Intersection,29685.0,1ST AVE AND VINE ST, ,,1,Property Damage Only Collision,Angles,2,0,0,2,0,0,2018-05-07 00:00:00+00,5/7/2018 7:02:00 PM,At Intersection (intersection related),11,"MOTOR VEHICLE STRUCK MOTOR VEHICLE, FRONT END AT ANGLE",,False,Clear or Partly Cloudy,Dry,Daylight,,,,10.0,Entering at angle,0,0,False,0
-122.314529836452,47.5716241785597,199900,277041,277921,E778001,Matched,Intersection,32247.0,S COLUMBIAN WAY AND S SPOKANE ST, ,,1,Property Damage Only Collision,Sideswipe,3,0,0,2,0,0,2018-03-07 00:00:00+00,3/7/2018 1:06:00 PM,At Intersection (intersection related),11,"MOTOR VEHICLE STRUCK MOTOR VEHICLE, FRONT END AT ANGLE",,False,Overcast,Dry,Daylight,,,,81.0,Same direction -- both turning left -- both moving -- sideswipe,0,0,False,0
-122.39683572218,47.5871631004886,199901,286717,287577,3742389,Matched,Block,,ALKI AVE SW BETWEEN SW HAMPSHIRE ST AND SW ILLINOIS ST, ,,2,Injury Collision,Cycles,2,1,1,0,1,0,2018-05-12 00:00:00+00,5/12/2018 10:12:00 AM,Mid-Block (not related to intersection),64,PEDALCYCLIST STRUCK PEDESTRIAN,,False,Clear or Partly Cloudy,Dry,Daylight,True,,,7.0,Pedalcyclist Strikes Pedalcyclist or Pedestrian,0,0,False,0
-122.398772916818,47.5792900087428,199902,277037,277917,3744295,Matched,Block,,SW ADMIRAL WAY BETWEEN 51ST AVE SW AND SW LANDER W ST, ,,1,Property Damage Only Collision,Other,1,0,0,1,0,0,2018-03-14 00:00:00+00,3/14/2018 12:34:00 AM,Mid-Block (not related to intersection),28,MOTOR VEHICLE RAN OFF ROAD - HIT FIXED OBJECT,,True,Clear or Partly Cloudy,Dry,Dark - Street Lights On,,,,50.0,Fixed object,0,0,False,0
-122.347104986811,47.6172432815388,199903,286941,287821,3812112,Matched,Intersection,29670.0,4TH AVE AND VINE ST, ,,2,Injury Collision,Angles,4,0,0,2,1,0,2018-05-08 00:00:00+00,5/8/2018 6:53:00 PM,At Intersection (intersection related),11,"MOTOR VEHICLE STRUCK MOTOR VEHICLE, FRONT END AT ANGLE",,False,Clear or Partly Cloudy,Dry,Daylight,,,,10.0,Entering at angle,0,0,False,0
-122.338434334963,47.6246957812307,199904,287059,287939,3753397,Matched,Intersection,589794.0,MERCER NR ST AND WESTLAKE AVE N, ,,2,Injury Collision,Angles,3,0,0,2,2,0,2018-05-12 00:00:00+00,5/12/2018 7:22:00 AM,At Intersection (intersection related),11,"MOTOR VEHICLE STRUCK MOTOR VEHICLE, FRONT END AT ANGLE",,False,Clear or Partly Cloudy,Dry,Daylight,,,,10.0,Entering at angle,0,0,False,0
-122.329588213609,47.5453368960427,199905,286927,287807,3814776,Matched,Intersection,34219.0,4TH AVE S AND S MICHIGAN ST, ,,2,Injury Collision,Pedestrian,2,1,0,1,1,0,2018-05-04 00:00:00+00,5/4/2018 11:30:00 AM,At Intersection (intersection related),24,MOTOR VEHCILE STRUCK PEDESTRIAN,True,False,Unknown,Unknown,Unknown,True,,,1.0,Vehicle turning right hits pedestrian,0,525060,False,0
-122.398843330838,47.5657647002767,199906,277044,277924,3745485,Matched,Block,,52ND AVE SW BETWEEN SW DAKOTA ST AND SW GENESEE ST, ,,1,Property Damage Only Collision,Angles,2,0,0,2,0,0,2018-03-09 00:00:00+00,3/9/2018 6:05:00 PM,Driveway Junction,14,"MOTOR VEHICLE STRUCK MOTOR VEHICLE, REAR END",,False,Clear or Partly Cloudy,Dry,Dusk,,,,10.0,Entering at angle,0,0,True,0
-122.286876652811,47.6703191220245,199907,278098,278998,E780597,Matched,Intersection,26207.0,38TH AVE NE AND NE 57TH ST, ,,2,Injury Collision,Angles,4,0,0,2,1,0,2018-03-15 00:00:00+00,3/15/2018 1:10:00 PM,At Intersection (intersection related),11,"MOTOR VEHICLE STRUCK MOTOR VEHICLE, FRONT END AT ANGLE",,False,Clear or Partly Cloudy,Dry,Daylight,,,,10.0,Entering at angle,0,0,False,0
-122.352101732094,47.6185890788597,199908,278605,279505,E781743,Matched,Block,,DENNY WAY BETWEEN 2ND AVE AND 3RD AVE, ,,1,Property Damage Only Collision,Parked Car,3,0,0,2,0,0,2018-03-03 00:00:00+00,3/3/2018 11:58:00 PM,Mid-Block (not related to intersection),11,"MOTOR VEHICLE STRUCK MOTOR VEHICLE, FRONT END AT ANGLE",True,False,Clear or Partly Cloudy,Dry,Dark - Street Lights On,,,,20.0,One car leaving parked position,0,0,False,0
-122.290567974752,47.6857666269905,199910,278137,279037,E780598,Matched,Block,,35TH AVE NE BETWEEN NE 77TH ST AND NE 80TH ST, ,,1,Property Damage Only Collision,Right Turn,2,0,0,2,0,0,2018-03-16 00:00:00+00,3/16/2018 2:06:00 PM,Driveway Junction,14,"MOTOR VEHICLE STRUCK MOTOR VEHICLE, REAR END",True,False,Clear or Partly Cloudy,Dry,Daylight,,,,16.0,From same direction - one right turn - one straight,0,0,False,0
-122.272647172348,47.5511518036634,199912,278097,278997,E780646,Matched,Intersection,33509.0,48TH AVE S AND S ORCAS ST, ,,2,Injury Collision,Angles,3,0,0,2,1,0,2018-03-19 00:00:00+00,3/19/2018 4:13:00 PM,At Intersection (intersection related),11,"MOTOR VEHICLE STRUCK MOTOR VEHICLE, FRONT END AT ANGLE",True,False,Clear or Partly Cloudy,Dry,Daylight,,,,10.0,Entering at angle,0,0,False,0
-122.320068990453,47.6784021369702,199913,278079,278979,E780614,Matched,Block,,8TH AVE NE BETWEEN NE 68TH ST AND NE 69TH ST, ,,1,Property Damage Only Collision,Parked Car,2,0,0,2,0,0,2018-03-18 00:00:00+00,3/18/2018 6:00:00 PM,Mid-Block (not related to intersection),11,"MOTOR VEHICLE STRUCK MOTOR VEHICLE, FRONT END AT ANGLE",,False,Unknown,Dry,Unknown,,,,32.0,One parked--one moving,0,0,False,0
-122.386803951471,47.5602169818927,199915,279397,280297,3818622,Matched,Block,,CALIFORNIA AVE SW BETWEEN SW ALASKA ST AND ERSKINE WAY SW, ,,1,Property Damage Only Collision,Parked Car,2,0,0,2,0,0,2018-03-27 00:00:00+00,3/27/2018 6:20:00 PM,Mid-Block (not related to intersection),14,"MOTOR VEHICLE STRUCK MOTOR VEHICLE, REAR END",,False,Overcast,Dry,Daylight,,,,32.0,One parked--one moving,0,0,False,0
-122.32092404908,47.6520247275419,199916,278078,278978,E780596,Matched,Block,,UNIVERSITY BR BETWEEN FUHRMAN AVE E AND POINT A, ,,1,Property Damage Only Collision,Sideswipe,5,0,0,2,0,0,2018-03-16 00:00:00+00,3/16/2018 11:40:00 AM,Mid-Block (not related to intersection),11,"MOTOR VEHICLE STRUCK MOTOR VEHICLE, FRONT END AT ANGLE",,False,Clear or Partly Cloudy,Dry,Daylight,,,,26.0,From opposite direction - both going straight - sideswipe,0,0,False,0
-122.362667685405,47.6512329403659,199917,278603,279503,3754913,Matched,Block,,W NICKERSON ST BETWEEN 3RD AVE W AND 6TH AVE W, ,,1,Property Damage Only Collision,Rear Ended,3,0,0,2,0,0,2018-03-20 00:00:00+00,3/20/2018 2:39:00 PM,Mid-Block (but intersection related),14,"MOTOR VEHICLE STRUCK MOTOR VEHICLE, REAR END",,False,Clear or Partly Cloudy,Dry,Daylight,,,,14.0,From same direction - both going straight - one stopped - rear-end,0,0,False,0
-122.317765950187,47.6589112492149,199918,279381,280281,3754047,Matched,Block,,ROOSEVELT WAY NE BETWEEN NE 42ND N ST AND NE 43RD S ST, ,,2b,Serious Injury Collision,Cycles,2,1,1,0,2,0,2018-03-28 00:00:00+00,3/28/2018 6:52:00 AM,Mid-Block (not related to intersection),64,PEDALCYCLIST STRUCK PEDESTRIAN,,False,Overcast,Dry,Daylight,True,,,7.0,Pedalcyclist Strikes Pedalcyclist or Pedestrian,8990,0,False,1
-122.30585641567,47.6921144783651,199919,278077,278977,E780607,Matched,Intersection,37763.0,LAKE CITY WAY NE AND NE 88TH ST, ,,1,Property Damage Only Collision,Rear Ended,3,0,0,2,0,0,2018-03-17 00:00:00+00,3/17/2018 11:13:00 AM,At Intersection (intersection related),14,"MOTOR VEHICLE STRUCK MOTOR VEHICLE, REAR END",,False,Clear or Partly Cloudy,Dry,Daylight,,,,13.0,From same direction - both going straight - both moving - rear-end,0,0,False,0
-122.307010359298,47.5719237183602,199920,278619,279519,3818414,Matched,Block,,S SPOKANE ST BETWEEN 18TH AVE S AND 19TH AVE S, ,,1,Property Damage Only Collision,Rear Ended,2,0,0,2,0,0,2018-03-15 00:00:00+00,3/15/2018 8:01:00 AM,Mid-Block (not related to intersection),14,"MOTOR VEHICLE STRUCK MOTOR VEHICLE, REAR END",True,False,Clear or Partly Cloudy,Dry,Daylight,,,,13.0,From same direction - both going straight - both moving - rear-end,0,0,False,0
-122.339119479429,47.6111998748678,199921,278065,278965,3754222,Matched,Block,,3RD AVE BETWEEN PINE ST AND STEWART ST, ,,2,Injury Collision,Pedestrian,3,1,0,1,1,0,2018-03-21 00:00:00+00,3/21/2018 7:35:00 PM,Mid-Block (not related to intersection),24,MOTOR VEHCILE STRUCK PEDESTRIAN,,False,Raining,Wet,Dark - Street Lights On,,,,0.0,Vehicle going straight hits pedestrian,0,0,False,0
-122.337685817729,47.6617557445108,199924,278064,278964,3754180,Matched,Block,,DENSMORE AVE N BETWEEN N 45TH W ST AND N 46TH ST, ,,2,Injury Collision,Angles,6,0,0,3,3,0,2018-03-21 00:00:00+00,3/21/2018 1:19:00 PM,Driveway Junction,11,"MOTOR VEHICLE STRUCK MOTOR VEHICLE, FRONT END AT ANGLE",,False,Clear or Partly Cloudy,Dry,Daylight,,,,10.0,Entering at angle,0,0,False,0
-122.355409289722,47.6239235178236,199925,279384,280284,3784835,Matched,Block,,1ST AVE N BETWEEN REPUBLICAN ST AND MERCER ST, ,,1,Property Damage Only Collision,Parked Car,2,0,0,2,0,0,2018-03-27 00:00:00+00,3/27/2018 5:56:00 PM,Mid-Block (not related to intersection),14,"MOTOR VEHICLE STRUCK MOTOR VEHICLE, REAR END",True,False,Clear or Partly Cloudy,Wet,Daylight,,,,20.0,One car leaving parked position,0,0,True,0
-122.38001612642,47.6648785654308,199926,277799,278699,E779117,Matched,Intersection,25174.0,LEARY AVE NW AND NW DOCK PL, ,,1,Property Damage Only Collision,Left Turn,3,0,0,2,0,0,2018-02-14 00:00:00+00,2/14/2018 6:33:00 PM,At Intersection (intersection related),11,"MOTOR VEHICLE STRUCK MOTOR VEHICLE, FRONT END AT ANGLE",,False,Overcast,Dry,Dark - Street Lights On,,,,28.0,From opposite direction - one left turn - one straight,0,0,False,0
-122.346944028271,47.6130417511119,199927,278618,279518,3811947,Matched,Block,,BELL ST BETWEEN WESTERN AVE AND 1ST AVE, ,,1,Property Damage Only Collision,Parked Car,2,0,0,2,0,0,2018-03-25 00:00:00+00,3/25/2018 2:23:00 AM,Mid-Block (not related to intersection),11,"MOTOR VEHICLE STRUCK MOTOR VEHICLE, FRONT END AT ANGLE",,False,Clear or Partly Cloudy,Dry,Dark - Street Lights On,,,,32.0,One parked--one moving,0,0,True,0
-122.339105550366,47.6869261197867,199928,278604,279504,E781645,Matched,Intersection,24230.0,ASHWORTH AVE N AND N 80TH ST, ,,2,Injury Collision,Angles,3,0,0,2,2,0,2018-03-22 00:00:00+00,3/22/2018 6:35:00 PM,At Intersection (intersection related),11,"MOTOR VEHICLE STRUCK MOTOR VEHICLE, FRONT END AT ANGLE",,False,Unknown,Wet,Daylight,,,,10.0,Entering at angle,0,0,False,0