longitude,latitude,objectid,inckey,coldetkey,reportno,status,addrtype,intkey,location,exceptrsncode,exceptrsndesc,severitycode,severitydesc,collisiontype,personcount,pedcount,pedcylcount,vehcount,injuries,fatalities,incdate,incdttm,junctiontype,sdot_colcode,sdot_coldesc,inattentionind,underinfl,weather,roadcond,lightcond,pedrownotgrnt,sdotcolnum,speeding,st_colcode,st_coldesc,seglanekey,crosswalkkey,hitparkedcar,seriousinjuries
-122.334792923541,47.5491918832386,199929,279398,280298,3818735,Matched,Block,,EAST MARGINAL WAY S BETWEEN S FIDALGO ST AND 1ST AVE S, ,,1,Property Damage Only Collision,Sideswipe,4,0,0,2,0,0,2018-03-27 00:00:00+00,3/27/2018 8:44:00 AM,Mid-Block (not related to intersection),11,"MOTOR VEHICLE STRUCK MOTOR VEHICLE, FRONT END AT ANGLE",,False,Overcast,Dry,Daylight,,,,11.0,From same direction - both going straight - both moving - sideswipe,0,0,False,0
-122.383691928678,47.5210598488101,199930,278117,279017,E780656,Matched,Block,,SW BARTON ST BETWEEN 40TH AVE SW AND SW DIRECTOR E ST, ,,2,Injury Collision,Sideswipe,4,0,0,3,4,0,2018-03-20 00:00:00+00,3/20/2018 3:23:00 PM,Mid-Block (not related to intersection),11,"MOTOR VEHICLE STRUCK MOTOR VEHICLE, FRONT END AT ANGLE",,False,Clear or Partly Cloudy,Dry,Daylight,,,,26.0,From opposite direction - both going straight - sideswipe,0,0,False,0
-122.35946000915,47.6468953243886,199931,279382,280282,3754467,Matched,Block,,W FLORENTIA ST BETWEEN 1ST AVE W AND 3 UPPER AVE W, ,,1,Property Damage Only Collision,Parked Car,2,0,0,2,0,0,2018-03-11 00:00:00+00,3/11/2018 5:00:00 AM,Mid-Block (not related to intersection),0,NOT ENOUGH INFORMATION / NOT APPLICABLE,,False,Unknown,Unknown,Unknown,,,,32.0,One parked--one moving,0,0,True,0
-122.331577686352,47.5992007850502,199933,277797,278697,E779054,Matched,Intersection,30506.0,2ND AVE S AND S JACKSON ST, ,,2,Injury Collision,Angles,2,0,0,2,1,0,2018-03-13 00:00:00+00,3/13/2018 2:40:00 PM,At Intersection (intersection related),11,"MOTOR VEHICLE STRUCK MOTOR VEHICLE, FRONT END AT ANGLE",,False,Raining,Wet,Daylight,,,,10.0,Entering at angle,0,0,False,0
-122.33420376417,47.5740441619685,199934,278617,279517,3756094,Matched,Block,,1ST AVE S BETWEEN S HORTON ST AND S HINDS ST, ,,1,Property Damage Only Collision,Parked Car,2,0,0,2,0,0,2018-03-23 00:00:00+00,3/23/2018 3:32:00 PM,Mid-Block (not related to intersection),11,"MOTOR VEHICLE STRUCK MOTOR VEHICLE, FRONT END AT ANGLE",,False,Clear or Partly Cloudy,Wet,Daylight,,,,19.0,One car entering parked position,0,0,False,0
-122.296254307144,47.6079966236585,199936,280384,281264,E783557,Matched,Intersection,30071.0,M L KING JR WAY AND E CHERRY ST, ,,2,Injury Collision,Left Turn,2,0,0,2,1,0,2018-03-20 00:00:00+00,3/20/2018 7:56:00 PM,At Intersection (intersection related),11,"MOTOR VEHICLE STRUCK MOTOR VEHICLE, FRONT END AT ANGLE",,False,Clear or Partly Cloudy,Dry,Dark - Street Lights On,,,,28.0,From opposite direction - one left turn - one straight,0,0,False,0
-122.305720307624,47.6506262272519,199937,278601,279501,E781643,Matched,Block,,NE PACIFIC PL BETWEEN NE PACIFIC ST AND MONTLAKE BLVD NE, ,,1,Property Damage Only Collision,Parked Car,3,0,0,2,0,0,2018-03-22 00:00:00+00,3/22/2018 5:43:00 PM,Mid-Block (not related to intersection),11,"MOTOR VEHICLE STRUCK MOTOR VEHICLE, FRONT END AT ANGLE",True,False,Clear or Partly Cloudy,Dry,Daylight,,,,32.0,One parked--one moving,0,0,False,0
-122.288495409539,47.6757843734024,199938,279380,280280,3754045,Matched,Block,,NE 65TH ST BETWEEN 36TH E AVE NE AND 37TH W AVE NE, ,,2b,Serious Injury Collision,Parked Car,3,0,0,2,2,0,2018-03-27 00:00:00+00,3/27/2018 4:36:00 AM,Mid-Block (not related to intersection),14,"MOTOR VEHICLE STRUCK MOTOR VEHICLE, REAR END",,True,Overcast,Dry,Dark - Street Lights On,,,,32.0,One parked--one moving,0,0,False,1
-122.266326233425,47.5307028230972,199939,282529,283389,E789390,Matched,Block,,SEWARD PARK AVE S BETWEEN S KENYON ST AND S BUDD CT, ,,1,Property Damage Only Collision,Parked Car,2,0,0,2,0,0,2018-04-17 00:00:00+00,4/17/2018 2:50:00 PM,Mid-Block (not related to intersection),14,"MOTOR VEHICLE STRUCK MOTOR VEHICLE, REAR END",True,False,Clear or Partly Cloudy,Dry,Daylight,,,,32.0,One parked--one moving,0,0,True,0
-122.354973178169,47.7323145294772,199940,281364,282244,3769420,Matched,Block,,N 143RD ST BETWEEN GREENWOOD AVE N AND PHINNEY AVE N, ,,1,Property Damage Only Collision,Parked Car,3,0,0,3,0,0,2018-04-01 00:00:00+00,4/1/2018 6:43:00 PM,Mid-Block (not related to intersection),11,"MOTOR VEHICLE STRUCK MOTOR VEHICLE, FRONT END AT ANGLE",,True,Raining,Wet,Dusk,,,,32.0,One parked--one moving,0,0,True,0
-122.282318701585,47.5733009661471,199941,281361,282241,3756100,Matched,Block,,S HORTON ST BETWEEN SIERRA DR S AND LAKEWOOD AVE S, ,,1,Property Damage Only Collision,Other,1,0,0,1,0,0,2018-04-08 00:00:00+00,4/8/2018 2:44:00 PM,Mid-Block (not related to intersection),28,MOTOR VEHICLE RAN OFF ROAD - HIT FIXED OBJECT,True,False,Overcast,Dry,Daylight,,,,50.0,Fixed object,0,0,False,0
-122.297449475026,47.58188977024,199942,281360,282240,3756099,Matched,Block,,M L KING JR WAY S BETWEEN S BAYVIEW N ST AND S BAYVIEW S ST, ,,1,Property Damage Only Collision,Other,1,0,0,1,0,0,2018-04-08 00:00:00+00,4/8/2018 11:02:00 AM,Mid-Block (not related to intersection),28,MOTOR VEHICLE RAN OFF ROAD - HIT FIXED OBJECT,,False,Clear or Partly Cloudy,Dry,Daylight,,,,50.0,Fixed object,0,0,False,0
-122.292108147702,47.5330744380911,199945,281860,282720,3730374,Matched,Block,,S PORTLAND ST BETWEEN 30TH AVE S AND 32ND AVE S, ,,1,Property Damage Only Collision,Parked Car,2,0,0,2,0,0,2018-04-09 00:00:00+00,4/9/2018 9:00:00 AM,Mid-Block (not related to intersection),0,NOT ENOUGH INFORMATION / NOT APPLICABLE,,False,Unknown,Unknown,Unknown,,,,32.0,One parked--one moving,0,0,True,0
-122.312875515212,47.6021812819529,199946,281837,282697,3702421,Matched,Block,,15TH AVE BETWEEN E YESLER WAY AND E FIR ST, ,,1,Property Damage Only Collision,Angles,2,0,0,2,0,0,2018-04-12 00:00:00+00,4/12/2018 10:02:00 AM,Driveway Junction,11,"MOTOR VEHICLE STRUCK MOTOR VEHICLE, FRONT END AT ANGLE",,True,Clear or Partly Cloudy,Dry,Daylight,,,,10.0,Entering at angle,0,0,False,0
-122.415552386834,47.6527968615872,199947,281359,282239,3754914,Matched,Block,,W RUFFNER ST BETWEEN 45TH AVE W AND PERKINS N LN W, ,,2,Injury Collision,Other,2,0,0,1,2,0,2018-04-01 00:00:00+00,4/1/2018 3:22:00 PM,Mid-Block (not related to intersection),28,MOTOR VEHICLE RAN OFF ROAD - HIT FIXED OBJECT,,False,Raining,Wet,Daylight,,,,50.0,Fixed object,0,0,False,0
-122.325044152803,47.6083912978922,199948,282530,283390,3702601,Matched,Block,,MARION ST BETWEEN TERRY AVE AND BOREN AVE, ,,1,Property Damage Only Collision,Parked Car,3,0,0,3,0,0,2018-04-13 00:00:00+00,4/13/2018 4:06:00 PM,Mid-Block (not related to intersection),14,"MOTOR VEHICLE STRUCK MOTOR VEHICLE, REAR END",,True,Raining,Wet,Daylight,,,,32.0,One parked--one moving,0,0,True,0
-122.376211451145,47.6719937116892,199949,281362,282242,3762863,Matched,Block,,15TH AVE NW BETWEEN NW 59TH ST AND NW 60TH ST, ,,2,Injury Collision,Rear Ended,3,0,0,3,2,0,2018-03-30 00:00:00+00,3/30/2018 3:45:00 PM,Mid-Block (not related to intersection),14,"MOTOR VEHICLE STRUCK MOTOR VEHICLE, REAR END",True,False,Clear or Partly Cloudy,Dry,Daylight,,,,14.0,From same direction - both going straight - one stopped - rear-end,0,0,False,0
-122.308278624843,47.6080236199485,199951,282525,283385,E788656,Matched,Block,,E CHERRY ST BETWEEN 18TH AVE AND 19TH AVE, ,,2,Injury Collision,Head On,3,0,0,3,1,0,2018-04-14 00:00:00+00,4/14/2018 4:34:00 PM,Mid-Block (not related to intersection),11,"MOTOR VEHICLE STRUCK MOTOR VEHICLE, FRONT END AT ANGLE",,False,Raining,Wet,Daylight,,,,30.0,From opposite direction - all others,0,0,False,0
-122.317413626231,47.6640261758118,199952,281859,282719,3706138,Matched,Block,,ROOSEVELT WAY NE BETWEEN NE 47TH ST AND NE 50TH ST, ,,1,Property Damage Only Collision,Rear Ended,2,0,0,2,0,0,2018-04-12 00:00:00+00,4/12/2018 1:39:00 AM,Mid-Block (not related to intersection),14,"MOTOR VEHICLE STRUCK MOTOR VEHICLE, REAR END",,True,Raining,Wet,Dark - Street Lights On,,,,13.0,From same direction - both going straight - both moving - rear-end,0,0,False,0
-122.373572327763,47.6756129406099,199993,286737,287617,E795990,Matched,Block,,14TH AVE NW BETWEEN NW 64TH ST AND NW 65TH ST, ,,2,Injury Collision,Other,2,0,0,1,1,0,2018-05-04 00:00:00+00,5/4/2018 8:08:00 AM,Mid-Block (not related to intersection),26,MOTOR VEHICLE STRUCK OBJECT IN ROAD,True,False,Overcast,Dry,Daylight,,,,50.0,Fixed object,0,0,False,0
-122.284102386692,47.5564515676256,199953,281861,282721,3730375,Matched,Block,,RAINIER AVE S BETWEEN S HUDSON ST AND 39TH N AVE S, ,,1,Property Damage Only Collision,Rear Ended,2,0,0,2,0,0,2018-04-09 00:00:00+00,4/9/2018 12:54:00 PM,Mid-Block (not related to intersection),14,"MOTOR VEHICLE STRUCK MOTOR VEHICLE, REAR END",,True,Clear or Partly Cloudy,Dry,Daylight,,,,14.0,From same direction - both going straight - one stopped - rear-end,0,0,False,0
-122.307148924985,47.5463806532433,199954,281365,282245,E786805,Matched,Block,,SWIFT AVE S BETWEEN S GRAHAM ST AND SWIFT AV OFF RP, ,,2,Injury Collision,Rear Ended,6,0,0,3,2,0,2018-04-07 00:00:00+00,4/7/2018 3:12:00 PM,Mid-Block (not related to intersection),14,"MOTOR VEHICLE STRUCK MOTOR VEHICLE, REAR END",True,False,Raining,Wet,Daylight,,,,14.0,From same direction - both going straight - one stopped - rear-end,0,0,False,0
-122.338521996838,47.6133417699416,199955,280392,281272,3583891,Matched,Block,,5TH AVE BETWEEN STEWART ST AND VIRGINIA ST, ,,2,Injury Collision,Other,1,0,0,1,1,0,2018-03-30 00:00:00+00,3/30/2018 1:48:00 AM,Mid-Block (not related to intersection),26,MOTOR VEHICLE STRUCK OBJECT IN ROAD,,True,Clear or Partly Cloudy,Dry,Dark - Street Lights On,,,,50.0,Fixed object,0,0,False,0
-122.296812899674,47.6012576255902,199956,282523,283383,E788610,Matched,Block,,M L KING JR WAY S BETWEEN E YESLER WAY AND S WASHINGTON ST, ,,2,Injury Collision,Rear Ended,2,0,0,2,1,0,2018-04-13 00:00:00+00,4/13/2018 8:50:00 AM,Mid-Block (but intersection related),14,"MOTOR VEHICLE STRUCK MOTOR VEHICLE, REAR END",True,False,Raining,Wet,Daylight,,,,13.0,From same direction - both going straight - both moving - rear-end,0,0,False,0
-122.336130446662,47.610445255664,199957,280391,281271,3583889,Matched,Block,,PIKE ST BETWEEN 4TH AVE AND 5TH AVE, ,,1,Property Damage Only Collision,Pedestrian,2,0,1,1,0,0,2018-03-29 00:00:00+00,3/29/2018 5:09:00 PM,Driveway Junction,18,"MOTOR VEHICLE STRUCK PEDALCYCLIST, FRONT END AT ANGLE",,False,Clear or Partly Cloudy,Dry,Daylight,True,,,5.0,Vehicle Strikes Pedalcyclist,0,0,False,0
-122.345859536111,47.6862237243741,199959,281858,282718,3706133,Matched,Block,,N 79TH ST BETWEEN LINDEN AVE N AND AURORA AVE N, ,,1,Property Damage Only Collision,Parked Car,3,0,0,3,0,0,2018-04-09 00:00:00+00,4/9/2018 10:46:00 PM,Mid-Block (not related to intersection),11,"MOTOR VEHICLE STRUCK MOTOR VEHICLE, FRONT END AT ANGLE",,True,Clear or Partly Cloudy,Dry,Dark - Street Lights On,,,,32.0,One parked--one moving,0,0,True,0
-122.312602430929,47.6597883236386,199960,281363,282243,3769419,Matched,Block,,NE 43RD ST BETWEEN UNIVERSITY WAY NE AND 15TH AVE NE, ,,1,Property Damage Only Collision,Parked Car,3,0,0,3,0,0,2018-03-30 00:00:00+00,3/30/2018 9:02:00 AM,Mid-Block (not related to intersection),11,"MOTOR VEHICLE STRUCK MOTOR VEHICLE, FRONT END AT ANGLE",,False,Clear or Partly Cloudy,Dry,Daylight,,,,32.0,One parked--one moving,0,0,False,0
-122.314866148801,47.6612807946736,199961,281838,282698,3705739,Matched,Block,,NE 45TH ST BETWEEN 12TH AVE NE AND BROOKLYN AVE NE, ,,2,Injury Collision,Rear Ended,2,0,0,2,1,0,2018-04-09 00:00:00+00,4/9/2018 7:25:00 PM,Mid-Block (not related to intersection),14,"MOTOR VEHICLE STRUCK MOTOR VEHICLE, REAR END",,False,Clear or Partly Cloudy,Dry,Dusk,,,,14.0,From same direction - both going straight - one stopped - rear-end,0,0,False,0
-122.301471809345,47.5464027582198,199962,280390,281270,3581270,Matched,Block,,S GRAHAM ST BETWEEN 24TH AVE S AND BEACON WR AVE S, ,,1,Property Damage Only Collision,Rear Ended,2,0,0,2,0,0,2018-03-31 00:00:00+00,3/31/2018 12:00:00 PM,Mid-Block (not related to intersection),14,"MOTOR VEHICLE STRUCK MOTOR VEHICLE, REAR END",,False,Clear or Partly Cloudy,Dry,Daylight,,,,14.0,From same direction - both going straight - one stopped - rear-end,0,0,False,0
-122.380618193636,47.5356654704678,199965,281862,282722,3742507,Matched,Block,,SW WEBSTER ST BETWEEN 37TH AVE SW AND 39TH AVE SW, ,,1,Property Damage Only Collision,Parked Car,2,0,0,2,0,0,2018-04-08 00:00:00+00,4/8/2018 9:07:00 PM,Mid-Block (not related to intersection),14,"MOTOR VEHICLE STRUCK MOTOR VEHICLE, REAR END",,True,Clear or Partly Cloudy,Dry,Dark - Street Lights On,,,True,32.0,One parked--one moving,0,0,True,0
-122.341305593776,47.6914461572552,199966,281857,282717,3706131,Matched,Block,,STONE AVE N BETWEEN N 85TH E ST AND N 88TH ST, ,,1,Property Damage Only Collision,Parked Car,3,0,0,3,0,0,2018-04-09 00:00:00+00,4/9/2018 8:41:00 PM,Mid-Block (not related to intersection),11,"MOTOR VEHICLE STRUCK MOTOR VEHICLE, FRONT END AT ANGLE",,False,Clear or Partly Cloudy,Dry,Dark - Street Lights On,,,,32.0,One parked--one moving,0,0,True,0
-122.269984282626,47.5270445698514,199967,281366,282246,3782837,Matched,Block,,RAINIER AVE S BETWEEN S THISTLE ST AND S CLOVERDALE ST, ,,1,Property Damage Only Collision,Pedestrian,2,0,1,1,0,0,2018-04-05 00:00:00+00,4/5/2018 8:55:00 PM,Mid-Block (not related to intersection),21,"MOTOR VEHICLE STRUCK PEDALCYCLIST, REAR END",,False,Overcast,Wet,Dark - Street Lights On,,,,5.0,Vehicle Strikes Pedalcyclist,0,0,False,0
-122.333268699717,47.5938372656624,199968,280388,281268,3578838,Matched,Block,,OCCIDENTAL AVE S BETWEEN RAILROAD WAY S AND S ROYAL BROUGHAM WAY, ,,1,Property Damage Only Collision,Parked Car,6,0,0,2,0,0,2018-03-29 00:00:00+00,3/29/2018 11:53:00 PM,Mid-Block (not related to intersection),16,"MOTOR VEHICLE STRUCK MOTOR VEHICLE, LEFT SIDE SIDESWIPE",,True,Overcast,Dry,Dark - Street Lights On,,,,32.0,One parked--one moving,0,0,False,0
-122.356746743751,47.6197732603107,199969,280385,281265,E783565,Matched,Intersection,28661.0,JOHN ST AND QUEEN ANNE AVE N, ,,1,Property Damage Only Collision,Left Turn,2,0,0,2,0,0,2018-03-29 00:00:00+00,3/29/2018 4:51:00 PM,At Intersection (intersection related),11,"MOTOR VEHICLE STRUCK MOTOR VEHICLE, FRONT END AT ANGLE",,False,Overcast,Dry,Daylight,,,,15.0,From same direction - one left turn - one straight,0,0,False,0
-122.270181449885,47.5555683530258,199972,284736,285616,3730364,Matched,Intersection,33457.0,WILSON AVE S AND S FARRAR ST, ,,1,Property Damage Only Collision,Other,1,0,0,1,0,0,2018-03-29 00:00:00+00,3/29/2018 1:09:00 AM,At Intersection (intersection related),26,MOTOR VEHICLE STRUCK OBJECT IN ROAD,,False,Overcast,Dry,Dark - Street Lights On,,,,50.0,Fixed object,0,0,False,0
-122.376222561575,47.6569878221747,199973,286757,287637,E796052,Matched,Block,,BALLARD BR BETWEEN 15TH AVE W AND POINT A, ,,2,Injury Collision,Other,1,0,0,1,1,0,2018-04-28 00:00:00+00,4/28/2018 9:36:00 AM,Mid-Block (not related to intersection),26,MOTOR VEHICLE STRUCK OBJECT IN ROAD,,False,Raining,Wet,Daylight,,,,50.0,Fixed object,0,0,False,0
-122.34362354701,47.6258364456945,199974,283832,284732,3705541,Matched,Block,,AURORA AVE N BETWEEN ROY ST AND VALLEY ST, ,,1,Property Damage Only Collision,Rear Ended,2,0,0,2,0,0,2018-04-26 00:00:00+00,4/26/2018 5:15:00 PM,Mid-Block (not related to intersection),14,"MOTOR VEHICLE STRUCK MOTOR VEHICLE, REAR END",,False,Clear or Partly Cloudy,Dry,Daylight,,,,13.0,From same direction - both going straight - both moving - rear-end,0,0,False,0
-122.310790169266,47.5819889134083,199975,284745,285625,3818784,Matched,Block,,17TH AVE S BETWEEN S COLLEGE ST AND S BAYVIEW ST, ,,1,Property Damage Only Collision,Sideswipe,2,0,0,2,0,0,2018-04-29 00:00:00+00,4/29/2018 10:47:00 PM,Mid-Block (not related to intersection),11,"MOTOR VEHICLE STRUCK MOTOR VEHICLE, FRONT END AT ANGLE",,False,Raining,Wet,Dark - No Street Lights,,,,26.0,From opposite direction - both going straight - sideswipe,0,0,False,0
-122.306714590288,47.6196657229916,199976,283829,284729,3702626,Matched,Block,,E JOHN ST BETWEEN 19TH AVE E AND 20TH S AVE E, ,,1,Property Damage Only Collision,Parked Car,2,0,0,2,0,0,2018-04-26 00:00:00+00,4/26/2018 9:36:00 PM,Mid-Block (not related to intersection),11,"MOTOR VEHICLE STRUCK MOTOR VEHICLE, FRONT END AT ANGLE",True,False,Clear or Partly Cloudy,Dry,Dark - Street Lights On,,,,32.0,One parked--one moving,0,0,True,0
-122.33027463072,47.6149524721557,199977,283179,284039,3812004,Matched,Block,,BOREN AVE BETWEEN PINE ST AND OLIVE WAY, ,,1,Property Damage Only Collision,Right Turn,2,0,0,2,0,0,2018-04-22 00:00:00+00,4/22/2018 6:27:00 PM,Mid-Block (not related to intersection),11,"MOTOR VEHICLE STRUCK MOTOR VEHICLE, FRONT END AT ANGLE",,False,Clear or Partly Cloudy,Dry,Daylight,,,,16.0,From same direction - one right turn - one straight,0,0,False,0
-122.387256202063,47.5411093199667,199978,284740,285620,3744608,Matched,Block,,CALIFORNIA AVE SW BETWEEN SW MILLS ST AND SW FRONTENAC ST, ,,1,Property Damage Only Collision,Parked Car,2,0,0,2,0,0,2018-04-27 00:00:00+00,4/27/2018 8:06:00 AM,Mid-Block (not related to intersection),16,"MOTOR VEHICLE STRUCK MOTOR VEHICLE, LEFT SIDE SIDESWIPE",,False,Other,Unknown,Daylight,,,,32.0,One parked--one moving,0,0,True,0
-122.333718701038,47.6650357207705,199979,286721,287597,E795987,Matched,Intersection,25525.0,MERIDIAN AVE N AND N 50TH ST, ,,1,Property Damage Only Collision,Right Turn,3,0,0,2,0,0,2018-05-08 00:00:00+00,5/8/2018 11:19:00 AM,At Intersection (intersection related),11,"MOTOR VEHICLE STRUCK MOTOR VEHICLE, FRONT END AT ANGLE",True,False,Clear or Partly Cloudy,Dry,Daylight,,,,16.0,From same direction - one right turn - one straight,0,0,False,0
-122.297699212576,47.5923418654367,199980,283178,284038,3782843,Matched,Block,,M L KING JR WAY S BETWEEN S ELMWOOD PL AND S JUDKINS ST, ,,1,Property Damage Only Collision,Other,1,0,0,1,0,0,2018-04-19 00:00:00+00,4/19/2018 7:00:00 AM,Mid-Block (not related to intersection),26,MOTOR VEHICLE STRUCK OBJECT IN ROAD,,False,Unknown,Unknown,Unknown,,,,48.0,"Domestic animal other (cat, dog, etc)",0,0,False,0
-122.339134291601,47.6905215275254,199981,283835,284735,3705958,Matched,Intersection,37373.0,ASHWORTH AVE N AND N 85TH ST, ,,1,Property Damage Only Collision,Rear Ended,2,0,0,2,0,0,2018-04-25 00:00:00+00,4/25/2018 9:42:00 PM,At Intersection (intersection related),14,"MOTOR VEHICLE STRUCK MOTOR VEHICLE, REAR END",,False,Clear or Partly Cloudy,Dry,Dark - Street Lights On,,,,14.0,From same direction - both going straight - one stopped - rear-end,0,0,False,0
-122.276740760336,47.5474330364304,199983,283177,284037,3782842,Matched,Block,,RAINIER AVE S BETWEEN S KENNY ST AND S GRAHAM ST, ,,1,Property Damage Only Collision,Parked Car,2,0,0,2,0,0,2018-04-18 00:00:00+00,4/18/2018 4:43:00 AM,Mid-Block (not related to intersection),16,"MOTOR VEHICLE STRUCK MOTOR VEHICLE, LEFT SIDE SIDESWIPE",,True,Clear or Partly Cloudy,Dry,Dark - Street Lights On,,,,32.0,One parked--one moving,0,0,True,0
-122.306705093404,47.5664045826154,199985,283157,284017,3782788,Matched,Block,,BEACON WR N AVE S BETWEEN BEACON AVE S AND BEACON ER S AVE S, ,,1,Property Damage Only Collision,Parked Car,2,0,0,2,0,0,2018-04-17 00:00:00+00,4/17/2018 11:41:00 AM,Mid-Block (not related to intersection),11,"MOTOR VEHICLE STRUCK MOTOR VEHICLE, FRONT END AT ANGLE",,False,Clear or Partly Cloudy,Dry,Daylight,,,,32.0,One parked--one moving,0,0,False,0
-122.366191048395,47.660481977576,199986,286777,287657,E796054,Matched,Intersection,26607.0,8TH AVE NW AND LEARY WAY NW, ,,1,Property Damage Only Collision,Angles,2,0,0,2,0,0,2018-05-05 00:00:00+00,5/5/2018 6:30:00 AM,At Intersection (intersection related),11,"MOTOR VEHICLE STRUCK MOTOR VEHICLE, FRONT END AT ANGLE",True,False,Clear or Partly Cloudy,Dry,Daylight,,,,10.0,Entering at angle,0,0,False,0
-122.307191040392,47.6648603383004,199987,283833,284733,3705740,Matched,Intersection,26056.0,19TH AVE NE AND NE 50TH ST, ,,2,Injury Collision,Angles,5,0,0,2,2,0,2018-04-26 00:00:00+00,4/26/2018 9:44:00 PM,At Intersection (intersection related),11,"MOTOR VEHICLE STRUCK MOTOR VEHICLE, FRONT END AT ANGLE",,False,Clear or Partly Cloudy,Dry,Dark - Street Lights On,,,,10.0,Entering at angle,0,0,False,0
-122.339072322605,47.5715064685324,199988,283138,283998,3782787,Matched,Block,,WEST SEATTLE BR EB BETWEEN 1ST AV S OFF RP AND SPOKANE ST - W SEA B RP, ,,1,Property Damage Only Collision,Rear Ended,2,0,0,2,0,0,2018-04-16 00:00:00+00,4/16/2018 2:39:00 PM,Mid-Block (not related to intersection),14,"MOTOR VEHICLE STRUCK MOTOR VEHICLE, REAR END",,False,Overcast,Wet,Daylight,,,,13.0,From same direction - both going straight - both moving - rear-end,0,0,False,0
-122.347327149771,47.6632259404801,199989,286719,287579,E795985,Matched,Block,,AURORA AVE N BETWEEN N 47TH ST AND N 48TH ST, ,,1,Property Damage Only Collision,Rear Ended,2,0,0,2,0,0,2018-05-08 00:00:00+00,5/8/2018 8:20:00 AM,Mid-Block (not related to intersection),14,"MOTOR VEHICLE STRUCK MOTOR VEHICLE, REAR END",,False,Clear or Partly Cloudy,Dry,Daylight,,,,14.0,From same direction - both going straight - one stopped - rear-end,0,0,False,0
-122.34488302797,47.6176876892353,199990,283137,283997,E785552,Matched,Block,,WALL ST BETWEEN 5TH AVE AND 6TH AVE, ,,1,Property Damage Only Collision,Sideswipe,5,0,0,2,0,0,2018-03-22 00:00:00+00,3/22/2018 8:33:00 AM,Mid-Block (not related to intersection),11,"MOTOR VEHICLE STRUCK MOTOR VEHICLE, FRONT END AT ANGLE",True,False,Raining,Wet,Daylight,,,,11.0,From same direction - both going straight - both moving - sideswipe,0,0,False,0
-122.370953581228,47.5510353323303,199991,284738,285618,3742488,Matched,Block,,30TH AVE SW BETWEEN SW FINDLAY ST AND SW JUNEAU ST, ,,1,Property Damage Only Collision,Other,1,0,0,1,0,0,2018-03-29 00:00:00+00,3/29/2018 4:12:00 PM,Mid-Block (not related to intersection),28,MOTOR VEHICLE RAN OFF ROAD - HIT FIXED OBJECT,,False,Clear or Partly Cloudy,Dry,Daylight,,,,50.0,Fixed object,0,0,False,0
-122.383888739881,47.5811758566297,199992,283837,284737,3742242,Matched,Intersection,31064.0,41ST AVE SW AND SW ADMIRAL WAY, ,,2,Injury Collision,Left Turn,2,0,0,2,1,0,2018-04-25 00:00:00+00,4/25/2018 11:50:00 AM,At Intersection (intersection related),11,"MOTOR VEHICLE STRUCK MOTOR VEHICLE, FRONT END AT ANGLE",,False,Clear or Partly Cloudy,Dry,Daylight,,,,28.0,From opposite direction - one left turn - one straight,0,0,False,0
-122.35669314688,47.6267531045057,199994,283831,284731,E788319,Matched,Block,,QUEEN ANNE AVE N BETWEEN VALLEY ST AND ALOHA ST, ,,1,Property Damage Only Collision,Rear Ended,5,0,0,2,0,0,2018-04-10 00:00:00+00,4/10/2018 2:10:00 PM,Mid-Block (not related to intersection),14,"MOTOR VEHICLE STRUCK MOTOR VEHICLE, REAR END",,False,Clear or Partly Cloudy,Wet,Daylight,,,,14.0,From same direction - both going straight - one stopped - rear-end,0,0,False,0
-122.344681191855,47.7039634781452,199995,284744,285624,3754404,Matched,Block,,AURORA AVE N BETWEEN N 103RD N ST AND N 104TH ST, ,,1,Property Damage Only Collision,Pedestrian,2,1,0,1,0,0,2018-03-15 00:00:00+00,3/15/2018 11:03:00 AM,Mid-Block (not related to intersection),24,MOTOR VEHCILE STRUCK PEDESTRIAN,,False,Clear or Partly Cloudy,Dry,Daylight,,,,4.0,Vehicle hits Pedestrian - All Other Actions,0,0,False,0
-122.383346340252,47.5299230252865,199997,283124,283984,E785544,Matched,Block,,SW SOUTHERN ST BETWEEN 39TH AVE SW AND 41ST AVE SW, ,,1,Property Damage Only Collision,Parked Car,2,0,0,2,0,0,2018-03-20 00:00:00+00,3/20/2018 8:21:00 AM,Mid-Block (but intersection related),14,"MOTOR VEHICLE STRUCK MOTOR VEHICLE, REAR END",True,False,Clear or Partly Cloudy,Dry,Daylight,,,,32.0,One parked--one moving,0,0,True,0
-122.381557460505,47.5547265416376,199998,284737,285617,3742486,Matched,Block,,FAUNTLEROY WAY SW BETWEEN SW DAWSON ST AND SW BRANDON ST, ,,2b,Serious Injury Collision,Other,3,0,0,2,1,0,2018-03-28 00:00:00+00,3/28/2018 8:10:00 PM,Mid-Block (not related to intersection),11,"MOTOR VEHICLE STRUCK MOTOR VEHICLE, FRONT END AT ANGLE",,False,Overcast,Dry,Dark - Street Lights On,,,,23.0,From same direction - all others,0,0,False,1
-122.290223248122,47.5970893838999,199999,286720,287580,E795974,Matched,Block,,33RD AVE S BETWEEN DEAD END 1 AND S LANE ST, ,,1,Property Damage Only Collision,Parked Car,2,0,0,2,0,0,2018-04-25 00:00:00+00,4/25/2018 9:04:00 AM,Mid-Block (not related to intersection),31,DRIVERLESS VEHICLE STRUCK MOTOR VEHICLE FRONT END AT ANGLE,,False,Clear or Partly Cloudy,Dry,Daylight,,,,32.0,One parked--one moving,0,0,True,0
-122.341840531685,47.6483959824223,200000,283834,284734,3705957,Matched,Block,,N 34TH ST BETWEEN STONE WAY N AND N NORTHLAKE PL, ,,2b,Serious Injury Collision,Rear Ended,2,0,0,2,1,0,2018-04-25 00:00:00+00,4/25/2018 7:01:00 AM,Mid-Block (not related to intersection),14,"MOTOR VEHICLE STRUCK MOTOR VEHICLE, REAR END",True,False,Clear or Partly Cloudy,Dry,Daylight,,,,14.0,From same direction - both going straight - one stopped - rear-end,0,0,False,1