longitude,latitude,objectid,inckey,coldetkey,reportno,status,addrtype,intkey,location,exceptrsncode,exceptrsndesc,severitycode,severitydesc,collisiontype,personcount,pedcount,pedcylcount,vehcount,injuries,fatalities,incdate,incdttm,junctiontype,sdot_colcode,sdot_coldesc,inattentionind,underinfl,weather,roadcond,lightcond,pedrownotgrnt,sdotcolnum,speeding,st_colcode,st_coldesc,seglanekey,crosswalkkey,hitparkedcar,seriousinjuries
-122.33467152672,47.6063373543613,198001,273371,274211,3726119,Matched,Intersection,29950.0,3RD AVE AND SPRING ST, ,,2,Injury Collision,Pedestrian,2,1,0,1,1,0,2018-02-09 00:00:00+00,2/9/2018 1:20:00 PM,At Intersection (intersection related),24,MOTOR VEHCILE STRUCK PEDESTRIAN,True,False,Clear or Partly Cloudy,Dry,Daylight,,,,2.0,Vehicle turning left hits pedestrian,0,521566,False,0
-122.360647539539,47.6906253873169,198002,273364,274204,3705688,Matched,Intersection,37184.0,3RD AVE NW AND NW 85TH ST, ,,2,Injury Collision,Angles,3,0,0,2,1,0,2018-01-08 00:00:00+00,1/8/2018 10:07:00 PM,At Intersection (intersection related),11,"MOTOR VEHICLE STRUCK MOTOR VEHICLE, FRONT END AT ANGLE",,False,Raining,Wet,Dark - Street Lights On,,,,10.0,Entering at angle,0,0,False,0
-122.316928342423,47.6199367074436,198004,273363,274203,3702501,Matched,Intersection,29055.0,12TH AVE E AND E JOHN ST, ,,1,Property Damage Only Collision,Angles,2,0,0,2,0,0,2018-03-01 00:00:00+00,3/1/2018 5:45:00 AM,At Intersection (intersection related),11,"MOTOR VEHICLE STRUCK MOTOR VEHICLE, FRONT END AT ANGLE",,False,Clear or Partly Cloudy,Wet,Dark - Street Lights On,,,,10.0,Entering at angle,0,0,False,0
-122.296890668251,47.5448815121519,198005,272738,273578,E772461,Matched,Block,,28TH AVE S BETWEEN S EDDY ST AND S MORGAN ST, ,,1,Property Damage Only Collision,Parked Car,2,0,0,2,0,0,2018-02-08 00:00:00+00,2/8/2018 7:00:00 PM,Mid-Block (not related to intersection),14,"MOTOR VEHICLE STRUCK MOTOR VEHICLE, REAR END",,False,Raining,Wet,Unknown,,,,32.0,One parked--one moving,0,0,True,0
-122.344996819426,47.7250341828433,198008,269442,270242,3754261,Matched,Block,,AURORA AVE N BETWEEN N 130TH ST AND N 135TH ST, ,,1,Property Damage Only Collision,Head On,2,0,0,2,0,0,2018-02-05 00:00:00+00,2/5/2018 8:58:00 PM,Mid-Block (not related to intersection),11,"MOTOR VEHICLE STRUCK MOTOR VEHICLE, FRONT END AT ANGLE",True,False,Raining,Wet,Dark - Street Lights On,,,,25.0,From opposite direction - one stopped - head-on,0,0,False,0
-122.342401082168,47.612116598347,198009,272737,273577,E772608,Matched,Block,,2ND AVE BETWEEN VIRGINIA ST AND LENORA ST, ,,1,Property Damage Only Collision,Angles,3,0,0,2,0,0,2018-02-22 00:00:00+00,2/22/2018 7:56:00 PM,Mid-Block (not related to intersection),11,"MOTOR VEHICLE STRUCK MOTOR VEHICLE, FRONT END AT ANGLE",,False,Clear or Partly Cloudy,Dry,Dark - Street Lights On,,,,10.0,Entering at angle,0,0,False,0
-122.36900358673,47.6368552379943,198010,272718,273558,E772607,Matched,Block,,9TH AVE W BETWEEN W HOWE ST AND W CROCKETT ST, ,,1,Property Damage Only Collision,Other,2,0,0,2,0,0,2018-02-22 00:00:00+00,2/22/2018 7:27:00 AM,Mid-Block (not related to intersection),26,MOTOR VEHICLE STRUCK OBJECT IN ROAD,,False,Clear or Partly Cloudy,Ice,Daylight,,,,50.0,Fixed object,0,0,False,0
-122.319742835785,47.6152429810889,198011,272717,273557,E772296,Matched,Block,,E PINE ST BETWEEN NAGLE PL AND 10TH AVE, ,,2,Injury Collision,,2,0,1,1,1,0,2018-02-23 00:00:00+00,2/23/2018 2:43:00 PM,Mid-Block (not related to intersection),51,PEDALCYCLIST STRUCK MOTOR VEHICLE FRONT END AT ANGLE,,False,Overcast,Dry,Daylight,,,,,,0,0,False,0
-122.333387671359,47.6185145132502,198012,272697,273537,E772605,Matched,Intersection,158088.0,DENNY WAY AND MINOR AVE, ,,2,Injury Collision,Pedestrian,2,1,0,1,1,0,2018-02-23 00:00:00+00,2/23/2018 5:24:00 PM,At Intersection (intersection related),24,MOTOR VEHCILE STRUCK PEDESTRIAN,True,False,Snowing,Wet,Dark - Street Lights On,,,,0.0,Vehicle going straight hits pedestrian,0,0,False,0
-122.330448979538,47.5451086052105,198013,269766,270566,E767221,Matched,Block,,S MICHIGAN ST BETWEEN EAST MARGINAL WAY S AND 4TH AVE S, ,,2,Injury Collision,Rear Ended,4,0,0,4,1,0,2018-01-24 00:00:00+00,1/24/2018 8:46:00 AM,Mid-Block (not related to intersection),14,"MOTOR VEHICLE STRUCK MOTOR VEHICLE, REAR END",,False,Raining,Wet,Daylight,,,,14.0,From same direction - both going straight - one stopped - rear-end,0,0,False,0
-122.320219628594,47.6268281557376,198014,269446,270246,3773863,Matched,Intersection,28977.0,10TH AVE E AND E ALOHA ST, ,,2b,Serious Injury Collision,Other,1,0,0,1,1,0,2018-02-06 00:00:00+00,2/6/2018 7:41:00 PM,At Intersection (intersection related),24,MOTOR VEHCILE STRUCK PEDESTRIAN,,False,Overcast,Dry,Dark - Street Lights On,,,,52.0,Vehicle overturned,0,0,False,1
-122.341958025371,47.6106811008714,198015,272688,273528,E772604,Matched,Block,,1ST AVE BETWEEN STEWART ST AND VIRGINIA ST, ,,1,Property Damage Only Collision,Parked Car,2,0,0,2,0,0,2018-02-15 00:00:00+00,2/15/2018 10:15:00 AM,Mid-Block (not related to intersection),11,"MOTOR VEHICLE STRUCK MOTOR VEHICLE, FRONT END AT ANGLE",True,False,Clear or Partly Cloudy,Dry,Daylight,,,,32.0,One parked--one moving,0,0,False,0
-122.308967844089,47.5992389705519,198017,272687,273527,E771954,Matched,Intersection,30752.0,18TH AVE S AND S JACKSON ST, ,,1,Property Damage Only Collision,Other,2,0,0,2,0,0,2018-02-18 00:00:00+00,2/18/2018 10:58:00 AM,At Intersection (intersection related),11,"MOTOR VEHICLE STRUCK MOTOR VEHICLE, FRONT END AT ANGLE",,False,Sleet/Hail/Freezing Rain,Wet,Daylight,,,,23.0,From same direction - all others,0,0,False,0
-122.268776025027,47.536980541603,198018,272686,273526,3818662,Matched,Block,,S OTHELLO ST BETWEEN RAINIER AVE S AND SEWARD PARK AVE S, ,,1,Property Damage Only Collision,Angles,2,0,0,2,0,0,2018-02-25 00:00:00+00,2/25/2018 5:09:00 PM,Mid-Block (not related to intersection),14,"MOTOR VEHICLE STRUCK MOTOR VEHICLE, REAR END",,False,Overcast,Dry,Daylight,,,,10.0,Entering at angle,0,0,False,0
-122.314015010207,47.5347648065047,198019,269443,270243,3764989,Matched,Block,,EAST MARGINAL WAY S BETWEEN 14TH AVE S AND 16TH AVE S, ,,2,Injury Collision,Other,2,0,0,2,1,0,2018-02-04 00:00:00+00,2/4/2018 6:02:00 PM,Mid-Block (not related to intersection),11,"MOTOR VEHICLE STRUCK MOTOR VEHICLE, FRONT END AT ANGLE",,False,Clear or Partly Cloudy,Dry,Dark - Street Lights On,,,,23.0,From same direction - all others,0,0,False,0
-122.307011696628,47.5992507648451,198020,269497,270297,E766199,Matched,Block,,S JACKSON ST BETWEEN 19TH AVE S AND 20TH AVE S, ,,1,Property Damage Only Collision,Rear Ended,2,0,0,2,0,0,2018-02-01 00:00:00+00,2/1/2018 6:20:00 PM,Mid-Block (but intersection related),14,"MOTOR VEHICLE STRUCK MOTOR VEHICLE, REAR END",,False,Raining,Wet,Dark - Street Lights On,,,,14.0,From same direction - both going straight - one stopped - rear-end,0,0,False,0
-122.279122595534,47.5152512529479,198023,272685,273525,3818607,Matched,Block,,M L KING JR WR WAY S BETWEEN MERTON WAY S AND S NORFOLK ST, ,,1,Property Damage Only Collision,Other,2,0,0,1,0,0,2018-02-22 00:00:00+00,2/22/2018 8:30:00 AM,Mid-Block (not related to intersection),28,MOTOR VEHICLE RAN OFF ROAD - HIT FIXED OBJECT,,False,Clear or Partly Cloudy,Ice,Daylight,,,,50.0,Fixed object,0,0,False,0
-122.326700269852,47.6822312805856,198024,272177,273017,3754270,Matched,Intersection,24574.0,LATONA AVE NE AND WOODLAWN N AVE NE, ,,2,Injury Collision,Angles,2,0,0,2,1,0,2018-02-21 00:00:00+00,2/21/2018 7:45:00 AM,At Intersection (intersection related),11,"MOTOR VEHICLE STRUCK MOTOR VEHICLE, FRONT END AT ANGLE",,False,Clear or Partly Cloudy,Dry,Daylight,,,,10.0,Entering at angle,0,0,False,0
-122.370193656062,47.5715593501127,198025,272163,273003,3745509,Matched,Block,,WEST SEATTLE BR WB BETWEEN SW ADMIRAL WY OFF RP AND POINT A, ,,1,Property Damage Only Collision,Sideswipe,2,0,0,2,0,0,2018-02-21 00:00:00+00,2/21/2018 9:43:00 PM,Mid-Block (not related to intersection),11,"MOTOR VEHICLE STRUCK MOTOR VEHICLE, FRONT END AT ANGLE",,False,Snowing,Snow/Slush,Dark - Street Lights On,,,,11.0,From same direction - both going straight - both moving - sideswipe,0,0,False,0
-122.378236060336,47.5636717686447,198028,272162,273002,3744223,Matched,Block,,FAUNTLEROY WAY SW BETWEEN SW AVALON WAY AND 37TH AVE SW, ,,1,Property Damage Only Collision,Angles,2,0,0,2,0,0,2018-02-21 00:00:00+00,2/21/2018 1:45:00 PM,Mid-Block (not related to intersection),14,"MOTOR VEHICLE STRUCK MOTOR VEHICLE, REAR END",True,False,Overcast,Dry,Daylight,,,,10.0,Entering at angle,0,0,False,0
-122.329103075907,47.5716778655723,198029,269767,270567,E767224,Matched,Intersection,32356.0,4TH AVE S AND S SPOKANE NR ST, ,,1,Property Damage Only Collision,Angles,2,0,0,2,0,0,2018-02-05 00:00:00+00,2/5/2018 9:28:00 AM,At Intersection (intersection related),11,"MOTOR VEHICLE STRUCK MOTOR VEHICLE, FRONT END AT ANGLE",,False,Clear or Partly Cloudy,Dry,Daylight,,,,10.0,Entering at angle,0,0,False,0
-122.334217122504,47.551105370993,198030,269770,270570,E767232,Matched,Intersection,33042.0,1ST AVE S AND S MEAD ST, ,,1,Property Damage Only Collision,Angles,3,0,0,2,0,0,2018-01-27 00:00:00+00,1/27/2018 10:03:00 AM,At Intersection (intersection related),14,"MOTOR VEHICLE STRUCK MOTOR VEHICLE, REAR END",,False,Raining,Wet,Daylight,,,,10.0,Entering at angle,0,0,False,0
-122.280824778444,47.533794068811,198031,269457,270257,3818686,Matched,Block,,M L KING JR WR WAY S BETWEEN S AUSTIN ST AND S HOLDEN ST, ,,2,Injury Collision,Rear Ended,4,0,0,3,3,0,2018-02-05 00:00:00+00,2/5/2018 6:50:00 AM,Mid-Block (not related to intersection),14,"MOTOR VEHICLE STRUCK MOTOR VEHICLE, REAR END",,False,Overcast,Dry,Dawn,,,,13.0,From same direction - both going straight - both moving - rear-end,0,0,False,0
-122.281104150697,47.5370515866073,198032,269769,270569,E767231,Matched,Intersection,486567.0,M L KING JR ER WAY S AND S OTHELLO ST, ,,1,Property Damage Only Collision,Angles,2,0,0,2,0,0,2018-01-27 00:00:00+00,1/27/2018 4:50:00 AM,At Intersection (intersection related),11,"MOTOR VEHICLE STRUCK MOTOR VEHICLE, FRONT END AT ANGLE",,False,Raining,Wet,Dark - Street Lights On,,,,10.0,Entering at angle,0,0,False,0
-122.359352517206,47.5716273129849,198035,272161,273001,3742262,Matched,Intersection,32035.0,WEST MARGINAL TURN RD AND SW SPOKANE ST,NEI,"Not Enough Information, or Insufficient Location Information",1,Property Damage Only Collision,,2,0,0,2,0,0,2018-02-06 00:00:00+00,2/6/2018 9:56:00 AM,At Intersection (intersection related),0,NOT ENOUGH INFORMATION / NOT APPLICABLE,,False,Clear or Partly Cloudy,Unknown,Daylight,,,,,,0,0,False,0
-122.355065659402,47.5278684487916,198036,272160,273000,3742043,Matched,Block,,16TH AVE SW BETWEEN SW THISTLE ST AND SW SULLIVAN ST, ,,1,Property Damage Only Collision,Parked Car,3,0,0,3,0,0,2018-02-11 00:00:00+00,2/11/2018 10:48:00 PM,Mid-Block (not related to intersection),11,"MOTOR VEHICLE STRUCK MOTOR VEHICLE, FRONT END AT ANGLE",,True,Clear or Partly Cloudy,Dry,Dark - Street Lights On,,,,32.0,One parked--one moving,0,0,False,0
-122.353042238242,47.7286822791589,198037,272159,272999,3705882,Matched,Block,,N 137TH ST BETWEEN GREENWOOD AVE N AND WINGARD CT N, ,,1,Property Damage Only Collision,Parked Car,2,0,0,2,0,0,2018-02-22 00:00:00+00,2/22/2018 4:14:00 AM,Mid-Block (not related to intersection),11,"MOTOR VEHICLE STRUCK MOTOR VEHICLE, FRONT END AT ANGLE",,False,Overcast,Snow/Slush,Dark - Street Lights On,,,,32.0,One parked--one moving,0,0,False,0
-122.294933480541,47.6016523013874,198038,269517,270317,E766200,Matched,Intersection,30577.0,29TH AVE AND E YESLER WAY, ,,1,Property Damage Only Collision,Angles,3,0,0,2,0,0,2018-02-02 00:00:00+00,2/2/2018 1:01:00 PM,At Intersection (intersection related),11,"MOTOR VEHICLE STRUCK MOTOR VEHICLE, FRONT END AT ANGLE",,False,Clear or Partly Cloudy,Dry,Daylight,,,,10.0,Entering at angle,0,0,False,0
-122.330465293912,47.5443864916212,198039,272277,273117,E771901,Matched,Block,,EAST MARGINAL WAY S BETWEEN S MICHIGAN ST AND 4TH AVE S, ,,1,Property Damage Only Collision,Sideswipe,2,0,0,2,0,0,2018-02-09 00:00:00+00,2/9/2018 8:19:00 PM,Mid-Block (but intersection related),14,"MOTOR VEHICLE STRUCK MOTOR VEHICLE, REAR END",,False,Raining,Wet,Dark - Street Lights On,,,,11.0,From same direction - both going straight - both moving - sideswipe,0,0,False,0
-122.332161064724,47.6044286219339,198040,272257,273097,E770501,Matched,Block,,COLUMBIA ST BETWEEN 3RD AVE AND 4TH AVE, ,,2,Injury Collision,Pedestrian,2,1,0,1,1,0,2018-02-10 00:00:00+00,2/10/2018 8:57:00 PM,Mid-Block (not related to intersection),24,MOTOR VEHCILE STRUCK PEDESTRIAN,,True,Overcast,Dry,Dark - Street Lights On,,,,0.0,Vehicle going straight hits pedestrian,0,0,False,0
-122.283486733289,47.554456739438,198041,271099,271939,3702339,Matched,Block,,39TH AVE S BETWEEN S DAWSON ST AND S BRANDON ST, ,,2,Injury Collision,Parked Car,4,0,0,2,2,0,2018-02-03 00:00:00+00,2/3/2018 7:30:00 PM,Mid-Block (not related to intersection),16,"MOTOR VEHICLE STRUCK MOTOR VEHICLE, LEFT SIDE SIDESWIPE",,False,Raining,Wet,Dark - Street Lights On,,,,32.0,One parked--one moving,0,0,False,0
-122.302761217361,47.599277899205,198042,271098,271938,3702338,Matched,Block,,S JACKSON ST BETWEEN 22ND AVE S AND 23RD AVE S, ,,1,Property Damage Only Collision,Rear Ended,2,0,0,2,0,0,2018-02-03 00:00:00+00,2/3/2018 5:30:00 PM,Mid-Block (not related to intersection),14,"MOTOR VEHICLE STRUCK MOTOR VEHICLE, REAR END",True,False,Raining,Wet,Dark - Street Lights On,,,,14.0,From same direction - both going straight - one stopped - rear-end,0,0,False,0
-122.316773001527,47.6219657677696,198043,272237,273077,E771939,Matched,Intersection,29028.0,12TH AVE E AND E HARRISON ST, ,,1,Property Damage Only Collision,Angles,3,0,0,2,0,0,2018-02-02 00:00:00+00,2/2/2018 11:14:00 PM,At Intersection (intersection related),11,"MOTOR VEHICLE STRUCK MOTOR VEHICLE, FRONT END AT ANGLE",,False,Overcast,Wet,Dark - Street Lights On,,,,10.0,Entering at angle,0,0,False,0
-122.318150169973,47.6146730441204,198044,271097,271937,3702337,Matched,Block,,11TH AVE BETWEEN E PIKE ST AND E PINE ST, ,,1,Property Damage Only Collision,Parked Car,2,0,0,2,0,0,2018-02-03 00:00:00+00,2/3/2018 1:15:00 AM,Mid-Block (not related to intersection),11,"MOTOR VEHICLE STRUCK MOTOR VEHICLE, FRONT END AT ANGLE",,False,Overcast,Wet,Dark - Street Lights On,,,,32.0,One parked--one moving,0,0,True,0
-122.325791645698,47.6100518097342,198045,272218,273058,3754299,Matched,Intersection,29906.0,BOREN AVE AND SPRING ST,NEI,"Not Enough Information, or Insufficient Location Information",1,Property Damage Only Collision,Parked Car,2,0,0,2,0,0,2018-02-13 00:00:00+00,2/13/2018 9:00:00 AM,At Intersection (intersection related),0,NOT ENOUGH INFORMATION / NOT APPLICABLE,True,False,Unknown,Unknown,Daylight,,,,32.0,One parked--one moving,0,0,False,0
-122.324229152182,47.6284300265034,198046,272217,273057,3754298,Matched,Block,,BELMONT PL E BETWEEN BELLEVUE PL E AND E PROSPECT ST,NEI,"Not Enough Information, or Insufficient Location Information",1,Property Damage Only Collision,Parked Car,2,0,0,2,0,0,2018-02-21 00:00:00+00,2/21/2018 2:00:00 PM,Mid-Block (not related to intersection),0,NOT ENOUGH INFORMATION / NOT APPLICABLE,True,False,Unknown,Unknown,Daylight,,,,32.0,One parked--one moving,0,0,False,0
-122.347251299513,47.6727925481048,198047,271085,271925,E769688,Matched,Block,,AURORA AVE N BETWEEN N 60TH ST AND N 61ST ST, ,,2,Injury Collision,Other,1,0,0,1,1,0,2018-02-03 00:00:00+00,2/3/2018 1:28:00 AM,Mid-Block (not related to intersection),26,MOTOR VEHICLE STRUCK OBJECT IN ROAD,,False,Raining,Wet,Dark - Street Lights On,,,True,50.0,Fixed object,0,0,False,0
-122.284457065646,47.558653232867,198048,271084,271924,E769599,Matched,Block,,S EDMUNDS ST BETWEEN RAINIER AVE S AND 39TH AVE S, ,,1,Property Damage Only Collision,Parked Car,3,0,0,2,0,0,2018-02-14 00:00:00+00,2/14/2018 1:45:00 PM,Mid-Block (not related to intersection),14,"MOTOR VEHICLE STRUCK MOTOR VEHICLE, REAR END",,False,Overcast,Wet,Daylight,,,,32.0,One parked--one moving,0,0,True,0
-122.338001054286,47.6049434576639,198049,271083,271923,E769598,Matched,Intersection,29617.0,SPRING ST AND WESTERN AVE, ,,2b,Serious Injury Collision,Pedestrian,2,1,0,1,1,0,2018-02-07 00:00:00+00,2/7/2018 1:39:00 PM,At Intersection (intersection related),18,"MOTOR VEHICLE STRUCK PEDALCYCLIST, FRONT END AT ANGLE",,False,Clear or Partly Cloudy,Dry,Daylight,,,,0.0,Vehicle going straight hits pedestrian,0,0,False,1
-122.316882063254,47.6170150270404,198051,271082,271922,E769597,Matched,Block,,12TH AVE BETWEEN E OLIVE ST AND E HOWELL ST, ,,1,Property Damage Only Collision,Parked Car,2,0,0,2,0,0,2018-02-13 00:00:00+00,2/13/2018 9:10:00 AM,Mid-Block (not related to intersection),14,"MOTOR VEHICLE STRUCK MOTOR VEHICLE, REAR END",,False,Clear or Partly Cloudy,Dry,Daylight,,,,32.0,One parked--one moving,0,0,True,0
-122.302552018381,47.7011716001783,198052,271817,272657,E770305,Matched,Intersection,37706.0,LAKE CITY WAY NE AND NE 100TH ST, ,,2b,Serious Injury Collision,Other,1,0,0,1,1,0,2018-02-17 00:00:00+00,2/17/2018 3:15:00 AM,At Intersection (intersection related),28,MOTOR VEHICLE RAN OFF ROAD - HIT FIXED OBJECT,,False,Raining,Wet,Dark - Street Lights On,,,,50.0,Fixed object,0,0,False,1
-122.343318479416,47.7041423182553,198053,271797,272637,E770267,Matched,Block,,MIDVALE AVE N BETWEEN N 103RD ST AND N NORTHGATE WAY,NEI,"Not Enough Information, or Insufficient Location Information",1,Property Damage Only Collision,Parked Car,2,0,0,2,0,0,2018-02-16 00:00:00+00,2/16/2018 12:00:00 PM,Mid-Block (not related to intersection),13,"MOTOR VEHICLE STRUCK MOTOR VEHICLE, LEFT SIDE AT ANGLE",,False,Raining,Wet,Daylight,,,,32.0,One parked--one moving,0,0,True,0
-122.311577423146,47.5992245959813,198054,271777,272617,E770164,Matched,Intersection,30748.0,16TH AVE S AND S JACKSON ST, ,,1,Property Damage Only Collision,Angles,3,0,0,2,0,0,2018-02-08 00:00:00+00,2/8/2018 5:55:00 PM,At Intersection (intersection related),14,"MOTOR VEHICLE STRUCK MOTOR VEHICLE, REAR END",,False,Raining,Wet,Dark - Street Lights On,,,,10.0,Entering at angle,0,0,False,0
-122.372607250892,47.5790029437641,198055,270519,271339,E768702,Matched,Block,,HARBOR AVE SW BETWEEN SW FLORIDA ST AND SW HARBOR LN, ,,1,Property Damage Only Collision,Parked Car,2,0,0,2,0,0,2018-02-08 00:00:00+00,2/8/2018 10:21:00 AM,Mid-Block (not related to intersection),11,"MOTOR VEHICLE STRUCK MOTOR VEHICLE, FRONT END AT ANGLE",True,False,Clear or Partly Cloudy,Dry,Daylight,,,,20.0,One car leaving parked position,0,0,False,0
-122.333527003241,47.5361684323403,198056,270518,271338,E768570,Matched,Block,,WEST MARGINAL WAY S BETWEEN 1ST AVE S AND S HOLDEN ST, ,,1,Property Damage Only Collision,Sideswipe,2,0,0,2,0,0,2018-02-09 00:00:00+00,2/9/2018 8:38:00 AM,Mid-Block (not related to intersection),11,"MOTOR VEHICLE STRUCK MOTOR VEHICLE, FRONT END AT ANGLE",,False,Clear or Partly Cloudy,Dry,Daylight,,,,11.0,From same direction - both going straight - both moving - sideswipe,0,0,False,0
-122.330937533076,47.5526949684656,198057,271757,272597,E770083,Matched,Intersection,33173.0,3RD AVE S AND S FINDLAY ST, ,,1,Property Damage Only Collision,Angles,2,0,0,2,0,0,2018-02-14 00:00:00+00,2/14/2018 5:02:00 PM,At Intersection (intersection related),11,"MOTOR VEHICLE STRUCK MOTOR VEHICLE, FRONT END AT ANGLE",,False,Clear or Partly Cloudy,Dry,Dusk,,,,10.0,Entering at angle,0,0,False,0
-122.312298992936,47.5534379273932,198058,270517,271337,E768569,Matched,Intersection,33361.0,16TH AVE S AND S LUCILE ST, ,,1,Property Damage Only Collision,Angles,5,0,0,2,0,0,2018-02-09 00:00:00+00,2/9/2018 7:45:00 AM,At Intersection (intersection related),14,"MOTOR VEHICLE STRUCK MOTOR VEHICLE, REAR END",,False,Clear or Partly Cloudy,Dry,Daylight,,,,10.0,Entering at angle,0,0,False,0
-122.341764259055,47.6134979816725,198060,272759,273599,3584943,Matched,Block,,LENORA ST BETWEEN 3RD AVE AND 4TH AVE, ,,1,Property Damage Only Collision,Rear Ended,2,0,0,2,0,0,2018-02-27 00:00:00+00,2/27/2018 6:23:00 PM,Mid-Block (not related to intersection),14,"MOTOR VEHICLE STRUCK MOTOR VEHICLE, REAR END",,False,Raining,Wet,Dark - Street Lights On,,,,14.0,From same direction - both going straight - one stopped - rear-end,0,0,False,0
-122.339737504729,47.625037291623,198062,272758,273598,3506206,Matched,Block,,9TH AVE N BETWEEN MERCER NR ST AND ROY ST, ,,1,Property Damage Only Collision,Parked Car,2,0,0,2,0,0,2018-02-27 00:00:00+00,2/27/2018 5:31:00 PM,Mid-Block (not related to intersection),14,"MOTOR VEHICLE STRUCK MOTOR VEHICLE, REAR END",,False,Raining,Wet,Dusk,,,,32.0,One parked--one moving,0,0,True,0
-122.363282608509,47.5683474638709,198063,270497,271317,E768568,Matched,Intersection,32046.0,DELRIDGE WAY SW AND SW ANDOVER ST, ,,1,Property Damage Only Collision,Sideswipe,2,0,0,2,0,0,2018-02-09 00:00:00+00,2/9/2018 7:27:00 AM,At Intersection (intersection related),14,"MOTOR VEHICLE STRUCK MOTOR VEHICLE, REAR END",,False,Overcast,Dry,Daylight,,,,11.0,From same direction - both going straight - both moving - sideswipe,0,0,False,0
-122.359306316956,47.6267256591981,198064,270477,271297,E768517,Matched,Intersection,28608.0,2ND AVE W AND W OLYMPIC PL, ,,1,Property Damage Only Collision,Parked Car,3,0,0,3,0,0,2018-02-01 00:00:00+00,2/1/2018 9:42:00 PM,At Intersection (but not related to intersection),14,"MOTOR VEHICLE STRUCK MOTOR VEHICLE, REAR END",,False,Raining,Wet,Dark - Street Lights On,,,,32.0,One parked--one moving,0,0,False,0
-122.325139076793,47.6093379722992,198065,270458,271278,E768516,Matched,Intersection,29920.0,BOREN AVE AND MADISON ST, ,,1,Property Damage Only Collision,Angles,2,0,0,2,0,0,2018-01-20 00:00:00+00,1/20/2018 11:40:00 PM,At Intersection (intersection related),11,"MOTOR VEHICLE STRUCK MOTOR VEHICLE, FRONT END AT ANGLE",True,False,Clear or Partly Cloudy,Wet,Dark - Street Lights On,,,,10.0,Entering at angle,0,0,False,0
-122.371670708462,47.5661385080699,198066,271717,272557,3781055,Matched,Block,,SW AVALON WAY BETWEEN 30TH AVE SW AND SW GENESEE ST, ,,1,Property Damage Only Collision,Other,3,0,0,2,0,0,2018-02-16 00:00:00+00,2/16/2018 8:25:00 AM,Mid-Block (not related to intersection),14,"MOTOR VEHICLE STRUCK MOTOR VEHICLE, REAR END",,True,Raining,Wet,Daylight,,,,23.0,From same direction - all others,0,0,False,0
-122.278127159356,47.54970235212,198067,271698,272538,3764845,Matched,Intersection,33516.0,44TH AVE S AND S JUNEAU ST, ,,2,Injury Collision,Angles,3,0,0,2,1,0,2018-02-16 00:00:00+00,2/16/2018 8:25:00 AM,At Intersection (intersection related),11,"MOTOR VEHICLE STRUCK MOTOR VEHICLE, FRONT END AT ANGLE",,False,Clear or Partly Cloudy,Dry,Daylight,,,,10.0,Entering at angle,0,0,False,0
-122.287955990807,47.5542540835865,198068,270457,271277,E768515,Matched,Block,,S BENNETT ST BETWEEN M L KING JR ER WAY S AND RENTON AVE S, ,,1,Property Damage Only Collision,Parked Car,3,0,0,3,0,0,2018-01-25 00:00:00+00,1/25/2018 9:15:00 PM,Mid-Block (not related to intersection),14,"MOTOR VEHICLE STRUCK MOTOR VEHICLE, REAR END",,False,Unknown,Unknown,Dark - Street Lights On,,,,32.0,One parked--one moving,0,0,True,0
-122.328078578054,47.6041612345606,198069,272757,273597,3289390,Matched,Intersection,29973.0,6TH AVE AND JAMES ST, ,,1,Property Damage Only Collision,Angles,3,0,0,2,0,0,2018-02-23 00:00:00+00,2/23/2018 11:54:00 AM,At Intersection (intersection related),11,"MOTOR VEHICLE STRUCK MOTOR VEHICLE, FRONT END AT ANGLE",True,False,Clear or Partly Cloudy,Dry,Daylight,,,,10.0,Entering at angle,0,0,False,0
-122.315392497055,47.6409563724058,198070,271102,271942,3702385,Matched,Block,,DELMAR DR E BETWEEN E LYNN ST AND E INTERLAKEN BLVD, ,,1,Property Damage Only Collision,Other,1,0,0,1,0,0,2018-02-03 00:00:00+00,2/3/2018 3:01:00 PM,Mid-Block (not related to intersection),28,MOTOR VEHICLE RAN OFF ROAD - HIT FIXED OBJECT,,False,Raining,Dry,Daylight,,,,50.0,Fixed object,0,0,False,0
-122.269974584993,47.5195009812283,198071,272318,273158,E771906,Matched,Block,,51ST AVE S BETWEEN S BARTON PL AND S FLETCHER ST, ,,1,Property Damage Only Collision,Parked Car,3,0,0,3,0,0,2018-02-09 00:00:00+00,2/9/2018 8:48:00 PM,Mid-Block (not related to intersection),14,"MOTOR VEHICLE STRUCK MOTOR VEHICLE, REAR END",,False,Raining,Wet,Dark - Street Lights On,,,,32.0,One parked--one moving,0,0,True,0
-122.295299009217,47.624080562983,198072,271101,271941,3702384,Matched,Block,,E MADISON ST BETWEEN 29TH W AVE E AND 29TH E AVE E, ,,2,Injury Collision,Left Turn,3,0,0,2,2,0,2018-02-03 00:00:00+00,2/3/2018 12:10:00 PM,Mid-Block (not related to intersection),14,"MOTOR VEHICLE STRUCK MOTOR VEHICLE, REAR END",True,False,Overcast,Wet,Daylight,,,,15.0,From same direction - one left turn - one straight,0,0,False,0