longitude,latitude,objectid,inckey,coldetkey,reportno,status,addrtype,intkey,location,exceptrsncode,exceptrsndesc,severitycode,severitydesc,collisiontype,personcount,pedcount,pedcylcount,vehcount,injuries,fatalities,incdate,incdttm,junctiontype,sdot_colcode,sdot_coldesc,inattentionind,underinfl,weather,roadcond,lightcond,pedrownotgrnt,sdotcolnum,speeding,st_colcode,st_coldesc,seglanekey,crosswalkkey,hitparkedcar,seriousinjuries
-122.355538539534,47.7196013588737,198073,272317,273157,E770637,Matched,Intersection,35841.0,GREENWOOD AVE N AND N 125TH ST, ,,2,Injury Collision,Pedestrian,2,1,0,1,1,0,2018-02-17 00:00:00+00,2/17/2018 8:42:00 AM,At Intersection (intersection related),24,MOTOR VEHCILE STRUCK PEDESTRIAN,,False,Raining,Wet,Daylight,True,,,1.0,Vehicle turning right hits pedestrian,0,0,False,0
-122.311130634867,47.5488855877434,198074,272297,273137,E771902,Matched,Intersection,33381.0,SWIFT AVE S AND S ALBRO PL, ,,2,Injury Collision,Head On,2,0,0,2,1,0,2018-02-09 00:00:00+00,2/9/2018 11:23:00 PM,At Intersection (intersection related),11,"MOTOR VEHICLE STRUCK MOTOR VEHICLE, FRONT END AT ANGLE",,False,Raining,Wet,Dark - Street Lights On,,,,24.0,From opposite direction - both moving - head-on,0,0,False,0
-122.312089218266,47.5829775870179,198075,270437,271257,E768514,Matched,Intersection,31572.0,16TH AVE S AND S COLLEGE ST, ,,2,Injury Collision,Angles,2,0,0,2,1,0,2018-01-24 00:00:00+00,1/24/2018 3:03:00 PM,At Intersection (intersection related),14,"MOTOR VEHICLE STRUCK MOTOR VEHICLE, REAR END",,False,Raining,Wet,Daylight,,,,10.0,Entering at angle,0,0,False,0
-122.279209134616,47.5232461342835,198078,271719,272559,3818706,Matched,Intersection,35271.0,M L KING JR WR WAY S AND S HENDERSON ST, ,,1,Property Damage Only Collision,Angles,2,0,0,2,0,0,2018-02-18 00:00:00+00,2/18/2018 10:35:00 AM,At Intersection (intersection related),11,"MOTOR VEHICLE STRUCK MOTOR VEHICLE, FRONT END AT ANGLE",,False,Overcast,Dry,Daylight,,,,10.0,Entering at angle,0,0,False,0
-122.347158115657,47.6429973961782,198079,270523,271343,E767889,Matched,Intersection,28068.0,AURORA AVE N AND RAYE ST, ,,1,Property Damage Only Collision,Other,1,0,0,1,0,0,2018-02-10 00:00:00+00,2/10/2018 1:04:00 AM,At Intersection (intersection related),28,MOTOR VEHICLE RAN OFF ROAD - HIT FIXED OBJECT,,False,Clear or Partly Cloudy,Dry,Dark - Street Lights On,,,,50.0,Fixed object,0,0,False,0
-122.299372584438,47.5432020164593,198080,270522,271342,E768800,Matched,Block,,BEACON ER AVE S BETWEEN S WARSAW ST AND S HOLLY ST, ,,1,Property Damage Only Collision,Angles,2,0,0,2,0,0,2018-02-02 00:00:00+00,2/2/2018 5:35:00 PM,Mid-Block (not related to intersection),14,"MOTOR VEHICLE STRUCK MOTOR VEHICLE, REAR END",True,False,Overcast,Dry,Dark - Street Lights On,,,,10.0,Entering at angle,0,0,False,0
-122.372179813025,47.5712543542101,198081,269578,270378,E766390,Matched,Block,,SW MANNING ST BETWEEN ADMIRAL AVALON RP AND FAUNTLEROY WAY SW, ,,1,Property Damage Only Collision,Sideswipe,2,0,0,2,0,0,2018-02-01 00:00:00+00,2/1/2018 11:25:00 AM,Mid-Block (not related to intersection),14,"MOTOR VEHICLE STRUCK MOTOR VEHICLE, REAR END",True,False,Raining,Wet,Daylight,,,,26.0,From opposite direction - both going straight - sideswipe,0,0,False,0
-122.281988399573,47.5388884120631,198082,270520,271340,E768790,Matched,Intersection,486565.0,M L KING JR ER WAY S AND S MYRTLE ST, ,,1,Property Damage Only Collision,Rear Ended,2,0,0,2,0,0,2018-02-08 00:00:00+00,2/8/2018 12:56:00 PM,At Intersection (but not related to intersection),14,"MOTOR VEHICLE STRUCK MOTOR VEHICLE, REAR END",True,False,Clear or Partly Cloudy,Dry,Daylight,,,,14.0,From same direction - both going straight - one stopped - rear-end,0,0,False,0
-122.327818446778,47.6072310070584,198083,269577,270377,E766203,Matched,Intersection,29937.0,8TH AVE AND MARION ST, ,,1,Property Damage Only Collision,Angles,2,0,0,2,0,0,2018-01-31 00:00:00+00,1/31/2018 4:00:00 PM,At Intersection (intersection related),11,"MOTOR VEHICLE STRUCK MOTOR VEHICLE, FRONT END AT ANGLE",,False,Clear or Partly Cloudy,Dry,Daylight,,,,10.0,Entering at angle,0,0,False,0
-122.339439096166,47.5613228495322,198084,269557,270357,E766222,Matched,Block,,EAST MARGINAL WAY S BETWEEN DIAGONAL AVE S AND S ALASKA ST, ,,2,Injury Collision,Rear Ended,3,0,0,3,2,0,2018-01-12 00:00:00+00,1/12/2018 6:15:00 PM,Mid-Block (not related to intersection),14,"MOTOR VEHICLE STRUCK MOTOR VEHICLE, REAR END",,False,Raining,Wet,Dark - Street Lights On,,,True,14.0,From same direction - both going straight - one stopped - rear-end,0,0,False,0
-122.320872892097,47.6199077468642,198085,269784,270584,3702317,Matched,Intersection,29052.0,BROADWAY E AND E OLIVE WAY, ,,1,Property Damage Only Collision,Left Turn,2,0,0,2,0,0,2018-02-11 00:00:00+00,2/11/2018 10:04:00 PM,At Intersection (intersection related),11,"MOTOR VEHICLE STRUCK MOTOR VEHICLE, FRONT END AT ANGLE",,True,Clear or Partly Cloudy,Dry,Dark - Street Lights On,,,,28.0,From opposite direction - one left turn - one straight,0,0,False,0
-122.344171983944,47.6630959691675,198086,271122,271962,3705538,Matched,Block,,GREEN LAKE WAY N BETWEEN WOODLAND PARK AVE N AND MIDVALE AVE N, ,,1,Property Damage Only Collision,Sideswipe,2,0,0,2,0,0,2018-02-01 00:00:00+00,2/1/2018 10:41:00 PM,Mid-Block (not related to intersection),11,"MOTOR VEHICLE STRUCK MOTOR VEHICLE, FRONT END AT ANGLE",,False,Raining,Wet,Dark - Street Lights On,,,,11.0,From same direction - both going straight - both moving - sideswipe,0,0,False,0
-122.325483544389,47.723136012795,198087,269783,270583,3694692,Matched,Intersection,35983.0,130TH ST ON RP AND NE 130TH ST, ,,2,Injury Collision,Left Turn,3,0,0,2,2,0,2018-02-09 00:00:00+00,2/9/2018 5:40:00 PM,At Intersection (intersection related),11,"MOTOR VEHICLE STRUCK MOTOR VEHICLE, FRONT END AT ANGLE",,False,Overcast,Wet,Dark - Street Lights On,,,,28.0,From opposite direction - one left turn - one straight,0,0,False,0
-122.298399324321,47.6757763651459,198088,269782,270582,3694464,Matched,Intersection,24697.0,27TH AVE NE AND NE 65TH ST, ,,1,Property Damage Only Collision,Angles,2,0,0,2,0,0,2018-02-08 00:00:00+00,2/8/2018 4:35:00 PM,At Intersection (intersection related),11,"MOTOR VEHICLE STRUCK MOTOR VEHICLE, FRONT END AT ANGLE",,False,Raining,Wet,Daylight,,,,10.0,Entering at angle,0,0,False,0
-122.376188265734,47.565038524274,198089,273457,274277,3731973,Matched,Intersection,31898.0,FAUNTLEROY WAY SW AND WEST SEATTLE BR EB, ,,1,Property Damage Only Collision,Left Turn,3,0,0,2,0,0,2018-02-10 00:00:00+00,2/10/2018 1:58:00 PM,At Intersection (intersection related),11,"MOTOR VEHICLE STRUCK MOTOR VEHICLE, FRONT END AT ANGLE",,False,Clear or Partly Cloudy,Dry,Daylight,,,,28.0,From opposite direction - one left turn - one straight,0,0,False,0
-122.316836137145,47.6772894778026,198090,273437,274257,E762649,Matched,Block,,NE 67TH ST BETWEEN ROOSEVELT WAY NE AND DEAD END, ,,1,Property Damage Only Collision,Parked Car,2,0,0,2,0,0,2018-01-26 00:00:00+00,1/26/2018 7:28:00 AM,Mid-Block (not related to intersection),15,"MOTOR VEHICLE STRUCK MOTOR VEHICLE, RIGHT SIDE SIDESWIPE",,False,Overcast,Wet,Dawn,,,,32.0,One parked--one moving,0,0,False,0
-122.374893468206,47.6723586112609,198092,271121,271961,3705537,Matched,Block,,NW 60TH ST BETWEEN 14TH AVE NW AND 15TH AVE NW, ,,1,Property Damage Only Collision,Parked Car,2,0,0,2,0,0,2018-02-01 00:00:00+00,2/1/2018 7:18:00 PM,Mid-Block (not related to intersection),14,"MOTOR VEHICLE STRUCK MOTOR VEHICLE, REAR END",,False,Raining,Wet,Dark - Street Lights On,,,,32.0,One parked--one moving,0,0,True,0
-122.379388299911,47.5228879187063,198094,269781,270581,3605957,Matched,Intersection,34731.0,37TH AVE SW AND SW HENDERSON ST, ,,1,Property Damage Only Collision,Angles,2,0,0,2,0,0,2018-02-10 00:00:00+00,2/10/2018 9:02:00 PM,At Intersection (intersection related),11,"MOTOR VEHICLE STRUCK MOTOR VEHICLE, FRONT END AT ANGLE",,False,Clear or Partly Cloudy,Dry,Dark - Street Lights On,,,,10.0,Entering at angle,0,0,False,0
-122.319440709576,47.6135112226795,198095,271120,271960,3702392,Matched,Block,,10TH AVE BETWEEN E UNION ST AND E PIKE ST, ,,1,Property Damage Only Collision,Rear Ended,5,0,0,2,0,0,2018-02-10 00:00:00+00,2/10/2018 6:10:00 PM,Mid-Block (not related to intersection),14,"MOTOR VEHICLE STRUCK MOTOR VEHICLE, REAR END",True,False,Clear or Partly Cloudy,Dry,Dusk,,,,14.0,From same direction - both going straight - one stopped - rear-end,0,0,False,0
-122.326348549716,47.6098188661967,198096,271119,271959,3702391,Matched,Block,,SPRING ST BETWEEN TERRY AVE AND BOREN AVE, ,,2,Injury Collision,Parked Car,4,0,0,2,1,0,2018-02-10 00:00:00+00,2/10/2018 1:53:00 AM,Mid-Block (not related to intersection),11,"MOTOR VEHICLE STRUCK MOTOR VEHICLE, FRONT END AT ANGLE",,False,Clear or Partly Cloudy,Dry,Daylight,,,,32.0,One parked--one moving,0,0,False,0
-122.329822432775,47.6144572420572,198097,269780,270580,3584933,Matched,Intersection,29872.0,BOREN AVE AND PINE ST, ,,1,Property Damage Only Collision,Angles,2,0,0,2,0,0,2018-02-10 00:00:00+00,2/10/2018 10:31:00 AM,At Intersection (intersection related),14,"MOTOR VEHICLE STRUCK MOTOR VEHICLE, REAR END",,False,Clear or Partly Cloudy,Dry,Daylight,,,,10.0,Entering at angle,0,0,False,0
-122.289287683801,47.6183682805174,198098,271118,271958,3702390,Matched,Block,,E DENNY WAY BETWEEN 33RD AVE AND 34TH AVE, ,,1,Property Damage Only Collision,Parked Car,2,0,0,2,0,0,2018-02-08 00:00:00+00,2/8/2018 2:25:00 PM,Mid-Block (not related to intersection),16,"MOTOR VEHICLE STRUCK MOTOR VEHICLE, LEFT SIDE SIDESWIPE",,False,Unknown,Unknown,Unknown,,,,32.0,One parked--one moving,0,0,False,0
-122.290223351066,47.671232853709,198100,269779,270579,E766893,Matched,Block,,35TH AVE NE BETWEEN NE 57TH ST AND NE 60TH ST, ,,2,Injury Collision,Parked Car,2,0,0,2,1,0,2018-01-31 00:00:00+00,1/31/2018 10:10:00 AM,Mid-Block (not related to intersection),13,"MOTOR VEHICLE STRUCK MOTOR VEHICLE, LEFT SIDE AT ANGLE",True,False,Clear or Partly Cloudy,Dry,Daylight,,,,32.0,One parked--one moving,0,0,True,0
-122.30269423981,47.613546899431,198102,271117,271957,3702389,Matched,Block,,23RD AVE BETWEEN E UNION ST AND E PIKE ST, ,,2,Injury Collision,Rear Ended,2,0,0,2,1,0,2018-02-08 00:00:00+00,2/8/2018 6:29:00 PM,Mid-Block (not related to intersection),14,"MOTOR VEHICLE STRUCK MOTOR VEHICLE, REAR END",True,False,Raining,Wet,Dark - Street Lights On,,,,14.0,From same direction - both going straight - one stopped - rear-end,0,0,False,0
-122.377070064664,47.5806958096676,198104,270531,271351,3605959,Matched,Block,,SW ADMIRAL WAY BETWEEN SW OLGA ST AND 37TH E AVE SW, ,,1,Property Damage Only Collision,Parked Car,2,0,0,2,0,0,2018-02-14 00:00:00+00,2/14/2018 12:32:00 AM,Mid-Block (not related to intersection),11,"MOTOR VEHICLE STRUCK MOTOR VEHICLE, FRONT END AT ANGLE",,False,Raining,Wet,Dark - Street Lights On,,,,32.0,One parked--one moving,0,0,False,0
-122.325891458978,47.6397270209273,198105,269778,270578,3583916,Matched,Intersection,28310.0,EASTLAKE AVE E AND E LYNN ST, ,,2b,Serious Injury Collision,Pedestrian,2,1,0,1,1,0,2018-02-09 00:00:00+00,2/9/2018 1:18:00 PM,At Intersection (intersection related),24,MOTOR VEHCILE STRUCK PEDESTRIAN,True,False,Clear or Partly Cloudy,Dry,Daylight,True,,,2.0,Vehicle turning left hits pedestrian,0,525586,False,1
-122.329135058635,47.6197150507189,198106,269776,270576,E767260,Matched,Intersection,29154.0,EASTLAKE AVE E AND STEWART ST, ,,1,Property Damage Only Collision,Other,2,0,0,2,0,0,2018-02-08 00:00:00+00,2/8/2018 8:13:00 AM,At Intersection (intersection related),14,"MOTOR VEHICLE STRUCK MOTOR VEHICLE, REAR END",True,False,Overcast,Dry,Daylight,,,,23.0,From same direction - all others,0,0,False,0
-122.289298523493,47.5876818714794,198107,270529,271349,3581268,Matched,Intersection,30833.0,LAKE WASHINGTON BLVD S AND S MASSACHUSETTS ST, ,,2,Injury Collision,Pedestrian,2,0,1,1,1,0,2018-02-12 00:00:00+00,2/12/2018 9:07:00 AM,At Intersection (intersection related),18,"MOTOR VEHICLE STRUCK PEDALCYCLIST, FRONT END AT ANGLE",,False,Clear or Partly Cloudy,Dry,Daylight,,,,5.0,Vehicle Strikes Pedalcyclist,0,0,False,0
-122.337025912339,47.5534400750126,198108,269583,270383,E766223,Matched,Intersection,33036.0,EAST MARGINAL WAY S AND S LUCILE ST, ,,2,Injury Collision,Rear Ended,2,0,0,2,1,0,2018-01-26 00:00:00+00,1/26/2018 6:25:00 PM,At Intersection (intersection related),14,"MOTOR VEHICLE STRUCK MOTOR VEHICLE, REAR END",,False,Raining,Wet,Dark - Street Lights On,,,,13.0,From same direction - both going straight - both moving - rear-end,0,0,False,0
-122.34238173082,47.6208883946044,198110,272857,273697,E772599,Matched,Intersection,28788.0,DEXTER AVE N AND THOMAS ST, ,,2,Injury Collision,Pedestrian,2,0,1,1,1,0,2018-02-01 00:00:00+00,2/1/2018 6:49:00 PM,At Intersection (intersection related),18,"MOTOR VEHICLE STRUCK PEDALCYCLIST, FRONT END AT ANGLE",,True,Raining,Wet,Dark - No Street Lights,True,,,5.0,Vehicle Strikes Pedalcyclist,0,0,False,0
-122.293642667672,47.7219854074509,198111,272837,273677,E772791,Matched,Block,,LAKE CITY WAY NE BETWEEN NE 127TH ST AND NE 130TH ST, ,,1,Property Damage Only Collision,Parked Car,2,0,0,2,0,0,2018-02-22 00:00:00+00,2/22/2018 8:39:00 PM,Driveway Junction,14,"MOTOR VEHICLE STRUCK MOTOR VEHICLE, REAR END",,False,Unknown,Dry,Dark - Street Lights On,,,,32.0,One parked--one moving,0,0,False,0
-122.292764735757,47.5426479424258,198112,270528,271348,3549669,Matched,Intersection,34331.0,31ST AVE S AND S HOLLY ST, ,,2,Injury Collision,Angles,4,0,0,2,1,0,2018-02-14 00:00:00+00,2/14/2018 8:10:00 AM,At Intersection (intersection related),14,"MOTOR VEHICLE STRUCK MOTOR VEHICLE, REAR END",,False,Raining,Wet,Daylight,,,,10.0,Entering at angle,0,0,False,0
-122.357981950298,47.6906103312521,198114,272817,273657,E772790,Matched,Intersection,37185.0,1ST AVE NW AND NW 85TH ST, ,,2,Injury Collision,Angles,2,0,0,2,1,0,2018-02-22 00:00:00+00,2/22/2018 12:15:00 AM,At Intersection (intersection related),11,"MOTOR VEHICLE STRUCK MOTOR VEHICLE, FRONT END AT ANGLE",,False,Overcast,Snow/Slush,Dark - Street Lights On,,,,10.0,Entering at angle,0,0,False,0
-122.291659849762,47.5582718851014,198115,269582,270382,E766394,Matched,Block,,M L KING JR ER WAY S BETWEEN S EDMUNDS ST AND S FERDINAND ST, ,,1,Property Damage Only Collision,Rear Ended,2,0,0,2,0,0,2018-02-01 00:00:00+00,2/1/2018 9:35:00 AM,Mid-Block (not related to intersection),14,"MOTOR VEHICLE STRUCK MOTOR VEHICLE, REAR END",True,False,Overcast,Dry,Daylight,,,,14.0,From same direction - both going straight - one stopped - rear-end,0,0,False,0
-122.329572013385,47.5510759669628,198116,270525,271345,E768803,Matched,Intersection,33183.0,4TH AVE S AND S MEAD ST, ,,2,Injury Collision,Angles,2,0,0,2,1,0,2018-02-01 00:00:00+00,2/1/2018 4:09:00 PM,At Intersection (intersection related),11,"MOTOR VEHICLE STRUCK MOTOR VEHICLE, FRONT END AT ANGLE",,False,Raining,Wet,Dusk,,,,10.0,Entering at angle,0,0,False,0
-122.324741401777,47.5818922163862,198117,269581,270381,E766393,Matched,Block,,S STACY ST BETWEEN 6TH AVE S AND 8TH AVE S, ,,1,Property Damage Only Collision,Other,1,0,0,1,0,0,2018-02-01 00:00:00+00,2/1/2018 10:13:00 AM,Mid-Block (not related to intersection),26,MOTOR VEHICLE STRUCK OBJECT IN ROAD,True,False,Overcast,Dry,Daylight,,,,50.0,Fixed object,0,0,False,0
-122.269611133893,47.5168487275478,198118,270524,271344,E768802,Matched,Intersection,35484.0,RENTON AVE S AND S ROXBURY ST, ,,1,Property Damage Only Collision,Angles,7,0,0,3,0,0,2018-01-27 00:00:00+00,1/27/2018 3:18:00 PM,At Intersection (intersection related),11,"MOTOR VEHICLE STRUCK MOTOR VEHICLE, FRONT END AT ANGLE",,False,Clear or Partly Cloudy,Dry,Daylight,,,,10.0,Entering at angle,0,0,False,0
-122.335574025233,47.610677902842,198119,269580,270380,E766392,Matched,Intersection,29576.0,5TH AVE AND PIKE ST, ,,1,Property Damage Only Collision,Sideswipe,2,0,0,2,0,0,2018-02-02 00:00:00+00,2/2/2018 9:38:00 AM,At Intersection (intersection related),11,"MOTOR VEHICLE STRUCK MOTOR VEHICLE, FRONT END AT ANGLE",True,False,Raining,Wet,Daylight,,,,11.0,From same direction - both going straight - both moving - sideswipe,0,0,False,0
-122.344526209486,47.6909235186916,198158,271157,271997,E769131,Matched,Block,,AURORA AVE N BETWEEN N 85TH ST AND N 86TH ST, ,,1,Property Damage Only Collision,Angles,2,0,0,2,0,0,2018-02-09 00:00:00+00,2/9/2018 3:16:00 PM,Driveway Junction,11,"MOTOR VEHICLE STRUCK MOTOR VEHICLE, FRONT END AT ANGLE",,False,Overcast,Dry,Daylight,,,,10.0,Entering at angle,0,0,False,0
-122.335129273106,47.605159321435,198120,269579,270379,E766391,Matched,Intersection,29614.0,2ND AVE AND MADISON ST, ,,1,Property Damage Only Collision,Pedestrian,3,0,1,1,0,0,2018-02-02 00:00:00+00,2/2/2018 10:50:00 AM,At Intersection (intersection related),18,"MOTOR VEHICLE STRUCK PEDALCYCLIST, FRONT END AT ANGLE",,False,Overcast,Wet,Daylight,,,,5.0,Vehicle Strikes Pedalcyclist,0,0,False,0
-122.355424170912,47.6221031914808,198121,272797,273637,E772610,Matched,Intersection,28924.0,1ST AVE N AND HARRISON ST, ,,1,Property Damage Only Collision,Left Turn,2,0,0,2,0,0,2018-02-21 00:00:00+00,2/21/2018 6:00:00 AM,At Intersection (intersection related),11,"MOTOR VEHICLE STRUCK MOTOR VEHICLE, FRONT END AT ANGLE",,False,Clear or Partly Cloudy,Dry,Daylight,,,,15.0,From same direction - one left turn - one straight,0,0,False,0
-122.37615412933,47.6396545535259,198122,272778,273618,3584945,Matched,Block,,15TH AVE W BETWEEN W BOSTON ST AND W WHEELER ST, ,,2,Injury Collision,Angles,3,0,0,2,1,0,2018-02-27 00:00:00+00,2/27/2018 8:27:00 PM,Mid-Block (not related to intersection),11,"MOTOR VEHICLE STRUCK MOTOR VEHICLE, FRONT END AT ANGLE",,False,Raining,Wet,Dark - Street Lights On,,,,10.0,Entering at angle,0,0,False,0
-122.271158084043,47.5198640567038,198123,272777,273617,E772462,Matched,Block,,50TH AVE S BETWEEN S BARTON S PL AND S FLETCHER ST, ,,1,Property Damage Only Collision,Parked Car,2,0,0,2,0,0,2018-02-12 00:00:00+00,2/12/2018 12:00:00 PM,Mid-Block (not related to intersection),12,"MOTOR VEHICLE STRUCK MOTOR VEHICLE, RIGHT SIDE AT ANGLE",,False,Clear or Partly Cloudy,Dry,Daylight,,,,32.0,One parked--one moving,0,0,False,0
-122.285443165315,47.5586557880013,198124,269777,270577,3581265,Matched,Intersection,33568.0,RAINIER AVE S AND S EDMUNDS ST, ,,1,Property Damage Only Collision,Pedestrian,2,1,0,1,0,0,2018-02-09 00:00:00+00,2/9/2018 1:07:00 PM,At Intersection (intersection related),24,MOTOR VEHCILE STRUCK PEDESTRIAN,,False,Clear or Partly Cloudy,Dry,Daylight,True,,,2.0,Vehicle turning left hits pedestrian,0,0,False,0
-122.394532815584,47.65407375698,198125,273483,274303,3746300,Matched,Intersection,339882.0,29TH AVE W AND W EMERSON W ST, ,,1,Property Damage Only Collision,Parked Car,2,0,0,2,0,0,2018-02-08 00:00:00+00,2/8/2018 11:24:00 PM,At Intersection (intersection related),11,"MOTOR VEHICLE STRUCK MOTOR VEHICLE, FRONT END AT ANGLE",,True,Clear or Partly Cloudy,Wet,Dark - Street Lights On,,,,32.0,One parked--one moving,0,0,True,0
-122.34013076417,47.5172725182138,198126,273482,274302,3745480,Matched,Intersection,34984.0,OLSON PL SW AND SW ROXBURY ST, ,,2,Injury Collision,Left Turn,2,0,0,2,1,0,2018-02-28 00:00:00+00,2/28/2018 8:32:00 PM,At Intersection (intersection related),11,"MOTOR VEHICLE STRUCK MOTOR VEHICLE, FRONT END AT ANGLE",,False,Raining,Wet,Dark - Street Lights On,,,,28.0,From opposite direction - one left turn - one straight,0,0,False,0
-122.302065768514,47.6129413684477,198127,272377,273217,E771941,Matched,Block,,E UNION ST BETWEEN 23RD AVE AND 24TH AVE, ,,1,Property Damage Only Collision,Rear Ended,2,0,0,2,0,0,2018-02-13 00:00:00+00,2/13/2018 7:53:00 AM,Mid-Block (but intersection related),14,"MOTOR VEHICLE STRUCK MOTOR VEHICLE, REAR END",,False,Clear or Partly Cloudy,Dry,Daylight,,,,14.0,From same direction - both going straight - one stopped - rear-end,0,0,False,0
-122.302523581896,47.6196876683795,198128,272358,273198,E771940,Matched,Block,,23RD AVE E BETWEEN E MADISON ST AND E JOHN ST, ,,2,Injury Collision,Rear Ended,4,0,0,2,1,0,2018-02-09 00:00:00+00,2/9/2018 9:21:00 AM,Mid-Block (but intersection related),14,"MOTOR VEHICLE STRUCK MOTOR VEHICLE, REAR END",,False,Clear or Partly Cloudy,Dry,Daylight,,,,14.0,From same direction - both going straight - one stopped - rear-end,0,0,False,0
-122.35514465491,47.519195670263,198129,273481,274301,3745476,Matched,Intersection,35051.0,16TH AVE SW AND SW CAMBRIDGE ST, ,,1,Property Damage Only Collision,Other,4,0,0,2,0,0,2018-02-11 00:00:00+00,2/11/2018 1:13:00 PM,At Intersection (intersection related),11,"MOTOR VEHICLE STRUCK MOTOR VEHICLE, FRONT END AT ANGLE",,False,Clear or Partly Cloudy,Dry,Daylight,,,,23.0,From same direction - all others,0,0,False,0
-122.336257071581,47.6556487147764,198130,272357,273197,E770644,Matched,Intersection,26842.0,WALLINGFORD AVE N AND N 40TH ST, ,,2,Injury Collision,Pedestrian,2,1,0,1,1,0,2018-02-19 00:00:00+00,2/19/2018 9:55:00 AM,At Intersection (intersection related),24,MOTOR VEHCILE STRUCK PEDESTRIAN,,False,Clear or Partly Cloudy,Dry,Daylight,,,,2.0,Vehicle turning left hits pedestrian,0,0,False,0
-122.37688458908,47.5174878687725,198131,273480,274300,3745454,Matched,Intersection,34763.0,35TH AVE SW AND SW ROXBURY ST, ,,2,Injury Collision,Angles,2,0,0,2,1,0,2018-02-10 00:00:00+00,2/10/2018 12:10:00 PM,At Intersection (intersection related),11,"MOTOR VEHICLE STRUCK MOTOR VEHICLE, FRONT END AT ANGLE",,False,Clear or Partly Cloudy,Dry,Daylight,,,,10.0,Entering at angle,0,0,False,0
-122.376761492271,47.5210700142456,198132,273478,274298,3744084,Matched,Intersection,34741.0,35TH AVE SW AND SW BARTON ST, ,,2,Injury Collision,Left Turn,2,0,0,2,1,0,2018-03-01 00:00:00+00,3/1/2018 8:43:00 AM,At Intersection (intersection related),11,"MOTOR VEHICLE STRUCK MOTOR VEHICLE, FRONT END AT ANGLE",,False,Clear or Partly Cloudy,Wet,Daylight,,,,28.0,From opposite direction - one left turn - one straight,0,0,False,0
-122.3446941297,47.7050512133528,198133,272339,273179,E770643,Matched,Intersection,36360.0,AURORA AVE N AND N NORTHGATE WAY, ,,1,Property Damage Only Collision,Left Turn,2,0,0,2,0,0,2018-02-17 00:00:00+00,2/17/2018 12:51:00 PM,At Intersection (intersection related),11,"MOTOR VEHICLE STRUCK MOTOR VEHICLE, FRONT END AT ANGLE",,False,Clear or Partly Cloudy,Dry,Daylight,,,,15.0,From same direction - one left turn - one straight,0,0,False,0
-122.368733721533,47.7008369425276,198134,272338,273178,E770642,Matched,Block,,9TH AVE NW BETWEEN NW 97TH ST AND NW 100TH ST, ,,1,Property Damage Only Collision,Parked Car,2,0,0,2,0,0,2018-02-18 00:00:00+00,2/18/2018 11:30:00 PM,Mid-Block (not related to intersection),11,"MOTOR VEHICLE STRUCK MOTOR VEHICLE, FRONT END AT ANGLE",,False,Clear or Partly Cloudy,Dry,Dark - Street Lights On,,,,32.0,One parked--one moving,0,0,False,0
-122.320115595548,47.6140804018511,198135,272337,273177,E771938,Matched,Block,,E PIKE ST BETWEEN BROADWAY AND 10TH AVE, ,,1,Property Damage Only Collision,Parked Car,2,0,0,2,0,0,2018-02-06 00:00:00+00,2/6/2018 11:51:00 PM,Mid-Block (not related to intersection),14,"MOTOR VEHICLE STRUCK MOTOR VEHICLE, REAR END",,False,Clear or Partly Cloudy,Wet,Dark - Street Lights On,,,,32.0,One parked--one moving,0,0,True,0
-122.360479084288,47.5246933453018,198136,273477,274297,3741980,Matched,Intersection,34861.0,DELRIDGE WAY SW AND SW TRENTON ST, ,,2,Injury Collision,Left Turn,2,0,0,2,1,0,2018-02-28 00:00:00+00,2/28/2018 9:12:00 PM,At Intersection (intersection related),11,"MOTOR VEHICLE STRUCK MOTOR VEHICLE, FRONT END AT ANGLE",,False,Raining,Wet,Dark - Street Lights On,,,,28.0,From opposite direction - one left turn - one straight,0,0,False,0
-122.316815652813,47.6259343782379,198137,271921,272761,3702355,Matched,Block,,12TH AVE E BETWEEN E ROY ST AND E ALOHA ST, ,,2,Injury Collision,Parked Car,6,0,0,6,1,0,2018-02-21 00:00:00+00,2/21/2018 1:47:00 AM,Mid-Block (not related to intersection),11,"MOTOR VEHICLE STRUCK MOTOR VEHICLE, FRONT END AT ANGLE",,True,Clear or Partly Cloudy,Dry,Dark - Street Lights On,,,,32.0,One parked--one moving,0,0,False,0
-122.305373588732,47.5754876643598,198138,272907,273747,E773018,Matched,Block,,21ST AVE S BETWEEN S WINTHROP ST AND S HANFORD ST, ,,1,Property Damage Only Collision,Parked Car,2,0,0,2,0,0,2018-02-25 00:00:00+00,2/25/2018 12:16:00 PM,Mid-Block (not related to intersection),15,"MOTOR VEHICLE STRUCK MOTOR VEHICLE, RIGHT SIDE SIDESWIPE",,False,Clear or Partly Cloudy,Dry,Daylight,,,,32.0,One parked--one moving,0,0,False,0
-122.304239399556,47.5863302759187,198139,272906,273746,E772996,Matched,Intersection,31544.0,RAINIER AVE S AND S HOLGATE ST, ,,1,Property Damage Only Collision,Angles,2,0,0,2,0,0,2018-02-20 00:00:00+00,2/20/2018 2:11:00 PM,At Intersection (intersection related),11,"MOTOR VEHICLE STRUCK MOTOR VEHICLE, FRONT END AT ANGLE",,False,Clear or Partly Cloudy,Dry,Daylight,,,,10.0,Entering at angle,0,0,False,0
-122.40227788839,47.653147374989,198140,272904,273744,E772603,Matched,Block,,35TH AVE W BETWEEN W RUFFNER ST AND W EMERSON ST,NEI,"Not Enough Information, or Insufficient Location Information",1,Property Damage Only Collision,Parked Car,2,0,0,2,0,0,2018-02-23 00:00:00+00,2/23/2018 2:00:00 AM,Mid-Block (not related to intersection),13,"MOTOR VEHICLE STRUCK MOTOR VEHICLE, LEFT SIDE AT ANGLE",,False,Clear or Partly Cloudy,Dry,Unknown,,,,32.0,One parked--one moving,0,0,True,0