longitude,latitude,objectid,inckey,coldetkey,reportno,status,addrtype,intkey,location,exceptrsncode,exceptrsndesc,severitycode,severitydesc,collisiontype,personcount,pedcount,pedcylcount,vehcount,injuries,fatalities,incdate,incdttm,junctiontype,sdot_colcode,sdot_coldesc,inattentionind,underinfl,weather,roadcond,lightcond,pedrownotgrnt,sdotcolnum,speeding,st_colcode,st_coldesc,seglanekey,crosswalkkey,hitparkedcar,seriousinjuries
-122.341973167992,47.609781779986,198141,271920,272760,3584937,Matched,Block,,STEWART ST BETWEEN PIKE PL AND POST AL, ,,1,Property Damage Only Collision,Parked Car,2,0,0,2,0,0,2018-02-20 00:00:00+00,2/20/2018 7:30:00 PM,Mid-Block (not related to intersection),11,"MOTOR VEHICLE STRUCK MOTOR VEHICLE, FRONT END AT ANGLE",,False,Clear or Partly Cloudy,Dry,Dark - Street Lights On,,,,32.0,One parked--one moving,0,0,False,0
-122.323129713482,47.5612120648221,198143,272903,273743,3818664,Matched,Intersection,32312.0,AIRPORT WAY S AND S ALASKA ST, ,,2,Injury Collision,Pedestrian,2,1,0,1,1,0,2018-02-26 00:00:00+00,2/26/2018 3:45:00 PM,At Intersection (intersection related),24,MOTOR VEHCILE STRUCK PEDESTRIAN,,False,Clear or Partly Cloudy,Dry,Daylight,,,,2.0,Vehicle turning left hits pedestrian,0,0,False,0
-122.390574850362,47.6525371450701,198144,271918,272758,3584935,Matched,Block,,27TH PL W BETWEEN 26TH AVE W AND W MANOR PL, ,,1,Property Damage Only Collision,Rear Ended,2,0,0,2,0,0,2018-02-19 00:00:00+00,2/19/2018 8:54:00 PM,Mid-Block (not related to intersection),14,"MOTOR VEHICLE STRUCK MOTOR VEHICLE, REAR END",True,False,Clear or Partly Cloudy,Dry,Dark - Street Lights On,,,,14.0,From same direction - both going straight - one stopped - rear-end,0,0,False,0
-122.339755769191,47.6226287195152,198145,272901,273741,3764525,Matched,Block,,9TH AVE N BETWEEN HARRISON ST AND REPUBLICAN ST, ,,1,Property Damage Only Collision,Sideswipe,2,0,0,2,0,0,2018-02-27 00:00:00+00,2/27/2018 5:29:00 PM,Mid-Block (not related to intersection),11,"MOTOR VEHICLE STRUCK MOTOR VEHICLE, FRONT END AT ANGLE",,False,Raining,Wet,Dark - Street Lights On,,,,12.0,From same direction - both going straight - one stopped - sideswipe,0,0,False,0
-122.318796250777,47.6575158712774,198146,272899,273739,3705737,Matched,Intersection,27094.0,9TH AVE NE AND NE 42ND ST, ,,1,Property Damage Only Collision,Angles,2,0,0,2,0,0,2018-02-27 00:00:00+00,2/27/2018 6:58:00 PM,At Intersection (intersection related),11,"MOTOR VEHICLE STRUCK MOTOR VEHICLE, FRONT END AT ANGLE",,False,Raining,Wet,Dark - Street Lights On,,,,10.0,Entering at angle,0,0,False,0
-122.317227354979,47.5979199473725,198147,271917,272757,3506204,Matched,Block,,12TH AVE S BETWEEN S KING ST AND S WELLER ST, ,,1,Property Damage Only Collision,Angles,2,0,0,2,0,0,2018-02-18 00:00:00+00,2/18/2018 1:50:00 PM,Mid-Block (not related to intersection),11,"MOTOR VEHICLE STRUCK MOTOR VEHICLE, FRONT END AT ANGLE",,False,Clear or Partly Cloudy,Dry,Daylight,,,True,10.0,Entering at angle,0,0,False,0
-122.368610982047,47.6636548409554,198149,271877,272717,E770385,Matched,Intersection,25453.0,9TH AVE NW AND NW 48TH ST, ,,2,Injury Collision,Angles,3,0,0,2,1,0,2018-02-17 00:00:00+00,2/17/2018 3:12:00 PM,At Intersection (intersection related),11,"MOTOR VEHICLE STRUCK MOTOR VEHICLE, FRONT END AT ANGLE",,False,Clear or Partly Cloudy,Dry,Daylight,,,,10.0,Entering at angle,0,0,False,0
-122.320084736177,47.6062105856838,198150,272898,273738,3702436,Matched,Block,,E JEFFERSON ST BETWEEN BROADWAY AND 10TH AVE, ,,1,Property Damage Only Collision,Parked Car,2,0,0,2,0,0,2018-02-27 00:00:00+00,2/27/2018 7:40:00 PM,Mid-Block (not related to intersection),0,NOT ENOUGH INFORMATION / NOT APPLICABLE,,False,Raining,Wet,Dark - Street Lights On,,,,32.0,One parked--one moving,0,0,True,0
-122.32789888864,47.6154707260745,198151,272897,273737,3702435,Matched,Block,,MELROSE AVE BETWEEN PINE ST AND YALE AVE, ,,2,Injury Collision,Rear Ended,2,0,0,2,1,0,2018-02-27 00:00:00+00,2/27/2018 5:19:00 PM,Mid-Block (not related to intersection),14,"MOTOR VEHICLE STRUCK MOTOR VEHICLE, REAR END",True,False,Raining,Dry,Dusk,,,,13.0,From same direction - both going straight - both moving - rear-end,0,0,False,0
-122.370762169889,47.6667900303845,198152,271857,272697,E770384,Matched,Block,,11TH AVE NW BETWEEN NW 52ND ST AND NW 53RD ST, ,,1,Property Damage Only Collision,Parked Car,2,0,0,2,0,0,2018-02-17 00:00:00+00,2/17/2018 11:00:00 AM,Mid-Block (not related to intersection),11,"MOTOR VEHICLE STRUCK MOTOR VEHICLE, FRONT END AT ANGLE",,False,Unknown,Unknown,Unknown,,,,32.0,One parked--one moving,0,0,False,0
-122.311529602886,47.5958738813624,198153,272398,273238,E770740,Matched,Intersection,30781.0,RAINIER AVE S AND S DEARBORN ST, ,,2,Injury Collision,Angles,3,0,0,2,2,0,2018-02-18 00:00:00+00,2/18/2018 2:09:00 PM,At Intersection (intersection related),11,"MOTOR VEHICLE STRUCK MOTOR VEHICLE, FRONT END AT ANGLE",,False,Clear or Partly Cloudy,Dry,Daylight,,,,10.0,Entering at angle,0,0,False,0
-122.316779122072,47.6109774768516,198154,272397,273237,E771945,Matched,Block,,12TH AVE BETWEEN E MARION ST AND E SPRING ST, ,,2,Injury Collision,Rear Ended,3,0,0,2,2,0,2018-02-12 00:00:00+00,2/12/2018 1:50:00 PM,Mid-Block (but intersection related),14,"MOTOR VEHICLE STRUCK MOTOR VEHICLE, REAR END",True,False,Clear or Partly Cloudy,Dry,Daylight,,,,14.0,From same direction - both going straight - one stopped - rear-end,0,0,False,0
-122.34238173082,47.6208883946044,198156,273497,274317,3753799,Matched,Intersection,28788.0,DEXTER AVE N AND THOMAS ST, ,,2,Injury Collision,,2,0,1,1,1,0,2018-02-28 00:00:00+00,2/28/2018 7:08:00 PM,At Intersection (intersection related),18,"MOTOR VEHICLE STRUCK PEDALCYCLIST, FRONT END AT ANGLE",,False,Raining,Wet,Dark - Street Lights On,True,,,,,42777,0,False,0
-122.362659201015,47.6232982916733,198159,271137,271977,E768810,Matched,Block,,W REPUBLICAN ST BETWEEN 4TH AVE W AND DEAD END,NEI,"Not Enough Information, or Insufficient Location Information",1,Property Damage Only Collision,Parked Car,2,0,0,2,0,0,2018-02-09 00:00:00+00,2/9/2018 1:00:00 AM,Mid-Block (not related to intersection),11,"MOTOR VEHICLE STRUCK MOTOR VEHICLE, FRONT END AT ANGLE",,False,Clear or Partly Cloudy,Wet,Dark - Street Lights On,,,,32.0,One parked--one moving,0,0,True,0
-122.379327146773,47.5283491821207,198160,273479,274299,3745453,Matched,Intersection,34687.0,37TH AVE SW AND SW THISTLE ST, ,,1,Property Damage Only Collision,Angles,2,0,0,2,0,0,2018-02-09 00:00:00+00,2/9/2018 5:16:00 PM,At Intersection (intersection related),11,"MOTOR VEHICLE STRUCK MOTOR VEHICLE, FRONT END AT ANGLE",,False,Clear or Partly Cloudy,Dry,Dusk,,,,10.0,Entering at angle,0,0,False,0
-122.328477842458,47.6995462364228,198161,271260,272100,E769134,Matched,Block,,1ST AVE NE BETWEEN NE 95TH ST AND NE 100TH ST, ,,1,Property Damage Only Collision,Other,1,0,0,1,0,0,2018-02-11 00:00:00+00,2/11/2018 12:10:00 PM,Driveway Junction,26,MOTOR VEHICLE STRUCK OBJECT IN ROAD,,False,Unknown,Dry,Other,,,,50.0,Fixed object,0,0,False,0
-122.344971855846,47.7227553445816,198162,271259,272099,3754437,Matched,Block,,AURORA AVE N BETWEEN N 128TH ST AND N 130TH ST, ,,3,Fatality Collision,Pedestrian,14,1,0,1,0,1,2018-02-18 00:00:00+00,2/18/2018 5:15:00 PM,Mid-Block (not related to intersection),24,MOTOR VEHCILE STRUCK PEDESTRIAN,,False,Severe Crosswind,Dry,Dusk,,,,0.0,Vehicle going straight hits pedestrian,0,0,False,0
-122.365459342071,47.564725431969,198164,271258,272098,3745507,Matched,Intersection,32061.0,26TH AVE SW AND SW GENESEE ST, ,,2b,Serious Injury Collision,Pedestrian,2,1,0,1,1,0,2018-02-19 00:00:00+00,2/19/2018 9:06:00 AM,At Intersection (intersection related),24,MOTOR VEHCILE STRUCK PEDESTRIAN,True,True,Clear or Partly Cloudy,Dry,Daylight,,,,0.0,Vehicle going straight hits pedestrian,0,0,False,1
-122.33290910388,47.6060878574653,198165,269857,270657,E767382,Matched,Intersection,29952.0,4TH AVE AND MADISON ST, ,,1,Property Damage Only Collision,Right Turn,2,0,0,2,0,0,2018-02-01 00:00:00+00,2/1/2018 6:36:00 PM,At Intersection (intersection related),11,"MOTOR VEHICLE STRUCK MOTOR VEHICLE, FRONT END AT ANGLE",,False,Raining,Wet,Dark - Street Lights On,,,,16.0,From same direction - one right turn - one straight,0,0,False,0
-122.318412676842,47.6644742506714,198167,271237,272077,E769133,Matched,Block,,9TH AVE NE BETWEEN NE 48TH ST AND NE 50TH ST, ,,1,Property Damage Only Collision,Parked Car,3,0,0,2,0,0,2018-02-04 00:00:00+00,2/4/2018 1:05:00 PM,Mid-Block (not related to intersection),11,"MOTOR VEHICLE STRUCK MOTOR VEHICLE, FRONT END AT ANGLE",True,False,Clear or Partly Cloudy,Dry,Daylight,,,,32.0,One parked--one moving,0,0,False,0
-122.387542220739,47.6795059239723,198169,271197,272037,E769132,Matched,Intersection,23916.0,24TH AVE NW AND NW 70TH ST, ,,1,Property Damage Only Collision,Angles,2,0,0,2,0,0,2018-02-08 00:00:00+00,2/8/2018 6:14:00 PM,At Intersection (intersection related),11,"MOTOR VEHICLE STRUCK MOTOR VEHICLE, FRONT END AT ANGLE",,False,Raining,Wet,Dark - Street Lights On,,,,10.0,Entering at angle,0,0,False,0
-122.373578081631,47.6734496579157,198170,269817,270617,3705810,Matched,Block,,14TH AVE NW BETWEEN NW 61ST ST AND NW 62ND ST, ,,2,Injury Collision,Other,1,0,0,1,1,0,2018-02-10 00:00:00+00,2/10/2018 12:14:00 AM,Mid-Block (not related to intersection),26,MOTOR VEHICLE STRUCK OBJECT IN ROAD,,False,Clear or Partly Cloudy,Dry,Dark - Street Lights On,,,True,51.0,Other object,0,0,False,0
-122.302499625066,47.6202072950364,198173,269787,270587,3702395,Matched,Intersection,29380.0,23RD AVE E AND E JOHN ST, ,,1,Property Damage Only Collision,Angles,3,0,0,2,0,0,2018-02-11 00:00:00+00,2/11/2018 9:23:00 PM,At Intersection (intersection related),11,"MOTOR VEHICLE STRUCK MOTOR VEHICLE, FRONT END AT ANGLE",,False,Clear or Partly Cloudy,Dry,Dark - Street Lights On,,,,10.0,Entering at angle,0,0,False,0
-122.296313995976,47.7192848910169,198175,270597,271417,3754430,Matched,Intersection,36602.0,30TH AVE NE AND NE 125TH ST, ,,1,Property Damage Only Collision,Angles,2,0,0,2,0,0,2018-02-14 00:00:00+00,2/14/2018 2:53:00 PM,At Intersection (intersection related),11,"MOTOR VEHICLE STRUCK MOTOR VEHICLE, FRONT END AT ANGLE",,False,Clear or Partly Cloudy,Dry,Daylight,,,,10.0,Entering at angle,0,0,False,0
-122.310150322968,47.59407194426,198176,269786,270586,3702394,Matched,Intersection,30794.0,RAINIER AVE S AND S CHARLES S ST, ,,1,Property Damage Only Collision,Angles,2,0,0,2,0,0,2018-02-11 00:00:00+00,2/11/2018 12:02:00 PM,At Intersection (intersection related),11,"MOTOR VEHICLE STRUCK MOTOR VEHICLE, FRONT END AT ANGLE",,False,Overcast,Dry,Daylight,,,,10.0,Entering at angle,0,0,False,0
-122.406062975598,47.6724142521182,198177,270581,271401,3754429,Matched,Block,,SEAVIEW AVE NW BETWEEN 38TH AVE NW AND NW 61ST ST, ,,2,Injury Collision,Parked Car,4,0,0,4,1,0,2018-02-13 00:00:00+00,2/13/2018 10:30:00 PM,Mid-Block (not related to intersection),14,"MOTOR VEHICLE STRUCK MOTOR VEHICLE, REAR END",,True,Raining,Wet,Dark - Street Lights On,,,True,32.0,One parked--one moving,0,0,True,0
-122.393681631248,47.6686514056334,198178,269785,270585,E767273,Matched,Block,,NW MARKET ST BETWEEN 28TH AVE NW AND NW 54TH ST, ,,1,Property Damage Only Collision,Other,2,0,0,2,0,0,2018-02-06 00:00:00+00,2/6/2018 10:25:00 AM,Mid-Block (not related to intersection),11,"MOTOR VEHICLE STRUCK MOTOR VEHICLE, FRONT END AT ANGLE",,False,Overcast,Dry,Daylight,,,,23.0,From same direction - all others,0,0,False,0
-122.301565374506,47.6352441773618,198179,269592,270392,E766431,Matched,Intersection,28375.0,24TH AVE E AND BOYER AVE E, ,,1,Property Damage Only Collision,Left Turn,2,0,0,2,0,0,2018-01-25 00:00:00+00,1/25/2018 8:26:00 AM,At Intersection (intersection related),11,"MOTOR VEHICLE STRUCK MOTOR VEHICLE, FRONT END AT ANGLE",True,False,Raining,Wet,Daylight,,,,28.0,From opposite direction - one left turn - one straight,0,0,False,0
-122.362975476452,47.552821135664,198181,270578,271398,3745477,Matched,Block,,DELRIDGE WAY SW BETWEEN SW BRANDON ST AND SW FINDLAY ST, ,,1,Property Damage Only Collision,Sideswipe,3,0,0,2,0,0,2018-02-13 00:00:00+00,2/13/2018 9:18:00 PM,Mid-Block (not related to intersection),11,"MOTOR VEHICLE STRUCK MOTOR VEHICLE, FRONT END AT ANGLE",,False,Raining,Wet,Dark - Street Lights On,,,,11.0,From same direction - both going straight - both moving - sideswipe,0,0,False,0
-122.365868742029,47.5259670964969,198182,270577,271397,3742363,Matched,Block,,26TH AVE SW BETWEEN SW CLOVERDALE ST AND DEAD END 2, ,,2,Injury Collision,Pedestrian,2,1,0,1,1,0,2018-02-14 00:00:00+00,2/14/2018 9:24:00 AM,Mid-Block (not related to intersection),24,MOTOR VEHCILE STRUCK PEDESTRIAN,True,False,Raining,Wet,Daylight,,,,3.0,Vehicle backing hits pedestrian,0,0,False,0
-122.296188092457,47.5783471461438,198183,269591,270391,E766430,Matched,Intersection,31481.0,M L KING JR WAY S AND S MCCLELLAN ST, ,,1,Property Damage Only Collision,Angles,3,0,0,2,0,0,2018-01-26 00:00:00+00,1/26/2018 9:29:00 AM,At Intersection (intersection related),14,"MOTOR VEHICLE STRUCK MOTOR VEHICLE, REAR END",,False,Raining,Wet,Daylight,,,True,10.0,Entering at angle,0,0,False,0
-122.354496657068,47.6477714280743,198184,269590,270390,E766429,Matched,Intersection,27045.0,ETRURIA ST AND WARREN AVE N, ,,1,Property Damage Only Collision,Angles,2,0,0,2,0,0,2018-01-23 00:00:00+00,1/23/2018 7:35:00 AM,At Intersection (intersection related),11,"MOTOR VEHICLE STRUCK MOTOR VEHICLE, FRONT END AT ANGLE",True,False,Raining,Wet,Daylight,,,,10.0,Entering at angle,0,0,False,0
-122.317403790736,47.6649373438838,198185,269589,270389,E766428,Matched,Intersection,25789.0,ROOSEVELT WAY NE AND NE 50TH ST, ,,1,Property Damage Only Collision,Sideswipe,2,0,0,2,0,0,2018-01-24 00:00:00+00,1/24/2018 9:58:00 AM,At Intersection (intersection related),11,"MOTOR VEHICLE STRUCK MOTOR VEHICLE, FRONT END AT ANGLE",,False,Overcast,Wet,Daylight,,,,11.0,From same direction - both going straight - both moving - sideswipe,0,0,False,0
-122.376384828271,47.5474148896655,198187,269588,270388,E766427,Matched,Block,,35TH AVE SW BETWEEN SW RAYMOND ST AND SW GRAHAM ST, ,,1,Property Damage Only Collision,Parked Car,2,0,0,2,0,0,2018-01-12 00:00:00+00,1/12/2018 12:58:00 PM,Mid-Block (not related to intersection),14,"MOTOR VEHICLE STRUCK MOTOR VEHICLE, REAR END",True,False,Overcast,Dry,Daylight,,,,32.0,One parked--one moving,0,0,False,0
-122.349834903598,47.6504310167182,198188,270558,271378,3705811,Matched,Intersection,27035.0,FREMONT AVE N AND FREMONT PL N, ,,2,Injury Collision,Rear Ended,4,0,0,3,1,0,2018-02-13 00:00:00+00,2/13/2018 11:54:00 PM,At Intersection (but not related to intersection),14,"MOTOR VEHICLE STRUCK MOTOR VEHICLE, REAR END",,False,Raining,Wet,Dark - Street Lights On,,,,13.0,From same direction - both going straight - both moving - rear-end,0,0,False,0
-122.366186655827,47.6653631341942,198189,271278,272118,E769135,Matched,Block,,8TH AVE NW BETWEEN NW 50TH ST AND NW 51ST ST, ,,1,Property Damage Only Collision,Rear Ended,2,0,0,2,0,0,2018-02-10 00:00:00+00,2/10/2018 5:00:00 PM,Mid-Block (not related to intersection),14,"MOTOR VEHICLE STRUCK MOTOR VEHICLE, REAR END",True,False,Clear or Partly Cloudy,Dry,Dusk,,,,13.0,From same direction - both going straight - both moving - rear-end,0,0,False,0
-122.339587609521,47.6684446948545,198190,270557,271377,3705691,Matched,Block,,N CLOGSTON WAY BETWEEN GREEN LAKE WAY N AND DEAD END, ,,1,Property Damage Only Collision,Parked Car,2,0,0,2,0,0,2018-02-14 00:00:00+00,2/14/2018 9:00:00 AM,Mid-Block (not related to intersection),15,"MOTOR VEHICLE STRUCK MOTOR VEHICLE, RIGHT SIDE SIDESWIPE",True,False,Overcast,Wet,Daylight,,,,32.0,One parked--one moving,0,0,True,0
-122.355164901271,47.5173603810088,198192,270532,271352,3605960,Matched,Intersection,35058.0,DELRIDGE WAY SW AND SW ROXBURY ST, ,,1,Property Damage Only Collision,Left Turn,4,0,0,2,0,0,2018-02-14 00:00:00+00,2/14/2018 8:05:00 PM,At Intersection (intersection related),11,"MOTOR VEHICLE STRUCK MOTOR VEHICLE, FRONT END AT ANGLE",,False,Raining,Wet,Dark - Street Lights On,,,,28.0,From opposite direction - one left turn - one straight,0,0,False,0
-122.331471037922,47.6061947928824,198194,269587,270387,E766426,Matched,Block,,5TH AVE BETWEEN MARION ST AND MADISON ST, ,,1,Property Damage Only Collision,Parked Car,2,0,0,2,0,0,2018-01-22 00:00:00+00,1/22/2018 11:19:00 AM,Mid-Block (not related to intersection),14,"MOTOR VEHICLE STRUCK MOTOR VEHICLE, REAR END",True,False,Clear or Partly Cloudy,Dry,Daylight,,,,32.0,One parked--one moving,0,0,False,0
-122.334195453144,47.5903121642402,198195,269586,270386,E766425,Matched,Intersection,30388.0,1ST AVE S AND S ATLANTIC ST, ,,1,Property Damage Only Collision,Rear Ended,2,0,0,2,0,0,2018-01-19 00:00:00+00,1/19/2018 6:50:00 PM,At Intersection (but not related to intersection),14,"MOTOR VEHICLE STRUCK MOTOR VEHICLE, REAR END",True,False,Overcast,Dry,Dark - Street Lights On,,,,14.0,From same direction - both going straight - one stopped - rear-end,0,0,False,0
-122.338634550263,47.6257957692013,198196,269585,270385,E766424,Matched,Intersection,28744.0,BROAD ST AND VALLEY ST, ,,2,Injury Collision,Pedestrian,2,0,1,1,1,0,2018-01-22 00:00:00+00,1/22/2018 9:00:00 AM,At Intersection (intersection related),18,"MOTOR VEHICLE STRUCK PEDALCYCLIST, FRONT END AT ANGLE",True,False,Clear or Partly Cloudy,Dry,Daylight,,,,5.0,Vehicle Strikes Pedalcyclist,0,0,False,0
-122.307297211338,47.6268518468558,198197,270537,271357,3702396,Matched,Intersection,29324.0,19TH AVE E AND E ALOHA ST, ,,2,Injury Collision,Pedestrian,2,1,0,1,1,0,2018-02-14 00:00:00+00,2/14/2018 6:43:00 AM,At Intersection (intersection related),24,MOTOR VEHCILE STRUCK PEDESTRIAN,,False,Raining,Wet,Dark - Street Lights On,True,,,2.0,Vehicle turning left hits pedestrian,0,0,False,0
-122.329841605043,47.6044129086507,198198,273540,274380,3818356,Matched,Intersection,29964.0,5TH AVE AND CHERRY ST, ,,1,Property Damage Only Collision,Angles,2,0,0,2,0,0,2018-02-02 00:00:00+00,2/2/2018 6:21:00 AM,At Intersection (intersection related),11,"MOTOR VEHICLE STRUCK MOTOR VEHICLE, FRONT END AT ANGLE",,False,Overcast,Wet,Dawn,,,,10.0,Entering at angle,0,0,False,0
-122.329047856547,47.5919318337326,198199,273539,274379,3811938,Matched,Block,,4TH AVE S BETWEEN S ROYAL BROUGHAM WAY AND 4TH AVE NB OFF RP, ,,2,Injury Collision,Other,1,0,0,1,1,0,2018-02-01 00:00:00+00,2/1/2018 7:59:00 PM,Mid-Block (not related to intersection),28,MOTOR VEHICLE RAN OFF ROAD - HIT FIXED OBJECT,,False,Raining,Wet,Dark - Street Lights On,,,,50.0,Fixed object,0,0,False,0
-122.330722960704,47.6184917572549,198200,272908,273748,E772811,Matched,Intersection,29168.0,DENNY WAY AND STEWART ST, ,,1,Property Damage Only Collision,Sideswipe,2,0,0,2,0,0,2018-02-02 00:00:00+00,2/2/2018 9:12:00 PM,At Intersection (intersection related),11,"MOTOR VEHICLE STRUCK MOTOR VEHICLE, FRONT END AT ANGLE",,False,Clear or Partly Cloudy,Wet,Dark - Street Lights On,,,,81.0,Same direction -- both turning left -- both moving -- sideswipe,0,0,False,0
-122.316754748929,47.6231141787087,198201,272462,273302,3773747,Matched,Intersection,29015.0,12TH AVE E AND E REPUBLICAN ST, ,,2,Injury Collision,Other,1,0,0,1,1,0,2018-02-22 00:00:00+00,2/22/2018 8:27:00 AM,At Intersection (but not related to intersection),14,"MOTOR VEHICLE STRUCK MOTOR VEHICLE, REAR END",,False,Clear or Partly Cloudy,Ice,Daylight,,,,50.0,Fixed object,0,0,True,0
-122.346244719311,47.6271549424758,198202,273538,274378,3784831,Matched,Intersection,28873.0,ALOHA ST AND TAYLOR AVE N, ,,2,Injury Collision,Pedestrian,2,1,0,1,1,0,2018-02-08 00:00:00+00,2/8/2018 6:31:00 PM,At Intersection (intersection related),24,MOTOR VEHCILE STRUCK PEDESTRIAN,,False,Raining,Wet,Dark - Street Lights On,True,,,2.0,Vehicle turning left hits pedestrian,0,0,False,0
-122.326102096728,47.7142385155569,198203,272461,273301,3762680,Matched,Block,,3RD AVE NE BETWEEN NE 117TH ST AND DEAD END 2, ,,1,Property Damage Only Collision,Parked Car,4,0,0,2,0,0,2018-02-22 00:00:00+00,2/22/2018 12:03:00 AM,Mid-Block (not related to intersection),11,"MOTOR VEHICLE STRUCK MOTOR VEHICLE, FRONT END AT ANGLE",,False,Snowing,Snow/Slush,Dark - Street Lights On,,,,32.0,One parked--one moving,0,0,False,0
-122.329988275807,47.5798097402091,198204,273537,274377,3764995,Matched,Intersection,31370.0,3RD AVE S AND S LANDER ST, ,,2,Injury Collision,Angles,2,0,0,2,1,0,2018-02-11 00:00:00+00,2/11/2018 3:26:00 PM,At Intersection (intersection related),11,"MOTOR VEHICLE STRUCK MOTOR VEHICLE, FRONT END AT ANGLE",,True,Clear or Partly Cloudy,Dry,Daylight,,,,10.0,Entering at angle,0,0,False,0
-122.266380433068,47.5315885603508,198205,273520,274360,3764987,Matched,Intersection,34655.0,SEWARD PARK AVE S AND S KENYON ST, ,,1,Property Damage Only Collision,Other,3,0,0,1,0,0,2018-02-04 00:00:00+00,2/4/2018 10:10:00 AM,At Intersection (intersection related),28,MOTOR VEHICLE RAN OFF ROAD - HIT FIXED OBJECT,,True,Raining,Wet,Daylight,,,True,50.0,Fixed object,0,0,False,0
-122.337025912339,47.5534400750126,198206,272459,273299,3756085,Matched,Intersection,33036.0,EAST MARGINAL WAY S AND S LUCILE ST, ,,2,Injury Collision,Rear Ended,2,0,0,2,2,0,2018-02-21 00:00:00+00,2/21/2018 6:50:00 PM,At Intersection (but not related to intersection),14,"MOTOR VEHICLE STRUCK MOTOR VEHICLE, REAR END",True,False,Raining,Wet,Dark - Street Lights On,,,True,14.0,From same direction - both going straight - one stopped - rear-end,0,0,False,0
-122.316779122072,47.6109774768516,198207,272458,273298,E771957,Matched,Block,,12TH AVE BETWEEN E MARION ST AND E SPRING ST, ,,1,Property Damage Only Collision,Parked Car,2,0,0,2,0,0,2018-02-20 00:00:00+00,2/20/2018 3:30:00 PM,Mid-Block (not related to intersection),11,"MOTOR VEHICLE STRUCK MOTOR VEHICLE, FRONT END AT ANGLE",,False,Clear or Partly Cloudy,Dry,Daylight,,,,32.0,One parked--one moving,0,0,False,0
-122.320761217974,47.6121099899898,198208,272457,273297,E771947,Matched,Block,,BROADWAY BETWEEN HARVARD AVE AND E UNION ST, ,,1,Property Damage Only Collision,Sideswipe,6,0,0,2,0,0,2018-02-05 00:00:00+00,2/5/2018 5:36:00 AM,Driveway Junction,11,"MOTOR VEHICLE STRUCK MOTOR VEHICLE, FRONT END AT ANGLE",,False,Clear or Partly Cloudy,Dry,Dark - Street Lights On,,,,11.0,From same direction - both going straight - both moving - sideswipe,0,0,False,0
-122.269986039452,47.5233072678934,198209,273519,274359,3764836,Matched,Intersection,35443.0,RAINIER AVE S AND S HENDERSON ST, ,,2,Injury Collision,Pedestrian,3,1,0,1,1,0,2018-02-10 00:00:00+00,2/10/2018 7:13:00 PM,At Intersection (intersection related),24,MOTOR VEHCILE STRUCK PEDESTRIAN,,False,Clear or Partly Cloudy,Dry,Dark - Street Lights On,,,,0.0,Vehicle going straight hits pedestrian,0,523392,False,0
-122.280167758917,47.5278629654547,198210,272438,273278,3756084,Matched,Intersection,35244.0,M L KING JR WR WAY S AND S THISTLE ST, ,,1,Property Damage Only Collision,Rear Ended,3,0,0,3,0,0,2018-02-22 00:00:00+00,2/22/2018 8:10:00 AM,At Intersection (intersection related),11,"MOTOR VEHICLE STRUCK MOTOR VEHICLE, FRONT END AT ANGLE",,False,Clear or Partly Cloudy,Ice,Daylight,,,,13.0,From same direction - both going straight - both moving - rear-end,0,0,False,0
-122.293808551025,47.7337639175592,198212,273518,274358,3754428,Matched,Intersection,35988.0,32ND AVE NE AND NE 145TH ST, ,,2,Injury Collision,Pedestrian,2,1,0,1,1,0,2018-02-11 00:00:00+00,2/11/2018 8:33:00 PM,At Intersection (intersection related),24,MOTOR VEHCILE STRUCK PEDESTRIAN,,False,Clear or Partly Cloudy,Dry,Dark - Street Lights On,,,,0.0,Vehicle going straight hits pedestrian,0,0,False,0
-122.297400774944,47.7156139858331,198213,273517,274357,3754287,Matched,Intersection,36622.0,LAKE CITY WAY NE AND NE 120TH ST, ,,2,Injury Collision,Left Turn,5,0,0,5,2,0,2018-02-03 00:00:00+00,2/3/2018 8:45:00 AM,At Intersection (intersection related),11,"MOTOR VEHICLE STRUCK MOTOR VEHICLE, FRONT END AT ANGLE",,False,Overcast,Wet,Daylight,,,,28.0,From opposite direction - one left turn - one straight,0,0,False,0
-122.303813171908,47.6757760856668,198214,269602,270402,E766603,Matched,Intersection,24803.0,RAVENNA AVE NE AND NE 65TH ST, ,,1,Property Damage Only Collision,Left Turn,2,0,0,2,0,0,2018-02-05 00:00:00+00,2/5/2018 6:40:00 PM,At Intersection (intersection related),11,"MOTOR VEHICLE STRUCK MOTOR VEHICLE, FRONT END AT ANGLE",,False,Raining,Wet,Dark - Street Lights On,,,,28.0,From opposite direction - one left turn - one straight,0,0,False,0
-122.312172630282,47.6875164548125,198215,273498,274337,3754266,Matched,Intersection,24387.0,15TH AVE NE AND LAKE CITY WAY NE, ,,1,Property Damage Only Collision,Left Turn,3,0,0,2,0,0,2018-02-10 00:00:00+00,2/10/2018 6:44:00 PM,At Intersection (intersection related),11,"MOTOR VEHICLE STRUCK MOTOR VEHICLE, FRONT END AT ANGLE",,False,Clear or Partly Cloudy,Dry,Dark - Street Lights On,,,,28.0,From opposite direction - one left turn - one straight,0,0,False,0