longitude,latitude,objectid,inckey,coldetkey,reportno,status,addrtype,intkey,location,exceptrsncode,exceptrsndesc,severitycode,severitydesc,collisiontype,personcount,pedcount,pedcylcount,vehcount,injuries,fatalities,incdate,incdttm,junctiontype,sdot_colcode,sdot_coldesc,inattentionind,underinfl,weather,roadcond,lightcond,pedrownotgrnt,sdotcolnum,speeding,st_colcode,st_coldesc,seglanekey,crosswalkkey,hitparkedcar,seriousinjuries
-122.296116614798,47.6219269736516,198216,272437,273277,3754300,Matched,Block,,M L KING JR WAY E BETWEEN E THOMAS ST AND E HARRISON ST,NEI,"Not Enough Information, or Insufficient Location Information",1,Property Damage Only Collision,Parked Car,2,0,0,2,0,0,2018-02-22 00:00:00+00,2/22/2018 11:30:00 AM,,0,NOT ENOUGH INFORMATION / NOT APPLICABLE,True,False,Clear or Partly Cloudy,Wet,Daylight,,,,32.0,One parked--one moving,0,0,False,0
-122.328457981253,47.6129679050347,198218,272417,273257,E770741,Matched,Block,,BOREN AVE BETWEEN UNION ST AND PIKE ST, ,,1,Property Damage Only Collision,Sideswipe,4,0,0,2,0,0,2018-02-18 00:00:00+00,2/18/2018 5:47:00 PM,Mid-Block (not related to intersection),11,"MOTOR VEHICLE STRUCK MOTOR VEHICLE, FRONT END AT ANGLE",,False,Clear or Partly Cloudy,Dry,Dark - Street Lights On,,,,26.0,From opposite direction - both going straight - sideswipe,0,0,False,0
-122.30292429666,47.5863260927128,198219,272925,273765,E772989,Matched,Intersection,31545.0,23RD AVE S AND S HOLGATE ST, ,,1,Property Damage Only Collision,Angles,2,0,0,2,0,0,2018-02-02 00:00:00+00,2/2/2018 3:37:00 PM,At Intersection (intersection related),11,"MOTOR VEHICLE STRUCK MOTOR VEHICLE, FRONT END AT ANGLE",,False,Clear or Partly Cloudy,Dry,Daylight,,,True,10.0,Entering at angle,0,0,False,0
-122.327023173666,47.5975159324326,198220,271946,272786,3754635,Matched,Block,,S WELLER ST BETWEEN 5TH AVE S AND 6TH AVE S, ,,1,Property Damage Only Collision,Parked Car,2,0,0,2,0,0,2018-02-07 00:00:00+00,2/7/2018 2:00:00 PM,Mid-Block (not related to intersection),11,"MOTOR VEHICLE STRUCK MOTOR VEHICLE, FRONT END AT ANGLE",,False,Overcast,Dry,Daylight,,,,32.0,One parked--one moving,0,0,False,0
-122.376552925687,47.5401313666391,198227,271944,272784,3745529,Matched,Block,,35TH AVE SW BETWEEN SW WILLOW ST AND SW MYRTLE ST, ,,1,Property Damage Only Collision,Parked Car,3,0,0,3,0,0,2018-02-21 00:00:00+00,2/21/2018 8:27:00 PM,Mid-Block (not related to intersection),11,"MOTOR VEHICLE STRUCK MOTOR VEHICLE, FRONT END AT ANGLE",,True,Snowing,Snow/Slush,Dark - Street Lights On,,,,32.0,One parked--one moving,0,0,True,0
-122.376636361478,47.5264691011555,198228,271943,272783,3745528,Matched,Intersection,34697.0,35TH AVE SW AND SW CLOVERDALE N ST, ,,1,Property Damage Only Collision,Other,3,0,0,1,0,0,2018-02-19 00:00:00+00,2/19/2018 10:50:00 PM,At Intersection (intersection related),28,MOTOR VEHICLE RAN OFF ROAD - HIT FIXED OBJECT,,False,Clear or Partly Cloudy,Dry,Dark - Street Lights On,,,True,50.0,Fixed object,0,0,False,0
-122.302636772662,47.6158994208801,198230,272920,273760,E772812,Matched,Block,,23RD AVE BETWEEN E PINE ST AND E OLIVE S ST, ,,2,Injury Collision,Rear Ended,3,0,0,3,1,0,2018-02-01 00:00:00+00,2/1/2018 7:39:00 PM,Mid-Block (not related to intersection),14,"MOTOR VEHICLE STRUCK MOTOR VEHICLE, REAR END",True,False,Raining,Wet,Dark - Street Lights On,,,,14.0,From same direction - both going straight - one stopped - rear-end,0,0,False,0
-122.360970694412,47.5714589434273,198231,271942,272782,3745527,Matched,Block,,WEST SEATTLE BR EB BETWEEN DELRIDGE-W SEATTLE BR EB ON RP AND 26TH AV SW ON RP, ,,1,Property Damage Only Collision,Other,3,0,0,2,0,0,2018-02-19 00:00:00+00,2/19/2018 5:46:00 AM,Mid-Block (not related to intersection),11,"MOTOR VEHICLE STRUCK MOTOR VEHICLE, FRONT END AT ANGLE",,False,Clear or Partly Cloudy,Ice,Dark - Street Lights On,,,,23.0,From same direction - all others,0,0,False,0
-122.322664739511,47.5676365019894,198233,272919,273759,E773029,Matched,Block,,AIRPORT WAY S BETWEEN S ANDOVER ST AND S DAKOTA ST,NEI,"Not Enough Information, or Insufficient Location Information",1,Property Damage Only Collision,Parked Car,2,0,0,2,0,0,2018-02-22 00:00:00+00,2/22/2018 12:30:00 PM,Mid-Block (not related to intersection),0,NOT ENOUGH INFORMATION / NOT APPLICABLE,,False,Clear or Partly Cloudy,Dry,Daylight,,,,32.0,One parked--one moving,0,0,False,0
-122.339105334884,47.6078281615312,198234,269595,270395,E766434,Matched,Intersection,29599.0,1ST AVE AND UNION ST, ,,1,Property Damage Only Collision,Other,2,0,0,2,0,0,2018-01-31 00:00:00+00,1/31/2018 10:04:00 AM,At Intersection (intersection related),14,"MOTOR VEHICLE STRUCK MOTOR VEHICLE, REAR END",True,False,Clear or Partly Cloudy,Dry,Daylight,,,,23.0,From same direction - all others,0,0,False,0
-122.283311694052,47.5333416249138,198236,269594,270394,E766433,Matched,Intersection,34577.0,39TH AVE S AND S HOLDEN ST, ,,1,Property Damage Only Collision,Sideswipe,2,0,0,2,0,0,2018-01-30 00:00:00+00,1/30/2018 7:40:00 AM,At Intersection (intersection related),11,"MOTOR VEHICLE STRUCK MOTOR VEHICLE, FRONT END AT ANGLE",,False,Clear or Partly Cloudy,Dry,Daylight,,,,27.0,From opposite direction - both going straight - one stopped - sideswipe,0,0,False,0
-122.332451281314,47.6072663098638,198237,269593,270393,E766432,Matched,Intersection,29933.0,5TH AVE AND SPRING ST, ,,1,Property Damage Only Collision,Angles,2,0,0,2,0,0,2018-01-23 00:00:00+00,1/23/2018 8:36:00 AM,At Intersection (intersection related),14,"MOTOR VEHICLE STRUCK MOTOR VEHICLE, REAR END",,False,Raining,Wet,Daylight,,,,10.0,Entering at angle,0,0,False,0
-122.366073162825,47.7045313074959,198239,271939,272779,3702427,Matched,Block,,8TH AVE NW BETWEEN ALDERBROOK PL NW AND NW 105TH ST, ,,1,Property Damage Only Collision,Parked Car,2,0,0,2,0,0,2018-02-21 00:00:00+00,2/21/2018 8:10:00 AM,Mid-Block (not related to intersection),11,"MOTOR VEHICLE STRUCK MOTOR VEHICLE, FRONT END AT ANGLE",True,False,Clear or Partly Cloudy,Dry,Daylight,,,,20.0,One car leaving parked position,0,0,False,0
-122.324223471998,47.6116943388647,198240,271938,272778,3702426,Matched,Intersection,29900.0,SENECA ST AND SUMMIT AVE, ,,2,Injury Collision,Pedestrian,2,1,0,1,1,0,2018-02-17 00:00:00+00,2/17/2018 3:50:00 PM,At Intersection (intersection related),24,MOTOR VEHCILE STRUCK PEDESTRIAN,,False,Clear or Partly Cloudy,Dry,Daylight,,,,0.0,Vehicle going straight hits pedestrian,0,0,False,0
-122.28485139141,47.6399908641325,198248,271977,272817,E770754,Matched,Block,,38TH AVE E BETWEEN 38TH PL E AND E MCGRAW ST, ,,1,Property Damage Only Collision,Parked Car,2,0,0,2,0,0,2018-02-12 00:00:00+00,2/12/2018 1:00:00 PM,Mid-Block (not related to intersection),14,"MOTOR VEHICLE STRUCK MOTOR VEHICLE, REAR END",,False,Unknown,Unknown,Unknown,,,,32.0,One parked--one moving,0,0,False,0
-122.263156709615,47.5126009246675,198249,271960,272800,E770753,Matched,Block,,RENTON AVE S BETWEEN S NORFOLK ST AND 57TH AVE S, ,,1,Property Damage Only Collision,Rear Ended,2,0,0,2,0,0,2018-02-11 00:00:00+00,2/11/2018 1:22:00 PM,Mid-Block (not related to intersection),14,"MOTOR VEHICLE STRUCK MOTOR VEHICLE, REAR END",,False,Clear or Partly Cloudy,Dry,Daylight,,,,14.0,From same direction - both going straight - one stopped - rear-end,0,0,False,0
-122.358231719393,47.6681767574679,198250,271959,272799,E770382,Matched,Block,,NW 54TH ST BETWEEN 1ST AVE NW AND 2ND AVE NW, ,,1,Property Damage Only Collision,Parked Car,2,0,0,2,0,0,2018-02-17 00:00:00+00,2/17/2018 12:33:00 PM,Mid-Block (not related to intersection),14,"MOTOR VEHICLE STRUCK MOTOR VEHICLE, REAR END",,False,Unknown,Dry,Unknown,,,,32.0,One parked--one moving,0,0,True,0
-122.29153578023,47.5452390448712,198251,270637,271457,E767802,Matched,Block,,32ND AVE S BETWEEN S GRAHAM ST AND S MORGAN ST, ,,1,Property Damage Only Collision,Angles,2,0,0,2,0,0,2018-01-27 00:00:00+00,1/27/2018 10:19:00 AM,Driveway Junction,11,"MOTOR VEHICLE STRUCK MOTOR VEHICLE, FRONT END AT ANGLE",,False,Raining,Wet,Daylight,,,,10.0,Entering at angle,0,0,False,0
-122.329586174812,47.546695300274,198253,270601,271421,3818690,Matched,Block,,4TH AVE S BETWEEN S FRONT ST AND S MICHIGAN ST, ,,2,Injury Collision,Rear Ended,4,0,0,4,1,0,2018-02-07 00:00:00+00,2/7/2018 5:40:00 PM,Mid-Block (not related to intersection),14,"MOTOR VEHICLE STRUCK MOTOR VEHICLE, REAR END",True,False,Clear or Partly Cloudy,Dry,Dusk,,,,14.0,From same direction - both going straight - one stopped - rear-end,0,0,False,0
-122.255893917601,47.5038201729635,198254,270599,271419,3764839,Matched,Block,,62ND AVE S BETWEEN S HAZEL ST AND S FOUNTAIN ST, ,,1,Property Damage Only Collision,Parked Car,4,0,0,2,0,0,2018-02-13 00:00:00+00,2/13/2018 9:28:00 PM,Mid-Block (not related to intersection),11,"MOTOR VEHICLE STRUCK MOTOR VEHICLE, FRONT END AT ANGLE",True,True,Raining,Wet,Dark - No Street Lights,,,,32.0,One parked--one moving,0,0,False,0
-122.363330265299,47.6920661045686,198255,271947,272787,3767369,Matched,Intersection,37178.0,6TH AVE NW AND NW 87TH ST, ,,1,Property Damage Only Collision,Angles,3,0,0,2,0,0,2018-02-20 00:00:00+00,2/20/2018 2:16:00 PM,At Intersection (intersection related),14,"MOTOR VEHICLE STRUCK MOTOR VEHICLE, REAR END",,True,Overcast,Dry,Daylight,,,,10.0,Entering at angle,0,0,False,0
-122.363185388831,47.5336976794102,198256,271340,272180,3693195,Matched,Intersection,33983.0,24TH AVE SW AND SW HOLDEN ST, ,,1,Property Damage Only Collision,Angles,3,0,0,2,0,0,2018-02-17 00:00:00+00,2/17/2018 12:45:00 PM,At Intersection (intersection related),11,"MOTOR VEHICLE STRUCK MOTOR VEHICLE, FRONT END AT ANGLE",,False,Clear or Partly Cloudy,Dry,Daylight,,,,10.0,Entering at angle,0,0,False,0
-122.269446139844,47.5605943232893,198257,270598,271418,3764838,Matched,Intersection,32620.0,51ST AVE S AND S ALASKA ST, ,,1,Property Damage Only Collision,Angles,2,0,0,2,0,0,2018-02-13 00:00:00+00,2/13/2018 7:53:00 AM,At Intersection (intersection related),11,"MOTOR VEHICLE STRUCK MOTOR VEHICLE, FRONT END AT ANGLE",,False,Clear or Partly Cloudy,Dry,Daylight,,,,10.0,Entering at angle,0,0,False,0
-122.382667721404,47.6484569180685,198258,271338,272178,3583918,Matched,Block,,W DRAVUS ST BETWEEN 20TH AVE W AND 21ST AVE W, ,,1,Property Damage Only Collision,Sideswipe,2,0,0,2,0,0,2018-02-18 00:00:00+00,2/18/2018 4:23:00 PM,Mid-Block (not related to intersection),11,"MOTOR VEHICLE STRUCK MOTOR VEHICLE, FRONT END AT ANGLE",,False,Clear or Partly Cloudy,Dry,Daylight,,,,11.0,From same direction - both going straight - both moving - sideswipe,0,0,False,0
-122.320752364081,47.6072184191762,198261,271337,272177,3578789,Matched,Intersection,29801.0,BROADWAY AND JAMES ST, ,,2,Injury Collision,Rear Ended,2,0,0,2,1,0,2018-02-16 00:00:00+00,2/16/2018 10:37:00 PM,At Intersection (but not related to intersection),14,"MOTOR VEHICLE STRUCK MOTOR VEHICLE, REAR END",,True,Raining,Wet,Dark - Street Lights On,,,,14.0,From same direction - both going straight - one stopped - rear-end,0,0,False,0
-122.315696185362,47.6783887978637,198263,271319,272159,E769139,Matched,Block,,12TH AVE NE BETWEEN NE 68TH ST AND NE 69TH ST, ,,2,Injury Collision,Rear Ended,3,0,0,2,1,0,2018-02-04 00:00:00+00,2/4/2018 2:09:00 PM,Mid-Block (not related to intersection),14,"MOTOR VEHICLE STRUCK MOTOR VEHICLE, REAR END",,False,Clear or Partly Cloudy,Dry,Daylight,,,,13.0,From same direction - both going straight - both moving - rear-end,0,0,False,0
-122.335569928895,47.5217841204985,198264,270037,270837,E766895,Matched,Block,,OLSON PL SW BETWEEN 1ST AVE S AND 2ND AVE SW, ,,2,Injury Collision,Other,1,0,0,1,1,0,2018-02-02 00:00:00+00,2/2/2018 11:52:00 AM,Mid-Block (not related to intersection),26,MOTOR VEHICLE STRUCK OBJECT IN ROAD,,False,Raining,Wet,Daylight,,,,50.0,Fixed object,0,0,False,0
-122.312463883736,47.7130712211459,198265,270017,270817,E766894,Matched,Block,,15TH AVE NE BETWEEN NE 115TH ST AND NE 117TH ST, ,,1,Property Damage Only Collision,Angles,3,0,0,2,0,0,2018-01-31 00:00:00+00,1/31/2018 1:05:00 PM,Driveway Junction,11,"MOTOR VEHICLE STRUCK MOTOR VEHICLE, FRONT END AT ANGLE",,False,Clear or Partly Cloudy,Dry,Daylight,,,,10.0,Entering at angle,0,0,False,0
-122.393000335178,47.6905721488272,198268,271318,272158,E769138,Matched,Intersection,37083.0,28TH AVE NW AND NW 85TH ST, ,,1,Property Damage Only Collision,Angles,2,0,0,2,0,0,2018-01-08 00:00:00+00,1/8/2018 2:59:00 PM,At Intersection (intersection related),11,"MOTOR VEHICLE STRUCK MOTOR VEHICLE, FRONT END AT ANGLE",,False,Overcast,Dry,Daylight,,,,10.0,Entering at angle,0,0,False,0
-122.28758926416,47.6016950358806,198269,272463,273303,E771958,Matched,Intersection,35500.0,LAKE WASHINGTON BLVD AND E YESLER WAY, ,,1,Property Damage Only Collision,Other,1,0,0,1,0,0,2018-02-16 00:00:00+00,2/16/2018 8:30:00 AM,At Intersection (intersection related),26,MOTOR VEHICLE STRUCK OBJECT IN ROAD,True,False,Overcast,Wet,Daylight,,,,50.0,Fixed object,0,0,False,0
-122.263646905911,47.6807434536606,198270,271317,272157,E769137,Matched,Block,,SAND POINT WAY NE BETWEEN NE 70TH ST AND NE 74TH ST, ,,2,Injury Collision,Pedestrian,2,1,0,1,1,0,2018-02-08 00:00:00+00,2/8/2018 5:10:00 PM,Mid-Block (not related to intersection),24,MOTOR VEHCILE STRUCK PEDESTRIAN,,False,Raining,Wet,Dark - Street Lights On,,,,0.0,Vehicle going straight hits pedestrian,0,0,False,0
-122.299572495331,47.5392030633625,198271,271981,272821,E770809,Matched,Intersection,34319.0,COVELLO DR S AND SWIFT E AVE S, ,,2,Injury Collision,Angles,4,0,0,2,3,0,2018-02-03 00:00:00+00,2/3/2018 10:03:00 PM,At Intersection (intersection related),11,"MOTOR VEHICLE STRUCK MOTOR VEHICLE, FRONT END AT ANGLE",,False,Raining,Wet,Dark - Street Lights On,,,,10.0,Entering at angle,0,0,False,0
-122.308169633838,47.690312768451,198272,271297,272137,E769136,Matched,Intersection,37776.0,LAKE CITY WAY NE AND NE 85TH ST, ,,1,Property Damage Only Collision,Rear Ended,3,0,0,2,0,0,2018-02-12 00:00:00+00,2/12/2018 3:27:00 PM,At Intersection (intersection related),14,"MOTOR VEHICLE STRUCK MOTOR VEHICLE, REAR END",,False,Clear or Partly Cloudy,Dry,Daylight,,,,13.0,From same direction - both going straight - both moving - rear-end,0,0,False,0
-122.337780455446,47.5712036827484,198273,270737,271557,E767803,Matched,Block,,ALASKAN WY VI NB ON RP BETWEEN SPOKANE ST - ALASKAN RP AND ALASKAN WY VI NB, ,,1,Property Damage Only Collision,Other,1,0,0,1,0,0,2018-01-20 00:00:00+00,1/20/2018 4:09:00 AM,Mid-Block (not related to intersection),26,MOTOR VEHICLE STRUCK OBJECT IN ROAD,,False,Overcast,Wet,Dark - No Street Lights,,,True,50.0,Fixed object,0,0,False,0
-122.284863209529,47.5460429275012,198275,269917,270717,E767568,Matched,Intersection,33646.0,38TH AVE S AND S GRAHAM ST, ,,1,Property Damage Only Collision,Angles,4,0,0,2,0,0,2018-02-03 00:00:00+00,2/3/2018 12:18:00 PM,At Intersection (intersection related),11,"MOTOR VEHICLE STRUCK MOTOR VEHICLE, FRONT END AT ANGLE",True,False,Overcast,Dry,Daylight,,,,10.0,Entering at angle,0,0,False,0
-122.306874203446,47.5819761382134,198277,271957,272797,3818329,Matched,Block,,20TH AVE S BETWEEN S COLLEGE ST AND S BAYVIEW W ST, ,,1,Property Damage Only Collision,Parked Car,2,0,0,2,0,0,2018-02-19 00:00:00+00,2/19/2018 4:08:00 PM,Mid-Block (not related to intersection),11,"MOTOR VEHICLE STRUCK MOTOR VEHICLE, FRONT END AT ANGLE",,False,Other,Unknown,Unknown,,,,32.0,One parked--one moving,0,0,False,0
-122.302761217361,47.599277899205,198278,269610,270410,3702386,Matched,Block,,S JACKSON ST BETWEEN 22ND AVE S AND 23RD AVE S, ,,1,Property Damage Only Collision,Parked Car,3,0,0,3,0,0,2018-02-07 00:00:00+00,2/7/2018 7:12:00 PM,Mid-Block (not related to intersection),14,"MOTOR VEHICLE STRUCK MOTOR VEHICLE, REAR END",,False,Clear or Partly Cloudy,Dry,,,,,32.0,One parked--one moving,0,0,False,0
-122.360879742355,47.650417335905,198279,269609,270409,3583915,Matched,Intersection,26694.0,3RD AVE W AND W BERTONA ST, ,,1,Property Damage Only Collision,Angles,2,0,0,2,0,0,2018-02-08 00:00:00+00,2/8/2018 11:04:00 PM,At Intersection (intersection related),11,"MOTOR VEHICLE STRUCK MOTOR VEHICLE, FRONT END AT ANGLE",True,False,Clear or Partly Cloudy,Wet,Dark - Street Lights On,,,,10.0,Entering at angle,0,0,False,0
-122.324574082589,47.6613414082677,198280,272946,273786,E773378,Matched,Block,,NE 45TH ST BETWEEN LATONA AVE NE AND 4TH AVE NE, ,,1,Property Damage Only Collision,Parked Car,2,0,0,2,0,0,2018-02-25 00:00:00+00,2/25/2018 3:00:00 PM,Mid-Block (not related to intersection),11,"MOTOR VEHICLE STRUCK MOTOR VEHICLE, FRONT END AT ANGLE",,False,Unknown,Unknown,Daylight,,,,32.0,One parked--one moving,0,0,False,0
-122.359983235725,47.6232879637972,198282,269607,270407,E766653,Matched,Block,,W REPUBLICAN ST BETWEEN 2ND AVE W AND 3RD AVE W, ,,1,Property Damage Only Collision,Parked Car,3,0,0,2,0,0,2018-02-03 00:00:00+00,2/3/2018 11:30:00 PM,Mid-Block (not related to intersection),14,"MOTOR VEHICLE STRUCK MOTOR VEHICLE, REAR END",,False,Unknown,Unknown,Unknown,,,,32.0,One parked--one moving,0,0,False,0
-122.328470752597,47.6079445252975,198284,269605,270405,E766622,Matched,Intersection,29936.0,8TH AVE AND MADISON ST, ,,2,Injury Collision,Rear Ended,2,0,0,2,1,0,2018-01-31 00:00:00+00,1/31/2018 1:30:00 PM,At Intersection (intersection related),14,"MOTOR VEHICLE STRUCK MOTOR VEHICLE, REAR END",True,False,Raining,Wet,Daylight,,,,14.0,From same direction - both going straight - one stopped - rear-end,0,0,False,0
-122.327917610624,47.6081758938006,198285,269604,270404,E766621,Matched,Block,,MADISON ST BETWEEN 8TH AVE AND 9TH AVE, ,,1,Property Damage Only Collision,Other,2,0,0,2,0,0,2018-02-05 00:00:00+00,2/5/2018 2:00:00 PM,Mid-Block (not related to intersection),14,"MOTOR VEHICLE STRUCK MOTOR VEHICLE, REAR END",,False,Clear or Partly Cloudy,Dry,Daylight,,,,50.0,Fixed object,0,0,False,0
-122.300005131144,47.5394436804164,198286,270077,270877,3289389,Matched,Block,,SWIFT AVE S BETWEEN COVELLO W DR S AND COVELLO E DR S, ,,2,Injury Collision,Parked Car,4,0,0,3,1,0,2018-02-08 00:00:00+00,2/8/2018 1:21:00 PM,Mid-Block (not related to intersection),11,"MOTOR VEHICLE STRUCK MOTOR VEHICLE, FRONT END AT ANGLE",True,True,Clear or Partly Cloudy,Dry,Daylight,,,,32.0,One parked--one moving,0,0,False,0
-122.301168378988,47.5950791878659,198287,270067,270867,E767337,Matched,Block,,24TH AVE S BETWEEN S DEARBORN ST AND S CHARLES ST, ,,1,Property Damage Only Collision,Parked Car,2,0,0,2,0,0,2018-02-07 00:00:00+00,2/7/2018,Mid-Block (not related to intersection),14,"MOTOR VEHICLE STRUCK MOTOR VEHICLE, REAR END",,False,Unknown,Unknown,Unknown,,,,32.0,One parked--one moving,0,0,True,0
-122.326970314754,47.6046251793858,198291,269603,270403,E766620,Matched,Intersection,29962.0,7TH AVE AND JAMES ST, ,,1,Property Damage Only Collision,Other,2,0,0,2,0,0,2018-01-30 00:00:00+00,1/30/2018 5:35:00 PM,At Intersection (but not related to intersection),14,"MOTOR VEHICLE STRUCK MOTOR VEHICLE, REAR END",,False,Clear or Partly Cloudy,Dry,Dark - Street Lights On,,,,23.0,From same direction - all others,0,0,False,0
-122.279122595534,47.5152512529479,198295,273556,274396,3726249,Matched,Block,,M L KING JR WR WAY S BETWEEN MERTON WAY S AND S NORFOLK ST, ,,1,Property Damage Only Collision,Other,2,0,0,2,0,0,2018-02-01 00:00:00+00,2/1/2018 6:49:00 AM,Driveway Junction,25,MOTOR VEHICLE STRUCK TRAIN,True,False,Raining,Wet,Dawn,,,,41.0,Vehicle Strikes Railway Vehicle,0,0,False,0
-122.309935116091,47.59379007488,198296,270065,270865,E767332,Matched,Block,,RAINIER AVE S BETWEEN S CHARLES S ST AND S NORMAN ST, ,,1,Property Damage Only Collision,Sideswipe,3,0,0,2,0,0,2018-02-08 00:00:00+00,2/8/2018 1:43:00 PM,Mid-Block (not related to intersection),14,"MOTOR VEHICLE STRUCK MOTOR VEHICLE, REAR END",,False,Overcast,Dry,Daylight,,,,11.0,From same direction - both going straight - both moving - sideswipe,0,0,False,0
-122.345338191978,47.6625101941988,198297,273555,274395,3705809,Matched,Block,,GREEN LAKE WAY N BETWEEN N 46TH ST AND WOODLAND PARK AVE N, ,,1,Property Damage Only Collision,Other,1,0,0,1,0,0,2018-02-02 00:00:00+00,2/2/2018 11:02:00 PM,Mid-Block (not related to intersection),28,MOTOR VEHICLE RAN OFF ROAD - HIT FIXED OBJECT,,False,Overcast,Wet,Dark - Street Lights On,,,,50.0,Fixed object,0,0,False,0
-122.310223518799,47.6021775729553,198299,270064,270864,E767331,Matched,Block,,17TH AVE BETWEEN E YESLER WAY AND E FIR ST, ,,1,Property Damage Only Collision,Parked Car,2,0,0,2,0,0,2018-02-07 00:00:00+00,2/7/2018 1:52:00 PM,Mid-Block (not related to intersection),14,"MOTOR VEHICLE STRUCK MOTOR VEHICLE, REAR END",,False,Clear or Partly Cloudy,Dry,Daylight,,,,32.0,One parked--one moving,0,0,True,0
-122.329055961484,47.580852706239,198301,273554,274394,3578907,Matched,Block,,4TH AVE S BETWEEN S STACY ST AND S LANDER ST, ,,1,Property Damage Only Collision,Angles,3,0,0,2,0,0,2018-02-27 00:00:00+00,2/27/2018 6:30:00 PM,Driveway Junction,11,"MOTOR VEHICLE STRUCK MOTOR VEHICLE, FRONT END AT ANGLE",,False,Raining,Wet,Dark - Street Lights On,,,,10.0,Entering at angle,0,0,False,0
-122.332999875925,47.6231160057335,198302,272503,273343,3583921,Matched,Intersection,29134.0,MINOR AVE N AND REPUBLICAN ST, ,,2,Injury Collision,Pedestrian,2,0,1,1,1,0,2018-02-24 00:00:00+00,2/24/2018 4:47:00 PM,At Intersection (intersection related),21,"MOTOR VEHICLE STRUCK PEDALCYCLIST, REAR END",,False,Clear or Partly Cloudy,Dry,Daylight,,,,5.0,Vehicle Strikes Pedalcyclist,0,0,False,0
-122.324041406486,47.6251180919042,198304,270063,270863,E767330,Matched,Intersection,29112.0,BELMONT AVE E AND E ROY ST, ,,1,Property Damage Only Collision,Angles,3,0,0,3,0,0,2018-02-02 00:00:00+00,2/2/2018 4:11:00 PM,At Intersection (intersection related),11,"MOTOR VEHICLE STRUCK MOTOR VEHICLE, FRONT END AT ANGLE",,False,Clear or Partly Cloudy,Dry,Daylight,,,,10.0,Entering at angle,0,0,False,0
-122.325585521975,47.6358731813905,198308,272501,273341,3583919,Matched,Intersection,28327.0,EASTLAKE AVE E AND E HOWE ST, ,,2b,Serious Injury Collision,Pedestrian,3,1,0,2,1,0,2018-02-23 00:00:00+00,2/23/2018 3:36:00 PM,At Intersection (intersection related),24,MOTOR VEHCILE STRUCK PEDESTRIAN,,False,Clear or Partly Cloudy,Dry,Daylight,,,,0.0,Vehicle going straight hits pedestrian,0,522901,False,1
-122.314724921559,47.568991883079,198309,272499,273339,E771969,Matched,Block,,14TH AVE S BETWEEN S COURT ST AND S DAKOTA ST, ,,1,Property Damage Only Collision,Parked Car,3,0,0,3,0,0,2018-02-23 00:00:00+00,2/23/2018 12:45:00 AM,Mid-Block (not related to intersection),11,"MOTOR VEHICLE STRUCK MOTOR VEHICLE, FRONT END AT ANGLE",,False,Clear or Partly Cloudy,Dry,Dark - Street Lights On,,,,32.0,One parked--one moving,0,0,False,0
-122.329056818483,47.5871999315764,198310,272498,273338,3818608,Matched,Block,,4TH AVE S BETWEEN S MASSACHUSETTS ST AND S HOLGATE ST, ,,1,Property Damage Only Collision,Angles,2,0,0,2,0,0,2018-02-22 00:00:00+00,2/22/2018 12:22:00 PM,Mid-Block (not related to intersection),11,"MOTOR VEHICLE STRUCK MOTOR VEHICLE, FRONT END AT ANGLE",,False,Clear or Partly Cloudy,Dry,Daylight,,,,10.0,Entering at angle,0,0,False,0
-122.322790231332,47.5723786122501,198311,273544,274384,3818728,Matched,Intersection,32241.0,AIRPORT WAY S AND DIAGONAL AVE S, ,,1,Property Damage Only Collision,Other,2,0,0,1,0,0,2018-01-31 00:00:00+00,1/31/2018 3:25:00 AM,At Intersection (intersection related),28,MOTOR VEHICLE RAN OFF ROAD - HIT FIXED OBJECT,,False,Overcast,Dry,Dark - Street Lights On,,,,50.0,Fixed object,0,0,False,0
-122.308252866731,47.5719240833331,198312,273543,274383,3818685,Matched,Intersection,32536.0,BEACON AVE S AND S SPOKANE ST, ,,2b,Serious Injury Collision,Other,2,0,0,1,2,0,2018-02-04 00:00:00+00,2/4/2018 7:44:00 PM,At Intersection (intersection related),28,MOTOR VEHICLE RAN OFF ROAD - HIT FIXED OBJECT,,True,Clear or Partly Cloudy,Dry,Dark - Street Lights On,,,,50.0,Fixed object,0,0,False,2
-122.308961162512,47.601259952981,198313,272497,273337,E771951,Matched,Block,,18TH AVE S BETWEEN E YESLER WAY AND S WASHINGTON ST, ,,1,Property Damage Only Collision,Parked Car,1,0,0,1,0,0,2018-02-09 00:00:00+00,2/9/2018 7:36:00 AM,Mid-Block (not related to intersection),26,MOTOR VEHICLE STRUCK OBJECT IN ROAD,True,False,Clear or Partly Cloudy,Dry,Daylight,,,True,32.0,One parked--one moving,0,0,False,0
-122.269986039452,47.5233072678934,198315,273542,274382,3818658,Matched,Intersection,35443.0,RAINIER AVE S AND S HENDERSON ST, ,,2,Injury Collision,Pedestrian,2,1,0,1,1,0,2018-02-01 00:00:00+00,2/1/2018 4:00:00 PM,At Intersection (intersection related),24,MOTOR VEHCILE STRUCK PEDESTRIAN,True,False,Clear or Partly Cloudy,Dry,Dusk,,,,1.0,Vehicle turning right hits pedestrian,0,523392,False,0
-122.382080974761,47.5504706440845,198316,269614,270414,3744290,Matched,Block,,FAUNTLEROY WAY SW BETWEEN 39TH S AVE SW AND SW JUNEAU ST, ,,1,Property Damage Only Collision,Other,1,0,0,1,0,0,2018-02-07 00:00:00+00,2/7/2018 10:55:00 PM,Mid-Block (not related to intersection),26,MOTOR VEHICLE STRUCK OBJECT IN ROAD,,False,Clear or Partly Cloudy,Dry,Dark - Street Lights On,,,,50.0,Fixed object,0,0,False,0