longitude,latitude,objectid,inckey,coldetkey,reportno,status,addrtype,intkey,location,exceptrsncode,exceptrsndesc,severitycode,severitydesc,collisiontype,personcount,pedcount,pedcylcount,vehcount,injuries,fatalities,incdate,incdttm,junctiontype,sdot_colcode,sdot_coldesc,inattentionind,underinfl,weather,roadcond,lightcond,pedrownotgrnt,sdotcolnum,speeding,st_colcode,st_coldesc,seglanekey,crosswalkkey,hitparkedcar,seriousinjuries
-122.321400619714,47.5777386346014,198317,273541,274381,3818505,Matched,Intersection,31308.0,AIRPORT WAY S AND S FOREST ST, ,,1,Property Damage Only Collision,Left Turn,2,0,0,2,0,0,2018-02-02 00:00:00+00,2/2/2018 1:27:00 PM,At Intersection (intersection related),11,"MOTOR VEHICLE STRUCK MOTOR VEHICLE, FRONT END AT ANGLE",,False,Overcast,Wet,Daylight,,,,28.0,From opposite direction - one left turn - one straight,0,0,False,0
-122.362953699262,47.5544843837807,198318,269613,270413,3742361,Matched,Block,,DELRIDGE WAY SW BETWEEN PUGET BLVD SW AND SW BRANDON ST, ,,1,Property Damage Only Collision,Sideswipe,2,0,0,2,0,0,2018-02-07 00:00:00+00,2/7/2018 6:10:00 PM,Mid-Block (not related to intersection),11,"MOTOR VEHICLE STRUCK MOTOR VEHICLE, FRONT END AT ANGLE",True,False,Clear or Partly Cloudy,Wet,Dark - Street Lights On,,,,11.0,From same direction - both going straight - both moving - sideswipe,0,0,False,0
-122.297468424759,47.5973952348653,198320,272478,273319,E771950,Matched,Block,,M L KING JR WAY S BETWEEN S KING ST AND S LANE ST, ,,1,Property Damage Only Collision,Parked Car,2,0,0,2,0,0,2018-02-12 00:00:00+00,2/12/2018 1:54:00 PM,Mid-Block (not related to intersection),11,"MOTOR VEHICLE STRUCK MOTOR VEHICLE, FRONT END AT ANGLE",,False,Clear or Partly Cloudy,Dry,Daylight,,,,32.0,One parked--one moving,0,0,False,0
-122.316780466471,47.6062030452542,198321,272477,273318,E771959,Matched,Intersection,29809.0,12TH AVE AND E JEFFERSON ST, ,,2,Injury Collision,Pedestrian,4,0,1,1,1,0,2018-02-20 00:00:00+00,2/20/2018 8:35:00 PM,At Intersection (intersection related),18,"MOTOR VEHICLE STRUCK PEDALCYCLIST, FRONT END AT ANGLE",,False,Clear or Partly Cloudy,Dry,Dark - Street Lights On,,,,5.0,Vehicle Strikes Pedalcyclist,0,0,False,0
-122.279829082475,47.5188791948909,198322,272464,273317,3818606,Matched,Block,,M L KING JR WR WAY S BETWEEN BEACON AVE S AND MERTON WAY S, ,,1,Property Damage Only Collision,Other,2,0,0,1,0,0,2018-02-22 00:00:00+00,2/22/2018 8:17:00 AM,Mid-Block (not related to intersection),27,MOTOR VEHICLE RAN OFF ROAD - NO COLLISION,,False,Clear or Partly Cloudy,Ice,Daylight,,,True,50.0,Fixed object,0,0,False,0
-122.333807040427,47.6121022286904,198323,272518,273358,3584959,Matched,Block,,7TH AVE BETWEEN PIKE ST AND PINE ST, ,,2,Injury Collision,Sideswipe,4,0,0,3,2,0,2018-02-24 00:00:00+00,2/24/2018 3:38:00 PM,Mid-Block (not related to intersection),11,"MOTOR VEHICLE STRUCK MOTOR VEHICLE, FRONT END AT ANGLE",,False,Clear or Partly Cloudy,Dry,Daylight,,,,11.0,From same direction - both going straight - both moving - sideswipe,0,0,False,0
-122.356703177021,47.6255842560357,198324,272517,273357,3584942,Matched,Block,,QUEEN ANNE AVE N BETWEEN ROY ST AND W ROY ST, ,,2,Injury Collision,Left Turn,2,0,0,2,1,0,2018-02-26 00:00:00+00,2/26/2018 7:31:00 AM,Mid-Block (not related to intersection),11,"MOTOR VEHICLE STRUCK MOTOR VEHICLE, FRONT END AT ANGLE",True,False,Overcast,Dry,Daylight,,,,15.0,From same direction - one left turn - one straight,0,0,False,0
-122.305426945656,47.6185000247916,198325,271361,272201,3702451,Matched,Block,,E DENNY WAY BETWEEN 20TH AVE AND 21ST AVE E, ,,1,Property Damage Only Collision,Parked Car,2,0,0,2,0,0,2018-02-16 00:00:00+00,2/16/2018 11:00:00 PM,Mid-Block (not related to intersection),14,"MOTOR VEHICLE STRUCK MOTOR VEHICLE, REAR END",True,False,Unknown,Unknown,Unknown,,,,32.0,One parked--one moving,0,0,True,0
-122.329292105679,47.6184493537895,198326,272508,273348,3584941,Matched,Block,,DENNY WAY BETWEEN STEWART ST AND MELROSE AVE, ,,1,Property Damage Only Collision,Angles,2,0,0,2,0,0,2018-02-25 00:00:00+00,2/25/2018 10:33:00 PM,Mid-Block (not related to intersection),11,"MOTOR VEHICLE STRUCK MOTOR VEHICLE, FRONT END AT ANGLE",,True,Overcast,Dry,Dark - Street Lights On,,,,10.0,Entering at angle,0,0,False,0
-122.320780367438,47.6140756667707,198327,271359,272199,3702398,Matched,Intersection,29745.0,BROADWAY AND E PIKE ST, ,,1,Property Damage Only Collision,Rear Ended,3,0,0,2,0,0,2018-02-17 00:00:00+00,2/17/2018 2:44:00 AM,At Intersection (intersection related),14,"MOTOR VEHICLE STRUCK MOTOR VEHICLE, REAR END",,False,Overcast,Wet,Dark - Street Lights On,,,,13.0,From same direction - both going straight - both moving - rear-end,0,0,False,0
-122.302234918557,47.5998025769682,198329,272507,273347,E771952,Matched,Block,,23RD AVE S BETWEEN S MAIN ST AND S JACKSON ST, ,,2,Injury Collision,Rear Ended,4,0,0,3,1,0,2018-02-14 00:00:00+00,2/14/2018 5:30:00 PM,Mid-Block (but intersection related),14,"MOTOR VEHICLE STRUCK MOTOR VEHICLE, REAR END",True,False,Clear or Partly Cloudy,Dry,Dark - Street Lights On,,,,14.0,From same direction - both going straight - one stopped - rear-end,0,0,False,0
-122.332776510833,47.6076217230865,198330,272505,273345,3584940,Matched,Block,,5TH AVE BETWEEN SPRING ST AND SENECA ST, ,,1,Property Damage Only Collision,Angles,3,0,0,2,0,0,2018-02-22 00:00:00+00,2/22/2018 7:58:00 PM,Mid-Block (not related to intersection),14,"MOTOR VEHICLE STRUCK MOTOR VEHICLE, REAR END",,False,Clear or Partly Cloudy,Dry,Dark - Street Lights On,,,,10.0,Entering at angle,0,0,False,0
-122.343052605054,47.6125019019769,198331,272504,273344,3584939,Matched,Intersection,29561.0,2ND AVE AND LENORA ST, ,,1,Property Damage Only Collision,Sideswipe,2,0,0,2,0,0,2018-02-25 00:00:00+00,2/25/2018 2:31:00 PM,At Intersection (but not related to intersection),11,"MOTOR VEHICLE STRUCK MOTOR VEHICLE, FRONT END AT ANGLE",,False,Overcast,Dry,Daylight,,,,11.0,From same direction - both going straight - both moving - sideswipe,0,0,False,0
-122.323369081791,47.6438349757347,198332,271357,272197,3702341,Matched,Block,,BOYLSTON AVE E BETWEEN E ROANOKE ST AND BOYLSTON AV E OFF RP, ,,1,Property Damage Only Collision,Rear Ended,2,0,0,2,0,0,2018-02-16 00:00:00+00,2/16/2018 11:55:00 PM,Mid-Block (not related to intersection),14,"MOTOR VEHICLE STRUCK MOTOR VEHICLE, REAR END",,False,Other,Unknown,Other,,,,14.0,From same direction - both going straight - one stopped - rear-end,0,0,False,0
-122.326970314754,47.6046251793858,198333,271343,272183,3702340,Matched,Intersection,29962.0,7TH AVE AND JAMES ST, ,,1,Property Damage Only Collision,Rear Ended,2,0,0,2,0,0,2018-02-17 00:00:00+00,2/17/2018 6:15:00 AM,At Intersection (but not related to intersection),14,"MOTOR VEHICLE STRUCK MOTOR VEHICLE, REAR END",,False,Raining,Wet,Dark - Street Lights On,,,,14.0,From same direction - both going straight - one stopped - rear-end,0,0,False,0
-122.320915197474,47.6225571286373,198334,271342,272182,3702323,Matched,Block,,BROADWAY E BETWEEN E HARRISON ST AND E REPUBLICAN ST, ,,1,Property Damage Only Collision,Parked Car,2,0,0,2,0,0,2018-02-16 00:00:00+00,2/16/2018 10:34:00 PM,Mid-Block (not related to intersection),16,"MOTOR VEHICLE STRUCK MOTOR VEHICLE, LEFT SIDE SIDESWIPE",True,False,Raining,Wet,Dark - Street Lights On,,,,20.0,One car leaving parked position,0,0,False,0
-122.353980641671,47.6621406977302,198335,271341,272181,3694200,Matched,Intersection,25686.0,PHINNEY AVE N AND N 46TH ST, ,,1,Property Damage Only Collision,Angles,2,0,0,2,0,0,2018-02-16 00:00:00+00,2/16/2018 12:36:00 PM,At Intersection (intersection related),11,"MOTOR VEHICLE STRUCK MOTOR VEHICLE, FRONT END AT ANGLE",True,False,Overcast,Dry,Daylight,,,,10.0,Entering at angle,0,0,False,0
-122.373595431572,47.6622023430349,198341,272979,273819,E773384,Matched,Intersection,25459.0,14TH AVE NW AND NW 46TH ST, ,,1,Property Damage Only Collision,Angles,2,0,0,2,0,0,2018-02-23 00:00:00+00,2/23/2018 2:17:00 PM,At Intersection (intersection related),11,"MOTOR VEHICLE STRUCK MOTOR VEHICLE, FRONT END AT ANGLE",,False,Snowing,Dry,Daylight,,,,10.0,Entering at angle,0,0,False,0
-122.351879372046,47.6760729064344,198343,272978,273818,E773383,Matched,Block,,N 65TH ST BETWEEN DAYTON E AVE N AND EVANSTON AVE N, ,,1,Property Damage Only Collision,Other,1,0,0,1,0,0,2018-02-22 00:00:00+00,2/22/2018 8:27:00 AM,Mid-Block (not related to intersection),29,MOTOR VEHICLE OVERTURNED IN ROAD,,False,Clear or Partly Cloudy,Ice,Daylight,,,,50.0,Fixed object,0,0,False,0
-122.334199807709,47.5818951934877,198344,272002,272842,E770961,Matched,Intersection,31365.0,1ST AVE S AND S STACY ST, ,,1,Property Damage Only Collision,Rear Ended,2,0,0,2,0,0,2018-02-15 00:00:00+00,2/15/2018 8:41:00 AM,At Intersection (but not related to intersection),14,"MOTOR VEHICLE STRUCK MOTOR VEHICLE, REAR END",True,False,Overcast,Dry,Daylight,,,,14.0,From same direction - both going straight - one stopped - rear-end,0,0,False,0
-122.31145948867,47.6150445590475,198345,272001,272841,E770959,Matched,Intersection,30133.0,16TH AVE AND E MADISON ST, ,,1,Property Damage Only Collision,Parked Car,3,0,0,3,0,0,2018-02-14 00:00:00+00,2/14/2018 11:52:00 AM,At Intersection (but not related to intersection),14,"MOTOR VEHICLE STRUCK MOTOR VEHICLE, REAR END",,False,Overcast,Dry,Daylight,,,,32.0,One parked--one moving,0,0,False,0
-122.312648030335,47.7185067431708,198346,272977,273817,E773382,Matched,Block,,15TH AVE NE BETWEEN NE 123RD ST AND NE 125TH ST, ,,1,Property Damage Only Collision,Sideswipe,2,0,0,2,0,0,2018-02-24 00:00:00+00,2/24/2018 3:04:00 PM,Mid-Block (not related to intersection),11,"MOTOR VEHICLE STRUCK MOTOR VEHICLE, FRONT END AT ANGLE",True,False,Clear or Partly Cloudy,Dry,Daylight,,,,11.0,From same direction - both going straight - both moving - sideswipe,0,0,False,0
-122.376761492271,47.5210700142456,198347,271999,272839,E770957,Matched,Intersection,34741.0,35TH AVE SW AND SW BARTON ST, ,,2,Injury Collision,Left Turn,2,0,0,2,1,0,2018-02-15 00:00:00+00,2/15/2018 10:17:00 AM,At Intersection (intersection related),11,"MOTOR VEHICLE STRUCK MOTOR VEHICLE, FRONT END AT ANGLE",,False,Overcast,Dry,Daylight,,,,28.0,From opposite direction - one left turn - one straight,0,0,False,0
-122.331306048169,47.5448814245195,198348,270757,271597,E767858,Matched,Intersection,34222.0,EAST MARGINAL WAY S AND S MICHIGAN ST, ,,1,Property Damage Only Collision,Rear Ended,2,0,0,2,0,0,2018-02-06 00:00:00+00,2/6/2018 3:15:00 PM,At Intersection (but not related to intersection),14,"MOTOR VEHICLE STRUCK MOTOR VEHICLE, REAR END",,False,Clear or Partly Cloudy,Dry,Daylight,,,,13.0,From same direction - both going straight - both moving - rear-end,0,0,False,0
-122.337136892851,47.6107094377718,198350,270741,271579,E767808,Matched,Block,,4TH AVE BETWEEN PIKE ST AND PINE ST, ,,1,Property Damage Only Collision,Sideswipe,3,0,0,2,0,0,2018-02-01 00:00:00+00,2/1/2018 10:17:00 PM,Mid-Block (not related to intersection),11,"MOTOR VEHICLE STRUCK MOTOR VEHICLE, FRONT END AT ANGLE",,False,Raining,Wet,Dark - Street Lights On,,,,11.0,From same direction - both going straight - both moving - sideswipe,0,0,False,0
-122.323000433622,47.6903969304862,198351,272958,273798,E773381,Matched,Intersection,37550.0,5TH AVE NE AND NE 85TH ST, ,,1,Property Damage Only Collision,Angles,2,0,0,2,0,0,2018-02-21 00:00:00+00,2/21/2018 5:05:00 PM,At Intersection (intersection related),11,"MOTOR VEHICLE STRUCK MOTOR VEHICLE, FRONT END AT ANGLE",,False,Clear or Partly Cloudy,Dry,Daylight,,,,10.0,Entering at angle,0,0,False,0
-122.367158813082,47.6614652200559,198352,272957,273797,E773380,Matched,Intersection,26709.0,LEARY WAY NW AND NW 45TH ST, ,,2,Injury Collision,Angles,3,0,0,2,1,0,2018-02-22 00:00:00+00,2/22/2018 4:17:00 PM,At Intersection (intersection related),11,"MOTOR VEHICLE STRUCK MOTOR VEHICLE, FRONT END AT ANGLE",,False,Clear or Partly Cloudy,Dry,Daylight,,,,10.0,Entering at angle,0,0,False,0
-122.376214474094,47.6686669083164,198354,271998,272838,E770956,Matched,Intersection,25416.0,15TH AVE NW AND NW MARKET ST, ,,1,Property Damage Only Collision,Rear Ended,2,0,0,2,0,0,2018-02-13 00:00:00+00,2/13/2018 10:56:00 AM,At Intersection (but not related to intersection),14,"MOTOR VEHICLE STRUCK MOTOR VEHICLE, REAR END",True,False,Overcast,Dry,Daylight,,,,14.0,From same direction - both going straight - one stopped - rear-end,0,0,False,0
-122.307271763788,47.7193652322559,198355,272947,273787,E773379,Matched,Intersection,36693.0,20TH AVE NE AND NE 125TH ST, ,,2,Injury Collision,Head On,2,0,0,2,2,0,2018-02-22 00:00:00+00,2/22/2018 3:42:00 PM,At Intersection (intersection related),14,"MOTOR VEHICLE STRUCK MOTOR VEHICLE, REAR END",,False,Clear or Partly Cloudy,Dry,Daylight,,,,30.0,From opposite direction - all others,0,0,False,0
-122.3543696931,47.6738652671534,198356,271997,272837,E770838,Matched,Intersection,25602.0,PHINNEY AVE N AND N 62ND ST, ,,1,Property Damage Only Collision,Parked Car,2,0,0,2,0,0,2018-02-19 00:00:00+00,2/19/2018 10:06:00 PM,At Intersection (but not related to intersection),11,"MOTOR VEHICLE STRUCK MOTOR VEHICLE, FRONT END AT ANGLE",,False,Clear or Partly Cloudy,Dry,Dark - Street Lights On,,,,32.0,One parked--one moving,0,0,False,0
-122.32540032999,47.6353682105447,198357,272519,273359,3584960,Matched,Block,,EASTLAKE AVE E BETWEEN E BLAINE ST AND E HOWE ST, ,,2,Injury Collision,Parked Car,2,0,0,2,1,0,2018-02-25 00:00:00+00,2/25/2018 12:34:00 AM,Mid-Block (not related to intersection),14,"MOTOR VEHICLE STRUCK MOTOR VEHICLE, REAR END",,True,Raining,Wet,Dark - Street Lights On,,,,32.0,One parked--one moving,0,0,True,0
-122.30061023064,47.6671211675384,198358,271982,272822,E770386,Matched,Block,,25TH AVE NE BETWEEN NE BLAKELEY ST AND NE 54TH ST, ,,1,Property Damage Only Collision,Rear Ended,3,0,0,3,0,0,2018-02-16 00:00:00+00,2/16/2018 2:21:00 PM,Mid-Block (not related to intersection),14,"MOTOR VEHICLE STRUCK MOTOR VEHICLE, REAR END",,False,Raining,Wet,Daylight,,,,13.0,From same direction - both going straight - both moving - rear-end,0,0,False,0
-122.317423599272,47.6266784846603,198359,271362,272202,3702476,Matched,Block,,E ALOHA ST BETWEEN 11TH AVE E AND 12TH AVE E, ,,2,Injury Collision,Parked Car,3,0,0,2,2,0,2018-02-17 00:00:00+00,2/17/2018 10:56:00 PM,Mid-Block (not related to intersection),14,"MOTOR VEHICLE STRUCK MOTOR VEHICLE, REAR END",,True,Clear or Partly Cloudy,Dry,Dark - Street Lights On,,,True,32.0,One parked--one moving,0,0,False,0
-122.391638813447,47.5887833193891,198360,270739,271577,E767806,Matched,Block,,SUNSET AVE SW BETWEEN SW SEATTLE ST AND SW MASSACHUSETTS ST, ,,1,Property Damage Only Collision,Other,1,0,0,1,0,0,2018-02-10 00:00:00+00,2/10/2018 1:00:00 AM,Mid-Block (not related to intersection),26,MOTOR VEHICLE STRUCK OBJECT IN ROAD,,False,Unknown,Unknown,Dark - Street Lights On,,,,50.0,Fixed object,0,0,False,0
-122.329588213609,47.5453368960427,198361,270738,271558,E767804,Matched,Intersection,34219.0,4TH AVE S AND S MICHIGAN ST, ,,2,Injury Collision,Rear Ended,2,0,0,2,1,0,2018-01-28 00:00:00+00,1/28/2018 8:00:00 AM,At Intersection (but not related to intersection),14,"MOTOR VEHICLE STRUCK MOTOR VEHICLE, REAR END",,False,Overcast,Wet,Daylight,,,,14.0,From same direction - both going straight - one stopped - rear-end,0,0,False,0
-122.329057088755,47.5787691320583,198362,272506,273346,E772020,Matched,Block,,4TH AVE S BETWEEN S LANDER ST AND S FOREST ST, ,,1,Property Damage Only Collision,,2,0,0,2,0,0,2018-02-21 00:00:00+00,2/21/2018 6:45:00 AM,Mid-Block (not related to intersection),26,MOTOR VEHICLE STRUCK OBJECT IN ROAD,,True,Clear or Partly Cloudy,Dry,Dawn,,,,,,0,0,False,0
-122.368103819602,47.5714821637523,198363,277929,278829,E779310,Matched,Block,,WEST SEATTLE BR EB BETWEEN 26TH AV SW ON RP AND POINT A, ,,1,Property Damage Only Collision,Rear Ended,2,0,0,2,0,0,2018-03-15 00:00:00+00,3/15/2018 7:59:00 AM,Mid-Block (not related to intersection),14,"MOTOR VEHICLE STRUCK MOTOR VEHICLE, REAR END",True,False,Clear or Partly Cloudy,Dry,Daylight,,,,13.0,From same direction - both going straight - both moving - rear-end,0,0,False,0
-122.344590807641,47.6963600951054,198364,278852,279752,E782635,Matched,Intersection,37328.0,AURORA AVE N AND N 93RD ST, ,,1,Property Damage Only Collision,Other,1,0,0,1,0,0,2018-03-20 00:00:00+00,3/20/2018 8:50:00 AM,At Intersection (intersection related),28,MOTOR VEHICLE RAN OFF ROAD - HIT FIXED OBJECT,,False,Clear or Partly Cloudy,Dry,Daylight,,,,50.0,Fixed object,0,0,False,0
-122.344996819426,47.7250341828433,198365,277928,278828,E779309,Matched,Block,,AURORA AVE N BETWEEN N 130TH ST AND N 135TH ST, ,,2,Injury Collision,Rear Ended,3,0,0,2,1,0,2018-03-14 00:00:00+00,3/14/2018 2:33:00 PM,Mid-Block (not related to intersection),14,"MOTOR VEHICLE STRUCK MOTOR VEHICLE, REAR END",True,False,Clear or Partly Cloudy,Dry,Daylight,,,,14.0,From same direction - both going straight - one stopped - rear-end,0,0,False,0
-122.348588984319,47.6527275038429,198366,278851,279751,E782440,Matched,Intersection,27018.0,FREMONT WAY N AND N 38TH ST, ,,2,Injury Collision,Angles,2,0,0,2,1,0,2018-03-24 00:00:00+00,3/24/2018 5:20:00 PM,At Intersection (intersection related),11,"MOTOR VEHICLE STRUCK MOTOR VEHICLE, FRONT END AT ANGLE",,False,Clear or Partly Cloudy,Dry,Daylight,,,,10.0,Entering at angle,0,0,False,0
-122.334200814388,47.5798111383773,198367,269619,270419,E766224,Matched,Intersection,31372.0,1ST AVE S AND S LANDER ST, ,,2,Injury Collision,Rear Ended,2,0,0,2,1,0,2018-01-25 00:00:00+00,1/25/2018 11:57:00 AM,At Intersection (intersection related),14,"MOTOR VEHICLE STRUCK MOTOR VEHICLE, REAR END",True,False,Raining,Wet,Daylight,,,,14.0,From same direction - both going straight - one stopped - rear-end,0,0,False,0
-122.334183827198,47.7232078883922,198368,278850,279750,E782439,Matched,Intersection,35965.0,MERIDIAN AVE N AND N 130TH ST, ,,2,Injury Collision,Left Turn,5,0,0,2,3,0,2018-03-23 00:00:00+00,3/23/2018 3:16:00 PM,At Intersection (intersection related),11,"MOTOR VEHICLE STRUCK MOTOR VEHICLE, FRONT END AT ANGLE",,False,Raining,Wet,Daylight,,,,28.0,From opposite direction - one left turn - one straight,0,0,False,0
-122.348562011011,47.6869398820417,198369,269618,270418,3754265,Matched,Block,,N 80TH ST BETWEEN FREMONT AVE N AND LINDEN AVE N, ,,1,Property Damage Only Collision,Parked Car,4,0,0,4,0,0,2018-02-08 00:00:00+00,2/8/2018 10:15:00 PM,Mid-Block (not related to intersection),14,"MOTOR VEHICLE STRUCK MOTOR VEHICLE, REAR END",,True,Overcast,Wet,Dark - Street Lights On,,,,32.0,One parked--one moving,0,0,False,0
-122.312298992936,47.5534379273932,198370,277927,278827,E779302,Matched,Intersection,33361.0,16TH AVE S AND S LUCILE ST, ,,1,Property Damage Only Collision,Angles,2,0,0,2,0,0,2018-03-07 00:00:00+00,3/7/2018 9:37:00 AM,At Intersection (intersection related),11,"MOTOR VEHICLE STRUCK MOTOR VEHICLE, FRONT END AT ANGLE",,False,Clear or Partly Cloudy,Dry,Daylight,,,,10.0,Entering at angle,0,0,False,0
-122.290453220625,47.6821387802462,198372,269617,270417,3754264,Matched,Block,,35TH AVE NE BETWEEN NE 73RD ST AND NE 75TH ST, ,,1,Property Damage Only Collision,Rear Ended,2,0,0,2,0,0,2018-02-08 00:00:00+00,2/8/2018 5:38:00 PM,Mid-Block (not related to intersection),14,"MOTOR VEHICLE STRUCK MOTOR VEHICLE, REAR END",,False,Raining,Wet,Dusk,,,,13.0,From same direction - both going straight - both moving - rear-end,0,0,False,0
-122.33120718025,47.6172241008391,198373,277926,278826,E779207,Matched,Block,,MINOR AVE BETWEEN HOWELL ST AND STEWART ST, ,,1,Property Damage Only Collision,Sideswipe,5,0,0,2,0,0,2018-03-15 00:00:00+00,3/15/2018 12:25:00 PM,Mid-Block (not related to intersection),11,"MOTOR VEHICLE STRUCK MOTOR VEHICLE, FRONT END AT ANGLE",,False,Clear or Partly Cloudy,Dry,Daylight,,,,12.0,From same direction - both going straight - one stopped - sideswipe,0,0,False,0
-122.341828107834,47.6905420893581,198374,278849,279749,E782438,Matched,Intersection,37370.0,STONE AVE N AND N 85TH W ST, ,,2,Injury Collision,Angles,6,0,0,4,1,0,2018-03-23 00:00:00+00,3/23/2018 4:31:00 PM,At Intersection (intersection related),11,"MOTOR VEHICLE STRUCK MOTOR VEHICLE, FRONT END AT ANGLE",,False,Overcast,Wet,Daylight,,,,10.0,Entering at angle,0,0,False,0
-122.376188835565,47.5645589277677,198375,278878,279778,E778270,Matched,Block,,35TH AVE SW BETWEEN FAUNTLEROY S WAY SW AND SW AVALON WAY, ,,2,Injury Collision,Rear Ended,3,0,0,2,1,0,2018-02-25 00:00:00+00,2/25/2018 4:38:00 PM,Mid-Block (not related to intersection),14,"MOTOR VEHICLE STRUCK MOTOR VEHICLE, REAR END",,False,Overcast,Dry,Daylight,,,,74.0,Same direction -- both turning right -- one stopped -- rear end,0,0,False,0
-122.312877364876,47.6016863591388,198377,278346,279246,E780950,Matched,Intersection,30407.0,15TH AVE AND E YESLER WAY, ,,1,Property Damage Only Collision,Sideswipe,2,0,0,2,0,0,2018-03-16 00:00:00+00,3/16/2018 12:04:00 PM,At Intersection (intersection related),11,"MOTOR VEHICLE STRUCK MOTOR VEHICLE, FRONT END AT ANGLE",,False,Clear or Partly Cloudy,Dry,Daylight,,,,11.0,From same direction - both going straight - both moving - sideswipe,0,0,False,0
-122.296132398099,47.6225133057022,198378,278345,279245,E776977,Matched,Intersection,29259.0,M L KING JR WAY E AND E HARRISON ST, ,,2,Injury Collision,Angles,4,0,0,2,1,0,2018-03-06 00:00:00+00,3/6/2018 12:29:00 PM,At Intersection (intersection related),11,"MOTOR VEHICLE STRUCK MOTOR VEHICLE, FRONT END AT ANGLE",,False,Clear or Partly Cloudy,Dry,Daylight,,,,10.0,Entering at angle,0,0,False,0
-122.303813171908,47.6757760856668,198379,269616,270416,3754262,Matched,Intersection,24803.0,RAVENNA AVE NE AND NE 65TH ST, ,,1,Property Damage Only Collision,Left Turn,2,0,0,2,0,0,2018-02-07 00:00:00+00,2/7/2018 8:49:00 PM,At Intersection (intersection related),14,"MOTOR VEHICLE STRUCK MOTOR VEHICLE, REAR END",,True,Overcast,Dry,Dark - Street Lights On,,,,15.0,From same direction - one left turn - one straight,0,0,False,0
-122.372607250892,47.5790029437641,198380,269615,270415,3745451,Matched,Block,,HARBOR AVE SW BETWEEN SW FLORIDA ST AND SW HARBOR LN, ,,2,Injury Collision,Other,1,0,0,1,1,0,2018-02-07 00:00:00+00,2/7/2018 5:21:00 PM,Mid-Block (not related to intersection),27,MOTOR VEHICLE RAN OFF ROAD - NO COLLISION,,False,Clear or Partly Cloudy,Dry,Daylight,,,,50.0,Fixed object,0,0,False,0
-122.334762317446,47.5254167310125,198381,273565,274405,3745479,Matched,Block,,1ST AVE S BETWEEN S CLOVERDALE W ST AND 1ST AVS OFF S RP, ,,1,Property Damage Only Collision,Sideswipe,2,0,0,2,0,0,2018-02-28 00:00:00+00,2/28/2018 7:10:00 PM,Mid-Block (not related to intersection),11,"MOTOR VEHICLE STRUCK MOTOR VEHICLE, FRONT END AT ANGLE",,False,Overcast,Wet,Dark - Street Lights On,,,,11.0,From same direction - both going straight - both moving - sideswipe,0,0,False,0
-122.307148924985,47.5463806532433,198382,277239,278139,3756089,Matched,Block,,SWIFT AVE S BETWEEN S GRAHAM ST AND SWIFT AV OFF RP, ,,1,Property Damage Only Collision,Head On,2,0,0,2,0,0,2018-03-02 00:00:00+00,3/2/2018 5:39:00 AM,Mid-Block (not related to intersection),11,"MOTOR VEHICLE STRUCK MOTOR VEHICLE, FRONT END AT ANGLE",,False,Raining,Wet,Dark - Street Lights On,,,,24.0,From opposite direction - both moving - head-on,0,0,False,0
-122.314968108307,47.5230421812461,198384,273564,274404,3745431,Matched,Intersection,35126.0,14TH AVE S AND S HENDERSON ST, ,,1,Property Damage Only Collision,Angles,4,0,0,3,0,0,2018-02-02 00:00:00+00,2/2/2018 12:41:00 PM,At Intersection (intersection related),11,"MOTOR VEHICLE STRUCK MOTOR VEHICLE, FRONT END AT ANGLE",True,False,Clear or Partly Cloudy,Wet,Daylight,,,,10.0,Entering at angle,0,0,False,0
-122.302234918557,47.5998025769682,198385,278344,279244,E780949,Matched,Block,,23RD AVE S BETWEEN S MAIN ST AND S JACKSON ST, ,,1,Property Damage Only Collision,Angles,2,0,0,2,0,0,2018-03-20 00:00:00+00,3/20/2018 12:49:00 PM,Mid-Block (not related to intersection),11,"MOTOR VEHICLE STRUCK MOTOR VEHICLE, FRONT END AT ANGLE",,False,Clear or Partly Cloudy,Dry,Daylight,,,,10.0,Entering at angle,0,0,False,0
-122.332123636279,47.6069083661543,198387,277238,278138,3754636,Matched,Block,,5TH AVE BETWEEN MADISON ST AND SPRING ST, ,,1,Property Damage Only Collision,Parked Car,4,0,0,2,0,0,2018-03-10 00:00:00+00,3/10/2018 3:06:00 PM,Mid-Block (not related to intersection),16,"MOTOR VEHICLE STRUCK MOTOR VEHICLE, LEFT SIDE SIDESWIPE",,False,Clear or Partly Cloudy,Dry,Daylight,,,,32.0,One parked--one moving,0,0,False,0
-122.313506333322,47.615284514952,198388,277237,278137,3754462,Matched,Block,,E PINE ST BETWEEN 14TH AVE AND 15TH AVE, ,,1,Property Damage Only Collision,Parked Car,2,0,0,2,0,0,2018-03-17 00:00:00+00,3/17/2018 9:00:00 PM,Mid-Block (not related to intersection),11,"MOTOR VEHICLE STRUCK MOTOR VEHICLE, FRONT END AT ANGLE",,False,Unknown,Unknown,Unknown,,,,32.0,One parked--one moving,0,0,True,0