longitude,latitude,objectid,inckey,coldetkey,reportno,status,addrtype,intkey,location,exceptrsncode,exceptrsndesc,severitycode,severitydesc,collisiontype,personcount,pedcount,pedcylcount,vehcount,injuries,fatalities,incdate,incdttm,junctiontype,sdot_colcode,sdot_coldesc,inattentionind,underinfl,weather,roadcond,lightcond,pedrownotgrnt,sdotcolnum,speeding,st_colcode,st_coldesc,seglanekey,crosswalkkey,hitparkedcar,seriousinjuries
-122.320071295081,47.6384032249514,198389,278343,279243,E780828,Matched,Intersection,28242.0,10TH AVE E AND E BOSTON ST, ,,2,Injury Collision,Pedestrian,2,1,0,1,1,0,2018-03-19 00:00:00+00,3/19/2018 8:10:00 AM,At Intersection (intersection related),24,MOTOR VEHCILE STRUCK PEDESTRIAN,,False,Clear or Partly Cloudy,Dry,Daylight,True,,,1.0,Vehicle turning right hits pedestrian,0,0,False,0
-122.369854737095,47.5716773755416,198391,273563,274403,3744220,Matched,Block,,SW ADMIRAL WY OFF RP BETWEEN WEST SEATTLE BR WB AND SW ADMIRAL WAY, ,,1,Property Damage Only Collision,Other,3,0,0,2,0,0,2018-02-03 00:00:00+00,2/3/2018 12:46:00 PM,Mid-Block (not related to intersection),11,"MOTOR VEHICLE STRUCK MOTOR VEHICLE, FRONT END AT ANGLE",,False,Raining,Wet,Daylight,,,,23.0,From same direction - all others,0,0,False,0
-122.320062870958,47.6395471128003,198392,278342,279242,E780826,Matched,Intersection,28237.0,10TH AVE E AND E LYNN ST, ,,2,Injury Collision,Pedestrian,2,0,1,1,1,0,2018-03-21 00:00:00+00,3/21/2018 6:22:00 AM,At Intersection (intersection related),51,PEDALCYCLIST STRUCK MOTOR VEHICLE FRONT END AT ANGLE,,False,Clear or Partly Cloudy,Dry,Dark - Street Lights On,,,,5.0,Vehicle Strikes Pedalcyclist,0,0,False,0
-122.36633022905,47.5715760664417,198393,273562,274402,3744219,Matched,Block,,WEST SEATTLE BR WB BETWEEN HARBOR AV SW OFF RP AND SW ADMIRAL WY OFF RP, ,,1,Property Damage Only Collision,Sideswipe,5,0,0,3,0,0,2018-02-03 00:00:00+00,2/3/2018 12:45:00 PM,Mid-Block (not related to intersection),11,"MOTOR VEHICLE STRUCK MOTOR VEHICLE, FRONT END AT ANGLE",True,False,Raining,Wet,Daylight,,,,11.0,From same direction - both going straight - both moving - sideswipe,0,0,False,0
-122.329583246223,47.6602785042236,198394,277220,278120,3754442,Matched,Block,,N 44TH ST BETWEEN SUNNYSIDE AVE N AND EASTERN AVE N, ,,1,Property Damage Only Collision,Parked Car,3,0,0,3,0,0,2018-03-02 00:00:00+00,3/2/2018 1:46:00 AM,Mid-Block (not related to intersection),11,"MOTOR VEHICLE STRUCK MOTOR VEHICLE, FRONT END AT ANGLE",,True,Raining,Dry,Dark - No Street Lights,,,,32.0,One parked--one moving,0,0,True,0
-122.33310387059,47.607979458203,198395,279878,280778,3732769,Matched,Intersection,29929.0,5TH AVE AND SENECA ST, ,,1,Property Damage Only Collision,Angles,3,0,0,2,0,0,2018-03-31 00:00:00+00,3/31/2018 10:54:00 PM,At Intersection (intersection related),11,"MOTOR VEHICLE STRUCK MOTOR VEHICLE, FRONT END AT ANGLE",,False,Clear or Partly Cloudy,Dry,Dark - Street Lights On,,,,10.0,Entering at angle,0,0,False,0
-122.387064655715,47.5512069537726,198396,273561,274401,3742359,Matched,Block,,CALIFORNIA AVE SW BETWEEN SW FINDLAY ST AND SW JUNEAU ST, ,,2,Injury Collision,Pedestrian,2,1,0,1,1,0,2018-02-06 00:00:00+00,2/6/2018 6:46:00 PM,Mid-Block (not related to intersection),24,MOTOR VEHCILE STRUCK PEDESTRIAN,,False,Clear or Partly Cloudy,Dry,Dark - Street Lights On,,,,0.0,Vehicle going straight hits pedestrian,0,0,False,0
-122.346015003517,47.7028824804967,198397,277219,278119,3754405,Matched,Block,,N 102ND ST BETWEEN LINDEN AVE N AND AURORA AVE N, ,,1,Property Damage Only Collision,Parked Car,3,0,0,3,0,0,2018-03-15 00:00:00+00,3/15/2018 10:21:00 PM,Mid-Block (not related to intersection),14,"MOTOR VEHICLE STRUCK MOTOR VEHICLE, REAR END",,False,Clear or Partly Cloudy,Dry,Dark - Street Lights On,,,,32.0,One parked--one moving,0,0,True,0
-122.311577423146,47.5992245959813,198398,278341,279241,E780825,Matched,Intersection,30748.0,16TH AVE S AND S JACKSON ST, ,,1,Property Damage Only Collision,Angles,2,0,0,2,0,0,2018-03-01 00:00:00+00,3/1/2018 7:25:00 AM,At Intersection (intersection related),14,"MOTOR VEHICLE STRUCK MOTOR VEHICLE, REAR END",,False,Clear or Partly Cloudy,Dry,Daylight,,,,10.0,Entering at angle,0,0,False,0
-122.283443052229,47.5512179527866,198399,278340,279240,E780815,Matched,Intersection,33616.0,39TH AVE S AND S ORCAS ST, ,,1,Property Damage Only Collision,Angles,2,0,0,2,0,0,2018-03-16 00:00:00+00,3/16/2018 10:45:00 AM,At Intersection (intersection related),11,"MOTOR VEHICLE STRUCK MOTOR VEHICLE, FRONT END AT ANGLE",,False,Clear or Partly Cloudy,Dry,Daylight,,,,10.0,Entering at angle,0,0,False,0
-122.346920661551,47.6245597699351,198400,278857,279757,E778166,Matched,Block,,MERCER ST BETWEEN 5TH AVE N AND TAYLOR AVE N, ,,1,Property Damage Only Collision,Sideswipe,2,0,0,2,0,0,2018-03-10 00:00:00+00,3/10/2018 5:45:00 PM,Mid-Block (not related to intersection),16,"MOTOR VEHICLE STRUCK MOTOR VEHICLE, LEFT SIDE SIDESWIPE",,True,Clear or Partly Cloudy,Dry,Daylight,,,,11.0,From same direction - both going straight - both moving - sideswipe,0,0,False,0
-122.307297211338,47.6268518468558,198402,278339,279239,E776976,Matched,Intersection,29324.0,19TH AVE E AND E ALOHA ST, ,,2,Injury Collision,Angles,3,0,0,2,2,0,2018-03-08 00:00:00+00,3/8/2018 12:38:00 PM,At Intersection (intersection related),11,"MOTOR VEHICLE STRUCK MOTOR VEHICLE, FRONT END AT ANGLE",True,False,Raining,Wet,Daylight,,,,10.0,Entering at angle,0,0,False,0
-122.290145749721,47.6626343740271,198419,279897,280797,3738690,Matched,Intersection,26252.0,35TH AVE NE AND NE 45TH PL, ,,1,Property Damage Only Collision,Other,1,0,0,1,0,0,2018-04-01 00:00:00+00,4/1/2018 3:16:00 AM,At Intersection (intersection related),28,MOTOR VEHICLE RAN OFF ROAD - HIT FIXED OBJECT,,False,Clear or Partly Cloudy,Dry,Dark - Street Lights On,,,,50.0,Fixed object,0,0,False,0
-122.334831581187,47.522783538095,198403,273560,274400,3742238,Matched,Block,,1ST AVE S BETWEEN 1ST AVS ON S RP AND OLSON PL SW, ,,2,Injury Collision,Rear Ended,2,0,0,2,1,0,2018-02-09 00:00:00+00,2/9/2018 11:18:00 PM,Mid-Block (but intersection related),14,"MOTOR VEHICLE STRUCK MOTOR VEHICLE, REAR END",True,False,Clear or Partly Cloudy,Wet,Dark - Street Lights On,,,,14.0,From same direction - both going straight - one stopped - rear-end,0,0,False,0
-122.359781505459,47.5282839858807,198404,273559,274399,3742114,Matched,Block,,SW THISTLE ST BETWEEN 20TH AVE SW AND DELRIDGE WAY SW, ,,1,Property Damage Only Collision,Parked Car,2,0,0,2,0,0,2018-02-03 00:00:00+00,2/3/2018 6:30:00 AM,Mid-Block (not related to intersection),11,"MOTOR VEHICLE STRUCK MOTOR VEHICLE, FRONT END AT ANGLE",,False,Raining,Wet,Dark - Street Lights On,,,,32.0,One parked--one moving,0,0,True,0
-122.346085214613,47.5392476512443,198405,273558,274398,3742042,Matched,Block,,HIGHLAND PARK WAY SW BETWEEN WEST MARGINAL WAY SW AND SW OTHELLO ST, ,,1,Property Damage Only Collision,Other,1,0,0,1,0,0,2018-02-04 00:00:00+00,2/4/2018 1:47:00 PM,Mid-Block (not related to intersection),28,MOTOR VEHICLE RAN OFF ROAD - HIT FIXED OBJECT,,False,Clear or Partly Cloudy,Wet,Daylight,,,,50.0,Fixed object,0,0,False,0
-122.360479871378,47.6768692075437,198406,277217,278117,3754401,Matched,Block,,3RD AVE NW BETWEEN NW 65TH ST AND NW 67TH ST, ,,1,Property Damage Only Collision,Parked Car,2,0,0,2,0,0,2018-03-14 00:00:00+00,3/14/2018 6:10:00 PM,Mid-Block (not related to intersection),14,"MOTOR VEHICLE STRUCK MOTOR VEHICLE, REAR END",,False,Clear or Partly Cloudy,Dry,Daylight,,,,32.0,One parked--one moving,0,0,True,0
-122.361986784138,47.686201079632,198407,277197,278097,3754381,Matched,Block,,NW 79TH ST BETWEEN 3RD AVE NW AND 6TH AVE NW, ,,1,Property Damage Only Collision,Parked Car,2,0,0,2,0,0,2018-03-09 00:00:00+00,3/9/2018 8:10:00 AM,Mid-Block (not related to intersection),14,"MOTOR VEHICLE STRUCK MOTOR VEHICLE, REAR END",,False,Clear or Partly Cloudy,Dry,Daylight,,,,32.0,One parked--one moving,0,0,True,0
-122.293633055724,47.5461926231626,198408,273017,273857,E772463,Matched,Intersection,33292.0,30TH AVE S AND S GRAHAM ST, ,,1,Property Damage Only Collision,Other,1,0,0,1,0,0,2018-02-13 00:00:00+00,2/13/2018 10:05:00 PM,At Intersection (intersection related),26,MOTOR VEHICLE STRUCK OBJECT IN ROAD,,False,Raining,Wet,Dark - No Street Lights,True,,,48.0,"Domestic animal other (cat, dog, etc)",0,0,False,0
-122.328913101671,47.6134658203127,198409,278338,279238,E780814,Matched,Intersection,29878.0,BOREN AVE AND PIKE ST, ,,1,Property Damage Only Collision,Right Turn,2,0,0,2,0,0,2018-03-15 00:00:00+00,3/15/2018 2:36:00 PM,At Intersection (intersection related),11,"MOTOR VEHICLE STRUCK MOTOR VEHICLE, FRONT END AT ANGLE",,False,Clear or Partly Cloudy,Dry,Daylight,,,,16.0,From same direction - one right turn - one straight,0,0,False,0
-122.297400774944,47.7156139858331,198410,269622,270422,E766672,Matched,Intersection,36622.0,LAKE CITY WAY NE AND NE 120TH ST, ,,1,Property Damage Only Collision,Left Turn,2,0,0,2,0,0,2018-02-06 00:00:00+00,2/6/2018 6:40:00 PM,At Intersection (intersection related),11,"MOTOR VEHICLE STRUCK MOTOR VEHICLE, FRONT END AT ANGLE",,False,Unknown,Dry,Dark - Street Lights On,,,,28.0,From opposite direction - one left turn - one straight,0,0,False,0
-122.329103765733,47.5715499361932,198411,277933,278833,E779314,Matched,Block,,4TH AVE S BETWEEN S SPOKANE NR ST AND S SPOKANE SR ST, ,,2,Injury Collision,Sideswipe,3,0,0,2,1,0,2018-03-15 00:00:00+00,3/15/2018 11:18:00 AM,Mid-Block (not related to intersection),11,"MOTOR VEHICLE STRUCK MOTOR VEHICLE, FRONT END AT ANGLE",,False,Clear or Partly Cloudy,Dry,Daylight,,,,11.0,From same direction - both going straight - both moving - sideswipe,0,0,False,0
-122.296254307144,47.6079966236585,198412,278853,279753,E782636,Matched,Intersection,30071.0,M L KING JR WAY AND E CHERRY ST, ,,1,Property Damage Only Collision,Angles,2,0,0,2,0,0,2018-03-21 00:00:00+00,3/21/2018 12:43:00 PM,At Intersection (intersection related),11,"MOTOR VEHICLE STRUCK MOTOR VEHICLE, FRONT END AT ANGLE",True,False,Clear or Partly Cloudy,Dry,Daylight,,,,10.0,Entering at angle,0,0,False,0
-122.319419325999,47.5424263001807,198413,269621,270421,3818687,Matched,Block,,ELLIS AVE S BETWEEN S WARSAW ST AND S WILLOW ST, ,,1,Property Damage Only Collision,Head On,3,0,0,2,0,0,2018-02-07 00:00:00+00,2/7/2018 3:42:00 PM,Mid-Block (not related to intersection),11,"MOTOR VEHICLE STRUCK MOTOR VEHICLE, FRONT END AT ANGLE",,False,Clear or Partly Cloudy,Dry,Daylight,,,,30.0,From opposite direction - all others,0,0,False,0
-122.360970694412,47.5714589434273,198414,277931,278831,E779312,Matched,Block,,WEST SEATTLE BR EB BETWEEN DELRIDGE-W SEATTLE BR EB ON RP AND 26TH AV SW ON RP, ,,1,Property Damage Only Collision,Rear Ended,3,0,0,3,0,0,2018-03-15 00:00:00+00,3/15/2018 7:46:00 AM,Mid-Block (not related to intersection),14,"MOTOR VEHICLE STRUCK MOTOR VEHICLE, REAR END",True,False,Clear or Partly Cloudy,Dry,Daylight,,,,13.0,From same direction - both going straight - both moving - rear-end,0,0,False,0
-122.333060580263,47.6249435942391,198415,277930,278830,E779311,Matched,Block,,MERCER ST OFF RP BETWEEN I5 NB MERCER ST OFF RP AND FAIRVIEW AVE N, ,,1,Property Damage Only Collision,Sideswipe,4,0,0,2,0,0,2018-03-12 00:00:00+00,3/12/2018 6:39:00 AM,Mid-Block (not related to intersection),14,"MOTOR VEHICLE STRUCK MOTOR VEHICLE, REAR END",True,False,Clear or Partly Cloudy,Dry,Dawn,,,,11.0,From same direction - both going straight - both moving - sideswipe,0,0,False,0
-122.341920895488,47.6985241748583,198416,272997,273837,E773386,Matched,Intersection,37316.0,STONE AVE N AND N 96TH ST, ,,2,Injury Collision,Pedestrian,2,1,0,1,1,0,2018-02-26 00:00:00+00,2/26/2018 7:51:00 AM,At Intersection (intersection related),24,MOTOR VEHCILE STRUCK PEDESTRIAN,True,False,Clear or Partly Cloudy,Ice,Daylight,,,,2.0,Vehicle turning left hits pedestrian,0,0,False,0
-122.348588984319,47.6527275038429,198417,272980,273820,E773385,Matched,Intersection,27018.0,FREMONT WAY N AND N 38TH ST, ,,1,Property Damage Only Collision,Left Turn,3,0,0,2,0,0,2018-02-25 00:00:00+00,2/25/2018 5:01:00 PM,At Intersection (intersection related),11,"MOTOR VEHICLE STRUCK MOTOR VEHICLE, FRONT END AT ANGLE",,False,Sleet/Hail/Freezing Rain,Wet,Dark - Street Lights On,,,,28.0,From opposite direction - one left turn - one straight,0,0,False,0
-122.347779547649,47.732314179686,198418,269620,270420,3762860,Matched,Intersection,35784.0,LINDEN AVE N AND N 143RD ST, ,,2,Injury Collision,Pedestrian,2,1,0,1,1,0,2018-02-06 00:00:00+00,2/6/2018 4:22:00 PM,At Intersection (intersection related),24,MOTOR VEHCILE STRUCK PEDESTRIAN,,False,Raining,Wet,Daylight,True,,,0.0,Vehicle going straight hits pedestrian,0,0,False,0
-122.304156976144,47.5579962564272,198420,282260,283120,E787826,Matched,Intersection,33323.0,BEACON WR AVE S AND S FERDINAND N ST, ,,1,Property Damage Only Collision,Angles,2,0,0,2,0,0,2018-04-11 00:00:00+00,4/11/2018 12:12:00 PM,At Intersection (intersection related),11,"MOTOR VEHICLE STRUCK MOTOR VEHICLE, FRONT END AT ANGLE",,False,Raining,Wet,Daylight,,,,10.0,Entering at angle,0,0,False,0
-122.328665722754,47.6098362678392,198421,283419,284299,E790086,Matched,Intersection,29917.0,9TH AVE AND SENECA ST, ,,1,Property Damage Only Collision,Parked Car,2,0,0,2,0,0,2018-04-06 00:00:00+00,4/6/2018 9:32:00 PM,At Intersection (intersection related),11,"MOTOR VEHICLE STRUCK MOTOR VEHICLE, FRONT END AT ANGLE",,False,Clear or Partly Cloudy,Dry,Dark - Street Lights On,,,,32.0,One parked--one moving,0,0,False,0
-122.337335801567,47.5907320849333,198422,281548,282408,E784924,Matched,Intersection,30385.0,ALASKAN WAY S AND S ATLANTIC ST, ,,1,Property Damage Only Collision,Sideswipe,2,0,0,2,0,0,2018-03-21 00:00:00+00,3/21/2018 9:52:00 AM,At Intersection (intersection related),11,"MOTOR VEHICLE STRUCK MOTOR VEHICLE, FRONT END AT ANGLE",,False,Clear or Partly Cloudy,Dry,Daylight,,,,12.0,From same direction - both going straight - one stopped - sideswipe,0,0,False,0
-122.323304194712,47.7095811866782,198423,282218,283078,E787377,Matched,Intersection,36535.0,5TH AVE NE AND NE 112TH S ST, ,,2,Injury Collision,Pedestrian,2,1,0,1,1,0,2018-04-09 00:00:00+00,4/9/2018 11:14:00 AM,At Intersection (intersection related),24,MOTOR VEHCILE STRUCK PEDESTRIAN,,False,Clear or Partly Cloudy,Dry,Daylight,,,,1.0,Vehicle turning right hits pedestrian,0,524547,False,0
-122.316733390752,47.6128892357701,198424,283418,284298,E790083,Matched,Intersection,29761.0,12TH AVE AND E MADISON ST, ,,1,Property Damage Only Collision,Other,2,0,0,2,0,0,2018-04-13 00:00:00+00,4/13/2018 10:25:00 PM,At Intersection (intersection related),11,"MOTOR VEHICLE STRUCK MOTOR VEHICLE, FRONT END AT ANGLE",,False,Raining,Wet,Dark - Street Lights On,,,,23.0,From same direction - all others,0,0,False,0
-122.293204532914,47.5426476024616,198425,281547,282407,E784679,Matched,Block,,S HOLLY ST BETWEEN 30TH AVE S AND 31ST AVE S, ,,2,Injury Collision,Head On,6,0,0,2,1,0,2018-03-31 00:00:00+00,3/31/2018 12:09:00 PM,Mid-Block (not related to intersection),11,"MOTOR VEHICLE STRUCK MOTOR VEHICLE, FRONT END AT ANGLE",True,False,Clear or Partly Cloudy,Dry,Daylight,,,,25.0,From opposite direction - one stopped - head-on,0,0,False,0
-122.306094176917,47.5454098305527,198427,281553,282413,E785074,Matched,Intersection,34378.0,SWIFT AVE S AND S EDDY ST, ,,2,Injury Collision,Angles,2,0,0,2,1,0,2018-03-27 00:00:00+00,3/27/2018 6:43:00 PM,At Intersection (intersection related),11,"MOTOR VEHICLE STRUCK MOTOR VEHICLE, FRONT END AT ANGLE",True,False,Clear or Partly Cloudy,Dry,Daylight,,,,10.0,Entering at angle,0,0,False,0
-122.298061791528,47.5876070445088,198428,281546,282406,E784678,Matched,Block,,M L KING JR WAY S BETWEEN S MASSACHUSETTS ST AND S GRAND ST, ,,1,Property Damage Only Collision,Angles,2,0,0,2,0,0,2018-03-26 00:00:00+00,3/26/2018 4:13:00 PM,Mid-Block (not related to intersection),14,"MOTOR VEHICLE STRUCK MOTOR VEHICLE, REAR END",,False,Overcast,Dry,Daylight,,,,10.0,Entering at angle,0,0,False,0
-122.313640092782,47.6225253990159,198429,283417,284297,E790078,Matched,Block,,MALDEN AVE E BETWEEN E HARRISON ST AND E REPUBLICAN ST, ,,1,Property Damage Only Collision,Pedestrian,5,0,1,1,0,0,2018-04-02 00:00:00+00,4/2/2018 8:55:00 PM,Mid-Block (not related to intersection),18,"MOTOR VEHICLE STRUCK PEDALCYCLIST, FRONT END AT ANGLE",,False,Clear or Partly Cloudy,Dry,Dark - Street Lights On,,,,5.0,Vehicle Strikes Pedalcyclist,0,0,False,0
-122.303650196444,47.6184201492441,198430,282258,283118,E787484,Matched,Intersection,29392.0,22ND AVE E AND E MADISON ST, ,,2,Injury Collision,Left Turn,4,0,0,2,1,0,2018-04-04 00:00:00+00,4/4/2018 6:26:00 PM,At Intersection (intersection related),11,"MOTOR VEHICLE STRUCK MOTOR VEHICLE, FRONT END AT ANGLE",,False,Overcast,Wet,Daylight,,,,28.0,From opposite direction - one left turn - one straight,0,0,False,0
-122.311826314712,47.596264028765,198431,283397,284277,E789621,Matched,Block,,RAINIER AVE S BETWEEN S LANE ST AND S DEARBORN ST, ,,1,Property Damage Only Collision,Sideswipe,3,0,0,2,0,0,2018-04-13 00:00:00+00,4/13/2018 9:17:00 AM,Mid-Block (but intersection related),11,"MOTOR VEHICLE STRUCK MOTOR VEHICLE, FRONT END AT ANGLE",True,False,Overcast,Wet,Daylight,,,,11.0,From same direction - both going straight - both moving - sideswipe,0,0,False,0
-122.302523581896,47.6196876683795,198432,283380,284260,E790077,Matched,Block,,23RD AVE E BETWEEN E MADISON ST AND E JOHN ST, ,,1,Property Damage Only Collision,Head On,3,0,0,2,0,0,2018-03-22 00:00:00+00,3/22/2018 8:37:00 PM,Mid-Block (not related to intersection),11,"MOTOR VEHICLE STRUCK MOTOR VEHICLE, FRONT END AT ANGLE",True,False,Overcast,Wet,Dark - Street Lights On,,,,30.0,From opposite direction - all others,0,0,False,0
-122.333756830497,47.6086925967336,198434,282197,283057,E787111,Matched,Intersection,29930.0,5TH AVE AND UNIVERSITY ST, ,,2,Injury Collision,Angles,4,0,0,2,1,0,2018-04-09 00:00:00+00,4/9/2018 6:23:00 AM,At Intersection (intersection related),11,"MOTOR VEHICLE STRUCK MOTOR VEHICLE, FRONT END AT ANGLE",,False,Clear or Partly Cloudy,Dry,Daylight,,,,10.0,Entering at angle,0,0,False,0
-122.314097287387,47.7339644908698,198435,280762,281642,E771268,Matched,Block,,NE 145TH ST BETWEEN 12TH AVE NE AND 15TH AVE NE, ,,1,Property Damage Only Collision,Rear Ended,3,0,0,2,0,0,2018-02-13 00:00:00+00,2/13/2018 12:23:00 PM,Mid-Block (but intersection related),14,"MOTOR VEHICLE STRUCK MOTOR VEHICLE, REAR END",True,False,Clear or Partly Cloudy,Dry,Daylight,,,,14.0,From same direction - both going straight - one stopped - rear-end,0,0,False,0
-122.318150169973,47.6146730441204,198436,280761,281641,3702371,Matched,Block,,11TH AVE BETWEEN E PIKE ST AND E PINE ST, ,,1,Property Damage Only Collision,Parked Car,3,0,0,2,0,0,2018-04-08 00:00:00+00,4/8/2018 2:20:00 AM,Mid-Block (but intersection related),11,"MOTOR VEHICLE STRUCK MOTOR VEHICLE, FRONT END AT ANGLE",,True,Raining,Wet,Dark - Street Lights On,,,,20.0,One car leaving parked position,0,0,False,0
-122.360667908705,47.6931516810214,198437,281550,282410,E785004,Matched,Block,,3RD AVE NW BETWEEN NW 88TH ST AND NW 89TH ST, ,,1,Property Damage Only Collision,Rear Ended,5,0,0,2,0,0,2018-04-02 00:00:00+00,4/2/2018 8:44:00 AM,Mid-Block (not related to intersection),14,"MOTOR VEHICLE STRUCK MOTOR VEHICLE, REAR END",,False,Clear or Partly Cloudy,Dry,Daylight,,,,14.0,From same direction - both going straight - one stopped - rear-end,0,0,False,0
-122.349524120821,47.6254303445252,198438,280760,281640,3644340,Matched,Block,,ROY ST BETWEEN NOB HILL AVE N AND 4TH AVE N, ,,1,Property Damage Only Collision,Left Turn,2,0,0,2,0,0,2018-04-07 00:00:00+00,4/7/2018 9:25:00 PM,Driveway Junction,11,"MOTOR VEHICLE STRUCK MOTOR VEHICLE, FRONT END AT ANGLE",,True,Raining,Wet,Dark - Street Lights On,,,,15.0,From same direction - one left turn - one straight,0,0,False,0
-122.326804188374,47.6152181529603,198439,283379,284259,E790075,Matched,Intersection,29862.0,BELLEVUE AVE AND E PINE ST, ,,1,Property Damage Only Collision,Sideswipe,2,0,0,2,0,0,2018-03-21 00:00:00+00,3/21/2018 7:12:00 PM,At Intersection (intersection related),11,"MOTOR VEHICLE STRUCK MOTOR VEHICLE, FRONT END AT ANGLE",,False,Clear or Partly Cloudy,Wet,Dark - Street Lights On,,,,11.0,From same direction - both going straight - both moving - sideswipe,0,0,False,0
-122.318168828644,47.6158370316344,198440,283378,284258,E790074,Matched,Block,,11TH AVE BETWEEN E PINE ST AND E OLIVE ST, ,,1,Property Damage Only Collision,Parked Car,2,0,0,2,0,0,2018-03-23 00:00:00+00,3/23/2018 1:02:00 AM,Mid-Block (not related to intersection),11,"MOTOR VEHICLE STRUCK MOTOR VEHICLE, FRONT END AT ANGLE",,False,Clear or Partly Cloudy,Wet,Dark - Street Lights On,,,,32.0,One parked--one moving,0,0,False,0
-122.314301324177,47.5477086644892,198442,280759,281639,3617625,Matched,Block,,AIRPORT WAY S BETWEEN 13TH AVE S AND S HARDY ST, ,,2,Injury Collision,Head On,2,0,0,2,2,0,2018-04-05 00:00:00+00,4/5/2018 5:20:00 PM,Mid-Block (not related to intersection),11,"MOTOR VEHICLE STRUCK MOTOR VEHICLE, FRONT END AT ANGLE",,False,Raining,Wet,Daylight,,,True,30.0,From opposite direction - all others,0,0,False,0
-122.314137255457,47.5992100867719,198443,281554,282414,E785086,Matched,Intersection,30428.0,BOREN AVE S AND RAINIER AVE S, ,,2,Injury Collision,Pedestrian,3,0,2,1,1,0,2018-04-02 00:00:00+00,4/2/2018 11:31:00 AM,At Intersection (intersection related),51,PEDALCYCLIST STRUCK MOTOR VEHICLE FRONT END AT ANGLE,,False,Clear or Partly Cloudy,Dry,Daylight,,,,5.0,Vehicle Strikes Pedalcyclist,0,0,False,0
-122.340892455109,47.6123980257179,198444,282237,283097,E787390,Matched,Intersection,29563.0,3RD AVE AND VIRGINIA ST, ,,2,Injury Collision,Pedestrian,2,1,0,1,1,0,2018-03-29 00:00:00+00,3/29/2018 10:50:00 AM,At Intersection (intersection related),24,MOTOR VEHCILE STRUCK PEDESTRIAN,True,False,Clear or Partly Cloudy,Dry,Daylight,,,,2.0,Vehicle turning left hits pedestrian,0,521580,False,0
-122.320749185553,47.6057183201034,198445,283377,284257,E790067,Matched,Block,,BROADWAY BETWEEN TERRACE ST AND JEFFERSON ST, ,,1,Property Damage Only Collision,Parked Car,2,0,0,2,0,0,2018-03-17 00:00:00+00,3/17/2018 10:57:00 PM,Mid-Block (not related to intersection),14,"MOTOR VEHICLE STRUCK MOTOR VEHICLE, REAR END",,False,Clear or Partly Cloudy,Dry,Dark - No Street Lights,,,,32.0,One parked--one moving,0,0,False,0
-122.25963575376,47.4959893722081,198446,280758,281638,E771048,Matched,Intersection,38379.0,59TH AVE S AND BEACON AVE S, ,,1,Property Damage Only Collision,Angles,2,0,0,2,0,0,2018-02-12 00:00:00+00,2/12/2018 9:34:00 AM,At Intersection (intersection related),11,"MOTOR VEHICLE STRUCK MOTOR VEHICLE, FRONT END AT ANGLE",,False,Clear or Partly Cloudy,Dry,Daylight,,,,10.0,Entering at angle,0,0,False,0
-122.312820920703,47.595814435803,198447,281549,282409,E784925,Matched,Intersection,30449.0,POPLAR PL S AND S DEARBORN ST, ,,1,Property Damage Only Collision,Angles,2,0,0,2,0,0,2018-03-22 00:00:00+00,3/22/2018 1:20:00 PM,At Intersection (intersection related),11,"MOTOR VEHICLE STRUCK MOTOR VEHICLE, FRONT END AT ANGLE",,False,Overcast,Dry,Daylight,,,,10.0,Entering at angle,0,0,False,0
-122.334124767536,47.5426690788281,198449,282680,283540,E772507,Matched,Block,,1ST AV S BR NB BETWEEN POINT B AND POINT A, ,,1,Property Damage Only Collision,Rear Ended,2,0,0,2,0,0,2018-02-17 00:00:00+00,2/17/2018 11:51:00 AM,Mid-Block (not related to intersection),14,"MOTOR VEHICLE STRUCK MOTOR VEHICLE, REAR END",,False,Clear or Partly Cloudy,Dry,Daylight,,,,14.0,From same direction - both going straight - one stopped - rear-end,0,0,False,0
-122.334124767536,47.5426690788281,198450,282679,283539,E771036,Matched,Block,,1ST AV S BR NB BETWEEN POINT B AND POINT A, ,,1,Property Damage Only Collision,Rear Ended,2,0,0,2,0,0,2018-02-15 00:00:00+00,2/15/2018 6:19:00 AM,Mid-Block (not related to intersection),14,"MOTOR VEHICLE STRUCK MOTOR VEHICLE, REAR END",True,False,Clear or Partly Cloudy,Dry,Daylight,,,,13.0,From same direction - both going straight - both moving - rear-end,0,0,False,0
-122.329135058635,47.6197150507189,198451,282259,283119,E787825,Matched,Intersection,29154.0,EASTLAKE AVE E AND STEWART ST, ,,1,Property Damage Only Collision,Sideswipe,3,0,0,2,0,0,2018-04-12 00:00:00+00,4/12/2018 11:11:00 AM,At Intersection (intersection related),11,"MOTOR VEHICLE STRUCK MOTOR VEHICLE, FRONT END AT ANGLE",,False,Raining,Wet,Daylight,,,,11.0,From same direction - both going straight - both moving - sideswipe,0,0,False,0
-122.334535530828,47.5428909176938,198452,282678,283538,E769564,Matched,Block,,1ST AV S BR SB BETWEEN 1ST AV S SB ON RP AND POINT B, ,,1,Property Damage Only Collision,Sideswipe,2,0,0,2,0,0,2018-02-14 00:00:00+00,2/14/2018 2:30:00 PM,Mid-Block (not related to intersection),11,"MOTOR VEHICLE STRUCK MOTOR VEHICLE, FRONT END AT ANGLE",True,False,Clear or Partly Cloudy,Dry,Daylight,,,,11.0,From same direction - both going straight - both moving - sideswipe,0,0,False,0