longitude,latitude,objectid,inckey,coldetkey,reportno,status,addrtype,intkey,location,exceptrsncode,exceptrsndesc,severitycode,severitydesc,collisiontype,personcount,pedcount,pedcylcount,vehcount,injuries,fatalities,incdate,incdttm,junctiontype,sdot_colcode,sdot_coldesc,inattentionind,underinfl,weather,roadcond,lightcond,pedrownotgrnt,sdotcolnum,speeding,st_colcode,st_coldesc,seglanekey,crosswalkkey,hitparkedcar,seriousinjuries
-122.330347532507,47.6178883220623,198453,280739,281619,3583897,Matched,Block,,YALE AVE BETWEEN HOWELL ST AND STEWART ST, ,,2,Injury Collision,Pedestrian,2,1,0,1,1,0,2018-04-07 00:00:00+00,4/7/2018 1:08:00 PM,Mid-Block (not related to intersection),24,MOTOR VEHCILE STRUCK PEDESTRIAN,,False,Raining,Wet,Daylight,,,,0.0,Vehicle going straight hits pedestrian,0,0,False,0
-122.343524568227,47.6301540373449,198454,280738,281618,3583896,Matched,Block,,AURORA AVE N BETWEEN HIGHLAND DR AND COMSTOCK ST, ,,1,Property Damage Only Collision,Other,2,0,0,2,0,0,2018-04-05 00:00:00+00,4/5/2018 4:34:00 PM,Mid-Block (not related to intersection),11,"MOTOR VEHICLE STRUCK MOTOR VEHICLE, FRONT END AT ANGLE",,False,Unknown,Unknown,Daylight,,,,23.0,From same direction - all others,0,0,False,0
-122.322129910302,47.6152260783394,198455,282217,283077,E787175,Matched,Intersection,29735.0,HARVARD AVE AND E PINE ST, ,,2,Injury Collision,Pedestrian,5,1,0,1,1,0,2018-04-10 00:00:00+00,4/10/2018 1:34:00 PM,At Intersection (intersection related),24,MOTOR VEHCILE STRUCK PEDESTRIAN,,False,Raining,Wet,Daylight,,,,2.0,Vehicle turning left hits pedestrian,0,0,False,0
-122.334735199235,47.5390168275518,198456,279957,280857,E764664,Matched,Block,,1ST AV S BR NB BETWEEN POINT A AND SR509 NB, ,,1,Property Damage Only Collision,Rear Ended,2,0,0,2,0,0,2018-01-31 00:00:00+00,1/31/2018 6:57:00 PM,Mid-Block (not related to intersection),14,"MOTOR VEHICLE STRUCK MOTOR VEHICLE, REAR END",,False,Overcast,Dry,Dark - Street Lights On,,,,13.0,From same direction - both going straight - both moving - rear-end,0,0,False,0
-122.363973063298,47.6795543610873,198458,279937,280837,E784202,Matched,Block,,NW 70TH ST BETWEEN 6TH AVE NW AND 7TH AVE NW, ,,2,Injury Collision,Other,2,0,0,2,1,0,2018-03-22 00:00:00+00,3/22/2018 7:47:00 AM,Mid-Block (not related to intersection),11,"MOTOR VEHICLE STRUCK MOTOR VEHICLE, FRONT END AT ANGLE",,False,Raining,Wet,Daylight,,,,23.0,From same direction - all others,0,0,False,0
-122.333265650015,47.5861032764906,198459,282677,283537,E789630,Matched,Intersection,31346.0,OCCIDENTAL AVE S AND S HOLGATE ST, ,,1,Property Damage Only Collision,Angles,3,0,0,2,0,0,2018-04-15 00:00:00+00,4/15/2018 6:20:00 PM,At Intersection (intersection related),11,"MOTOR VEHICLE STRUCK MOTOR VEHICLE, FRONT END AT ANGLE",True,False,Overcast,Dry,Daylight,,,,10.0,Entering at angle,0,0,False,0
-122.335574025233,47.610677902842,198460,282662,283522,E789618,Matched,Intersection,29576.0,5TH AVE AND PIKE ST, ,,1,Property Damage Only Collision,Left Turn,2,0,0,2,0,0,2018-04-13 00:00:00+00,4/13/2018 6:36:00 AM,At Intersection (intersection related),11,"MOTOR VEHICLE STRUCK MOTOR VEHICLE, FRONT END AT ANGLE",,False,Overcast,Wet,Daylight,,,,15.0,From same direction - one left turn - one straight,0,0,False,0
-122.33141659887,47.6161711241929,198461,282257,283117,E787395,Matched,Intersection,29852.0,BOREN AVE AND HOWELL ST, ,,2,Injury Collision,Pedestrian,2,1,0,1,1,0,2018-04-09 00:00:00+00,4/9/2018 4:15:00 PM,At Intersection (intersection related),24,MOTOR VEHCILE STRUCK PEDESTRIAN,True,False,Unknown,Unknown,Daylight,,,,1.0,Vehicle turning right hits pedestrian,0,522873,False,0
-122.278932966248,47.5134247897617,198462,282661,283521,3818593,Matched,Intersection,38140.0,M L KING JR WR WAY S AND S NORFOLK ST, ,,1,Property Damage Only Collision,Other,2,0,0,2,0,0,2018-04-16 00:00:00+00,4/16/2018 6:05:00 AM,At Intersection (intersection related),11,"MOTOR VEHICLE STRUCK MOTOR VEHICLE, FRONT END AT ANGLE",,False,Raining,Wet,Daylight,,,,31.0,Not stated,0,0,False,0
-122.345234884051,47.6161376897075,198463,282659,283519,3811979,Matched,Intersection,29672.0,4TH AVE AND BATTERY ST, ,,1,Property Damage Only Collision,Angles,3,0,0,2,0,0,2018-04-21 00:00:00+00,4/21/2018 1:25:00 AM,At Intersection (intersection related),11,"MOTOR VEHICLE STRUCK MOTOR VEHICLE, FRONT END AT ANGLE",True,False,Raining,Wet,Dark - Street Lights On,,,,10.0,Entering at angle,0,0,False,0
-122.334214111167,47.5565391188551,198464,282660,283520,E777521,Matched,Block,,1ST AVE S BETWEEN S HUDSON ST AND S DAWSON ST, ,,1,Property Damage Only Collision,,2,0,1,1,0,0,2018-01-04 00:00:00+00,1/4/2018 4:13:00 PM,Mid-Block (not related to intersection),11,"MOTOR VEHICLE STRUCK MOTOR VEHICLE, FRONT END AT ANGLE",,False,Overcast,Wet,Dusk,,,,,,0,0,False,0
-122.366181825011,47.6671825154915,198465,279919,280819,E784201,Matched,Intersection,25431.0,8TH AVE NW AND NW 53RD ST, ,,1,Property Damage Only Collision,Angles,3,0,0,3,0,0,2018-03-21 00:00:00+00,3/21/2018 6:59:00 AM,At Intersection (intersection related),11,"MOTOR VEHICLE STRUCK MOTOR VEHICLE, FRONT END AT ANGLE",True,False,Clear or Partly Cloudy,Dry,Daylight,,,,10.0,Entering at angle,0,0,False,0
-122.329187043257,47.6036975160912,198466,282177,283037,E787109,Matched,Intersection,29972.0,5TH AVE AND JAMES ST, ,,2b,Serious Injury Collision,Pedestrian,2,1,0,1,1,0,2018-04-04 00:00:00+00,4/4/2018 9:18:00 AM,At Intersection (intersection related),24,MOTOR VEHCILE STRUCK PEDESTRIAN,,False,Clear or Partly Cloudy,Dry,Daylight,True,,,2.0,Vehicle turning left hits pedestrian,0,523277,False,1
-122.304250255544,47.7338555194025,198467,279918,280818,E764547,Matched,Block,,NE 145TH ST BETWEEN 23RD PL NE AND 24TH AVE NE, ,,2,Injury Collision,Sideswipe,2,0,0,2,1,0,2018-01-30 00:00:00+00,1/30/2018 10:18:00 AM,Mid-Block (not related to intersection),14,"MOTOR VEHICLE STRUCK MOTOR VEHICLE, REAR END",True,False,Clear or Partly Cloudy,Dry,Daylight,,,,11.0,From same direction - both going straight - both moving - sideswipe,0,0,False,0
-122.30164133765,47.6885053253876,198468,279917,280817,E784200,Matched,Intersection,24624.0,RAVENNA AVE NE AND NE 82ND ST, ,,1,Property Damage Only Collision,Rear Ended,2,0,0,2,0,0,2018-03-28 00:00:00+00,3/28/2018 8:00:00 AM,At Intersection (intersection related),14,"MOTOR VEHICLE STRUCK MOTOR VEHICLE, REAR END",,False,Clear or Partly Cloudy,Wet,Daylight,,,,14.0,From same direction - both going straight - one stopped - rear-end,0,0,False,0
-122.28686226581,47.5372987263177,198469,287955,288815,3814789,Matched,Intersection,34559.0,HOLLY PARK DR S AND S MYRTLE PL, ,,1,Property Damage Only Collision,Other,1,0,0,1,0,0,2018-05-19 00:00:00+00,5/19/2018 1:24:00 AM,At Intersection (intersection related),28,MOTOR VEHICLE RAN OFF ROAD - HIT FIXED OBJECT,,False,Clear or Partly Cloudy,Dry,Dark - Street Lights On,,,,50.0,Fixed object,0,0,False,0
-122.340922043966,47.6098142298393,198470,285057,285937,3756469,Matched,Intersection,29585.0,1ST AVE AND PINE ST, ,,3,Fatality Collision,Pedestrian,2,1,0,1,1,1,2018-05-01 00:00:00+00,5/1/2018 1:56:00 PM,At Intersection (intersection related),24,MOTOR VEHCILE STRUCK PEDESTRIAN,,False,Clear or Partly Cloudy,Dry,Daylight,,,,2.0,Vehicle turning left hits pedestrian,0,0,False,1
-122.27898248493,47.5232707068686,198471,287954,288814,3814788,Matched,Intersection,487378.0,M L KING JR ER WAY S AND S HENDERSON ST, ,,1,Property Damage Only Collision,Sideswipe,3,0,0,2,0,0,2018-05-18 00:00:00+00,5/18/2018 8:54:00 PM,At Intersection (intersection related),11,"MOTOR VEHICLE STRUCK MOTOR VEHICLE, FRONT END AT ANGLE",,False,Clear or Partly Cloudy,Dry,Dusk,,,,11.0,From same direction - both going straight - both moving - sideswipe,0,0,False,0
-122.33294038677,47.6158837729504,198472,284857,285737,E791904,Matched,Block,,TERRY AVE BETWEEN HOWELL ST AND STEWART ST, ,,1,Property Damage Only Collision,Parked Car,2,0,0,2,0,0,2018-04-18 00:00:00+00,4/18/2018 5:38:00 PM,Mid-Block (not related to intersection),14,"MOTOR VEHICLE STRUCK MOTOR VEHICLE, REAR END",,False,Overcast,Wet,Daylight,,,,32.0,One parked--one moving,0,0,False,0
-122.329103075907,47.5716778655723,198473,287953,288813,E798248,Matched,Intersection,32356.0,4TH AVE S AND S SPOKANE NR ST, ,,2,Injury Collision,Angles,2,0,0,2,2,0,2018-04-15 00:00:00+00,4/15/2018 12:44:00 AM,At Intersection (intersection related),11,"MOTOR VEHICLE STRUCK MOTOR VEHICLE, FRONT END AT ANGLE",,True,Raining,Wet,Dark - Street Lights On,,,,10.0,Entering at angle,0,0,False,0
-122.342342009993,47.6254033054375,198476,284844,285724,3811956,Matched,Intersection,28741.0,DEXTER AVE N AND ROY ST, ,,2,Injury Collision,Angles,2,0,0,2,2,0,2018-04-23 00:00:00+00,4/23/2018 1:29:00 PM,At Intersection (intersection related),11,"MOTOR VEHICLE STRUCK MOTOR VEHICLE, FRONT END AT ANGLE",,False,Clear or Partly Cloudy,Dry,Daylight,,,,10.0,Entering at angle,0,0,False,0
-122.314529836452,47.5716241785597,198477,285017,285897,E792040,Matched,Intersection,32247.0,S COLUMBIAN WAY AND S SPOKANE ST, ,,1,Property Damage Only Collision,Sideswipe,2,0,0,2,0,0,2018-04-07 00:00:00+00,4/7/2018 11:02:00 PM,At Intersection (intersection related),11,"MOTOR VEHICLE STRUCK MOTOR VEHICLE, FRONT END AT ANGLE",,False,Raining,Wet,Dark - Street Lights On,,,,71.0,Same direction -- both turning right -- both moving -- sideswipe,0,0,False,0
-122.298144570327,47.583642210866,198478,287952,288812,3814785,Matched,Intersection,31451.0,M L KING JR WAY S AND S WALKER ST, ,,1,Property Damage Only Collision,Left Turn,3,0,0,2,0,0,2018-05-18 00:00:00+00,5/18/2018 8:33:00 AM,At Intersection (intersection related),11,"MOTOR VEHICLE STRUCK MOTOR VEHICLE, FRONT END AT ANGLE",,False,Overcast,Dry,Daylight,,,,28.0,From opposite direction - one left turn - one straight,0,0,False,0
-122.261156325613,47.5105794370007,198479,284998,285878,E792016,Matched,Block,,S VICTOR ST BETWEEN 57TH AVE S AND RENTON AVE S, ,,1,Property Damage Only Collision,Parked Car,2,0,0,2,0,0,2018-03-31 00:00:00+00,3/31/2018 5:30:00 PM,Mid-Block (not related to intersection),13,"MOTOR VEHICLE STRUCK MOTOR VEHICLE, LEFT SIDE AT ANGLE",,False,Clear or Partly Cloudy,Dry,Daylight,,,,32.0,One parked--one moving,0,0,True,0
-122.270718018891,47.5424869552745,198480,287951,288811,3814784,Matched,Block,,S HOLLY ST BETWEEN 49TH AVE S AND 51ST AVE S, ,,1,Property Damage Only Collision,Parked Car,2,0,0,2,0,0,2018-05-17 00:00:00+00,5/17/2018 5:25:00 PM,Mid-Block (not related to intersection),15,"MOTOR VEHICLE STRUCK MOTOR VEHICLE, RIGHT SIDE SIDESWIPE",,False,Clear or Partly Cloudy,Dry,Daylight,,,,32.0,One parked--one moving,0,0,False,0
-122.312514993923,47.5481674896782,198481,287950,288810,3814736,Matched,Intersection,33383.0,CORGIAT DR S AND S ALBRO PL, ,,2,Injury Collision,Rear Ended,3,0,0,2,1,0,2018-05-17 00:00:00+00,5/17/2018 8:38:00 AM,At Intersection (intersection related),14,"MOTOR VEHICLE STRUCK MOTOR VEHICLE, REAR END",True,False,Clear or Partly Cloudy,Dry,Daylight,,,,14.0,From same direction - both going straight - one stopped - rear-end,0,0,False,0
-122.334287968664,47.6246937770269,198482,284843,285723,3811959,Matched,Intersection,28760.0,FAIRVIEW AVE N AND MERCER ST, ,,1,Property Damage Only Collision,Angles,3,0,0,2,0,0,2018-04-24 00:00:00+00,4/24/2018 12:40:00 AM,At Intersection (intersection related),11,"MOTOR VEHICLE STRUCK MOTOR VEHICLE, FRONT END AT ANGLE",,False,Clear or Partly Cloudy,Dry,Dark - Street Lights On,,,,10.0,Entering at angle,0,0,False,0
-122.384683270811,47.5307029405617,198483,284842,285722,3742241,Matched,Intersection,34666.0,41ST AVE SW AND SW ELMGROVE ST, ,,2,Injury Collision,Left Turn,2,0,0,2,2,0,2018-04-24 00:00:00+00,4/24/2018 2:03:00 PM,At Intersection (intersection related),11,"MOTOR VEHICLE STRUCK MOTOR VEHICLE, FRONT END AT ANGLE",,False,Clear or Partly Cloudy,Dry,Daylight,,,,28.0,From opposite direction - one left turn - one straight,0,0,False,0
-122.283702154947,47.5424525806023,198484,284841,285721,E791805,Matched,Intersection,34529.0,M L KING JR ER WAY S AND S HOLLY ST, ,,1,Property Damage Only Collision,Angles,2,0,0,2,0,0,2018-04-24 00:00:00+00,4/24/2018 7:30:00 AM,At Intersection (intersection related),11,"MOTOR VEHICLE STRUCK MOTOR VEHICLE, FRONT END AT ANGLE",True,False,Clear or Partly Cloudy,Dry,Daylight,,,,10.0,Entering at angle,0,0,False,0
-122.312756599236,47.6170398804617,198485,284997,285877,E791973,Matched,Block,,15TH AVE BETWEEN E OLIVE ST AND E HOWELL ST, ,,1,Property Damage Only Collision,Angles,2,0,0,2,0,0,2018-04-25 00:00:00+00,4/25/2018 2:15:00 PM,Driveway Junction,11,"MOTOR VEHICLE STRUCK MOTOR VEHICLE, FRONT END AT ANGLE",,False,Clear or Partly Cloudy,Dry,Daylight,,,,10.0,Entering at angle,0,0,False,0
-122.330493841715,47.6051261515069,198486,284840,285720,E791737,Matched,Intersection,29965.0,5TH AVE AND COLUMBIA ST, ,,1,Property Damage Only Collision,Sideswipe,2,0,0,2,0,0,2018-03-28 00:00:00+00,3/28/2018 3:51:00 PM,At Intersection (intersection related),11,"MOTOR VEHICLE STRUCK MOTOR VEHICLE, FRONT END AT ANGLE",,False,Clear or Partly Cloudy,Dry,Daylight,,,,11.0,From same direction - both going straight - both moving - sideswipe,0,0,False,0
-122.318224623665,47.6193417287469,198487,287840,288700,3702538,Matched,Block,,11TH AVE E BETWEEN E DENNY WAY AND E JOHN ST, ,,1,Property Damage Only Collision,Parked Car,2,0,0,2,0,0,2018-05-20 00:00:00+00,5/20/2018 2:36:00 AM,Mid-Block (not related to intersection),11,"MOTOR VEHICLE STRUCK MOTOR VEHICLE, FRONT END AT ANGLE",,True,Clear or Partly Cloudy,Wet,Dark - No Street Lights,,,,32.0,One parked--one moving,0,0,True,0
-122.370767953476,47.6625626130436,198488,284978,285858,E790864,Matched,Block,,11TH AVE NW BETWEEN NW 46TH ST AND NW BALLARD WAY, ,,1,Property Damage Only Collision,Parked Car,2,0,0,2,0,0,2018-04-22 00:00:00+00,4/22/2018 8:56:00 AM,Mid-Block (not related to intersection),11,"MOTOR VEHICLE STRUCK MOTOR VEHICLE, FRONT END AT ANGLE",,False,Clear or Partly Cloudy,Dry,Daylight,,,,32.0,One parked--one moving,0,0,False,0
-122.327361009477,47.6084086762365,198489,288040,288900,E798515,Matched,Intersection,29925.0,9TH AVE AND MADISON ST, ,,1,Property Damage Only Collision,Parked Car,2,0,0,2,0,0,2018-05-10 00:00:00+00,5/10/2018 1:10:00 PM,At Intersection (intersection related),11,"MOTOR VEHICLE STRUCK MOTOR VEHICLE, FRONT END AT ANGLE",,False,Clear or Partly Cloudy,Dry,Daylight,,,,20.0,One car leaving parked position,0,0,False,0
-122.312835272118,47.6097933167839,198490,287838,288698,3702536,Matched,Block,,15TH AVE BETWEEN E COLUMBIA ST AND E MARION ST, ,,1,Property Damage Only Collision,Angles,8,0,0,5,0,0,2018-05-19 00:00:00+00,5/19/2018 2:06:00 AM,Mid-Block (not related to intersection),11,"MOTOR VEHICLE STRUCK MOTOR VEHICLE, FRONT END AT ANGLE",,True,Clear or Partly Cloudy,Dry,Dark - Street Lights Off,,,,10.0,Entering at angle,0,0,True,0
-122.307191040392,47.6648603383004,198491,288039,288899,E798595,Matched,Intersection,26056.0,19TH AVE NE AND NE 50TH ST, ,,1,Property Damage Only Collision,Angles,2,0,0,2,0,0,2018-05-14 00:00:00+00,5/14/2018 11:13:00 AM,At Intersection (intersection related),11,"MOTOR VEHICLE STRUCK MOTOR VEHICLE, FRONT END AT ANGLE",,True,Clear or Partly Cloudy,Dry,Daylight,,,,10.0,Entering at angle,0,0,False,0
-122.342341023962,47.6574306095779,198492,284237,285117,E790856,Matched,Block,,STONE WAY N BETWEEN N 41ST N ST AND N 42ND ST, ,,2,Injury Collision,Angles,2,0,0,2,2,0,2018-04-06 00:00:00+00,4/6/2018 2:30:00 PM,Driveway Junction,11,"MOTOR VEHICLE STRUCK MOTOR VEHICLE, FRONT END AT ANGLE",True,False,Clear or Partly Cloudy,Dry,Daylight,,,,10.0,Entering at angle,0,0,False,0
-122.334196643102,47.5882285885059,198493,287837,288697,E798262,Matched,Intersection,31344.0,1ST AVE S AND S MASSACHUSETTS ST, ,,1,Property Damage Only Collision,Parked Car,2,0,0,2,0,0,2018-05-09 00:00:00+00,5/9/2018 12:30:00 AM,At Intersection (intersection related),11,"MOTOR VEHICLE STRUCK MOTOR VEHICLE, FRONT END AT ANGLE",,False,Clear or Partly Cloudy,Dry,Dark - Street Lights On,,,,32.0,One parked--one moving,0,0,False,0
-122.359579159437,47.6536501387671,198494,284217,285097,E790853,Matched,Block,,LEARY WAY NW BETWEEN NW 36TH ST AND NW 39TH ST, ,,1,Property Damage Only Collision,Parked Car,2,0,0,2,0,0,2018-04-04 00:00:00+00,4/4/2018 10:09:00 AM,Mid-Block (not related to intersection),11,"MOTOR VEHICLE STRUCK MOTOR VEHICLE, FRONT END AT ANGLE",,False,Overcast,Wet,Daylight,,,,32.0,One parked--one moving,0,0,False,0
-122.327757511258,47.6613572767255,198495,288038,288898,E798594,Matched,Block,,NE 45TH ST BETWEEN 1ST AVE NE AND 2ND AVE NE, ,,1,Property Damage Only Collision,Sideswipe,2,0,0,2,0,0,2018-05-14 00:00:00+00,5/14/2018 6:50:00 AM,Mid-Block (not related to intersection),11,"MOTOR VEHICLE STRUCK MOTOR VEHICLE, FRONT END AT ANGLE",,False,Clear or Partly Cloudy,Dry,Daylight,,,,11.0,From same direction - both going straight - both moving - sideswipe,0,0,False,0
-122.332999875925,47.6231160057335,198496,284198,285078,E791596,Matched,Intersection,29134.0,MINOR AVE N AND REPUBLICAN ST, ,,2,Injury Collision,Pedestrian,2,1,0,1,1,0,2018-04-17 00:00:00+00,4/17/2018 8:05:00 AM,At Intersection (intersection related),24,MOTOR VEHCILE STRUCK PEDESTRIAN,True,False,Clear or Partly Cloudy,Dry,Daylight,,,,1.0,Vehicle turning right hits pedestrian,0,0,False,0
-122.369698927726,47.6275736034895,198497,288037,288897,E798271,Matched,Block,,ELLIOTT AVE W BETWEEN W MERCER PL AND W PROSPECT ST, ,,2,Injury Collision,Rear Ended,2,0,0,2,1,0,2018-05-15 00:00:00+00,5/15/2018 3:08:00 PM,Mid-Block (but intersection related),14,"MOTOR VEHICLE STRUCK MOTOR VEHICLE, REAR END",True,False,Clear or Partly Cloudy,Dry,Daylight,,,,13.0,From same direction - both going straight - both moving - rear-end,0,0,False,0
-122.288747844324,47.5661456894665,198498,287817,288677,E798261,Matched,Intersection,32695.0,RAINIER AVE S AND S DAKOTA ST, ,,1,Property Damage Only Collision,Angles,3,0,0,2,0,0,2018-05-06 00:00:00+00,5/6/2018 1:15:00 AM,At Intersection (intersection related),11,"MOTOR VEHICLE STRUCK MOTOR VEHICLE, FRONT END AT ANGLE",,False,Clear or Partly Cloudy,Dry,Dark - Street Lights On,,,,10.0,Entering at angle,0,0,False,0
-122.342283351523,47.6336931487632,198519,285817,286677,E785547,Matched,Block,,DEXTER AVE N BETWEEN GARFIELD N ST AND HAYES ST, ,,2,Injury Collision,Other,2,0,0,2,1,0,2018-03-22 00:00:00+00,3/22/2018 6:47:00 AM,Mid-Block (not related to intersection),11,"MOTOR VEHICLE STRUCK MOTOR VEHICLE, FRONT END AT ANGLE",True,False,Raining,Wet,Dawn,,,,50.0,Fixed object,0,0,False,0
-122.32178280851,47.6048227869488,198499,287797,288663,3702535,Matched,Block,,TERRACE ST BETWEEN TERRY AVE AND BOREN AVE, ,,1,Property Damage Only Collision,Parked Car,3,0,0,3,0,0,2018-05-18 00:00:00+00,5/18/2018 10:30:00 PM,Mid-Block (not related to intersection),11,"MOTOR VEHICLE STRUCK MOTOR VEHICLE, FRONT END AT ANGLE",,False,Clear or Partly Cloudy,Dry,Dark - Street Lights On,,,,32.0,One parked--one moving,0,0,False,0
-122.323500578165,47.5861011684861,198500,288023,288883,E798270,Matched,Intersection,31242.0,S HOLGATE BR AND S HOLGATE ST, ,,2,Injury Collision,Angles,3,0,0,2,2,0,2018-05-15 00:00:00+00,5/15/2018 2:28:00 PM,At Intersection (intersection related),11,"MOTOR VEHICLE STRUCK MOTOR VEHICLE, FRONT END AT ANGLE",,False,Clear or Partly Cloudy,Dry,Daylight,,,,10.0,Entering at angle,0,0,False,0
-122.310759220846,47.5755346446573,198501,287782,288662,E798260,Matched,Block,,17TH AVE S BETWEEN S WINTHROP ST AND S HANFORD E ST, ,,2,Injury Collision,Parked Car,5,0,0,2,1,0,2018-05-04 00:00:00+00,5/4/2018 2:15:00 AM,Mid-Block (not related to intersection),11,"MOTOR VEHICLE STRUCK MOTOR VEHICLE, FRONT END AT ANGLE",,False,Clear or Partly Cloudy,Dry,Dark - Street Lights On,,,,32.0,One parked--one moving,0,0,False,0
-122.355452745925,47.7050835411737,198502,284197,285077,E790851,Matched,Intersection,36419.0,GREENWOOD AVE N AND HOLMAN RD N, ,,1,Property Damage Only Collision,Sideswipe,2,0,0,2,0,0,2018-04-01 00:00:00+00,4/1/2018 5:43:00 PM,At Intersection (intersection related),14,"MOTOR VEHICLE STRUCK MOTOR VEHICLE, REAR END",,False,Overcast,Dry,Daylight,,,,11.0,From same direction - both going straight - both moving - sideswipe,0,0,False,0
-122.344142118767,47.614319448222,198505,288022,288882,3811973,Matched,Block,,3RD AVE BETWEEN BLANCHARD ST AND BELL ST, ,,1,Property Damage Only Collision,Parked Car,2,0,0,2,0,0,2018-05-21 00:00:00+00,5/21/2018 9:50:00 AM,Driveway Junction,11,"MOTOR VEHICLE STRUCK MOTOR VEHICLE, FRONT END AT ANGLE",True,False,Clear or Partly Cloudy,Dry,Daylight,,,,32.0,One parked--one moving,0,0,True,0
-122.398257767563,47.6477251798363,198506,288021,288881,E798269,Matched,Block,,32ND AVE W BETWEEN W BARRETT ST AND W DRAVUS ST, ,,1,Property Damage Only Collision,Parked Car,3,0,0,3,0,0,2018-05-14 00:00:00+00,5/14/2018 1:44:00 PM,Mid-Block (not related to intersection),14,"MOTOR VEHICLE STRUCK MOTOR VEHICLE, REAR END",True,False,Clear or Partly Cloudy,Dry,Daylight,,,,32.0,One parked--one moving,0,0,True,0
-122.311937418736,47.6648928109888,198507,284157,285037,E790849,Matched,Intersection,26052.0,15TH AVE NE AND NE 50TH ST, ,,1,Property Damage Only Collision,Rear Ended,2,0,0,2,0,0,2018-04-10 00:00:00+00,4/10/2018 7:22:00 AM,At Intersection (intersection related),14,"MOTOR VEHICLE STRUCK MOTOR VEHICLE, REAR END",,False,Raining,Wet,Daylight,,,,14.0,From same direction - both going straight - one stopped - rear-end,0,0,False,0
-122.376638016698,47.5304395543488,198508,287781,288661,3626834,Matched,Intersection,34669.0,35TH AVE SW AND SW ELMGROVE N ST, ,,1,Property Damage Only Collision,Other,1,0,0,1,0,0,2018-05-20 00:00:00+00,5/20/2018 12:05:00 AM,At Intersection (intersection related),28,MOTOR VEHICLE RAN OFF ROAD - HIT FIXED OBJECT,,False,Overcast,Dry,Dawn,,,,50.0,Fixed object,0,0,False,0
-122.355348859957,47.6951209228705,198509,288020,288880,3754357,Matched,Block,,GREENWOOD AVE N BETWEEN N 90TH ST AND N 92ND ST, ,,2,Injury Collision,Pedestrian,2,0,1,1,1,0,2018-05-21 00:00:00+00,5/21/2018 5:29:00 PM,Mid-Block (but intersection related),51,PEDALCYCLIST STRUCK MOTOR VEHICLE FRONT END AT ANGLE,,False,Clear or Partly Cloudy,Dry,Daylight,,,,5.0,Vehicle Strikes Pedalcyclist,4686,0,False,0
-122.327270910946,47.5459529058408,198511,287958,288818,3814857,Matched,Intersection,34218.0,5TH PL S AND S MICHIGAN ST, ,,1,Property Damage Only Collision,Left Turn,2,0,0,2,0,0,2018-05-18 00:00:00+00,5/18/2018 6:08:00 PM,At Intersection (intersection related),11,"MOTOR VEHICLE STRUCK MOTOR VEHICLE, FRONT END AT ANGLE",,False,Overcast,Dry,Dusk,,,,28.0,From opposite direction - one left turn - one straight,0,0,False,0
-122.381451160795,47.5646814276387,198512,287778,288658,3573563,Matched,Intersection,31897.0,39TH AVE SW AND SW GENESEE ST, ,,1,Property Damage Only Collision,Angles,2,0,0,2,0,0,2018-05-18 00:00:00+00,5/18/2018 4:12:00 PM,At Intersection (intersection related),11,"MOTOR VEHICLE STRUCK MOTOR VEHICLE, FRONT END AT ANGLE",,False,Overcast,Dry,Daylight,,,,10.0,Entering at angle,0,0,False,0
-122.334309132259,47.5482713833211,198513,284877,285757,E791905,Matched,Intersection,33046.0,1ST AVE S AND EAST MARGINAL WAY S, ,,2,Injury Collision,Sideswipe,3,0,0,2,1,0,2018-04-18 00:00:00+00,4/18/2018 5:04:00 PM,At Intersection (intersection related),11,"MOTOR VEHICLE STRUCK MOTOR VEHICLE, FRONT END AT ANGLE",,False,Clear or Partly Cloudy,Dry,Daylight,,,,11.0,From same direction - both going straight - both moving - sideswipe,0,0,False,0
-122.373579276331,47.6727207004628,198514,284140,285020,E790848,Matched,Block,,14TH AVE NW BETWEEN NW 60TH ST AND NW 61ST ST, ,,1,Property Damage Only Collision,Parked Car,2,0,0,2,0,0,2018-04-13 00:00:00+00,4/13/2018 6:00:00 AM,Mid-Block (not related to intersection),14,"MOTOR VEHICLE STRUCK MOTOR VEHICLE, REAR END",,False,Unknown,Unknown,Unknown,,,,32.0,One parked--one moving,0,0,False,0
-122.315611735239,47.6193608277209,198520,286438,287298,3702652,Matched,Block,,13TH AVE E BETWEEN E DENNY WAY AND E JOHN ST, ,,1,Property Damage Only Collision,Parked Car,2,0,0,2,0,0,2018-05-01 00:00:00+00,5/1/2018 10:00:00 PM,Mid-Block (not related to intersection),0,NOT ENOUGH INFORMATION / NOT APPLICABLE,,False,Unknown,Unknown,Unknown,,,,32.0,One parked--one moving,0,0,True,0
-122.334009322008,47.6106447568887,198522,286139,286999,E794312,Matched,Block,,6TH AVE BETWEEN UNION ST AND PIKE ST, ,,1,Property Damage Only Collision,Parked Car,2,0,0,2,0,0,2018-04-25 00:00:00+00,4/25/2018 10:20:00 AM,Mid-Block (not related to intersection),11,"MOTOR VEHICLE STRUCK MOTOR VEHICLE, FRONT END AT ANGLE",True,False,Clear or Partly Cloudy,Dry,Daylight,,,,32.0,One parked--one moving,0,0,True,0
-122.269986896987,47.5331447963108,198524,285798,286658,E793431,Matched,Block,,RAINIER AVE S BETWEEN S HOLDEN ST AND S CHICAGO ST, ,,2,Injury Collision,Sideswipe,2,0,0,2,1,0,2018-04-26 00:00:00+00,4/26/2018 3:51:00 PM,Driveway Junction,11,"MOTOR VEHICLE STRUCK MOTOR VEHICLE, FRONT END AT ANGLE",,False,Clear or Partly Cloudy,Dry,Daylight,,,,11.0,From same direction - both going straight - both moving - sideswipe,0,0,False,0