longitude,latitude,objectid,inckey,coldetkey,reportno,status,addrtype,intkey,location,exceptrsncode,exceptrsndesc,severitycode,severitydesc,collisiontype,personcount,pedcount,pedcylcount,vehcount,injuries,fatalities,incdate,incdttm,junctiontype,sdot_colcode,sdot_coldesc,inattentionind,underinfl,weather,roadcond,lightcond,pedrownotgrnt,sdotcolnum,speeding,st_colcode,st_coldesc,seglanekey,crosswalkkey,hitparkedcar,seriousinjuries
-122.27815337648,47.5460098411268,198525,285330,286190,E792861,Matched,Intersection,33546.0,44TH AVE S AND S GRAHAM ST, ,,2,Injury Collision,Angles,2,0,0,2,2,0,2018-04-24 00:00:00+00,4/24/2018 6:43:00 PM,At Intersection (intersection related),11,"MOTOR VEHICLE STRUCK MOTOR VEHICLE, FRONT END AT ANGLE",,False,Clear or Partly Cloudy,Dry,Daylight,,,,10.0,Entering at angle,0,0,False,0
-122.2744640368,47.5448413874678,198526,285797,286657,E793430,Matched,Block,,RAINIER AVE S BETWEEN S EDDY ST AND S MORGAN ST, ,,1,Property Damage Only Collision,Rear Ended,2,0,0,2,0,0,2018-04-22 00:00:00+00,4/22/2018 3:29:00 PM,Mid-Block (not related to intersection),14,"MOTOR VEHICLE STRUCK MOTOR VEHICLE, REAR END",,False,Clear or Partly Cloudy,Dry,Daylight,,,,14.0,From same direction - both going straight - one stopped - rear-end,0,0,False,0
-122.321348491501,47.6415108989164,198527,286138,286998,E794311,Matched,Block,,BROADWAY E BETWEEN E MILLER ST AND DEAD END 2, ,,1,Property Damage Only Collision,Parked Car,2,0,0,2,0,0,2018-04-26 00:00:00+00,4/26/2018 11:55:00 AM,Mid-Block (not related to intersection),11,"MOTOR VEHICLE STRUCK MOTOR VEHICLE, FRONT END AT ANGLE",,False,Clear or Partly Cloudy,Dry,Daylight,,,,32.0,One parked--one moving,0,0,False,0
-122.293799792088,47.5613040812635,198528,285586,286446,3814726,Matched,Block,,M L KING JR WR WAY S BETWEEN S SNOQUALMIE ST AND S ALASKA ST, ,,2,Injury Collision,Rear Ended,8,0,0,3,2,0,2018-05-01 00:00:00+00,5/1/2018 5:11:00 PM,Mid-Block (not related to intersection),14,"MOTOR VEHICLE STRUCK MOTOR VEHICLE, REAR END",,False,Clear or Partly Cloudy,Dry,Daylight,,,,14.0,From same direction - both going straight - one stopped - rear-end,0,0,False,0
-122.298899796642,47.6052332810159,198529,286137,286997,E794115,Matched,Block,,26TH AVE BETWEEN E ALDER ST AND E JEFFERSON ST, ,,1,Property Damage Only Collision,Parked Car,2,0,0,2,0,0,2018-04-30 00:00:00+00,4/30/2018 1:00:00 PM,Mid-Block (not related to intersection),14,"MOTOR VEHICLE STRUCK MOTOR VEHICLE, REAR END",,False,Clear or Partly Cloudy,Dry,Daylight,,,,32.0,One parked--one moving,0,0,False,0
-122.297317916981,47.6016573009196,198530,286128,286988,E794114,Matched,Block,,E YESLER WAY BETWEEN 27TH AVE AND M L KING JR WAY, ,,1,Property Damage Only Collision,Parked Car,2,0,0,2,0,0,2018-04-27 00:00:00+00,4/27/2018 4:38:00 PM,Mid-Block (not related to intersection),11,"MOTOR VEHICLE STRUCK MOTOR VEHICLE, FRONT END AT ANGLE",,False,Clear or Partly Cloudy,Dry,Daylight,,,,32.0,One parked--one moving,0,0,False,0
-122.266280830329,47.5514983487803,198531,285329,286189,E792860,Matched,Block,,WILSON AVE S BETWEEN S FINDLAY ST AND S ORCAS ST, ,,1,Property Damage Only Collision,Pedestrian,2,0,1,1,0,0,2018-04-24 00:00:00+00,4/24/2018 5:27:00 PM,Mid-Block (not related to intersection),23,"MOTOR VEHICLE STRUCK PEDALCYCLIST, LEFT SIDE SIDESWIPE",,False,Clear or Partly Cloudy,Dry,Daylight,,,,5.0,Vehicle Strikes Pedalcyclist,0,0,False,0
-122.353476520676,47.6209287567497,198532,285238,286098,E792281,Matched,Block,,THOMAS ST BETWEEN WARREN AVE N AND 2ND AVE N, ,,1,Property Damage Only Collision,Parked Car,2,0,0,2,0,0,2018-04-17 00:00:00+00,4/17/2018 10:35:00 AM,Mid-Block (not related to intersection),0,NOT ENOUGH INFORMATION / NOT APPLICABLE,,False,Clear or Partly Cloudy,Wet,Daylight,,,,32.0,One parked--one moving,0,0,True,0
-122.312463883736,47.7130712211459,198533,285237,286097,E792280,Matched,Block,,15TH AVE NE BETWEEN NE 115TH ST AND NE 117TH ST, ,,1,Property Damage Only Collision,Angles,2,0,0,2,0,0,2018-04-19 00:00:00+00,4/19/2018 5:30:00 PM,Mid-Block (but intersection related),11,"MOTOR VEHICLE STRUCK MOTOR VEHICLE, FRONT END AT ANGLE",,False,Clear or Partly Cloudy,Dry,Daylight,,,,10.0,Entering at angle,0,0,False,0
-122.334846956374,47.5290045409556,198534,285585,286445,3745853,Matched,Block,,1ST AVE S BETWEEN SW KENYON ST AND S CLOVERDALE W ST, ,,1,Property Damage Only Collision,Rear Ended,2,0,0,2,0,0,2018-05-01 00:00:00+00,5/1/2018 11:18:00 AM,Mid-Block (but intersection related),14,"MOTOR VEHICLE STRUCK MOTOR VEHICLE, REAR END",,False,Overcast,Dry,Daylight,,,,14.0,From same direction - both going straight - one stopped - rear-end,0,0,False,0
-122.334762317446,47.5254167310125,198535,285218,286093,E783051,Matched,Block,,1ST AVE S BETWEEN S CLOVERDALE W ST AND 1ST AVS OFF S RP, ,,1,Property Damage Only Collision,Rear Ended,2,0,0,2,0,0,2018-03-13 00:00:00+00,3/13/2018 6:00:00 AM,Mid-Block (not related to intersection),14,"MOTOR VEHICLE STRUCK MOTOR VEHICLE, REAR END",True,False,Clear or Partly Cloudy,Dry,Dark - Street Lights On,,,,14.0,From same direction - both going straight - one stopped - rear-end,0,0,False,0
-122.345001934081,47.6136545990227,198536,286127,286987,3811962,Matched,Block,,2ND AVE BETWEEN BLANCHARD ST AND BELL ST, ,,1,Property Damage Only Collision,Parked Car,2,0,0,2,0,0,2018-05-09 00:00:00+00,5/9/2018 9:25:00 PM,Mid-Block (not related to intersection),15,"MOTOR VEHICLE STRUCK MOTOR VEHICLE, RIGHT SIDE SIDESWIPE",,False,Clear or Partly Cloudy,Dry,Dark - Street Lights On,,,,20.0,One car leaving parked position,0,0,False,0
-122.304232943377,47.585916170381,198538,285583,286443,3782793,Matched,Block,,22ND AVE S BETWEEN S HOLGATE ST AND S PLUM ST, ,,2,Injury Collision,Other,1,0,0,1,1,0,2018-04-21 00:00:00+00,4/21/2018 9:00:00 AM,Mid-Block (not related to intersection),28,MOTOR VEHICLE RAN OFF ROAD - HIT FIXED OBJECT,True,False,Unknown,Unknown,Dark - No Street Lights,,,,50.0,Fixed object,0,0,False,0
-122.351401561608,47.6139202596319,198539,286125,286985,E794310,Matched,Intersection,29696.0,ELLIOTT AVE AND VINE ST, ,,1,Property Damage Only Collision,Angles,7,0,0,2,0,0,2018-04-24 00:00:00+00,4/24/2018 12:36:00 PM,At Intersection (intersection related),11,"MOTOR VEHICLE STRUCK MOTOR VEHICLE, FRONT END AT ANGLE",,False,Clear or Partly Cloudy,Dry,Daylight,,,,10.0,Entering at angle,0,0,False,0
-122.324526133628,47.7231276970013,198540,285582,286442,3706206,Matched,Block,,NE 130TH ST BETWEEN 130TH ST ON RP AND ROOSEVELT N WAY NE, ,,1,Property Damage Only Collision,Sideswipe,2,0,0,2,0,0,2018-05-01 00:00:00+00,5/1/2018 11:17:00 AM,Mid-Block (but intersection related),11,"MOTOR VEHICLE STRUCK MOTOR VEHICLE, FRONT END AT ANGLE",,False,Clear or Partly Cloudy,Dry,Daylight,,,,11.0,From same direction - both going straight - both moving - sideswipe,0,0,False,0
-122.325595633917,47.7340691986879,198541,285217,286092,E782936,Matched,Intersection,166204.0,145TH ST ON RP AND NE 145TH ST, ,,1,Property Damage Only Collision,Other,2,0,0,1,0,0,2018-03-23 00:00:00+00,3/23/2018 4:15:00 PM,At Intersection (intersection related),26,MOTOR VEHICLE STRUCK OBJECT IN ROAD,True,False,Clear or Partly Cloudy,Dry,Daylight,,,,50.0,Fixed object,0,0,False,0
-122.313101753697,47.6630917885006,198542,286124,286984,3753962,Matched,Intersection,25804.0,UNIVERSITY WAY NE AND NE 47TH ST, ,,2,Injury Collision,Pedestrian,2,0,1,1,1,0,2018-05-09 00:00:00+00,5/9/2018 9:07:00 PM,At Intersection (intersection related),18,"MOTOR VEHICLE STRUCK PEDALCYCLIST, FRONT END AT ANGLE",,False,Clear or Partly Cloudy,Dry,Dusk,True,,,5.0,Vehicle Strikes Pedalcyclist,0,0,False,0
-122.334239206161,47.5481396886486,198543,285211,286091,E782708,Matched,Block,,EAST MARGINAL WAY S BETWEEN 1ST AVE S AND 1ST AV S BR SB, ,,1,Property Damage Only Collision,Sideswipe,3,0,0,3,0,0,2018-03-22 00:00:00+00,3/22/2018 7:05:00 AM,Mid-Block (not related to intersection),11,"MOTOR VEHICLE STRUCK MOTOR VEHICLE, FRONT END AT ANGLE",,False,Raining,Wet,Dawn,,,True,11.0,From same direction - both going straight - both moving - sideswipe,0,0,False,0
-122.34449079311,47.6406158060979,198544,285581,286441,3784687,Matched,Block,,DEXTER AVE N BETWEEN 6TH AVE N AND WHEELER ST, ,,2,Injury Collision,Angles,2,0,0,2,2,0,2018-05-01 00:00:00+00,5/1/2018 2:14:00 PM,Mid-Block (not related to intersection),11,"MOTOR VEHICLE STRUCK MOTOR VEHICLE, FRONT END AT ANGLE",,False,Clear or Partly Cloudy,Dry,Daylight,,,,10.0,Entering at angle,0,0,False,0
-122.330465293912,47.5443864916212,198545,285210,286090,E782050,Matched,Block,,EAST MARGINAL WAY S BETWEEN S MICHIGAN ST AND 4TH AVE S, ,,2,Injury Collision,Other,1,0,0,1,1,0,2018-03-23 00:00:00+00,3/23/2018 11:45:00 AM,Mid-Block (not related to intersection),26,MOTOR VEHICLE STRUCK OBJECT IN ROAD,True,False,Clear or Partly Cloudy,Wet,Daylight,,,,50.0,Fixed object,0,0,False,0
-122.299511974177,47.7120442522221,198546,285580,286440,3703810,Matched,Intersection,36655.0,LAKE CITY WAY NE AND NE 115TH ST, ,,2,Injury Collision,Pedestrian,2,1,0,1,1,0,2018-05-04 00:00:00+00,5/4/2018 9:11:00 PM,At Intersection (intersection related),24,MOTOR VEHCILE STRUCK PEDESTRIAN,,False,Clear or Partly Cloudy,Dry,Dark - Street Lights On,,,,0.0,Vehicle going straight hits pedestrian,0,523670,False,0
-122.361091865746,47.5379541665937,198547,286123,286983,3745855,Matched,Intersection,33963.0,DELRIDGE WAY SW AND SW ORCHARD ST, ,,1,Property Damage Only Collision,Left Turn,2,0,0,2,0,0,2018-05-09 00:00:00+00,5/9/2018 3:00:00 PM,At Intersection (intersection related),14,"MOTOR VEHICLE STRUCK MOTOR VEHICLE, REAR END",,False,Clear or Partly Cloudy,Dry,Daylight,,,,15.0,From same direction - one left turn - one straight,0,0,False,0
-122.323459466046,47.6408766614061,198548,286122,286982,3703914,Matched,Block,,BOYLSTON AVE E BETWEEN E LYNN ST AND E LOUISA ST, ,,1,Property Damage Only Collision,Parked Car,4,0,0,4,0,0,2018-05-09 00:00:00+00,5/9/2018 11:52:00 PM,Mid-Block (not related to intersection),14,"MOTOR VEHICLE STRUCK MOTOR VEHICLE, REAR END",,False,Clear or Partly Cloudy,Dry,,,,,32.0,One parked--one moving,0,0,True,0
-122.342439241051,47.6553828764201,198549,285579,286439,3762867,Matched,Intersection,26848.0,STONE WAY N AND N 40TH ST, ,,1,Property Damage Only Collision,Sideswipe,5,0,0,2,0,0,2018-05-05 00:00:00+00,5/5/2018 5:02:00 PM,At Intersection (intersection related),11,"MOTOR VEHICLE STRUCK MOTOR VEHICLE, FRONT END AT ANGLE",,False,Overcast,Dry,Daylight,,,,26.0,From opposite direction - both going straight - sideswipe,0,0,False,0
-122.325595633917,47.7340691986879,198551,285207,286087,E781940,Matched,Intersection,166204.0,145TH ST ON RP AND NE 145TH ST, ,,1,Property Damage Only Collision,Left Turn,3,0,0,2,0,0,2018-03-14 00:00:00+00,3/14/2018 6:20:00 AM,At Intersection (intersection related),11,"MOTOR VEHICLE STRUCK MOTOR VEHICLE, FRONT END AT ANGLE",True,False,Clear or Partly Cloudy,Dry,Dark - Street Lights On,,,,28.0,From opposite direction - one left turn - one straight,0,0,False,0
-122.334275943277,47.7341365013854,198552,285205,286085,E781914,Matched,Intersection,35910.0,MERIDIAN AVE N AND N 145TH ST, ,,1,Property Damage Only Collision,Angles,2,0,0,2,0,0,2018-03-06 00:00:00+00,3/6/2018 9:07:00 AM,At Intersection (intersection related),11,"MOTOR VEHICLE STRUCK MOTOR VEHICLE, FRONT END AT ANGLE",True,False,Clear or Partly Cloudy,Dry,Daylight,,,,10.0,Entering at angle,0,0,False,0
-122.314917696029,47.5273699971338,198553,285201,286081,E781338,Matched,Intersection,35090.0,14TH AVE S AND DALLAS AVE S, ,,1,Property Damage Only Collision,Angles,2,0,0,2,0,0,2018-03-10 00:00:00+00,3/10/2018 4:37:00 AM,At Intersection (intersection related),11,"MOTOR VEHICLE STRUCK MOTOR VEHICLE, FRONT END AT ANGLE",,False,Clear or Partly Cloudy,Dry,Dark - Street Lights On,,,,10.0,Entering at angle,0,0,False,0
-122.2643710493,47.5168181377326,198572,287199,288079,3814778,Matched,Block,,S ROXBURY ST BETWEEN LINDSAY PL S AND 55TH AVE S, ,,2,Injury Collision,Angles,2,0,0,2,1,0,2018-05-11 00:00:00+00,5/11/2018 3:05:00 PM,Mid-Block (not related to intersection),11,"MOTOR VEHICLE STRUCK MOTOR VEHICLE, FRONT END AT ANGLE",True,False,Clear or Partly Cloudy,Dry,Daylight,,,,10.0,Entering at angle,0,0,False,0
-122.380759561976,47.5610947922139,198554,285477,286337,E792902,Matched,Block,,SW ALASKA ST BETWEEN 38TH AVE SW AND FAUNTLEROY WAY SW, ,,1,Property Damage Only Collision,Right Turn,2,0,0,2,0,0,2018-04-17 00:00:00+00,4/17/2018 6:47:00 PM,Mid-Block (but intersection related),11,"MOTOR VEHICLE STRUCK MOTOR VEHICLE, FRONT END AT ANGLE",,False,Overcast,Dry,Daylight,,,,16.0,From same direction - one right turn - one straight,0,0,False,0
-122.279385277941,47.5370525597905,198555,285458,286318,E793428,Matched,Intersection,34466.0,43RD AVE S AND S OTHELLO ST, ,,1,Property Damage Only Collision,Left Turn,2,0,0,2,0,0,2018-04-28 00:00:00+00,4/28/2018 2:54:00 PM,At Intersection (intersection related),11,"MOTOR VEHICLE STRUCK MOTOR VEHICLE, FRONT END AT ANGLE",,False,Overcast,Wet,Daylight,,,,28.0,From opposite direction - one left turn - one straight,0,0,False,0
-122.374144495975,47.6437167624889,198557,285877,286737,E793846,Matched,Intersection,27885.0,13TH AVE W AND PROSCH AVE W, ,,1,Property Damage Only Collision,Parked Car,2,0,0,2,0,0,2018-04-16 00:00:00+00,4/16/2018,At Intersection (intersection related),11,"MOTOR VEHICLE STRUCK MOTOR VEHICLE, FRONT END AT ANGLE",,False,Unknown,Unknown,Unknown,,,,32.0,One parked--one moving,0,0,True,0
-122.269988166561,47.5299413850032,198558,285457,286317,E793427,Matched,Block,,RAINIER AVE S BETWEEN S ELMGROVE ST AND S ROSE N ST, ,,1,Property Damage Only Collision,Angles,2,0,0,2,0,0,2018-04-05 00:00:00+00,4/5/2018 2:17:00 PM,Driveway Junction,11,"MOTOR VEHICLE STRUCK MOTOR VEHICLE, FRONT END AT ANGLE",,False,Clear or Partly Cloudy,Dry,Daylight,,,,10.0,Entering at angle,0,0,False,0
-122.378893168698,47.6629391028023,198559,285860,286720,E793845,Matched,Intersection,25182.0,BALLARD AVE NW AND NW BALLARD WAY, ,,1,Property Damage Only Collision,Rear Ended,3,0,0,2,0,0,2018-05-01 00:00:00+00,5/1/2018 4:27:00 PM,At Intersection (intersection related),14,"MOTOR VEHICLE STRUCK MOTOR VEHICLE, REAR END",,False,Clear or Partly Cloudy,Dry,Daylight,,,,14.0,From same direction - both going straight - one stopped - rear-end,0,0,False,0
-122.329932674457,47.5903086352895,198562,285857,286717,E792239,Matched,Intersection,527180.0,EDGAR MARTINEZ DR S AND S ATLANTIC ST OFF RP, ,,1,Property Damage Only Collision,Sideswipe,2,0,0,2,0,0,2018-04-26 00:00:00+00,4/26/2018 9:48:00 AM,At Intersection (intersection related),11,"MOTOR VEHICLE STRUCK MOTOR VEHICLE, FRONT END AT ANGLE",,False,Clear or Partly Cloudy,Dry,Daylight,,,,11.0,From same direction - both going straight - both moving - sideswipe,0,0,False,0
-122.305889600891,47.588492005416,198566,287203,288083,3814852,Matched,Block,,RAINIER AVE S BETWEEN RAINIER NB I90 EB ON RP AND S MASSACHUSETTS ST, ,,1,Property Damage Only Collision,Sideswipe,4,0,0,2,0,0,2018-05-12 00:00:00+00,5/12/2018 6:50:00 PM,Mid-Block (not related to intersection),11,"MOTOR VEHICLE STRUCK MOTOR VEHICLE, FRONT END AT ANGLE",,False,Clear or Partly Cloudy,Dry,Daylight,,,,11.0,From same direction - both going straight - both moving - sideswipe,0,0,False,0
-122.293240252748,47.5608084467192,198567,287202,288082,3814851,Matched,Intersection,484891.0,M L KING JR ER WAY S AND S ALASKA ST, ,,1,Property Damage Only Collision,Angles,3,0,0,2,0,0,2018-05-12 00:00:00+00,5/12/2018 12:32:00 PM,At Intersection (intersection related),11,"MOTOR VEHICLE STRUCK MOTOR VEHICLE, FRONT END AT ANGLE",,False,Clear or Partly Cloudy,Dry,Daylight,,,,10.0,Entering at angle,0,0,False,0
-122.366173906204,47.6708899016398,198568,286798,287678,E795977,Matched,Intersection,25408.0,8TH AVE NW AND NW 58TH ST, ,,2,Injury Collision,Cycles,2,0,1,1,1,0,2018-05-08 00:00:00+00,5/8/2018 7:21:00 AM,At Intersection (intersection related),18,"MOTOR VEHICLE STRUCK PEDALCYCLIST, FRONT END AT ANGLE",True,False,Clear or Partly Cloudy,Dry,Daylight,,,,6.0,Pedalcyclist Strikes Moving Vehicle,0,0,False,0
-122.264790472708,47.5261586782073,198569,287201,288081,3814801,Matched,Block,,SEWARD PARK AVE S BETWEEN S CLOVERDALE ST AND WABASH AVE S, ,,2,Injury Collision,Rear Ended,3,0,0,2,2,0,2018-05-10 00:00:00+00,5/10/2018 5:44:00 PM,Mid-Block (not related to intersection),14,"MOTOR VEHICLE STRUCK MOTOR VEHICLE, REAR END",True,False,Clear or Partly Cloudy,Dry,Daylight,,,,14.0,From same direction - both going straight - one stopped - rear-end,0,0,False,0
-122.334009322008,47.6106447568887,198573,286819,287699,E796063,Matched,Block,,6TH AVE BETWEEN UNION ST AND PIKE ST, ,,1,Property Damage Only Collision,Parked Car,2,0,0,2,0,0,2018-05-07 00:00:00+00,5/7/2018 5:42:00 AM,Mid-Block (not related to intersection),11,"MOTOR VEHICLE STRUCK MOTOR VEHICLE, FRONT END AT ANGLE",True,False,Clear or Partly Cloudy,Dry,Dark - Street Lights On,,,,32.0,One parked--one moving,0,0,False,0
-122.30294665244,47.5836585664086,198574,287198,288078,3814777,Matched,Intersection,31564.0,23RD AVE S AND S WALKER ST, ,,1,Property Damage Only Collision,Angles,2,0,0,2,0,0,2018-05-10 00:00:00+00,5/10/2018 1:37:00 PM,At Intersection (intersection related),11,"MOTOR VEHICLE STRUCK MOTOR VEHICLE, FRONT END AT ANGLE",,False,Clear or Partly Cloudy,Dry,Daylight,,,,10.0,Entering at angle,0,0,False,0
-122.311937418736,47.6648928109888,198575,287038,287918,3706106,Matched,Intersection,26052.0,15TH AVE NE AND NE 50TH ST, ,,1,Property Damage Only Collision,Rear Ended,3,0,0,2,0,0,2018-05-10 00:00:00+00,5/10/2018 11:22:00 PM,At Intersection (but not related to intersection),14,"MOTOR VEHICLE STRUCK MOTOR VEHICLE, REAR END",,True,Clear or Partly Cloudy,Dry,Dark - Street Lights On,,,,14.0,From same direction - both going straight - one stopped - rear-end,0,0,False,0
-122.355445163306,47.7043590501673,198578,286602,287462,E794594,Matched,Intersection,37385.0,GREENWOOD AVE N AND N 104TH ST, ,,2,Injury Collision,Parked Car,4,0,0,4,1,0,2018-04-29 00:00:00+00,4/29/2018 3:18:00 PM,At Intersection (intersection related),26,MOTOR VEHICLE STRUCK OBJECT IN ROAD,True,False,Clear or Partly Cloudy,Dry,Daylight,,,,32.0,One parked--one moving,0,0,False,0
-122.399464945363,47.6959430988983,198579,286601,287461,E794593,Matched,Intersection,36873.0,ALVIN PL NW AND CYRUS AVE NW, ,,1,Property Damage Only Collision,Other,1,0,0,1,0,0,2018-05-03 00:00:00+00,5/3/2018 3:30:00 PM,At Intersection (intersection related),28,MOTOR VEHICLE RAN OFF ROAD - HIT FIXED OBJECT,,False,Clear or Partly Cloudy,Dry,Daylight,,,,50.0,Fixed object,0,0,False,0
-122.376792222052,47.5201758462835,198580,287037,287917,3605968,Matched,Block,,35TH AVE SW BETWEEN SW BARTON ST AND SW CAMBRIDGE ST, ,,1,Property Damage Only Collision,Rear Ended,3,0,0,2,0,0,2018-05-12 00:00:00+00,5/12/2018 8:22:00 PM,Mid-Block (not related to intersection),14,"MOTOR VEHICLE STRUCK MOTOR VEHICLE, REAR END",True,True,Clear or Partly Cloudy,Dry,Daylight,,,,14.0,From same direction - both going straight - one stopped - rear-end,0,0,False,0
-122.329048659424,47.5933425292342,198582,287540,288420,3756473,Matched,Block,,4TH AVE S BETWEEN I90 WB 4TH AV OFF RP AND S ROYAL BROUGHAM WAY, ,,1,Property Damage Only Collision,Left Turn,2,0,0,2,0,0,2018-05-17 00:00:00+00,5/17/2018 8:32:00 AM,Driveway Junction,11,"MOTOR VEHICLE STRUCK MOTOR VEHICLE, FRONT END AT ANGLE",,False,Overcast,Dry,Daylight,,,,28.0,From opposite direction - one left turn - one straight,0,0,False,0
-122.272166997235,47.5424793595351,198583,287029,287909,3814853,Matched,Block,,S HOLLY ST BETWEEN RAINIER AVE S AND 49TH AVE S, ,,1,Property Damage Only Collision,Parked Car,2,0,0,2,0,0,2018-05-13 00:00:00+00,5/13/2018 7:19:00 PM,Mid-Block (not related to intersection),11,"MOTOR VEHICLE STRUCK MOTOR VEHICLE, FRONT END AT ANGLE",,False,,Dry,Daylight,,,,32.0,One parked--one moving,0,0,True,0
-122.314866148801,47.6612807946736,198584,287539,288419,3754391,Matched,Block,,NE 45TH ST BETWEEN 12TH AVE NE AND BROOKLYN AVE NE, ,,2,Injury Collision,Other,2,0,0,2,1,0,2018-05-13 00:00:00+00,5/13/2018 1:52:00 AM,Mid-Block (but intersection related),11,"MOTOR VEHICLE STRUCK MOTOR VEHICLE, FRONT END AT ANGLE",True,False,Clear or Partly Cloudy,Dry,Dark - Street Lights On,,,,23.0,From same direction - all others,0,0,False,0
-122.323489941584,47.6567511358099,198585,286599,287459,E794432,Matched,Block,,5TH AVE NE BETWEEN NE 40 UPPER ST AND NE 42ND W ST, ,,1,Property Damage Only Collision,Parked Car,2,0,0,2,0,0,2018-05-01 00:00:00+00,5/1/2018 5:49:00 PM,Mid-Block (not related to intersection),14,"MOTOR VEHICLE STRUCK MOTOR VEHICLE, REAR END",,False,Clear or Partly Cloudy,Dry,Daylight,,,,32.0,One parked--one moving,0,0,False,0
-122.314015010207,47.5347648065047,198586,287028,287908,3814804,Matched,Block,,EAST MARGINAL WAY S BETWEEN 14TH AVE S AND 16TH AVE S, ,,2,Injury Collision,Rear Ended,2,0,0,2,1,0,2018-05-14 00:00:00+00,5/14/2018 5:26:00 PM,Mid-Block (but intersection related),14,"MOTOR VEHICLE STRUCK MOTOR VEHICLE, REAR END",,False,Clear or Partly Cloudy,Dry,Daylight,,,,14.0,From same direction - both going straight - one stopped - rear-end,0,0,False,0
-122.346696114974,47.6422552025765,198588,287538,288418,3753535,Matched,Block,,HALLADAY ST BETWEEN AURORA AVE N AND BIRCH AVE N, ,,1,Property Damage Only Collision,Rear Ended,2,0,0,2,0,0,2018-05-17 00:00:00+00,5/17/2018 3:15:00 PM,Mid-Block (but intersection related),14,"MOTOR VEHICLE STRUCK MOTOR VEHICLE, REAR END",,False,Clear or Partly Cloudy,Dry,Daylight,,,,14.0,From same direction - both going straight - one stopped - rear-end,0,0,False,0
-122.278224275934,47.5089197827737,198589,286597,287457,3814802,Matched,Block,,M L KING JR ER WAY S BETWEEN CITY LIMITS AND S RYAN WAY, ,,2b,Serious Injury Collision,Other,1,0,0,1,1,0,2018-05-12 00:00:00+00,5/12/2018 4:15:00 AM,Mid-Block (not related to intersection),28,MOTOR VEHICLE RAN OFF ROAD - HIT FIXED OBJECT,True,False,Clear or Partly Cloudy,Dry,Dark - Street Lights On,,,,50.0,Fixed object,0,0,False,1
-122.30751049784,47.6907734843231,198590,287537,288417,3751053,Matched,Block,,LAKE CITY WAY NE BETWEEN NE 85TH ST AND 20TH AVE NE, ,,1,Property Damage Only Collision,Rear Ended,2,0,0,2,0,0,2018-05-15 00:00:00+00,5/15/2018 7:01:00 PM,Mid-Block (not related to intersection),14,"MOTOR VEHICLE STRUCK MOTOR VEHICLE, REAR END",True,False,Clear or Partly Cloudy,Dry,Daylight,,,,13.0,From same direction - both going straight - both moving - rear-end,0,0,False,0
-122.303106690786,47.5545273416644,198591,287027,287907,3814803,Matched,Block,,BEACON WR AVE S BETWEEN S BENNETT ST AND S BRANDON ST, ,,2,Injury Collision,Parked Car,2,0,0,2,1,0,2018-05-13 00:00:00+00,5/13/2018 11:59:00 PM,Mid-Block (not related to intersection),14,"MOTOR VEHICLE STRUCK MOTOR VEHICLE, REAR END",,True,Clear or Partly Cloudy,Dry,Dark - Street Lights On,,,,32.0,One parked--one moving,0,0,True,0
-122.334311746257,47.6249058756342,198592,287026,287906,3812040,Matched,Block,,FAIRVIEW AVE N BETWEEN MERCER ST AND ROY ST, ,,1,Property Damage Only Collision,Sideswipe,2,0,0,2,0,0,2018-05-13 00:00:00+00,5/13/2018 12:13:00 PM,Mid-Block (not related to intersection),11,"MOTOR VEHICLE STRUCK MOTOR VEHICLE, FRONT END AT ANGLE",,False,Clear or Partly Cloudy,Dry,Daylight,,,,11.0,From same direction - both going straight - both moving - sideswipe,0,0,False,0
-122.326355495633,47.6004528511225,198593,286817,287697,E796060,Matched,Block,,6TH AVE S BETWEEN S WASHINGTON ST AND S MAIN ST, ,,1,Property Damage Only Collision,Parked Car,2,0,0,2,0,0,2018-04-20 00:00:00+00,4/20/2018 3:02:00 AM,Mid-Block (not related to intersection),14,"MOTOR VEHICLE STRUCK MOTOR VEHICLE, REAR END",,False,Clear or Partly Cloudy,Dry,Dark - Street Lights On,,,,32.0,One parked--one moving,0,0,False,0
-122.373914632371,47.6308802065716,198594,287525,288405,E797655,Matched,Block,,ELLIOTT AVE W BETWEEN W LEE ST AND W GALER ST FLYOVER, ,,1,Property Damage Only Collision,Sideswipe,2,0,0,2,0,0,2018-04-24 00:00:00+00,4/24/2018 1:10:00 PM,Mid-Block (not related to intersection),11,"MOTOR VEHICLE STRUCK MOTOR VEHICLE, FRONT END AT ANGLE",,False,Clear or Partly Cloudy,Dry,Daylight,,,,11.0,From same direction - both going straight - both moving - sideswipe,0,0,False,0
-122.337076658394,47.6869186847173,198595,287025,287905,3764669,Matched,Block,,N 80TH ST BETWEEN DENSMORE E AVE N AND WALLINGFORD AVE N, ,,1,Property Damage Only Collision,Other,1,0,0,1,0,0,2018-05-06 00:00:00+00,5/6/2018 1:26:00 PM,Mid-Block (not related to intersection),28,MOTOR VEHICLE RAN OFF ROAD - HIT FIXED OBJECT,,False,Clear or Partly Cloudy,Dry,Daylight,,,True,50.0,Fixed object,0,0,False,0