longitude,latitude,objectid,inckey,coldetkey,reportno,status,addrtype,intkey,location,exceptrsncode,exceptrsndesc,severitycode,severitydesc,collisiontype,personcount,pedcount,pedcylcount,vehcount,injuries,fatalities,incdate,incdttm,junctiontype,sdot_colcode,sdot_coldesc,inattentionind,underinfl,weather,roadcond,lightcond,pedrownotgrnt,sdotcolnum,speeding,st_colcode,st_coldesc,seglanekey,crosswalkkey,hitparkedcar,seriousinjuries
-122.323424857495,47.6649766065994,198596,286460,287320,3754505,Matched,Block,,NE 50TH ST BETWEEN 4TH AVE NE AND 5TH AVE NE, ,,2b,Serious Injury Collision,Rear Ended,2,0,0,2,2,0,2018-05-05 00:00:00+00,5/5/2018 1:12:00 AM,Mid-Block (but intersection related),14,"MOTOR VEHICLE STRUCK MOTOR VEHICLE, REAR END",,False,Clear or Partly Cloudy,Dry,Dark - Street Lights On,,,,14.0,From same direction - both going straight - one stopped - rear-end,0,0,False,1
-122.382132749195,47.6666753633524,198633,288050,288910,E798601,Matched,Intersection,25163.0,20TH AVE NW AND LEARY AVE NW, ,,2,Injury Collision,Cycles,2,0,1,1,1,0,2018-05-03 00:00:00+00,5/3/2018 8:00:00 AM,At Intersection (intersection related),18,"MOTOR VEHICLE STRUCK PEDALCYCLIST, FRONT END AT ANGLE",,False,Clear or Partly Cloudy,Dry,Daylight,,,,6.0,Pedalcyclist Strikes Moving Vehicle,0,0,False,0
-122.378236060336,47.5636717686447,198597,286459,287319,3782623,Matched,Block,,FAUNTLEROY WAY SW BETWEEN SW AVALON WAY AND 37TH AVE SW, ,,1,Property Damage Only Collision,Rear Ended,2,0,0,2,0,0,2018-05-05 00:00:00+00,5/5/2018 3:20:00 AM,Mid-Block (not related to intersection),14,"MOTOR VEHICLE STRUCK MOTOR VEHICLE, REAR END",,False,Clear or Partly Cloudy,Dry,Dark - Street Lights On,,,,13.0,From same direction - both going straight - both moving - rear-end,0,0,False,0
-122.296947283465,47.5710332640348,198598,286458,287318,3814758,Matched,Block,,M L KING JR WR WAY S BETWEEN S DELLA ST AND S CHARLESTOWN ST, ,,1,Property Damage Only Collision,Sideswipe,2,0,0,2,0,0,2018-05-05 00:00:00+00,5/5/2018 10:00:00 AM,Mid-Block (not related to intersection),28,MOTOR VEHICLE RAN OFF ROAD - HIT FIXED OBJECT,,False,Clear or Partly Cloudy,Dry,Daylight,,,,11.0,From same direction - both going straight - both moving - sideswipe,0,0,False,0
-122.340921809162,47.6324105626055,198601,286457,287317,3812060,Matched,Block,,WESTLAKE AVE N BETWEEN GALER S ST AND 8TH N AVE N, ,,2,Injury Collision,Rear Ended,2,0,0,2,1,0,2018-05-05 00:00:00+00,5/5/2018 11:53:00 AM,Mid-Block (not related to intersection),14,"MOTOR VEHICLE STRUCK MOTOR VEHICLE, REAR END",True,True,Clear or Partly Cloudy,Dry,Daylight,,,,14.0,From same direction - both going straight - one stopped - rear-end,0,0,False,0
-122.332989781319,47.6213921900748,198602,287024,287904,3753399,Matched,Block,,MINOR AVE N BETWEEN THOMAS ST AND HARRISON ST, ,,1,Property Damage Only Collision,Parked Car,2,0,0,2,0,0,2018-05-10 00:00:00+00,5/10/2018,Mid-Block (not related to intersection),11,"MOTOR VEHICLE STRUCK MOTOR VEHICLE, FRONT END AT ANGLE",,False,Clear or Partly Cloudy,Dry,Unknown,,,,32.0,One parked--one moving,0,0,True,0
-122.313062390751,47.6656668890105,198603,287237,288117,E796900,Matched,Block,,UNIVERSITY WAY NE BETWEEN NE 50TH ST AND NE 52ND ST,NEI,"Not Enough Information, or Insufficient Location Information",1,Property Damage Only Collision,Parked Car,2,0,0,2,0,0,2018-05-09 00:00:00+00,5/9/2018 9:40:00 AM,,0,NOT ENOUGH INFORMATION / NOT APPLICABLE,,False,Unknown,Dry,Unknown,,,,32.0,One parked--one moving,0,0,True,0
-122.337805587072,47.589505526637,198604,286822,287702,E796065,Matched,Block,,ALASKAN WAY S BETWEEN S ATLANTIC ST AND S MASSACHUSETTS ST, ,,1,Property Damage Only Collision,Rear Ended,4,0,0,3,0,0,2018-04-24 00:00:00+00,4/24/2018 7:38:00 AM,Mid-Block (not related to intersection),14,"MOTOR VEHICLE STRUCK MOTOR VEHICLE, REAR END",,False,Clear or Partly Cloudy,Dry,Daylight,,,,13.0,From same direction - both going straight - both moving - rear-end,0,0,False,0
-122.337014615686,47.6136223323042,198605,286799,287679,E796059,Matched,Intersection,29551.0,6TH AVE AND STEWART ST, ,,1,Property Damage Only Collision,Angles,2,0,0,2,0,0,2018-04-17 00:00:00+00,4/17/2018 4:10:00 AM,At Intersection (intersection related),11,"MOTOR VEHICLE STRUCK MOTOR VEHICLE, FRONT END AT ANGLE",True,False,Clear or Partly Cloudy,Wet,Dark - Street Lights On,,,,10.0,Entering at angle,0,0,False,0
-122.355548762983,47.7241404825061,198606,287217,288097,E796893,Matched,Block,,GREENWOOD AVE N BETWEEN N 130TH ST AND N 132ND ST, ,,1,Property Damage Only Collision,Sideswipe,2,0,0,2,0,0,2018-04-25 00:00:00+00,4/25/2018 2:46:00 PM,Mid-Block (not related to intersection),11,"MOTOR VEHICLE STRUCK MOTOR VEHICLE, FRONT END AT ANGLE",,False,Clear or Partly Cloudy,Dry,Daylight,,,,11.0,From same direction - both going straight - both moving - sideswipe,0,0,False,0
-122.310292583086,47.6612602584158,198607,286821,287701,E795979,Matched,Block,,NE 45TH ST BETWEEN 16TH AVE NE AND 17TH SB AVE NE, ,,1,Property Damage Only Collision,Sideswipe,2,0,0,2,0,0,2018-05-04 00:00:00+00,5/4/2018 8:37:00 AM,Mid-Block (not related to intersection),11,"MOTOR VEHICLE STRUCK MOTOR VEHICLE, FRONT END AT ANGLE",True,False,Overcast,Dry,Daylight,,,,11.0,From same direction - both going straight - both moving - sideswipe,0,0,False,0
-122.33977256625,47.6051784535181,198608,286820,287700,E796064,Matched,Intersection,29633.0,ALASKAN WAY AND SENECA ST, ,,2,Injury Collision,Other,3,0,0,2,1,0,2018-04-27 00:00:00+00,4/27/2018 7:46:00 AM,At Intersection (intersection related),11,"MOTOR VEHICLE STRUCK MOTOR VEHICLE, FRONT END AT ANGLE",,False,Clear or Partly Cloudy,Dry,Daylight,,,,23.0,From same direction - all others,0,0,False,0
-122.323748387518,47.5996095547266,198609,286441,287301,3812061,Matched,Block,,7TH AVE S BETWEEN S MAIN ST AND S JACKSON ST, ,,2,Injury Collision,Parked Car,2,0,0,2,1,0,2018-05-05 00:00:00+00,5/5/2018 12:14:00 PM,Mid-Block (not related to intersection),14,"MOTOR VEHICLE STRUCK MOTOR VEHICLE, REAR END",True,False,Clear or Partly Cloudy,Dry,Daylight,,,,32.0,One parked--one moving,0,0,True,0
-122.283953616851,47.6581979571316,198610,286440,287300,3753961,Matched,Block,,41ST AVE NE BETWEEN NE BELVOIR PL AND NE 41ST ST, ,,1,Property Damage Only Collision,Parked Car,2,0,0,2,0,0,2018-05-05 00:00:00+00,5/5/2018 11:15:00 AM,Mid-Block (not related to intersection),11,"MOTOR VEHICLE STRUCK MOTOR VEHICLE, FRONT END AT ANGLE",,False,Clear or Partly Cloudy,Dry,Daylight,,,,32.0,One parked--one moving,0,0,True,0
-122.312648030335,47.7185067431708,198611,287205,288085,E796892,Matched,Block,,15TH AVE NE BETWEEN NE 123RD ST AND NE 125TH ST, ,,1,Property Damage Only Collision,Angles,2,0,0,2,0,0,2018-04-26 00:00:00+00,4/26/2018 3:47:00 PM,Mid-Block (not related to intersection),11,"MOTOR VEHICLE STRUCK MOTOR VEHICLE, FRONT END AT ANGLE",,False,Clear or Partly Cloudy,Dry,Daylight,,,,10.0,Entering at angle,0,0,False,0
-122.380055721736,47.6660843606428,198612,285097,285977,E778407,Matched,Intersection,25170.0,RUSSELL AVE NW AND NW IONE PL, ,,1,Property Damage Only Collision,Angles,2,0,0,2,0,0,2018-03-06 00:00:00+00,3/6/2018 9:39:00 AM,At Intersection (intersection related),11,"MOTOR VEHICLE STRUCK MOTOR VEHICLE, FRONT END AT ANGLE",,False,Clear or Partly Cloudy,Dry,Daylight,,,,10.0,Entering at angle,0,0,False,0
-122.372760766616,47.6896801818242,198613,285537,286397,E793046,Matched,Block,,13TH AVE NW BETWEEN NW 83RD ST AND NW 85TH ST, ,,1,Property Damage Only Collision,Parked Car,3,0,0,3,0,0,2018-04-29 00:00:00+00,4/29/2018 8:41:00 AM,Mid-Block (not related to intersection),11,"MOTOR VEHICLE STRUCK MOTOR VEHICLE, FRONT END AT ANGLE",,False,Unknown,Unknown,Unknown,,,,32.0,One parked--one moving,0,0,True,0
-122.338344434901,47.6177518471047,198614,285089,285969,E778406,Matched,Intersection,29509.0,BLANCHARD ST AND WESTLAKE AVE, ,,1,Property Damage Only Collision,Head On,2,0,0,2,0,0,2018-03-13 00:00:00+00,3/13/2018 8:46:00 AM,At Intersection (intersection related),11,"MOTOR VEHICLE STRUCK MOTOR VEHICLE, FRONT END AT ANGLE",True,False,Overcast,Dry,Daylight,,,,30.0,From opposite direction - all others,0,0,False,0
-122.340931272356,47.6639329542046,198615,285517,286377,E793045,Matched,Block,,STONE WAY N BETWEEN N 48TH ST AND N 49TH ST, ,,2,Injury Collision,Rear Ended,4,0,0,3,3,0,2018-04-28 00:00:00+00,4/28/2018 1:26:00 PM,Mid-Block (not related to intersection),14,"MOTOR VEHICLE STRUCK MOTOR VEHICLE, REAR END",,False,Overcast,Dry,Daylight,,,,13.0,From same direction - both going straight - both moving - rear-end,0,0,False,0
-122.346088800578,47.6621273423539,198616,287978,288838,E797785,Matched,Intersection,25692.0,GREEN LAKE WAY N AND N 46TH ST, ,,1,Property Damage Only Collision,Sideswipe,2,0,0,2,0,0,2018-05-11 00:00:00+00,5/11/2018 10:20:00 PM,At Intersection (intersection related),11,"MOTOR VEHICLE STRUCK MOTOR VEHICLE, FRONT END AT ANGLE",,False,Clear or Partly Cloudy,Dry,Dark - Street Lights On,,,,11.0,From same direction - both going straight - both moving - sideswipe,0,0,False,0
-122.283892572675,47.5428244621408,198617,285497,286357,E793432,Matched,Block,,M L KING JR ER WAY S BETWEEN S WARSAW ST AND S HOLLY ST, ,,1,Property Damage Only Collision,Rear Ended,5,0,0,2,0,0,2018-04-26 00:00:00+00,4/26/2018 5:28:00 PM,Driveway Junction,14,"MOTOR VEHICLE STRUCK MOTOR VEHICLE, REAR END",,False,Clear or Partly Cloudy,Dry,Daylight,,,,13.0,From same direction - both going straight - both moving - rear-end,0,0,False,0
-122.328990974533,47.6101919222074,198618,287977,288837,E798499,Matched,Block,,9TH AVE BETWEEN SENECA ST AND UNIVERSITY ST, ,,1,Property Damage Only Collision,Parked Car,2,0,0,2,0,0,2018-05-09 00:00:00+00,5/9/2018 10:09:00 AM,Mid-Block (not related to intersection),14,"MOTOR VEHICLE STRUCK MOTOR VEHICLE, REAR END",True,False,Clear or Partly Cloudy,Dry,Daylight,,,,32.0,One parked--one moving,0,0,True,0
-122.376216869116,47.6671621104434,198619,285088,285968,E778405,Matched,Intersection,25426.0,15TH AVE NW AND NW 53RD ST, ,,2,Injury Collision,Left Turn,2,0,0,2,1,0,2018-03-06 00:00:00+00,3/6/2018 12:11:00 PM,At Intersection (intersection related),11,"MOTOR VEHICLE STRUCK MOTOR VEHICLE, FRONT END AT ANGLE",,False,Clear or Partly Cloudy,Dry,Daylight,,,,28.0,From opposite direction - one left turn - one straight,0,0,False,0
-122.317227354979,47.5979199473725,198620,287962,288822,E798498,Matched,Block,,12TH AVE S BETWEEN S KING ST AND S WELLER ST, ,,1,Property Damage Only Collision,Sideswipe,3,0,0,2,0,0,2018-05-07 00:00:00+00,5/7/2018 7:43:00 AM,Mid-Block (not related to intersection),11,"MOTOR VEHICLE STRUCK MOTOR VEHICLE, FRONT END AT ANGLE",True,False,Overcast,Dry,Daylight,,,,11.0,From same direction - both going straight - both moving - sideswipe,0,0,False,0
-122.327352305154,47.6555464662931,198621,285087,285967,E778404,Matched,Block,,NE 40TH ST BETWEEN 1ST AVE NE AND 2ND AVE NE, ,,1,Property Damage Only Collision,Rear Ended,3,0,0,2,0,0,2018-03-06 00:00:00+00,3/6/2018 8:15:00 AM,Mid-Block (not related to intersection),14,"MOTOR VEHICLE STRUCK MOTOR VEHICLE, REAR END",True,False,Clear or Partly Cloudy,Dry,Daylight,,,,14.0,From same direction - both going straight - one stopped - rear-end,0,0,False,0
-122.345340458369,47.6530746415928,198622,285480,286340,E792983,Matched,Block,,BRIDGE WAY N BETWEEN N 38TH ST AND WOODLAND PK S AVE N, ,,1,Property Damage Only Collision,Parked Car,3,0,0,3,0,0,2018-04-23 00:00:00+00,4/23/2018 8:51:00 AM,Mid-Block (not related to intersection),11,"MOTOR VEHICLE STRUCK MOTOR VEHICLE, FRONT END AT ANGLE",True,False,Clear or Partly Cloudy,Dry,Daylight,,,,32.0,One parked--one moving,0,0,False,0
-122.284053735216,47.5370401327084,198623,285086,285966,E778401,Matched,Block,,S OTHELLO ST BETWEEN 38TH AVE S AND 39TH AVE S, ,,2,Injury Collision,Parked Car,4,0,0,2,1,0,2018-03-08 00:00:00+00,3/8/2018 5:10:00 PM,Mid-Block (not related to intersection),11,"MOTOR VEHICLE STRUCK MOTOR VEHICLE, FRONT END AT ANGLE",True,False,Raining,Wet,Daylight,,,,20.0,One car leaving parked position,0,0,False,0
-122.332676942382,47.6504830870685,198624,285479,286339,E792981,Matched,Intersection,27272.0,BAGLEY AVE N AND N 36TH ST, ,,1,Property Damage Only Collision,Angles,3,0,0,2,0,0,2018-04-04 00:00:00+00,4/4/2018 7:54:00 AM,At Intersection (intersection related),11,"MOTOR VEHICLE STRUCK MOTOR VEHICLE, FRONT END AT ANGLE",,False,Overcast,Wet,Daylight,,,,10.0,Entering at angle,0,0,False,0
-122.336786018242,47.5713812569949,198625,285478,286338,E793429,Matched,Intersection,32186.0,COLORADO AVE S AND S SPOKANE SR ST, ,,1,Property Damage Only Collision,Angles,3,0,0,2,0,0,2018-04-22 00:00:00+00,4/22/2018 1:32:00 PM,At Intersection (intersection related),11,"MOTOR VEHICLE STRUCK MOTOR VEHICLE, FRONT END AT ANGLE",,False,Clear or Partly Cloudy,Dry,Daylight,,,,10.0,Entering at angle,0,0,False,0
-122.265627643673,47.5198375902549,198626,287961,288821,E798251,Matched,Block,,RAINIER AVE S BETWEEN 53RD AVE S AND 54TH AVE S, ,,1,Property Damage Only Collision,Rear Ended,2,0,0,2,0,0,2018-05-14 00:00:00+00,5/14/2018 5:32:00 PM,Mid-Block (not related to intersection),14,"MOTOR VEHICLE STRUCK MOTOR VEHICLE, REAR END",,False,Clear or Partly Cloudy,Dry,Daylight,,,,13.0,From same direction - both going straight - both moving - rear-end,0,0,False,0
-122.360469155296,47.6795602860783,198627,287960,288820,E798488,Matched,Intersection,24101.0,3RD AVE NW AND NW 70TH ST, ,,2,Injury Collision,Angles,2,0,0,2,1,0,2018-05-15 00:00:00+00,5/15/2018 5:27:00 PM,At Intersection (intersection related),11,"MOTOR VEHICLE STRUCK MOTOR VEHICLE, FRONT END AT ANGLE",,False,Clear or Partly Cloudy,Dry,Daylight,,,,10.0,Entering at angle,0,0,False,0
-122.335851076143,47.5512076263619,198628,287959,288819,3814877,Matched,Intersection,33044.0,EAST MARGINAL WAY S AND S MEAD ST, ,,1,Property Damage Only Collision,Sideswipe,2,0,0,2,0,0,2018-05-17 00:00:00+00,5/17/2018 7:38:00 PM,At Intersection (intersection related),14,"MOTOR VEHICLE STRUCK MOTOR VEHICLE, REAR END",,False,Clear or Partly Cloudy,Dry,Daylight,,,,11.0,From same direction - both going straight - both moving - sideswipe,0,0,False,0
-122.353344488608,47.5840826984232,198629,285083,285963,E777829,Matched,Block,,SW FLORIDA ST BETWEEN 13TH AVE SW AND 16TH AVE SW, ,,2,Injury Collision,Rear Ended,4,0,0,3,1,0,2018-03-11 00:00:00+00,3/11/2018 6:07:00 PM,Mid-Block (not related to intersection),14,"MOTOR VEHICLE STRUCK MOTOR VEHICLE, REAR END",,False,Clear or Partly Cloudy,Dry,Daylight,,,,14.0,From same direction - both going straight - one stopped - rear-end,0,0,False,0
-122.347285911064,47.668364530046,198630,287882,288742,3706222,Matched,Block,,AURORA AVE N BETWEEN N 50 UPPER ST AND N 59TH ST, ,,2,Injury Collision,Other,1,0,0,1,1,0,2018-05-18 00:00:00+00,5/18/2018 1:12:00 PM,Mid-Block (not related to intersection),28,MOTOR VEHICLE RAN OFF ROAD - HIT FIXED OBJECT,,False,Overcast,Dry,Daylight,,,,50.0,Fixed object,0,0,False,0
-122.283892572675,47.5428244621408,198631,285280,286140,E792427,Matched,Block,,M L KING JR ER WAY S BETWEEN S WARSAW ST AND S HOLLY ST, ,,1,Property Damage Only Collision,Rear Ended,2,0,0,2,0,0,2018-04-26 00:00:00+00,4/26/2018 10:20:00 AM,Mid-Block (not related to intersection),14,"MOTOR VEHICLE STRUCK MOTOR VEHICLE, REAR END",True,False,Clear or Partly Cloudy,Dry,Daylight,,,,14.0,From same direction - both going straight - one stopped - rear-end,0,0,False,0
-122.348880727349,47.6124292484049,198632,285081,285961,E777000,Matched,Block,,ELLIOTT AVE BETWEEN BELL ST AND BATTERY ST, ,,2,Injury Collision,Pedestrian,2,1,0,1,1,0,2018-03-06 00:00:00+00,3/6/2018 4:35:00 PM,Mid-Block (not related to intersection),14,"MOTOR VEHICLE STRUCK MOTOR VEHICLE, REAR END",,False,Clear or Partly Cloudy,Dry,Daylight,,,,1.0,Vehicle turning right hits pedestrian,0,0,False,0
-122.287307854261,47.5774292573279,198634,285279,286139,E792426,Matched,Block,,MOUNT RAINIER DR S BETWEEN S MCCLELLAN ST AND S RIDGEWAY PL, ,,1,Property Damage Only Collision,Parked Car,2,0,0,2,0,0,2018-04-26 00:00:00+00,4/26/2018 9:36:00 AM,Mid-Block (not related to intersection),11,"MOTOR VEHICLE STRUCK MOTOR VEHICLE, FRONT END AT ANGLE",,False,Clear or Partly Cloudy,Dry,Daylight,,,,32.0,One parked--one moving,0,0,True,0
-122.280778790575,47.5511899518206,198635,288049,288909,E798535,Matched,Intersection,33513.0,42ND AVE S AND S ORCAS ST, ,,2,Injury Collision,Angles,3,0,0,3,1,0,2018-05-13 00:00:00+00,5/13/2018 5:34:00 PM,At Intersection (intersection related),11,"MOTOR VEHICLE STRUCK MOTOR VEHICLE, FRONT END AT ANGLE",,False,Clear or Partly Cloudy,Dry,Daylight,,,,10.0,Entering at angle,0,0,False,0
-122.347162102656,47.6137583099113,198636,287881,288741,E798267,Matched,Block,,1ST AVE BETWEEN BELL ST AND BATTERY ST, ,,1,Property Damage Only Collision,Parked Car,2,0,0,2,0,0,2018-05-10 00:00:00+00,5/10/2018 4:15:00 PM,Driveway Junction,11,"MOTOR VEHICLE STRUCK MOTOR VEHICLE, FRONT END AT ANGLE",,False,Clear or Partly Cloudy,Dry,Daylight,,,,32.0,One parked--one moving,0,0,False,0
-122.32837555401,47.6069979217696,198637,285278,286138,E792425,Matched,Block,,MARION ST BETWEEN 7TH AVE AND 8TH AVE, ,,1,Property Damage Only Collision,Right Turn,2,0,0,2,0,0,2018-04-25 00:00:00+00,4/25/2018 9:01:00 AM,Mid-Block (but intersection related),14,"MOTOR VEHICLE STRUCK MOTOR VEHICLE, REAR END",True,False,Clear or Partly Cloudy,Dry,Daylight,,,,16.0,From same direction - one right turn - one straight,0,0,False,0
-122.355299159501,47.686215109388,198638,287880,288740,3706213,Matched,Intersection,24291.0,GREENWOOD AVE N AND N 79TH ST, ,,1,Property Damage Only Collision,Angles,3,0,0,2,0,0,2018-05-07 00:00:00+00,5/7/2018 3:44:00 PM,At Intersection (intersection related),11,"MOTOR VEHICLE STRUCK MOTOR VEHICLE, FRONT END AT ANGLE",,False,Clear or Partly Cloudy,Dry,Daylight,,,,10.0,Entering at angle,0,0,False,0
-122.328319273902,47.599195910998,198639,288048,288908,3812071,Matched,Block,,S JACKSON ST BETWEEN 4TH AVE S AND 5TH AVE S, ,,1,Property Damage Only Collision,Sideswipe,3,0,0,2,0,0,2018-05-19 00:00:00+00,5/19/2018 2:58:00 PM,Mid-Block (but intersection related),11,"MOTOR VEHICLE STRUCK MOTOR VEHICLE, FRONT END AT ANGLE",True,False,Clear or Partly Cloudy,Dry,Daylight,,,,71.0,Same direction -- both turning right -- both moving -- sideswipe,0,0,False,0
-122.348880727349,47.6124292484049,198640,287879,288739,3704121,Matched,Block,,ELLIOTT AVE BETWEEN BELL ST AND BATTERY ST, ,,1,Property Damage Only Collision,Parked Car,3,0,0,2,0,0,2018-05-20 00:00:00+00,5/20/2018 1:28:00 AM,Mid-Block (not related to intersection),14,"MOTOR VEHICLE STRUCK MOTOR VEHICLE, REAR END",,False,Clear or Partly Cloudy,Dry,Dark - Street Lights On,,,True,32.0,One parked--one moving,0,0,False,0
-122.392858296906,47.6686548495974,198641,288047,288907,E798600,Matched,Intersection,25226.0,28TH AVE NW AND NW MARKET ST, ,,1,Property Damage Only Collision,Other,2,0,0,2,0,0,2018-05-16 00:00:00+00,5/16/2018 11:51:00 AM,At Intersection (intersection related),11,"MOTOR VEHICLE STRUCK MOTOR VEHICLE, FRONT END AT ANGLE",,False,Clear or Partly Cloudy,Dry,Daylight,,,,23.0,From same direction - all others,0,0,False,0
-122.328948722805,47.5311749612729,198642,285277,286137,E792371,Matched,Block,,WEST MARGINAL NB WAY S BETWEEN S HOLDEN ST AND CLOVERDALE ST ON RP, ,,1,Property Damage Only Collision,Rear Ended,2,0,0,2,0,0,2018-04-25 00:00:00+00,4/25/2018 8:44:00 AM,Mid-Block (but intersection related),14,"MOTOR VEHICLE STRUCK MOTOR VEHICLE, REAR END",,False,Clear or Partly Cloudy,Dry,Daylight,,,,14.0,From same direction - both going straight - one stopped - rear-end,0,0,False,0
-122.329824529004,47.6650129835663,198643,285258,286118,E792348,Matched,Block,,N 50TH ST BETWEEN SUNNYSIDE AVE N AND EASTERN AVE N, ,,1,Property Damage Only Collision,Rear Ended,2,0,0,2,0,0,2018-04-24 00:00:00+00,4/24/2018 9:49:00 PM,Mid-Block (not related to intersection),14,"MOTOR VEHICLE STRUCK MOTOR VEHICLE, REAR END",,False,Clear or Partly Cloudy,Dry,Dark - Street Lights On,,,,14.0,From same direction - both going straight - one stopped - rear-end,0,0,False,0
-122.33141659887,47.6161711241929,198647,287877,288737,E798266,Matched,Intersection,29852.0,BOREN AVE AND HOWELL ST, ,,1,Property Damage Only Collision,Right Turn,2,0,0,2,0,0,2018-05-10 00:00:00+00,5/10/2018 3:25:00 PM,At Intersection (intersection related),11,"MOTOR VEHICLE STRUCK MOTOR VEHICLE, FRONT END AT ANGLE",,False,Clear or Partly Cloudy,Dry,Daylight,,,,16.0,From same direction - one right turn - one straight,0,0,False,0
-122.341973167992,47.609781779986,198648,287857,288717,E798264,Matched,Block,,STEWART ST BETWEEN PIKE PL AND POST AL, ,,1,Property Damage Only Collision,Parked Car,2,0,0,2,0,0,2018-05-10 00:00:00+00,5/10/2018 1:00:00 PM,Mid-Block (not related to intersection),11,"MOTOR VEHICLE STRUCK MOTOR VEHICLE, FRONT END AT ANGLE",,False,Raining,Wet,Daylight,,,,32.0,One parked--one moving,0,0,False,0
-122.334254881489,47.6185172883102,198649,288043,288903,E798265,Matched,Intersection,29504.0,DENNY WAY AND FAIRVIEW AVE, ,,1,Property Damage Only Collision,Sideswipe,2,0,0,2,0,0,2018-05-10 00:00:00+00,5/10/2018 2:08:00 PM,At Intersection (intersection related),11,"MOTOR VEHICLE STRUCK MOTOR VEHICLE, FRONT END AT ANGLE",,True,Clear or Partly Cloudy,Dry,Daylight,,,,81.0,Same direction -- both turning left -- both moving -- sideswipe,0,0,False,0
-122.292280744388,47.7291997401695,198650,288042,288902,E798597,Matched,Block,,LAKE CITY WAY NE BETWEEN NE 137TH ST AND NE 140TH ST, ,,2b,Serious Injury Collision,Angles,3,0,0,3,2,0,2018-05-12 00:00:00+00,5/12/2018 8:45:00 PM,Mid-Block (not related to intersection),11,"MOTOR VEHICLE STRUCK MOTOR VEHICLE, FRONT END AT ANGLE",True,False,Clear or Partly Cloudy,Dry,Dark - Street Lights On,,,,10.0,Entering at angle,0,0,False,1
-122.32898913601,47.6068317542512,198651,287842,288702,3702598,Matched,Block,,7TH AVE BETWEEN MARION ST AND MADISON ST OFF RP, ,,1,Property Damage Only Collision,Rear Ended,3,0,0,2,0,0,2018-05-20 00:00:00+00,5/20/2018 1:25:00 PM,Mid-Block (not related to intersection),14,"MOTOR VEHICLE STRUCK MOTOR VEHICLE, REAR END",,False,Overcast,Dry,Daylight,,,,14.0,From same direction - both going straight - one stopped - rear-end,0,0,False,0
-122.351410821913,47.6731650643323,198653,288041,288901,E798596,Matched,Intersection,25610.0,EVANSTON AVE N AND N 61ST ST, ,,1,Property Damage Only Collision,Angles,3,0,0,2,0,0,2018-05-13 00:00:00+00,5/13/2018 3:22:00 PM,At Intersection (intersection related),11,"MOTOR VEHICLE STRUCK MOTOR VEHICLE, FRONT END AT ANGLE",,False,Clear or Partly Cloudy,Dry,Daylight,,,,10.0,Entering at angle,0,0,False,0
-122.334275943277,47.7341365013854,198654,285240,286100,E783358,Matched,Intersection,35910.0,MERIDIAN AVE N AND N 145TH ST, ,,2b,Serious Injury Collision,Angles,4,0,0,4,2,0,2018-03-18 00:00:00+00,3/18/2018 10:53:00 AM,At Intersection (intersection related),11,"MOTOR VEHICLE STRUCK MOTOR VEHICLE, FRONT END AT ANGLE",,False,Clear or Partly Cloudy,Dry,Daylight,,,,10.0,Entering at angle,0,0,False,1
-122.343410431807,47.6486370962251,198655,285538,286398,E793047,Matched,Block,,N 34TH ST BETWEEN WOODLAND PARK AVE N AND STONE WAY N, ,,2,Injury Collision,Cycles,2,0,1,1,1,0,2018-04-28 00:00:00+00,4/28/2018 12:48:00 PM,Driveway Junction,18,"MOTOR VEHICLE STRUCK PEDALCYCLIST, FRONT END AT ANGLE",True,False,Overcast,Wet,Daylight,,,True,6.0,Pedalcyclist Strikes Moving Vehicle,8850,0,False,0
-122.355544668527,47.7223242149373,198656,287980,288840,E798590,Matched,Block,,GREENWOOD AVE N BETWEEN N 127TH ST AND N 130TH ST, ,,1,Property Damage Only Collision,Head On,5,0,0,2,0,0,2018-05-12 00:00:00+00,5/12/2018 6:25:00 PM,Mid-Block (not related to intersection),11,"MOTOR VEHICLE STRUCK MOTOR VEHICLE, FRONT END AT ANGLE",,False,Clear or Partly Cloudy,Dry,Daylight,,,,30.0,From opposite direction - all others,0,0,False,0
-122.334275943277,47.7341365013854,198657,285239,286099,E783324,Matched,Intersection,35910.0,MERIDIAN AVE N AND N 145TH ST, ,,2,Injury Collision,Left Turn,5,0,0,2,2,0,2018-03-28 00:00:00+00,3/28/2018 9:40:00 AM,At Intersection (intersection related),14,"MOTOR VEHICLE STRUCK MOTOR VEHICLE, REAR END",,False,Clear or Partly Cloudy,Wet,Daylight,,,True,15.0,From same direction - one left turn - one straight,0,0,False,0
-122.333366505619,47.6173283912533,198658,285098,285978,E778408,Matched,Block,,BOREN AVE BETWEEN STEWART ST AND VIRGINIA ST, ,,1,Property Damage Only Collision,Sideswipe,3,0,0,2,0,0,2018-03-09 00:00:00+00,3/9/2018 8:22:00 AM,Mid-Block (not related to intersection),11,"MOTOR VEHICLE STRUCK MOTOR VEHICLE, FRONT END AT ANGLE",True,False,Clear or Partly Cloudy,Dry,Daylight,,,,11.0,From same direction - both going straight - both moving - sideswipe,0,0,False,0
-122.326812350328,47.614651771914,198659,287841,288701,3702597,Matched,Block,,BELLEVUE AVE BETWEEN E PIKE ST AND E PINE ST, ,,1,Property Damage Only Collision,Other,1,0,0,1,0,0,2018-05-20 00:00:00+00,5/20/2018 1:26:00 AM,Mid-Block (not related to intersection),28,MOTOR VEHICLE RAN OFF ROAD - HIT FIXED OBJECT,,False,Clear or Partly Cloudy,Dry,Dark - Street Lights On,,,,50.0,Fixed object,0,0,False,0