longitude,latitude,objectid,inckey,coldetkey,reportno,status,addrtype,intkey,location,exceptrsncode,exceptrsndesc,severitycode,severitydesc,collisiontype,personcount,pedcount,pedcylcount,vehcount,injuries,fatalities,incdate,incdttm,junctiontype,sdot_colcode,sdot_coldesc,inattentionind,underinfl,weather,roadcond,lightcond,pedrownotgrnt,sdotcolnum,speeding,st_colcode,st_coldesc,seglanekey,crosswalkkey,hitparkedcar,seriousinjuries
-122.345034635663,47.6484888846497,198660,287541,288421,3762868,Matched,Block,,N NORTHLAKE WAY BETWEEN BURKE GILMAN TRL AND STONE WAY N, ,,2,Injury Collision,Rear Ended,2,0,0,2,1,0,2018-05-14 00:00:00+00,5/14/2018 6:22:00 PM,Mid-Block (but intersection related),14,"MOTOR VEHICLE STRUCK MOTOR VEHICLE, REAR END",True,False,Clear or Partly Cloudy,Dry,Daylight,,,,14.0,From same direction - both going straight - one stopped - rear-end,0,0,False,0
-122.307792135712,47.6830467094146,198661,287979,288839,E798589,Matched,Intersection,24761.0,19TH AVE NE AND NE 75TH ST, ,,1,Property Damage Only Collision,Rear Ended,4,0,0,2,0,0,2018-05-12 00:00:00+00,5/12/2018 12:50:00 PM,At Intersection (intersection related),14,"MOTOR VEHICLE STRUCK MOTOR VEHICLE, REAR END",True,False,Clear or Partly Cloudy,Dry,Daylight,,,,14.0,From same direction - both going straight - one stopped - rear-end,0,0,False,0
-122.340681494434,47.6134459926536,198662,286478,287338,3812008,Matched,Block,,4TH AVE BETWEEN VIRGINIA ST AND LENORA ST, ,,1,Property Damage Only Collision,Parked Car,3,0,0,2,0,0,2018-05-06 00:00:00+00,5/6/2018 6:26:00 PM,Mid-Block (not related to intersection),14,"MOTOR VEHICLE STRUCK MOTOR VEHICLE, REAR END",,False,Clear or Partly Cloudy,Dry,Daylight,,,,32.0,One parked--one moving,0,0,True,0
-122.386924126888,47.5560800852017,198663,286477,287337,3745927,Matched,Block,,CALIFORNIA AVE SW BETWEEN SW DAWSON N ST AND SW DAWSON S ST, ,,1,Property Damage Only Collision,Parked Car,2,0,0,2,0,0,2018-05-06 00:00:00+00,5/6/2018 2:30:00 PM,Mid-Block (not related to intersection),14,"MOTOR VEHICLE STRUCK MOTOR VEHICLE, REAR END",,True,Clear or Partly Cloudy,Dry,Daylight,,,,32.0,One parked--one moving,0,0,False,0
-122.322859393116,47.6801630986091,198664,285937,286799,E793995,Matched,Intersection,24457.0,5TH AVE NE AND NE 71ST ST, ,,2,Injury Collision,Angles,3,0,0,2,1,0,2018-04-28 00:00:00+00,4/28/2018 5:26:00 PM,At Intersection (intersection related),11,"MOTOR VEHICLE STRUCK MOTOR VEHICLE, FRONT END AT ANGLE",,False,Raining,Wet,Daylight,,,,10.0,Entering at angle,0,0,False,0
-122.36979382543,47.5438592802639,198665,286465,287325,3742147,Matched,Block,,30TH AVE SW BETWEEN SW MORGAN ST AND HIGH POINT W DR SW, ,,1,Property Damage Only Collision,Parked Car,2,0,0,2,0,0,2018-05-04 00:00:00+00,5/4/2018 5:00:00 PM,Mid-Block (not related to intersection),14,"MOTOR VEHICLE STRUCK MOTOR VEHICLE, REAR END",,False,Clear or Partly Cloudy,Dry,Unknown,,,,32.0,One parked--one moving,0,0,True,0
-122.303835640303,47.676697346917,198667,285918,286797,E793994,Matched,Block,,RAVENNA AVE NE BETWEEN NE 65TH ST AND NE 68TH ST, ,,1,Property Damage Only Collision,Parked Car,2,0,0,2,0,0,2018-04-29 00:00:00+00,4/29/2018 2:42:00 PM,Driveway Junction,14,"MOTOR VEHICLE STRUCK MOTOR VEHICLE, REAR END",,False,Clear or Partly Cloudy,Dry,Daylight,,,,32.0,One parked--one moving,0,0,False,0
-122.378185484092,47.5705850728953,198668,286464,287324,3570925,Matched,Block,,37TH AVE SW BETWEEN SW MANNING ST AND SW CHARLESTOWN E ST, ,,1,Property Damage Only Collision,Parked Car,2,0,0,2,0,0,2018-05-04 00:00:00+00,5/4/2018 10:22:00 PM,Mid-Block (not related to intersection),14,"MOTOR VEHICLE STRUCK MOTOR VEHICLE, REAR END",,False,Clear or Partly Cloudy,Dry,Dark - Street Lights On,,,,32.0,One parked--one moving,0,0,True,0
-122.344946818331,47.7204806266264,198669,286140,287000,E794313,Matched,Block,,AURORA AVE N BETWEEN N 125TH ST AND N 127TH ST, ,,1,Property Damage Only Collision,Angles,2,0,0,2,0,0,2018-04-27 00:00:00+00,4/27/2018 9:00:00 AM,Driveway Junction,11,"MOTOR VEHICLE STRUCK MOTOR VEHICLE, FRONT END AT ANGLE",True,False,Clear or Partly Cloudy,Dry,Daylight,,,,10.0,Entering at angle,0,0,False,0
-122.352026672954,47.6166351887929,198670,286463,287323,3740037,Matched,Block,,1ST AVE BETWEEN CLAY ST AND BROAD ST, ,,1,Property Damage Only Collision,Parked Car,2,0,0,2,0,0,2018-05-04 00:00:00+00,5/4/2018 10:50:00 PM,Mid-Block (not related to intersection),14,"MOTOR VEHICLE STRUCK MOTOR VEHICLE, REAR END",,False,Clear or Partly Cloudy,Dry,Dark - Street Lights On,,,,32.0,One parked--one moving,0,0,True,0
-122.26473014088,47.5116544273878,198671,286462,287322,3583394,Matched,Block,,55TH AVE S BETWEEN RENTON AVE S AND S RYAN ST, ,,1,Property Damage Only Collision,Other,1,0,0,1,0,0,2018-05-04 00:00:00+00,5/4/2018 11:21:00 PM,Mid-Block (not related to intersection),28,MOTOR VEHICLE RAN OFF ROAD - HIT FIXED OBJECT,,False,Clear or Partly Cloudy,Dry,Dark - Street Lights On,,,,50.0,Fixed object,0,0,False,0
-122.346735965046,47.5246435076066,198674,285898,286758,E793852,Matched,Intersection,35030.0,9TH AVE SW AND SW TRENTON ST, ,,2,Injury Collision,Angles,3,0,0,2,1,0,2018-05-01 00:00:00+00,5/1/2018 6:34:00 PM,At Intersection (intersection related),11,"MOTOR VEHICLE STRUCK MOTOR VEHICLE, FRONT END AT ANGLE",,False,Clear or Partly Cloudy,Dry,Daylight,,,,10.0,Entering at angle,0,0,False,0
-122.340864004595,47.5172768543589,198676,285618,286478,3578841,Matched,Block,,SW ROXBURY ST BETWEEN OLSON PL SW AND 5TH AVE SW, ,,1,Property Damage Only Collision,Sideswipe,6,0,0,2,0,0,2018-05-02 00:00:00+00,5/2/2018 9:18:00 AM,Mid-Block (but intersection related),11,"MOTOR VEHICLE STRUCK MOTOR VEHICLE, FRONT END AT ANGLE",,False,Clear or Partly Cloudy,Dry,Daylight,,,,11.0,From same direction - both going straight - both moving - sideswipe,0,0,False,0
-122.323239228078,47.5470245031927,198677,286461,287321,3814757,Matched,Block,,S MICHIGAN ST BETWEEN 7TH AVE S AND CORSON AVE S, ,,1,Property Damage Only Collision,Other,1,0,0,1,0,0,2018-05-05 00:00:00+00,5/5/2018 12:12:00 AM,Mid-Block (not related to intersection),28,MOTOR VEHICLE RAN OFF ROAD - HIT FIXED OBJECT,True,False,Clear or Partly Cloudy,Dry,Dark - Street Lights On,,,,50.0,Fixed object,0,0,False,0
-122.3290487435,47.5923943831953,198678,285940,286802,E794048,Matched,Intersection,30553.0,4TH AVE S AND S ROYAL BROUGHAM WAY, ,,1,Property Damage Only Collision,Left Turn,2,0,0,2,0,0,2018-04-30 00:00:00+00,4/30/2018 11:28:00 AM,At Intersection (intersection related),11,"MOTOR VEHICLE STRUCK MOTOR VEHICLE, FRONT END AT ANGLE",,False,Clear or Partly Cloudy,Dry,Daylight,,,,15.0,From same direction - one left turn - one straight,0,0,False,0
-122.322871079509,47.68088101037,198681,286218,287078,E794298,Matched,Intersection,24456.0,5TH AVE NE AND NE 72ND ST, ,,1,Property Damage Only Collision,Angles,2,0,0,2,0,0,2018-05-02 00:00:00+00,5/2/2018 5:55:00 PM,At Intersection (intersection related),11,"MOTOR VEHICLE STRUCK MOTOR VEHICLE, FRONT END AT ANGLE",,False,Clear or Partly Cloudy,Dry,Daylight,,,,10.0,Entering at angle,0,0,False,0
-122.320084736177,47.6062105856838,198682,286621,287481,E795614,Matched,Block,,E JEFFERSON ST BETWEEN BROADWAY AND 10TH AVE, ,,2,Injury Collision,Rear Ended,4,0,0,2,2,0,2018-05-04 00:00:00+00,5/4/2018 7:57:00 AM,Mid-Block (but intersection related),14,"MOTOR VEHICLE STRUCK MOTOR VEHICLE, REAR END",True,False,Overcast,Dry,Daylight,,,,14.0,From same direction - both going straight - one stopped - rear-end,0,0,False,0
-122.34198208867,47.6142148935126,198683,285617,286477,3289394,Matched,Block,,4TH AVE BETWEEN LENORA ST AND BLANCHARD ST, ,,1,Property Damage Only Collision,Pedestrian,2,0,1,1,0,0,2018-05-01 00:00:00+00,5/1/2018 6:57:00 PM,Mid-Block (not related to intersection),18,"MOTOR VEHICLE STRUCK PEDALCYCLIST, FRONT END AT ANGLE",,False,Clear or Partly Cloudy,Dry,Daylight,True,,,5.0,Vehicle Strikes Pedalcyclist,0,0,False,0
-122.345338191978,47.6625101941988,198684,286217,287077,E794169,Matched,Block,,GREEN LAKE WAY N BETWEEN N 46TH ST AND WOODLAND PARK AVE N, ,,1,Property Damage Only Collision,Sideswipe,2,0,0,2,0,0,2018-05-02 00:00:00+00,5/2/2018 8:20:00 PM,Mid-Block (but intersection related),11,"MOTOR VEHICLE STRUCK MOTOR VEHICLE, FRONT END AT ANGLE",,False,Clear or Partly Cloudy,Dry,Dark - Street Lights On,,,,81.0,Same direction -- both turning left -- both moving -- sideswipe,0,0,False,0
-122.409356606983,47.5786182763925,198685,285598,286458,3745558,Matched,Block,,60TH AVE SW BETWEEN ALKI AVE SW AND SW STEVENS ST, ,,1,Property Damage Only Collision,Parked Car,2,0,0,2,0,0,2018-04-30 00:00:00+00,4/30/2018 11:56:00 AM,Mid-Block (not related to intersection),11,"MOTOR VEHICLE STRUCK MOTOR VEHICLE, FRONT END AT ANGLE",,False,Clear or Partly Cloudy,Dry,Daylight,,,,32.0,One parked--one moving,0,0,True,0
-122.27701311438,47.6490552105371,198687,285597,286457,3706211,Matched,Block,,WEST LAURELHURST DR NE BETWEEN EAST LAURELHURST DR NE AND WEBSTER POINT RD NE, ,,2,Injury Collision,Parked Car,4,1,0,3,1,0,2018-05-02 00:00:00+00,5/2/2018 7:21:00 AM,Mid-Block (not related to intersection),14,"MOTOR VEHICLE STRUCK MOTOR VEHICLE, REAR END",,False,Clear or Partly Cloudy,Dry,Daylight,,,,32.0,One parked--one moving,0,0,False,0
-122.322102993372,47.6469219262209,198688,286619,287479,E795613,Matched,Intersection,28187.0,HARVARD AVE E AND E SHELBY ST, ,,2,Injury Collision,Pedestrian,2,0,1,1,1,0,2018-04-23 00:00:00+00,4/23/2018 6:59:00 AM,At Intersection (intersection related),21,"MOTOR VEHICLE STRUCK PEDALCYCLIST, REAR END",True,False,Clear or Partly Cloudy,Dry,Daylight,,,,5.0,Vehicle Strikes Pedalcyclist,0,0,False,0
-122.360778686096,47.6742077621346,198689,286198,287058,E794168,Matched,Intersection,25259.0,3RD AVE NW AND NW 62ND ST, ,,2,Injury Collision,Angles,5,0,0,2,2,0,2018-04-27 00:00:00+00,4/27/2018 9:19:00 PM,At Intersection (intersection related),11,"MOTOR VEHICLE STRUCK MOTOR VEHICLE, FRONT END AT ANGLE",,False,Clear or Partly Cloudy,Dry,Dark - Street Lights On,,,,10.0,Entering at angle,0,0,False,0
-122.366017051957,47.679546712575,198691,285939,286801,E794045,Matched,Intersection,24183.0,8TH AVE NW AND NW 70TH ST, ,,2,Injury Collision,Angles,2,0,0,2,1,0,2018-04-25 00:00:00+00,4/25/2018 6:25:00 PM,At Intersection (intersection related),11,"MOTOR VEHICLE STRUCK MOTOR VEHICLE, FRONT END AT ANGLE",,False,Clear or Partly Cloudy,Dry,Daylight,,,,10.0,Entering at angle,0,0,False,0
-122.328457981253,47.6129679050347,198694,285590,286450,3702587,Matched,Block,,BOREN AVE BETWEEN UNION ST AND PIKE ST, ,,2,Injury Collision,Rear Ended,6,0,0,4,2,0,2018-05-02 00:00:00+00,5/2/2018 4:10:00 PM,Mid-Block (not related to intersection),14,"MOTOR VEHICLE STRUCK MOTOR VEHICLE, REAR END",,False,Clear or Partly Cloudy,Dry,Daylight,,,True,13.0,From same direction - both going straight - both moving - rear-end,0,0,False,0
-122.342647835379,47.6638518860398,198695,285589,286449,3762866,Matched,Block,,GREEN LAKE WAY N BETWEEN N 48TH ST AND STONE AVE N, ,,1,Property Damage Only Collision,Sideswipe,2,0,0,2,0,0,2018-05-02 00:00:00+00,5/2/2018 2:14:00 PM,Mid-Block (not related to intersection),16,"MOTOR VEHICLE STRUCK MOTOR VEHICLE, LEFT SIDE SIDESWIPE",True,False,Clear or Partly Cloudy,Dry,Daylight,,,,11.0,From same direction - both going straight - both moving - sideswipe,0,0,True,0
-122.269984282626,47.5270445698514,198696,285588,286448,3814727,Matched,Block,,RAINIER AVE S BETWEEN S THISTLE ST AND S CLOVERDALE ST, ,,1,Property Damage Only Collision,Parked Car,3,0,0,3,0,0,2018-05-01 00:00:00+00,5/1/2018 8:16:00 PM,Mid-Block (not related to intersection),11,"MOTOR VEHICLE STRUCK MOTOR VEHICLE, FRONT END AT ANGLE",,False,Clear or Partly Cloudy,Dry,Dusk,,,,32.0,One parked--one moving,0,0,True,0
-122.31347563064,47.6129145776738,198697,286617,287477,E795612,Matched,Block,,E UNION ST BETWEEN 14TH AVE AND 15TH AVE, ,,1,Property Damage Only Collision,Angles,3,0,0,2,0,0,2018-04-23 00:00:00+00,4/23/2018 9:12:00 AM,Driveway Junction,11,"MOTOR VEHICLE STRUCK MOTOR VEHICLE, FRONT END AT ANGLE",,False,Clear or Partly Cloudy,Dry,Daylight,,,,10.0,Entering at angle,0,0,False,0
-122.30269423981,47.613546899431,198698,286607,287467,E795611,Matched,Block,,23RD AVE BETWEEN E UNION ST AND E PIKE ST, ,,2,Injury Collision,Rear Ended,2,0,0,2,1,0,2018-04-15 00:00:00+00,4/15/2018 10:43:00 AM,Mid-Block (but intersection related),14,"MOTOR VEHICLE STRUCK MOTOR VEHICLE, REAR END",True,False,Clear or Partly Cloudy,Dry,Daylight,,,,14.0,From same direction - both going straight - one stopped - rear-end,0,0,False,0
-122.365571033256,47.5528357962931,198701,286480,287340,3742383,Matched,Block,,26TH AVE SW BETWEEN SW BRANDON ST AND SW FINDLAY ST, ,,1,Property Damage Only Collision,Parked Car,3,0,0,3,0,0,2018-05-07 00:00:00+00,5/7/2018 12:12:00 PM,Mid-Block (not related to intersection),11,"MOTOR VEHICLE STRUCK MOTOR VEHICLE, FRONT END AT ANGLE",,False,Clear or Partly Cloudy,Dry,Daylight,,,,32.0,One parked--one moving,0,0,True,0
-122.358957076799,47.5717175284517,198704,286479,287339,3605965,Matched,Block,,W SEATTLE BR WB OFF RP BETWEEN WEST SEATTLE BR WB AND W SEATTLE BR WB-CHELAN OFF RP, ,,2,Injury Collision,Other,1,0,0,1,1,0,2018-05-07 00:00:00+00,5/7/2018 6:37:00 AM,Mid-Block (not related to intersection),26,MOTOR VEHICLE STRUCK OBJECT IN ROAD,,False,Clear or Partly Cloudy,Dry,Daylight,,,True,52.0,Vehicle overturned,0,0,False,0
-122.373594653727,47.6629315189066,198707,285540,286400,E793049,Matched,Intersection,25457.0,14TH AVE NW AND NW BALLARD WAY, ,,2,Injury Collision,Angles,3,0,0,2,1,0,2018-04-28 00:00:00+00,4/28/2018 12:41:00 PM,At Intersection (intersection related),11,"MOTOR VEHICLE STRUCK MOTOR VEHICLE, FRONT END AT ANGLE",,False,Raining,Wet,Daylight,,,,10.0,Entering at angle,0,0,False,0
-122.354470265148,47.6531975963107,198708,285539,286399,E793048,Matched,Block,,PHINNEY AVE N BETWEEN N 36TH ST AND N 39TH ST, ,,1,Property Damage Only Collision,Parked Car,2,0,0,2,0,0,2018-04-21 00:00:00+00,4/21/2018 4:00:00 PM,Mid-Block (not related to intersection),11,"MOTOR VEHICLE STRUCK MOTOR VEHICLE, FRONT END AT ANGLE",,False,Clear or Partly Cloudy,Dry,Unknown,,,,32.0,One parked--one moving,0,0,True,0
-122.304912186033,47.6613286565804,198711,287985,288845,E798593,Matched,Intersection,26081.0,22ND AVE NE AND NE 45TH NR ST, ,,1,Property Damage Only Collision,Angles,2,0,0,2,0,0,2018-05-14 00:00:00+00,5/14/2018 1:41:00 PM,At Intersection (intersection related),14,"MOTOR VEHICLE STRUCK MOTOR VEHICLE, REAR END",,False,Clear or Partly Cloudy,Dry,Daylight,,,,10.0,Entering at angle,0,0,False,0
-122.334191683391,47.5715781844494,198712,287045,287925,3745587,Matched,Block,,WEST SEATTLE BR WB BETWEEN 1ST AV S OFF RP AND 1ST AV S ON RP, ,,1,Property Damage Only Collision,Rear Ended,2,0,0,2,0,0,2018-05-10 00:00:00+00,5/10/2018 2:13:00 PM,Mid-Block (not related to intersection),14,"MOTOR VEHICLE STRUCK MOTOR VEHICLE, REAR END",True,False,Clear or Partly Cloudy,Dry,Daylight,,,,14.0,From same direction - both going straight - one stopped - rear-end,0,0,False,0
-122.267363581212,47.5198485264877,198713,287984,288844,E798500,Matched,Intersection,35460.0,52ND AVE S AND RAINIER AVE S, ,,1,Property Damage Only Collision,Rear Ended,4,0,0,2,0,0,2018-05-10 00:00:00+00,5/10/2018 7:35:00 AM,At Intersection (intersection related),14,"MOTOR VEHICLE STRUCK MOTOR VEHICLE, REAR END",True,False,Overcast,Dry,Daylight,,,,13.0,From same direction - both going straight - both moving - rear-end,0,0,False,0
-122.386112208486,47.5664904127052,198714,287044,287924,3745561,Matched,Block,,SW DAKOTA ST BETWEEN 42ND AVE SW AND CALIFORNIA AVE SW, ,,1,Property Damage Only Collision,Parked Car,2,0,0,2,0,0,2018-05-12 00:00:00+00,5/12/2018 10:05:00 AM,Mid-Block (not related to intersection),14,"MOTOR VEHICLE STRUCK MOTOR VEHICLE, REAR END",,False,Clear or Partly Cloudy,Dry,Daylight,,,,32.0,One parked--one moving,0,0,True,0
-122.32244687668,47.5882252064474,198715,287546,288426,3814732,Matched,Block,,S MASSACHUSETTS ST BETWEEN 8TH AVE S AND AIRPORT WAY S, ,,2,Injury Collision,Parked Car,5,0,0,4,1,0,2018-05-16 00:00:00+00,5/16/2018 4:21:00 AM,Mid-Block (not related to intersection),14,"MOTOR VEHICLE STRUCK MOTOR VEHICLE, REAR END",,False,Clear or Partly Cloudy,Dry,Dawn,,,,32.0,One parked--one moving,0,0,False,0
-122.320532508759,47.7072112767677,198716,287043,287923,E795975,Matched,Block,,8TH AVE NE BETWEEN NE 106TH ST AND NE NORTHGATE WAY, ,,1,Property Damage Only Collision,Head On,2,0,0,2,0,0,2018-04-24 00:00:00+00,4/24/2018 10:00:00 AM,Driveway Junction,11,"MOTOR VEHICLE STRUCK MOTOR VEHICLE, FRONT END AT ANGLE",,False,Clear or Partly Cloudy,Dry,Daylight,,,,30.0,From opposite direction - all others,0,0,False,0
-122.30278275927,47.6657333280608,198718,287983,288843,E798592,Matched,Block,,NE 51ST ST BETWEEN RAVENNA AVE NE AND NE BLAKELEY ST, ,,1,Property Damage Only Collision,Parked Car,2,0,0,2,0,0,2018-05-14 00:00:00+00,5/14/2018 4:21:00 PM,Mid-Block (not related to intersection),11,"MOTOR VEHICLE STRUCK MOTOR VEHICLE, FRONT END AT ANGLE",,False,Clear or Partly Cloudy,Dry,Daylight,,,,32.0,One parked--one moving,0,0,True,0
-122.356078751296,47.6221057836815,198719,287544,288424,3784837,Matched,Block,,HARRISON ST BETWEEN QUEEN ANNE AVE N AND 1ST AVE N, ,,2,Injury Collision,Angles,2,0,0,2,1,0,2018-05-15 00:00:00+00,5/15/2018 6:04:00 PM,Driveway Junction,18,"MOTOR VEHICLE STRUCK PEDALCYCLIST, FRONT END AT ANGLE",,False,Clear or Partly Cloudy,Dry,Daylight,,,,10.0,Entering at angle,0,0,False,0
-122.300635128401,47.6766821489543,198720,287982,288842,E798591,Matched,Block,,25TH AVE NE BETWEEN NE 65TH ST AND NE 68TH ST, ,,1,Property Damage Only Collision,Sideswipe,2,0,0,2,0,0,2018-05-11 00:00:00+00,5/11/2018 4:20:00 PM,Mid-Block (not related to intersection),11,"MOTOR VEHICLE STRUCK MOTOR VEHICLE, FRONT END AT ANGLE",True,False,Clear or Partly Cloudy,Dry,Daylight,,,,11.0,From same direction - both going straight - both moving - sideswipe,0,0,False,0
-122.310949419142,47.5951162837385,198721,287981,288841,3578883,Matched,Block,,RAINIER AVE S BETWEEN S DEARBORN ST AND S CHARLES N ST, ,,1,Property Damage Only Collision,Other,1,0,0,1,0,0,2018-05-18 00:00:00+00,5/18/2018 12:04:00 PM,Mid-Block (not related to intersection),28,MOTOR VEHICLE RAN OFF ROAD - HIT FIXED OBJECT,,False,Clear or Partly Cloudy,Dry,Daylight,,,True,50.0,Fixed object,0,0,False,0
-122.38854534481,47.5512277672032,198722,287042,287922,3745560,Matched,Block,,44TH AVE SW BETWEEN SW FINDLAY ST AND SW JUNEAU ST, ,,1,Property Damage Only Collision,Parked Car,2,0,0,2,0,0,2018-05-11 00:00:00+00,5/11/2018 12:49:00 PM,Mid-Block (not related to intersection),14,"MOTOR VEHICLE STRUCK MOTOR VEHICLE, REAR END",,False,Clear or Partly Cloudy,Dry,Daylight,,,,32.0,One parked--one moving,0,0,False,0
-122.376216869116,47.6671621104434,198723,287041,287921,E796874,Matched,Intersection,25426.0,15TH AVE NW AND NW 53RD ST, ,,1,Property Damage Only Collision,Other,2,0,0,2,0,0,2018-05-02 00:00:00+00,5/2/2018 11:57:00 AM,At Intersection (intersection related),11,"MOTOR VEHICLE STRUCK MOTOR VEHICLE, FRONT END AT ANGLE",,False,Clear or Partly Cloudy,Dry,Daylight,,,,23.0,From same direction - all others,0,0,False,0
-122.39077948066,47.5684442077233,198724,287040,287920,3742333,Matched,Intersection,31970.0,46TH AVE SW AND SW ANDOVER ST, ,,1,Property Damage Only Collision,Angles,4,0,0,2,0,0,2018-05-14 00:00:00+00,5/14/2018 8:32:00 PM,At Intersection (intersection related),11,"MOTOR VEHICLE STRUCK MOTOR VEHICLE, FRONT END AT ANGLE",,False,Clear or Partly Cloudy,Dry,Dawn,,,,10.0,Entering at angle,0,0,False,0
-122.348892149381,47.6191587222402,198725,287543,288423,3784689,Matched,Block,,4TH AVE N BETWEEN DENNY WAY AND BROAD ST, ,,2,Injury Collision,Parked Car,3,0,0,3,1,0,2018-05-15 00:00:00+00,5/15/2018 11:52:00 PM,Mid-Block (not related to intersection),11,"MOTOR VEHICLE STRUCK MOTOR VEHICLE, FRONT END AT ANGLE",,False,Clear or Partly Cloudy,Dry,Dark - Street Lights On,,,,32.0,One parked--one moving,0,0,True,0
-122.391758117424,47.5854562983344,198726,287039,287919,3742066,Matched,Intersection,31125.0,47TH AVE SW AND SW HILL ST, ,,2,Injury Collision,Cycles,2,0,1,1,1,0,2018-05-15 00:00:00+00,5/15/2018 8:28:00 AM,At Intersection (intersection related),51,PEDALCYCLIST STRUCK MOTOR VEHICLE FRONT END AT ANGLE,,False,Overcast,Dry,Daylight,,,,6.0,Pedalcyclist Strikes Moving Vehicle,0,0,False,0
-122.376422539205,47.5455946457684,198727,287919,288779,3745858,Matched,Block,,35TH AVE SW BETWEEN SW GRAHAM ST AND SW MORGAN ST, ,,1,Property Damage Only Collision,Parked Car,2,0,0,2,0,0,2018-05-19 00:00:00+00,5/19/2018 10:00:00 AM,Mid-Block (not related to intersection),14,"MOTOR VEHICLE STRUCK MOTOR VEHICLE, REAR END",,False,Clear or Partly Cloudy,Dry,Unknown,,,,32.0,One parked--one moving,0,0,True,0
-122.335570752919,47.5903125204311,198728,287542,288422,3764385,Matched,Block,,S ATLANTIC ST BETWEEN EAST FRONTAGE RD S AND UTAH AVE S, ,,1,Property Damage Only Collision,Sideswipe,2,0,0,2,0,0,2018-05-13 00:00:00+00,5/13/2018 12:50:00 PM,Mid-Block (not related to intersection),11,"MOTOR VEHICLE STRUCK MOTOR VEHICLE, FRONT END AT ANGLE",True,False,Clear or Partly Cloudy,Dry,Daylight,,,,12.0,From same direction - both going straight - one stopped - sideswipe,0,0,False,0
-122.363123226519,47.5619917639869,198730,287918,288778,3745856,Matched,Block,,DELRIDGE WAY SW BETWEEN SW OREGON ST AND SW ALASKA ST, ,,1,Property Damage Only Collision,Rear Ended,7,0,0,2,0,0,2018-05-15 00:00:00+00,5/15/2018 4:24:00 PM,Mid-Block (not related to intersection),14,"MOTOR VEHICLE STRUCK MOTOR VEHICLE, REAR END",,False,Clear or Partly Cloudy,Dry,Daylight,,,,13.0,From same direction - both going straight - both moving - rear-end,0,0,False,0
-122.296936324844,47.6008637583257,198731,287258,288138,E796947,Matched,Intersection,30588.0,M L KING JR WAY S AND S WASHINGTON ST, ,,1,Property Damage Only Collision,Angles,2,0,0,2,0,0,2018-04-22 00:00:00+00,4/22/2018 2:40:00 PM,At Intersection (intersection related),11,"MOTOR VEHICLE STRUCK MOTOR VEHICLE, FRONT END AT ANGLE",,False,Clear or Partly Cloudy,Dry,Daylight,,,,10.0,Entering at angle,0,0,False,0
-122.398365979362,47.675824647512,198732,286877,287757,E795981,Matched,Intersection,24033.0,32ND AVE NW AND NW 65TH ST, ,,1,Property Damage Only Collision,Other,1,0,0,1,0,0,2018-05-04 00:00:00+00,5/4/2018 10:28:00 AM,At Intersection (intersection related),26,MOTOR VEHICLE STRUCK OBJECT IN ROAD,,False,Overcast,Dry,Daylight,,,,50.0,Fixed object,0,0,False,0
-122.339072322605,47.5715064685324,198733,287902,288762,3742335,Matched,Block,,WEST SEATTLE BR EB BETWEEN 1ST AV S OFF RP AND SPOKANE ST - W SEA B RP, ,,1,Property Damage Only Collision,Rear Ended,2,0,0,2,0,0,2018-05-18 00:00:00+00,5/18/2018 9:09:00 AM,Mid-Block (not related to intersection),14,"MOTOR VEHICLE STRUCK MOTOR VEHICLE, REAR END",True,False,Overcast,Dry,Daylight,,,,13.0,From same direction - both going straight - both moving - rear-end,0,0,False,0
-122.335525603708,47.6174329010814,198734,286862,287742,E796159,Matched,Block,,TERRY AVE BETWEEN VIRGINIA ST AND LENORA ST, ,,1,Property Damage Only Collision,Right Turn,3,0,0,2,0,0,2018-05-09 00:00:00+00,5/9/2018 11:54:00 AM,Mid-Block (not related to intersection),11,"MOTOR VEHICLE STRUCK MOTOR VEHICLE, FRONT END AT ANGLE",True,False,Clear or Partly Cloudy,Dry,Daylight,,,,16.0,From same direction - one right turn - one straight,0,0,False,0
-122.344486326144,47.6836684004363,198735,287257,288137,E796895,Matched,Block,,AURORA AVE N BETWEEN N 75TH ST AND N 76TH ST, ,,2,Injury Collision,Rear Ended,4,0,0,3,2,0,2018-05-06 00:00:00+00,5/6/2018 2:53:00 PM,Mid-Block (but intersection related),14,"MOTOR VEHICLE STRUCK MOTOR VEHICLE, REAR END",,False,Clear or Partly Cloudy,Dry,Daylight,,,,14.0,From same direction - both going straight - one stopped - rear-end,0,0,False,0
-122.317229777128,47.600014558454,198736,286861,287741,E796158,Matched,Intersection,30423.0,12TH AVE S AND S MAIN ST, ,,1,Property Damage Only Collision,Angles,3,0,0,2,0,0,2018-05-09 00:00:00+00,5/9/2018 8:05:00 AM,At Intersection (intersection related),11,"MOTOR VEHICLE STRUCK MOTOR VEHICLE, FRONT END AT ANGLE",True,False,Clear or Partly Cloudy,Dry,Daylight,,,,10.0,Entering at angle,0,0,False,0
-122.355560178372,47.7291918696393,198737,287243,288123,E796904,Matched,Block,,GREENWOOD AVE N BETWEEN N 137TH ST AND N 138TH ST, ,,2,Injury Collision,Angles,2,0,0,2,1,0,2018-05-09 00:00:00+00,5/9/2018 8:34:00 AM,Driveway Junction,11,"MOTOR VEHICLE STRUCK MOTOR VEHICLE, FRONT END AT ANGLE",,False,Clear or Partly Cloudy,Dry,Daylight,,,,10.0,Entering at angle,0,0,False,0
-122.352794133754,47.534118068365,198738,287901,288761,3742068,Matched,Intersection,34149.0,14TH AVE SW AND SW HOLDEN ST, ,,1,Property Damage Only Collision,Other,1,0,0,1,0,0,2018-05-19 00:00:00+00,5/19/2018 10:43:00 PM,At Intersection (intersection related),28,MOTOR VEHICLE RAN OFF ROAD - HIT FIXED OBJECT,,False,Overcast,Wet,Dark - Street Lights On,,,True,50.0,Fixed object,0,0,False,0