longitude,latitude,objectid,inckey,coldetkey,reportno,status,addrtype,intkey,location,exceptrsncode,exceptrsndesc,severitycode,severitydesc,collisiontype,personcount,pedcount,pedcylcount,vehcount,injuries,fatalities,incdate,incdttm,junctiontype,sdot_colcode,sdot_coldesc,inattentionind,underinfl,weather,roadcond,lightcond,pedrownotgrnt,sdotcolnum,speeding,st_colcode,st_coldesc,seglanekey,crosswalkkey,hitparkedcar,seriousinjuries
-122.340668846733,47.6078591836355,198739,287899,288759,3740038,Matched,Block,,WESTERN AVE BETWEEN UNION ST AND PIKE ST, ,,2,Injury Collision,Pedestrian,2,1,0,1,1,0,2018-05-19 00:00:00+00,5/19/2018 11:14:00 PM,Mid-Block (not related to intersection),24,MOTOR VEHCILE STRUCK PEDESTRIAN,True,False,Clear or Partly Cloudy,Dry,Dark - Street Lights On,,,,0.0,Vehicle going straight hits pedestrian,0,0,False,0
-122.356714552153,47.6239285241637,198740,287242,288122,E796903,Matched,Block,,QUEEN ANNE AVE N BETWEEN REPUBLICAN ST AND MERCER ST, ,,1,Property Damage Only Collision,Other,2,0,0,2,0,0,2018-05-09 00:00:00+00,5/9/2018 11:00:00 AM,Driveway Junction,11,"MOTOR VEHICLE STRUCK MOTOR VEHICLE, FRONT END AT ANGLE",,False,Clear or Partly Cloudy,Dry,Daylight,,,,23.0,From same direction - all others,0,0,False,0
-122.317456960598,47.6815539309711,198741,287898,288758,3706225,Matched,Intersection,24446.0,ROOSEVELT WAY NE AND NE 73RD ST, ,,1,Property Damage Only Collision,Other,2,0,0,2,0,0,2018-05-20 00:00:00+00,5/20/2018 1:54:00 AM,At Intersection (but not related to intersection),14,"MOTOR VEHICLE STRUCK MOTOR VEHICLE, REAR END",,False,Clear or Partly Cloudy,Dry,Dark - Street Lights On,,,,23.0,From same direction - all others,0,0,False,0
-122.322456933099,47.5962520054985,198742,286860,287740,E796157,Matched,Block,,8TH AVE S BETWEEN S LANE ST AND S DEARBORN ST, ,,1,Property Damage Only Collision,Parked Car,2,0,0,2,0,0,2018-05-09 00:00:00+00,5/9/2018 11:20:00 AM,Driveway Junction,11,"MOTOR VEHICLE STRUCK MOTOR VEHICLE, FRONT END AT ANGLE",True,False,Clear or Partly Cloudy,Dry,Daylight,,,,32.0,One parked--one moving,0,0,False,0
-122.322731014115,47.565634114238,198743,286859,287739,E796156,Matched,Block,,AIRPORT WAY S BETWEEN S ADAMS ST AND S INDUSTRIAL WB WAY, ,,2,Injury Collision,Sideswipe,2,0,0,2,1,0,2018-05-03 00:00:00+00,5/3/2018 9:41:00 AM,Mid-Block (not related to intersection),11,"MOTOR VEHICLE STRUCK MOTOR VEHICLE, FRONT END AT ANGLE",True,False,Clear or Partly Cloudy,Dry,Daylight,,,,11.0,From same direction - both going straight - both moving - sideswipe,0,0,False,0
-122.338238289605,47.5557687495713,198744,286858,287738,E796155,Matched,Intersection,33022.0,EAST MARGINAL WAY S AND S DAWSON ST, ,,2,Injury Collision,Left Turn,6,0,0,5,2,0,2018-05-08 00:00:00+00,5/8/2018 7:45:00 AM,At Intersection (intersection related),11,"MOTOR VEHICLE STRUCK MOTOR VEHICLE, FRONT END AT ANGLE",,False,Clear or Partly Cloudy,Dry,Daylight,,,,28.0,From opposite direction - one left turn - one straight,0,0,False,0
-122.318704013472,47.674573265174,198745,287241,288121,E796902,Matched,Block,,9TH AVE NE BETWEEN NE 63RD ST AND NE 64TH ST, ,,1,Property Damage Only Collision,Parked Car,2,0,0,2,0,0,2018-05-10 00:00:00+00,5/10/2018 12:44:00 PM,Mid-Block (not related to intersection),11,"MOTOR VEHICLE STRUCK MOTOR VEHICLE, FRONT END AT ANGLE",,False,Unknown,Unknown,Unknown,,,,32.0,One parked--one moving,0,0,False,0
-122.281546893569,47.5379713009927,198747,286857,287737,E796154,Matched,Block,,M L KING JR ER WAY S BETWEEN S MYRTLE ST AND S OTHELLO ST, ,,2,Injury Collision,Rear Ended,3,0,0,3,2,0,2018-05-08 00:00:00+00,5/8/2018 8:20:00 AM,Mid-Block (not related to intersection),14,"MOTOR VEHICLE STRUCK MOTOR VEHICLE, REAR END",True,False,Clear or Partly Cloudy,Dry,Daylight,,,,14.0,From same direction - both going straight - one stopped - rear-end,0,0,False,0
-122.328634265585,47.7086287203541,198748,287897,288757,3706224,Matched,Intersection,36586.0,1ST AVE NE AND NE NORTHGATE WAY, ,,1,Property Damage Only Collision,Angles,2,0,0,2,0,0,2018-05-19 00:00:00+00,5/19/2018 9:13:00 PM,At Intersection (intersection related),14,"MOTOR VEHICLE STRUCK MOTOR VEHICLE, REAR END",True,False,Raining,Wet,Dark - Street Lights On,,,,10.0,Entering at angle,0,0,False,0
-122.349239887049,47.6541380488374,198750,287883,288743,3706223,Matched,Intersection,27060.0,FREMONT LN N AND N 39TH ST, ,,1,Property Damage Only Collision,Rear Ended,2,0,0,2,0,0,2018-05-19 00:00:00+00,5/19/2018 12:59:00 PM,At Intersection (but not related to intersection),14,"MOTOR VEHICLE STRUCK MOTOR VEHICLE, REAR END",,False,Clear or Partly Cloudy,Dry,Daylight,,,,14.0,From same direction - both going straight - one stopped - rear-end,0,0,False,0
-122.326232351437,47.723142511481,198751,287238,288118,E796901,Matched,Intersection,35970.0,3RD AVE NE AND NE 130TH ST, ,,1,Property Damage Only Collision,Angles,2,0,0,2,0,0,2018-05-09 00:00:00+00,5/9/2018 6:17:00 PM,At Intersection (intersection related),11,"MOTOR VEHICLE STRUCK MOTOR VEHICLE, FRONT END AT ANGLE",,False,Clear or Partly Cloudy,Dry,Daylight,,,,10.0,Entering at angle,0,0,False,0
-122.342102669263,47.6905441812856,198752,287560,288440,E795986,Matched,Block,,N 85TH ST BETWEEN MIDVALE AVE N AND STONE W AVE N, ,,1,Property Damage Only Collision,Rear Ended,4,0,0,3,0,0,2018-05-08 00:00:00+00,5/8/2018 8:49:00 AM,Mid-Block (not related to intersection),14,"MOTOR VEHICLE STRUCK MOTOR VEHICLE, REAR END",True,False,Clear or Partly Cloudy,Dry,Daylight,,,,13.0,From same direction - both going straight - both moving - rear-end,0,0,False,0
-122.31324547284,47.5330248924004,198753,287559,288439,3814854,Matched,Block,,16TH AVE S BETWEEN EAST MARGINAL WAY S AND BOEING DR, ,,1,Property Damage Only Collision,Other,1,0,0,1,0,0,2018-05-13 00:00:00+00,5/13/2018 9:03:00 PM,Mid-Block (not related to intersection),26,MOTOR VEHICLE STRUCK OBJECT IN ROAD,True,False,Clear or Partly Cloudy,Dry,Dark - Street Lights On,,,,50.0,Fixed object,0,0,False,0
-122.328078578054,47.6041612345606,198754,286837,287717,E796066,Matched,Intersection,29973.0,6TH AVE AND JAMES ST, ,,2,Injury Collision,Left Turn,2,0,0,2,1,0,2018-05-07 00:00:00+00,5/7/2018 1:44:00 PM,At Intersection (intersection related),11,"MOTOR VEHICLE STRUCK MOTOR VEHICLE, FRONT END AT ANGLE",,False,Clear or Partly Cloudy,Dry,Daylight,,,,28.0,From opposite direction - one left turn - one straight,0,0,False,0
-122.409356606983,47.5786182763925,198755,287046,287926,3745588,Matched,Block,,60TH AVE SW BETWEEN ALKI AVE SW AND SW STEVENS ST, ,,1,Property Damage Only Collision,Parked Car,2,0,0,2,0,0,2018-05-13 00:00:00+00,5/13/2018 11:00:00 AM,Mid-Block (not related to intersection),11,"MOTOR VEHICLE STRUCK MOTOR VEHICLE, FRONT END AT ANGLE",True,False,Clear or Partly Cloudy,Dry,Daylight,,,,32.0,One parked--one moving,0,0,True,0
-122.324042986078,47.5685038248898,198756,276684,277524,E776337,Matched,Block,,7TH AVE S BETWEEN S BRADFORD ST AND S ANDOVER ST,NEI,"Not Enough Information, or Insufficient Location Information",1,Property Damage Only Collision,Parked Car,2,0,0,2,0,0,2018-03-05 00:00:00+00,3/5/2018 1:38:00 PM,,0,NOT ENOUGH INFORMATION / NOT APPLICABLE,,False,Clear or Partly Cloudy,Wet,Daylight,,,,32.0,One parked--one moving,0,0,True,0
-122.339173571234,47.6137270692875,198758,285104,285984,E792203,Matched,Intersection,29549.0,5TH AVE AND VIRGINIA ST, ,,1,Property Damage Only Collision,Parked Car,2,0,0,2,0,0,2018-04-21 00:00:00+00,4/21/2018 6:52:00 PM,At Intersection (intersection related),11,"MOTOR VEHICLE STRUCK MOTOR VEHICLE, FRONT END AT ANGLE",,False,Overcast,Dry,Dusk,,,,32.0,One parked--one moving,0,0,False,0
-122.268531927108,47.5168422969297,198759,276682,277522,E777056,Matched,Block,,S ROXBURY ST BETWEEN RENTON AVE S AND 52ND AVE S, ,,2,Injury Collision,Rear Ended,6,0,0,2,1,0,2018-03-04 00:00:00+00,3/4/2018 6:27:00 PM,Mid-Block (not related to intersection),14,"MOTOR VEHICLE STRUCK MOTOR VEHICLE, REAR END",,False,Overcast,Wet,Dark - Street Lights On,,,,14.0,From same direction - both going straight - one stopped - rear-end,0,0,False,0
-122.299229133801,47.7338075376839,198760,285103,285983,E778513,Matched,Intersection,35993.0,27TH AVE NE AND NE 145TH ST, ,,1,Property Damage Only Collision,Angles,2,0,0,2,0,0,2018-03-08 00:00:00+00,3/8/2018 5:07:00 PM,At Intersection (intersection related),11,"MOTOR VEHICLE STRUCK MOTOR VEHICLE, FRONT END AT ANGLE",True,False,Raining,Wet,Daylight,,,,10.0,Entering at angle,0,0,False,0
-122.293309405165,47.5407208952644,198761,285102,285982,E792170,Matched,Intersection,34338.0,30TH AVE S AND S WILLOW ST, ,,1,Property Damage Only Collision,Parked Car,3,0,0,2,0,0,2018-03-25 00:00:00+00,3/25/2018 4:56:00 PM,At Intersection (intersection related),14,"MOTOR VEHICLE STRUCK MOTOR VEHICLE, REAR END",,False,Clear or Partly Cloudy,Dry,Daylight,,,,32.0,One parked--one moving,0,0,False,0
-122.32939513369,47.5659655951915,198762,276680,277520,E777039,Matched,Block,,4TH AVE S BETWEEN DIAGONAL AVE S AND COSTCO DR, ,,2,Injury Collision,Rear Ended,2,0,0,2,1,0,2018-03-08 00:00:00+00,3/8/2018 3:02:00 PM,Mid-Block (not related to intersection),14,"MOTOR VEHICLE STRUCK MOTOR VEHICLE, REAR END",,False,Raining,Wet,Daylight,,,,14.0,From same direction - both going straight - one stopped - rear-end,0,0,False,0
-122.332875207112,47.6013025275984,198763,285161,286041,E785125,Matched,Block,,OCCIDENTAL AVE S BETWEEN YESLER WAY AND S WASHINGTON ST, ,,1,Property Damage Only Collision,Parked Car,2,0,0,2,0,0,2018-03-11 00:00:00+00,3/11/2018 1:44:00 AM,Mid-Block (not related to intersection),14,"MOTOR VEHICLE STRUCK MOTOR VEHICLE, REAR END",,False,Blowing Sand or Dirt or Snow,Dry,Dark - No Street Lights,,,,32.0,One parked--one moving,0,0,False,0
-122.320152353272,47.5473569114516,198764,276679,277519,E777038,Matched,Intersection,33134.0,CARLETON AVE S AND S BAILEY ST, ,,1,Property Damage Only Collision,Rear Ended,4,0,0,2,0,0,2018-03-08 00:00:00+00,3/8/2018 12:59:00 PM,At Intersection (intersection related),14,"MOTOR VEHICLE STRUCK MOTOR VEHICLE, REAR END",,False,Raining,Wet,Daylight,,,,14.0,From same direction - both going straight - one stopped - rear-end,0,0,False,0
-122.302233451386,47.5992812926852,198765,276678,277518,E777034,Matched,Intersection,30757.0,23RD AVE S AND S JACKSON ST, ,,2,Injury Collision,Rear Ended,3,0,0,2,1,0,2018-03-07 00:00:00+00,3/7/2018 4:45:00 PM,At Intersection (intersection related),14,"MOTOR VEHICLE STRUCK MOTOR VEHICLE, REAR END",,False,Clear or Partly Cloudy,Dry,Daylight,,,,14.0,From same direction - both going straight - one stopped - rear-end,0,0,False,0
-122.302500166928,47.5918931218865,198766,285099,285979,E778490,Matched,Intersection,30811.0,23RD AVE S AND S JUDKINS ST, ,,1,Property Damage Only Collision,Angles,4,0,0,2,0,0,2018-03-10 00:00:00+00,3/10/2018 3:38:00 PM,At Intersection (intersection related),11,"MOTOR VEHICLE STRUCK MOTOR VEHICLE, FRONT END AT ANGLE",True,False,Clear or Partly Cloudy,Dry,Daylight,,,,10.0,Entering at angle,0,0,False,0
-122.377100569995,47.6760000339297,198767,288058,288918,E798609,Matched,Block,,NW 65TH ST BETWEEN 15TH AVE NW AND 16TH AVE NW, ,,2,Injury Collision,Angles,3,0,0,3,1,0,2018-05-10 00:00:00+00,5/10/2018 10:52:00 AM,Mid-Block (not related to intersection),11,"MOTOR VEHICLE STRUCK MOTOR VEHICLE, FRONT END AT ANGLE",,False,Overcast,Dry,Daylight,,,,10.0,Entering at angle,0,0,False,0
-122.381043757166,47.6759888502744,198768,288057,288917,E798608,Matched,Intersection,23950.0,19TH AVE NW AND NW 65TH ST, ,,1,Property Damage Only Collision,Angles,3,0,0,2,0,0,2018-05-01 00:00:00+00,5/1/2018 12:00:00 PM,At Intersection (intersection related),11,"MOTOR VEHICLE STRUCK MOTOR VEHICLE, FRONT END AT ANGLE",True,False,Clear or Partly Cloudy,Dry,Daylight,,,,10.0,Entering at angle,0,0,False,0
-122.33356255907,47.6718192517324,198769,288056,288916,E798606,Matched,Intersection,275715.0,KIRKWOOD PL N AND MERIDIAN AVE N, ,,1,Property Damage Only Collision,Other,2,0,0,1,0,0,2018-05-13 00:00:00+00,5/13/2018 4:18:00 AM,At Intersection (intersection related),26,MOTOR VEHICLE STRUCK OBJECT IN ROAD,True,False,Clear or Partly Cloudy,Dry,Dark - Street Lights On,,,,50.0,Fixed object,0,0,False,0
-122.280623537369,47.6321589037927,198770,276677,277517,E777017,Matched,Block,,E GALER ST BETWEEN MCGILVRA BLVD E AND 41ST AVE E, ,,1,Property Damage Only Collision,Parked Car,2,0,0,2,0,0,2018-03-04 00:00:00+00,3/4/2018 1:52:00 PM,Mid-Block (not related to intersection),16,"MOTOR VEHICLE STRUCK MOTOR VEHICLE, LEFT SIDE SIDESWIPE",,False,Overcast,Wet,Daylight,,,,32.0,One parked--one moving,0,0,True,0
-122.380671285545,47.5283802970446,198771,285157,286037,E778557,Matched,Block,,SW THISTLE ST BETWEEN 37TH AVE SW AND 39TH AVE SW, ,,1,Property Damage Only Collision,Parked Car,2,0,0,2,0,0,2018-03-13 00:00:00+00,3/13/2018 7:37:00 AM,Mid-Block (not related to intersection),14,"MOTOR VEHICLE STRUCK MOTOR VEHICLE, REAR END",,False,Overcast,Dry,Dawn,,,,32.0,One parked--one moving,0,0,False,0
-122.339119479429,47.6111998748678,198772,285290,286150,E792604,Matched,Block,,3RD AVE BETWEEN PINE ST AND STEWART ST, ,,1,Property Damage Only Collision,Other,1,0,0,1,0,0,2018-04-26 00:00:00+00,4/26/2018 11:08:00 AM,Driveway Junction,28,MOTOR VEHICLE RAN OFF ROAD - HIT FIXED OBJECT,True,False,Clear or Partly Cloudy,Dry,Daylight,,,,50.0,Fixed object,0,0,False,0
-122.269986039452,47.5233072678934,198773,288055,288915,E798605,Matched,Intersection,35443.0,RAINIER AVE S AND S HENDERSON ST, ,,1,Property Damage Only Collision,Rear Ended,2,0,0,2,0,0,2018-04-30 00:00:00+00,4/30/2018 1:25:00 AM,At Intersection (intersection related),14,"MOTOR VEHICLE STRUCK MOTOR VEHICLE, REAR END",,False,Clear or Partly Cloudy,Dry,Dark - Street Lights On,,,,14.0,From same direction - both going straight - one stopped - rear-end,0,0,False,0
-122.294379389162,47.5640928490978,198775,288054,288914,3814858,Matched,Block,,S GENESEE ST BETWEEN M L KING JR ER WAY S AND 31ST AVE S, ,,1,Property Damage Only Collision,Parked Car,2,0,0,2,0,0,2018-05-19 00:00:00+00,5/19/2018 3:00:00 PM,Mid-Block (not related to intersection),14,"MOTOR VEHICLE STRUCK MOTOR VEHICLE, REAR END",,False,Unknown,Dry,Unknown,,,,32.0,One parked--one moving,0,0,True,0
-122.360735281373,47.7014871345931,198776,288053,288913,E798604,Matched,Intersection,37122.0,3RD AVE NW AND NW 100TH ST, ,,2,Injury Collision,Angles,6,0,0,2,5,0,2018-05-12 00:00:00+00,5/12/2018 11:44:00 PM,At Intersection (intersection related),11,"MOTOR VEHICLE STRUCK MOTOR VEHICLE, FRONT END AT ANGLE",,False,Clear or Partly Cloudy,Dry,Dark - Street Lights On,,,,10.0,Entering at angle,0,0,False,0
-122.303085656063,47.6026690761223,198777,285287,286147,E792597,Matched,Block,,E FIR ST BETWEEN 22ND AVE AND 23RD AVE, ,,1,Property Damage Only Collision,Parked Car,2,0,0,2,0,0,2018-04-26 00:00:00+00,4/26/2018 5:31:00 PM,Mid-Block (not related to intersection),14,"MOTOR VEHICLE STRUCK MOTOR VEHICLE, REAR END",,False,Clear or Partly Cloudy,Dry,Daylight,,,,32.0,One parked--one moving,0,0,True,0
-122.352763052414,47.7050755549071,198779,285137,286017,E792219,Matched,Intersection,36421.0,DAYTON AVE N AND N 105TH ST, ,,2,Injury Collision,Angles,2,0,0,2,2,0,2018-04-17 00:00:00+00,4/17/2018 2:51:00 PM,At Intersection (intersection related),11,"MOTOR VEHICLE STRUCK MOTOR VEHICLE, FRONT END AT ANGLE",,False,Clear or Partly Cloudy,Dry,Daylight,,,,10.0,Entering at angle,0,0,False,0
-122.272186763905,47.5415853895456,198782,288052,288912,3814769,Matched,Block,,RAINIER AVE S BETWEEN S HOLLY ST AND S WILLOW ST, ,,2,Injury Collision,Rear Ended,3,0,0,2,1,0,2018-05-21 00:00:00+00,5/21/2018 3:07:00 PM,Mid-Block (not related to intersection),14,"MOTOR VEHICLE STRUCK MOTOR VEHICLE, REAR END",True,False,Clear or Partly Cloudy,Dry,Daylight,,,,14.0,From same direction - both going straight - one stopped - rear-end,0,0,False,0
-122.315946621933,47.6536170713589,198783,288051,288911,E798602,Matched,Block,,NE PACIFIC ST BETWEEN NE BOAT ST AND BROOKLYN AVE NE, ,,2,Injury Collision,Rear Ended,2,0,0,2,1,0,2018-05-11 00:00:00+00,5/11/2018 1:40:00 PM,Mid-Block (not related to intersection),14,"MOTOR VEHICLE STRUCK MOTOR VEHICLE, REAR END",True,False,Clear or Partly Cloudy,Dry,Daylight,,,,14.0,From same direction - both going straight - one stopped - rear-end,0,0,False,0
-122.278960505254,47.630943499626,198784,287988,288848,3702599,Matched,Block,,E LEE ST BETWEEN 42ND W AVE E AND 42ND E AVE E, ,,1,Property Damage Only Collision,Parked Car,2,0,0,2,0,0,2018-05-20 00:00:00+00,5/20/2018 6:32:00 PM,Mid-Block (not related to intersection),11,"MOTOR VEHICLE STRUCK MOTOR VEHICLE, FRONT END AT ANGLE",,True,Clear or Partly Cloudy,Dry,Daylight,,,,32.0,One parked--one moving,0,0,True,0
-122.343352204735,47.6505391198195,198785,277242,278142,3762862,Matched,Block,,N 36TH ST BETWEEN WOODLAND PARK AVE N AND STONE WAY N, ,,1,Property Damage Only Collision,Angles,2,0,0,2,0,0,2018-03-17 00:00:00+00,3/17/2018 1:20:00 PM,Driveway Junction,11,"MOTOR VEHICLE STRUCK MOTOR VEHICLE, FRONT END AT ANGLE",,False,Overcast,Dry,Daylight,,,True,10.0,Entering at angle,0,0,False,0
-122.313524534138,47.5626018241804,198786,277241,278141,3756092,Matched,Block,,15TH AVE S BETWEEN S OREGON ST AND S SNOQUALMIE ST, ,,1,Property Damage Only Collision,Parked Car,2,0,1,1,0,0,2018-03-02 00:00:00+00,3/2/2018 6:33:00 PM,Mid-Block (not related to intersection),56,PEDALCYCLIST STRUCK MOTOR VEHICLE LEFT SIDE SIDESWIPE,,True,Clear or Partly Cloudy,Dry,Dark - Street Lights On,,,,32.0,One parked--one moving,15524,0,False,0
-122.335373136651,47.6121364586989,198787,287987,288847,E798509,Matched,Intersection,29568.0,6TH AVE AND PINE ST, ,,2,Injury Collision,Pedestrian,4,1,0,1,1,0,2018-05-08 00:00:00+00,5/8/2018 2:42:00 PM,At Intersection (intersection related),24,MOTOR VEHCILE STRUCK PEDESTRIAN,,False,Clear or Partly Cloudy,Dry,Daylight,True,,,2.0,Vehicle turning left hits pedestrian,0,0,False,0
-122.302810157707,47.5599030367906,198788,285284,286144,E792504,Matched,Block,,S COLUMBIAN WAY BETWEEN 24TH AVE S AND S ANGELINE E ST, ,,1,Property Damage Only Collision,Head On,2,0,0,2,0,0,2018-04-11 00:00:00+00,4/11/2018 5:37:00 PM,Mid-Block (not related to intersection),11,"MOTOR VEHICLE STRUCK MOTOR VEHICLE, FRONT END AT ANGLE",,False,Raining,Wet,Daylight,,,,30.0,From opposite direction - all others,0,0,False,0
-122.280750600527,47.5536601641025,198789,277240,278140,3756090,Matched,Block,,42ND AVE S BETWEEN RAINIER AVE S AND S BRANDON ST, ,,2,Injury Collision,Rear Ended,2,0,0,2,1,0,2018-03-02 00:00:00+00,3/2/2018 8:39:00 AM,Mid-Block (not related to intersection),14,"MOTOR VEHICLE STRUCK MOTOR VEHICLE, REAR END",,False,Overcast,Wet,Daylight,,,,14.0,From same direction - both going straight - one stopped - rear-end,0,0,False,0
-122.360446111739,47.6545408342495,198790,285283,286143,E792491,Matched,Block,,LEARY WAY NW BETWEEN NW 39TH ST AND 3RD AVE NW, ,,2,Injury Collision,Rear Ended,2,0,0,2,1,0,2018-04-25 00:00:00+00,4/25/2018 8:42:00 AM,Mid-Block (not related to intersection),14,"MOTOR VEHICLE STRUCK MOTOR VEHICLE, REAR END",,False,Clear or Partly Cloudy,Dry,Daylight,,,,13.0,From same direction - both going straight - both moving - rear-end,0,0,False,0
-122.328956033404,47.5533960140932,198792,276685,277525,E777057,Matched,Block,,S LUCILE ST BETWEEN 4TH AVE S AND 5TH AVE S, ,,1,Property Damage Only Collision,Rear Ended,2,0,0,2,0,0,2018-03-08 00:00:00+00,3/8/2018 5:57:00 PM,Mid-Block (not related to intersection),14,"MOTOR VEHICLE STRUCK MOTOR VEHICLE, REAR END",,False,Raining,Wet,Daylight,,,,13.0,From same direction - both going straight - both moving - rear-end,0,0,False,0
-122.300780852561,47.6839508354902,198793,285282,286142,E792487,Matched,Block,,25TH AVE NE BETWEEN NE 75TH ST AND NE 77TH ST, ,,1,Property Damage Only Collision,Rear Ended,3,0,0,3,0,0,2018-04-25 00:00:00+00,4/25/2018 8:41:00 AM,Mid-Block (not related to intersection),14,"MOTOR VEHICLE STRUCK MOTOR VEHICLE, REAR END",True,False,Clear or Partly Cloudy,Dry,Daylight,,,,14.0,From same direction - both going straight - one stopped - rear-end,0,0,False,0
-122.282482597406,47.7142175284989,198794,285281,286141,E792460,Matched,Block,,SAND POINT WAY NE BETWEEN NE 115TH ST AND NE 120TH ST, ,,1,Property Damage Only Collision,Parked Car,4,0,0,2,0,0,2018-04-25 00:00:00+00,4/25/2018 9:56:00 AM,Mid-Block (not related to intersection),11,"MOTOR VEHICLE STRUCK MOTOR VEHICLE, FRONT END AT ANGLE",,False,Clear or Partly Cloudy,Dry,Daylight,,,,20.0,One car leaving parked position,0,0,False,0
-122.317527579612,47.6164272861569,198795,287986,288846,3702595,Matched,Block,,E OLIVE ST BETWEEN 11TH AVE AND 12TH AVE, ,,1,Property Damage Only Collision,Parked Car,2,0,0,2,0,0,2018-05-18 00:00:00+00,5/18/2018 12:31:00 PM,Mid-Block (not related to intersection),11,"MOTOR VEHICLE STRUCK MOTOR VEHICLE, FRONT END AT ANGLE",,False,Clear or Partly Cloudy,Dry,Daylight,,,,19.0,One car entering parked position,0,0,False,0
-122.33779291612,47.6097497331808,198796,285117,285997,E792204,Matched,Intersection,29587.0,3RD AVE AND PIKE ST, ,,2,Injury Collision,Pedestrian,2,1,0,1,1,0,2018-04-23 00:00:00+00,4/23/2018 3:12:00 PM,At Intersection (intersection related),24,MOTOR VEHCILE STRUCK PEDESTRIAN,,False,Clear or Partly Cloudy,Dry,Daylight,,,,0.0,Vehicle going straight hits pedestrian,0,0,False,0
-122.32511606735,47.660775995403,198797,279017,279917,3694696,Matched,Block,,LATONA AVE NE BETWEEN NE 44TH ST AND NE 45TH ST, ,,2,Injury Collision,Pedestrian,2,1,0,1,1,0,2018-03-26 00:00:00+00,3/26/2018 1:41:00 PM,Mid-Block (but intersection related),24,MOTOR VEHCILE STRUCK PEDESTRIAN,,False,Overcast,Wet,Daylight,True,,,1.0,Vehicle turning right hits pedestrian,0,523674,False,0
-122.328283431579,47.665367159522,198798,278997,279897,E782796,Matched,Block,,1ST AVE NE BETWEEN NE 50TH ST AND NE 51ST ST,NEI,"Not Enough Information, or Insufficient Location Information",1,Property Damage Only Collision,Parked Car,2,0,0,2,0,0,2018-03-24 00:00:00+00,3/24/2018 3:00:00 PM,,0,NOT ENOUGH INFORMATION / NOT APPLICABLE,,False,Clear or Partly Cloudy,Dry,Daylight,,,,32.0,One parked--one moving,0,0,True,0
-122.296749063289,47.6063583298884,198799,278357,279257,E780951,Matched,Block,,M L KING JR WAY BETWEEN E JEFFERSON ST AND TEMPLE PL, ,,1,Property Damage Only Collision,Angles,2,0,0,2,0,0,2018-03-19 00:00:00+00,3/19/2018 12:18:00 PM,Mid-Block (not related to intersection),11,"MOTOR VEHICLE STRUCK MOTOR VEHICLE, FRONT END AT ANGLE",,False,Clear or Partly Cloudy,Dry,Daylight,,,,10.0,Entering at angle,0,0,False,0
-122.315279688631,47.68308626417,198801,278977,279877,3694473,Matched,Intersection,24429.0,12TH AVE NE AND NE 75TH ST, ,,1,Property Damage Only Collision,Angles,3,0,0,2,0,0,2018-03-26 00:00:00+00,3/26/2018 5:51:00 PM,At Intersection (intersection related),11,"MOTOR VEHICLE STRUCK MOTOR VEHICLE, FRONT END AT ANGLE",,False,Clear or Partly Cloudy,Dry,Daylight,,,,10.0,Entering at angle,0,0,False,0
-122.270274016511,47.536957877599,198803,278957,279857,E782690,Matched,Intersection,34470.0,RAINIER AVE S AND S OTHELLO ST, ,,1,Property Damage Only Collision,Rear Ended,4,0,0,2,0,0,2018-03-26 00:00:00+00,3/26/2018 5:36:00 PM,At Intersection (intersection related),14,"MOTOR VEHICLE STRUCK MOTOR VEHICLE, REAR END",True,False,Raining,Wet,Daylight,,,,14.0,From same direction - both going straight - one stopped - rear-end,0,0,False,0
-122.340676435967,47.6603150714127,198804,280818,281698,3706056,Matched,Block,,INTERLAKE AVE N BETWEEN N 44TH ST AND N ALLEN PL, ,,1,Property Damage Only Collision,Parked Car,4,0,0,4,0,0,2018-04-02 00:00:00+00,4/2/2018 8:03:00 AM,Mid-Block (not related to intersection),11,"MOTOR VEHICLE STRUCK MOTOR VEHICLE, FRONT END AT ANGLE",,True,Clear or Partly Cloudy,Dry,Daylight,,,,32.0,One parked--one moving,0,0,True,0
-122.346088800578,47.6621273423539,198805,278937,279837,3694471,Matched,Intersection,25692.0,GREEN LAKE WAY N AND N 46TH ST, ,,1,Property Damage Only Collision,Angles,2,0,0,2,0,0,2018-03-26 00:00:00+00,3/26/2018 12:50:00 PM,At Intersection (intersection related),11,"MOTOR VEHICLE STRUCK MOTOR VEHICLE, FRONT END AT ANGLE",,False,Clear or Partly Cloudy,Dry,Daylight,,,,10.0,Entering at angle,0,0,False,0
-122.366124809218,47.6734412545098,198806,280817,281697,3706052,Matched,Block,,8TH AVE NW BETWEEN NW 61ST ST AND NW 62ND S ST, ,,2,Injury Collision,Rear Ended,5,0,0,2,3,0,2018-03-29 00:00:00+00,3/29/2018 5:32:00 PM,Mid-Block (not related to intersection),14,"MOTOR VEHICLE STRUCK MOTOR VEHICLE, REAR END",True,False,Clear or Partly Cloudy,Dry,Daylight,,,,14.0,From same direction - both going straight - one stopped - rear-end,0,0,False,0
-122.335574025233,47.610677902842,198811,278917,279817,3585531,Matched,Intersection,29576.0,5TH AVE AND PIKE ST, ,,1,Property Damage Only Collision,Angles,2,0,0,2,0,0,2018-03-27 00:00:00+00,3/27/2018 6:11:00 AM,At Intersection (intersection related),11,"MOTOR VEHICLE STRUCK MOTOR VEHICLE, FRONT END AT ANGLE",,False,Overcast,Dry,Dark - Street Lights On,,,,10.0,Entering at angle,0,0,False,0