longitude,latitude,objectid,inckey,coldetkey,reportno,status,addrtype,intkey,location,exceptrsncode,exceptrsndesc,severitycode,severitydesc,collisiontype,personcount,pedcount,pedcylcount,vehcount,injuries,fatalities,incdate,incdttm,junctiontype,sdot_colcode,sdot_coldesc,inattentionind,underinfl,weather,roadcond,lightcond,pedrownotgrnt,sdotcolnum,speeding,st_colcode,st_coldesc,seglanekey,crosswalkkey,hitparkedcar,seriousinjuries
-122.283750684999,47.6612702485774,198813,280777,281657,3705829,Matched,Block,,NE 45TH ST BETWEEN 40TH AVE NE AND 42ND AVE NE, ,,1,Property Damage Only Collision,Other,1,0,0,1,0,0,2018-04-04 00:00:00+00,4/4/2018 1:35:00 AM,Mid-Block (not related to intersection),28,MOTOR VEHICLE RAN OFF ROAD - HIT FIXED OBJECT,,False,Raining,Wet,Dark - Street Lights On,,,,50.0,Fixed object,0,0,False,0
-122.33025825542,47.5518795106743,198814,278897,279797,3578908,Matched,Block,,S ORCAS ST BETWEEN 3RD AVE S AND 4TH AVE S, ,,1,Property Damage Only Collision,Parked Car,3,0,0,3,0,0,2018-03-26 00:00:00+00,3/26/2018 7:27:00 PM,Mid-Block (not related to intersection),13,"MOTOR VEHICLE STRUCK MOTOR VEHICLE, LEFT SIDE AT ANGLE",,False,Overcast,Dry,Daylight,,,,32.0,One parked--one moving,0,0,True,0
-122.370201935934,47.5451205813152,198816,280043,280943,3693196,Matched,Block,,30TH AVE SW BETWEEN SW BATAAN ST AND SW MORGAN ST, ,,1,Property Damage Only Collision,Parked Car,3,0,0,3,0,0,2018-02-24 00:00:00+00,2/24/2018 4:39:00 PM,Mid-Block (not related to intersection),14,"MOTOR VEHICLE STRUCK MOTOR VEHICLE, REAR END",True,False,Clear or Partly Cloudy,Dry,Daylight,,,,32.0,One parked--one moving,0,0,True,0
-122.334193716667,47.5713925746739,198817,278379,279279,E777002,Matched,Intersection,32340.0,1ST AVE S AND S SPOKANE SR ST, ,,1,Property Damage Only Collision,Other,1,0,0,1,0,0,2018-03-07 00:00:00+00,3/7/2018 10:23:00 AM,At Intersection (intersection related),28,MOTOR VEHICLE RAN OFF ROAD - HIT FIXED OBJECT,True,False,Clear or Partly Cloudy,Dry,Daylight,,,,50.0,Fixed object,0,0,False,0
-122.348641560067,47.6503406080428,198818,277938,278838,E779486,Matched,Block,,N 35TH ST BETWEEN FREMONT AVE N AND TROLL AVE N,NEI,"Not Enough Information, or Insufficient Location Information",1,Property Damage Only Collision,Parked Car,2,0,0,2,0,0,2018-03-13 00:00:00+00,3/13/2018 11:30:00 AM,Mid-Block (not related to intersection),0,NOT ENOUGH INFORMATION / NOT APPLICABLE,,False,Clear or Partly Cloudy,Dry,Daylight,,,,32.0,One parked--one moving,0,0,False,0
-122.329152797127,47.6225498570604,198819,280041,280941,3584929,Matched,Block,,EASTLAKE AVE E BETWEEN HARRISON ST AND REPUBLICAN ST, ,,1,Property Damage Only Collision,Parked Car,2,0,0,2,0,0,2018-02-05 00:00:00+00,2/5/2018 11:21:00 PM,Mid-Block (not related to intersection),11,"MOTOR VEHICLE STRUCK MOTOR VEHICLE, FRONT END AT ANGLE",,False,Raining,Wet,Dark - Street Lights On,,,,32.0,One parked--one moving,0,0,False,0
-122.343515151331,47.6174676402565,198821,278378,279278,E776999,Matched,Intersection,29519.0,BOREALIS AVE AND BATTERY ST, ,,1,Property Damage Only Collision,Angles,3,0,0,2,0,0,2018-03-07 00:00:00+00,3/7/2018 11:31:00 AM,At Intersection (intersection related),11,"MOTOR VEHICLE STRUCK MOTOR VEHICLE, FRONT END AT ANGLE",,False,Overcast,Dry,Daylight,,,,10.0,Entering at angle,0,0,False,0
-122.344629552095,47.6996193677791,198822,277936,278836,E779484,Matched,Intersection,37312.0,AURORA AVE N AND N 97TH ST, ,,2,Injury Collision,Angles,3,0,0,3,1,0,2018-03-15 00:00:00+00,3/15/2018 3:47:00 PM,At Intersection (intersection related),11,"MOTOR VEHICLE STRUCK MOTOR VEHICLE, FRONT END AT ANGLE",,False,Clear or Partly Cloudy,Dry,Daylight,,,,10.0,Entering at angle,0,0,False,0
-122.333824571889,47.6037327926091,198823,278377,279277,E776997,Matched,Intersection,29969.0,2ND AVE AND COLUMBIA ST, ,,1,Property Damage Only Collision,Right Turn,2,0,0,2,0,0,2018-03-06 00:00:00+00,3/6/2018 4:22:00 PM,At Intersection (intersection related),14,"MOTOR VEHICLE STRUCK MOTOR VEHICLE, REAR END",True,False,Clear or Partly Cloudy,Dry,Daylight,,,,16.0,From same direction - one right turn - one straight,0,0,False,0
-122.34234357203,47.6246927125188,198824,280040,280940,3583895,Matched,Block,,DEXTER AVE N BETWEEN MERCER ST AND BROAD ST, ,,1,Property Damage Only Collision,Sideswipe,2,0,0,2,0,0,2018-04-03 00:00:00+00,4/3/2018 5:11:00 PM,Mid-Block (not related to intersection),14,"MOTOR VEHICLE STRUCK MOTOR VEHICLE, REAR END",,False,Clear or Partly Cloudy,Dry,Daylight,,,,12.0,From same direction - both going straight - one stopped - sideswipe,0,0,False,0
-122.331604308503,47.6046615583508,198825,280039,280939,3583892,Matched,Intersection,29966.0,4TH AVE AND COLUMBIA ST, ,,2,Injury Collision,Left Turn,3,0,0,2,2,0,2018-04-01 00:00:00+00,4/1/2018 7:34:00 PM,At Intersection (intersection related),11,"MOTOR VEHICLE STRUCK MOTOR VEHICLE, FRONT END AT ANGLE",,False,Clear or Partly Cloudy,Wet,Dusk,,,,15.0,From same direction - one left turn - one straight,0,0,False,0
-122.347801528606,47.7341290069847,198827,280038,280938,E766674,Matched,Intersection,35773.0,LINDEN AVE N AND N 145TH ST, ,,2,Injury Collision,Pedestrian,2,1,0,1,1,0,2018-02-06 00:00:00+00,2/6/2018 7:20:00 PM,At Intersection (intersection related),24,MOTOR VEHCILE STRUCK PEDESTRIAN,True,True,Overcast,Wet,Dark - Street Lights On,,,,2.0,Vehicle turning left hits pedestrian,0,0,False,0
-122.312430360312,47.7085284068181,198828,277934,278834,E779332,Matched,Intersection,36506.0,15TH AVE NE AND NE NORTHGATE WAY, ,,1,Property Damage Only Collision,Left Turn,2,0,0,2,0,0,2018-03-13 00:00:00+00,3/13/2018 6:13:00 AM,At Intersection (intersection related),11,"MOTOR VEHICLE STRUCK MOTOR VEHICLE, FRONT END AT ANGLE",,False,Clear or Partly Cloudy,Dry,Dark - Street Lights On,,,,28.0,From opposite direction - one left turn - one straight,0,0,False,0
-122.311427208232,47.6612614710969,198829,277247,278147,3769417,Matched,Block,,NE 45TH ST BETWEEN 15TH AVE NE AND 16TH AVE NE, ,,2,Injury Collision,Rear Ended,3,0,0,2,1,0,2018-02-27 00:00:00+00,2/27/2018 10:19:00 AM,Mid-Block (but intersection related),14,"MOTOR VEHICLE STRUCK MOTOR VEHICLE, REAR END",,False,Clear or Partly Cloudy,Dry,Daylight,,,,14.0,From same direction - both going straight - one stopped - rear-end,0,0,False,0
-122.325979805267,47.5749805271655,198830,277246,278146,3765000,Matched,Block,,6TH AVE S BETWEEN S HANFORD ST AND S HORTON ST, ,,1,Property Damage Only Collision,Right Turn,3,0,0,2,0,0,2018-03-16 00:00:00+00,3/16/2018 11:14:00 AM,Mid-Block (not related to intersection),11,"MOTOR VEHICLE STRUCK MOTOR VEHICLE, FRONT END AT ANGLE",,False,Clear or Partly Cloudy,Dry,Daylight,,,True,16.0,From same direction - one right turn - one straight,0,0,False,0
-122.275336390842,47.53649043172,198833,277245,278145,3764999,Matched,Block,,46TH AVE S BETWEEN S OTHELLO ST AND S FONTANELLE ST, ,,1,Property Damage Only Collision,Other,3,0,0,3,0,0,2018-03-05 00:00:00+00,3/5/2018 4:20:00 PM,Mid-Block (not related to intersection),0,NOT ENOUGH INFORMATION / NOT APPLICABLE,,False,Clear or Partly Cloudy,Dry,Daylight,,,,23.0,From same direction - all others,0,0,False,0
-122.355835838592,47.5173608414851,198834,280017,280917,E766646,Matched,Block,,SW ROXBURY ST BETWEEN DELRIDGE WAY SW AND 17TH AVE SW, ,,2,Injury Collision,Rear Ended,2,0,0,2,1,0,2018-02-02 00:00:00+00,2/2/2018 2:00:00 PM,Mid-Block (but intersection related),14,"MOTOR VEHICLE STRUCK MOTOR VEHICLE, REAR END",,False,Overcast,Dry,Daylight,,,,14.0,From same direction - both going straight - one stopped - rear-end,0,0,False,0
-122.31139964697,47.7339364965003,198836,279997,280897,E766619,Matched,Block,,NE 145TH ST BETWEEN 15TH AVE NE AND 17TH AVE NE, ,,1,Property Damage Only Collision,Rear Ended,2,0,0,2,0,0,2018-02-02 00:00:00+00,2/2/2018 6:33:00 AM,Mid-Block (but intersection related),14,"MOTOR VEHICLE STRUCK MOTOR VEHICLE, REAR END",True,False,Raining,Wet,Dark - Street Lights On,,,True,14.0,From same direction - both going straight - one stopped - rear-end,0,0,False,0
-122.324541591081,47.7340613292954,198838,279977,280877,E766294,Matched,Block,,NE 145TH ST BETWEEN 145TH ST ON RP AND 5TH AVE NE, ,,1,Property Damage Only Collision,Sideswipe,2,0,0,2,0,0,2018-02-05 00:00:00+00,2/5/2018 4:07:00 PM,Mid-Block (not related to intersection),11,"MOTOR VEHICLE STRUCK MOTOR VEHICLE, FRONT END AT ANGLE",,False,Raining,Wet,Daylight,,,,11.0,From same direction - both going straight - both moving - sideswipe,0,0,False,0
-122.303584858521,47.6222840028098,198839,279037,279937,3702363,Matched,Block,,22ND AVE E BETWEEN E THOMAS ST AND E REPUBLICAN ST,NEI,"Not Enough Information, or Insufficient Location Information",1,Property Damage Only Collision,Parked Car,2,0,0,2,0,0,2018-03-26 00:00:00+00,3/26/2018 7:00:00 PM,Mid-Block (not related to intersection),13,"MOTOR VEHICLE STRUCK MOTOR VEHICLE, LEFT SIDE AT ANGLE",,False,Clear or Partly Cloudy,Dry,Dark - Street Lights On,,,,32.0,One parked--one moving,0,0,True,0
-122.324083652384,47.5975113085084,198840,277244,278144,3764998,Matched,Block,,S WELLER ST BETWEEN MAYNARD AL S AND 7TH AVE S, ,,1,Property Damage Only Collision,Parked Car,2,0,0,2,0,0,2018-03-04 00:00:00+00,3/4/2018 9:00:00 PM,Mid-Block (not related to intersection),0,NOT ENOUGH INFORMATION / NOT APPLICABLE,,False,Unknown,Unknown,Unknown,,,,32.0,One parked--one moving,0,0,True,0
-122.311565679345,47.6026788486058,198841,278358,279258,E780952,Matched,Intersection,30725.0,16TH AVE AND E FIR W ST, ,,1,Property Damage Only Collision,Parked Car,2,0,0,2,0,0,2018-03-21 00:00:00+00,3/21/2018 10:50:00 AM,At Intersection (intersection related),14,"MOTOR VEHICLE STRUCK MOTOR VEHICLE, REAR END",,False,Clear or Partly Cloudy,Dry,Daylight,,,,32.0,One parked--one moving,0,0,False,0
-122.385857108921,47.5811907024982,198842,284358,285238,E789399,Matched,Block,,SW ADMIRAL WAY BETWEEN 42ND AVE SW AND CALIFORNIA AVE SW, ,,1,Property Damage Only Collision,Angles,3,0,0,2,0,0,2018-04-14 00:00:00+00,4/14/2018 6:03:00 PM,Driveway Junction,11,"MOTOR VEHICLE STRUCK MOTOR VEHICLE, FRONT END AT ANGLE",,False,Raining,Wet,Daylight,,,,10.0,Entering at angle,0,0,False,0
-122.316728153968,47.6248090022727,198843,283420,284300,E790088,Matched,Block,,12TH AVE E BETWEEN E MERCER ST AND E ROY ST, ,,1,Property Damage Only Collision,Parked Car,2,0,0,2,0,0,2018-04-08 00:00:00+00,4/8/2018 12:01:00 AM,Mid-Block (not related to intersection),11,"MOTOR VEHICLE STRUCK MOTOR VEHICLE, FRONT END AT ANGLE",,False,Raining,Wet,Unknown,,,,32.0,One parked--one moving,0,0,True,0
-122.337552430549,47.5893722757029,198844,284357,285237,E791738,Matched,Block,,ALASKAN WY VI NB BETWEEN S HOLGATE ST AND SR99 REPUBLICAN OFF RP, ,,2,Injury Collision,Rear Ended,6,0,0,5,1,0,2018-03-27 00:00:00+00,3/27/2018 5:38:00 PM,Mid-Block (not related to intersection),14,"MOTOR VEHICLE STRUCK MOTOR VEHICLE, REAR END",,False,Clear or Partly Cloudy,Dry,Daylight,,,,13.0,From same direction - both going straight - both moving - rear-end,0,0,False,0
-122.315530032685,47.6141129074224,198845,282717,283577,E790081,Matched,Intersection,29749.0,13TH AVE AND E PIKE ST, ,,2,Injury Collision,Pedestrian,2,1,0,1,1,0,2018-04-14 00:00:00+00,4/14/2018 10:39:00 PM,At Intersection (intersection related),24,MOTOR VEHCILE STRUCK PEDESTRIAN,,False,Raining,Wet,Dark - Street Lights On,True,,,1.0,Vehicle turning right hits pedestrian,0,699876,False,0
-122.366181825011,47.6671825154915,198846,282277,283137,E788010,Matched,Intersection,25431.0,8TH AVE NW AND NW 53RD ST, ,,1,Property Damage Only Collision,Other,1,0,0,1,0,0,2018-04-11 00:00:00+00,4/11/2018 3:05:00 PM,At Intersection (intersection related),28,MOTOR VEHICLE RAN OFF ROAD - HIT FIXED OBJECT,,False,Raining,Wet,Daylight,,,,50.0,Fixed object,0,0,False,0
-122.302419518031,47.6251997083682,198847,282706,283566,E790080,Matched,Intersection,29338.0,23RD AVE E AND E ROY ST, ,,2,Injury Collision,Left Turn,2,0,0,2,1,0,2018-04-19 00:00:00+00,4/19/2018 9:05:00 AM,At Intersection (intersection related),11,"MOTOR VEHICLE STRUCK MOTOR VEHICLE, FRONT END AT ANGLE",,False,Clear or Partly Cloudy,Dry,Daylight,,,,28.0,From opposite direction - one left turn - one straight,0,0,False,0
-122.34761075108,47.6197393528462,198848,282261,283121,E787827,Matched,Intersection,28933.0,5TH AVE N AND JOHN ST, ,,2,Injury Collision,Angles,3,0,0,2,1,0,2018-04-12 00:00:00+00,4/12/2018 3:43:00 PM,At Intersection (intersection related),11,"MOTOR VEHICLE STRUCK MOTOR VEHICLE, FRONT END AT ANGLE",,False,Clear or Partly Cloudy,Dry,Daylight,,,,10.0,Entering at angle,0,0,False,0
-122.334827723489,47.6000452299126,198849,284337,285217,E791736,Matched,Block,,S MAIN ST BETWEEN ALASKAN E RDWY WAY S AND 1ST AVE S, ,,1,Property Damage Only Collision,Parked Car,3,0,0,3,0,0,2018-03-28 00:00:00+00,3/28/2018 9:00:00 PM,Mid-Block (not related to intersection),11,"MOTOR VEHICLE STRUCK MOTOR VEHICLE, FRONT END AT ANGLE",True,False,Clear or Partly Cloudy,Dry,Dark - Street Lights On,,,,20.0,One car leaving parked position,0,0,False,0
-122.291978718214,47.6224886432743,198850,281563,282423,E785386,Matched,Intersection,29263.0,31ST AVE E AND E HARRISON ST, ,,1,Property Damage Only Collision,Angles,2,0,0,2,0,0,2018-03-31 00:00:00+00,3/31/2018 11:31:00 AM,At Intersection (intersection related),11,"MOTOR VEHICLE STRUCK MOTOR VEHICLE, FRONT END AT ANGLE",True,False,Clear or Partly Cloudy,Dry,Daylight,,,,10.0,Entering at angle,0,0,False,0
-122.312648030335,47.7185067431708,198851,284317,285197,E791644,Matched,Block,,15TH AVE NE BETWEEN NE 123RD ST AND NE 125TH ST, ,,1,Property Damage Only Collision,Rear Ended,2,0,0,2,0,0,2018-04-24 00:00:00+00,4/24/2018 3:02:00 PM,Mid-Block (not related to intersection),14,"MOTOR VEHICLE STRUCK MOTOR VEHICLE, REAR END",True,False,Clear or Partly Cloudy,Dry,Daylight,,,,14.0,From same direction - both going straight - one stopped - rear-end,0,0,False,0
-122.390143841078,47.6698234016207,198852,284957,285837,E790861,Matched,Block,,26TH AVE NW BETWEEN NW 56TH ST AND NW 57TH ST, ,,1,Property Damage Only Collision,Parked Car,2,0,0,2,0,0,2018-04-21 00:00:00+00,4/21/2018 1:00:00 PM,Mid-Block (not related to intersection),14,"MOTOR VEHICLE STRUCK MOTOR VEHICLE, REAR END",,False,Clear or Partly Cloudy,Dry,Daylight,,,,32.0,One parked--one moving,0,0,True,0
-122.327804575635,47.6139302296862,198853,282705,283565,E790076,Matched,Intersection,29877.0,MELROSE AVE AND PIKE ST, ,,2,Injury Collision,Angles,3,0,0,2,1,0,2018-03-27 00:00:00+00,3/27/2018 9:13:00 PM,At Intersection (intersection related),11,"MOTOR VEHICLE STRUCK MOTOR VEHICLE, FRONT END AT ANGLE",True,False,Clear or Partly Cloudy,Dry,Dark - Street Lights On,,,,10.0,Entering at angle,0,0,False,0
-122.320071295081,47.6384032249514,198854,284937,285817,E791971,Matched,Intersection,28242.0,10TH AVE E AND E BOSTON ST, ,,1,Property Damage Only Collision,Left Turn,2,0,0,2,0,0,2018-04-16 00:00:00+00,4/16/2018 4:58:00 PM,At Intersection (intersection related),11,"MOTOR VEHICLE STRUCK MOTOR VEHICLE, FRONT END AT ANGLE",,False,Overcast,Dry,Daylight,,,,28.0,From opposite direction - one left turn - one straight,0,0,False,0
-122.337156304089,47.6214513494031,198855,284298,285178,E791602,Matched,Block,,TERRY AVE N BETWEEN THOMAS ST AND HARRISON ST, ,,1,Property Damage Only Collision,Left Turn,2,0,0,2,0,0,2018-04-24 00:00:00+00,4/24/2018 11:21:00 AM,Mid-Block (but intersection related),11,"MOTOR VEHICLE STRUCK MOTOR VEHICLE, FRONT END AT ANGLE",,False,Clear or Partly Cloudy,Dry,Daylight,,,,15.0,From same direction - one left turn - one straight,0,0,False,0
-122.315548584953,47.6152728652195,198856,282704,283564,E790073,Matched,Intersection,29741.0,13TH AVE AND E PINE ST, ,,2,Injury Collision,Cycles,2,0,1,1,1,0,2018-03-21 00:00:00+00,3/21/2018 3:39:00 PM,At Intersection (intersection related),51,PEDALCYCLIST STRUCK MOTOR VEHICLE FRONT END AT ANGLE,,False,Clear or Partly Cloudy,Dry,Daylight,,,True,45.0,Vehicle - Pedalcyclist,0,0,False,0
-122.328913101671,47.6134658203127,198857,282703,283563,E790070,Matched,Intersection,29878.0,BOREN AVE AND PIKE ST, ,,2,Injury Collision,Left Turn,2,0,0,2,1,0,2018-03-15 00:00:00+00,3/15/2018 7:32:00 PM,At Intersection (intersection related),11,"MOTOR VEHICLE STRUCK MOTOR VEHICLE, FRONT END AT ANGLE",,False,Clear or Partly Cloudy,Dry,Dark - Street Lights On,,,,28.0,From opposite direction - one left turn - one straight,0,0,False,0
-122.395683761166,47.6758842384436,198859,281561,282421,E785369,Matched,Intersection,24035.0,30TH AVE NW AND NW 65TH ST, ,,2,Injury Collision,Angles,3,0,0,2,1,0,2018-04-04 00:00:00+00,4/4/2018 12:55:00 PM,At Intersection (intersection related),11,"MOTOR VEHICLE STRUCK MOTOR VEHICLE, FRONT END AT ANGLE",,False,Raining,Wet,Daylight,,,,10.0,Entering at angle,0,0,False,0
-122.376596975836,47.5364822606972,198860,281560,282420,E785357,Matched,Block,,35TH AVE SW BETWEEN SW OTHELLO ST AND SW WEBSTER ST, ,,1,Property Damage Only Collision,Rear Ended,2,0,0,2,0,0,2018-04-02 00:00:00+00,4/2/2018 4:44:00 PM,Mid-Block (but intersection related),14,"MOTOR VEHICLE STRUCK MOTOR VEHICLE, REAR END",,False,Clear or Partly Cloudy,Dry,Daylight,,,,14.0,From same direction - both going straight - one stopped - rear-end,0,0,False,0
-122.344242056876,47.6280220089147,198861,284297,285177,E791601,Matched,Block,,WARD ST BETWEEN 6TH AVE N AND AURORA AVE N, ,,1,Property Damage Only Collision,Parked Car,2,0,0,2,0,0,2018-04-20 00:00:00+00,4/20/2018 11:30:00 AM,Mid-Block (not related to intersection),14,"MOTOR VEHICLE STRUCK MOTOR VEHICLE, REAR END",,False,Clear or Partly Cloudy,Dry,Daylight,,,,32.0,One parked--one moving,0,0,True,0
-122.347963766243,47.6165788424696,198862,281559,282419,E785128,Matched,Intersection,29675.0,3RD AVE AND VINE ST, ,,2,Injury Collision,Angles,3,0,0,2,2,0,2018-03-31 00:00:00+00,3/31/2018 2:33:00 AM,At Intersection (intersection related),11,"MOTOR VEHICLE STRUCK MOTOR VEHICLE, FRONT END AT ANGLE",,False,Clear or Partly Cloudy,Dry,Dark - Street Lights On,,,,10.0,Entering at angle,0,0,False,0
-122.330059305162,47.6163931138822,198863,285164,286044,E792236,Matched,Block,,MINOR AVE BETWEEN OLIVE WAY AND HOWELL ST, ,,1,Property Damage Only Collision,Sideswipe,4,0,0,3,0,0,2018-04-17 00:00:00+00,4/17/2018 3:10:00 PM,Mid-Block (not related to intersection),16,"MOTOR VEHICLE STRUCK MOTOR VEHICLE, LEFT SIDE SIDESWIPE",,False,Clear or Partly Cloudy,Dry,Daylight,,,,71.0,Same direction -- both turning right -- both moving -- sideswipe,0,0,False,0
-122.35447245985,47.6418566910856,198864,282702,283562,E789688,Matched,Intersection,28077.0,QUEEN ANNE DR AND WARREN AVE N, ,,1,Property Damage Only Collision,Angles,3,0,0,2,0,0,2018-04-13 00:00:00+00,4/13/2018 4:15:00 PM,At Intersection (intersection related),11,"MOTOR VEHICLE STRUCK MOTOR VEHICLE, FRONT END AT ANGLE",,False,Raining,Wet,Daylight,,,,10.0,Entering at angle,0,0,False,0
-122.305539413888,47.5880759506796,198865,284918,285798,E791963,Matched,Block,,RAINIER AVE S BETWEEN S MASSACHUSETTS ST AND S STATE ST, ,,1,Property Damage Only Collision,Sideswipe,2,0,0,2,0,0,2018-04-21 00:00:00+00,4/21/2018 4:23:00 PM,Mid-Block (but intersection related),11,"MOTOR VEHICLE STRUCK MOTOR VEHICLE, FRONT END AT ANGLE",,False,Clear or Partly Cloudy,Dry,Daylight,,,,12.0,From same direction - both going straight - one stopped - sideswipe,0,0,False,0
-122.329907381038,47.6078355370001,198866,284277,285157,E791599,Matched,Block,,7TH AVE BETWEEN MADISON ST AND SPRING ST, ,,1,Property Damage Only Collision,Right Turn,2,0,0,2,0,0,2018-04-17 00:00:00+00,4/17/2018 9:35:00 AM,Mid-Block (but intersection related),11,"MOTOR VEHICLE STRUCK MOTOR VEHICLE, FRONT END AT ANGLE",,False,Clear or Partly Cloudy,Dry,Daylight,,,,16.0,From same direction - one right turn - one straight,0,0,False,0
-122.310792032007,47.5618247605908,198867,284257,285137,E791598,Matched,Block,,S COLUMBIAN WAY BETWEEN VETRN HOSPITAL DR AND S SNOQUALMIE ST, ,,2,Injury Collision,Rear Ended,2,0,0,2,1,0,2018-04-24 00:00:00+00,4/24/2018 7:55:00 AM,Mid-Block (but intersection related),14,"MOTOR VEHICLE STRUCK MOTOR VEHICLE, REAR END",True,False,Clear or Partly Cloudy,Ice,Daylight,,,,13.0,From same direction - both going straight - both moving - rear-end,0,0,False,0
-122.36073821899,47.7018492488811,198868,284938,285818,E790858,Matched,Block,,3RD AVE NW BETWEEN NW 100TH ST AND NW 101ST ST, ,,1,Property Damage Only Collision,Parked Car,3,0,0,3,0,0,2018-04-17 00:00:00+00,4/17/2018 11:41:00 PM,Mid-Block (not related to intersection),11,"MOTOR VEHICLE STRUCK MOTOR VEHICLE, FRONT END AT ANGLE",,False,Clear or Partly Cloudy,Dry,Dark - Street Lights On,,,,32.0,One parked--one moving,0,0,False,0
-122.334124767536,47.5426690788281,198869,282701,283561,E781680,Matched,Block,,1ST AV S BR NB BETWEEN POINT B AND POINT A, ,,2,Injury Collision,Sideswipe,3,0,0,3,3,0,2018-03-13 00:00:00+00,3/13/2018 5:24:00 PM,Mid-Block (not related to intersection),11,"MOTOR VEHICLE STRUCK MOTOR VEHICLE, FRONT END AT ANGLE",,False,Raining,Wet,Daylight,,,True,11.0,From same direction - both going straight - both moving - sideswipe,0,0,False,0
-122.296206635018,47.5773321081313,198870,283477,284357,E785554,Matched,Block,,M L KING JR WAY S BETWEEN S MCCLELLAN ST AND RAINIER AVE S, ,,1,Property Damage Only Collision,Other,3,0,0,3,0,0,2018-03-20 00:00:00+00,3/20/2018 11:24:00 AM,Mid-Block (not related to intersection),11,"MOTOR VEHICLE STRUCK MOTOR VEHICLE, FRONT END AT ANGLE",,False,Clear or Partly Cloudy,Dry,Daylight,,,,23.0,From same direction - all others,0,0,False,0
-122.339173571234,47.6137270692875,198871,281558,282418,E785127,Matched,Intersection,29549.0,5TH AVE AND VIRGINIA ST, ,,1,Property Damage Only Collision,Angles,2,0,0,2,0,0,2018-03-26 00:00:00+00,3/26/2018 6:10:00 AM,At Intersection (intersection related),11,"MOTOR VEHICLE STRUCK MOTOR VEHICLE, FRONT END AT ANGLE",,False,Raining,Wet,Dark - Street Lights On,,,,10.0,Entering at angle,0,0,False,0
-122.334124767536,47.5426690788281,198872,282699,283559,E776880,Matched,Block,,1ST AV S BR NB BETWEEN POINT B AND POINT A, ,,1,Property Damage Only Collision,Other,1,0,0,1,0,0,2018-02-28 00:00:00+00,2/28/2018 1:34:00 PM,Mid-Block (not related to intersection),26,MOTOR VEHICLE STRUCK OBJECT IN ROAD,,False,Raining,Wet,Daylight,,,,50.0,Fixed object,0,0,False,0
-122.37030270542,47.6395965591766,198873,281557,282417,E785124,Matched,Intersection,27929.0,10TH AVE W AND W MCGRAW ST, ,,2,Injury Collision,Cycles,2,0,1,1,1,0,2018-03-13 00:00:00+00,3/13/2018 7:34:00 PM,At Intersection (intersection related),51,PEDALCYCLIST STRUCK MOTOR VEHICLE FRONT END AT ANGLE,True,False,Raining,Wet,Dark - Street Lights On,,,,45.0,Vehicle - Pedalcyclist,0,0,False,0
-122.323239228078,47.5470245031927,198874,283458,284338,E789632,Matched,Block,,S MICHIGAN ST BETWEEN 7TH AVE S AND CORSON AVE S, ,,2,Injury Collision,Sideswipe,3,0,0,2,1,0,2018-04-16 00:00:00+00,4/16/2018 3:19:00 PM,Mid-Block (not related to intersection),11,"MOTOR VEHICLE STRUCK MOTOR VEHICLE, FRONT END AT ANGLE",True,False,Raining,Wet,Daylight,,,,11.0,From same direction - both going straight - both moving - sideswipe,0,0,False,0
-122.342793888138,47.6481641987554,198875,284977,285857,E790863,Matched,Intersection,26911.0,STONE WAY N AND N NORTHLAKE WAY, ,,2,Injury Collision,Pedestrian,2,0,1,1,1,0,2018-04-20 00:00:00+00,4/20/2018 4:55:00 PM,At Intersection (intersection related),18,"MOTOR VEHICLE STRUCK PEDALCYCLIST, FRONT END AT ANGLE",,False,Overcast,Dry,Daylight,,,,5.0,Vehicle Strikes Pedalcyclist,0,0,False,0
-122.379738715121,47.5483846237911,198876,281556,282416,E785122,Matched,Block,,SW RAYMOND ST BETWEEN 37TH AVE SW AND 38TH AVE SW, ,,1,Property Damage Only Collision,Parked Car,2,0,0,2,0,0,2018-03-25 00:00:00+00,3/25/2018,Mid-Block (not related to intersection),11,"MOTOR VEHICLE STRUCK MOTOR VEHICLE, FRONT END AT ANGLE",,False,Unknown,Unknown,Unknown,,,,32.0,One parked--one moving,0,0,True,0
-122.304614115248,47.6463960841182,198879,282298,283158,E788300,Matched,Intersection,28383.0,MONTLAKE BLVD E AND E SHELBY ST, ,,2,Injury Collision,Pedestrian,2,1,0,1,1,0,2018-04-13 00:00:00+00,4/13/2018 5:56:00 PM,At Intersection (intersection related),24,MOTOR VEHCILE STRUCK PEDESTRIAN,,False,Clear or Partly Cloudy,Dry,Daylight,,,,0.0,Vehicle going straight hits pedestrian,0,523126,False,0
-122.322981257945,47.6595643505905,198880,284917,285797,E790857,Matched,Block,,5TH AVE NE BETWEEN NE 43RD ST AND NE 44TH ST, ,,1,Property Damage Only Collision,Parked Car,2,0,0,2,0,0,2018-04-07 00:00:00+00,4/7/2018 3:40:00 PM,Mid-Block (not related to intersection),11,"MOTOR VEHICLE STRUCK MOTOR VEHICLE, FRONT END AT ANGLE",,False,Raining,Wet,Daylight,,,,32.0,One parked--one moving,0,0,True,0
-122.339812457115,47.6102783213514,198882,282297,283157,E788180,Matched,Intersection,29586.0,2ND AVE AND PINE ST, ,,2,Injury Collision,Pedestrian,3,1,0,1,1,0,2018-04-13 00:00:00+00,4/13/2018 12:43:00 PM,At Intersection (intersection related),24,MOTOR VEHCILE STRUCK PEDESTRIAN,,False,Raining,Wet,Daylight,,,,2.0,Vehicle turning left hits pedestrian,0,525566,False,0