longitude,latitude,objectid,inckey,coldetkey,reportno,status,addrtype,intkey,location,exceptrsncode,exceptrsndesc,severitycode,severitydesc,collisiontype,personcount,pedcount,pedcylcount,vehcount,injuries,fatalities,incdate,incdttm,junctiontype,sdot_colcode,sdot_coldesc,inattentionind,underinfl,weather,roadcond,lightcond,pedrownotgrnt,sdotcolnum,speeding,st_colcode,st_coldesc,seglanekey,crosswalkkey,hitparkedcar,seriousinjuries
-122.356719860737,47.6232768131287,198883,281555,282415,E785121,Matched,Intersection,28642.0,QUEEN ANNE AVE N AND REPUBLICAN ST, ,,1,Property Damage Only Collision,Angles,3,0,0,2,0,0,2018-03-07 00:00:00+00,3/7/2018 10:09:00 PM,At Intersection (intersection related),11,"MOTOR VEHICLE STRUCK MOTOR VEHICLE, FRONT END AT ANGLE",,False,Raining,Wet,Dark - Street Lights On,,,,10.0,Entering at angle,0,0,False,0
-122.291659849762,47.5582718851014,198884,280838,281718,3730363,Matched,Block,,M L KING JR ER WAY S BETWEEN S EDMUNDS ST AND S FERDINAND ST, ,,2,Injury Collision,Rear Ended,2,0,0,2,1,0,2018-03-28 00:00:00+00,3/28/2018 4:05:00 PM,Mid-Block (not related to intersection),14,"MOTOR VEHICLE STRUCK MOTOR VEHICLE, REAR END",,False,Clear or Partly Cloudy,Dry,Daylight,,,,14.0,From same direction - both going straight - one stopped - rear-end,0,0,False,0
-122.313149033241,47.6605308756472,198885,280837,281717,3706065,Matched,Block,,UNIVERSITY WAY NE BETWEEN NE 43RD ST AND NE 45TH ST, ,,1,Property Damage Only Collision,Parked Car,4,0,0,2,0,0,2018-04-08 00:00:00+00,4/8/2018 1:10:00 AM,Mid-Block (not related to intersection),14,"MOTOR VEHICLE STRUCK MOTOR VEHICLE, REAR END",,True,Raining,Wet,Dark - Street Lights On,,,,32.0,One parked--one moving,0,0,True,0
-122.326795873893,47.6157786297616,198886,283439,284319,E790104,Matched,Block,,BELLEVUE AVE BETWEEN E PINE ST AND E OLIVE ST, ,,1,Property Damage Only Collision,Parked Car,2,0,0,2,0,0,2018-04-18 00:00:00+00,4/18/2018 12:16:00 PM,Mid-Block (not related to intersection),14,"MOTOR VEHICLE STRUCK MOTOR VEHICLE, REAR END",,False,Clear or Partly Cloudy,Dry,Daylight,,,,32.0,One parked--one moving,0,0,True,0
-122.296188785745,47.6234760487624,198887,283438,284318,E790103,Matched,Intersection,29253.0,28TH AVE E AND E MADISON ST, ,,1,Property Damage Only Collision,Sideswipe,2,0,0,2,0,0,2018-04-12 00:00:00+00,4/12/2018 7:59:00 AM,At Intersection (intersection related),11,"MOTOR VEHICLE STRUCK MOTOR VEHICLE, FRONT END AT ANGLE",True,False,Clear or Partly Cloudy,Wet,Daylight,,,,11.0,From same direction - both going straight - both moving - sideswipe,0,0,False,0
-122.304400035527,47.6500604452214,198888,280820,281700,3706061,Matched,Block,,MONTLAKE BLVD NE BETWEEN NE PACIFIC ST AND NE PACIFIC PL, ,,1,Property Damage Only Collision,Rear Ended,2,0,0,2,0,0,2018-04-03 00:00:00+00,4/3/2018 7:08:00 AM,Mid-Block (not related to intersection),14,"MOTOR VEHICLE STRUCK MOTOR VEHICLE, REAR END",True,False,Clear or Partly Cloudy,Dry,Daylight,,,,14.0,From same direction - both going straight - one stopped - rear-end,0,0,False,0
-122.329568452376,47.5514770159116,198889,285165,286045,E778847,Matched,Block,,4TH AVE S BETWEEN S ORCAS ST AND S MEAD ST, ,,2,Injury Collision,Rear Ended,3,0,0,3,2,0,2018-03-08 00:00:00+00,3/8/2018 7:33:00 AM,Mid-Block (but intersection related),14,"MOTOR VEHICLE STRUCK MOTOR VEHICLE, REAR END",,False,Raining,Wet,Daylight,,,,14.0,From same direction - both going straight - one stopped - rear-end,0,0,False,0
-122.366055745979,47.7015129481707,198890,282282,283142,E788146,Matched,Intersection,37118.0,8TH AVE NW AND NW 100TH ST, ,,1,Property Damage Only Collision,Angles,2,0,0,2,0,0,2018-04-12 00:00:00+00,4/12/2018 11:52:00 AM,At Intersection (intersection related),11,"MOTOR VEHICLE STRUCK MOTOR VEHICLE, FRONT END AT ANGLE",True,False,Raining,Wet,Daylight,,,,10.0,Entering at angle,0,0,False,0
-122.312501724455,47.7142238738777,198891,283437,284317,E790102,Matched,Block,,15TH AVE NE BETWEEN NE 117TH ST AND PINEHURST WAY NE, ,,1,Property Damage Only Collision,Angles,3,0,0,2,0,0,2018-04-17 00:00:00+00,4/17/2018 6:05:00 PM,Mid-Block (not related to intersection),11,"MOTOR VEHICLE STRUCK MOTOR VEHICLE, FRONT END AT ANGLE",,False,Clear or Partly Cloudy,Dry,Daylight,,,,10.0,Entering at angle,0,0,False,0
-122.31002591729,47.62264870724,198892,284939,285819,E791972,Matched,Block,,17TH AVE E BETWEEN E HARRISON ST AND E REPUBLICAN S ST,NEI,"Not Enough Information, or Insufficient Location Information",1,Property Damage Only Collision,Parked Car,2,0,0,2,0,0,2018-04-25 00:00:00+00,4/25/2018 9:00:00 AM,Mid-Block (not related to intersection),13,"MOTOR VEHICLE STRUCK MOTOR VEHICLE, LEFT SIDE AT ANGLE",,False,Clear or Partly Cloudy,Dry,Daylight,,,,32.0,One parked--one moving,0,0,True,0
-122.355459678176,47.7059898025787,198893,282281,283141,E788131,Matched,Block,,GREENWOOD AVE N BETWEEN HOLMAN RD N AND N 107TH ST, ,,2,Injury Collision,Rear Ended,3,0,0,2,2,0,2018-04-12 00:00:00+00,4/12/2018 11:35:00 AM,Mid-Block (not related to intersection),14,"MOTOR VEHICLE STRUCK MOTOR VEHICLE, REAR END",,False,Raining,Wet,Daylight,,,,14.0,From same direction - both going straight - one stopped - rear-end,0,0,False,0
-122.334198303058,47.5850426824454,198894,284897,285777,E791908,Matched,Block,,1ST AVE S BETWEEN S HOLGATE ST AND S WALKER ST, ,,1,Property Damage Only Collision,Sideswipe,2,0,0,2,0,0,2018-04-25 00:00:00+00,4/25/2018 12:49:00 PM,Mid-Block (not related to intersection),11,"MOTOR VEHICLE STRUCK MOTOR VEHICLE, FRONT END AT ANGLE",,False,Clear or Partly Cloudy,Dry,Daylight,,,,11.0,From same direction - both going straight - both moving - sideswipe,0,0,False,0
-122.324014470176,47.6202502857877,198895,283421,284301,E790091,Matched,Block,,BELMONT AVE E BETWEEN E OLIVE WAY AND E THOMAS ST, ,,1,Property Damage Only Collision,Sideswipe,2,0,0,2,0,0,2018-04-18 00:00:00+00,4/18/2018 11:39:00 PM,Mid-Block (not related to intersection),11,"MOTOR VEHICLE STRUCK MOTOR VEHICLE, FRONT END AT ANGLE",,False,Clear or Partly Cloudy,Dry,Dark - Street Lights On,,,,11.0,From same direction - both going straight - both moving - sideswipe,0,0,False,0
-122.377259127549,47.6539912533301,198896,282280,283140,E788103,Matched,Intersection,26482.0,15TH EMERSON RP AND W EMERSON ST, ,,1,Property Damage Only Collision,Angles,2,0,0,2,0,0,2018-04-13 00:00:00+00,4/13/2018 10:00:00 AM,At Intersection (intersection related),11,"MOTOR VEHICLE STRUCK MOTOR VEHICLE, FRONT END AT ANGLE",,False,Raining,Wet,Daylight,,,,10.0,Entering at angle,0,0,False,0
-122.342256416584,47.6591832261046,198897,282279,283139,E788012,Matched,Intersection,26815.0,STONE WAY N AND N 43RD ST, ,,1,Property Damage Only Collision,Other,1,0,0,1,0,0,2018-04-11 00:00:00+00,4/11/2018 12:48:00 PM,At Intersection (intersection related),28,MOTOR VEHICLE RAN OFF ROAD - HIT FIXED OBJECT,,False,Raining,Wet,Daylight,,,,50.0,Fixed object,0,0,False,0
-122.314255164495,47.686061624845,198898,280819,281699,3706059,Matched,Block,,LAKE CITY WAY NE BETWEEN 12TH AVE NE AND NE 80TH ST, ,,2,Injury Collision,Rear Ended,2,0,0,2,1,0,2018-04-02 00:00:00+00,4/2/2018 6:21:00 PM,Mid-Block (not related to intersection),14,"MOTOR VEHICLE STRUCK MOTOR VEHICLE, REAR END",True,False,Clear or Partly Cloudy,Dry,Daylight,,,,14.0,From same direction - both going straight - one stopped - rear-end,0,0,False,0
-122.289239313437,47.6152069665217,198899,282278,283138,E788011,Matched,Intersection,30251.0,34TH AVE AND E PINE ST, ,,1,Property Damage Only Collision,Angles,2,0,0,2,0,0,2018-04-12 00:00:00+00,4/12/2018 2:05:00 PM,At Intersection (intersection related),11,"MOTOR VEHICLE STRUCK MOTOR VEHICLE, FRONT END AT ANGLE",,False,Overcast,Dry,Daylight,,,,10.0,Entering at angle,0,0,False,0
-122.306470512764,47.5664334799583,198900,285163,286043,E778846,Matched,Block,,BEACON AVE S BETWEEN BEACON WR N AVE S AND BEACON ER AVE S, ,,2,Injury Collision,Rear Ended,3,0,0,3,1,0,2018-03-13 00:00:00+00,3/13/2018 4:13:00 PM,Mid-Block (not related to intersection),14,"MOTOR VEHICLE STRUCK MOTOR VEHICLE, REAR END",,False,Raining,Wet,Daylight,,,,13.0,From same direction - both going straight - both moving - rear-end,0,0,False,0
-122.384878704951,47.6905839581879,198902,285543,286403,E793054,Matched,Block,,NW 85TH ST BETWEEN 22ND AVE NW AND 23RD AVE NW, ,,1,Property Damage Only Collision,Rear Ended,4,0,0,3,0,0,2018-04-28 00:00:00+00,4/28/2018 10:15:00 AM,Mid-Block (not related to intersection),14,"MOTOR VEHICLE STRUCK MOTOR VEHICLE, REAR END",,False,Clear or Partly Cloudy,Dry,Daylight,,,,14.0,From same direction - both going straight - one stopped - rear-end,0,0,False,0
-122.341958025371,47.6106811008714,198903,277251,278151,3790930,Matched,Block,,1ST AVE BETWEEN STEWART ST AND VIRGINIA ST, ,,1,Property Damage Only Collision,Sideswipe,3,0,0,2,0,0,2018-03-10 00:00:00+00,3/10/2018 2:32:00 PM,Mid-Block (not related to intersection),11,"MOTOR VEHICLE STRUCK MOTOR VEHICLE, FRONT END AT ANGLE",,False,Clear or Partly Cloudy,Dry,Daylight,,,,11.0,From same direction - both going straight - both moving - sideswipe,0,0,False,0
-122.331508875574,47.6037154473034,198904,285542,286402,E793053,Matched,Block,,CHERRY ST BETWEEN 3RD AVE AND 4TH AVE, ,,1,Property Damage Only Collision,Parked Car,2,0,0,2,0,0,2018-04-27 00:00:00+00,4/27/2018 1:10:00 PM,Mid-Block (not related to intersection),0,NOT ENOUGH INFORMATION / NOT APPLICABLE,,False,Clear or Partly Cloudy,Dry,Daylight,,,,32.0,One parked--one moving,0,0,True,0
-122.269987868884,47.5228170065789,198905,276777,277637,E776673,Matched,Block,,RAINIER AVE S BETWEEN S HENDERSON ST AND S DIRECTOR N ST, ,,2,Injury Collision,Angles,3,0,0,2,1,0,2018-03-01 00:00:00+00,3/1/2018 11:05:00 AM,Mid-Block (not related to intersection),11,"MOTOR VEHICLE STRUCK MOTOR VEHICLE, FRONT END AT ANGLE",True,False,Clear or Partly Cloudy,Dry,Daylight,,,,10.0,Entering at angle,0,0,False,0
-122.363523783018,47.67688134451,198906,285541,286401,E793052,Matched,Block,,6TH AVE NW BETWEEN NW 65TH E ST AND NW 67TH ST, ,,1,Property Damage Only Collision,Parked Car,2,0,0,2,0,0,2018-04-21 00:00:00+00,4/21/2018 6:30:00 PM,Mid-Block (not related to intersection),0,NOT ENOUGH INFORMATION / NOT APPLICABLE,,False,Clear or Partly Cloudy,Dry,Dusk,,,,32.0,One parked--one moving,0,0,True,0
-122.335911385879,47.6043374821087,198908,276687,277538,E777337,Matched,Block,,1ST AVE BETWEEN MARION ST AND MADISON ST, ,,2,Injury Collision,Rear Ended,2,0,0,2,1,0,2018-03-08 00:00:00+00,3/8/2018 1:01:00 PM,Mid-Block (but intersection related),14,"MOTOR VEHICLE STRUCK MOTOR VEHICLE, REAR END",,False,Raining,Wet,Daylight,,,,14.0,From same direction - both going straight - one stopped - rear-end,0,0,False,0
-122.33199536332,47.6084435648745,198909,277968,278868,E779514,Matched,Intersection,29928.0,6TH AVE AND SENECA ST, ,,1,Property Damage Only Collision,Parked Car,2,0,0,2,0,0,2018-03-16 00:00:00+00,3/16/2018 11:21:00 AM,At Intersection (intersection related),11,"MOTOR VEHICLE STRUCK MOTOR VEHICLE, FRONT END AT ANGLE",,False,Clear or Partly Cloudy,Dry,Daylight,,,,32.0,One parked--one moving,0,0,True,0
-122.333148980081,47.6166118092363,198910,285310,286170,3812058,Matched,Block,,STEWART ST BETWEEN TERRY AVE AND BOREN AVE, ,,2,Injury Collision,Cycles,2,0,1,1,1,0,2018-05-01 00:00:00+00,5/1/2018 2:18:00 PM,Driveway Junction,51,PEDALCYCLIST STRUCK MOTOR VEHICLE FRONT END AT ANGLE,True,False,Overcast,Dry,Daylight,,,,6.0,Pedalcyclist Strikes Moving Vehicle,0,0,False,0
-122.317912595434,47.6631211584512,198911,285304,286164,E792494,Matched,Block,,NE 47TH ST BETWEEN 9TH AVE NE AND ROOSEVELT WAY NE, ,,1,Property Damage Only Collision,Parked Car,2,0,0,2,0,0,2018-04-26 00:00:00+00,4/26/2018 10:09:00 AM,Mid-Block (not related to intersection),11,"MOTOR VEHICLE STRUCK MOTOR VEHICLE, FRONT END AT ANGLE",,False,Clear or Partly Cloudy,Dry,Daylight,,,,32.0,One parked--one moving,0,0,True,0
-122.315445384755,47.6098040527954,198912,276757,277617,E777345,Matched,Block,,13TH AVE BETWEEN E COLUMBIA ST AND E MARION ST, ,,1,Property Damage Only Collision,Parked Car,2,0,0,2,0,0,2018-03-08 00:00:00+00,3/8/2018 8:40:00 PM,Mid-Block (not related to intersection),11,"MOTOR VEHICLE STRUCK MOTOR VEHICLE, FRONT END AT ANGLE",,False,Clear or Partly Cloudy,Wet,Dark - Street Lights On,,,,32.0,One parked--one moving,0,0,False,0
-122.306775138709,47.5884151163019,198913,285296,286156,E792855,Matched,Block,,S MASSACHUSETTS ST BETWEEN VALENTINE PL S AND 20TH AVE S, ,,1,Property Damage Only Collision,Parked Car,2,0,0,2,0,0,2018-03-26 00:00:00+00,3/26/2018 6:11:00 PM,Mid-Block (but intersection related),14,"MOTOR VEHICLE STRUCK MOTOR VEHICLE, REAR END",,False,Overcast,Dry,Daylight,,,,32.0,One parked--one moving,0,0,True,0
-122.320863665986,47.6193222761811,198914,277249,278149,3773942,Matched,Block,,BROADWAY E BETWEEN E DENNY WAY AND E OLIVE WAY, ,,2,Injury Collision,Head On,4,0,0,3,1,0,2018-03-01 00:00:00+00,3/1/2018 6:23:00 PM,Mid-Block (not related to intersection),11,"MOTOR VEHICLE STRUCK MOTOR VEHICLE, FRONT END AT ANGLE",,False,Overcast,Dry,Dark - Street Lights On,,,,24.0,From opposite direction - both moving - head-on,0,0,False,0
-122.37615412933,47.6396545535259,198917,276686,277537,E777186,Matched,Block,,15TH AVE W BETWEEN W BOSTON ST AND W WHEELER ST, ,,1,Property Damage Only Collision,Other,2,0,0,2,0,0,2018-03-08 00:00:00+00,3/8/2018 6:57:00 AM,Mid-Block (not related to intersection),11,"MOTOR VEHICLE STRUCK MOTOR VEHICLE, FRONT END AT ANGLE",True,False,Raining,Wet,Daylight,,,,23.0,From same direction - all others,0,0,False,0
-122.346298803473,47.7341286939063,198920,285548,286408,3754356,Matched,Intersection,35807.0,N 145TH ST AND WHITMAN AVE N, ,,2,Injury Collision,Angles,3,0,0,2,1,0,2018-04-27 00:00:00+00,4/27/2018 1:19:00 PM,At Intersection (intersection related),11,"MOTOR VEHICLE STRUCK MOTOR VEHICLE, FRONT END AT ANGLE",True,False,Clear or Partly Cloudy,Dry,Daylight,,,,10.0,Entering at angle,0,0,False,0
-122.34191631252,47.6981601551098,198921,277963,278863,E779499,Matched,Block,,STONE AVE N BETWEEN N 95TH ST AND N 96TH ST,NEI,"Not Enough Information, or Insufficient Location Information",1,Property Damage Only Collision,Parked Car,2,0,0,2,0,0,2018-03-14 00:00:00+00,3/14/2018 5:00:00 PM,Mid-Block (not related to intersection),0,NOT ENOUGH INFORMATION / NOT APPLICABLE,,False,Clear or Partly Cloudy,Dry,Daylight,,,,32.0,One parked--one moving,0,0,False,0
-122.313397008184,47.5800354479199,198922,285294,286154,E792853,Matched,Block,,15TH AVE S BETWEEN BEACON AVE S AND S LANDER ST, ,,2,Injury Collision,Rear Ended,3,1,0,2,2,0,2018-04-07 00:00:00+00,4/7/2018 5:55:00 PM,Mid-Block (but intersection related),14,"MOTOR VEHICLE STRUCK MOTOR VEHICLE, REAR END",,False,Raining,Wet,Dark - No Street Lights,,,,14.0,From same direction - both going straight - one stopped - rear-end,0,0,False,0
-122.334214670825,47.5552950673804,198923,285293,286153,E792852,Matched,Block,,1ST AVE S BETWEEN S DAWSON ST AND S BENNETT ST, ,,1,Property Damage Only Collision,Sideswipe,2,0,0,2,0,0,2018-04-28 00:00:00+00,4/28/2018 2:26:00 PM,Mid-Block (but intersection related),11,"MOTOR VEHICLE STRUCK MOTOR VEHICLE, FRONT END AT ANGLE",,False,Raining,Dry,Daylight,,,,12.0,From same direction - both going straight - one stopped - sideswipe,0,0,False,0
-122.305539413888,47.5880759506796,198924,276797,277657,E776674,Matched,Block,,RAINIER AVE S BETWEEN S MASSACHUSETTS ST AND S STATE ST, ,,2,Injury Collision,Rear Ended,3,0,0,3,1,0,2018-03-01 00:00:00+00,3/1/2018 9:53:00 AM,Mid-Block (not related to intersection),14,"MOTOR VEHICLE STRUCK MOTOR VEHICLE, REAR END",True,False,Clear or Partly Cloudy,Dry,Daylight,,,,13.0,From same direction - both going straight - both moving - rear-end,0,0,False,0
-122.325600947041,47.5256234807027,198926,285547,286407,E793192,Matched,Intersection,35161.0,7TH AVE S AND S DONOVAN ST, ,,2,Injury Collision,Angles,3,0,0,2,1,0,2018-04-29 00:00:00+00,4/29/2018 7:49:00 AM,At Intersection (intersection related),11,"MOTOR VEHICLE STRUCK MOTOR VEHICLE, FRONT END AT ANGLE",,False,Clear or Partly Cloudy,Dry,Daylight,,,,10.0,Entering at angle,0,0,False,0
-122.338979706771,47.7050555204861,198927,285292,286152,E792848,Matched,Block,,N NORTHGATE WAY BETWEEN ASHWORTH AVE N AND N 105TH E ST, ,,1,Property Damage Only Collision,Rear Ended,2,0,0,2,0,0,2018-04-28 00:00:00+00,4/28/2018 11:32:00 AM,Mid-Block (not related to intersection),14,"MOTOR VEHICLE STRUCK MOTOR VEHICLE, REAR END",,False,Overcast,Dry,Daylight,,,,13.0,From same direction - both going straight - both moving - rear-end,0,0,False,0
-122.372027589742,47.6406853368445,198931,285291,286151,E792605,Matched,Block,,W WHEELER ST BETWEEN 11TH AVE W AND 12TH AVE W, ,,1,Property Damage Only Collision,Parked Car,2,0,0,2,0,0,2018-04-27 00:00:00+00,4/27/2018 5:22:00 AM,Mid-Block (not related to intersection),15,"MOTOR VEHICLE STRUCK MOTOR VEHICLE, RIGHT SIDE SIDESWIPE",,False,Overcast,Dry,Dark - Street Lights On,,,,32.0,One parked--one moving,0,0,True,0
-122.334275943277,47.7341365013854,198933,285170,286050,E778909,Matched,Intersection,35910.0,MERIDIAN AVE N AND N 145TH ST, ,,1,Property Damage Only Collision,Left Turn,2,0,0,2,0,0,2018-03-14 00:00:00+00,3/14/2018 4:11:00 PM,At Intersection (intersection related),11,"MOTOR VEHICLE STRUCK MOTOR VEHICLE, FRONT END AT ANGLE",,False,Clear or Partly Cloudy,Dry,Daylight,,,,28.0,From opposite direction - one left turn - one straight,0,0,False,0
-122.318109087517,47.6057010944022,198934,285169,286049,E778855,Matched,Block,,11TH AVE BETWEEN E TERRACE ST AND E JEFFERSON ST, ,,1,Property Damage Only Collision,Parked Car,2,0,0,2,0,0,2018-03-09 00:00:00+00,3/9/2018 10:30:00 AM,Mid-Block (not related to intersection),11,"MOTOR VEHICLE STRUCK MOTOR VEHICLE, FRONT END AT ANGLE",True,False,Clear or Partly Cloudy,Dry,Daylight,,,,32.0,One parked--one moving,0,0,True,0
-122.287786949607,47.5287878583576,198936,277255,278155,3818406,Matched,Block,,BEACON ER AVE S BETWEEN S ROSE ST AND S THISTLE ST, ,,1,Property Damage Only Collision,Parked Car,2,0,0,2,0,0,2018-03-12 00:00:00+00,3/12/2018 12:30:00 AM,Mid-Block (not related to intersection),14,"MOTOR VEHICLE STRUCK MOTOR VEHICLE, REAR END",,False,Clear or Partly Cloudy,Dry,Dark - Street Lights On,,,,32.0,One parked--one moving,0,0,True,0
-122.334436914046,47.5715142436568,198937,277254,278154,3818322,Matched,Block,,WEST SEATTLE BR EB BETWEEN W SEA BR EB 4 AV OFF RP AND 1ST AV S OFF RP, ,,1,Property Damage Only Collision,Sideswipe,2,0,0,2,0,0,2018-03-18 00:00:00+00,3/18/2018 8:13:00 PM,Mid-Block (not related to intersection),11,"MOTOR VEHICLE STRUCK MOTOR VEHICLE, FRONT END AT ANGLE",,True,Clear or Partly Cloudy,Dry,Dark - Street Lights On,,,,11.0,From same direction - both going straight - both moving - sideswipe,0,0,False,0
-122.287545872847,47.5617588516455,198938,285168,286048,E778849,Matched,Block,,RAINIER AVE S BETWEEN S OREGON ST AND S ALASKA ST, ,,1,Property Damage Only Collision,Rear Ended,2,0,0,2,0,0,2018-03-08 00:00:00+00,3/8/2018 9:05:00 AM,Mid-Block (not related to intersection),14,"MOTOR VEHICLE STRUCK MOTOR VEHICLE, REAR END",,False,Raining,Wet,Daylight,,,,14.0,From same direction - both going straight - one stopped - rear-end,0,0,False,0
-122.269982030593,47.5247404099746,198939,285546,286406,E793092,Matched,Block,,RAINIER AVE S BETWEEN S CLOVERDALE ST AND S HENDERSON ST, ,,1,Property Damage Only Collision,Rear Ended,3,0,0,2,0,0,2018-04-29 00:00:00+00,4/29/2018 2:21:00 AM,Mid-Block (not related to intersection),14,"MOTOR VEHICLE STRUCK MOTOR VEHICLE, REAR END",,False,Clear or Partly Cloudy,Dry,Dark - Street Lights On,,,,13.0,From same direction - both going straight - both moving - rear-end,0,0,False,0
-122.324404651407,47.5991896821512,198940,277253,278153,3811946,Matched,Block,,S JACKSON ST BETWEEN MAYNARD AVE S AND 7TH AVE S, ,,2,Injury Collision,Parked Car,3,0,0,3,1,0,2018-03-04 00:00:00+00,3/4/2018 6:34:00 PM,Mid-Block (not related to intersection),14,"MOTOR VEHICLE STRUCK MOTOR VEHICLE, REAR END",,True,Overcast,Dry,Dark - Street Lights On,,,,32.0,One parked--one moving,0,0,True,0
-122.287208781045,47.5647525625196,198941,285545,286405,E793091,Matched,Block,,36TH AVE S BETWEEN S ADAMS ST AND S GENESEE ST, ,,2,Injury Collision,Parked Car,4,0,0,2,2,0,2018-04-18 00:00:00+00,4/18/2018 9:53:00 PM,Mid-Block (not related to intersection),14,"MOTOR VEHICLE STRUCK MOTOR VEHICLE, REAR END",,False,Clear or Partly Cloudy,Dry,Dark - Street Lights On,,,,32.0,One parked--one moving,0,0,True,0
-122.348196137419,47.6279956148071,198942,277252,278152,3790932,Matched,Block,,WARD ST BETWEEN 4TH AVE N AND 5TH AVE N, ,,1,Property Damage Only Collision,Parked Car,2,0,0,2,0,0,2018-03-12 00:00:00+00,3/12/2018 12:20:00 PM,Mid-Block (not related to intersection),14,"MOTOR VEHICLE STRUCK MOTOR VEHICLE, REAR END",True,False,Clear or Partly Cloudy,Dry,Daylight,,,,32.0,One parked--one moving,0,0,True,0
-122.338238289605,47.5557687495713,198943,285167,286047,E778848,Matched,Intersection,33022.0,EAST MARGINAL WAY S AND S DAWSON ST, ,,1,Property Damage Only Collision,Left Turn,2,0,0,2,0,0,2018-03-08 00:00:00+00,3/8/2018 8:45:00 AM,At Intersection (intersection related),11,"MOTOR VEHICLE STRUCK MOTOR VEHICLE, FRONT END AT ANGLE",,False,Raining,Wet,Daylight,,,,28.0,From opposite direction - one left turn - one straight,0,0,False,0
-122.331014705832,47.6073722828498,198944,285166,286046,E792237,Matched,Block,,6TH AVE BETWEEN MADISON ST AND SPRING ST, ,,1,Property Damage Only Collision,Sideswipe,2,0,0,2,0,0,2018-04-20 00:00:00+00,4/20/2018 2:12:00 PM,Mid-Block (not related to intersection),11,"MOTOR VEHICLE STRUCK MOTOR VEHICLE, FRONT END AT ANGLE",,False,Clear or Partly Cloudy,Dry,Daylight,,,,11.0,From same direction - both going straight - both moving - sideswipe,0,0,False,0
-122.328835866358,47.6783349340188,198945,285544,286404,E793055,Matched,Block,,EAST GREEN LAKE WAY N BETWEEN SUNNYSIDE AVE N AND 1ST AVE NE, ,,1,Property Damage Only Collision,Parked Car,2,0,0,2,0,0,2018-04-28 00:00:00+00,4/28/2018 12:01:00 PM,Mid-Block (not related to intersection),0,NOT ENOUGH INFORMATION / NOT APPLICABLE,,False,Clear or Partly Cloudy,Dry,Daylight,,,,32.0,One parked--one moving,0,0,True,0
-122.304590602092,47.6482400602772,198946,277248,278148,3769418,Matched,Block,,MONTLAKE BR BETWEEN POINT A AND NE PACIFIC ST, ,,1,Property Damage Only Collision,Sideswipe,2,0,0,2,0,0,2018-03-13 00:00:00+00,3/13/2018 8:54:00 AM,Mid-Block (not related to intersection),11,"MOTOR VEHICLE STRUCK MOTOR VEHICLE, FRONT END AT ANGLE",True,False,Overcast,Wet,Daylight,,,,12.0,From same direction - both going straight - one stopped - sideswipe,0,0,False,0
-122.321746791342,47.6795125990479,198947,280857,281737,3706064,Matched,Intersection,24459.0,6TH AVE NE AND NE 70TH S ST, ,,1,Property Damage Only Collision,Parked Car,2,0,0,2,0,0,2018-04-06 00:00:00+00,4/6/2018 9:13:00 PM,At Intersection (intersection related),14,"MOTOR VEHICLE STRUCK MOTOR VEHICLE, REAR END",,False,Clear or Partly Cloudy,Dry,Dark - Street Lights On,,,,32.0,One parked--one moving,0,0,True,0
-122.311993309524,47.6612619533606,198948,280849,281729,3705697,Matched,Intersection,27061.0,15TH AVE NE AND NE 45TH ST, ,,1,Property Damage Only Collision,Right Turn,6,0,0,2,0,0,2018-03-25 00:00:00+00,3/25/2018 5:21:00 PM,At Intersection (intersection related),11,"MOTOR VEHICLE STRUCK MOTOR VEHICLE, FRONT END AT ANGLE",,False,Clear or Partly Cloudy,Dry,Daylight,,,,16.0,From same direction - one right turn - one straight,0,0,False,0
-122.330021423137,47.5717016992477,198949,279080,279980,3818619,Matched,Block,,S SPOKANE NR ST BETWEEN 2ND AVE S AND 4TH AVE S, ,,1,Property Damage Only Collision,Sideswipe,4,0,0,2,0,0,2018-03-21 00:00:00+00,3/21/2018 7:44:00 AM,Mid-Block (not related to intersection),11,"MOTOR VEHICLE STRUCK MOTOR VEHICLE, FRONT END AT ANGLE",True,False,Clear or Partly Cloudy,Dry,Daylight,,,,11.0,From same direction - both going straight - both moving - sideswipe,0,0,False,0
-122.333556055953,47.610149836822,198951,280848,281728,3694353,Matched,Intersection,29912.0,6TH AVE AND UNION ST, ,,1,Property Damage Only Collision,Angles,2,0,0,2,0,0,2018-04-07 00:00:00+00,4/7/2018 9:32:00 PM,At Intersection (intersection related),11,"MOTOR VEHICLE STRUCK MOTOR VEHICLE, FRONT END AT ANGLE",True,False,Overcast,Wet,Dark - Street Lights On,,,,10.0,Entering at angle,0,0,False,0
-122.356948396547,47.6365614065004,198952,279078,279978,3818508,Matched,Block,,QUEEN ANNE AVE N BETWEEN HOWE ST AND CROCKETT ST, ,,1,Property Damage Only Collision,Parked Car,2,0,0,2,0,0,2018-03-19 00:00:00+00,3/19/2018 5:47:00 PM,Mid-Block (not related to intersection),11,"MOTOR VEHICLE STRUCK MOTOR VEHICLE, FRONT END AT ANGLE",,False,Clear or Partly Cloudy,Dry,Daylight,,,,32.0,One parked--one moving,0,0,False,0