longitude,latitude,objectid,inckey,coldetkey,reportno,status,addrtype,intkey,location,exceptrsncode,exceptrsndesc,severitycode,severitydesc,collisiontype,personcount,pedcount,pedcylcount,vehcount,injuries,fatalities,incdate,incdttm,junctiontype,sdot_colcode,sdot_coldesc,inattentionind,underinfl,weather,roadcond,lightcond,pedrownotgrnt,sdotcolnum,speeding,st_colcode,st_coldesc,seglanekey,crosswalkkey,hitparkedcar,seriousinjuries
-122.33467152672,47.6063373543613,198953,280847,281727,3584975,Matched,Intersection,29950.0,3RD AVE AND SPRING ST, ,,2,Injury Collision,Angles,6,0,0,2,1,0,2018-04-07 00:00:00+00,4/7/2018 4:48:00 AM,At Intersection (intersection related),11,"MOTOR VEHICLE STRUCK MOTOR VEHICLE, FRONT END AT ANGLE",True,False,Raining,Wet,Dawn,,,,10.0,Entering at angle,0,0,False,0
-122.321151390107,47.5484961100393,198954,282301,283161,E788356,Matched,Intersection,33125.0,CORSON AVE S AND S VALE ST, ,,2,Injury Collision,Angles,4,0,0,2,3,0,2018-04-02 00:00:00+00,4/2/2018 2:36:00 PM,At Intersection (intersection related),11,"MOTOR VEHICLE STRUCK MOTOR VEHICLE, FRONT END AT ANGLE",,False,Clear or Partly Cloudy,Dry,Daylight,,,,10.0,Entering at angle,0,0,False,0
-122.352777973261,47.6263007815339,198955,280846,281726,3584974,Matched,Intersection,28879.0,2ND AVE N AND VALLEY ST, ,,1,Property Damage Only Collision,Angles,2,0,0,2,0,0,2018-04-06 00:00:00+00,4/6/2018 9:51:00 PM,At Intersection (intersection related),11,"MOTOR VEHICLE STRUCK MOTOR VEHICLE, FRONT END AT ANGLE",,False,Clear or Partly Cloudy,Dry,Dark - Street Lights On,,,,10.0,Entering at angle,0,0,False,0
-122.278218737723,47.5583955715622,198956,279077,279977,3818423,Matched,Block,,44TH AVE S BETWEEN DEAD END 2 AND S FERDINAND ST, ,,1,Property Damage Only Collision,Parked Car,2,0,0,2,0,0,2018-03-25 00:00:00+00,3/25/2018 6:25:00 PM,Driveway Junction,11,"MOTOR VEHICLE STRUCK MOTOR VEHICLE, FRONT END AT ANGLE",,False,Clear or Partly Cloudy,Dry,Dusk,,,,32.0,One parked--one moving,0,0,False,0
-122.334206439738,47.5678488032113,198957,279059,279959,3756125,Matched,Block,,1ST AVE S BETWEEN S ANDOVER ST AND S DAKOTA ST, ,,2,Injury Collision,Angles,3,0,0,2,1,0,2018-03-24 00:00:00+00,3/24/2018 4:40:00 PM,Driveway Junction,11,"MOTOR VEHICLE STRUCK MOTOR VEHICLE, FRONT END AT ANGLE",,False,Clear or Partly Cloudy,Dry,Daylight,,,,10.0,Entering at angle,0,0,False,0
-122.378159768412,47.57313079829,198958,282299,283159,E788304,Matched,Intersection,31834.0,37TH AVE SW AND SW HINDS ST, ,,1,Property Damage Only Collision,Angles,2,0,0,2,0,0,2018-04-04 00:00:00+00,4/4/2018 6:55:00 AM,At Intersection (intersection related),11,"MOTOR VEHICLE STRUCK MOTOR VEHICLE, FRONT END AT ANGLE",,False,Raining,Wet,Daylight,,,,10.0,Entering at angle,0,0,False,0
-122.321541459845,47.6199029608032,198959,279058,279958,3702361,Matched,Block,,E OLIVE WAY BETWEEN HARVARD AVE E AND BROADWAY E, ,,1,Property Damage Only Collision,Angles,3,0,0,2,0,0,2018-03-25 00:00:00+00,3/25/2018 6:28:00 PM,Mid-Block (not related to intersection),11,"MOTOR VEHICLE STRUCK MOTOR VEHICLE, FRONT END AT ANGLE",,True,Clear or Partly Cloudy,Dry,Dusk,,,,10.0,Entering at angle,0,0,False,0
-122.324041406486,47.6251180919042,198960,281571,282431,E785545,Matched,Intersection,29112.0,BELMONT AVE E AND E ROY ST, ,,1,Property Damage Only Collision,Angles,2,0,0,2,0,0,2018-03-28 00:00:00+00,3/28/2018 8:00:00 AM,At Intersection (intersection related),11,"MOTOR VEHICLE STRUCK MOTOR VEHICLE, FRONT END AT ANGLE",,False,Overcast,Wet,Daylight,,,,10.0,Entering at angle,0,0,False,0
-122.325891458978,47.6397270209273,198961,280845,281725,3584973,Matched,Intersection,28310.0,EASTLAKE AVE E AND E LYNN ST, ,,2,Injury Collision,Sideswipe,2,0,0,2,1,0,2018-04-06 00:00:00+00,4/6/2018 8:05:00 PM,At Intersection (intersection related),11,"MOTOR VEHICLE STRUCK MOTOR VEHICLE, FRONT END AT ANGLE",,False,Clear or Partly Cloudy,Dry,Dusk,,,,71.0,Same direction -- both turning right -- both moving -- sideswipe,0,0,False,0
-122.394986835687,47.6330266222905,198962,279057,279957,3584970,Matched,Block,,W EATON ST BETWEEN 29TH AVE W AND 30TH AVE W, ,,1,Property Damage Only Collision,Parked Car,2,0,0,2,0,0,2018-03-26 00:00:00+00,3/26/2018 9:06:00 AM,Driveway Junction,11,"MOTOR VEHICLE STRUCK MOTOR VEHICLE, FRONT END AT ANGLE",True,False,Overcast,Dry,Daylight,,,,19.0,One car entering parked position,0,0,False,0
-122.334201368884,47.5787707065475,198963,281570,282430,E785543,Matched,Block,,1ST AVE S BETWEEN S LANDER ST AND S FOREST ST, ,,1,Property Damage Only Collision,Right Turn,2,0,0,2,0,0,2018-03-29 00:00:00+00,3/29/2018 11:29:00 AM,Mid-Block (not related to intersection),11,"MOTOR VEHICLE STRUCK MOTOR VEHICLE, FRONT END AT ANGLE",,False,Overcast,Dry,Daylight,,,,16.0,From same direction - one right turn - one straight,0,0,False,0
-122.340648401566,47.7050457649798,198964,280138,281038,3706060,Matched,Intersection,37278.0,INTERLAKE AVE N AND N NORTHGATE WAY, ,,2,Injury Collision,Angles,3,0,0,2,2,0,2018-04-02 00:00:00+00,4/2/2018 10:55:00 AM,At Intersection (intersection related),11,"MOTOR VEHICLE STRUCK MOTOR VEHICLE, FRONT END AT ANGLE",,False,Clear or Partly Cloudy,Dry,Daylight,,,,10.0,Entering at angle,0,0,False,0
-122.36400586732,47.6614623699158,198965,280137,281037,3705539,Matched,Intersection,26603.0,6TH AVE NW AND NW 45TH ST, ,,1,Property Damage Only Collision,Other,1,0,0,1,0,0,2018-02-24 00:00:00+00,2/24/2018 1:53:00 AM,At Intersection (intersection related),26,MOTOR VEHICLE STRUCK OBJECT IN ROAD,,False,Unknown,Unknown,Dark - Street Lights Off,,,True,50.0,Fixed object,0,0,False,0
-122.343493771711,47.6139361067601,198966,281569,282429,E785538,Matched,Intersection,29547.0,3RD AVE AND BLANCHARD ST, ,,1,Property Damage Only Collision,Angles,2,0,0,2,0,0,2018-04-04 00:00:00+00,4/4/2018 1:59:00 PM,At Intersection (intersection related),11,"MOTOR VEHICLE STRUCK MOTOR VEHICLE, FRONT END AT ANGLE",,False,Raining,Wet,Daylight,,,,10.0,Entering at angle,0,0,False,0
-122.366365783862,47.7214793596907,198967,280097,280997,E784203,Matched,Intersection,35680.0,8TH AVE NW AND NW 127TH ST, ,,2,Injury Collision,Rear Ended,2,0,0,2,1,0,2018-03-27 00:00:00+00,3/27/2018 2:04:00 PM,At Intersection (intersection related),14,"MOTOR VEHICLE STRUCK MOTOR VEHICLE, REAR END",,False,Clear or Partly Cloudy,Dry,Daylight,,,,13.0,From same direction - both going straight - both moving - rear-end,0,0,False,0
-122.317379810064,47.6671063575476,198968,278387,279287,E777317,Matched,Intersection,25772.0,ROOSEVELT WAY NE AND NE 53RD ST, ,,2,Injury Collision,Pedestrian,2,0,1,1,1,0,2018-03-08 00:00:00+00,3/8/2018 9:05:00 AM,At Intersection (intersection related),51,PEDALCYCLIST STRUCK MOTOR VEHICLE FRONT END AT ANGLE,,False,Raining,Wet,Daylight,,,,5.0,Vehicle Strikes Pedalcyclist,9143,0,False,0
-122.354371339421,47.6382641080826,198969,278386,279286,E777315,Matched,Intersection,28115.0,BOSTON ST AND WARREN AVE N, ,,2,Injury Collision,Sideswipe,2,0,0,2,1,0,2018-03-06 00:00:00+00,3/6/2018 8:27:00 PM,At Intersection (intersection related),11,"MOTOR VEHICLE STRUCK MOTOR VEHICLE, FRONT END AT ANGLE",,False,Clear or Partly Cloudy,Dry,Dark - Street Lights On,,,,11.0,From same direction - both going straight - both moving - sideswipe,0,0,False,0
-122.324682194997,47.6367668606598,198970,281568,282428,E785537,Matched,Intersection,28319.0,FRANKLIN AVE E AND E NEWTON ST, ,,1,Property Damage Only Collision,Angles,2,0,0,2,0,0,2018-04-03 00:00:00+00,4/3/2018 2:58:00 PM,At Intersection (intersection related),11,"MOTOR VEHICLE STRUCK MOTOR VEHICLE, FRONT END AT ANGLE",,False,Clear or Partly Cloudy,Dry,Daylight,,,,10.0,Entering at angle,0,0,False,0
-122.302763009432,47.6090191393721,198971,280048,280948,3702432,Matched,Intersection,30052.0,23RD AVE AND E COLUMBIA ST, ,,2,Injury Collision,Angles,3,0,0,2,2,0,2018-02-23 00:00:00+00,2/23/2018 10:30:00 PM,At Intersection (intersection related),11,"MOTOR VEHICLE STRUCK MOTOR VEHICLE, FRONT END AT ANGLE",,True,Raining,Wet,Dark - Street Lights On,,,,10.0,Entering at angle,0,0,False,0
-122.339416644218,47.5584725551913,198972,281567,282427,E785534,Matched,Block,,EAST MARGINAL WAY S BETWEEN XW ALASKA AND S HUDSON ST, ,,2,Injury Collision,Rear Ended,2,0,0,2,1,0,2018-03-21 00:00:00+00,3/21/2018 6:00:00 PM,Mid-Block (not related to intersection),14,"MOTOR VEHICLE STRUCK MOTOR VEHICLE, REAR END",,False,Clear or Partly Cloudy,Dry,Daylight,,,,13.0,From same direction - both going straight - both moving - rear-end,0,0,False,0
-122.317758676009,47.703556526699,198973,278385,279285,E777314,Matched,Block,,ROOSEVELT WAY NE BETWEEN NE 103RD ST AND NE 104TH ST, ,,2,Injury Collision,Rear Ended,3,0,0,2,1,0,2018-03-06 00:00:00+00,3/6/2018 4:25:00 PM,Mid-Block (not related to intersection),14,"MOTOR VEHICLE STRUCK MOTOR VEHICLE, REAR END",,False,Clear or Partly Cloudy,Dry,Daylight,,,,14.0,From same direction - both going straight - one stopped - rear-end,0,0,False,0
-122.326970314754,47.6046251793858,198974,281566,282426,E785533,Matched,Intersection,29962.0,7TH AVE AND JAMES ST, ,,1,Property Damage Only Collision,Angles,3,0,0,2,0,0,2018-03-30 00:00:00+00,3/30/2018 10:25:00 AM,At Intersection (intersection related),11,"MOTOR VEHICLE STRUCK MOTOR VEHICLE, FRONT END AT ANGLE",,False,Overcast,Dry,Daylight,,,,10.0,Entering at angle,0,0,False,0
-122.330436299938,47.5189886562557,198975,280047,280947,E766846,Matched,Block,,SR509 NB BETWEEN CITY LIMITS AND SR509 NB CLOVERDALE RP, ,,1,Property Damage Only Collision,Rear Ended,2,0,0,2,0,0,2018-02-07 00:00:00+00,2/7/2018 7:18:00 AM,Mid-Block (not related to intersection),14,"MOTOR VEHICLE STRUCK MOTOR VEHICLE, REAR END",,False,Overcast,Dry,Daylight,,,,14.0,From same direction - both going straight - one stopped - rear-end,0,0,False,0
-122.299464872291,47.6080023592271,198976,280046,280946,3702369,Matched,Block,,E CHERRY ST BETWEEN 25TH AVE AND 26TH AVE, ,,2,Injury Collision,Rear Ended,5,0,0,2,1,0,2018-04-03 00:00:00+00,4/3/2018 3:51:00 PM,Mid-Block (not related to intersection),14,"MOTOR VEHICLE STRUCK MOTOR VEHICLE, REAR END",True,False,Clear or Partly Cloudy,Dry,Daylight,,,,14.0,From same direction - both going straight - one stopped - rear-end,0,0,False,0
-122.31416192561,47.6016887570137,198977,278384,279284,E777283,Matched,Intersection,30408.0,14TH AVE AND E YESLER WAY, ,,2,Injury Collision,Pedestrian,2,1,0,1,1,0,2018-03-04 00:00:00+00,3/4/2018 4:55:00 PM,At Intersection (intersection related),24,MOTOR VEHCILE STRUCK PEDESTRIAN,,False,Clear or Partly Cloudy,Dry,Dark - Street Lights On,,,,0.0,Vehicle going straight hits pedestrian,0,523817,False,0
-122.301614126068,47.7043704972488,198978,281565,282425,E785434,Matched,Block,,LAKE CITY WAY NE BETWEEN NE 104TH WAY AND 24TH AVE NE, ,,2,Injury Collision,Sideswipe,2,0,0,2,1,0,2018-04-04 00:00:00+00,4/4/2018 10:00:00 PM,Mid-Block (not related to intersection),11,"MOTOR VEHICLE STRUCK MOTOR VEHICLE, FRONT END AT ANGLE",,False,Raining,Wet,Dark - Street Lights On,,,,11.0,From same direction - both going straight - both moving - sideswipe,0,0,False,0
-122.347117283837,47.6365539563068,198979,278383,279283,E777187,Matched,Intersection,28141.0,5TH AVE N AND NEWTON ST, ,,2,Injury Collision,Pedestrian,3,2,0,1,2,0,2018-03-08 00:00:00+00,3/8/2018 7:52:00 AM,At Intersection (intersection related),24,MOTOR VEHCILE STRUCK PEDESTRIAN,True,False,Raining,Wet,Daylight,,,,2.0,Vehicle turning left hits pedestrian,0,0,False,0
-122.334934565995,47.6032685577636,198980,278382,279282,E777054,Matched,Intersection,30348.0,1ST AVE AND COLUMBIA ST, ,,1,Property Damage Only Collision,Sideswipe,2,0,0,2,0,0,2018-03-07 00:00:00+00,3/7/2018 4:58:00 PM,At Intersection (intersection related),11,"MOTOR VEHICLE STRUCK MOTOR VEHICLE, FRONT END AT ANGLE",,False,Overcast,Dry,Daylight,,,,71.0,Same direction -- both turning right -- both moving -- sideswipe,0,0,False,0
-122.349946343315,47.5173301848249,198981,281564,282424,E785388,Matched,Block,,SW ROXBURY ST BETWEEN 11TH AVE SW AND 12TH AVE SW, ,,1,Property Damage Only Collision,Rear Ended,3,0,0,3,0,0,2018-04-04 00:00:00+00,4/4/2018 4:24:00 PM,Mid-Block (but intersection related),14,"MOTOR VEHICLE STRUCK MOTOR VEHICLE, REAR END",,False,Raining,Wet,Daylight,,,,13.0,From same direction - both going straight - both moving - rear-end,0,0,False,0
-122.352867445197,47.6738823445729,198982,280045,280945,3695860,Matched,Intersection,25600.0,DAYTON AVE N AND N 62ND ST, ,,2,Injury Collision,Angles,5,0,0,2,5,0,2018-02-24 00:00:00+00,2/24/2018 10:46:00 AM,At Intersection (intersection related),11,"MOTOR VEHICLE STRUCK MOTOR VEHICLE, FRONT END AT ANGLE",,False,Overcast,Wet,Daylight,,,,10.0,Entering at angle,0,0,False,0
-122.306670825227,47.7338829912648,198983,280044,280944,E766768,Matched,Block,,NE 145TH ST BETWEEN 20TH AVE NE AND 22ND AVE NE, ,,1,Property Damage Only Collision,Rear Ended,2,0,0,2,0,0,2018-02-06 00:00:00+00,2/6/2018 8:31:00 AM,Mid-Block (but intersection related),14,"MOTOR VEHICLE STRUCK MOTOR VEHICLE, REAR END",True,False,Overcast,Wet,Daylight,,,,13.0,From same direction - both going straight - both moving - rear-end,0,0,False,0
-122.313462214627,47.5672430709253,198984,278381,279281,E777053,Matched,Intersection,32287.0,15TH AVE S AND S DAKOTA ST, ,,1,Property Damage Only Collision,Left Turn,2,0,0,2,0,0,2018-03-08 00:00:00+00,3/8/2018 2:03:00 PM,At Intersection (intersection related),11,"MOTOR VEHICLE STRUCK MOTOR VEHICLE, FRONT END AT ANGLE",,False,Raining,Wet,Daylight,,,,28.0,From opposite direction - one left turn - one straight,0,0,False,0
-122.287920844853,47.551239252003,198985,280859,281739,3730370,Matched,Intersection,485825.0,M L KING JR ER WAY S AND S ORCAS ST, ,,1,Property Damage Only Collision,Angles,4,0,0,2,0,0,2018-04-07 00:00:00+00,4/7/2018 6:50:00 PM,At Intersection (intersection related),11,"MOTOR VEHICLE STRUCK MOTOR VEHICLE, FRONT END AT ANGLE",,False,Raining,Wet,Dusk,,,,10.0,Entering at angle,0,0,False,0
-122.29835839544,47.5339628447163,198986,279082,279982,3818621,Matched,Block,,AIRPORT WAY S BETWEEN S OTHELLO ST AND MILITARY RD S, ,,2,Injury Collision,Other,2,0,0,1,1,0,2018-03-26 00:00:00+00,3/26/2018 1:05:00 AM,Mid-Block (not related to intersection),28,MOTOR VEHICLE RAN OFF ROAD - HIT FIXED OBJECT,,True,Clear or Partly Cloudy,Dry,Dark - Street Lights Off,,,,50.0,Fixed object,0,0,False,0
-122.294005642662,47.5729186042637,198987,280858,281738,3730369,Matched,Intersection,32416.0,RAINIER AVE S AND S WALDEN ST, ,,2,Injury Collision,Left Turn,7,0,0,2,1,0,2018-04-05 00:00:00+00,4/5/2018 8:35:00 PM,At Intersection (intersection related),11,"MOTOR VEHICLE STRUCK MOTOR VEHICLE, FRONT END AT ANGLE",,False,Clear or Partly Cloudy,Dry,Dark - Street Lights On,,,,28.0,From opposite direction - one left turn - one straight,0,0,False,0
-122.267532603365,47.5025950508163,198989,278380,279280,E777052,Matched,Intersection,38332.0,53RD AVE S AND S LEO ST, ,,2,Injury Collision,Angles,2,0,0,2,1,0,2018-03-07 00:00:00+00,3/7/2018 2:21:00 PM,At Intersection (intersection related),11,"MOTOR VEHICLE STRUCK MOTOR VEHICLE, FRONT END AT ANGLE",,False,Clear or Partly Cloudy,Dry,Daylight,,,,10.0,Entering at angle,0,0,False,0
-122.260549922152,47.4965128510308,198990,277970,278870,E779516,Matched,Intersection,38414.0,BEACON AVE S AND S 119TH ST, ,,1,Property Damage Only Collision,Other,1,0,0,1,0,0,2018-03-15 00:00:00+00,3/15/2018 2:30:00 PM,At Intersection (intersection related),28,MOTOR VEHICLE RAN OFF ROAD - HIT FIXED OBJECT,,False,Clear or Partly Cloudy,Dry,Daylight,,,,50.0,Fixed object,0,0,False,0
-122.355104454466,47.5228700880683,198993,285317,286177,E792370,Matched,Intersection,35033.0,16TH AVE SW AND SW HENDERSON ST, ,,2,Injury Collision,Pedestrian,2,1,0,1,1,0,2018-04-09 00:00:00+00,4/9/2018 10:17:00 AM,At Intersection (intersection related),24,MOTOR VEHCILE STRUCK PEDESTRIAN,,False,Clear or Partly Cloudy,Dry,Daylight,,,,0.0,Vehicle going straight hits pedestrian,0,525392,False,0
-122.335525603708,47.6174329010814,198994,284364,285244,E791600,Matched,Block,,TERRY AVE BETWEEN VIRGINIA ST AND LENORA ST, ,,1,Property Damage Only Collision,Parked Car,2,0,0,2,0,0,2018-04-23 00:00:00+00,4/23/2018 11:50:00 AM,Mid-Block (not related to intersection),14,"MOTOR VEHICLE STRUCK MOTOR VEHICLE, REAR END",,False,Clear or Partly Cloudy,Dry,Daylight,,,,32.0,One parked--one moving,0,0,False,0
-122.325879124438,47.6456237767743,198995,285316,286176,E792235,Matched,Intersection,28287.0,EASTLAKE AVE E AND E HAMLIN ST, ,,1,Property Damage Only Collision,Sideswipe,2,0,0,2,0,0,2018-04-18 00:00:00+00,4/18/2018 12:30:00 PM,At Intersection (intersection related),11,"MOTOR VEHICLE STRUCK MOTOR VEHICLE, FRONT END AT ANGLE",True,False,Clear or Partly Cloudy,Dry,Daylight,,,,71.0,Same direction -- both turning right -- both moving -- sideswipe,0,0,False,0
-122.343833721983,47.620313758862,198996,282777,283637,E790724,Matched,Block,,7TH SB AVE N BETWEEN JOHN ST AND THOMAS ST, ,,1,Property Damage Only Collision,Other,1,0,0,1,0,0,2018-04-15 00:00:00+00,4/15/2018 10:58:00 PM,Driveway Junction,26,MOTOR VEHICLE STRUCK OBJECT IN ROAD,,False,Raining,Wet,Dark - Street Lights On,,,,50.0,Fixed object,0,0,False,0
-122.333556055953,47.610149836822,198997,285315,286175,3812080,Matched,Intersection,29912.0,6TH AVE AND UNION ST, ,,2,Injury Collision,Pedestrian,3,0,1,1,1,0,2018-04-25 00:00:00+00,4/25/2018 12:01:00 PM,At Intersection (intersection related),51,PEDALCYCLIST STRUCK MOTOR VEHICLE FRONT END AT ANGLE,,False,Clear or Partly Cloudy,Dry,Daylight,,,,5.0,Vehicle Strikes Pedalcyclist,0,0,False,0
-122.307635455528,47.606164348447,198998,282761,283621,E790684,Matched,Intersection,30191.0,19TH AVE AND E JEFFERSON ST, ,,2,Injury Collision,Cycles,2,0,1,1,1,0,2018-04-21 00:00:00+00,4/21/2018 2:13:00 PM,At Intersection (intersection related),18,"MOTOR VEHICLE STRUCK PEDALCYCLIST, FRONT END AT ANGLE",,False,Raining,Wet,Daylight,,,,6.0,Pedalcyclist Strikes Moving Vehicle,0,0,False,0
-122.351133937705,47.5709417837772,198999,284363,285243,3742240,Matched,Block,,WEST SEATTLE BR EB BETWEEN ALASKAN WY VI NB ON RP AND DELRIDGE-W SEATTLE BR EB ON RP, ,,2,Injury Collision,Rear Ended,2,0,0,2,1,0,2018-04-24 00:00:00+00,4/24/2018 10:07:00 AM,Mid-Block (not related to intersection),14,"MOTOR VEHICLE STRUCK MOTOR VEHICLE, REAR END",True,False,Clear or Partly Cloudy,Dry,Daylight,,,,14.0,From same direction - both going straight - one stopped - rear-end,0,0,False,0
-122.320702903796,47.664957731244,199000,282760,283620,E790628,Matched,Intersection,25786.0,7TH AVE NE AND NE 50TH ST, ,,1,Property Damage Only Collision,Angles,3,0,0,3,0,0,2018-04-04 00:00:00+00,4/4/2018 2:23:00 PM,At Intersection (intersection related),11,"MOTOR VEHICLE STRUCK MOTOR VEHICLE, FRONT END AT ANGLE",,False,Raining,Wet,Daylight,,,,10.0,Entering at angle,0,0,False,0
-122.31267513587,47.7284740273056,200001,284742,285622,3754048,Matched,Intersection,35860.0,15TH AVE NE AND NE 137TH ST, ,,2,Injury Collision,Sideswipe,3,0,0,2,1,0,2018-03-28 00:00:00+00,3/28/2018 6:41:00 PM,At Intersection (intersection related),11,"MOTOR VEHICLE STRUCK MOTOR VEHICLE, FRONT END AT ANGLE",True,False,Clear or Partly Cloudy,Dry,Dusk,,,,11.0,From same direction - both going straight - both moving - sideswipe,0,0,False,0
-122.33107859155,47.6231213780576,200002,277046,277926,E777189,Matched,Block,,REPUBLICAN ST BETWEEN PONTIUS AVE N AND YALE AVE N, ,,1,Property Damage Only Collision,Angles,2,0,0,2,0,0,2018-03-08 00:00:00+00,3/8/2018 10:22:00 AM,Mid-Block (not related to intersection),14,"MOTOR VEHICLE STRUCK MOTOR VEHICLE, REAR END",,False,Raining,Wet,Daylight,,,,10.0,Entering at angle,0,0,False,0
-122.361281708201,47.6209613111297,200003,287065,287945,3784836,Matched,Intersection,28655.0,ELLIOTT AVE W AND W THOMAS N ST, ,,2b,Serious Injury Collision,Left Turn,3,0,0,2,1,0,2018-05-10 00:00:00+00,5/10/2018 4:18:00 PM,At Intersection (intersection related),11,"MOTOR VEHICLE STRUCK MOTOR VEHICLE, FRONT END AT ANGLE",,False,Clear or Partly Cloudy,Dry,Daylight,,,,28.0,From opposite direction - one left turn - one straight,0,0,False,1
-122.302381845241,47.6267592583863,200004,286961,287841,3329437,Matched,Intersection,29328.0,23RD AVE E AND E ALOHA ST, ,,1,Property Damage Only Collision,Left Turn,3,0,0,2,0,0,2018-05-14 00:00:00+00,5/14/2018 6:24:00 PM,At Intersection (intersection related),11,"MOTOR VEHICLE STRUCK MOTOR VEHICLE, FRONT END AT ANGLE",,False,Clear or Partly Cloudy,Dry,Daylight,,,,28.0,From opposite direction - one left turn - one straight,0,0,False,0
-122.29149426166,47.5607657782054,200005,286960,287840,3814780,Matched,Intersection,32733.0,32ND AVE S AND S ALASKA ST, ,,2,Injury Collision,Rear Ended,4,0,0,2,1,0,2018-05-12 00:00:00+00,5/12/2018 7:07:00 PM,At Intersection (intersection related),14,"MOTOR VEHICLE STRUCK MOTOR VEHICLE, REAR END",True,False,Clear or Partly Cloudy,Dry,Daylight,,,,14.0,From same direction - both going straight - one stopped - rear-end,0,0,False,0
-122.308982803682,47.6406496543692,200006,287358,288238,E797390,Matched,Block,,18TH AVE E BETWEEN E MCGRAW ST AND E CALHOUN ST, ,,1,Property Damage Only Collision,Parked Car,2,0,0,2,0,0,2018-04-25 00:00:00+00,4/25/2018 6:00:00 PM,Mid-Block (not related to intersection),11,"MOTOR VEHICLE STRUCK MOTOR VEHICLE, FRONT END AT ANGLE",,False,Unknown,Unknown,Unknown,,,,32.0,One parked--one moving,0,0,False,0
-122.331043262352,47.6126653867179,200009,287068,287948,E795982,Matched,Block,,I5 EXPRESS PIKE ST RP BETWEEN PIKE ST AND 9TH AV I5 EXPRESS ON RP, ,,1,Property Damage Only Collision,Sideswipe,2,0,0,2,0,0,2018-05-07 00:00:00+00,5/7/2018 8:45:00 AM,Mid-Block (not related to intersection),11,"MOTOR VEHICLE STRUCK MOTOR VEHICLE, FRONT END AT ANGLE",,False,Overcast,Dry,Daylight,,,,11.0,From same direction - both going straight - both moving - sideswipe,0,0,False,0
-122.328733504746,47.6048763674432,200010,286959,287839,3818358,Matched,Intersection,29963.0,6TH AVE AND CHERRY ST, ,,2b,Serious Injury Collision,Angles,3,0,0,2,1,0,2018-05-12 00:00:00+00,5/12/2018 8:19:00 PM,At Intersection (intersection related),11,"MOTOR VEHICLE STRUCK MOTOR VEHICLE, FRONT END AT ANGLE",True,False,Clear or Partly Cloudy,Dry,Daylight,,,,10.0,Entering at angle,0,0,False,1
-122.33290910388,47.6060878574653,200011,277047,277927,E778002,Matched,Intersection,29952.0,4TH AVE AND MADISON ST,NEI,"Not Enough Information, or Insufficient Location Information",1,Property Damage Only Collision,Parked Car,2,0,0,2,0,0,2018-03-09 00:00:00+00,3/9/2018 9:30:00 AM,At Intersection (intersection related),0,NOT ENOUGH INFORMATION / NOT APPLICABLE,,False,Clear or Partly Cloudy,Dry,Daylight,,,,32.0,One parked--one moving,0,0,True,0
-122.317638161716,47.6612987365979,200012,286977,287857,3694046,Matched,Intersection,27066.0,ROOSEVELT WAY NE AND NE 45TH ST, ,,2,Injury Collision,Pedestrian,2,1,0,1,1,0,2018-05-13 00:00:00+00,5/13/2018 2:18:00 PM,At Intersection (intersection related),24,MOTOR VEHCILE STRUCK PEDESTRIAN,,True,Clear or Partly Cloudy,Dry,Daylight,,,,0.0,Vehicle going straight hits pedestrian,0,524683,False,0
-122.334198762717,47.583978858056,200013,286958,287838,3814766,Matched,Intersection,31350.0,1ST AVE S AND S WALKER ST, ,,1,Property Damage Only Collision,Other,1,0,0,1,0,0,2018-05-13 00:00:00+00,5/13/2018 5:00:00 AM,At Intersection (intersection related),28,MOTOR VEHICLE RAN OFF ROAD - HIT FIXED OBJECT,,False,Clear or Partly Cloudy,Dry,Dark - Street Lights On,,,,50.0,Fixed object,0,0,False,0
-122.293193745219,47.7228990657175,200014,287319,288199,E797172,Matched,Intersection,36052.0,LAKE CITY WAY NE AND NE 130TH ST, ,,2,Injury Collision,Left Turn,3,0,0,2,1,0,2018-05-12 00:00:00+00,5/12/2018 11:41:00 AM,At Intersection (intersection related),11,"MOTOR VEHICLE STRUCK MOTOR VEHICLE, FRONT END AT ANGLE",,False,Clear or Partly Cloudy,Dry,Daylight,,,,28.0,From opposite direction - one left turn - one straight,0,0,False,0
-122.334866328699,47.6082279219945,200015,287081,287961,3812067,Matched,Intersection,29931.0,4TH AVE AND UNIVERSITY ST, ,,1,Property Damage Only Collision,Angles,3,0,0,2,0,0,2018-05-13 00:00:00+00,5/13/2018 1:33:00 PM,At Intersection (intersection related),11,"MOTOR VEHICLE STRUCK MOTOR VEHICLE, FRONT END AT ANGLE",,False,Clear or Partly Cloudy,Dry,Daylight,,,,10.0,Entering at angle,0,0,False,0
-122.306857351046,47.7193614796435,200016,287279,288159,E796879,Matched,Block,,NE 125TH ST BETWEEN 20TH AVE NE AND 22ND W AVE NE, ,,1,Property Damage Only Collision,Rear Ended,2,0,0,2,0,0,2018-05-02 00:00:00+00,5/2/2018 11:38:00 AM,Mid-Block (but intersection related),14,"MOTOR VEHICLE STRUCK MOTOR VEHICLE, REAR END",True,False,Clear or Partly Cloudy,Dry,Daylight,,,,13.0,From same direction - both going straight - both moving - rear-end,0,0,False,0
-122.334009322008,47.6106447568887,200017,287066,287946,3811961,Matched,Block,,6TH AVE BETWEEN UNION ST AND PIKE ST, ,,1,Property Damage Only Collision,Parked Car,2,0,0,2,0,0,2018-05-09 00:00:00+00,5/9/2018 5:16:00 PM,Mid-Block (not related to intersection),16,"MOTOR VEHICLE STRUCK MOTOR VEHICLE, LEFT SIDE SIDESWIPE",,False,Clear or Partly Cloudy,Dry,Daylight,,,,20.0,One car leaving parked position,0,0,False,0