longitude,latitude,objectid,inckey,coldetkey,reportno,status,addrtype,intkey,location,exceptrsncode,exceptrsndesc,severitycode,severitydesc,collisiontype,personcount,pedcount,pedcylcount,vehcount,injuries,fatalities,incdate,incdttm,junctiontype,sdot_colcode,sdot_coldesc,inattentionind,underinfl,weather,roadcond,lightcond,pedrownotgrnt,sdotcolnum,speeding,st_colcode,st_coldesc,seglanekey,crosswalkkey,hitparkedcar,seriousinjuries
-122.325058631619,47.5983518943006,200018,286957,287837,3811967,Matched,Intersection,30515.0,MAYNARD AVE S AND S KING ST, ,,1,Property Damage Only Collision,Angles,2,0,0,2,0,0,2018-05-13 00:00:00+00,5/13/2018 11:33:00 AM,At Intersection (intersection related),11,"MOTOR VEHICLE STRUCK MOTOR VEHICLE, FRONT END AT ANGLE",,False,Clear or Partly Cloudy,Dry,Daylight,,,,10.0,Entering at angle,0,0,False,0
-122.270028122504,47.5162493878863,200019,287299,288179,E797137,Matched,Block,,51ST AVE S BETWEEN S ROXBURY ST AND S PILGRIM ST, ,,2,Injury Collision,Rear Ended,6,0,0,3,1,0,2018-05-12 00:00:00+00,5/12/2018 12:33:00 PM,Mid-Block (not related to intersection),14,"MOTOR VEHICLE STRUCK MOTOR VEHICLE, REAR END",True,False,Clear or Partly Cloudy,Dry,Daylight,,,,14.0,From same direction - both going straight - one stopped - rear-end,0,0,False,0
-122.332062246334,47.6034838897075,200020,286943,287823,3818359,Matched,Intersection,30481.0,3RD AVE AND CHERRY ST, ,,2,Injury Collision,Angles,2,0,0,2,1,0,2018-05-13 00:00:00+00,5/13/2018 8:02:00 PM,At Intersection (intersection related),11,"MOTOR VEHICLE STRUCK MOTOR VEHICLE, FRONT END AT ANGLE",,False,Clear or Partly Cloudy,Dry,Daylight,,,,10.0,Entering at angle,0,0,False,0
-122.34707012885,47.534077845871,200021,277045,277925,3745486,Matched,Intersection,34153.0,HIGHLAND PARK WAY SW AND SW HOLDEN N ST, ,,2,Injury Collision,Left Turn,2,0,0,2,2,0,2018-03-12 00:00:00+00,3/12/2018 2:35:00 PM,At Intersection (intersection related),11,"MOTOR VEHICLE STRUCK MOTOR VEHICLE, FRONT END AT ANGLE",True,False,Clear or Partly Cloudy,Dry,Daylight,,,,28.0,From opposite direction - one left turn - one straight,0,0,False,0
-122.354098479594,47.6245755204916,200022,287079,287959,3811965,Matched,Intersection,28918.0,MERCER ST AND WARREN AVE N, ,,1,Property Damage Only Collision,Left Turn,2,0,0,2,0,0,2018-05-12 00:00:00+00,5/12/2018 8:34:00 AM,At Intersection (intersection related),11,"MOTOR VEHICLE STRUCK MOTOR VEHICLE, FRONT END AT ANGLE",,False,Clear or Partly Cloudy,Dry,Daylight,,,,28.0,From opposite direction - one left turn - one straight,0,0,False,0
-122.386898038594,47.5569782857664,200023,286997,287877,3742386,Matched,Block,,CALIFORNIA AVE SW BETWEEN SW HUDSON ST AND SW DAWSON N ST, ,,2,Injury Collision,Pedestrian,2,1,0,1,1,0,2018-05-05 00:00:00+00,5/5/2018 11:10:00 AM,Mid-Block (not related to intersection),24,MOTOR VEHCILE STRUCK PEDESTRIAN,True,False,Clear or Partly Cloudy,Dry,Daylight,,,,3.0,Vehicle backing hits pedestrian,0,0,False,0
-122.335907725425,47.598751306145,200025,286797,287677,E796057,Matched,Block,,ALASKAN WAY S BETWEEN S JACKSON ST AND S KING ST, ,,1,Property Damage Only Collision,Other,1,0,0,1,0,0,2018-04-15 00:00:00+00,4/15/2018 6:55:00 AM,Mid-Block (not related to intersection),26,MOTOR VEHICLE STRUCK OBJECT IN ROAD,,False,Clear or Partly Cloudy,Wet,Daylight,,,True,50.0,Fixed object,0,0,False,0
-122.372607250892,47.5790029437641,200026,277048,277928,3745579,Matched,Block,,HARBOR AVE SW BETWEEN SW FLORIDA ST AND SW HARBOR LN, ,,2,Injury Collision,Parked Car,2,0,0,2,1,0,2018-03-05 00:00:00+00,3/5/2018 2:59:00 PM,Mid-Block (not related to intersection),14,"MOTOR VEHICLE STRUCK MOTOR VEHICLE, REAR END",,False,Overcast,Dry,Daylight,,,,32.0,One parked--one moving,0,0,False,0
-122.335781723739,47.6058726171615,200027,286779,287659,E796056,Matched,Intersection,29613.0,2ND AVE AND SPRING ST, ,,2,Injury Collision,Pedestrian,2,1,0,1,1,0,2018-04-17 00:00:00+00,4/17/2018 4:18:00 AM,At Intersection (intersection related),24,MOTOR VEHCILE STRUCK PEDESTRIAN,,False,Clear or Partly Cloudy,Dry,Dark - Street Lights On,,,,2.0,Vehicle turning left hits pedestrian,0,0,False,0
-122.303436173152,47.6434278466506,200028,287357,288237,E797389,Matched,Block,,EAST MONTLAKE PL E BETWEEN E ROANOKE ST AND 22ND AVE E, ,,1,Property Damage Only Collision,Rear Ended,6,0,0,5,0,0,2018-05-03 00:00:00+00,5/3/2018 5:06:00 PM,Mid-Block (not related to intersection),14,"MOTOR VEHICLE STRUCK MOTOR VEHICLE, REAR END",,False,Clear or Partly Cloudy,Dry,Daylight,,,True,14.0,From same direction - both going straight - one stopped - rear-end,0,0,False,0
-122.394246130433,47.6446104864829,200030,287078,287958,3811964,Matched,Intersection,27636.0,29TH AVE W AND W ARMOUR ST, ,,2,Injury Collision,Angles,5,0,0,2,2,0,2018-05-11 00:00:00+00,5/11/2018 6:03:00 PM,At Intersection (intersection related),11,"MOTOR VEHICLE STRUCK MOTOR VEHICLE, FRONT END AT ANGLE",,False,Clear or Partly Cloudy,Dry,Daylight,,,,10.0,Entering at angle,0,0,False,0
-122.341100830176,47.6113476356685,200031,287067,287947,3811963,Matched,Block,,2ND AVE BETWEEN STEWART ST AND VIRGINIA ST, ,,2,Injury Collision,Sideswipe,2,0,0,2,1,0,2018-05-11 00:00:00+00,5/11/2018 3:26:00 PM,Mid-Block (not related to intersection),11,"MOTOR VEHICLE STRUCK MOTOR VEHICLE, FRONT END AT ANGLE",,False,Clear or Partly Cloudy,Dry,Daylight,,,,71.0,Same direction -- both turning right -- both moving -- sideswipe,0,0,False,0
-122.374819960339,47.6951972846719,200032,286778,287658,E795976,Matched,Block,,HOLMAN RD NW BETWEEN MARY AVE NW AND 14TH AVE NW, ,,1,Property Damage Only Collision,Rear Ended,2,0,0,2,0,0,2018-05-04 00:00:00+00,5/4/2018 6:02:00 AM,Mid-Block (but intersection related),14,"MOTOR VEHICLE STRUCK MOTOR VEHICLE, REAR END",,False,Overcast,Dry,Daylight,,,,14.0,From same direction - both going straight - one stopped - rear-end,0,0,False,0
-122.292250178464,47.728288273371,200033,286962,287842,3762813,Matched,Intersection,36017.0,NE 137TH ST AND LAKE CITY WAY NE, ,,2,Injury Collision,Left Turn,4,0,0,2,2,0,2018-05-14 00:00:00+00,5/14/2018 5:29:00 PM,At Intersection (intersection related),11,"MOTOR VEHICLE STRUCK MOTOR VEHICLE, FRONT END AT ANGLE",,False,Clear or Partly Cloudy,Dry,Daylight,,,,28.0,From opposite direction - one left turn - one straight,0,0,False,0
-122.316511701383,47.5488665226284,200034,287318,288198,E797138,Matched,Block,,AIRPORT WAY S BETWEEN S VALE ST AND 13TH AVE S, ,,1,Property Damage Only Collision,Sideswipe,3,0,0,2,0,0,2018-05-12 00:00:00+00,5/12/2018 12:48:00 PM,Mid-Block (not related to intersection),11,"MOTOR VEHICLE STRUCK MOTOR VEHICLE, FRONT END AT ANGLE",,False,Clear or Partly Cloudy,Dry,Daylight,,,,11.0,From same direction - both going straight - both moving - sideswipe,0,0,False,0
-122.373593868616,47.6636617477976,200035,277837,278737,3754040,Matched,Intersection,25456.0,14TH AVE NW AND NW LEARY WAY, ,,1,Property Damage Only Collision,Sideswipe,2,0,0,2,0,0,2018-03-18 00:00:00+00,3/18/2018 10:32:00 AM,At Intersection (intersection related),11,"MOTOR VEHICLE STRUCK MOTOR VEHICLE, FRONT END AT ANGLE",True,False,Clear or Partly Cloudy,Dry,Daylight,,,,11.0,From same direction - both going straight - both moving - sideswipe,0,0,False,0
-122.262777397341,47.5201170126263,200036,278197,279097,E780658,Matched,Intersection,35451.0,RAINIER AVE S AND SEWARD PARK AVE S, ,,2,Injury Collision,Angles,3,0,0,2,1,0,2018-03-19 00:00:00+00,3/19/2018 5:03:00 PM,At Intersection (intersection related),11,"MOTOR VEHICLE STRUCK MOTOR VEHICLE, FRONT END AT ANGLE",True,False,Clear or Partly Cloudy,Dry,Daylight,,,,10.0,Entering at angle,0,0,False,0
-122.281736639684,47.5379643881396,200037,278677,279577,3818422,Matched,Block,,M L KING JR WR WAY S BETWEEN S MYRTLE ST AND S OTHELLO ST, ,,2,Injury Collision,Right Turn,2,0,0,2,1,0,2018-03-21 00:00:00+00,3/21/2018 7:26:00 AM,Mid-Block (but intersection related),14,"MOTOR VEHICLE STRUCK MOTOR VEHICLE, REAR END",True,False,Clear or Partly Cloudy,Dry,Daylight,,,,16.0,From same direction - one right turn - one straight,0,0,False,0
-122.344375329033,47.616802232544,200038,277857,278757,3754205,Matched,Intersection,29532.0,5TH AVE AND BATTERY ST, ,,1,Property Damage Only Collision,Left Turn,2,0,0,2,0,0,2018-03-14 00:00:00+00,3/14/2018 2:43:00 PM,At Intersection (intersection related),11,"MOTOR VEHICLE STRUCK MOTOR VEHICLE, FRONT END AT ANGLE",,False,Clear or Partly Cloudy,Dry,Daylight,,,,28.0,From opposite direction - one left turn - one straight,0,0,False,0
-122.276525217374,47.5511703628732,200039,278622,279522,3818417,Matched,Block,,S ORCAS ST BETWEEN RAINIER AVE S AND 46TH AVE S, ,,1,Property Damage Only Collision,Parked Car,3,0,0,3,0,0,2018-03-17 00:00:00+00,3/17/2018 9:02:00 AM,Mid-Block (not related to intersection),11,"MOTOR VEHICLE STRUCK MOTOR VEHICLE, FRONT END AT ANGLE",,False,Clear or Partly Cloudy,Dry,Daylight,,,,32.0,One parked--one moving,0,0,False,0
-122.313357169498,47.6866889661973,200040,277821,278721,3754039,Matched,Intersection,24398.0,LAKE CITY WAY NE AND NE 80TH ST, ,,1,Property Damage Only Collision,Left Turn,2,0,0,2,0,0,2018-03-15 00:00:00+00,3/15/2018 10:04:00 PM,At Intersection (intersection related),11,"MOTOR VEHICLE STRUCK MOTOR VEHICLE, FRONT END AT ANGLE",,False,Clear or Partly Cloudy,Dry,Dark - Street Lights On,,,,28.0,From opposite direction - one left turn - one straight,0,0,False,0
-122.347571020313,47.6245614776713,200041,277820,278720,3753800,Matched,Intersection,28914.0,5TH AVE N AND MERCER ST, ,,1,Property Damage Only Collision,Left Turn,5,0,0,2,0,0,2018-03-11 00:00:00+00,3/11/2018 3:04:00 PM,At Intersection (intersection related),11,"MOTOR VEHICLE STRUCK MOTOR VEHICLE, FRONT END AT ANGLE",,False,Clear or Partly Cloudy,Dry,Daylight,,,,28.0,From opposite direction - one left turn - one straight,0,0,False,0
-122.290243688349,47.5966322095181,200042,278219,279119,3702358,Matched,Intersection,35527.0,33RD AVE S AND S LANE ST, ,,1,Property Damage Only Collision,Other,1,0,0,1,0,0,2018-03-23 00:00:00+00,3/23/2018 9:11:00 AM,At Intersection (intersection related),28,MOTOR VEHICLE RAN OFF ROAD - HIT FIXED OBJECT,True,False,Raining,Wet,Daylight,,,,50.0,Fixed object,0,0,False,0
-122.319117988348,47.549223330704,200043,278637,279537,3818420,Matched,Block,,S NEBRASKA ST BETWEEN CORSON AVE S AND AIRPORT WAY S, ,,1,Property Damage Only Collision,Parked Car,2,0,0,2,0,0,2018-03-19 00:00:00+00,3/19/2018 4:24:00 PM,Mid-Block (not related to intersection),11,"MOTOR VEHICLE STRUCK MOTOR VEHICLE, FRONT END AT ANGLE",,False,Clear or Partly Cloudy,Dry,Daylight,,,,32.0,One parked--one moving,0,0,False,0
-122.37876572539,47.5683651212275,200044,277819,278719,3745514,Matched,Intersection,31877.0,37TH AVE SW AND SW ANDOVER ST, ,,2,Injury Collision,Angles,3,0,0,2,2,0,2018-03-17 00:00:00+00,3/17/2018 1:20:00 PM,At Intersection (intersection related),11,"MOTOR VEHICLE STRUCK MOTOR VEHICLE, FRONT END AT ANGLE",,False,Clear or Partly Cloudy,Dry,Daylight,,,,10.0,Entering at angle,0,0,False,0
-122.347683894855,47.6745776961301,200045,278157,279057,E780599,Matched,Intersection,25593.0,WOODLAND PL N AND N 63RD ST, ,,2,Injury Collision,Angles,2,0,0,2,1,0,2018-03-16 00:00:00+00,3/16/2018 3:00:00 PM,At Intersection (intersection related),11,"MOTOR VEHICLE STRUCK MOTOR VEHICLE, FRONT END AT ANGLE",,False,Clear or Partly Cloudy,Dry,Daylight,,,,10.0,Entering at angle,0,0,False,0
-122.342326603843,47.6271383834732,200046,278620,279520,E781745,Matched,Intersection,28731.0,DEXTER AVE N AND ALOHA ST, ,,1,Property Damage Only Collision,Angles,2,0,0,2,0,0,2018-03-13 00:00:00+00,3/13/2018 5:41:00 PM,At Intersection (intersection related),11,"MOTOR VEHICLE STRUCK MOTOR VEHICLE, FRONT END AT ANGLE",,False,Raining,Wet,Dark - Street Lights Off,,,,10.0,Entering at angle,0,0,False,0
-122.386775317823,47.5629116246952,200047,277818,278718,3745513,Matched,Intersection,31904.0,CALIFORNIA AVE SW AND SW OREGON ST, ,,1,Property Damage Only Collision,Angles,2,0,0,2,0,0,2018-03-16 00:00:00+00,3/16/2018 12:10:00 PM,At Intersection (intersection related),11,"MOTOR VEHICLE STRUCK MOTOR VEHICLE, FRONT END AT ANGLE",,False,Clear or Partly Cloudy,Dry,Daylight,,,,10.0,Entering at angle,0,0,False,0
-122.297414682629,47.5992328395492,200048,278218,279118,3702357,Matched,Intersection,30602.0,M L KING JR WAY S AND S JACKSON ST, ,,1,Property Damage Only Collision,Other,1,0,0,1,0,0,2018-03-22 00:00:00+00,3/22/2018 7:45:00 AM,At Intersection (intersection related),28,MOTOR VEHICLE RAN OFF ROAD - HIT FIXED OBJECT,,False,Raining,Wet,Daylight,,,,50.0,Fixed object,0,0,False,0
-122.371829582169,47.5468679782181,200049,277817,278717,3745511,Matched,Intersection,33011.0,31ST AVE SW AND SW GRAHAM ST, ,,1,Property Damage Only Collision,Rear Ended,2,0,0,2,0,0,2018-03-16 00:00:00+00,3/16/2018 8:32:00 AM,At Intersection (intersection related),14,"MOTOR VEHICLE STRUCK MOTOR VEHICLE, REAR END",,False,Clear or Partly Cloudy,Dry,Daylight,,,,13.0,From same direction - both going straight - both moving - rear-end,0,0,False,0
-122.32615321946,47.5462500023134,200050,278697,279597,E781154,Matched,Intersection,34217.0,6TH AVE S AND S MICHIGAN ST, ,,2,Injury Collision,Head On,3,0,0,3,3,0,2018-03-21 00:00:00+00,3/21/2018 10:27:00 AM,At Intersection (intersection related),11,"MOTOR VEHICLE STRUCK MOTOR VEHICLE, FRONT END AT ANGLE",,False,Clear or Partly Cloudy,Dry,Daylight,,,,25.0,From opposite direction - one stopped - head-on,0,0,False,0
-122.337995359023,47.6082921650285,200051,277858,278758,3754206,Matched,Intersection,29600.0,2ND AVE AND UNION ST, ,,1,Property Damage Only Collision,Sideswipe,2,0,0,2,0,0,2018-03-14 00:00:00+00,3/14/2018 4:19:00 PM,At Intersection (intersection related),11,"MOTOR VEHICLE STRUCK MOTOR VEHICLE, FRONT END AT ANGLE",,False,Clear or Partly Cloudy,Dry,Daylight,,,,81.0,Same direction -- both turning left -- both moving -- sideswipe,0,0,False,0
-122.354402374075,47.6694503979248,200052,277078,277958,E777318,Matched,Block,,PHINNEY AVE N BETWEEN N ARGYLE PL AND N 56TH ST, ,,2,Injury Collision,Other,2,0,0,2,1,0,2018-03-08 00:00:00+00,3/8/2018 8:08:00 AM,Mid-Block (not related to intersection),11,"MOTOR VEHICLE STRUCK MOTOR VEHICLE, FRONT END AT ANGLE",,False,Raining,Wet,Daylight,,,,23.0,From same direction - all others,0,0,False,0
-122.306849858645,47.5850161542033,200053,278623,279523,E781810,Matched,Block,,20TH AVE S BETWEEN S PLUM ST AND S HILL ST,NEI,"Not Enough Information, or Insufficient Location Information",1,Property Damage Only Collision,Parked Car,2,0,0,2,0,0,2018-03-20 00:00:00+00,3/20/2018 2:00:00 PM,Mid-Block (not related to intersection),0,NOT ENOUGH INFORMATION / NOT APPLICABLE,,False,Clear or Partly Cloudy,Dry,Daylight,,,,32.0,One parked--one moving,0,0,False,0
-122.345085277257,47.7330620900585,200054,277077,277957,E777316,Matched,Block,,AURORA AVE N BETWEEN N 143RD ST AND ROOSEVELT WAY N, ,,2,Injury Collision,Left Turn,3,0,0,2,2,0,2018-03-07 00:00:00+00,3/7/2018 3:40:00 PM,Mid-Block (not related to intersection),11,"MOTOR VEHICLE STRUCK MOTOR VEHICLE, FRONT END AT ANGLE",,False,Overcast,Dry,Daylight,,,,28.0,From opposite direction - one left turn - one straight,0,0,False,0
-122.31678189326,47.6016933678319,200055,278217,279117,E780755,Matched,Intersection,30410.0,12TH AVE AND E YESLER WAY, ,,1,Property Damage Only Collision,Angles,2,0,0,2,0,0,2018-02-24 00:00:00+00,2/24/2018 6:22:00 AM,At Intersection (intersection related),11,"MOTOR VEHICLE STRUCK MOTOR VEHICLE, FRONT END AT ANGLE",,False,Clear or Partly Cloudy,Wet,Daylight,,,,10.0,Entering at angle,0,0,False,0
-122.312088716618,47.6835000387814,200056,278177,279077,E780600,Matched,Block,,15TH AVE NE BETWEEN NE 75TH ST AND NE 76TH ST, ,,1,Property Damage Only Collision,Parked Car,2,0,0,2,0,0,2018-03-17 00:00:00+00,3/17/2018 2:54:00 PM,Mid-Block (not related to intersection),13,"MOTOR VEHICLE STRUCK MOTOR VEHICLE, LEFT SIDE AT ANGLE",True,False,Clear or Partly Cloudy,Dry,Daylight,,,,32.0,One parked--one moving,0,0,True,0
-122.308459966061,47.5935691449482,200058,277057,277937,E777284,Matched,Block,,HIAWATHA PL S BETWEEN S CHARLES ST AND S BUSH PL, ,,1,Property Damage Only Collision,Parked Car,2,0,0,2,0,0,2018-03-07 00:00:00+00,3/7/2018 3:03:00 PM,Mid-Block (not related to intersection),14,"MOTOR VEHICLE STRUCK MOTOR VEHICLE, REAR END",,False,Clear or Partly Cloudy,Dry,Daylight,,,,32.0,One parked--one moving,0,0,False,0
-122.302499625066,47.6202072950364,200059,278621,279521,E781755,Matched,Intersection,29380.0,23RD AVE E AND E JOHN ST, ,,1,Property Damage Only Collision,Angles,3,0,0,2,0,0,2018-03-22 00:00:00+00,3/22/2018 9:16:00 AM,At Intersection (intersection related),11,"MOTOR VEHICLE STRUCK MOTOR VEHICLE, FRONT END AT ANGLE",True,False,Raining,Wet,Daylight,,,,10.0,Entering at angle,0,0,False,0
-122.290234894031,47.5457075259263,200060,277050,277930,E778125,Matched,Block,,33RD AVE S BETWEEN S GRAHAM ST AND S EDDY CT, ,,1,Property Damage Only Collision,Parked Car,3,0,0,3,0,0,2018-03-11 00:00:00+00,3/11/2018 1:59:00 PM,Mid-Block (not related to intersection),14,"MOTOR VEHICLE STRUCK MOTOR VEHICLE, REAR END",True,False,Clear or Partly Cloudy,Dry,Daylight,,,,32.0,One parked--one moving,0,0,False,0
-122.344937701725,47.6275859098344,200061,277049,277929,E777190,Matched,Block,,6TH AVE N BETWEEN ALOHA ST AND WARD ST, ,,1,Property Damage Only Collision,Parked Car,2,0,0,2,0,0,2018-03-08 00:00:00+00,3/8/2018 7:38:00 AM,Mid-Block (not related to intersection),11,"MOTOR VEHICLE STRUCK MOTOR VEHICLE, FRONT END AT ANGLE",,False,Raining,Wet,Dark - Street Lights On,,,,32.0,One parked--one moving,0,0,False,0
-122.300417637444,47.6605030901981,200062,278198,279098,E780601,Matched,Block,,NE 44TH ST BETWEEN 25TH AVE NE AND MONTLAKE BLVD NE, ,,2,Injury Collision,Rear Ended,5,0,0,4,2,0,2018-03-18 00:00:00+00,3/18/2018 12:31:00 PM,Mid-Block (but intersection related),14,"MOTOR VEHICLE STRUCK MOTOR VEHICLE, REAR END",True,False,Clear or Partly Cloudy,Dry,Daylight,,,,14.0,From same direction - both going straight - one stopped - rear-end,0,0,False,0
-122.303922997186,47.5859151440313,200063,278624,279524,3818418,Matched,Block,,RAINIER AVE S BETWEEN S HOLGATE ST AND S PLUM ST, ,,1,Property Damage Only Collision,Parked Car,3,0,0,2,0,0,2018-03-19 00:00:00+00,3/19/2018 11:00:00 AM,Mid-Block (not related to intersection),16,"MOTOR VEHICLE STRUCK MOTOR VEHICLE, LEFT SIDE SIDESWIPE",,False,Clear or Partly Cloudy,Dry,Daylight,,,,32.0,One parked--one moving,0,0,True,0
-122.279456301841,47.5219567818742,200064,278138,279038,E780657,Matched,Intersection,487380.0,M L KING JR ER WAY S AND S DIRECTOR ST, ,,1,Property Damage Only Collision,Right Turn,3,0,0,2,0,0,2018-03-19 00:00:00+00,3/19/2018 2:26:00 PM,At Intersection (intersection related),11,"MOTOR VEHICLE STRUCK MOTOR VEHICLE, FRONT END AT ANGLE",,False,Clear or Partly Cloudy,Dry,Daylight,,,,16.0,From same direction - one right turn - one straight,0,0,False,0
-122.312759951081,47.5974916350313,200065,278220,279120,3702439,Matched,Intersection,30437.0,RAINIER AVE S AND S WELLER ST, ,,2,Injury Collision,Angles,9,0,0,7,1,0,2018-03-22 00:00:00+00,3/22/2018 8:20:00 AM,At Intersection (intersection related),11,"MOTOR VEHICLE STRUCK MOTOR VEHICLE, FRONT END AT ANGLE",,False,Raining,Wet,Daylight,,,,10.0,Entering at angle,0,0,False,0
-122.410085961,47.5758972054075,200066,281867,282727,3782622,Matched,Block,,SW ADMIRAL WAY BETWEEN 60TH AVE SW AND 61ST AVE SW, ,,2,Injury Collision,Cycles,2,0,1,1,1,0,2018-04-11 00:00:00+00,4/11/2018 9:13:00 AM,Driveway Junction,18,"MOTOR VEHICLE STRUCK PEDALCYCLIST, FRONT END AT ANGLE",,False,Overcast,Dry,Daylight,,,,6.0,Pedalcyclist Strikes Moving Vehicle,0,0,False,0
-122.329567914804,47.6613662506849,200067,280396,281276,3695870,Matched,Block,,N 45TH ST BETWEEN SUNNYSIDE AVE N AND EASTERN AVE N, ,,1,Property Damage Only Collision,Parked Car,4,0,0,4,0,0,2018-03-18 00:00:00+00,3/18/2018 1:33:00 AM,Mid-Block (not related to intersection),16,"MOTOR VEHICLE STRUCK MOTOR VEHICLE, LEFT SIDE SIDESWIPE",,True,Clear or Partly Cloudy,Dry,Dark - Street Lights On,,,,32.0,One parked--one moving,0,0,True,0
-122.298611230461,47.5463264125722,200069,281870,282730,3782838,Matched,Block,,S GRAHAM ST BETWEEN BEACON ER AVE S AND 28TH AVE S, ,,1,Property Damage Only Collision,Rear Ended,3,0,0,2,0,0,2018-04-09 00:00:00+00,4/9/2018 8:20:00 PM,Mid-Block (not related to intersection),14,"MOTOR VEHICLE STRUCK MOTOR VEHICLE, REAR END",,False,Clear or Partly Cloudy,Dry,Dark - Street Lights On,,,,14.0,From same direction - both going straight - one stopped - rear-end,0,0,False,0
-122.379823088623,47.5882946062379,200070,279497,280397,E782803,Matched,Block,,HARBOR AVE SW BETWEEN CALIFORNIA WAY SW AND FAIRMOUNT AVE SW,NEI,"Not Enough Information, or Insufficient Location Information",1,Property Damage Only Collision,Parked Car,2,0,0,2,0,0,2018-03-25 00:00:00+00,3/25/2018 1:00:00 PM,,0,NOT ENOUGH INFORMATION / NOT APPLICABLE,,False,Clear or Partly Cloudy,Dry,Daylight,,,,32.0,One parked--one moving,0,0,True,0
-122.37625597968,47.6512531363592,200071,281865,282725,3754224,Matched,Block,,15TH AVE W BETWEEN W BERTONA ST AND W RUFFNER ST, ,,1,Property Damage Only Collision,Rear Ended,3,0,0,3,0,0,2018-04-09 00:00:00+00,4/9/2018 3:23:00 PM,Mid-Block (not related to intersection),14,"MOTOR VEHICLE STRUCK MOTOR VEHICLE, REAR END",True,False,Overcast,Dry,Daylight,,,,13.0,From same direction - both going straight - both moving - rear-end,0,0,False,0
-122.328433910023,47.5839771183023,200073,281379,282250,3818756,Matched,Block,,S WALKER ST BETWEEN 4TH AVE S AND DEAD END 3, ,,1,Property Damage Only Collision,Parked Car,2,0,0,2,0,0,2018-03-31 00:00:00+00,3/31/2018 3:49:00 PM,Mid-Block (not related to intersection),11,"MOTOR VEHICLE STRUCK MOTOR VEHICLE, FRONT END AT ANGLE",,False,Clear or Partly Cloudy,Dry,Daylight,,,,32.0,One parked--one moving,0,0,False,0
-122.320603145826,47.7103953083559,200074,280437,281317,E784204,Matched,Block,,8TH AVE NE BETWEEN NE NORTHGATE WAY AND NE 115TH ST, ,,1,Property Damage Only Collision,Angles,2,0,0,2,0,0,2018-03-16 00:00:00+00,3/16/2018 2:38:00 PM,Driveway Junction,11,"MOTOR VEHICLE STRUCK MOTOR VEHICLE, FRONT END AT ANGLE",,False,Clear or Partly Cloudy,Dry,Daylight,,,,10.0,Entering at angle,0,0,False,0
-122.254715882382,47.5171633280821,200076,281868,282728,3782785,Matched,Block,,RAINIER AVE S BETWEEN S KEPPLER ST AND S PILGRIM ST, ,,2,Injury Collision,Rear Ended,4,0,0,3,1,0,2018-04-10 00:00:00+00,4/10/2018 9:32:00 AM,Mid-Block (not related to intersection),14,"MOTOR VEHICLE STRUCK MOTOR VEHICLE, REAR END",,False,Raining,Wet,Daylight,,,,14.0,From same direction - both going straight - one stopped - rear-end,0,0,False,0
-122.287763787803,47.5972657167513,200077,280394,281274,3586147,Matched,Block,,35TH AVE S BETWEEN S KING ST AND S LANE ST, ,,1,Property Damage Only Collision,Other,1,0,0,1,0,0,2018-04-01 00:00:00+00,4/1/2018 6:50:00 AM,Mid-Block (not related to intersection),28,MOTOR VEHICLE RAN OFF ROAD - HIT FIXED OBJECT,,True,Overcast,Dry,Daylight,,,,50.0,Fixed object,0,0,False,0
-122.383108588466,47.5475354625231,200079,281863,282723,3745520,Matched,Block,,FAUNTLEROY WAY SW BETWEEN SW RAYMOND ST AND SW GRAHAM ST, ,,1,Property Damage Only Collision,Parked Car,2,0,0,2,0,0,2018-04-08 00:00:00+00,4/8/2018 10:27:00 AM,Mid-Block (not related to intersection),14,"MOTOR VEHICLE STRUCK MOTOR VEHICLE, REAR END",True,False,Raining,Wet,Daylight,,,,32.0,One parked--one moving,0,0,True,0
-122.334203343236,47.5749819439493,200080,281378,282249,3818736,Matched,Block,,1ST AVE S BETWEEN S HANFORD ST AND S HORTON ST, ,,1,Property Damage Only Collision,Sideswipe,3,0,0,3,0,0,2018-03-28 00:00:00+00,3/28/2018 9:21:00 AM,Mid-Block (not related to intersection),14,"MOTOR VEHICLE STRUCK MOTOR VEHICLE, REAR END",,False,Clear or Partly Cloudy,Dry,Daylight,,,,11.0,From same direction - both going straight - both moving - sideswipe,0,0,False,0
-122.3066259384,47.6306136356639,200081,281380,282251,E782806,Matched,Block,,E HIGHLAND DR BETWEEN 19TH AVE E AND 20TH AVE E, ,,1,Property Damage Only Collision,Parked Car,2,0,0,2,0,0,2018-03-26 00:00:00+00,3/26/2018 7:20:00 PM,Mid-Block (not related to intersection),0,NOT ENOUGH INFORMATION / NOT APPLICABLE,,False,Clear or Partly Cloudy,Dry,Dark - Street Lights On,,,,32.0,One parked--one moving,0,0,True,0
-122.326807042021,47.6086403102978,200082,280397,281277,3702414,Matched,Block,,MADISON ST BETWEEN 9TH AVE AND TERRY AVE, ,,1,Property Damage Only Collision,Rear Ended,2,0,0,2,0,0,2018-04-04 00:00:00+00,4/4/2018 1:32:00 PM,Mid-Block (but intersection related),14,"MOTOR VEHICLE STRUCK MOTOR VEHICLE, REAR END",True,False,Raining,Wet,Daylight,,,,14.0,From same direction - both going straight - one stopped - rear-end,0,0,False,0