longitude,latitude,objectid,inckey,coldetkey,reportno,status,addrtype,intkey,location,exceptrsncode,exceptrsndesc,severitycode,severitydesc,collisiontype,personcount,pedcount,pedcylcount,vehcount,injuries,fatalities,incdate,incdttm,junctiontype,sdot_colcode,sdot_coldesc,inattentionind,underinfl,weather,roadcond,lightcond,pedrownotgrnt,sdotcolnum,speeding,st_colcode,st_coldesc,seglanekey,crosswalkkey,hitparkedcar,seriousinjuries
-122.326708321287,47.6076953891316,200083,279458,280358,E782638,Matched,Intersection,29938.0,9TH AVE AND MARION ST, ,,1,Property Damage Only Collision,Angles,2,0,0,2,0,0,2018-03-21 00:00:00+00,3/21/2018 12:00:00 PM,At Intersection (intersection related),11,"MOTOR VEHICLE STRUCK MOTOR VEHICLE, FRONT END AT ANGLE",,False,Clear or Partly Cloudy,Dry,Daylight,,,,10.0,Entering at angle,0,0,False,0
-122.368610622809,47.6640180995256,200084,281877,282737,E786013,Matched,Block,,9TH AVE NW BETWEEN NW 48TH ST AND NW 49TH ST, ,,1,Property Damage Only Collision,Parked Car,3,1,0,2,0,0,2018-04-05 00:00:00+00,4/5/2018 4:10:00 PM,Mid-Block (not related to intersection),11,"MOTOR VEHICLE STRUCK MOTOR VEHICLE, FRONT END AT ANGLE",,False,Overcast,Wet,Daylight,,,,32.0,One parked--one moving,0,0,False,0
-122.310949419142,47.5951162837385,200085,281417,282277,E783191,Matched,Block,,RAINIER AVE S BETWEEN S DEARBORN ST AND S CHARLES N ST, ,,2,Injury Collision,Pedestrian,2,1,0,1,1,0,2018-03-27 00:00:00+00,3/27/2018 2:00:00 PM,Driveway Junction,24,MOTOR VEHCILE STRUCK PEDESTRIAN,True,False,Overcast,Dry,Daylight,,,,1.0,Vehicle turning right hits pedestrian,0,0,False,0
-122.313366597997,47.5859485386204,200088,281377,282248,3818306,Matched,Block,,15TH AVE S BETWEEN S HOLGATE ST AND S PLUM ST, ,,2,Injury Collision,Pedestrian,2,0,1,1,1,0,2018-04-06 00:00:00+00,4/6/2018 9:25:00 AM,Mid-Block (not related to intersection),23,"MOTOR VEHICLE STRUCK PEDALCYCLIST, LEFT SIDE SIDESWIPE",,False,Overcast,Dry,Daylight,,,,5.0,Vehicle Strikes Pedalcyclist,0,0,False,0
-122.354351605003,47.6756575021131,200089,280395,281275,3694693,Matched,Block,,PHINNEY AVE N BETWEEN N 64TH ST AND N 65TH ST, ,,2,Injury Collision,Rear Ended,2,0,0,2,1,0,2018-03-12 00:00:00+00,3/12/2018 10:49:00 AM,Mid-Block (but intersection related),14,"MOTOR VEHICLE STRUCK MOTOR VEHICLE, REAR END",True,False,Overcast,Dry,Daylight,,,,14.0,From same direction - both going straight - one stopped - rear-end,0,0,False,0
-122.296313995976,47.7192848910169,200090,280457,281337,E784205,Matched,Intersection,36602.0,30TH AVE NE AND NE 125TH ST, ,,2,Injury Collision,Left Turn,2,0,0,2,1,0,2018-03-15 00:00:00+00,3/15/2018 2:40:00 PM,At Intersection (intersection related),11,"MOTOR VEHICLE STRUCK MOTOR VEHICLE, FRONT END AT ANGLE",,False,Clear or Partly Cloudy,Dry,Daylight,,,,28.0,From opposite direction - one left turn - one straight,0,0,False,0
-122.263779337632,47.5260156675408,200092,281869,282729,3782836,Matched,Block,,55TH AVE S BETWEEN S CLOVERDALE ST AND WABASH AVE S, ,,1,Property Damage Only Collision,Parked Car,2,0,0,2,0,0,2018-03-31 00:00:00+00,3/31/2018 11:00:00 PM,Mid-Block (not related to intersection),14,"MOTOR VEHICLE STRUCK MOTOR VEHICLE, REAR END",,False,Unknown,Unknown,Unknown,,,,32.0,One parked--one moving,0,0,True,0
-122.385209606021,47.5802470592928,200094,281864,282724,3745534,Matched,Block,,42ND AVE SW BETWEEN SW ADMIRAL WAY AND SW LANDER ST, ,,1,Property Damage Only Collision,Angles,2,0,0,2,0,0,2018-04-10 00:00:00+00,4/10/2018 11:14:00 PM,Driveway Junction,11,"MOTOR VEHICLE STRUCK MOTOR VEHICLE, FRONT END AT ANGLE",,False,Clear or Partly Cloudy,Dry,Dark - Street Lights On,,,,10.0,Entering at angle,0,0,False,0
-122.354071425438,47.7014572448039,200096,281367,282247,E787013,Matched,Intersection,37399.0,PHINNEY AVE N AND N 100TH ST, ,,1,Property Damage Only Collision,Angles,3,0,0,2,0,0,2018-04-03 00:00:00+00,4/3/2018 8:30:00 AM,At Intersection (intersection related),11,"MOTOR VEHICLE STRUCK MOTOR VEHICLE, FRONT END AT ANGLE",True,False,Overcast,Dry,Daylight,,,,10.0,Entering at angle,0,0,False,0
-122.309589744488,47.5958725937176,200097,280398,281278,3702415,Matched,Block,,S DEARBORN ST BETWEEN HIAWATHA PL S AND 18TH AVE S, ,,1,Property Damage Only Collision,Parked Car,4,0,0,2,0,0,2018-04-04 00:00:00+00,4/4/2018 8:59:00 PM,Mid-Block (not related to intersection),14,"MOTOR VEHICLE STRUCK MOTOR VEHICLE, REAR END",,False,Raining,Wet,Dark - Street Lights On,,,,32.0,One parked--one moving,0,0,True,0
-122.270818794478,47.5309593247598,200098,279399,280299,3818776,Matched,Block,,50TH AVE S BETWEEN S KENYON ST AND S ELMGROVE ST, ,,1,Property Damage Only Collision,Parked Car,2,0,0,2,0,0,2018-03-26 00:00:00+00,3/26/2018 9:35:00 PM,Mid-Block (not related to intersection),14,"MOTOR VEHICLE STRUCK MOTOR VEHICLE, REAR END",,False,Overcast,Dry,Dark - Street Lights On,,,True,32.0,One parked--one moving,0,0,True,0
-122.349288365351,47.6161894492202,200099,280393,281273,3583893,Matched,Block,,2ND AVE BETWEEN VINE ST AND CEDAR ST, ,,1,Property Damage Only Collision,Parked Car,2,0,0,2,0,0,2018-04-01 00:00:00+00,4/1/2018 7:40:00 PM,Mid-Block (not related to intersection),14,"MOTOR VEHICLE STRUCK MOTOR VEHICLE, REAR END",,False,Overcast,Dry,Dark - Street Lights On,,,,32.0,One parked--one moving,0,0,True,0
-122.336884603407,47.6087562245948,200118,282565,283425,E788959,Matched,Intersection,29591.0,3RD AVE AND UNION ST, ,,2,Injury Collision,Angles,5,0,0,2,2,0,2018-04-14 00:00:00+00,4/14/2018 2:53:00 PM,At Intersection (intersection related),11,"MOTOR VEHICLE STRUCK MOTOR VEHICLE, FRONT END AT ANGLE",,False,Raining,Wet,Daylight,,,,10.0,Entering at angle,0,0,False,0
-122.384136941236,47.561064192819,200100,282557,283417,3573562,Matched,Intersection,31918.0,41ST AVE SW AND SW ALASKA ST, ,,1,Property Damage Only Collision,Left Turn,2,0,0,2,0,0,2018-04-18 00:00:00+00,4/18/2018 6:36:00 PM,At Intersection (intersection related),11,"MOTOR VEHICLE STRUCK MOTOR VEHICLE, FRONT END AT ANGLE",,False,Clear or Partly Cloudy,Dry,Daylight,,,,28.0,From opposite direction - one left turn - one straight,0,0,False,0
-122.308941951941,47.6061699718305,200101,281437,282297,E787014,Matched,Intersection,30192.0,18TH AVE AND E JEFFERSON ST, ,,1,Property Damage Only Collision,Left Turn,2,0,0,2,0,0,2018-04-04 00:00:00+00,4/4/2018 12:21:00 PM,At Intersection (intersection related),11,"MOTOR VEHICLE STRUCK MOTOR VEHICLE, FRONT END AT ANGLE",True,False,Raining,Wet,Daylight,,,,28.0,From opposite direction - one left turn - one straight,0,0,False,0
-122.314221688613,47.5914747519798,200102,283198,284058,3818625,Matched,Block,,15TH AVE S BETWEEN GOLF DR S AND S ATLANTIC ST, ,,1,Property Damage Only Collision,Parked Car,2,0,0,2,0,0,2018-04-15 00:00:00+00,4/15/2018 9:07:00 AM,Mid-Block (not related to intersection),14,"MOTOR VEHICLE STRUCK MOTOR VEHICLE, REAR END",,False,Raining,Wet,Dusk,,,,32.0,One parked--one moving,0,0,True,0
-122.366021829703,47.6768765221062,200103,286998,287878,3705543,Matched,Block,,8TH AVE NW BETWEEN NW 65TH ST AND NW 67TH ST, ,,1,Property Damage Only Collision,Other,1,0,0,1,0,0,2018-05-09 00:00:00+00,5/9/2018 12:52:00 AM,Mid-Block (not related to intersection),28,MOTOR VEHICLE RAN OFF ROAD - HIT FIXED OBJECT,,False,,Wet,Dark - Street Lights On,,,,50.0,Fixed object,0,0,False,0
-122.326355495633,47.6004528511225,200104,283218,284078,3811978,Matched,Block,,6TH AVE S BETWEEN S WASHINGTON ST AND S MAIN ST, ,,1,Property Damage Only Collision,Angles,2,0,0,2,0,0,2018-04-16 00:00:00+00,4/16/2018 8:15:00 PM,Driveway Junction,11,"MOTOR VEHICLE STRUCK MOTOR VEHICLE, FRONT END AT ANGLE",,False,Raining,Wet,Dark - Street Lights On,,,,10.0,Entering at angle,0,0,False,0
-122.334802190036,47.6048017324241,200105,284758,285638,3818511,Matched,Block,,2ND AVE BETWEEN MARION ST AND MADISON ST, ,,1,Property Damage Only Collision,Parked Car,2,0,0,2,0,0,2018-04-29 00:00:00+00,4/29/2018 8:18:00 AM,Mid-Block (not related to intersection),11,"MOTOR VEHICLE STRUCK MOTOR VEHICLE, FRONT END AT ANGLE",,False,Clear or Partly Cloudy,Dry,Daylight,,,,32.0,One parked--one moving,0,0,True,0
-122.296931198074,47.5724811926125,200106,283197,284057,3818594,Matched,Block,,M L KING JR WR WAY S BETWEEN S HINDS ST AND S DELLA ST, ,,1,Property Damage Only Collision,Sideswipe,3,0,0,2,0,0,2018-04-16 00:00:00+00,4/16/2018 9:56:00 AM,Mid-Block (not related to intersection),11,"MOTOR VEHICLE STRUCK MOTOR VEHICLE, FRONT END AT ANGLE",,False,Raining,Wet,Daylight,,,,82.0,Same direction -- both turning left -- one stopped -- sideswipe,0,0,False,0
-122.313454233257,47.5958156060809,200108,283182,284042,3818509,Matched,Block,,S DEARBORN ST BETWEEN CORWIN PL S AND POPLAR PL S, ,,1,Property Damage Only Collision,Sideswipe,2,0,0,2,0,0,2018-04-20 00:00:00+00,4/20/2018 7:36:00 AM,Mid-Block (not related to intersection),11,"MOTOR VEHICLE STRUCK MOTOR VEHICLE, FRONT END AT ANGLE",,False,Clear or Partly Cloudy,Dry,Daylight,,,,11.0,From same direction - both going straight - both moving - sideswipe,0,0,False,0
-122.333097048666,47.6096538707626,200109,283181,284041,3812102,Matched,Block,,6TH AVE BETWEEN UNIVERSITY ST AND UNION ST, ,,1,Property Damage Only Collision,Sideswipe,3,0,0,2,0,0,2018-04-21 00:00:00+00,4/21/2018 11:21:00 AM,Mid-Block (not related to intersection),15,"MOTOR VEHICLE STRUCK MOTOR VEHICLE, RIGHT SIDE SIDESWIPE",,False,Clear or Partly Cloudy,Dry,Daylight,,,,12.0,From same direction - both going straight - one stopped - sideswipe,0,0,False,0
-122.370655014801,47.5717885848781,200110,283841,284741,3742304,Matched,Intersection,32116.0,HARBOR AVE SW AND SW SPOKANE NR ST, ,,1,Property Damage Only Collision,Right Turn,3,0,0,2,0,0,2018-04-24 00:00:00+00,4/24/2018 3:17:00 PM,At Intersection (intersection related),14,"MOTOR VEHICLE STRUCK MOTOR VEHICLE, REAR END",True,False,Clear or Partly Cloudy,Dry,Daylight,,,,16.0,From same direction - one right turn - one straight,0,0,False,0
-122.298061791528,47.5876070445088,200111,284747,285627,3818624,Matched,Block,,M L KING JR WAY S BETWEEN S MASSACHUSETTS ST AND S GRAND ST, ,,1,Property Damage Only Collision,Rear Ended,2,0,0,2,0,0,2018-03-28 00:00:00+00,3/28/2018 8:35:00 AM,Mid-Block (not related to intersection),14,"MOTOR VEHICLE STRUCK MOTOR VEHICLE, REAR END",,False,Overcast,Wet,Daylight,,,,13.0,From same direction - both going straight - both moving - rear-end,0,0,False,0
-122.337869577406,47.6064772199957,200112,283180,284040,3812052,Matched,Block,,1ST AVE BETWEEN SENECA ST AND UNIVERSITY ST, ,,2,Injury Collision,Rear Ended,2,0,0,2,1,0,2018-04-19 00:00:00+00,4/19/2018 9:40:00 PM,Mid-Block (not related to intersection),14,"MOTOR VEHICLE STRUCK MOTOR VEHICLE, REAR END",True,False,Other,Unknown,Dark - Street Lights On,,,,14.0,From same direction - both going straight - one stopped - rear-end,0,0,False,0
-122.304590602092,47.6482400602772,200113,284761,285641,3706078,Matched,Block,,MONTLAKE BR BETWEEN POINT A AND NE PACIFIC ST, ,,1,Property Damage Only Collision,Rear Ended,2,0,0,2,0,0,2018-04-25 00:00:00+00,4/25/2018 4:00:00 PM,Mid-Block (not related to intersection),14,"MOTOR VEHICLE STRUCK MOTOR VEHICLE, REAR END",,False,Clear or Partly Cloudy,Dry,Daylight,,,,14.0,From same direction - both going straight - one stopped - rear-end,0,0,False,0
-122.318934947787,47.5264530239983,200114,283199,284059,3818628,Matched,Block,,S CLOVERDALE ST BETWEEN 10TH AVE S AND 12TH AVE S, ,,2,Injury Collision,Parked Car,3,0,0,2,1,0,2018-04-20 00:00:00+00,4/20/2018 4:28:00 PM,Mid-Block (not related to intersection),11,"MOTOR VEHICLE STRUCK MOTOR VEHICLE, FRONT END AT ANGLE",,False,Clear or Partly Cloudy,Dry,Daylight,,,,32.0,One parked--one moving,0,0,True,0
-122.348585069119,47.6494152278001,200115,283857,284743,E788323,Matched,Block,,N 34TH ST BETWEEN FREMONT AVE N AND TROLL AVE N, ,,1,Property Damage Only Collision,Parked Car,2,0,0,2,0,0,2018-04-13 00:00:00+00,4/13/2018 2:00:00 PM,Mid-Block (not related to intersection),0,NOT ENOUGH INFORMATION / NOT APPLICABLE,,False,Clear or Partly Cloudy,Wet,Daylight,,,,32.0,One parked--one moving,0,0,True,0
-122.296739141102,47.5717542461777,200119,284759,285639,3782849,Matched,Block,,M L KING JR ER WAY S BETWEEN S WALDEN ST AND RENTON N AVE S, ,,1,Property Damage Only Collision,Rear Ended,4,0,0,3,0,0,2018-04-29 00:00:00+00,4/29/2018 10:33:00 AM,Mid-Block (not related to intersection),14,"MOTOR VEHICLE STRUCK MOTOR VEHICLE, REAR END",,False,Clear or Partly Cloudy,Dry,Daylight,,,,13.0,From same direction - both going straight - both moving - rear-end,0,0,False,0
-122.34001342746,47.6088209600347,200120,282564,283424,E788716,Matched,Intersection,29593.0,1ST AVE AND PIKE ST, ,,1,Property Damage Only Collision,Right Turn,2,0,0,2,0,0,2018-04-03 00:00:00+00,4/3/2018 10:00:00 PM,At Intersection (intersection related),11,"MOTOR VEHICLE STRUCK MOTOR VEHICLE, FRONT END AT ANGLE",,False,Clear or Partly Cloudy,Dry,Dark - Street Lights On,,,,16.0,From same direction - one right turn - one straight,0,0,False,0
-122.30000955224,47.6603495775787,200121,282563,283423,E788659,Matched,Intersection,27293.0,MONTLAKE BLVD NE AND NE 44TH ST, ,,2,Injury Collision,Angles,3,0,0,3,1,0,2018-04-11 00:00:00+00,4/11/2018 4:28:00 PM,At Intersection (intersection related),11,"MOTOR VEHICLE STRUCK MOTOR VEHICLE, FRONT END AT ANGLE",,False,Raining,Wet,Daylight,,,,10.0,Entering at angle,0,0,False,0
-122.325632951347,47.6184887812148,200123,282562,283422,E788612,Matched,Intersection,29162.0,E DENNY WAY AND E OLIVE WAY, ,,1,Property Damage Only Collision,Sideswipe,2,0,0,2,0,0,2018-04-13 00:00:00+00,4/13/2018 8:59:00 AM,At Intersection (intersection related),11,"MOTOR VEHICLE STRUCK MOTOR VEHICLE, FRONT END AT ANGLE",,False,Raining,Wet,Daylight,,,,81.0,Same direction -- both turning left -- both moving -- sideswipe,0,0,False,0
-122.326807042021,47.6086403102978,200124,283839,284739,E788321,Matched,Block,,MADISON ST BETWEEN 9TH AVE AND TERRY AVE, ,,1,Property Damage Only Collision,Parked Car,2,0,0,2,0,0,2018-04-11 00:00:00+00,4/11/2018 11:00:00 AM,Mid-Block (not related to intersection),16,"MOTOR VEHICLE STRUCK MOTOR VEHICLE, LEFT SIDE SIDESWIPE",,False,Clear or Partly Cloudy,Wet,Daylight,,,,32.0,One parked--one moving,0,0,True,0
-122.324400899506,47.6017091168177,200125,284777,285657,3702608,Matched,Block,,YESLER WAY BETWEEN 6TH AVE AND 8TH AVE, ,,1,Property Damage Only Collision,Parked Car,2,0,0,2,0,0,2018-04-26 00:00:00+00,4/26/2018 5:23:00 PM,Mid-Block (not related to intersection),16,"MOTOR VEHICLE STRUCK MOTOR VEHICLE, LEFT SIDE SIDESWIPE",,False,Overcast,Dry,Daylight,,,,32.0,One parked--one moving,0,0,True,0
-122.33920785233,47.5691006943281,200205,277117,278017,E777882,Matched,Block,,EAST MARGINAL NB WAY S BETWEEN EAST MARGINAL ER WAY S AND DUWAMISH AVE S, ,,1,Property Damage Only Collision,Other,1,0,0,1,0,0,2018-03-09 00:00:00+00,3/9/2018 7:30:00 AM,Driveway Junction,28,MOTOR VEHICLE RAN OFF ROAD - HIT FIXED OBJECT,,False,Clear or Partly Cloudy,Dry,Daylight,,,,50.0,Fixed object,0,0,False,0
-122.303932932898,47.5719227515049,200126,283217,284077,3818781,Matched,Block,,S SPOKANE ST BETWEEN 21ST AVE S AND 23RD AVE S, ,,2,Injury Collision,Rear Ended,2,0,0,2,1,0,2018-04-22 00:00:00+00,4/22/2018 3:30:00 PM,Mid-Block (not related to intersection),14,"MOTOR VEHICLE STRUCK MOTOR VEHICLE, REAR END",,False,Clear or Partly Cloudy,Dry,Daylight,,,,13.0,From same direction - both going straight - both moving - rear-end,0,0,False,0
-122.316286541127,47.6689992983765,200127,284757,285637,3706071,Matched,Block,,11TH AVE NE BETWEEN NE 55TH ST AND NE 56TH ST, ,,1,Property Damage Only Collision,Parked Car,3,0,0,3,0,0,2018-04-29 00:00:00+00,4/29/2018 3:47:00 AM,Mid-Block (not related to intersection),14,"MOTOR VEHICLE STRUCK MOTOR VEHICLE, REAR END",,False,Overcast,Wet,Dark - Street Lights On,,,,32.0,One parked--one moving,0,0,True,0
-122.356756295299,47.6186070610507,200128,282561,283421,E788611,Matched,Intersection,28667.0,DENNY WAY AND QUEEN ANNE AVE N, ,,1,Property Damage Only Collision,Angles,3,0,0,2,0,0,2018-04-11 00:00:00+00,4/11/2018 11:45:00 AM,At Intersection (intersection related),11,"MOTOR VEHICLE STRUCK MOTOR VEHICLE, FRONT END AT ANGLE",,False,Raining,Wet,Daylight,,,,10.0,Entering at angle,0,0,False,0
-122.363310443704,47.5665381187473,200132,283838,284738,3742303,Matched,Intersection,32052.0,DELRIDGE WAY SW AND SW DAKOTA ST, ,,2,Injury Collision,Rear Ended,4,0,0,4,1,0,2018-04-18 00:00:00+00,4/18/2018 5:55:00 PM,At Intersection (intersection related),14,"MOTOR VEHICLE STRUCK MOTOR VEHICLE, REAR END",True,False,Clear or Partly Cloudy,Dry,Daylight,,,,13.0,From same direction - both going straight - both moving - rear-end,0,0,False,0
-122.32939513369,47.5659655951915,200133,284746,285626,3782831,Matched,Block,,4TH AVE S BETWEEN DIAGONAL AVE S AND COSTCO DR, ,,2,Injury Collision,Rear Ended,2,0,0,2,1,0,2018-03-28 00:00:00+00,3/28/2018 1:48:00 PM,Mid-Block (not related to intersection),14,"MOTOR VEHICLE STRUCK MOTOR VEHICLE, REAR END",,False,Clear or Partly Cloudy,Dry,Daylight,,,,14.0,From same direction - both going straight - one stopped - rear-end,0,0,False,0
-122.355058563334,47.5291830935737,200134,284760,285640,3588343,Matched,Block,,16TH AVE SW BETWEEN SW ELMGROVE ST AND SW THISTLE ST, ,,1,Property Damage Only Collision,Parked Car,2,0,0,2,0,0,2018-04-29 00:00:00+00,4/29/2018 12:20:00 AM,Mid-Block (not related to intersection),0,NOT ENOUGH INFORMATION / NOT APPLICABLE,,False,Unknown,Unknown,Dark - Street Lights On,,,,32.0,One parked--one moving,0,0,True,0
-122.340466667459,47.6093164327584,200136,283842,284742,E788322,Matched,Block,,1ST AVE BETWEEN PIKE ST AND PINE ST, ,,1,Property Damage Only Collision,Parked Car,2,0,0,2,0,0,2018-04-11 00:00:00+00,4/11/2018 3:15:00 PM,Mid-Block (not related to intersection),11,"MOTOR VEHICLE STRUCK MOTOR VEHICLE, FRONT END AT ANGLE",,False,Clear or Partly Cloudy,Dry,Daylight,,,,20.0,One car leaving parked position,0,0,False,0
-122.328760215792,47.7140753689711,200137,287567,288447,E796251,Matched,Intersection,36557.0,1ST AVE NE AND N 117TH ST, ,,1,Property Damage Only Collision,Angles,2,0,0,2,0,0,2018-05-09 00:00:00+00,5/9/2018 4:55:00 PM,At Intersection (intersection related),11,"MOTOR VEHICLE STRUCK MOTOR VEHICLE, FRONT END AT ANGLE",,False,Clear or Partly Cloudy,Dry,Daylight,,,,10.0,Entering at angle,0,0,False,0
-122.329822432775,47.6144572420572,200139,287140,288020,3812113,Matched,Intersection,29872.0,BOREN AVE AND PINE ST, ,,2,Injury Collision,Pedestrian,2,1,0,1,1,0,2018-05-14 00:00:00+00,5/14/2018 4:13:00 PM,At Intersection (intersection related),11,"MOTOR VEHICLE STRUCK MOTOR VEHICLE, FRONT END AT ANGLE",,False,Clear or Partly Cloudy,Dry,Daylight,,,,0.0,Vehicle going straight hits pedestrian,0,0,False,0
-122.336470000278,47.6932287803179,200140,277079,277977,E777319,Matched,Block,,WALLINGFORD AVE N BETWEEN N 88TH ST AND N 90TH ST, ,,1,Property Damage Only Collision,Parked Car,2,0,0,2,0,0,2018-03-06 00:00:00+00,3/6/2018 7:00:00 PM,Mid-Block (not related to intersection),14,"MOTOR VEHICLE STRUCK MOTOR VEHICLE, REAR END",True,False,Overcast,Dry,Dark - Street Lights On,,,,32.0,One parked--one moving,0,0,False,0
-122.35340037425,47.6541488892624,200141,287138,288018,E796881,Matched,Intersection,27012.0,FRANCIS AVE N AND N 39TH ST, ,,2,Injury Collision,Angles,2,0,0,2,2,0,2018-05-02 00:00:00+00,5/2/2018 2:39:00 PM,At Intersection (intersection related),11,"MOTOR VEHICLE STRUCK MOTOR VEHICLE, FRONT END AT ANGLE",True,False,Clear or Partly Cloudy,Dry,Daylight,,,,10.0,Entering at angle,0,0,False,0
-122.303055178719,47.6431580071976,200142,287565,288445,E796220,Matched,Intersection,28395.0,EAST MONTLAKE PL E AND E ROANOKE ST, ,,1,Property Damage Only Collision,Left Turn,2,0,0,2,0,0,2018-05-05 00:00:00+00,5/5/2018 2:54:00 PM,At Intersection (intersection related),11,"MOTOR VEHICLE STRUCK MOTOR VEHICLE, FRONT END AT ANGLE",,False,Clear or Partly Cloudy,Dry,Daylight,,,,28.0,From opposite direction - one left turn - one straight,0,0,False,0
-122.260094418008,47.5152008652574,200143,287418,288298,E797405,Matched,Block,,S PILGRIM ST BETWEEN 58TH AVE S AND 59TH AVE S, ,,1,Property Damage Only Collision,Parked Car,2,0,0,2,0,0,2018-05-11 00:00:00+00,5/11/2018 5:27:00 PM,Driveway Junction,11,"MOTOR VEHICLE STRUCK MOTOR VEHICLE, FRONT END AT ANGLE",True,False,Clear or Partly Cloudy,Dry,Daylight,,,,20.0,One car leaving parked position,0,0,False,0
-122.334203343236,47.5749819439493,200144,287380,288260,E797404,Matched,Block,,1ST AVE S BETWEEN S HANFORD ST AND S HORTON ST, ,,1,Property Damage Only Collision,Parked Car,4,0,0,4,0,0,2018-05-11 00:00:00+00,5/11/2018 3:46:00 PM,Mid-Block (not related to intersection),11,"MOTOR VEHICLE STRUCK MOTOR VEHICLE, FRONT END AT ANGLE",,False,Clear or Partly Cloudy,Dry,Daylight,,,,20.0,One car leaving parked position,0,0,False,0
-122.337126061339,47.6252359532385,200145,287160,288040,3812115,Matched,Block,,TERRY AVE N BETWEEN MERCER NR ST AND VALLEY ST, ,,1,Property Damage Only Collision,Rear Ended,2,0,0,2,0,0,2018-05-11 00:00:00+00,5/11/2018 5:00:00 PM,Mid-Block (not related to intersection),14,"MOTOR VEHICLE STRUCK MOTOR VEHICLE, REAR END",,False,Clear or Partly Cloudy,Dry,Daylight,,,,13.0,From same direction - both going straight - both moving - rear-end,0,0,False,0
-122.344996819426,47.7250341828433,200146,287137,288017,E796880,Matched,Block,,AURORA AVE N BETWEEN N 130TH ST AND N 135TH ST, ,,1,Property Damage Only Collision,Sideswipe,2,0,0,2,0,0,2018-04-28 00:00:00+00,4/28/2018 2:20:00 PM,Mid-Block (not related to intersection),14,"MOTOR VEHICLE STRUCK MOTOR VEHICLE, REAR END",True,False,Raining,Wet,Daylight,,,,11.0,From same direction - both going straight - both moving - sideswipe,0,0,False,0
-122.307217967631,47.6630507817075,200147,287568,288448,E796283,Matched,Intersection,26070.0,19TH AVE NE AND NE 47TH ST, ,,2,Injury Collision,Angles,2,0,0,2,1,0,2018-05-07 00:00:00+00,5/7/2018 10:43:00 PM,At Intersection (intersection related),11,"MOTOR VEHICLE STRUCK MOTOR VEHICLE, FRONT END AT ANGLE",,False,Clear or Partly Cloudy,Dry,Dark - Street Lights On,,,,10.0,Entering at angle,0,0,False,0
-122.270002075073,47.5207575314733,200151,287379,288259,E797403,Matched,Block,,RAINIER AVE S BETWEEN S FISHER PL AND 51ST AVE S, ,,1,Property Damage Only Collision,Parked Car,2,0,0,2,0,0,2018-04-24 00:00:00+00,4/24/2018 5:38:00 PM,Mid-Block (not related to intersection),11,"MOTOR VEHICLE STRUCK MOTOR VEHICLE, FRONT END AT ANGLE",True,False,Clear or Partly Cloudy,Dry,Daylight,,,,32.0,One parked--one moving,0,0,False,0
-122.29866812009,47.5992519814799,200152,287397,288277,E796934,Matched,Intersection,30601.0,26TH AVE S AND S JACKSON ST, ,,1,Property Damage Only Collision,Angles,2,0,0,2,0,0,2018-04-16 00:00:00+00,4/16/2018 6:30:00 PM,At Intersection (intersection related),11,"MOTOR VEHICLE STRUCK MOTOR VEHICLE, FRONT END AT ANGLE",,False,Raining,Wet,Daylight,,,,10.0,Entering at angle,0,0,False,0
-122.328634265585,47.7086287203541,200153,287158,288038,E796883,Matched,Intersection,36586.0,1ST AVE NE AND NE NORTHGATE WAY, ,,2,Injury Collision,Angles,5,0,0,2,1,0,2018-05-04 00:00:00+00,5/4/2018 4:08:00 PM,At Intersection (intersection related),11,"MOTOR VEHICLE STRUCK MOTOR VEHICLE, FRONT END AT ANGLE",,False,Clear or Partly Cloudy,Dry,Daylight,,,,10.0,Entering at angle,0,0,False,0
-122.328948722805,47.5311749612729,200154,287023,287903,3745538,Matched,Block,,WEST MARGINAL NB WAY S BETWEEN S HOLDEN ST AND CLOVERDALE ST ON RP, ,,2,Injury Collision,Sideswipe,4,0,0,2,2,0,2018-05-12 00:00:00+00,5/12/2018 1:38:00 AM,Mid-Block (not related to intersection),27,MOTOR VEHICLE RAN OFF ROAD - NO COLLISION,,False,Clear or Partly Cloudy,Dry,Dark - Street Lights On,,,,11.0,From same direction - both going straight - both moving - sideswipe,0,0,False,0
-122.344896078772,47.7171731009263,200155,277097,277997,E777320,Matched,Block,,AURORA AVE N BETWEEN N 117TH PL AND N 125TH ST, ,,1,Property Damage Only Collision,Sideswipe,3,0,0,2,0,0,2018-03-07 00:00:00+00,3/7/2018 12:14:00 PM,Mid-Block (not related to intersection),11,"MOTOR VEHICLE STRUCK MOTOR VEHICLE, FRONT END AT ANGLE",,False,Overcast,Dry,Daylight,,,,11.0,From same direction - both going straight - both moving - sideswipe,0,0,False,0
-122.305381115535,47.6848598699181,200156,287561,288441,E796164,Matched,Intersection,24746.0,21ST AVE NE AND NE 77TH ST, ,,1,Property Damage Only Collision,Angles,2,0,0,2,0,0,2018-05-02 00:00:00+00,5/2/2018 7:45:00 AM,At Intersection (intersection related),11,"MOTOR VEHICLE STRUCK MOTOR VEHICLE, FRONT END AT ANGLE",True,False,Clear or Partly Cloudy,Dry,Daylight,,,,10.0,Entering at angle,0,0,False,0
-122.334436914046,47.5715142436568,200157,287022,287902,3742391,Matched,Block,,WEST SEATTLE BR EB BETWEEN W SEA BR EB 4 AV OFF RP AND 1ST AV S OFF RP, ,,2,Injury Collision,Other,2,0,0,1,2,0,2018-05-14 00:00:00+00,5/14/2018 12:52:00 AM,Mid-Block (not related to intersection),26,MOTOR VEHICLE STRUCK OBJECT IN ROAD,,True,Clear or Partly Cloudy,Dry,Dark - Street Lights On,,,,50.0,Fixed object,0,0,False,0