longitude,latitude,objectid,inckey,coldetkey,reportno,status,addrtype,intkey,location,exceptrsncode,exceptrsndesc,severitycode,severitydesc,collisiontype,personcount,pedcount,pedcylcount,vehcount,injuries,fatalities,incdate,incdttm,junctiontype,sdot_colcode,sdot_coldesc,inattentionind,underinfl,weather,roadcond,lightcond,pedrownotgrnt,sdotcolnum,speeding,st_colcode,st_coldesc,seglanekey,crosswalkkey,hitparkedcar,seriousinjuries
-122.301476602593,47.6080060732581,200158,287566,288446,E796232,Matched,Intersection,30076.0,24TH AVE AND E CHERRY ST, ,,1,Property Damage Only Collision,Angles,2,0,0,2,0,0,2018-05-08 00:00:00+00,5/8/2018 5:47:00 PM,At Intersection (intersection related),11,"MOTOR VEHICLE STRUCK MOTOR VEHICLE, FRONT END AT ANGLE",,False,Raining,Wet,Daylight,,,,10.0,Entering at angle,0,0,False,0
-122.334196643102,47.5882285885059,200159,287378,288258,E797402,Matched,Intersection,31344.0,1ST AVE S AND S MASSACHUSETTS ST, ,,1,Property Damage Only Collision,Rear Ended,2,0,0,2,0,0,2018-05-10 00:00:00+00,5/10/2018 4:44:00 PM,At Intersection (intersection related),14,"MOTOR VEHICLE STRUCK MOTOR VEHICLE, REAR END",,False,Clear or Partly Cloudy,Dry,Daylight,,,,14.0,From same direction - both going straight - one stopped - rear-end,0,0,False,0
-122.354837307004,47.5483234727547,200160,287021,287901,3742332,Matched,Block,,16TH AVE SW BETWEEN SW FINDLAY ST AND SW MORGAN ST, ,,2,Injury Collision,Other,3,0,0,2,1,0,2018-05-14 00:00:00+00,5/14/2018 6:14:00 PM,Mid-Block (not related to intersection),11,"MOTOR VEHICLE STRUCK MOTOR VEHICLE, FRONT END AT ANGLE",,False,Clear or Partly Cloudy,Dry,Daylight,,,,23.0,From same direction - all others,0,0,False,0
-122.312793645858,47.6122282483129,200161,287359,288239,E797398,Matched,Block,,15TH AVE BETWEEN E SPRING ST AND E UNION ST, ,,2,Injury Collision,Pedestrian,3,0,1,1,1,0,2018-05-08 00:00:00+00,5/8/2018 3:50:00 PM,Mid-Block (not related to intersection),18,"MOTOR VEHICLE STRUCK PEDALCYCLIST, FRONT END AT ANGLE",,False,Clear or Partly Cloudy,Dry,Daylight,,,,5.0,Vehicle Strikes Pedalcyclist,0,0,False,0
-122.409356606983,47.5786182763925,200162,287020,287900,3741984,Matched,Block,,60TH AVE SW BETWEEN ALKI AVE SW AND SW STEVENS ST, ,,1,Property Damage Only Collision,Parked Car,2,0,0,2,0,0,2018-05-13 00:00:00+00,5/13/2018 10:18:00 PM,Mid-Block (not related to intersection),16,"MOTOR VEHICLE STRUCK MOTOR VEHICLE, LEFT SIDE SIDESWIPE",,False,Clear or Partly Cloudy,Dry,Daylight,,,,19.0,One car entering parked position,0,0,False,0
-122.328078578054,47.6041612345606,200163,287569,288449,E796335,Matched,Intersection,29973.0,6TH AVE AND JAMES ST, ,,1,Property Damage Only Collision,Left Turn,2,0,0,2,0,0,2018-04-30 00:00:00+00,4/30/2018 12:12:00 PM,At Intersection (intersection related),11,"MOTOR VEHICLE STRUCK MOTOR VEHICLE, FRONT END AT ANGLE",,False,Clear or Partly Cloudy,Dry,Daylight,,,,28.0,From opposite direction - one left turn - one straight,0,0,False,0
-122.347240807057,47.6938299962499,200164,287019,287899,3694048,Matched,Block,,LINDEN AVE N BETWEEN N 89TH ST AND N 90TH ST, ,,1,Property Damage Only Collision,Parked Car,2,0,0,2,0,0,2018-05-14 00:00:00+00,5/14/2018 6:30:00 PM,Mid-Block (not related to intersection),14,"MOTOR VEHICLE STRUCK MOTOR VEHICLE, REAR END",,True,Clear or Partly Cloudy,Dry,Daylight,,,,32.0,One parked--one moving,0,0,True,0
-122.303907359776,47.6510834203009,200165,287564,288444,E796219,Matched,Intersection,27297.0,MONTLAKE BLVD NE AND NE PACIFIC PL, ,,2,Injury Collision,Angles,2,0,0,2,2,0,2018-05-05 00:00:00+00,5/5/2018 11:15:00 AM,At Intersection (intersection related),11,"MOTOR VEHICLE STRUCK MOTOR VEHICLE, FRONT END AT ANGLE",,False,Clear or Partly Cloudy,Dry,Daylight,,,,10.0,Entering at angle,0,0,False,0
-122.324898315287,47.617743667781,200166,287417,288297,E796943,Matched,Block,,E HOWELL ST BETWEEN SUMMIT E AVE AND BELMONT AVE, ,,1,Property Damage Only Collision,Parked Car,3,0,0,3,0,0,2018-04-25 00:00:00+00,4/25/2018 5:33:00 PM,Mid-Block (not related to intersection),14,"MOTOR VEHICLE STRUCK MOTOR VEHICLE, REAR END",,True,Clear or Partly Cloudy,Dry,Daylight,,,,32.0,One parked--one moving,0,0,False,0
-122.316780378513,47.6065190165014,200167,287377,288257,E797399,Matched,Block,,12TH AVE BETWEEN E JEFFERSON ST AND E BARCLAY CT, ,,2,Injury Collision,Rear Ended,8,0,0,3,1,0,2018-05-13 00:00:00+00,5/13/2018 3:32:00 PM,Mid-Block (not related to intersection),14,"MOTOR VEHICLE STRUCK MOTOR VEHICLE, REAR END",True,False,Clear or Partly Cloudy,Dry,Daylight,,,,14.0,From same direction - both going straight - one stopped - rear-end,0,0,False,0
-122.344044097907,47.7068728106304,200168,287159,288039,E796884,Matched,Block,,N 107TH ST BETWEEN AURORA N AVE N AND MIDVALE AVE N, ,,1,Property Damage Only Collision,Left Turn,2,0,0,2,0,0,2018-05-04 00:00:00+00,5/4/2018 5:16:00 PM,Mid-Block (not related to intersection),11,"MOTOR VEHICLE STRUCK MOTOR VEHICLE, FRONT END AT ANGLE",,False,Clear or Partly Cloudy,Dry,Daylight,,,,28.0,From opposite direction - one left turn - one straight,0,0,False,0
-122.324667059656,47.6219877546091,200169,287018,287898,3329436,Matched,Block,,E HARRISON ST BETWEEN SUMMIT AVE E AND BELMONT AVE E, ,,1,Property Damage Only Collision,Parked Car,4,0,0,4,0,0,2018-05-14 00:00:00+00,5/14/2018 10:30:00 AM,Mid-Block (not related to intersection),14,"MOTOR VEHICLE STRUCK MOTOR VEHICLE, REAR END",,False,Clear or Partly Cloudy,Dry,Daylight,,,,32.0,One parked--one moving,0,0,True,0
-122.385209606021,47.5802470592928,200170,287017,287897,3742306,Matched,Block,,42ND AVE SW BETWEEN SW ADMIRAL WAY AND SW LANDER ST, ,,1,Property Damage Only Collision,Head On,7,0,0,2,0,0,2018-05-12 00:00:00+00,5/12/2018 6:18:00 PM,Mid-Block (not related to intersection),11,"MOTOR VEHICLE STRUCK MOTOR VEHICLE, FRONT END AT ANGLE",,False,Clear or Partly Cloudy,Dry,Daylight,,,,30.0,From opposite direction - all others,0,0,False,0
-122.344534818503,47.6916481205293,200171,277098,277998,E777321,Matched,Block,,AURORA AVE N BETWEEN N 86TH ST AND N 87TH ST, ,,2,Injury Collision,Rear Ended,3,0,0,3,1,0,2018-03-07 00:00:00+00,3/7/2018 6:13:00 PM,Mid-Block (not related to intersection),14,"MOTOR VEHICLE STRUCK MOTOR VEHICLE, REAR END",True,False,Clear or Partly Cloudy,Dry,Dark - Street Lights On,,,,13.0,From same direction - both going straight - both moving - rear-end,0,0,False,0
-122.333718701038,47.6650357207705,200172,287562,288442,E796165,Matched,Intersection,25525.0,MERIDIAN AVE N AND N 50TH ST, ,,1,Property Damage Only Collision,Angles,2,0,0,2,0,0,2018-05-02 00:00:00+00,5/2/2018 8:10:00 AM,At Intersection (intersection related),11,"MOTOR VEHICLE STRUCK MOTOR VEHICLE, FRONT END AT ANGLE",True,False,Clear or Partly Cloudy,Dry,Daylight,,,,10.0,Entering at angle,0,0,False,0
-122.347336907006,47.6605668710095,200173,278221,279121,3705812,Matched,Intersection,26922.0,AURORA S AVE N AND GREEN LAKE WAY N, ,,1,Property Damage Only Collision,Right Turn,4,0,0,2,0,0,2018-03-23 00:00:00+00,3/23/2018 9:04:00 PM,At Intersection (intersection related),11,"MOTOR VEHICLE STRUCK MOTOR VEHICLE, FRONT END AT ANGLE",,False,Clear or Partly Cloudy,Dry,Dark - Street Lights On,,,,16.0,From same direction - one right turn - one straight,0,0,False,0
-122.326725992594,47.6184926455511,200174,278224,279124,E780756,Matched,Intersection,29164.0,BELLEVUE AVE AND E DENNY WAY, ,,1,Property Damage Only Collision,Left Turn,2,0,0,2,0,0,2018-03-10 00:00:00+00,3/10/2018 5:14:00 AM,At Intersection (intersection related),11,"MOTOR VEHICLE STRUCK MOTOR VEHICLE, FRONT END AT ANGLE",,False,Clear or Partly Cloudy,Dry,Dark - Street Lights On,,,,28.0,From opposite direction - one left turn - one straight,0,0,False,0
-122.36073821899,47.7018492488811,200175,278716,279616,E781270,Matched,Block,,3RD AVE NW BETWEEN NW 100TH ST AND NW 101ST ST, ,,1,Property Damage Only Collision,Parked Car,2,0,0,2,0,0,2018-03-22 00:00:00+00,3/22/2018 2:05:00 PM,Mid-Block (not related to intersection),11,"MOTOR VEHICLE STRUCK MOTOR VEHICLE, FRONT END AT ANGLE",True,False,Clear or Partly Cloudy,Dry,Daylight,,,,32.0,One parked--one moving,0,0,False,0
-122.31319753256,47.5342672535645,200176,277884,278784,3818320,Matched,Intersection,34391.0,16TH AVE S AND EAST MARGINAL WAY S, ,,1,Property Damage Only Collision,Sideswipe,3,0,0,2,0,0,2018-03-15 00:00:00+00,3/15/2018 8:23:00 AM,At Intersection (intersection related),16,"MOTOR VEHICLE STRUCK MOTOR VEHICLE, LEFT SIDE SIDESWIPE",,True,Clear or Partly Cloudy,Dry,Daylight,,,,81.0,Same direction -- both turning left -- both moving -- sideswipe,0,0,False,0
-122.3397645697,47.6214611530509,200177,278711,279611,E781268,Matched,Block,,9TH AVE N BETWEEN THOMAS ST AND HARRISON ST,NEI,"Not Enough Information, or Insufficient Location Information",1,Property Damage Only Collision,Parked Car,2,0,0,2,0,0,2018-03-21 00:00:00+00,3/21/2018 11:30:00 AM,,0,NOT ENOUGH INFORMATION / NOT APPLICABLE,,False,Clear or Partly Cloudy,Dry,Daylight,,,,32.0,One parked--one moving,0,0,True,0
-122.315636419029,47.6808445441156,200178,277883,278783,3762843,Matched,Intersection,24451.0,12TH AVE NE AND NE 72ND ST, ,,1,Property Damage Only Collision,Sideswipe,2,0,0,2,0,0,2018-03-20 00:00:00+00,3/20/2018 7:59:00 PM,At Intersection (intersection related),11,"MOTOR VEHICLE STRUCK MOTOR VEHICLE, FRONT END AT ANGLE",,False,Clear or Partly Cloudy,Dry,Dark - Street Lights On,,,,11.0,From same direction - both going straight - both moving - sideswipe,0,0,False,0
-122.333166746577,47.6148212411683,200179,277882,278782,3754219,Matched,Intersection,29868.0,9TH AVE AND HOWELL ST, ,,2,Injury Collision,Pedestrian,2,1,0,1,1,0,2018-03-20 00:00:00+00,3/20/2018 4:40:00 PM,At Intersection (intersection related),24,MOTOR VEHCILE STRUCK PEDESTRIAN,,False,Clear or Partly Cloudy,Dry,Daylight,,,,2.0,Vehicle turning left hits pedestrian,0,522869,False,0
-122.345070032812,47.7316727831781,200180,278257,279157,E780605,Matched,Block,,AURORA AVE N BETWEEN N 141ST ST AND N 143RD ST, ,,1,Property Damage Only Collision,Angles,2,0,0,2,0,0,2018-03-16 00:00:00+00,3/16/2018 4:19:00 PM,Driveway Junction,11,"MOTOR VEHICLE STRUCK MOTOR VEHICLE, FRONT END AT ANGLE",,False,Clear or Partly Cloudy,Dry,Daylight,,,,10.0,Entering at angle,0,0,False,0
-122.300986504356,47.7094360386755,200181,278714,279614,E781269,Matched,Block,,LAKE CITY WAY NE BETWEEN NE 110TH ST AND NE NORTHGATE WAY, ,,1,Property Damage Only Collision,Parked Car,3,0,0,2,0,0,2018-03-22 00:00:00+00,3/22/2018 12:20:00 PM,Driveway Junction,11,"MOTOR VEHICLE STRUCK MOTOR VEHICLE, FRONT END AT ANGLE",True,False,Overcast,Wet,Daylight,,,,32.0,One parked--one moving,0,0,False,0
-122.334934565995,47.6032685577636,200182,277881,278781,3754218,Matched,Intersection,30348.0,1ST AVE AND COLUMBIA ST, ,,1,Property Damage Only Collision,Left Turn,4,0,0,2,0,0,2018-03-19 00:00:00+00,3/19/2018 5:19:00 PM,At Intersection (intersection related),11,"MOTOR VEHICLE STRUCK MOTOR VEHICLE, FRONT END AT ANGLE",True,False,Clear or Partly Cloudy,Dry,Daylight,,,,28.0,From opposite direction - one left turn - one straight,0,0,False,0
-122.296324883463,47.7201872925352,200185,278699,279599,E781267,Matched,Block,,30TH AVE NE BETWEEN NE 125TH ST AND NE 127TH ST, ,,1,Property Damage Only Collision,Angles,2,0,0,2,0,0,2018-03-22 00:00:00+00,3/22/2018 11:25:00 AM,Driveway Junction,11,"MOTOR VEHICLE STRUCK MOTOR VEHICLE, FRONT END AT ANGLE",,False,Raining,Wet,Daylight,,,,10.0,Entering at angle,0,0,False,0
-122.35545314264,47.6186020661363,200186,277880,278780,3754216,Matched,Intersection,29717.0,1ST AVE AND DENNY WAY, ,,1,Property Damage Only Collision,Right Turn,3,0,0,2,0,0,2018-03-18 00:00:00+00,3/18/2018 8:30:00 PM,At Intersection (intersection related),11,"MOTOR VEHICLE STRUCK MOTOR VEHICLE, FRONT END AT ANGLE",,False,Clear or Partly Cloudy,Dry,Dark - Street Lights On,,,,16.0,From same direction - one right turn - one straight,0,0,False,0
-122.281429812246,47.7115547030266,200187,278237,279137,E780603,Matched,Block,,SAND POINT WAY NE BETWEEN NE 113TH ST AND NE 115TH ST, ,,2,Injury Collision,Rear Ended,4,0,0,4,3,0,2018-03-19 00:00:00+00,3/19/2018 4:25:00 PM,Mid-Block (but intersection related),14,"MOTOR VEHICLE STRUCK MOTOR VEHICLE, REAR END",True,False,Clear or Partly Cloudy,Dry,Daylight,,,,13.0,From same direction - both going straight - both moving - rear-end,0,0,False,0
-122.342401852616,47.6185501645518,200188,277879,278779,3754215,Matched,Intersection,29515.0,DENNY WAY AND DEXTER AVE, ,,2,Injury Collision,Rear Ended,4,0,0,2,1,0,2018-03-16 00:00:00+00,3/16/2018 8:10:00 PM,At Intersection (intersection related),14,"MOTOR VEHICLE STRUCK MOTOR VEHICLE, REAR END",,True,Clear or Partly Cloudy,Dry,Dark - Street Lights On,,,,14.0,From same direction - both going straight - one stopped - rear-end,0,0,False,0
-122.263683154738,47.6825236833529,200189,279499,280399,E782804,Matched,Block,,SAND POINT WAY NE BETWEEN NE 74TH ST AND NE 75TH ST,NEI,"Not Enough Information, or Insufficient Location Information",1,Property Damage Only Collision,Parked Car,2,0,0,2,0,0,2018-03-25 00:00:00+00,3/25/2018 2:00:00 PM,,0,NOT ENOUGH INFORMATION / NOT APPLICABLE,,False,Clear or Partly Cloudy,Dry,Daylight,,,,32.0,One parked--one moving,0,0,True,0
-122.339751271275,47.6232140654373,200190,277878,278778,3754213,Matched,Intersection,28773.0,9TH AVE N AND REPUBLICAN ST, ,,2,Injury Collision,Cycles,2,0,1,1,1,0,2018-03-16 00:00:00+00,3/16/2018 7:52:00 PM,At Intersection (intersection related),51,PEDALCYCLIST STRUCK MOTOR VEHICLE FRONT END AT ANGLE,,False,Clear or Partly Cloudy,Dry,Dusk,,,,45.0,Vehicle - Pedalcyclist,15966,0,False,0
-122.336890899053,47.6054082909039,200191,277877,278777,3754212,Matched,Intersection,29615.0,1ST AVE AND SPRING ST, ,,2,Injury Collision,Left Turn,2,0,0,2,2,0,2018-03-16 00:00:00+00,3/16/2018 4:26:00 PM,At Intersection (intersection related),11,"MOTOR VEHICLE STRUCK MOTOR VEHICLE, FRONT END AT ANGLE",,False,Clear or Partly Cloudy,Dry,Daylight,,,,28.0,From opposite direction - one left turn - one straight,0,0,False,0
-122.350073435619,47.7050675041759,200192,278712,279612,3577050,Matched,Intersection,36423.0,FREMONT AVE N AND N 105TH ST, ,,2,Injury Collision,Angles,3,0,0,2,2,0,2018-03-25 00:00:00+00,3/25/2018 4:00:00 PM,At Intersection (intersection related),11,"MOTOR VEHICLE STRUCK MOTOR VEHICLE, FRONT END AT ANGLE",,True,Clear or Partly Cloudy,Dry,Daylight,,,True,10.0,Entering at angle,0,0,False,0
-122.297513277124,47.6612214901898,200193,277140,278040,E777325,Matched,Block,,NE 45TH ST BETWEEN MONTLAKE BLVD NE AND U VILLAGE DR, ,,1,Property Damage Only Collision,Angles,3,0,0,2,0,0,2018-03-06 00:00:00+00,3/6/2018 3:50:00 PM,Mid-Block (not related to intersection),11,"MOTOR VEHICLE STRUCK MOTOR VEHICLE, FRONT END AT ANGLE",,False,Clear or Partly Cloudy,Dry,Daylight,,,,10.0,Entering at angle,0,0,False,0
-122.36617795186,47.6686533858762,200194,278226,279126,E780602,Matched,Intersection,25419.0,8TH AVE NW AND NW MARKET ST, ,,1,Property Damage Only Collision,Pedestrian,2,1,0,1,0,0,2018-03-16 00:00:00+00,3/16/2018 6:44:00 PM,At Intersection (intersection related),24,MOTOR VEHCILE STRUCK PEDESTRIAN,,False,Clear or Partly Cloudy,Dry,Daylight,True,,,1.0,Vehicle turning right hits pedestrian,0,0,False,0
-122.384408231422,47.6661894052674,200195,279577,280477,E783810,Matched,Block,,SHILSHOLE AVE NW BETWEEN NW VERNON PL AND 22ND AVE NW,NEI,"Not Enough Information, or Insufficient Location Information",1,Property Damage Only Collision,Parked Car,2,0,0,2,0,0,2018-03-29 00:00:00+00,3/29/2018 11:00:00 AM,Mid-Block (not related to intersection),13,"MOTOR VEHICLE STRUCK MOTOR VEHICLE, LEFT SIDE AT ANGLE",,False,Clear or Partly Cloudy,Dry,Daylight,,,,32.0,One parked--one moving,0,0,True,0
-122.338435393535,47.6245523598584,200196,278223,279123,3732768,Matched,Intersection,28764.0,MERCER SR ST AND WESTLAKE AVE N, ,,2,Injury Collision,Angles,5,0,0,2,3,0,2018-03-25 00:00:00+00,3/25/2018 1:36:00 AM,At Intersection (intersection related),11,"MOTOR VEHICLE STRUCK MOTOR VEHICLE, FRONT END AT ANGLE",,False,Clear or Partly Cloudy,Dry,Dark - Street Lights On,,,,10.0,Entering at angle,0,0,False,0
-122.334203660664,47.5743855785793,200197,278715,279615,3695871,Matched,Intersection,32333.0,1ST AVE S AND S HORTON ST, ,,2,Injury Collision,Angles,2,0,0,2,1,0,2018-03-26 00:00:00+00,3/26/2018 7:06:00 AM,At Intersection (intersection related),11,"MOTOR VEHICLE STRUCK MOTOR VEHICLE, FRONT END AT ANGLE",True,False,Raining,Wet,Daylight,,,,10.0,Entering at angle,0,0,False,0
-122.387587183277,47.6720082361691,200198,277139,278039,E777323,Matched,Block,,24TH AVE NW BETWEEN NW 59TH ST AND NW 60TH ST, ,,2,Injury Collision,Parked Car,4,0,0,4,1,0,2018-03-07 00:00:00+00,3/7/2018 2:28:00 PM,Mid-Block (not related to intersection),16,"MOTOR VEHICLE STRUCK MOTOR VEHICLE, LEFT SIDE SIDESWIPE",True,False,Overcast,Dry,Daylight,,,,32.0,One parked--one moving,0,0,False,0
-122.347036492806,47.6117258764141,200200,277138,278038,E777885,Matched,Intersection,29709.0,ELLIOTT AVE AND ELLIOTT AV ON RP, ,,2,Injury Collision,Pedestrian,3,1,0,1,1,0,2018-03-07 00:00:00+00,3/7/2018 8:34:00 AM,At Intersection (intersection related),24,MOTOR VEHCILE STRUCK PEDESTRIAN,,False,Clear or Partly Cloudy,Dry,Daylight,True,,,0.0,Vehicle going straight hits pedestrian,0,521809,False,0
-122.299511974177,47.7120442522221,200201,277137,278037,E777322,Matched,Intersection,36655.0,LAKE CITY WAY NE AND NE 115TH ST, ,,2,Injury Collision,Sideswipe,2,0,0,2,1,0,2018-03-09 00:00:00+00,3/9/2018 1:30:00 PM,At Intersection (but not related to intersection),18,"MOTOR VEHICLE STRUCK PEDALCYCLIST, FRONT END AT ANGLE",,False,Clear or Partly Cloudy,Dry,Daylight,,,,11.0,From same direction - both going straight - both moving - sideswipe,0,0,False,0
-122.373219445446,47.5466604488371,200202,278225,279125,3745441,Matched,Intersection,33008.0,LANHAM PL SW AND SW GRAHAM ST, ,,1,Property Damage Only Collision,Angles,2,0,0,2,0,0,2018-03-25 00:00:00+00,3/25/2018 2:34:00 PM,At Intersection (intersection related),11,"MOTOR VEHICLE STRUCK MOTOR VEHICLE, FRONT END AT ANGLE",,False,Clear or Partly Cloudy,Dry,Daylight,,,,10.0,Entering at angle,0,0,False,0
-122.33310387059,47.607979458203,200203,278713,279613,3584969,Matched,Intersection,29929.0,5TH AVE AND SENECA ST, ,,1,Property Damage Only Collision,Angles,2,0,0,2,0,0,2018-03-25 00:00:00+00,3/25/2018 7:46:00 PM,At Intersection (intersection related),11,"MOTOR VEHICLE STRUCK MOTOR VEHICLE, FRONT END AT ANGLE",,False,Clear or Partly Cloudy,Dry,Dark - Street Lights On,,,,10.0,Entering at angle,0,0,False,0
-122.367929557295,47.5210300968613,200204,279517,280417,E783808,Matched,Block,,SW BARTON ST BETWEEN 26TH AVE SW AND 29TH AVE SW,NEI,"Not Enough Information, or Insufficient Location Information",1,Property Damage Only Collision,Parked Car,2,0,0,2,0,0,2018-03-27 00:00:00+00,3/27/2018 1:00:00 PM,Mid-Block (not related to intersection),12,"MOTOR VEHICLE STRUCK MOTOR VEHICLE, RIGHT SIDE AT ANGLE",,False,Clear or Partly Cloudy,Dry,Daylight,,,,32.0,One parked--one moving,0,0,True,0
-122.28563111156,47.546057245843,200207,282568,283428,E789302,Matched,Intersection,33645.0,M L KING JR WR WAY S AND S GRAHAM ST, ,,2,Injury Collision,Angles,2,0,0,2,2,0,2018-04-13 00:00:00+00,4/13/2018 10:55:00 AM,At Intersection (intersection related),11,"MOTOR VEHICLE STRUCK MOTOR VEHICLE, FRONT END AT ANGLE",,False,Clear or Partly Cloudy,Dry,Daylight,,,,10.0,Entering at angle,0,0,False,0
-122.340933640635,47.7232102828036,200208,281438,282298,E783192,Matched,Block,,N 130TH ST BETWEEN STONE AVE N AND ASHWORTH AVE N, ,,1,Property Damage Only Collision,Sideswipe,5,0,0,2,0,0,2018-03-22 00:00:00+00,3/22/2018 10:57:00 AM,Mid-Block (not related to intersection),11,"MOTOR VEHICLE STRUCK MOTOR VEHICLE, FRONT END AT ANGLE",,False,Raining,Wet,Daylight,,,,11.0,From same direction - both going straight - both moving - sideswipe,0,0,False,0
-122.360800924312,47.6666693826048,200209,280502,281382,3705815,Matched,Block,,3RD AVE NW BETWEEN NW 52ND S ST AND NW MARKET ST, ,,1,Property Damage Only Collision,Rear Ended,4,0,0,3,0,0,2018-04-04 00:00:00+00,4/4/2018 8:29:00 PM,Mid-Block (not related to intersection),14,"MOTOR VEHICLE STRUCK MOTOR VEHICLE, REAR END",,False,Raining,Wet,Dark - Street Lights On,,,,13.0,From same direction - both going straight - both moving - rear-end,0,0,False,0
-122.347294317702,47.6471711193713,200210,280501,281381,3704010,Matched,Block,,AURORA BR BETWEEN RAYE ST AND BRIDGE WAY N, ,,1,Property Damage Only Collision,Rear Ended,2,0,0,2,0,0,2018-04-05 00:00:00+00,4/5/2018 2:35:00 PM,Mid-Block (not related to intersection),14,"MOTOR VEHICLE STRUCK MOTOR VEHICLE, REAR END",,False,Unknown,Unknown,Daylight,,,,13.0,From same direction - both going straight - both moving - rear-end,0,0,False,0
-122.30003794424,47.5454058424246,200211,282019,282879,3693497,Matched,Intersection,167416.0,BEACON ER AVE S AND S EDDY ST, ,,2,Injury Collision,Angles,3,0,0,2,3,0,2018-04-14 00:00:00+00,4/14/2018 12:43:00 PM,At Intersection (intersection related),11,"MOTOR VEHICLE STRUCK MOTOR VEHICLE, FRONT END AT ANGLE",,False,Raining,Wet,Daylight,,,,10.0,Entering at angle,0,0,False,0
-122.317371777265,47.6678403172078,200212,281957,282817,E786270,Matched,Block,,ROOSEVELT WAY NE BETWEEN NE 53RD ST AND NE 55TH ST, ,,1,Property Damage Only Collision,Parked Car,2,0,0,2,0,0,2018-04-06 00:00:00+00,4/6/2018 11:10:00 PM,Mid-Block (not related to intersection),11,"MOTOR VEHICLE STRUCK MOTOR VEHICLE, FRONT END AT ANGLE",True,False,Clear or Partly Cloudy,Dry,Dark - Street Lights On,,,,32.0,One parked--one moving,0,0,False,0
-122.323369081791,47.6438349757347,200213,281897,282757,E786243,Matched,Block,,BOYLSTON AVE E BETWEEN E ROANOKE ST AND BOYLSTON AV E OFF RP, ,,2,Injury Collision,Rear Ended,3,0,0,3,2,0,2018-03-30 00:00:00+00,3/30/2018 5:50:00 PM,Mid-Block (not related to intersection),14,"MOTOR VEHICLE STRUCK MOTOR VEHICLE, REAR END",True,True,Overcast,Dry,Daylight,,,,14.0,From same direction - both going straight - one stopped - rear-end,0,0,False,0
-122.348880727349,47.6124292484049,200214,281441,282301,E783316,Matched,Block,,ELLIOTT AVE BETWEEN BELL ST AND BATTERY ST, ,,1,Property Damage Only Collision,Parked Car,2,0,0,2,0,0,2018-03-20 00:00:00+00,3/20/2018 11:16:00 AM,Mid-Block (not related to intersection),11,"MOTOR VEHICLE STRUCK MOTOR VEHICLE, FRONT END AT ANGLE",True,False,Clear or Partly Cloudy,Dry,Daylight,,,,20.0,One car leaving parked position,0,0,False,0
-122.355538539534,47.7196013588737,200215,280499,281379,3694697,Matched,Intersection,35841.0,GREENWOOD AVE N AND N 125TH ST, ,,2,Injury Collision,Left Turn,4,0,0,2,1,0,2018-04-05 00:00:00+00,4/5/2018 5:31:00 PM,At Intersection (intersection related),11,"MOTOR VEHICLE STRUCK MOTOR VEHICLE, FRONT END AT ANGLE",,False,Raining,Wet,Daylight,,,,29.0,From opposite direction - one left turn - one right turn,0,0,False,0
-122.335072435415,47.6613858476307,200216,282569,283429,E789315,Matched,Intersection,26786.0,BURKE AVE N AND N 45TH ST, ,,1,Property Damage Only Collision,Left Turn,4,0,0,2,0,0,2018-04-17 00:00:00+00,4/17/2018 9:41:00 AM,At Intersection (intersection related),14,"MOTOR VEHICLE STRUCK MOTOR VEHICLE, REAR END",True,False,Overcast,Dry,Daylight,,,,28.0,From opposite direction - one left turn - one straight,0,0,False,0
-122.320313011576,47.6113555205987,200217,280498,281378,3586148,Matched,Block,,E MADISON ST BETWEEN BROADWAY AND BROADWAY CT, ,,1,Property Damage Only Collision,Rear Ended,2,0,0,2,0,0,2018-04-06 00:00:00+00,4/6/2018 9:01:00 PM,Mid-Block (not related to intersection),14,"MOTOR VEHICLE STRUCK MOTOR VEHICLE, REAR END",,False,Overcast,Wet,Dark - Street Lights On,,,,14.0,From same direction - both going straight - one stopped - rear-end,0,0,False,0
-122.367865127515,47.6621954055336,200218,280497,281377,3549764,Matched,Intersection,25464.0,LEARY WAY NW AND NW 46TH ST, ,,2,Injury Collision,Angles,2,0,0,2,1,0,2018-04-04 00:00:00+00,4/4/2018 10:24:00 PM,At Intersection (intersection related),11,"MOTOR VEHICLE STRUCK MOTOR VEHICLE, FRONT END AT ANGLE",,True,Raining,Wet,Dark - Street Lights On,,,,10.0,Entering at angle,0,0,False,0
-122.254536615777,47.5063528316202,200219,282017,282877,3383844,Matched,Intersection,38250.0,RENTON AVE S AND S BANGOR ST, ,,2,Injury Collision,Left Turn,2,0,0,2,1,0,2018-04-16 00:00:00+00,4/16/2018 12:59:00 AM,At Intersection (intersection related),11,"MOTOR VEHICLE STRUCK MOTOR VEHICLE, FRONT END AT ANGLE",,False,Raining,Wet,Dark - Street Lights On,,,,28.0,From opposite direction - one left turn - one straight,0,0,False,0
-122.343547724063,47.6275805040328,200220,281478,282338,E783527,Matched,Block,,AURORA AVE N BETWEEN ALOHA ST AND WARD ST, ,,1,Property Damage Only Collision,Rear Ended,2,0,0,2,0,0,2018-03-28 00:00:00+00,3/28/2018 8:10:00 AM,Mid-Block (not related to intersection),14,"MOTOR VEHICLE STRUCK MOTOR VEHICLE, REAR END",True,False,Overcast,Dry,Daylight,,,,13.0,From same direction - both going straight - both moving - rear-end,0,0,False,0