longitude,latitude,objectid,inckey,coldetkey,reportno,status,addrtype,intkey,location,exceptrsncode,exceptrsndesc,severitycode,severitydesc,collisiontype,personcount,pedcount,pedcylcount,vehcount,injuries,fatalities,incdate,incdttm,junctiontype,sdot_colcode,sdot_coldesc,inattentionind,underinfl,weather,roadcond,lightcond,pedrownotgrnt,sdotcolnum,speeding,st_colcode,st_coldesc,seglanekey,crosswalkkey,hitparkedcar,seriousinjuries
-122.317156078493,47.5575281923387,200221,281917,282777,E786261,Matched,Block,,12TH AVE S BETWEEN S SHELTON ST AND S HUDSON ST, ,,1,Property Damage Only Collision,Other,1,0,0,1,0,0,2018-04-06 00:00:00+00,4/6/2018 2:00:00 PM,Mid-Block (not related to intersection),26,MOTOR VEHICLE STRUCK OBJECT IN ROAD,,False,Clear or Partly Cloudy,Dry,Daylight,,,,50.0,Fixed object,0,0,False,0
-122.304590602092,47.6482400602772,200222,281439,282299,E783216,Matched,Block,,MONTLAKE BR BETWEEN POINT A AND NE PACIFIC ST, ,,2,Injury Collision,Sideswipe,3,0,0,2,1,0,2018-03-28 00:00:00+00,3/28/2018 2:30:00 PM,Mid-Block (not related to intersection),11,"MOTOR VEHICLE STRUCK MOTOR VEHICLE, FRONT END AT ANGLE",,False,Clear or Partly Cloudy,Dry,Daylight,,,,11.0,From same direction - both going straight - both moving - sideswipe,0,0,False,0
-122.344526209486,47.6909235186916,200223,280479,281359,E784210,Matched,Block,,AURORA AVE N BETWEEN N 85TH ST AND N 86TH ST, ,,1,Property Damage Only Collision,Rear Ended,3,0,0,2,0,0,2018-03-31 00:00:00+00,3/31/2018 4:32:00 AM,Driveway Junction,14,"MOTOR VEHICLE STRUCK MOTOR VEHICLE, REAR END",,False,Clear or Partly Cloudy,Dry,Dark - Street Lights On,,,,14.0,From same direction - both going straight - one stopped - rear-end,0,0,False,0
-122.360801333599,47.6669203899017,200225,280478,281358,E784208,Matched,Intersection,25334.0,3RD AVE NW AND NW MARKET ST, ,,1,Property Damage Only Collision,Angles,2,0,0,2,0,0,2018-03-30 00:00:00+00,3/30/2018 7:58:00 AM,At Intersection (intersection related),11,"MOTOR VEHICLE STRUCK MOTOR VEHICLE, FRONT END AT ANGLE",,False,Clear or Partly Cloudy,Wet,Daylight,,,,10.0,Entering at angle,0,0,False,0
-122.32853489031,47.6029846329185,200226,282567,283427,E789125,Matched,Intersection,30478.0,5TH AVE AND JEFFERSON ST, ,,2,Injury Collision,Left Turn,3,0,0,2,1,0,2018-04-07 00:00:00+00,4/7/2018 1:00:00 PM,At Intersection (intersection related),11,"MOTOR VEHICLE STRUCK MOTOR VEHICLE, FRONT END AT ANGLE",,False,Overcast,Wet,Daylight,,,,15.0,From same direction - one left turn - one straight,0,0,False,0
-122.345728584735,47.682227043675,200227,281477,282337,E783480,Matched,Block,,WINONA AVE N BETWEEN LINDEN AVE N AND N 74TH ST, ,,1,Property Damage Only Collision,Parked Car,3,0,0,3,0,0,2018-03-27 00:00:00+00,3/27/2018 3:53:00 PM,Mid-Block (not related to intersection),14,"MOTOR VEHICLE STRUCK MOTOR VEHICLE, REAR END",,False,Overcast,Wet,Daylight,,,,32.0,One parked--one moving,0,0,True,0
-122.334866328699,47.6082279219945,200228,280477,281357,E784207,Matched,Intersection,29931.0,4TH AVE AND UNIVERSITY ST, ,,1,Property Damage Only Collision,Sideswipe,2,0,0,2,0,0,2018-03-24 00:00:00+00,3/24/2018 9:58:00 AM,At Intersection (intersection related),11,"MOTOR VEHICLE STRUCK MOTOR VEHICLE, FRONT END AT ANGLE",True,False,Clear or Partly Cloudy,Dry,Daylight,,,,71.0,Same direction -- both turning right -- both moving -- sideswipe,0,0,False,0
-122.326528756747,47.6787125821897,200229,281442,282302,E783478,Matched,Block,,EAST GREEN LAKE WAY N BETWEEN 4TH AVE NE AND NE RAVENNA SR BV, ,,2,Injury Collision,Parked Car,6,0,0,3,1,0,2018-03-06 00:00:00+00,3/6/2018 3:31:00 PM,Mid-Block (not related to intersection),11,"MOTOR VEHICLE STRUCK MOTOR VEHICLE, FRONT END AT ANGLE",,False,Clear or Partly Cloudy,Dry,Daylight,,,,19.0,One car entering parked position,0,0,False,0
-122.344488726189,47.6375877112052,200230,279637,280537,E783147,Matched,Block,,AURORA AVE N BETWEEN HOWE ST AND LYNN ST, ,,2,Injury Collision,Rear Ended,2,0,0,2,1,0,2018-03-10 00:00:00+00,3/10/2018 2:35:00 PM,Mid-Block (not related to intersection),14,"MOTOR VEHICLE STRUCK MOTOR VEHICLE, REAR END",,False,Clear or Partly Cloudy,Dry,Daylight,,,,13.0,From same direction - both going straight - both moving - rear-end,0,0,False,0
-122.329156377784,47.6231269621583,200232,282018,282878,3644347,Matched,Intersection,29131.0,EASTLAKE AVE E AND REPUBLICAN ST, ,,2,Injury Collision,Angles,2,0,0,2,1,0,2018-04-13 00:00:00+00,4/13/2018 3:30:00 PM,At Intersection (intersection related),11,"MOTOR VEHICLE STRUCK MOTOR VEHICLE, FRONT END AT ANGLE",,False,Raining,Wet,Daylight,,,,10.0,Entering at angle,0,0,False,0
-122.280205181613,47.5536568878925,200233,281937,282797,E786262,Matched,Block,,RAINIER AVE S BETWEEN 42ND AVE S AND S BRANDON ST, ,,1,Property Damage Only Collision,Parked Car,2,0,0,2,0,0,2018-04-06 00:00:00+00,4/6/2018 4:32:00 PM,Mid-Block (not related to intersection),11,"MOTOR VEHICLE STRUCK MOTOR VEHICLE, FRONT END AT ANGLE",,False,Clear or Partly Cloudy,Dry,Daylight,,,,20.0,One car leaving parked position,0,0,False,0
-122.387435919408,47.5684041817778,200253,283902,284782,E789304,Matched,Block,,SW ANDOVER ST BETWEEN CALIFORNIA AVE SW AND 44TH AVE SW, ,,1,Property Damage Only Collision,Angles,2,0,0,2,0,0,2018-04-13 00:00:00+00,4/13/2018 11:00:00 AM,Driveway Junction,11,"MOTOR VEHICLE STRUCK MOTOR VEHICLE, FRONT END AT ANGLE",,False,Raining,Wet,Daylight,,,,10.0,Entering at angle,0,0,False,0
-122.376796177333,47.6877998784285,200234,281457,282317,E783479,Matched,Block,,15TH AVE NW BETWEEN NW 80TH ST AND NW 83RD ST, ,,2,Injury Collision,Sideswipe,4,0,0,3,2,0,2018-03-27 00:00:00+00,3/27/2018 12:43:00 PM,Mid-Block (not related to intersection),11,"MOTOR VEHICLE STRUCK MOTOR VEHICLE, FRONT END AT ANGLE",True,False,Clear or Partly Cloudy,Dry,Daylight,,,,26.0,From opposite direction - both going straight - sideswipe,0,0,False,0
-122.32896629872,47.5996178203004,200235,281440,282300,E783315,Matched,Block,,4TH AVE S BETWEEN S MAIN ST AND S JACKSON ST, ,,1,Property Damage Only Collision,Pedestrian,2,0,1,1,0,0,2018-03-20 00:00:00+00,3/20/2018 8:22:00 AM,Driveway Junction,51,PEDALCYCLIST STRUCK MOTOR VEHICLE FRONT END AT ANGLE,True,False,Clear or Partly Cloudy,Dry,Daylight,,,,5.0,Vehicle Strikes Pedalcyclist,0,0,False,0
-122.35605859211,47.6245806190718,200236,279598,280517,E783811,Matched,Block,,MERCER ST BETWEEN QUEEN ANNE AVE N AND 1ST AVE N,NEI,"Not Enough Information, or Insufficient Location Information",1,Property Damage Only Collision,Parked Car,2,0,0,2,0,0,2018-03-29 00:00:00+00,3/29/2018 12:31:00 PM,Mid-Block (not related to intersection),11,"MOTOR VEHICLE STRUCK MOTOR VEHICLE, FRONT END AT ANGLE",,False,Clear or Partly Cloudy,Dry,Daylight,,,,32.0,One parked--one moving,0,0,True,0
-122.390135715325,47.6749021651179,200241,284817,285697,3706203,Matched,Block,,26TH AVE NW BETWEEN NW 63RD ST AND NW 64TH ST, ,,1,Property Damage Only Collision,Parked Car,2,0,0,2,0,0,2018-04-30 00:00:00+00,4/30/2018 7:20:00 AM,Mid-Block (not related to intersection),14,"MOTOR VEHICLE STRUCK MOTOR VEHICLE, REAR END",,False,Clear or Partly Cloudy,Dry,Dawn,,,,32.0,One parked--one moving,0,0,True,0
-122.318301210566,47.6575150524392,200243,283907,284787,E789364,Matched,Block,,NE 42ND ST BETWEEN 9TH AVE NE AND ROOSEVELT S WAY NE, ,,1,Property Damage Only Collision,Rear Ended,2,0,0,2,0,0,2018-04-09 00:00:00+00,4/9/2018 9:10:00 AM,Mid-Block (but intersection related),14,"MOTOR VEHICLE STRUCK MOTOR VEHICLE, REAR END",,False,Clear or Partly Cloudy,Wet,Daylight,,,,14.0,From same direction - both going straight - one stopped - rear-end,0,0,False,0
-122.30028950737,47.5453286289812,200245,283220,284080,3782792,Matched,Intersection,34290.0,BEACON WR AVE S AND S EDDY ST, ,,1,Property Damage Only Collision,Angles,2,0,0,2,0,0,2018-04-21 00:00:00+00,4/21/2018 8:23:00 AM,At Intersection (intersection related),11,"MOTOR VEHICLE STRUCK MOTOR VEHICLE, FRONT END AT ANGLE",,False,Clear or Partly Cloudy,Dry,Daylight,,,,10.0,Entering at angle,0,0,False,0
-122.318934947787,47.5264530239983,200246,283903,284783,E789305,Matched,Block,,S CLOVERDALE ST BETWEEN 10TH AVE S AND 12TH AVE S, ,,2,Injury Collision,Parked Car,3,0,0,2,1,0,2018-04-13 00:00:00+00,4/13/2018 3:25:00 PM,Mid-Block (not related to intersection),14,"MOTOR VEHICLE STRUCK MOTOR VEHICLE, REAR END",,False,Raining,Wet,Daylight,,,,32.0,One parked--one moving,0,0,False,0
-122.354761840744,47.6232691287498,200247,284778,285658,3578793,Matched,Block,,REPUBLICAN ST BETWEEN 1ST AVE N AND WARREN AVE N, ,,1,Property Damage Only Collision,Parked Car,2,0,0,2,0,0,2018-04-27 00:00:00+00,4/27/2018 10:30:00 AM,Mid-Block (not related to intersection),11,"MOTOR VEHICLE STRUCK MOTOR VEHICLE, FRONT END AT ANGLE",True,False,Clear or Partly Cloudy,Dry,Daylight,,,,32.0,One parked--one moving,0,0,True,0
-122.328913101671,47.6134658203127,200248,283219,284079,3702558,Matched,Intersection,29878.0,BOREN AVE AND PIKE ST, ,,2,Injury Collision,Angles,4,0,0,2,1,0,2018-04-22 00:00:00+00,4/22/2018 10:28:00 PM,At Intersection (intersection related),11,"MOTOR VEHICLE STRUCK MOTOR VEHICLE, FRONT END AT ANGLE",,False,Clear or Partly Cloudy,Wet,Daylight,,,,10.0,Entering at angle,0,0,False,0
-122.320417251859,47.621985385318,200249,284820,285700,3702586,Matched,Block,,E HARRISON ST BETWEEN BROADWAY E AND 10TH AVE E, ,,1,Property Damage Only Collision,Other,1,0,0,1,0,0,2018-05-01 00:00:00+00,5/1/2018 7:22:00 PM,Mid-Block (not related to intersection),28,MOTOR VEHICLE RAN OFF ROAD - HIT FIXED OBJECT,,True,Clear or Partly Cloudy,Dry,Dusk,,,,50.0,Fixed object,0,0,False,0
-122.303387536946,47.5559368692766,200254,282581,283441,3818592,Matched,Block,,S DAWSON ST BETWEEN BEACON WR AVE S AND BEACON ER AVE S, ,,2,Injury Collision,Other,1,0,0,1,1,0,2018-04-16 00:00:00+00,4/16/2018 1:21:00 AM,Mid-Block (not related to intersection),28,MOTOR VEHICLE RAN OFF ROAD - HIT FIXED OBJECT,,True,Raining,Wet,Dark - Street Lights On,,,,50.0,Fixed object,0,0,False,0
-122.376208839553,47.5615517665723,200255,284818,285698,3626829,Matched,Block,,35TH AVE SW BETWEEN SW SNOQUALMIE ST AND SW ALASKA ST, ,,2,Injury Collision,Rear Ended,2,0,0,2,1,0,2018-04-30 00:00:00+00,4/30/2018 9:26:00 AM,Mid-Block (not related to intersection),14,"MOTOR VEHICLE STRUCK MOTOR VEHICLE, REAR END",,False,Clear or Partly Cloudy,Dry,Daylight,,,,14.0,From same direction - both going straight - one stopped - rear-end,0,0,False,0
-122.347323071099,47.6534490367801,200257,282580,283440,3754182,Matched,Block,,AURORA AVE N BETWEEN N 38 UPPER ST AND N 39TH ST, ,,1,Property Damage Only Collision,Sideswipe,4,0,0,2,0,0,2018-04-16 00:00:00+00,4/16/2018 3:30:00 PM,Mid-Block (not related to intersection),11,"MOTOR VEHICLE STRUCK MOTOR VEHICLE, FRONT END AT ANGLE",True,False,Overcast,Dry,Daylight,,,,11.0,From same direction - both going straight - both moving - sideswipe,0,0,False,0
-122.306233945078,47.5884125393654,200259,282577,283437,3693498,Matched,Intersection,31518.0,20TH AVE S AND S MASSACHUSETTS ST, ,,1,Property Damage Only Collision,Other,1,0,0,1,0,0,2018-04-17 00:00:00+00,4/17/2018,At Intersection (intersection related),28,MOTOR VEHICLE RAN OFF ROAD - HIT FIXED OBJECT,,False,Unknown,Unknown,Unknown,,,,50.0,Fixed object,0,0,False,0
-122.279829082475,47.5188791948909,200260,283901,284781,E789303,Matched,Block,,M L KING JR WR WAY S BETWEEN BEACON AVE S AND MERTON WAY S, ,,1,Property Damage Only Collision,Sideswipe,2,0,0,2,0,0,2018-04-13 00:00:00+00,4/13/2018 2:26:00 PM,Mid-Block (not related to intersection),11,"MOTOR VEHICLE STRUCK MOTOR VEHICLE, FRONT END AT ANGLE",,False,Raining,Wet,Daylight,,,,11.0,From same direction - both going straight - both moving - sideswipe,0,0,False,0
-122.29018534133,47.6675965532127,200261,284821,285701,3703809,Matched,Block,,35TH AVE NE BETWEEN NE 52ND ST AND NE 55TH ST, ,,2,Injury Collision,Rear Ended,4,0,0,3,2,0,2018-05-01 00:00:00+00,5/1/2018 4:42:00 PM,Mid-Block (not related to intersection),14,"MOTOR VEHICLE STRUCK MOTOR VEHICLE, REAR END",True,False,Clear or Partly Cloudy,Dry,Daylight,,,,14.0,From same direction - both going straight - one stopped - rear-end,0,0,False,0
-122.307487487047,47.5922958553516,200263,284797,285677,3702630,Matched,Block,,HIAWATHA PL S BETWEEN S BUSH PL AND DEAD END, ,,1,Property Damage Only Collision,Parked Car,3,0,0,2,0,0,2018-04-29 00:00:00+00,4/29/2018 9:26:00 PM,Mid-Block (not related to intersection),14,"MOTOR VEHICLE STRUCK MOTOR VEHICLE, REAR END",,False,Clear or Partly Cloudy,Dry,Dark - Street Lights On,,,,32.0,One parked--one moving,0,0,False,0
-122.338001054286,47.6049434576639,200266,282571,283431,E789393,Matched,Intersection,29617.0,SPRING ST AND WESTERN AVE, ,,2,Injury Collision,Cycles,3,0,1,1,1,0,2018-04-11 00:00:00+00,4/11/2018 3:33:00 PM,At Intersection (intersection related),18,"MOTOR VEHICLE STRUCK PEDALCYCLIST, FRONT END AT ANGLE",,False,Overcast,Wet,Daylight,,,,6.0,Pedalcyclist Strikes Moving Vehicle,0,0,False,0
-122.333913992625,47.6480319057481,200267,282570,283430,E789316,Matched,Intersection,27280.0,MERIDIAN AVE N AND N 34TH ST, ,,1,Property Damage Only Collision,Angles,3,0,0,2,0,0,2018-04-17 00:00:00+00,4/17/2018 9:54:00 AM,At Intersection (intersection related),11,"MOTOR VEHICLE STRUCK MOTOR VEHICLE, FRONT END AT ANGLE",,False,Clear or Partly Cloudy,Dry,Daylight,,,,10.0,Entering at angle,0,0,False,0
-122.316879238596,47.708554835666,200268,283899,284779,E789138,Matched,Block,,NE NORTHGATE WAY BETWEEN ROOSEVELT WAY NE AND 11TH AVE NE, ,,1,Property Damage Only Collision,Sideswipe,2,0,0,2,0,0,2018-04-16 00:00:00+00,4/16/2018 8:30:00 AM,Mid-Block (not related to intersection),14,"MOTOR VEHICLE STRUCK MOTOR VEHICLE, REAR END",,False,Overcast,Wet,Daylight,,,,12.0,From same direction - both going straight - one stopped - sideswipe,0,0,False,0
-122.329586174812,47.546695300274,200269,283909,284789,E789368,Matched,Block,,4TH AVE S BETWEEN S FRONT ST AND S MICHIGAN ST, ,,1,Property Damage Only Collision,Rear Ended,2,0,0,2,0,0,2018-04-16 00:00:00+00,4/16/2018 4:22:00 PM,Mid-Block (but intersection related),14,"MOTOR VEHICLE STRUCK MOTOR VEHICLE, REAR END",,False,Clear or Partly Cloudy,Wet,Daylight,,,,14.0,From same direction - both going straight - one stopped - rear-end,0,0,False,0
-122.335222141985,47.609452547016,200270,284819,285699,3812037,Matched,Block,,UNION ST BETWEEN 4TH AVE AND 5TH AVE, ,,1,Property Damage Only Collision,Rear Ended,3,0,0,3,0,0,2018-04-30 00:00:00+00,4/30/2018 3:57:00 PM,Mid-Block (not related to intersection),14,"MOTOR VEHICLE STRUCK MOTOR VEHICLE, REAR END",True,False,Overcast,Dry,,,,,14.0,From same direction - both going straight - one stopped - rear-end,0,0,False,0
-122.37359168026,47.6657013911897,200273,287923,288783,3751056,Matched,Intersection,25439.0,14TH AVE NW AND NW 51ST ST, ,,1,Property Damage Only Collision,Angles,2,0,0,2,0,0,2018-05-19 00:00:00+00,5/19/2018 10:20:00 AM,At Intersection (intersection related),11,"MOTOR VEHICLE STRUCK MOTOR VEHICLE, FRONT END AT ANGLE",True,False,Clear or Partly Cloudy,Dry,Daylight,,,,10.0,Entering at angle,0,0,False,0
-122.333937583279,47.7054885756564,200274,287421,288301,E797532,Matched,Block,,MERIDIAN AVE N BETWEEN N 105TH ST AND N 106TH ST, ,,1,Property Damage Only Collision,Angles,3,0,0,2,0,0,2018-05-12 00:00:00+00,5/12/2018 9:50:00 AM,Mid-Block (not related to intersection),11,"MOTOR VEHICLE STRUCK MOTOR VEHICLE, FRONT END AT ANGLE",,False,Clear or Partly Cloudy,Dry,Daylight,,,,10.0,Entering at angle,0,0,False,0
-122.298043425107,47.599242371267,200275,287420,288300,E796946,Matched,Block,,S JACKSON ST BETWEEN 26TH AVE S AND M L KING JR WAY S, ,,1,Property Damage Only Collision,Other,1,0,0,1,0,0,2018-05-04 00:00:00+00,5/4/2018 2:00:00 PM,Mid-Block (but intersection related),28,MOTOR VEHICLE RAN OFF ROAD - HIT FIXED OBJECT,,False,Clear or Partly Cloudy,Dry,Daylight,,,,50.0,Fixed object,0,0,False,0
-122.286650031633,47.6923607275869,200276,287938,288798,3751058,Matched,Block,,NE 88TH ST BETWEEN 38TH AVE NE AND 40TH AVE NE, ,,1,Property Damage Only Collision,Parked Car,2,0,0,2,0,0,2018-05-20 00:00:00+00,5/20/2018 8:13:00 AM,Mid-Block (not related to intersection),15,"MOTOR VEHICLE STRUCK MOTOR VEHICLE, RIGHT SIDE SIDESWIPE",,False,Clear or Partly Cloudy,Dry,Unknown,,,,32.0,One parked--one moving,0,0,True,0
-122.283192267742,47.5315419570773,200277,287419,288299,E797406,Matched,Intersection,34592.0,39TH AVE S AND S KENYON ST, ,,1,Property Damage Only Collision,Head On,2,0,0,2,0,0,2018-05-12 00:00:00+00,5/12/2018 3:03:00 PM,At Intersection (intersection related),11,"MOTOR VEHICLE STRUCK MOTOR VEHICLE, FRONT END AT ANGLE",,False,Clear or Partly Cloudy,Dry,Daylight,,,,24.0,From opposite direction - both moving - head-on,0,0,False,0
-122.355154763075,47.5182793951842,200278,287920,288780,3745859,Matched,Block,,16TH AVE SW BETWEEN SW CAMBRIDGE ST AND SW ROXBURY ST, ,,2,Injury Collision,Parked Car,2,0,0,2,1,0,2018-05-19 00:00:00+00,5/19/2018 2:02:00 PM,Mid-Block (not related to intersection),16,"MOTOR VEHICLE STRUCK MOTOR VEHICLE, LEFT SIDE SIDESWIPE",True,False,Clear or Partly Cloudy,Dry,Daylight,,,,32.0,One parked--one moving,0,0,True,0
-122.336564829254,47.5903978303766,200279,287597,288477,E797656,Matched,Intersection,30386.0,COLORADO AVE S AND S ATLANTIC ST, ,,1,Property Damage Only Collision,Sideswipe,2,0,0,2,0,0,2018-05-13 00:00:00+00,5/13/2018 3:54:00 PM,At Intersection (intersection related),11,"MOTOR VEHICLE STRUCK MOTOR VEHICLE, FRONT END AT ANGLE",,False,Clear or Partly Cloudy,Dry,Daylight,,,,81.0,Same direction -- both turning left -- both moving -- sideswipe,0,0,False,0
-122.304803787616,47.5730891746397,200280,287570,288450,E796625,Matched,Intersection,32529.0,21ST AVE S AND S HINDS ST, ,,2,Injury Collision,Angles,2,0,0,2,2,0,2018-04-30 00:00:00+00,4/30/2018 2:30:00 PM,At Intersection (intersection related),11,"MOTOR VEHICLE STRUCK MOTOR VEHICLE, FRONT END AT ANGLE",,False,Clear or Partly Cloudy,Dry,Daylight,,,,10.0,Entering at angle,0,0,False,0
-122.269986039452,47.5233072678934,200281,287437,288317,3814733,Matched,Intersection,35443.0,RAINIER AVE S AND S HENDERSON ST, ,,2b,Serious Injury Collision,Pedestrian,2,1,0,1,1,0,2018-05-16 00:00:00+00,5/16/2018 2:46:00 PM,At Intersection (intersection related),24,MOTOR VEHCILE STRUCK PEDESTRIAN,,False,Clear or Partly Cloudy,Dry,Daylight,,,,0.0,Vehicle going straight hits pedestrian,0,0,False,1
-122.376219191536,47.6657045126369,200282,287197,288077,E796891,Matched,Intersection,25438.0,15TH AVE NW AND NW 51ST ST, ,,2,Injury Collision,Angles,3,0,0,3,1,0,2018-04-25 00:00:00+00,4/25/2018 5:44:00 PM,At Intersection (intersection related),11,"MOTOR VEHICLE STRUCK MOTOR VEHICLE, FRONT END AT ANGLE",True,False,Clear or Partly Cloudy,Dry,Daylight,,,,10.0,Entering at angle,0,0,False,0
-122.312901000813,47.6531885022381,200283,287924,288784,3751057,Matched,Block,,NE PACIFIC ST BETWEEN UNIVERSITY WAY NE AND 15TH AVE NE, ,,1,Property Damage Only Collision,Rear Ended,6,0,0,2,0,0,2018-05-19 00:00:00+00,5/19/2018 12:05:00 PM,Mid-Block (not related to intersection),11,"MOTOR VEHICLE STRUCK MOTOR VEHICLE, FRONT END AT ANGLE",,False,Clear or Partly Cloudy,Dry,Daylight,,,,14.0,From same direction - both going straight - one stopped - rear-end,0,0,False,0
-122.313407704194,47.5716290176354,200285,287182,288062,3814763,Matched,Intersection,32245.0,15TH AVE S AND S SPOKANE ST, ,,2,Injury Collision,Angles,3,0,0,2,1,0,2018-05-12 00:00:00+00,5/12/2018 12:09:00 AM,At Intersection (intersection related),11,"MOTOR VEHICLE STRUCK MOTOR VEHICLE, FRONT END AT ANGLE",,False,Clear or Partly Cloudy,Dry,Dark - Street Lights On,,,,10.0,Entering at angle,0,0,False,0
-122.344577860664,47.6952704671338,200286,287618,288498,E797784,Matched,Block,,AURORA AVE N BETWEEN N 91ST ST AND N 92ND ST, ,,1,Property Damage Only Collision,Parked Car,2,0,0,2,0,0,2018-05-09 00:00:00+00,5/9/2018 11:59:00 PM,Mid-Block (not related to intersection),11,"MOTOR VEHICLE STRUCK MOTOR VEHICLE, FRONT END AT ANGLE",,False,Clear or Partly Cloudy,Dry,Dark - Street Lights On,,,,32.0,One parked--one moving,0,0,True,0
-122.304140125789,47.5588375129341,200288,287571,288451,E796627,Matched,Block,,BEACON ER AVE S BETWEEN S COLUMBIAN WAY AND S FERDINAND N ST, ,,2,Injury Collision,Pedestrian,2,1,0,1,1,0,2018-05-05 00:00:00+00,5/5/2018 11:30:00 AM,Driveway Junction,24,MOTOR VEHCILE STRUCK PEDESTRIAN,True,False,Clear or Partly Cloudy,Dry,Daylight,,,,2.0,Vehicle turning left hits pedestrian,0,0,False,0
-122.37754734351,47.668671084399,200290,287181,288061,E796873,Matched,Block,,NW MARKET ST BETWEEN 15TH AVE NW AND 17TH AVE NW, ,,2,Injury Collision,Rear Ended,3,0,0,2,1,0,2018-04-25 00:00:00+00,4/25/2018 3:12:00 PM,Mid-Block (but intersection related),14,"MOTOR VEHICLE STRUCK MOTOR VEHICLE, REAR END",True,False,Clear or Partly Cloudy,Dry,Daylight,,,,14.0,From same direction - both going straight - one stopped - rear-end,0,0,False,0
-122.347297349475,47.6973420323053,200291,287939,288799,3751060,Matched,Block,,LINDEN AVE N BETWEEN N 94TH ST AND N 95TH ST, ,,1,Property Damage Only Collision,Parked Car,3,0,0,3,0,0,2018-05-20 00:00:00+00,5/20/2018 4:49:00 PM,Mid-Block (not related to intersection),14,"MOTOR VEHICLE STRUCK MOTOR VEHICLE, REAR END",,True,Clear or Partly Cloudy,Dry,Daylight,,,,32.0,One parked--one moving,0,0,False,0
-122.37303159781,47.5428444573556,200292,287598,288478,E798232,Matched,Block,,SW HOLLY ST BETWEEN 31ST AVE SW AND 32ND AVE SW, ,,1,Property Damage Only Collision,Angles,3,0,0,2,0,0,2018-05-15 00:00:00+00,5/15/2018 4:31:00 PM,Driveway Junction,11,"MOTOR VEHICLE STRUCK MOTOR VEHICLE, FRONT END AT ANGLE",,False,Clear or Partly Cloudy,Dry,Daylight,,,,10.0,Entering at angle,0,0,False,0
-122.344564970542,47.6941856699119,200293,287180,288060,E796889,Matched,Intersection,37340.0,AURORA AVE N AND N 90TH ST, ,,2,Injury Collision,Pedestrian,2,1,0,1,1,0,2018-04-22 00:00:00+00,4/22/2018 5:51:00 PM,At Intersection (intersection related),24,MOTOR VEHCILE STRUCK PEDESTRIAN,,False,Clear or Partly Cloudy,Dry,Daylight,,,,2.0,Vehicle turning left hits pedestrian,0,0,False,0
-122.355298866425,47.6829198685473,200294,287921,288781,3751026,Matched,Block,,GREENWOOD AVE N BETWEEN N 74TH ST AND N 75TH ST, ,,2,Injury Collision,Angles,3,0,0,2,1,0,2018-05-19 00:00:00+00,5/19/2018 2:48:00 PM,Mid-Block (not related to intersection),14,"MOTOR VEHICLE STRUCK MOTOR VEHICLE, REAR END",,True,Clear or Partly Cloudy,Dry,Daylight,,,,10.0,Entering at angle,0,0,False,0
-122.303413125436,47.5719225787414,200296,287179,288059,3814762,Matched,Intersection,32541.0,23RD AVE S AND S SPOKANE ST, ,,1,Property Damage Only Collision,Angles,4,0,0,2,0,0,2018-05-11 00:00:00+00,5/11/2018 2:45:00 PM,At Intersection (intersection related),14,"MOTOR VEHICLE STRUCK MOTOR VEHICLE, REAR END",,False,Clear or Partly Cloudy,Dry,Daylight,,,,10.0,Entering at angle,0,0,False,0
-122.301809650973,47.5831452635027,200298,287178,288058,3814761,Matched,Intersection,31581.0,RAINIER AVE S AND S COLLEGE N ST, ,,2,Injury Collision,Pedestrian,2,1,0,1,1,0,2018-05-09 00:00:00+00,5/9/2018 6:09:00 PM,At Intersection (intersection related),24,MOTOR VEHCILE STRUCK PEDESTRIAN,True,False,Clear or Partly Cloudy,Dry,Daylight,True,,,2.0,Vehicle turning left hits pedestrian,0,0,False,0
-122.369255661697,47.6634573655704,200299,287937,288797,E796875,Matched,Block,,LEARY WAY NW BETWEEN NW BALLARD WAY AND NW LEARY WAY, ,,2,Injury Collision,Rear Ended,2,0,0,2,1,0,2018-05-02 00:00:00+00,5/2/2018 12:22:00 PM,Mid-Block (but intersection related),14,"MOTOR VEHICLE STRUCK MOTOR VEHICLE, REAR END",True,False,Clear or Partly Cloudy,Dry,Daylight,,,,13.0,From same direction - both going straight - both moving - rear-end,0,0,False,0
-122.33396137291,47.706850216104,200301,287619,288499,E798237,Matched,Intersection,36588.0,MERIDIAN AVE N AND N 107TH ST, ,,1,Property Damage Only Collision,Angles,2,0,0,2,0,0,2018-05-14 00:00:00+00,5/14/2018 7:34:00 PM,At Intersection (intersection related),14,"MOTOR VEHICLE STRUCK MOTOR VEHICLE, REAR END",,False,Clear or Partly Cloudy,Dry,Daylight,,,,10.0,Entering at angle,0,0,False,0
-122.319753993727,47.5520818789892,200302,287572,288452,E796628,Matched,Intersection,33108.0,AIRPORT WAY S AND CORSON AVE S, ,,2b,Serious Injury Collision,Left Turn,3,0,0,2,1,0,2018-04-29 00:00:00+00,4/29/2018 6:50:00 PM,At Intersection (intersection related),11,"MOTOR VEHICLE STRUCK MOTOR VEHICLE, FRONT END AT ANGLE",,False,Clear or Partly Cloudy,Dry,Daylight,,,,28.0,From opposite direction - one left turn - one straight,0,0,False,1
-122.328967514649,47.5991968896655,200305,287161,288041,3812116,Matched,Intersection,30509.0,4TH AVE S AND S JACKSON ST, ,,1,Property Damage Only Collision,Angles,2,0,0,2,0,0,2018-05-15 00:00:00+00,5/15/2018 9:32:00 PM,At Intersection (intersection related),11,"MOTOR VEHICLE STRUCK MOTOR VEHICLE, FRONT END AT ANGLE",,True,Clear or Partly Cloudy,Dry,Dark - Street Lights On,,,,10.0,Entering at angle,0,0,False,0