longitude,latitude,objectid,inckey,coldetkey,reportno,status,addrtype,intkey,location,exceptrsncode,exceptrsndesc,severitycode,severitydesc,collisiontype,personcount,pedcount,pedcylcount,vehcount,injuries,fatalities,incdate,incdttm,junctiontype,sdot_colcode,sdot_coldesc,inattentionind,underinfl,weather,roadcond,lightcond,pedrownotgrnt,sdotcolnum,speeding,st_colcode,st_coldesc,seglanekey,crosswalkkey,hitparkedcar,seriousinjuries
-122.398863097227,47.5854124424202,198319,269612,270412,3742360,Matched,Block,,ALKI AVE SW BETWEEN SW ILLINOIS ST AND BONAIR DR SW, ,,1,Property Damage Only Collision,Parked Car,2,0,0,2,0,0,2018-02-07 00:00:00+00,2/7/2018 12:38:00 PM,Mid-Block (not related to intersection),11,"MOTOR VEHICLE STRUCK MOTOR VEHICLE, FRONT END AT ANGLE",,False,,Unknown,,,,,32.0,One parked--one moving,0,0,False,0
-122.285799071736,47.66206200272,200306,284822,285702,3754330,Matched,Block,,SAND POINT WAY NE BETWEEN NE 45TH ST AND 40TH AVE NE, ,,3,Fatality Collision,Pedestrian,2,1,0,1,0,1,2018-04-30 00:00:00+00,4/30/2018 11:36:00 PM,Mid-Block (not related to intersection),24,MOTOR VEHCILE STRUCK PEDESTRIAN,,False,Clear or Partly Cloudy,Dry,Dark - Street Lights On,,,,4.0,Vehicle hits Pedestrian - All Other Actions,0,0,False,0
-122.33419497847,47.5913553096544,200307,287599,288479,E797783,Matched,Block,,1ST AVE S BETWEEN S ROYAL BROUGHAM WAY AND S ATLANTIC ST, ,,1,Property Damage Only Collision,Left Turn,3,0,0,2,0,0,2018-05-12 00:00:00+00,5/12/2018 5:30:00 PM,Mid-Block (not related to intersection),11,"MOTOR VEHICLE STRUCK MOTOR VEHICLE, FRONT END AT ANGLE",,False,Clear or Partly Cloudy,Dry,Daylight,,,,15.0,From same direction - one left turn - one straight,0,0,False,0
-122.303604804819,47.5854975643053,200308,277888,278788,3818754,Matched,Intersection,31547.0,RAINIER AVE S AND S PLUM ST, ,,1,Property Damage Only Collision,Right Turn,3,0,0,2,0,0,2018-03-14 00:00:00+00,3/14/2018 2:01:00 AM,At Intersection (intersection related),11,"MOTOR VEHICLE STRUCK MOTOR VEHICLE, FRONT END AT ANGLE",,False,Clear or Partly Cloudy,Dry,Dark - Street Lights On,,,,16.0,From same direction - one right turn - one straight,0,0,False,0
-122.356199871838,47.6468886223465,200310,277898,278798,3584968,Matched,Block,,FLORENTIA ST BETWEEN QUEEN ANNE E AVE N AND 1ST AVE N, ,,1,Property Damage Only Collision,Parked Car,2,0,0,2,0,0,2018-03-18 00:00:00+00,3/18/2018 7:14:00 PM,,0,NOT ENOUGH INFORMATION / NOT APPLICABLE,,False,Unknown,Unknown,Unknown,,,,32.0,One parked--one moving,0,0,True,0
-122.331389302909,47.667361329276,200311,278737,279637,E778156,Matched,Block,,N 54TH ST BETWEEN KEYSTONE S PL N AND KIRKWOOD PL N, ,,1,Property Damage Only Collision,Parked Car,2,0,0,2,0,0,2018-03-11 00:00:00+00,3/11/2018 3:15:00 AM,Mid-Block (not related to intersection),11,"MOTOR VEHICLE STRUCK MOTOR VEHICLE, FRONT END AT ANGLE",,False,Clear or Partly Cloudy,Dry,Dark - No Street Lights,,,,32.0,One parked--one moving,0,0,True,0
-122.302593646394,47.588374652362,200312,277887,278787,3818673,Matched,Intersection,31514.0,23RD AVE S AND S MASSACHUSETTS ST, ,,2,Injury Collision,Angles,3,0,0,2,1,0,2018-03-05 00:00:00+00,3/5/2018 10:17:00 AM,At Intersection (intersection related),11,"MOTOR VEHICLE STRUCK MOTOR VEHICLE, FRONT END AT ANGLE",,False,Clear or Partly Cloudy,Wet,Daylight,,,,10.0,Entering at angle,0,0,False,0
-122.269988730366,47.5303488257799,200313,278281,279181,3756093,Matched,Intersection,35409.0,RAINIER AVE S AND S ELMGROVE ST, ,,2,Injury Collision,Rear Ended,2,0,0,2,1,0,2018-03-21 00:00:00+00,3/21/2018 8:44:00 PM,At Intersection (intersection related),14,"MOTOR VEHICLE STRUCK MOTOR VEHICLE, REAR END",True,False,Clear or Partly Cloudy,Wet,Dark - Street Lights On,,,,14.0,From same direction - both going straight - one stopped - rear-end,0,0,False,0
-122.321438928664,47.5475029545226,200314,277886,278786,3818613,Matched,Intersection,33135.0,CORSON AVE S AND S MICHIGAN ST, ,,2,Injury Collision,Angles,3,0,0,2,3,0,2018-03-11 00:00:00+00,3/11/2018 10:11:00 AM,At Intersection (intersection related),11,"MOTOR VEHICLE STRUCK MOTOR VEHICLE, FRONT END AT ANGLE",,False,Clear or Partly Cloudy,Dry,Daylight,,,,10.0,Entering at angle,0,0,False,0
-122.305540721836,47.5855038854112,200315,277885,278785,3818321,Matched,Intersection,31549.0,21ST AVE S AND S PLUM ST, ,,1,Property Damage Only Collision,Angles,2,0,0,2,0,0,2018-03-16 00:00:00+00,3/16/2018 12:09:00 PM,At Intersection (intersection related),11,"MOTOR VEHICLE STRUCK MOTOR VEHICLE, FRONT END AT ANGLE",,False,Clear or Partly Cloudy,Dry,Daylight,,,,10.0,Entering at angle,0,0,False,0
-122.336544631956,47.6995942151376,200316,278277,279177,3754272,Matched,Intersection,37305.0,WALLINGFORD AVE N AND N 97TH ST, ,,2,Injury Collision,Angles,2,0,0,2,1,0,2018-03-22 00:00:00+00,3/22/2018 8:59:00 PM,At Intersection (intersection related),11,"MOTOR VEHICLE STRUCK MOTOR VEHICLE, FRONT END AT ANGLE",True,False,Raining,Wet,Dark - Street Lights On,,,,10.0,Entering at angle,0,0,False,0
-122.31013919412,47.6176112144345,200317,278718,279618,3702362,Matched,Intersection,30117.0,17TH AVE AND E HOWELL ST, ,,2,Injury Collision,Angles,2,0,0,2,2,0,2018-03-26 00:00:00+00,3/26/2018 3:25:00 PM,At Intersection (intersection related),11,"MOTOR VEHICLE STRUCK MOTOR VEHICLE, FRONT END AT ANGLE",,False,Clear or Partly Cloudy,Dry,Daylight,,,,10.0,Entering at angle,0,0,False,0
-122.386162918176,47.6701851671992,200318,277162,278062,3753958,Matched,Block,,NW 57TH ST BETWEEN 22ND AVE NW AND 24TH AVE NW, ,,1,Property Damage Only Collision,Other,1,0,0,1,0,0,2018-03-16 00:00:00+00,3/16/2018 7:40:00 PM,Driveway Junction,28,MOTOR VEHICLE RAN OFF ROAD - HIT FIXED OBJECT,,False,Clear or Partly Cloudy,Dry,Dusk,,,,50.0,Fixed object,0,0,False,0
-122.32615321946,47.5462500023134,200320,277890,278790,E776338,Matched,Intersection,34217.0,6TH AVE S AND S MICHIGAN ST, ,,2,Injury Collision,Pedestrian,2,1,0,1,1,0,2018-03-06 00:00:00+00,3/6/2018 3:47:00 PM,At Intersection (intersection related),24,MOTOR VEHCILE STRUCK PEDESTRIAN,,False,Clear or Partly Cloudy,Dry,Daylight,,,,2.0,Vehicle turning left hits pedestrian,525169,0,False,0
-122.300906148634,47.6605099719988,200321,278279,279179,3754410,Matched,Intersection,27294.0,25TH AVE NE AND NE 44TH ST, ,,1,Property Damage Only Collision,Angles,2,0,0,2,0,0,2018-03-22 00:00:00+00,3/22/2018 7:41:00 PM,At Intersection (intersection related),11,"MOTOR VEHICLE STRUCK MOTOR VEHICLE, FRONT END AT ANGLE",,False,Raining,Wet,Dark - Street Lights On,,,,10.0,Entering at angle,0,0,False,0
-122.307231592922,47.6621529119493,200322,277161,278061,3753956,Matched,Block,,19TH AVE NE BETWEEN NE 45TH ST AND NE 47TH ST, ,,1,Property Damage Only Collision,Rear Ended,2,0,0,2,0,0,2018-03-11 00:00:00+00,3/11/2018 8:35:00 PM,Mid-Block (not related to intersection),14,"MOTOR VEHICLE STRUCK MOTOR VEHICLE, REAR END",,False,Clear or Partly Cloudy,Dry,Dark - Street Lights On,,,,14.0,From same direction - both going straight - one stopped - rear-end,0,0,False,0
-122.372168518272,47.6701687034228,200323,278259,279159,E780606,Matched,Block,,NW 57TH ST BETWEEN 11TH AVE NW AND 14TH AVE NW, ,,1,Property Damage Only Collision,Parked Car,2,0,0,2,0,0,2018-03-17 00:00:00+00,3/17/2018 10:30:00 AM,Mid-Block (not related to intersection),14,"MOTOR VEHICLE STRUCK MOTOR VEHICLE, REAR END",True,False,Clear or Partly Cloudy,Dry,Daylight,,,,32.0,One parked--one moving,0,0,True,0
-122.296328533082,47.7184514461313,200324,277160,278060,3748037,Matched,Block,,30TH AVE NE BETWEEN LAKE CITY N WAY NE AND NE 125TH ST, ,,1,Property Damage Only Collision,Parked Car,2,0,0,2,0,0,2018-03-17 00:00:00+00,3/17/2018 7:03:00 AM,Mid-Block (not related to intersection),14,"MOTOR VEHICLE STRUCK MOTOR VEHICLE, REAR END",,False,Clear or Partly Cloudy,Dry,Dark - Street Lights On,,,,32.0,One parked--one moving,0,0,True,0
-122.318122378224,47.6129312525649,200325,279638,280538,E784068,Matched,Intersection,29760.0,11TH AVE AND E UNION ST, ,,2,Injury Collision,Angles,3,0,0,2,2,0,2018-03-19 00:00:00+00,3/19/2018 2:30:00 PM,At Intersection (intersection related),11,"MOTOR VEHICLE STRUCK MOTOR VEHICLE, FRONT END AT ANGLE",,False,Clear or Partly Cloudy,Dry,Daylight,,,,10.0,Entering at angle,0,0,False,0
-122.352886851743,47.6518860752943,200326,278758,279658,E778158,Matched,Block,,N 36TH ST BETWEEN FRANCIS AVE N AND DAYTON AVE N, ,,1,Property Damage Only Collision,Parked Car,2,0,0,2,0,0,2018-03-11 00:00:00+00,3/11/2018 8:55:00 PM,Mid-Block (not related to intersection),11,"MOTOR VEHICLE STRUCK MOTOR VEHICLE, FRONT END AT ANGLE",,False,Clear or Partly Cloudy,Dry,Dark - Street Lights On,,,,32.0,One parked--one moving,0,0,True,0
-122.344834272864,47.7135479791056,200327,277159,278059,3747612,Matched,Block,,AURORA AVE N BETWEEN N 115TH ST AND N 117TH PL, ,,2,Injury Collision,Other,1,0,0,1,1,0,2018-03-14 00:00:00+00,3/14/2018 4:36:00 PM,Mid-Block (not related to intersection),28,MOTOR VEHICLE RAN OFF ROAD - HIT FIXED OBJECT,,False,Clear or Partly Cloudy,Dry,Daylight,,,,50.0,Fixed object,0,0,False,0
-122.350020380558,47.6121869318258,200328,277158,278058,3746718,Matched,Block,,ALASKAN WAY BETWEEN XW BELL ST AND WALL ST, ,,2,Injury Collision,Rear Ended,2,0,0,2,1,0,2018-03-08 00:00:00+00,3/8/2018 4:54:00 PM,Mid-Block (not related to intersection),14,"MOTOR VEHICLE STRUCK MOTOR VEHICLE, REAR END",True,False,Raining,Wet,Daylight,,,,14.0,From same direction - both going straight - one stopped - rear-end,0,0,False,0
-122.291553494484,47.5552941461712,200329,278297,279197,3756095,Matched,Intersection,33583.0,32ND AVE S AND S DAWSON ST, ,,1,Property Damage Only Collision,Angles,2,0,0,2,0,0,2018-03-23 00:00:00+00,3/23/2018 9:29:00 PM,At Intersection (intersection related),11,"MOTOR VEHICLE STRUCK MOTOR VEHICLE, FRONT END AT ANGLE",,False,Clear or Partly Cloudy,Dry,Dark - Street Lights On,,,,10.0,Entering at angle,0,0,False,0
-122.400887812368,47.6595855689668,200330,277157,278057,3746654,Matched,Block,,34TH AVE W BETWEEN W GOVERNMENT WAY AND BRYGGER DR W, ,,2,Injury Collision,Other,1,0,0,1,1,0,2018-03-10 00:00:00+00,3/10/2018 4:59:00 PM,Mid-Block (not related to intersection),28,MOTOR VEHICLE RAN OFF ROAD - HIT FIXED OBJECT,,False,Clear or Partly Cloudy,Dry,Daylight,,,,50.0,Fixed object,0,0,True,0
-122.360479871378,47.6768692075437,200331,278258,279158,E780800,Matched,Block,,3RD AVE NW BETWEEN NW 65TH ST AND NW 67TH ST, ,,1,Property Damage Only Collision,Rear Ended,2,0,0,2,0,0,2018-03-20 00:00:00+00,3/20/2018 8:47:00 AM,Mid-Block (not related to intersection),14,"MOTOR VEHICLE STRUCK MOTOR VEHICLE, REAR END",,False,Clear or Partly Cloudy,Dry,Daylight,,,,14.0,From same direction - both going straight - one stopped - rear-end,0,0,False,0
-122.331363182246,47.660829259148,200332,278797,279697,E778162,Matched,Block,,CORLISS AVE N BETWEEN N 44TH ST AND N 45TH ST, ,,1,Property Damage Only Collision,Parked Car,2,0,0,2,0,0,2018-03-11 00:00:00+00,3/11/2018 12:00:00 PM,Mid-Block (not related to intersection),0,NOT ENOUGH INFORMATION / NOT APPLICABLE,,False,Clear or Partly Cloudy,Dry,Daylight,,,,32.0,One parked--one moving,0,0,True,0
-122.327031623695,47.5954631667054,200333,277897,278797,3330604,Matched,Block,,SEATTLE BLVD S BETWEEN S DEARBORN ST AND 6TH W AVE S, ,,1,Property Damage Only Collision,Rear Ended,2,0,0,2,0,0,2018-03-19 00:00:00+00,3/19/2018 8:40:00 AM,Mid-Block (not related to intersection),14,"MOTOR VEHICLE STRUCK MOTOR VEHICLE, REAR END",True,False,Clear or Partly Cloudy,Dry,Daylight,,,,14.0,From same direction - both going straight - one stopped - rear-end,0,0,False,0
-122.30088691635,47.6632661768253,200334,278719,279619,3702734,Matched,Intersection,25960.0,25TH AVE NE AND NE 47TH ST, ,,1,Property Damage Only Collision,Right Turn,3,0,0,2,0,0,2018-03-26 00:00:00+00,3/26/2018 7:58:00 AM,At Intersection (intersection related),11,"MOTOR VEHICLE STRUCK MOTOR VEHICLE, FRONT END AT ANGLE",,False,Clear or Partly Cloudy,Dry,Daylight,,,,16.0,From same direction - one right turn - one straight,0,0,False,0
-122.317722714649,47.6605773786858,200335,277142,278042,E777887,Matched,Block,,ROOSEVELT WAY NE BETWEEN NE 43RD N ST AND NE 45TH ST, ,,1,Property Damage Only Collision,Rear Ended,2,0,0,2,0,0,2018-03-09 00:00:00+00,3/9/2018 9:51:00 AM,Mid-Block (but intersection related),14,"MOTOR VEHICLE STRUCK MOTOR VEHICLE, REAR END",True,False,Clear or Partly Cloudy,Dry,Daylight,,,,14.0,From same direction - both going straight - one stopped - rear-end,0,0,False,0
-122.355452745925,47.7050835411737,200336,278280,279180,3754411,Matched,Intersection,36419.0,GREENWOOD AVE N AND HOLMAN RD N, ,,1,Property Damage Only Collision,Left Turn,2,0,0,2,0,0,2018-03-22 00:00:00+00,3/22/2018 6:26:00 PM,At Intersection (intersection related),11,"MOTOR VEHICLE STRUCK MOTOR VEHICLE, FRONT END AT ANGLE",,False,Clear or Partly Cloudy,Dry,Dark - Street Lights On,,,,28.0,From opposite direction - one left turn - one straight,0,0,False,0
-122.354386568232,47.671793763016,200337,277141,278041,E777326,Matched,Intersection,25625.0,PHINNEY AVE N AND N 59TH ST, ,,2,Injury Collision,Rear Ended,2,0,0,2,1,0,2018-03-06 00:00:00+00,3/6/2018 4:58:00 PM,At Intersection (intersection related),14,"MOTOR VEHICLE STRUCK MOTOR VEHICLE, REAR END",,False,Clear or Partly Cloudy,Dry,Daylight,,,,14.0,From same direction - both going straight - one stopped - rear-end,0,0,False,0
-122.329978910101,47.5861703820983,200338,287940,288800,3754166,Matched,Intersection,31347.0,3RD AVE S AND S HOLGATE ST, ,,1,Property Damage Only Collision,Angles,2,0,0,2,0,0,2018-05-18 00:00:00+00,5/18/2018 10:11:00 PM,At Intersection (intersection related),11,"MOTOR VEHICLE STRUCK MOTOR VEHICLE, FRONT END AT ANGLE",,False,Clear or Partly Cloudy,Dry,Dark - Street Lights On,,,,10.0,Entering at angle,0,0,False,0
-122.31741676717,47.6824554098978,200339,277899,278799,3694470,Matched,Block,,LAKE CITY WAY NE BETWEEN ROOSEVELT WAY NE AND ROOSEVELT TURN RD NE, ,,1,Property Damage Only Collision,Left Turn,2,0,0,2,0,0,2018-03-20 00:00:00+00,3/20/2018 5:00:00 PM,Mid-Block (not related to intersection),11,"MOTOR VEHICLE STRUCK MOTOR VEHICLE, FRONT END AT ANGLE",,False,Clear or Partly Cloudy,Dry,Daylight,,,,15.0,From same direction - one left turn - one straight,0,0,False,0
-122.306356952564,47.5992547054432,200340,279677,280577,E784072,Matched,Intersection,30754.0,20TH AVE S AND S JACKSON ST, ,,2,Injury Collision,Angles,2,0,0,2,1,0,2018-03-31 00:00:00+00,3/31/2018 5:02:00 PM,At Intersection (intersection related),11,"MOTOR VEHICLE STRUCK MOTOR VEHICLE, FRONT END AT ANGLE",True,False,Clear or Partly Cloudy,Dry,Daylight,,,,10.0,Entering at angle,0,0,False,0
-122.307504816476,47.6128982681362,200341,278717,279617,3702360,Matched,Intersection,30145.0,19TH AVE AND E UNION ST, ,,1,Property Damage Only Collision,Angles,2,0,0,2,0,0,2018-03-25 00:00:00+00,3/25/2018 1:40:00 PM,At Intersection (intersection related),11,"MOTOR VEHICLE STRUCK MOTOR VEHICLE, FRONT END AT ANGLE",,True,Clear or Partly Cloudy,Dry,Daylight,,,,10.0,Entering at angle,0,0,False,0
-122.355561202689,47.729645501812,200342,278759,279659,E778159,Matched,Intersection,35798.0,GREENWOOD AVE N AND N 138TH ST, ,,1,Property Damage Only Collision,Angles,2,0,0,2,0,0,2018-03-12 00:00:00+00,3/12/2018 7:24:00 AM,At Intersection (intersection related),11,"MOTOR VEHICLE STRUCK MOTOR VEHICLE, FRONT END AT ANGLE",,False,Clear or Partly Cloudy,Dry,Daylight,,,,10.0,Entering at angle,0,0,False,0
-122.332006687952,47.5714062656398,200343,277889,278789,E776283,Matched,Intersection,32341.0,2ND AVE S AND S SPOKANE SR ST, ,,1,Property Damage Only Collision,Left Turn,2,0,0,2,0,0,2018-02-10 00:00:00+00,2/10/2018 8:50:00 AM,At Intersection (intersection related),14,"MOTOR VEHICLE STRUCK MOTOR VEHICLE, REAR END",,False,Clear or Partly Cloudy,Dry,Daylight,,,,28.0,From opposite direction - one left turn - one straight,0,0,False,0
-122.307191040392,47.6648603383004,200344,278278,279178,3754274,Matched,Intersection,26056.0,19TH AVE NE AND NE 50TH ST, ,,2b,Serious Injury Collision,Angles,7,0,0,2,4,0,2018-03-24 00:00:00+00,3/24/2018 12:48:00 AM,At Intersection (intersection related),11,"MOTOR VEHICLE STRUCK MOTOR VEHICLE, FRONT END AT ANGLE",,False,Raining,Wet,Dark - Street Lights On,,,,10.0,Entering at angle,0,0,False,1
-122.34485254918,47.7147767538906,200345,282025,282885,3706140,Matched,Intersection,36339.0,AURORA AVE N AND N 117TH PL, ,,2,Injury Collision,Head On,2,0,0,2,1,0,2018-04-13 00:00:00+00,4/13/2018 1:13:00 PM,At Intersection (intersection related),11,"MOTOR VEHICLE STRUCK MOTOR VEHICLE, FRONT END AT ANGLE",,False,Overcast,Wet,Daylight,,,,30.0,From opposite direction - all others,0,0,False,0
-122.323761950607,47.5962541105648,200347,282596,283456,3753604,Matched,Block,,7TH AVE S BETWEEN S LANE ST AND S DEARBORN ST, ,,2,Injury Collision,Pedestrian,2,1,0,1,1,0,2018-04-16 00:00:00+00,4/16/2018 10:35:00 PM,Mid-Block (not related to intersection),24,MOTOR VEHCILE STRUCK PEDESTRIAN,,False,Raining,Wet,Dark - Street Lights On,,,,1.0,Vehicle turning right hits pedestrian,0,0,False,0
-122.322852532219,47.7340470562519,200348,280577,281457,E768150,Matched,Block,,NE 145TH ST BETWEEN 5TH AVE NE AND 6TH AVE NE, ,,2,Injury Collision,Rear Ended,2,0,0,2,1,0,2018-02-10 00:00:00+00,2/10/2018 5:08:00 PM,Mid-Block (not related to intersection),14,"MOTOR VEHICLE STRUCK MOTOR VEHICLE, REAR END",True,False,Clear or Partly Cloudy,Dry,Dusk,,,,14.0,From same direction - both going straight - one stopped - rear-end,0,0,False,0
-122.359277339578,47.5336900658362,200349,282078,282938,3742057,Matched,Intersection,33985.0,20TH AVE SW AND SW HOLDEN ST, ,,1,Property Damage Only Collision,Angles,3,0,0,2,0,0,2018-04-13 00:00:00+00,4/13/2018 8:57:00 PM,At Intersection (intersection related),11,"MOTOR VEHICLE STRUCK MOTOR VEHICLE, FRONT END AT ANGLE",,False,Raining,Wet,Dark - Street Lights On,,,,10.0,Entering at angle,0,0,False,0
-122.33842408956,47.6037813446637,200352,282023,282883,3703912,Matched,Intersection,29631.0,ALASKAN WAY AND MADISON ST, ,,2,Injury Collision,Angles,2,0,0,2,1,0,2018-04-13 00:00:00+00,4/13/2018 10:00:00 PM,At Intersection (intersection related),11,"MOTOR VEHICLE STRUCK MOTOR VEHICLE, FRONT END AT ANGLE",,False,Raining,Wet,Dark - Street Lights On,,,,10.0,Entering at angle,0,0,False,0
-122.338074769599,47.7341339225052,200353,281524,282384,E769747,Matched,Intersection,35693.0,COURTLAND PL N AND N 145TH ST, ,,1,Property Damage Only Collision,Left Turn,2,0,0,2,0,0,2018-02-09 00:00:00+00,2/9/2018 2:17:00 PM,At Intersection (intersection related),11,"MOTOR VEHICLE STRUCK MOTOR VEHICLE, FRONT END AT ANGLE",,False,Clear or Partly Cloudy,Dry,Daylight,,,,28.0,From opposite direction - one left turn - one straight,0,0,False,0
-122.406499288469,47.6592101129337,200354,281513,282373,E785056,Matched,Block,,DISCOVERY PARK BLVD BETWEEN TEXAS WAY AND WASHINGTON AVE, ,,1,Property Damage Only Collision,Parked Car,2,0,0,2,0,0,2018-03-31 00:00:00+00,3/31/2018 4:30:00 PM,Mid-Block (not related to intersection),0,NOT ENOUGH INFORMATION / NOT APPLICABLE,,True,Clear or Partly Cloudy,Dry,Daylight,,,,32.0,One parked--one moving,0,0,False,0
-122.297513277124,47.6612214901898,200355,280598,281478,E785688,Matched,Block,,NE 45TH ST BETWEEN MONTLAKE BLVD NE AND U VILLAGE DR, ,,1,Property Damage Only Collision,Other,2,0,0,2,0,0,2018-04-05 00:00:00+00,4/5/2018 11:14:00 AM,Mid-Block (not related to intersection),11,"MOTOR VEHICLE STRUCK MOTOR VEHICLE, FRONT END AT ANGLE",,False,Raining,Wet,Daylight,,,,23.0,From same direction - all others,0,0,False,0
-122.32964493976,47.6017181987589,200356,280508,281388,3811950,Matched,Block,,YESLER WAY BETWEEN 3RD AVE AND TERRACE ST, ,,1,Property Damage Only Collision,Parked Car,4,0,0,2,0,0,2018-04-04 00:00:00+00,4/4/2018 9:50:00 PM,Mid-Block (not related to intersection),11,"MOTOR VEHICLE STRUCK MOTOR VEHICLE, FRONT END AT ANGLE",,False,Raining,Wet,Dark - Street Lights On,,,,20.0,One car leaving parked position,0,0,False,0
-122.315658047705,47.6758149275881,200357,282057,282917,3706159,Matched,Intersection,24501.0,12TH AVE NE AND NE 65TH ST, ,,2,Injury Collision,Left Turn,2,0,0,2,1,0,2018-04-15 00:00:00+00,4/15/2018 10:06:00 PM,At Intersection (intersection related),11,"MOTOR VEHICLE STRUCK MOTOR VEHICLE, FRONT END AT ANGLE",,False,Raining,Wet,Dark - Street Lights On,,,,15.0,From same direction - one left turn - one straight,0,0,False,0
-122.34186993301,47.6941704749383,200359,282594,283454,3705574,Matched,Intersection,37343.0,STONE AVE N AND N 90TH W ST, ,,1,Property Damage Only Collision,Angles,2,0,0,2,0,0,2018-04-15 00:00:00+00,4/15/2018 11:04:00 PM,At Intersection (intersection related),11,"MOTOR VEHICLE STRUCK MOTOR VEHICLE, FRONT END AT ANGLE",,False,Raining,Wet,Dark - Street Lights On,,,,10.0,Entering at angle,0,0,False,0
-122.31207927184,47.6830458729488,200360,280506,281386,3753960,Matched,Intersection,24426.0,15TH AVE NE AND NE 75TH ST, ,,1,Property Damage Only Collision,Left Turn,5,0,0,2,0,0,2018-04-05 00:00:00+00,4/5/2018 9:11:00 PM,At Intersection (intersection related),11,"MOTOR VEHICLE STRUCK MOTOR VEHICLE, FRONT END AT ANGLE",,False,Overcast,Wet,Dark - Street Lights On,,,,28.0,From opposite direction - one left turn - one straight,0,0,False,0
-122.336434187794,47.6065857905651,200361,282021,282881,3695874,Matched,Intersection,29612.0,2ND AVE AND SENECA ST, ,,2,Injury Collision,Angles,3,0,0,2,1,0,2018-04-14 00:00:00+00,4/14/2018 7:01:00 PM,At Intersection (intersection related),11,"MOTOR VEHICLE STRUCK MOTOR VEHICLE, FRONT END AT ANGLE",,False,Raining,Wet,Dusk,,,,10.0,Entering at angle,0,0,False,0
-122.344976879983,47.7232115471904,200363,281522,282382,E785609,Matched,Intersection,35828.0,AURORA AVE N AND N 130TH ST, ,,1,Property Damage Only Collision,Rear Ended,2,0,0,2,0,0,2018-04-04 00:00:00+00,4/4/2018 2:00:00 PM,At Intersection (intersection related),11,"MOTOR VEHICLE STRUCK MOTOR VEHICLE, FRONT END AT ANGLE",,False,Raining,Wet,Daylight,,,,13.0,From same direction - both going straight - both moving - rear-end,0,0,False,0
-122.31207927184,47.6830458729488,200364,280505,281385,3753959,Matched,Intersection,24426.0,15TH AVE NE AND NE 75TH ST, ,,2,Injury Collision,Angles,5,0,0,3,1,0,2018-04-05 00:00:00+00,4/5/2018 8:08:00 PM,At Intersection (intersection related),11,"MOTOR VEHICLE STRUCK MOTOR VEHICLE, FRONT END AT ANGLE",True,False,Overcast,Wet,Dark - Street Lights On,,,,10.0,Entering at angle,0,0,False,0
-122.377656421967,47.6636668176391,200365,280503,281383,3706063,Matched,Block,,NW LEARY WAY BETWEEN 15TH SB AVE NW AND LEARY AVE NW, ,,1,Property Damage Only Collision,Parked Car,2,0,0,2,0,0,2018-04-05 00:00:00+00,4/5/2018 8:59:00 PM,Mid-Block (not related to intersection),11,"MOTOR VEHICLE STRUCK MOTOR VEHICLE, FRONT END AT ANGLE",,False,Raining,Wet,Dark - Street Lights On,,,,32.0,One parked--one moving,0,0,False,0
-122.282178851773,47.5388838654247,200366,282592,283452,3383845,Matched,Intersection,34554.0,M L KING JR WR WAY S AND S MYRTLE ST, ,,1,Property Damage Only Collision,Angles,4,0,0,2,0,0,2018-04-16 00:00:00+00,4/16/2018 12:30:00 PM,At Intersection (intersection related),11,"MOTOR VEHICLE STRUCK MOTOR VEHICLE, FRONT END AT ANGLE",,False,Raining,Wet,Daylight,,,,10.0,Entering at angle,0,0,False,0
-122.33382164614,47.5452853480129,200367,281525,282385,E772509,Matched,Block,,1ST AV S BR NB BETWEEN EAST MARGINAL WAY S AND 1ST AV S NB OFF RP, ,,2,Injury Collision,Other,1,0,0,1,1,0,2018-02-18 00:00:00+00,2/18/2018 1:25:00 PM,Mid-Block (not related to intersection),26,MOTOR VEHICLE STRUCK OBJECT IN ROAD,,False,Severe Crosswind,Dry,Daylight,,,True,50.0,Fixed object,0,0,False,0
-122.306265763878,47.5962689968621,200368,279765,280665,E784060,Matched,Block,,20TH AVE S BETWEEN S LANE ST AND S DEARBORN ST, ,,1,Property Damage Only Collision,Parked Car,2,0,0,2,0,0,2018-03-30 00:00:00+00,3/30/2018 2:15:00 PM,Mid-Block (not related to intersection),13,"MOTOR VEHICLE STRUCK MOTOR VEHICLE, LEFT SIDE AT ANGLE",,False,Clear or Partly Cloudy,Dry,Daylight,,,,32.0,One parked--one moving,0,0,True,0
-122.35396450535,47.6643058891042,200369,282024,282884,3705573,Matched,Intersection,25662.0,PHINNEY AVE N AND N 49TH ST, ,,1,Property Damage Only Collision,Angles,2,0,0,2,0,0,2018-04-13 00:00:00+00,4/13/2018 9:27:00 PM,At Intersection (intersection related),11,"MOTOR VEHICLE STRUCK MOTOR VEHICLE, FRONT END AT ANGLE",,False,Raining,Wet,Dark - Street Lights On,,,,10.0,Entering at angle,0,0,False,0
-122.310269902647,47.6000033613586,200371,279757,280657,E784052,Matched,Intersection,30741.0,17TH AVE S AND S MAIN ST, ,,2,Injury Collision,Angles,2,0,0,2,1,0,2018-03-29 00:00:00+00,3/29/2018 2:33:00 PM,At Intersection (intersection related),11,"MOTOR VEHICLE STRUCK MOTOR VEHICLE, FRONT END AT ANGLE",,False,Clear or Partly Cloudy,Dry,Daylight,,,,10.0,Entering at angle,0,0,False,0
-122.314198359068,47.6656745835714,200374,279739,280639,E784199,Matched,Block,,BROOKLYN AVE NE BETWEEN NE 50TH ST AND NE 52ND ST, ,,1,Property Damage Only Collision,Parked Car,6,0,0,2,0,0,2018-03-21 00:00:00+00,3/21/2018 7:07:00 PM,Driveway Junction,14,"MOTOR VEHICLE STRUCK MOTOR VEHICLE, REAR END",,False,Overcast,Dry,Dusk,,,,32.0,One parked--one moving,0,0,False,0