longitude,latitude,objectid,inckey,coldetkey,reportno,status,addrtype,intkey,location,exceptrsncode,exceptrsndesc,severitycode,severitydesc,collisiontype,personcount,pedcount,pedcylcount,vehcount,injuries,fatalities,incdate,incdttm,junctiontype,sdot_colcode,sdot_coldesc,inattentionind,underinfl,weather,roadcond,lightcond,pedrownotgrnt,sdotcolnum,speeding,st_colcode,st_coldesc,seglanekey,crosswalkkey,hitparkedcar,seriousinjuries
-122.355303622896,47.6818051598084,200375,282077,282937,3706176,Matched,Intersection,24318.0,GREENWOOD AVE N AND N 73RD ST, ,,2,Injury Collision,Pedestrian,2,1,0,1,1,0,2018-04-14 00:00:00+00,4/14/2018 11:56:00 AM,At Intersection (intersection related),24,MOTOR VEHCILE STRUCK PEDESTRIAN,,False,Raining,Wet,Daylight,True,,,2.0,Vehicle turning left hits pedestrian,0,0,False,0
-122.31416192561,47.6016887570137,200377,282022,282882,3702605,Matched,Intersection,30408.0,14TH AVE AND E YESLER WAY, ,,2,Injury Collision,Left Turn,2,0,0,2,1,0,2018-04-15 00:00:00+00,4/15/2018 8:52:00 PM,At Intersection (intersection related),11,"MOTOR VEHICLE STRUCK MOTOR VEHICLE, FRONT END AT ANGLE",,False,Overcast,Dry,Dark - Street Lights On,,,,28.0,From opposite direction - one left turn - one straight,0,0,False,0
-122.323494485907,47.7334980481935,200378,281523,282383,E769746,Matched,Block,,5TH AVE NE BETWEEN 145TH ST OFF RP AND NE 145TH ST, ,,1,Property Damage Only Collision,Other,2,0,0,2,0,0,2018-02-10 00:00:00+00,2/10/2018 9:26:00 AM,Mid-Block (not related to intersection),11,"MOTOR VEHICLE STRUCK MOTOR VEHICLE, FRONT END AT ANGLE",,False,Clear or Partly Cloudy,Dry,Daylight,,,,23.0,From same direction - all others,0,0,False,0
-122.28702675972,47.5607476764274,200380,279698,280598,E784197,Matched,Intersection,32737.0,RAINIER AVE S AND S ALASKA ST, ,,1,Property Damage Only Collision,Angles,3,0,0,2,0,0,2018-03-31 00:00:00+00,3/31/2018 1:47:00 PM,At Intersection (intersection related),11,"MOTOR VEHICLE STRUCK MOTOR VEHICLE, FRONT END AT ANGLE",,False,Clear or Partly Cloudy,Dry,Daylight,,,,10.0,Entering at angle,0,0,False,0
-122.413315736724,47.577150736832,200982,288702,289562,E799198,Matched,Block,,63RD AVE SW BETWEEN ALKI AVE SW AND SW ADMIRAL WAY, ,,1,Property Damage Only Collision,Parked Car,4,0,0,2,0,0,2018-05-17 00:00:00+00,5/17/2018 11:38:00 AM,,0,NOT ENOUGH INFORMATION / NOT APPLICABLE,True,False,Overcast,Dry,Daylight,,,,32.0,One parked--one moving,0,0,False,0
-122.323442866749,47.6041269094236,200381,279697,280597,E783814,Matched,Block,,9TH AVE BETWEEN ALDER ST AND JEFFERSON ST, ,,1,Property Damage Only Collision,Sideswipe,2,0,0,2,0,0,2018-03-29 00:00:00+00,3/29/2018 5:30:00 PM,Mid-Block (not related to intersection),11,"MOTOR VEHICLE STRUCK MOTOR VEHICLE, FRONT END AT ANGLE",,False,Clear or Partly Cloudy,Dry,Daylight,,,,11.0,From same direction - both going straight - both moving - sideswipe,0,0,False,0
-122.375091016945,47.5446754763635,200383,282593,283453,3605961,Matched,Intersection,34009.0,34TH AVE SW AND SW MORGAN ST, ,,2,Injury Collision,Angles,3,0,0,2,2,0,2018-04-16 00:00:00+00,4/16/2018 2:48:00 PM,At Intersection (intersection related),11,"MOTOR VEHICLE STRUCK MOTOR VEHICLE, FRONT END AT ANGLE",,False,Raining,Wet,Daylight,,,,10.0,Entering at angle,0,0,False,0
-122.328194909362,47.596021474185,200384,282020,282880,3695873,Matched,Intersection,30540.0,SEATTLE BLVD S AND S DEARBORN ST, ,,2,Injury Collision,Other,2,0,0,2,1,0,2018-04-14 00:00:00+00,4/14/2018 1:14:00 PM,At Intersection (intersection related),11,"MOTOR VEHICLE STRUCK MOTOR VEHICLE, FRONT END AT ANGLE",,False,Raining,Wet,Daylight,,,,23.0,From same direction - all others,0,0,False,0
-122.323498379883,47.6613360374481,200386,287519,288399,3706220,Matched,Block,,NE 45TH ST BETWEEN 4TH AVE NE AND 5TH AVE NE, ,,1,Property Damage Only Collision,Rear Ended,2,0,0,2,0,0,2018-05-15 00:00:00+00,5/15/2018 11:21:00 PM,Mid-Block (but intersection related),14,"MOTOR VEHICLE STRUCK MOTOR VEHICLE, REAR END",,False,Clear or Partly Cloudy,Dry,Dark - Street Lights On,,,,13.0,From same direction - both going straight - both moving - rear-end,0,0,False,0
-122.328879836598,47.7340948741846,200387,283957,284837,E790334,Matched,Intersection,35906.0,1ST AVE NE AND NE 145TH ST,NEI,"Not Enough Information, or Insufficient Location Information",1,Property Damage Only Collision,Right Turn,2,0,0,2,0,0,2018-04-18 00:00:00+00,4/18/2018 5:30:00 PM,At Intersection (intersection related),14,"MOTOR VEHICLE STRUCK MOTOR VEHICLE, REAR END",,False,Clear or Partly Cloudy,Dry,Daylight,,,,16.0,From same direction - one right turn - one straight,0,0,False,0
-122.311881344463,47.6685399956098,200388,284831,285711,3703808,Matched,Intersection,26013.0,15TH AVE NE AND NE 55TH ST, ,,2,Injury Collision,Angles,6,0,0,2,3,0,2018-04-28 00:00:00+00,4/28/2018 11:41:00 PM,At Intersection (intersection related),11,"MOTOR VEHICLE STRUCK MOTOR VEHICLE, FRONT END AT ANGLE",,False,Clear or Partly Cloudy,Dry,Dark - Street Lights On,,,,10.0,Entering at angle,0,0,False,0
-122.361802943805,47.5336947761044,200390,284826,285706,3742145,Matched,Block,,SW HOLDEN ST BETWEEN DELRIDGE WAY SW AND 24TH AVE SW, ,,1,Property Damage Only Collision,Parked Car,2,0,0,2,0,0,2018-04-30 00:00:00+00,4/30/2018 12:41:00 PM,Mid-Block (not related to intersection),11,"MOTOR VEHICLE STRUCK MOTOR VEHICLE, FRONT END AT ANGLE",,False,Overcast,Dry,Daylight,,,,32.0,One parked--one moving,0,0,True,0
-122.339357006875,47.6097805702105,200391,283911,284791,E789392,Matched,Block,,2ND AVE BETWEEN PIKE ST AND PINE ST, ,,1,Property Damage Only Collision,Parked Car,2,0,0,2,0,0,2018-04-05 00:00:00+00,4/5/2018 4:23:00 PM,Mid-Block (not related to intersection),16,"MOTOR VEHICLE STRUCK MOTOR VEHICLE, LEFT SIDE SIDESWIPE",,False,Raining,Wet,Daylight,,,,32.0,One parked--one moving,0,0,False,0
-122.398333910319,47.6397960242969,200392,283910,284790,E789391,Matched,Block,,32ND AVE W BETWEEN W MCGRAW ST AND W WHEELER ST, ,,1,Property Damage Only Collision,Head On,2,0,0,2,0,0,2018-04-07 00:00:00+00,4/7/2018 3:19:00 PM,Mid-Block (not related to intersection),11,"MOTOR VEHICLE STRUCK MOTOR VEHICLE, FRONT END AT ANGLE",,False,Clear or Partly Cloudy,Dry,Daylight,,,,30.0,From opposite direction - all others,0,0,False,0
-122.299993006519,47.7112308308879,200393,284038,284918,3706026,Matched,Block,,LAKE CITY WAY NE BETWEEN NE NORTHGATE WAY AND NE 115TH ST, ,,2b,Serious Injury Collision,Head On,5,0,0,3,4,0,2018-04-29 00:00:00+00,4/29/2018 8:29:00 AM,Mid-Block (not related to intersection),11,"MOTOR VEHICLE STRUCK MOTOR VEHICLE, FRONT END AT ANGLE",,True,Clear or Partly Cloudy,Dry,Daylight,,,,24.0,From opposite direction - both moving - head-on,0,0,False,3
-122.297414682629,47.5992328395492,200394,284829,285709,3702559,Matched,Intersection,30602.0,M L KING JR WAY S AND S JACKSON ST, ,,1,Property Damage Only Collision,Other,3,0,0,2,0,0,2018-04-23 00:00:00+00,4/23/2018 8:07:00 AM,At Intersection (intersection related),11,"MOTOR VEHICLE STRUCK MOTOR VEHICLE, FRONT END AT ANGLE",True,False,Clear or Partly Cloudy,Dry,Daylight,,,,23.0,From same direction - all others,0,0,False,0
-122.316781664345,47.6030986668955,200395,283297,284157,E789712,Matched,Block,,12TH AVE BETWEEN E FIR ST AND E SPRUCE ST, ,,1,Property Damage Only Collision,Rear Ended,4,0,0,2,0,0,2018-04-18 00:00:00+00,4/18/2018 12:18:00 PM,Mid-Block (not related to intersection),14,"MOTOR VEHICLE STRUCK MOTOR VEHICLE, REAR END",,False,Clear or Partly Cloudy,Dry,Daylight,,,,14.0,From same direction - both going straight - one stopped - rear-end,0,0,False,0
-122.346792978789,47.6620689608392,200396,287517,288397,3705820,Matched,Block,,N 46TH ST BETWEEN PHINNEY TURN RD AND GREEN LAKE WAY N, ,,1,Property Damage Only Collision,Sideswipe,3,0,0,3,0,0,2018-05-17 00:00:00+00,5/17/2018 4:26:00 PM,Mid-Block (not related to intersection),16,"MOTOR VEHICLE STRUCK MOTOR VEHICLE, LEFT SIDE SIDESWIPE",,False,Overcast,Dry,Daylight,,,,26.0,From opposite direction - both going straight - sideswipe,0,0,False,0
-122.31347563064,47.6129145776738,200397,283292,284152,E790066,Matched,Block,,E UNION ST BETWEEN 14TH AVE AND 15TH AVE, ,,1,Property Damage Only Collision,Parked Car,2,0,0,2,0,0,2018-03-15 00:00:00+00,3/15/2018 2:22:00 AM,Mid-Block (not related to intersection),14,"MOTOR VEHICLE STRUCK MOTOR VEHICLE, REAR END",,False,Clear or Partly Cloudy,Dry,Dark - Street Lights On,,,,32.0,One parked--one moving,0,0,True,0
-122.363387627464,47.7003658091377,200398,284824,285704,3706204,Matched,Block,,6TH AVE NW BETWEEN NW 97TH ST AND HOLMAN RD NW, ,,2,Injury Collision,Angles,3,0,0,3,1,0,2018-04-30 00:00:00+00,4/30/2018 4:30:00 PM,Mid-Block (not related to intersection),11,"MOTOR VEHICLE STRUCK MOTOR VEHICLE, FRONT END AT ANGLE",,False,Clear or Partly Cloudy,Dry,Daylight,,,,10.0,Entering at angle,0,0,False,0
-122.31759210181,47.6953767448675,200400,284037,284917,E790636,Matched,Block,,ROOSEVELT WAY NE BETWEEN NE 91ST ST AND NE 92ND ST, ,,1,Property Damage Only Collision,Parked Car,2,0,0,2,0,0,2018-04-13 00:00:00+00,4/13/2018 10:00:00 AM,Mid-Block (not related to intersection),11,"MOTOR VEHICLE STRUCK MOTOR VEHICLE, FRONT END AT ANGLE",,False,Unknown,Unknown,Unknown,,,,32.0,One parked--one moving,0,0,True,0
-122.37583312908,47.6324625667898,200401,283290,284150,E785123,Matched,Block,,ELLIOTT AVE W BETWEEN W GALER ST AND 15TH AVE W, ,,2,Injury Collision,Other,4,0,0,2,1,0,2018-03-27 00:00:00+00,3/27/2018 10:13:00 PM,Mid-Block (not related to intersection),11,"MOTOR VEHICLE STRUCK MOTOR VEHICLE, FRONT END AT ANGLE",True,False,Overcast,Wet,Dark - Street Lights On,,,,23.0,From same direction - all others,0,0,False,0
-122.293045220281,47.7301222801143,200402,287520,288400,3706221,Matched,Block,,NE 140TH ST BETWEEN 32ND AVE NE AND LAKE CITY WAY NE, ,,1,Property Damage Only Collision,Parked Car,2,0,0,2,0,0,2018-05-14 00:00:00+00,5/14/2018 9:15:00 AM,Mid-Block (not related to intersection),16,"MOTOR VEHICLE STRUCK MOTOR VEHICLE, LEFT SIDE SIDESWIPE",,False,Clear or Partly Cloudy,Dry,Daylight,,,,32.0,One parked--one moving,0,0,True,0
-122.32641669393,47.6048568782419,200403,287498,288378,3329438,Matched,Block,,JAMES ST BETWEEN 7TH AVE AND 8TH AVE, ,,1,Property Damage Only Collision,Rear Ended,2,0,0,2,0,0,2018-05-15 00:00:00+00,5/15/2018 6:57:00 AM,Mid-Block (but intersection related),14,"MOTOR VEHICLE STRUCK MOTOR VEHICLE, REAR END",,False,Overcast,Dry,Dawn,,,,13.0,From same direction - both going straight - both moving - rear-end,0,0,False,0
-122.372086991068,47.6294368513509,200404,283289,284149,E785120,Matched,Block,,ELLIOTT AVE W BETWEEN W PROSPECT ST AND W LEE ST, ,,1,Property Damage Only Collision,Angles,2,0,0,2,0,0,2018-03-16 00:00:00+00,3/16/2018 12:56:00 AM,Driveway Junction,11,"MOTOR VEHICLE STRUCK MOTOR VEHICLE, FRONT END AT ANGLE",True,False,Clear or Partly Cloudy,Dry,Dark - Street Lights On,,,,10.0,Entering at angle,0,0,False,0
-122.305827396494,47.5884106013236,200406,284827,285707,1313780,Matched,Intersection,31517.0,RAINIER AVE S AND S MASSACHUSETTS ST, ,,2,Injury Collision,Pedestrian,2,1,0,1,1,0,2018-04-30 00:00:00+00,4/30/2018 7:16:00 AM,At Intersection (intersection related),24,MOTOR VEHCILE STRUCK PEDESTRIAN,,False,Clear or Partly Cloudy,Dry,Daylight,True,,,1.0,Vehicle turning right hits pedestrian,0,524936,False,0
-122.372036276744,47.6429511324205,200407,283287,284147,E785117,Matched,Block,,W RAYE ST BETWEEN 11TH S AVE W AND 12TH AVE W, ,,1,Property Damage Only Collision,Parked Car,2,0,0,2,0,0,2018-03-03 00:00:00+00,3/3/2018 6:31:00 PM,Mid-Block (not related to intersection),14,"MOTOR VEHICLE STRUCK MOTOR VEHICLE, REAR END",,False,Clear or Partly Cloudy,Dry,Unknown,,,,32.0,One parked--one moving,0,0,True,0
-122.352353136416,47.6529522162395,200408,284017,284897,E790544,Matched,Block,,DAYTON AVE N BETWEEN N 36TH ST AND N 39TH E ST, ,,1,Property Damage Only Collision,Parked Car,2,0,0,2,0,0,2018-04-09 00:00:00+00,4/9/2018 7:05:00 AM,Mid-Block (not related to intersection),11,"MOTOR VEHICLE STRUCK MOTOR VEHICLE, FRONT END AT ANGLE",,False,Unknown,Unknown,Dawn,,,,32.0,One parked--one moving,0,0,True,0
-122.343337113781,47.6825159716794,200409,287518,288398,3706219,Matched,Block,,KEEN WAY N BETWEEN AURORA AVE N AND STONE AVE N, ,,1,Property Damage Only Collision,Angles,2,0,0,2,0,0,2018-05-16 00:00:00+00,5/16/2018 7:59:00 AM,Driveway Junction,11,"MOTOR VEHICLE STRUCK MOTOR VEHICLE, FRONT END AT ANGLE",True,False,Clear or Partly Cloudy,Dry,Daylight,,,,10.0,Entering at angle,0,0,True,0
-122.33572640505,47.6146192043966,200410,283286,284146,E785116,Matched,Block,,STEWART ST BETWEEN 7TH AVE AND 8TH AVE, ,,1,Property Damage Only Collision,Angles,3,0,0,2,0,0,2018-03-06 00:00:00+00,3/6/2018 10:53:00 PM,Driveway Junction,11,"MOTOR VEHICLE STRUCK MOTOR VEHICLE, FRONT END AT ANGLE",,False,Clear or Partly Cloudy,Dry,Dark - Street Lights On,,,,10.0,Entering at angle,0,0,False,0
-122.307504816476,47.6128982681362,200411,284830,285710,3702584,Matched,Intersection,30145.0,19TH AVE AND E UNION ST, ,,2,Injury Collision,Angles,2,0,0,2,2,0,2018-04-29 00:00:00+00,4/29/2018 9:52:00 AM,At Intersection (intersection related),11,"MOTOR VEHICLE STRUCK MOTOR VEHICLE, FRONT END AT ANGLE",True,False,Clear or Partly Cloudy,Dry,Daylight,,,,10.0,Entering at angle,0,0,False,0
-122.368403711081,47.5453830046321,200413,284825,285705,3744321,Matched,Block,,HIGH POINT DR SW BETWEEN SW BATAAN ST AND SW MORGAN ST, ,,1,Property Damage Only Collision,Parked Car,2,0,0,2,0,0,2018-04-30 00:00:00+00,4/30/2018 3:11:00 PM,Mid-Block (not related to intersection),16,"MOTOR VEHICLE STRUCK MOTOR VEHICLE, LEFT SIDE SIDESWIPE",,False,Other,Other,Other,,,,32.0,One parked--one moving,0,0,True,0
-122.314190116529,47.6035096837585,200414,282619,283479,3702578,Matched,Intersection,29840.0,14TH AVE AND E SPRUCE ST, ,,1,Property Damage Only Collision,Angles,4,0,0,2,0,0,2018-04-20 00:00:00+00,4/20/2018 11:29:00 PM,At Intersection (intersection related),11,"MOTOR VEHICLE STRUCK MOTOR VEHICLE, FRONT END AT ANGLE",,False,Clear or Partly Cloudy,Dry,Dark - Street Lights On,,,,10.0,Entering at angle,0,0,False,0
-122.342181391539,47.5403529773477,200415,282618,283478,3605963,Matched,Intersection,34082.0,HIGHLAND PARK WAY SW AND WEST MARGINAL WAY SW, ,,1,Property Damage Only Collision,Other,1,0,0,1,0,0,2018-04-20 00:00:00+00,4/20/2018 1:24:00 PM,At Intersection (intersection related),26,MOTOR VEHICLE STRUCK OBJECT IN ROAD,,False,Clear or Partly Cloudy,Dry,Daylight,,,,50.0,Fixed object,0,0,False,0
-122.360957354449,47.7196353844976,200417,284828,285708,3575700,Matched,Intersection,35645.0,3RD AVE NW AND NW 125TH ST, ,,2,Injury Collision,Other,1,0,0,1,1,0,2018-04-28 00:00:00+00,4/28/2018 1:06:00 AM,At Intersection (intersection related),28,MOTOR VEHICLE RAN OFF ROAD - HIT FIXED OBJECT,,True,Clear or Partly Cloudy,Dry,Dark - Street Lights On,,,,50.0,Fixed object,0,0,False,0
-122.265218890044,47.6867740636646,200418,287499,288379,3613274,Matched,Block,,SAND POINT WAY NE BETWEEN NOAA DR AND BURKE GILMAN SAND POINT TRL, ,,2b,Serious Injury Collision,Cycles,2,0,1,1,1,0,2018-05-17 00:00:00+00,5/17/2018 7:22:00 AM,Mid-Block (not related to intersection),51,PEDALCYCLIST STRUCK MOTOR VEHICLE FRONT END AT ANGLE,,False,Overcast,Dry,Daylight,,,,6.0,Pedalcyclist Strikes Moving Vehicle,0,0,False,1
-122.330309241197,47.599596365005,200420,284823,285703,3742491,Matched,Block,,3RD AVE S BETWEEN S MAIN ST AND S JACKSON ST, ,,1,Property Damage Only Collision,Parked Car,2,0,0,2,0,0,2018-04-30 00:00:00+00,4/30/2018 3:48:00 AM,Mid-Block (not related to intersection),11,"MOTOR VEHICLE STRUCK MOTOR VEHICLE, FRONT END AT ANGLE",,False,Clear or Partly Cloudy,Dry,Daylight,,,,32.0,One parked--one moving,0,0,True,0
-122.337830001356,47.5549772338785,200421,277165,278065,3754161,Matched,Block,,EAST MARGINAL WAY S BETWEEN S DAWSON ST AND S BRANDON ST, ,,1,Property Damage Only Collision,Rear Ended,2,0,0,2,0,0,2018-03-08 00:00:00+00,3/8/2018 9:19:00 AM,Mid-Block (not related to intersection),14,"MOTOR VEHICLE STRUCK MOTOR VEHICLE, REAR END",,False,Raining,Wet,Daylight,,,,14.0,From same direction - both going straight - one stopped - rear-end,0,0,False,0
-122.330709159233,47.610585787576,200422,287944,288804,E796935,Matched,Block,,HUBBELL PL BETWEEN UNIVERSITY ST AND 9TH AVE, ,,1,Property Damage Only Collision,Parked Car,3,0,0,2,0,0,2018-05-07 00:00:00+00,5/7/2018 11:52:00 AM,Mid-Block (not related to intersection),11,"MOTOR VEHICLE STRUCK MOTOR VEHICLE, FRONT END AT ANGLE",,False,Clear or Partly Cloudy,Dry,Daylight,,,,20.0,One car leaving parked position,0,0,False,0
-122.389102338029,47.6537501209435,200424,277169,278069,3754207,Matched,Block,,25TH PL W BETWEEN W MANOR PL AND W EMERSON ST, ,,1,Property Damage Only Collision,Parked Car,3,0,0,3,0,0,2018-03-14 00:00:00+00,3/14/2018 10:58:00 PM,Mid-Block (not related to intersection),14,"MOTOR VEHICLE STRUCK MOTOR VEHICLE, REAR END",,True,Clear or Partly Cloudy,Dry,Dark - Street Lights On,,,,32.0,One parked--one moving,0,0,False,0
-122.334274216467,47.6219998061011,200425,287942,288802,3756474,Matched,Intersection,28777.0,FAIRVIEW AVE N AND HARRISON ST, ,,2,Injury Collision,Other,3,0,0,1,1,0,2018-05-19 00:00:00+00,5/19/2018 7:20:00 PM,At Intersection (intersection related),26,MOTOR VEHICLE STRUCK OBJECT IN ROAD,,False,Raining,Wet,Daylight,,,,50.0,Fixed object,0,0,False,0
-122.344552043612,47.6930978910493,200426,277163,278063,3754030,Matched,Block,,AURORA AVE N BETWEEN N 88TH N ST AND N 89TH ST, ,,2,Injury Collision,Rear Ended,3,0,0,3,2,0,2018-03-05 00:00:00+00,3/5/2018 6:53:00 PM,Mid-Block (not related to intersection),14,"MOTOR VEHICLE STRUCK MOTOR VEHICLE, REAR END",True,False,Overcast,Dry,Dark - Street Lights On,,,,14.0,From same direction - both going straight - one stopped - rear-end,0,0,False,0
-122.338440852075,47.6238793901015,200427,287993,288853,E798511,Matched,Block,,WESTLAKE AVE N BETWEEN REPUBLICAN ST AND MERCER SR ST, ,,2,Injury Collision,Rear Ended,2,0,0,2,1,0,2018-05-08 00:00:00+00,5/8/2018 3:09:00 PM,Mid-Block (not related to intersection),14,"MOTOR VEHICLE STRUCK MOTOR VEHICLE, REAR END",,False,Clear or Partly Cloudy,Dry,Daylight,,,,13.0,From same direction - both going straight - both moving - rear-end,0,0,False,0
-122.321392810056,47.5862047572647,200428,287990,288850,E798258,Matched,Intersection,31243.0,AIRPORT WAY S AND S HOLGATE S ST, ,,2,Injury Collision,Right Turn,2,0,0,2,1,0,2018-04-20 00:00:00+00,4/20/2018 11:21:00 PM,At Intersection (intersection related),11,"MOTOR VEHICLE STRUCK MOTOR VEHICLE, FRONT END AT ANGLE",,True,Clear or Partly Cloudy,Dry,Dark - Street Lights On,,,,16.0,From same direction - one right turn - one straight,0,0,False,0
-122.346943257739,47.6422551244037,200429,287946,288806,3811972,Matched,Intersection,28085.0,AURORA AVE N AND HALLADAY ST, ,,1,Property Damage Only Collision,Sideswipe,5,0,0,2,0,0,2018-05-19 00:00:00+00,5/19/2018 1:40:00 AM,At Intersection (intersection related),11,"MOTOR VEHICLE STRUCK MOTOR VEHICLE, FRONT END AT ANGLE",True,False,Clear or Partly Cloudy,Dry,Dark - Street Lights On,,,,11.0,From same direction - both going straight - both moving - sideswipe,0,0,False,0
-122.334198303058,47.5850426824454,200430,287941,288801,3754168,Matched,Block,,1ST AVE S BETWEEN S HOLGATE ST AND S WALKER ST, ,,1,Property Damage Only Collision,Rear Ended,3,0,0,2,0,0,2018-05-19 00:00:00+00,5/19/2018 6:47:00 PM,Mid-Block (not related to intersection),14,"MOTOR VEHICLE STRUCK MOTOR VEHICLE, REAR END",True,False,Overcast,Wet,Dusk,,,,14.0,From same direction - both going straight - one stopped - rear-end,0,0,False,0
-122.34848549993,47.6357071157088,200431,277166,278066,3754201,Matched,Block,,BIGELOW AVE N BETWEEN BLAINE ST AND NEWTON ST, ,,1,Property Damage Only Collision,Parked Car,3,0,0,3,0,0,2018-03-04 00:00:00+00,3/4/2018 2:49:00 AM,Mid-Block (not related to intersection),11,"MOTOR VEHICLE STRUCK MOTOR VEHICLE, FRONT END AT ANGLE",,False,Overcast,Dry,Dark - No Street Lights,,,,32.0,One parked--one moving,0,0,True,0
-122.31207927184,47.6830458729488,200432,287678,288558,E797887,Matched,Intersection,24426.0,15TH AVE NE AND NE 75TH ST, ,,1,Property Damage Only Collision,Rear Ended,3,0,0,3,0,0,2018-05-14 00:00:00+00,5/14/2018 9:40:00 AM,At Intersection (intersection related),14,"MOTOR VEHICLE STRUCK MOTOR VEHICLE, REAR END",True,False,Clear or Partly Cloudy,Dry,Daylight,,,,14.0,From same direction - both going straight - one stopped - rear-end,0,0,False,0
-122.311951577682,47.6639868605039,200433,277901,278801,3705695,Matched,Block,,15TH AVE NE BETWEEN NE 47TH ST AND NE 50TH ST, ,,1,Property Damage Only Collision,Rear Ended,2,0,0,2,0,0,2018-03-17 00:00:00+00,3/17/2018 1:10:00 PM,Mid-Block (but intersection related),14,"MOTOR VEHICLE STRUCK MOTOR VEHICLE, REAR END",True,False,Overcast,Dry,Daylight,,,,14.0,From same direction - both going straight - one stopped - rear-end,0,0,False,0
-122.390683628656,47.5793435786136,200434,287677,288557,E797854,Matched,Intersection,31166.0,46TH AVE SW AND SW LANDER ST, ,,1,Property Damage Only Collision,Angles,5,0,0,2,0,0,2018-05-13 00:00:00+00,5/13/2018 12:24:00 PM,At Intersection (intersection related),11,"MOTOR VEHICLE STRUCK MOTOR VEHICLE, FRONT END AT ANGLE",,False,Clear or Partly Cloudy,Dry,Daylight,,,,10.0,Entering at angle,0,0,False,0
-122.344484421343,47.6830355548245,200435,288018,288878,3751061,Matched,Block,,AURORA AVE N BETWEEN WINONA AVE N AND N 75TH ST, ,,2,Injury Collision,Other,1,0,0,1,1,0,2018-05-20 00:00:00+00,5/20/2018 10:44:00 PM,Mid-Block (not related to intersection),28,MOTOR VEHICLE RAN OFF ROAD - HIT FIXED OBJECT,,False,Clear or Partly Cloudy,Dry,Dark - Street Lights On,,,,50.0,Fixed object,0,0,False,0
-122.301679787724,47.6003205324921,200436,287989,288849,3702639,Matched,Block,,S MAIN ST BETWEEN 23RD AVE S AND 24TH AVE S, ,,1,Property Damage Only Collision,Parked Car,2,0,0,2,0,0,2018-05-20 00:00:00+00,5/20/2018 11:30:00 AM,Mid-Block (not related to intersection),14,"MOTOR VEHICLE STRUCK MOTOR VEHICLE, REAR END",,False,Clear or Partly Cloudy,Dry,Unknown,,,,32.0,One parked--one moving,0,0,True,0
-122.302125299929,47.6080075241494,200437,287991,288851,3702640,Matched,Block,,E CHERRY ST BETWEEN 23RD AVE AND 24TH AVE, ,,2,Injury Collision,Angles,2,0,0,2,1,0,2018-05-21 00:00:00+00,5/21/2018 6:09:00 PM,Mid-Block (but intersection related),14,"MOTOR VEHICLE STRUCK MOTOR VEHICLE, REAR END",True,False,Clear or Partly Cloudy,Dry,Daylight,,,,10.0,Entering at angle,0,0,False,0
-122.409436648001,47.5758883666293,200438,287658,288538,E797853,Matched,Intersection,30988.0,60TH AVE SW AND SW ADMIRAL WAY, ,,2,Injury Collision,Angles,3,0,0,2,1,0,2018-05-11 00:00:00+00,5/11/2018 12:33:00 AM,At Intersection (intersection related),11,"MOTOR VEHICLE STRUCK MOTOR VEHICLE, FRONT END AT ANGLE",True,False,Clear or Partly Cloudy,Dry,Dark - Street Lights On,,,,10.0,Entering at angle,0,0,False,0
-122.338677430777,47.5565913688173,200439,287657,288537,E798247,Matched,Block,,EAST MARGINAL WAY S BETWEEN S HUDSON ST AND S DAWSON ST, ,,2,Injury Collision,Right Turn,3,0,0,2,1,0,2018-05-12 00:00:00+00,5/12/2018 3:46:00 PM,Mid-Block (but intersection related),11,"MOTOR VEHICLE STRUCK MOTOR VEHICLE, FRONT END AT ANGLE",True,False,Clear or Partly Cloudy,Dry,Daylight,,,,16.0,From same direction - one right turn - one straight,0,0,False,0
-122.373914632371,47.6308802065716,200440,277170,278070,3754211,Matched,Block,,ELLIOTT AVE W BETWEEN W LEE ST AND W GALER ST FLYOVER, ,,2,Injury Collision,Left Turn,2,0,0,2,1,0,2018-03-15 00:00:00+00,3/15/2018 6:05:00 PM,Mid-Block (not related to intersection),11,"MOTOR VEHICLE STRUCK MOTOR VEHICLE, FRONT END AT ANGLE",True,False,Clear or Partly Cloudy,Dry,Daylight,,,,28.0,From opposite direction - one left turn - one straight,0,0,False,0
-122.325099018566,47.6867683551988,200441,287997,288857,E798512,Matched,Intersection,24537.0,BANNER WAY NE AND NE 80TH ST, ,,1,Property Damage Only Collision,Angles,2,0,0,2,0,0,2018-05-09 00:00:00+00,5/9/2018 10:09:00 AM,At Intersection (intersection related),14,"MOTOR VEHICLE STRUCK MOTOR VEHICLE, REAR END",,False,Clear or Partly Cloudy,Dry,Daylight,,,,10.0,Entering at angle,0,0,False,0
-122.32598557265,47.5714080058316,200442,287640,288520,E798246,Matched,Intersection,32343.0,6TH AVE S AND S SPOKANE SR ST, ,,1,Property Damage Only Collision,Angles,3,0,0,2,0,0,2018-05-03 00:00:00+00,5/3/2018 7:06:00 PM,At Intersection (intersection related),14,"MOTOR VEHICLE STRUCK MOTOR VEHICLE, REAR END",,False,Clear or Partly Cloudy,Dry,Daylight,,,,10.0,Entering at angle,0,0,False,0
-122.292906088685,47.5714764980746,200443,277164,278064,3754159,Matched,Block,,RAINIER AVE S BETWEEN S ESTELLE ST AND S COURT ST, ,,2,Injury Collision,Other,1,0,0,1,1,0,2018-03-10 00:00:00+00,3/10/2018 4:23:00 AM,Mid-Block (not related to intersection),28,MOTOR VEHICLE RAN OFF ROAD - HIT FIXED OBJECT,,True,Clear or Partly Cloudy,Dry,Dark - Street Lights On,,,,50.0,Fixed object,0,0,False,0