longitude,latitude,objectid,inckey,coldetkey,reportno,status,addrtype,intkey,location,exceptrsncode,exceptrsndesc,severitycode,severitydesc,collisiontype,personcount,pedcount,pedcylcount,vehcount,injuries,fatalities,incdate,incdttm,junctiontype,sdot_colcode,sdot_coldesc,inattentionind,underinfl,weather,roadcond,lightcond,pedrownotgrnt,sdotcolnum,speeding,st_colcode,st_coldesc,seglanekey,crosswalkkey,hitparkedcar,seriousinjuries
-122.337041492711,47.6650351132772,200445,287639,288519,E797787,Matched,Block,,N 50TH ST BETWEEN DENSMORE AVE N AND WALLINGFORD AVE N, ,,2,Injury Collision,Rear Ended,3,0,0,3,1,0,2018-05-13 00:00:00+00,5/13/2018 7:40:00 PM,Mid-Block (not related to intersection),14,"MOTOR VEHICLE STRUCK MOTOR VEHICLE, REAR END",,False,Clear or Partly Cloudy,Dry,Dusk,,,,13.0,From same direction - both going straight - both moving - rear-end,0,0,False,0
-122.363676954186,47.5501122536203,200446,277902,278802,3742207,Matched,Block,,SW JUNEAU ST BETWEEN DELRIDGE WAY SW AND 25TH AVE SW, ,,1,Property Damage Only Collision,Parked Car,2,0,0,2,0,0,2018-03-20 00:00:00+00,3/20/2018 4:00:00 PM,Mid-Block (not related to intersection),11,"MOTOR VEHICLE STRUCK MOTOR VEHICLE, FRONT END AT ANGLE",,False,Clear or Partly Cloudy,Dry,Daylight,,,,32.0,One parked--one moving,0,0,False,0
-122.347647848478,47.6118671070725,200447,287947,288807,3812070,Matched,Block,,ELLIOTT AVE BETWEEN ELLIOTT AV ON RP AND BELL ST, ,,1,Property Damage Only Collision,Sideswipe,2,0,0,2,0,0,2018-05-19 00:00:00+00,5/19/2018 9:51:00 PM,Mid-Block (not related to intersection),11,"MOTOR VEHICLE STRUCK MOTOR VEHICLE, FRONT END AT ANGLE",,False,Raining,Wet,Dark - Street Lights On,,,,11.0,From same direction - both going straight - both moving - sideswipe,0,0,False,0
-122.301657165653,47.6297678594037,200448,287638,288518,E797786,Matched,Block,,24TH AVE E BETWEEN E PROSPECT ST AND E HIGHLAND DR, ,,1,Property Damage Only Collision,Rear Ended,4,0,0,2,0,0,2018-05-13 00:00:00+00,5/13/2018 1:30:00 PM,Mid-Block (not related to intersection),14,"MOTOR VEHICLE STRUCK MOTOR VEHICLE, REAR END",,False,Clear or Partly Cloudy,Dry,Daylight,,,,14.0,From same direction - both going straight - one stopped - rear-end,0,0,False,0
-122.333097048666,47.6096538707626,200449,277168,278068,3754204,Matched,Block,,6TH AVE BETWEEN UNIVERSITY ST AND UNION ST, ,,1,Property Damage Only Collision,Rear Ended,3,0,0,2,0,0,2018-03-14 00:00:00+00,3/14/2018 12:07:00 PM,Mid-Block (not related to intersection),14,"MOTOR VEHICLE STRUCK MOTOR VEHICLE, REAR END",True,False,Clear or Partly Cloudy,Dry,Daylight,,,,14.0,From same direction - both going straight - one stopped - rear-end,0,0,False,0
-122.313386679942,47.5836946844981,200450,287637,288517,E798245,Matched,Intersection,31266.0,15TH AVE S AND S WALKER ST, ,,2,Injury Collision,Rear Ended,2,0,0,2,1,0,2018-05-14 00:00:00+00,5/14/2018 7:54:00 AM,At Intersection (intersection related),14,"MOTOR VEHICLE STRUCK MOTOR VEHICLE, REAR END",,False,Clear or Partly Cloudy,Dry,Daylight,,,,13.0,From same direction - both going straight - both moving - rear-end,0,0,False,0
-122.310544943718,47.5884334935826,200451,288019,288879,E798514,Matched,Intersection,31524.0,17TH AVE S AND S MASSACHUSETTS ST, ,,1,Property Damage Only Collision,Angles,3,0,0,2,0,0,2018-05-11 00:00:00+00,5/11/2018 10:05:00 AM,At Intersection (intersection related),11,"MOTOR VEHICLE STRUCK MOTOR VEHICLE, FRONT END AT ANGLE",,False,Clear or Partly Cloudy,Dry,Daylight,,,,10.0,Entering at angle,0,0,False,0
-122.309523187684,47.6893670711877,200452,287992,288852,3751028,Matched,Block,,LAKE CITY WAY NE BETWEEN 17TH AVE NE AND 18TH AVE NE, ,,2,Injury Collision,Other,1,0,0,1,1,0,2018-05-21 00:00:00+00,5/21/2018 10:33:00 PM,Mid-Block (not related to intersection),28,MOTOR VEHICLE RAN OFF ROAD - HIT FIXED OBJECT,,True,Clear or Partly Cloudy,Dry,Dark - Street Lights On,,,,50.0,Fixed object,0,0,False,0
-122.341807800294,47.6872938796187,200454,287945,288805,E798485,Matched,Block,,STONE AVE N BETWEEN N 80TH ST AND GREEN LAKE DR N, ,,2,Injury Collision,Rear Ended,3,0,0,3,2,0,2018-05-11 00:00:00+00,5/11/2018 5:53:00 PM,Mid-Block (not related to intersection),14,"MOTOR VEHICLE STRUCK MOTOR VEHICLE, REAR END",True,False,Clear or Partly Cloudy,Dry,Daylight,,,,14.0,From same direction - both going straight - one stopped - rear-end,0,0,False,0
-122.390614684047,47.5467284648394,200455,287522,288402,3742334,Matched,Block,,SW GRAHAM ST BETWEEN 45TH AVE SW AND 46TH AVE SW, ,,1,Property Damage Only Collision,Other,3,0,0,2,0,0,2018-05-16 00:00:00+00,5/16/2018 11:41:00 AM,Mid-Block (not related to intersection),11,"MOTOR VEHICLE STRUCK MOTOR VEHICLE, FRONT END AT ANGLE",,False,Clear or Partly Cloudy,Dry,Daylight,,,,23.0,From same direction - all others,0,0,False,0
-122.310407067438,47.6887496176551,200456,287521,288401,E797599,Matched,Block,,LAKE CITY WAY NE BETWEEN NE 82ND ST AND 17TH AVE NE, ,,1,Property Damage Only Collision,Parked Car,2,0,0,2,0,0,2018-04-26 00:00:00+00,4/26/2018 7:08:00 AM,Mid-Block (not related to intersection),14,"MOTOR VEHICLE STRUCK MOTOR VEHICLE, REAR END",,False,Clear or Partly Cloudy,Dry,Daylight,,,,20.0,One car leaving parked position,0,0,False,0
-122.36337654262,47.6987677298714,200457,277177,278077,3754376,Matched,Block,,6TH AVE NW BETWEEN NW 95TH ST AND NW 97TH ST, ,,1,Property Damage Only Collision,Parked Car,3,0,0,2,0,0,2018-03-10 00:00:00+00,3/10/2018 6:49:00 PM,Mid-Block (not related to intersection),16,"MOTOR VEHICLE STRUCK MOTOR VEHICLE, LEFT SIDE SIDESWIPE",True,False,Clear or Partly Cloudy,Dry,Dark - Street Lights On,,,,32.0,One parked--one moving,0,0,True,0
-122.361281708201,47.6209613111297,200458,288017,288877,E798268,Matched,Intersection,28655.0,ELLIOTT AVE W AND W THOMAS N ST, ,,2,Injury Collision,Angles,3,0,0,2,1,0,2018-05-14 00:00:00+00,5/14/2018 1:14:00 PM,At Intersection (intersection related),11,"MOTOR VEHICLE STRUCK MOTOR VEHICLE, FRONT END AT ANGLE",,False,Clear or Partly Cloudy,Dry,Daylight,,,,10.0,Entering at angle,0,0,False,0
-122.327470587613,47.5716748571237,200459,278337,279237,E776680,Matched,Intersection,32365.0,5TH AVE S AND S SPOKANE NR ST, ,,1,Property Damage Only Collision,Angles,3,0,0,2,0,0,2018-03-01 00:00:00+00,3/1/2018 10:27:00 AM,At Intersection (intersection related),11,"MOTOR VEHICLE STRUCK MOTOR VEHICLE, FRONT END AT ANGLE",True,False,Clear or Partly Cloudy,Dry,Daylight,,,,10.0,Entering at angle,0,0,False,0
-122.301264483997,47.7338238510526,200460,280617,281497,E768626,Matched,Block,,NE 145TH ST BETWEEN 25TH AVE NE AND 26TH AVE NE, ,,1,Property Damage Only Collision,Rear Ended,2,0,0,2,0,0,2018-02-02 00:00:00+00,2/2/2018 12:25:00 PM,Mid-Block (but intersection related),14,"MOTOR VEHICLE STRUCK MOTOR VEHICLE, REAR END",,False,Overcast,Wet,Daylight,,,True,13.0,From same direction - both going straight - both moving - rear-end,0,0,False,0
-122.320209348955,47.6304897723017,200462,279797,280697,3702365,Matched,Intersection,28951.0,10TH AVE E AND E HIGHLAND DR, ,,2,Injury Collision,Angles,2,0,0,2,1,0,2018-03-30 00:00:00+00,3/30/2018 6:05:00 PM,At Intersection (intersection related),11,"MOTOR VEHICLE STRUCK MOTOR VEHICLE, FRONT END AT ANGLE",,True,Clear or Partly Cloudy,Dry,Daylight,,,True,10.0,Entering at angle,0,0,False,0
-122.329198695821,47.6149224987147,200463,278323,279223,E780813,Matched,Block,,OLIVE WY OFF RP BETWEEN I5 NB AND OLIVE WAY, ,,1,Property Damage Only Collision,Rear Ended,4,0,0,2,0,0,2018-03-15 00:00:00+00,3/15/2018 12:13:00 PM,Mid-Block (not related to intersection),14,"MOTOR VEHICLE STRUCK MOTOR VEHICLE, REAR END",,False,Clear or Partly Cloudy,Dry,Daylight,,,,14.0,From same direction - both going straight - one stopped - rear-end,0,0,False,0
-122.344649410118,47.6560165860679,200464,278848,279748,E782437,Matched,Block,,WOODLAND PARK AVE N BETWEEN N 40TH ST AND N 41ST ST, ,,1,Property Damage Only Collision,Parked Car,2,0,0,2,0,0,2018-03-24 00:00:00+00,3/24/2018,Mid-Block (not related to intersection),11,"MOTOR VEHICLE STRUCK MOTOR VEHICLE, FRONT END AT ANGLE",,False,Unknown,Dry,Dark - No Street Lights,,,,32.0,One parked--one moving,0,0,True,0
-122.341327730115,47.7050466906221,200465,278322,279222,E780801,Matched,Block,,N NORTHGATE WAY BETWEEN STONE AVE N AND INTERLAKE AVE N, ,,1,Property Damage Only Collision,Parked Car,3,0,0,2,0,0,2018-03-20 00:00:00+00,3/20/2018 11:43:00 AM,Mid-Block (not related to intersection),14,"MOTOR VEHICLE STRUCK MOTOR VEHICLE, REAR END",,False,Clear or Partly Cloudy,Dry,Daylight,,,,32.0,One parked--one moving,0,0,False,0
-122.296682323033,47.574924811109,200466,278321,279221,E776677,Matched,Intersection,352474.0,M L KING JR ER WAY S AND S HANFORD N ST, ,,1,Property Damage Only Collision,Angles,2,0,0,2,0,0,2018-03-01 00:00:00+00,3/1/2018 10:13:00 AM,At Intersection (intersection related),11,"MOTOR VEHICLE STRUCK MOTOR VEHICLE, FRONT END AT ANGLE",True,False,Clear or Partly Cloudy,Wet,Daylight,,,,10.0,Entering at angle,0,0,False,0
-122.290921053084,47.5461271474116,200467,278844,279744,E782135,Matched,Block,,S GRAHAM ST BETWEEN 32ND AVE S AND 33RD AVE S, ,,2,Injury Collision,Rear Ended,3,0,0,2,2,0,2018-03-25 00:00:00+00,3/25/2018 5:50:00 PM,Mid-Block (not related to intersection),14,"MOTOR VEHICLE STRUCK MOTOR VEHICLE, REAR END",,False,Clear or Partly Cloudy,Dry,Daylight,,,,14.0,From same direction - both going straight - one stopped - rear-end,0,0,False,0
-122.31416192561,47.6016887570137,200468,279770,280670,3702364,Matched,Intersection,30408.0,14TH AVE AND E YESLER WAY, ,,1,Property Damage Only Collision,Left Turn,3,0,0,2,0,0,2018-03-30 00:00:00+00,3/30/2018 11:07:00 PM,At Intersection (intersection related),11,"MOTOR VEHICLE STRUCK MOTOR VEHICLE, FRONT END AT ANGLE",,False,Clear or Partly Cloudy,Dry,Dark - Street Lights On,,,,28.0,From opposite direction - one left turn - one straight,0,0,False,0
-122.301530181099,47.637065110453,200469,278320,279220,E780759,Matched,Intersection,28374.0,24TH AVE E AND E NEWTON S ST, ,,2,Injury Collision,Pedestrian,2,1,0,1,1,0,2018-02-26 00:00:00+00,2/26/2018 9:27:00 AM,At Intersection (intersection related),24,MOTOR VEHCILE STRUCK PEDESTRIAN,,False,Overcast,Wet,Daylight,True,,,2.0,Vehicle turning left hits pedestrian,0,0,False,0
-122.306426260505,47.5457394605264,200471,278319,279219,E780659,Matched,Intersection,34387.0,SWIFT AVE S AND SWIFT AV OFF RP, ,,1,Property Damage Only Collision,Angles,4,0,0,2,0,0,2018-03-16 00:00:00+00,3/16/2018 5:48:00 PM,At Intersection (intersection related),11,"MOTOR VEHICLE STRUCK MOTOR VEHICLE, FRONT END AT ANGLE",,False,Clear or Partly Cloudy,Dry,Daylight,,,,10.0,Entering at angle,0,0,False,0
-122.34459941515,47.6970841004868,200472,278846,279746,E782180,Matched,Intersection,37326.0,AURORA AVE N AND N 94TH ST, ,,2,Injury Collision,Angles,2,0,0,2,1,0,2018-03-24 00:00:00+00,3/24/2018 9:39:00 PM,At Intersection (intersection related),11,"MOTOR VEHICLE STRUCK MOTOR VEHICLE, FRONT END AT ANGLE",,False,Clear or Partly Cloudy,Dry,Dark - Street Lights On,,,,10.0,Entering at angle,0,0,False,0
-122.272009805511,47.5676831194337,200473,278318,279218,E776672,Matched,Intersection,32565.0,49TH AVE S AND LAKE WASHINGTON BLVD S, ,,2,Injury Collision,Angles,2,0,0,2,1,0,2018-03-01 00:00:00+00,3/1/2018 7:36:00 AM,At Intersection (intersection related),11,"MOTOR VEHICLE STRUCK MOTOR VEHICLE, FRONT END AT ANGLE",,False,Clear or Partly Cloudy,Wet,Daylight,,,,10.0,Entering at angle,0,0,False,0
-122.355032448045,47.5336804278157,200474,278843,279743,E781988,Matched,Intersection,34147.0,16TH AVE SW AND SW HOLDEN ST, ,,1,Property Damage Only Collision,Left Turn,2,0,0,2,0,0,2018-03-23 00:00:00+00,3/23/2018 9:24:00 AM,At Intersection (intersection related),11,"MOTOR VEHICLE STRUCK MOTOR VEHICLE, FRONT END AT ANGLE",True,False,Raining,Wet,Daylight,,,,28.0,From opposite direction - one left turn - one straight,0,0,False,0
-122.337893628872,47.6164902049791,200475,278317,279217,E776671,Matched,Intersection,29528.0,LENORA ST AND WESTLAKE AVE, ,,1,Property Damage Only Collision,Sideswipe,2,0,0,2,0,0,2018-03-07 00:00:00+00,3/7/2018 8:08:00 AM,At Intersection (intersection related),11,"MOTOR VEHICLE STRUCK MOTOR VEHICLE, FRONT END AT ANGLE",,False,Overcast,Dry,Daylight,,,,11.0,From same direction - both going straight - both moving - sideswipe,0,0,False,0
-122.346058272615,47.517307193413,200476,280637,281517,E769839,Matched,Block,,SW ROXBURY ST BETWEEN 8TH AVE SW AND 9TH AVE SW, ,,2,Injury Collision,Rear Ended,2,0,0,2,1,0,2018-02-14 00:00:00+00,2/14/2018 7:55:00 PM,Mid-Block (but intersection related),14,"MOTOR VEHICLE STRUCK MOTOR VEHICLE, REAR END",,False,Clear or Partly Cloudy,Dry,Dark - Street Lights On,,,,14.0,From same direction - both going straight - one stopped - rear-end,0,0,False,0
-122.332494792676,47.6482949991115,200477,279817,280717,E783821,Matched,Block,,N NORTHLAKE WAY BETWEEN MERIDIAN AVE N AND CORLISS AVE N, ,,1,Property Damage Only Collision,Pedestrian,2,0,1,1,0,0,2018-03-27 00:00:00+00,3/27/2018 5:00:00 PM,Mid-Block (not related to intersection),18,"MOTOR VEHICLE STRUCK PEDALCYCLIST, FRONT END AT ANGLE",,False,Overcast,Wet,Daylight,,,,5.0,Vehicle Strikes Pedalcyclist,0,0,False,0
-122.298050652203,47.5883118320491,200478,278298,279198,3818617,Matched,Intersection,31402.0,M L KING JR WAY S AND S MASSACHUSETTS ST, ,,1,Property Damage Only Collision,Angles,2,0,0,2,0,0,2018-03-17 00:00:00+00,3/17/2018 12:58:00 PM,At Intersection (intersection related),11,"MOTOR VEHICLE STRUCK MOTOR VEHICLE, FRONT END AT ANGLE",True,False,Clear or Partly Cloudy,Dry,Daylight,,,,10.0,Entering at angle,0,0,False,0
-122.33396137291,47.706850216104,200479,277924,278824,E779135,Matched,Intersection,36588.0,MERIDIAN AVE N AND N 107TH ST, ,,1,Property Damage Only Collision,Angles,4,0,0,2,0,0,2018-03-15 00:00:00+00,3/15/2018 10:03:00 AM,At Intersection (intersection related),14,"MOTOR VEHICLE STRUCK MOTOR VEHICLE, REAR END",,False,Overcast,Dry,Daylight,,,,10.0,Entering at angle,0,0,False,0
-122.320845135701,47.6181540474578,200480,279768,280668,E784064,Matched,Block,,BROADWAY BETWEEN E HOWELL ST AND E DENNY WAY, ,,1,Property Damage Only Collision,Rear Ended,2,0,0,2,0,0,2018-03-19 00:00:00+00,3/19/2018 11:30:00 AM,Mid-Block (but intersection related),14,"MOTOR VEHICLE STRUCK MOTOR VEHICLE, REAR END",,True,Clear or Partly Cloudy,Dry,Daylight,,,,14.0,From same direction - both going straight - one stopped - rear-end,0,0,False,0
-122.315189741034,47.6715065240851,200481,277922,278822,E779121,Matched,Intersection,25727.0,12TH AVE NE AND NE RAVENNA EB BV, ,,2,Injury Collision,Left Turn,4,0,0,2,1,0,2018-03-13 00:00:00+00,3/13/2018 4:25:00 PM,At Intersection (intersection related),11,"MOTOR VEHICLE STRUCK MOTOR VEHICLE, FRONT END AT ANGLE",,False,Raining,Wet,Dusk,,,,15.0,From same direction - one left turn - one straight,0,0,False,0
-122.372591403565,47.5282835551339,200482,278842,279742,3742455,Matched,Intersection,34924.0,31ST AVE SW AND SW THISTLE ST, ,,1,Property Damage Only Collision,Angles,3,0,0,2,0,0,2018-03-26 00:00:00+00,3/26/2018 8:52:00 AM,At Intersection (intersection related),11,"MOTOR VEHICLE STRUCK MOTOR VEHICLE, FRONT END AT ANGLE",,False,Overcast,Dry,Daylight,,,,10.0,Entering at angle,0,0,False,0
-122.355538539534,47.7196013588737,200483,279877,280777,3706058,Matched,Intersection,35841.0,GREENWOOD AVE N AND N 125TH ST, ,,1,Property Damage Only Collision,Angles,2,0,0,2,0,0,2018-04-02 00:00:00+00,4/2/2018 11:31:00 AM,At Intersection (intersection related),11,"MOTOR VEHICLE STRUCK MOTOR VEHICLE, FRONT END AT ANGLE",,False,Clear or Partly Cloudy,Dry,Daylight,,,,10.0,Entering at angle,0,0,False,0
-122.372042509555,47.6966645711036,200484,277921,278821,E779120,Matched,Block,,HOLMAN RD NW BETWEEN 13TH E AVE NW AND 12TH AVE NW, ,,2,Injury Collision,Angles,3,0,0,2,2,0,2018-03-14 00:00:00+00,3/14/2018 12:30:00 PM,Mid-Block (not related to intersection),11,"MOTOR VEHICLE STRUCK MOTOR VEHICLE, FRONT END AT ANGLE",True,False,Clear or Partly Cloudy,Dry,Daylight,,,,10.0,Entering at angle,0,0,False,0
-122.301700072901,47.5964771367299,200485,279777,280677,E784066,Matched,Block,,S LANE ST BETWEEN 23RD AVE S AND 24TH S AVE S, ,,1,Property Damage Only Collision,Sideswipe,2,0,0,2,0,0,2018-03-12 00:00:00+00,3/12/2018 11:39:00 AM,Mid-Block (not related to intersection),14,"MOTOR VEHICLE STRUCK MOTOR VEHICLE, REAR END",True,False,Clear or Partly Cloudy,Dry,Daylight,,,,27.0,From opposite direction - both going straight - one stopped - sideswipe,0,0,False,0
-122.31075972931,47.6885032000043,200486,277920,278820,E779119,Matched,Intersection,24755.0,LAKE CITY WAY NE AND NE 82ND ST, ,,1,Property Damage Only Collision,Angles,4,0,0,2,0,0,2018-03-10 00:00:00+00,3/10/2018 6:15:00 PM,At Intersection (intersection related),11,"MOTOR VEHICLE STRUCK MOTOR VEHICLE, FRONT END AT ANGLE",,False,Clear or Partly Cloudy,Dry,Dark - Street Lights On,,,,10.0,Entering at angle,0,0,False,0
-122.31487221317,47.5929046834917,200487,278847,279747,E782431,Matched,Intersection,30456.0,14TH AVE S AND GOLF DR S, ,,1,Property Damage Only Collision,Rear Ended,2,0,0,2,0,0,2018-03-26 00:00:00+00,3/26/2018 4:46:00 PM,At Intersection (intersection related),14,"MOTOR VEHICLE STRUCK MOTOR VEHICLE, REAR END",,False,Overcast,Dry,Daylight,,,,14.0,From same direction - both going straight - one stopped - rear-end,0,0,False,0
-122.337198811366,47.6905067149889,200488,277919,278819,E779118,Matched,Block,,N 85TH ST BETWEEN DENSMORE AVE N AND WALLINGFORD AVE N, ,,1,Property Damage Only Collision,Other,2,0,0,2,0,0,2018-03-13 00:00:00+00,3/13/2018 2:24:00 PM,Mid-Block (not related to intersection),11,"MOTOR VEHICLE STRUCK MOTOR VEHICLE, FRONT END AT ANGLE",,False,Raining,Wet,Daylight,,,,23.0,From same direction - all others,0,0,False,0
-122.331355599217,47.661375012973,200527,282620,283480,3705816,Matched,Intersection,27186.0,CORLISS AVE N AND N 45TH ST, ,,2,Injury Collision,Pedestrian,2,1,0,1,1,0,2018-04-20 00:00:00+00,4/20/2018 9:54:00 PM,At Intersection (intersection related),24,MOTOR VEHCILE STRUCK PEDESTRIAN,,True,Clear or Partly Cloudy,Dry,Dark - Street Lights On,,,,0.0,Vehicle going straight hits pedestrian,0,0,False,0
-122.341123475363,47.6628656835888,200489,277918,278818,E778152,Matched,Block,,N 47TH ST BETWEEN STONE WAY N AND INTERLAKE AVE N, ,,1,Property Damage Only Collision,Parked Car,2,0,0,2,0,0,2018-03-10 00:00:00+00,3/10/2018 1:00:00 PM,Mid-Block (not related to intersection),11,"MOTOR VEHICLE STRUCK MOTOR VEHICLE, FRONT END AT ANGLE",,False,Clear or Partly Cloudy,Dry,Daylight,,,,32.0,One parked--one moving,0,0,False,0
-122.354496657068,47.6477714280743,200491,279769,280669,3563043,Matched,Intersection,27045.0,ETRURIA ST AND WARREN AVE N, ,,2,Injury Collision,Angles,3,0,0,2,2,0,2018-03-30 00:00:00+00,3/30/2018 6:32:00 PM,At Intersection (intersection related),11,"MOTOR VEHICLE STRUCK MOTOR VEHICLE, FRONT END AT ANGLE",,False,Clear or Partly Cloudy,Dry,Daylight,,,,10.0,Entering at angle,0,0,False,0
-122.31943466554,47.6129400164216,200492,279837,280737,3702366,Matched,Intersection,29759.0,10TH AVE AND E UNION ST, ,,1,Property Damage Only Collision,Angles,2,0,0,2,0,0,2018-03-04 00:00:00+00,3/4/2018 5:06:00 PM,At Intersection (intersection related),11,"MOTOR VEHICLE STRUCK MOTOR VEHICLE, FRONT END AT ANGLE",,False,Clear or Partly Cloudy,Dry,Daylight,,,,10.0,Entering at angle,0,0,False,0
-122.380425172806,47.6484611036767,200493,277917,278817,E778151,Matched,Block,,W DRAVUS ST BETWEEN 17TH AVE W AND 20TH AVE W, ,,1,Property Damage Only Collision,Angles,4,0,0,2,0,0,2018-03-07 00:00:00+00,3/7/2018 6:21:00 PM,Mid-Block (not related to intersection),11,"MOTOR VEHICLE STRUCK MOTOR VEHICLE, FRONT END AT ANGLE",,False,Clear or Partly Cloudy,Dry,Dark - Street Lights On,,,,10.0,Entering at angle,0,0,False,0
-122.351484102447,47.6621366777643,200494,278845,279745,E782179,Matched,Intersection,25688.0,EVANSTON AVE N AND N 46TH ST, ,,2,Injury Collision,Angles,2,0,0,2,1,0,2018-03-14 00:00:00+00,3/14/2018 8:20:00 PM,At Intersection (intersection related),11,"MOTOR VEHICLE STRUCK MOTOR VEHICLE, FRONT END AT ANGLE",,False,Clear or Partly Cloudy,Dry,Dark - Street Lights On,,,,10.0,Entering at angle,0,0,False,0
-122.410739307166,47.5759060975503,200495,282625,283485,3745585,Matched,Intersection,30987.0,61ST AVE SW AND SW ADMIRAL WAY, ,,2,Injury Collision,Angles,3,0,0,2,2,0,2018-04-16 00:00:00+00,4/16/2018 11:19:00 AM,At Intersection (intersection related),11,"MOTOR VEHICLE STRUCK MOTOR VEHICLE, FRONT END AT ANGLE",,False,Overcast,Dry,Daylight,,,,10.0,Entering at angle,0,0,False,0
-122.387598105746,47.6905754537773,200496,281543,282403,E784216,Matched,Intersection,36974.0,24TH AVE NW AND NW 85TH ST, ,,1,Property Damage Only Collision,Right Turn,2,0,0,2,0,0,2018-03-29 00:00:00+00,3/29/2018 2:50:00 PM,At Intersection (intersection related),11,"MOTOR VEHICLE STRUCK MOTOR VEHICLE, FRONT END AT ANGLE",,False,Clear or Partly Cloudy,Dry,Daylight,,,,16.0,From same direction - one right turn - one straight,0,0,False,0
-122.339760246013,47.6220461086812,200497,281541,282401,E778409,Matched,Intersection,28781.0,9TH AVE N AND HARRISON ST, ,,1,Property Damage Only Collision,Pedestrian,2,0,1,1,0,0,2018-03-01 00:00:00+00,3/1/2018 9:30:00 AM,At Intersection (intersection related),51,PEDALCYCLIST STRUCK MOTOR VEHICLE FRONT END AT ANGLE,True,False,Overcast,Dry,Daylight,,,,5.0,Vehicle Strikes Pedalcyclist,15960,0,False,0
-122.325595633917,47.7340691986879,200498,281538,282398,E777675,Matched,Intersection,166204.0,145TH ST ON RP AND NE 145TH ST, ,,1,Property Damage Only Collision,Left Turn,2,0,0,2,0,0,2018-02-19 00:00:00+00,2/19/2018 7:00:00 AM,At Intersection (intersection related),11,"MOTOR VEHICLE STRUCK MOTOR VEHICLE, FRONT END AT ANGLE",,False,Overcast,Wet,Daylight,,,,28.0,From opposite direction - one left turn - one straight,0,0,False,0
-122.28605626455,47.5641122623444,200499,282623,283483,3725850,Matched,Intersection,32713.0,37TH AVE S AND S GENESEE ST, ,,2,Injury Collision,Angles,2,0,0,2,1,0,2018-04-19 00:00:00+00,4/19/2018 5:27:00 PM,At Intersection (intersection related),11,"MOTOR VEHICLE STRUCK MOTOR VEHICLE, FRONT END AT ANGLE",,False,Clear or Partly Cloudy,Dry,Daylight,,,,10.0,Entering at angle,0,0,False,0
-122.28881787426,47.5586628979562,200500,282157,283017,3818425,Matched,Intersection,33566.0,35TH AVE S AND S EDMUNDS ST, ,,1,Property Damage Only Collision,Angles,2,0,0,2,0,0,2018-04-12 00:00:00+00,4/12/2018 10:31:00 PM,At Intersection (intersection related),11,"MOTOR VEHICLE STRUCK MOTOR VEHICLE, FRONT END AT ANGLE",,False,Clear or Partly Cloudy,Dry,Dark - Street Lights On,,,,10.0,Entering at angle,0,0,False,0
-122.33310387059,47.607979458203,200501,282139,282999,3811952,Matched,Intersection,29929.0,5TH AVE AND SENECA ST, ,,1,Property Damage Only Collision,Angles,5,0,0,2,0,0,2018-04-15 00:00:00+00,4/15/2018 1:25:00 PM,At Intersection (intersection related),11,"MOTOR VEHICLE STRUCK MOTOR VEHICLE, FRONT END AT ANGLE",True,False,Clear or Partly Cloudy,Dry,Daylight,,,,10.0,Entering at angle,0,0,False,0
-122.350343383584,47.571408837593,200503,281537,282397,E777427,Matched,Block,,SW SPOKANE ST BETWEEN 11TH CR AVE SW AND SW SPOKANE E BR, ,,2,Injury Collision,Rear Ended,4,0,0,3,1,0,2018-02-27 00:00:00+00,2/27/2018 9:51:00 AM,Mid-Block (but intersection related),14,"MOTOR VEHICLE STRUCK MOTOR VEHICLE, REAR END",,False,Overcast,Dry,Daylight,,,True,14.0,From same direction - both going straight - one stopped - rear-end,0,0,False,0
-122.368610982047,47.6636548409554,200620,292157,293097,E806317,Matched,Intersection,25453.0,9TH AVE NW AND NW 48TH ST, ,,1,Property Damage Only Collision,Angles,2,0,0,2,0,0,2018-06-08 00:00:00+00,6/8/2018 5:00:00 PM,At Intersection (intersection related),11,"MOTOR VEHICLE STRUCK MOTOR VEHICLE, FRONT END AT ANGLE",,False,Raining,Wet,Daylight,,,,10.0,Entering at angle,0,0,False,0
-122.338634550263,47.6257957692013,200504,282637,283497,3811953,Matched,Intersection,28744.0,BROAD ST AND VALLEY ST, ,,1,Property Damage Only Collision,Left Turn,4,0,0,2,0,0,2018-04-16 00:00:00+00,4/16/2018 10:21:00 PM,At Intersection (intersection related),11,"MOTOR VEHICLE STRUCK MOTOR VEHICLE, FRONT END AT ANGLE",,False,Raining,Wet,Dark - Street Lights On,,,,28.0,From opposite direction - one left turn - one straight,0,0,False,0
-122.334124767536,47.5426690788281,200505,281528,282388,E774727,Matched,Block,,1ST AV S BR NB BETWEEN POINT B AND POINT A, ,,2,Injury Collision,Rear Ended,5,0,0,2,3,0,2018-02-24 00:00:00+00,2/24/2018 10:05:00 AM,Mid-Block (not related to intersection),14,"MOTOR VEHICLE STRUCK MOTOR VEHICLE, REAR END",,False,Overcast,Wet,Daylight,,,True,13.0,From same direction - both going straight - both moving - rear-end,0,0,False,0