longitude,latitude,objectid,inckey,coldetkey,reportno,status,addrtype,intkey,location,exceptrsncode,exceptrsndesc,severitycode,severitydesc,collisiontype,personcount,pedcount,pedcylcount,vehcount,injuries,fatalities,incdate,incdttm,junctiontype,sdot_colcode,sdot_coldesc,inattentionind,underinfl,weather,roadcond,lightcond,pedrownotgrnt,sdotcolnum,speeding,st_colcode,st_coldesc,seglanekey,crosswalkkey,hitparkedcar,seriousinjuries
-122.339633257712,47.540219727194,200506,281527,282387,E774398,Matched,Block,,HIGHLAND PARK WAY SW BETWEEN 2ND AVE SW AND WEST MARGINAL WAY SW, ,,2,Injury Collision,Other,1,0,0,1,1,0,2018-02-02 00:00:00+00,2/2/2018 8:55:00 AM,Mid-Block (not related to intersection),29,MOTOR VEHICLE OVERTURNED IN ROAD,,False,Clear or Partly Cloudy,Dry,Daylight,,,,52.0,Vehicle overturned,0,0,False,0
-122.310857063408,47.6612609826685,200508,282138,282998,3769424,Matched,Intersection,26075.0,16TH AVE NE AND NE 45TH ST, ,,1,Property Damage Only Collision,Other,1,0,0,1,0,0,2018-04-15 00:00:00+00,4/15/2018 1:45:00 AM,At Intersection (intersection related),28,MOTOR VEHICLE RAN OFF ROAD - HIT FIXED OBJECT,,True,Raining,Wet,Dark - Street Lights On,,,,51.0,Other object,0,0,False,0
-122.337787545632,47.6030605827292,200510,281526,282386,E773978,Matched,Intersection,30379.0,ALASKAN WAY AND MARION ST, ,,2,Injury Collision,Left Turn,2,0,0,2,1,0,2018-02-16 00:00:00+00,2/16/2018 5:50:00 PM,At Intersection (intersection related),11,"MOTOR VEHICLE STRUCK MOTOR VEHICLE, FRONT END AT ANGLE",True,False,Clear or Partly Cloudy,Dry,Dark - Street Lights Off,,,,28.0,From opposite direction - one left turn - one straight,0,0,False,0
-122.347300705301,47.6450296898032,200511,280737,281617,E770308,Matched,Block,,WESTLAKE AVE N BETWEEN NEWELL ST AND NICKERSON ST, ,,2,Injury Collision,Rear Ended,2,0,0,2,1,0,2018-01-30 00:00:00+00,1/30/2018 5:50:00 PM,Mid-Block (not related to intersection),14,"MOTOR VEHICLE STRUCK MOTOR VEHICLE, REAR END",,False,Clear or Partly Cloudy,Dry,Dark - Street Lights On,,,,14.0,From same direction - both going straight - one stopped - rear-end,0,0,False,0
-122.329557704102,47.5526876134515,200512,282158,283018,E787107,Matched,Intersection,33171.0,4TH AVE S AND S FINDLAY ST, ,,2,Injury Collision,Angles,2,0,0,2,1,0,2018-04-03 00:00:00+00,4/3/2018 8:34:00 AM,At Intersection (intersection related),11,"MOTOR VEHICLE STRUCK MOTOR VEHICLE, FRONT END AT ANGLE",,False,Clear or Partly Cloudy,Dry,Daylight,,,,10.0,Entering at angle,0,0,False,0
-122.334192276297,47.5940397305147,200513,280718,281598,3506208,Matched,Block,,1ST AVE S BETWEEN RAILROAD S WAY S AND S ROYAL BROUGHAM WAY, ,,1,Property Damage Only Collision,Parked Car,2,0,0,2,0,0,2018-04-07 00:00:00+00,4/7/2018 10:05:00 PM,Mid-Block (not related to intersection),11,"MOTOR VEHICLE STRUCK MOTOR VEHICLE, FRONT END AT ANGLE",,False,Raining,Wet,Dark - Street Lights On,,,,32.0,One parked--one moving,0,0,False,0
-122.376373714462,47.5137239269449,200514,282624,283484,3742058,Matched,Intersection,37974.0,35TH AVE SW AND SW 100TH ST, ,,1,Property Damage Only Collision,Angles,2,0,0,2,0,0,2018-04-14 00:00:00+00,4/14/2018 9:29:00 PM,At Intersection (intersection related),11,"MOTOR VEHICLE STRUCK MOTOR VEHICLE, FRONT END AT ANGLE",,False,Raining,Wet,Dark - Street Lights On,,,,10.0,Entering at angle,0,0,False,0
-122.347621138565,47.6185711552114,200515,282137,282997,3746721,Matched,Intersection,29653.0,5TH AVE AND DENNY WAY, ,,1,Property Damage Only Collision,Right Turn,2,0,0,2,0,0,2018-04-14 00:00:00+00,4/14/2018 5:49:00 PM,At Intersection (intersection related),11,"MOTOR VEHICLE STRUCK MOTOR VEHICLE, FRONT END AT ANGLE",,False,Raining,Wet,Daylight,,,,16.0,From same direction - one right turn - one straight,0,0,False,0
-122.408476906782,47.5712093284174,200516,280717,281597,3330594,Matched,Block,,59TH AVE SW BETWEEN SW SPOKANE ST AND SW CHARLESTOWN ST, ,,1,Property Damage Only Collision,Parked Car,3,0,0,3,0,0,2018-04-05 00:00:00+00,4/5/2018 8:38:00 PM,Mid-Block (not related to intersection),14,"MOTOR VEHICLE STRUCK MOTOR VEHICLE, REAR END",,True,Raining,Wet,Dark - Street Lights On,,,,32.0,One parked--one moving,0,0,True,0
-122.377449470013,47.5640771360857,200517,282097,282957,3742465,Matched,Intersection,31929.0,36TH AVE SW AND SW AVALON WAY, ,,1,Property Damage Only Collision,Other,2,0,0,2,0,0,2018-04-13 00:00:00+00,4/13/2018 5:46:00 AM,At Intersection (intersection related),29,MOTOR VEHICLE OVERTURNED IN ROAD,,False,Raining,Wet,Dark - Street Lights On,,,,52.0,Vehicle overturned,0,0,False,0
-122.343286990722,47.6245338793627,200519,282638,283498,E783148,Matched,Block,,MERCER ST BETWEEN 6TH AVE N AND DEXTER AVE N, ,,1,Property Damage Only Collision,Sideswipe,2,0,0,2,0,0,2018-02-25 00:00:00+00,2/25/2018 6:00:00 PM,Mid-Block (not related to intersection),11,"MOTOR VEHICLE STRUCK MOTOR VEHICLE, FRONT END AT ANGLE",,False,Clear or Partly Cloudy,Dry,Dusk,,,,11.0,From same direction - both going straight - both moving - sideswipe,0,0,False,0
-122.317363220872,47.6758293276245,200521,282622,283482,3706162,Matched,Intersection,24498.0,ROOSEVELT WAY NE AND NE 65TH ST, ,,2,Injury Collision,Pedestrian,2,1,0,1,1,0,2018-04-17 00:00:00+00,4/17/2018 8:12:00 AM,At Intersection (intersection related),24,MOTOR VEHCILE STRUCK PEDESTRIAN,True,False,Clear or Partly Cloudy,Dry,Daylight,,,,2.0,Vehicle turning left hits pedestrian,0,524482,False,0
-122.334254881489,47.6185172883102,200522,282141,283001,3812051,Matched,Intersection,29504.0,DENNY WAY AND FAIRVIEW AVE, ,,1,Property Damage Only Collision,Right Turn,3,0,0,2,0,0,2018-04-14 00:00:00+00,4/14/2018 9:11:00 PM,At Intersection (intersection related),11,"MOTOR VEHICLE STRUCK MOTOR VEHICLE, FRONT END AT ANGLE",,False,Raining,Wet,Dark - Street Lights On,,,,16.0,From same direction - one right turn - one straight,0,0,False,0
-122.3337313001,47.590312347916,200523,282117,282977,3745535,Matched,Block,,EDGAR MARTINEZ DR S BETWEEN 1ST AVE S AND OCCIDENTAL AVE S, ,,1,Property Damage Only Collision,Angles,3,0,0,2,0,0,2018-04-14 00:00:00+00,4/14/2018 10:14:00 PM,Mid-Block (but intersection related),11,"MOTOR VEHICLE STRUCK MOTOR VEHICLE, FRONT END AT ANGLE",,False,Raining,Wet,Dusk,,,,10.0,Entering at angle,0,0,False,0
-122.344813664546,47.7123192228814,200524,281544,282404,E784219,Matched,Intersection,36342.0,AURORA AVE N AND N 115TH ST, ,,2,Injury Collision,Left Turn,2,0,0,2,1,0,2018-03-31 00:00:00+00,3/31/2018 3:20:00 PM,At Intersection (intersection related),11,"MOTOR VEHICLE STRUCK MOTOR VEHICLE, FRONT END AT ANGLE",,False,Clear or Partly Cloudy,Dry,Daylight,,,,28.0,From opposite direction - one left turn - one straight,0,0,False,0
-122.332289696176,47.6172762105002,200545,288660,289520,3812123,Matched,Block,,STEWART ST BETWEEN BOREN AVE AND MINOR AVE, ,,2,Injury Collision,Other,1,0,0,1,1,0,2018-05-24 00:00:00+00,5/24/2018 5:26:00 AM,Mid-Block (not related to intersection),14,"MOTOR VEHICLE STRUCK MOTOR VEHICLE, REAR END",True,False,Clear or Partly Cloudy,Dry,Dawn,,,,52.0,Vehicle overturned,0,0,False,0
-122.321920406256,47.7085857930943,200526,280638,281518,E785689,Matched,Block,,NE NORTHGATE WAY BETWEEN 5TH AVE NE AND 8TH AVE NE, ,,1,Property Damage Only Collision,Angles,3,0,0,2,0,0,2018-04-05 00:00:00+00,4/5/2018 12:57:00 PM,Mid-Block (not related to intersection),11,"MOTOR VEHICLE STRUCK MOTOR VEHICLE, FRONT END AT ANGLE",True,False,Raining,Wet,Daylight,,,,10.0,Entering at angle,0,0,False,0
-122.324617180217,47.7086028146454,200528,284039,284919,E790865,Matched,Block,,NE NORTHGATE WAY BETWEEN 3RD AVE NE AND 5TH AVE NE, ,,1,Property Damage Only Collision,Rear Ended,2,0,0,2,0,0,2018-04-20 00:00:00+00,4/20/2018 11:57:00 AM,Mid-Block (but intersection related),14,"MOTOR VEHICLE STRUCK MOTOR VEHICLE, REAR END",,False,Clear or Partly Cloudy,Dry,Daylight,,,,14.0,From same direction - both going straight - one stopped - rear-end,0,0,False,0
-122.280748373984,47.5634865484944,200529,287777,288657,E798255,Matched,Block,,42ND AVE S BETWEEN S GENESEE ST AND S OREGON ST, ,,1,Property Damage Only Collision,Parked Car,3,0,0,3,0,0,2018-04-22 00:00:00+00,4/22/2018 2:28:00 AM,Mid-Block (not related to intersection),12,"MOTOR VEHICLE STRUCK MOTOR VEHICLE, RIGHT SIDE AT ANGLE",,True,Clear or Partly Cloudy,Dry,Dark - Street Lights On,,,,32.0,One parked--one moving,0,0,True,0
-122.38555473991,47.6686791795326,200530,284118,284998,E790722,Matched,Block,,NW MARKET ST BETWEEN LEARY AVE NW AND BALLARD AVE NW, ,,2,Injury Collision,Pedestrian,4,1,0,1,1,0,2018-04-15 00:00:00+00,4/15/2018 8:40:00 PM,Mid-Block (not related to intersection),24,MOTOR VEHCILE STRUCK PEDESTRIAN,,False,Overcast,Wet,Dark - Street Lights On,,,,0.0,Vehicle going straight hits pedestrian,0,0,False,0
-122.30269423981,47.613546899431,200531,287698,288578,E798014,Matched,Block,,23RD AVE BETWEEN E UNION ST AND E PIKE ST, ,,1,Property Damage Only Collision,Parked Car,3,0,0,2,0,0,2018-05-12 00:00:00+00,5/12/2018 10:08:00 AM,Driveway Junction,11,"MOTOR VEHICLE STRUCK MOTOR VEHICLE, FRONT END AT ANGLE",True,False,Clear or Partly Cloudy,Dry,Daylight,,,,20.0,One car leaving parked position,0,0,False,0
-122.284039478335,47.7082962947265,200532,284057,284937,E790866,Matched,Block,,NE 110TH ST BETWEEN 40TH AVE NE AND ALTON AVE NE, ,,2,Injury Collision,Left Turn,2,0,0,2,1,0,2018-04-22 00:00:00+00,4/22/2018 11:10:00 AM,Driveway Junction,11,"MOTOR VEHICLE STRUCK MOTOR VEHICLE, FRONT END AT ANGLE",,False,Clear or Partly Cloudy,Dry,Daylight,,,,28.0,From opposite direction - one left turn - one straight,0,0,False,0
-122.312678772452,47.7194140425953,200533,284837,285717,3705954,Matched,Intersection,36427.0,15TH AVE NE AND NE 125TH ST, ,,1,Property Damage Only Collision,Other,1,0,0,1,0,0,2018-04-24 00:00:00+00,4/24/2018 1:08:00 AM,At Intersection (intersection related),28,MOTOR VEHICLE RAN OFF ROAD - HIT FIXED OBJECT,,True,Clear or Partly Cloudy,Dry,Dark - Street Lights On,,,,50.0,Fixed object,0,0,False,0
-122.340449793018,47.6355500164448,200534,283358,284238,E789619,Matched,Block,,WESTLAKE AVE N BETWEEN BLAINE ST AND NEWTON ST, ,,1,Property Damage Only Collision,Rear Ended,3,0,0,2,0,0,2018-04-13 00:00:00+00,4/13/2018 7:35:00 AM,Mid-Block (but intersection related),14,"MOTOR VEHICLE STRUCK MOTOR VEHICLE, REAR END",True,False,Raining,Wet,Daylight,,,,14.0,From same direction - both going straight - one stopped - rear-end,0,0,False,0
-122.358835845417,47.6643031237319,200536,284833,285713,3705818,Matched,Intersection,25352.0,NW 49TH ST AND NW MARKET ST, ,,1,Property Damage Only Collision,Angles,2,0,0,2,0,0,2018-04-27 00:00:00+00,4/27/2018 11:59:00 PM,At Intersection (intersection related),11,"MOTOR VEHICLE STRUCK MOTOR VEHICLE, FRONT END AT ANGLE",,False,Clear or Partly Cloudy,Dry,Dark - Street Lights On,,,,10.0,Entering at angle,0,0,False,0
-122.307302339783,47.5928766740341,200537,287679,288559,E798012,Matched,Block,,S BUSH PL BETWEEN HIAWATHA PL S AND DAVIS PL S, ,,1,Property Damage Only Collision,Other,1,0,0,1,0,0,2018-04-20 00:00:00+00,4/20/2018 7:20:00 AM,Mid-Block (not related to intersection),26,MOTOR VEHICLE STRUCK OBJECT IN ROAD,,False,Clear or Partly Cloudy,Dry,Daylight,,,,50.0,Fixed object,0,0,False,0
-122.289922853069,47.5688823838996,200538,283337,284217,E787393,Matched,Block,,RAINIER AVE S BETWEEN S CHARLESTOWN ST AND S ANDOVER ST, ,,1,Property Damage Only Collision,Sideswipe,3,0,0,2,0,0,2018-04-06 00:00:00+00,4/6/2018 9:50:00 AM,Mid-Block (not related to intersection),11,"MOTOR VEHICLE STRUCK MOTOR VEHICLE, FRONT END AT ANGLE",,False,Clear or Partly Cloudy,Dry,Daylight,,,,11.0,From same direction - both going straight - both moving - sideswipe,0,0,False,0
-122.321392009353,47.5873086820007,200539,287737,288617,E798249,Matched,Block,,AIRPORT WAY S BETWEEN S MASSACHUSETTS ST AND S HOLGATE N ST, ,,1,Property Damage Only Collision,Rear Ended,2,0,0,2,0,0,2018-05-14 00:00:00+00,5/14/2018 10:40:00 AM,Mid-Block (not related to intersection),14,"MOTOR VEHICLE STRUCK MOTOR VEHICLE, REAR END",,False,Clear or Partly Cloudy,Dry,Daylight,,,,14.0,From same direction - both going straight - one stopped - rear-end,0,0,False,0
-122.296271415815,47.7175233452613,200540,284097,284977,E790721,Matched,Block,,LAKE CITY WAY NE BETWEEN NE 123RD ST AND 30TH N AVE NE, ,,2,Injury Collision,Rear Ended,2,0,0,2,1,0,2018-04-05 00:00:00+00,4/5/2018 6:50:00 PM,Mid-Block (not related to intersection),14,"MOTOR VEHICLE STRUCK MOTOR VEHICLE, REAR END",,False,Raining,Wet,Daylight,,,,14.0,From same direction - both going straight - one stopped - rear-end,0,0,False,0
-122.352620536463,47.692410341019,200541,284835,285715,3705952,Matched,Intersection,37450.0,DAYTON AVE N AND N 87TH ST, ,,1,Property Damage Only Collision,Angles,6,0,0,2,0,0,2018-04-23 00:00:00+00,4/23/2018 4:00:00 PM,At Intersection (intersection related),11,"MOTOR VEHICLE STRUCK MOTOR VEHICLE, FRONT END AT ANGLE",,False,Clear or Partly Cloudy,Dry,Daylight,,,,10.0,Entering at angle,0,0,False,0
-122.342145359612,47.6613852968641,200543,284832,285712,3705817,Matched,Intersection,26794.0,STONE WAY N AND N 45TH ST, ,,1,Property Damage Only Collision,Angles,5,0,0,3,0,0,2018-04-23 00:00:00+00,4/23/2018 11:13:00 PM,At Intersection (intersection related),11,"MOTOR VEHICLE STRUCK MOTOR VEHICLE, FRONT END AT ANGLE",True,False,Clear or Partly Cloudy,Dry,Dark - No Street Lights,,,,10.0,Entering at angle,0,0,False,0
-122.334239206161,47.5481396886486,200544,283319,284199,E789864,Matched,Block,,EAST MARGINAL WAY S BETWEEN 1ST AVE S AND 1ST AV S BR SB, ,,2,Injury Collision,Rear Ended,2,0,0,2,2,0,2018-04-19 00:00:00+00,4/19/2018 6:19:00 AM,Mid-Block (not related to intersection),14,"MOTOR VEHICLE STRUCK MOTOR VEHICLE, REAR END",,False,Clear or Partly Cloudy,Dry,Daylight,,,,14.0,From same direction - both going straight - one stopped - rear-end,0,0,False,0
-122.261290824933,47.5055013992232,200546,287699,288579,E798256,Matched,Block,,57TH AVE S BETWEEN S BANGOR ST AND S HAZEL ST, ,,1,Property Damage Only Collision,Parked Car,2,0,0,2,0,0,2018-05-01 00:00:00+00,5/1/2018 5:32:00 PM,Mid-Block (not related to intersection),11,"MOTOR VEHICLE STRUCK MOTOR VEHICLE, FRONT END AT ANGLE",,False,Clear or Partly Cloudy,Dry,Daylight,,,,32.0,One parked--one moving,0,0,False,0
-122.278845253845,47.5581975484464,200547,284058,284938,E790701,Matched,Block,,S FERDINAND ST BETWEEN 43RD AVE S AND 44TH AVE S, ,,1,Property Damage Only Collision,Parked Car,2,0,0,2,0,0,2018-04-21 00:00:00+00,4/21/2018 3:40:00 PM,Mid-Block (not related to intersection),14,"MOTOR VEHICLE STRUCK MOTOR VEHICLE, REAR END",,False,Overcast,Dry,Daylight,,,,32.0,One parked--one moving,0,0,False,0
-122.367865127515,47.6621954055336,200548,283318,284198,E785433,Matched,Intersection,25464.0,LEARY WAY NW AND NW 46TH ST, ,,1,Property Damage Only Collision,Angles,2,0,0,2,0,0,2018-04-04 00:00:00+00,4/4/2018 9:57:00 PM,At Intersection (intersection related),11,"MOTOR VEHICLE STRUCK MOTOR VEHICLE, FRONT END AT ANGLE",,False,Raining,Wet,Dark - Street Lights On,,,,10.0,Entering at angle,0,0,False,0
-122.33396137291,47.706850216104,200549,284838,285718,3705955,Matched,Intersection,36588.0,MERIDIAN AVE N AND N 107TH ST, ,,1,Property Damage Only Collision,Angles,3,0,0,2,0,0,2018-04-24 00:00:00+00,4/24/2018 8:10:00 PM,At Intersection (intersection related),11,"MOTOR VEHICLE STRUCK MOTOR VEHICLE, FRONT END AT ANGLE",,False,Clear or Partly Cloudy,Dry,Dusk,,,,10.0,Entering at angle,0,0,False,0
-122.334239206161,47.5481396886486,200550,283317,284197,E789720,Matched,Block,,EAST MARGINAL WAY S BETWEEN 1ST AVE S AND 1ST AV S BR SB, ,,2,Injury Collision,Angles,2,0,0,2,1,0,2018-04-18 00:00:00+00,4/18/2018 3:46:00 PM,Driveway Junction,11,"MOTOR VEHICLE STRUCK MOTOR VEHICLE, FRONT END AT ANGLE",,False,Clear or Partly Cloudy,Dry,Daylight,,,,10.0,Entering at angle,0,0,False,0
-122.36938089135,47.6454433030177,200551,284138,285018,E790751,Matched,Block,,9TH AVE W BETWEEN W ARMOUR ST AND W FULTON ST, ,,1,Property Damage Only Collision,Parked Car,2,0,0,2,0,0,2018-04-11 00:00:00+00,4/11/2018 6:00:00 PM,Mid-Block (not related to intersection),14,"MOTOR VEHICLE STRUCK MOTOR VEHICLE, REAR END",,False,Raining,Wet,Daylight,,,,32.0,One parked--one moving,0,0,False,0
-122.328103036781,47.5711174578818,200552,287757,288637,E798250,Matched,Block,,W SEA BR EB 4 AV OFF RP BETWEEN WEST SEATTLE BR EB AND 4TH AVE S, ,,2,Injury Collision,Rear Ended,2,0,0,2,1,0,2018-05-14 00:00:00+00,5/14/2018 10:19:00 AM,Mid-Block (but intersection related),14,"MOTOR VEHICLE STRUCK MOTOR VEHICLE, REAR END",,False,Clear or Partly Cloudy,Dry,Daylight,,,,14.0,From same direction - both going straight - one stopped - rear-end,0,0,False,0
-122.324749252122,47.6055546978817,200554,287697,288577,E798013,Matched,Intersection,29959.0,9TH AVE AND JAMES ST, ,,1,Property Damage Only Collision,Angles,2,0,0,2,0,0,2018-04-20 00:00:00+00,4/20/2018 9:50:00 AM,At Intersection (intersection related),11,"MOTOR VEHICLE STRUCK MOTOR VEHICLE, FRONT END AT ANGLE",,False,Clear or Partly Cloudy,Dry,Daylight,,,,10.0,Entering at angle,0,0,False,0
-122.302574810141,47.6180192525776,200555,283299,284177,E785384,Matched,Block,,23RD AVE BETWEEN E OLIVE N ST AND E DENNY WAY, ,,2,Injury Collision,Rear Ended,4,0,0,2,1,0,2018-04-04 00:00:00+00,4/4/2018 3:43:00 PM,Mid-Block (not related to intersection),14,"MOTOR VEHICLE STRUCK MOTOR VEHICLE, REAR END",,False,Raining,Wet,Daylight,,,,13.0,From same direction - both going straight - both moving - rear-end,0,0,False,0
-122.328591931089,47.7068124872133,200556,284836,285716,3705953,Matched,Intersection,36595.0,1ST AVE NE AND I5 NB 1ST AV NE OFF RP, ,,1,Property Damage Only Collision,Angles,5,0,0,2,0,0,2018-04-23 00:00:00+00,4/23/2018 5:00:00 PM,At Intersection (intersection related),11,"MOTOR VEHICLE STRUCK MOTOR VEHICLE, FRONT END AT ANGLE",,False,Clear or Partly Cloudy,Dry,Daylight,,,,10.0,Entering at angle,0,0,False,0
-122.30222008244,47.5950785569668,200557,283298,284158,E789713,Matched,Block,,23RD AVE S BETWEEN S DEARBORN ST AND S CHARLES ST, ,,2,Injury Collision,Rear Ended,4,0,0,2,1,0,2018-04-18 00:00:00+00,4/18/2018 3:48:00 PM,Mid-Block (not related to intersection),14,"MOTOR VEHICLE STRUCK MOTOR VEHICLE, REAR END",,False,Clear or Partly Cloudy,Dry,Daylight,,,,13.0,From same direction - both going straight - both moving - rear-end,0,0,False,0
-122.341333145712,47.6138311865379,200558,282657,283517,3811976,Matched,Intersection,29548.0,4TH AVE AND LENORA ST, ,,1,Property Damage Only Collision,Sideswipe,2,0,0,2,0,0,2018-04-16 00:00:00+00,4/16/2018 7:19:00 PM,At Intersection (intersection related),11,"MOTOR VEHICLE STRUCK MOTOR VEHICLE, FRONT END AT ANGLE",,False,Raining,Wet,Dark - Street Lights On,,,,81.0,Same direction -- both turning left -- both moving -- sideswipe,0,0,False,0
-122.376168760481,47.6786692166038,200559,284137,285017,E790723,Matched,Block,,MARY AVE NW BETWEEN NW 67TH ST AND NW 70TH W ST, ,,1,Property Damage Only Collision,Parked Car,2,0,0,2,0,0,2018-04-16 00:00:00+00,4/16/2018 2:39:00 PM,Mid-Block (not related to intersection),11,"MOTOR VEHICLE STRUCK MOTOR VEHICLE, FRONT END AT ANGLE",,False,Clear or Partly Cloudy,Dry,Daylight,,,,32.0,One parked--one moving,0,0,True,0
-122.314042559931,47.7194229604621,200560,284839,285719,E791330,Matched,Intersection,36428.0,14TH AVE NE AND NE 125TH ST, ,,1,Property Damage Only Collision,Rear Ended,2,0,0,2,0,0,2018-04-19 00:00:00+00,4/19/2018 8:12:00 AM,At Intersection (intersection related),14,"MOTOR VEHICLE STRUCK MOTOR VEHICLE, REAR END",True,False,Clear or Partly Cloudy,Dry,Daylight,,,,14.0,From same direction - both going straight - one stopped - rear-end,0,0,False,0
-122.293240252748,47.5608084467192,200561,287717,288597,E798257,Matched,Intersection,484891.0,M L KING JR ER WAY S AND S ALASKA ST, ,,2,Injury Collision,Pedestrian,2,1,0,1,1,0,2018-04-20 00:00:00+00,4/20/2018,At Intersection (intersection related),24,MOTOR VEHCILE STRUCK PEDESTRIAN,,True,Clear or Partly Cloudy,Dry,Dark - Street Lights On,,,,0.0,Vehicle going straight hits pedestrian,0,0,False,0
-122.345699976704,47.7341285633412,200562,284077,284957,E790720,Matched,Block,,N 145TH ST BETWEEN WHITMAN AVE N AND AURORA AVE N, ,,2,Injury Collision,Pedestrian,2,1,0,1,1,0,2018-04-13 00:00:00+00,4/13/2018 2:00:00 PM,Driveway Junction,24,MOTOR VEHCILE STRUCK PEDESTRIAN,,False,Raining,Wet,Daylight,,,,0.0,Vehicle going straight hits pedestrian,0,0,False,0
-122.383248472108,47.6850062401842,200563,284834,285714,3705951,Matched,Intersection,23887.0,21ST AVE NW AND NW 77TH ST, ,,1,Property Damage Only Collision,Angles,4,0,0,2,0,0,2018-04-23 00:00:00+00,4/23/2018 8:25:00 AM,At Intersection (intersection related),11,"MOTOR VEHICLE STRUCK MOTOR VEHICLE, FRONT END AT ANGLE",,False,Clear or Partly Cloudy,Dry,Daylight,,,,10.0,Entering at angle,0,0,False,0
-122.316367125284,47.5707364130575,200565,290862,291742,E797064,Matched,Block,,S COURT ST BETWEEN HAHN PL S AND 13TH AVE S, ,,1,Property Damage Only Collision,Parked Car,2,0,0,2,0,0,2018-05-06 00:00:00+00,5/6/2018 2:54:00 AM,Mid-Block (not related to intersection),14,"MOTOR VEHICLE STRUCK MOTOR VEHICLE, REAR END",,True,Clear or Partly Cloudy,Dry,Dark - Street Lights On,,,,32.0,One parked--one moving,0,0,True,0
-122.334197242989,47.5871675474987,200567,290861,291741,E804797,Matched,Block,,1ST AVE S BETWEEN S MASSACHUSETTS ST AND S HOLGATE ST, ,,1,Property Damage Only Collision,Parked Car,3,0,0,3,0,0,2018-05-29 00:00:00+00,5/29/2018 9:54:00 AM,Mid-Block (not related to intersection),11,"MOTOR VEHICLE STRUCK MOTOR VEHICLE, FRONT END AT ANGLE",True,False,Overcast,Dry,Daylight,,,,20.0,One car leaving parked position,0,0,False,0
-122.327853523584,47.6184967407019,200568,289103,289963,E801069,Matched,Intersection,29165.0,MELROSE AVE AND E DENNY WAY, ,,1,Property Damage Only Collision,Parked Car,2,0,0,2,0,0,2018-04-26 00:00:00+00,4/26/2018 6:48:00 PM,At Intersection (intersection related),14,"MOTOR VEHICLE STRUCK MOTOR VEHICLE, REAR END",,False,Clear or Partly Cloudy,Dry,Dusk,,,,32.0,One parked--one moving,0,0,True,0
-122.310542828903,47.5880948004067,200569,290833,291713,E804795,Matched,Block,,17TH AVE S BETWEEN S MASSACHUSETTS ST AND S STATE ST, ,,1,Property Damage Only Collision,Sideswipe,2,0,0,2,0,0,2018-05-25 00:00:00+00,5/25/2018 6:45:00 AM,Mid-Block (not related to intersection),11,"MOTOR VEHICLE STRUCK MOTOR VEHICLE, FRONT END AT ANGLE",,False,Clear or Partly Cloudy,Dry,Daylight,,,,11.0,From same direction - both going straight - both moving - sideswipe,0,0,False,0
-122.316784504191,47.6134951376865,200570,289102,289962,E801067,Matched,Block,,12TH AVE BETWEEN E MADISON ST AND E PIKE ST, ,,1,Property Damage Only Collision,Other,1,0,0,1,0,0,2018-05-18 00:00:00+00,5/18/2018 10:43:00 PM,Mid-Block (not related to intersection),26,MOTOR VEHICLE STRUCK OBJECT IN ROAD,True,False,Clear or Partly Cloudy,Dry,Dark - Street Lights On,,,,50.0,Fixed object,0,0,False,0
-122.342423397624,47.6156480643917,200571,290422,291302,E802142,Matched,Block,,5TH AVE BETWEEN BLANCHARD ST AND BELL ST, ,,2,Injury Collision,Left Turn,5,0,0,2,1,0,2018-05-27 00:00:00+00,5/27/2018 1:14:00 PM,Mid-Block (not related to intersection),11,"MOTOR VEHICLE STRUCK MOTOR VEHICLE, FRONT END AT ANGLE",,False,Clear or Partly Cloudy,Dry,Daylight,,,,15.0,From same direction - one left turn - one straight,0,0,False,0
-122.334196048695,47.589271745362,200572,289737,290597,E801438,Matched,Block,,1ST AVE S BETWEEN S ATLANTIC ST AND S MASSACHUSETTS ST, ,,1,Property Damage Only Collision,Sideswipe,3,0,0,2,0,0,2018-05-21 00:00:00+00,5/21/2018 5:49:00 PM,Driveway Junction,11,"MOTOR VEHICLE STRUCK MOTOR VEHICLE, FRONT END AT ANGLE",,False,Clear or Partly Cloudy,Dry,Daylight,,,,11.0,From same direction - both going straight - both moving - sideswipe,0,0,False,0
-122.319284073285,47.5498296307917,200573,289717,290577,E801232,Matched,Block,,S DORIS ST BETWEEN CORSON AVE S AND AIRPORT WAY S, ,,1,Property Damage Only Collision,Parked Car,2,0,0,2,0,0,2018-05-23 00:00:00+00,5/23/2018 11:18:00 AM,Mid-Block (not related to intersection),16,"MOTOR VEHICLE STRUCK MOTOR VEHICLE, LEFT SIDE SIDESWIPE",,False,Clear or Partly Cloudy,Dry,Daylight,,,,32.0,One parked--one moving,0,0,True,0
-122.342285164594,47.6318540662796,200574,291338,292238,3812082,Matched,Block,,DEXTER AVE N BETWEEN LEE ST AND GALER ST, ,,1,Property Damage Only Collision,Rear Ended,5,0,0,2,0,0,2018-06-10 00:00:00+00,6/10/2018 9:26:00 AM,Mid-Block (but intersection related),14,"MOTOR VEHICLE STRUCK MOTOR VEHICLE, REAR END",,False,Clear or Partly Cloudy,Dry,Daylight,,,,14.0,From same direction - both going straight - one stopped - rear-end,0,0,False,0
-122.322854905644,47.6068391774092,200575,289138,289998,E801070,Matched,Block,,BOREN AVE BETWEEN JAMES ST AND CHERRY ST, ,,2,Injury Collision,Sideswipe,5,0,0,3,2,0,2018-05-02 00:00:00+00,5/2/2018 4:14:00 PM,Mid-Block (not related to intersection),11,"MOTOR VEHICLE STRUCK MOTOR VEHICLE, FRONT END AT ANGLE",,False,Clear or Partly Cloudy,Dry,Daylight,,,,11.0,From same direction - both going straight - both moving - sideswipe,0,0,False,0