longitude,latitude,objectid,inckey,coldetkey,reportno,status,addrtype,intkey,location,exceptrsncode,exceptrsndesc,severitycode,severitydesc,collisiontype,personcount,pedcount,pedcylcount,vehcount,injuries,fatalities,incdate,incdttm,junctiontype,sdot_colcode,sdot_coldesc,inattentionind,underinfl,weather,roadcond,lightcond,pedrownotgrnt,sdotcolnum,speeding,st_colcode,st_coldesc,seglanekey,crosswalkkey,hitparkedcar,seriousinjuries
-122.315695175689,47.6236842310838,200576,289101,289961,E801065,Matched,Block,,13TH AVE E BETWEEN E REPUBLICAN ST AND E MERCER ST, ,,1,Property Damage Only Collision,Parked Car,2,0,0,2,0,0,2018-05-03 00:00:00+00,5/3/2018 7:17:00 PM,Mid-Block (not related to intersection),14,"MOTOR VEHICLE STRUCK MOTOR VEHICLE, REAR END",,False,Clear or Partly Cloudy,Dry,Dusk,,,,32.0,One parked--one moving,0,0,False,0
-122.355548762983,47.7241404825061,200578,289099,289959,E800244,Matched,Block,,GREENWOOD AVE N BETWEEN N 130TH ST AND N 132ND ST,NEI,"Not Enough Information, or Insufficient Location Information",1,Property Damage Only Collision,Parked Car,2,0,0,2,0,0,2018-05-21 00:00:00+00,5/21/2018 6:00:00 PM,,0,NOT ENOUGH INFORMATION / NOT APPLICABLE,,False,Clear or Partly Cloudy,Dry,Daylight,,,,32.0,One parked--one moving,0,0,True,0
-122.344031672482,47.6496472887195,200579,290859,291739,E796897,Matched,Intersection,26894.0,WOODLAND PARK AVE N AND N 35TH ST, ,,2,Injury Collision,Angles,2,0,0,2,1,0,2018-04-25 00:00:00+00,4/25/2018 11:48:00 AM,At Intersection (intersection related),14,"MOTOR VEHICLE STRUCK MOTOR VEHICLE, REAR END",,False,Clear or Partly Cloudy,Dry,Daylight,,,,10.0,Entering at angle,0,0,False,0
-122.385577388064,47.552091165526,200580,289098,289958,E800996,Matched,Intersection,32804.0,42ND AVE SW AND SW FINDLAY ST, ,,2,Injury Collision,Angles,2,0,0,2,2,0,2018-05-23 00:00:00+00,5/23/2018 3:39:00 PM,At Intersection (intersection related),11,"MOTOR VEHICLE STRUCK MOTOR VEHICLE, FRONT END AT ANGLE",,False,Clear or Partly Cloudy,Dry,Daylight,,,,10.0,Entering at angle,0,0,False,0
-122.34450137296,47.6865825527095,200581,290420,291300,E802112,Matched,Block,,AURORA AVE N BETWEEN N 79TH ST AND N 80TH ST, ,,1,Property Damage Only Collision,Angles,10,0,0,6,0,0,2018-05-26 00:00:00+00,5/26/2018 11:52:00 AM,Mid-Block (but intersection related),11,"MOTOR VEHICLE STRUCK MOTOR VEHICLE, FRONT END AT ANGLE",True,False,Clear or Partly Cloudy,Dry,Daylight,,,,10.0,Entering at angle,0,0,False,0
-122.34362354701,47.6258364456945,200583,289718,290578,E801261,Matched,Block,,AURORA AVE N BETWEEN ROY ST AND VALLEY ST, ,,1,Property Damage Only Collision,Sideswipe,2,0,0,2,0,0,2018-04-25 00:00:00+00,4/25/2018 4:39:00 PM,Mid-Block (not related to intersection),11,"MOTOR VEHICLE STRUCK MOTOR VEHICLE, FRONT END AT ANGLE",,False,Clear or Partly Cloudy,Dry,Daylight,,,,11.0,From same direction - both going straight - both moving - sideswipe,0,0,False,0
-122.310783505901,47.5829722603721,200584,290877,291757,E804798,Matched,Intersection,31573.0,17TH AVE S AND S COLLEGE ST, ,,1,Property Damage Only Collision,Angles,2,0,0,2,0,0,2018-05-29 00:00:00+00,5/29/2018 10:09:00 AM,At Intersection (intersection related),11,"MOTOR VEHICLE STRUCK MOTOR VEHICLE, FRONT END AT ANGLE",,False,Clear or Partly Cloudy,Dry,Daylight,,,,10.0,Entering at angle,0,0,False,0
-122.312148791442,47.6553401596866,200585,288698,289558,E799104,Matched,Intersection,27107.0,15TH AVE NE AND NE 40TH ST, ,,2,Injury Collision,Rear Ended,5,0,0,2,1,0,2018-04-19 00:00:00+00,4/19/2018 5:12:00 PM,At Intersection (but not related to intersection),14,"MOTOR VEHICLE STRUCK MOTOR VEHICLE, REAR END",True,False,Clear or Partly Cloudy,Dry,Daylight,,,,14.0,From same direction - both going straight - one stopped - rear-end,0,0,False,0
-122.312045323086,47.5791105556703,200587,290835,291715,E796764,Matched,Intersection,31621.0,16TH AVE S AND BEACON AVE S, ,,2,Injury Collision,Pedestrian,2,1,0,1,1,0,2018-04-13 00:00:00+00,4/13/2018 8:47:00 AM,At Intersection (intersection related),24,MOTOR VEHCILE STRUCK PEDESTRIAN,True,False,Clear or Partly Cloudy,Dry,Daylight,,,,1.0,Vehicle turning right hits pedestrian,0,0,False,0
-122.303097274066,47.6463904409554,200588,290418,291298,E802108,Matched,Block,,E SHELBY ST BETWEEN MONTLAKE BLVD E AND EAST PARK DR E, ,,1,Property Damage Only Collision,Parked Car,2,0,0,2,0,0,2018-05-20 00:00:00+00,5/20/2018 12:18:00 PM,Mid-Block (not related to intersection),14,"MOTOR VEHICLE STRUCK MOTOR VEHICLE, REAR END",,False,Clear or Partly Cloudy,Dry,Daylight,,,,32.0,One parked--one moving,0,0,True,0
-122.269987328715,47.5293320264204,200589,288682,289542,E799040,Matched,Block,,RAINIER AVE S BETWEEN S ROSE N ST AND S ROSE S ST, ,,1,Property Damage Only Collision,Angles,2,0,0,2,0,0,2018-05-17 00:00:00+00,5/17/2018 8:07:00 PM,Mid-Block (not related to intersection),11,"MOTOR VEHICLE STRUCK MOTOR VEHICLE, FRONT END AT ANGLE",True,False,Clear or Partly Cloudy,Dry,Daylight,,,,10.0,Entering at angle,0,0,False,0
-122.337805587072,47.589505526637,200591,289698,290558,E796767,Matched,Block,,ALASKAN WAY S BETWEEN S ATLANTIC ST AND S MASSACHUSETTS ST, ,,2b,Serious Injury Collision,Angles,2,0,0,2,1,0,2018-05-04 00:00:00+00,5/4/2018 7:01:00 AM,Mid-Block (not related to intersection),11,"MOTOR VEHICLE STRUCK MOTOR VEHICLE, FRONT END AT ANGLE",,False,Clear or Partly Cloudy,Dry,Daylight,,,,10.0,Entering at angle,0,0,False,1
-122.301809650973,47.5831452635027,200592,288681,289541,E798987,Matched,Intersection,31581.0,RAINIER AVE S AND S COLLEGE N ST, ,,2,Injury Collision,Angles,4,0,0,2,1,0,2018-05-17 00:00:00+00,5/17/2018 5:55:00 PM,At Intersection (intersection related),11,"MOTOR VEHICLE STRUCK MOTOR VEHICLE, FRONT END AT ANGLE",True,False,Clear or Partly Cloudy,Dry,Daylight,,,,10.0,Entering at angle,0,0,False,0
-122.378893201312,47.663956820625,200593,290860,291740,E796898,Matched,Intersection,25181.0,LEARY AVE NW AND NW LEARY WAY, ,,2,Injury Collision,Left Turn,5,0,0,2,3,0,2018-05-06 00:00:00+00,5/6/2018 6:10:00 PM,At Intersection (intersection related),11,"MOTOR VEHICLE STRUCK MOTOR VEHICLE, FRONT END AT ANGLE",,False,Clear or Partly Cloudy,Dry,Daylight,,,,28.0,From opposite direction - one left turn - one straight,0,0,False,0
-122.269989579991,47.5309669850167,200594,289678,290538,E796630,Matched,Block,,RAINIER AVE S BETWEEN S KENYON ST AND S ELMGROVE ST, ,,2,Injury Collision,Rear Ended,5,0,0,4,2,0,2018-05-06 00:00:00+00,5/6/2018 5:47:00 PM,Mid-Block (not related to intersection),14,"MOTOR VEHICLE STRUCK MOTOR VEHICLE, REAR END",,False,Clear or Partly Cloudy,Dry,Daylight,,,,13.0,From same direction - both going straight - both moving - rear-end,0,0,False,0
-122.329055961484,47.580852706239,200595,288680,289540,E798985,Matched,Block,,4TH AVE S BETWEEN S STACY ST AND S LANDER ST, ,,1,Property Damage Only Collision,Angles,4,0,0,2,0,0,2018-05-17 00:00:00+00,5/17/2018 2:40:00 PM,Mid-Block (not related to intersection),14,"MOTOR VEHICLE STRUCK MOTOR VEHICLE, REAR END",,False,Clear or Partly Cloudy,Dry,Daylight,,,,10.0,Entering at angle,0,0,False,0
-122.308310125978,47.6016772137642,200598,290421,291301,E802121,Matched,Block,,E YESLER WAY BETWEEN 18TH AVE AND 19TH AVE, ,,2,Injury Collision,Parked Car,2,0,0,2,1,0,2018-05-26 00:00:00+00,5/26/2018 6:31:00 PM,Mid-Block (not related to intersection),11,"MOTOR VEHICLE STRUCK MOTOR VEHICLE, FRONT END AT ANGLE",,False,Clear or Partly Cloudy,Dry,Daylight,,,,32.0,One parked--one moving,0,0,True,0
-122.314301324177,47.5477086644892,200600,289697,290557,E796765,Matched,Block,,AIRPORT WAY S BETWEEN 13TH AVE S AND S HARDY ST, ,,2,Injury Collision,Sideswipe,3,0,0,2,1,0,2018-05-08 00:00:00+00,5/8/2018 8:33:00 AM,Mid-Block (not related to intersection),11,"MOTOR VEHICLE STRUCK MOTOR VEHICLE, FRONT END AT ANGLE",,False,Clear or Partly Cloudy,Dry,Daylight,,,,11.0,From same direction - both going straight - both moving - sideswipe,0,0,False,0
-122.363158809043,47.5282820448717,200601,290897,291777,E804800,Matched,Intersection,34841.0,24TH AVE SW AND SW THISTLE ST, ,,1,Property Damage Only Collision,Angles,2,0,0,2,0,0,2018-05-29 00:00:00+00,5/29/2018 8:52:00 AM,At Intersection (intersection related),11,"MOTOR VEHICLE STRUCK MOTOR VEHICLE, FRONT END AT ANGLE",,False,Overcast,Dry,Daylight,,,,10.0,Entering at angle,0,0,False,0
-122.313927470969,47.5990163131389,200602,289137,289997,E801059,Matched,Block,,RAINIER AVE S BETWEEN BOREN AVE S AND S JACKSON PL, ,,1,Property Damage Only Collision,Rear Ended,2,0,0,2,0,0,2018-04-21 00:00:00+00,4/21/2018 1:51:00 AM,Mid-Block (but intersection related),14,"MOTOR VEHICLE STRUCK MOTOR VEHICLE, REAR END",,False,Raining,Wet,Dark - Street Lights On,,,,14.0,From same direction - both going straight - one stopped - rear-end,0,0,False,0
-122.272166997235,47.5424793595351,200603,288678,289538,E798963,Matched,Block,,S HOLLY ST BETWEEN RAINIER AVE S AND 49TH AVE S,NEI,"Not Enough Information, or Insufficient Location Information",1,Property Damage Only Collision,Parked Car,2,0,0,2,0,0,2018-05-12 00:00:00+00,5/12/2018 2:00:00 PM,Mid-Block (not related to intersection),0,NOT ENOUGH INFORMATION / NOT APPLICABLE,,False,Clear or Partly Cloudy,Dry,Daylight,,,,32.0,One parked--one moving,0,0,False,0
-122.269989579991,47.5309669850167,200604,288661,289521,3814791,Matched,Block,,RAINIER AVE S BETWEEN S KENYON ST AND S ELMGROVE ST, ,,1,Property Damage Only Collision,Sideswipe,5,0,0,2,0,0,2018-05-23 00:00:00+00,5/23/2018 9:37:00 PM,Mid-Block (not related to intersection),14,"MOTOR VEHICLE STRUCK MOTOR VEHICLE, REAR END",,False,Clear or Partly Cloudy,Dry,Dark - Street Lights On,,,,11.0,From same direction - both going straight - both moving - sideswipe,0,0,False,0
-122.364461989649,47.6516375126104,200605,290836,291716,E804796,Matched,Intersection,26684.0,6TH AVE W AND W NICKERSON ST, ,,2,Injury Collision,Angles,2,0,0,2,1,0,2018-05-31 00:00:00+00,5/31/2018 8:17:00 AM,At Intersection (intersection related),11,"MOTOR VEHICLE STRUCK MOTOR VEHICLE, FRONT END AT ANGLE",True,False,Clear or Partly Cloudy,Dry,Daylight,,,,10.0,Entering at angle,0,0,False,0
-122.30061023064,47.6671211675384,200606,290419,291299,E802111,Matched,Block,,25TH AVE NE BETWEEN NE BLAKELEY ST AND NE 54TH ST, ,,2,Injury Collision,Rear Ended,2,0,0,2,1,0,2018-05-26 00:00:00+00,5/26/2018 12:43:00 PM,Driveway Junction,14,"MOTOR VEHICLE STRUCK MOTOR VEHICLE, REAR END",,False,Clear or Partly Cloudy,Dry,Daylight,,,,13.0,From same direction - both going straight - both moving - rear-end,0,0,False,0
-122.334416081773,47.6959495542256,200608,292197,293137,E806318,Matched,Block,,N 92ND ST BETWEEN COLLEGE WAY N AND MERIDIAN AVE N, ,,1,Property Damage Only Collision,Rear Ended,2,0,0,2,0,0,2018-06-08 00:00:00+00,6/8/2018 1:45:00 PM,Mid-Block (but intersection related),14,"MOTOR VEHICLE STRUCK MOTOR VEHICLE, REAR END",,False,Raining,Wet,Daylight,,,,14.0,From same direction - both going straight - one stopped - rear-end,0,0,False,0
-122.342820213374,47.6100179960205,200609,293297,294317,E809318,Matched,Block,,PIKE PL BETWEEN STEWART ST AND VIRGINIA ST, ,,1,Property Damage Only Collision,Rear Ended,3,0,0,2,0,0,2018-06-18 00:00:00+00,6/18/2018 1:31:00 PM,Mid-Block (not related to intersection),14,"MOTOR VEHICLE STRUCK MOTOR VEHICLE, REAR END",True,False,Clear or Partly Cloudy,Dry,Daylight,,,,14.0,From same direction - both going straight - one stopped - rear-end,0,0,False,0
-122.347549931408,47.6271594672225,200610,292180,293120,3812329,Matched,Intersection,28872.0,5TH AVE N AND ALOHA ST, ,,1,Property Damage Only Collision,Angles,5,0,0,2,0,0,2018-06-08 00:00:00+00,6/8/2018 4:50:00 PM,At Intersection (intersection related),11,"MOTOR VEHICLE STRUCK MOTOR VEHICLE, FRONT END AT ANGLE",,False,Raining,Wet,Daylight,,,,10.0,Entering at angle,0,0,False,0
-122.357661747489,47.6529653884521,200611,292699,293679,E809671,Matched,Intersection,26679.0,1ST AVE NW AND NW 36TH ST, ,,2,Injury Collision,Angles,2,0,0,2,1,0,2018-06-14 00:00:00+00,6/14/2018 10:33:00 AM,At Intersection (intersection related),11,"MOTOR VEHICLE STRUCK MOTOR VEHICLE, FRONT END AT ANGLE",,False,Clear or Partly Cloudy,Dry,Daylight,,,True,10.0,Entering at angle,0,0,False,0
-122.343551284659,47.6271442217092,200612,292179,293119,3812302,Matched,Intersection,28730.0,ALOHA ST AND AURORA AVE N, ,,1,Property Damage Only Collision,Angles,3,0,0,2,0,0,2018-06-15 00:00:00+00,6/15/2018 5:20:00 PM,At Intersection (intersection related),11,"MOTOR VEHICLE STRUCK MOTOR VEHICLE, FRONT END AT ANGLE",,False,Clear or Partly Cloudy,Dry,Daylight,,,,10.0,Entering at angle,0,0,False,0
-122.320727861346,47.661319003343,200613,292178,293118,E806622,Matched,Intersection,27070.0,7TH AVE NE AND NE 45TH ST, ,,1,Property Damage Only Collision,Other,2,0,0,2,0,0,2018-06-05 00:00:00+00,6/5/2018 6:30:00 PM,At Intersection (intersection related),11,"MOTOR VEHICLE STRUCK MOTOR VEHICLE, FRONT END AT ANGLE",,False,Clear or Partly Cloudy,Dry,Dusk,,,,31.0,Not stated,0,0,False,0
-122.344616635831,47.6985331745679,200614,292695,293675,E809645,Matched,Intersection,37314.0,AURORA AVE N AND N 96TH S ST, ,,2,Injury Collision,Left Turn,3,0,0,2,1,0,2018-05-21 00:00:00+00,5/21/2018 3:54:00 AM,At Intersection (intersection related),11,"MOTOR VEHICLE STRUCK MOTOR VEHICLE, FRONT END AT ANGLE",,False,Clear or Partly Cloudy,Dry,Dark - Street Lights On,,,,28.0,From opposite direction - one left turn - one straight,0,0,False,0
-122.27884181131,47.5237685922092,200615,293257,294277,E809310,Matched,Block,,M L KING JR ER WAY S BETWEEN S TRENTON ST AND S HENDERSON ST, ,,1,Property Damage Only Collision,Other,2,0,0,1,0,0,2018-06-18 00:00:00+00,6/18/2018 4:54:00 AM,Mid-Block (not related to intersection),26,MOTOR VEHICLE STRUCK OBJECT IN ROAD,True,False,Clear or Partly Cloudy,Dry,Dawn,,,,50.0,Fixed object,0,0,False,0
-122.368606939174,47.6625654631035,200617,293319,294339,E809485,Matched,Block,,9TH AVE NW BETWEEN NW 46TH ST AND NW BALLARD WAY, ,,1,Property Damage Only Collision,Other,1,0,0,1,0,0,2018-06-14 00:00:00+00,6/14/2018 2:23:00 AM,Mid-Block (not related to intersection),26,MOTOR VEHICLE STRUCK OBJECT IN ROAD,,False,Overcast,Wet,Dark - Street Lights On,,,,50.0,Fixed object,0,0,False,0
-122.335466463404,47.6000462228559,200618,292158,293098,3812256,Matched,Intersection,30373.0,ALASKAN E RDWY WAY S AND S MAIN ST, ,,2,Injury Collision,Rear Ended,3,0,0,2,1,0,2018-06-15 00:00:00+00,6/15/2018 10:40:00 PM,At Intersection (intersection related),14,"MOTOR VEHICLE STRUCK MOTOR VEHICLE, REAR END",True,False,Clear or Partly Cloudy,Dry,Dark - Street Lights On,,,,13.0,From same direction - both going straight - both moving - rear-end,0,0,False,0
-122.387534698947,47.6776982241404,200619,292697,293677,E809647,Matched,Intersection,23932.0,24TH AVE NW AND NW 67TH ST, ,,1,Property Damage Only Collision,Angles,2,0,0,2,0,0,2018-06-13 00:00:00+00,6/13/2018 7:40:00 AM,At Intersection (intersection related),11,"MOTOR VEHICLE STRUCK MOTOR VEHICLE, FRONT END AT ANGLE",True,False,Overcast,Wet,Daylight,,,,10.0,Entering at angle,0,0,False,0
-122.382126673814,47.6694466512202,200621,292694,293674,E809538,Matched,Intersection,25137.0,20TH AVE NW AND NW 56TH ST, ,,1,Property Damage Only Collision,Pedestrian,2,1,0,1,0,0,2018-06-03 00:00:00+00,6/3/2018 10:11:00 AM,At Intersection (intersection related),24,MOTOR VEHCILE STRUCK PEDESTRIAN,,False,Clear or Partly Cloudy,Dry,Daylight,True,,,2.0,Vehicle turning left hits pedestrian,0,520954,False,0
-122.348767397536,47.7195828565882,200622,292142,293082,3751161,Matched,Intersection,519894.0,INTERURBAN TRL AND N 125TH ST, ,,2,Injury Collision,Cycles,2,0,1,1,1,0,2018-06-17 00:00:00+00,6/17/2018 10:05:00 AM,At Intersection (intersection related),51,PEDALCYCLIST STRUCK MOTOR VEHICLE FRONT END AT ANGLE,True,False,Clear or Partly Cloudy,Dry,Daylight,,,,6.0,Pedalcyclist Strikes Moving Vehicle,0,642420,False,0
-122.343556037425,47.6566455148936,200623,293317,294337,E809484,Matched,Intersection,26833.0,MIDVALE AVE N AND N 41ST ST, ,,1,Property Damage Only Collision,Parked Car,3,0,0,3,0,0,2018-06-07 00:00:00+00,6/7/2018 8:15:00 AM,At Intersection (intersection related),14,"MOTOR VEHICLE STRUCK MOTOR VEHICLE, REAR END",,False,Clear or Partly Cloudy,Dry,Daylight,,,,32.0,One parked--one moving,0,0,True,0
-122.31736315135,47.6749793711557,200624,292141,293081,3751159,Matched,Intersection,25698.0,ROOSEVELT WAY NE AND NE 64TH ST, ,,1,Property Damage Only Collision,Left Turn,2,0,0,2,0,0,2018-06-17 00:00:00+00,6/17/2018 1:12:00 AM,At Intersection (intersection related),11,"MOTOR VEHICLE STRUCK MOTOR VEHICLE, FRONT END AT ANGLE",,False,Clear or Partly Cloudy,Dry,Dark - Street Lights On,,,,15.0,From same direction - one left turn - one straight,0,0,False,0
-122.402105798258,47.6341003966353,200625,291399,292299,3812330,Matched,Block,,MAGNOLIA BLVD W BETWEEN 34TH CT W AND 36TH AVE W, ,,2,Injury Collision,Head On,2,0,0,2,1,0,2018-06-08 00:00:00+00,6/8/2018 8:42:00 PM,Mid-Block (not related to intersection),11,"MOTOR VEHICLE STRUCK MOTOR VEHICLE, FRONT END AT ANGLE",,False,Raining,Wet,Dark - Street Lights On,,,True,30.0,From opposite direction - all others,0,0,False,0
-122.282056769844,47.519902973516,200626,293237,294257,E809309,Matched,Block,,CARKEEK DR S BETWEEN 41ST AVE S AND 40TH AVE S, ,,2,Injury Collision,Sideswipe,3,0,0,2,1,0,2018-06-17 00:00:00+00,6/17/2018 11:44:00 PM,Mid-Block (not related to intersection),11,"MOTOR VEHICLE STRUCK MOTOR VEHICLE, FRONT END AT ANGLE",,False,Clear or Partly Cloudy,Dry,Dark - Street Lights On,,,,11.0,From same direction - both going straight - both moving - sideswipe,0,0,False,0
-122.315682075427,47.5991995193652,200627,291398,292298,3812328,Matched,Block,,S JACKSON ST BETWEEN 12TH AVE S AND 14TH AVE S, ,,1,Property Damage Only Collision,Angles,2,0,0,2,0,0,2018-06-07 00:00:00+00,6/7/2018 5:06:00 PM,Driveway Junction,11,"MOTOR VEHICLE STRUCK MOTOR VEHICLE, FRONT END AT ANGLE",True,False,Clear or Partly Cloudy,Dry,Daylight,,,,10.0,Entering at angle,0,0,False,0
-122.384742066219,47.6727336774962,200629,293320,294340,E809537,Matched,Block,,22ND AVE NW BETWEEN NW 60TH ST AND NW 61ST ST, ,,1,Property Damage Only Collision,Parked Car,5,0,0,2,0,0,2018-06-02 00:00:00+00,6/2/2018 10:49:00 AM,Mid-Block (not related to intersection),11,"MOTOR VEHICLE STRUCK MOTOR VEHICLE, FRONT END AT ANGLE",,False,Clear or Partly Cloudy,Dry,Daylight,,,,32.0,One parked--one moving,0,0,False,0
-122.338381089161,47.6179365764684,200630,291397,292297,3812277,Matched,Block,,WESTLAKE AVE BETWEEN BLANCHARD ST AND 9TH AVE, ,,1,Property Damage Only Collision,Left Turn,2,0,0,2,0,0,2018-06-06 00:00:00+00,6/6/2018 7:37:00 PM,Mid-Block (but intersection related),14,"MOTOR VEHICLE STRUCK MOTOR VEHICLE, REAR END",,False,Clear or Partly Cloudy,Dry,Daylight,,,,29.0,From opposite direction - one left turn - one right turn,0,0,False,0
-122.33022144028,47.5556398358225,200631,293277,294297,E809903,Matched,Block,,S DAWSON ST BETWEEN 3RD AVE S AND 4TH AVE S, ,,1,Property Damage Only Collision,Parked Car,2,0,0,2,0,0,2018-06-12 00:00:00+00,6/12/2018 9:51:00 AM,Mid-Block (but intersection related),11,"MOTOR VEHICLE STRUCK MOTOR VEHICLE, FRONT END AT ANGLE",,False,Overcast,Dry,Daylight,,,,20.0,One car leaving parked position,0,0,False,0
-122.347571020313,47.6245614776713,200632,291378,292278,3812276,Matched,Intersection,28914.0,5TH AVE N AND MERCER ST, ,,1,Property Damage Only Collision,Sideswipe,2,0,0,2,0,0,2018-06-05 00:00:00+00,6/5/2018 11:13:00 PM,At Intersection (intersection related),11,"MOTOR VEHICLE STRUCK MOTOR VEHICLE, FRONT END AT ANGLE",True,False,Clear or Partly Cloudy,Dry,Dark - Street Lights On,,,,81.0,Same direction -- both turning left -- both moving -- sideswipe,0,0,False,0
-122.333265650015,47.5861032764906,200633,292698,293678,E809668,Matched,Intersection,31346.0,OCCIDENTAL AVE S AND S HOLGATE ST, ,,1,Property Damage Only Collision,Angles,2,0,0,2,0,0,2018-06-08 00:00:00+00,6/8/2018 3:47:00 PM,At Intersection (intersection related),11,"MOTOR VEHICLE STRUCK MOTOR VEHICLE, FRONT END AT ANGLE",,False,Clear or Partly Cloudy,Dry,Daylight,,,,10.0,Entering at angle,0,0,False,0
-122.335600466439,47.6185227728334,200634,291377,292277,3812253,Matched,Block,,DENNY WAY BETWEEN BOREN AVE N AND BOREN AVE, ,,1,Property Damage Only Collision,Rear Ended,2,0,0,2,0,0,2018-06-12 00:00:00+00,6/12/2018 1:37:00 AM,Mid-Block (not related to intersection),14,"MOTOR VEHICLE STRUCK MOTOR VEHICLE, REAR END",,False,Clear or Partly Cloudy,Dry,Dark - Street Lights On,,,,13.0,From same direction - both going straight - both moving - rear-end,0,0,False,0
-122.329292105679,47.6184493537895,200635,291358,292258,3812252,Matched,Block,,DENNY WAY BETWEEN STEWART ST AND MELROSE AVE, ,,2,Injury Collision,Rear Ended,3,0,0,2,1,0,2018-06-10 00:00:00+00,6/10/2018 5:28:00 PM,Mid-Block (but intersection related),14,"MOTOR VEHICLE STRUCK MOTOR VEHICLE, REAR END",,False,Raining,Wet,Daylight,,,,13.0,From same direction - both going straight - both moving - rear-end,0,0,False,0
-122.290478892924,47.683048235121,200636,292692,293672,E809001,Matched,Intersection,24933.0,35TH AVE NE AND NE 75TH ST, ,,1,Property Damage Only Collision,Left Turn,4,0,0,2,0,0,2018-06-18 00:00:00+00,6/18/2018,At Intersection (intersection related),11,"MOTOR VEHICLE STRUCK MOTOR VEHICLE, FRONT END AT ANGLE",True,False,Clear or Partly Cloudy,Dry,Dark - Street Lights On,,,,28.0,From opposite direction - one left turn - one straight,0,0,False,0
-122.317765950187,47.6589112492149,200638,293318,294338,E809904,Matched,Block,,ROOSEVELT WAY NE BETWEEN NE 42ND N ST AND NE 43RD S ST, ,,2,Injury Collision,Pedestrian,3,0,1,1,1,0,2018-06-15 00:00:00+00,6/15/2018 7:50:00 AM,Driveway Junction,18,"MOTOR VEHICLE STRUCK PEDALCYCLIST, FRONT END AT ANGLE",True,False,Clear or Partly Cloudy,Dry,Daylight,,,,5.0,Vehicle Strikes Pedalcyclist,0,0,False,0
-122.347294317702,47.6471711193713,200639,291357,292257,3812164,Matched,Block,,AURORA BR BETWEEN RAYE ST AND BRIDGE WAY N, ,,1,Property Damage Only Collision,Other,1,0,0,1,0,0,2018-06-09 00:00:00+00,6/9/2018 1:37:00 PM,Mid-Block (not related to intersection),28,MOTOR VEHICLE RAN OFF ROAD - HIT FIXED OBJECT,True,False,Overcast,Wet,Daylight,,,,50.0,Fixed object,0,0,False,0
-122.328977017497,47.6608182439582,200640,292696,293676,E807100,Matched,Block,,EASTERN AVE N BETWEEN N 44TH ST AND N 45TH ST, ,,1,Property Damage Only Collision,Parked Car,3,0,0,3,0,0,2018-06-09 00:00:00+00,6/9/2018 9:11:00 PM,Mid-Block (not related to intersection),11,"MOTOR VEHICLE STRUCK MOTOR VEHICLE, FRONT END AT ANGLE",,False,Overcast,Dry,Dark - Street Lights On,,,,32.0,One parked--one moving,0,0,True,0
-122.303813171908,47.6757760856668,200641,295958,297078,E814604,Matched,Intersection,24803.0,RAVENNA AVE NE AND NE 65TH ST, ,,2b,Serious Injury Collision,Pedestrian,2,0,1,1,1,0,2018-07-03 00:00:00+00,7/3/2018 3:40:00 PM,At Intersection (intersection related),18,"MOTOR VEHICLE STRUCK PEDALCYCLIST, FRONT END AT ANGLE",True,False,Clear or Partly Cloudy,Dry,Daylight,,,,5.0,Vehicle Strikes Pedalcyclist,0,0,False,1
-122.290233639257,47.6721475301972,200644,296017,297137,E814605,Matched,Intersection,26193.0,35TH AVE NE AND NE 60TH ST, ,,2,Injury Collision,Other,3,0,0,2,2,0,2018-07-03 00:00:00+00,7/3/2018 4:11:00 PM,At Intersection (intersection related),11,"MOTOR VEHICLE STRUCK MOTOR VEHICLE, FRONT END AT ANGLE",True,False,Clear or Partly Cloudy,Dry,Daylight,,,,23.0,From same direction - all others,0,0,False,0
-122.326822569819,47.6555429073838,200645,294188,295266,E812535,Matched,Intersection,27230.0,2ND AVE NE AND NE 40TH ST, ,,2b,Serious Injury Collision,Cycles,2,0,1,1,1,0,2018-06-17 00:00:00+00,6/17/2018 2:46:00 PM,At Intersection (intersection related),18,"MOTOR VEHICLE STRUCK PEDALCYCLIST, FRONT END AT ANGLE",,False,Clear or Partly Cloudy,Dry,Daylight,,,,6.0,Pedalcyclist Strikes Moving Vehicle,0,0,False,1
-122.295909582802,47.5754195803502,200650,294187,295265,E808674,Matched,Block,,RAINIER AVE S BETWEEN S MOUNT BAKER EB BV AND S HANFORD ST, ,,2,Injury Collision,Left Turn,3,0,0,2,1,0,2018-06-16 00:00:00+00,6/16/2018 10:23:00 AM,Driveway Junction,11,"MOTOR VEHICLE STRUCK MOTOR VEHICLE, FRONT END AT ANGLE",,False,Clear or Partly Cloudy,Dry,Daylight,,,,28.0,From opposite direction - one left turn - one straight,0,0,False,0
-122.347927105353,47.6577430818605,200651,295977,297097,E814685,Matched,Block,,N 42ND ST BETWEEN LINDEN AVE N AND AURORA AVE N, ,,1,Property Damage Only Collision,Angles,4,0,0,2,0,0,2018-07-03 00:00:00+00,7/3/2018 7:33:00 AM,Mid-Block (but intersection related),11,"MOTOR VEHICLE STRUCK MOTOR VEHICLE, FRONT END AT ANGLE",True,False,Clear or Partly Cloudy,Dry,Daylight,,,,10.0,Entering at angle,0,0,False,0
-122.3174895077,47.6831111823573,200652,294186,295264,E812808,Matched,Intersection,24431.0,ROOSEVELT WAY NE AND NE 75TH ST, ,,2,Injury Collision,Rear Ended,2,0,0,2,1,0,2018-06-26 00:00:00+00,6/26/2018 7:17:00 AM,At Intersection (intersection related),14,"MOTOR VEHICLE STRUCK MOTOR VEHICLE, REAR END",True,False,Raining,Wet,Daylight,,,,14.0,From same direction - both going straight - one stopped - rear-end,0,0,False,0