longitude,latitude,objectid,inckey,coldetkey,reportno,status,addrtype,intkey,location,exceptrsncode,exceptrsndesc,severitycode,severitydesc,collisiontype,personcount,pedcount,pedcylcount,vehcount,injuries,fatalities,incdate,incdttm,junctiontype,sdot_colcode,sdot_coldesc,inattentionind,underinfl,weather,roadcond,lightcond,pedrownotgrnt,sdotcolnum,speeding,st_colcode,st_coldesc,seglanekey,crosswalkkey,hitparkedcar,seriousinjuries
-122.325979805267,47.5749805271655,200654,293741,294761,3818761,Matched,Block,,6TH AVE S BETWEEN S HANFORD ST AND S HORTON ST, ,,2,Injury Collision,Angles,2,0,0,2,1,0,2018-06-21 00:00:00+00,6/21/2018 5:42:00 PM,Driveway Junction,11,"MOTOR VEHICLE STRUCK MOTOR VEHICLE, FRONT END AT ANGLE",,False,Clear or Partly Cloudy,Dry,Daylight,,,,10.0,Entering at angle,0,0,False,0
-122.36064949794,47.6876640007525,200655,295937,297057,E814599,Matched,Intersection,24054.0,3RD AVE NW AND NW 81ST ST, ,,1,Property Damage Only Collision,Angles,5,0,0,2,0,0,2018-06-26 00:00:00+00,6/26/2018 9:31:00 AM,At Intersection (intersection related),11,"MOTOR VEHICLE STRUCK MOTOR VEHICLE, FRONT END AT ANGLE",True,False,Clear or Partly Cloudy,Dry,Daylight,,,,10.0,Entering at angle,0,0,False,0
-122.30652821302,47.6612571303194,200658,294191,295269,E812536,Matched,Intersection,26079.0,20TH AVE NE AND NE 45TH ST, ,,2,Injury Collision,Pedestrian,2,1,0,1,1,0,2018-06-18 00:00:00+00,6/18/2018 1:47:00 PM,At Intersection (intersection related),24,MOTOR VEHCILE STRUCK PEDESTRIAN,,False,Clear or Partly Cloudy,Dry,Daylight,True,,,2.0,Vehicle turning left hits pedestrian,0,0,False,0
-122.328859902371,47.6033399138646,200659,293740,294760,E810033,Matched,Block,,5TH AVE BETWEEN JEFFERSON ST AND JAMES ST, ,,2,Injury Collision,Pedestrian,2,0,1,1,1,0,2018-06-19 00:00:00+00,6/19/2018 11:32:00 AM,Mid-Block (not related to intersection),18,"MOTOR VEHICLE STRUCK PEDALCYCLIST, FRONT END AT ANGLE",,False,Clear or Partly Cloudy,Dry,Daylight,,,,5.0,Vehicle Strikes Pedalcyclist,0,0,False,0
-122.323461333857,47.639726536582,200660,296018,297138,E814687,Matched,Intersection,28223.0,BOYLSTON AVE E AND E LYNN ST, ,,1,Property Damage Only Collision,Other,1,0,0,1,0,0,2018-06-27 00:00:00+00,6/27/2018 7:55:00 AM,At Intersection (intersection related),28,MOTOR VEHICLE RAN OFF ROAD - HIT FIXED OBJECT,,False,Overcast,Dry,Daylight,,,,50.0,Fixed object,0,0,False,0
-122.302806154307,47.5866239475695,200662,293739,294759,3814752,Matched,Block,,23RD AVE S BETWEEN S GRAND ST AND S HOLGATE ST, ,,1,Property Damage Only Collision,Sideswipe,2,0,0,2,0,0,2018-06-21 00:00:00+00,6/21/2018 5:23:00 AM,Mid-Block (not related to intersection),16,"MOTOR VEHICLE STRUCK MOTOR VEHICLE, LEFT SIDE SIDESWIPE",,False,Overcast,Dry,Dawn,,,,11.0,From same direction - both going straight - both moving - sideswipe,0,0,False,0
-122.376219913468,47.6636637218806,200663,295957,297077,E814684,Matched,Block,,NW LEARY WAY BETWEEN 15TH NB AVE NW AND 15TH SB AVE NW, ,,1,Property Damage Only Collision,Sideswipe,2,0,0,2,0,0,2018-06-29 00:00:00+00,6/29/2018 6:44:00 AM,Mid-Block (but intersection related),11,"MOTOR VEHICLE STRUCK MOTOR VEHICLE, FRONT END AT ANGLE",,False,Overcast,Dry,Daylight,,,,81.0,Same direction -- both turning left -- both moving -- sideswipe,0,0,False,0
-122.308930585661,47.6080261456844,200664,295079,296179,E812530,Matched,Intersection,30178.0,18TH AVE AND E CHERRY ST, ,,1,Property Damage Only Collision,Left Turn,2,0,0,2,0,0,2018-06-13 00:00:00+00,6/13/2018 8:30:00 AM,At Intersection (intersection related),11,"MOTOR VEHICLE STRUCK MOTOR VEHICLE, FRONT END AT ANGLE",,False,Clear or Partly Cloudy,Dry,Daylight,,,,28.0,From opposite direction - one left turn - one straight,0,0,False,0
-122.328859902371,47.6033399138646,200682,299377,300557,E819675,Matched,Block,,5TH AVE BETWEEN JEFFERSON ST AND JAMES ST, ,,1,Property Damage Only Collision,Parked Car,3,0,0,2,0,0,2018-07-12 00:00:00+00,7/12/2018 1:52:00 PM,Mid-Block (not related to intersection),14,"MOTOR VEHICLE STRUCK MOTOR VEHICLE, REAR END",,False,Clear or Partly Cloudy,Dry,Daylight,,,,19.0,One car entering parked position,0,0,False,0
-122.339072322605,47.5715064685324,200665,293738,294758,3814747,Matched,Block,,WEST SEATTLE BR EB BETWEEN 1ST AV S OFF RP AND SPOKANE ST - W SEA B RP, ,,1,Property Damage Only Collision,Sideswipe,2,0,0,2,0,0,2018-06-20 00:00:00+00,6/20/2018 1:46:00 PM,Mid-Block (not related to intersection),16,"MOTOR VEHICLE STRUCK MOTOR VEHICLE, LEFT SIDE SIDESWIPE",,False,Clear or Partly Cloudy,Dry,Daylight,,,,11.0,From same direction - both going straight - both moving - sideswipe,0,0,False,0
-122.317073923298,47.6456151313501,200666,296777,297897,3773770,Matched,Intersection,28194.0,BOYER AVE E AND E HAMLIN ST, ,,2,Injury Collision,Left Turn,3,0,0,2,1,0,2018-07-11 00:00:00+00,7/11/2018 3:55:00 PM,At Intersection (intersection related),11,"MOTOR VEHICLE STRUCK MOTOR VEHICLE, FRONT END AT ANGLE",,False,Clear or Partly Cloudy,Dry,Daylight,,,,28.0,From opposite direction - one left turn - one straight,0,0,False,0
-122.329056818483,47.5871999315764,200668,293737,294757,E810032,Matched,Block,,4TH AVE S BETWEEN S MASSACHUSETTS ST AND S HOLGATE ST, ,,2,Injury Collision,Rear Ended,2,0,0,2,1,0,2018-06-15 00:00:00+00,6/15/2018 1:35:00 PM,Mid-Block (but intersection related),14,"MOTOR VEHICLE STRUCK MOTOR VEHICLE, REAR END",,False,Clear or Partly Cloudy,Dry,Daylight,,,,13.0,From same direction - both going straight - both moving - rear-end,0,0,False,0
-122.367268987583,47.689878499097,200669,295997,297117,E814686,Matched,Block,,DIBBLE AVE NW BETWEEN NW 83RD ST AND NW 85TH ST, ,,1,Property Damage Only Collision,Parked Car,3,0,0,2,0,0,2018-07-03 00:00:00+00,7/3/2018 7:03:00 AM,Mid-Block (but intersection related),14,"MOTOR VEHICLE STRUCK MOTOR VEHICLE, REAR END",True,False,Clear or Partly Cloudy,Dry,Daylight,,,,32.0,One parked--one moving,0,0,False,0
-122.367022197825,47.6255916423364,200670,293717,294737,E810280,Matched,Block,,ELLIOTT AVE W BETWEEN W MERCER ST AND W MERCER PL, ,,1,Property Damage Only Collision,Rear Ended,2,0,0,2,0,0,2018-06-05 00:00:00+00,6/5/2018 6:56:00 AM,Mid-Block (not related to intersection),14,"MOTOR VEHICLE STRUCK MOTOR VEHICLE, REAR END",True,False,Clear or Partly Cloudy,Dry,Daylight,,,,13.0,From same direction - both going straight - both moving - rear-end,0,0,False,0
-122.366001730798,47.6869363577533,200671,295938,297058,E814600,Matched,Intersection,24137.0,8TH AVE NW AND NW 80TH ST, ,,1,Property Damage Only Collision,Angles,2,0,0,2,0,0,2018-06-18 00:00:00+00,6/18/2018 10:20:00 AM,At Intersection (intersection related),11,"MOTOR VEHICLE STRUCK MOTOR VEHICLE, FRONT END AT ANGLE",,False,Clear or Partly Cloudy,Dry,Daylight,,,,10.0,Entering at angle,0,0,False,0
-122.344834272864,47.7135479791056,200672,295117,296217,E812999,Matched,Block,,AURORA AVE N BETWEEN N 115TH ST AND N 117TH PL, ,,1,Property Damage Only Collision,Rear Ended,2,0,0,2,0,0,2018-06-28 00:00:00+00,6/28/2018 9:34:00 AM,Mid-Block (not related to intersection),14,"MOTOR VEHICLE STRUCK MOTOR VEHICLE, REAR END",True,False,Clear or Partly Cloudy,Dry,Daylight,,,,13.0,From same direction - both going straight - both moving - rear-end,0,0,False,0
-122.311083756687,47.5534329969664,200673,295078,296178,E812507,Matched,Intersection,33360.0,17TH AVE S AND S LUCILE ST, ,,2,Injury Collision,Angles,3,0,0,2,1,0,2018-06-26 00:00:00+00,6/26/2018 9:59:00 AM,At Intersection (intersection related),11,"MOTOR VEHICLE STRUCK MOTOR VEHICLE, FRONT END AT ANGLE",,True,Clear or Partly Cloudy,Dry,Daylight,,,,10.0,Entering at angle,0,0,False,0
-122.401083315051,47.6798033493466,200674,294192,295270,E812673,Matched,Block,,34TH AVE NW BETWEEN NW 70TH ST AND NW 71ST ST, ,,1,Property Damage Only Collision,Parked Car,2,0,0,2,0,0,2018-06-27 00:00:00+00,6/27/2018 8:00:00 AM,Mid-Block (not related to intersection),11,"MOTOR VEHICLE STRUCK MOTOR VEHICLE, FRONT END AT ANGLE",,False,Clear or Partly Cloudy,Dry,Daylight,,,,32.0,One parked--one moving,0,0,True,0
-122.387683180312,47.6387771164739,200675,293698,294718,E810279,Matched,Block,,THORNDYKE AVE W BETWEEN W BOSTON ST AND W LYNN ST, ,,1,Property Damage Only Collision,Parked Car,2,0,0,2,0,0,2018-05-25 00:00:00+00,5/25/2018 5:20:00 PM,Mid-Block (not related to intersection),11,"MOTOR VEHICLE STRUCK MOTOR VEHICLE, FRONT END AT ANGLE",,False,Clear or Partly Cloudy,Dry,Daylight,,,,32.0,One parked--one moving,0,0,False,0
-122.36121114722,47.620901365712,200676,293697,294717,3812337,Matched,Block,,ELLIOTT AVE W BETWEEN W THOMAS S ST AND WESTERN AVE W, ,,1,Property Damage Only Collision,Right Turn,2,0,0,2,0,0,2018-06-26 00:00:00+00,6/26/2018 6:19:00 AM,Mid-Block (not related to intersection),11,"MOTOR VEHICLE STRUCK MOTOR VEHICLE, FRONT END AT ANGLE",,False,Overcast,Wet,Dawn,,,,16.0,From same direction - one right turn - one straight,0,0,False,0
-122.311881344463,47.6685399956098,200677,296757,297877,3754415,Matched,Intersection,26013.0,15TH AVE NE AND NE 55TH ST, ,,2,Injury Collision,Angles,4,0,0,2,1,0,2018-07-12 00:00:00+00,7/12/2018 8:50:00 AM,At Intersection (intersection related),11,"MOTOR VEHICLE STRUCK MOTOR VEHICLE, FRONT END AT ANGLE",,False,Clear or Partly Cloudy,Dry,Daylight,,,,10.0,Entering at angle,0,0,False,0
-122.357659937107,47.653556595213,200678,295177,296277,E813276,Matched,Block,,1ST AVE NW BETWEEN NW 36TH ST AND NW 39TH W ST, ,,2,Injury Collision,Right Turn,6,0,0,2,4,0,2018-06-17 00:00:00+00,6/17/2018 4:51:00 PM,Mid-Block (not related to intersection),11,"MOTOR VEHICLE STRUCK MOTOR VEHICLE, FRONT END AT ANGLE",,False,Clear or Partly Cloudy,Dry,Daylight,,,,16.0,From same direction - one right turn - one straight,0,0,False,0
-122.312212209655,47.5792920375495,200679,297722,298842,E817708,Matched,Block,,BEACON AVE S BETWEEN S LANDER ST AND 16TH AVE S, ,,1,Property Damage Only Collision,Other,1,0,0,1,0,0,2018-07-11 00:00:00+00,7/11/2018 3:43:00 PM,Mid-Block (not related to intersection),26,MOTOR VEHICLE STRUCK OBJECT IN ROAD,True,False,Clear or Partly Cloudy,Dry,Daylight,,,,50.0,Fixed object,0,0,False,0
-122.310150322968,47.59407194426,200680,299420,300600,3626245,Matched,Intersection,30794.0,RAINIER AVE S AND S CHARLES S ST, ,,1,Property Damage Only Collision,Rear Ended,2,0,0,2,0,0,2018-07-30 00:00:00+00,7/30/2018 10:45:00 AM,At Intersection (but not related to intersection),14,"MOTOR VEHICLE STRUCK MOTOR VEHICLE, REAR END",,False,Clear or Partly Cloudy,Dry,Dusk,,,,14.0,From same direction - both going straight - one stopped - rear-end,0,0,False,0
-122.387598105746,47.6905754537773,200681,298334,299474,3751451,Matched,Intersection,36974.0,24TH AVE NW AND NW 85TH ST, ,,1,Property Damage Only Collision,Rear Ended,2,0,0,2,0,0,2018-07-23 00:00:00+00,7/23/2018 7:07:00 PM,At Intersection (but not related to intersection),14,"MOTOR VEHICLE STRUCK MOTOR VEHICLE, REAR END",,False,Clear or Partly Cloudy,Dry,Daylight,,,,14.0,From same direction - both going straight - one stopped - rear-end,0,0,False,0
-122.331146081419,47.6058391633764,200683,297721,298841,E817524,Matched,Intersection,29954.0,5TH AVE AND MARION ST, ,,2,Injury Collision,Angles,2,0,0,2,1,0,2018-07-13 00:00:00+00,7/13/2018 5:05:00 PM,At Intersection (intersection related),11,"MOTOR VEHICLE STRUCK MOTOR VEHICLE, FRONT END AT ANGLE",True,False,Clear or Partly Cloudy,Dry,Daylight,,,,10.0,Entering at angle,0,0,False,0
-122.328967514649,47.5991968896655,200685,297720,298840,E817523,Matched,Intersection,30509.0,4TH AVE S AND S JACKSON ST, ,,1,Property Damage Only Collision,Angles,7,0,0,2,0,0,2018-07-04 00:00:00+00,7/4/2018 2:34:00 PM,At Intersection (intersection related),11,"MOTOR VEHICLE STRUCK MOTOR VEHICLE, FRONT END AT ANGLE",True,False,Overcast,Dry,Daylight,,,,10.0,Entering at angle,0,0,False,0
-122.328967514649,47.5991968896655,200686,297719,298839,E817519,Matched,Intersection,30509.0,4TH AVE S AND S JACKSON ST, ,,1,Property Damage Only Collision,Other,3,0,0,1,0,0,2018-07-04 00:00:00+00,7/4/2018 11:23:00 AM,At Intersection (intersection related),18,"MOTOR VEHICLE STRUCK PEDALCYCLIST, FRONT END AT ANGLE",,False,Clear or Partly Cloudy,Dry,Daylight,,,,50.0,Fixed object,0,0,False,0
-122.34330626056,47.7014266217622,200687,298338,299478,3754359,Matched,Block,,N 100TH ST BETWEEN AURORA AVE N AND STONE AVE N, ,,1,Property Damage Only Collision,Angles,2,0,0,2,0,0,2018-07-06 00:00:00+00,7/6/2018 5:27:00 PM,Mid-Block (not related to intersection),14,"MOTOR VEHICLE STRUCK MOTOR VEHICLE, REAR END",True,False,Clear or Partly Cloudy,Dry,Daylight,,,,10.0,Entering at angle,0,0,False,0
-122.316231580405,47.6949139555851,200689,297718,298838,E817509,Matched,Block,,NE 91ST ST BETWEEN ROOSEVELT WAY NE AND 12TH AVE NE, ,,2,Injury Collision,Pedestrian,3,1,0,1,1,0,2018-07-13 00:00:00+00,7/13/2018 6:56:00 PM,Mid-Block (not related to intersection),24,MOTOR VEHCILE STRUCK PEDESTRIAN,,False,Clear or Partly Cloudy,Dry,Dusk,True,,,0.0,Vehicle going straight hits pedestrian,0,0,False,0
-122.326970314754,47.6046251793858,200690,299380,300560,E819678,Matched,Intersection,29962.0,7TH AVE AND JAMES ST, ,,1,Property Damage Only Collision,Right Turn,2,0,0,2,0,0,2018-07-13 00:00:00+00,7/13/2018 1:23:00 PM,At Intersection (intersection related),14,"MOTOR VEHICLE STRUCK MOTOR VEHICLE, REAR END",True,False,Clear or Partly Cloudy,Dry,Daylight,,,,16.0,From same direction - one right turn - one straight,0,0,False,0
-122.296614518468,47.563824025221,200691,297717,298837,E817355,Matched,Block,,29TH AVE S BETWEEN S NEVADA ST AND S GENESEE N ST, ,,1,Property Damage Only Collision,Parked Car,2,0,0,2,0,0,2018-06-26 00:00:00+00,6/26/2018,Mid-Block (not related to intersection),11,"MOTOR VEHICLE STRUCK MOTOR VEHICLE, FRONT END AT ANGLE",,False,Unknown,Unknown,Unknown,,,,32.0,One parked--one moving,0,0,False,0
-122.349927269184,47.652037807454,200692,298340,299480,3767402,Matched,Block,,FREMONT AVE N BETWEEN N 36TH ST AND N 38TH ST, ,,2,Injury Collision,Cycles,3,0,1,1,1,0,2018-07-12 00:00:00+00,7/12/2018 8:44:00 AM,Mid-Block (not related to intersection),22,"MOTOR VEHICLE STRUCK PEDALCYCLIST, RIGHT SIDE SIDESWIPE",,False,Clear or Partly Cloudy,Dry,Daylight,,,,8.0,Pedalcyclist All Other Involvements ONE UNIT - PEDALCYCLIST ONLY or PEDALCYCLIST STR,0,0,False,0
-122.294397443371,47.5734320291588,200694,298337,299477,3754174,Matched,Block,,RAINIER AVE S BETWEEN S BYRON ST AND S WALDEN ST, ,,2,Injury Collision,Left Turn,2,0,0,2,1,0,2018-07-13 00:00:00+00,7/13/2018 2:09:00 PM,Mid-Block (not related to intersection),11,"MOTOR VEHICLE STRUCK MOTOR VEHICLE, FRONT END AT ANGLE",,False,Clear or Partly Cloudy,Dry,Daylight,,,,28.0,From opposite direction - one left turn - one straight,0,0,False,0
-122.325306158103,47.6053216330028,200696,299421,300601,3642612,Matched,Block,,JAMES ST BETWEEN 8TH AVE AND 9TH AVE, ,,1,Property Damage Only Collision,Rear Ended,2,0,0,2,0,0,2018-07-30 00:00:00+00,7/30/2018 2:44:00 PM,Mid-Block (not related to intersection),14,"MOTOR VEHICLE STRUCK MOTOR VEHICLE, REAR END",True,False,Clear or Partly Cloudy,Dry,Daylight,,,,14.0,From same direction - both going straight - one stopped - rear-end,0,0,False,0
-122.311383660188,47.6204993028669,200697,299378,300558,E819676,Matched,Intersection,29370.0,16TH AVE E AND E THOMAS ST, ,,2,Injury Collision,Angles,5,0,0,2,5,0,2018-07-17 00:00:00+00,7/17/2018 11:48:00 AM,At Intersection (intersection related),11,"MOTOR VEHICLE STRUCK MOTOR VEHICLE, FRONT END AT ANGLE",,False,Clear or Partly Cloudy,Dry,Daylight,,,,10.0,Entering at angle,0,0,False,0
-122.335910764643,47.6000461108318,200701,296783,297903,3812357,Matched,Intersection,30363.0,ALASKAN WAY S AND S MAIN ST, ,,2,Injury Collision,Pedestrian,2,0,1,1,1,0,2018-07-14 00:00:00+00,7/14/2018 5:42:00 PM,At Intersection (intersection related),51,PEDALCYCLIST STRUCK MOTOR VEHICLE FRONT END AT ANGLE,True,False,Clear or Partly Cloudy,Dry,Daylight,True,,,5.0,Vehicle Strikes Pedalcyclist,0,0,False,0
-122.29476288049,47.6612455088355,200702,298336,299476,3753966,Matched,Block,,NE 45TH ST BETWEEN U VILLAGE DR AND NE 45TH PL, ,,2,Injury Collision,Other,1,0,0,1,1,0,2018-07-20 00:00:00+00,7/20/2018 10:15:00 PM,Mid-Block (not related to intersection),26,MOTOR VEHICLE STRUCK OBJECT IN ROAD,True,False,Clear or Partly Cloudy,Dry,Dark - Street Lights On,,,,50.0,Fixed object,0,0,False,0
-122.363185388831,47.5336976794102,200703,299419,300599,3588346,Matched,Intersection,33983.0,24TH AVE SW AND SW HOLDEN ST, ,,1,Property Damage Only Collision,Parked Car,2,0,0,2,0,0,2018-07-28 00:00:00+00,7/28/2018 12:01:00 AM,At Intersection (but not related to intersection),14,"MOTOR VEHICLE STRUCK MOTOR VEHICLE, REAR END",,False,Clear or Partly Cloudy,Dry,Dark - Street Lights On,,,,32.0,One parked--one moving,0,0,False,0
-122.342612495345,47.6110682243529,200704,296782,297902,3812346,Matched,Intersection,29582.0,1ST AVE AND VIRGINIA ST, ,,2,Injury Collision,Left Turn,3,0,0,2,2,0,2018-07-14 00:00:00+00,7/14/2018 2:28:00 PM,At Intersection (intersection related),11,"MOTOR VEHICLE STRUCK MOTOR VEHICLE, FRONT END AT ANGLE",True,False,Clear or Partly Cloudy,Dry,Daylight,,,,28.0,From opposite direction - one left turn - one straight,0,0,False,0
-122.307007974274,47.6026740340619,200705,299359,300539,E819674,Matched,Block,,E FIR ST BETWEEN 19TH AVE AND 20TH AVE, ,,1,Property Damage Only Collision,Parked Car,2,0,0,2,0,0,2018-07-13 00:00:00+00,7/13/2018 11:14:00 AM,Mid-Block (not related to intersection),16,"MOTOR VEHICLE STRUCK MOTOR VEHICLE, LEFT SIDE SIDESWIPE",True,False,Clear or Partly Cloudy,Dry,Daylight,,,,32.0,One parked--one moving,0,0,True,0
-122.358026148091,47.6232813747602,200706,296781,297901,3812283,Matched,Intersection,28643.0,1ST AVE W AND W REPUBLICAN ST, ,,1,Property Damage Only Collision,Angles,2,0,0,2,0,0,2018-07-14 00:00:00+00,7/14/2018 12:15:00 PM,At Intersection (intersection related),11,"MOTOR VEHICLE STRUCK MOTOR VEHICLE, FRONT END AT ANGLE",,False,Clear or Partly Cloudy,Dry,Daylight,,,,10.0,Entering at angle,0,0,False,0
-122.297246641893,47.6406314540892,200707,298341,299481,3774061,Matched,Block,,LAKE WASHINGTON BLVD E BETWEEN E FOSTER ISLAND RD AND LK WASH BV ON RP, ,,1,Property Damage Only Collision,Other,1,0,0,1,0,0,2018-07-11 00:00:00+00,7/11/2018 9:15:00 AM,Mid-Block (not related to intersection),26,MOTOR VEHICLE STRUCK OBJECT IN ROAD,True,False,Clear or Partly Cloudy,Dry,Daylight,,,,50.0,Fixed object,0,0,False,0
-122.3387015086,47.6107429511727,200708,296780,297900,3812212,Matched,Intersection,29580.0,3RD AVE AND PINE ST, ,,2b,Serious Injury Collision,Pedestrian,3,1,0,1,1,0,2018-07-08 00:00:00+00,7/8/2018 2:26:00 PM,At Intersection (intersection related),24,MOTOR VEHCILE STRUCK PEDESTRIAN,,False,Clear or Partly Cloudy,Dry,Daylight,,,,0.0,Vehicle going straight hits pedestrian,0,521576,False,1
-122.367575644451,47.6420143809103,200709,296779,297899,3812011,Matched,Intersection,27905.0,8TH AVE W AND W HALLADAY ST, ,,1,Property Damage Only Collision,Angles,4,0,0,2,0,0,2018-07-15 00:00:00+00,7/15/2018 12:17:00 AM,At Intersection (intersection related),11,"MOTOR VEHICLE STRUCK MOTOR VEHICLE, FRONT END AT ANGLE",,False,Clear or Partly Cloudy,Dry,Dark - Street Lights On,,,,10.0,Entering at angle,0,0,False,0
-122.303985211281,47.7324637610818,200710,298335,299475,3751527,Matched,Block,,NE 143RD ST BETWEEN 23RD PL NE AND 24TH AVE NE, ,,1,Property Damage Only Collision,Parked Car,3,0,0,3,0,0,2018-07-21 00:00:00+00,7/21/2018 3:39:00 AM,Mid-Block (not related to intersection),11,"MOTOR VEHICLE STRUCK MOTOR VEHICLE, FRONT END AT ANGLE",,False,Clear or Partly Cloudy,Dry,Dark - Street Lights On,,,,32.0,One parked--one moving,0,0,True,0
-122.320053090362,47.6758520999794,200711,299422,300602,3703816,Matched,Intersection,24495.0,8TH AVE NE AND NE 65TH ST, ,,2,Injury Collision,Pedestrian,2,1,0,1,1,0,2018-07-30 00:00:00+00,7/30/2018 7:39:00 PM,At Intersection (intersection related),24,MOTOR VEHCILE STRUCK PEDESTRIAN,,False,Clear or Partly Cloudy,Dry,Daylight,,,,0.0,Vehicle going straight hits pedestrian,0,0,False,0
-122.307006278468,47.6016749664924,200713,299379,300559,E819677,Matched,Block,,E YESLER WAY BETWEEN 19TH AVE AND 20TH AVE, ,,1,Property Damage Only Collision,Parked Car,2,0,0,2,0,0,2018-07-13 00:00:00+00,7/13/2018 3:38:00 PM,Mid-Block (not related to intersection),11,"MOTOR VEHICLE STRUCK MOTOR VEHICLE, FRONT END AT ANGLE",,False,Clear or Partly Cloudy,Dry,Daylight,,,,20.0,One car leaving parked position,0,0,False,0
-122.31339624813,47.5730937136585,200714,296778,297898,3810610,Matched,Intersection,32240.0,15TH AVE S AND S HINDS ST, ,,1,Property Damage Only Collision,Left Turn,2,0,0,2,0,0,2018-07-14 00:00:00+00,7/14/2018 1:15:00 AM,At Intersection (intersection related),11,"MOTOR VEHICLE STRUCK MOTOR VEHICLE, FRONT END AT ANGLE",,False,Clear or Partly Cloudy,Dry,Dark - Street Lights On,,,,15.0,From same direction - one left turn - one straight,0,0,False,0
-122.335161938211,47.6474544224423,200715,298339,299479,3754360,Matched,Block,,BURKE AVE N BETWEEN N NORTHLAKE WAY AND N 34TH ST, ,,1,Property Damage Only Collision,Parked Car,3,0,0,3,0,0,2018-07-10 00:00:00+00,7/10/2018 12:20:00 PM,Mid-Block (not related to intersection),14,"MOTOR VEHICLE STRUCK MOTOR VEHICLE, REAR END",True,False,Clear or Partly Cloudy,Dry,Daylight,,,,32.0,One parked--one moving,0,0,True,0
-122.319541871792,47.6649504570094,200716,298484,299655,E813504,Matched,Intersection,25787.0,8TH AVE NE AND NE 50TH ST, ,,2,Injury Collision,Angles,2,0,0,2,1,0,2018-06-30 00:00:00+00,6/30/2018 7:15:00 PM,At Intersection (intersection related),14,"MOTOR VEHICLE STRUCK MOTOR VEHICLE, REAR END",,False,Clear or Partly Cloudy,Dry,Dusk,,,,10.0,Entering at angle,0,0,False,0
-122.302338839509,47.5464261011908,200718,298602,299762,E818631,Matched,Intersection,33402.0,24TH AVE S AND S GRAHAM ST, ,,1,Property Damage Only Collision,Angles,2,0,0,2,0,0,2018-07-12 00:00:00+00,7/12/2018 5:53:00 PM,At Intersection (intersection related),11,"MOTOR VEHICLE STRUCK MOTOR VEHICLE, FRONT END AT ANGLE",True,False,Clear or Partly Cloudy,Dry,Daylight,,,,10.0,Entering at angle,0,0,False,0
-122.339633257712,47.540219727194,200719,298343,299483,3782642,Matched,Block,,HIGHLAND PARK WAY SW BETWEEN 2ND AVE SW AND WEST MARGINAL WAY SW, ,,2,Injury Collision,Other,1,0,0,1,1,0,2018-07-14 00:00:00+00,7/14/2018 5:22:00 PM,Mid-Block (not related to intersection),28,MOTOR VEHICLE RAN OFF ROAD - HIT FIXED OBJECT,True,False,Clear or Partly Cloudy,Dry,Daylight,,,,50.0,Fixed object,0,0,False,0
-122.377116194067,47.5446946778097,200838,298466,299646,3744619,Matched,Block,,SW MORGAN ST BETWEEN 35TH AVE SW AND 36TH AVE SW, ,,1,Property Damage Only Collision,Parked Car,2,0,0,2,0,0,2018-07-23 00:00:00+00,7/23/2018 12:11:00 PM,,0,NOT ENOUGH INFORMATION / NOT APPLICABLE,,False,Clear or Partly Cloudy,Dry,Daylight,,,,32.0,One parked--one moving,0,0,True,0
-122.377091065876,47.5863565491136,200721,298342,299482,3781072,Matched,Block,,HARBOR AVE SW BETWEEN FAIRMOUNT AVE SW AND SW BRONSON WAY, ,,1,Property Damage Only Collision,Rear Ended,3,0,0,2,0,0,2018-07-22 00:00:00+00,7/22/2018 10:11:00 PM,Mid-Block (not related to intersection),14,"MOTOR VEHICLE STRUCK MOTOR VEHICLE, REAR END",True,True,Clear or Partly Cloudy,Dry,Dark - Street Lights On,,,,13.0,From same direction - both going straight - both moving - rear-end,0,0,False,0
-122.376820865738,47.5170187760822,200722,298465,299645,3731546,Matched,Block,,35TH AVE SW BETWEEN SW ROXBURY ST AND SW 97TH ST, ,,2,Injury Collision,Rear Ended,4,0,0,4,2,0,2018-07-23 00:00:00+00,7/23/2018 6:14:00 PM,Mid-Block (not related to intersection),14,"MOTOR VEHICLE STRUCK MOTOR VEHICLE, REAR END",True,False,Clear or Partly Cloudy,Dry,Daylight,,,,14.0,From same direction - both going straight - one stopped - rear-end,0,0,False,0
-122.347771813463,47.7316755979137,200723,298460,299640,3695748,Matched,Block,,LINDEN AVE N BETWEEN N 141ST ST AND N 143RD ST, ,,2,Injury Collision,Pedestrian,2,1,0,1,1,0,2018-07-24 00:00:00+00,7/24/2018 7:23:00 AM,Mid-Block (not related to intersection),24,MOTOR VEHCILE STRUCK PEDESTRIAN,,False,Clear or Partly Cloudy,Dry,Daylight,,,,0.0,Vehicle going straight hits pedestrian,0,0,False,0
-122.339324538935,47.5829237822156,200724,298457,299637,3810629,Matched,Block,,ALASKAN WY VI NB BETWEEN S HOLGATE ST AND S LANDER ST, ,,2,Injury Collision,Other,1,0,0,1,1,0,2018-07-15 00:00:00+00,7/15/2018 6:57:00 AM,Mid-Block (not related to intersection),26,MOTOR VEHICLE STRUCK OBJECT IN ROAD,,False,Clear or Partly Cloudy,Dry,Daylight,,,,50.0,Fixed object,0,0,False,0
-122.344142118767,47.614319448222,200725,298345,299517,3784695,Matched,Block,,3RD AVE BETWEEN BLANCHARD ST AND BELL ST, ,,1,Property Damage Only Collision,Parked Car,4,0,0,2,0,0,2018-07-12 00:00:00+00,7/12/2018 8:26:00 PM,Mid-Block (not related to intersection),15,"MOTOR VEHICLE STRUCK MOTOR VEHICLE, RIGHT SIDE SIDESWIPE",,False,Clear or Partly Cloudy,Dry,Dusk,,,,32.0,One parked--one moving,0,0,False,0