longitude,latitude,objectid,inckey,coldetkey,reportno,status,addrtype,intkey,location,exceptrsncode,exceptrsndesc,severitycode,severitydesc,collisiontype,personcount,pedcount,pedcylcount,vehcount,injuries,fatalities,incdate,incdttm,junctiontype,sdot_colcode,sdot_coldesc,inattentionind,underinfl,weather,roadcond,lightcond,pedrownotgrnt,sdotcolnum,speeding,st_colcode,st_coldesc,seglanekey,crosswalkkey,hitparkedcar,seriousinjuries
-122.347418743323,47.6492401216293,200726,299568,300768,E820475,Matched,Intersection,27043.0,TROLL AVE N AND N 34TH ST, ,,2b,Serious Injury Collision,Cycles,3,0,1,2,1,0,2018-07-11 00:00:00+00,7/11/2018 4:16:00 PM,At Intersection (intersection related),18,"MOTOR VEHICLE STRUCK PEDALCYCLIST, FRONT END AT ANGLE",True,False,Clear or Partly Cloudy,Dry,Daylight,,,,6.0,Pedalcyclist Strikes Moving Vehicle,0,0,False,1
-122.341173380947,47.6635785186009,200727,298497,299657,E813505,Matched,Intersection,25543.0,STONE WAY N AND N 48TH ST, ,,2,Injury Collision,Angles,2,0,0,2,2,0,2018-06-28 00:00:00+00,6/28/2018 5:34:00 PM,At Intersection (intersection related),11,"MOTOR VEHICLE STRUCK MOTOR VEHICLE, FRONT END AT ANGLE",True,False,Clear or Partly Cloudy,Dry,Daylight,,,,10.0,Entering at angle,0,0,False,0
-122.345423271085,47.5173034365365,200728,299567,300767,3742469,Matched,Intersection,35066.0,8TH AVE SW AND SW ROXBURY ST, ,,2,Injury Collision,Left Turn,2,0,0,2,1,0,2018-07-24 00:00:00+00,7/24/2018 6:18:00 PM,At Intersection (intersection related),11,"MOTOR VEHICLE STRUCK MOTOR VEHICLE, FRONT END AT ANGLE",,False,Clear or Partly Cloudy,Dry,Daylight,,,,28.0,From opposite direction - one left turn - one straight,0,0,False,0
-122.311389271148,47.5725105810924,200729,298578,299738,3810682,Matched,Block,,17TH AVE S BETWEEN S HINDS ST AND S SPOKANE ST, ,,1,Property Damage Only Collision,Parked Car,2,0,0,2,0,0,2018-07-22 00:00:00+00,7/22/2018 7:00:00 PM,Mid-Block (not related to intersection),11,"MOTOR VEHICLE STRUCK MOTOR VEHICLE, FRONT END AT ANGLE",,False,Clear or Partly Cloudy,Dry,Daylight,,,,32.0,One parked--one moving,0,0,True,0
-122.385172501699,47.5811860861011,200730,299566,300766,3731547,Matched,Intersection,31065.0,42ND AVE SW AND SW ADMIRAL WAY, ,,2,Injury Collision,Left Turn,4,0,0,3,3,0,2018-07-25 00:00:00+00,7/25/2018 6:09:00 PM,At Intersection (intersection related),11,"MOTOR VEHICLE STRUCK MOTOR VEHICLE, FRONT END AT ANGLE",,False,Clear or Partly Cloudy,Dry,Daylight,,,,28.0,From opposite direction - one left turn - one straight,0,0,False,0
-122.304493801917,47.6431638078533,200731,298463,299643,3702625,Matched,Block,,E ROANOKE ST BETWEEN WEST MONTLAKE PL E AND 22ND AVE E, ,,1,Property Damage Only Collision,Sideswipe,3,0,0,3,0,0,2018-07-24 00:00:00+00,7/24/2018 12:08:00 AM,Mid-Block (not related to intersection),11,"MOTOR VEHICLE STRUCK MOTOR VEHICLE, FRONT END AT ANGLE",,False,Clear or Partly Cloudy,Dry,Dark - Street Lights On,,,,26.0,From opposite direction - both going straight - sideswipe,0,0,True,0
-122.296222349472,47.5798583495536,200732,298360,299540,3810615,Matched,Block,,M L KING JR WAY S BETWEEN S BAYVIEW S ST AND S MCCLELLAN ST, ,,1,Property Damage Only Collision,Other,1,0,0,1,0,0,2018-07-19 00:00:00+00,7/19/2018 7:40:00 AM,Mid-Block (not related to intersection),28,MOTOR VEHICLE RAN OFF ROAD - HIT FIXED OBJECT,,False,Clear or Partly Cloudy,Wet,Daylight,,,,50.0,Fixed object,0,0,False,0
-122.344996819426,47.7250341828433,200861,299497,300697,E820472,Matched,Block,,AURORA AVE N BETWEEN N 130TH ST AND N 135TH ST, ,,1,Property Damage Only Collision,Angles,2,0,0,2,0,0,2018-07-18 00:00:00+00,7/18/2018 4:54:00 PM,Driveway Junction,11,"MOTOR VEHICLE STRUCK MOTOR VEHICLE, FRONT END AT ANGLE",,False,Clear or Partly Cloudy,Dry,Daylight,,,,10.0,Entering at angle,0,0,False,0
-122.322397202836,47.6337800691366,200733,298458,299638,3642607,Matched,Block,,LAKEVIEW BLVD E BETWEEN BOYLSTON S AVE E AND E GARFIELD ST, ,,1,Property Damage Only Collision,Parked Car,2,0,0,2,0,0,2018-07-23 00:00:00+00,7/23/2018 5:41:00 PM,Mid-Block (not related to intersection),11,"MOTOR VEHICLE STRUCK MOTOR VEHICLE, FRONT END AT ANGLE",,False,Clear or Partly Cloudy,Dry,Daylight,,,,32.0,One parked--one moving,0,0,True,0
-122.340032897739,47.6130625948948,200734,299565,300765,3705915,Matched,Intersection,29557.0,4TH AVE AND VIRGINIA ST, ,,1,Property Damage Only Collision,Sideswipe,3,0,0,2,0,0,2018-07-22 00:00:00+00,7/22/2018 12:01:00 AM,At Intersection (intersection related),11,"MOTOR VEHICLE STRUCK MOTOR VEHICLE, FRONT END AT ANGLE",True,False,Clear or Partly Cloudy,Dry,Dark - Street Lights On,,,,71.0,Same direction -- both turning right -- both moving -- sideswipe,0,0,False,0
-122.377259127549,47.6539912533301,200735,299564,300764,3705914,Matched,Intersection,26482.0,15TH EMERSON RP AND W EMERSON ST, ,,1,Property Damage Only Collision,Left Turn,2,0,0,2,0,0,2018-07-21 00:00:00+00,7/21/2018 3:21:00 PM,At Intersection (intersection related),11,"MOTOR VEHICLE STRUCK MOTOR VEHICLE, FRONT END AT ANGLE",,False,Clear or Partly Cloudy,Dry,Daylight,,,,28.0,From opposite direction - one left turn - one straight,0,0,False,0
-122.341557964749,47.5716267236591,200736,298557,299717,3810678,Matched,Block,,S SPOKANE NR ST BETWEEN S SPOKANE ST RP AND EAST MARGINAL WAY S, ,,1,Property Damage Only Collision,Other,2,0,0,2,0,0,2018-07-21 00:00:00+00,7/21/2018 7:40:00 AM,Mid-Block (not related to intersection),11,"MOTOR VEHICLE STRUCK MOTOR VEHICLE, FRONT END AT ANGLE",,False,Clear or Partly Cloudy,Dry,Daylight,,,,23.0,From same direction - all others,0,0,False,0
-122.306214335332,47.5944945014495,200737,298461,299641,E813467,Matched,Intersection,30790.0,20TH AVE S AND S CHARLES ST, ,,1,Property Damage Only Collision,Angles,2,0,0,2,0,0,2018-06-27 00:00:00+00,6/27/2018 6:58:00 AM,At Intersection (intersection related),11,"MOTOR VEHICLE STRUCK MOTOR VEHICLE, FRONT END AT ANGLE",True,False,Clear or Partly Cloudy,Dry,Daylight,,,,10.0,Entering at angle,0,0,False,0
-122.344776766318,47.7100766948751,200738,299563,300763,E820474,Matched,Intersection,36362.0,AURORA AVE N AND N 112TH ST, ,,1,Property Damage Only Collision,Angles,3,0,0,2,0,0,2018-07-11 00:00:00+00,7/11/2018 2:33:00 PM,At Intersection (intersection related),11,"MOTOR VEHICLE STRUCK MOTOR VEHICLE, FRONT END AT ANGLE",,False,Clear or Partly Cloudy,Dry,Daylight,,,,10.0,Entering at angle,0,0,False,0
-122.377832844705,47.5428846636235,200739,298483,299654,3781068,Matched,Intersection,33765.0,36TH AVE SW AND SW HOLLY ST, ,,1,Property Damage Only Collision,Parked Car,2,0,0,2,0,0,2018-07-23 00:00:00+00,7/23/2018 6:55:00 PM,At Intersection (but not related to intersection),14,"MOTOR VEHICLE STRUCK MOTOR VEHICLE, REAR END",,False,Clear or Partly Cloudy,Dry,Daylight,,,,32.0,One parked--one moving,0,0,True,0
-122.286489582427,47.5601093892801,200740,298359,299539,3810614,Matched,Block,,RAINIER AVE S BETWEEN S ALASKA ST AND S ANGELINE ST, ,,1,Property Damage Only Collision,Rear Ended,2,0,0,2,0,0,2018-07-18 00:00:00+00,7/18/2018 6:42:00 PM,Mid-Block (not related to intersection),14,"MOTOR VEHICLE STRUCK MOTOR VEHICLE, REAR END",,False,Clear or Partly Cloudy,Dry,Daylight,,,True,13.0,From same direction - both going straight - both moving - rear-end,0,0,False,0
-122.289243642072,47.5679483751127,200743,298357,299537,3810608,Matched,Intersection,32690.0,RAINIER AVE S AND S ANDOVER ST, ,,1,Property Damage Only Collision,Rear Ended,3,0,0,2,0,0,2018-07-13 00:00:00+00,7/13/2018 7:47:00 PM,At Intersection (intersection related),14,"MOTOR VEHICLE STRUCK MOTOR VEHICLE, REAR END",True,False,Clear or Partly Cloudy,Dry,Daylight,,,,14.0,From same direction - both going straight - one stopped - rear-end,0,0,False,0
-122.320572486473,47.6043624782039,200744,299561,300761,3642609,Matched,Intersection,29829.0,BOREN AVE AND E ALDER ST, ,,2,Injury Collision,Pedestrian,2,1,0,1,1,0,2018-07-25 00:00:00+00,7/25/2018 3:52:00 AM,At Intersection (intersection related),24,MOTOR VEHCILE STRUCK PEDESTRIAN,,False,Clear or Partly Cloudy,Dry,Dark - Street Lights On,,,,0.0,Vehicle going straight hits pedestrian,0,0,False,0
-122.310150322968,47.59407194426,200745,298517,299677,E813559,Matched,Intersection,30794.0,RAINIER AVE S AND S CHARLES S ST, ,,1,Property Damage Only Collision,Sideswipe,2,0,0,2,0,0,2018-06-30 00:00:00+00,6/30/2018 6:06:00 PM,At Intersection (intersection related),11,"MOTOR VEHICLE STRUCK MOTOR VEHICLE, FRONT END AT ANGLE",,False,Overcast,Dry,Daylight,,,,11.0,From same direction - both going straight - both moving - sideswipe,0,0,False,0
-122.318336438377,47.6021930025008,200746,299457,300657,E820429,Matched,Block,,BOREN AVE BETWEEN E YESLER WAY AND E FIR ST, ,,2,Injury Collision,Sideswipe,2,0,0,2,1,0,2018-07-20 00:00:00+00,7/20/2018 10:05:00 AM,Mid-Block (not related to intersection),11,"MOTOR VEHICLE STRUCK MOTOR VEHICLE, FRONT END AT ANGLE",True,False,Clear or Partly Cloudy,Dry,Daylight,,,,11.0,From same direction - both going straight - both moving - sideswipe,0,0,False,0
-122.297916853716,47.6213541244392,200748,298459,299639,3642611,Matched,Block,,E THOMAS ST BETWEEN 26TH AVE E AND 27TH AVE E, ,,1,Property Damage Only Collision,Parked Car,2,0,0,2,0,0,2018-07-24 00:00:00+00,7/24/2018 5:00:00 PM,Mid-Block (not related to intersection),14,"MOTOR VEHICLE STRUCK MOTOR VEHICLE, REAR END",,False,Clear or Partly Cloudy,Dry,Daylight,,,,32.0,One parked--one moving,0,0,False,0
-122.278096615984,47.5296333689684,200749,298358,299538,3810609,Matched,Block,,RENTON AVE S BETWEEN S ROSE CT AND S ROSE N ST, ,,1,Property Damage Only Collision,Parked Car,3,0,0,3,0,0,2018-07-13 00:00:00+00,7/13/2018 7:50:00 PM,Mid-Block (not related to intersection),14,"MOTOR VEHICLE STRUCK MOTOR VEHICLE, REAR END",,False,Clear or Partly Cloudy,Dry,Daylight,,,,32.0,One parked--one moving,0,0,False,0
-122.318031058071,47.661301355163,200750,299437,300637,E820428,Matched,Block,,NE 45TH ST BETWEEN 9TH E AVE NE AND ROOSEVELT WAY NE, ,,1,Property Damage Only Collision,Right Turn,3,0,0,2,0,0,2018-07-19 00:00:00+00,7/19/2018 10:46:00 AM,Mid-Block (but intersection related),11,"MOTOR VEHICLE STRUCK MOTOR VEHICLE, FRONT END AT ANGLE",,False,Overcast,Dry,Daylight,,,,16.0,From same direction - one right turn - one straight,0,0,False,0
-122.355523456781,47.7159729786816,200751,299424,300617,E820427,Matched,Intersection,36371.0,GREENWOOD AVE N AND N 120TH ST, ,,1,Property Damage Only Collision,Angles,2,0,0,2,0,0,2018-07-19 00:00:00+00,7/19/2018 9:15:00 AM,At Intersection (intersection related),11,"MOTOR VEHICLE STRUCK MOTOR VEHICLE, FRONT END AT ANGLE",True,False,Overcast,Dry,Daylight,,,,10.0,Entering at angle,0,0,False,0
-122.327033615923,47.5958367619353,200752,299423,300603,E820426,Matched,Block,,S DEARBORN ST BETWEEN SEATTLE BLVD S AND 6TH AVE S, ,,1,Property Damage Only Collision,Rear Ended,3,0,0,2,0,0,2018-07-13 00:00:00+00,7/13/2018 10:04:00 AM,Mid-Block (not related to intersection),14,"MOTOR VEHICLE STRUCK MOTOR VEHICLE, REAR END",True,False,Clear or Partly Cloudy,Dry,Daylight,,,,13.0,From same direction - both going straight - both moving - rear-end,0,0,False,0
-122.313733071388,47.5716276145866,200753,298577,299737,3810681,Matched,Block,,S SPOKANE ST BETWEEN HINDS PL S AND 15TH AVE S, ,,1,Property Damage Only Collision,Other,2,0,0,2,0,0,2018-07-22 00:00:00+00,7/22/2018 5:50:00 PM,Mid-Block (not related to intersection),14,"MOTOR VEHICLE STRUCK MOTOR VEHICLE, REAR END",,False,Clear or Partly Cloudy,Dry,Daylight,,,,23.0,From same direction - all others,0,0,False,0
-122.310367389592,47.5943562512064,200754,298462,299642,3702624,Matched,Intersection,30795.0,RAINIER AVE S AND S CHARLES N ST, ,,2,Injury Collision,Rear Ended,2,0,0,2,1,0,2018-07-23 00:00:00+00,7/23/2018 5:39:00 PM,At Intersection (but not related to intersection),14,"MOTOR VEHICLE STRUCK MOTOR VEHICLE, REAR END",,False,Clear or Partly Cloudy,Dry,Daylight,,,,14.0,From same direction - both going straight - one stopped - rear-end,0,0,False,0
-122.390388258316,47.5874747074608,200755,298859,300039,3605970,Matched,Block,,46TH AVE SW BETWEEN SW MASSACHUSETTS ST AND SW HOLGATE ST, ,,1,Property Damage Only Collision,Rear Ended,2,0,0,2,0,0,2018-07-26 00:00:00+00,7/26/2018 3:48:00 PM,Mid-Block (not related to intersection),14,"MOTOR VEHICLE STRUCK MOTOR VEHICLE, REAR END",,False,Clear or Partly Cloudy,Dry,Daylight,,,,14.0,From same direction - both going straight - one stopped - rear-end,0,0,False,0
-122.372086991068,47.6294368513509,200756,298903,300083,3784846,Matched,Block,,ELLIOTT AVE W BETWEEN W PROSPECT ST AND W LEE ST, ,,1,Property Damage Only Collision,Right Turn,2,0,0,2,0,0,2018-07-26 00:00:00+00,7/26/2018 1:04:00 PM,Mid-Block (not related to intersection),11,"MOTOR VEHICLE STRUCK MOTOR VEHICLE, FRONT END AT ANGLE",True,False,Clear or Partly Cloudy,Dry,Daylight,,,,16.0,From same direction - one right turn - one straight,0,0,False,0
-122.317442522933,47.6808628889386,200757,298738,299898,E819326,Matched,Intersection,24452.0,ROOSEVELT WAY NE AND NE 72ND ST, ,,1,Property Damage Only Collision,Angles,2,0,0,2,0,0,2018-07-09 00:00:00+00,7/9/2018 3:10:00 PM,At Intersection (intersection related),11,"MOTOR VEHICLE STRUCK MOTOR VEHICLE, FRONT END AT ANGLE",,False,Clear or Partly Cloudy,Dry,Daylight,,,,10.0,Entering at angle,0,0,False,0
-122.376145670203,47.6381454958983,200758,298902,300082,3784845,Matched,Block,,15TH AVE W BETWEEN W ARMORY WAY AND W BOSTON ST, ,,2,Injury Collision,Other,3,0,0,3,3,0,2018-07-25 00:00:00+00,7/25/2018 1:31:00 PM,Mid-Block (not related to intersection),14,"MOTOR VEHICLE STRUCK MOTOR VEHICLE, REAR END",,False,Clear or Partly Cloudy,Dry,Daylight,,,True,23.0,From same direction - all others,0,0,False,0
-122.302329437492,47.6549938837481,200759,298737,299897,E819325,Matched,Block,,MONTLAKE BLVD NE BETWEEN NE PACIFIC PL AND 25TH AVE NE, ,,2,Injury Collision,Left Turn,2,0,0,2,2,0,2018-07-09 00:00:00+00,7/9/2018 5:56:00 PM,Mid-Block (not related to intersection),11,"MOTOR VEHICLE STRUCK MOTOR VEHICLE, FRONT END AT ANGLE",,False,Clear or Partly Cloudy,Dry,Daylight,,,,28.0,From opposite direction - one left turn - one straight,0,0,False,0
-122.305480695807,47.6930214250543,200760,298891,300071,3751146,Matched,Intersection,37757.0,LAKE CITY WAY NE AND NE 89TH ST, ,,2,Injury Collision,Angles,2,0,0,2,1,0,2018-07-16 00:00:00+00,7/16/2018 5:02:00 PM,At Intersection (intersection related),14,"MOTOR VEHICLE STRUCK MOTOR VEHICLE, REAR END",True,False,Clear or Partly Cloudy,Dry,Daylight,,,,10.0,Entering at angle,0,0,False,0
-122.342626914365,47.6516186508064,200761,298717,299877,E819106,Matched,Block,,STONE WAY N BETWEEN N 36TH ST AND N 38TH ST, ,,2,Injury Collision,Pedestrian,2,0,1,1,1,0,2018-07-16 00:00:00+00,7/16/2018 7:17:00 AM,Mid-Block (not related to intersection),18,"MOTOR VEHICLE STRUCK PEDALCYCLIST, FRONT END AT ANGLE",,False,Clear or Partly Cloudy,Dry,Daylight,,,,5.0,Vehicle Strikes Pedalcyclist,0,0,False,0
-122.319548291382,47.6640153554128,200762,298697,299857,E819105,Matched,Intersection,25795.0,8TH AVE NE AND NE 48TH ST, ,,1,Property Damage Only Collision,Angles,2,0,0,2,0,0,2018-07-15 00:00:00+00,7/15/2018 10:57:00 AM,At Intersection (intersection related),11,"MOTOR VEHICLE STRUCK MOTOR VEHICLE, FRONT END AT ANGLE",True,False,Clear or Partly Cloudy,Dry,Daylight,,,,10.0,Entering at angle,0,0,False,0
-122.282346904197,47.5370440237449,200763,298920,300100,3810712,Matched,Block,,S OTHELLO ST BETWEEN 39TH AVE S AND M L KING JR WR WAY S, ,,1,Property Damage Only Collision,Angles,2,0,0,2,0,0,2018-07-27 00:00:00+00,7/27/2018 12:37:00 PM,Mid-Block (not related to intersection),14,"MOTOR VEHICLE STRUCK MOTOR VEHICLE, REAR END",,False,Clear or Partly Cloudy,Dry,Daylight,,,,10.0,Entering at angle,0,0,False,0
-122.295233054475,47.719278750446,200764,298890,300070,3751102,Matched,Intersection,36601.0,LAKE CITY WAY NE AND NE 125TH ST, ,,2,Injury Collision,Left Turn,2,0,0,2,1,0,2018-07-24 00:00:00+00,7/24/2018 9:41:00 PM,At Intersection (intersection related),11,"MOTOR VEHICLE STRUCK MOTOR VEHICLE, FRONT END AT ANGLE",,False,Clear or Partly Cloudy,Dry,Dusk,,,True,28.0,From opposite direction - one left turn - one straight,0,0,False,0
-122.356657419674,47.6172863386414,200765,298889,300069,3748162,Matched,Intersection,35491.0,BAY ST AND ELLIOTT AVE, ,,2,Injury Collision,Rear Ended,2,0,0,2,1,0,2018-07-27 00:00:00+00,7/27/2018 3:13:00 PM,At Intersection (but not related to intersection),14,"MOTOR VEHICLE STRUCK MOTOR VEHICLE, REAR END",True,False,Clear or Partly Cloudy,Dry,Daylight,,,,14.0,From same direction - both going straight - one stopped - rear-end,0,0,False,0
-122.366174152344,47.6705237005579,200766,298682,299842,E819104,Matched,Block,,8TH AVE NW BETWEEN NW 57TH ST AND NW 58TH ST, ,,1,Property Damage Only Collision,Parked Car,2,0,0,2,0,0,2018-07-14 00:00:00+00,7/14/2018 3:00:00 AM,Mid-Block (not related to intersection),14,"MOTOR VEHICLE STRUCK MOTOR VEHICLE, REAR END",,False,Clear or Partly Cloudy,Unknown,Dark - Street Lights On,,,,32.0,One parked--one moving,0,0,False,0
-122.343670762863,47.624856892357,200767,298888,300068,3746664,Matched,Block,,AURORA AVE N BETWEEN AURORA AV SB OFF RP AND ROY ST, ,,1,Property Damage Only Collision,Sideswipe,3,0,0,2,0,0,2018-07-27 00:00:00+00,7/27/2018 3:26:00 PM,Mid-Block (not related to intersection),11,"MOTOR VEHICLE STRUCK MOTOR VEHICLE, FRONT END AT ANGLE",,False,Clear or Partly Cloudy,Dry,Daylight,,,,11.0,From same direction - both going straight - both moving - sideswipe,0,0,False,0
-122.297571091058,47.5955267912558,200768,298681,299841,E819026,Matched,Intersection,30643.0,M L KING JR WAY S AND S DEARBORN ST, ,,1,Property Damage Only Collision,Rear Ended,3,0,0,2,0,0,2018-07-18 00:00:00+00,7/18/2018 2:15:00 PM,At Intersection (intersection related),14,"MOTOR VEHICLE STRUCK MOTOR VEHICLE, REAR END",,False,Clear or Partly Cloudy,Dry,Daylight,,,,14.0,From same direction - both going straight - one stopped - rear-end,0,0,False,0
-122.360479084288,47.5246933453018,200769,298887,300067,3745970,Matched,Intersection,34861.0,DELRIDGE WAY SW AND SW TRENTON ST, ,,1,Property Damage Only Collision,Left Turn,2,0,0,2,0,0,2018-07-26 00:00:00+00,7/26/2018 5:25:00 PM,At Intersection (intersection related),11,"MOTOR VEHICLE STRUCK MOTOR VEHICLE, FRONT END AT ANGLE",,False,Clear or Partly Cloudy,Dry,Daylight,,,,28.0,From opposite direction - one left turn - one straight,0,0,False,0
-122.322072636195,47.6076610412712,200770,298680,299840,E819025,Matched,Intersection,29800.0,CHERRY ST AND MINOR AVE, ,,2,Injury Collision,Pedestrian,2,1,0,1,1,0,2018-07-12 00:00:00+00,7/12/2018 3:02:00 PM,At Intersection (intersection related),24,MOTOR VEHCILE STRUCK PEDESTRIAN,,False,Clear or Partly Cloudy,Dry,Daylight,,,,2.0,Vehicle turning left hits pedestrian,0,0,False,0
-122.287926187962,47.5607508669428,200771,298919,300099,3810707,Matched,Block,,S ALASKA ST BETWEEN 35TH AVE S AND RAINIER AVE S, ,,1,Property Damage Only Collision,Other,1,0,0,1,0,0,2018-07-25 00:00:00+00,7/25/2018 8:25:00 AM,Mid-Block (not related to intersection),11,"MOTOR VEHICLE STRUCK MOTOR VEHICLE, FRONT END AT ANGLE",,False,Clear or Partly Cloudy,Dry,Daylight,,,,50.0,Fixed object,0,0,False,0
-122.299883780688,47.5992688407574,200772,298679,299839,E819024,Matched,Intersection,30600.0,25TH AVE S AND S JACKSON ST, ,,1,Property Damage Only Collision,Rear Ended,2,0,0,2,0,0,2018-07-05 00:00:00+00,7/5/2018 3:36:00 PM,At Intersection (but not related to intersection),14,"MOTOR VEHICLE STRUCK MOTOR VEHICLE, REAR END",,False,Clear or Partly Cloudy,Dry,Daylight,,,,14.0,From same direction - both going straight - one stopped - rear-end,0,0,False,0
-122.386773459642,47.5638173307494,200773,298886,300066,3745965,Matched,Block,,CALIFORNIA AVE SW BETWEEN SW GENESEE ST AND SW OREGON ST, ,,1,Property Damage Only Collision,Sideswipe,2,0,0,2,0,0,2018-07-19 00:00:00+00,7/19/2018 1:00:00 PM,Mid-Block (not related to intersection),16,"MOTOR VEHICLE STRUCK MOTOR VEHICLE, LEFT SIDE SIDESWIPE",,False,Clear or Partly Cloudy,Dry,Daylight,,,,12.0,From same direction - both going straight - one stopped - sideswipe,0,0,False,0
-122.375299201999,47.5081897743357,200774,298885,300065,3745943,Matched,Block,,SW 106TH ST BETWEEN 34TH AVE SW AND 35TH AVE SW, ,,1,Property Damage Only Collision,Head On,2,0,0,2,0,0,2018-07-28 00:00:00+00,7/28/2018 8:14:00 AM,Mid-Block (not related to intersection),11,"MOTOR VEHICLE STRUCK MOTOR VEHICLE, FRONT END AT ANGLE",,True,Clear or Partly Cloudy,Dry,Daylight,,,,24.0,From opposite direction - both moving - head-on,0,0,False,0
-122.367631505027,47.5676155301915,200777,298884,300064,3745942,Matched,Block,,SW YANCY ST BETWEEN DEAD END 1 AND 28TH AVE SW, ,,2b,Serious Injury Collision,Other,3,0,0,1,2,0,2018-07-28 00:00:00+00,7/28/2018 12:33:00 AM,Mid-Block (not related to intersection),28,MOTOR VEHICLE RAN OFF ROAD - HIT FIXED OBJECT,,False,Clear or Partly Cloudy,Dry,Dark - Street Lights On,,,,50.0,Fixed object,0,0,False,1
-122.286489582427,47.5601093892801,200778,298640,299800,E818638,Matched,Block,,RAINIER AVE S BETWEEN S ALASKA ST AND S ANGELINE ST, ,,1,Property Damage Only Collision,Rear Ended,2,0,0,2,0,0,2018-07-17 00:00:00+00,7/17/2018 6:01:00 AM,Mid-Block (not related to intersection),14,"MOTOR VEHICLE STRUCK MOTOR VEHICLE, REAR END",,False,Clear or Partly Cloudy,Dry,Daylight,,,,14.0,From same direction - both going straight - one stopped - rear-end,0,0,False,0
-122.327818446778,47.6072310070584,200818,299381,300561,E819679,Matched,Intersection,29937.0,8TH AVE AND MARION ST, ,,1,Property Damage Only Collision,Angles,2,0,0,2,0,0,2018-07-17 00:00:00+00,7/17/2018 2:00:00 PM,At Intersection (intersection related),14,"MOTOR VEHICLE STRUCK MOTOR VEHICLE, REAR END",,False,Clear or Partly Cloudy,Dry,Daylight,,,,10.0,Entering at angle,0,0,False,0
-122.313478915535,47.5462928580346,200779,298918,300098,3810703,Matched,Block,,S HARDY ST BETWEEN STANLEY AVE S AND AIRPORT WAY S, ,,1,Property Damage Only Collision,Parked Car,2,0,0,2,0,0,2018-07-25 00:00:00+00,7/25/2018 7:32:00 AM,Mid-Block (not related to intersection),14,"MOTOR VEHICLE STRUCK MOTOR VEHICLE, REAR END",,False,Clear or Partly Cloudy,Dry,Daylight,,,,32.0,One parked--one moving,0,0,False,0
-122.392578301976,47.5358035415746,200780,298866,300046,3731484,Matched,Intersection,33917.0,47TH AVE SW AND FAUNTLEROY WAY SW, ,,1,Property Damage Only Collision,Left Turn,5,0,0,2,0,0,2018-07-25 00:00:00+00,7/25/2018 10:23:00 AM,At Intersection (intersection related),14,"MOTOR VEHICLE STRUCK MOTOR VEHICLE, REAR END",True,False,Clear or Partly Cloudy,Dry,Daylight,,,,28.0,From opposite direction - one left turn - one straight,0,0,False,0
-122.305889600891,47.588492005416,200781,298639,299799,E818637,Matched,Block,,RAINIER AVE S BETWEEN RAINIER NB I90 EB ON RP AND S MASSACHUSETTS ST, ,,1,Property Damage Only Collision,Rear Ended,2,0,0,2,0,0,2018-07-16 00:00:00+00,7/16/2018 11:27:00 AM,Mid-Block (not related to intersection),14,"MOTOR VEHICLE STRUCK MOTOR VEHICLE, REAR END",,False,Clear or Partly Cloudy,Dry,Daylight,,,,14.0,From same direction - both going straight - one stopped - rear-end,0,0,False,0
-122.32939513369,47.5659655951915,200782,298865,300045,3708523,Matched,Block,,4TH AVE S BETWEEN DIAGONAL AVE S AND COSTCO DR, ,,2,Injury Collision,Other,4,0,0,2,3,0,2018-07-28 00:00:00+00,7/28/2018 1:57:00 PM,Mid-Block (not related to intersection),11,"MOTOR VEHICLE STRUCK MOTOR VEHICLE, FRONT END AT ANGLE",,False,Clear or Partly Cloudy,Dry,Daylight,,,,23.0,From same direction - all others,0,0,False,0
-122.299660757156,47.5869053873616,200784,298638,299798,E818636,Matched,Block,,S GRAND ST BETWEEN 25TH AVE S AND 26TH AVE S, ,,1,Property Damage Only Collision,Parked Car,2,0,0,2,0,0,2018-07-15 00:00:00+00,7/15/2018 7:00:00 PM,Mid-Block (not related to intersection),14,"MOTOR VEHICLE STRUCK MOTOR VEHICLE, REAR END",,False,Clear or Partly Cloudy,Dry,Daylight,,,,32.0,One parked--one moving,0,0,True,0
-122.328885988083,47.7255490382972,200785,298863,300043,3695749,Matched,Block,,1ST AVE NE BETWEEN NE 133RD ST AND ROOSEVELT WAY NE, ,,2,Injury Collision,Parked Car,3,0,0,2,1,0,2018-07-25 00:00:00+00,7/25/2018 8:16:00 AM,Mid-Block (not related to intersection),14,"MOTOR VEHICLE STRUCK MOTOR VEHICLE, REAR END",,False,Clear or Partly Cloudy,Dry,Daylight,,,,32.0,One parked--one moving,0,0,False,0
-122.272641869995,47.5364376279204,200786,298637,299797,E818635,Matched,Block,,48TH AVE S BETWEEN S OTHELLO ST AND S FONTANELLE ST, ,,1,Property Damage Only Collision,Parked Car,2,0,0,2,0,0,2018-07-14 00:00:00+00,7/14/2018 9:00:00 AM,Mid-Block (not related to intersection),0,NOT ENOUGH INFORMATION / NOT APPLICABLE,,False,Unknown,Dry,Daylight,,,,32.0,One parked--one moving,0,0,True,0
-122.259461368825,47.5061104167431,200787,298618,299778,E818634,Matched,Intersection,38245.0,59TH AVE S AND S BANGOR ST, ,,2,Injury Collision,Angles,6,0,0,2,3,0,2018-07-14 00:00:00+00,7/14/2018 7:44:00 PM,At Intersection (intersection related),11,"MOTOR VEHICLE STRUCK MOTOR VEHICLE, FRONT END AT ANGLE",,True,Clear or Partly Cloudy,Dry,Daylight,,,,10.0,Entering at angle,0,0,False,0