longitude,latitude,objectid,inckey,coldetkey,reportno,status,addrtype,intkey,location,exceptrsncode,exceptrsndesc,severitycode,severitydesc,collisiontype,personcount,pedcount,pedcylcount,vehcount,injuries,fatalities,incdate,incdttm,junctiontype,sdot_colcode,sdot_coldesc,inattentionind,underinfl,weather,roadcond,lightcond,pedrownotgrnt,sdotcolnum,speeding,st_colcode,st_coldesc,seglanekey,crosswalkkey,hitparkedcar,seriousinjuries
-122.264594446103,47.5238821459633,200788,298917,300097,3810684,Matched,Block,,SEWARD PARK AVE S BETWEEN HAMLET AVE S AND S HENDERSON ST, ,,2,Injury Collision,Cycles,2,0,1,1,1,0,2018-07-29 00:00:00+00,7/29/2018 4:54:00 PM,Mid-Block (not related to intersection),51,PEDALCYCLIST STRUCK MOTOR VEHICLE FRONT END AT ANGLE,True,True,Clear or Partly Cloudy,Dry,Daylight,,,,6.0,Pedalcyclist Strikes Moving Vehicle,0,0,False,0
-122.298408361371,47.6008652926771,200789,298862,300042,3626244,Matched,Block,,S WASHINGTON ST BETWEEN 26TH AVE S AND 27TH AVE S, ,,1,Property Damage Only Collision,Parked Car,2,0,0,2,0,0,2018-07-27 00:00:00+00,7/27/2018 9:49:00 PM,Mid-Block (not related to intersection),11,"MOTOR VEHICLE STRUCK MOTOR VEHICLE, FRONT END AT ANGLE",,False,Clear or Partly Cloudy,Dry,Dark - Street Lights On,,,,32.0,One parked--one moving,0,0,False,0
-122.328112153375,47.6100678825354,200790,298861,300041,3626243,Matched,Block,,SENECA ST BETWEEN 9TH AVE AND TERRY AVE, ,,1,Property Damage Only Collision,Angles,2,0,0,2,0,0,2018-07-26 00:00:00+00,7/26/2018 5:08:00 PM,Mid-Block (not related to intersection),11,"MOTOR VEHICLE STRUCK MOTOR VEHICLE, FRONT END AT ANGLE",,False,Clear or Partly Cloudy,Dry,Daylight,,,,10.0,Entering at angle,0,0,False,0
-122.388150049553,47.6867990893161,200791,298860,300040,3626242,Matched,Block,,NW 80TH ST BETWEEN 24TH AVE NW AND 25TH AVE NW, ,,1,Property Damage Only Collision,Left Turn,2,0,0,2,0,0,2018-07-16 00:00:00+00,7/16/2018 4:00:00 AM,Mid-Block (not related to intersection),14,"MOTOR VEHICLE STRUCK MOTOR VEHICLE, REAR END",,False,Other,Unknown,Unknown,,,,29.0,From opposite direction - one left turn - one right turn,0,0,False,0
-122.308430730015,47.57250886831,200792,298617,299777,E818632,Matched,Block,,BEACON AVE S BETWEEN S HINDS ST AND S SPOKANE ST, ,,2,Injury Collision,Parked Car,9,0,0,5,1,0,2018-07-14 00:00:00+00,7/14/2018 5:01:00 PM,Mid-Block (not related to intersection),11,"MOTOR VEHICLE STRUCK MOTOR VEHICLE, FRONT END AT ANGLE",,False,Clear or Partly Cloudy,Dry,Daylight,,,,20.0,One car leaving parked position,0,0,False,0
-122.345213271396,47.6126064570125,200794,299384,300564,E819683,Matched,Intersection,29703.0,1ST AVE AND BLANCHARD ST, ,,2,Injury Collision,Pedestrian,4,1,0,1,1,0,2018-07-20 00:00:00+00,7/20/2018 12:03:00 PM,At Intersection (intersection related),24,MOTOR VEHCILE STRUCK PEDESTRIAN,,False,Clear or Partly Cloudy,Dry,Daylight,,,,0.0,Vehicle going straight hits pedestrian,0,0,False,0
-122.355448271924,47.6191837309349,200797,299041,300221,3812360,Matched,Block,,1ST AVE N BETWEEN DENNY WAY AND JOHN ST, ,,1,Property Damage Only Collision,Sideswipe,2,0,0,2,0,0,2018-07-22 00:00:00+00,7/22/2018 7:30:00 PM,Mid-Block (not related to intersection),11,"MOTOR VEHICLE STRUCK MOTOR VEHICLE, FRONT END AT ANGLE",True,False,Clear or Partly Cloudy,Dry,Daylight,,,,11.0,From same direction - both going straight - both moving - sideswipe,0,0,False,0
-122.297470911594,47.6158748267094,200798,299121,300301,3818292,Matched,Block,,27TH AVE BETWEEN E PINE ST AND E OLIVE ST, ,,1,Property Damage Only Collision,Parked Car,2,0,0,2,0,0,2018-07-19 00:00:00+00,7/19/2018 9:00:00 AM,Mid-Block (not related to intersection),0,NOT ENOUGH INFORMATION / NOT APPLICABLE,True,False,Clear or Partly Cloudy,Dry,Daylight,,,,32.0,One parked--one moving,0,0,True,0
-122.349642279044,47.6185791172524,200799,299040,300220,3812359,Matched,Block,,DENNY WAY BETWEEN BROAD ST AND 4TH AVE, ,,1,Property Damage Only Collision,Sideswipe,5,0,0,2,0,0,2018-07-22 00:00:00+00,7/22/2018 3:13:00 PM,Mid-Block (not related to intersection),11,"MOTOR VEHICLE STRUCK MOTOR VEHICLE, FRONT END AT ANGLE",,False,Clear or Partly Cloudy,Dry,Daylight,,,,11.0,From same direction - both going straight - both moving - sideswipe,0,0,False,0
-122.277275879144,47.5504252673907,200800,299120,300300,3814923,Matched,Intersection,33517.0,RAINIER AVE S AND S MEAD ST, ,,2,Injury Collision,Rear Ended,2,0,0,2,1,0,2018-07-22 00:00:00+00,7/22/2018 7:36:00 PM,At Intersection (but not related to intersection),14,"MOTOR VEHICLE STRUCK MOTOR VEHICLE, REAR END",True,False,Clear or Partly Cloudy,Dry,Daylight,,,,14.0,From same direction - both going straight - one stopped - rear-end,0,0,False,0
-122.376189317681,47.5640765983042,203631,300741,301961,3742474,Matched,Intersection,31899.0,35TH AVE SW AND SW AVALON WAY, ,,2,Injury Collision,Angles,2,0,0,2,1,0,2018-08-21 00:00:00+00,8/21/2018 8:55:00 AM,At Intersection (intersection related),14,"MOTOR VEHICLE STRUCK MOTOR VEHICLE, REAR END",,False,Fog/Smog/Smoke,Dry,Daylight,,,,10.0,Entering at angle,0,0,False,0
-122.31266750583,47.566282314588,200801,299119,300299,3814920,Matched,Block,,16TH AVE S BETWEEN S DAKOTA ST AND S NEVADA ST, ,,1,Property Damage Only Collision,Parked Car,2,0,0,2,0,0,2018-07-18 00:00:00+00,7/18/2018 8:30:00 PM,Mid-Block (not related to intersection),14,"MOTOR VEHICLE STRUCK MOTOR VEHICLE, REAR END",,False,Clear or Partly Cloudy,Dry,Unknown,,,,32.0,One parked--one moving,0,0,True,0
-122.331342546777,47.6077300503904,200802,299383,300563,E819682,Matched,Intersection,29934.0,6TH AVE AND SPRING ST, ,,2,Injury Collision,Angles,2,0,0,2,2,0,2018-07-20 00:00:00+00,7/20/2018 12:11:00 PM,At Intersection (intersection related),11,"MOTOR VEHICLE STRUCK MOTOR VEHICLE, FRONT END AT ANGLE",,False,Clear or Partly Cloudy,Dry,Daylight,,,,10.0,Entering at angle,0,0,False,0
-122.342401082168,47.612116598347,200803,299039,300219,3812294,Matched,Block,,2ND AVE BETWEEN VIRGINIA ST AND LENORA ST, ,,1,Property Damage Only Collision,Rear Ended,2,0,0,2,0,0,2018-07-27 00:00:00+00,7/27/2018 2:15:00 PM,Mid-Block (not related to intersection),14,"MOTOR VEHICLE STRUCK MOTOR VEHICLE, REAR END",True,False,Clear or Partly Cloudy,Dry,Daylight,,,,14.0,From same direction - both going straight - one stopped - rear-end,0,0,False,0
-122.376263165339,47.6456626853608,200804,299038,300218,3812293,Matched,Block,,15TH AVE W BETWEEN W ARMOUR ST AND 15TH AV W NB OFF RP, ,,1,Property Damage Only Collision,Rear Ended,2,0,0,2,0,0,2018-07-25 00:00:00+00,7/25/2018 6:12:00 PM,Mid-Block (not related to intersection),14,"MOTOR VEHICLE STRUCK MOTOR VEHICLE, REAR END",,False,Clear or Partly Cloudy,Dry,Daylight,,,,14.0,From same direction - both going straight - one stopped - rear-end,0,0,False,0
-122.339684264988,47.5705549852477,200805,299118,300298,3814919,Matched,Block,,EAST MARGINAL WAY S BETWEEN S SPOKANE SR ST AND EAST MARGINAL NB WAY S, ,,1,Property Damage Only Collision,Sideswipe,2,0,0,2,0,0,2018-07-17 00:00:00+00,7/17/2018 8:27:00 AM,Mid-Block (not related to intersection),11,"MOTOR VEHICLE STRUCK MOTOR VEHICLE, FRONT END AT ANGLE",,False,Clear or Partly Cloudy,Dry,Daylight,,,,11.0,From same direction - both going straight - both moving - sideswipe,0,0,False,0
-122.340993782959,47.6309903732842,200806,299037,300217,3812290,Matched,Block,,WESTLAKE AVE N BETWEEN HIGHLAND DR AND GALER S ST, ,,1,Property Damage Only Collision,Other,3,0,0,3,0,0,2018-07-25 00:00:00+00,7/25/2018 8:31:00 AM,Mid-Block (not related to intersection),11,"MOTOR VEHICLE STRUCK MOTOR VEHICLE, FRONT END AT ANGLE",True,False,Clear or Partly Cloudy,Dry,Daylight,,,,23.0,From same direction - all others,0,0,False,0
-122.336481349059,47.6245452548008,200808,299018,300198,3812285,Matched,Block,,MERCER SR ST BETWEEN TERRY AVE N AND BOREN AVE N, ,,1,Property Damage Only Collision,Parked Car,3,0,0,2,0,0,2018-07-18 00:00:00+00,7/18/2018 9:40:00 AM,Mid-Block (not related to intersection),16,"MOTOR VEHICLE STRUCK MOTOR VEHICLE, LEFT SIDE SIDESWIPE",,False,Overcast,Dry,Daylight,,,,32.0,One parked--one moving,0,0,False,0
-122.324014470176,47.6202502857877,200809,299090,300270,3814103,Matched,Block,,BELMONT AVE E BETWEEN E OLIVE WAY AND E THOMAS ST, ,,1,Property Damage Only Collision,Parked Car,2,0,0,2,0,0,2018-07-10 00:00:00+00,7/10/2018 10:05:00 PM,Mid-Block (not related to intersection),11,"MOTOR VEHICLE STRUCK MOTOR VEHICLE, FRONT END AT ANGLE",,False,Clear or Partly Cloudy,Dry,,,,,32.0,One parked--one moving,0,0,True,0
-122.326708321287,47.6076953891316,200810,299382,300562,E819681,Matched,Intersection,29938.0,9TH AVE AND MARION ST, ,,1,Property Damage Only Collision,Sideswipe,3,0,0,2,0,0,2018-07-17 00:00:00+00,7/17/2018 12:34:00 PM,At Intersection (intersection related),11,"MOTOR VEHICLE STRUCK MOTOR VEHICLE, FRONT END AT ANGLE",,False,Clear or Partly Cloudy,Dry,Daylight,,,,26.0,From opposite direction - both going straight - sideswipe,0,0,False,0
-122.334191718181,47.5973815592999,200812,299004,300184,3812207,Matched,Block,,1ST AVE S BETWEEN S KING ST AND RAILROAD N WAY S, ,,1,Property Damage Only Collision,Sideswipe,3,0,0,2,0,0,2018-07-05 00:00:00+00,7/5/2018 11:11:00 PM,Mid-Block (not related to intersection),16,"MOTOR VEHICLE STRUCK MOTOR VEHICLE, LEFT SIDE SIDESWIPE",,False,Clear or Partly Cloudy,Dry,Dark - Street Lights On,,,,11.0,From same direction - both going straight - both moving - sideswipe,0,0,False,0
-122.330999410225,47.6182737631016,200944,298959,300139,3812017,Matched,Intersection,29173.0,STEWART ST AND YALE AVE, ,,2,Injury Collision,Pedestrian,2,1,0,1,1,0,2018-07-27 00:00:00+00,7/27/2018 6:11:00 PM,At Intersection (intersection related),24,MOTOR VEHCILE STRUCK PEDESTRIAN,,False,Clear or Partly Cloudy,Dry,Daylight,,,,2.0,Vehicle turning left hits pedestrian,0,0,False,0
-122.323474960303,47.6100338546875,200814,299088,300268,3814099,Matched,Block,,MADISON ST BETWEEN MINOR AVE AND SUMMIT AVE, ,,2,Injury Collision,Rear Ended,2,0,0,2,1,0,2018-07-19 00:00:00+00,7/19/2018 8:46:00 AM,Mid-Block (not related to intersection),14,"MOTOR VEHICLE STRUCK MOTOR VEHICLE, REAR END",,False,Clear or Partly Cloudy,Dry,Daylight,,,,14.0,From same direction - both going straight - one stopped - rear-end,0,0,False,0
-122.306302993647,47.6101899564834,200815,299087,300267,3814096,Matched,Block,,20TH AVE BETWEEN E MARION S ST AND E MARION N ST, ,,1,Property Damage Only Collision,Parked Car,4,0,0,3,0,0,2018-07-18 00:00:00+00,7/18/2018 1:12:00 AM,Mid-Block (not related to intersection),14,"MOTOR VEHICLE STRUCK MOTOR VEHICLE, REAR END",,True,Clear or Partly Cloudy,Dry,Dark - No Street Lights,,,,32.0,One parked--one moving,0,0,True,0
-122.328404975924,47.6045176405505,200816,299002,300182,3812089,Matched,Block,,6TH AVE BETWEEN JAMES ST AND CHERRY ST, ,,1,Property Damage Only Collision,Rear Ended,4,0,0,2,0,0,2018-07-29 00:00:00+00,7/29/2018 4:27:00 PM,Mid-Block (not related to intersection),14,"MOTOR VEHICLE STRUCK MOTOR VEHICLE, REAR END",True,False,Clear or Partly Cloudy,Dry,Daylight,,,,14.0,From same direction - both going straight - one stopped - rear-end,0,0,False,0
-122.295756843668,47.5912750807222,200817,299086,300266,3814086,Matched,Block,,S IRVING ST BETWEEN BRADNER PL S AND 29TH AVE S, ,,1,Property Damage Only Collision,Parked Car,2,0,0,2,0,0,2018-07-15 00:00:00+00,7/15/2018 9:05:00 AM,Mid-Block (not related to intersection),15,"MOTOR VEHICLE STRUCK MOTOR VEHICLE, RIGHT SIDE SIDESWIPE",,False,Clear or Partly Cloudy,Dry,Dark - No Street Lights,,,,32.0,One parked--one moving,0,0,True,0
-122.343269667352,47.6082060164176,200819,299001,300181,3812088,Matched,Block,,ALASKAN WAY BETWEEN PIKE ST AND PINE ST, ,,1,Property Damage Only Collision,Sideswipe,2,0,0,2,0,0,2018-07-27 00:00:00+00,7/27/2018 5:44:00 PM,Mid-Block (not related to intersection),11,"MOTOR VEHICLE STRUCK MOTOR VEHICLE, FRONT END AT ANGLE",True,False,Clear or Partly Cloudy,Dry,Daylight,,,,11.0,From same direction - both going straight - both moving - sideswipe,0,0,False,0
-122.312129108734,47.6129100886606,200820,299085,300265,3814080,Matched,Block,,E UNION ST BETWEEN 15TH AVE AND 16TH AVE, ,,2,Injury Collision,Rear Ended,3,0,0,2,1,0,2018-07-07 00:00:00+00,7/7/2018 2:24:00 PM,Mid-Block (not related to intersection),14,"MOTOR VEHICLE STRUCK MOTOR VEHICLE, REAR END",,False,Clear or Partly Cloudy,Dry,Daylight,,,,14.0,From same direction - both going straight - one stopped - rear-end,0,0,False,0
-122.343679844092,47.6214756339104,200822,298998,300178,3812046,Matched,Block,,7TH AVE N BETWEEN THOMAS ST AND HARRISON ST, ,,1,Property Damage Only Collision,Sideswipe,2,0,0,2,0,0,2018-07-11 00:00:00+00,7/11/2018 6:00:00 PM,Mid-Block (not related to intersection),14,"MOTOR VEHICLE STRUCK MOTOR VEHICLE, REAR END",True,False,Clear or Partly Cloudy,Dry,Daylight,,,,11.0,From same direction - both going straight - both moving - sideswipe,0,0,False,0
-122.310949419142,47.5951162837385,200823,299084,300264,3814079,Matched,Block,,RAINIER AVE S BETWEEN S DEARBORN ST AND S CHARLES N ST, ,,1,Property Damage Only Collision,Rear Ended,3,0,0,2,0,0,2018-07-06 00:00:00+00,7/6/2018 10:19:00 PM,Mid-Block (not related to intersection),14,"MOTOR VEHICLE STRUCK MOTOR VEHICLE, REAR END",,False,Clear or Partly Cloudy,Dry,Dark - No Street Lights,,,,14.0,From same direction - both going straight - one stopped - rear-end,0,0,False,0
-122.331703040158,47.6056059859626,200825,299083,300263,3812388,Matched,Block,,MARION ST BETWEEN 4TH AVE AND 5TH AVE, ,,1,Property Damage Only Collision,Parked Car,2,0,0,2,0,0,2018-07-28 00:00:00+00,7/28/2018 7:47:00 PM,Mid-Block (not related to intersection),11,"MOTOR VEHICLE STRUCK MOTOR VEHICLE, FRONT END AT ANGLE",,True,Clear or Partly Cloudy,Dry,Daylight,,,,32.0,One parked--one moving,0,0,False,0
-122.356208196153,47.6490996201289,200826,299043,300223,3812377,Matched,Block,,NICKERSON ST BETWEEN CREMONA ST AND DRAVUS ST, ,,2,Injury Collision,Rear Ended,5,0,0,3,2,0,2018-07-15 00:00:00+00,7/15/2018 1:58:00 PM,Mid-Block (not related to intersection),14,"MOTOR VEHICLE STRUCK MOTOR VEHICLE, REAR END",True,False,Clear or Partly Cloudy,Dry,Daylight,,,,13.0,From same direction - both going straight - both moving - rear-end,0,0,False,0
-122.258919861976,47.5200204901449,200827,299139,300319,3818874,Matched,Block,,RAINIER AVE S BETWEEN ITHACA PL S AND S CARVER ST, ,,2,Injury Collision,Rear Ended,3,0,0,2,2,0,2018-07-14 00:00:00+00,7/14/2018 2:26:00 PM,Mid-Block (not related to intersection),14,"MOTOR VEHICLE STRUCK MOTOR VEHICLE, REAR END",True,False,Clear or Partly Cloudy,Dry,Daylight,,,,14.0,From same direction - both going straight - one stopped - rear-end,0,0,False,0
-122.288011403081,47.5634579986924,200829,298922,300102,3810714,Matched,Block,,RAINIER AVE S BETWEEN S GENESEE S ST AND S OREGON ST, ,,1,Property Damage Only Collision,Sideswipe,2,0,0,2,0,0,2018-07-29 00:00:00+00,7/29/2018 11:19:00 PM,Mid-Block (not related to intersection),11,"MOTOR VEHICLE STRUCK MOTOR VEHICLE, FRONT END AT ANGLE",,False,Clear or Partly Cloudy,Dry,Dark - Street Lights On,,,,11.0,From same direction - both going straight - both moving - sideswipe,0,0,False,0
-122.309403318563,47.5477849323496,200830,298921,300101,3810713,Matched,Block,,SWIFT AVE S BETWEEN 18TH AVE S AND 19TH WR AVE S, ,,2,Injury Collision,Pedestrian,2,0,1,1,1,0,2018-07-27 00:00:00+00,7/27/2018 6:30:00 PM,Mid-Block (not related to intersection),18,"MOTOR VEHICLE STRUCK PEDALCYCLIST, FRONT END AT ANGLE",,False,Clear or Partly Cloudy,Dry,Daylight,,,,5.0,Vehicle Strikes Pedalcyclist,0,0,False,0
-122.282136537783,47.5547095421426,200831,299138,300318,3818848,Matched,Block,,RAINIER AVE S BETWEEN 39TH S AVE S AND 42ND AVE S, ,,1,Property Damage Only Collision,Other,2,0,0,1,0,0,2018-07-15 00:00:00+00,7/15/2018 7:45:00 AM,Mid-Block (not related to intersection),28,MOTOR VEHICLE RAN OFF ROAD - HIT FIXED OBJECT,,False,Clear or Partly Cloudy,Dry,Daylight,,,,50.0,Fixed object,0,0,False,0
-122.351690884701,47.5585930157443,200832,298477,299648,3745572,Matched,Block,,WEST MARGINAL WAY SW BETWEEN SW EDMUNDS ST AND PUGET WAY SW, ,,2b,Serious Injury Collision,Other,2,0,0,2,1,0,2018-07-23 00:00:00+00,7/23/2018 2:57:00 PM,Mid-Block (not related to intersection),14,"MOTOR VEHICLE STRUCK MOTOR VEHICLE, REAR END",,False,Clear or Partly Cloudy,Dry,Daylight,,,,52.0,Vehicle overturned,0,0,False,1
-122.334198303058,47.5850426824454,200833,298580,299740,3810706,Matched,Block,,1ST AVE S BETWEEN S HOLGATE ST AND S WALKER ST, ,,1,Property Damage Only Collision,Angles,2,0,0,2,0,0,2018-07-24 00:00:00+00,7/24/2018 1:47:00 PM,Mid-Block (not related to intersection),11,"MOTOR VEHICLE STRUCK MOTOR VEHICLE, FRONT END AT ANGLE",,False,Clear or Partly Cloudy,Dry,Daylight,,,,10.0,Entering at angle,0,0,False,0
-122.377449489655,47.5642707842821,200834,299571,300771,3745565,Matched,Intersection,31928.0,36TH AVE SW AND FAUNTLEROY WAY SW, ,,1,Property Damage Only Collision,Angles,2,0,0,2,0,0,2018-07-15 00:00:00+00,7/15/2018 9:44:00 PM,At Intersection (intersection related),11,"MOTOR VEHICLE STRUCK MOTOR VEHICLE, FRONT END AT ANGLE",,False,Clear or Partly Cloudy,Dry,Dark - Street Lights On,,,,10.0,Entering at angle,0,0,False,0
-122.320561302605,47.7085774107602,200835,298467,299647,E813499,Matched,Intersection,36500.0,8TH AVE NE AND NE NORTHGATE WAY, ,,1,Property Damage Only Collision,Right Turn,4,0,0,2,0,0,2018-06-30 00:00:00+00,6/30/2018 7:06:00 PM,At Intersection (intersection related),11,"MOTOR VEHICLE STRUCK MOTOR VEHICLE, FRONT END AT ANGLE",,False,Overcast,Dry,Daylight,,,,16.0,From same direction - one right turn - one straight,0,0,False,0
-122.309823579396,47.6776118964663,200836,298583,299743,E818337,Matched,Intersection,24786.0,17TH AVE NE AND NE 68TH ST, ,,2,Injury Collision,Pedestrian,3,0,1,1,1,0,2018-07-11 00:00:00+00,7/11/2018 9:03:00 AM,At Intersection (intersection related),18,"MOTOR VEHICLE STRUCK PEDALCYCLIST, FRONT END AT ANGLE",,False,Clear or Partly Cloudy,Dry,Daylight,,,,5.0,Vehicle Strikes Pedalcyclist,0,0,False,0
-122.381367745671,47.5755967874071,200837,299570,300770,3745550,Matched,Intersection,31818.0,39TH AVE SW AND SW HANFORD ST, ,,1,Property Damage Only Collision,Angles,2,0,0,2,0,0,2018-07-19 00:00:00+00,7/19/2018 10:59:00 PM,At Intersection (intersection related),11,"MOTOR VEHICLE STRUCK MOTOR VEHICLE, FRONT END AT ANGLE",,False,Clear or Partly Cloudy,Dry,Dark - Street Lights On,,,,10.0,Entering at angle,0,0,False,0
-122.342181391539,47.5403529773477,200839,299569,300769,3744254,Matched,Intersection,34082.0,HIGHLAND PARK WAY SW AND WEST MARGINAL WAY SW, ,,1,Property Damage Only Collision,Angles,3,0,0,2,0,0,2018-07-22 00:00:00+00,7/22/2018 6:30:00 PM,At Intersection (intersection related),11,"MOTOR VEHICLE STRUCK MOTOR VEHICLE, FRONT END AT ANGLE",,False,Clear or Partly Cloudy,Dry,Daylight,,,,10.0,Entering at angle,0,0,False,0
-122.302499625066,47.6202072950364,200840,298437,299617,E813400,Matched,Intersection,29380.0,23RD AVE E AND E JOHN ST, ,,1,Property Damage Only Collision,Left Turn,2,0,0,2,0,0,2018-06-27 00:00:00+00,6/27/2018 9:02:00 AM,At Intersection (intersection related),11,"MOTOR VEHICLE STRUCK MOTOR VEHICLE, FRONT END AT ANGLE",,False,Clear or Partly Cloudy,Dry,Daylight,,,,28.0,From opposite direction - one left turn - one straight,0,0,False,0
-122.296132398099,47.6225133057022,200841,298417,299597,E813399,Matched,Intersection,29259.0,M L KING JR WAY E AND E HARRISON ST, ,,2,Injury Collision,Angles,2,0,0,2,1,0,2018-06-26 00:00:00+00,6/26/2018 8:40:00 AM,At Intersection (intersection related),11,"MOTOR VEHICLE STRUCK MOTOR VEHICLE, FRONT END AT ANGLE",,False,Clear or Partly Cloudy,Dry,Daylight,,,,10.0,Entering at angle,0,0,False,0
-122.376222561575,47.6569878221747,200842,298482,299653,3751455,Matched,Block,,BALLARD BR BETWEEN 15TH AVE W AND POINT A, ,,1,Property Damage Only Collision,Sideswipe,2,0,0,2,0,0,2018-07-25 00:00:00+00,7/25/2018 7:56:00 PM,Mid-Block (not related to intersection),14,"MOTOR VEHICLE STRUCK MOTOR VEHICLE, REAR END",,False,Clear or Partly Cloudy,Dry,Daylight,,,,12.0,From same direction - both going straight - one stopped - sideswipe,0,0,False,0
-122.345366471501,47.7050532629518,200843,299560,300760,E820473,Matched,Block,,N 105TH ST BETWEEN WHITMAN AVE N AND AURORA AVE N, ,,2,Injury Collision,Rear Ended,3,0,0,2,1,0,2018-07-19 00:00:00+00,7/19/2018 5:31:00 PM,Mid-Block (but intersection related),14,"MOTOR VEHICLE STRUCK MOTOR VEHICLE, REAR END",,False,Clear or Partly Cloudy,Dry,Daylight,,,,14.0,From same direction - both going straight - one stopped - rear-end,0,0,False,0
-122.371250768537,47.5766693692831,200844,299559,300759,E819416,Matched,Block,,ALKI TRL BETWEEN HARBOR AVE SW AND SW FLORIDA ST, ,,2,Injury Collision,Cycles,2,0,1,1,1,0,2018-07-14 00:00:00+00,7/14/2018 3:55:00 PM,Driveway Junction,18,"MOTOR VEHICLE STRUCK PEDALCYCLIST, FRONT END AT ANGLE",True,False,Clear or Partly Cloudy,Dry,Daylight,,,,6.0,Pedalcyclist Strikes Moving Vehicle,0,0,False,0
-122.3270968064,47.6114790146712,200845,298397,299577,E813398,Matched,Intersection,29898.0,BOREN AVE AND UNIVERSITY ST, ,,2,Injury Collision,Pedestrian,2,1,0,1,1,0,2018-06-27 00:00:00+00,6/27/2018 8:48:00 AM,At Intersection (intersection related),24,MOTOR VEHCILE STRUCK PEDESTRIAN,,False,Clear or Partly Cloudy,Dry,Daylight,,,,2.0,Vehicle turning left hits pedestrian,0,522413,False,0
-122.329062263647,47.5861701171476,200846,299558,300758,3626241,Matched,Intersection,31348.0,4TH AVE S AND S HOLGATE ST, ,,2b,Serious Injury Collision,Pedestrian,2,1,0,1,1,0,2018-07-23 00:00:00+00,7/23/2018 11:30:00 AM,At Intersection (intersection related),24,MOTOR VEHCILE STRUCK PEDESTRIAN,,False,Clear or Partly Cloudy,Dry,Daylight,,,,0.0,Vehicle going straight hits pedestrian,0,521750,False,1
-122.325814490999,47.701344341594,200847,298381,299561,E813300,Matched,Intersection,37561.0,3RD AVE NE AND NE 100TH ST, ,,1,Property Damage Only Collision,Angles,3,0,0,2,0,0,2018-06-15 00:00:00+00,6/15/2018 5:31:00 PM,At Intersection (intersection related),11,"MOTOR VEHICLE STRUCK MOTOR VEHICLE, FRONT END AT ANGLE",,False,Clear or Partly Cloudy,Dry,Daylight,,,,10.0,Entering at angle,0,0,False,0
-122.30732440012,47.622065481233,200849,299557,300757,3626240,Matched,Intersection,29356.0,19TH AVE E AND E HARRISON ST, ,,1,Property Damage Only Collision,Other,2,0,0,1,0,0,2018-07-25 00:00:00+00,7/25/2018 7:33:00 PM,At Intersection (intersection related),28,MOTOR VEHICLE RAN OFF ROAD - HIT FIXED OBJECT,,True,Clear or Partly Cloudy,Dry,Daylight,,,,50.0,Fixed object,0,0,False,0
-122.286545514462,47.5641083087614,200850,298380,299560,3810620,Matched,Block,,S GENESEE ST BETWEEN 36TH AVE S AND 37TH AVE S, ,,1,Property Damage Only Collision,Other,2,0,0,1,0,0,2018-07-21 00:00:00+00,7/21/2018 9:04:00 PM,Mid-Block (not related to intersection),28,MOTOR VEHICLE RAN OFF ROAD - HIT FIXED OBJECT,,False,Clear or Partly Cloudy,Dry,Daylight,,,,50.0,Fixed object,0,0,False,0
-122.292342027123,47.731027067108,200851,298481,299652,3751453,Matched,Block,,LAKE CITY WAY NE BETWEEN NE 140TH ST AND NE 143RD ST, ,,2,Injury Collision,Left Turn,3,0,0,2,3,0,2018-06-25 00:00:00+00,6/25/2018 4:55:00 PM,Mid-Block (not related to intersection),11,"MOTOR VEHICLE STRUCK MOTOR VEHICLE, FRONT END AT ANGLE",,False,Clear or Partly Cloudy,Dry,Daylight,,,,28.0,From opposite direction - one left turn - one straight,0,0,False,0
-122.281372012375,47.5353967127144,200852,298379,299559,3810619,Matched,Block,,S WEBSTER ST BETWEEN 40TH AVE S AND M L KING JR WR WAY S, ,,1,Property Damage Only Collision,Rear Ended,2,0,0,2,0,0,2018-07-21 00:00:00+00,7/21/2018 7:35:00 PM,Mid-Block (not related to intersection),14,"MOTOR VEHICLE STRUCK MOTOR VEHICLE, REAR END",,False,Clear or Partly Cloudy,Dry,Daylight,,,,14.0,From same direction - both going straight - one stopped - rear-end,0,0,False,0
-122.30269423981,47.613546899431,200853,299539,300739,3702645,Matched,Block,,23RD AVE BETWEEN E UNION ST AND E PIKE ST, ,,2,Injury Collision,Rear Ended,2,0,0,2,1,0,2018-07-04 00:00:00+00,7/4/2018 9:22:00 PM,Mid-Block (not related to intersection),14,"MOTOR VEHICLE STRUCK MOTOR VEHICLE, REAR END",,False,Clear or Partly Cloudy,Dry,Dark - Street Lights On,,,,13.0,From same direction - both going straight - both moving - rear-end,0,0,False,0
-122.312433244068,47.7121666705333,200854,298584,299744,E818411,Matched,Intersection,36474.0,15TH AVE NE AND NE 115TH ST, ,,1,Property Damage Only Collision,Angles,2,0,0,2,0,0,2018-07-14 00:00:00+00,7/14/2018 7:55:00 AM,At Intersection (intersection related),14,"MOTOR VEHICLE STRUCK MOTOR VEHICLE, REAR END",,False,Clear or Partly Cloudy,Dry,Daylight,,,,10.0,Entering at angle,0,0,False,0