longitude,latitude,objectid,inckey,coldetkey,reportno,status,addrtype,intkey,location,exceptrsncode,exceptrsndesc,severitycode,severitydesc,collisiontype,personcount,pedcount,pedcylcount,vehcount,injuries,fatalities,incdate,incdttm,junctiontype,sdot_colcode,sdot_coldesc,inattentionind,underinfl,weather,roadcond,lightcond,pedrownotgrnt,sdotcolnum,speeding,st_colcode,st_coldesc,seglanekey,crosswalkkey,hitparkedcar,seriousinjuries
-122.322471386384,47.5921712226777,200855,299538,300738,3682525,Matched,Block,,AIRPORT NB WAY S BETWEEN S ROYAL BROUGHAM WAY AND AIRPORT WAY NB OFF RP, ,,1,Property Damage Only Collision,Angles,2,0,0,2,0,0,2018-06-24 00:00:00+00,6/24/2018 12:15:00 AM,Mid-Block (not related to intersection),11,"MOTOR VEHICLE STRUCK MOTOR VEHICLE, FRONT END AT ANGLE",,False,Clear or Partly Cloudy,Dry,Dark - Street Lights On,,,,10.0,Entering at angle,0,0,False,0
-122.276740760336,47.5474330364304,200856,298378,299558,3810618,Matched,Block,,RAINIER AVE S BETWEEN S KENNY ST AND S GRAHAM ST, ,,1,Property Damage Only Collision,Other,1,0,0,1,0,0,2018-07-19 00:00:00+00,7/19/2018 10:29:00 PM,Mid-Block (not related to intersection),28,MOTOR VEHICLE RAN OFF ROAD - HIT FIXED OBJECT,,True,Clear or Partly Cloudy,Dry,Dark - Street Lights On,,,,50.0,Fixed object,0,0,False,0
-122.283451252986,47.5515928135899,200857,298377,299557,3810616,Matched,Block,,39TH AVE S BETWEEN S FINDLAY ST AND S ORCAS ST, ,,1,Property Damage Only Collision,Sideswipe,4,0,0,4,0,0,2018-07-19 00:00:00+00,7/19/2018 7:42:00 PM,Mid-Block (not related to intersection),11,"MOTOR VEHICLE STRUCK MOTOR VEHICLE, FRONT END AT ANGLE",True,False,Clear or Partly Cloudy,Dry,Dusk,,,,11.0,From same direction - both going straight - both moving - sideswipe,0,0,False,0
-122.289881247455,47.5551925044633,200858,299537,300737,3417327,Matched,Intersection,484923.0,M L KING JR ER WAY S AND S DAWSON ST, ,,2b,Serious Injury Collision,Other,3,0,0,2,2,0,2018-06-19 00:00:00+00,6/19/2018 10:17:00 AM,At Intersection (intersection related),26,MOTOR VEHICLE STRUCK OBJECT IN ROAD,True,False,Clear or Partly Cloudy,Dry,Daylight,,,,41.0,Vehicle Strikes Railway Vehicle,0,0,False,2
-122.355448940265,47.7047199286298,200859,299576,300776,E820477,Matched,Block,,GREENWOOD AVE N BETWEEN N 104TH ST AND HOLMAN RD N, ,,1,Property Damage Only Collision,Rear Ended,3,0,0,2,0,0,2018-07-20 00:00:00+00,7/20/2018 1:08:00 PM,Mid-Block (but intersection related),14,"MOTOR VEHICLE STRUCK MOTOR VEHICLE, REAR END",,False,Clear or Partly Cloudy,Dry,Daylight,,,,14.0,From same direction - both going straight - one stopped - rear-end,0,0,False,0
-122.346714143681,47.6621292423695,200860,298480,299651,3751452,Matched,Block,,N 46 UPPER ST BETWEEN AURORA AVE N AND WHITMAN AVE N, ,,2,Injury Collision,Sideswipe,2,0,0,2,1,0,2018-07-25 00:00:00+00,7/25/2018 6:50:00 AM,Mid-Block (not related to intersection),16,"MOTOR VEHICLE STRUCK MOTOR VEHICLE, LEFT SIDE SIDESWIPE",,False,Clear or Partly Cloudy,Dry,Daylight,,,,11.0,From same direction - both going straight - both moving - sideswipe,0,0,False,0
-122.385447679459,47.5692789645753,200862,299575,300775,3745968,Matched,Intersection,31867.0,42ND AVE SW AND SW BRADFORD ST, ,,1,Property Damage Only Collision,Angles,3,0,0,2,0,0,2018-07-25 00:00:00+00,7/25/2018 3:25:00 PM,At Intersection (intersection related),11,"MOTOR VEHICLE STRUCK MOTOR VEHICLE, FRONT END AT ANGLE",,False,Clear or Partly Cloudy,Dry,Daylight,,,,10.0,Entering at angle,0,0,False,0
-122.29078406177,47.7192534373743,200863,298582,299742,E818336,Matched,Intersection,36192.0,35TH AVE NE AND NE 125TH ST, ,,2,Injury Collision,Angles,4,0,0,2,1,0,2018-07-06 00:00:00+00,7/6/2018 8:07:00 AM,At Intersection (intersection related),11,"MOTOR VEHICLE STRUCK MOTOR VEHICLE, FRONT END AT ANGLE",,False,Clear or Partly Cloudy,Dry,Daylight,,,,10.0,Entering at angle,0,0,False,0
-122.328634265585,47.7086287203541,200864,299477,300677,E820471,Matched,Intersection,36586.0,1ST AVE NE AND NE NORTHGATE WAY, ,,1,Property Damage Only Collision,Pedestrian,2,1,0,1,0,0,2018-07-18 00:00:00+00,7/18/2018 4:13:00 PM,At Intersection (intersection related),24,MOTOR VEHCILE STRUCK PEDESTRIAN,,False,Clear or Partly Cloudy,Dry,Daylight,,,,1.0,Vehicle turning right hits pedestrian,0,521148,False,0
-122.312142667022,47.6556564017235,200865,299389,300569,E819897,Matched,Block,,15TH AVE NE BETWEEN NE 40TH ST AND NE CAMPUS EB PY, ,,1,Property Damage Only Collision,Parked Car,3,0,0,2,0,0,2018-07-20 00:00:00+00,7/20/2018 11:50:00 AM,Mid-Block (not related to intersection),14,"MOTOR VEHICLE STRUCK MOTOR VEHICLE, REAR END",True,False,Clear or Partly Cloudy,Dry,Daylight,,,,32.0,One parked--one moving,0,0,True,0
-122.388128667646,47.5629466897315,200866,299574,300774,3745966,Matched,Intersection,31997.0,44TH AVE SW AND SW OREGON ST, ,,1,Property Damage Only Collision,Angles,2,0,0,2,0,0,2018-07-19 00:00:00+00,7/19/2018 4:06:00 PM,At Intersection (intersection related),11,"MOTOR VEHICLE STRUCK MOTOR VEHICLE, FRONT END AT ANGLE",,False,Clear or Partly Cloudy,Dry,Daylight,,,,10.0,Entering at angle,0,0,False,0
-122.262173255264,47.5511037066456,200867,299388,300568,E819888,Matched,Intersection,33711.0,SEWARD PARK AVE S AND S ORCAS ST, ,,2,Injury Collision,Rear Ended,7,0,0,4,1,0,2018-07-20 00:00:00+00,7/20/2018 5:28:00 PM,At Intersection (intersection related),14,"MOTOR VEHICLE STRUCK MOTOR VEHICLE, REAR END",,False,Clear or Partly Cloudy,Dry,Daylight,,,,13.0,From same direction - both going straight - both moving - rear-end,0,0,False,0
-122.349274485623,47.534053306218,200868,299573,300773,3745959,Matched,Intersection,34152.0,11TH AVE SW AND SW HOLDEN ST, ,,2b,Serious Injury Collision,Pedestrian,2,1,0,1,1,0,2018-07-15 00:00:00+00,7/15/2018 7:29:00 PM,At Intersection (intersection related),24,MOTOR VEHCILE STRUCK PEDESTRIAN,,False,Clear or Partly Cloudy,Dry,Daylight,,,,0.0,Vehicle going straight hits pedestrian,0,589447,False,1
-122.375022571593,47.5118553001575,200869,299572,300772,3745567,Matched,Intersection,38097.0,34TH AVE SW AND SW 102ND ST, ,,2,Injury Collision,Angles,2,0,0,2,2,0,2018-07-18 00:00:00+00,7/18/2018 4:28:00 PM,At Intersection (intersection related),11,"MOTOR VEHICLE STRUCK MOTOR VEHICLE, FRONT END AT ANGLE",,False,Clear or Partly Cloudy,Dry,Daylight,,,,10.0,Entering at angle,0,0,False,0
-122.306331656384,47.6061674516281,200888,298678,299838,E819014,Matched,Intersection,30190.0,20TH AVE AND E JEFFERSON ST, ,,2,Injury Collision,Angles,2,0,0,2,1,0,2018-07-17 00:00:00+00,7/17/2018 5:06:00 PM,At Intersection (intersection related),11,"MOTOR VEHICLE STRUCK MOTOR VEHICLE, FRONT END AT ANGLE",,False,Clear or Partly Cloudy,Dry,Daylight,,,,10.0,Entering at angle,0,0,False,0
-122.378771126081,47.5632637768611,200870,298479,299650,3746051,Matched,Intersection,31925.0,37TH AVE SW AND FAUNTLEROY WAY SW, ,,1,Property Damage Only Collision,Rear Ended,3,0,0,2,0,0,2018-07-23 00:00:00+00,7/23/2018 6:40:00 PM,At Intersection (but not related to intersection),14,"MOTOR VEHICLE STRUCK MOTOR VEHICLE, REAR END",True,True,Clear or Partly Cloudy,Dry,Daylight,,,,14.0,From same direction - both going straight - one stopped - rear-end,0,0,False,0
-122.279748084851,47.5424428700238,200871,299387,300567,E819887,Matched,Intersection,34424.0,43RD AVE S AND S HOLLY ST, ,,1,Property Damage Only Collision,Parked Car,2,0,0,2,0,0,2018-07-16 00:00:00+00,7/16/2018 4:21:00 PM,At Intersection (intersection related),11,"MOTOR VEHICLE STRUCK MOTOR VEHICLE, FRONT END AT ANGLE",,False,Clear or Partly Cloudy,Dry,Daylight,,,,32.0,One parked--one moving,0,0,True,0
-122.324083652384,47.5975113085084,200873,299385,300565,E819684,Matched,Block,,S WELLER ST BETWEEN MAYNARD AL S AND 7TH AVE S, ,,1,Property Damage Only Collision,Parked Car,2,0,0,2,0,0,2018-07-20 00:00:00+00,7/20/2018 2:00:00 PM,Mid-Block (not related to intersection),11,"MOTOR VEHICLE STRUCK MOTOR VEHICLE, FRONT END AT ANGLE",,False,Clear or Partly Cloudy,Dry,Daylight,,,,20.0,One car leaving parked position,0,0,False,0
-122.392726278157,47.5238703739335,200874,298478,299649,3745573,Matched,Block,,FAUNTLEROY ER WAY SW BETWEEN SW CONCORD ST AND SW HENDERSON ST, ,,2,Injury Collision,Cycles,2,0,1,1,1,0,2018-07-24 00:00:00+00,7/24/2018 1:53:00 PM,Mid-Block (not related to intersection),14,"MOTOR VEHICLE STRUCK MOTOR VEHICLE, REAR END",True,False,Clear or Partly Cloudy,Dry,Daylight,,,,8.0,Pedalcyclist All Other Involvements ONE UNIT - PEDALCYCLIST ONLY or PEDALCYCLIST STR,0,0,False,0
-122.331148114304,47.6783196779842,200875,298896,300076,3751403,Matched,Block,,EAST GREEN LAKE WAY N BETWEEN N 66TH ST AND SUNNYSIDE AVE N, ,,1,Property Damage Only Collision,Parked Car,2,0,0,2,0,0,2018-07-29 00:00:00+00,7/29/2018 1:29:00 PM,Mid-Block (not related to intersection),11,"MOTOR VEHICLE STRUCK MOTOR VEHICLE, FRONT END AT ANGLE",,False,Clear or Partly Cloudy,Dry,Daylight,,,,20.0,One car leaving parked position,0,0,False,0
-122.350039510845,47.6613944266133,200877,298817,299997,E819328,Matched,Intersection,26925.0,FREMONT AVE N AND N 45TH ST, ,,2,Injury Collision,Rear Ended,2,0,0,2,2,0,2018-07-16 00:00:00+00,7/16/2018 5:04:00 PM,At Intersection (intersection related),14,"MOTOR VEHICLE STRUCK MOTOR VEHICLE, REAR END",,False,Clear or Partly Cloudy,Dry,Daylight,,,,14.0,From same direction - both going straight - one stopped - rear-end,0,0,False,0
-122.377656421967,47.6636668176391,200878,298895,300075,3751402,Matched,Block,,NW LEARY WAY BETWEEN 15TH SB AVE NW AND LEARY AVE NW, ,,1,Property Damage Only Collision,Rear Ended,2,0,0,2,0,0,2018-07-26 00:00:00+00,7/26/2018 8:53:00 PM,Mid-Block (not related to intersection),14,"MOTOR VEHICLE STRUCK MOTOR VEHICLE, REAR END",True,True,Clear or Partly Cloudy,Dry,Daylight,,,,14.0,From same direction - both going straight - one stopped - rear-end,0,0,False,0
-122.299586570474,47.6730566725534,200879,298797,299977,E819327,Matched,Block,,26TH AVE NE BETWEEN NE 60TH ST AND NE 62ND ST, ,,1,Property Damage Only Collision,Parked Car,2,0,0,2,0,0,2018-07-15 00:00:00+00,7/15/2018 1:16:00 PM,Mid-Block (not related to intersection),12,"MOTOR VEHICLE STRUCK MOTOR VEHICLE, RIGHT SIDE AT ANGLE",,False,Clear or Partly Cloudy,Dry,Daylight,,,,32.0,One parked--one moving,0,0,True,0
-122.312464144733,47.6529759641361,200880,298894,300074,3751377,Matched,Intersection,27149.0,15TH AVE NE AND NE PACIFIC ST, ,,2,Injury Collision,Cycles,2,0,1,1,1,0,2018-07-25 00:00:00+00,7/25/2018 6:22:00 AM,At Intersection (intersection related),51,PEDALCYCLIST STRUCK MOTOR VEHICLE FRONT END AT ANGLE,True,False,Clear or Partly Cloudy,Dry,Daylight,,,,6.0,Pedalcyclist Strikes Moving Vehicle,0,0,False,0
-122.302329437492,47.6549938837481,200881,298777,299957,E813295,Matched,Block,,MONTLAKE BLVD NE BETWEEN NE PACIFIC PL AND 25TH AVE NE, ,,1,Property Damage Only Collision,Sideswipe,3,0,0,2,0,0,2018-06-23 00:00:00+00,6/23/2018 5:13:00 PM,Mid-Block (not related to intersection),11,"MOTOR VEHICLE STRUCK MOTOR VEHICLE, FRONT END AT ANGLE",,False,Clear or Partly Cloudy,Dry,Daylight,,,,11.0,From same direction - both going straight - both moving - sideswipe,0,0,False,0
-122.295118407979,47.6766863977874,200882,298893,300073,3751264,Matched,Block,,30TH AVE NE BETWEEN NE 65TH E ST AND NE 68TH ST, ,,1,Property Damage Only Collision,Parked Car,3,0,0,3,0,0,2018-07-29 00:00:00+00,7/29/2018 12:07:00 AM,Mid-Block (not related to intersection),11,"MOTOR VEHICLE STRUCK MOTOR VEHICLE, FRONT END AT ANGLE",,True,Clear or Partly Cloudy,Dry,Dark - Street Lights On,,,,32.0,One parked--one moving,0,0,True,0
-122.311929721856,47.6757834401583,200883,298892,300072,3751147,Matched,Intersection,24506.0,15TH AVE NE AND NE 65TH ST, ,,1,Property Damage Only Collision,Right Turn,2,0,0,2,0,0,2018-07-24 00:00:00+00,7/24/2018 5:03:00 PM,At Intersection (intersection related),14,"MOTOR VEHICLE STRUCK MOTOR VEHICLE, REAR END",True,False,Clear or Partly Cloudy,Dry,Daylight,,,,16.0,From same direction - one right turn - one straight,0,0,False,0
-122.346642372414,47.6414184113917,200884,298924,300104,3811655,Matched,Block,,AURORA AVE N BETWEEN DEXTER WAY N AND HALLADAY ST, ,,1,Property Damage Only Collision,Rear Ended,2,0,0,2,0,0,2018-07-13 00:00:00+00,7/13/2018 4:29:00 PM,Mid-Block (not related to intersection),14,"MOTOR VEHICLE STRUCK MOTOR VEHICLE, REAR END",True,False,Clear or Partly Cloudy,Dry,Daylight,,,,14.0,From same direction - both going straight - one stopped - rear-end,0,0,False,0
-122.30064519166,47.6739607240139,200885,298757,299937,E813278,Matched,Block,,25TH AVE NE BETWEEN NE 60TH ST AND NE 65TH ST, ,,1,Property Damage Only Collision,Angles,2,0,0,2,0,0,2018-06-18 00:00:00+00,6/18/2018 5:15:00 PM,Mid-Block (but intersection related),11,"MOTOR VEHICLE STRUCK MOTOR VEHICLE, FRONT END AT ANGLE",,False,Clear or Partly Cloudy,Dry,Daylight,,,,10.0,Entering at angle,0,0,False,0
-122.351645934802,47.6175835773484,200886,298739,299917,E819246,Matched,Intersection,29666.0,2ND AVE AND BROAD ST, ,,2,Injury Collision,Left Turn,3,0,0,2,1,0,2018-07-19 00:00:00+00,7/19/2018 10:20:00 AM,At Intersection (intersection related),11,"MOTOR VEHICLE STRUCK MOTOR VEHICLE, FRONT END AT ANGLE",True,False,Clear or Partly Cloudy,Dry,Daylight,,,,28.0,From opposite direction - one left turn - one straight,0,0,False,0
-122.386773459642,47.5638173307494,200889,298882,300062,3745941,Matched,Block,,CALIFORNIA AVE SW BETWEEN SW GENESEE ST AND SW OREGON ST, ,,2,Injury Collision,Pedestrian,2,1,0,1,1,0,2018-07-26 00:00:00+00,7/26/2018 7:48:00 PM,Mid-Block (not related to intersection),24,MOTOR VEHCILE STRUCK PEDESTRIAN,True,False,Clear or Partly Cloudy,Dry,Daylight,,,,0.0,Vehicle going straight hits pedestrian,0,0,False,0
-122.338136201387,47.6171159237715,200890,298938,300118,3811660,Matched,Block,,WESTLAKE AVE BETWEEN LENORA ST AND BLANCHARD ST, ,,2b,Serious Injury Collision,Rear Ended,3,0,0,2,1,0,2018-07-22 00:00:00+00,7/22/2018 12:14:00 PM,Mid-Block (not related to intersection),14,"MOTOR VEHICLE STRUCK MOTOR VEHICLE, REAR END",,False,Clear or Partly Cloudy,Dry,Daylight,,,,14.0,From same direction - both going straight - one stopped - rear-end,0,0,False,1
-122.329045123712,47.589338098397,200891,298677,299837,E819013,Matched,Intersection,163339.0,4TH AVE NB OFF RP AND EDGAR MARTINEZ DR S, ,,2,Injury Collision,Rear Ended,3,0,0,3,1,0,2018-07-13 00:00:00+00,7/13/2018 11:46:00 PM,At Intersection (intersection related),14,"MOTOR VEHICLE STRUCK MOTOR VEHICLE, REAR END",True,False,Overcast,Dry,Dark - Street Lights On,,,,14.0,From same direction - both going straight - one stopped - rear-end,0,0,False,0
-122.349212467536,47.6149715479956,200893,298923,300103,3811651,Matched,Block,,1ST AVE BETWEEN WALL ST AND VINE ST, ,,1,Property Damage Only Collision,Parked Car,2,0,0,2,0,0,2018-07-10 00:00:00+00,7/10/2018 9:28:00 AM,Mid-Block (not related to intersection),11,"MOTOR VEHICLE STRUCK MOTOR VEHICLE, FRONT END AT ANGLE",,False,Overcast,Dry,Daylight,,,,32.0,One parked--one moving,0,0,False,0
-122.409463528437,47.5749870077383,200894,298880,300060,3744089,Matched,Block,,60TH AVE SW BETWEEN SW ADMIRAL WAY AND SW HINDS ST, ,,1,Property Damage Only Collision,Parked Car,2,0,0,2,0,0,2018-07-28 00:00:00+00,7/28/2018 7:00:00 PM,Mid-Block (not related to intersection),11,"MOTOR VEHICLE STRUCK MOTOR VEHICLE, FRONT END AT ANGLE",True,False,Clear or Partly Cloudy,Dry,Daylight,,,,32.0,One parked--one moving,0,0,True,0
-122.295980207169,47.6035544090878,200895,298662,299822,E819012,Matched,Intersection,30567.0,28TH AVE AND E SPRUCE ST, ,,1,Property Damage Only Collision,Angles,3,0,0,2,0,0,2018-07-14 00:00:00+00,7/14/2018 1:30:00 PM,At Intersection (but not related to intersection),11,"MOTOR VEHICLE STRUCK MOTOR VEHICLE, FRONT END AT ANGLE",,False,Clear or Partly Cloudy,Dry,Daylight,,,,10.0,Entering at angle,0,0,False,0
-122.314197077678,47.6026812841654,200896,298661,299821,E819011,Matched,Intersection,30405.0,14TH AVE AND E FIR ST, ,,1,Property Damage Only Collision,Angles,2,0,0,2,0,0,2018-07-13 00:00:00+00,7/13/2018 5:40:00 PM,At Intersection (intersection related),11,"MOTOR VEHICLE STRUCK MOTOR VEHICLE, FRONT END AT ANGLE",,False,Clear or Partly Cloudy,Dry,Daylight,,,,10.0,Entering at angle,0,0,False,0
-122.35583053452,47.5181027125646,200898,298878,300058,3742347,Matched,Block,,DELRIDGE WAY SW BETWEEN 17TH AVE SW AND SW ROXBURY ST, ,,1,Property Damage Only Collision,Parked Car,2,0,0,2,0,0,2018-07-27 00:00:00+00,7/27/2018 2:52:00 PM,Mid-Block (not related to intersection),11,"MOTOR VEHICLE STRUCK MOTOR VEHICLE, FRONT END AT ANGLE",,False,Clear or Partly Cloudy,Dry,Daylight,,,,20.0,One car leaving parked position,0,0,False,0
-122.302338801905,47.6016672986986,200899,298660,299820,E819010,Matched,Intersection,30733.0,23RD AVE AND E YESLER WAY, ,,1,Property Damage Only Collision,Left Turn,2,0,0,2,0,0,2018-07-13 00:00:00+00,7/13/2018 12:11:00 PM,At Intersection (intersection related),11,"MOTOR VEHICLE STRUCK MOTOR VEHICLE, FRONT END AT ANGLE",,False,Clear or Partly Cloudy,Dry,Daylight,,,,28.0,From opposite direction - one left turn - one straight,0,0,False,0
-122.351133937705,47.5709417837772,200900,298877,300057,3742346,Matched,Block,,WEST SEATTLE BR EB BETWEEN ALASKAN WY VI NB ON RP AND DELRIDGE-W SEATTLE BR EB ON RP, ,,2,Injury Collision,Rear Ended,4,0,0,4,2,0,2018-07-27 00:00:00+00,7/27/2018 9:00:00 AM,Mid-Block (not related to intersection),14,"MOTOR VEHICLE STRUCK MOTOR VEHICLE, REAR END",,False,Clear or Partly Cloudy,Dry,Daylight,,,,14.0,From same direction - both going straight - one stopped - rear-end,0,0,False,0
-122.291558096988,47.683048645108,200901,298901,300081,3754393,Matched,Intersection,24652.0,34TH AVE NE AND NE 75TH ST, ,,2,Injury Collision,Angles,4,0,0,2,1,0,2018-07-28 00:00:00+00,7/28/2018 10:53:00 AM,At Intersection (intersection related),11,"MOTOR VEHICLE STRUCK MOTOR VEHICLE, FRONT END AT ANGLE",,False,Clear or Partly Cloudy,Dry,Daylight,,,,10.0,Entering at angle,0,0,False,0
-122.305827396494,47.5884106013236,200902,298659,299819,E819008,Matched,Intersection,31517.0,RAINIER AVE S AND S MASSACHUSETTS ST, ,,1,Property Damage Only Collision,Left Turn,2,0,0,2,0,0,2018-07-05 00:00:00+00,7/5/2018 5:06:00 PM,At Intersection (intersection related),15,"MOTOR VEHICLE STRUCK MOTOR VEHICLE, RIGHT SIDE SIDESWIPE",,False,Clear or Partly Cloudy,Dry,Daylight,,,,15.0,From same direction - one left turn - one straight,0,0,False,0
-122.400264241378,47.5842013353862,200903,298867,300047,3742270,Matched,Block,,ALKI AVE SW BETWEEN BONAIR DR SW AND 53RD AVE SW, ,,1,Property Damage Only Collision,Parked Car,4,0,0,4,0,0,2018-07-29 00:00:00+00,7/29/2018 3:15:00 AM,Mid-Block (not related to intersection),11,"MOTOR VEHICLE STRUCK MOTOR VEHICLE, FRONT END AT ANGLE",,False,Clear or Partly Cloudy,Dry,Dark - Street Lights On,,,,32.0,One parked--one moving,0,0,False,0
-122.318311631382,47.5476795972498,200905,298657,299817,E818858,Matched,Block,,S BAILEY ST BETWEEN FLORA AVE S AND ELLIS AVE S, ,,1,Property Damage Only Collision,Rear Ended,4,0,0,3,0,0,2018-06-20 00:00:00+00,6/20/2018 8:26:00 AM,Mid-Block (not related to intersection),14,"MOTOR VEHICLE STRUCK MOTOR VEHICLE, REAR END",True,False,Clear or Partly Cloudy,Dry,Daylight,,,,14.0,From same direction - both going straight - one stopped - rear-end,0,0,False,0
-122.284958677573,47.5641217926311,200906,298858,300038,3578919,Matched,Intersection,32712.0,38TH AVE S AND S GENESEE ST, ,,1,Property Damage Only Collision,Angles,3,0,0,2,0,0,2018-07-27 00:00:00+00,7/27/2018 7:50:00 PM,At Intersection (intersection related),11,"MOTOR VEHICLE STRUCK MOTOR VEHICLE, FRONT END AT ANGLE",,False,Clear or Partly Cloudy,Dry,Daylight,,,,10.0,Entering at angle,0,0,False,0
-122.351007198038,47.6148601714449,200908,298857,300037,3574468,Matched,Block,,WESTERN AVE BETWEEN VINE ST AND CEDAR ST, ,,1,Property Damage Only Collision,Sideswipe,4,0,0,2,0,0,2018-07-28 00:00:00+00,7/28/2018 6:33:00 AM,Mid-Block (not related to intersection),11,"MOTOR VEHICLE STRUCK MOTOR VEHICLE, FRONT END AT ANGLE",,False,Clear or Partly Cloudy,Dry,Daylight,,,,11.0,From same direction - both going straight - both moving - sideswipe,0,0,False,0
-122.312965573872,47.5716304742932,200909,298837,300017,E819339,Matched,Block,,S SPOKANE ST BETWEEN 15TH AVE S AND 16TH AVE S, ,,1,Property Damage Only Collision,Angles,2,0,0,2,0,0,2018-07-11 00:00:00+00,7/11/2018 10:00:00 AM,Mid-Block (but intersection related),11,"MOTOR VEHICLE STRUCK MOTOR VEHICLE, FRONT END AT ANGLE",,False,Unknown,Unknown,Daylight,,,,10.0,Entering at angle,0,0,False,0
-122.316665218229,47.6579154321812,200910,298898,300078,3751456,Matched,Block,,11TH AVE NE BETWEEN EASTLAKE AVE NE AND NE 42ND ST, ,,1,Property Damage Only Collision,Parked Car,2,0,0,2,0,0,2018-07-25 00:00:00+00,7/25/2018 3:31:00 AM,Mid-Block (not related to intersection),11,"MOTOR VEHICLE STRUCK MOTOR VEHICLE, FRONT END AT ANGLE",,False,Clear or Partly Cloudy,Dry,Dark - Street Lights On,,,,19.0,One car entering parked position,0,0,False,0
-122.306260758745,47.5455760539625,200911,298599,299759,E818628,Matched,Block,,SWIFT AVE S BETWEEN SWIFT AV OFF RP AND S EDDY ST, ,,2,Injury Collision,Rear Ended,4,0,0,2,1,0,2018-07-13 00:00:00+00,7/13/2018 11:36:00 AM,Mid-Block (not related to intersection),14,"MOTOR VEHICLE STRUCK MOTOR VEHICLE, REAR END",True,False,Clear or Partly Cloudy,Dry,Daylight,,,,13.0,From same direction - both going straight - both moving - rear-end,0,0,False,0
-122.293240252748,47.5608084467192,200912,298598,299758,E818627,Matched,Intersection,484891.0,M L KING JR ER WAY S AND S ALASKA ST, ,,2,Injury Collision,Rear Ended,2,0,0,2,1,0,2018-07-12 00:00:00+00,7/12/2018 6:35:00 PM,At Intersection (intersection related),14,"MOTOR VEHICLE STRUCK MOTOR VEHICLE, REAR END",,False,Clear or Partly Cloudy,Dry,Daylight,,,,14.0,From same direction - both going straight - one stopped - rear-end,0,0,False,0
-122.328617054094,47.6613615085887,200914,298897,300077,3751404,Matched,Block,,N 45TH ST BETWEEN EASTERN AVE N AND 1ST AVE NE, ,,2,Injury Collision,Parked Car,2,0,0,2,1,0,2018-07-28 00:00:00+00,7/28/2018 1:18:00 AM,Mid-Block (not related to intersection),14,"MOTOR VEHICLE STRUCK MOTOR VEHICLE, REAR END",,True,Clear or Partly Cloudy,Dry,Dark - Street Lights On,,,,32.0,One parked--one moving,0,0,True,0
-122.288688964531,47.5327150122819,200915,299158,300338,3818922,Matched,Block,,BEACON ER AVE S BETWEEN S PORTLAND ST AND S CHICAGO ST, ,,1,Property Damage Only Collision,Parked Car,3,0,0,3,0,0,2018-07-12 00:00:00+00,7/12/2018 3:46:00 AM,Mid-Block (not related to intersection),14,"MOTOR VEHICLE STRUCK MOTOR VEHICLE, REAR END",,False,Clear or Partly Cloudy,Dry,Dark - Street Lights On,,,,32.0,One parked--one moving,0,0,False,0
-122.397832510339,47.548099648972,200916,299277,300457,E819419,Matched,Block,,BEACH DR SW BETWEEN SW JUNEAU ST AND ATLAS PL SW, ,,1,Property Damage Only Collision,Parked Car,2,0,0,2,0,0,2018-07-19 00:00:00+00,7/19/2018,Mid-Block (not related to intersection),11,"MOTOR VEHICLE STRUCK MOTOR VEHICLE, FRONT END AT ANGLE",,False,Clear or Partly Cloudy,Dry,Dark - Street Lights On,,,,32.0,One parked--one moving,0,0,True,0
-122.341675252604,47.627136092725,200917,299077,300257,3812381,Matched,Block,,ALOHA ST BETWEEN DEXTER AVE N AND 8TH AVE N, ,,2,Injury Collision,Parked Car,5,0,0,5,1,0,2018-07-26 00:00:00+00,7/26/2018 7:45:00 AM,Mid-Block (not related to intersection),14,"MOTOR VEHICLE STRUCK MOTOR VEHICLE, REAR END",,False,Clear or Partly Cloudy,Dry,Daylight,,,,32.0,One parked--one moving,0,0,True,0
-122.252463996423,47.5044407526795,200918,299157,300337,3818921,Matched,Block,,RENTON AVE S BETWEEN S HAZEL ST AND S FOUNTAIN ST, ,,1,Property Damage Only Collision,Parked Car,2,0,0,2,0,0,2018-07-11 00:00:00+00,7/11/2018 4:57:00 PM,Mid-Block (not related to intersection),14,"MOTOR VEHICLE STRUCK MOTOR VEHICLE, REAR END",,False,Clear or Partly Cloudy,Dry,Daylight,,,,32.0,One parked--one moving,0,0,True,0
-122.302909504463,47.5845418639532,200920,299117,300297,3814914,Matched,Intersection,31562.0,23RD AVE S AND RAINIER AVE S, ,,1,Property Damage Only Collision,Rear Ended,3,0,0,2,0,0,2018-07-13 00:00:00+00,7/13/2018 12:44:00 PM,At Intersection (intersection related),14,"MOTOR VEHICLE STRUCK MOTOR VEHICLE, REAR END",,False,Clear or Partly Cloudy,Dry,Daylight,,,,14.0,From same direction - both going straight - one stopped - rear-end,0,0,False,0
-122.339558313497,47.6083233991142,200921,299044,300224,3812380,Matched,Block,,1ST AVE BETWEEN UNION ST AND PIKE ST, ,,1,Property Damage Only Collision,Sideswipe,3,0,0,2,0,0,2018-07-20 00:00:00+00,7/20/2018 9:04:00 PM,Mid-Block (not related to intersection),14,"MOTOR VEHICLE STRUCK MOTOR VEHICLE, REAR END",,False,Clear or Partly Cloudy,Dry,Dark - Street Lights Off,,,,12.0,From same direction - both going straight - one stopped - sideswipe,0,0,False,0
-122.287094783699,47.5512323012311,200922,299099,300279,3814910,Matched,Block,,S ORCAS ST BETWEEN M L KING JR ER WAY S AND 37TH AVE S, ,,1,Property Damage Only Collision,Angles,3,0,0,2,0,0,2018-07-11 00:00:00+00,7/11/2018 10:02:00 AM,Mid-Block (not related to intersection),14,"MOTOR VEHICLE STRUCK MOTOR VEHICLE, REAR END",,False,Clear or Partly Cloudy,Dry,Daylight,,,,10.0,Entering at angle,0,0,False,0