longitude,latitude,objectid,inckey,coldetkey,reportno,status,addrtype,intkey,location,exceptrsncode,exceptrsndesc,severitycode,severitydesc,collisiontype,personcount,pedcount,pedcylcount,vehcount,injuries,fatalities,incdate,incdttm,junctiontype,sdot_colcode,sdot_coldesc,inattentionind,underinfl,weather,roadcond,lightcond,pedrownotgrnt,sdotcolnum,speeding,st_colcode,st_coldesc,seglanekey,crosswalkkey,hitparkedcar,seriousinjuries
-122.319753993727,47.5520818789892,200923,299098,300278,3814909,Matched,Intersection,33108.0,AIRPORT WAY S AND CORSON AVE S, ,,1,Property Damage Only Collision,Other,1,0,0,1,0,0,2018-07-10 00:00:00+00,7/10/2018 12:16:00 PM,At Intersection (intersection related),28,MOTOR VEHICLE RAN OFF ROAD - HIT FIXED OBJECT,,False,Clear or Partly Cloudy,Dry,Daylight,,,,50.0,Fixed object,0,0,False,0
-122.348170076961,47.5340625079478,200924,299257,300437,E819418,Matched,Block,,SW HOLDEN ST BETWEEN HIGHLAND PK N WAY SW AND 11TH AVE SW, ,,2,Injury Collision,Sideswipe,3,0,0,2,1,0,2018-07-13 00:00:00+00,7/13/2018 7:09:00 PM,Mid-Block (but intersection related),11,"MOTOR VEHICLE STRUCK MOTOR VEHICLE, FRONT END AT ANGLE",,False,Clear or Partly Cloudy,Dry,Daylight,,,,11.0,From same direction - both going straight - both moving - sideswipe,0,0,False,0
-122.329580811259,47.5492564136973,200927,299097,300277,3814907,Matched,Block,,4TH AVE S BETWEEN S FIDALGO ST AND S FRONT ST, ,,2,Injury Collision,Left Turn,3,0,0,3,1,0,2018-06-06 00:00:00+00,6/6/2018 1:54:00 PM,Mid-Block (not related to intersection),11,"MOTOR VEHICLE STRUCK MOTOR VEHICLE, FRONT END AT ANGLE",,False,Clear or Partly Cloudy,Dry,Daylight,,,,28.0,From opposite direction - one left turn - one straight,0,0,False,0
-122.35475322167,47.6245768894402,200928,299011,300191,3812266,Matched,Block,,MERCER ST BETWEEN 1ST AVE N AND WARREN AVE N, ,,1,Property Damage Only Collision,Parked Car,3,0,0,2,0,0,2018-07-10 00:00:00+00,7/10/2018 3:41:00 AM,Mid-Block (not related to intersection),14,"MOTOR VEHICLE STRUCK MOTOR VEHICLE, REAR END",True,False,Clear or Partly Cloudy,Dry,Dawn,,,,32.0,One parked--one moving,0,0,True,0
-122.344771984862,47.6111727702874,200929,299096,300276,3814117,Matched,Intersection,29722.0,LENORA ST AND WESTERN AVE, ,,2b,Serious Injury Collision,Pedestrian,2,1,0,1,1,0,2018-07-29 00:00:00+00,7/29/2018 12:45:00 PM,At Intersection (intersection related),24,MOTOR VEHCILE STRUCK PEDESTRIAN,,False,Snowing,Ice,Dark - Street Lights On,,,,2.0,Vehicle turning left hits pedestrian,0,0,False,1
-122.324667059656,47.6219877546091,200931,299095,300275,3814112,Matched,Block,,E HARRISON ST BETWEEN SUMMIT AVE E AND BELMONT AVE E, ,,1,Property Damage Only Collision,Parked Car,2,0,0,2,0,0,2018-07-16 00:00:00+00,7/16/2018 11:25:00 AM,Mid-Block (not related to intersection),14,"MOTOR VEHICLE STRUCK MOTOR VEHICLE, REAR END",,False,Clear or Partly Cloudy,Dry,Daylight,,,,32.0,One parked--one moving,0,0,False,0
-122.363296505361,47.5674441598926,200932,299237,300417,E819417,Matched,Block,,DELRIDGE WAY SW BETWEEN SW ANDOVER ST AND SW DAKOTA ST, ,,2,Injury Collision,Rear Ended,2,0,0,2,1,0,2018-07-16 00:00:00+00,7/16/2018 7:07:00 AM,Mid-Block (not related to intersection),14,"MOTOR VEHICLE STRUCK MOTOR VEHICLE, REAR END",True,False,Clear or Partly Cloudy,Dry,Daylight,,,,14.0,From same direction - both going straight - one stopped - rear-end,0,0,False,0
-122.293778705965,47.6251105880538,200933,299094,300274,3814107,Matched,Block,,E MADISON ST BETWEEN 29TH E AVE E AND LAKE WASHINGTON BLVD E, ,,1,Property Damage Only Collision,Parked Car,2,0,0,2,0,0,2018-07-12 00:00:00+00,7/12/2018 9:55:00 PM,Mid-Block (not related to intersection),14,"MOTOR VEHICLE STRUCK MOTOR VEHICLE, REAR END",True,False,Clear or Partly Cloudy,Dry,Dark - Street Lights On,,,,32.0,One parked--one moving,0,0,True,0
-122.343260778135,47.6114518575507,200934,299009,300189,3812264,Matched,Block,,1ST AVE BETWEEN VIRGINIA ST AND LENORA ST, ,,1,Property Damage Only Collision,Parked Car,4,0,0,2,0,0,2018-07-07 00:00:00+00,7/7/2018 10:10:00 PM,Mid-Block (not related to intersection),11,"MOTOR VEHICLE STRUCK MOTOR VEHICLE, FRONT END AT ANGLE",,False,Clear or Partly Cloudy,Dry,Dark - Street Lights On,,,,32.0,One parked--one moving,0,0,False,0
-122.338745289756,47.6140582088585,200935,299008,300188,3812263,Matched,Block,,VIRGINIA ST BETWEEN 5TH AVE AND 6TH AVE, ,,2,Injury Collision,Right Turn,4,0,0,2,1,0,2018-07-06 00:00:00+00,7/6/2018 1:04:00 AM,Mid-Block (not related to intersection),11,"MOTOR VEHICLE STRUCK MOTOR VEHICLE, FRONT END AT ANGLE",,False,Clear or Partly Cloudy,Dry,Dark - Street Lights On,,,,16.0,From same direction - one right turn - one straight,0,0,False,0
-122.320215996416,47.6277478686846,200937,299092,300272,3814104,Matched,Block,,10TH AVE E BETWEEN E ALOHA ST AND E PROSPECT ST, ,,1,Property Damage Only Collision,Parked Car,3,0,0,3,0,0,2018-07-11 00:00:00+00,7/11/2018 7:14:00 AM,Mid-Block (not related to intersection),11,"MOTOR VEHICLE STRUCK MOTOR VEHICLE, FRONT END AT ANGLE",,False,Clear or Partly Cloudy,Dry,Dark - No Street Lights,,,,32.0,One parked--one moving,0,0,False,0
-122.329279433184,47.5903078588536,200938,299007,300187,3812217,Matched,Intersection,163340.0,4TH AVE SB OFF RP AND EDGAR MARTINEZ DR S, ,,1,Property Damage Only Collision,Rear Ended,6,0,0,2,0,0,2018-07-28 00:00:00+00,7/28/2018 8:06:00 PM,At Intersection (but not related to intersection),14,"MOTOR VEHICLE STRUCK MOTOR VEHICLE, REAR END",,True,Clear or Partly Cloudy,Dry,Daylight,,,,13.0,From same direction - both going straight - both moving - rear-end,0,0,False,0
-122.335118743008,47.6101805006637,200941,299006,300186,3812216,Matched,Block,,5TH AVE BETWEEN UNION ST AND PIKE ST, ,,1,Property Damage Only Collision,Parked Car,2,0,0,2,0,0,2018-07-27 00:00:00+00,7/27/2018 5:42:00 PM,Mid-Block (not related to intersection),11,"MOTOR VEHICLE STRUCK MOTOR VEHICLE, FRONT END AT ANGLE",,False,Clear or Partly Cloudy,Dry,Daylight,,,,20.0,One car leaving parked position,0,0,False,0
-122.332989781319,47.6213921900748,200942,299081,300261,3812385,Matched,Block,,MINOR AVE N BETWEEN THOMAS ST AND HARRISON ST, ,,1,Property Damage Only Collision,Parked Car,2,0,0,2,0,0,2018-07-29 00:00:00+00,7/29/2018 9:23:00 AM,Mid-Block (not related to intersection),11,"MOTOR VEHICLE STRUCK MOTOR VEHICLE, FRONT END AT ANGLE",True,False,Clear or Partly Cloudy,Dry,Unknown,,,,32.0,One parked--one moving,0,0,True,0
-122.325066888096,47.5962562111889,200943,299005,300185,3812209,Matched,Block,,MAYNARD AVE S BETWEEN S LANE ST AND S DEARBORN ST, ,,1,Property Damage Only Collision,Parked Car,2,0,0,2,0,0,2018-07-06 00:00:00+00,7/6/2018 9:38:00 PM,Mid-Block (not related to intersection),14,"MOTOR VEHICLE STRUCK MOTOR VEHICLE, REAR END",,False,Clear or Partly Cloudy,Dry,Dusk,,,,32.0,One parked--one moving,0,0,True,0
-122.327734415456,47.6649999424502,200983,289780,290640,E801717,Matched,Block,,NE 50TH ST BETWEEN 1ST AVE NE AND 2ND AVE NE, ,,2,Injury Collision,Other,5,0,0,5,4,0,2018-05-22 00:00:00+00,5/22/2018 8:35:00 AM,Mid-Block (not related to intersection),28,MOTOR VEHICLE RAN OFF ROAD - HIT FIXED OBJECT,True,False,Clear or Partly Cloudy,Dry,Daylight,,,,50.0,Fixed object,0,0,False,0
-122.33141659887,47.6161711241929,200945,299080,300260,3812384,Matched,Intersection,29852.0,BOREN AVE AND HOWELL ST, ,,1,Property Damage Only Collision,Rear Ended,2,0,0,2,0,0,2018-07-21 00:00:00+00,7/21/2018 2:00:00 AM,At Intersection (but not related to intersection),14,"MOTOR VEHICLE STRUCK MOTOR VEHICLE, REAR END",True,False,Clear or Partly Cloudy,Dry,Dark - Street Lights On,,,,14.0,From same direction - both going straight - one stopped - rear-end,0,0,False,0
-122.34336847739,47.6185541435182,200946,298958,300138,3812016,Matched,Intersection,29517.0,BOREALIS AVE AND DENNY WAY, ,,1,Property Damage Only Collision,Other,2,0,0,2,0,0,2018-07-26 00:00:00+00,7/26/2018 4:08:00 PM,At Intersection (but not related to intersection),14,"MOTOR VEHICLE STRUCK MOTOR VEHICLE, REAR END",,False,Clear or Partly Cloudy,Dry,Daylight,,,,23.0,From same direction - all others,0,0,False,0
-122.414192693351,47.6504373370136,200947,299079,300259,3812383,Matched,Intersection,26424.0,MAGNOLIA BLVD W AND W BERTONA ST, ,,1,Property Damage Only Collision,Cycles,2,0,1,1,0,0,2018-07-27 00:00:00+00,7/27/2018 8:51:00 AM,At Intersection (intersection related),18,"MOTOR VEHICLE STRUCK PEDALCYCLIST, FRONT END AT ANGLE",,False,Clear or Partly Cloudy,Dry,Daylight,,,,6.0,Pedalcyclist Strikes Moving Vehicle,0,0,False,0
-122.335930273468,47.6119035165331,200948,299078,300258,3812382,Matched,Block,,PINE ST BETWEEN 5TH AVE AND 6TH AVE, ,,1,Property Damage Only Collision,Rear Ended,3,0,0,2,0,0,2018-07-26 00:00:00+00,7/26/2018 3:37:00 PM,Mid-Block (not related to intersection),14,"MOTOR VEHICLE STRUCK MOTOR VEHICLE, REAR END",,False,Clear or Partly Cloudy,Dry,Daylight,,,,14.0,From same direction - both going straight - one stopped - rear-end,0,0,False,0
-122.337466520859,47.6027029134609,200950,298957,300137,3812015,Matched,Block,,ALASKAN WAY BETWEEN COLUMBIA ST AND MARION ST, ,,2,Injury Collision,Pedestrian,2,0,1,1,1,0,2018-07-19 00:00:00+00,7/19/2018 5:50:00 PM,Mid-Block (not related to intersection),18,"MOTOR VEHICLE STRUCK PEDALCYCLIST, FRONT END AT ANGLE",,False,Overcast,Dry,Daylight,True,,,5.0,Vehicle Strikes Pedalcyclist,0,0,False,0
-122.359335873416,47.6227003655712,200951,298940,300120,3812012,Matched,Block,,2ND AVE W BETWEEN W HARRISON ST AND W REPUBLICAN ST, ,,1,Property Damage Only Collision,Parked Car,2,0,0,2,0,0,2018-07-15 00:00:00+00,7/15/2018 9:24:00 PM,Mid-Block (not related to intersection),11,"MOTOR VEHICLE STRUCK MOTOR VEHICLE, FRONT END AT ANGLE",True,True,Clear or Partly Cloudy,Dry,Dusk,,,,32.0,One parked--one moving,0,0,True,0
-122.337873476967,47.6129582674818,200952,298939,300119,3811783,Matched,Intersection,29556.0,5TH AVE AND STEWART ST, ,,1,Property Damage Only Collision,Angles,2,0,0,2,0,0,2018-07-10 00:00:00+00,7/10/2018 5:59:00 PM,At Intersection (intersection related),14,"MOTOR VEHICLE STRUCK MOTOR VEHICLE, REAR END",True,False,Clear or Partly Cloudy,Dry,Daylight,,,,10.0,Entering at angle,0,0,False,0
-122.316835849242,47.6141037689148,200954,289237,290097,E801061,Matched,Intersection,29748.0,12TH AVE AND E PIKE ST, ,,1,Property Damage Only Collision,Parked Car,2,0,0,2,0,0,2018-05-11 00:00:00+00,5/11/2018 3:35:00 PM,At Intersection (intersection related),14,"MOTOR VEHICLE STRUCK MOTOR VEHICLE, REAR END",,False,Clear or Partly Cloudy,Dry,Daylight,,,,20.0,One car leaving parked position,0,0,False,0
-122.316733390752,47.6128892357701,200957,289217,290077,3284339,Matched,Intersection,29761.0,12TH AVE AND E MADISON ST, ,,1,Property Damage Only Collision,Other,2,0,0,2,0,0,2018-05-23 00:00:00+00,5/23/2018 3:32:00 PM,At Intersection (intersection related),11,"MOTOR VEHICLE STRUCK MOTOR VEHICLE, FRONT END AT ANGLE",,False,Clear or Partly Cloudy,Dry,Daylight,,,,23.0,From same direction - all others,0,0,False,0
-122.345685066486,47.6393529652799,200958,288097,288957,E798510,Matched,Block,,AURORA AVE N BETWEEN LYNN ST AND MCGRAW ST, ,,1,Property Damage Only Collision,Sideswipe,2,0,0,2,0,0,2018-05-08 00:00:00+00,5/8/2018 11:15:00 AM,Mid-Block (not related to intersection),11,"MOTOR VEHICLE STRUCK MOTOR VEHICLE, FRONT END AT ANGLE",,False,Clear or Partly Cloudy,Dry,Daylight,,,,11.0,From same direction - both going straight - both moving - sideswipe,0,0,False,0
-122.308676777243,47.7320831972469,200959,289197,290057,3751030,Matched,Intersection,36079.0,19TH AVE NE AND NE 143RD ST, ,,1,Property Damage Only Collision,Angles,2,0,0,2,0,0,2018-05-23 00:00:00+00,5/23/2018 11:02:00 AM,At Intersection (intersection related),11,"MOTOR VEHICLE STRUCK MOTOR VEHICLE, FRONT END AT ANGLE",,False,Clear or Partly Cloudy,Dry,Daylight,,,,10.0,Entering at angle,0,0,False,0
-122.328029756603,47.5715195624256,200960,288077,288937,E796129,Matched,Block,,WEST SEATTLE BR EB BETWEEN W SEATTLE BR - I5 SB RP AND W SEA BR EB 4 AV OFF RP, ,,1,Property Damage Only Collision,Rear Ended,3,0,0,3,0,0,2018-05-02 00:00:00+00,5/2/2018 3:58:00 PM,Mid-Block (not related to intersection),14,"MOTOR VEHICLE STRUCK MOTOR VEHICLE, REAR END",,False,Clear or Partly Cloudy,Dry,Daylight,,,,13.0,From same direction - both going straight - both moving - rear-end,0,0,False,0
-122.287112405139,47.5996924925477,200961,289178,290038,E801072,Matched,Block,,S LESCHI PL BETWEEN 35TH AVE S AND LAKESIDE UPPER AVE S, ,,1,Property Damage Only Collision,Parked Car,2,0,0,2,0,0,2018-05-22 00:00:00+00,5/22/2018 3:05:00 PM,Mid-Block (not related to intersection),14,"MOTOR VEHICLE STRUCK MOTOR VEHICLE, REAR END",True,True,Clear or Partly Cloudy,Dry,Daylight,,,,32.0,One parked--one moving,0,0,True,0
-122.290598160235,47.6947419553937,200962,289177,290037,E801196,Matched,Intersection,37923.0,35TH AVE NE AND NE 91ST N ST, ,,1,Property Damage Only Collision,Other,1,0,0,1,0,0,2018-05-18 00:00:00+00,5/18/2018 8:19:00 AM,At Intersection (intersection related),28,MOTOR VEHICLE RAN OFF ROAD - HIT FIXED OBJECT,,False,Clear or Partly Cloudy,Dry,Daylight,,,,50.0,Fixed object,0,0,False,0
-122.360735281373,47.7014871345931,200964,288064,288924,E798615,Matched,Intersection,37122.0,3RD AVE NW AND NW 100TH ST, ,,2,Injury Collision,Angles,6,0,0,2,5,0,2018-05-12 00:00:00+00,5/12/2018 11:44:00 PM,At Intersection (intersection related),11,"MOTOR VEHICLE STRUCK MOTOR VEHICLE, FRONT END AT ANGLE",,False,Clear or Partly Cloudy,Dry,Dark - Street Lights On,,,True,10.0,Entering at angle,0,0,False,0
-122.376210674744,47.6756344811611,200965,288063,288923,E798614,Matched,Block,,15TH AVE NW BETWEEN NW 64TH ST AND NW 65TH ST, ,,1,Property Damage Only Collision,Angles,4,0,0,4,0,0,2018-05-01 00:00:00+00,5/1/2018 8:34:00 AM,Mid-Block (not related to intersection),14,"MOTOR VEHICLE STRUCK MOTOR VEHICLE, REAR END",,False,Clear or Partly Cloudy,Dry,Daylight,,,,10.0,Entering at angle,0,0,False,0
-122.328913101671,47.6134658203127,200966,289157,290017,E801071,Matched,Intersection,29878.0,BOREN AVE AND PIKE ST, ,,2,Injury Collision,Rear Ended,5,0,0,2,1,0,2018-05-16 00:00:00+00,5/16/2018 5:53:00 PM,At Intersection (intersection related),14,"MOTOR VEHICLE STRUCK MOTOR VEHICLE, REAR END",True,False,Clear or Partly Cloudy,Dry,Daylight,,,,14.0,From same direction - both going straight - one stopped - rear-end,0,0,False,0
-122.367393442529,47.700832393434,200967,288061,288921,E798612,Matched,Block,,DIBBLE AVE NW BETWEEN NW 97TH ST AND NW 100TH ST, ,,1,Property Damage Only Collision,Parked Car,2,0,0,2,0,0,2018-05-10 00:00:00+00,5/10/2018 4:05:00 AM,Mid-Block (not related to intersection),14,"MOTOR VEHICLE STRUCK MOTOR VEHICLE, REAR END",,True,Overcast,Dry,Dark - Street Lights On,,,,32.0,One parked--one moving,0,0,False,0
-122.29784798881,47.6042693055869,200968,288709,289569,E799244,Matched,Intersection,30098.0,27TH AVE AND E ALDER ST, ,,2,Injury Collision,Angles,4,0,0,2,2,0,2018-05-15 00:00:00+00,5/15/2018 4:02:00 PM,At Intersection (intersection related),11,"MOTOR VEHICLE STRUCK MOTOR VEHICLE, FRONT END AT ANGLE",,False,Clear or Partly Cloudy,Dry,Daylight,,,,10.0,Entering at angle,0,0,False,0
-122.360747070345,47.7029413660205,200970,288060,288920,E798611,Matched,Block,,3RD AVE NW BETWEEN HOLMAN RD NW AND NW 103RD S ST, ,,1,Property Damage Only Collision,Rear Ended,2,0,0,2,0,0,2018-04-23 00:00:00+00,4/23/2018 8:49:00 AM,Mid-Block (not related to intersection),14,"MOTOR VEHICLE STRUCK MOTOR VEHICLE, REAR END",True,False,Clear or Partly Cloudy,Dry,Daylight,,,,14.0,From same direction - both going straight - one stopped - rear-end,0,0,False,0
-122.310949419142,47.5951162837385,200971,288708,289568,E799243,Matched,Block,,RAINIER AVE S BETWEEN S DEARBORN ST AND S CHARLES N ST, ,,1,Property Damage Only Collision,Sideswipe,2,0,0,2,0,0,2018-05-14 00:00:00+00,5/14/2018 2:00:00 PM,Mid-Block (not related to intersection),11,"MOTOR VEHICLE STRUCK MOTOR VEHICLE, FRONT END AT ANGLE",,False,Clear or Partly Cloudy,Dry,Daylight,,,,11.0,From same direction - both going straight - both moving - sideswipe,0,0,False,0
-122.334198303058,47.5850426824454,200972,289757,290617,E801446,Matched,Block,,1ST AVE S BETWEEN S HOLGATE ST AND S WALKER ST, ,,2,Injury Collision,Rear Ended,4,0,0,3,2,0,2018-05-23 00:00:00+00,5/23/2018 5:51:00 PM,Mid-Block (not related to intersection),14,"MOTOR VEHICLE STRUCK MOTOR VEHICLE, REAR END",,False,Clear or Partly Cloudy,Dry,Daylight,,,,13.0,From same direction - both going straight - both moving - rear-end,0,0,False,0
-122.306356952564,47.5992547054432,200973,288707,289567,E799242,Matched,Intersection,30754.0,20TH AVE S AND S JACKSON ST, ,,1,Property Damage Only Collision,Angles,2,0,0,2,0,0,2018-05-14 00:00:00+00,5/14/2018 11:59:00 AM,At Intersection (intersection related),11,"MOTOR VEHICLE STRUCK MOTOR VEHICLE, FRONT END AT ANGLE",,False,Clear or Partly Cloudy,Dry,Daylight,,,,10.0,Entering at angle,0,0,False,0
-122.356719860737,47.6232768131287,200974,288059,288919,E798610,Matched,Intersection,28642.0,QUEEN ANNE AVE N AND REPUBLICAN ST, ,,1,Property Damage Only Collision,Left Turn,2,0,0,2,0,0,2018-04-29 00:00:00+00,4/29/2018 1:17:00 AM,At Intersection (intersection related),11,"MOTOR VEHICLE STRUCK MOTOR VEHICLE, FRONT END AT ANGLE",,False,Clear or Partly Cloudy,Dry,Dark - Street Lights On,,,,15.0,From same direction - one left turn - one straight,0,0,False,0
-122.339439345516,47.5634130882621,200975,299417,300597,3578922,Matched,Block,,EAST MARGINAL WAY S BETWEEN S IDAHO ST AND DIAGONAL AVE S, ,,2,Injury Collision,Other,1,0,0,1,1,0,2018-07-31 00:00:00+00,7/31/2018 1:05:00 AM,Mid-Block (not related to intersection),26,MOTOR VEHICLE STRUCK OBJECT IN ROAD,,False,Clear or Partly Cloudy,Dry,Dark - Street Lights On,,,,50.0,Fixed object,0,0,False,0
-122.290152595354,47.5981195956306,200976,288706,289566,E799241,Matched,Block,,LAKE WASHINGTON BLVD S BETWEEN S FRINK PL AND S DEARBORN ST, ,,2,Injury Collision,Cycles,2,0,1,1,1,0,2018-05-12 00:00:00+00,5/12/2018 12:04:00 PM,Mid-Block (not related to intersection),18,"MOTOR VEHICLE STRUCK PEDALCYCLIST, FRONT END AT ANGLE",True,False,Clear or Partly Cloudy,Dry,Daylight,,,,6.0,Pedalcyclist Strikes Moving Vehicle,0,0,False,0
-122.322989230661,47.6053045121331,200977,288704,289564,E799239,Matched,Intersection,29816.0,JEFFERSON ST AND TERRY AVE, ,,1,Property Damage Only Collision,Angles,2,0,0,2,0,0,2018-05-03 00:00:00+00,5/3/2018 6:09:00 PM,At Intersection (intersection related),11,"MOTOR VEHICLE STRUCK MOTOR VEHICLE, FRONT END AT ANGLE",,False,Clear or Partly Cloudy,Dry,Daylight,,,,10.0,Entering at angle,0,0,False,0
-122.385458078257,47.5610718519878,200978,299398,300578,E820268,Matched,Intersection,31917.0,42ND AVE SW AND SW ALASKA ST, ,,2,Injury Collision,Pedestrian,2,1,0,1,1,0,2018-07-18 00:00:00+00,7/18/2018 3:15:00 PM,At Intersection (intersection related),24,MOTOR VEHCILE STRUCK PEDESTRIAN,,False,Clear or Partly Cloudy,Dry,Daylight,True,,,2.0,Vehicle turning left hits pedestrian,0,521781,False,0
-122.331072051119,47.6158092729544,200979,288703,289563,E799199,Matched,Block,,BOREN AVE BETWEEN OLIVE WAY AND HOWELL ST, ,,1,Property Damage Only Collision,Sideswipe,2,0,0,2,0,0,2018-05-18 00:00:00+00,5/18/2018 8:33:00 AM,Mid-Block (not related to intersection),11,"MOTOR VEHICLE STRUCK MOTOR VEHICLE, FRONT END AT ANGLE",True,False,Clear or Partly Cloudy,Dry,Daylight,,,,11.0,From same direction - both going straight - both moving - sideswipe,0,0,False,0
-122.296254307144,47.6079966236585,200980,289278,290138,E801062,Matched,Intersection,30071.0,M L KING JR WAY AND E CHERRY ST, ,,1,Property Damage Only Collision,Left Turn,2,0,0,2,0,0,2018-05-07 00:00:00+00,5/7/2018 8:00:00 AM,At Intersection (intersection related),11,"MOTOR VEHICLE STRUCK MOTOR VEHICLE, FRONT END AT ANGLE",,False,Overcast,Dry,Daylight,,,,28.0,From opposite direction - one left turn - one straight,0,0,False,0
-122.333023617418,47.5433295933632,200981,299397,300577,3578921,Matched,Intersection,34230.0,OCCIDENTAL AVE S AND S RIVER ST, ,,1,Property Damage Only Collision,Other,2,0,0,2,0,0,2018-07-30 00:00:00+00,7/30/2018 6:25:00 PM,At Intersection (intersection related),25,MOTOR VEHICLE STRUCK TRAIN,,False,Clear or Partly Cloudy,Dry,Daylight,,,,40.0,Railway Vehicle Strikes Vehicle,0,0,False,0
-122.388189527345,47.6905750705758,200984,299396,300576,3549767,Matched,Block,,NW 85TH ST BETWEEN 24TH AVE NW AND 25TH AVE NW, ,,1,Property Damage Only Collision,Rear Ended,4,0,0,3,0,0,2018-07-26 00:00:00+00,7/26/2018 7:05:00 PM,Mid-Block (not related to intersection),14,"MOTOR VEHICLE STRUCK MOTOR VEHICLE, REAR END",True,False,Clear or Partly Cloudy,Dry,Daylight,,,True,14.0,From same direction - both going straight - one stopped - rear-end,0,0,False,0
-122.376552925687,47.5401313666391,200985,299395,300575,E820267,Matched,Block,,35TH AVE SW BETWEEN SW WILLOW ST AND SW MYRTLE ST, ,,2,Injury Collision,Rear Ended,3,0,0,2,1,0,2018-07-16 00:00:00+00,7/16/2018 5:59:00 PM,Mid-Block (not related to intersection),14,"MOTOR VEHICLE STRUCK MOTOR VEHICLE, REAR END",,False,Clear or Partly Cloudy,Dry,Daylight,,,,14.0,From same direction - both going straight - one stopped - rear-end,0,0,False,0
-122.332999875925,47.6231160057335,200986,288701,289561,E799185,Matched,Intersection,29134.0,MINOR AVE N AND REPUBLICAN ST, ,,2,Injury Collision,Pedestrian,2,0,1,1,1,0,2018-05-14 00:00:00+00,5/14/2018 3:34:00 PM,At Intersection (intersection related),11,"MOTOR VEHICLE STRUCK MOTOR VEHICLE, FRONT END AT ANGLE",True,False,Clear or Partly Cloudy,Dry,Daylight,,,,5.0,Vehicle Strikes Pedalcyclist,0,0,False,0
-122.385934247984,47.6868148209812,200987,299394,300574,E820184,Matched,Block,,NW 80TH ST BETWEEN 23RD AVE NW AND JONES AVE NW, ,,2,Injury Collision,Parked Car,4,0,0,2,1,0,2018-07-21 00:00:00+00,7/21/2018 5:30:00 PM,Mid-Block (not related to intersection),11,"MOTOR VEHICLE STRUCK MOTOR VEHICLE, FRONT END AT ANGLE",True,False,Clear or Partly Cloudy,Dry,Daylight,,,,32.0,One parked--one moving,0,0,True,0
-122.360836988873,47.5347967275527,200990,289277,290137,3626836,Matched,Intersection,34000.0,21ST AVE SW TURN RD AND DELRIDGE WAY SW, ,,1,Property Damage Only Collision,Angles,2,0,0,2,0,0,2018-05-23 00:00:00+00,5/23/2018 6:30:00 PM,At Intersection (intersection related),11,"MOTOR VEHICLE STRUCK MOTOR VEHICLE, FRONT END AT ANGLE",True,False,Clear or Partly Cloudy,Dry,Daylight,,,,10.0,Entering at angle,0,0,False,0
-122.355445163306,47.7043590501673,200991,299393,300573,E820183,Matched,Intersection,37385.0,GREENWOOD AVE N AND N 104TH ST, ,,2,Injury Collision,Cycles,3,0,1,1,1,0,2018-07-20 00:00:00+00,7/20/2018 6:11:00 PM,At Intersection (intersection related),18,"MOTOR VEHICLE STRUCK PEDALCYCLIST, FRONT END AT ANGLE",,False,Clear or Partly Cloudy,Dry,Daylight,,,,6.0,Pedalcyclist Strikes Moving Vehicle,0,0,False,0
-122.336294264053,47.6613856686644,200992,299392,300572,E820182,Matched,Intersection,26787.0,WALLINGFORD AVE N AND N 45TH ST, ,,1,Property Damage Only Collision,Rear Ended,2,0,0,2,0,0,2018-07-18 00:00:00+00,7/18/2018 4:10:00 PM,At Intersection (but not related to intersection),14,"MOTOR VEHICLE STRUCK MOTOR VEHICLE, REAR END",,False,Clear or Partly Cloudy,Dry,Daylight,,,,14.0,From same direction - both going straight - one stopped - rear-end,0,0,False,0
-122.327488552052,47.6816580807761,200993,299297,300477,E819585,Matched,Intersection,24573.0,LATONA AVE NE AND EAST GREEN LAKE DR N, ,,2,Injury Collision,Pedestrian,5,1,0,1,1,0,2018-07-19 00:00:00+00,7/19/2018 2:05:00 PM,At Intersection (intersection related),24,MOTOR VEHCILE STRUCK PEDESTRIAN,,False,Overcast,Dry,Daylight,True,,,2.0,Vehicle turning left hits pedestrian,0,524092,False,0
-122.302225887315,47.5911180976092,200994,289257,290117,E801073,Matched,Block,,23RD AVE S BETWEEN S JUDKINS ST AND MOUNTAINS TO SOUND TRL, ,,2,Injury Collision,Other,3,0,0,1,1,0,2018-05-19 00:00:00+00,5/19/2018 8:30:00 AM,Mid-Block (not related to intersection),26,MOTOR VEHICLE STRUCK OBJECT IN ROAD,,False,Clear or Partly Cloudy,Dry,Daylight,,,,50.0,Fixed object,0,0,False,0
-122.306329222041,47.575085859018,200995,292220,293160,3814775,Matched,Intersection,31667.0,20TH AVE S AND S HANFORD ST, ,,1,Property Damage Only Collision,Angles,2,0,0,2,0,0,2018-06-09 00:00:00+00,6/9/2018 7:20:00 AM,At Intersection (intersection related),11,"MOTOR VEHICLE STRUCK MOTOR VEHICLE, FRONT END AT ANGLE",,False,Clear or Partly Cloudy,Dry,Daylight,,,,10.0,Entering at angle,0,0,False,0
-122.387584729274,47.6759484982787,200996,292717,293697,E809901,Matched,Intersection,23943.0,24TH AVE NW AND NW 65TH ST, ,,2,Injury Collision,Left Turn,2,0,0,2,1,0,2018-06-05 00:00:00+00,6/5/2018 6:32:00 AM,At Intersection (intersection related),11,"MOTOR VEHICLE STRUCK MOTOR VEHICLE, FRONT END AT ANGLE",,False,Clear or Partly Cloudy,Dry,Daylight,,,,28.0,From opposite direction - one left turn - one straight,0,0,False,0