longitude,latitude,objectid,inckey,coldetkey,reportno,status,addrtype,intkey,location,exceptrsncode,exceptrsndesc,severitycode,severitydesc,collisiontype,personcount,pedcount,pedcylcount,vehcount,injuries,fatalities,incdate,incdttm,junctiontype,sdot_colcode,sdot_coldesc,inattentionind,underinfl,weather,roadcond,lightcond,pedrownotgrnt,sdotcolnum,speeding,st_colcode,st_coldesc,seglanekey,crosswalkkey,hitparkedcar,seriousinjuries
-122.304400035527,47.6500604452214,200999,290938,291818,E804803,Matched,Block,,MONTLAKE BLVD NE BETWEEN NE PACIFIC ST AND NE PACIFIC PL, ,,1,Property Damage Only Collision,Sideswipe,2,0,0,2,0,0,2018-06-01 00:00:00+00,6/1/2018 12:25:00 PM,Mid-Block (not related to intersection),11,"MOTOR VEHICLE STRUCK MOTOR VEHICLE, FRONT END AT ANGLE",,False,Overcast,Dry,Daylight,,,,11.0,From same direction - both going straight - both moving - sideswipe,0,0,False,0
-122.328078578054,47.6041612345606,201000,292218,293158,3812331,Matched,Intersection,29973.0,6TH AVE AND JAMES ST, ,,1,Property Damage Only Collision,Angles,3,0,0,2,0,0,2018-06-09 00:00:00+00,6/9/2018 7:49:00 PM,At Intersection (intersection related),11,"MOTOR VEHICLE STRUCK MOTOR VEHICLE, FRONT END AT ANGLE",,False,Overcast,Wet,Dusk,,,,10.0,Entering at angle,0,0,False,0
-122.372539558152,47.6430983813646,203001,303484,304744,3811502,Matched,Block,,12TH AVE W BETWEEN W RAYE ST AND 12 LOWER AVE W, ,,1,Property Damage Only Collision,Parked Car,2,0,0,2,0,0,2018-09-20 00:00:00+00,9/20/2018 2:00:00 PM,Mid-Block (not related to intersection),14,"MOTOR VEHICLE STRUCK MOTOR VEHICLE, REAR END",True,False,Clear or Partly Cloudy,Dry,Daylight,,,,32.0,One parked--one moving,0,0,True,0
-122.279451062372,47.5315427772682,203002,303298,304557,3810877,Matched,Block,,S KENYON ST BETWEEN M L KING JR ER WAY S AND RENTON AVE S, ,,1,Property Damage Only Collision,Parked Car,2,0,0,2,0,0,2018-09-10 00:00:00+00,9/10/2018 9:14:00 AM,Mid-Block (not related to intersection),11,"MOTOR VEHICLE STRUCK MOTOR VEHICLE, FRONT END AT ANGLE",,False,Overcast,Dry,Daylight,,,,32.0,One parked--one moving,0,0,False,0
-122.373592734684,47.6647173375866,203003,303471,304731,E842279,Matched,Block,,14TH AVE NW BETWEEN NW 49TH ST AND NW 50TH ST, ,,1,Property Damage Only Collision,Parked Car,2,0,0,2,0,0,2018-09-26 00:00:00+00,9/26/2018 2:00:00 PM,Mid-Block (not related to intersection),11,"MOTOR VEHICLE STRUCK MOTOR VEHICLE, FRONT END AT ANGLE",True,False,Clear or Partly Cloudy,Dry,Daylight,,,,32.0,One parked--one moving,0,0,False,0
-122.315576516369,47.6170243983465,203004,303501,304761,3814187,Matched,Block,,13TH AVE BETWEEN E OLIVE ST AND E HOWELL ST, ,,1,Property Damage Only Collision,Parked Car,2,0,0,2,0,0,2018-09-16 00:00:00+00,9/16/2018 12:15:00 PM,Mid-Block (not related to intersection),14,"MOTOR VEHICLE STRUCK MOTOR VEHICLE, REAR END",True,False,Clear or Partly Cloudy,Dry,Daylight,,,,32.0,One parked--one moving,0,0,True,0
-122.304259547012,47.5867360124589,203006,303297,304537,3810876,Matched,Block,,22ND AVE S BETWEEN S GRAND W ST AND RAINIER AVE S, ,,2,Injury Collision,Parked Car,4,0,0,3,1,0,2018-09-15 00:00:00+00,9/15/2018 12:57:00 AM,Mid-Block (not related to intersection),14,"MOTOR VEHICLE STRUCK MOTOR VEHICLE, REAR END",,False,Clear or Partly Cloudy,Dry,Dark - Street Lights On,,,,32.0,One parked--one moving,0,0,False,0
-122.343471754664,47.6347334882107,203007,303487,304747,3811435,Matched,Block,,AURORA AVE N BETWEEN GARFIELD ST AND HOWE ST, ,,1,Property Damage Only Collision,Other,1,0,0,1,0,0,2018-09-30 00:00:00+00,9/30/2018 3:30:00 AM,Mid-Block (not related to intersection),26,MOTOR VEHICLE STRUCK OBJECT IN ROAD,,False,Overcast,Wet,Dark - Street Lights On,,,,50.0,Fixed object,0,0,False,0
-122.341343433261,47.6102747132112,203008,303483,304743,3811501,Matched,Intersection,29584.0,1ST AVE AND STEWART ST, ,,1,Property Damage Only Collision,Sideswipe,2,0,0,2,0,0,2018-09-19 00:00:00+00,9/19/2018 3:08:00 PM,At Intersection (but not related to intersection),11,"MOTOR VEHICLE STRUCK MOTOR VEHICLE, FRONT END AT ANGLE",,False,Clear or Partly Cloudy,Dry,Daylight,,,,11.0,From same direction - both going straight - both moving - sideswipe,0,0,False,0
-122.34716067331,47.6749344575676,203009,304097,305337,E844184,Matched,Block,,AURORA AVE N BETWEEN N 62ND ST AND WEST GREEN LAKE WAY N, ,,1,Property Damage Only Collision,Other,1,0,0,1,0,0,2018-09-20 00:00:00+00,9/20/2018 11:50:00 PM,Mid-Block (not related to intersection),26,MOTOR VEHICLE STRUCK OBJECT IN ROAD,,True,Overcast,Dry,Dark - Street Lights On,,,,50.0,Fixed object,0,0,False,0
-122.31657709206,47.5942816837734,203010,303845,305105,E804771,Matched,Intersection,30453.0,GOLF DR S AND S CHARLES ST, ,,1,Property Damage Only Collision,Angles,3,0,0,2,0,0,2018-04-20 00:00:00+00,4/20/2018 8:40:00 AM,At Intersection (intersection related),11,"MOTOR VEHICLE STRUCK MOTOR VEHICLE, FRONT END AT ANGLE",,False,Clear or Partly Cloudy,Dry,Daylight,,,,10.0,Entering at angle,0,0,False,0
-122.345338191978,47.6625101941988,203011,303918,305178,E825862,Matched,Block,,GREEN LAKE WAY N BETWEEN N 46TH ST AND WOODLAND PARK AVE N, ,,1,Property Damage Only Collision,Rear Ended,5,0,0,3,0,0,2018-07-13 00:00:00+00,7/13/2018 7:12:00 AM,Mid-Block (not related to intersection),14,"MOTOR VEHICLE STRUCK MOTOR VEHICLE, REAR END",True,False,Clear or Partly Cloudy,Dry,Daylight,,,,14.0,From same direction - both going straight - one stopped - rear-end,0,0,False,0
-122.29548284585,47.5927498848357,203013,303843,305103,E803820,Matched,Block,,29TH AVE S BETWEEN S NORMAN ST AND S JUDKINS ST,NEI,"Not Enough Information, or Insufficient Location Information",1,Property Damage Only Collision,Parked Car,2,0,0,2,0,0,2018-05-01 00:00:00+00,5/1/2018 10:00:00 AM,Mid-Block (not related to intersection),0,NOT ENOUGH INFORMATION / NOT APPLICABLE,,False,Clear or Partly Cloudy,Dry,Daylight,,,,32.0,One parked--one moving,0,0,False,0
-122.296250409711,47.6085003958398,203015,304138,305378,E845329,Matched,Block,,M L KING JR WAY BETWEEN E CHERRY ST AND E COLUMBIA ST, ,,1,Property Damage Only Collision,Parked Car,2,0,0,2,0,0,2018-08-15 00:00:00+00,8/15/2018 10:27:00 PM,Mid-Block (not related to intersection),11,"MOTOR VEHICLE STRUCK MOTOR VEHICLE, FRONT END AT ANGLE",,False,Clear or Partly Cloudy,Dry,Dark - Street Lights On,,,,32.0,One parked--one moving,0,0,True,0
-122.332062246334,47.6034838897075,203016,303858,305118,E810277,Matched,Intersection,30481.0,3RD AVE AND CHERRY ST, ,,2,Injury Collision,Angles,3,0,0,2,1,0,2018-05-13 00:00:00+00,5/13/2018 7:41:00 AM,At Intersection (intersection related),11,"MOTOR VEHICLE STRUCK MOTOR VEHICLE, FRONT END AT ANGLE",,False,Clear or Partly Cloudy,Dry,Daylight,,,,10.0,Entering at angle,0,0,False,0
-122.376238800035,47.5583564600688,203018,303697,304957,E844105,Matched,Block,,35TH AVE SW BETWEEN SW EDMUNDS ST AND SW HUDSON ST, ,,1,Property Damage Only Collision,Rear Ended,5,0,0,2,0,0,2018-09-30 00:00:00+00,9/30/2018 2:42:00 PM,Mid-Block (not related to intersection),14,"MOTOR VEHICLE STRUCK MOTOR VEHICLE, REAR END",,False,Raining,Dry,Daylight,,,,14.0,From same direction - both going straight - one stopped - rear-end,0,0,False,0
-122.320393790495,47.6527193165513,203020,303677,304937,E843972,Matched,Block,,UNIVERSITY BR BETWEEN POINT A AND POINT B, ,,2b,Serious Injury Collision,Other,1,0,0,1,1,0,2018-10-01 00:00:00+00,10/1/2018 3:28:00 PM,Mid-Block (not related to intersection),29,MOTOR VEHICLE OVERTURNED IN ROAD,,False,Raining,Wet,Daylight,,,,52.0,Vehicle overturned,0,0,False,1
-122.359509637042,47.7030252234465,203021,303657,304917,E843807,Matched,Block,,HOLMAN RD NW BETWEEN 3RD AVE NW AND NW 103RD ST, ,,1,Property Damage Only Collision,Left Turn,4,0,0,2,0,0,2018-09-18 00:00:00+00,9/18/2018 8:23:00 AM,Mid-Block (but intersection related),14,"MOTOR VEHICLE STRUCK MOTOR VEHICLE, REAR END",,False,Clear or Partly Cloudy,Dry,Daylight,,,,15.0,From same direction - one left turn - one straight,0,0,False,0
-122.287845649632,47.5937418650381,203022,303644,304904,E843803,Matched,Block,,LAKESIDE AVE S BETWEEN S PARKLAND PL AND S NORMAN ST, ,,2b,Serious Injury Collision,Pedestrian,3,0,1,1,1,0,2018-09-29 00:00:00+00,9/29/2018 9:33:00 AM,Mid-Block (not related to intersection),51,PEDALCYCLIST STRUCK MOTOR VEHICLE FRONT END AT ANGLE,,False,Clear or Partly Cloudy,Dry,Daylight,,,,5.0,Vehicle Strikes Pedalcyclist,0,0,False,1
-122.355309983519,47.6803134253086,203023,303857,305117,E807696,Matched,Intersection,24335.0,GREENWOOD AVE N AND N 71ST ST, ,,2,Injury Collision,Pedestrian,3,1,0,1,1,0,2018-03-04 00:00:00+00,3/4/2018 3:56:00 PM,At Intersection (intersection related),24,MOTOR VEHCILE STRUCK PEDESTRIAN,True,False,Unknown,Dry,Daylight,,,,0.0,Vehicle going straight hits pedestrian,0,0,False,0
-122.373383900895,47.5674954750064,203024,304117,305357,E844107,Matched,Block,,WEST SEATTLE BR EB BETWEEN POINT A AND FAUNTLEROY WAY SW, ,,1,Property Damage Only Collision,Rear Ended,2,0,0,2,0,0,2018-10-01 00:00:00+00,10/1/2018 5:02:00 PM,Mid-Block (not related to intersection),14,"MOTOR VEHICLE STRUCK MOTOR VEHICLE, REAR END",,False,Raining,Wet,Daylight,,,,13.0,From same direction - both going straight - both moving - rear-end,0,0,False,0
-122.373580396,47.6719918512269,203025,303643,304903,E844186,Matched,Block,,14TH AVE NW BETWEEN NW 59TH ST AND NW 60TH ST, ,,1,Property Damage Only Collision,Angles,2,0,0,2,0,0,2018-09-28 00:00:00+00,9/28/2018 8:55:00 AM,Mid-Block (not related to intersection),11,"MOTOR VEHICLE STRUCK MOTOR VEHICLE, FRONT END AT ANGLE",True,False,Clear or Partly Cloudy,Dry,Daylight,,,,10.0,Entering at angle,0,0,False,0
-122.326821803233,47.6743848729848,203026,303919,305179,3751713,Matched,Block,,NE 63RD ST BETWEEN 1ST AVE NE AND LATONA AVE NE, ,,1,Property Damage Only Collision,Parked Car,2,0,0,2,0,0,2018-10-01 00:00:00+00,10/1/2018 10:22:00 PM,Mid-Block (not related to intersection),0,NOT ENOUGH INFORMATION / NOT APPLICABLE,True,False,Raining,Wet,Dark - Street Lights On,,,,32.0,One parked--one moving,0,0,True,0
-122.376208839553,47.5615517665723,203028,303642,304902,E843412,Matched,Block,,35TH AVE SW BETWEEN SW SNOQUALMIE ST AND SW ALASKA ST, ,,2,Injury Collision,Rear Ended,3,0,0,3,1,0,2018-09-28 00:00:00+00,9/28/2018 7:21:00 PM,Mid-Block (not related to intersection),14,"MOTOR VEHICLE STRUCK MOTOR VEHICLE, REAR END",,False,Clear or Partly Cloudy,Dry,Dark - Street Lights On,,,,13.0,From same direction - both going straight - both moving - rear-end,0,0,False,0
-122.335827482603,47.6126332935209,203029,303641,304901,E844191,Matched,Block,,6TH AVE BETWEEN PINE ST AND OLIVE WAY, ,,1,Property Damage Only Collision,Parked Car,2,0,0,2,0,0,2018-10-01 00:00:00+00,10/1/2018 10:10:00 AM,Mid-Block (not related to intersection),11,"MOTOR VEHICLE STRUCK MOTOR VEHICLE, FRONT END AT ANGLE",True,False,Clear or Partly Cloudy,Dry,Daylight,,,,32.0,One parked--one moving,0,0,True,0
-122.367986534574,47.7058931353856,203030,304139,305379,E845199,Matched,Intersection,36318.0,9TH AVE NW AND NW 106TH ST, ,,2,Injury Collision,Left Turn,2,0,0,2,1,0,2018-09-24 00:00:00+00,9/24/2018 12:44:00 PM,At Intersection (intersection related),11,"MOTOR VEHICLE STRUCK MOTOR VEHICLE, FRONT END AT ANGLE",,False,Clear or Partly Cloudy,Dry,Daylight,,,,28.0,From opposite direction - one left turn - one straight,0,0,False,0
-122.305691274959,47.6371794052177,203031,303848,305108,E805920,Matched,Block,,BOYER AVE E BETWEEN 22ND AVE E AND 21ST AVE E, ,,1,Property Damage Only Collision,Parked Car,2,0,0,2,0,0,2018-05-12 00:00:00+00,5/12/2018 11:00:00 PM,Mid-Block (not related to intersection),0,NOT ENOUGH INFORMATION / NOT APPLICABLE,,False,Clear or Partly Cloudy,Dry,Dark - Street Lights On,,,,32.0,One parked--one moving,0,0,True,0
-122.31592557896,47.5962398734007,203033,303640,304900,E844190,Matched,Block,,13TH AVE S BETWEEN S LANE ST AND S DEARBORN ST, ,,1,Property Damage Only Collision,Parked Car,3,0,0,3,0,0,2018-09-28 00:00:00+00,9/28/2018 2:27:00 PM,Mid-Block (not related to intersection),11,"MOTOR VEHICLE STRUCK MOTOR VEHICLE, FRONT END AT ANGLE",True,False,Clear or Partly Cloudy,Dry,Daylight,,,,20.0,One car leaving parked position,0,0,False,0
-122.264351956058,47.499633983533,203034,303580,304840,E842825,Matched,Block,,LUTHER AVE S BETWEEN S AUGUSTA ST AND 55TH AVE S, ,,1,Property Damage Only Collision,Angles,2,0,0,2,0,0,2018-09-24 00:00:00+00,9/24/2018 7:50:00 AM,Mid-Block (not related to intersection),11,"MOTOR VEHICLE STRUCK MOTOR VEHICLE, FRONT END AT ANGLE",True,False,Clear or Partly Cloudy,Dry,Dawn,,,,10.0,Entering at angle,0,0,False,0
-122.373883776748,47.6391825248341,203037,303877,305137,E810283,Matched,Block,,13TH AVE W BETWEEN W BOSTON ST AND GILMAN DR W, ,,2,Injury Collision,Pedestrian,2,1,0,1,1,0,2018-05-04 00:00:00+00,5/4/2018 10:00:00 AM,Mid-Block (not related to intersection),14,"MOTOR VEHICLE STRUCK MOTOR VEHICLE, REAR END",,False,Clear or Partly Cloudy,Dry,Daylight,True,,,0.0,Vehicle going straight hits pedestrian,0,0,False,0
-122.321920406256,47.7085857930943,203038,303578,304838,E842657,Matched,Block,,NE NORTHGATE WAY BETWEEN 5TH AVE NE AND 8TH AVE NE, ,,1,Property Damage Only Collision,Other,3,0,0,2,0,0,2018-09-26 00:00:00+00,9/26/2018 7:40:00 PM,Mid-Block (not related to intersection),11,"MOTOR VEHICLE STRUCK MOTOR VEHICLE, FRONT END AT ANGLE",,False,Clear or Partly Cloudy,Dry,Dark - Street Lights On,,,,23.0,From same direction - all others,0,0,False,0
-122.329776500599,47.6093718051348,203039,303847,305107,E805916,Matched,Intersection,29916.0,8TH AVE AND SENECA ST, ,,2,Injury Collision,Pedestrian,2,0,1,1,1,0,2018-04-24 00:00:00+00,4/24/2018 6:47:00 AM,At Intersection (intersection related),18,"MOTOR VEHICLE STRUCK PEDALCYCLIST, FRONT END AT ANGLE",True,False,Clear or Partly Cloudy,Dry,Daylight,,,,5.0,Vehicle Strikes Pedalcyclist,0,0,False,0
-122.278845253845,47.5581975484464,203040,303926,305186,E845267,Matched,Block,,S FERDINAND ST BETWEEN 43RD AVE S AND 44TH AVE S, ,,1,Property Damage Only Collision,Parked Car,2,0,0,2,0,0,2018-09-15 00:00:00+00,9/15/2018 11:00:00 PM,Mid-Block (not related to intersection),0,NOT ENOUGH INFORMATION / NOT APPLICABLE,True,False,Unknown,Unknown,Unknown,,,,32.0,One parked--one moving,0,0,True,0
-122.342284354231,47.7236869407392,203041,304137,305377,E845198,Matched,Block,,STONE AVE N BETWEEN N 130TH ST AND N 131ST ST, ,,1,Property Damage Only Collision,Parked Car,2,0,0,2,0,0,2018-09-28 00:00:00+00,9/28/2018 4:03:00 PM,Mid-Block (not related to intersection),11,"MOTOR VEHICLE STRUCK MOTOR VEHICLE, FRONT END AT ANGLE",,False,Clear or Partly Cloudy,Dry,Daylight,,,True,20.0,One car leaving parked position,0,0,True,0
-122.321920406256,47.7085857930943,203042,303577,304837,E842649,Matched,Block,,NE NORTHGATE WAY BETWEEN 5TH AVE NE AND 8TH AVE NE, ,,1,Property Damage Only Collision,Angles,4,0,0,2,0,0,2018-09-25 00:00:00+00,9/25/2018 12:19:00 PM,Mid-Block (not related to intersection),11,"MOTOR VEHICLE STRUCK MOTOR VEHICLE, FRONT END AT ANGLE",True,False,Clear or Partly Cloudy,Dry,Daylight,,,,10.0,Entering at angle,0,0,False,0
-122.315902089745,47.7085486492534,203044,303846,305106,E805689,Matched,Intersection,36502.0,11TH AVE NE AND NE NORTHGATE WAY, ,,1,Property Damage Only Collision,Angles,4,0,0,2,0,0,2018-04-01 00:00:00+00,4/1/2018 2:30:00 PM,At Intersection (intersection related),11,"MOTOR VEHICLE STRUCK MOTOR VEHICLE, FRONT END AT ANGLE",,False,Raining,Wet,Daylight,,,,10.0,Entering at angle,0,0,False,0
-122.299159659816,47.5796734628583,203046,303198,304438,E842188,Matched,Block,,RAINIER AVE S BETWEEN S BAYVIEW ST AND S MCCLELLAN ST, ,,1,Property Damage Only Collision,Other,2,0,0,2,0,0,2018-09-09 00:00:00+00,9/9/2018 1:41:00 PM,Mid-Block (not related to intersection),26,MOTOR VEHICLE STRUCK OBJECT IN ROAD,,False,Clear or Partly Cloudy,Dry,Daylight,,,,50.0,Fixed object,0,0,False,0
-122.312820920703,47.595814435803,203047,304289,305529,E832058,Matched,Intersection,30449.0,POPLAR PL S AND S DEARBORN ST,NEI,"Not Enough Information, or Insufficient Location Information",1,Property Damage Only Collision,Sideswipe,4,0,0,2,0,0,2018-07-09 00:00:00+00,7/9/2018 8:47:00 AM,At Intersection (intersection related),0,NOT ENOUGH INFORMATION / NOT APPLICABLE,True,False,Clear or Partly Cloudy,Dry,Daylight,,,,81.0,Same direction -- both turning left -- both moving -- sideswipe,0,0,False,0
-122.3387015086,47.6107429511727,203049,303185,304425,3705923,Matched,Intersection,29580.0,3RD AVE AND PINE ST, ,,1,Property Damage Only Collision,Right Turn,7,0,0,2,0,0,2018-09-27 00:00:00+00,9/27/2018 12:40:00 PM,At Intersection (intersection related),11,"MOTOR VEHICLE STRUCK MOTOR VEHICLE, FRONT END AT ANGLE",,False,Clear or Partly Cloudy,Dry,Daylight,,,,16.0,From same direction - one right turn - one straight,0,0,False,0
-122.338932174892,47.6185362718999,203050,304285,305525,E831984,Matched,Block,,DENNY WAY BETWEEN 9TH AVE AND WESTLAKE AVE, ,,2,Injury Collision,Rear Ended,2,0,0,2,1,0,2018-07-08 00:00:00+00,7/8/2018 9:09:00 PM,Mid-Block (not related to intersection),14,"MOTOR VEHICLE STRUCK MOTOR VEHICLE, REAR END",,False,Clear or Partly Cloudy,Dry,Dusk,,,,14.0,From same direction - both going straight - one stopped - rear-end,0,0,False,0
-122.320588717298,47.5705625964848,203051,304282,305522,E831859,Matched,Block,,W SEATTLE BR - I5 SB RP BETWEEN 6TH AV S - I5 SB RP AND I5 SB, ,,1,Property Damage Only Collision,Rear Ended,2,0,0,2,0,0,2018-08-19 00:00:00+00,8/19/2018 12:45:00 PM,Mid-Block (not related to intersection),14,"MOTOR VEHICLE STRUCK MOTOR VEHICLE, REAR END",,False,Clear or Partly Cloudy,Dry,Daylight,,,True,13.0,From same direction - both going straight - both moving - rear-end,0,0,False,0
-122.270002075073,47.5207575314733,203052,303219,304459,E842828,Matched,Block,,RAINIER AVE S BETWEEN S FISHER PL AND 51ST AVE S, ,,1,Property Damage Only Collision,Left Turn,3,0,0,2,0,0,2018-09-27 00:00:00+00,9/27/2018 8:18:00 AM,Driveway Junction,11,"MOTOR VEHICLE STRUCK MOTOR VEHICLE, FRONT END AT ANGLE",True,False,Clear or Partly Cloudy,Dry,Daylight,,,,28.0,From opposite direction - one left turn - one straight,0,0,False,0
-122.380897253408,47.6667982730358,203053,304299,305539,E843808,Matched,Intersection,25162.0,RUSSELL AVE NW AND NW CENTRAL PL, ,,1,Property Damage Only Collision,Parked Car,2,0,0,2,0,0,2018-09-20 00:00:00+00,9/20/2018 8:57:00 AM,At Intersection (intersection related),11,"MOTOR VEHICLE STRUCK MOTOR VEHICLE, FRONT END AT ANGLE",,False,Clear or Partly Cloudy,Dry,Daylight,,,,32.0,One parked--one moving,0,0,False,0
-122.296313995976,47.7192848910169,203054,303196,304436,E842629,Matched,Intersection,36602.0,30TH AVE NE AND NE 125TH ST, ,,2,Injury Collision,Left Turn,2,0,0,2,1,0,2018-09-27 00:00:00+00,9/27/2018 3:32:00 PM,At Intersection (intersection related),11,"MOTOR VEHICLE STRUCK MOTOR VEHICLE, FRONT END AT ANGLE",,False,Clear or Partly Cloudy,Dry,Daylight,,,,28.0,From opposite direction - one left turn - one straight,0,0,False,0
-122.26998705276,47.5291301146044,203055,304281,305521,E843089,Matched,Intersection,35416.0,RAINIER AVE S AND S ROSE S ST, ,,1,Property Damage Only Collision,Angles,2,0,0,2,0,0,2018-09-19 00:00:00+00,9/19/2018 9:48:00 AM,At Intersection (intersection related),11,"MOTOR VEHICLE STRUCK MOTOR VEHICLE, FRONT END AT ANGLE",,False,Clear or Partly Cloudy,Dry,Daylight,,,,10.0,Entering at angle,0,0,False,0
-122.334196974731,47.57170660822,203056,303183,304423,3206771,Matched,Intersection,32354.0,1ST AVE S AND S SPOKANE NR ST, ,,1,Property Damage Only Collision,Left Turn,4,0,0,3,0,0,2018-09-27 00:00:00+00,9/27/2018 9:27:00 PM,At Intersection (intersection related),11,"MOTOR VEHICLE STRUCK MOTOR VEHICLE, FRONT END AT ANGLE",,False,Clear or Partly Cloudy,Dry,Dark - Street Lights On,,,,28.0,From opposite direction - one left turn - one straight,0,0,False,0
-122.296518752611,47.7337857704325,203057,304258,305498,E829589,Matched,Intersection,35990.0,30TH AVE NE AND NE 145TH ST, ,,1,Property Damage Only Collision,Angles,3,0,0,2,0,0,2018-08-18 00:00:00+00,8/18/2018 6:40:00 PM,At Intersection (intersection related),11,"MOTOR VEHICLE STRUCK MOTOR VEHICLE, FRONT END AT ANGLE",,False,Clear or Partly Cloudy,Dry,Daylight,,,,10.0,Entering at angle,0,0,False,0
-122.322202359861,47.6061254649305,203058,304240,305480,E845340,Matched,Block,,BOREN AVE BETWEEN JEFFERSON ST AND JAMES ST, ,,2,Injury Collision,Other,1,0,0,1,1,0,2018-09-16 00:00:00+00,9/16/2018 2:44:00 PM,Mid-Block (not related to intersection),28,MOTOR VEHICLE RAN OFF ROAD - HIT FIXED OBJECT,,False,Clear or Partly Cloudy,Dry,Daylight,,,,50.0,Fixed object,0,0,False,0
-122.327472877737,47.7340839788966,203059,304239,305479,E829165,Matched,Block,,NE 145TH ST BETWEEN 1ST AVE NE AND 4TH AVE NE, ,,1,Property Damage Only Collision,Rear Ended,2,0,0,2,0,0,2018-08-16 00:00:00+00,8/16/2018 6:49:00 PM,Mid-Block (not related to intersection),14,"MOTOR VEHICLE STRUCK MOTOR VEHICLE, REAR END",,False,Clear or Partly Cloudy,Dry,Daylight,,,,13.0,From same direction - both going straight - both moving - rear-end,0,0,False,0
-122.328948722805,47.5311749612729,203060,304298,305538,E832899,Matched,Block,,WEST MARGINAL NB WAY S BETWEEN S HOLDEN ST AND CLOVERDALE ST ON RP, ,,1,Property Damage Only Collision,Rear Ended,2,0,0,2,0,0,2018-08-23 00:00:00+00,8/23/2018 9:09:00 AM,Mid-Block (not related to intersection),14,"MOTOR VEHICLE STRUCK MOTOR VEHICLE, REAR END",,False,Overcast,Dry,Daylight,,,,14.0,From same direction - both going straight - one stopped - rear-end,0,0,False,0
-122.330688998166,47.607016837543,203061,303244,304484,E842196,Matched,Intersection,29947.0,6TH AVE AND MADISON ST, ,,1,Property Damage Only Collision,Sideswipe,4,0,0,2,0,0,2018-09-19 00:00:00+00,9/19/2018 12:44:00 PM,At Intersection (intersection related),11,"MOTOR VEHICLE STRUCK MOTOR VEHICLE, FRONT END AT ANGLE",,False,Clear or Partly Cloudy,Dry,Daylight,,,,71.0,Same direction -- both turning right -- both moving -- sideswipe,0,0,False,0
-122.294005642662,47.5729186042637,203062,303217,304457,E842824,Matched,Intersection,32416.0,RAINIER AVE S AND S WALDEN ST, ,,2,Injury Collision,Left Turn,3,0,0,2,1,0,2018-09-17 00:00:00+00,9/17/2018 11:01:00 AM,At Intersection (intersection related),11,"MOTOR VEHICLE STRUCK MOTOR VEHICLE, FRONT END AT ANGLE",,False,Clear or Partly Cloudy,Dry,Daylight,,,,28.0,From opposite direction - one left turn - one straight,0,0,False,0
-122.302499625066,47.6202072950364,203063,304238,305478,3814174,Matched,Intersection,29380.0,23RD AVE E AND E JOHN ST, ,,1,Property Damage Only Collision,Left Turn,2,0,0,2,0,0,2018-10-05 00:00:00+00,10/5/2018 10:07:00 PM,At Intersection (intersection related),11,"MOTOR VEHICLE STRUCK MOTOR VEHICLE, FRONT END AT ANGLE",,False,Raining,Wet,Dark - Street Lights On,,,,28.0,From opposite direction - one left turn - one straight,0,0,False,0
-122.341333145712,47.6138311865379,203064,303157,304397,E842135,Matched,Intersection,29548.0,4TH AVE AND LENORA ST, ,,1,Property Damage Only Collision,Parked Car,2,0,0,2,0,0,2018-09-16 00:00:00+00,9/16/2018 5:05:00 AM,At Intersection (intersection related),14,"MOTOR VEHICLE STRUCK MOTOR VEHICLE, REAR END",,True,Raining,Wet,Dark - Street Lights On,,,,32.0,One parked--one moving,0,0,False,0
-122.358167970464,47.7105409658138,203065,303186,304426,3751704,Matched,Intersection,36247.0,1ST AVE NW AND NW 112TH ST, ,,2,Injury Collision,Angles,4,0,0,2,2,0,2018-09-24 00:00:00+00,9/24/2018 8:00:00 AM,At Intersection (intersection related),11,"MOTOR VEHICLE STRUCK MOTOR VEHICLE, FRONT END AT ANGLE",,False,Clear or Partly Cloudy,Dry,Daylight,,,,10.0,Entering at angle,0,0,False,0
-122.307344395394,47.7338906325121,203066,304237,305477,E829159,Matched,Intersection,36075.0,20TH AVE NE AND NE 145TH ST, ,,2,Injury Collision,Left Turn,4,0,0,2,2,0,2018-08-15 00:00:00+00,8/15/2018 9:26:00 PM,At Intersection (intersection related),11,"MOTOR VEHICLE STRUCK MOTOR VEHICLE, FRONT END AT ANGLE",True,True,Clear or Partly Cloudy,Dry,Dark - Street Lights On,,,,28.0,From opposite direction - one left turn - one straight,0,0,False,0
-122.329907381038,47.6078355370001,203067,304232,305472,E845222,Matched,Block,,7TH AVE BETWEEN MADISON ST AND SPRING ST, ,,1,Property Damage Only Collision,Parked Car,2,0,0,2,0,0,2018-09-30 00:00:00+00,9/30/2018 1:28:00 PM,Mid-Block (not related to intersection),11,"MOTOR VEHICLE STRUCK MOTOR VEHICLE, FRONT END AT ANGLE",,False,Overcast,Dry,Daylight,,,,32.0,One parked--one moving,0,0,True,0
-122.330952062736,47.6039484404794,203069,304297,305537,E832586,Matched,Intersection,29971.0,4TH AVE AND CHERRY ST, ,,2,Injury Collision,Sideswipe,2,0,0,2,1,0,2018-05-13 00:00:00+00,5/13/2018 6:01:00 PM,At Intersection (intersection related),11,"MOTOR VEHICLE STRUCK MOTOR VEHICLE, FRONT END AT ANGLE",,False,Clear or Partly Cloudy,Dry,Daylight,,,,11.0,From same direction - both going straight - both moving - sideswipe,0,0,False,0