longitude,latitude,objectid,inckey,coldetkey,reportno,status,addrtype,intkey,location,exceptrsncode,exceptrsndesc,severitycode,severitydesc,collisiontype,personcount,pedcount,pedcylcount,vehcount,injuries,fatalities,incdate,incdttm,junctiontype,sdot_colcode,sdot_coldesc,inattentionind,underinfl,weather,roadcond,lightcond,pedrownotgrnt,sdotcolnum,speeding,st_colcode,st_coldesc,seglanekey,crosswalkkey,hitparkedcar,seriousinjuries
-122.291415750419,47.7226601672203,203070,303197,304437,E842709,Matched,Block,,NE 130TH ST BETWEEN 33RD AVE NE AND 35TH S AVE NE, ,,1,Property Damage Only Collision,Rear Ended,2,0,0,2,0,0,2018-09-23 00:00:00+00,9/23/2018 6:07:00 PM,Mid-Block (not related to intersection),14,"MOTOR VEHICLE STRUCK MOTOR VEHICLE, REAR END",,False,Clear or Partly Cloudy,Dry,Dark - Street Lights On,,,,14.0,From same direction - both going straight - one stopped - rear-end,0,0,False,0
-122.341055568738,47.6232189463894,203071,304231,305471,3811980,Matched,Intersection,28774.0,8TH AVE N AND REPUBLICAN ST, ,,2,Injury Collision,Angles,4,0,0,2,1,0,2018-10-05 00:00:00+00,10/5/2018 8:25:00 PM,At Intersection (intersection related),11,"MOTOR VEHICLE STRUCK MOTOR VEHICLE, FRONT END AT ANGLE",,False,Raining,Wet,Dark - Street Lights On,,,,10.0,Entering at angle,0,0,False,0
-122.341774896471,47.6152649839908,203072,304229,305469,3811772,Matched,Intersection,29534.0,5TH AVE AND BLANCHARD ST, ,,2,Injury Collision,Left Turn,5,0,0,2,2,0,2018-10-06 00:00:00+00,10/6/2018 7:21:00 PM,At Intersection (intersection related),11,"MOTOR VEHICLE STRUCK MOTOR VEHICLE, FRONT END AT ANGLE",True,False,Clear or Partly Cloudy,Dry,Dark - Street Lights On,,,,15.0,From same direction - one left turn - one straight,0,0,False,0
-122.302499625066,47.6202072950364,203073,303184,304424,3386414,Matched,Intersection,29380.0,23RD AVE E AND E JOHN ST, ,,1,Property Damage Only Collision,Left Turn,3,0,0,3,0,0,2018-09-26 00:00:00+00,9/26/2018 3:50:00 PM,At Intersection (intersection related),11,"MOTOR VEHICLE STRUCK MOTOR VEHICLE, FRONT END AT ANGLE",,False,Clear or Partly Cloudy,Dry,Daylight,,,,28.0,From opposite direction - one left turn - one straight,0,0,False,0
-122.298059829526,47.637179244307,203074,304159,305399,E845334,Matched,Block,,LAKE WASHINGTON BLVD E BETWEEN BOYER AVE E AND E FOSTER ISLAND RD, ,,1,Property Damage Only Collision,Other,2,0,0,1,0,0,2018-09-17 00:00:00+00,9/17/2018 9:55:00 AM,Mid-Block (not related to intersection),26,MOTOR VEHICLE STRUCK OBJECT IN ROAD,,False,Clear or Partly Cloudy,Dry,Daylight,,,,50.0,Fixed object,0,0,False,0
-122.355466631634,47.7068988019929,203076,304158,305398,E845200,Matched,Intersection,36410.0,GREENWOOD AVE N AND N 107TH ST, ,,1,Property Damage Only Collision,Rear Ended,2,0,0,2,0,0,2018-09-24 00:00:00+00,9/24/2018 4:42:00 PM,At Intersection (intersection related),14,"MOTOR VEHICLE STRUCK MOTOR VEHICLE, REAR END",True,False,Clear or Partly Cloudy,Dry,Daylight,,,,14.0,From same direction - both going straight - one stopped - rear-end,0,0,False,0
-122.302338839509,47.5464261011908,203077,304290,305530,E843335,Matched,Intersection,33402.0,24TH AVE S AND S GRAHAM ST, ,,1,Property Damage Only Collision,Angles,2,0,0,2,0,0,2018-09-10 00:00:00+00,9/10/2018 4:52:00 PM,At Intersection (intersection related),11,"MOTOR VEHICLE STRUCK MOTOR VEHICLE, FRONT END AT ANGLE",,False,Clear or Partly Cloudy,Dry,Daylight,,,,10.0,Entering at angle,0,0,False,0
-122.296358518185,47.7229000507957,203078,303195,304435,E842628,Matched,Intersection,36054.0,30TH AVE NE AND NE 130TH ST, ,,1,Property Damage Only Collision,Angles,2,0,0,2,0,0,2018-09-22 00:00:00+00,9/22/2018 12:17:00 PM,At Intersection (intersection related),11,"MOTOR VEHICLE STRUCK MOTOR VEHICLE, FRONT END AT ANGLE",,False,Clear or Partly Cloudy,Dry,Daylight,,,,10.0,Entering at angle,0,0,False,0
-122.323500578165,47.5861011684861,203079,303218,304458,E842827,Matched,Intersection,31242.0,S HOLGATE BR AND S HOLGATE ST, ,,2,Injury Collision,Cycles,2,0,1,1,1,0,2018-09-25 00:00:00+00,9/25/2018 9:22:00 AM,At Intersection (intersection related),18,"MOTOR VEHICLE STRUCK PEDALCYCLIST, FRONT END AT ANGLE",,False,Clear or Partly Cloudy,Dry,Daylight,True,,,6.0,Pedalcyclist Strikes Moving Vehicle,0,0,False,0
-122.323439027412,47.6169576067367,203080,304157,305397,E845331,Matched,Block,,BOYLSTON AVE BETWEEN E OLIVE ST AND E HOWELL S ST, ,,1,Property Damage Only Collision,Parked Car,2,0,0,2,0,0,2018-08-22 00:00:00+00,8/22/2018 4:47:00 PM,Mid-Block (not related to intersection),11,"MOTOR VEHICLE STRUCK MOTOR VEHICLE, FRONT END AT ANGLE",True,True,Clear or Partly Cloudy,Dry,Daylight,,,,20.0,One car leaving parked position,0,0,False,0
-122.359326778275,47.6239375808143,203081,303177,304417,E842138,Matched,Block,,2ND AVE W BETWEEN W REPUBLICAN ST AND W MERCER ST, ,,1,Property Damage Only Collision,Parked Car,2,0,0,2,0,0,2018-09-08 00:00:00+00,9/8/2018 11:28:00 PM,Mid-Block (not related to intersection),11,"MOTOR VEHICLE STRUCK MOTOR VEHICLE, FRONT END AT ANGLE",True,True,Clear or Partly Cloudy,Dry,Dark - Street Lights On,,,,32.0,One parked--one moving,0,0,True,0
-122.345001934081,47.6136545990227,203084,303490,304750,3811544,Matched,Block,,2ND AVE BETWEEN BLANCHARD ST AND BELL ST, ,,1,Property Damage Only Collision,Parked Car,4,0,0,2,0,0,2018-09-21 00:00:00+00,9/21/2018 12:43:00 AM,Mid-Block (not related to intersection),11,"MOTOR VEHICLE STRUCK MOTOR VEHICLE, FRONT END AT ANGLE",True,False,Clear or Partly Cloudy,Dry,Dark - Street Lights On,,,,32.0,One parked--one moving,0,0,True,0
-122.289418442671,47.5548228237582,203085,303278,304518,3810821,Matched,Block,,35TH AVE S BETWEEN S DAWSON ST AND M L KING JR ER WAY S, ,,1,Property Damage Only Collision,Parked Car,2,0,0,2,0,0,2018-09-20 00:00:00+00,9/20/2018 11:40:00 AM,Mid-Block (not related to intersection),11,"MOTOR VEHICLE STRUCK MOTOR VEHICLE, FRONT END AT ANGLE",,True,Clear or Partly Cloudy,Dry,Daylight,,,,32.0,One parked--one moving,0,0,False,0
-122.324486997722,47.6086244808168,203086,303463,304723,3702561,Matched,Intersection,29922.0,BOREN AVE AND MARION ST, ,,2,Injury Collision,Left Turn,3,0,0,2,1,0,2018-09-28 00:00:00+00,9/28/2018 7:55:00 AM,At Intersection (intersection related),11,"MOTOR VEHICLE STRUCK MOTOR VEHICLE, FRONT END AT ANGLE",,False,Clear or Partly Cloudy,Dry,Daylight,,,,28.0,From opposite direction - one left turn - one straight,0,0,False,0
-122.311622249989,47.5892155659155,203087,303477,304737,3810947,Matched,Block,,STURGUS AVE S BETWEEN S ATLANTIC ST AND S MASSACHUSETTS ST, ,,1,Property Damage Only Collision,Sideswipe,2,0,0,2,0,0,2018-09-14 00:00:00+00,9/14/2018 7:05:00 AM,Mid-Block (not related to intersection),15,"MOTOR VEHICLE STRUCK MOTOR VEHICLE, RIGHT SIDE SIDESWIPE",,False,Raining,Wet,Dawn,,,True,12.0,From same direction - both going straight - one stopped - sideswipe,0,0,True,0
-122.337648656725,47.571591919099,203088,303277,304517,3810820,Matched,Block,,WEST SEATTLE BR WB BETWEEN 1ST AV S ON RP AND WSB-WB SPOK-NR RP,NEI,"Not Enough Information, or Insufficient Location Information",1,Property Damage Only Collision,Sideswipe,2,0,0,2,0,0,2018-09-20 00:00:00+00,9/20/2018 9:05:00 AM,,0,NOT ENOUGH INFORMATION / NOT APPLICABLE,True,False,Overcast,Dry,Daylight,,,,11.0,From same direction - both going straight - both moving - sideswipe,0,0,False,0
-122.272119382081,47.5233096462848,203089,303276,304516,3810819,Matched,Block,,S HENDERSON ST BETWEEN 48TH AVE S AND 50TH AVE S,NEI,"Not Enough Information, or Insufficient Location Information",1,Property Damage Only Collision,Parked Car,2,0,0,2,0,0,2018-09-19 00:00:00+00,9/19/2018 3:30:00 PM,Mid-Block (not related to intersection),0,NOT ENOUGH INFORMATION / NOT APPLICABLE,,False,Unknown,Unknown,Unknown,,,,32.0,One parked--one moving,0,0,False,0
-122.371003941709,47.6359545252088,203090,303493,304753,3811601,Matched,Block,,W HOWE ST BETWEEN 10TH AVE W AND 11TH AVE W, ,,1,Property Damage Only Collision,Parked Car,2,0,0,2,0,0,2018-09-19 00:00:00+00,9/19/2018 4:40:00 PM,Mid-Block (not related to intersection),16,"MOTOR VEHICLE STRUCK MOTOR VEHICLE, LEFT SIDE SIDESWIPE",True,False,Clear or Partly Cloudy,Dry,Daylight,,,,32.0,One parked--one moving,0,0,True,0
-122.391557408187,47.6495536017684,203092,303457,304717,E842278,Matched,Block,,27TH AVE W BETWEEN W DRAVUS ST AND W BERTONA ST, ,,1,Property Damage Only Collision,Sideswipe,2,0,0,2,0,0,2018-09-17 00:00:00+00,9/17/2018 7:13:00 AM,Mid-Block (not related to intersection),11,"MOTOR VEHICLE STRUCK MOTOR VEHICLE, FRONT END AT ANGLE",,False,Clear or Partly Cloudy,Dry,Daylight,,,,11.0,From same direction - both going straight - both moving - sideswipe,0,0,False,0
-122.320760198743,47.6111690758969,203093,303480,304740,3814166,Matched,Intersection,29772.0,BROADWAY AND MADISON ST, ,,1,Property Damage Only Collision,Angles,4,0,0,2,0,0,2018-09-29 00:00:00+00,9/29/2018 11:11:00 PM,At Intersection (intersection related),11,"MOTOR VEHICLE STRUCK MOTOR VEHICLE, FRONT END AT ANGLE",,False,Raining,Wet,Dark - Street Lights On,,,,10.0,Entering at angle,0,0,False,0
-122.316733390752,47.6128892357701,203095,303475,304735,3773949,Matched,Intersection,29761.0,12TH AVE AND E MADISON ST, ,,1,Property Damage Only Collision,Rear Ended,2,0,0,2,0,0,2018-09-28 00:00:00+00,9/28/2018 5:32:00 PM,At Intersection (intersection related),14,"MOTOR VEHICLE STRUCK MOTOR VEHICLE, REAR END",,False,Clear or Partly Cloudy,Dry,Daylight,,,,14.0,From same direction - both going straight - one stopped - rear-end,0,0,False,0
-122.311621376226,47.5899893748543,203096,303274,304514,3810817,Matched,Intersection,30812.0,STURGUS AVE S AND S ATLANTIC ST, ,,1,Property Damage Only Collision,Parked Car,2,0,0,2,0,0,2018-09-17 00:00:00+00,9/17/2018 9:00:00 AM,At Intersection (intersection related),11,"MOTOR VEHICLE STRUCK MOTOR VEHICLE, FRONT END AT ANGLE",,False,Clear or Partly Cloudy,Dry,Daylight,,,,32.0,One parked--one moving,0,0,False,0
-122.31324547284,47.5330248924004,203097,303273,304513,3810814,Matched,Block,,16TH AVE S BETWEEN EAST MARGINAL WAY S AND BOEING DR, ,,1,Property Damage Only Collision,Sideswipe,4,0,0,2,0,0,2018-09-16 00:00:00+00,9/16/2018 7:22:00 PM,Mid-Block (not related to intersection),11,"MOTOR VEHICLE STRUCK MOTOR VEHICLE, FRONT END AT ANGLE",True,False,Clear or Partly Cloudy,Dry,Daylight,,,,11.0,From same direction - both going straight - both moving - sideswipe,0,0,False,0
-122.277573028321,47.5489442906088,203098,303272,304512,3810813,Matched,Block,,S KENNY ST BETWEEN 44TH AVE S AND RAINIER AVE S, ,,2,Injury Collision,Sideswipe,3,0,0,2,1,0,2018-09-16 00:00:00+00,9/16/2018 7:48:00 AM,Mid-Block (not related to intersection),14,"MOTOR VEHICLE STRUCK MOTOR VEHICLE, REAR END",True,False,Raining,Wet,Daylight,,,,26.0,From opposite direction - both going straight - sideswipe,0,0,False,0
-122.312178916059,47.6541354355882,203099,303437,304697,E842257,Matched,Block,,15TH AVE NE BETWEEN NE PACIFIC ST AND NE 40TH ST, ,,2,Injury Collision,Rear Ended,5,0,0,2,1,0,2018-09-23 00:00:00+00,9/23/2018 11:40:00 AM,Mid-Block (not related to intersection),14,"MOTOR VEHICLE STRUCK MOTOR VEHICLE, REAR END",,False,Clear or Partly Cloudy,Dry,Daylight,,,,14.0,From same direction - both going straight - one stopped - rear-end,0,0,False,0
-122.337819669976,47.6185305940725,203100,303496,304756,3811755,Matched,Block,,DENNY WAY BETWEEN WESTLAKE AVE AND TERRY AVE, ,,1,Property Damage Only Collision,Rear Ended,2,0,0,2,0,0,2018-09-15 00:00:00+00,9/15/2018 9:50:00 PM,Mid-Block (not related to intersection),14,"MOTOR VEHICLE STRUCK MOTOR VEHICLE, REAR END",,False,Raining,Wet,Dark - Street Lights On,,,,13.0,From same direction - both going straight - both moving - rear-end,0,0,False,0
-122.337785482433,47.6245500608812,203101,303491,304751,3811545,Matched,Block,,MERCER SR ST BETWEEN WESTLAKE AVE N AND TERRY AVE N, ,,1,Property Damage Only Collision,Sideswipe,3,0,0,2,0,0,2018-09-21 00:00:00+00,9/21/2018 5:29:00 PM,Mid-Block (but intersection related),14,"MOTOR VEHICLE STRUCK MOTOR VEHICLE, REAR END",,False,Overcast,Dry,Daylight,,,,12.0,From same direction - both going straight - one stopped - sideswipe,0,0,False,0
-122.278488789325,47.532186114467,203102,303271,304511,3810810,Matched,Intersection,34502.0,RENTON AVE S AND S BOZEMAN ST, ,,1,Property Damage Only Collision,Parked Car,2,0,0,2,0,0,2018-09-15 00:00:00+00,9/15/2018 7:44:00 PM,At Intersection (intersection related),14,"MOTOR VEHICLE STRUCK MOTOR VEHICLE, REAR END",,False,Clear or Partly Cloudy,Dry,Dusk,,,,32.0,One parked--one moving,0,0,False,0
-122.341774896471,47.6152649839908,203103,303464,304724,3740171,Matched,Intersection,29534.0,5TH AVE AND BLANCHARD ST, ,,2,Injury Collision,Pedestrian,2,1,0,1,1,0,2018-09-29 00:00:00+00,9/29/2018 9:33:00 PM,At Intersection (intersection related),24,MOTOR VEHCILE STRUCK PEDESTRIAN,,False,Raining,Wet,Dark - Street Lights On,,,,1.0,Vehicle turning right hits pedestrian,0,522214,False,0
-122.338197015594,47.606835004028,203104,303478,304738,3811434,Matched,Intersection,29604.0,1ST AVE AND UNIVERSITY ST, ,,2,Injury Collision,Left Turn,3,0,0,2,1,0,2018-09-29 00:00:00+00,9/29/2018 4:34:00 PM,At Intersection (intersection related),11,"MOTOR VEHICLE STRUCK MOTOR VEHICLE, FRONT END AT ANGLE",,False,Overcast,Dry,Daylight,,,,28.0,From opposite direction - one left turn - one straight,0,0,False,0
-122.316781329055,47.6039359075051,203106,303261,304501,3773948,Matched,Block,,12TH AVE BETWEEN E SPRUCE ST AND E ALDER ST, ,,1,Property Damage Only Collision,Rear Ended,3,0,0,2,0,0,2018-09-13 00:00:00+00,9/13/2018 3:30:00 PM,Mid-Block (not related to intersection),14,"MOTOR VEHICLE STRUCK MOTOR VEHICLE, REAR END",,False,Clear or Partly Cloudy,Dry,Daylight,,,,14.0,From same direction - both going straight - one stopped - rear-end,0,0,False,0
-122.346651633726,47.6442657029037,203107,303494,304754,3811705,Matched,Block,,DEXTER AVE N BETWEEN HALLADAY ST AND 4TH S AVE N, ,,1,Property Damage Only Collision,Parked Car,2,0,0,2,0,0,2018-09-22 00:00:00+00,9/22/2018 3:25:00 AM,Mid-Block (not related to intersection),14,"MOTOR VEHICLE STRUCK MOTOR VEHICLE, REAR END",,False,Raining,Wet,Dark - Street Lights On,,,,32.0,One parked--one moving,0,0,True,0
-122.29423142429,47.5608377300246,203108,303417,304677,E842207,Matched,Intersection,32502.0,MCCOY PL S AND S ALASKA ST, ,,1,Property Damage Only Collision,Rear Ended,3,0,0,2,0,0,2018-09-26 00:00:00+00,9/26/2018 1:57:00 PM,At Intersection (intersection related),14,"MOTOR VEHICLE STRUCK MOTOR VEHICLE, REAR END",True,False,Clear or Partly Cloudy,Dry,Daylight,,,,14.0,From same direction - both going straight - one stopped - rear-end,0,0,False,0
-122.288171945061,47.5316845756317,203109,303481,304741,3814955,Matched,Intersection,269065.0,BEACON ER AVE S AND S KENYON ST, ,,1,Property Damage Only Collision,Angles,2,0,0,2,0,0,2018-09-28 00:00:00+00,9/28/2018 8:19:00 AM,At Intersection (intersection related),11,"MOTOR VEHICLE STRUCK MOTOR VEHICLE, FRONT END AT ANGLE",,False,Clear or Partly Cloudy,Dry,Daylight,,,,10.0,Entering at angle,0,0,False,0
-122.3420277873,47.65052811118,203111,303259,304499,3762871,Matched,Block,,N 36TH ST BETWEEN STONE WAY N AND INTERLAKE AVE N, ,,1,Property Damage Only Collision,Parked Car,2,0,0,2,0,0,2018-09-13 00:00:00+00,9/13/2018 12:10:00 PM,Mid-Block (not related to intersection),16,"MOTOR VEHICLE STRUCK MOTOR VEHICLE, LEFT SIDE SIDESWIPE",True,False,Clear or Partly Cloudy,Dry,Daylight,,,,32.0,One parked--one moving,0,0,False,0
-122.332062246334,47.6034838897075,203112,303476,304736,3811433,Matched,Intersection,30481.0,3RD AVE AND CHERRY ST, ,,2,Injury Collision,Angles,4,0,0,2,1,0,2018-09-29 00:00:00+00,9/29/2018 2:00:00 PM,At Intersection (intersection related),11,"MOTOR VEHICLE STRUCK MOTOR VEHICLE, FRONT END AT ANGLE",,False,Clear or Partly Cloudy,Dry,Daylight,,,,10.0,Entering at angle,0,0,False,0
-122.332244084376,47.6120705726859,203113,303258,304498,3753675,Matched,Intersection,29893.0,8TH AVE AND PIKE ST, ,,2,Injury Collision,Right Turn,2,0,0,2,1,0,2018-09-19 00:00:00+00,9/19/2018 10:13:00 PM,At Intersection (intersection related),14,"MOTOR VEHICLE STRUCK MOTOR VEHICLE, REAR END",,False,Overcast,Wet,Dark - Street Lights On,,,True,16.0,From same direction - one right turn - one straight,0,0,False,0
-122.329080763948,47.6903417466837,203114,303458,304718,3476266,Matched,Block,,BANNER WAY NE BETWEEN NE 85TH ST OFF RP AND CORLISS WAY N, ,,1,Property Damage Only Collision,Other,1,0,0,1,0,0,2018-09-29 00:00:00+00,9/29/2018 3:16:00 AM,Mid-Block (not related to intersection),26,MOTOR VEHICLE STRUCK OBJECT IN ROAD,,True,Clear or Partly Cloudy,Dry,Dark - Street Lights On,,,,50.0,Fixed object,0,0,False,0
-122.330991616782,47.6165059509367,203115,303257,304497,3753672,Matched,Block,,HOWELL ST BETWEEN BOREN AVE AND MINOR AVE, ,,1,Property Damage Only Collision,Parked Car,2,0,0,2,0,0,2018-08-07 00:00:00+00,8/7/2018 6:00:00 PM,Mid-Block (not related to intersection),11,"MOTOR VEHICLE STRUCK MOTOR VEHICLE, FRONT END AT ANGLE",,False,Unknown,Unknown,Daylight,,,,20.0,One car leaving parked position,0,0,False,0
-122.283473404593,47.5598608553963,203116,303397,304657,E842205,Matched,Block,,39TH AVE S BETWEEN S AMERICUS ST AND S ANGELINE ST, ,,1,Property Damage Only Collision,Parked Car,2,0,0,2,0,0,2018-09-26 00:00:00+00,9/26/2018 11:57:00 AM,Mid-Block (but intersection related),13,"MOTOR VEHICLE STRUCK MOTOR VEHICLE, LEFT SIDE AT ANGLE",True,False,Clear or Partly Cloudy,Dry,Daylight,,,,32.0,One parked--one moving,0,0,True,0
-122.337540010438,47.6077944495821,203117,303479,304739,3811326,Matched,Block,,2ND AVE BETWEEN UNIVERSITY ST AND UNION ST, ,,2,Injury Collision,Cycles,2,0,1,1,1,0,2018-09-24 00:00:00+00,9/24/2018 4:14:00 PM,Mid-Block (not related to intersection),18,"MOTOR VEHICLE STRUCK PEDALCYCLIST, FRONT END AT ANGLE",,False,Clear or Partly Cloudy,Dry,Daylight,,,,6.0,Pedalcyclist Strikes Moving Vehicle,0,0,False,0
-122.337632040483,47.612810892278,203118,303492,304752,3811582,Matched,Block,,5TH AVE BETWEEN OLIVE WAY AND STEWART ST, ,,1,Property Damage Only Collision,Sideswipe,2,0,0,2,0,0,2018-09-13 00:00:00+00,9/13/2018 10:09:00 AM,Mid-Block (not related to intersection),11,"MOTOR VEHICLE STRUCK MOTOR VEHICLE, FRONT END AT ANGLE",True,False,Overcast,Dry,Daylight,,,,81.0,Same direction -- both turning left -- both moving -- sideswipe,0,0,False,0
-122.327265104999,47.6074624805478,203119,303497,304757,3811756,Matched,Block,,MARION ST BETWEEN 8TH AVE AND 9TH AVE, ,,1,Property Damage Only Collision,Parked Car,2,0,0,2,0,0,2018-09-21 00:00:00+00,9/21/2018 6:10:00 PM,Mid-Block (not related to intersection),0,NOT ENOUGH INFORMATION / NOT APPLICABLE,,False,Clear or Partly Cloudy,Dry,Unknown,,,,32.0,One parked--one moving,0,0,True,0
-122.264468758823,47.6793689228571,203120,303245,304485,3751702,Matched,Block,,NE 70TH ST BETWEEN BURKE GILMAN TRL AND SAND POINT WAY NE, ,,1,Property Damage Only Collision,Other,1,0,0,1,0,0,2018-09-20 00:00:00+00,9/20/2018 5:16:00 PM,Mid-Block (not related to intersection),27,MOTOR VEHICLE RAN OFF ROAD - NO COLLISION,,True,Clear or Partly Cloudy,Dry,Daylight,,,,50.0,Fixed object,0,0,False,0
-122.321393938097,47.5850669133736,203121,303474,304734,E842309,Matched,Block,,AIRPORT WAY S BETWEEN S PLUM ST AND S HILL ST, ,,2,Injury Collision,Angles,2,0,0,2,1,0,2018-09-26 00:00:00+00,9/26/2018 2:45:00 PM,Driveway Junction,11,"MOTOR VEHICLE STRUCK MOTOR VEHICLE, FRONT END AT ANGLE",,False,Clear or Partly Cloudy,Dry,Daylight,,,,10.0,Entering at angle,0,0,False,0
-122.385483472981,47.5601969076988,203122,303377,304637,E842204,Matched,Block,,42ND AVE SW BETWEEN SW ALASKA ST AND SW EDMUNDS ST, ,,1,Property Damage Only Collision,Parked Car,2,0,0,2,0,0,2018-09-26 00:00:00+00,9/26/2018 10:59:00 AM,Mid-Block (not related to intersection),11,"MOTOR VEHICLE STRUCK MOTOR VEHICLE, FRONT END AT ANGLE",,False,Clear or Partly Cloudy,Dry,Daylight,,,,32.0,One parked--one moving,0,0,True,0
-122.326727012794,47.618861430399,203123,303897,305157,E813395,Matched,Block,,BELLEVUE AVE E BETWEEN E DENNY WAY AND E LORETTA PL, ,,1,Property Damage Only Collision,Parked Car,2,0,0,2,0,0,2018-05-14 00:00:00+00,5/14/2018 5:30:00 PM,Mid-Block (not related to intersection),11,"MOTOR VEHICLE STRUCK MOTOR VEHICLE, FRONT END AT ANGLE",,False,Unknown,Unknown,Unknown,,,,32.0,One parked--one moving,0,0,True,0
-122.305608163948,47.6925551202435,203124,303637,304897,E842252,Matched,Block,,LAKE CITY WAY NE BETWEEN NE 88TH ST AND NE 89TH ST, ,,2,Injury Collision,Pedestrian,3,1,0,1,1,0,2018-09-23 00:00:00+00,9/23/2018 11:20:00 AM,Driveway Junction,24,MOTOR VEHCILE STRUCK PEDESTRIAN,,False,Clear or Partly Cloudy,Dry,Daylight,,,,3.0,Vehicle backing hits pedestrian,0,0,False,0
-122.343761882986,47.6185557494212,203125,303797,305057,3740173,Matched,Intersection,29570.0,7TH SB AVE N AND DENNY WAY, ,,1,Property Damage Only Collision,Right Turn,2,0,0,2,0,0,2018-09-29 00:00:00+00,9/29/2018 11:03:00 PM,At Intersection (intersection related),11,"MOTOR VEHICLE STRUCK MOTOR VEHICLE, FRONT END AT ANGLE",,False,Raining,Wet,Dark - Street Lights On,,,,16.0,From same direction - one right turn - one straight,0,0,False,0
-122.338001054286,47.6049434576639,203126,303878,305138,E810284,Matched,Intersection,29617.0,SPRING ST AND WESTERN AVE, ,,1,Property Damage Only Collision,Left Turn,2,0,0,2,0,0,2018-05-12 00:00:00+00,5/12/2018 1:55:00 AM,At Intersection (intersection related),11,"MOTOR VEHICLE STRUCK MOTOR VEHICLE, FRONT END AT ANGLE",,False,Clear or Partly Cloudy,Dry,Dark - Street Lights On,,,,28.0,From opposite direction - one left turn - one straight,0,0,False,0
-122.379464264275,47.6644100684847,203127,303617,304877,E842197,Matched,Block,,LEARY AVE NW BETWEEN NW LEARY WAY AND NW DOCK PL, ,,1,Property Damage Only Collision,Sideswipe,2,0,0,2,0,0,2018-09-20 00:00:00+00,9/20/2018 1:09:00 PM,Mid-Block (not related to intersection),11,"MOTOR VEHICLE STRUCK MOTOR VEHICLE, FRONT END AT ANGLE",,False,Clear or Partly Cloudy,Dry,Daylight,,,,11.0,From same direction - both going straight - both moving - sideswipe,0,0,False,0
-122.296379551804,47.6016553401985,203128,303601,304861,E843308,Matched,Block,,E YESLER WAY BETWEEN M L KING JR WAY AND 28TH AVE, ,,1,Property Damage Only Collision,Rear Ended,2,0,0,2,0,0,2018-09-29 00:00:00+00,9/29/2018 2:49:00 PM,Mid-Block (but intersection related),14,"MOTOR VEHICLE STRUCK MOTOR VEHICLE, REAR END",,False,Clear or Partly Cloudy,Dry,Daylight,,,,14.0,From same direction - both going straight - one stopped - rear-end,0,0,False,0
-122.323641157932,47.6060183966882,203129,303949,305209,3283172,Matched,Intersection,29815.0,JAMES ST AND TERRY AVE, ,,1,Property Damage Only Collision,Left Turn,2,0,0,2,0,0,2018-10-01 00:00:00+00,10/1/2018 6:57:00 AM,At Intersection (intersection related),11,"MOTOR VEHICLE STRUCK MOTOR VEHICLE, FRONT END AT ANGLE",,False,Clear or Partly Cloudy,Dry,Dawn,,,,28.0,From opposite direction - one left turn - one straight,0,0,False,0
-122.312228231627,47.600845838618,203130,303737,304997,3567196,Matched,Block,,S WASHINGTON ST BETWEEN 15TH AVE S AND 16TH AVE S, ,,1,Property Damage Only Collision,Parked Car,2,0,0,2,0,0,2018-09-30 00:00:00+00,9/30/2018 11:00:00 AM,Mid-Block (but intersection related),14,"MOTOR VEHICLE STRUCK MOTOR VEHICLE, REAR END",True,False,Overcast,Dry,Daylight,,,,32.0,One parked--one moving,0,0,False,0
-122.354366416514,47.6386878704036,203131,303881,305141,E812903,Matched,Block,,WARREN AVE N BETWEEN BOSTON ST AND LYNN ST, ,,1,Property Damage Only Collision,Parked Car,2,0,0,2,0,0,2018-05-04 00:00:00+00,5/4/2018,Mid-Block (not related to intersection),11,"MOTOR VEHICLE STRUCK MOTOR VEHICLE, FRONT END AT ANGLE",,False,Unknown,Unknown,Unknown,,,,32.0,One parked--one moving,0,0,True,0
-122.306352686558,47.6012556911426,203132,303599,304859,E843307,Matched,Block,,20TH AVE S BETWEEN E YESLER WAY AND S WASHINGTON ST, ,,1,Property Damage Only Collision,Sideswipe,2,0,0,2,0,0,2018-09-28 00:00:00+00,9/28/2018 5:01:00 PM,Mid-Block (not related to intersection),11,"MOTOR VEHICLE STRUCK MOTOR VEHICLE, FRONT END AT ANGLE",,False,Clear or Partly Cloudy,Dry,Daylight,,,,26.0,From opposite direction - both going straight - sideswipe,0,0,False,0
-122.269987868884,47.5228170065789,203134,303598,304858,E842826,Matched,Block,,RAINIER AVE S BETWEEN S HENDERSON ST AND S DIRECTOR N ST, ,,1,Property Damage Only Collision,Parked Car,2,0,0,2,0,0,2018-09-05 00:00:00+00,9/5/2018 7:14:00 AM,Mid-Block (not related to intersection),11,"MOTOR VEHICLE STRUCK MOTOR VEHICLE, FRONT END AT ANGLE",,False,Clear or Partly Cloudy,Dry,Daylight,,,,32.0,One parked--one moving,0,0,True,0
-122.291526866768,47.6082086775943,203137,303717,304977,3567195,Matched,Block,,32ND AVE BETWEEN E CHERRY ST AND E ARLINGTON PL, ,,2,Injury Collision,Parked Car,4,0,0,2,1,0,2018-09-29 00:00:00+00,9/29/2018 12:55:00 PM,Driveway Junction,13,"MOTOR VEHICLE STRUCK MOTOR VEHICLE, LEFT SIDE AT ANGLE",True,False,Clear or Partly Cloudy,Dry,Daylight,,,,32.0,One parked--one moving,0,0,True,0