longitude,latitude,objectid,inckey,coldetkey,reportno,status,addrtype,intkey,location,exceptrsncode,exceptrsndesc,severitycode,severitydesc,collisiontype,personcount,pedcount,pedcylcount,vehcount,injuries,fatalities,incdate,incdttm,junctiontype,sdot_colcode,sdot_coldesc,inattentionind,underinfl,weather,roadcond,lightcond,pedrownotgrnt,sdotcolnum,speeding,st_colcode,st_coldesc,seglanekey,crosswalkkey,hitparkedcar,seriousinjuries
-122.334746124383,47.5449741928171,203138,303898,305158,E822092,Matched,Block,,1ST AVE S BETWEEN S FRONT ST AND S MICHIGAN N ST, ,,1,Property Damage Only Collision,Other,1,0,0,1,0,0,2018-06-25 00:00:00+00,6/25/2018 9:30:00 PM,Mid-Block (not related to intersection),25,MOTOR VEHICLE STRUCK TRAIN,,False,Clear or Partly Cloudy,Dry,Dark - No Street Lights,,,,41.0,Vehicle Strikes Railway Vehicle,0,0,False,0
-122.323765101689,47.5954137311022,203139,303559,304819,E842994,Matched,Block,,7TH AVE S BETWEEN S DEARBORN ST AND S CHARLES ST, ,,2,Injury Collision,Rear Ended,2,0,0,2,1,0,2018-09-28 00:00:00+00,9/28/2018 3:05:00 PM,Mid-Block (but intersection related),14,"MOTOR VEHICLE STRUCK MOTOR VEHICLE, REAR END",True,False,Clear or Partly Cloudy,Dry,Daylight,,,,73.0,Same direction -- both turning right -- both moving -- rear end,0,0,False,0
-122.379139924162,47.5807130571353,203140,303817,305077,E844106,Matched,Block,,BELVIDERE AVE SW BETWEEN SW ADMIRAL WAY AND SW OLGA ST, ,,1,Property Damage Only Collision,Parked Car,2,0,0,2,0,0,2018-10-01 00:00:00+00,10/1/2018 3:46:00 PM,Mid-Block (not related to intersection),11,"MOTOR VEHICLE STRUCK MOTOR VEHICLE, FRONT END AT ANGLE",,False,Raining,Wet,Daylight,,,,32.0,One parked--one moving,0,0,False,0
-122.36362334803,47.6229134693221,203141,303879,305139,E810565,Matched,Block,,ELLIOTT AVE W BETWEEN W HARRISON ST AND 6TH AVE W, ,,2,Injury Collision,Left Turn,3,0,0,2,1,0,2018-05-01 00:00:00+00,5/1/2018 6:57:00 AM,Mid-Block (not related to intersection),11,"MOTOR VEHICLE STRUCK MOTOR VEHICLE, FRONT END AT ANGLE",,False,Clear or Partly Cloudy,Dry,Daylight,,,,28.0,From opposite direction - one left turn - one straight,0,0,False,0
-122.294797374611,47.6195297236307,203142,303558,304818,3386418,Matched,Block,,29TH AVE E BETWEEN E DENNY WAY AND E JOHN ST, ,,1,Property Damage Only Collision,Parked Car,2,0,0,2,0,0,2018-09-29 00:00:00+00,9/29/2018 12:01:00 AM,Mid-Block (not related to intersection),13,"MOTOR VEHICLE STRUCK MOTOR VEHICLE, LEFT SIDE AT ANGLE",True,False,Clear or Partly Cloudy,Dry,Dark - Street Lights On,,,,32.0,One parked--one moving,0,0,True,0
-122.347022534235,47.6509108854831,203143,303557,304817,E842644,Matched,Block,,N 36TH ST BETWEEN TROLL AVE N AND WINSLOW PL N, ,,1,Property Damage Only Collision,Parked Car,2,0,0,2,0,0,2018-09-12 00:00:00+00,9/12/2018 9:07:00 AM,Mid-Block (not related to intersection),11,"MOTOR VEHICLE STRUCK MOTOR VEHICLE, FRONT END AT ANGLE",,False,Unknown,Unknown,Daylight,,,,32.0,One parked--one moving,0,0,True,0
-122.32701222832,47.600033071292,203144,303639,304899,E843088,Matched,Block,,S MAIN ST BETWEEN 5TH AVE S AND 6TH AVE S, ,,1,Property Damage Only Collision,Parked Car,2,0,0,2,0,0,2018-09-21 00:00:00+00,9/21/2018 10:00:00 AM,Mid-Block (not related to intersection),11,"MOTOR VEHICLE STRUCK MOTOR VEHICLE, FRONT END AT ANGLE",,False,Clear or Partly Cloudy,Dry,Daylight,,,,32.0,One parked--one moving,0,0,False,0
-122.349598602082,47.6512982012925,203145,303882,305142,E813394,Matched,Block,,N 36TH ST BETWEEN FREMONT AVE N AND FREMONT LN N, ,,1,Property Damage Only Collision,Parked Car,2,0,0,2,0,0,2018-05-10 00:00:00+00,5/10/2018 1:00:00 PM,Mid-Block (not related to intersection),11,"MOTOR VEHICLE STRUCK MOTOR VEHICLE, FRONT END AT ANGLE",,False,Unknown,Unknown,Daylight,,,,32.0,One parked--one moving,0,0,False,0
-122.387253012133,47.6393508116592,203146,303540,304800,3746668,Matched,Intersection,27606.0,THORNDYKE AVE W AND THORNDYKE PL W, ,,3,Fatality Collision,Angles,2,0,0,2,1,1,2018-10-01 00:00:00+00,10/1/2018 2:31:00 PM,At Intersection (intersection related),11,"MOTOR VEHICLE STRUCK MOTOR VEHICLE, FRONT END AT ANGLE",,True,Overcast,Wet,Daylight,,,,10.0,Entering at angle,0,0,False,0
-122.31945610697,47.6146637818482,203147,303539,304799,3386416,Matched,Block,,10TH AVE BETWEEN E PIKE ST AND E PINE ST, ,,1,Property Damage Only Collision,Parked Car,2,0,0,2,0,0,2018-09-28 00:00:00+00,9/28/2018 8:40:00 PM,Mid-Block (not related to intersection),11,"MOTOR VEHICLE STRUCK MOTOR VEHICLE, FRONT END AT ANGLE",,False,Clear or Partly Cloudy,Dry,Dark - Street Lights On,,,,32.0,One parked--one moving,0,0,True,0
-122.3397645697,47.6214611530509,203149,303538,304798,E842643,Matched,Block,,9TH AVE N BETWEEN THOMAS ST AND HARRISON ST, ,,1,Property Damage Only Collision,Parked Car,2,0,0,2,0,0,2018-09-19 00:00:00+00,9/19/2018 9:52:00 AM,Mid-Block (not related to intersection),11,"MOTOR VEHICLE STRUCK MOTOR VEHICLE, FRONT END AT ANGLE",True,False,Clear or Partly Cloudy,Dry,Daylight,,,,32.0,One parked--one moving,0,0,True,0
-122.344385869805,47.6185581570922,203150,303777,305037,3740172,Matched,Block,,DENNY WAY BETWEEN 6TH AVE AND AURORA SB AVE N, ,,1,Property Damage Only Collision,Parked Car,3,0,0,2,0,0,2018-09-29 00:00:00+00,9/29/2018 11:15:00 PM,Driveway Junction,14,"MOTOR VEHICLE STRUCK MOTOR VEHICLE, REAR END",,False,Raining,Wet,Dark - Street Lights On,,,,32.0,One parked--one moving,0,0,True,0
-122.346642372414,47.6414184113917,203151,303537,304797,E842352,Matched,Block,,AURORA AVE N BETWEEN DEXTER WAY N AND HALLADAY ST, ,,1,Property Damage Only Collision,Rear Ended,3,0,0,2,0,0,2018-09-13 00:00:00+00,9/13/2018 10:23:00 PM,Mid-Block (not related to intersection),14,"MOTOR VEHICLE STRUCK MOTOR VEHICLE, REAR END",,False,Overcast,Other,Dark - Street Lights On,,,True,14.0,From same direction - both going straight - one stopped - rear-end,0,0,False,0
-122.330818897061,47.6054814966445,203152,303638,304898,E844187,Matched,Block,,5TH AVE BETWEEN COLUMBIA ST AND MARION ST, ,,1,Property Damage Only Collision,Parked Car,3,0,0,2,0,0,2018-09-28 00:00:00+00,9/28/2018 11:20:00 AM,Mid-Block (not related to intersection),11,"MOTOR VEHICLE STRUCK MOTOR VEHICLE, FRONT END AT ANGLE",True,False,Clear or Partly Cloudy,Dry,Daylight,,,,32.0,One parked--one moving,0,0,True,0
-122.326340004184,47.6873866212445,203153,303880,305140,E811176,Matched,Block,,NE 85TH ST OFF RP BETWEEN I5 NB AND BANNER WAY NE, ,,1,Property Damage Only Collision,Other,1,0,0,1,0,0,2018-06-08 00:00:00+00,6/8/2018 8:56:00 PM,Mid-Block (not related to intersection),26,MOTOR VEHICLE STRUCK OBJECT IN ROAD,,False,Raining,Wet,Dusk,,,True,50.0,Fixed object,0,0,False,0
-122.295748140649,47.5723110047282,203154,303917,305177,E825854,Matched,Block,,S WALDEN ST BETWEEN RENTON PL S AND CLAREMONT AVE S, ,,2,Injury Collision,Angles,2,0,0,2,1,0,2018-07-05 00:00:00+00,7/5/2018 10:02:00 AM,Mid-Block (not related to intersection),11,"MOTOR VEHICLE STRUCK MOTOR VEHICLE, FRONT END AT ANGLE",,False,Clear or Partly Cloudy,Dry,Daylight,,,,10.0,Entering at angle,0,0,False,0
-122.326793150848,47.6174097111518,203155,303517,304777,3386415,Matched,Block,,BELLEVUE AVE BETWEEN E OLIVE WAY AND E HOWELL ST, ,,1,Property Damage Only Collision,Parked Car,3,0,0,3,0,0,2018-09-26 00:00:00+00,9/26/2018 8:55:00 PM,Mid-Block (not related to intersection),14,"MOTOR VEHICLE STRUCK MOTOR VEHICLE, REAR END",,False,Clear or Partly Cloudy,Dry,Dark - Street Lights On,,,,32.0,One parked--one moving,0,0,True,0
-122.336839444656,47.612897018651,203157,303757,305017,3705924,Matched,Block,,OLIVE WAY BETWEEN 5TH AVE AND 6TH AVE, ,,2,Injury Collision,Pedestrian,2,1,0,1,1,0,2018-09-28 00:00:00+00,9/28/2018 1:58:00 PM,Mid-Block (not related to intersection),24,MOTOR VEHCILE STRUCK PEDESTRIAN,,False,Clear or Partly Cloudy,Dry,Daylight,,,,0.0,Vehicle going straight hits pedestrian,0,0,False,0
-122.32506033068,47.5979338013902,203158,299811,301011,E821729,Matched,Block,,MAYNARD AVE S BETWEEN S KING ST AND S WELLER ST, ,,1,Property Damage Only Collision,Parked Car,2,0,0,2,0,0,2018-07-13 00:00:00+00,7/13/2018 6:23:00 PM,Mid-Block (not related to intersection),11,"MOTOR VEHICLE STRUCK MOTOR VEHICLE, FRONT END AT ANGLE",,False,Clear or Partly Cloudy,Dry,Daylight,,,,32.0,One parked--one moving,0,0,False,0
-122.367320816366,47.6942582887907,203159,304203,305443,3810379,Matched,Intersection,37255.0,DIBBLE AVE NW AND NW 90TH ST, ,,2,Injury Collision,Other,1,0,0,1,1,0,2018-10-04 00:00:00+00,10/4/2018 10:27:00 PM,At Intersection (intersection related),26,MOTOR VEHICLE STRUCK OBJECT IN ROAD,,True,Clear or Partly Cloudy,Dry,Dark - Street Lights On,,,,50.0,Fixed object,0,0,False,0
-122.342439241051,47.6553828764201,203160,299581,300781,3747975,Matched,Intersection,26848.0,STONE WAY N AND N 40TH ST, ,,2,Injury Collision,Angles,4,0,0,2,1,0,2018-07-16 00:00:00+00,7/16/2018 2:35:00 PM,At Intersection (intersection related),11,"MOTOR VEHICLE STRUCK MOTOR VEHICLE, FRONT END AT ANGLE",True,False,Clear or Partly Cloudy,Dry,Daylight,,,,10.0,Entering at angle,0,0,False,0
-122.315192633796,47.7121977548653,203162,304202,305442,3762814,Matched,Intersection,36476.0,PINEHURST WAY NE AND NE 115TH ST, ,,2,Injury Collision,Angles,4,0,0,2,1,0,2018-10-05 00:00:00+00,10/5/2018 5:02:00 PM,At Intersection (intersection related),11,"MOTOR VEHICLE STRUCK MOTOR VEHICLE, FRONT END AT ANGLE",,False,Raining,Wet,Daylight,,,,10.0,Entering at angle,0,0,False,0
-122.392779067723,47.5248698241134,203163,304201,305441,3745761,Matched,Intersection,34794.0,FAUNTLEROY WAY SW AND SW TRENTON ST, ,,2,Injury Collision,Angles,3,0,0,2,1,0,2018-10-05 00:00:00+00,10/5/2018 11:55:00 AM,At Intersection (intersection related),11,"MOTOR VEHICLE STRUCK MOTOR VEHICLE, FRONT END AT ANGLE",True,False,Raining,Wet,Daylight,,,,10.0,Entering at angle,0,0,False,0
-122.320284005733,47.5264574802919,203164,299579,300779,3746027,Matched,Intersection,35095.0,10TH AVE S AND S CLOVERDALE ST, ,,2,Injury Collision,Angles,3,0,0,2,1,0,2018-07-20 00:00:00+00,7/20/2018 4:44:00 PM,At Intersection (intersection related),11,"MOTOR VEHICLE STRUCK MOTOR VEHICLE, FRONT END AT ANGLE",,False,Clear or Partly Cloudy,Dry,Daylight,,,,10.0,Entering at angle,0,0,False,0
-122.325716597025,47.5975140722331,203165,299798,300998,E821728,Matched,Block,,S WELLER ST BETWEEN 6TH AVE S AND MAYNARD AVE S, ,,1,Property Damage Only Collision,Parked Car,2,0,0,2,0,0,2018-07-21 00:00:00+00,7/21/2018 6:50:00 PM,Mid-Block (not related to intersection),11,"MOTOR VEHICLE STRUCK MOTOR VEHICLE, FRONT END AT ANGLE",True,False,Clear or Partly Cloudy,Dry,Daylight,,,,32.0,One parked--one moving,0,0,True,0
-122.376176887855,47.6447696120254,203166,304199,305439,3740174,Matched,Intersection,27884.0,15TH AVE W AND W ARMOUR ST, ,,1,Property Damage Only Collision,Left Turn,4,0,0,2,0,0,2018-10-05 00:00:00+00,10/5/2018 6:49:00 PM,At Intersection (intersection related),11,"MOTOR VEHICLE STRUCK MOTOR VEHICLE, FRONT END AT ANGLE",,False,Raining,Wet,Dusk,,,,28.0,From opposite direction - one left turn - one straight,0,0,False,0
-122.382124460602,47.6709089865351,203188,299583,300783,3751454,Matched,Intersection,25134.0,20TH AVE NW AND NW 58TH ST, ,,1,Property Damage Only Collision,Angles,2,0,0,2,0,0,2018-07-25 00:00:00+00,7/25/2018 2:46:00 PM,At Intersection (intersection related),11,"MOTOR VEHICLE STRUCK MOTOR VEHICLE, FRONT END AT ANGLE",,False,Clear or Partly Cloudy,Dry,Daylight,,,,10.0,Entering at angle,0,0,False,0
-122.290273356709,47.6757834922088,203167,299584,300784,3753965,Matched,Intersection,24971.0,35TH AVE NE AND NE 65TH ST, ,,1,Property Damage Only Collision,Angles,2,0,0,2,0,0,2018-07-19 00:00:00+00,7/19/2018 10:15:00 PM,At Intersection (intersection related),11,"MOTOR VEHICLE STRUCK MOTOR VEHICLE, FRONT END AT ANGLE",,False,Clear or Partly Cloudy,Dry,Dark - Street Lights On,,,,10.0,Entering at angle,0,0,False,0
-122.32598469864,47.5717156015367,203168,304198,305438,3705931,Matched,Intersection,32351.0,6TH AVE S AND S SPOKANE NR ST, ,,1,Property Damage Only Collision,Sideswipe,3,0,0,2,0,0,2018-10-07 00:00:00+00,10/7/2018 6:31:00 PM,At Intersection (intersection related),14,"MOTOR VEHICLE STRUCK MOTOR VEHICLE, REAR END",True,False,Overcast,Wet,Dark - Street Lights On,,,,11.0,From same direction - both going straight - both moving - sideswipe,0,0,False,0
-122.317368199606,47.6761904964561,203169,304197,305437,E845221,Matched,Block,,ROOSEVELT WAY NE BETWEEN NE 65TH ST AND NE 66TH ST, ,,1,Property Damage Only Collision,Parked Car,2,0,0,2,0,0,2018-09-14 00:00:00+00,9/14/2018 9:17:00 AM,,11,"MOTOR VEHICLE STRUCK MOTOR VEHICLE, FRONT END AT ANGLE",,False,Raining,Wet,Daylight,,,,20.0,One car leaving parked position,0,0,False,0
-122.326434534512,47.6124500107468,203170,304177,305417,E845220,Matched,Block,,MINOR AVE BETWEEN UNIVERSITY ST AND UNION ST, ,,2,Injury Collision,Angles,2,0,0,2,1,0,2018-08-18 00:00:00+00,8/18/2018 4:13:00 PM,Mid-Block (not related to intersection),11,"MOTOR VEHICLE STRUCK MOTOR VEHICLE, FRONT END AT ANGLE",True,False,Clear or Partly Cloudy,Dry,Daylight,,,,10.0,Entering at angle,0,0,False,0
-122.34412175459,47.6107894506545,203171,299578,300778,E820481,Matched,Block,,WESTERN AVE BETWEEN VIRGINIA ST AND LENORA ST, ,,1,Property Damage Only Collision,Other,2,0,0,2,0,0,2018-07-18 00:00:00+00,7/18/2018 12:00:00 PM,Mid-Block (but intersection related),11,"MOTOR VEHICLE STRUCK MOTOR VEHICLE, FRONT END AT ANGLE",,False,Clear or Partly Cloudy,Dry,Daylight,,,,23.0,From same direction - all others,0,0,False,0
-122.269718990962,47.520147160902,203172,303977,305237,3810745,Matched,Intersection,35450.0,51ST AVE S AND RAINIER AVE S, ,,2,Injury Collision,Left Turn,2,0,0,2,1,0,2018-10-01 00:00:00+00,10/1/2018 8:19:00 AM,At Intersection (intersection related),11,"MOTOR VEHICLE STRUCK MOTOR VEHICLE, FRONT END AT ANGLE",,False,Raining,Wet,Daylight,,,,28.0,From opposite direction - one left turn - one straight,0,0,False,0
-122.352873606669,47.7141525759385,203173,299582,300782,3751359,Matched,Intersection,36381.0,DAYTON AVE N AND N 117TH ST, ,,2,Injury Collision,Angles,3,0,0,2,1,0,2018-07-22 00:00:00+00,7/22/2018 12:50:00 PM,At Intersection (intersection related),11,"MOTOR VEHICLE STRUCK MOTOR VEHICLE, FRONT END AT ANGLE",,False,Clear or Partly Cloudy,Dry,Daylight,,,,10.0,Entering at angle,0,0,False,0
-122.360662246649,47.6924488958641,203175,303958,305218,3786871,Matched,Intersection,37172.0,3RD AVE NW AND NW 87TH N ST, ,,2,Injury Collision,Left Turn,2,0,0,2,1,0,2018-09-21 00:00:00+00,9/21/2018 4:50:00 PM,At Intersection (intersection related),11,"MOTOR VEHICLE STRUCK MOTOR VEHICLE, FRONT END AT ANGLE",,False,Overcast,Dry,Daylight,,,,15.0,From same direction - one left turn - one straight,0,0,False,0
-122.376167511632,47.6424486918837,203176,303957,305217,3753817,Matched,Intersection,587907.0,15TH AVE W AND GILMAN DR W, ,,2,Injury Collision,Left Turn,5,0,0,2,3,0,2018-09-29 00:00:00+00,9/29/2018 1:07:00 PM,At Intersection (intersection related),11,"MOTOR VEHICLE STRUCK MOTOR VEHICLE, FRONT END AT ANGLE",,False,Clear or Partly Cloudy,Dry,Daylight,,,True,28.0,From opposite direction - one left turn - one straight,0,0,False,0
-122.315667598527,47.6794521632417,203177,299577,300777,E820479,Matched,Intersection,24473.0,12TH AVE NE AND NE 70TH ST, ,,1,Property Damage Only Collision,Left Turn,3,0,0,2,0,0,2018-07-20 00:00:00+00,7/20/2018 2:33:00 PM,At Intersection (intersection related),11,"MOTOR VEHICLE STRUCK MOTOR VEHICLE, FRONT END AT ANGLE",True,False,Clear or Partly Cloudy,Dry,Daylight,,,,15.0,From same direction - one left turn - one straight,0,0,False,0
-122.373941552268,47.5264721208802,203180,303953,305213,3745907,Matched,Intersection,34930.0,32ND AVE SW AND SW CLOVERDALE ST, ,,2,Injury Collision,Angles,5,0,0,2,3,0,2018-10-04 00:00:00+00,10/4/2018 7:42:00 AM,At Intersection (intersection related),11,"MOTOR VEHICLE STRUCK MOTOR VEHICLE, FRONT END AT ANGLE",,False,Clear or Partly Cloudy,Dry,Daylight,,,,10.0,Entering at angle,0,0,False,0
-122.330582908595,47.6650173983352,203181,299585,300785,3754191,Matched,Intersection,25873.0,SUNNYSIDE AVE N AND N 50TH ST, ,,1,Property Damage Only Collision,Rear Ended,6,0,0,3,0,0,2018-07-22 00:00:00+00,7/22/2018 2:30:00 PM,At Intersection (intersection related),14,"MOTOR VEHICLE STRUCK MOTOR VEHICLE, REAR END",,False,Clear or Partly Cloudy,Dry,Daylight,,,,14.0,From same direction - both going straight - one stopped - rear-end,0,0,False,0
-122.355124612794,47.5210327509844,203182,303952,305212,3745802,Matched,Intersection,35042.0,16TH AVE SW AND SW BARTON ST, ,,1,Property Damage Only Collision,Angles,3,0,0,2,0,0,2018-09-20 00:00:00+00,9/20/2018 8:43:00 PM,At Intersection (intersection related),11,"MOTOR VEHICLE STRUCK MOTOR VEHICLE, FRONT END AT ANGLE",,True,Clear or Partly Cloudy,Dry,Dark - Street Lights On,,,,10.0,Entering at angle,0,0,False,0
-122.37931254231,47.5320061700723,203183,299580,300780,3746028,Matched,Intersection,33839.0,37TH AVE SW AND SW KENYON ST, ,,2,Injury Collision,Angles,2,0,0,2,2,0,2018-07-20 00:00:00+00,7/20/2018 10:43:00 AM,At Intersection (intersection related),11,"MOTOR VEHICLE STRUCK MOTOR VEHICLE, FRONT END AT ANGLE",True,False,Clear or Partly Cloudy,Dry,Daylight,,,,10.0,Entering at angle,0,0,False,0
-122.343502368724,47.6540896501996,203185,304217,305457,3810380,Matched,Intersection,26864.0,BRIDGE WAY N AND N 39TH E ST, ,,1,Property Damage Only Collision,Angles,10,0,0,3,0,0,2018-10-05 00:00:00+00,10/5/2018 3:30:00 PM,At Intersection (intersection related),11,"MOTOR VEHICLE STRUCK MOTOR VEHICLE, FRONT END AT ANGLE",,False,Raining,Wet,Daylight,,,,10.0,Entering at angle,0,0,False,0
-122.366005474643,47.6928127369445,203186,299795,300995,E821618,Matched,Intersection,37169.0,8TH AVE NW AND NW 88TH ST, ,,1,Property Damage Only Collision,Left Turn,2,0,0,2,0,0,2018-07-25 00:00:00+00,7/25/2018 12:15:00 PM,At Intersection (intersection related),11,"MOTOR VEHICLE STRUCK MOTOR VEHICLE, FRONT END AT ANGLE",,False,Clear or Partly Cloudy,Dry,Daylight,,,,28.0,From opposite direction - one left turn - one straight,0,0,False,0
-122.384330503658,47.5502646813594,203187,303950,305210,3742349,Matched,Intersection,32815.0,41ST AVE SW AND SW JUNEAU ST, ,,2,Injury Collision,Other,1,0,0,1,1,0,2018-10-01 00:00:00+00,10/1/2018 2:42:00 PM,At Intersection (intersection related),26,MOTOR VEHICLE STRUCK OBJECT IN ROAD,True,False,Raining,Wet,Daylight,,,,50.0,Fixed object,0,0,False,0
-122.318888629916,47.6199221785533,203189,304204,305444,E845335,Matched,Block,,E JOHN ST BETWEEN 10TH AVE E AND 11TH AVE E, ,,1,Property Damage Only Collision,Rear Ended,2,0,0,2,0,0,2018-09-21 00:00:00+00,9/21/2018 11:40:00 PM,Mid-Block (but intersection related),14,"MOTOR VEHICLE STRUCK MOTOR VEHICLE, REAR END",,True,Raining,Wet,Dark - Street Lights On,,,,14.0,From same direction - both going straight - one stopped - rear-end,0,0,False,0
-122.31207927184,47.6830458729488,203190,300488,301688,3751182,Matched,Intersection,24426.0,15TH AVE NE AND NE 75TH ST, ,,2,Injury Collision,Angles,3,0,0,2,1,0,2018-08-14 00:00:00+00,8/14/2018 12:11:00 AM,At Intersection (intersection related),11,"MOTOR VEHICLE STRUCK MOTOR VEHICLE, FRONT END AT ANGLE",,False,Fog/Smog/Smoke,Dry,Dark - Street Lights On,,,,10.0,Entering at angle,0,0,False,0
-122.340394174905,47.6245455724217,203191,300483,301683,E826306,Matched,Block,,MERCER SR ST BETWEEN 8TH AVE N AND 9TH AVE N, ,,1,Property Damage Only Collision,Sideswipe,4,0,0,3,0,0,2018-08-09 00:00:00+00,8/9/2018 2:25:00 PM,Mid-Block (not related to intersection),11,"MOTOR VEHICLE STRUCK MOTOR VEHICLE, FRONT END AT ANGLE",,False,Clear or Partly Cloudy,Dry,Daylight,,,,11.0,From same direction - both going straight - both moving - sideswipe,0,0,False,0
-122.387169528648,47.5475885405941,203192,300145,301345,3330596,Matched,Block,,CALIFORNIA AVE SW BETWEEN SW RAYMOND ST AND SW GRAHAM ST, ,,1,Property Damage Only Collision,Parked Car,2,0,0,2,0,0,2018-08-03 00:00:00+00,8/3/2018 8:26:00 PM,Mid-Block (not related to intersection),14,"MOTOR VEHICLE STRUCK MOTOR VEHICLE, REAR END",,True,Clear or Partly Cloudy,Dry,Dusk,,,,32.0,One parked--one moving,0,0,False,0
-122.310949419142,47.5951162837385,203193,300280,301480,3814130,Matched,Block,,RAINIER AVE S BETWEEN S DEARBORN ST AND S CHARLES N ST, ,,1,Property Damage Only Collision,Sideswipe,3,0,0,2,0,0,2018-08-10 00:00:00+00,8/10/2018 8:51:00 AM,Mid-Block (not related to intersection),11,"MOTOR VEHICLE STRUCK MOTOR VEHICLE, FRONT END AT ANGLE",,False,Clear or Partly Cloudy,Dry,Daylight,,,,11.0,From same direction - both going straight - both moving - sideswipe,0,0,False,0
-122.39077948066,47.5684442077233,203197,300486,301686,3742441,Matched,Intersection,31970.0,46TH AVE SW AND SW ANDOVER ST, ,,1,Property Damage Only Collision,Angles,3,0,0,2,0,0,2018-08-19 00:00:00+00,8/19/2018 6:26:00 PM,At Intersection (intersection related),11,"MOTOR VEHICLE STRUCK MOTOR VEHICLE, FRONT END AT ANGLE",,False,Clear or Partly Cloudy,Dry,Daylight,,,,10.0,Entering at angle,0,0,False,0
-122.320872892097,47.6199077468642,203198,300149,301349,3642616,Matched,Intersection,29052.0,BROADWAY E AND E OLIVE WAY, ,,1,Property Damage Only Collision,Rear Ended,2,0,0,2,0,0,2018-08-04 00:00:00+00,8/4/2018 11:20:00 AM,At Intersection (but not related to intersection),14,"MOTOR VEHICLE STRUCK MOTOR VEHICLE, REAR END",,False,Clear or Partly Cloudy,Dry,Daylight,,,,14.0,From same direction - both going straight - one stopped - rear-end,0,0,False,0
-122.309489296294,47.6639681734916,203199,300481,301681,E826215,Matched,Block,,17TH NB AVE NE BETWEEN NE 47TH ST AND NE 50TH ST, ,,2,Injury Collision,Parked Car,2,0,0,2,1,0,2018-08-07 00:00:00+00,8/7/2018 1:49:00 PM,Mid-Block (not related to intersection),11,"MOTOR VEHICLE STRUCK MOTOR VEHICLE, FRONT END AT ANGLE",True,False,Clear or Partly Cloudy,Dry,Daylight,,,,20.0,One car leaving parked position,0,0,False,0
-122.329572013385,47.5510759669628,203200,300142,301342,E822978,Matched,Intersection,33183.0,4TH AVE S AND S MEAD ST, ,,2,Injury Collision,Rear Ended,2,0,0,2,1,0,2018-07-19 00:00:00+00,7/19/2018 8:04:00 AM,At Intersection (intersection related),14,"MOTOR VEHICLE STRUCK MOTOR VEHICLE, REAR END",,False,Overcast,Dry,Daylight,,,,14.0,From same direction - both going straight - one stopped - rear-end,0,0,False,0
-122.341125023251,47.6872974092459,203201,300283,301483,3814823,Matched,Block,,GREEN LAKE DR N BETWEEN N 80TH ST AND STONE AVE N, ,,2,Injury Collision,Pedestrian,3,0,1,1,1,0,2018-08-10 00:00:00+00,8/10/2018 8:15:00 PM,Mid-Block (not related to intersection),18,"MOTOR VEHICLE STRUCK PEDALCYCLIST, FRONT END AT ANGLE",,False,Clear or Partly Cloudy,Dry,Dusk,,,,5.0,Vehicle Strikes Pedalcyclist,0,0,False,0
-122.330722960704,47.6184917572549,203202,299968,301168,3811789,Matched,Intersection,29168.0,DENNY WAY AND STEWART ST, ,,1,Property Damage Only Collision,Left Turn,4,0,0,2,0,0,2018-08-05 00:00:00+00,8/5/2018 2:09:00 AM,At Intersection (intersection related),11,"MOTOR VEHICLE STRUCK MOTOR VEHICLE, FRONT END AT ANGLE",,False,Clear or Partly Cloudy,Dry,Dark - Street Lights On,,,,28.0,From opposite direction - one left turn - one straight,0,0,False,0
-122.300166797693,47.5809944390764,203203,299967,301167,3810929,Matched,Intersection,31467.0,RAINIER AVE S AND S BAYVIEW ST, ,,2,Injury Collision,Angles,2,0,0,2,1,0,2018-08-06 00:00:00+00,8/6/2018 1:23:00 PM,At Intersection (intersection related),11,"MOTOR VEHICLE STRUCK MOTOR VEHICLE, FRONT END AT ANGLE",,True,Clear or Partly Cloudy,Dry,Daylight,,,,10.0,Entering at angle,0,0,False,0
-122.329056505001,47.5798094511073,203204,299966,301166,E822558,Matched,Intersection,31369.0,4TH AVE S AND S LANDER ST, ,,2,Injury Collision,Pedestrian,3,0,1,1,1,0,2018-07-28 00:00:00+00,7/28/2018 10:58:00 AM,At Intersection (intersection related),18,"MOTOR VEHICLE STRUCK PEDALCYCLIST, FRONT END AT ANGLE",,False,Clear or Partly Cloudy,Dry,Daylight,,,,5.0,Vehicle Strikes Pedalcyclist,0,0,False,0
-122.283688930945,47.5788678505063,203205,300148,301348,E822981,Matched,Block,,LAKE WASHINGTON BLVD S BETWEEN LAKE PARK DR S AND S HORTON NR ST, ,,1,Property Damage Only Collision,Parked Car,2,0,0,2,0,0,2018-07-19 00:00:00+00,7/19/2018 6:55:00 AM,Mid-Block (not related to intersection),12,"MOTOR VEHICLE STRUCK MOTOR VEHICLE, RIGHT SIDE AT ANGLE",,False,Overcast,Dry,Daylight,,,True,32.0,One parked--one moving,0,0,True,0
-122.34013076417,47.5172725182138,203206,300484,301684,2796491,Matched,Intersection,34984.0,OLSON PL SW AND SW ROXBURY ST, ,,1,Property Damage Only Collision,Left Turn,2,0,0,2,0,0,2018-08-18 00:00:00+00,8/18/2018 11:30:00 AM,At Intersection (intersection related),11,"MOTOR VEHICLE STRUCK MOTOR VEHICLE, FRONT END AT ANGLE",,False,Clear or Partly Cloudy,Dry,Daylight,,,,28.0,From opposite direction - one left turn - one straight,0,0,False,0
-122.312376969362,47.5794712083096,203207,299965,301165,3810928,Matched,Intersection,31602.0,BEACON AVE S AND S LANDER ST, ,,2,Injury Collision,Cycles,4,0,1,1,1,0,2018-08-06 00:00:00+00,8/6/2018 8:50:00 AM,At Intersection (intersection related),18,"MOTOR VEHICLE STRUCK PEDALCYCLIST, FRONT END AT ANGLE",,False,Clear or Partly Cloudy,Dry,Daylight,,,,6.0,Pedalcyclist Strikes Moving Vehicle,0,0,False,0