longitude,latitude,objectid,inckey,coldetkey,reportno,status,addrtype,intkey,location,exceptrsncode,exceptrsndesc,severitycode,severitydesc,collisiontype,personcount,pedcount,pedcylcount,vehcount,injuries,fatalities,incdate,incdttm,junctiontype,sdot_colcode,sdot_coldesc,inattentionind,underinfl,weather,roadcond,lightcond,pedrownotgrnt,sdotcolnum,speeding,st_colcode,st_coldesc,seglanekey,crosswalkkey,hitparkedcar,seriousinjuries
-122.312533613204,47.715129751027,203208,300281,301481,3814817,Matched,Block,,15TH AVE NE BETWEEN PINEHURST WAY NE AND NE 120TH ST, ,,2b,Serious Injury Collision,Rear Ended,2,0,0,2,2,0,2018-08-09 00:00:00+00,8/9/2018 9:35:00 PM,Mid-Block (not related to intersection),14,"MOTOR VEHICLE STRUCK MOTOR VEHICLE, REAR END",,False,Clear or Partly Cloudy,Dry,Dark - Street Lights On,,,,14.0,From same direction - both going straight - one stopped - rear-end,0,0,False,1
-122.361163412442,47.5418979551139,203209,300286,301486,3605973,Matched,Intersection,33946.0,DELRIDGE WAY SW AND SW WILLOW ST, ,,2,Injury Collision,Other,1,0,0,1,1,0,2018-08-11 00:00:00+00,8/11/2018 3:57:00 AM,At Intersection (intersection related),28,MOTOR VEHICLE RAN OFF ROAD - HIT FIXED OBJECT,,False,Clear or Partly Cloudy,Dry,Dark - Street Lights On,,,,50.0,Fixed object,0,0,False,0
-122.28366712945,47.5308954592765,203210,299964,301164,3810927,Matched,Intersection,35320.0,39TH AVE S AND S KENYON WAY,NEI,"Not Enough Information, or Insufficient Location Information",2,Injury Collision,Angles,3,0,0,2,1,0,2018-08-05 00:00:00+00,8/5/2018 1:30:00 PM,At Intersection (intersection related),0,NOT ENOUGH INFORMATION / NOT APPLICABLE,,False,Clear or Partly Cloudy,Dry,Daylight,,,,10.0,Entering at angle,0,0,False,0
-122.333234512521,47.6064434099943,203211,299963,301163,E822607,Matched,Block,,4TH AVE BETWEEN MADISON ST AND SPRING ST, ,,1,Property Damage Only Collision,Sideswipe,2,0,0,2,0,0,2018-07-13 00:00:00+00,7/13/2018 11:51:00 AM,Mid-Block (not related to intersection),11,"MOTOR VEHICLE STRUCK MOTOR VEHICLE, FRONT END AT ANGLE",,False,Clear or Partly Cloudy,Dry,Daylight,,,,11.0,From same direction - both going straight - both moving - sideswipe,0,0,False,0
-122.38810421852,47.5702093168031,203212,300487,301687,3744091,Matched,Intersection,31962.0,44TH AVE SW AND SW CHARLESTOWN ST, ,,1,Property Damage Only Collision,Angles,3,0,0,2,0,0,2018-08-16 00:00:00+00,8/16/2018 9:00:00 AM,At Intersection (intersection related),11,"MOTOR VEHICLE STRUCK MOTOR VEHICLE, FRONT END AT ANGLE",,False,Clear or Partly Cloudy,Dry,Daylight,,,,10.0,Entering at angle,0,0,False,0
-122.321466304893,47.6152306824896,203213,300147,301347,3642615,Matched,Block,,E PINE ST BETWEEN HARVARD AVE AND BROADWAY, ,,1,Property Damage Only Collision,Other,4,0,0,3,0,0,2018-08-04 00:00:00+00,8/4/2018 2:32:00 AM,Mid-Block (not related to intersection),14,"MOTOR VEHICLE STRUCK MOTOR VEHICLE, REAR END",,False,Clear or Partly Cloudy,Dry,Dark - Street Lights On,,,,23.0,From same direction - all others,0,0,False,0
-122.300376119014,47.5567350525865,203215,299962,301162,3810902,Matched,Block,,25TH AVE S BETWEEN S HUDSON ST AND S DAWSON ST, ,,1,Property Damage Only Collision,Parked Car,2,0,0,2,0,0,2018-08-07 00:00:00+00,8/7/2018 4:59:00 PM,Mid-Block (not related to intersection),14,"MOTOR VEHICLE STRUCK MOTOR VEHICLE, REAR END",,False,Clear or Partly Cloudy,Dry,Daylight,,,,32.0,One parked--one moving,0,0,False,0
-122.313359633249,47.5866976211222,203216,299961,301161,3810726,Matched,Block,,15TH AVE S BETWEEN S GRAND ST AND S HOLGATE ST,NEI,"Not Enough Information, or Insufficient Location Information",2,Injury Collision,Parked Car,3,0,0,3,1,0,2018-08-08 00:00:00+00,8/8/2018 11:29:00 AM,Mid-Block (not related to intersection),14,"MOTOR VEHICLE STRUCK MOTOR VEHICLE, REAR END",,False,Clear or Partly Cloudy,Dry,Daylight,,,,32.0,One parked--one moving,0,0,False,0
-122.349681870659,47.6152490859424,203218,299814,301014,E821734,Matched,Intersection,29685.0,1ST AVE AND VINE ST, ,,1,Property Damage Only Collision,Angles,2,0,0,2,0,0,2018-07-25 00:00:00+00,7/25/2018 5:04:00 PM,At Intersection (intersection related),11,"MOTOR VEHICLE STRUCK MOTOR VEHICLE, FRONT END AT ANGLE",,False,Clear or Partly Cloudy,Dry,Daylight,,,,10.0,Entering at angle,0,0,False,0
-122.310367389592,47.5943562512064,203219,300279,301479,3814027,Matched,Intersection,30795.0,RAINIER AVE S AND S CHARLES N ST, ,,1,Property Damage Only Collision,Right Turn,2,0,0,2,0,0,2018-08-09 00:00:00+00,8/9/2018 6:58:00 PM,At Intersection (intersection related),11,"MOTOR VEHICLE STRUCK MOTOR VEHICLE, FRONT END AT ANGLE",,False,Clear or Partly Cloudy,Dry,Dusk,,,,16.0,From same direction - one right turn - one straight,0,0,False,0
-122.341894527769,47.6073425936987,203220,299813,301013,E821733,Matched,Block,,ALASKAN WAY BETWEEN UNION ST AND PIKE HILL CLIMB, ,,1,Property Damage Only Collision,Parked Car,2,0,0,2,0,0,2018-07-22 00:00:00+00,7/22/2018 2:37:00 AM,Mid-Block (not related to intersection),11,"MOTOR VEHICLE STRUCK MOTOR VEHICLE, FRONT END AT ANGLE",,False,Clear or Partly Cloudy,Dry,Dark - Street Lights On,,,,32.0,One parked--one moving,0,0,True,0
-122.320062870958,47.6395471128003,203221,300146,301346,3626248,Matched,Intersection,28237.0,10TH AVE E AND E LYNN ST,NEI,"Not Enough Information, or Insufficient Location Information",1,Property Damage Only Collision,Parked Car,2,0,0,2,0,0,2018-08-03 00:00:00+00,8/3/2018 12:00:00 PM,At Intersection (intersection related),0,NOT ENOUGH INFORMATION / NOT APPLICABLE,True,False,Clear or Partly Cloudy,Dry,Daylight,,,,32.0,One parked--one moving,0,0,False,0
-122.316827129858,47.6685735566206,203222,300480,301680,E826213,Matched,Block,,NE 55TH ST BETWEEN ROOSEVELT WAY NE AND 11TH AVE NE, ,,2,Injury Collision,Pedestrian,3,1,0,1,1,0,2018-08-02 00:00:00+00,8/2/2018 12:15:00 PM,Mid-Block (not related to intersection),24,MOTOR VEHCILE STRUCK PEDESTRIAN,,False,Unknown,Unknown,Daylight,,,,3.0,Vehicle backing hits pedestrian,0,0,False,0
-122.337591981588,47.6112073727931,203223,300485,301685,3705920,Matched,Intersection,29579.0,4TH AVE AND PINE ST, ,,1,Property Damage Only Collision,Sideswipe,2,0,0,2,0,0,2018-08-14 00:00:00+00,8/14/2018 9:29:00 PM,At Intersection (intersection related),11,"MOTOR VEHICLE STRUCK MOTOR VEHICLE, FRONT END AT ANGLE",,False,Clear or Partly Cloudy,Dry,Dark - Street Lights On,,,,11.0,From same direction - both going straight - both moving - sideswipe,0,0,False,0
-122.319208016408,47.6004596487359,203224,299812,301012,E821730,Matched,Block,,10TH AVE S BETWEEN S WASHINGTON ST AND S MAIN ST, ,,2,Injury Collision,Sideswipe,2,0,0,2,1,0,2018-07-16 00:00:00+00,7/16/2018 10:07:00 PM,Mid-Block (not related to intersection),11,"MOTOR VEHICLE STRUCK MOTOR VEHICLE, FRONT END AT ANGLE",,False,Clear or Partly Cloudy,Dry,Dark - No Street Lights,,,,26.0,From opposite direction - both going straight - sideswipe,0,0,False,0
-122.326821803233,47.6743848729848,203225,300282,301482,3814819,Matched,Block,,NE 63RD ST BETWEEN 1ST AVE NE AND LATONA AVE NE, ,,1,Property Damage Only Collision,Parked Car,2,0,0,2,0,0,2018-08-08 00:00:00+00,8/8/2018 11:00:00 PM,Mid-Block (not related to intersection),11,"MOTOR VEHICLE STRUCK MOTOR VEHICLE, FRONT END AT ANGLE",,False,Clear or Partly Cloudy,Dry,Dark - Street Lights On,,,,32.0,One parked--one moving,0,0,True,0
-122.311597021812,47.5786262979145,203227,301926,303146,E807246,Matched,Intersection,31623.0,BEACON AVE S AND S MCCLELLAN ST, ,,2,Injury Collision,Rear Ended,5,0,0,2,1,0,2018-05-21 00:00:00+00,5/21/2018 3:45:00 PM,At Intersection (but not related to intersection),14,"MOTOR VEHICLE STRUCK MOTOR VEHICLE, REAR END",,False,Clear or Partly Cloudy,Dry,Daylight,,,,14.0,From same direction - both going straight - one stopped - rear-end,0,0,False,0
-122.319465475531,47.6152451373684,203228,301760,302980,3814146,Matched,Intersection,29738.0,10TH AVE AND E PINE ST, ,,2,Injury Collision,Cycles,3,0,1,1,1,0,2018-09-08 00:00:00+00,9/8/2018 12:45:00 PM,At Intersection (intersection related),18,"MOTOR VEHICLE STRUCK PEDALCYCLIST, FRONT END AT ANGLE",,False,Overcast,Dry,Daylight,,,,6.0,Pedalcyclist Strikes Moving Vehicle,0,0,False,0
-122.316733390752,47.6128892357701,203229,300924,302144,E829972,Matched,Intersection,29761.0,12TH AVE AND E MADISON ST, ,,1,Property Damage Only Collision,Pedestrian,2,0,1,1,0,0,2018-08-04 00:00:00+00,8/4/2018 1:24:00 PM,At Intersection (intersection related),18,"MOTOR VEHICLE STRUCK PEDALCYCLIST, FRONT END AT ANGLE",,False,Clear or Partly Cloudy,Dry,Daylight,,,,5.0,Vehicle Strikes Pedalcyclist,0,521040,False,0
-122.352601728236,47.690587073087,203230,301495,302735,3751490,Matched,Intersection,37461.0,DAYTON AVE N AND N 85TH ST, ,,2,Injury Collision,Sideswipe,2,0,0,2,1,0,2018-08-27 00:00:00+00,8/27/2018 9:35:00 PM,At Intersection (intersection related),14,"MOTOR VEHICLE STRUCK MOTOR VEHICLE, REAR END",,False,Clear or Partly Cloudy,Dry,Dark - Street Lights On,,,,11.0,From same direction - both going straight - both moving - sideswipe,0,0,False,0
-122.328366406094,47.596140853088,203231,301928,303148,E807476,Matched,Block,,SEATTLE BLVD S BETWEEN 4TH AVE S AND S DEARBORN ST, ,,1,Property Damage Only Collision,Rear Ended,3,0,0,2,0,0,2018-06-12 00:00:00+00,6/12/2018 5:30:00 PM,Mid-Block (not related to intersection),14,"MOTOR VEHICLE STRUCK MOTOR VEHICLE, REAR END",,False,Clear or Partly Cloudy,Dry,Daylight,,,,73.0,Same direction -- both turning right -- both moving -- rear end,0,0,False,0
-122.334665597537,47.6096854208314,203232,301741,302961,3811540,Matched,Intersection,29913.0,5TH AVE AND UNION ST, ,,2,Injury Collision,Angles,4,0,0,2,2,0,2018-09-08 00:00:00+00,9/8/2018 6:49:00 AM,At Intersection (intersection related),11,"MOTOR VEHICLE STRUCK MOTOR VEHICLE, FRONT END AT ANGLE",,False,Overcast,Dry,Dawn,,,,10.0,Entering at angle,0,0,False,0
-122.300350350841,47.712052234189,203233,300923,302143,E829932,Matched,Intersection,36656.0,26TH AVE NE AND NE 115TH ST, ,,1,Property Damage Only Collision,Left Turn,2,0,0,2,0,0,2018-08-17 00:00:00+00,8/17/2018 11:53:00 AM,At Intersection (intersection related),11,"MOTOR VEHICLE STRUCK MOTOR VEHICLE, FRONT END AT ANGLE",True,False,Clear or Partly Cloudy,Dry,Daylight,,,,28.0,From opposite direction - one left turn - one straight,0,0,False,0
-122.312761148407,47.6164505241947,203234,300922,302142,E829931,Matched,Intersection,30120.0,15TH AVE AND E OLIVE ST, ,,1,Property Damage Only Collision,Angles,2,0,0,2,0,0,2018-08-17 00:00:00+00,8/17/2018 9:12:00 AM,At Intersection (intersection related),11,"MOTOR VEHICLE STRUCK MOTOR VEHICLE, FRONT END AT ANGLE",True,False,Overcast,Dry,Daylight,,,,10.0,Entering at angle,0,0,False,0
-122.306080774995,47.6185018692807,203235,301763,302983,3814256,Matched,Intersection,29389.0,20TH AVE AND E DENNY WAY, ,,1,Property Damage Only Collision,Angles,5,0,0,2,0,0,2018-08-30 00:00:00+00,8/30/2018 7:39:00 PM,At Intersection (intersection related),11,"MOTOR VEHICLE STRUCK MOTOR VEHICLE, FRONT END AT ANGLE",True,False,Clear or Partly Cloudy,Dry,Daylight,,,,10.0,Entering at angle,0,0,False,0
-122.384742568877,47.6701831296867,203236,301493,302733,3751466,Matched,Intersection,25139.0,22ND AVE NW AND NW 57TH ST, ,,1,Property Damage Only Collision,Angles,2,0,0,2,0,0,2018-08-31 00:00:00+00,8/31/2018 7:46:00 AM,At Intersection (intersection related),11,"MOTOR VEHICLE STRUCK MOTOR VEHICLE, FRONT END AT ANGLE",,False,Overcast,Wet,Daylight,,,,10.0,Entering at angle,0,0,False,0
-122.351401561608,47.6139202596319,203237,301758,302978,3811682,Matched,Intersection,29696.0,ELLIOTT AVE AND VINE ST, ,,2,Injury Collision,Angles,2,0,0,2,1,0,2018-08-28 00:00:00+00,8/28/2018 11:28:00 AM,At Intersection (intersection related),11,"MOTOR VEHICLE STRUCK MOTOR VEHICLE, FRONT END AT ANGLE",,False,Clear or Partly Cloudy,Dry,Daylight,,,,10.0,Entering at angle,0,0,False,0
-122.2833965807,47.5370457269494,203238,300921,302141,3810792,Matched,Intersection,34564.0,39TH AVE S AND S OTHELLO ST, ,,1,Property Damage Only Collision,Rear Ended,2,0,0,2,0,0,2018-08-27 00:00:00+00,8/27/2018 5:33:00 PM,At Intersection (intersection related),11,"MOTOR VEHICLE STRUCK MOTOR VEHICLE, FRONT END AT ANGLE",,False,Clear or Partly Cloudy,Dry,Daylight,,,,14.0,From same direction - both going straight - one stopped - rear-end,0,0,False,0
-122.310046133135,47.6887479412426,203241,300919,302139,3705747,Matched,Block,,17TH AVE NE BETWEEN NE 82ND ST AND LAKE CITY WAY NE, ,,1,Property Damage Only Collision,Other,1,0,0,1,0,0,2018-08-25 00:00:00+00,8/25/2018 1:12:00 AM,Mid-Block (not related to intersection),28,MOTOR VEHICLE RAN OFF ROAD - HIT FIXED OBJECT,,True,Clear or Partly Cloudy,Dry,Dark - Street Lights On,,,,50.0,Fixed object,0,0,False,0
-122.312464144733,47.6529759641361,203243,301492,302732,3751463,Matched,Intersection,27149.0,15TH AVE NE AND NE PACIFIC ST, ,,2,Injury Collision,Pedestrian,3,1,0,1,1,0,2018-08-28 00:00:00+00,8/28/2018 10:51:00 AM,At Intersection (intersection related),24,MOTOR VEHCILE STRUCK PEDESTRIAN,,False,Clear or Partly Cloudy,Dry,Daylight,,,,0.0,Vehicle going straight hits pedestrian,0,524621,False,0
-122.325099018566,47.6867683551988,203244,301927,303147,E807474,Matched,Intersection,24537.0,BANNER WAY NE AND NE 80TH ST, ,,1,Property Damage Only Collision,Angles,2,0,0,2,0,0,2018-06-07 00:00:00+00,6/7/2018 2:54:00 PM,At Intersection (intersection related),11,"MOTOR VEHICLE STRUCK MOTOR VEHICLE, FRONT END AT ANGLE",,False,Clear or Partly Cloudy,Dry,Daylight,,,,10.0,Entering at angle,0,0,False,0
-122.323113439086,47.6121584976272,203245,301761,302981,3814227,Matched,Intersection,29769.0,BOYLSTON AVE AND SENECA ST, ,,1,Property Damage Only Collision,Angles,2,0,0,2,0,0,2018-09-07 00:00:00+00,9/7/2018 11:16:00 PM,At Intersection (intersection related),11,"MOTOR VEHICLE STRUCK MOTOR VEHICLE, FRONT END AT ANGLE",,False,Clear or Partly Cloudy,Wet,Dark - Street Lights On,,,,10.0,Entering at angle,0,0,False,0
-122.32495605375,47.6322564110294,203246,300662,301876,3705919,Matched,Intersection,29080.0,FRANKLIN AVE E AND E GALER ST, ,,1,Property Damage Only Collision,Parked Car,2,0,0,2,0,0,2018-08-12 00:00:00+00,8/12/2018 5:00:00 AM,At Intersection (but not related to intersection),11,"MOTOR VEHICLE STRUCK MOTOR VEHICLE, FRONT END AT ANGLE",,False,Unknown,Unknown,Unknown,,,,32.0,One parked--one moving,0,0,True,0
-122.329123594826,47.6086580954441,203247,301496,302736,3753666,Matched,Intersection,29926.0,8TH AVE AND SPRING ST, ,,1,Property Damage Only Collision,Angles,2,0,0,2,0,0,2018-08-31 00:00:00+00,8/31/2018 6:02:00 PM,At Intersection (intersection related),11,"MOTOR VEHICLE STRUCK MOTOR VEHICLE, FRONT END AT ANGLE",,False,Clear or Partly Cloudy,Dry,Daylight,,,,10.0,Entering at angle,0,0,False,0
-122.329822432775,47.6144572420572,203248,301742,302962,3811580,Matched,Intersection,29872.0,BOREN AVE AND PINE ST, ,,2b,Serious Injury Collision,Pedestrian,2,0,1,1,1,0,2018-08-29 00:00:00+00,8/29/2018 4:47:00 AM,At Intersection (intersection related),18,"MOTOR VEHICLE STRUCK PEDALCYCLIST, FRONT END AT ANGLE",,False,Clear or Partly Cloudy,Dry,Dark - Street Lights On,,,,5.0,Vehicle Strikes Pedalcyclist,0,0,False,1
-122.37615412933,47.6396545535259,203249,300661,301875,3705918,Matched,Block,,15TH AVE W BETWEEN W BOSTON ST AND W WHEELER ST, ,,1,Property Damage Only Collision,Rear Ended,3,0,0,2,0,0,2018-08-12 00:00:00+00,8/12/2018 6:18:00 PM,Mid-Block (not related to intersection),14,"MOTOR VEHICLE STRUCK MOTOR VEHICLE, REAR END",,False,Clear or Partly Cloudy,Dry,Daylight,,,,14.0,From same direction - both going straight - one stopped - rear-end,0,0,False,0
-122.325959772705,47.6060361037961,203250,300660,301874,3702560,Matched,Block,,CHERRY ST BETWEEN 8TH AVE AND 9TH AVE, ,,1,Property Damage Only Collision,Parked Car,2,0,0,2,0,0,2018-08-22 00:00:00+00,8/22/2018 9:46:00 AM,Mid-Block (not related to intersection),11,"MOTOR VEHICLE STRUCK MOTOR VEHICLE, FRONT END AT ANGLE",True,False,Clear or Partly Cloudy,Dry,Daylight,,,,32.0,One parked--one moving,0,0,False,0
-122.376188265734,47.565038524274,203252,301491,302731,3745949,Matched,Intersection,31898.0,FAUNTLEROY WAY SW AND WEST SEATTLE BR EB, ,,2,Injury Collision,Left Turn,6,0,0,2,1,0,2018-09-01 00:00:00+00,9/1/2018 2:27:00 PM,At Intersection (intersection related),11,"MOTOR VEHICLE STRUCK MOTOR VEHICLE, FRONT END AT ANGLE",,False,Clear or Partly Cloudy,Dry,Daylight,,,,28.0,From opposite direction - one left turn - one straight,0,0,False,0
-122.331133851864,47.6125353697869,203253,301759,302979,3811797,Matched,Intersection,29883.0,PIKE ST AND CONVENTION PL, ,,1,Property Damage Only Collision,Pedestrian,2,0,1,1,0,0,2018-08-29 00:00:00+00,8/29/2018 4:43:00 PM,At Intersection (intersection related),18,"MOTOR VEHICLE STRUCK PEDALCYCLIST, FRONT END AT ANGLE",,False,Clear or Partly Cloudy,Dry,Daylight,,,,5.0,Vehicle Strikes Pedalcyclist,0,0,False,0
-122.342003015284,47.7050476067652,203254,300659,301873,3694487,Matched,Intersection,37279.0,STONE AVE N AND N NORTHGATE WAY, ,,2,Injury Collision,Angles,2,0,0,2,2,0,2018-08-22 00:00:00+00,8/22/2018 3:52:00 PM,At Intersection (intersection related),11,"MOTOR VEHICLE STRUCK MOTOR VEHICLE, FRONT END AT ANGLE",,False,Fog/Smog/Smoke,Dry,Daylight,,,,10.0,Entering at angle,0,0,False,0
-122.372607250892,47.5790029437641,203255,300658,301872,3693159,Matched,Block,,HARBOR AVE SW BETWEEN SW FLORIDA ST AND SW HARBOR LN, ,,1,Property Damage Only Collision,Parked Car,4,0,0,2,0,0,2018-08-21 00:00:00+00,8/21/2018 10:48:00 AM,Mid-Block (not related to intersection),14,"MOTOR VEHICLE STRUCK MOTOR VEHICLE, REAR END",,False,Clear or Partly Cloudy,Dry,Daylight,,,,32.0,One parked--one moving,0,0,False,0
-122.387773857957,47.5575065008608,203257,300657,301871,3693158,Matched,Block,,SW HUDSON ST BETWEEN CALIFORNIA AVE SW AND LEWIS PL SW, ,,1,Property Damage Only Collision,Parked Car,2,0,0,2,0,0,2018-08-18 00:00:00+00,8/18/2018 4:09:00 PM,Mid-Block (not related to intersection),14,"MOTOR VEHICLE STRUCK MOTOR VEHICLE, REAR END",,False,Clear or Partly Cloudy,Dry,Daylight,,,,32.0,One parked--one moving,0,0,True,0
-122.330210082394,47.6579452347687,203258,301494,302734,3751469,Matched,Intersection,27212.0,SUNNYSIDE AVE N AND N 42ND ST, ,,1,Property Damage Only Collision,Angles,2,0,0,2,0,0,2018-09-01 00:00:00+00,9/1/2018 1:30:00 AM,At Intersection (intersection related),11,"MOTOR VEHICLE STRUCK MOTOR VEHICLE, FRONT END AT ANGLE",,False,Clear or Partly Cloudy,Dry,Dark - Street Lights On,,,,10.0,Entering at angle,0,0,False,0
-122.35841697506,47.5318713563185,203259,300656,301870,3693156,Matched,Block,,SW KENYON ST BETWEEN 18TH AVE SW AND 20TH AVE SW, ,,2,Injury Collision,Parked Car,3,0,0,3,1,0,2018-08-17 00:00:00+00,8/17/2018 4:48:00 AM,Mid-Block (not related to intersection),14,"MOTOR VEHICLE STRUCK MOTOR VEHICLE, REAR END",,False,Clear or Partly Cloudy,Dry,Dark - No Street Lights,,,True,32.0,One parked--one moving,0,0,True,0
-122.334262399638,47.6126004383479,203260,300926,302146,E829995,Matched,Intersection,29881.0,7TH AVE AND PINE ST, ,,1,Property Damage Only Collision,Sideswipe,3,0,0,2,0,0,2018-08-17 00:00:00+00,8/17/2018 6:58:00 PM,At Intersection (intersection related),11,"MOTOR VEHICLE STRUCK MOTOR VEHICLE, FRONT END AT ANGLE",,False,Clear or Partly Cloudy,Dry,Daylight,,,,11.0,From same direction - both going straight - both moving - sideswipe,0,0,False,0
-122.357678465682,47.6497742709491,203261,301757,302977,3811581,Matched,Intersection,26691.0,NICKERSON ST AND QUEEN ANNE AVE N, ,,2,Injury Collision,Angles,3,0,0,2,1,0,2018-08-29 00:00:00+00,8/29/2018 11:05:00 AM,At Intersection (intersection related),11,"MOTOR VEHICLE STRUCK MOTOR VEHICLE, FRONT END AT ANGLE",,False,Clear or Partly Cloudy,Dry,Daylight,,,,10.0,Entering at angle,0,0,False,0
-122.335569928895,47.5217841204985,203263,300655,301869,3626843,Matched,Block,,OLSON PL SW BETWEEN 1ST AVE S AND 2ND AVE SW, ,,2,Injury Collision,Rear Ended,3,0,0,2,2,0,2018-08-19 00:00:00+00,8/19/2018 10:47:00 AM,Mid-Block (not related to intersection),14,"MOTOR VEHICLE STRUCK MOTOR VEHICLE, REAR END",,False,Clear or Partly Cloudy,Dry,Daylight,,,,14.0,From same direction - both going straight - one stopped - rear-end,0,0,False,0
-122.307936698455,47.5469809772069,203264,301497,302737,3810794,Matched,Intersection,33396.0,SWIFT AVE S AND S GRAHAM ST, ,,2,Injury Collision,Angles,2,0,0,2,1,0,2018-08-28 00:00:00+00,8/28/2018 7:40:00 AM,At Intersection (intersection related),11,"MOTOR VEHICLE STRUCK MOTOR VEHICLE, FRONT END AT ANGLE",,False,Clear or Partly Cloudy,Dry,Daylight,,,,10.0,Entering at angle,0,0,False,0
-122.321877154303,47.6057697675994,203265,300925,302145,E829984,Matched,Intersection,29817.0,BOREN AVE AND JEFFERSON ST, ,,2,Injury Collision,Other,1,0,0,1,1,0,2018-08-15 00:00:00+00,8/15/2018 6:53:00 PM,At Intersection (intersection related),11,"MOTOR VEHICLE STRUCK MOTOR VEHICLE, FRONT END AT ANGLE",,False,Clear or Partly Cloudy,Dry,Daylight,,,,52.0,Vehicle overturned,0,0,False,0
-122.30028950737,47.5453286289812,203266,302633,303873,E840069,Matched,Intersection,34290.0,BEACON WR AVE S AND S EDDY ST, ,,2,Injury Collision,Angles,2,0,0,2,1,0,2018-09-14 00:00:00+00,9/14/2018 10:46:00 AM,At Intersection (intersection related),11,"MOTOR VEHICLE STRUCK MOTOR VEHICLE, FRONT END AT ANGLE",,False,Overcast,Dry,Daylight,,,,10.0,Entering at angle,0,0,False,0
-122.298059829526,47.637179244307,203267,302628,303868,E840066,Matched,Block,,LAKE WASHINGTON BLVD E BETWEEN BOYER AVE E AND E FOSTER ISLAND RD, ,,1,Property Damage Only Collision,Other,1,0,0,1,0,0,2018-09-14 00:00:00+00,9/14/2018 10:10:00 AM,Mid-Block (not related to intersection),26,MOTOR VEHICLE STRUCK OBJECT IN ROAD,True,False,Raining,Wet,Daylight,,,,50.0,Fixed object,0,0,False,0
-122.340892455109,47.6123980257179,203268,302281,303501,E836482,Matched,Intersection,29563.0,3RD AVE AND VIRGINIA ST, ,,1,Property Damage Only Collision,Sideswipe,2,0,0,2,0,0,2018-08-29 00:00:00+00,8/29/2018 1:58:00 PM,At Intersection (intersection related),14,"MOTOR VEHICLE STRUCK MOTOR VEHICLE, REAR END",,False,Clear or Partly Cloudy,Dry,Daylight,,,,11.0,From same direction - both going straight - both moving - sideswipe,0,0,False,0
-122.328617054094,47.6613615085887,203269,302288,303508,E828617,Matched,Block,,N 45TH ST BETWEEN EASTERN AVE N AND 1ST AVE NE, ,,1,Property Damage Only Collision,Other,2,0,0,2,0,0,2018-06-05 00:00:00+00,6/5/2018 5:13:00 PM,Mid-Block (not related to intersection),11,"MOTOR VEHICLE STRUCK MOTOR VEHICLE, FRONT END AT ANGLE",,False,Clear or Partly Cloudy,Dry,Daylight,,,,23.0,From same direction - all others,0,0,False,0
-122.306215424773,47.6140926311913,203270,302635,303875,E839614,Matched,Block,,20TH AVE BETWEEN E UNION ST AND E PINE ST,NEI,"Not Enough Information, or Insufficient Location Information",1,Property Damage Only Collision,Parked Car,2,0,0,2,0,0,2018-09-03 00:00:00+00,9/3/2018 11:37:00 AM,,0,NOT ENOUGH INFORMATION / NOT APPLICABLE,,False,Clear or Partly Cloudy,Dry,Unknown,,,,32.0,One parked--one moving,0,0,True,0
-122.338903693621,47.6092851430891,203272,302089,303309,3753671,Matched,Intersection,29592.0,2ND AVE AND PIKE ST, ,,2b,Serious Injury Collision,Cycles,2,1,1,0,2,0,2018-09-11 00:00:00+00,9/11/2018 7:10:00 AM,At Intersection (intersection related),64,PEDALCYCLIST STRUCK PEDESTRIAN,,False,Clear or Partly Cloudy,Dry,Daylight,,,,7.0,Pedalcyclist Strikes Pedalcyclist or Pedestrian,12179,525565,False,1
-122.36861555357,47.6614669288083,203273,302088,303308,3751677,Matched,Intersection,26710.0,9TH AVE NW AND NW 45TH ST, ,,2,Injury Collision,Pedestrian,2,0,1,1,1,0,2018-09-04 00:00:00+00,9/4/2018 7:34:00 AM,At Intersection (intersection related),51,PEDALCYCLIST STRUCK MOTOR VEHICLE FRONT END AT ANGLE,,False,Clear or Partly Cloudy,Dry,Daylight,,,,5.0,Vehicle Strikes Pedalcyclist,0,0,False,0
-122.343365392573,47.6422629056411,203274,302631,303871,E840068,Matched,Intersection,27999.0,WESTLAKE AVE N AND HALLADAY ST, ,,2,Injury Collision,Left Turn,2,0,0,2,1,0,2018-09-12 00:00:00+00,9/12/2018 9:46:00 AM,At Intersection (intersection related),11,"MOTOR VEHICLE STRUCK MOTOR VEHICLE, FRONT END AT ANGLE",,False,Clear or Partly Cloudy,Dry,Daylight,,,,28.0,From opposite direction - one left turn - one straight,0,0,False,0
-122.334436914046,47.5715142436568,203275,302285,303505,E837764,Matched,Block,,WEST SEATTLE BR EB BETWEEN W SEA BR EB 4 AV OFF RP AND 1ST AV S OFF RP, ,,1,Property Damage Only Collision,Sideswipe,3,0,0,3,0,0,2018-09-06 00:00:00+00,9/6/2018 8:30:00 AM,Mid-Block (but intersection related),11,"MOTOR VEHICLE STRUCK MOTOR VEHICLE, FRONT END AT ANGLE",True,False,Clear or Partly Cloudy,Dry,Daylight,,,,11.0,From same direction - both going straight - both moving - sideswipe,0,0,False,0