longitude,latitude,objectid,inckey,coldetkey,reportno,status,addrtype,intkey,location,exceptrsncode,exceptrsndesc,severitycode,severitydesc,collisiontype,personcount,pedcount,pedcylcount,vehcount,injuries,fatalities,incdate,incdttm,junctiontype,sdot_colcode,sdot_coldesc,inattentionind,underinfl,weather,roadcond,lightcond,pedrownotgrnt,sdotcolnum,speeding,st_colcode,st_coldesc,seglanekey,crosswalkkey,hitparkedcar,seriousinjuries
-122.3444844286,47.6833014645864,203333,302857,304097,3751703,Matched,Intersection,24311.0,AURORA AVE N AND N 75TH ST, ,,1,Property Damage Only Collision,Angles,2,0,0,2,0,0,2018-09-20 00:00:00+00,9/20/2018 7:33:00 PM,At Intersection (intersection related),11,"MOTOR VEHICLE STRUCK MOTOR VEHICLE, FRONT END AT ANGLE",True,False,Clear or Partly Cloudy,Dry,Dusk,,,,10.0,Entering at angle,0,0,False,0
-122.344956849591,47.7213917779485,203276,302486,303726,E838841,Matched,Intersection,35840.0,AURORA AVE N AND N 127TH ST, ,,1,Property Damage Only Collision,Left Turn,2,0,0,2,0,0,2018-09-11 00:00:00+00,9/11/2018 12:25:00 PM,At Intersection (intersection related),11,"MOTOR VEHICLE STRUCK MOTOR VEHICLE, FRONT END AT ANGLE",,False,Clear or Partly Cloudy,Dry,Daylight,,,,28.0,From opposite direction - one left turn - one straight,0,0,False,0
-122.331577686352,47.5992007850502,203277,302087,303307,3206770,Matched,Intersection,30506.0,2ND AVE S AND S JACKSON ST, ,,2b,Serious Injury Collision,Cycles,2,1,1,0,1,0,2018-09-12 00:00:00+00,9/12/2018 12:22:00 PM,At Intersection (intersection related),64,PEDALCYCLIST STRUCK PEDESTRIAN,,False,Clear or Partly Cloudy,Dry,Daylight,True,,,7.0,Pedalcyclist Strikes Pedalcyclist or Pedestrian,0,524965,False,1
-122.314910410956,47.5264408888266,203278,302481,303721,3745642,Matched,Intersection,35097.0,14TH AVE S AND S CLOVERDALE ST, ,,2,Injury Collision,Rear Ended,2,0,0,2,1,0,2018-08-30 00:00:00+00,8/30/2018 1:27:00 PM,At Intersection (but not related to intersection),14,"MOTOR VEHICLE STRUCK MOTOR VEHICLE, REAR END",True,False,Clear or Partly Cloudy,Dry,Daylight,,,,14.0,From same direction - both going straight - one stopped - rear-end,0,0,False,0
-122.333660383839,47.6077465033072,203281,302084,303304,3814938,Matched,Block,,SENECA ST BETWEEN 4TH AVE AND 5TH AVE, ,,1,Property Damage Only Collision,Sideswipe,2,0,0,2,0,0,2018-09-12 00:00:00+00,9/12/2018 8:45:00 AM,Mid-Block (not related to intersection),16,"MOTOR VEHICLE STRUCK MOTOR VEHICLE, LEFT SIDE SIDESWIPE",True,False,Clear or Partly Cloudy,Dry,Daylight,,,,11.0,From same direction - both going straight - both moving - sideswipe,0,0,False,0
-122.287079859715,47.6830451707486,203282,302284,303504,E838271,Matched,Block,,NE 75TH ST BETWEEN 38TH AVE NE AND 39TH AVE NE, ,,2,Injury Collision,Angles,2,0,0,2,1,0,2018-09-15 00:00:00+00,9/15/2018 7:19:00 PM,Mid-Block (not related to intersection),11,"MOTOR VEHICLE STRUCK MOTOR VEHICLE, FRONT END AT ANGLE",,False,Raining,Wet,Daylight,,,,10.0,Entering at angle,0,0,False,0
-122.321438928664,47.5475029545226,203283,302634,303874,E840070,Matched,Intersection,33135.0,CORSON AVE S AND S MICHIGAN ST, ,,1,Property Damage Only Collision,Angles,2,0,0,2,0,0,2018-09-19 00:00:00+00,9/19/2018 1:43:00 PM,At Intersection (intersection related),11,"MOTOR VEHICLE STRUCK MOTOR VEHICLE, FRONT END AT ANGLE",,False,Clear or Partly Cloudy,Dry,Daylight,,,,10.0,Entering at angle,0,0,False,0
-122.313585227569,47.5985670574067,203285,302629,303869,E839208,Matched,Block,,RAINIER AVE S BETWEEN S JACKSON PL AND S KING ST, ,,1,Property Damage Only Collision,Rear Ended,3,0,0,2,0,0,2018-09-17 00:00:00+00,9/17/2018 4:30:00 PM,Mid-Block (not related to intersection),14,"MOTOR VEHICLE STRUCK MOTOR VEHICLE, REAR END",,False,Clear or Partly Cloudy,Dry,Daylight,,,,14.0,From same direction - both going straight - one stopped - rear-end,0,0,False,0
-122.368610622809,47.6640180995256,203287,302479,303719,3733760,Matched,Block,,9TH AVE NW BETWEEN NW 48TH ST AND NW 49TH ST, ,,1,Property Damage Only Collision,Parked Car,2,0,0,2,0,0,2018-08-29 00:00:00+00,8/29/2018 6:20:00 PM,Mid-Block (not related to intersection),11,"MOTOR VEHICLE STRUCK MOTOR VEHICLE, FRONT END AT ANGLE",,False,Unknown,Unknown,Dusk,,,,32.0,One parked--one moving,0,0,True,0
-122.326187234069,47.6607821808183,203288,302484,303724,3751601,Matched,Block,,THACKERAY PL NE BETWEEN NE 44TH ST AND NE 45TH ST,NEI,"Not Enough Information, or Insufficient Location Information",1,Property Damage Only Collision,Parked Car,2,0,0,2,0,0,2018-08-30 00:00:00+00,8/30/2018 6:15:00 PM,,0,NOT ENOUGH INFORMATION / NOT APPLICABLE,,False,Clear or Partly Cloudy,Dry,Daylight,,,,32.0,One parked--one moving,0,0,True,0
-122.344343383185,47.6115040014057,203289,302082,303302,3810787,Matched,Block,,LENORA ST BETWEEN WESTERN AVE AND 1ST AVE, ,,1,Property Damage Only Collision,Parked Car,2,0,0,2,0,0,2018-08-21 00:00:00+00,8/21/2018 7:00:00 PM,Mid-Block (not related to intersection),14,"MOTOR VEHICLE STRUCK MOTOR VEHICLE, REAR END",True,False,Unknown,Unknown,Unknown,,,,32.0,One parked--one moving,0,0,True,0
-122.334789789004,47.6185194717232,203290,302079,303299,3811526,Matched,Block,,DENNY WAY BETWEEN BOREN AVE AND FAIRVIEW AVE, ,,2,Injury Collision,Sideswipe,2,0,0,2,1,0,2018-08-19 00:00:00+00,8/19/2018 1:17:00 PM,Mid-Block (not related to intersection),11,"MOTOR VEHICLE STRUCK MOTOR VEHICLE, FRONT END AT ANGLE",,False,Clear or Partly Cloudy,Dry,Daylight,,,,11.0,From same direction - both going straight - both moving - sideswipe,0,0,False,0
-122.331983505372,47.6017187039659,203291,302632,303872,E839558,Matched,Intersection,30488.0,2ND AVE AND YESLER WAY, ,,1,Property Damage Only Collision,Rear Ended,2,0,0,2,0,0,2018-09-07 00:00:00+00,9/7/2018 2:55:00 PM,At Intersection (intersection related),14,"MOTOR VEHICLE STRUCK MOTOR VEHICLE, REAR END",,False,Clear or Partly Cloudy,Dry,Daylight,,,,14.0,From same direction - both going straight - one stopped - rear-end,0,0,False,0
-122.314876626784,47.6939950358543,203292,302283,303503,E836832,Matched,Intersection,37531.0,12TH AVE NE AND NE 90TH ST, ,,2,Injury Collision,Other,3,0,0,2,1,0,2018-08-31 00:00:00+00,8/31/2018 12:08:00 PM,At Intersection (intersection related),11,"MOTOR VEHICLE STRUCK MOTOR VEHICLE, FRONT END AT ANGLE",True,False,Clear or Partly Cloudy,Dry,Daylight,,,,52.0,Vehicle overturned,0,0,False,0
-122.298784080248,47.6975195653506,203293,302627,303867,E840065,Matched,Intersection,37643.0,27TH AVE NE AND NE 95TH ST, ,,2,Injury Collision,Angles,4,0,0,2,2,0,2018-09-11 00:00:00+00,9/11/2018 8:04:00 AM,At Intersection (intersection related),11,"MOTOR VEHICLE STRUCK MOTOR VEHICLE, FRONT END AT ANGLE",,False,Clear or Partly Cloudy,Dry,Daylight,,,,10.0,Entering at angle,0,0,False,0
-122.323017793578,47.6112117812603,203296,302482,303722,3746666,Matched,Block,,SPRING ST BETWEEN SUMMIT AVE AND BOYLSTON AVE, ,,1,Property Damage Only Collision,Parked Car,2,0,0,2,0,0,2018-08-27 00:00:00+00,8/27/2018 9:30:00 PM,Mid-Block (not related to intersection),14,"MOTOR VEHICLE STRUCK MOTOR VEHICLE, REAR END",True,False,Clear or Partly Cloudy,Dry,Dark - Street Lights On,,,,32.0,One parked--one moving,0,0,True,0
-122.317765950187,47.6589112492149,203298,302287,303507,E828084,Matched,Block,,ROOSEVELT WAY NE BETWEEN NE 42ND N ST AND NE 43RD S ST,NEI,"Not Enough Information, or Insufficient Location Information",1,Property Damage Only Collision,Other,1,0,0,1,0,0,2018-08-14 00:00:00+00,8/14/2018 7:39:00 AM,Mid-Block (not related to intersection),0,NOT ENOUGH INFORMATION / NOT APPLICABLE,True,False,Clear or Partly Cloudy,Dry,Daylight,,,,50.0,Fixed object,0,0,False,0
-122.367793190656,47.690647705667,203299,301930,303150,E807746,Matched,Block,,NW 85TH ST BETWEEN DIBBLE AVE NW AND 9TH AVE NW, ,,2,Injury Collision,Rear Ended,2,0,0,2,1,0,2018-06-13 00:00:00+00,6/13/2018 12:51:00 PM,Mid-Block (not related to intersection),14,"MOTOR VEHICLE STRUCK MOTOR VEHICLE, REAR END",True,True,Overcast,Wet,Daylight,,,True,13.0,From same direction - both going straight - both moving - rear-end,0,0,False,0
-122.37810036699,47.5210788441544,203300,302282,303502,E836820,Matched,Intersection,34742.0,36TH AVE SW AND SW BARTON ST, ,,2,Injury Collision,Left Turn,2,0,0,2,1,0,2018-08-31 00:00:00+00,8/31/2018 6:10:00 PM,At Intersection (intersection related),11,"MOTOR VEHICLE STRUCK MOTOR VEHICLE, FRONT END AT ANGLE",,False,Clear or Partly Cloudy,Dry,Dusk,,,,28.0,From opposite direction - one left turn - one straight,0,0,False,0
-122.377546710252,47.6694441794019,203301,302485,303725,3754195,Matched,Block,,NW 56TH ST BETWEEN 15TH AVE NW AND 17TH AVE NW, ,,1,Property Damage Only Collision,Parked Car,2,0,0,2,0,0,2018-08-30 00:00:00+00,8/30/2018 11:30:00 AM,Mid-Block (not related to intersection),14,"MOTOR VEHICLE STRUCK MOTOR VEHICLE, REAR END",,False,Clear or Partly Cloudy,Dry,Daylight,,,,32.0,One parked--one moving,0,0,True,0
-122.355348859957,47.6951209228705,203302,302630,303870,E840067,Matched,Block,,GREENWOOD AVE N BETWEEN N 90TH ST AND N 92ND ST, ,,2,Injury Collision,Angles,4,0,0,2,1,0,2018-09-14 00:00:00+00,9/14/2018 9:30:00 AM,Mid-Block (not related to intersection),11,"MOTOR VEHICLE STRUCK MOTOR VEHICLE, FRONT END AT ANGLE",True,False,Clear or Partly Cloudy,Dry,Daylight,,,,10.0,Entering at angle,0,0,False,0
-122.339575391999,47.5717015609224,203304,302480,303720,3742444,Matched,Block,,S SPOKANE NR ST BETWEEN EAST MARGINAL WAY S AND EAST MARGINAL ER WAY S, ,,1,Property Damage Only Collision,Rear Ended,4,0,0,2,0,0,2018-08-29 00:00:00+00,8/29/2018 8:25:00 PM,Mid-Block (not related to intersection),14,"MOTOR VEHICLE STRUCK MOTOR VEHICLE, REAR END",,False,Clear or Partly Cloudy,Dry,Dark - No Street Lights,,,,13.0,From same direction - both going straight - both moving - rear-end,0,0,False,0
-122.330465293912,47.5443864916212,203305,302286,303506,E827788,Matched,Block,,EAST MARGINAL WAY S BETWEEN S MICHIGAN ST AND 4TH AVE S, ,,2,Injury Collision,Rear Ended,7,0,0,3,2,0,2018-08-02 00:00:00+00,8/2/2018 8:30:00 AM,Mid-Block (not related to intersection),14,"MOTOR VEHICLE STRUCK MOTOR VEHICLE, REAR END",True,False,Raining,Wet,Daylight,,,,14.0,From same direction - both going straight - one stopped - rear-end,0,0,False,0
-122.328316233791,47.6000350458197,203306,300153,301353,E822982,Matched,Block,,S MAIN ST BETWEEN 4TH AVE S AND 5TH AVE S, ,,1,Property Damage Only Collision,Angles,2,0,0,2,0,0,2018-07-20 00:00:00+00,7/20/2018 7:09:00 AM,Mid-Block (but intersection related),14,"MOTOR VEHICLE STRUCK MOTOR VEHICLE, REAR END",True,False,Overcast,Dry,Daylight,,,,10.0,Entering at angle,0,0,False,0
-122.331929367589,47.6050167415146,203307,300288,301488,3705917,Matched,Block,,4TH AVE BETWEEN COLUMBIA ST AND MARION ST, ,,1,Property Damage Only Collision,Left Turn,2,0,0,2,0,0,2018-08-11 00:00:00+00,8/11/2018 10:01:00 PM,Mid-Block (not related to intersection),11,"MOTOR VEHICLE STRUCK MOTOR VEHICLE, FRONT END AT ANGLE",,False,Clear or Partly Cloudy,Dry,Dark - Street Lights On,,,,15.0,From same direction - one left turn - one straight,0,0,False,0
-122.346600901481,47.6163572736484,203308,299974,301174,E822604,Matched,Block,,WALL ST BETWEEN 3RD AVE AND 4TH AVE, ,,1,Property Damage Only Collision,Left Turn,2,0,0,2,0,0,2018-07-13 00:00:00+00,7/13/2018 10:55:00 AM,Driveway Junction,11,"MOTOR VEHICLE STRUCK MOTOR VEHICLE, FRONT END AT ANGLE",,False,Clear or Partly Cloudy,Dry,Daylight,,,,15.0,From same direction - one left turn - one straight,0,0,False,0
-122.31319753256,47.5342672535645,203309,299592,300792,3810705,Matched,Intersection,34391.0,16TH AVE S AND EAST MARGINAL WAY S, ,,1,Property Damage Only Collision,Other,1,0,0,1,0,0,2018-07-24 00:00:00+00,7/24/2018 7:49:00 AM,At Intersection (intersection related),28,MOTOR VEHICLE RAN OFF ROAD - HIT FIXED OBJECT,,False,Clear or Partly Cloudy,Dry,Daylight,,,,50.0,Fixed object,0,0,False,0
-122.316181784793,47.707867867031,203311,300155,301355,E823240,Matched,Block,,11TH AVE NE BETWEEN NE 108TH ST AND NE NORTHGATE WAY, ,,2,Injury Collision,Other,2,0,0,2,1,0,2018-07-30 00:00:00+00,7/30/2018 4:14:00 PM,Mid-Block (not related to intersection),11,"MOTOR VEHICLE STRUCK MOTOR VEHICLE, FRONT END AT ANGLE",,False,Clear or Partly Cloudy,Dry,Daylight,,,,23.0,From same direction - all others,0,0,False,0
-122.333172245935,47.6030193934401,203312,299969,301169,3811791,Matched,Intersection,30355.0,2ND AVE AND CHERRY ST, ,,2,Injury Collision,Cycles,2,1,1,0,1,0,2018-08-06 00:00:00+00,8/6/2018 10:59:00 PM,At Intersection (intersection related),64,PEDALCYCLIST STRUCK PEDESTRIAN,,False,Clear or Partly Cloudy,Dry,Dark - Street Lights On,,,,7.0,Pedalcyclist Strikes Pedalcyclist or Pedestrian,0,0,False,0
-122.272647172348,47.5511518036634,203313,299591,300791,3810680,Matched,Intersection,33509.0,48TH AVE S AND S ORCAS ST, ,,2b,Serious Injury Collision,Angles,2,0,0,2,2,0,2018-07-22 00:00:00+00,7/22/2018 4:15:00 PM,At Intersection (intersection related),11,"MOTOR VEHICLE STRUCK MOTOR VEHICLE, FRONT END AT ANGLE",,False,Clear or Partly Cloudy,Dry,Daylight,,,,10.0,Entering at angle,0,0,False,1
-122.279908634684,47.5278726535932,203314,299590,300790,3810679,Matched,Intersection,487282.0,M L KING JR ER WAY S AND S THISTLE ST, ,,1,Property Damage Only Collision,Angles,2,0,0,2,0,0,2018-07-21 00:00:00+00,7/21/2018 9:39:00 PM,At Intersection (intersection related),11,"MOTOR VEHICLE STRUCK MOTOR VEHICLE, FRONT END AT ANGLE",,False,Clear or Partly Cloudy,Dry,Dark - Street Lights On,,,,10.0,Entering at angle,0,0,False,0
-122.329103075907,47.5716778655723,203315,300151,301351,3708524,Matched,Intersection,32356.0,4TH AVE S AND S SPOKANE NR ST, ,,2,Injury Collision,Rear Ended,2,0,0,2,1,0,2018-08-03 00:00:00+00,8/3/2018 3:45:00 PM,At Intersection (but not related to intersection),14,"MOTOR VEHICLE STRUCK MOTOR VEHICLE, REAR END",,False,Clear or Partly Cloudy,Dry,Daylight,,,,14.0,From same direction - both going straight - one stopped - rear-end,0,0,False,0
-122.376212443946,47.6709012837468,203316,299817,301017,E821084,Matched,Intersection,25403.0,15TH AVE NW AND NW 58TH ST, ,,2,Injury Collision,Rear Ended,2,0,0,2,2,0,2018-06-20 00:00:00+00,6/20/2018 7:56:00 AM,At Intersection (intersection related),14,"MOTOR VEHICLE STRUCK MOTOR VEHICLE, REAR END",,False,Clear or Partly Cloudy,Dry,Daylight,,,,13.0,From same direction - both going straight - both moving - rear-end,0,0,False,0
-122.355815354857,47.5191960467876,203317,300158,301358,3742520,Matched,Block,,SW CAMBRIDGE ST BETWEEN 16TH AVE SW AND 17TH AVE SW, ,,1,Property Damage Only Collision,Angles,2,0,0,2,0,0,2018-08-05 00:00:00+00,8/5/2018 2:31:00 PM,Mid-Block (not related to intersection),11,"MOTOR VEHICLE STRUCK MOTOR VEHICLE, FRONT END AT ANGLE",,False,Clear or Partly Cloudy,Dry,Daylight,,,,10.0,Entering at angle,0,0,False,0
-122.376176887855,47.6447696120254,203318,299972,301172,3811793,Matched,Intersection,27884.0,15TH AVE W AND W ARMOUR ST, ,,1,Property Damage Only Collision,Left Turn,2,0,0,2,0,0,2018-08-07 00:00:00+00,8/7/2018 2:44:00 PM,At Intersection (intersection related),11,"MOTOR VEHICLE STRUCK MOTOR VEHICLE, FRONT END AT ANGLE",,False,Clear or Partly Cloudy,Dry,Daylight,,,,28.0,From opposite direction - one left turn - one straight,0,0,False,0
-122.281293190694,47.5370423043785,203319,299589,300789,3810677,Matched,Intersection,34562.0,M L KING JR WR WAY S AND S OTHELLO ST, ,,2,Injury Collision,Left Turn,3,0,0,2,3,0,2018-07-20 00:00:00+00,7/20/2018 5:31:00 PM,At Intersection (intersection related),11,"MOTOR VEHICLE STRUCK MOTOR VEHICLE, FRONT END AT ANGLE",True,False,Clear or Partly Cloudy,Dry,Daylight,,,,28.0,From opposite direction - one left turn - one straight,0,0,False,0
-122.296473591448,47.5389639096402,203321,299588,300788,3810621,Matched,Intersection,34344.0,BEACON WR AVE S AND S MYRTLE ST, ,,1,Property Damage Only Collision,Left Turn,3,0,0,2,0,0,2018-07-22 00:00:00+00,7/22/2018 7:32:00 PM,At Intersection (intersection related),11,"MOTOR VEHICLE STRUCK MOTOR VEHICLE, FRONT END AT ANGLE",,False,Clear or Partly Cloudy,Dry,Daylight,,,,28.0,From opposite direction - one left turn - one straight,0,0,False,0
-122.269990421078,47.5315824088859,203322,299587,300787,3810617,Matched,Intersection,34511.0,RAINIER AVE S AND S KENYON ST, ,,1,Property Damage Only Collision,Angles,2,0,0,2,0,0,2018-07-19 00:00:00+00,7/19/2018 3:44:00 PM,At Intersection (intersection related),11,"MOTOR VEHICLE STRUCK MOTOR VEHICLE, FRONT END AT ANGLE",,True,Clear or Partly Cloudy,Dry,Daylight,,,,10.0,Entering at angle,0,0,False,0
-122.345653456998,47.6140398228033,203323,299586,300786,3784694,Matched,Intersection,29702.0,2ND AVE AND BELL ST, ,,1,Property Damage Only Collision,Sideswipe,2,0,0,2,0,0,2018-07-12 00:00:00+00,7/12/2018 1:07:00 AM,At Intersection (intersection related),16,"MOTOR VEHICLE STRUCK MOTOR VEHICLE, LEFT SIDE SIDESWIPE",,False,Clear or Partly Cloudy,Dry,Dark - Street Lights On,,,,11.0,From same direction - both going straight - both moving - sideswipe,0,0,False,0
-122.295319713119,47.7191325466409,203325,300154,301354,E823239,Matched,Block,,LAKE CITY WAY NE BETWEEN 31ST AVE NE AND NE 125TH ST, ,,1,Property Damage Only Collision,Rear Ended,2,0,0,2,0,0,2018-07-26 00:00:00+00,7/26/2018 2:47:00 PM,Mid-Block (but intersection related),14,"MOTOR VEHICLE STRUCK MOTOR VEHICLE, REAR END",,False,Clear or Partly Cloudy,Dry,Daylight,,,,14.0,From same direction - both going straight - one stopped - rear-end,0,0,False,0
-122.306858215105,47.6907684382226,203326,300156,301356,E823278,Matched,Block,,20TH AVE NE BETWEEN NE 85TH ST AND LAKE CITY WAY NE, ,,2,Injury Collision,Rear Ended,3,0,0,2,1,0,2018-07-25 00:00:00+00,7/25/2018 3:11:00 PM,Mid-Block (but intersection related),14,"MOTOR VEHICLE STRUCK MOTOR VEHICLE, REAR END",True,False,Clear or Partly Cloudy,Dry,Daylight,,,,14.0,From same direction - both going straight - one stopped - rear-end,0,0,False,0
-122.332697294712,47.6125660915478,203328,299975,301175,3812090,Matched,Block,,8TH AVE BETWEEN PIKE ST AND PINE ST, ,,2,Injury Collision,Pedestrian,2,0,1,1,1,0,2018-08-07 00:00:00+00,8/7/2018 5:15:00 PM,Mid-Block (not related to intersection),18,"MOTOR VEHICLE STRUCK PEDALCYCLIST, FRONT END AT ANGLE",,False,Clear or Partly Cloudy,Dry,Daylight,,,,5.0,Vehicle Strikes Pedalcyclist,0,0,False,0
-122.317456960598,47.6815539309711,203329,302859,304099,3754394,Matched,Intersection,24446.0,ROOSEVELT WAY NE AND NE 73RD ST, ,,2,Injury Collision,Left Turn,2,0,0,2,1,0,2018-09-19 00:00:00+00,9/19/2018 10:04:00 AM,At Intersection (intersection related),11,"MOTOR VEHICLE STRUCK MOTOR VEHICLE, FRONT END AT ANGLE",True,False,Clear or Partly Cloudy,Dry,Daylight,,,,15.0,From same direction - one left turn - one straight,0,0,False,0
-122.367022197825,47.6255916423364,203331,299970,301170,3811792,Matched,Block,,ELLIOTT AVE W BETWEEN W MERCER ST AND W MERCER PL, ,,1,Property Damage Only Collision,Sideswipe,2,0,0,2,0,0,2018-08-06 00:00:00+00,8/6/2018 3:38:00 PM,Mid-Block (not related to intersection),11,"MOTOR VEHICLE STRUCK MOTOR VEHICLE, FRONT END AT ANGLE",True,False,Clear or Partly Cloudy,Dry,Daylight,,,,11.0,From same direction - both going straight - both moving - sideswipe,0,0,False,0
-122.376627477778,47.5326406043795,203336,300287,301487,3626842,Matched,Block,,35TH AVE SW BETWEEN SW HOLDEN S ST AND SW KENYON ST, ,,2,Injury Collision,Rear Ended,6,0,0,3,1,0,2018-08-11 00:00:00+00,8/11/2018 11:48:00 AM,Mid-Block (not related to intersection),14,"MOTOR VEHICLE STRUCK MOTOR VEHICLE, REAR END",True,False,Overcast,Wet,Daylight,,,,14.0,From same direction - both going straight - one stopped - rear-end,0,0,False,0
-122.334254881489,47.6185172883102,203337,299973,301173,3811803,Matched,Intersection,29504.0,DENNY WAY AND FAIRVIEW AVE, ,,2,Injury Collision,Angles,2,0,0,2,1,0,2018-08-06 00:00:00+00,8/6/2018 10:17:00 PM,At Intersection (intersection related),11,"MOTOR VEHICLE STRUCK MOTOR VEHICLE, FRONT END AT ANGLE",True,False,Clear or Partly Cloudy,Dry,Dark - Street Lights On,,,,10.0,Entering at angle,0,0,False,0
-122.319342869162,47.6758461452344,203338,302856,304096,3751701,Matched,Intersection,24496.0,WEEDIN PL NE AND NE 65TH ST, ,,1,Property Damage Only Collision,Left Turn,2,0,0,2,0,0,2018-09-20 00:00:00+00,9/20/2018 9:27:00 AM,At Intersection (intersection related),11,"MOTOR VEHICLE STRUCK MOTOR VEHICLE, FRONT END AT ANGLE",,False,Overcast,Dry,Daylight,,,,28.0,From opposite direction - one left turn - one straight,0,0,False,0
-122.347779547649,47.732314179686,203339,302855,304095,3751680,Matched,Intersection,35784.0,LINDEN AVE N AND N 143RD ST, ,,1,Property Damage Only Collision,Angles,4,0,0,2,0,0,2018-09-19 00:00:00+00,9/19/2018 11:31:00 PM,At Intersection (intersection related),11,"MOTOR VEHICLE STRUCK MOTOR VEHICLE, FRONT END AT ANGLE",,False,Overcast,Wet,Dark - Street Lights On,,,,10.0,Entering at angle,0,0,False,0
-122.386159986758,47.6752877492206,203340,299824,301024,E822290,Matched,Block,,NW 64TH ST BETWEEN 22ND AVE NW AND 24TH AVE NW, ,,1,Property Damage Only Collision,Parked Car,2,0,0,2,0,0,2018-07-04 00:00:00+00,7/4/2018 12:15:00 AM,Mid-Block (not related to intersection),11,"MOTOR VEHICLE STRUCK MOTOR VEHICLE, FRONT END AT ANGLE",,False,Clear or Partly Cloudy,Dry,Dark - Street Lights On,,,,32.0,One parked--one moving,0,0,False,0
-122.297400774944,47.7156139858331,203341,302854,304094,3746648,Matched,Intersection,36622.0,LAKE CITY WAY NE AND NE 120TH ST, ,,1,Property Damage Only Collision,Angles,2,0,0,2,0,0,2018-09-22 00:00:00+00,9/22/2018 3:01:00 PM,At Intersection (intersection related),11,"MOTOR VEHICLE STRUCK MOTOR VEHICLE, FRONT END AT ANGLE",,False,Clear or Partly Cloudy,Dry,Daylight,,,,10.0,Entering at angle,0,0,False,0
-122.332655375448,47.7086545157149,203342,299818,301018,3751103,Matched,Block,,N NORTHGATE WAY BETWEEN MERIDIAN AVE N AND CORLISS AVE N, ,,2,Injury Collision,Cycles,2,0,1,1,1,0,2018-07-30 00:00:00+00,7/30/2018 7:45:00 PM,Driveway Junction,18,"MOTOR VEHICLE STRUCK PEDALCYCLIST, FRONT END AT ANGLE",,False,Clear or Partly Cloudy,Dry,Daylight,True,,,6.0,Pedalcyclist Strikes Moving Vehicle,0,0,False,0
-122.318397716096,47.6631245414404,203343,302853,304093,3746646,Matched,Intersection,25799.0,9TH AVE NE AND NE 47TH ST, ,,1,Property Damage Only Collision,Parked Car,3,0,0,3,0,0,2018-09-22 00:00:00+00,9/22/2018 4:30:00 AM,At Intersection (intersection related),26,MOTOR VEHICLE STRUCK OBJECT IN ROAD,,False,Overcast,Wet,Dark - Street Lights On,,,,32.0,One parked--one moving,0,0,False,0
-122.263838482621,47.6838847116669,203346,300157,301357,E823279,Matched,Block,,SAND POINT WAY NE BETWEEN NE 75TH ST AND NE 77TH ST, ,,2,Injury Collision,Rear Ended,6,0,0,3,2,0,2018-07-30 00:00:00+00,7/30/2018 2:33:00 PM,Mid-Block (but intersection related),14,"MOTOR VEHICLE STRUCK MOTOR VEHICLE, REAR END",True,False,Clear or Partly Cloudy,Dry,Daylight,,,,14.0,From same direction - both going straight - one stopped - rear-end,0,0,False,0
-122.331577686352,47.5992007850502,203347,299971,301171,E822608,Matched,Intersection,30506.0,2ND AVE S AND S JACKSON ST, ,,1,Property Damage Only Collision,Left Turn,2,0,0,2,0,0,2018-07-26 00:00:00+00,7/26/2018 11:23:00 AM,At Intersection (intersection related),11,"MOTOR VEHICLE STRUCK MOTOR VEHICLE, FRONT END AT ANGLE",,False,Clear or Partly Cloudy,Dry,Daylight,,,,15.0,From same direction - one left turn - one straight,0,0,False,0
-122.3172279786,47.5983375933154,203348,299976,301176,3812094,Matched,Intersection,30430.0,12TH AVE S AND S KING ST, ,,2,Injury Collision,Right Turn,3,0,0,2,2,0,2018-08-08 00:00:00+00,8/8/2018 10:47:00 PM,At Intersection (but not related to intersection),11,"MOTOR VEHICLE STRUCK MOTOR VEHICLE, FRONT END AT ANGLE",True,False,Clear or Partly Cloudy,Dry,Dark - Street Lights On,,,,16.0,From same direction - one right turn - one straight,0,0,False,0
-122.342280211034,47.7232107150464,203349,302852,304092,3705961,Matched,Intersection,35762.0,STONE AVE N AND N 130TH ST, ,,2,Injury Collision,Angles,2,0,0,2,1,0,2018-09-24 00:00:00+00,9/24/2018 7:28:00 AM,At Intersection (intersection related),11,"MOTOR VEHICLE STRUCK MOTOR VEHICLE, FRONT END AT ANGLE",,False,Clear or Partly Cloudy,Dry,Daylight,,,,10.0,Entering at angle,0,0,False,0
-122.377551553654,47.665707006471,203350,299821,301021,E821166,Matched,Block,,NW 51ST ST BETWEEN 15TH AVE NW AND 17TH AVE NW, ,,1,Property Damage Only Collision,Angles,2,0,0,2,0,0,2018-07-04 00:00:00+00,7/4/2018 5:58:00 PM,Driveway Junction,11,"MOTOR VEHICLE STRUCK MOTOR VEHICLE, FRONT END AT ANGLE",,False,Overcast,Dry,Daylight,,,,10.0,Entering at angle,0,0,False,0
-122.313585227569,47.5985670574067,203352,301525,302765,E832972,Matched,Block,,RAINIER AVE S BETWEEN S JACKSON PL AND S KING ST, ,,1,Property Damage Only Collision,Rear Ended,3,0,0,2,0,0,2018-08-25 00:00:00+00,8/25/2018 4:10:00 PM,Mid-Block (not related to intersection),14,"MOTOR VEHICLE STRUCK MOTOR VEHICLE, REAR END",,False,Clear or Partly Cloudy,Dry,Daylight,,,,14.0,From same direction - both going straight - one stopped - rear-end,0,0,False,0