longitude,latitude,objectid,inckey,coldetkey,reportno,status,addrtype,intkey,location,exceptrsncode,exceptrsndesc,severitycode,severitydesc,collisiontype,personcount,pedcount,pedcylcount,vehcount,injuries,fatalities,incdate,incdttm,junctiontype,sdot_colcode,sdot_coldesc,inattentionind,underinfl,weather,roadcond,lightcond,pedrownotgrnt,sdotcolnum,speeding,st_colcode,st_coldesc,seglanekey,crosswalkkey,hitparkedcar,seriousinjuries
-122.32507132723,47.5949959433586,203353,301768,302988,E831985,Matched,Intersection,30546.0,MAYNARD AVE S AND S CHARLES ST, ,,2,Injury Collision,Angles,2,0,0,2,1,0,2018-08-13 00:00:00+00,8/13/2018 10:43:00 PM,At Intersection (intersection related),11,"MOTOR VEHICLE STRUCK MOTOR VEHICLE, FRONT END AT ANGLE",,False,Clear or Partly Cloudy,Dry,Dark - Street Lights On,,,,10.0,Entering at angle,0,0,False,0
-122.334199284487,47.582938394777,203354,301520,302760,E832816,Matched,Block,,1ST AVE S BETWEEN S WALKER ST AND S STACY ST, ,,2,Injury Collision,Rear Ended,2,0,0,2,1,0,2018-07-30 00:00:00+00,7/30/2018 6:42:00 AM,Mid-Block (not related to intersection),14,"MOTOR VEHICLE STRUCK MOTOR VEHICLE, REAR END",,False,Clear or Partly Cloudy,Dry,Daylight,,,,14.0,From same direction - both going straight - one stopped - rear-end,0,0,False,0
-122.346514313122,47.5337516536302,203355,300664,301878,3742439,Matched,Block,,SW HOLDEN ST BETWEEN 8TH AVE SW AND HIGHLAND PK S WAY SW, ,,1,Property Damage Only Collision,Other,1,0,0,1,0,0,2018-08-19 00:00:00+00,8/19/2018 2:44:00 AM,Mid-Block (not related to intersection),28,MOTOR VEHICLE RAN OFF ROAD - HIT FIXED OBJECT,,False,Clear or Partly Cloudy,Dry,Dark - Street Lights On,,,,50.0,Fixed object,0,0,False,0
-122.276577211665,47.5242540847677,203356,300927,302147,E830648,Matched,Intersection,35264.0,RENTON AVE S AND S TRENTON ST, ,,1,Property Damage Only Collision,Angles,2,0,0,2,0,0,2018-07-22 00:00:00+00,7/22/2018 2:12:00 PM,At Intersection (intersection related),11,"MOTOR VEHICLE STRUCK MOTOR VEHICLE, FRONT END AT ANGLE",,False,Clear or Partly Cloudy,Dry,Daylight,,,,10.0,Entering at angle,0,0,False,0
-122.334198303058,47.5850426824454,203357,300957,302177,E830323,Matched,Block,,1ST AVE S BETWEEN S HOLGATE ST AND S WALKER ST, ,,1,Property Damage Only Collision,Parked Car,2,0,0,2,0,0,2018-08-21 00:00:00+00,8/21/2018 12:00:00 PM,Mid-Block (not related to intersection),14,"MOTOR VEHICLE STRUCK MOTOR VEHICLE, REAR END",True,False,Clear or Partly Cloudy,Dry,Daylight,,,,32.0,One parked--one moving,0,0,True,0
-122.289055312959,47.5534603018457,203359,300496,301696,E826335,Matched,Intersection,33598.0,M L KING JR ER WAY S AND S BRANDON ST, ,,2,Injury Collision,Rear Ended,2,0,0,2,1,0,2018-08-09 00:00:00+00,8/9/2018 3:48:00 PM,At Intersection (intersection related),14,"MOTOR VEHICLE STRUCK MOTOR VEHICLE, REAR END",True,False,Clear or Partly Cloudy,Dry,Daylight,,,,14.0,From same direction - both going straight - one stopped - rear-end,0,0,False,0
-122.345366471501,47.7050532629518,203360,301523,302763,E832613,Matched,Block,,N 105TH ST BETWEEN WHITMAN AVE N AND AURORA AVE N, ,,1,Property Damage Only Collision,Sideswipe,2,0,0,2,0,0,2018-08-21 00:00:00+00,8/21/2018 12:56:00 PM,Mid-Block (but intersection related),11,"MOTOR VEHICLE STRUCK MOTOR VEHICLE, FRONT END AT ANGLE",,False,Clear or Partly Cloudy,Dry,Daylight,,,,12.0,From same direction - both going straight - one stopped - sideswipe,0,0,False,0
-122.355164901271,47.5173603810088,203361,300668,301882,3742473,Matched,Intersection,35058.0,DELRIDGE WAY SW AND SW ROXBURY ST, ,,1,Property Damage Only Collision,Rear Ended,3,0,0,3,0,0,2018-08-15 00:00:00+00,8/15/2018 4:52:00 PM,At Intersection (but not related to intersection),14,"MOTOR VEHICLE STRUCK MOTOR VEHICLE, REAR END",True,False,Clear or Partly Cloudy,Dry,Daylight,,,,14.0,From same direction - both going straight - one stopped - rear-end,0,0,False,0
-122.322409560357,47.6383859011786,203362,301766,302986,E831398,Matched,Intersection,28240.0,HARVARD AVE E AND E BOSTON ST, ,,2,Injury Collision,Other,2,0,0,1,1,0,2018-08-09 00:00:00+00,8/9/2018 6:24:00 PM,At Intersection (intersection related),28,MOTOR VEHICLE RAN OFF ROAD - HIT FIXED OBJECT,,False,Clear or Partly Cloudy,Dry,Daylight,,,,50.0,Fixed object,0,0,False,0
-122.386666423813,47.5781533768509,203363,300979,302199,E830553,Matched,Block,,CALIFORNIA AVE SW BETWEEN SW LANDER ST AND SW STEVENS ST, ,,1,Property Damage Only Collision,Parked Car,2,0,0,2,0,0,2018-08-19 00:00:00+00,8/19/2018 4:00:00 PM,Mid-Block (not related to intersection),11,"MOTOR VEHICLE STRUCK MOTOR VEHICLE, FRONT END AT ANGLE",,True,Clear or Partly Cloudy,Dry,Daylight,,,,32.0,One parked--one moving,0,0,True,0
-122.3072724119,47.7203026111342,203364,300495,301695,E826419,Matched,Block,,20TH AVE NE BETWEEN NE 125TH ST AND NE 127TH ST, ,,2,Injury Collision,Rear Ended,2,0,0,2,1,0,2018-08-08 00:00:00+00,8/8/2018 7:13:00 PM,Mid-Block (not related to intersection),14,"MOTOR VEHICLE STRUCK MOTOR VEHICLE, REAR END",True,False,Clear or Partly Cloudy,Dry,Daylight,,,,14.0,From same direction - both going straight - one stopped - rear-end,0,0,False,0
-122.350465546695,47.6133669632782,203365,300930,302150,E831316,Matched,Intersection,29697.0,ELLIOTT AVE AND WALL ST, ,,2,Injury Collision,Angles,2,0,0,2,1,0,2018-08-20 00:00:00+00,8/20/2018 8:22:00 AM,At Intersection (intersection related),11,"MOTOR VEHICLE STRUCK MOTOR VEHICLE, FRONT END AT ANGLE",,False,Clear or Partly Cloudy,Dry,Daylight,,,,10.0,Entering at angle,0,0,False,0
-122.379687746415,47.5625656767339,203366,300494,301694,E826343,Matched,Block,,FAUNTLEROY WAY SW BETWEEN SW OREGON ST AND 38TH AVE SW, ,,2,Injury Collision,Rear Ended,4,0,0,3,1,0,2018-08-09 00:00:00+00,8/9/2018 3:19:00 PM,Mid-Block (not related to intersection),14,"MOTOR VEHICLE STRUCK MOTOR VEHICLE, REAR END",,False,Clear or Partly Cloudy,Dry,Daylight,,,,14.0,From same direction - both going straight - one stopped - rear-end,0,0,False,0
-122.285282668694,47.6884234937493,203367,300493,301693,3751580,Matched,Intersection,24891.0,40TH AVE NE AND NE 82ND ST, ,,1,Property Damage Only Collision,Angles,3,0,0,3,0,0,2018-08-20 00:00:00+00,8/20/2018 7:43:00 AM,At Intersection (intersection related),11,"MOTOR VEHICLE STRUCK MOTOR VEHICLE, FRONT END AT ANGLE",,False,Clear or Partly Cloudy,Dry,Daylight,,,,10.0,Entering at angle,0,0,False,0
-122.373573064507,47.6759549108838,203368,300492,301692,3751577,Matched,Intersection,24206.0,14TH AVE NW AND NW 65TH ST, ,,1,Property Damage Only Collision,Left Turn,2,0,0,2,0,0,2018-08-18 00:00:00+00,8/18/2018 1:25:00 AM,At Intersection (intersection related),11,"MOTOR VEHICLE STRUCK MOTOR VEHICLE, FRONT END AT ANGLE",,False,Clear or Partly Cloudy,Dry,Dark - Street Lights On,,,,28.0,From opposite direction - one left turn - one straight,0,0,False,0
-122.322908584575,47.5268917899358,203369,300667,301881,3742472,Matched,Block,,8TH AVE S BETWEEN S SULLIVAN ST AND S CLOVERDALE ST, ,,1,Property Damage Only Collision,Parked Car,4,0,0,2,0,0,2018-08-14 00:00:00+00,8/14/2018 6:20:00 PM,Mid-Block (not related to intersection),14,"MOTOR VEHICLE STRUCK MOTOR VEHICLE, REAR END",,False,Clear or Partly Cloudy,Dry,Daylight,,,,32.0,One parked--one moving,0,0,False,0
-122.331395053198,47.618507914434,203371,301764,302984,E830611,Matched,Intersection,29169.0,DENNY WAY AND YALE AVE, ,,1,Property Damage Only Collision,Rear Ended,3,0,0,2,0,0,2018-08-17 00:00:00+00,8/17/2018 2:40:00 PM,At Intersection (intersection related),14,"MOTOR VEHICLE STRUCK MOTOR VEHICLE, REAR END",,False,Clear or Partly Cloudy,Dry,Daylight,,,,73.0,Same direction -- both turning right -- both moving -- rear end,0,0,False,0
-122.356746743751,47.6197732603107,203372,301769,302989,E831990,Matched,Intersection,28661.0,JOHN ST AND QUEEN ANNE AVE N, ,,2,Injury Collision,Pedestrian,2,0,1,1,1,0,2018-08-25 00:00:00+00,8/25/2018 12:03:00 AM,At Intersection (intersection related),51,PEDALCYCLIST STRUCK MOTOR VEHICLE FRONT END AT ANGLE,,False,Overcast,Dry,Dark - Street Lights On,,,,5.0,Vehicle Strikes Pedalcyclist,0,0,False,0
-122.325981562457,47.5727081876793,203373,301521,302761,E832817,Matched,Block,,6TH AVE S BETWEEN S HINDS ST AND S SPOKANE NR ST, ,,2,Injury Collision,Parked Car,3,0,0,2,2,0,2018-08-22 00:00:00+00,8/22/2018 8:26:00 AM,Mid-Block (not related to intersection),11,"MOTOR VEHICLE STRUCK MOTOR VEHICLE, FRONT END AT ANGLE",,False,Clear or Partly Cloudy,Dry,Daylight,,,,32.0,One parked--one moving,0,0,True,0
-122.28336649292,47.5557992984497,203374,300491,301691,E826334,Matched,Block,,RAINIER AVE S BETWEEN 39TH N AVE S AND 39TH S AVE S, ,,2,Injury Collision,Rear Ended,2,0,0,2,1,0,2018-08-09 00:00:00+00,8/9/2018 2:46:00 PM,Driveway Junction,14,"MOTOR VEHICLE STRUCK MOTOR VEHICLE, REAR END",,False,Clear or Partly Cloudy,Dry,Daylight,,,,13.0,From same direction - both going straight - both moving - rear-end,0,0,False,0
-122.329091977493,47.6524792850614,203375,300928,302148,E830755,Matched,Intersection,27263.0,EASTERN AVE N AND N PACIFIC ST, ,,1,Property Damage Only Collision,Angles,2,0,0,2,0,0,2018-08-09 00:00:00+00,8/9/2018 10:06:00 PM,At Intersection (intersection related),11,"MOTOR VEHICLE STRUCK MOTOR VEHICLE, FRONT END AT ANGLE",,False,Clear or Partly Cloudy,Dry,Dark - Street Lights On,,,,10.0,Entering at angle,0,0,False,0
-122.334198303058,47.5850426824454,203376,300977,302197,E830324,Matched,Block,,1ST AVE S BETWEEN S HOLGATE ST AND S WALKER ST, ,,2,Injury Collision,Parked Car,2,0,0,2,1,0,2018-08-21 00:00:00+00,8/21/2018 11:11:00 AM,Mid-Block (not related to intersection),11,"MOTOR VEHICLE STRUCK MOTOR VEHICLE, FRONT END AT ANGLE",,False,Clear or Partly Cloudy,Dry,Daylight,,,,32.0,One parked--one moving,0,0,True,0
-122.286489582427,47.5601093892801,203377,300490,301690,E826333,Matched,Block,,RAINIER AVE S BETWEEN S ALASKA ST AND S ANGELINE ST, ,,1,Property Damage Only Collision,Left Turn,3,0,0,2,0,0,2018-08-08 00:00:00+00,8/8/2018 4:57:00 PM,Driveway Junction,11,"MOTOR VEHICLE STRUCK MOTOR VEHICLE, FRONT END AT ANGLE",,False,Clear or Partly Cloudy,Dry,Daylight,,,,28.0,From opposite direction - one left turn - one straight,0,0,False,0
-122.295179579841,47.7173873668273,203378,300489,301689,3751482,Matched,Intersection,36611.0,31ST AVE NE AND NE 123RD ST, ,,1,Property Damage Only Collision,Angles,2,0,0,2,0,0,2018-08-16 00:00:00+00,8/16/2018 1:24:00 PM,At Intersection (intersection related),11,"MOTOR VEHICLE STRUCK MOTOR VEHICLE, FRONT END AT ANGLE",,False,Clear or Partly Cloudy,Dry,Daylight,,,,10.0,Entering at angle,0,0,False,0
-122.322746450044,47.5713989571762,203379,301524,302764,E832820,Matched,Intersection,32242.0,AIRPORT WAY S AND S SPOKANE ST, ,,1,Property Damage Only Collision,Sideswipe,2,0,0,2,0,0,2018-08-21 00:00:00+00,8/21/2018 6:40:00 AM,At Intersection (intersection related),11,"MOTOR VEHICLE STRUCK MOTOR VEHICLE, FRONT END AT ANGLE",True,False,Fog/Smog/Smoke,Dry,Daylight,,,,11.0,From same direction - both going straight - both moving - sideswipe,0,0,False,0
-122.337349365567,47.5204706504791,203380,300666,301880,3742442,Matched,Block,,OLSON PL SW BETWEEN 2ND AVE SW AND 3RD AVE SW, ,,2,Injury Collision,Head On,2,0,0,2,2,0,2018-08-23 00:00:00+00,8/23/2018 7:58:00 AM,Mid-Block (not related to intersection),11,"MOTOR VEHICLE STRUCK MOTOR VEHICLE, FRONT END AT ANGLE",,False,Raining,Wet,Daylight,,,,24.0,From opposite direction - both moving - head-on,0,0,False,0
-122.358128479912,47.7069155385192,203381,301767,302987,E831416,Matched,Intersection,36266.0,1ST AVE NW AND NW 107TH ST, ,,1,Property Damage Only Collision,Right Turn,2,0,0,2,0,0,2018-08-01 00:00:00+00,8/1/2018 2:54:00 PM,At Intersection (intersection related),11,"MOTOR VEHICLE STRUCK MOTOR VEHICLE, FRONT END AT ANGLE",,False,Clear or Partly Cloudy,Dry,Daylight,,,,16.0,From same direction - one right turn - one straight,0,0,False,0
-122.345096344245,47.5473705510147,203383,300302,301502,3745640,Matched,Block,,WEST MARGINAL WAY SW BETWEEN SW BRANDON ST AND SW FRONT ST, ,,2,Injury Collision,Pedestrian,2,0,1,1,1,0,2018-08-11 00:00:00+00,8/11/2018 11:23:00 AM,Mid-Block (not related to intersection),18,"MOTOR VEHICLE STRUCK PEDALCYCLIST, FRONT END AT ANGLE",,False,Overcast,Dry,Daylight,True,,,5.0,Vehicle Strikes Pedalcyclist,0,0,False,0
-122.349423494812,47.5556947284388,203384,300301,301501,3745638,Matched,Block,,WEST MARGINAL WAY SW BETWEEN PUGET WAY SW AND SW BRANDON ST, ,,2,Injury Collision,Other,1,0,0,1,1,0,2018-08-10 00:00:00+00,8/10/2018 6:32:00 AM,Mid-Block (not related to intersection),26,MOTOR VEHICLE STRUCK OBJECT IN ROAD,,False,Clear or Partly Cloudy,Dry,Daylight,,,,50.0,Fixed object,0,0,False,0
-122.344946818331,47.7204806266264,203385,300937,302157,E830292,Matched,Block,,AURORA AVE N BETWEEN N 125TH ST AND N 127TH ST, ,,2,Injury Collision,Angles,3,0,0,2,1,0,2018-08-21 00:00:00+00,8/21/2018 1:28:00 PM,Mid-Block (not related to intersection),11,"MOTOR VEHICLE STRUCK MOTOR VEHICLE, FRONT END AT ANGLE",,False,Clear or Partly Cloudy,Dry,Daylight,,,,10.0,Entering at angle,0,0,False,0
-122.373902640852,47.5392079016893,203386,300299,301499,3742117,Matched,Intersection,34033.0,32ND AVE SW AND SW MYRTLE ST, ,,1,Property Damage Only Collision,Rear Ended,3,0,0,2,0,0,2018-08-11 00:00:00+00,8/11/2018 4:34:00 PM,At Intersection (but not related to intersection),14,"MOTOR VEHICLE STRUCK MOTOR VEHICLE, REAR END",True,False,Clear or Partly Cloudy,Dry,Daylight,,,,14.0,From same direction - both going straight - one stopped - rear-end,0,0,False,0
-122.334216048422,47.5519032571463,203422,302105,303325,E818630,Matched,Intersection,33040.0,1ST AVE S AND S ORCAS ST, ,,1,Property Damage Only Collision,Angles,2,0,0,2,0,0,2018-07-13 00:00:00+00,7/13/2018 2:39:00 PM,At Intersection (intersection related),11,"MOTOR VEHICLE STRUCK MOTOR VEHICLE, FRONT END AT ANGLE",,False,Clear or Partly Cloudy,Dry,Daylight,,,,10.0,Entering at angle,0,0,False,0
-122.320215996416,47.6277478686846,203387,300670,301884,E828747,Matched,Block,,10TH AVE E BETWEEN E ALOHA ST AND E PROSPECT ST, ,,1,Property Damage Only Collision,Parked Car,4,0,0,4,0,0,2018-08-13 00:00:00+00,8/13/2018 12:11:00 PM,Mid-Block (not related to intersection),11,"MOTOR VEHICLE STRUCK MOTOR VEHICLE, FRONT END AT ANGLE",,False,Clear or Partly Cloudy,Dry,Daylight,,,,32.0,One parked--one moving,0,0,False,0
-122.342349601083,47.6245497266159,203388,300298,301498,3740040,Matched,Intersection,28767.0,DEXTER AVE N AND MERCER ST, ,,1,Property Damage Only Collision,Rear Ended,2,0,0,2,0,0,2018-08-10 00:00:00+00,8/10/2018 1:57:00 AM,At Intersection (but not related to intersection),14,"MOTOR VEHICLE STRUCK MOTOR VEHICLE, REAR END",,False,Clear or Partly Cloudy,Dry,Dark - Street Lights On,,,,14.0,From same direction - both going straight - one stopped - rear-end,0,0,False,0
-122.295939106851,47.6848609618965,202404,292058,292978,E806315,Matched,Block,,30TH AVE NE BETWEEN NE 75TH ST AND NE 80TH ST, ,,2,Injury Collision,Pedestrian,3,1,0,1,1,0,2018-06-08 00:00:00+00,6/8/2018 3:52:00 PM,Mid-Block (not related to intersection),24,MOTOR VEHCILE STRUCK PEDESTRIAN,,False,Raining,Wet,Daylight,,,,0.0,Vehicle going straight hits pedestrian,0,0,False,0
-122.320276936702,47.5268838444332,203389,300665,301879,3742440,Matched,Block,,10TH AVE S BETWEEN S SULLIVAN ST AND S CLOVERDALE ST, ,,1,Property Damage Only Collision,Parked Car,2,0,0,2,0,0,2018-08-19 00:00:00+00,8/19/2018 11:23:00 AM,Mid-Block (not related to intersection),11,"MOTOR VEHICLE STRUCK MOTOR VEHICLE, FRONT END AT ANGLE",,False,Clear or Partly Cloudy,Dry,Unknown,,,,32.0,One parked--one moving,0,0,True,0
-122.321391267304,47.5882248405798,203390,301765,302985,E831396,Matched,Intersection,31234.0,AIRPORT WAY S AND S MASSACHUSETTS ST, ,,1,Property Damage Only Collision,Angles,3,0,0,2,0,0,2018-07-30 00:00:00+00,7/30/2018 7:38:00 AM,At Intersection (intersection related),14,"MOTOR VEHICLE STRUCK MOTOR VEHICLE, REAR END",,False,Clear or Partly Cloudy,Dry,Daylight,,,,10.0,Entering at angle,0,0,False,0
-122.31177437748,47.5908349704883,203391,300978,302198,E830651,Matched,Block,,STURGUS AVE S BETWEEN S JUDKINS ST AND S ATLANTIC ST, ,,2,Injury Collision,Head On,4,0,0,2,2,0,2018-08-17 00:00:00+00,8/17/2018 11:25:00 AM,Mid-Block (not related to intersection),11,"MOTOR VEHICLE STRUCK MOTOR VEHICLE, FRONT END AT ANGLE",,False,Clear or Partly Cloudy,Dry,Daylight,,,,24.0,From opposite direction - both moving - head-on,0,0,False,0
-122.293240252748,47.5608084467192,203392,301522,302762,E832818,Matched,Intersection,484891.0,M L KING JR ER WAY S AND S ALASKA ST, ,,2,Injury Collision,Right Turn,4,0,0,2,2,0,2018-08-24 00:00:00+00,8/24/2018 7:45:00 AM,At Intersection (intersection related),11,"MOTOR VEHICLE STRUCK MOTOR VEHICLE, FRONT END AT ANGLE",True,False,Overcast,Dry,Daylight,,,,16.0,From same direction - one right turn - one straight,0,0,False,0
-122.312555978889,47.7157903569003,203394,300929,302149,E831312,Matched,Intersection,36449.0,15TH AVE NE AND NE 120TH ST, ,,2,Injury Collision,Angles,5,0,0,2,1,0,2018-08-14 00:00:00+00,8/14/2018 8:42:00 AM,At Intersection (intersection related),11,"MOTOR VEHICLE STRUCK MOTOR VEHICLE, FRONT END AT ANGLE",True,False,Clear or Partly Cloudy,Dry,Daylight,,,,10.0,Entering at angle,0,0,False,0
-122.306080774995,47.6185018692807,203395,300669,301883,E828746,Matched,Intersection,29389.0,20TH AVE AND E DENNY WAY, ,,1,Property Damage Only Collision,Angles,3,0,0,2,0,0,2018-07-31 00:00:00+00,7/31/2018 1:24:00 PM,At Intersection (intersection related),11,"MOTOR VEHICLE STRUCK MOTOR VEHICLE, FRONT END AT ANGLE",,False,Clear or Partly Cloudy,Dry,Daylight,,,,10.0,Entering at angle,0,0,False,0
-122.387576486364,47.6686786927855,203396,302636,303876,E840105,Matched,Intersection,25143.0,24TH AVE NW AND NW MARKET ST, ,,2,Injury Collision,Rear Ended,2,0,0,2,1,0,2018-09-08 00:00:00+00,9/8/2018 12:55:00 PM,At Intersection (but not related to intersection),14,"MOTOR VEHICLE STRUCK MOTOR VEHICLE, REAR END",,True,Overcast,Dry,Daylight,,,,14.0,From same direction - both going straight - one stopped - rear-end,0,0,False,0
-122.3915193377,47.6449010149995,203397,302490,303730,3811683,Matched,Block,,27 LOWER AVE W BETWEEN W ARMOUR ST AND DEAD END, ,,2,Injury Collision,Other,1,0,0,1,1,0,2018-08-29 00:00:00+00,8/29/2018 8:00:00 PM,Mid-Block (not related to intersection),26,MOTOR VEHICLE STRUCK OBJECT IN ROAD,,True,Clear or Partly Cloudy,Dry,Dusk,,,,50.0,Fixed object,0,0,False,0
-122.355154763075,47.5182793951842,203398,302101,303321,E818232,Matched,Block,,16TH AVE SW BETWEEN SW CAMBRIDGE ST AND SW ROXBURY ST, ,,1,Property Damage Only Collision,Parked Car,3,0,0,3,0,0,2018-07-16 00:00:00+00,7/16/2018 9:25:00 AM,Mid-Block (not related to intersection),11,"MOTOR VEHICLE STRUCK MOTOR VEHICLE, FRONT END AT ANGLE",,False,Clear or Partly Cloudy,Dry,Daylight,,,,32.0,One parked--one moving,0,0,False,0
-122.334846956374,47.5290045409556,203399,302291,303511,E828995,Matched,Block,,1ST AVE S BETWEEN SW KENYON ST AND S CLOVERDALE W ST, ,,1,Property Damage Only Collision,Rear Ended,3,0,0,3,0,0,2018-08-15 00:00:00+00,8/15/2018 6:37:00 AM,Mid-Block (not related to intersection),14,"MOTOR VEHICLE STRUCK MOTOR VEHICLE, REAR END",,False,Clear or Partly Cloudy,Dry,Daylight,,,,14.0,From same direction - both going straight - one stopped - rear-end,0,0,False,0
-122.317852209262,47.7085609870393,203400,302296,303516,3733766,Matched,Intersection,36501.0,ROOSEVELT WAY NE AND NE NORTHGATE WAY, ,,1,Property Damage Only Collision,Angles,4,0,0,2,0,0,2018-09-16 00:00:00+00,9/16/2018 1:45:00 AM,At Intersection (intersection related),11,"MOTOR VEHICLE STRUCK MOTOR VEHICLE, FRONT END AT ANGLE",,False,Raining,Wet,Dark - Street Lights On,,,,10.0,Entering at angle,0,0,False,0
-122.333527003241,47.5361684323403,203401,302099,303319,E818054,Matched,Block,,WEST MARGINAL WAY S BETWEEN 1ST AVE S AND S HOLDEN ST, ,,1,Property Damage Only Collision,Other,1,0,0,1,0,0,2018-07-09 00:00:00+00,7/9/2018 6:03:00 AM,Mid-Block (not related to intersection),26,MOTOR VEHICLE STRUCK OBJECT IN ROAD,True,False,Overcast,Dry,Daylight,,,,50.0,Fixed object,0,0,False,0
-122.319640735026,47.5970819652523,203402,302098,303318,E837117,Matched,Block,,10TH AVE S BETWEEN S WELLER ST AND XW S LANE ST, ,,2,Injury Collision,Pedestrian,2,0,1,1,1,0,2018-09-04 00:00:00+00,9/4/2018 8:40:00 AM,Mid-Block (not related to intersection),18,"MOTOR VEHICLE STRUCK PEDALCYCLIST, FRONT END AT ANGLE",True,False,Clear or Partly Cloudy,Dry,Daylight,,,,5.0,Vehicle Strikes Pedalcyclist,0,0,False,0
-122.335118743008,47.6101805006637,203403,302493,303733,3812268,Matched,Block,,5TH AVE BETWEEN UNION ST AND PIKE ST, ,,1,Property Damage Only Collision,Sideswipe,2,0,0,2,0,0,2018-08-30 00:00:00+00,8/30/2018 6:19:00 PM,Mid-Block (not related to intersection),11,"MOTOR VEHICLE STRUCK MOTOR VEHICLE, FRONT END AT ANGLE",,False,Clear or Partly Cloudy,Dry,Daylight,,,,11.0,From same direction - both going straight - both moving - sideswipe,0,0,False,0
-122.334846956374,47.5290045409556,203404,302107,303327,E818693,Matched,Block,,1ST AVE S BETWEEN SW KENYON ST AND S CLOVERDALE W ST, ,,1,Property Damage Only Collision,Rear Ended,2,0,0,2,0,0,2018-07-10 00:00:00+00,7/10/2018 4:16:00 PM,Mid-Block (not related to intersection),14,"MOTOR VEHICLE STRUCK MOTOR VEHICLE, REAR END",True,False,Clear or Partly Cloudy,Dry,Daylight,,,True,13.0,From same direction - both going straight - both moving - rear-end,0,0,False,0
-122.335574025233,47.610677902842,203406,302488,303728,3784698,Matched,Intersection,29576.0,5TH AVE AND PIKE ST, ,,2,Injury Collision,Sideswipe,4,0,0,2,3,0,2018-09-03 00:00:00+00,9/3/2018 8:55:00 AM,At Intersection (but not related to intersection),11,"MOTOR VEHICLE STRUCK MOTOR VEHICLE, FRONT END AT ANGLE",,False,Clear or Partly Cloudy,Dry,Daylight,,,,11.0,From same direction - both going straight - both moving - sideswipe,0,0,False,0
-122.326161325671,47.6876820368701,203407,302097,303317,E837071,Matched,Block,,BANNER WAY NE BETWEEN NE 80TH ST AND 85TH ST ON RP, ,,2,Injury Collision,Other,1,0,0,1,1,0,2018-08-31 00:00:00+00,8/31/2018 7:28:00 AM,Mid-Block (not related to intersection),26,MOTOR VEHICLE STRUCK OBJECT IN ROAD,,False,Raining,Wet,Daylight,,,True,50.0,Fixed object,0,0,False,0
-122.301940127483,47.7338292579493,203408,302294,303514,E829023,Matched,Intersection,35996.0,25TH AVE NE AND NE 145TH ST, ,,1,Property Damage Only Collision,Sideswipe,2,0,0,2,0,0,2018-08-14 00:00:00+00,8/14/2018 2:20:00 PM,At Intersection (but not related to intersection),11,"MOTOR VEHICLE STRUCK MOTOR VEHICLE, FRONT END AT ANGLE",,False,Clear or Partly Cloudy,Dry,Daylight,,,True,12.0,From same direction - both going straight - one stopped - sideswipe,0,0,False,0
-122.274761574961,47.5511617555786,203409,301942,303162,E835167,Matched,Block,,S ORCAS ST BETWEEN 46TH AVE S AND 47TH AVE S, ,,1,Property Damage Only Collision,Parked Car,5,0,0,4,0,0,2018-08-07 00:00:00+00,8/7/2018 9:32:00 PM,Mid-Block (not related to intersection),13,"MOTOR VEHICLE STRUCK MOTOR VEHICLE, LEFT SIDE AT ANGLE",,False,Clear or Partly Cloudy,Dry,Dark - Street Lights On,,,,32.0,One parked--one moving,0,0,True,0
-122.32896629872,47.5996178203004,203411,301940,303160,E835700,Matched,Block,,4TH AVE S BETWEEN S MAIN ST AND S JACKSON ST, ,,1,Property Damage Only Collision,Rear Ended,2,0,0,2,0,0,2018-09-05 00:00:00+00,9/5/2018 9:27:00 AM,Mid-Block (not related to intersection),14,"MOTOR VEHICLE STRUCK MOTOR VEHICLE, REAR END",True,False,Clear or Partly Cloudy,Dry,Daylight,,,,13.0,From same direction - both going straight - both moving - rear-end,0,0,False,0
-122.332776510833,47.6076217230865,203412,302106,303326,E837128,Matched,Block,,5TH AVE BETWEEN SPRING ST AND SENECA ST, ,,1,Property Damage Only Collision,Pedestrian,2,1,0,1,0,0,2018-09-06 00:00:00+00,9/6/2018 9:22:00 AM,Mid-Block (not related to intersection),24,MOTOR VEHCILE STRUCK PEDESTRIAN,True,False,Clear or Partly Cloudy,Dry,Daylight,,,,0.0,Vehicle going straight hits pedestrian,0,0,False,0
-122.326358795772,47.5996137732041,203413,302637,303877,E839616,Matched,Block,,6TH AVE S BETWEEN S MAIN ST AND S JACKSON ST, ,,2,Injury Collision,Rear Ended,2,0,0,2,1,0,2018-09-08 00:00:00+00,9/8/2018 8:50:00 PM,Mid-Block (not related to intersection),14,"MOTOR VEHICLE STRUCK MOTOR VEHICLE, REAR END",True,False,Clear or Partly Cloudy,Dry,Dark - Street Lights On,,,,14.0,From same direction - both going straight - one stopped - rear-end,0,0,False,0
-122.344575035009,47.659958988634,203414,302638,303878,E840106,Matched,Intersection,26801.0,WOODLAND PARK AVE N AND N 44TH ST, ,,2,Injury Collision,Pedestrian,2,0,1,1,1,0,2018-09-02 00:00:00+00,9/2/2018 2:00:00 PM,At Intersection (intersection related),11,"MOTOR VEHICLE STRUCK MOTOR VEHICLE, FRONT END AT ANGLE",,False,Clear or Partly Cloudy,Dry,Daylight,,,,5.0,Vehicle Strikes Pedalcyclist,0,0,False,0