longitude,latitude,objectid,inckey,coldetkey,reportno,status,addrtype,intkey,location,exceptrsncode,exceptrsndesc,severitycode,severitydesc,collisiontype,personcount,pedcount,pedcylcount,vehcount,injuries,fatalities,incdate,incdttm,junctiontype,sdot_colcode,sdot_coldesc,inattentionind,underinfl,weather,roadcond,lightcond,pedrownotgrnt,sdotcolnum,speeding,st_colcode,st_coldesc,seglanekey,crosswalkkey,hitparkedcar,seriousinjuries
-122.322766313999,47.6496501932107,203415,302491,303731,3811798,Matched,Block,,EASTLAKE AVE E BETWEEN E ALLISON ST AND HARVARD AVE E, ,,1,Property Damage Only Collision,Rear Ended,2,0,0,2,0,0,2018-08-29 00:00:00+00,8/29/2018 2:33:00 PM,Mid-Block (not related to intersection),14,"MOTOR VEHICLE STRUCK MOTOR VEHICLE, REAR END",,False,Clear or Partly Cloudy,Dry,Daylight,,,,13.0,From same direction - both going straight - both moving - rear-end,0,0,False,0
-122.352767629727,47.6275766745459,203416,301939,303159,E835699,Matched,Block,,2ND AVE N BETWEEN ALOHA ST AND WARD ST, ,,1,Property Damage Only Collision,Other,6,0,0,2,0,0,2018-09-04 00:00:00+00,9/4/2018 11:29:00 AM,Mid-Block (not related to intersection),11,"MOTOR VEHICLE STRUCK MOTOR VEHICLE, FRONT END AT ANGLE",,False,Clear or Partly Cloudy,Dry,Daylight,,,,23.0,From same direction - all others,0,0,False,0
-122.334792923541,47.5491918832386,203417,302292,303512,E837765,Matched,Block,,EAST MARGINAL WAY S BETWEEN S FIDALGO ST AND 1ST AVE S, ,,2b,Serious Injury Collision,Cycles,2,0,1,1,1,0,2018-09-11 00:00:00+00,9/11/2018 4:22:00 AM,Mid-Block (not related to intersection),18,"MOTOR VEHICLE STRUCK PEDALCYCLIST, FRONT END AT ANGLE",,False,Clear or Partly Cloudy,Dry,Dark - Street Lights On,,,,6.0,Pedalcyclist Strikes Moving Vehicle,0,0,False,1
-122.360099362135,47.5228613434487,203418,302297,303517,3745647,Matched,Intersection,34871.0,DELRIDGE WAY SW AND SW HENDERSON ST, ,,1,Property Damage Only Collision,Left Turn,2,0,0,2,0,0,2018-09-11 00:00:00+00,9/11/2018 12:53:00 PM,At Intersection (intersection related),11,"MOTOR VEHICLE STRUCK MOTOR VEHICLE, FRONT END AT ANGLE",,False,Clear or Partly Cloudy,Dry,Daylight,,,,28.0,From opposite direction - one left turn - one straight,0,0,False,0
-122.358141027261,47.5206787393445,203419,301938,303158,E835698,Matched,Block,,DELRIDGE WAY SW BETWEEN SW BARTON ST AND 18TH AVE SW, ,,2,Injury Collision,Rear Ended,5,0,0,3,2,0,2018-08-29 00:00:00+00,8/29/2018 12:07:00 PM,Mid-Block (not related to intersection),14,"MOTOR VEHICLE STRUCK MOTOR VEHICLE, REAR END",,False,Clear or Partly Cloudy,Dry,Daylight,,,,13.0,From same direction - both going straight - both moving - rear-end,0,0,False,0
-122.321392009353,47.5873086820007,203420,301937,303157,E835696,Matched,Block,,AIRPORT WAY S BETWEEN S MASSACHUSETTS ST AND S HOLGATE N ST, ,,1,Property Damage Only Collision,Angles,5,0,0,2,0,0,2018-08-22 00:00:00+00,8/22/2018 11:56:00 AM,Driveway Junction,11,"MOTOR VEHICLE STRUCK MOTOR VEHICLE, FRONT END AT ANGLE",,False,Clear or Partly Cloudy,Dry,Daylight,,,,10.0,Entering at angle,0,0,False,0
-122.34912576925,47.7195839139947,203421,302494,303734,E838842,Matched,Block,,N 125TH ST BETWEEN NORTH PARK AVE N AND INTERURBAN TRL, ,,1,Property Damage Only Collision,Rear Ended,3,0,0,2,0,0,2018-09-11 00:00:00+00,9/11/2018 6:00:00 PM,Mid-Block (but intersection related),14,"MOTOR VEHICLE STRUCK MOTOR VEHICLE, REAR END",,False,Clear or Partly Cloudy,Dry,Dusk,,,,14.0,From same direction - both going straight - one stopped - rear-end,0,0,False,0
-122.308084560116,47.6375228986665,203423,302642,303882,E839617,Matched,Block,,19TH AVE E BETWEEN E INTERLAKEN BLVD AND BOYER AVE E, ,,1,Property Damage Only Collision,Parked Car,2,0,0,2,0,0,2018-09-15 00:00:00+00,9/15/2018 1:23:00 PM,Mid-Block (not related to intersection),11,"MOTOR VEHICLE STRUCK MOTOR VEHICLE, FRONT END AT ANGLE",,False,Clear or Partly Cloudy,Dry,Daylight,,,,32.0,One parked--one moving,0,0,True,0
-122.304049771217,47.5540362515495,203424,302489,303729,3810784,Matched,Block,,COLUMBIA DR S BETWEEN S BRANDON N ST AND S BRANDON S ST, ,,1,Property Damage Only Collision,Other,1,0,0,1,0,0,2018-08-21 00:00:00+00,8/21/2018 7:09:00 PM,Mid-Block (not related to intersection),26,MOTOR VEHICLE STRUCK OBJECT IN ROAD,,True,Clear or Partly Cloudy,Dry,Daylight,,,,50.0,Fixed object,0,0,False,0
-122.344343735608,47.5715600211014,203427,302295,303515,E838563,Matched,Block,,S SPOKANE ST BETWEEN SW SPOKANE ST AND S SPOKANE NR ST, ,,1,Property Damage Only Collision,Other,2,0,0,2,0,0,2018-08-28 00:00:00+00,8/28/2018 12:42:00 PM,Mid-Block (not related to intersection),11,"MOTOR VEHICLE STRUCK MOTOR VEHICLE, FRONT END AT ANGLE",,False,Clear or Partly Cloudy,Dry,Daylight,,,,23.0,From same direction - all others,0,0,False,0
-122.336434133918,47.661733993642,203428,301934,303154,E835464,Matched,Block,,WALLINGFORD AVE N BETWEEN N 45TH ST AND N 46TH ST, ,,1,Property Damage Only Collision,Rear Ended,2,0,0,2,0,0,2018-09-04 00:00:00+00,9/4/2018 11:21:00 AM,Mid-Block (not related to intersection),14,"MOTOR VEHICLE STRUCK MOTOR VEHICLE, REAR END",True,False,Clear or Partly Cloudy,Dry,Daylight,,,,14.0,From same direction - both going straight - one stopped - rear-end,0,0,False,0
-122.333450088436,47.5466407943935,203429,302290,303510,E828926,Matched,Block,,EAST MARGINAL WAY S BETWEEN 1ST AV S BR NB AND S FRONT ST, ,,1,Property Damage Only Collision,Other,3,0,0,2,0,0,2018-08-11 00:00:00+00,8/11/2018 10:20:00 AM,Mid-Block (not related to intersection),11,"MOTOR VEHICLE STRUCK MOTOR VEHICLE, FRONT END AT ANGLE",,False,Clear or Partly Cloudy,Dry,Daylight,,,,23.0,From same direction - all others,0,0,False,0
-122.270432961939,47.5376426251969,203430,301771,302991,E832989,Matched,Intersection,34469.0,RAINIER AVE S AND S GARDEN ST, ,,2,Injury Collision,Angles,3,0,0,2,1,0,2018-08-26 00:00:00+00,8/26/2018 12:36:00 PM,At Intersection (intersection related),11,"MOTOR VEHICLE STRUCK MOTOR VEHICLE, FRONT END AT ANGLE",,False,Clear or Partly Cloudy,Dry,Daylight,,,,10.0,Entering at angle,0,0,False,0
-122.318963252173,47.6921978089283,203431,302103,303323,E818334,Matched,Block,,NE 88TH ST BETWEEN 8TH AVE NE AND ROOSEVELT WAY NE, ,,1,Property Damage Only Collision,Parked Car,2,0,0,2,0,0,2018-05-31 00:00:00+00,5/31/2018 7:13:00 AM,Mid-Block (not related to intersection),14,"MOTOR VEHICLE STRUCK MOTOR VEHICLE, REAR END",,False,Overcast,Dry,Daylight,,,,32.0,One parked--one moving,0,0,True,0
-122.360806360535,47.668693380248,203432,302639,303879,E840107,Matched,Intersection,25308.0,3RD AVE NW AND NW 55TH ST, ,,2,Injury Collision,Angles,3,0,0,2,1,0,2018-09-11 00:00:00+00,9/11/2018 5:01:00 PM,At Intersection (intersection related),11,"MOTOR VEHICLE STRUCK MOTOR VEHICLE, FRONT END AT ANGLE",,False,Clear or Partly Cloudy,Dry,Daylight,,,,10.0,Entering at angle,0,0,False,0
-122.306331656384,47.6061674516281,203433,302487,303727,3773947,Matched,Intersection,30190.0,20TH AVE AND E JEFFERSON ST, ,,1,Property Damage Only Collision,Right Turn,3,0,0,2,0,0,2018-09-02 00:00:00+00,9/2/2018 12:00:00 PM,At Intersection (but not related to intersection),14,"MOTOR VEHICLE STRUCK MOTOR VEHICLE, REAR END",,False,Clear or Partly Cloudy,Dry,Daylight,,,,16.0,From same direction - one right turn - one straight,0,0,False,0
-122.341553132473,47.6075842345913,203434,302492,303732,3812221,Matched,Block,,ALASKAN E RDWY WAY BETWEEN UNION ST AND ALASKAN WAY, ,,1,Property Damage Only Collision,Sideswipe,2,0,0,2,0,0,2018-09-02 00:00:00+00,9/2/2018 9:10:00 AM,Mid-Block (not related to intersection),11,"MOTOR VEHICLE STRUCK MOTOR VEHICLE, FRONT END AT ANGLE",,False,Clear or Partly Cloudy,Dry,Daylight,,,,11.0,From same direction - both going straight - both moving - sideswipe,0,0,False,0
-122.303619610573,47.6202130414613,203435,301770,302990,E832370,Matched,Intersection,29379.0,22ND AVE E AND E JOHN ST, ,,2,Injury Collision,Left Turn,2,0,0,2,1,0,2018-08-25 00:00:00+00,8/25/2018 10:35:00 AM,At Intersection (intersection related),11,"MOTOR VEHICLE STRUCK MOTOR VEHICLE, FRONT END AT ANGLE",,False,Raining,Wet,Daylight,,,,28.0,From opposite direction - one left turn - one straight,0,0,False,0
-122.335373136651,47.6121364586989,203436,302293,303513,E837009,Matched,Intersection,29568.0,6TH AVE AND PINE ST, ,,2,Injury Collision,Cycles,2,1,1,0,1,0,2018-09-10 00:00:00+00,9/10/2018 5:04:00 PM,At Intersection (intersection related),64,PEDALCYCLIST STRUCK PEDESTRIAN,,False,Clear or Partly Cloudy,Dry,Daylight,True,,,7.0,Pedalcyclist Strikes Pedalcyclist or Pedestrian,0,523148,False,0
-122.328948722805,47.5311749612729,203437,302102,303322,E818276,Matched,Block,,WEST MARGINAL NB WAY S BETWEEN S HOLDEN ST AND CLOVERDALE ST ON RP, ,,2,Injury Collision,Rear Ended,2,0,0,2,2,0,2018-07-11 00:00:00+00,7/11/2018 2:38:00 PM,,14,"MOTOR VEHICLE STRUCK MOTOR VEHICLE, REAR END",True,False,Clear or Partly Cloudy,Dry,Daylight,,,True,13.0,From same direction - both going straight - both moving - rear-end,0,0,False,0
-122.351133937705,47.5709417837772,203438,300159,301359,3745632,Matched,Block,,WEST SEATTLE BR EB BETWEEN ALASKAN WY VI NB ON RP AND DELRIDGE-W SEATTLE BR EB ON RP, ,,1,Property Damage Only Collision,Rear Ended,3,0,0,2,0,0,2018-08-04 00:00:00+00,8/4/2018 2:56:00 PM,Mid-Block (not related to intersection),14,"MOTOR VEHICLE STRUCK MOTOR VEHICLE, REAR END",,False,Clear or Partly Cloudy,Dry,Daylight,,,,14.0,From same direction - both going straight - one stopped - rear-end,0,0,False,0
-122.346642372414,47.6414184113917,203439,299980,301180,E822808,Matched,Block,,AURORA AVE N BETWEEN DEXTER WAY N AND HALLADAY ST, ,,1,Property Damage Only Collision,Sideswipe,2,0,0,2,0,0,2018-07-24 00:00:00+00,7/24/2018 6:10:00 AM,Mid-Block (not related to intersection),11,"MOTOR VEHICLE STRUCK MOTOR VEHICLE, FRONT END AT ANGLE",,False,Clear or Partly Cloudy,Dry,Daylight,,,,11.0,From same direction - both going straight - both moving - sideswipe,0,0,False,0
-122.28304411655,47.6646886935389,203440,299598,300798,E820585,Matched,Block,,SAND POINT WAY NE BETWEEN PENNY DR AND NE 50TH ST, ,,2,Injury Collision,Left Turn,2,0,0,2,1,0,2018-07-11 00:00:00+00,7/11/2018 9:42:00 PM,Mid-Block (but intersection related),11,"MOTOR VEHICLE STRUCK MOTOR VEHICLE, FRONT END AT ANGLE",True,False,Clear or Partly Cloudy,Dry,Dark - Street Lights On,,,,29.0,From opposite direction - one left turn - one right turn,0,0,False,0
-122.32956129783,47.552282842489,203441,299826,301026,E821190,Matched,Block,,4TH AVE S BETWEEN S FINDLAY ST AND S ORCAS ST, ,,2,Injury Collision,Parked Car,6,0,0,4,1,0,2018-07-11 00:00:00+00,7/11/2018 12:07:00 PM,Mid-Block (not related to intersection),11,"MOTOR VEHICLE STRUCK MOTOR VEHICLE, FRONT END AT ANGLE",,False,Clear or Partly Cloudy,Dry,Daylight,,,,20.0,One car leaving parked position,0,0,False,0
-122.334463769863,47.6111423979939,203442,299831,301031,E821318,Matched,Intersection,29894.0,6TH AVE AND PIKE ST, ,,1,Property Damage Only Collision,Sideswipe,3,0,0,2,0,0,2018-07-10 00:00:00+00,7/10/2018 4:14:00 PM,At Intersection (intersection related),11,"MOTOR VEHICLE STRUCK MOTOR VEHICLE, FRONT END AT ANGLE",,False,Clear or Partly Cloudy,Dry,Daylight,,,,81.0,Same direction -- both turning left -- both moving -- sideswipe,0,0,False,0
-122.33628183774,47.6131301261658,203443,299597,300797,3811658,Matched,Intersection,29554.0,6TH AVE AND OLIVE WAY, ,,1,Property Damage Only Collision,Angles,2,0,0,2,0,0,2018-07-21 00:00:00+00,7/21/2018 1:10:00 PM,At Intersection (intersection related),11,"MOTOR VEHICLE STRUCK MOTOR VEHICLE, FRONT END AT ANGLE",,False,Clear or Partly Cloudy,Dry,Daylight,,,,10.0,Entering at angle,0,0,False,0
-122.332986393689,47.6208136085683,203444,299596,300796,3811656,Matched,Intersection,29149.0,MINOR AVE N AND THOMAS ST, ,,2,Injury Collision,Pedestrian,2,1,0,1,1,0,2018-07-19 00:00:00+00,7/19/2018 10:54:00 PM,At Intersection (intersection related),24,MOTOR VEHCILE STRUCK PEDESTRIAN,,False,Overcast,Dry,Dark - Street Lights On,True,,,0.0,Vehicle going straight hits pedestrian,0,523617,False,0
-122.277080260053,47.6398993927129,203445,299983,301183,3814129,Matched,Block,,43RD AVE E BETWEEN E LYNN ST AND E MCGILVRA ST, ,,1,Property Damage Only Collision,Parked Car,2,0,0,2,0,0,2018-08-07 00:00:00+00,8/7/2018 7:00:00 PM,Mid-Block (not related to intersection),14,"MOTOR VEHICLE STRUCK MOTOR VEHICLE, REAR END",,False,Clear or Partly Cloudy,Dry,Dusk,,,,32.0,One parked--one moving,0,0,False,0
-122.29843259976,47.7229156564283,203446,299603,300803,E820586,Matched,Block,,NE 130TH ST BETWEEN 27TH AVE NE AND 28TH AVE NE, ,,1,Property Damage Only Collision,Other,1,0,0,1,0,0,2018-07-16 00:00:00+00,7/16/2018 7:18:00 PM,Mid-Block (but intersection related),28,MOTOR VEHICLE RAN OFF ROAD - HIT FIXED OBJECT,,False,Clear or Partly Cloudy,Dry,Daylight,,,,50.0,Fixed object,0,0,False,0
-122.314960674755,47.5234684997558,203447,299978,301178,E822803,Matched,Block,,14TH AVE S BETWEEN S CONCORD ST AND S HENDERSON ST, ,,1,Property Damage Only Collision,Other,2,0,0,2,0,0,2018-07-28 00:00:00+00,7/28/2018 10:19:00 AM,Mid-Block (not related to intersection),11,"MOTOR VEHICLE STRUCK MOTOR VEHICLE, FRONT END AT ANGLE",,False,Clear or Partly Cloudy,Dry,Daylight,,,,18.0,Strikes or Was Struck by a Part of Another Vehicle (Not from Load),0,0,False,0
-122.26998705276,47.5291301146044,203448,299595,300795,3810709,Matched,Intersection,35416.0,RAINIER AVE S AND S ROSE S ST, ,,1,Property Damage Only Collision,Left Turn,2,0,0,2,0,0,2018-07-25 00:00:00+00,7/25/2018 4:12:00 PM,At Intersection (intersection related),11,"MOTOR VEHICLE STRUCK MOTOR VEHICLE, FRONT END AT ANGLE",True,False,Clear or Partly Cloudy,Dry,Daylight,,,,28.0,From opposite direction - one left turn - one straight,0,0,False,0
-122.360651516649,47.6854709564017,203449,299829,301029,E822299,Matched,Intersection,24061.0,3RD AVE NW AND NW 78TH ST, ,,1,Property Damage Only Collision,Angles,3,0,0,2,0,0,2018-07-04 00:00:00+00,7/4/2018 11:07:00 PM,At Intersection (intersection related),11,"MOTOR VEHICLE STRUCK MOTOR VEHICLE, FRONT END AT ANGLE",,True,Clear or Partly Cloudy,Dry,Dark - Street Lights On,,,,10.0,Entering at angle,0,0,False,0
-122.32341547054,47.6152311420802,203450,302868,304108,3814215,Matched,Intersection,29734.0,BOYLSTON AVE AND E PINE ST, ,,1,Property Damage Only Collision,Other,1,0,0,1,0,0,2018-09-18 00:00:00+00,9/18/2018 6:30:00 AM,At Intersection (intersection related),28,MOTOR VEHICLE RAN OFF ROAD - HIT FIXED OBJECT,,True,Clear or Partly Cloudy,Dry,Dawn,,,,50.0,Fixed object,0,0,False,0
-122.331146081419,47.6058391633764,203451,302867,304107,3812274,Matched,Intersection,29954.0,5TH AVE AND MARION ST, ,,1,Property Damage Only Collision,Other,2,0,0,2,0,0,2018-09-17 00:00:00+00,9/17/2018 4:34:00 PM,At Intersection (intersection related),11,"MOTOR VEHICLE STRUCK MOTOR VEHICLE, FRONT END AT ANGLE",,False,Clear or Partly Cloudy,Dry,Daylight,,,,23.0,From same direction - all others,0,0,False,0
-122.335320659507,47.6185216339527,203452,302866,304106,3811762,Matched,Intersection,29505.0,BOREN AVE AND DENNY WAY, ,,1,Property Damage Only Collision,Angles,2,0,0,2,0,0,2018-09-23 00:00:00+00,9/23/2018 9:13:00 PM,At Intersection (intersection related),11,"MOTOR VEHICLE STRUCK MOTOR VEHICLE, FRONT END AT ANGLE",True,False,Clear or Partly Cloudy,Dry,Dark - Street Lights On,,,,10.0,Entering at angle,0,0,False,0
-122.338455706699,47.6220412354285,203453,299602,300802,3812014,Matched,Intersection,28780.0,HARRISON ST AND WESTLAKE AVE N, ,,1,Property Damage Only Collision,Other,1,0,0,1,0,0,2018-07-19 00:00:00+00,7/19/2018 4:14:00 PM,At Intersection (intersection related),28,MOTOR VEHICLE RAN OFF ROAD - HIT FIXED OBJECT,,False,Clear or Partly Cloudy,Dry,Daylight,,,,50.0,Fixed object,0,0,False,0
-122.304452709856,47.6989382948795,203454,300160,301360,3751304,Matched,Block,,LAKE CITY WAY NE BETWEEN NE 95TH ST AND NE 98TH ST, ,,1,Property Damage Only Collision,Rear Ended,2,0,0,2,0,0,2018-08-02 00:00:00+00,8/2/2018 8:22:00 AM,Mid-Block (not related to intersection),14,"MOTOR VEHICLE STRUCK MOTOR VEHICLE, REAR END",,False,Overcast,Dry,Daylight,,,,13.0,From same direction - both going straight - both moving - rear-end,0,0,False,0
-122.316597980191,47.6605628695572,203455,300161,301361,3751405,Matched,Block,,11TH AVE NE BETWEEN NE 43RD ST AND NE 45TH ST, ,,1,Property Damage Only Collision,Angles,2,0,0,2,0,0,2018-08-04 00:00:00+00,8/4/2018 4:06:00 PM,Mid-Block (not related to intersection),14,"MOTOR VEHICLE STRUCK MOTOR VEHICLE, REAR END",,False,Clear or Partly Cloudy,Dry,Daylight,,,,10.0,Entering at angle,0,0,False,0
-122.301602443216,47.6329350609485,203456,299981,301181,3814126,Matched,Block,,24TH AVE E BETWEEN E GALER ST AND INTERLAKEN PL E, ,,2,Injury Collision,Pedestrian,2,0,1,1,1,0,2018-08-06 00:00:00+00,8/6/2018 4:24:00 PM,Mid-Block (not related to intersection),18,"MOTOR VEHICLE STRUCK PEDALCYCLIST, FRONT END AT ANGLE",,False,Clear or Partly Cloudy,Dry,Daylight,,,,5.0,Vehicle Strikes Pedalcyclist,0,0,False,0
-122.329149232891,47.6219754869019,203457,302865,304105,3811546,Matched,Intersection,29138.0,EASTLAKE AVE E AND HARRISON ST, ,,1,Property Damage Only Collision,Angles,2,0,0,2,0,0,2018-09-21 00:00:00+00,9/21/2018 6:50:00 PM,At Intersection (intersection related),11,"MOTOR VEHICLE STRUCK MOTOR VEHICLE, FRONT END AT ANGLE",,False,Overcast,Dry,Daylight,,,,10.0,Entering at angle,0,0,False,0
-122.294111711678,47.6625491576726,203458,299827,301027,E822297,Matched,Block,,UNION BAY PL NE BETWEEN NE 45TH ST AND 30TH AVE NE, ,,2,Injury Collision,Pedestrian,2,1,0,1,1,0,2018-07-24 00:00:00+00,7/24/2018 9:17:00 AM,Mid-Block (not related to intersection),24,MOTOR VEHCILE STRUCK PEDESTRIAN,True,False,Clear or Partly Cloudy,Dry,Daylight,,,,2.0,Vehicle turning left hits pedestrian,0,0,False,0
-122.316300691226,47.6675040385265,203459,299832,301032,E820975,Matched,Block,,11TH AVE NE BETWEEN NE 52ND ST AND NE 55TH ST, ,,2,Injury Collision,Angles,4,0,0,2,1,0,2018-07-21 00:00:00+00,7/21/2018 6:36:00 PM,Mid-Block (not related to intersection),11,"MOTOR VEHICLE STRUCK MOTOR VEHICLE, FRONT END AT ANGLE",,False,Clear or Partly Cloudy,Dry,Daylight,,,,10.0,Entering at angle,0,0,False,0
-122.316119111676,47.5463999122442,203460,302864,304104,3810980,Matched,Intersection,33136.0,13TH AVE S AND S ALBRO PL, ,,1,Property Damage Only Collision,Angles,2,0,0,2,0,0,2018-09-18 00:00:00+00,9/18/2018 2:10:00 PM,At Intersection (intersection related),11,"MOTOR VEHICLE STRUCK MOTOR VEHICLE, FRONT END AT ANGLE",,False,Clear or Partly Cloudy,Dry,Daylight,,,,10.0,Entering at angle,0,0,False,0
-122.334216048422,47.5519032571463,203461,302863,304103,3810964,Matched,Intersection,33040.0,1ST AVE S AND S ORCAS ST, ,,1,Property Damage Only Collision,Angles,3,0,0,2,0,0,2018-09-19 00:00:00+00,9/19/2018 6:10:00 PM,At Intersection (intersection related),11,"MOTOR VEHICLE STRUCK MOTOR VEHICLE, FRONT END AT ANGLE",,False,Clear or Partly Cloudy,Dry,Daylight,,,,10.0,Entering at angle,0,0,False,0
-122.269986039452,47.5233072678934,203462,299985,301185,3810723,Matched,Intersection,35443.0,RAINIER AVE S AND S HENDERSON ST, ,,2b,Serious Injury Collision,Pedestrian,3,2,0,1,2,0,2018-08-09 00:00:00+00,8/9/2018 1:03:00 PM,At Intersection (intersection related),24,MOTOR VEHCILE STRUCK PEDESTRIAN,,False,Clear or Partly Cloudy,Dry,Daylight,,,,0.0,Vehicle going straight hits pedestrian,0,523390,False,2
-122.333366405538,47.6049105230911,203463,299601,300801,3811661,Matched,Intersection,29967.0,3RD AVE AND MARION ST, ,,1,Property Damage Only Collision,Angles,2,0,0,2,0,0,2018-07-22 00:00:00+00,7/22/2018 3:30:00 PM,At Intersection (intersection related),11,"MOTOR VEHICLE STRUCK MOTOR VEHICLE, FRONT END AT ANGLE",,False,Clear or Partly Cloudy,Dry,Daylight,,,,10.0,Entering at angle,0,0,False,0
-122.316779352129,47.6103950120079,203464,299979,301179,3814026,Matched,Intersection,29783.0,12TH AVE AND E MARION ST, ,,1,Property Damage Only Collision,Rear Ended,2,0,0,2,0,0,2018-08-06 00:00:00+00,8/6/2018 2:28:00 PM,At Intersection (intersection related),14,"MOTOR VEHICLE STRUCK MOTOR VEHICLE, REAR END",,False,Clear or Partly Cloudy,Dry,Daylight,,,,14.0,From same direction - both going straight - one stopped - rear-end,0,0,False,0
-122.254728905944,47.508193668008,203465,302862,304102,3810822,Matched,Intersection,38236.0,63RD AVE S AND S PRENTICE ST, ,,2,Injury Collision,Angles,3,0,0,2,2,0,2018-09-21 00:00:00+00,9/21/2018 7:51:00 AM,At Intersection (intersection related),11,"MOTOR VEHICLE STRUCK MOTOR VEHICLE, FRONT END AT ANGLE",,False,Clear or Partly Cloudy,Dry,Daylight,,,,10.0,Entering at angle,0,0,False,0
-122.281293190694,47.5370423043785,203466,302861,304101,3810743,Matched,Intersection,34562.0,M L KING JR WR WAY S AND S OTHELLO ST, ,,2,Injury Collision,Pedestrian,2,0,1,1,1,0,2018-09-18 00:00:00+00,9/18/2018 8:16:00 PM,At Intersection (intersection related),18,"MOTOR VEHICLE STRUCK PEDALCYCLIST, FRONT END AT ANGLE",,False,,Dry,Dark - Street Lights On,,,,5.0,Vehicle Strikes Pedalcyclist,0,545763,False,0
-122.249406491719,47.5124495402072,203467,299830,301030,E822301,Matched,Block,,RAINIER AVE S BETWEEN S COOPER ST AND 68TH AVE S, ,,2,Injury Collision,Other,3,0,0,2,2,0,2018-07-21 00:00:00+00,7/21/2018 9:39:00 AM,Mid-Block (not related to intersection),11,"MOTOR VEHICLE STRUCK MOTOR VEHICLE, FRONT END AT ANGLE",,False,Clear or Partly Cloudy,Dry,Daylight,,,,23.0,From same direction - all others,0,0,False,0
-122.338197015594,47.606835004028,203468,302860,304100,3791197,Matched,Intersection,29604.0,1ST AVE AND UNIVERSITY ST, ,,2,Injury Collision,Sideswipe,2,0,0,2,1,0,2018-09-19 00:00:00+00,9/19/2018 10:37:00 AM,At Intersection (intersection related),11,"MOTOR VEHICLE STRUCK MOTOR VEHICLE, FRONT END AT ANGLE",True,False,Clear or Partly Cloudy,Dry,Daylight,,,,71.0,Same direction -- both turning right -- both moving -- sideswipe,0,0,False,0
-122.263618850514,47.6793656257445,203469,299825,301025,E822295,Matched,Intersection,25006.0,SAND POINT WAY NE AND NE 70TH ST, ,,2,Injury Collision,Left Turn,4,0,0,3,2,0,2018-07-11 00:00:00+00,7/11/2018 8:56:00 AM,At Intersection (intersection related),11,"MOTOR VEHICLE STRUCK MOTOR VEHICLE, FRONT END AT ANGLE",True,False,Clear or Partly Cloudy,Dry,Daylight,,,,28.0,From opposite direction - one left turn - one straight,0,0,False,0
-122.346493261807,47.6526049128968,203470,302644,303884,E839659,Matched,Block,,N 38TH ST BETWEEN AURORA AV N NB OFF RP AND BRIDGE WAY N, ,,2,Injury Collision,Rear Ended,3,0,0,2,2,0,2018-09-18 00:00:00+00,9/18/2018 7:54:00 AM,Mid-Block (not related to intersection),14,"MOTOR VEHICLE STRUCK MOTOR VEHICLE, REAR END",True,False,Clear or Partly Cloudy,Dry,Daylight,,,,14.0,From same direction - both going straight - one stopped - rear-end,0,0,False,0
-122.328878289113,47.7261161046904,203471,299599,300799,E820752,Matched,Intersection,35947.0,1ST AVE NE AND ROOSEVELT WAY NE, ,,1,Property Damage Only Collision,Angles,2,0,0,2,0,0,2018-06-26 00:00:00+00,6/26/2018 8:34:00 AM,At Intersection (intersection related),14,"MOTOR VEHICLE STRUCK MOTOR VEHICLE, REAR END",,False,Clear or Partly Cloudy,Dry,Daylight,,,,10.0,Entering at angle,0,0,False,0
-122.343924918863,47.613602636525,203472,299977,301177,3812392,Matched,Block,,BLANCHARD ST BETWEEN 2ND AVE AND 3RD AVE, ,,1,Property Damage Only Collision,Parked Car,2,0,0,2,0,0,2018-08-07 00:00:00+00,8/7/2018 10:11:00 PM,Mid-Block (not related to intersection),11,"MOTOR VEHICLE STRUCK MOTOR VEHICLE, FRONT END AT ANGLE",True,False,Clear or Partly Cloudy,Dry,Dark - Street Lights On,,,,20.0,One car leaving parked position,0,0,False,0
-122.302636772662,47.6158994208801,203473,299982,301182,3814128,Matched,Block,,23RD AVE BETWEEN E PINE ST AND E OLIVE S ST, ,,2,Injury Collision,Rear Ended,5,0,0,4,3,0,2018-08-07 00:00:00+00,8/7/2018 8:33:00 AM,Mid-Block (not related to intersection),14,"MOTOR VEHICLE STRUCK MOTOR VEHICLE, REAR END",True,False,Clear or Partly Cloudy,Dry,Daylight,,,,13.0,From same direction - both going straight - both moving - rear-end,0,0,False,0
-122.376636727449,47.5282851833858,203474,302643,303883,E840266,Matched,Intersection,34685.0,35TH AVE SW AND SW THISTLE ST, ,,2,Injury Collision,Rear Ended,2,0,0,2,1,0,2018-09-18 00:00:00+00,9/18/2018 10:29:00 PM,At Intersection (but not related to intersection),14,"MOTOR VEHICLE STRUCK MOTOR VEHICLE, REAR END",True,False,Clear or Partly Cloudy,Dry,Dark - Street Lights On,,,,13.0,From same direction - both going straight - both moving - rear-end,0,0,False,0
-122.312183572294,47.6926130546135,203475,299828,301028,E820974,Matched,Block,,15TH AVE NE BETWEEN NE 88TH ST AND NE 89TH ST,NEI,"Not Enough Information, or Insufficient Location Information",1,Property Damage Only Collision,Parked Car,2,0,0,2,0,0,2018-07-21 00:00:00+00,7/21/2018 12:00:00 PM,,0,NOT ENOUGH INFORMATION / NOT APPLICABLE,,False,Clear or Partly Cloudy,Dry,Daylight,,,,32.0,One parked--one moving,0,0,True,0
-122.358250928556,47.6395963675334,203476,299604,300804,3812215,Matched,Intersection,27815.0,1ST AVE W AND W MCGRAW ST, ,,1,Property Damage Only Collision,Angles,2,0,0,2,0,0,2018-07-25 00:00:00+00,7/25/2018 6:40:00 PM,At Intersection (intersection related),11,"MOTOR VEHICLE STRUCK MOTOR VEHICLE, FRONT END AT ANGLE",,False,Clear or Partly Cloudy,Dry,Daylight,,,,10.0,Entering at angle,0,0,False,0