longitude,latitude,objectid,inckey,coldetkey,reportno,status,addrtype,intkey,location,exceptrsncode,exceptrsndesc,severitycode,severitydesc,collisiontype,personcount,pedcount,pedcylcount,vehcount,injuries,fatalities,incdate,incdttm,junctiontype,sdot_colcode,sdot_coldesc,inattentionind,underinfl,weather,roadcond,lightcond,pedrownotgrnt,sdotcolnum,speeding,st_colcode,st_coldesc,seglanekey,crosswalkkey,hitparkedcar,seriousinjuries
-122.351867341182,47.6141954902947,203477,300997,302217,E830607,Matched,Block,,ELLIOTT AVE BETWEEN VINE ST AND CEDAR ST, ,,1,Property Damage Only Collision,Cycles,3,0,0,2,0,0,2018-08-17 00:00:00+00,8/17/2018 10:13:00 AM,Mid-Block (not related to intersection),14,"MOTOR VEHICLE STRUCK MOTOR VEHICLE, REAR END",,False,Clear or Partly Cloudy,Dry,Daylight,,,,7.0,Pedalcyclist Strikes Pedalcyclist or Pedestrian,0,0,False,0
-122.366055745979,47.7015129481707,203478,300498,301698,3754243,Matched,Intersection,37118.0,8TH AVE NW AND NW 100TH ST, ,,2,Injury Collision,Angles,2,0,0,2,2,0,2018-08-18 00:00:00+00,8/18/2018 8:41:00 PM,At Intersection (intersection related),11,"MOTOR VEHICLE STRUCK MOTOR VEHICLE, FRONT END AT ANGLE",,True,Clear or Partly Cloudy,Dry,Dark - Street Lights On,,,True,10.0,Entering at angle,0,0,False,0
-122.267363581212,47.5198485264877,203479,300671,301885,E829225,Matched,Intersection,35460.0,52ND AVE S AND RAINIER AVE S, ,,1,Property Damage Only Collision,Right Turn,2,0,0,2,0,0,2018-07-23 00:00:00+00,7/23/2018 6:41:00 AM,At Intersection (intersection related),11,"MOTOR VEHICLE STRUCK MOTOR VEHICLE, FRONT END AT ANGLE",,False,Clear or Partly Cloudy,Dry,Daylight,,,,16.0,From same direction - one right turn - one straight,0,0,False,0
-122.344569406325,47.6628793468945,203480,300697,301917,E829339,Matched,Intersection,25675.0,GREEN LAKE WAY N AND WOODLAND PARK AVE N, ,,2,Injury Collision,Angles,2,0,0,2,2,0,2018-08-07 00:00:00+00,8/7/2018 10:47:00 AM,At Intersection (intersection related),11,"MOTOR VEHICLE STRUCK MOTOR VEHICLE, FRONT END AT ANGLE",,False,Clear or Partly Cloudy,Dry,Daylight,,,,10.0,Entering at angle,0,0,False,0
-122.376466591478,47.5437735800491,203481,300497,301697,E826341,Matched,Block,,35TH AVE SW BETWEEN SW MORGAN ST AND SW HOLLY ST, ,,1,Property Damage Only Collision,Angles,2,0,0,2,0,0,2018-08-02 00:00:00+00,8/2/2018 6:02:00 PM,Driveway Junction,11,"MOTOR VEHICLE STRUCK MOTOR VEHICLE, FRONT END AT ANGLE",,False,Clear or Partly Cloudy,Dry,Daylight,,,,10.0,Entering at angle,0,0,False,0
-122.329046899568,47.5953883405264,203482,300310,301510,3812366,Matched,Block,,4TH AVE S BETWEEN SEATTLE BLVD S AND I90 WB 4TH AV OFF RP, ,,2,Injury Collision,Left Turn,3,0,0,2,2,0,2018-08-12 00:00:00+00,8/12/2018 4:25:00 PM,Mid-Block (not related to intersection),11,"MOTOR VEHICLE STRUCK MOTOR VEHICLE, FRONT END AT ANGLE",,False,Clear or Partly Cloudy,Dry,Daylight,,,,28.0,From opposite direction - one left turn - one straight,0,0,False,0
-122.291321888713,47.5916868775414,203483,301038,302258,E830695,Matched,Block,,32ND AVE S BETWEEN S JUDKINS ST AND S IRVING ST,NEI,"Not Enough Information, or Insufficient Location Information",1,Property Damage Only Collision,Parked Car,2,0,0,2,0,0,2018-08-19 00:00:00+00,8/19/2018 2:00:00 PM,Mid-Block (not related to intersection),12,"MOTOR VEHICLE STRUCK MOTOR VEHICLE, RIGHT SIDE AT ANGLE",,False,Clear or Partly Cloudy,Dry,Daylight,,,,32.0,One parked--one moving,0,0,True,0
-122.300319304013,47.5854837318601,203484,300517,301717,3810958,Matched,Intersection,31437.0,25TH AVE S AND S PLUM ST, ,,2,Injury Collision,Pedestrian,2,0,1,1,1,0,2018-08-16 00:00:00+00,8/16/2018 8:57:00 AM,At Intersection (intersection related),51,PEDALCYCLIST STRUCK MOTOR VEHICLE FRONT END AT ANGLE,,False,Clear or Partly Cloudy,Dry,Daylight,,,,5.0,Vehicle Strikes Pedalcyclist,0,0,False,0
-122.403279171056,47.5821219167664,203485,300980,302200,E830554,Matched,Block,,ALKI AVE SW BETWEEN 55TH AVE SW AND 56TH AVE SW, ,,1,Property Damage Only Collision,Parked Car,2,0,0,2,0,0,2018-08-19 00:00:00+00,8/19/2018 10:00:00 PM,Mid-Block (not related to intersection),14,"MOTOR VEHICLE STRUCK MOTOR VEHICLE, REAR END",,False,Clear or Partly Cloudy,Dry,Dark - Street Lights On,,,,32.0,One parked--one moving,0,0,True,0
-122.329062263647,47.5861701171476,203486,300309,301509,3810952,Matched,Intersection,31348.0,4TH AVE S AND S HOLGATE ST, ,,2,Injury Collision,Pedestrian,2,1,0,1,1,0,2018-08-12 00:00:00+00,8/12/2018 9:59:00 PM,At Intersection (intersection related),24,MOTOR VEHCILE STRUCK PEDESTRIAN,True,False,Clear or Partly Cloudy,Dry,Dusk,True,,,1.0,Vehicle turning right hits pedestrian,0,0,False,0
-122.3446941297,47.7050512133528,203487,300678,301898,E828825,Matched,Intersection,36360.0,AURORA AVE N AND N NORTHGATE WAY, ,,1,Property Damage Only Collision,Angles,2,0,0,2,0,0,2018-08-10 00:00:00+00,8/10/2018 1:09:00 AM,At Intersection (intersection related),14,"MOTOR VEHICLE STRUCK MOTOR VEHICLE, REAR END",,False,Clear or Partly Cloudy,Dry,Dark - Street Lights On,,,,10.0,Entering at angle,0,0,False,0
-122.311929721856,47.6757834401583,203488,300308,301508,3810932,Matched,Intersection,24506.0,15TH AVE NE AND NE 65TH ST, ,,1,Property Damage Only Collision,Left Turn,2,0,0,2,0,0,2018-08-11 00:00:00+00,8/11/2018 5:00:00 PM,At Intersection (intersection related),15,"MOTOR VEHICLE STRUCK MOTOR VEHICLE, RIGHT SIDE SIDESWIPE",,False,Raining,Wet,Daylight,,,,15.0,From same direction - one left turn - one straight,0,0,False,0
-122.264356159829,47.5433693354272,203489,300307,301507,3810931,Matched,Block,,SEWARD PARK AVE S BETWEEN S MORGAN ST AND 55TH S AVE S, ,,2,Injury Collision,Rear Ended,2,0,0,2,1,0,2018-08-11 00:00:00+00,8/11/2018 11:05:00 AM,Mid-Block (not related to intersection),14,"MOTOR VEHICLE STRUCK MOTOR VEHICLE, REAR END",,False,Clear or Partly Cloudy,Dry,Daylight,,,,14.0,From same direction - both going straight - one stopped - rear-end,0,0,False,0
-122.283475823406,47.5358058067211,203490,300306,301506,3810903,Matched,Block,,39TH AVE S BETWEEN S HOLLY PARK DR AND S LYON CT, ,,1,Property Damage Only Collision,Parked Car,2,0,0,2,0,0,2018-08-11 00:00:00+00,8/11/2018 9:45:00 AM,Mid-Block (not related to intersection),11,"MOTOR VEHICLE STRUCK MOTOR VEHICLE, FRONT END AT ANGLE",True,False,Overcast,Dry,Daylight,,,,32.0,One parked--one moving,0,0,False,0
-122.294005642662,47.5729186042637,203491,300503,301703,3810955,Matched,Intersection,32416.0,RAINIER AVE S AND S WALDEN ST, ,,1,Property Damage Only Collision,Left Turn,4,0,0,3,0,0,2018-08-15 00:00:00+00,8/15/2018 7:58:00 AM,At Intersection (intersection related),11,"MOTOR VEHICLE STRUCK MOTOR VEHICLE, FRONT END AT ANGLE",,False,Clear or Partly Cloudy,Dry,Daylight,,,,28.0,From opposite direction - one left turn - one straight,0,0,False,0
-122.310282954398,47.596647706735,203492,301017,302237,E830694,Matched,Block,,S LANE ST BETWEEN 16TH AVE S AND 18TH AVE S, ,,1,Property Damage Only Collision,Parked Car,2,0,0,2,0,0,2018-08-16 00:00:00+00,8/16/2018 9:56:00 AM,Mid-Block (not related to intersection),12,"MOTOR VEHICLE STRUCK MOTOR VEHICLE, RIGHT SIDE AT ANGLE",,False,Clear or Partly Cloudy,Dry,Daylight,,,,32.0,One parked--one moving,0,0,True,0
-122.323239228078,47.5470245031927,203493,300305,301505,3810699,Matched,Block,,S MICHIGAN ST BETWEEN 7TH AVE S AND CORSON AVE S, ,,2b,Serious Injury Collision,Sideswipe,2,0,0,2,1,0,2018-08-11 00:00:00+00,8/11/2018 11:29:00 AM,Mid-Block (not related to intersection),11,"MOTOR VEHICLE STRUCK MOTOR VEHICLE, FRONT END AT ANGLE",,False,Overcast,Dry,Daylight,,,,11.0,From same direction - both going straight - both moving - sideswipe,0,0,False,1
-122.366191344585,47.6636514057797,203494,300672,301886,E829337,Matched,Intersection,25452.0,8TH AVE NW AND NW 48TH ST, ,,2,Injury Collision,Angles,2,0,0,2,1,0,2018-08-12 00:00:00+00,8/12/2018 12:45:00 PM,At Intersection (intersection related),11,"MOTOR VEHICLE STRUCK MOTOR VEHICLE, FRONT END AT ANGLE",,False,Overcast,Dry,Daylight,,,,10.0,Entering at angle,0,0,False,0
-122.344718709224,47.7065459237849,203495,300698,301918,E829340,Matched,Intersection,36359.0,AURORA AVE N AND N 107TH S ST, ,,1,Property Damage Only Collision,Left Turn,2,0,0,2,0,0,2018-08-01 00:00:00+00,8/1/2018 5:13:00 PM,At Intersection (intersection related),11,"MOTOR VEHICLE STRUCK MOTOR VEHICLE, FRONT END AT ANGLE",,False,Clear or Partly Cloudy,Dry,Daylight,,,,28.0,From opposite direction - one left turn - one straight,0,0,False,0
-122.381583609693,47.6759871639452,203496,300304,301504,3751552,Matched,Block,,NW 65TH ST BETWEEN 19TH AVE NW AND 20TH AVE NW, ,,2,Injury Collision,Rear Ended,4,0,0,4,1,0,2018-08-11 00:00:00+00,8/11/2018 1:55:00 PM,Mid-Block (not related to intersection),14,"MOTOR VEHICLE STRUCK MOTOR VEHICLE, REAR END",,False,Clear or Partly Cloudy,Dry,Daylight,,,,14.0,From same direction - both going straight - one stopped - rear-end,0,0,False,0
-122.40470679002,47.5785280723876,203497,300303,301503,3745945,Matched,Block,,SW TEIG PL BETWEEN 56TH AVE SW AND 57TH AVE SW, ,,1,Property Damage Only Collision,Parked Car,2,0,0,2,0,0,2018-08-11 00:00:00+00,8/11/2018 2:53:00 AM,Mid-Block (not related to intersection),14,"MOTOR VEHICLE STRUCK MOTOR VEHICLE, REAR END",,True,Overcast,Dry,Dark - Street Lights On,,,,32.0,One parked--one moving,0,0,True,0
-122.334203660664,47.5743855785793,203498,300502,301702,3810939,Matched,Intersection,32333.0,1ST AVE S AND S HORTON ST, ,,1,Property Damage Only Collision,Left Turn,2,0,0,2,0,0,2018-08-19 00:00:00+00,8/19/2018 4:37:00 PM,At Intersection (intersection related),11,"MOTOR VEHICLE STRUCK MOTOR VEHICLE, FRONT END AT ANGLE",,False,Clear or Partly Cloudy,Dry,Daylight,,,,28.0,From opposite direction - one left turn - one straight,0,0,False,0
-122.317446286251,47.6051977055132,203499,300981,302201,E830693,Matched,Block,,E TERRACE ST BETWEEN 11TH AVE AND 12TH AVE,NEI,"Not Enough Information, or Insufficient Location Information",1,Property Damage Only Collision,Parked Car,2,0,0,2,0,0,2018-08-18 00:00:00+00,8/18/2018 10:00:00 AM,Mid-Block (not related to intersection),14,"MOTOR VEHICLE STRUCK MOTOR VEHICLE, REAR END",,False,Clear or Partly Cloudy,Dry,Daylight,,,,32.0,One parked--one moving,0,0,True,0
-122.339438460033,47.5623236431594,203500,300166,301366,3810687,Matched,Intersection,32192.0,DIAGONAL AVE S AND EAST MARGINAL WAY S, ,,1,Property Damage Only Collision,Rear Ended,3,0,0,3,0,0,2018-08-03 00:00:00+00,8/3/2018 8:29:00 AM,At Intersection (but not related to intersection),14,"MOTOR VEHICLE STRUCK MOTOR VEHICLE, REAR END",,False,Overcast,Dry,Daylight,,,,14.0,From same direction - both going straight - one stopped - rear-end,0,0,False,0
-122.345093485642,47.7338172559978,203501,300165,301365,3754146,Matched,Intersection,35703.0,AURORA AVE N AND ROOSEVELT WAY N, ,,1,Property Damage Only Collision,Sideswipe,3,0,0,2,0,0,2018-08-04 00:00:00+00,8/4/2018 10:45:00 PM,At Intersection (but not related to intersection),11,"MOTOR VEHICLE STRUCK MOTOR VEHICLE, FRONT END AT ANGLE",True,False,Clear or Partly Cloudy,Dry,Dark - Street Lights On,,,,11.0,From same direction - both going straight - both moving - sideswipe,0,0,False,0
-122.340986326195,47.6646620715693,203503,300164,301364,E823282,Matched,Block,,GREEN LAKE WAY N BETWEEN N 49TH ST AND N 50TH ST, ,,2,Injury Collision,Rear Ended,4,0,0,2,3,0,2018-07-30 00:00:00+00,7/30/2018 2:41:00 PM,Mid-Block (but intersection related),14,"MOTOR VEHICLE STRUCK MOTOR VEHICLE, REAR END",True,False,Clear or Partly Cloudy,Dry,Daylight,,,,14.0,From same direction - both going straight - one stopped - rear-end,0,0,False,0
-122.338903693621,47.6092851430891,203504,300518,301718,3811527,Matched,Intersection,29592.0,2ND AVE AND PIKE ST, ,,1,Property Damage Only Collision,Angles,2,0,0,2,0,0,2018-08-19 00:00:00+00,8/19/2018 2:30:00 AM,At Intersection (intersection related),11,"MOTOR VEHICLE STRUCK MOTOR VEHICLE, FRONT END AT ANGLE",True,False,Clear or Partly Cloudy,Dry,Dark - Street Lights On,,,,10.0,Entering at angle,0,0,False,0
-122.324044648647,47.6607695277003,203505,300163,301363,3754145,Matched,Block,,4TH AVE NE BETWEEN NE 44TH ST AND NE 45TH ST, ,,1,Property Damage Only Collision,Parked Car,2,0,0,2,0,0,2018-08-04 00:00:00+00,8/4/2018 1:55:00 PM,Mid-Block (not related to intersection),14,"MOTOR VEHICLE STRUCK MOTOR VEHICLE, REAR END",,False,Clear or Partly Cloudy,Dry,Daylight,,,,32.0,One parked--one moving,0,0,True,0
-122.334214504066,47.5556630572248,203506,300501,301701,3810933,Matched,Intersection,33026.0,1ST AVE S AND S DAWSON ST, ,,2,Injury Collision,Angles,2,0,0,2,1,0,2018-08-17 00:00:00+00,8/17/2018 2:24:00 PM,At Intersection (intersection related),11,"MOTOR VEHICLE STRUCK MOTOR VEHICLE, FRONT END AT ANGLE",,False,Clear or Partly Cloudy,Dry,Daylight,,,,10.0,Entering at angle,0,0,False,0
-122.314910410956,47.5264408888266,203507,300699,301919,E829341,Matched,Intersection,35097.0,14TH AVE S AND S CLOVERDALE ST, ,,2b,Serious Injury Collision,Pedestrian,2,1,0,1,1,0,2018-08-07 00:00:00+00,8/7/2018 5:34:00 PM,At Intersection (intersection related),24,MOTOR VEHCILE STRUCK PEDESTRIAN,,False,Clear or Partly Cloudy,Dry,Daylight,,,,0.0,Vehicle going straight hits pedestrian,0,520786,False,1
-122.313438520802,47.5966546560971,203508,301037,302257,E830609,Matched,Block,,S LANE ST BETWEEN CORWIN PL S AND DEARBORN PL S,NEI,"Not Enough Information, or Insufficient Location Information",1,Property Damage Only Collision,Parked Car,2,0,0,2,0,0,2018-08-16 00:00:00+00,8/16/2018 8:20:00 PM,,0,NOT ENOUGH INFORMATION / NOT APPLICABLE,,False,Clear or Partly Cloudy,Dry,Dusk,,,,32.0,One parked--one moving,0,0,True,0
-122.290650199808,47.7119594158179,203509,300162,301362,3754143,Matched,Intersection,36830.0,35TH AVE NE AND NE 115TH ST, ,,1,Property Damage Only Collision,Other,1,0,0,1,0,0,2018-08-04 00:00:00+00,8/4/2018 7:36:00 AM,At Intersection (intersection related),28,MOTOR VEHICLE RAN OFF ROAD - HIT FIXED OBJECT,,False,Overcast,Dry,Daylight,,,True,50.0,Fixed object,0,0,False,0
-122.313132849064,47.6231023430143,203510,300677,301897,E828745,Matched,Block,,E REPUBLICAN ST BETWEEN MALDEN AVE E AND 15TH S AVE E, ,,1,Property Damage Only Collision,Parked Car,2,0,0,2,0,0,2018-07-31 00:00:00+00,7/31/2018 3:15:00 PM,Driveway Junction,11,"MOTOR VEHICLE STRUCK MOTOR VEHICLE, FRONT END AT ANGLE",True,False,Clear or Partly Cloudy,Dry,Daylight,,,,32.0,One parked--one moving,0,0,False,0
-122.376353761605,47.549234015098,203511,300499,301699,E826342,Matched,Block,,35TH AVE SW BETWEEN SW JUNEAU ST AND SW RAYMOND ST, ,,1,Property Damage Only Collision,Sideswipe,4,0,0,3,0,0,2018-08-02 00:00:00+00,8/2/2018 5:33:00 PM,Mid-Block (not related to intersection),11,"MOTOR VEHICLE STRUCK MOTOR VEHICLE, FRONT END AT ANGLE",True,False,Clear or Partly Cloudy,Dry,Daylight,,,,11.0,From same direction - both going straight - both moving - sideswipe,0,0,False,0
-122.270000897223,47.5186529469478,203512,302306,303526,E838191,Matched,Block,,51ST AVE S BETWEEN S FLETCHER ST AND S CAMBRIDGE ST, ,,1,Property Damage Only Collision,Rear Ended,2,0,0,2,0,0,2018-09-14 00:00:00+00,9/14/2018 6:11:00 PM,Mid-Block (not related to intersection),14,"MOTOR VEHICLE STRUCK MOTOR VEHICLE, REAR END",,False,Overcast,Dry,Daylight,,,,14.0,From same direction - both going straight - one stopped - rear-end,0,0,False,0
-122.297400774944,47.7156139858331,203513,302299,303519,3810328,Matched,Intersection,36622.0,LAKE CITY WAY NE AND NE 120TH ST, ,,1,Property Damage Only Collision,Angles,2,0,0,2,0,0,2018-08-01 00:00:00+00,8/1/2018 4:48:00 PM,At Intersection (intersection related),14,"MOTOR VEHICLE STRUCK MOTOR VEHICLE, REAR END",True,False,Overcast,Dry,Daylight,,,,10.0,Entering at angle,0,0,False,0
-122.310511014945,47.5567178883929,203514,302113,303333,E819840,Matched,Intersection,33328.0,17TH AVE S AND S PEARL ST, ,,1,Property Damage Only Collision,Angles,2,0,0,2,0,0,2018-07-18 00:00:00+00,7/18/2018 6:20:00 PM,At Intersection (intersection related),11,"MOTOR VEHICLE STRUCK MOTOR VEHICLE, FRONT END AT ANGLE",,False,Clear or Partly Cloudy,Dry,Dusk,,,,10.0,Entering at angle,0,0,False,0
-122.34384249538,47.6239259042888,203515,301798,303018,E834739,Matched,Block,,AURORA AVE N BETWEEN AURORA AV NB OFF RP AND AURORA AV SB OFF RP, ,,2,Injury Collision,Other,1,0,0,1,1,0,2018-08-31 00:00:00+00,8/31/2018 7:54:00 AM,Mid-Block (not related to intersection),26,MOTOR VEHICLE STRUCK OBJECT IN ROAD,True,False,Overcast,Wet,Daylight,,,,50.0,Fixed object,0,0,False,0
-122.32348350211,47.7340529814808,203516,301948,303168,E808240,Matched,Intersection,35853.0,5TH AVE NE AND NE 145TH ST, ,,1,Property Damage Only Collision,Right Turn,2,0,0,2,0,0,2018-06-10 00:00:00+00,6/10/2018 11:06:00 PM,At Intersection (intersection related),14,"MOTOR VEHICLE STRUCK MOTOR VEHICLE, REAR END",,False,Clear or Partly Cloudy,Dry,Dark - Street Lights On,,,,16.0,From same direction - one right turn - one straight,0,0,False,0
-122.344771984862,47.6111727702874,203572,300179,301379,E822975,Matched,Intersection,29722.0,LENORA ST AND WESTERN AVE, ,,2,Injury Collision,Pedestrian,2,1,0,1,1,0,2018-07-12 00:00:00+00,7/12/2018 8:36:00 AM,At Intersection (intersection related),24,MOTOR VEHCILE STRUCK PEDESTRIAN,True,False,Clear or Partly Cloudy,Dry,Daylight,,,,2.0,Vehicle turning left hits pedestrian,0,523760,False,0
-122.334830436099,47.52390152387,203517,301954,303174,E809521,Matched,Block,,1ST AVE S BETWEEN 1ST AVS OFF S RP AND 1ST AVS ON S RP, ,,2,Injury Collision,Rear Ended,4,0,0,2,1,0,2018-06-11 00:00:00+00,6/11/2018 8:39:00 AM,Mid-Block (not related to intersection),14,"MOTOR VEHICLE STRUCK MOTOR VEHICLE, REAR END",True,False,Clear or Partly Cloudy,Dry,Daylight,,,True,13.0,From same direction - both going straight - both moving - rear-end,0,0,False,0
-122.310949419142,47.5951162837385,203518,301797,303017,E835323,Matched,Block,,RAINIER AVE S BETWEEN S DEARBORN ST AND S CHARLES N ST, ,,1,Property Damage Only Collision,Other,2,0,0,2,0,0,2018-09-04 00:00:00+00,9/4/2018 9:39:00 AM,Mid-Block (not related to intersection),11,"MOTOR VEHICLE STRUCK MOTOR VEHICLE, FRONT END AT ANGLE",,False,Clear or Partly Cloudy,Dry,Daylight,,,,23.0,From same direction - all others,0,0,False,0
-122.308961162512,47.601259952981,203519,302497,303737,3814252,Matched,Block,,18TH AVE S BETWEEN E YESLER WAY AND S WASHINGTON ST, ,,1,Property Damage Only Collision,Parked Car,3,0,0,3,0,0,2018-08-19 00:00:00+00,8/19/2018 6:33:00 PM,Mid-Block (not related to intersection),14,"MOTOR VEHICLE STRUCK MOTOR VEHICLE, REAR END",,False,Clear or Partly Cloudy,Dry,Daylight,,,,32.0,One parked--one moving,0,0,False,0
-122.340405438896,47.6232165152686,203520,301779,302999,E835319,Matched,Block,,REPUBLICAN ST BETWEEN 8TH AVE N AND 9TH AVE N, ,,1,Property Damage Only Collision,Angles,2,0,0,2,0,0,2018-09-05 00:00:00+00,9/5/2018 3:26:00 PM,Driveway Junction,11,"MOTOR VEHICLE STRUCK MOTOR VEHICLE, FRONT END AT ANGLE",True,False,Clear or Partly Cloudy,Dry,Daylight,,,,10.0,Entering at angle,0,0,False,0
-122.305827396494,47.5884106013236,203521,302304,303524,3810920,Matched,Intersection,31517.0,RAINIER AVE S AND S MASSACHUSETTS ST, ,,2b,Serious Injury Collision,Left Turn,2,0,0,2,1,0,2018-09-15 00:00:00+00,9/15/2018 9:49:00 PM,At Intersection (intersection related),11,"MOTOR VEHICLE STRUCK MOTOR VEHICLE, FRONT END AT ANGLE",,False,Overcast,Wet,Dark - Street Lights On,,,,28.0,From opposite direction - one left turn - one straight,0,0,False,1
-122.328879836598,47.7340948741846,203522,302116,303336,E820074,Matched,Intersection,35906.0,1ST AVE NE AND NE 145TH ST, ,,1,Property Damage Only Collision,Rear Ended,3,0,0,2,0,0,2018-07-20 00:00:00+00,7/20/2018 3:58:00 PM,At Intersection (but not related to intersection),14,"MOTOR VEHICLE STRUCK MOTOR VEHICLE, REAR END",,False,Clear or Partly Cloudy,Dry,Daylight,,,,14.0,From same direction - both going straight - one stopped - rear-end,0,0,False,0
-122.334762317446,47.5254167310125,203523,301943,303163,E808136,Matched,Block,,1ST AVE S BETWEEN S CLOVERDALE W ST AND 1ST AVS OFF S RP, ,,1,Property Damage Only Collision,Rear Ended,2,0,0,2,0,0,2018-06-12 00:00:00+00,6/12/2018 8:07:00 AM,Mid-Block (not related to intersection),14,"MOTOR VEHICLE STRUCK MOTOR VEHICLE, REAR END",,False,Clear or Partly Cloudy,Dry,Daylight,,,,14.0,From same direction - both going straight - one stopped - rear-end,0,0,False,0
-122.334502764596,47.539605662376,203524,302111,303331,E819654,Matched,Block,,1ST AVE S BETWEEN SW MICHIGAN ST AND WEST MARGINAL WAY S, ,,1,Property Damage Only Collision,Rear Ended,3,0,0,2,0,0,2018-07-18 00:00:00+00,7/18/2018 6:38:00 PM,Mid-Block (not related to intersection),14,"MOTOR VEHICLE STRUCK MOTOR VEHICLE, REAR END",True,False,Clear or Partly Cloudy,Dry,Daylight,,,,14.0,From same direction - both going straight - one stopped - rear-end,0,0,False,0
-122.297437802434,47.5907755481834,203525,301778,302998,E834731,Matched,Block,,M L KING JR WAY S BETWEEN S IRVING ST AND MOUNTAINS TO SOUND TRL, ,,2,Injury Collision,Rear Ended,2,0,0,2,1,0,2018-08-30 00:00:00+00,8/30/2018 6:19:00 PM,Mid-Block (not related to intersection),14,"MOTOR VEHICLE STRUCK MOTOR VEHICLE, REAR END",,False,Clear or Partly Cloudy,Dry,Daylight,,,,14.0,From same direction - both going straight - one stopped - rear-end,0,0,False,0
-122.304459872578,47.5598764678134,203527,301777,302997,E834257,Matched,Block,,BEACON ER AVE S BETWEEN S ANGELINE ST AND S COLUMBIAN WAY, ,,1,Property Damage Only Collision,Left Turn,2,0,0,2,0,0,2018-08-29 00:00:00+00,8/29/2018 9:53:00 AM,Driveway Junction,11,"MOTOR VEHICLE STRUCK MOTOR VEHICLE, FRONT END AT ANGLE",,False,Clear or Partly Cloudy,Dry,Daylight,,,,15.0,From same direction - one left turn - one straight,0,0,False,0
-122.285963622034,47.559463826399,203528,301534,302774,E832987,Matched,Intersection,33562.0,RAINIER AVE S AND S ANGELINE ST, ,,1,Property Damage Only Collision,Rear Ended,5,0,0,3,0,0,2018-08-28 00:00:00+00,8/28/2018 5:04:00 PM,At Intersection (intersection related),14,"MOTOR VEHICLE STRUCK MOTOR VEHICLE, REAR END",,False,Clear or Partly Cloudy,Dry,Daylight,,,,14.0,From same direction - both going straight - one stopped - rear-end,0,0,False,0
-122.382024847879,47.5273272889763,203529,302517,303757,3745950,Matched,Block,,39TH AVE SW BETWEEN SW SULLIVAN ST AND SW TILLMAN ST, ,,1,Property Damage Only Collision,Parked Car,2,0,0,2,0,0,2018-09-01 00:00:00+00,9/1/2018 12:01:00 AM,Mid-Block (not related to intersection),11,"MOTOR VEHICLE STRUCK MOTOR VEHICLE, FRONT END AT ANGLE",True,False,Overcast,Dry,Dark - Street Lights On,,,,32.0,One parked--one moving,0,0,True,0
-122.360460045506,47.5282836034868,203530,301533,302773,E832619,Matched,Intersection,34843.0,DELRIDGE WAY SW AND SW THISTLE ST, ,,1,Property Damage Only Collision,Angles,2,0,0,2,0,0,2018-08-25 00:00:00+00,8/25/2018 12:00:00 PM,At Intersection (intersection related),14,"MOTOR VEHICLE STRUCK MOTOR VEHICLE, REAR END",,False,Unknown,Unknown,Unknown,,,,10.0,Entering at angle,0,0,False,0
-122.312441486871,47.5970729040999,203531,301802,303022,E834740,Matched,Block,,RAINIER AVE S BETWEEN S WELLER ST AND S LANE ST, ,,1,Property Damage Only Collision,Parked Car,3,0,0,3,0,0,2018-08-31 00:00:00+00,8/31/2018 9:50:00 AM,Mid-Block (not related to intersection),11,"MOTOR VEHICLE STRUCK MOTOR VEHICLE, FRONT END AT ANGLE",,False,Clear or Partly Cloudy,Dry,Daylight,,,,32.0,One parked--one moving,0,0,True,0
-122.29043731649,47.5510401482668,203532,302302,303522,3810815,Matched,Intersection,33623.0,33RD AVE S AND S ORCAS ST, ,,1,Property Damage Only Collision,Angles,2,0,0,2,0,0,2018-09-17 00:00:00+00,9/17/2018 8:50:00 AM,At Intersection (intersection related),11,"MOTOR VEHICLE STRUCK MOTOR VEHICLE, FRONT END AT ANGLE",True,False,Clear or Partly Cloudy,Dry,Daylight,,,,10.0,Entering at angle,0,0,False,0
-122.32154993011,47.6054116959978,203533,302495,303735,3814208,Matched,Block,,BOREN AVE BETWEEN TERRACE ST AND JEFFERSON ST, ,,1,Property Damage Only Collision,Other,5,0,0,2,0,0,2018-09-02 00:00:00+00,9/2/2018 4:05:00 PM,Mid-Block (not related to intersection),11,"MOTOR VEHICLE STRUCK MOTOR VEHICLE, FRONT END AT ANGLE",,False,Clear or Partly Cloudy,Dry,Daylight,,,,23.0,From same direction - all others,0,0,False,0
-122.261598501495,47.5192976438985,203534,302301,303521,3810811,Matched,Intersection,35457.0,57TH AVE S AND WATERS AVE S, ,,2b,Serious Injury Collision,Head On,3,0,0,2,2,0,2018-09-16 00:00:00+00,9/16/2018 12:10:00 AM,At Intersection (intersection related),11,"MOTOR VEHICLE STRUCK MOTOR VEHICLE, FRONT END AT ANGLE",,True,Raining,Wet,Dark - Street Lights On,,,,24.0,From opposite direction - both moving - head-on,0,0,False,1
-122.334275943277,47.7341365013854,203535,302114,303334,E820071,Matched,Intersection,35910.0,MERIDIAN AVE N AND N 145TH ST, ,,2,Injury Collision,Rear Ended,3,0,0,2,1,0,2018-07-16 00:00:00+00,7/16/2018 3:16:00 PM,At Intersection (but not related to intersection),14,"MOTOR VEHICLE STRUCK MOTOR VEHICLE, REAR END",,False,Clear or Partly Cloudy,Dry,Daylight,,,,13.0,From same direction - both going straight - both moving - rear-end,0,0,False,0