longitude,latitude,objectid,inckey,coldetkey,reportno,status,addrtype,intkey,location,exceptrsncode,exceptrsndesc,severitycode,severitydesc,collisiontype,personcount,pedcount,pedcylcount,vehcount,injuries,fatalities,incdate,incdttm,junctiontype,sdot_colcode,sdot_coldesc,inattentionind,underinfl,weather,roadcond,lightcond,pedrownotgrnt,sdotcolnum,speeding,st_colcode,st_coldesc,seglanekey,crosswalkkey,hitparkedcar,seriousinjuries
-122.286489582427,47.5601093892801,203536,301532,302772,E832986,Matched,Block,,RAINIER AVE S BETWEEN S ALASKA ST AND S ANGELINE ST, ,,2,Injury Collision,Sideswipe,4,0,0,2,1,0,2018-08-13 00:00:00+00,8/13/2018 7:23:00 PM,Mid-Block (not related to intersection),11,"MOTOR VEHICLE STRUCK MOTOR VEHICLE, FRONT END AT ANGLE",,False,Clear or Partly Cloudy,Dry,Daylight,,,,11.0,From same direction - both going straight - both moving - sideswipe,0,0,False,0
-122.35459810077,47.5173571134,203537,301950,303170,E808777,Matched,Block,,SW ROXBURY ST BETWEEN 15TH AVE SW AND DELRIDGE WAY SW, ,,1,Property Damage Only Collision,Other,1,0,0,1,0,0,2018-06-04 00:00:00+00,6/4/2018 1:36:00 AM,Mid-Block (not related to intersection),14,"MOTOR VEHICLE STRUCK MOTOR VEHICLE, REAR END",,True,Overcast,Dry,Dark - Street Lights On,,,,50.0,Fixed object,0,0,False,0
-122.34013076417,47.5172725182138,203538,302109,303329,E818955,Matched,Intersection,34984.0,OLSON PL SW AND SW ROXBURY ST, ,,2,Injury Collision,Left Turn,2,0,0,2,1,0,2018-07-17 00:00:00+00,7/17/2018 5:10:00 PM,At Intersection (intersection related),11,"MOTOR VEHICLE STRUCK MOTOR VEHICLE, FRONT END AT ANGLE",,False,Clear or Partly Cloudy,Dry,Daylight,,,,28.0,From opposite direction - one left turn - one straight,0,0,False,0
-122.33911050158,47.5574125244108,203539,301531,302771,E832985,Matched,Intersection,33017.0,EAST MARGINAL WAY S AND S HUDSON ST, ,,1,Property Damage Only Collision,Rear Ended,3,0,0,2,0,0,2018-08-23 00:00:00+00,8/23/2018 2:36:00 PM,At Intersection (intersection related),14,"MOTOR VEHICLE STRUCK MOTOR VEHICLE, REAR END",True,False,Overcast,Dry,Daylight,,,,14.0,From same direction - both going straight - one stopped - rear-end,0,0,False,0
-122.391758117424,47.5854562983344,203540,302498,303738,3693168,Matched,Intersection,31125.0,47TH AVE SW AND SW HILL ST, ,,1,Property Damage Only Collision,Angles,2,0,0,2,0,0,2018-08-31 00:00:00+00,8/31/2018 10:19:00 PM,At Intersection (but not related to intersection),11,"MOTOR VEHICLE STRUCK MOTOR VEHICLE, FRONT END AT ANGLE",,False,Clear or Partly Cloudy,Dry,Dark - Street Lights On,,,,10.0,Entering at angle,0,0,False,0
-122.376218029378,47.6664334716106,203541,301530,302770,E832617,Matched,Intersection,25437.0,15TH AVE NW AND NW 52ND ST, ,,2,Injury Collision,Other,1,0,0,1,1,0,2018-08-22 00:00:00+00,8/22/2018 1:26:00 PM,At Intersection (intersection related),11,"MOTOR VEHICLE STRUCK MOTOR VEHICLE, FRONT END AT ANGLE",,False,Clear or Partly Cloudy,Dry,Daylight,,,,52.0,Vehicle overturned,0,0,False,0
-122.305270414786,47.6442911669754,203542,302305,303525,E829158,Matched,Block,,MONTLAKE BV ON RP BETWEEN SR520 WB AND MONTLAKE BLVD E, ,,1,Property Damage Only Collision,Sideswipe,2,0,0,2,0,0,2018-08-15 00:00:00+00,8/15/2018 9:26:00 PM,Mid-Block (not related to intersection),11,"MOTOR VEHICLE STRUCK MOTOR VEHICLE, FRONT END AT ANGLE",,False,Clear or Partly Cloudy,Dry,Dark - Street Lights On,,,,11.0,From same direction - both going straight - both moving - sideswipe,0,0,False,0
-122.29475722716,47.5628275235956,203543,302298,303518,3756131,Matched,Intersection,32489.0,M L KING JR WR WAY S AND S COLUMBIAN WAY, ,,2,Injury Collision,Pedestrian,2,1,0,1,1,0,2018-09-15 00:00:00+00,9/15/2018 6:20:00 PM,At Intersection (intersection related),24,MOTOR VEHCILE STRUCK PEDESTRIAN,,False,Raining,Wet,Daylight,,,,2.0,Vehicle turning left hits pedestrian,0,544851,False,0
-122.35514465491,47.519195670263,203544,301801,303021,3745754,Matched,Intersection,35051.0,16TH AVE SW AND SW CAMBRIDGE ST, ,,1,Property Damage Only Collision,Angles,4,0,0,2,0,0,2018-09-09 00:00:00+00,9/9/2018 7:57:00 PM,At Intersection (intersection related),11,"MOTOR VEHICLE STRUCK MOTOR VEHICLE, FRONT END AT ANGLE",,False,Overcast,Wet,Dark - Street Lights On,,,,10.0,Entering at angle,0,0,False,0
-122.27898248493,47.5232707068686,203545,302112,303332,E819743,Matched,Intersection,487378.0,M L KING JR ER WAY S AND S HENDERSON ST, ,,1,Property Damage Only Collision,Other,3,0,0,2,0,0,2018-07-18 00:00:00+00,7/18/2018 10:37:00 PM,At Intersection (intersection related),11,"MOTOR VEHICLE STRUCK MOTOR VEHICLE, FRONT END AT ANGLE",,False,Clear or Partly Cloudy,Dry,Dark - Street Lights On,,,,41.0,Vehicle Strikes Railway Vehicle,0,0,False,0
-122.277664110188,47.5511760244803,203546,301529,302769,E832984,Matched,Intersection,33512.0,RAINIER AVE S AND S ORCAS ST, ,,2,Injury Collision,Rear Ended,2,0,0,2,1,0,2018-08-23 00:00:00+00,8/23/2018 1:25:00 PM,At Intersection (intersection related),14,"MOTOR VEHICLE STRUCK MOTOR VEHICLE, REAR END",,False,Clear or Partly Cloudy,Dry,Daylight,,,,13.0,From same direction - both going straight - both moving - rear-end,0,0,False,0
-122.376339148992,47.6318653190029,203548,301953,303173,E809138,Matched,Block,,W GALER ST FLYOVER BETWEEN MAGNOLIA BR WB AND PIER 91 ACCESS RD, ,,1,Property Damage Only Collision,Head On,2,0,0,2,0,0,2018-06-16 00:00:00+00,6/16/2018 2:00:00 PM,Mid-Block (not related to intersection),14,"MOTOR VEHICLE STRUCK MOTOR VEHICLE, REAR END",,False,Clear or Partly Cloudy,Dry,Daylight,,,,24.0,From opposite direction - both moving - head-on,0,0,False,0
-122.314529836452,47.5716241785597,203549,301527,302767,E832983,Matched,Intersection,32247.0,S COLUMBIAN WAY AND S SPOKANE ST, ,,1,Property Damage Only Collision,Right Turn,3,0,0,2,0,0,2018-08-22 00:00:00+00,8/22/2018 2:15:00 PM,At Intersection (intersection related),11,"MOTOR VEHICLE STRUCK MOTOR VEHICLE, FRONT END AT ANGLE",True,False,Clear or Partly Cloudy,Dry,Daylight,,,,16.0,From same direction - one right turn - one straight,0,0,False,0
-122.306700680997,47.6204852736661,203550,302496,303736,3814209,Matched,Block,,E THOMAS ST BETWEEN 19TH AVE E AND 20TH AVE E, ,,1,Property Damage Only Collision,Parked Car,3,0,0,3,0,0,2018-09-02 00:00:00+00,9/2/2018 2:45:00 AM,Mid-Block (not related to intersection),11,"MOTOR VEHICLE STRUCK MOTOR VEHICLE, FRONT END AT ANGLE",,False,Clear or Partly Cloudy,Dry,Dark - Street Lights On,,,,32.0,One parked--one moving,0,0,False,0
-122.324059300132,47.5712593754594,203551,301947,303167,E808231,Matched,Block,,WEST SEATTLE BR EB BETWEEN 6TH AV S - I5 NB RP AND W SEATTLE BR - I5 SB RP, ,,1,Property Damage Only Collision,Other,1,0,0,1,0,0,2018-06-09 00:00:00+00,6/9/2018 7:14:00 PM,Mid-Block (not related to intersection),26,MOTOR VEHICLE STRUCK OBJECT IN ROAD,,False,Raining,Wet,Dusk,,,True,50.0,Fixed object,0,0,False,0
-122.342626914365,47.6516186508064,203552,301057,302277,E830615,Matched,Block,,STONE WAY N BETWEEN N 36TH ST AND N 38TH ST,NEI,"Not Enough Information, or Insufficient Location Information",1,Property Damage Only Collision,Parked Car,2,0,0,2,0,0,2018-08-17 00:00:00+00,8/17/2018 10:00:00 PM,,0,NOT ENOUGH INFORMATION / NOT APPLICABLE,,False,Unknown,Unknown,Unknown,,,,32.0,One parked--one moving,0,0,True,0
-122.33711053345,47.5394710826971,203553,302303,303523,E838565,Matched,Block,,2ND AVE SW BETWEEN HIGHLAND PARK WAY SW AND 2ND AV SW TURN RD, ,,2,Injury Collision,Rear Ended,3,0,0,3,1,0,2018-09-12 00:00:00+00,9/12/2018 5:45:00 PM,Mid-Block (not related to intersection),14,"MOTOR VEHICLE STRUCK MOTOR VEHICLE, REAR END",,False,Clear or Partly Cloudy,Dry,Dusk,,,,14.0,From same direction - both going straight - one stopped - rear-end,0,0,False,0
-122.283688930945,47.5788678505063,203554,301799,303019,E835324,Matched,Block,,LAKE WASHINGTON BLVD S BETWEEN LAKE PARK DR S AND S HORTON NR ST, ,,2,Injury Collision,Rear Ended,2,0,0,2,1,0,2018-09-05 00:00:00+00,9/5/2018 8:30:00 AM,Mid-Block (not related to intersection),14,"MOTOR VEHICLE STRUCK MOTOR VEHICLE, REAR END",True,False,Clear or Partly Cloudy,Dry,Daylight,,,,13.0,From same direction - both going straight - both moving - rear-end,0,0,False,0
-122.333450088436,47.5466407943935,203555,302110,303330,E819617,Matched,Block,,EAST MARGINAL WAY S BETWEEN 1ST AV S BR NB AND S FRONT ST, ,,1,Property Damage Only Collision,Rear Ended,2,0,0,2,0,0,2018-07-14 00:00:00+00,7/14/2018 8:23:00 PM,Mid-Block (not related to intersection),14,"MOTOR VEHICLE STRUCK MOTOR VEHICLE, REAR END",,False,Clear or Partly Cloudy,Dry,Daylight,,,,13.0,From same direction - both going straight - both moving - rear-end,0,0,False,0
-122.366178439812,47.6690405569174,203556,302115,303335,E837130,Matched,Block,,8TH AVE NW BETWEEN NW MARKET ST AND NW 56TH ST, ,,1,Property Damage Only Collision,Sideswipe,2,0,0,2,0,0,2018-09-06 00:00:00+00,9/6/2018 11:03:00 AM,Mid-Block (not related to intersection),11,"MOTOR VEHICLE STRUCK MOTOR VEHICLE, FRONT END AT ANGLE",,False,Clear or Partly Cloudy,Dry,Daylight,,,,11.0,From same direction - both going straight - both moving - sideswipe,0,0,False,0
-122.334254881489,47.6185172883102,203557,301039,302259,E830610,Matched,Intersection,29504.0,DENNY WAY AND FAIRVIEW AVE, ,,2,Injury Collision,Rear Ended,3,0,0,2,2,0,2018-08-16 00:00:00+00,8/16/2018 1:55:00 PM,At Intersection (intersection related),14,"MOTOR VEHICLE STRUCK MOTOR VEHICLE, REAR END",,False,Clear or Partly Cloudy,Dry,Daylight,,,,13.0,From same direction - both going straight - both moving - rear-end,0,0,False,0
-122.307344395394,47.7338906325121,203560,301946,303166,E808230,Matched,Intersection,36075.0,20TH AVE NE AND NE 145TH ST, ,,2,Injury Collision,Angles,2,0,0,2,1,0,2018-06-08 00:00:00+00,6/8/2018 4:37:00 PM,At Intersection (intersection related),11,"MOTOR VEHICLE STRUCK MOTOR VEHICLE, FRONT END AT ANGLE",,False,Raining,Wet,Daylight,,,True,10.0,Entering at angle,0,0,False,0
-122.320760198743,47.6111690758969,203561,299611,300811,3814088,Matched,Intersection,29772.0,BROADWAY AND MADISON ST, ,,2,Injury Collision,Angles,7,0,0,5,2,0,2018-07-15 00:00:00+00,7/15/2018 11:42:00 AM,At Intersection (intersection related),11,"MOTOR VEHICLE STRUCK MOTOR VEHICLE, FRONT END AT ANGLE",,False,Clear or Partly Cloudy,Dry,Daylight,,,True,10.0,Entering at angle,0,0,False,0
-122.315619018101,47.6199462972203,203562,302873,304113,E838793,Matched,Intersection,29056.0,13TH AVE E AND E JOHN ST, ,,2,Injury Collision,Angles,2,0,0,2,1,0,2018-09-12 00:00:00+00,9/12/2018 2:04:00 PM,At Intersection (intersection related),11,"MOTOR VEHICLE STRUCK MOTOR VEHICLE, FRONT END AT ANGLE",,False,Clear or Partly Cloudy,Dry,Daylight,,,,10.0,Entering at angle,0,0,False,0
-122.311093136333,47.5523377602769,203564,299857,301057,E822379,Matched,Block,,17TH AVE S BETWEEN S LUCILE ST AND S ORCAS ST,NEI,"Not Enough Information, or Insufficient Location Information",1,Property Damage Only Collision,Parked Car,2,0,0,2,0,0,2018-07-22 00:00:00+00,7/22/2018 10:00:00 AM,Mid-Block (not related to intersection),12,"MOTOR VEHICLE STRUCK MOTOR VEHICLE, RIGHT SIDE AT ANGLE",,False,Clear or Partly Cloudy,Dry,Daylight,,,,32.0,One parked--one moving,0,0,True,0
-122.296188092457,47.5783471461438,203565,300168,301368,3810690,Matched,Intersection,31481.0,M L KING JR WAY S AND S MCCLELLAN ST, ,,1,Property Damage Only Collision,Other,2,0,0,2,0,0,2018-08-04 00:00:00+00,8/4/2018 9:45:00 AM,At Intersection (intersection related),11,"MOTOR VEHICLE STRUCK MOTOR VEHICLE, FRONT END AT ANGLE",True,False,Clear or Partly Cloudy,Dry,Daylight,,,,23.0,From same direction - all others,0,0,False,0
-122.361091865746,47.5379541665937,203566,299998,301198,3745629,Matched,Intersection,33963.0,DELRIDGE WAY SW AND SW ORCHARD ST, ,,1,Property Damage Only Collision,Left Turn,2,0,0,2,0,0,2018-08-03 00:00:00+00,8/3/2018 6:36:00 PM,At Intersection (intersection related),11,"MOTOR VEHICLE STRUCK MOTOR VEHICLE, FRONT END AT ANGLE",,False,Clear or Partly Cloudy,Dry,Daylight,,,,28.0,From opposite direction - one left turn - one straight,0,0,False,0
-122.316780466471,47.6062030452542,203567,302872,304112,3814268,Matched,Intersection,29809.0,12TH AVE AND E JEFFERSON ST, ,,2,Injury Collision,Left Turn,5,0,0,2,5,0,2018-09-22 00:00:00+00,9/22/2018 7:16:00 PM,At Intersection (intersection related),11,"MOTOR VEHICLE STRUCK MOTOR VEHICLE, FRONT END AT ANGLE",True,False,Clear or Partly Cloudy,Dry,Dark - Street Lights On,,,,28.0,From opposite direction - one left turn - one straight,0,0,False,0
-122.328316233791,47.6000350458197,203568,299833,301033,E822327,Matched,Block,,S MAIN ST BETWEEN 4TH AVE S AND 5TH AVE S, ,,1,Property Damage Only Collision,Parked Car,2,0,0,2,0,0,2018-07-15 00:00:00+00,7/15/2018 2:36:00 PM,Mid-Block (not related to intersection),11,"MOTOR VEHICLE STRUCK MOTOR VEHICLE, FRONT END AT ANGLE",,False,Clear or Partly Cloudy,Dry,Daylight,,,,32.0,One parked--one moving,0,0,False,0
-122.306331656384,47.6061674516281,203569,302871,304111,3814235,Matched,Intersection,30190.0,20TH AVE AND E JEFFERSON ST, ,,2,Injury Collision,Angles,3,0,0,2,2,0,2018-09-20 00:00:00+00,9/20/2018 7:45:00 AM,At Intersection (intersection related),11,"MOTOR VEHICLE STRUCK MOTOR VEHICLE, FRONT END AT ANGLE",True,False,Overcast,Wet,Daylight,,,,10.0,Entering at angle,0,0,False,0
-122.302320188113,47.7002634882604,203570,299609,300809,E820587,Matched,Block,,NE 98TH ST BETWEEN LAKE CITY WAY NE AND RAVENNA AVE NE, ,,2,Injury Collision,Pedestrian,2,1,0,1,1,0,2018-06-28 00:00:00+00,6/28/2018 7:12:00 PM,Mid-Block (but intersection related),24,MOTOR VEHCILE STRUCK PEDESTRIAN,,False,Overcast,Dry,Daylight,True,,,1.0,Vehicle turning right hits pedestrian,0,0,False,0
-122.378893686508,47.6626630120851,203571,299606,300806,E820753,Matched,Block,,17TH AVE NW BETWEEN SHILSHOLE AVE NW AND NW BALLARD WAY, ,,2,Injury Collision,Rear Ended,10,0,0,3,4,0,2018-07-04 00:00:00+00,7/4/2018 6:56:00 PM,Mid-Block (not related to intersection),14,"MOTOR VEHICLE STRUCK MOTOR VEHICLE, REAR END",,False,Overcast,Dry,Daylight,,,,14.0,From same direction - both going straight - one stopped - rear-end,0,0,False,0
-122.316781524063,47.6035141600007,203573,302870,304110,3814222,Matched,Intersection,29839.0,12TH AVE AND E SPRUCE ST, ,,2,Injury Collision,Pedestrian,2,0,1,1,1,0,2018-09-20 00:00:00+00,9/20/2018 6:55:00 AM,At Intersection (intersection related),51,PEDALCYCLIST STRUCK MOTOR VEHICLE FRONT END AT ANGLE,,False,Clear or Partly Cloudy,Dry,Dawn,,,,5.0,Vehicle Strikes Pedalcyclist,10560,0,False,0
-122.355403922374,47.6245782461938,203574,300018,301218,3753400,Matched,Intersection,28919.0,1ST AVE N AND MERCER ST, ,,2b,Serious Injury Collision,Pedestrian,2,1,0,1,1,0,2018-07-25 00:00:00+00,7/25/2018 9:28:00 AM,At Intersection (intersection related),24,MOTOR VEHCILE STRUCK PEDESTRIAN,,False,Clear or Partly Cloudy,Dry,Daylight,True,,,0.0,Vehicle going straight hits pedestrian,0,523110,False,1
-122.331470400745,47.653120181216,203575,299986,301186,E822810,Matched,Intersection,27260.0,CORLISS AVE N AND N 38TH ST, ,,1,Property Damage Only Collision,Angles,3,0,0,2,0,0,2018-07-24 00:00:00+00,7/24/2018 8:49:00 AM,At Intersection (intersection related),11,"MOTOR VEHICLE STRUCK MOTOR VEHICLE, FRONT END AT ANGLE",,False,Clear or Partly Cloudy,Dry,Daylight,,,,10.0,Entering at angle,0,0,False,0
-122.297837921628,47.607999514478,203576,302869,304109,3814221,Matched,Intersection,30111.0,27TH AVE AND E CHERRY W ST, ,,2,Injury Collision,Right Turn,2,0,0,2,1,0,2018-09-19 00:00:00+00,9/19/2018 5:39:00 PM,At Intersection (intersection related),14,"MOTOR VEHICLE STRUCK MOTOR VEHICLE, REAR END",,True,Clear or Partly Cloudy,Dry,Daylight,,,,16.0,From same direction - one right turn - one straight,0,0,False,0
-122.34348369279,47.6121685670914,203577,302652,303892,E840331,Matched,Block,,LENORA ST BETWEEN 1ST AVE AND 2ND AVE, ,,2,Injury Collision,Pedestrian,2,1,0,1,1,0,2018-09-19 00:00:00+00,9/19/2018 9:20:00 AM,Mid-Block (not related to intersection),18,"MOTOR VEHICLE STRUCK PEDALCYCLIST, FRONT END AT ANGLE",,False,Clear or Partly Cloudy,Dry,Daylight,,,,0.0,Vehicle going straight hits pedestrian,0,0,False,0
-122.370738006911,47.6973267654306,203578,299836,301036,E822332,Matched,Block,,HOLMAN RD NW BETWEEN 12TH AVE NW AND 11TH AVE NW, ,,1,Property Damage Only Collision,Parked Car,2,0,0,2,0,0,2018-07-27 00:00:00+00,7/27/2018 11:10:00 AM,Mid-Block (not related to intersection),14,"MOTOR VEHICLE STRUCK MOTOR VEHICLE, REAR END",,True,Clear or Partly Cloudy,Dry,Daylight,,,,32.0,One parked--one moving,0,0,False,0
-122.371004776854,47.6450301429179,203579,302651,303891,E840330,Matched,Block,,W ARMOUR ST BETWEEN 10TH PL W AND 11TH AVE W, ,,1,Property Damage Only Collision,Parked Car,2,0,0,2,0,0,2018-09-14 00:00:00+00,9/14/2018 7:40:00 AM,Mid-Block (not related to intersection),11,"MOTOR VEHICLE STRUCK MOTOR VEHICLE, FRONT END AT ANGLE",True,False,Raining,Wet,Unknown,,,,32.0,One parked--one moving,0,0,True,0
-122.341774896471,47.6152649839908,203580,299605,300805,3812287,Matched,Intersection,29534.0,5TH AVE AND BLANCHARD ST, ,,2,Injury Collision,Cycles,4,0,1,1,1,0,2018-07-24 00:00:00+00,7/24/2018 10:11:00 PM,At Intersection (intersection related),51,PEDALCYCLIST STRUCK MOTOR VEHICLE FRONT END AT ANGLE,,False,Clear or Partly Cloudy,Dry,Dark - Street Lights On,,,,6.0,Pedalcyclist Strikes Moving Vehicle,0,0,False,0
-122.356777127718,47.6323165186726,203581,299607,300807,3812350,Matched,Intersection,28545.0,QUEEN ANNE AVE N AND W GALER ST, ,,2,Injury Collision,Other,1,0,0,1,1,0,2018-07-17 00:00:00+00,7/17/2018 2:38:00 PM,At Intersection (intersection related),26,MOTOR VEHICLE STRUCK OBJECT IN ROAD,,True,Clear or Partly Cloudy,Dry,Daylight,,,,50.0,Fixed object,0,0,False,0
-122.310771394889,47.6395617999262,203582,299612,300812,3814097,Matched,Intersection,28437.0,BOYER AVE E AND E LYNN ST, ,,2,Injury Collision,Other,1,0,0,1,1,0,2018-07-18 00:00:00+00,7/18/2018 7:27:00 PM,At Intersection (intersection related),28,MOTOR VEHICLE RAN OFF ROAD - HIT FIXED OBJECT,,False,Clear or Partly Cloudy,Dry,Daylight,,,,50.0,Fixed object,0,0,False,0
-122.358015709772,47.6245875905326,203583,302650,303890,E840329,Matched,Intersection,28633.0,1ST AVE W AND W MERCER ST, ,,1,Property Damage Only Collision,Rear Ended,3,0,0,2,0,0,2018-09-19 00:00:00+00,9/19/2018 9:07:00 AM,At Intersection (but not related to intersection),14,"MOTOR VEHICLE STRUCK MOTOR VEHICLE, REAR END",True,False,Clear or Partly Cloudy,Dry,Daylight,,,,14.0,From same direction - both going straight - one stopped - rear-end,0,0,False,0
-122.366001730798,47.6869363577533,203584,300016,301216,3751360,Matched,Intersection,24137.0,8TH AVE NW AND NW 80TH ST, ,,1,Property Damage Only Collision,Angles,2,0,0,2,0,0,2018-08-03 00:00:00+00,8/3/2018 1:07:00 PM,At Intersection (intersection related),11,"MOTOR VEHICLE STRUCK MOTOR VEHICLE, FRONT END AT ANGLE",True,True,Clear or Partly Cloudy,Dry,Daylight,,,,10.0,Entering at angle,0,0,False,0
-122.36861555357,47.6614669288083,203585,299858,301058,E820978,Matched,Intersection,26710.0,9TH AVE NW AND NW 45TH ST, ,,2,Injury Collision,Angles,4,0,0,2,2,0,2018-07-18 00:00:00+00,7/18/2018 5:01:00 PM,At Intersection (intersection related),11,"MOTOR VEHICLE STRUCK MOTOR VEHICLE, FRONT END AT ANGLE",,False,Clear or Partly Cloudy,Dry,Daylight,,,,10.0,Entering at angle,0,0,False,0
-122.324486997722,47.6086244808168,203586,300177,301377,3814028,Matched,Intersection,29922.0,BOREN AVE AND MARION ST, ,,2,Injury Collision,Pedestrian,2,1,0,1,1,0,2018-08-13 00:00:00+00,8/13/2018 1:19:00 PM,At Intersection (intersection related),24,MOTOR VEHCILE STRUCK PEDESTRIAN,,False,Clear or Partly Cloudy,Dry,Daylight,True,,,0.0,Vehicle going straight hits pedestrian,0,522229,False,0
-122.310783505901,47.5829722603721,203587,302649,303889,E840328,Matched,Intersection,31573.0,17TH AVE S AND S COLLEGE ST, ,,1,Property Damage Only Collision,Angles,2,0,0,2,0,0,2018-09-13 00:00:00+00,9/13/2018 9:20:00 AM,At Intersection (intersection related),11,"MOTOR VEHICLE STRUCK MOTOR VEHICLE, FRONT END AT ANGLE",,False,Overcast,Dry,Daylight,,,,10.0,Entering at angle,0,0,False,0
-122.330688998166,47.607016837543,203589,302648,303888,E839674,Matched,Intersection,29947.0,6TH AVE AND MADISON ST, ,,1,Property Damage Only Collision,Sideswipe,3,0,0,2,0,0,2018-09-18 00:00:00+00,9/18/2018 9:45:00 AM,At Intersection (intersection related),11,"MOTOR VEHICLE STRUCK MOTOR VEHICLE, FRONT END AT ANGLE",True,False,Clear or Partly Cloudy,Dry,Daylight,,,,71.0,Same direction -- both turning right -- both moving -- sideswipe,0,0,False,0
-122.332062246334,47.6034838897075,203590,299610,300810,3812362,Matched,Intersection,30481.0,3RD AVE AND CHERRY ST, ,,1,Property Damage Only Collision,Angles,2,0,0,2,0,0,2018-07-24 00:00:00+00,7/24/2018 6:55:00 PM,At Intersection (intersection related),11,"MOTOR VEHICLE STRUCK MOTOR VEHICLE, FRONT END AT ANGLE",,False,Clear or Partly Cloudy,Dry,Daylight,,,,10.0,Entering at angle,0,0,False,0
-122.376219191536,47.6657045126369,203591,302876,304116,E838837,Matched,Intersection,25438.0,15TH AVE NW AND NW 51ST ST, ,,2,Injury Collision,Other,3,0,0,2,1,0,2018-09-16 00:00:00+00,9/16/2018 3:42:00 PM,At Intersection (intersection related),11,"MOTOR VEHICLE STRUCK MOTOR VEHICLE, FRONT END AT ANGLE",,False,Clear or Partly Cloudy,Dry,Daylight,,,,23.0,From same direction - all others,0,0,False,0
-122.358265857567,47.6383832216576,203592,300180,301380,E823710,Matched,Intersection,27824.0,1ST AVE W AND W BOSTON ST, ,,1,Property Damage Only Collision,Angles,3,0,0,2,0,0,2018-07-23 00:00:00+00,7/23/2018 12:17:00 PM,At Intersection (intersection related),11,"MOTOR VEHICLE STRUCK MOTOR VEHICLE, FRONT END AT ANGLE",,True,Clear or Partly Cloudy,Dry,Daylight,,,,10.0,Entering at angle,0,0,False,0
-122.329058011529,47.585075065481,203593,302647,303887,E839673,Matched,Block,,4TH AVE S BETWEEN S HOLGATE ST AND S WALKER ST, ,,2,Injury Collision,Angles,2,0,0,2,1,0,2018-09-12 00:00:00+00,9/12/2018 10:25:00 AM,Mid-Block (not related to intersection),11,"MOTOR VEHICLE STRUCK MOTOR VEHICLE, FRONT END AT ANGLE",,False,Clear or Partly Cloudy,Dry,Daylight,,,,10.0,Entering at angle,0,0,False,0
-122.384743131485,47.670546304535,203594,302646,303886,E839669,Matched,Block,,22ND AVE NW BETWEEN NW 57TH ST AND NW 58TH ST, ,,1,Property Damage Only Collision,Parked Car,2,0,0,2,0,0,2018-09-15 00:00:00+00,9/15/2018 12:04:00 PM,Mid-Block (not related to intersection),11,"MOTOR VEHICLE STRUCK MOTOR VEHICLE, FRONT END AT ANGLE",,False,Raining,Wet,Daylight,,,,19.0,One car entering parked position,0,0,False,0
-122.249316768839,47.5000230367467,203595,300167,301367,3810689,Matched,Block,,S 116TH PL BETWEEN RENTON AVE S AND 69TH PL S, ,,1,Property Damage Only Collision,Rear Ended,2,0,0,2,0,0,2018-08-03 00:00:00+00,8/3/2018 7:23:00 AM,Mid-Block (not related to intersection),14,"MOTOR VEHICLE STRUCK MOTOR VEHICLE, REAR END",True,False,Clear or Partly Cloudy,Dry,Daylight,,,,14.0,From same direction - both going straight - one stopped - rear-end,0,0,False,0
-122.316835849242,47.6141037689148,203596,299997,301197,3642614,Matched,Intersection,29748.0,12TH AVE AND E PIKE ST, ,,2,Injury Collision,Pedestrian,2,0,1,1,1,0,2018-08-03 00:00:00+00,8/3/2018 11:00:00 PM,At Intersection (intersection related),18,"MOTOR VEHICLE STRUCK PEDALCYCLIST, FRONT END AT ANGLE",,False,Clear or Partly Cloudy,Dry,Dark - Street Lights On,,,,5.0,Vehicle Strikes Pedalcyclist,0,0,False,0
-122.3072724119,47.7203026111342,203597,302645,303885,E839667,Matched,Block,,20TH AVE NE BETWEEN NE 125TH ST AND NE 127TH ST, ,,2,Injury Collision,Rear Ended,2,0,0,2,1,0,2018-09-13 00:00:00+00,9/13/2018 2:01:00 PM,Mid-Block (not related to intersection),14,"MOTOR VEHICLE STRUCK MOTOR VEHICLE, REAR END",,False,Clear or Partly Cloudy,Dry,Daylight,,,,13.0,From same direction - both going straight - both moving - rear-end,0,0,False,0
-122.306335204407,47.6056651657352,203598,299613,300813,3814109,Matched,Block,,20TH AVE BETWEEN E TERRACE ST AND E JEFFERSON ST, ,,1,Property Damage Only Collision,Parked Car,3,0,0,3,0,0,2018-07-13 00:00:00+00,7/13/2018 11:55:00 PM,Mid-Block (not related to intersection),15,"MOTOR VEHICLE STRUCK MOTOR VEHICLE, RIGHT SIDE SIDESWIPE",,False,Clear or Partly Cloudy,Dry,Dark - Street Lights On,,,,32.0,One parked--one moving,0,0,False,0
-122.376189317681,47.5640765983042,203599,300014,301214,3745971,Matched,Intersection,31899.0,35TH AVE SW AND SW AVALON WAY, ,,1,Property Damage Only Collision,Right Turn,2,0,0,2,0,0,2018-08-01 00:00:00+00,8/1/2018 9:45:00 PM,At Intersection (intersection related),11,"MOTOR VEHICLE STRUCK MOTOR VEHICLE, FRONT END AT ANGLE",,False,Clear or Partly Cloudy,Dry,Dark - Street Lights On,,,,16.0,From same direction - one right turn - one straight,0,0,False,0