longitude,latitude,objectid,inckey,coldetkey,reportno,status,addrtype,intkey,location,exceptrsncode,exceptrsndesc,severitycode,severitydesc,collisiontype,personcount,pedcount,pedcylcount,vehcount,injuries,fatalities,incdate,incdttm,junctiontype,sdot_colcode,sdot_coldesc,inattentionind,underinfl,weather,roadcond,lightcond,pedrownotgrnt,sdotcolnum,speeding,st_colcode,st_coldesc,seglanekey,crosswalkkey,hitparkedcar,seriousinjuries
-122.387598105746,47.6905754537773,203600,299837,301037,E822333,Matched,Intersection,36974.0,24TH AVE NW AND NW 85TH ST, ,,2,Injury Collision,Angles,2,0,0,2,1,0,2018-07-27 00:00:00+00,7/27/2018 5:01:00 PM,At Intersection (intersection related),11,"MOTOR VEHICLE STRUCK MOTOR VEHICLE, FRONT END AT ANGLE",,False,Clear or Partly Cloudy,Dry,Daylight,,,,10.0,Entering at angle,0,0,False,0
-122.328858499321,47.5898096546556,203601,302519,303759,3753665,Matched,Block,,4TH AVE NB ON RP BETWEEN EDGAR MARTINEZ DR S AND 4TH AVE S, ,,1,Property Damage Only Collision,Other,3,0,0,2,0,0,2018-08-31 00:00:00+00,8/31/2018 9:04:00 PM,Mid-Block (not related to intersection),11,"MOTOR VEHICLE STRUCK MOTOR VEHICLE, FRONT END AT ANGLE",True,False,Clear or Partly Cloudy,Dry,Dark - Street Lights On,,,,23.0,From same direction - all others,0,0,False,0
-122.328078578054,47.6041612345606,203602,299608,300808,3812358,Matched,Intersection,29973.0,6TH AVE AND JAMES ST, ,,2,Injury Collision,Left Turn,4,0,0,2,2,0,2018-07-22 00:00:00+00,7/22/2018 12:29:00 AM,At Intersection (intersection related),11,"MOTOR VEHICLE STRUCK MOTOR VEHICLE, FRONT END AT ANGLE",,False,Clear or Partly Cloudy,Dry,Dark - Street Lights On,,,,28.0,From opposite direction - one left turn - one straight,0,0,False,0
-122.345077066077,47.7323096603396,203603,302875,304115,E838836,Matched,Intersection,35721.0,AURORA AVE N AND N 143RD ST, ,,1,Property Damage Only Collision,Left Turn,4,0,0,2,0,0,2018-09-12 00:00:00+00,9/12/2018 6:15:00 PM,At Intersection (intersection related),11,"MOTOR VEHICLE STRUCK MOTOR VEHICLE, FRONT END AT ANGLE",,False,Clear or Partly Cloudy,Dry,Daylight,,,,28.0,From opposite direction - one left turn - one straight,0,0,False,0
-122.346232093702,47.6289066880797,203604,300178,301378,3818512,Matched,Intersection,28858.0,PROSPECT ST AND TAYLOR AVE N, ,,2,Injury Collision,Angles,3,0,0,2,1,0,2018-08-13 00:00:00+00,8/13/2018 10:56:00 AM,At Intersection (intersection related),11,"MOTOR VEHICLE STRUCK MOTOR VEHICLE, FRONT END AT ANGLE",,False,Clear or Partly Cloudy,Dry,Daylight,,,,10.0,Entering at angle,0,0,False,0
-122.263576222548,47.6775427006887,203605,302518,303758,3751467,Matched,Block,,SAND POINT WAY NE BETWEEN NE 65TH ST AND NE 70TH ST, ,,2,Injury Collision,Sideswipe,2,0,0,2,2,0,2018-08-31 00:00:00+00,8/31/2018 8:45:00 PM,Mid-Block (not related to intersection),14,"MOTOR VEHICLE STRUCK MOTOR VEHICLE, REAR END",,False,Clear or Partly Cloudy,Dry,Dark - Street Lights On,,,,11.0,From same direction - both going straight - both moving - sideswipe,0,0,False,0
-122.344976879983,47.7232115471904,203606,300017,301217,3751476,Matched,Intersection,35828.0,AURORA AVE N AND N 130TH ST, ,,2,Injury Collision,Angles,2,0,0,2,1,0,2018-08-05 00:00:00+00,8/5/2018 1:15:00 PM,At Intersection (intersection related),11,"MOTOR VEHICLE STRUCK MOTOR VEHICLE, FRONT END AT ANGLE",,False,Clear or Partly Cloudy,Dry,Daylight,,,,10.0,Entering at angle,0,0,False,0
-122.347009068698,47.6605665600424,203607,299859,301059,E820979,Matched,Block,,N ALLEN PL BETWEEN AURORA S AVE N AND WINSLOW PL N, ,,2,Injury Collision,Rear Ended,2,0,0,2,1,0,2018-07-18 00:00:00+00,7/18/2018 4:39:00 PM,Mid-Block (not related to intersection),14,"MOTOR VEHICLE STRUCK MOTOR VEHICLE, REAR END",True,False,Clear or Partly Cloudy,Dry,Daylight,,,,13.0,From same direction - both going straight - both moving - rear-end,0,0,False,0
-122.342280211034,47.7232107150464,203608,302874,304114,E838834,Matched,Intersection,35762.0,STONE AVE N AND N 130TH ST, ,,2,Injury Collision,Angles,2,0,0,2,1,0,2018-09-10 00:00:00+00,9/10/2018 4:20:00 PM,At Intersection (intersection related),11,"MOTOR VEHICLE STRUCK MOTOR VEHICLE, FRONT END AT ANGLE",,False,Clear or Partly Cloudy,Dry,Daylight,,,,10.0,Entering at angle,0,0,False,0
-122.317451143154,47.6621980426651,203609,299835,301035,E820977,Matched,Block,,ROOSEVELT WAY NE BETWEEN NE 45TH ST AND NE 47TH ST, ,,1,Property Damage Only Collision,Rear Ended,2,0,0,2,0,0,2018-07-18 00:00:00+00,7/18/2018 2:03:00 PM,Mid-Block (not related to intersection),11,"MOTOR VEHICLE STRUCK MOTOR VEHICLE, FRONT END AT ANGLE",,False,Clear or Partly Cloudy,Dry,Daylight,,,,13.0,From same direction - both going straight - both moving - rear-end,0,0,False,0
-122.329123594826,47.6086580954441,203611,300522,301722,3812095,Matched,Intersection,29926.0,8TH AVE AND SPRING ST, ,,2,Injury Collision,Pedestrian,2,1,0,1,1,0,2018-08-15 00:00:00+00,8/15/2018 12:09:00 PM,At Intersection (intersection related),24,MOTOR VEHCILE STRUCK PEDESTRIAN,,False,Fog/Smog/Smoke,Dry,Daylight,True,,,2.0,Vehicle turning left hits pedestrian,0,0,False,0
-122.334538908918,47.6078702674951,203612,301537,302777,E833174,Matched,Block,,4TH AVE BETWEEN SENECA ST AND UNIVERSITY ST, ,,1,Property Damage Only Collision,Parked Car,3,0,0,2,0,0,2018-08-27 00:00:00+00,8/27/2018 8:27:00 AM,Mid-Block (not related to intersection),11,"MOTOR VEHICLE STRUCK MOTOR VEHICLE, FRONT END AT ANGLE",True,False,Clear or Partly Cloudy,Dry,Daylight,,,,20.0,One car leaving parked position,0,0,False,0
-122.270002075073,47.5207575314733,203613,301060,302280,E830649,Matched,Block,,RAINIER AVE S BETWEEN S FISHER PL AND 51ST AVE S, ,,1,Property Damage Only Collision,Angles,4,0,0,2,0,0,2018-08-20 00:00:00+00,8/20/2018 5:16:00 PM,Mid-Block (not related to intersection),11,"MOTOR VEHICLE STRUCK MOTOR VEHICLE, FRONT END AT ANGLE",,False,Clear or Partly Cloudy,Dry,Daylight,,,,10.0,Entering at angle,0,0,False,0
-122.305539413888,47.5880759506796,203615,301059,302279,E830746,Matched,Block,,RAINIER AVE S BETWEEN S MASSACHUSETTS ST AND S STATE ST, ,,2,Injury Collision,Rear Ended,2,0,0,2,1,0,2018-08-22 00:00:00+00,8/22/2018 6:10:00 PM,Mid-Block (but intersection related),14,"MOTOR VEHICLE STRUCK MOTOR VEHICLE, REAR END",,False,Clear or Partly Cloudy,Dry,Daylight,,,,13.0,From same direction - both going straight - both moving - rear-end,0,0,False,0
-122.33290910388,47.6060878574653,203616,300521,301721,3811753,Matched,Intersection,29952.0,4TH AVE AND MADISON ST, ,,1,Property Damage Only Collision,Right Turn,2,0,0,2,0,0,2018-08-18 00:00:00+00,8/18/2018 5:40:00 PM,At Intersection (intersection related),11,"MOTOR VEHICLE STRUCK MOTOR VEHICLE, FRONT END AT ANGLE",,False,Clear or Partly Cloudy,Dry,Daylight,,,,16.0,From same direction - one right turn - one straight,0,0,False,0
-122.313020813054,47.6689933038436,203617,301058,302278,E830616,Matched,Block,,UNIVERSITY WAY NE BETWEEN NE 55TH ST AND NE 56TH ST, ,,1,Property Damage Only Collision,Angles,2,0,0,2,0,0,2018-08-20 00:00:00+00,8/20/2018 8:45:00 AM,Mid-Block (not related to intersection),11,"MOTOR VEHICLE STRUCK MOTOR VEHICLE, FRONT END AT ANGLE",,False,Fog/Smog/Smoke,Dry,Daylight,,,,10.0,Entering at angle,0,0,False,0
-122.341333145712,47.6138311865379,203618,300520,301720,3811729,Matched,Intersection,29548.0,4TH AVE AND LENORA ST, ,,1,Property Damage Only Collision,Left Turn,2,0,0,2,0,0,2018-08-19 00:00:00+00,8/19/2018 3:13:00 PM,At Intersection (intersection related),11,"MOTOR VEHICLE STRUCK MOTOR VEHICLE, FRONT END AT ANGLE",True,False,Clear or Partly Cloudy,Dry,Daylight,,,,15.0,From same direction - one left turn - one straight,0,0,False,0
-122.331408527643,47.6027691759459,203619,300748,301968,3811663,Matched,Intersection,30480.0,3RD AVE AND JAMES ST, ,,1,Property Damage Only Collision,Angles,3,0,0,2,0,0,2018-08-26 00:00:00+00,8/26/2018 11:35:00 AM,At Intersection (intersection related),11,"MOTOR VEHICLE STRUCK MOTOR VEHICLE, FRONT END AT ANGLE",,False,Overcast,Dry,Daylight,,,,10.0,Entering at angle,0,0,False,0
-122.361034460854,47.6207525577706,203620,301097,302317,E831308,Matched,Block,,ELLIOTT AVE W BETWEEN WESTERN AVE W AND W THOMAS N ST, ,,1,Property Damage Only Collision,Parked Car,2,0,0,2,0,0,2018-08-20 00:00:00+00,8/20/2018 11:59:00 AM,Mid-Block (not related to intersection),11,"MOTOR VEHICLE STRUCK MOTOR VEHICLE, FRONT END AT ANGLE",,False,Clear or Partly Cloudy,Dry,Daylight,,,,32.0,One parked--one moving,0,0,True,0
-122.363320432343,47.6906404360371,203621,301804,303024,3751633,Matched,Intersection,37182.0,6TH AVE NW AND NW 85TH ST, ,,2,Injury Collision,Angles,3,0,0,2,1,0,2018-09-10 00:00:00+00,9/10/2018 10:44:00 AM,At Intersection (intersection related),11,"MOTOR VEHICLE STRUCK MOTOR VEHICLE, FRONT END AT ANGLE",,False,Overcast,Dry,Daylight,,,,10.0,Entering at angle,0,0,False,0
-122.347621138565,47.6185711552114,203622,300519,301719,3811576,Matched,Intersection,29653.0,5TH AVE AND DENNY WAY, ,,2,Injury Collision,Sideswipe,2,0,0,2,1,0,2018-08-19 00:00:00+00,8/19/2018 9:38:00 PM,At Intersection (intersection related),11,"MOTOR VEHICLE STRUCK MOTOR VEHICLE, FRONT END AT ANGLE",,False,Fog/Smog/Smoke,Dry,Dark - Street Lights On,,,,81.0,Same direction -- both turning left -- both moving -- sideswipe,0,0,False,0
-122.313115727319,47.6621792089761,203624,300747,301967,3746641,Matched,Block,,UNIVERSITY WAY NE BETWEEN NE 45TH ST AND NE 47TH ST, ,,1,Property Damage Only Collision,Sideswipe,3,0,0,2,0,0,2018-08-21 00:00:00+00,8/21/2018 5:55:00 PM,Mid-Block (not related to intersection),16,"MOTOR VEHICLE STRUCK MOTOR VEHICLE, LEFT SIDE SIDESWIPE",,False,Clear or Partly Cloudy,Dry,Daylight,,,,12.0,From same direction - both going straight - one stopped - sideswipe,0,0,False,0
-122.302764175391,47.6056302149601,203625,300324,301524,3814134,Matched,Block,,23RD AVE BETWEEN E TERRACE ST AND E JEFFERSON ST, ,,1,Property Damage Only Collision,Rear Ended,3,0,0,2,0,0,2018-08-11 00:00:00+00,8/11/2018 12:25:00 PM,Mid-Block (not related to intersection),14,"MOTOR VEHICLE STRUCK MOTOR VEHICLE, REAR END",True,False,Overcast,Wet,Daylight,,,,13.0,From same direction - both going straight - both moving - rear-end,0,0,False,0
-122.319520552539,47.6187493030224,203626,300323,301523,3814132,Matched,Intersection,29066.0,10TH AVE E AND E DENNY WAY, ,,1,Property Damage Only Collision,Angles,2,0,0,2,0,0,2018-08-11 00:00:00+00,8/11/2018 4:10:00 AM,At Intersection (intersection related),11,"MOTOR VEHICLE STRUCK MOTOR VEHICLE, FRONT END AT ANGLE",,False,Clear or Partly Cloudy,Dry,Dark - Street Lights On,,,,10.0,Entering at angle,0,0,False,0
-122.384134920848,47.5628740621235,203627,300746,301966,3745947,Matched,Intersection,31906.0,41ST AVE SW AND SW OREGON ST, ,,1,Property Damage Only Collision,Angles,3,0,0,2,0,0,2018-08-22 00:00:00+00,8/22/2018 11:38:00 AM,At Intersection (intersection related),14,"MOTOR VEHICLE STRUCK MOTOR VEHICLE, REAR END",True,True,Clear or Partly Cloudy,Dry,Daylight,,,,10.0,Entering at angle,0,0,False,0
-122.32520348069,47.6456230879219,203628,300322,301522,3812395,Matched,Block,,E HAMLIN ST BETWEEN EASTLAKE AVE E AND FRANKLIN AVE E, ,,1,Property Damage Only Collision,Parked Car,7,0,0,4,0,0,2018-08-11 00:00:00+00,8/11/2018 3:03:00 PM,Mid-Block (not related to intersection),11,"MOTOR VEHICLE STRUCK MOTOR VEHICLE, FRONT END AT ANGLE",,False,Clear or Partly Cloudy,Dry,Daylight,,,,32.0,One parked--one moving,0,0,False,0
-122.334197242989,47.5871675474987,203629,301077,302297,E831307,Matched,Block,,1ST AVE S BETWEEN S MASSACHUSETTS ST AND S HOLGATE ST, ,,1,Property Damage Only Collision,Sideswipe,3,0,0,2,0,0,2018-08-08 00:00:00+00,8/8/2018 7:45:00 PM,Mid-Block (not related to intersection),11,"MOTOR VEHICLE STRUCK MOTOR VEHICLE, FRONT END AT ANGLE",True,False,Clear or Partly Cloudy,Dry,Daylight,,,,11.0,From same direction - both going straight - both moving - sideswipe,0,0,False,0
-122.296206635018,47.5773321081313,203632,300321,301521,E824117,Matched,Block,,M L KING JR WAY S BETWEEN S MCCLELLAN ST AND RAINIER AVE S, ,,1,Property Damage Only Collision,Other,2,0,0,2,0,0,2018-07-21 00:00:00+00,7/21/2018 3:55:00 PM,Mid-Block (not related to intersection),11,"MOTOR VEHICLE STRUCK MOTOR VEHICLE, FRONT END AT ANGLE",,False,Clear or Partly Cloudy,Dry,Daylight,,,,23.0,From same direction - all others,0,0,False,0
-122.328078578054,47.6041612345606,203633,301538,302778,E833175,Matched,Intersection,29973.0,6TH AVE AND JAMES ST, ,,1,Property Damage Only Collision,Rear Ended,3,0,0,2,0,0,2018-08-27 00:00:00+00,8/27/2018 9:19:00 AM,At Intersection (intersection related),14,"MOTOR VEHICLE STRUCK MOTOR VEHICLE, REAR END",True,False,Clear or Partly Cloudy,Dry,Daylight,,,,14.0,From same direction - both going straight - one stopped - rear-end,0,0,False,0
-122.3648674633,47.7043273627923,203634,300740,301960,E829346,Matched,Block,,ALDERBROOK PL NW BETWEEN 8TH AVE NW AND NW 105TH ST, ,,1,Property Damage Only Collision,Other,1,0,0,1,0,0,2018-08-11 00:00:00+00,8/11/2018 3:07:00 PM,Mid-Block (not related to intersection),28,MOTOR VEHICLE RAN OFF ROAD - HIT FIXED OBJECT,,False,Clear or Partly Cloudy,Dry,Daylight,,,,50.0,Fixed object,0,0,False,0
-122.377451471982,47.5624551351452,203636,300320,301520,E824116,Matched,Block,,36TH AVE SW BETWEEN SW OREGON ST AND SW SNOQUALMIE ST, ,,1,Property Damage Only Collision,Parked Car,2,0,0,2,0,0,2018-07-21 00:00:00+00,7/21/2018 9:00:00 PM,Driveway Junction,11,"MOTOR VEHICLE STRUCK MOTOR VEHICLE, FRONT END AT ANGLE",,False,Clear or Partly Cloudy,Dry,Dark - No Street Lights,,,,32.0,One parked--one moving,0,0,True,0
-122.332537902033,47.6626268431162,203637,300719,301939,E829345,Matched,Intersection,25875.0,BAGLEY AVE N AND N 46TH ST, ,,2,Injury Collision,Angles,2,0,0,2,2,0,2018-07-27 00:00:00+00,7/27/2018 3:45:00 PM,At Intersection (intersection related),11,"MOTOR VEHICLE STRUCK MOTOR VEHICLE, FRONT END AT ANGLE",True,False,Clear or Partly Cloudy,Dry,Daylight,,,,10.0,Entering at angle,0,0,False,0
-122.355555938904,47.7273164215979,203639,300718,301938,E829344,Matched,Block,,GREENWOOD AVE N BETWEEN N 134TH ST AND N 136TH ST, ,,2,Injury Collision,Left Turn,2,0,0,2,1,0,2018-08-11 00:00:00+00,8/11/2018 12:49:00 PM,Driveway Junction,11,"MOTOR VEHICLE STRUCK MOTOR VEHICLE, FRONT END AT ANGLE",,False,Overcast,Dry,Daylight,,,,28.0,From opposite direction - one left turn - one straight,0,0,False,0
-122.329046220734,47.5964860144254,203640,301063,302283,E831305,Matched,Intersection,30538.0,4TH AVE S AND SEATTLE BLVD S, ,,1,Property Damage Only Collision,Angles,2,0,0,2,0,0,2018-08-08 00:00:00+00,8/8/2018 4:26:00 PM,At Intersection (intersection related),11,"MOTOR VEHICLE STRUCK MOTOR VEHICLE, FRONT END AT ANGLE",True,False,Clear or Partly Cloudy,Dry,Daylight,,,,10.0,Entering at angle,0,0,False,0
-122.395372966615,47.6682712290488,203644,300717,301937,E829343,Matched,Block,,NW 54TH ST BETWEEN NW MARKET ST AND 30TH WR AVE NW, ,,2,Injury Collision,Rear Ended,5,0,0,2,2,0,2018-08-12 00:00:00+00,8/12/2018 6:18:00 PM,Mid-Block (but intersection related),14,"MOTOR VEHICLE STRUCK MOTOR VEHICLE, REAR END",,False,Clear or Partly Cloudy,Dry,Daylight,,,,14.0,From same direction - both going straight - one stopped - rear-end,0,0,False,0
-122.325068451172,47.59583534259,203645,300311,301511,3812394,Matched,Intersection,30543.0,MAYNARD AVE S AND S DEARBORN ST, ,,2,Injury Collision,Pedestrian,2,1,0,1,1,0,2018-08-11 00:00:00+00,8/11/2018 12:37:00 AM,At Intersection (intersection related),24,MOTOR VEHCILE STRUCK PEDESTRIAN,,False,Clear or Partly Cloudy,Dry,Dark - Street Lights On,,,,2.0,Vehicle turning left hits pedestrian,0,0,False,0
-122.323076286593,47.6219995826179,203646,300526,301726,3814032,Matched,Intersection,29022.0,BOYLSTON AVE E AND E HARRISON ST, ,,1,Property Damage Only Collision,Pedestrian,2,0,1,1,0,0,2018-08-16 00:00:00+00,8/16/2018 10:13:00 PM,At Intersection (intersection related),18,"MOTOR VEHICLE STRUCK PEDALCYCLIST, FRONT END AT ANGLE",True,False,Clear or Partly Cloudy,Dry,Dark - Street Lights On,,,,5.0,Vehicle Strikes Pedalcyclist,0,0,False,0
-122.279532303269,47.522229889939,203647,301536,302776,E833173,Matched,Block,,M L KING JR WR WAY S BETWEEN S FAIRBANKS ST AND S DIRECTOR ST, ,,1,Property Damage Only Collision,Parked Car,2,0,0,2,0,0,2018-08-16 00:00:00+00,8/16/2018 11:21:00 AM,Mid-Block (not related to intersection),11,"MOTOR VEHICLE STRUCK MOTOR VEHICLE, FRONT END AT ANGLE",,False,Clear or Partly Cloudy,Dry,Daylight,,,,32.0,One parked--one moving,0,0,False,0
-122.326578962531,47.6208305021703,203648,300525,301725,3814030,Matched,Intersection,29144.0,BELLEVUE AVE E AND E THOMAS ST, ,,1,Property Damage Only Collision,Angles,3,0,0,2,0,0,2018-08-13 00:00:00+00,8/13/2018 10:52:00 PM,At Intersection (intersection related),11,"MOTOR VEHICLE STRUCK MOTOR VEHICLE, FRONT END AT ANGLE",,True,Clear or Partly Cloudy,Dry,Dark - Street Lights On,,,,10.0,Entering at angle,0,0,False,0
-122.304683337737,47.5869098568003,203649,300183,301383,E824119,Matched,Intersection,31533.0,RAINIER AVE S AND S GRAND ST, ,,2,Injury Collision,Pedestrian,2,1,0,1,1,0,2018-07-31 00:00:00+00,7/31/2018 4:46:00 PM,At Intersection (intersection related),24,MOTOR VEHCILE STRUCK PEDESTRIAN,,False,Clear or Partly Cloudy,Dry,Dark - No Street Lights,,,,0.0,Vehicle going straight hits pedestrian,0,0,False,0
-122.334181526414,47.6008831837608,203650,300524,301724,3812099,Matched,Intersection,30362.0,1ST AVE S AND S WASHINGTON ST, ,,2,Injury Collision,Angles,4,0,0,2,1,0,2018-08-19 00:00:00+00,8/19/2018 9:30:00 AM,At Intersection (intersection related),11,"MOTOR VEHICLE STRUCK MOTOR VEHICLE, FRONT END AT ANGLE",,False,Clear or Partly Cloudy,Dry,Daylight,,,,10.0,Entering at angle,0,0,False,0
-122.277870931179,47.5515520988809,203651,301062,302282,E830750,Matched,Block,,RAINIER AVE S BETWEEN S FINDLAY ST AND S ORCAS ST, ,,1,Property Damage Only Collision,Rear Ended,2,0,0,2,0,0,2018-07-18 00:00:00+00,7/18/2018 2:58:00 PM,Mid-Block (but intersection related),14,"MOTOR VEHICLE STRUCK MOTOR VEHICLE, REAR END",,False,Clear or Partly Cloudy,Dry,Daylight,,,,13.0,From same direction - both going straight - both moving - rear-end,0,0,False,0
-122.311929721856,47.6757834401583,203652,301803,303023,3751632,Matched,Intersection,24506.0,15TH AVE NE AND NE 65TH ST, ,,2,Injury Collision,Left Turn,2,0,0,2,1,0,2018-09-10 00:00:00+00,9/10/2018 7:49:00 AM,At Intersection (intersection related),11,"MOTOR VEHICLE STRUCK MOTOR VEHICLE, FRONT END AT ANGLE",,False,Clear or Partly Cloudy,Dry,Daylight,,,,28.0,From opposite direction - one left turn - one straight,0,0,False,0
-122.303705361521,47.5574576686769,203653,300182,301382,E824118,Matched,Intersection,167109.0,BEACON ER AVE S AND S FERDINAND S ST, ,,2,Injury Collision,Angles,3,0,0,2,2,0,2018-07-22 00:00:00+00,7/22/2018 1:33:00 PM,At Intersection (intersection related),11,"MOTOR VEHICLE STRUCK MOTOR VEHICLE, FRONT END AT ANGLE",True,False,Clear or Partly Cloudy,Dry,Daylight,,,,10.0,Entering at angle,0,0,False,0
-122.3175526737,47.6867321283814,203654,301539,302779,E833177,Matched,Intersection,24395.0,ROOSEVELT WAY NE AND NE 80TH ST, ,,1,Property Damage Only Collision,Angles,3,0,0,2,0,0,2018-08-28 00:00:00+00,8/28/2018 10:45:00 AM,At Intersection (intersection related),11,"MOTOR VEHICLE STRUCK MOTOR VEHICLE, FRONT END AT ANGLE",True,False,Clear or Partly Cloudy,Dry,Daylight,,,,10.0,Entering at angle,0,0,False,0
-122.338314342455,47.6143914036311,203655,300523,301723,3812098,Matched,Intersection,29543.0,6TH AVE AND VIRGINIA ST, ,,1,Property Damage Only Collision,Angles,2,0,0,2,0,0,2018-08-19 00:00:00+00,8/19/2018 5:45:00 AM,At Intersection (intersection related),11,"MOTOR VEHICLE STRUCK MOTOR VEHICLE, FRONT END AT ANGLE",,False,Clear or Partly Cloudy,Dry,Dawn,,,,10.0,Entering at angle,0,0,False,0
-122.331328774087,47.6499053001134,203656,300181,301381,E824032,Matched,Intersection,27284.0,CORLISS AVE N AND N NORTHLAKE WAY, ,,2,Injury Collision,Angles,2,0,0,2,1,0,2018-07-31 00:00:00+00,7/31/2018 8:48:00 AM,At Intersection (intersection related),11,"MOTOR VEHICLE STRUCK MOTOR VEHICLE, FRONT END AT ANGLE",,False,Clear or Partly Cloudy,Dry,Daylight,,,True,10.0,Entering at angle,0,0,False,0
-122.314343894823,47.659067430461,203657,301535,302775,E833172,Matched,Block,,BROOKLYN AVE NE BETWEEN NE 42ND ST AND NE 43RD ST, ,,1,Property Damage Only Collision,Parked Car,3,0,0,2,0,0,2018-08-24 00:00:00+00,8/24/2018 10:52:00 AM,Mid-Block (not related to intersection),11,"MOTOR VEHICLE STRUCK MOTOR VEHICLE, FRONT END AT ANGLE",True,False,Clear or Partly Cloudy,Dry,Daylight,,,,32.0,One parked--one moving,0,0,True,0
-122.306225895136,47.5533781426738,203658,302308,303528,3810948,Matched,Intersection,33356.0,21ST AVE S AND S LUCILE ST, ,,1,Property Damage Only Collision,Angles,2,0,0,2,0,0,2018-09-14 00:00:00+00,9/14/2018 7:30:00 PM,At Intersection (intersection related),14,"MOTOR VEHICLE STRUCK MOTOR VEHICLE, REAR END",,False,,Ice,,,,,10.0,Entering at angle,0,0,False,0
-122.296518752611,47.7337857704325,203659,301965,303185,E809861,Matched,Intersection,35990.0,30TH AVE NE AND NE 145TH ST, ,,1,Property Damage Only Collision,Left Turn,2,0,0,2,0,0,2018-06-19 00:00:00+00,6/19/2018 1:12:00 PM,At Intersection (intersection related),11,"MOTOR VEHICLE STRUCK MOTOR VEHICLE, FRONT END AT ANGLE",True,False,Clear or Partly Cloudy,Dry,Daylight,,,,28.0,From opposite direction - one left turn - one straight,0,0,False,0
-122.34012716976,47.6106222959886,203660,302527,303767,3811535,Matched,Block,,2ND AVE BETWEEN PINE ST AND STEWART ST, ,,1,Property Damage Only Collision,Rear Ended,2,0,0,2,0,0,2018-08-31 00:00:00+00,8/31/2018 5:42:00 PM,Mid-Block (not related to intersection),14,"MOTOR VEHICLE STRUCK MOTOR VEHICLE, REAR END",,False,Clear or Partly Cloudy,Dry,Dusk,,,,14.0,From same direction - both going straight - one stopped - rear-end,0,0,False,0
-122.366471249517,47.6300392664264,203661,302520,303760,3753667,Matched,Block,,7TH AVE W BETWEEN W HIGHLAND DR AND W COMSTOCK ST, ,,1,Property Damage Only Collision,Parked Car,3,0,0,2,0,0,2018-09-01 00:00:00+00,9/1/2018 11:22:00 PM,Mid-Block (not related to intersection),14,"MOTOR VEHICLE STRUCK MOTOR VEHICLE, REAR END",,False,Clear or Partly Cloudy,Dry,Dark - Street Lights On,,,,32.0,One parked--one moving,0,0,False,0
-122.329156377784,47.6231269621583,203680,302653,303893,E840332,Matched,Intersection,29131.0,EASTLAKE AVE E AND REPUBLICAN ST, ,,1,Property Damage Only Collision,Angles,4,0,0,2,0,0,2018-09-14 00:00:00+00,9/14/2018 8:30:00 AM,At Intersection (intersection related),11,"MOTOR VEHICLE STRUCK MOTOR VEHICLE, FRONT END AT ANGLE",True,False,Raining,Wet,Daylight,,,,10.0,Entering at angle,0,0,False,0
-122.354153354236,47.6178894802094,203662,302657,303897,E840336,Matched,Intersection,29661.0,1ST AVE AND WARREN PL, ,,1,Property Damage Only Collision,Rear Ended,2,0,0,2,0,0,2018-09-20 00:00:00+00,9/20/2018 10:50:00 AM,At Intersection (intersection related),14,"MOTOR VEHICLE STRUCK MOTOR VEHICLE, REAR END",True,False,Clear or Partly Cloudy,Dry,Daylight,,,,13.0,From same direction - both going straight - both moving - rear-end,0,0,False,0
-122.313398602531,47.5638950376265,203663,302525,303765,3810945,Matched,Block,,S COLUMBIAN WAY BETWEEN 15TH S AVE S AND S OREGON W ST, ,,1,Property Damage Only Collision,Rear Ended,3,0,0,2,0,0,2018-09-01 00:00:00+00,9/1/2018 9:18:00 PM,Mid-Block (not related to intersection),14,"MOTOR VEHICLE STRUCK MOTOR VEHICLE, REAR END",,True,Clear or Partly Cloudy,Dry,Dark - Street Lights On,,,,14.0,From same direction - both going straight - one stopped - rear-end,0,0,False,0
-122.331350388856,47.6619970214034,203665,302311,303531,E838268,Matched,Block,,CORLISS AVE N BETWEEN N 45TH ST AND N 46TH ST, ,,1,Property Damage Only Collision,Rear Ended,3,0,0,2,0,0,2018-09-07 00:00:00+00,9/7/2018 10:24:00 PM,Mid-Block (not related to intersection),14,"MOTOR VEHICLE STRUCK MOTOR VEHICLE, REAR END",,False,Clear or Partly Cloudy,Dry,Dark - Street Lights On,,,,13.0,From same direction - both going straight - both moving - rear-end,0,0,False,0
-122.328879836598,47.7340948741846,203687,302118,303338,E820083,Matched,Intersection,35906.0,1ST AVE NE AND NE 145TH ST, ,,2,Injury Collision,Angles,2,0,0,2,2,0,2018-07-13 00:00:00+00,7/13/2018 8:30:00 AM,At Intersection (intersection related),11,"MOTOR VEHICLE STRUCK MOTOR VEHICLE, FRONT END AT ANGLE",,False,Clear or Partly Cloudy,Dry,Daylight,,,,10.0,Entering at angle,0,0,False,0
-122.317810615899,47.6572004003588,203667,302123,303343,E820865,Matched,Block,,ROOSEVELT WAY NE BETWEEN NE 41ST ST AND NE 42ND S ST, ,,2,Injury Collision,Sideswipe,4,0,0,2,1,0,2018-06-04 00:00:00+00,6/4/2018 8:14:00 PM,Mid-Block (not related to intersection),11,"MOTOR VEHICLE STRUCK MOTOR VEHICLE, FRONT END AT ANGLE",True,False,Clear or Partly Cloudy,Dry,Daylight,,,,11.0,From same direction - both going straight - both moving - sideswipe,0,0,False,0