longitude,latitude,objectid,inckey,coldetkey,reportno,status,addrtype,intkey,location,exceptrsncode,exceptrsndesc,severitycode,severitydesc,collisiontype,personcount,pedcount,pedcylcount,vehcount,injuries,fatalities,incdate,incdttm,junctiontype,sdot_colcode,sdot_coldesc,inattentionind,underinfl,weather,roadcond,lightcond,pedrownotgrnt,sdotcolnum,speeding,st_colcode,st_coldesc,seglanekey,crosswalkkey,hitparkedcar,seriousinjuries
-122.333527003241,47.5361684323403,203668,302120,303340,E820217,Matched,Block,,WEST MARGINAL WAY S BETWEEN 1ST AVE S AND S HOLDEN ST, ,,1,Property Damage Only Collision,Sideswipe,2,0,0,2,0,0,2018-07-22 00:00:00+00,7/22/2018 10:35:00 PM,Mid-Block (not related to intersection),11,"MOTOR VEHICLE STRUCK MOTOR VEHICLE, FRONT END AT ANGLE",True,False,Clear or Partly Cloudy,Dry,Dark - Street Lights On,,,,11.0,From same direction - both going straight - both moving - sideswipe,0,0,False,0
-122.376785387563,47.698985004531,203707,300187,301387,E824173,Matched,Intersection,37221.0,15TH AVE NW AND NW 96TH ST, ,,1,Property Damage Only Collision,Angles,2,0,0,2,0,0,2018-07-26 00:00:00+00,7/26/2018 8:12:00 PM,At Intersection (intersection related),11,"MOTOR VEHICLE STRUCK MOTOR VEHICLE, FRONT END AT ANGLE",,False,Clear or Partly Cloudy,Dry,Daylight,,,,10.0,Entering at angle,0,0,False,0
-122.339127566521,47.6264821032224,203669,301961,303181,E835704,Matched,Block,,WESTLAKE AVE N BETWEEN VALLEY ST AND 9TH AVE N, ,,1,Property Damage Only Collision,Rear Ended,2,0,0,2,0,0,2018-09-05 00:00:00+00,9/5/2018 3:27:00 PM,Mid-Block (not related to intersection),14,"MOTOR VEHICLE STRUCK MOTOR VEHICLE, REAR END",,False,Clear or Partly Cloudy,Dry,Daylight,,,,14.0,From same direction - both going straight - one stopped - rear-end,0,0,False,0
-122.327461443995,47.5714201728586,203670,302655,303895,E840334,Matched,Intersection,32366.0,5TH AVE S AND S SPOKANE SR ST, ,,2,Injury Collision,Sideswipe,2,0,0,2,1,0,2018-09-19 00:00:00+00,9/19/2018 12:20:00 PM,At Intersection (intersection related),11,"MOTOR VEHICLE STRUCK MOTOR VEHICLE, FRONT END AT ANGLE",True,False,Clear or Partly Cloudy,Dry,Daylight,,,,11.0,From same direction - both going straight - both moving - sideswipe,0,0,False,0
-122.283588463809,47.5351018100998,203671,302523,303763,3810852,Matched,Block,,39TH AVE S BETWEEN S LYON CT AND S HOLDEN ST, ,,1,Property Damage Only Collision,Parked Car,3,0,0,3,0,0,2018-09-01 00:00:00+00,9/1/2018 10:25:00 AM,Mid-Block (not related to intersection),11,"MOTOR VEHICLE STRUCK MOTOR VEHICLE, FRONT END AT ANGLE",,False,Overcast,Dry,Daylight,,,,32.0,One parked--one moving,0,0,True,0
-122.342391905042,47.7341305414951,203674,302314,303534,E829221,Matched,Intersection,35699.0,STONE AVE N AND N 145TH ST, ,,2,Injury Collision,Rear Ended,7,0,0,3,1,0,2018-08-04 00:00:00+00,8/4/2018 6:53:00 PM,At Intersection (intersection related),14,"MOTOR VEHICLE STRUCK MOTOR VEHICLE, REAR END",True,False,Clear or Partly Cloudy,Dry,Daylight,,,,14.0,From same direction - both going straight - one stopped - rear-end,0,0,False,0
-122.278345221177,47.5700206285808,203676,302119,303339,E820176,Matched,Block,,LAKE WASHINGTON BLVD S BETWEEN 43RD AVE S AND 46TH AVE S, ,,2,Injury Collision,Rear Ended,3,0,0,2,2,0,2018-07-20 00:00:00+00,7/20/2018 4:10:00 PM,Mid-Block (not related to intersection),14,"MOTOR VEHICLE STRUCK MOTOR VEHICLE, REAR END",True,False,Clear or Partly Cloudy,Dry,Daylight,,,,13.0,From same direction - both going straight - both moving - rear-end,0,0,False,0
-122.334846956374,47.5290045409556,203677,302121,303341,E820646,Matched,Block,,1ST AVE S BETWEEN SW KENYON ST AND S CLOVERDALE W ST, ,,2,Injury Collision,Other,1,0,0,1,1,0,2018-07-22 00:00:00+00,7/22/2018 10:16:00 PM,Mid-Block (not related to intersection),26,MOTOR VEHICLE STRUCK OBJECT IN ROAD,,False,Clear or Partly Cloudy,Dry,Dark - Street Lights On,,,True,52.0,Vehicle overturned,0,0,False,0
-122.312090789497,47.6575590978518,203678,302309,303529,E829174,Matched,Block,,15TH AVE NE BETWEEN NE 41ST ST AND NE 42ND ST,NEI,"Not Enough Information, or Insufficient Location Information",1,Property Damage Only Collision,Parked Car,2,0,0,2,0,0,2018-08-17 00:00:00+00,8/17/2018 6:00:00 PM,Mid-Block (not related to intersection),0,NOT ENOUGH INFORMATION / NOT APPLICABLE,,False,Clear or Partly Cloudy,Dry,Daylight,,,,32.0,One parked--one moving,0,0,False,0
-122.334397133323,47.6613862142993,203681,302521,303761,E839137,Matched,Block,,N 45TH ST BETWEEN BURKE AVE N AND MERIDIAN AVE N, ,,2,Injury Collision,Rear Ended,2,0,0,2,1,0,2018-09-17 00:00:00+00,9/17/2018 8:29:00 AM,Mid-Block (but intersection related),14,"MOTOR VEHICLE STRUCK MOTOR VEHICLE, REAR END",True,False,Overcast,Dry,Daylight,,,,13.0,From same direction - both going straight - both moving - rear-end,0,0,False,0
-122.319459964739,47.7340151479221,203683,301956,303176,E809799,Matched,Block,,NE 145TH ST BETWEEN 8TH AVE NE AND 10TH AVE NE, ,,1,Property Damage Only Collision,Rear Ended,3,0,0,3,0,0,2018-06-02 00:00:00+00,6/2/2018 4:43:00 PM,Mid-Block (not related to intersection),14,"MOTOR VEHICLE STRUCK MOTOR VEHICLE, REAR END",,False,Clear or Partly Cloudy,Dry,Daylight,,,True,14.0,From same direction - both going straight - one stopped - rear-end,0,0,False,0
-122.333977184684,47.7077552720147,203684,302312,303532,E838269,Matched,Block,,MERIDIAN AVE N BETWEEN N 107TH ST AND N NORTHGATE WAY, ,,1,Property Damage Only Collision,Angles,4,0,0,2,0,0,2018-09-07 00:00:00+00,9/7/2018 7:46:00 PM,Mid-Block (not related to intersection),11,"MOTOR VEHICLE STRUCK MOTOR VEHICLE, FRONT END AT ANGLE",,False,Raining,Wet,Dark - Street Lights On,,,,10.0,Entering at angle,0,0,False,0
-122.337540010438,47.6077944495821,203685,301955,303175,E835703,Matched,Block,,2ND AVE BETWEEN UNIVERSITY ST AND UNION ST, ,,1,Property Damage Only Collision,Parked Car,2,0,0,2,0,0,2018-09-05 00:00:00+00,9/5/2018 3:30:00 PM,Mid-Block (not related to intersection),11,"MOTOR VEHICLE STRUCK MOTOR VEHICLE, FRONT END AT ANGLE",,False,Clear or Partly Cloudy,Dry,Daylight,,,,32.0,One parked--one moving,0,0,True,0
-122.315441924822,47.7339772021695,203686,302124,303344,E821058,Matched,Intersection,35852.0,12TH AVE NE AND NE 145TH ST, ,,2,Injury Collision,Rear Ended,3,0,0,3,2,0,2018-07-20 00:00:00+00,7/20/2018 12:53:00 PM,At Intersection (intersection related),11,"MOTOR VEHICLE STRUCK MOTOR VEHICLE, FRONT END AT ANGLE",True,False,Clear or Partly Cloudy,Dry,Daylight,,,,14.0,From same direction - both going straight - one stopped - rear-end,0,0,False,0
-122.338238289605,47.5557687495713,203688,301810,303030,E833170,Matched,Intersection,33022.0,EAST MARGINAL WAY S AND S DAWSON ST, ,,2,Injury Collision,Left Turn,2,0,0,2,1,0,2018-08-16 00:00:00+00,8/16/2018 8:29:00 AM,At Intersection (intersection related),11,"MOTOR VEHICLE STRUCK MOTOR VEHICLE, FRONT END AT ANGLE",,False,Clear or Partly Cloudy,Dry,Daylight,,,,28.0,From opposite direction - one left turn - one straight,0,0,False,0
-122.356729291343,47.6221083560034,203689,301809,303029,3811739,Matched,Intersection,28653.0,HARRISON ST AND QUEEN ANNE AVE N, ,,1,Property Damage Only Collision,Left Turn,2,0,0,2,0,0,2018-09-09 00:00:00+00,9/9/2018 6:34:00 PM,At Intersection (intersection related),11,"MOTOR VEHICLE STRUCK MOTOR VEHICLE, FRONT END AT ANGLE",,False,Clear or Partly Cloudy,Dry,Dusk,,,,15.0,From same direction - one left turn - one straight,0,0,False,0
-122.312825138031,47.6343438618909,203690,302656,303896,E840335,Matched,Block,,15TH AVE E BETWEEN E GARFIELD ST AND E OLIN S PL, ,,1,Property Damage Only Collision,Left Turn,2,0,0,2,0,0,2018-09-20 00:00:00+00,9/20/2018 8:41:00 AM,Mid-Block (not related to intersection),11,"MOTOR VEHICLE STRUCK MOTOR VEHICLE, FRONT END AT ANGLE",True,False,Clear or Partly Cloudy,Dry,Daylight,,,,28.0,From opposite direction - one left turn - one straight,0,0,False,0
-122.37068548706,47.5482487631954,203691,302524,303764,3810942,Matched,Block,,SW RAYMOND ST BETWEEN 29TH AVE SW AND 30TH AVE SW, ,,1,Property Damage Only Collision,Other,1,0,0,1,0,0,2018-09-01 00:00:00+00,9/1/2018 2:39:00 PM,Mid-Block (not related to intersection),26,MOTOR VEHICLE STRUCK OBJECT IN ROAD,,False,Clear or Partly Cloudy,Dry,Daylight,,,,50.0,Fixed object,0,0,False,0
-122.347887135614,47.6153610042307,203692,301808,303028,3811427,Matched,Intersection,29687.0,2ND AVE AND WALL ST, ,,1,Property Damage Only Collision,Left Turn,2,0,0,2,0,0,2018-09-09 00:00:00+00,9/9/2018 4:30:00 PM,At Intersection (intersection related),11,"MOTOR VEHICLE STRUCK MOTOR VEHICLE, FRONT END AT ANGLE",,False,Clear or Partly Cloudy,Dry,Daylight,,,,15.0,From same direction - one left turn - one straight,0,0,False,0
-122.283341097314,47.5460212562219,203693,302310,303530,3810949,Matched,Intersection,33647.0,39TH AVE S AND S GRAHAM ST, ,,1,Property Damage Only Collision,Angles,3,0,0,2,0,0,2018-09-15 00:00:00+00,9/15/2018 9:20:00 PM,At Intersection (intersection related),11,"MOTOR VEHICLE STRUCK MOTOR VEHICLE, FRONT END AT ANGLE",,False,Overcast,Wet,Dark - Street Lights On,,,,10.0,Entering at angle,0,0,False,0
-122.315319583893,47.5983344276317,203694,302526,303766,3811534,Matched,Block,,S KING ST BETWEEN 12TH AVE S AND RAINIER AVE S, ,,1,Property Damage Only Collision,Parked Car,3,0,0,2,0,0,2018-08-31 00:00:00+00,8/31/2018 4:35:00 PM,Mid-Block (not related to intersection),11,"MOTOR VEHICLE STRUCK MOTOR VEHICLE, FRONT END AT ANGLE",,False,Clear or Partly Cloudy,Dry,Daylight,,,,32.0,One parked--one moving,0,0,False,0
-122.319643589875,47.5983479012904,203695,302315,303535,3811584,Matched,Intersection,30431.0,10TH AVE S AND S KING ST, ,,1,Property Damage Only Collision,Rear Ended,3,0,0,2,0,0,2018-09-16 00:00:00+00,9/16/2018 1:28:00 AM,At Intersection (intersection related),11,"MOTOR VEHICLE STRUCK MOTOR VEHICLE, FRONT END AT ANGLE",,False,Raining,Wet,Dark - Street Lights On,,,,84.0,Same direction -- both turning left -- one stopped -- rear end,0,0,False,0
-122.316616954135,47.6598365144689,203696,301807,303027,3767642,Matched,Intersection,27074.0,11TH AVE NE AND NE 43RD ST, ,,1,Property Damage Only Collision,Left Turn,2,0,0,2,0,0,2018-09-10 00:00:00+00,9/10/2018 2:07:00 PM,At Intersection (intersection related),11,"MOTOR VEHICLE STRUCK MOTOR VEHICLE, FRONT END AT ANGLE",,False,Clear or Partly Cloudy,Dry,Daylight,,,,15.0,From same direction - one left turn - one straight,0,0,False,0
-122.315293062396,47.6839916184879,203697,302122,303342,E836180,Matched,Block,,12TH AVE NE BETWEEN NE 75TH ST AND NE 77TH ST, ,,1,Property Damage Only Collision,Rear Ended,2,0,0,2,0,0,2018-09-08 00:00:00+00,9/8/2018 12:21:00 PM,Mid-Block (not related to intersection),14,"MOTOR VEHICLE STRUCK MOTOR VEHICLE, REAR END",,False,Clear or Partly Cloudy,Dry,Daylight,,,,14.0,From same direction - both going straight - one stopped - rear-end,0,0,False,0
-122.32348350211,47.7340529814808,203698,302117,303337,E820080,Matched,Intersection,35853.0,5TH AVE NE AND NE 145TH ST, ,,1,Property Damage Only Collision,Sideswipe,2,0,0,2,0,0,2018-07-09 00:00:00+00,7/9/2018 2:54:00 PM,At Intersection (intersection related),14,"MOTOR VEHICLE STRUCK MOTOR VEHICLE, REAR END",,False,Clear or Partly Cloudy,Dry,Daylight,,,,11.0,From same direction - both going straight - both moving - sideswipe,0,0,False,0
-122.347300705301,47.6450296898032,203700,301806,303026,E834741,Matched,Block,,WESTLAKE AVE N BETWEEN NEWELL ST AND NICKERSON ST, ,,1,Property Damage Only Collision,Sideswipe,2,0,0,2,0,0,2018-08-31 00:00:00+00,8/31/2018 10:07:00 AM,Mid-Block (not related to intersection),11,"MOTOR VEHICLE STRUCK MOTOR VEHICLE, FRONT END AT ANGLE",,False,Clear or Partly Cloudy,Dry,Daylight,,,,12.0,From same direction - both going straight - one stopped - sideswipe,0,0,False,0
-122.324662555977,47.6408769803916,203701,302654,303894,E840333,Matched,Block,,FRANKLIN AVE E BETWEEN E LYNN ST AND E LOUISA ST, ,,1,Property Damage Only Collision,Parked Car,3,0,0,2,0,0,2018-09-14 00:00:00+00,9/14/2018 9:06:00 AM,Mid-Block (not related to intersection),14,"MOTOR VEHICLE STRUCK MOTOR VEHICLE, REAR END",True,False,Clear or Partly Cloudy,Dry,Daylight,,,,32.0,One parked--one moving,0,0,False,0
-122.334196048695,47.589271745362,203702,302522,303762,3810801,Matched,Block,,1ST AVE S BETWEEN S ATLANTIC ST AND S MASSACHUSETTS ST, ,,1,Property Damage Only Collision,Rear Ended,2,0,0,2,0,0,2018-09-01 00:00:00+00,9/1/2018 11:50:00 PM,Mid-Block (not related to intersection),11,"MOTOR VEHICLE STRUCK MOTOR VEHICLE, FRONT END AT ANGLE",,False,Clear or Partly Cloudy,Dry,Dark - Street Lights On,,,,14.0,From same direction - both going straight - one stopped - rear-end,0,0,False,0
-122.376766639932,47.678646793582,203703,301805,303025,E835375,Matched,Block,,15TH AVE NW BETWEEN NW 67TH ST AND NW 70TH ST, ,,1,Property Damage Only Collision,Rear Ended,2,0,0,2,0,0,2018-08-29 00:00:00+00,8/29/2018 6:09:00 PM,Mid-Block (but intersection related),14,"MOTOR VEHICLE STRUCK MOTOR VEHICLE, REAR END",True,False,Clear or Partly Cloudy,Dry,Daylight,,,,13.0,From same direction - both going straight - both moving - rear-end,0,0,False,0
-122.334202530502,47.5638154283409,203704,302313,303533,3810979,Matched,Block,,1ST AV S VI BETWEEN S DAKOTA ST AND 1ST AVE S, ,,1,Property Damage Only Collision,Right Turn,2,0,0,2,0,0,2018-09-17 00:00:00+00,9/17/2018 11:40:00 AM,Mid-Block (but intersection related),11,"MOTOR VEHICLE STRUCK MOTOR VEHICLE, FRONT END AT ANGLE",,False,Clear or Partly Cloudy,Dry,Daylight,,,,16.0,From same direction - one right turn - one straight,0,0,False,0
-122.376133751174,47.6348221908964,203705,300024,301224,3784847,Matched,Intersection,27972.0,15TH AVE W AND W BLAINE ST, ,,2,Injury Collision,Left Turn,2,0,0,2,1,0,2018-08-01 00:00:00+00,8/1/2018 12:06:00 PM,At Intersection (intersection related),11,"MOTOR VEHICLE STRUCK MOTOR VEHICLE, FRONT END AT ANGLE",,True,Clear or Partly Cloudy,Dry,Daylight,,,,28.0,From opposite direction - one left turn - one straight,0,0,False,0
-122.305557489051,47.5836669358545,203706,299619,300819,3814924,Matched,Intersection,31566.0,21ST AVE S AND S WALKER ST, ,,1,Property Damage Only Collision,Angles,4,0,0,2,0,0,2018-07-23 00:00:00+00,7/23/2018 5:29:00 PM,At Intersection (intersection related),11,"MOTOR VEHICLE STRUCK MOTOR VEHICLE, FRONT END AT ANGLE",,False,Clear or Partly Cloudy,Dry,Daylight,,,,10.0,Entering at angle,0,0,False,0
-122.364547837525,47.521023292389,203708,300023,301223,3781073,Matched,Intersection,34876.0,25TH AVE SW AND SW BARTON ST, ,,1,Property Damage Only Collision,Angles,3,0,0,2,0,0,2018-08-01 00:00:00+00,8/1/2018 5:57:00 PM,At Intersection (intersection related),11,"MOTOR VEHICLE STRUCK MOTOR VEHICLE, FRONT END AT ANGLE",,False,Clear or Partly Cloudy,Dry,Daylight,,,,10.0,Entering at angle,0,0,False,0
-122.373947646403,47.5246592978701,203709,300022,301222,3781070,Matched,Intersection,34938.0,32ND AVE SW AND SW TRENTON ST, ,,2,Injury Collision,Angles,2,0,0,2,1,0,2018-08-01 00:00:00+00,8/1/2018 1:21:00 PM,At Intersection (intersection related),11,"MOTOR VEHICLE STRUCK MOTOR VEHICLE, FRONT END AT ANGLE",,False,Clear or Partly Cloudy,Dry,Daylight,,,,10.0,Entering at angle,0,0,False,0
-122.317598553206,47.694011763908,203729,299864,301064,E820983,Matched,Intersection,37530.0,ROOSEVELT WAY NE AND NE 90TH ST, ,,2,Injury Collision,Angles,2,0,0,2,1,0,2018-07-16 00:00:00+00,7/16/2018 5:05:00 PM,At Intersection (intersection related),11,"MOTOR VEHICLE STRUCK MOTOR VEHICLE, FRONT END AT ANGLE",,False,Clear or Partly Cloudy,Dry,Daylight,,,,10.0,Entering at angle,0,0,False,0
-122.280846400619,47.5354048022353,203710,299618,300818,3814922,Matched,Intersection,164360.0,M L KING JR WR WAY S AND S WEBSTER ST, ,,2,Injury Collision,Left Turn,4,0,0,2,1,0,2018-07-17 00:00:00+00,7/17/2018 10:20:00 AM,At Intersection (intersection related),11,"MOTOR VEHICLE STRUCK MOTOR VEHICLE, FRONT END AT ANGLE",,False,Clear or Partly Cloudy,Dry,Daylight,,,,28.0,From opposite direction - one left turn - one straight,0,0,False,0
-122.383035682673,47.6989814766851,203711,300021,301221,3754140,Matched,Intersection,36926.0,21ST AVE NW AND NW 96TH ST, ,,1,Property Damage Only Collision,Angles,4,0,0,2,0,0,2018-08-03 00:00:00+00,8/3/2018 6:30:00 PM,At Intersection (intersection related),11,"MOTOR VEHICLE STRUCK MOTOR VEHICLE, FRONT END AT ANGLE",,False,Clear or Partly Cloudy,Dry,Daylight,,,,10.0,Entering at angle,0,0,False,0
-122.346642372414,47.6414184113917,203712,299617,300817,E820864,Matched,Block,,AURORA AVE N BETWEEN DEXTER WAY N AND HALLADAY ST, ,,1,Property Damage Only Collision,Rear Ended,2,0,0,2,0,0,2018-07-10 00:00:00+00,7/10/2018 5:17:00 PM,Mid-Block (not related to intersection),14,"MOTOR VEHICLE STRUCK MOTOR VEHICLE, REAR END",,False,Clear or Partly Cloudy,Dry,Daylight,,,,13.0,From same direction - both going straight - both moving - rear-end,0,0,False,0
-122.328962557205,47.6008754407167,203713,300020,301220,3753606,Matched,Intersection,30494.0,4TH AVE S AND S WASHINGTON ST, ,,2,Injury Collision,Pedestrian,2,0,1,1,1,0,2018-08-03 00:00:00+00,8/3/2018 7:28:00 PM,At Intersection (intersection related),18,"MOTOR VEHICLE STRUCK PEDALCYCLIST, FRONT END AT ANGLE",,False,Clear or Partly Cloudy,Dry,Daylight,,,,5.0,Vehicle Strikes Pedalcyclist,0,521742,False,0
-122.322871079509,47.68088101037,203714,300184,301384,E824125,Matched,Intersection,24456.0,5TH AVE NE AND NE 72ND ST, ,,1,Property Damage Only Collision,Angles,2,0,0,2,0,0,2018-08-02 00:00:00+00,8/2/2018 12:58:00 PM,At Intersection (intersection related),11,"MOTOR VEHICLE STRUCK MOTOR VEHICLE, FRONT END AT ANGLE",,False,Clear or Partly Cloudy,Dry,Daylight,,,,10.0,Entering at angle,0,0,False,0
-122.326875383504,47.553384396182,203715,299616,300816,3814921,Matched,Intersection,33167.0,6TH AVE S AND S LUCILE ST, ,,2b,Serious Injury Collision,Angles,5,0,0,2,5,0,2018-07-20 00:00:00+00,7/20/2018 1:30:00 AM,At Intersection (intersection related),11,"MOTOR VEHICLE STRUCK MOTOR VEHICLE, FRONT END AT ANGLE",,True,Clear or Partly Cloudy,Dry,Dark - Street Lights On,,,,10.0,Entering at angle,0,0,False,2
-122.34238173082,47.6208883946044,203717,300019,301219,3753537,Matched,Intersection,28788.0,DEXTER AVE N AND THOMAS ST, ,,2,Injury Collision,Pedestrian,2,0,1,1,1,0,2018-08-03 00:00:00+00,8/3/2018 5:13:00 PM,At Intersection (intersection related),51,PEDALCYCLIST STRUCK MOTOR VEHICLE FRONT END AT ANGLE,,False,Clear or Partly Cloudy,Dry,Daylight,,,,5.0,Vehicle Strikes Pedalcyclist,42777,0,False,0
-122.337416959753,47.5541839539926,203718,299615,300815,3814915,Matched,Intersection,33027.0,EAST MARGINAL WAY S AND S BRANDON ST, ,,2,Injury Collision,Left Turn,2,0,0,2,2,0,2018-07-13 00:00:00+00,7/13/2018 3:58:00 PM,At Intersection (intersection related),11,"MOTOR VEHICLE STRUCK MOTOR VEHICLE, FRONT END AT ANGLE",,False,Clear or Partly Cloudy,Dry,Daylight,,,,15.0,From same direction - one left turn - one straight,0,0,False,0
-122.306426260505,47.5457394605264,203719,299614,300814,3814792,Matched,Intersection,34387.0,SWIFT AVE S AND SWIFT AV OFF RP, ,,1,Property Damage Only Collision,Angles,5,0,0,2,0,0,2018-05-13 00:00:00+00,5/13/2018 9:48:00 AM,At Intersection (intersection related),11,"MOTOR VEHICLE STRUCK MOTOR VEHICLE, FRONT END AT ANGLE",,False,Clear or Partly Cloudy,Dry,Daylight,,,,10.0,Entering at angle,0,0,False,0
-122.392858296906,47.6686548495974,203720,299868,301068,E820986,Matched,Intersection,25226.0,28TH AVE NW AND NW MARKET ST, ,,2,Injury Collision,Cycles,2,0,1,1,1,0,2018-07-04 00:00:00+00,7/4/2018 12:45:00 PM,At Intersection (intersection related),18,"MOTOR VEHICLE STRUCK PEDALCYCLIST, FRONT END AT ANGLE",True,False,Clear or Partly Cloudy,Dry,Daylight,,,,6.0,Pedalcyclist Strikes Moving Vehicle,0,0,False,0
-122.375812188923,47.5428583812109,203721,302918,304177,3626848,Matched,Block,,SW HOLLY ST BETWEEN 34TH AVE SW AND 35TH AVE SW,NEI,"Not Enough Information, or Insufficient Location Information",1,Property Damage Only Collision,Parked Car,2,0,0,2,0,0,2018-09-24 00:00:00+00,9/24/2018 5:15:00 PM,Mid-Block (not related to intersection),12,"MOTOR VEHICLE STRUCK MOTOR VEHICLE, RIGHT SIDE AT ANGLE",,False,Clear or Partly Cloudy,Dry,Daylight,,,,32.0,One parked--one moving,0,0,True,0
-122.312298992936,47.5534379273932,203722,300027,301227,3810719,Matched,Intersection,33361.0,16TH AVE S AND S LUCILE ST, ,,1,Property Damage Only Collision,Angles,2,0,0,2,0,0,2018-08-02 00:00:00+00,8/2/2018 10:07:00 AM,At Intersection (intersection related),11,"MOTOR VEHICLE STRUCK MOTOR VEHICLE, FRONT END AT ANGLE",,False,Overcast,Wet,Daylight,,,,10.0,Entering at angle,0,0,False,0
-122.367865127515,47.6621954055336,203723,299867,301067,E820985,Matched,Intersection,25464.0,LEARY WAY NW AND NW 46TH ST, ,,2,Injury Collision,Angles,2,0,0,2,2,0,2018-07-20 00:00:00+00,7/20/2018 12:50:00 PM,At Intersection (intersection related),11,"MOTOR VEHICLE STRUCK MOTOR VEHICLE, FRONT END AT ANGLE",,False,Clear or Partly Cloudy,Dry,Daylight,,,,10.0,Entering at angle,0,0,False,0
-122.329058178381,47.5766512804844,203725,302917,304157,3550167,Matched,Block,,4TH AVE S BETWEEN S FOREST ST AND S HANFORD ST, ,,1,Property Damage Only Collision,Parked Car,3,0,0,2,0,0,2018-09-22 00:00:00+00,9/22/2018 10:00:00 PM,Mid-Block (not related to intersection),11,"MOTOR VEHICLE STRUCK MOTOR VEHICLE, FRONT END AT ANGLE",,False,Overcast,Wet,Dark - Street Lights On,,,,32.0,One parked--one moving,0,0,False,0
-122.322092271568,47.6431904002026,203726,300188,301388,E824190,Matched,Intersection,28207.0,HARVARD AVE E AND E ROANOKE ST, ,,2,Injury Collision,Angles,2,0,0,2,2,0,2018-07-29 00:00:00+00,7/29/2018 2:23:00 AM,At Intersection (intersection related),11,"MOTOR VEHICLE STRUCK MOTOR VEHICLE, FRONT END AT ANGLE",,False,Clear or Partly Cloudy,Dry,Dark - Street Lights On,,,True,10.0,Entering at angle,0,0,False,0
-122.31448850984,47.6535988462442,203727,299865,301065,E820984,Matched,Intersection,27146.0,BROOKLYN AVE NE AND NE PACIFIC ST, ,,1,Property Damage Only Collision,Rear Ended,6,0,0,2,0,0,2018-07-06 00:00:00+00,7/6/2018 12:37:00 PM,At Intersection (intersection related),14,"MOTOR VEHICLE STRUCK MOTOR VEHICLE, REAR END",,False,Clear or Partly Cloudy,Dry,Daylight,,,,14.0,From same direction - both going straight - one stopped - rear-end,0,0,False,0
-122.372878144999,47.5456607645797,203728,302897,304137,3745683,Matched,Block,,LANHAM PL SW BETWEEN SW GRAHAM ST AND SW MORGAN W ST, ,,1,Property Damage Only Collision,Parked Car,2,0,0,2,0,0,2018-09-13 00:00:00+00,9/13/2018 11:13:00 AM,Mid-Block (not related to intersection),11,"MOTOR VEHICLE STRUCK MOTOR VEHICLE, FRONT END AT ANGLE",,False,Unknown,Unknown,Unknown,,,,32.0,One parked--one moving,0,0,True,0
-122.323641157932,47.6060183966882,203730,302881,304121,E839611,Matched,Intersection,29815.0,JAMES ST AND TERRY AVE, ,,2,Injury Collision,Angles,3,0,0,2,1,0,2018-08-29 00:00:00+00,8/29/2018 2:17:00 PM,At Intersection (intersection related),11,"MOTOR VEHICLE STRUCK MOTOR VEHICLE, FRONT END AT ANGLE",,False,Clear or Partly Cloudy,Dry,Daylight,,,,10.0,Entering at angle,0,0,False,0
-122.334200814388,47.5798111383773,203732,300026,301226,3810688,Matched,Intersection,31372.0,1ST AVE S AND S LANDER ST, ,,2,Injury Collision,Rear Ended,4,0,0,2,1,0,2018-08-03 00:00:00+00,8/3/2018 9:30:00 AM,At Intersection (intersection related),14,"MOTOR VEHICLE STRUCK MOTOR VEHICLE, REAR END",,False,Overcast,Dry,Daylight,,,,84.0,Same direction -- both turning left -- one stopped -- rear end,0,0,False,0
-122.301164918081,47.6757738235214,202009,294639,295719,3751278,Matched,Block,,NE 65TH ST BETWEEN 24TH AVE NE AND 25TH AVE NE, ,,2,Injury Collision,Cycles,2,0,1,1,1,0,2018-07-02 00:00:00+00,7/2/2018 11:21:00 AM,Driveway Junction,51,PEDALCYCLIST STRUCK MOTOR VEHICLE FRONT END AT ANGLE,,False,Clear or Partly Cloudy,Dry,Daylight,,,,6.0,Pedalcyclist Strikes Moving Vehicle,0,0,False,0
-122.306356952564,47.5992547054432,203733,302880,304120,E839311,Matched,Intersection,30754.0,20TH AVE S AND S JACKSON ST, ,,2,Injury Collision,Pedestrian,2,0,1,1,1,0,2018-09-17 00:00:00+00,9/17/2018 5:25:00 PM,At Intersection (intersection related),51,PEDALCYCLIST STRUCK MOTOR VEHICLE FRONT END AT ANGLE,,False,Clear or Partly Cloudy,Dry,Daylight,,,,5.0,Vehicle Strikes Pedalcyclist,11045,521197,False,0
-122.35288301842,47.6717440388493,203734,302879,304119,E839136,Matched,Intersection,25624.0,DAYTON AVE N AND N 59TH ST, ,,1,Property Damage Only Collision,Other,1,0,0,1,0,0,2018-09-05 00:00:00+00,9/5/2018 7:35:00 AM,At Intersection (intersection related),26,MOTOR VEHICLE STRUCK OBJECT IN ROAD,True,False,Clear or Partly Cloudy,Dry,Daylight,,,,50.0,Fixed object,0,0,False,0
-122.378884280035,47.6686710316404,203735,299862,301062,E820980,Matched,Intersection,25150.0,17TH AVE NW AND NW MARKET ST, ,,1,Property Damage Only Collision,Angles,2,0,0,2,0,0,2018-07-19 00:00:00+00,7/19/2018 1:45:00 PM,At Intersection (intersection related),11,"MOTOR VEHICLE STRUCK MOTOR VEHICLE, FRONT END AT ANGLE",,False,Clear or Partly Cloudy,Dry,Daylight,,,,10.0,Entering at angle,0,0,False,0