longitude,latitude,objectid,inckey,coldetkey,reportno,status,addrtype,intkey,location,exceptrsncode,exceptrsndesc,severitycode,severitydesc,collisiontype,personcount,pedcount,pedcylcount,vehcount,injuries,fatalities,incdate,incdttm,junctiontype,sdot_colcode,sdot_coldesc,inattentionind,underinfl,weather,roadcond,lightcond,pedrownotgrnt,sdotcolnum,speeding,st_colcode,st_coldesc,seglanekey,crosswalkkey,hitparkedcar,seriousinjuries
-122.387038450299,47.5521103291891,203736,302878,304118,E839023,Matched,Intersection,32803.0,CALIFORNIA AVE SW AND SW FINDLAY ST, ,,2,Injury Collision,Pedestrian,2,1,0,1,1,0,2018-08-27 00:00:00+00,8/27/2018 9:32:00 AM,At Intersection (intersection related),24,MOTOR VEHCILE STRUCK PEDESTRIAN,,False,Clear or Partly Cloudy,Dry,Daylight,True,,,1.0,Vehicle turning right hits pedestrian,0,522860,False,0
-122.329054585517,47.5829366189919,203737,299861,301061,E822383,Matched,Block,,4TH AVE S BETWEEN S WALKER ST AND S STACY ST, ,,1,Property Damage Only Collision,Sideswipe,2,0,0,2,0,0,2018-07-28 00:00:00+00,7/28/2018 1:09:00 PM,Driveway Junction,14,"MOTOR VEHICLE STRUCK MOTOR VEHICLE, REAR END",,False,Clear or Partly Cloudy,Dry,Daylight,,,,11.0,From same direction - both going straight - both moving - sideswipe,0,0,False,0
-122.349741010297,47.6461470273324,203738,300186,301386,E824171,Matched,Intersection,28057.0,NICKERSON ST AND WESTLAKE AVE N, ,,1,Property Damage Only Collision,Sideswipe,3,0,0,2,0,0,2018-07-20 00:00:00+00,7/20/2018 2:34:00 PM,At Intersection (intersection related),11,"MOTOR VEHICLE STRUCK MOTOR VEHICLE, FRONT END AT ANGLE",,False,Clear or Partly Cloudy,Dry,Daylight,,,,81.0,Same direction -- both turning left -- both moving -- sideswipe,0,0,False,0
-122.325622807135,47.5516925324549,203739,299860,301060,E822382,Matched,Block,,S ORCAS ST BETWEEN 6TH AVE S AND 7TH AVE S, ,,1,Property Damage Only Collision,Parked Car,2,0,0,2,0,0,2018-07-23 00:00:00+00,7/23/2018 4:41:00 PM,Mid-Block (not related to intersection),11,"MOTOR VEHICLE STRUCK MOTOR VEHICLE, FRONT END AT ANGLE",,False,Clear or Partly Cloudy,Dry,Daylight,,,,32.0,One parked--one moving,0,0,False,0
-122.33396137291,47.706850216104,203740,302877,304117,E838839,Matched,Intersection,36588.0,MERIDIAN AVE N AND N 107TH ST, ,,1,Property Damage Only Collision,Left Turn,5,0,0,2,0,0,2018-09-05 00:00:00+00,9/5/2018 2:05:00 PM,At Intersection (intersection related),11,"MOTOR VEHICLE STRUCK MOTOR VEHICLE, FRONT END AT ANGLE",,False,Clear or Partly Cloudy,Dry,Daylight,,,,28.0,From opposite direction - one left turn - one straight,0,0,False,0
-122.329698789595,47.6175046181044,203741,299621,300821,3703916,Matched,Intersection,29174.0,HOWELL ST AND YALE AVE, ,,2,Injury Collision,Rear Ended,5,0,0,2,1,0,2018-07-30 00:00:00+00,7/30/2018 10:24:00 PM,At Intersection (but not related to intersection),14,"MOTOR VEHICLE STRUCK MOTOR VEHICLE, REAR END",,False,Clear or Partly Cloudy,Dry,Dark - Street Lights On,,,,14.0,From same direction - both going straight - one stopped - rear-end,0,0,False,0
-122.312298992936,47.5534379273932,203742,300025,301225,3810686,Matched,Intersection,33361.0,16TH AVE S AND S LUCILE ST, ,,2,Injury Collision,Angles,6,0,0,2,2,0,2018-08-02 00:00:00+00,8/2/2018 10:35:00 PM,At Intersection (intersection related),11,"MOTOR VEHICLE STRUCK MOTOR VEHICLE, FRONT END AT ANGLE",True,False,Clear or Partly Cloudy,Dry,Dark - Street Lights On,,,,10.0,Entering at angle,0,0,False,0
-122.351133937705,47.5709417837772,203743,302661,303901,3705928,Matched,Block,,WEST SEATTLE BR EB BETWEEN ALASKAN WY VI NB ON RP AND DELRIDGE-W SEATTLE BR EB ON RP, ,,1,Property Damage Only Collision,Other,1,0,0,1,0,0,2018-09-09 00:00:00+00,9/9/2018 9:45:00 PM,Mid-Block (not related to intersection),26,MOTOR VEHICLE STRUCK OBJECT IN ROAD,,False,Raining,Wet,Dark - Street Lights On,,,,50.0,Fixed object,0,0,False,0
-122.262777397341,47.5201170126263,203744,300189,301389,E824384,Matched,Intersection,35451.0,RAINIER AVE S AND SEWARD PARK AVE S, ,,2,Injury Collision,Left Turn,2,0,0,2,1,0,2018-08-02 00:00:00+00,8/2/2018 3:43:00 PM,At Intersection (intersection related),11,"MOTOR VEHICLE STRUCK MOTOR VEHICLE, FRONT END AT ANGLE",,False,Clear or Partly Cloudy,Dry,Daylight,,,,28.0,From opposite direction - one left turn - one straight,0,0,False,0
-122.313456428892,47.5556264090047,203745,299620,300820,3818779,Matched,Intersection,33331.0,15TH AVE S AND S DAWSON ST, ,,1,Property Damage Only Collision,Pedestrian,4,0,1,1,0,0,2018-07-18 00:00:00+00,7/18/2018 8:42:00 AM,At Intersection (intersection related),51,PEDALCYCLIST STRUCK MOTOR VEHICLE FRONT END AT ANGLE,,False,Clear or Partly Cloudy,Dry,Daylight,,,,5.0,Vehicle Strikes Pedalcyclist,0,0,False,0
-122.346070864774,47.6642941238121,203747,300185,301385,E824169,Matched,Intersection,25649.0,WHITMAN AVE N AND N 49TH ST, ,,2,Injury Collision,Angles,3,0,0,2,1,0,2018-07-22 00:00:00+00,7/22/2018 1:17:00 AM,At Intersection (intersection related),11,"MOTOR VEHICLE STRUCK MOTOR VEHICLE, FRONT END AT ANGLE",,False,Clear or Partly Cloudy,Dry,Dark - No Street Lights,,,,10.0,Entering at angle,0,0,False,0
-122.27898248493,47.5232707068686,203748,301557,302797,3810735,Matched,Intersection,487378.0,M L KING JR ER WAY S AND S HENDERSON ST, ,,1,Property Damage Only Collision,Angles,2,0,0,2,0,0,2018-09-04 00:00:00+00,9/4/2018 11:34:00 PM,At Intersection (intersection related),11,"MOTOR VEHICLE STRUCK MOTOR VEHICLE, FRONT END AT ANGLE",,False,Clear or Partly Cloudy,Dry,Dark - Street Lights On,,,,10.0,Entering at angle,0,0,False,0
-122.366398162706,47.6259927317201,203749,301177,302397,E830992,Matched,Block,,W MERCER PL BETWEEN 6TH AVE W AND ELLIOTT AVE W, ,,1,Property Damage Only Collision,Rear Ended,2,0,0,2,0,0,2018-08-20 00:00:00+00,8/20/2018 3:16:00 PM,Mid-Block (but intersection related),14,"MOTOR VEHICLE STRUCK MOTOR VEHICLE, REAR END",,False,Fog/Smog/Smoke,Dry,Daylight,,,,14.0,From same direction - both going straight - one stopped - rear-end,0,0,False,0
-122.287960856367,47.5460859919886,203750,300540,301740,E824821,Matched,Block,,S GRAHAM ST BETWEEN 33RD AVE S AND M L KING JR WR WAY S, ,,1,Property Damage Only Collision,Left Turn,3,0,0,2,0,0,2018-08-05 00:00:00+00,8/5/2018 8:09:00 PM,Mid-Block (not related to intersection),14,"MOTOR VEHICLE STRUCK MOTOR VEHICLE, REAR END",,False,Clear or Partly Cloudy,Dry,Daylight,,,,28.0,From opposite direction - one left turn - one straight,0,0,False,0
-122.318050120725,47.62681056151,203751,300754,301974,3751481,Matched,Intersection,28975.0,11TH AVE E AND E ALOHA ST, ,,1,Property Damage Only Collision,Parked Car,2,0,0,2,0,0,2018-08-14 00:00:00+00,8/14/2018 4:00:00 PM,At Intersection (intersection related),11,"MOTOR VEHICLE STRUCK MOTOR VEHICLE, FRONT END AT ANGLE",,False,Clear or Partly Cloudy,Dry,Daylight,,,,32.0,One parked--one moving,0,0,True,0
-122.30487229516,47.5603579033078,203752,300761,301981,3810782,Matched,Block,,BEACON WR AVE S BETWEEN S ALASKA ST AND S COLUMBIAN WAY, ,,1,Property Damage Only Collision,Parked Car,3,0,0,3,0,0,2018-08-20 00:00:00+00,8/20/2018 4:00:00 AM,Mid-Block (not related to intersection),0,NOT ENOUGH INFORMATION / NOT APPLICABLE,True,False,Unknown,Unknown,Unknown,,,,32.0,One parked--one moving,0,0,True,0
-122.307936698455,47.5469809772069,203753,300539,301739,E824820,Matched,Intersection,33396.0,SWIFT AVE S AND S GRAHAM ST, ,,1,Property Damage Only Collision,Sideswipe,7,0,0,2,0,0,2018-07-31 00:00:00+00,7/31/2018 6:58:00 PM,At Intersection (intersection related),11,"MOTOR VEHICLE STRUCK MOTOR VEHICLE, FRONT END AT ANGLE",,False,Clear or Partly Cloudy,Dry,Daylight,,,,72.0,Same direction -- both turning right -- one stopped -- sideswipe,0,0,False,0
-122.34134630783,47.6155962987354,203754,300538,301738,E824779,Matched,Block,,BLANCHARD ST BETWEEN 5TH AVE AND 6TH AVE, ,,1,Property Damage Only Collision,Angles,2,0,0,2,0,0,2018-08-03 00:00:00+00,8/3/2018 12:46:00 PM,Mid-Block (not related to intersection),11,"MOTOR VEHICLE STRUCK MOTOR VEHICLE, FRONT END AT ANGLE",,False,Clear or Partly Cloudy,Dry,Daylight,,,,10.0,Entering at angle,0,0,False,0
-122.376180260928,47.6332696858024,203755,301217,302437,E829933,Matched,Block,,15TH AVE W BETWEEN MAGNOLIA BR OFF RP AND MAGNOLIA BR, ,,1,Property Damage Only Collision,Sideswipe,2,0,0,2,0,0,2018-08-20 00:00:00+00,8/20/2018 8:42:00 AM,Mid-Block (but intersection related),11,"MOTOR VEHICLE STRUCK MOTOR VEHICLE, FRONT END AT ANGLE",True,False,Clear or Partly Cloudy,Dry,Daylight,,,,11.0,From same direction - both going straight - both moving - sideswipe,0,0,False,0
-122.312766312274,47.6871017298208,203756,300751,301971,3751361,Matched,Block,,LAKE CITY WAY NE BETWEEN NE 80TH ST AND 15TH AVE NE, ,,1,Property Damage Only Collision,Sideswipe,2,0,0,2,0,0,2018-08-13 00:00:00+00,8/13/2018 8:53:00 AM,Mid-Block (not related to intersection),11,"MOTOR VEHICLE STRUCK MOTOR VEHICLE, FRONT END AT ANGLE",,False,Clear or Partly Cloudy,Dry,Daylight,,,,11.0,From same direction - both going straight - both moving - sideswipe,0,0,False,0
-122.342626914365,47.6516186508064,203757,301137,302357,E830754,Matched,Block,,STONE WAY N BETWEEN N 36TH ST AND N 38TH ST, ,,2,Injury Collision,Sideswipe,2,0,0,2,1,0,2018-08-08 00:00:00+00,8/8/2018 6:36:00 PM,Mid-Block (not related to intersection),11,"MOTOR VEHICLE STRUCK MOTOR VEHICLE, FRONT END AT ANGLE",,False,Clear or Partly Cloudy,Dry,Daylight,,,,11.0,From same direction - both going straight - both moving - sideswipe,0,0,False,0
-122.310783505901,47.5829722603721,203759,300757,301977,3578779,Matched,Intersection,31573.0,17TH AVE S AND S COLLEGE ST, ,,1,Property Damage Only Collision,Angles,2,0,0,2,0,0,2018-08-22 00:00:00+00,8/22/2018 6:17:00 AM,At Intersection (intersection related),11,"MOTOR VEHICLE STRUCK MOTOR VEHICLE, FRONT END AT ANGLE",True,False,Clear or Partly Cloudy,Dry,Daylight,,,,10.0,Entering at angle,0,0,False,0
-122.32788067264,47.6166417097266,203760,300528,301728,3814035,Matched,Intersection,29847.0,MELROSE AVE AND OLIVE WAY, ,,1,Property Damage Only Collision,Left Turn,2,0,0,2,0,0,2018-08-18 00:00:00+00,8/18/2018 12:45:00 AM,At Intersection (intersection related),11,"MOTOR VEHICLE STRUCK MOTOR VEHICLE, FRONT END AT ANGLE",,True,Clear or Partly Cloudy,Dry,Dark - Street Lights On,,,,28.0,From opposite direction - one left turn - one straight,0,0,False,0
-122.336483966219,47.6116720097475,203761,300527,301727,3814034,Matched,Intersection,29577.0,5TH AVE AND PINE ST, ,,1,Property Damage Only Collision,Sideswipe,2,0,0,2,0,0,2018-08-17 00:00:00+00,8/17/2018 7:00:00 AM,At Intersection (intersection related),11,"MOTOR VEHICLE STRUCK MOTOR VEHICLE, FRONT END AT ANGLE",True,False,Clear or Partly Cloudy,Dry,Daylight,,,,11.0,From same direction - both going straight - both moving - sideswipe,0,0,False,0
-122.331519768086,47.6282281035792,203762,300343,301543,E824421,Matched,Block,,FAIRVIEW AVE N BETWEEN WARD ST AND YALE AVE N, ,,2b,Serious Injury Collision,Angles,2,0,0,2,1,0,2018-07-26 00:00:00+00,7/26/2018 10:58:00 PM,Mid-Block (not related to intersection),11,"MOTOR VEHICLE STRUCK MOTOR VEHICLE, FRONT END AT ANGLE",,False,Clear or Partly Cloudy,Dry,Dark - Street Lights On,,,,10.0,Entering at angle,0,0,False,1
-122.288611890834,47.5656495448616,203763,301580,302801,3810829,Matched,Intersection,32705.0,RAINIER AVE S AND S ADAMS ST, ,,1,Property Damage Only Collision,Angles,4,0,0,2,0,0,2018-09-03 00:00:00+00,9/3/2018 10:59:00 AM,At Intersection (intersection related),11,"MOTOR VEHICLE STRUCK MOTOR VEHICLE, FRONT END AT ANGLE",,False,Clear or Partly Cloudy,Dry,Daylight,,,,10.0,Entering at angle,0,0,False,0
-122.334216048422,47.5519032571463,203765,301577,302798,3810765,Matched,Intersection,33040.0,1ST AVE S AND S ORCAS ST, ,,1,Property Damage Only Collision,Angles,2,0,0,2,0,0,2018-08-31 00:00:00+00,8/31/2018 1:39:00 PM,At Intersection (intersection related),11,"MOTOR VEHICLE STRUCK MOTOR VEHICLE, FRONT END AT ANGLE",,False,Clear or Partly Cloudy,Dry,Daylight,,,,10.0,Entering at angle,0,0,False,0
-122.319144620962,47.6555238650586,203766,301197,302417,E829347,Matched,Block,,NE 40TH ST BETWEEN 7TH AVE NE AND UNIVERSITY BR OFF RP, ,,2,Injury Collision,Cycles,2,0,1,1,1,0,2018-08-16 00:00:00+00,8/16/2018 3:15:00 PM,Mid-Block (but intersection related),18,"MOTOR VEHICLE STRUCK PEDALCYCLIST, FRONT END AT ANGLE",,False,Clear or Partly Cloudy,Dry,Daylight,,,,6.0,Pedalcyclist Strikes Moving Vehicle,0,0,False,0
-122.296924349951,47.6757777338756,203791,301969,303189,E810506,Matched,Block,,NE 65TH ST BETWEEN 28TH AVE NE AND 29TH AVE NE, ,,1,Property Damage Only Collision,Angles,4,0,0,2,0,0,2018-06-21 00:00:00+00,6/21/2018 1:30:00 PM,Mid-Block (not related to intersection),11,"MOTOR VEHICLE STRUCK MOTOR VEHICLE, FRONT END AT ANGLE",,False,Clear or Partly Cloudy,Dry,Daylight,,,,10.0,Entering at angle,0,0,False,0
-122.283073609686,47.6091816638317,203767,300342,301542,E824397,Matched,Block,,LAKE WASHINGTON BLVD BETWEEN FULLERTON AVE AND E SPRING ST, ,,1,Property Damage Only Collision,Rear Ended,2,0,0,2,0,0,2018-07-17 00:00:00+00,7/17/2018 4:26:00 PM,Mid-Block (not related to intersection),14,"MOTOR VEHICLE STRUCK MOTOR VEHICLE, REAR END",,False,Clear or Partly Cloudy,Dry,Daylight,,,,14.0,From same direction - both going straight - one stopped - rear-end,0,0,False,0
-122.347285745954,47.6963650783112,203768,300755,301975,3754194,Matched,Intersection,37434.0,LINDEN AVE N AND N 93RD ST, ,,2,Injury Collision,Pedestrian,2,1,0,1,1,0,2018-08-15 00:00:00+00,8/15/2018 2:05:00 PM,At Intersection (intersection related),24,MOTOR VEHCILE STRUCK PEDESTRIAN,,False,Overcast,Dry,Daylight,,,,0.0,Vehicle going straight hits pedestrian,0,0,False,0
-122.301639091902,47.6307711180143,203772,301237,302457,E831309,Matched,Block,,24TH AVE E BETWEEN E HIGHLAND DR AND E LEE ST, ,,1,Property Damage Only Collision,Sideswipe,2,0,0,2,0,0,2018-08-21 00:00:00+00,8/21/2018 11:36:00 AM,Mid-Block (not related to intersection),11,"MOTOR VEHICLE STRUCK MOTOR VEHICLE, FRONT END AT ANGLE",,False,Fog/Smog/Smoke,Dry,Daylight,,,,11.0,From same direction - both going straight - both moving - sideswipe,0,0,False,0
-122.280778790575,47.5511899518206,203773,301578,302799,3810798,Matched,Intersection,33513.0,42ND AVE S AND S ORCAS ST, ,,2b,Serious Injury Collision,Pedestrian,2,1,0,1,1,0,2018-08-29 00:00:00+00,8/29/2018 5:03:00 PM,At Intersection (intersection related),24,MOTOR VEHCILE STRUCK PEDESTRIAN,,False,Clear or Partly Cloudy,Dry,Daylight,,,,2.0,Vehicle turning left hits pedestrian,0,0,False,1
-122.32789888864,47.6154707260745,203775,301157,302377,E830853,Matched,Block,,MELROSE AVE BETWEEN PINE ST AND YALE AVE, ,,1,Property Damage Only Collision,Parked Car,8,0,0,2,0,0,2018-07-25 00:00:00+00,7/25/2018 6:19:00 PM,Mid-Block (not related to intersection),11,"MOTOR VEHICLE STRUCK MOTOR VEHICLE, FRONT END AT ANGLE",,False,Clear or Partly Cloudy,Dry,Daylight,,,,32.0,One parked--one moving,0,0,False,0
-122.314221688613,47.5914747519798,203777,300338,301538,3814156,Matched,Block,,15TH AVE S BETWEEN GOLF DR S AND S ATLANTIC ST, ,,1,Property Damage Only Collision,Parked Car,2,0,0,2,0,0,2018-08-11 00:00:00+00,8/11/2018 6:45:00 PM,Mid-Block (not related to intersection),14,"MOTOR VEHICLE STRUCK MOTOR VEHICLE, REAR END",,False,Clear or Partly Cloudy,Dry,Daylight,,,,20.0,One car leaving parked position,0,0,False,0
-122.287858059868,47.5928027320874,203779,300337,301537,3814154,Matched,Block,,LAKESIDE AVE S BETWEEN S NORMAN ST AND S JUDKINS ST, ,,2b,Serious Injury Collision,Pedestrian,3,0,1,1,1,0,2018-08-11 00:00:00+00,8/11/2018 11:50:00 AM,Mid-Block (not related to intersection),18,"MOTOR VEHICLE STRUCK PEDALCYCLIST, FRONT END AT ANGLE",,True,Clear or Partly Cloudy,Dry,Daylight,,,True,5.0,Vehicle Strikes Pedalcyclist,0,0,False,1
-122.343156641595,47.6869380053861,203780,300752,301972,3751479,Matched,Block,,N 80TH ST BETWEEN AURORA AVE N AND STONE AVE N, ,,1,Property Damage Only Collision,Other,1,0,0,1,0,0,2018-08-13 00:00:00+00,8/13/2018 6:49:00 PM,Mid-Block (not related to intersection),28,MOTOR VEHICLE RAN OFF ROAD - HIT FIXED OBJECT,True,False,Clear or Partly Cloudy,Dry,Daylight,,,,50.0,Fixed object,0,0,False,0
-122.315682075427,47.5991995193652,203816,302320,303540,E830608,Matched,Block,,S JACKSON ST BETWEEN 12TH AVE S AND 14TH AVE S, ,,2b,Serious Injury Collision,Pedestrian,3,1,0,1,1,0,2018-08-16 00:00:00+00,8/16/2018 2:30:00 PM,Mid-Block (not related to intersection),24,MOTOR VEHCILE STRUCK PEDESTRIAN,,False,Clear or Partly Cloudy,Dry,Daylight,,,,0.0,Vehicle going straight hits pedestrian,0,0,False,1
-122.314279679135,47.6176197576059,203781,300326,301526,3814153,Matched,Intersection,29077.0,14TH AVE AND E HOWELL ST, ,,1,Property Damage Only Collision,Parked Car,2,0,0,2,0,0,2018-08-11 00:00:00+00,8/11/2018 12:27:00 AM,At Intersection (but not related to intersection),11,"MOTOR VEHICLE STRUCK MOTOR VEHICLE, FRONT END AT ANGLE",,False,Clear or Partly Cloudy,Dry,Dark - Street Lights On,,,,32.0,One parked--one moving,0,0,True,0
-122.284629529444,47.5570411194116,203782,301581,302802,3810856,Matched,Intersection,33579.0,RAINIER AVE S AND S HUDSON ST, ,,1,Property Damage Only Collision,Pedestrian,2,1,0,1,0,0,2018-09-04 00:00:00+00,9/4/2018 9:53:00 AM,At Intersection (intersection related),24,MOTOR VEHCILE STRUCK PEDESTRIAN,,False,Clear or Partly Cloudy,Dry,Daylight,,,,2.0,Vehicle turning left hits pedestrian,0,0,False,0
-122.26998675413,47.5341679604322,203784,301117,302337,E830751,Matched,Block,,RAINIER AVE S BETWEEN S AUSTIN ST AND S HOLDEN ST, ,,1,Property Damage Only Collision,Rear Ended,3,0,0,3,0,0,2018-07-18 00:00:00+00,7/18/2018 4:58:00 PM,Mid-Block (but intersection related),14,"MOTOR VEHICLE STRUCK MOTOR VEHICLE, REAR END",True,False,Clear or Partly Cloudy,Dry,Daylight,,,,13.0,From same direction - both going straight - both moving - rear-end,0,0,False,0
-122.35393509079,47.6541504356045,203785,301198,302418,E829502,Matched,Block,,N 39TH ST BETWEEN PHINNEY AVE N AND FRANCIS AVE N,NEI,"Not Enough Information, or Insufficient Location Information",1,Property Damage Only Collision,Parked Car,2,0,0,2,0,0,2018-08-19 00:00:00+00,8/19/2018 2:40:00 AM,Mid-Block (not related to intersection),13,"MOTOR VEHICLE STRUCK MOTOR VEHICLE, LEFT SIDE AT ANGLE",,False,Clear or Partly Cloudy,Dry,Dark - Street Lights On,,,,32.0,One parked--one moving,0,0,True,0
-122.281337362057,47.6303515868473,203786,300325,301525,3814135,Matched,Block,,MCGILVRA BLVD E BETWEEN E HIGHLAND DR AND E LEE ST, ,,1,Property Damage Only Collision,Parked Car,2,0,0,2,0,0,2018-08-11 00:00:00+00,8/11/2018 12:50:00 PM,Mid-Block (not related to intersection),16,"MOTOR VEHICLE STRUCK MOTOR VEHICLE, LEFT SIDE SIDESWIPE",,False,Overcast,Dry,Daylight,,,,32.0,One parked--one moving,0,0,False,0
-122.352601728236,47.690587073087,203787,300756,301976,3508165,Matched,Intersection,37461.0,DAYTON AVE N AND N 85TH ST, ,,2,Injury Collision,Angles,3,0,0,2,2,0,2018-08-24 00:00:00+00,8/24/2018 10:27:00 PM,At Intersection (intersection related),11,"MOTOR VEHICLE STRUCK MOTOR VEHICLE, FRONT END AT ANGLE",,False,Clear or Partly Cloudy,Dry,Dusk,,,,10.0,Entering at angle,0,0,False,0
-122.336238433074,47.6046950465344,203788,300191,301391,E824468,Matched,Intersection,29621.0,1ST AVE AND MADISON ST, ,,1,Property Damage Only Collision,Angles,2,0,0,2,0,0,2018-07-19 00:00:00+00,7/19/2018 11:20:00 PM,At Intersection (intersection related),11,"MOTOR VEHICLE STRUCK MOTOR VEHICLE, FRONT END AT ANGLE",,False,Clear or Partly Cloudy,Dry,Dark - Street Lights On,,,,10.0,Entering at angle,0,0,False,0
-122.305827396494,47.5884106013236,203789,301579,302800,3810802,Matched,Intersection,31517.0,RAINIER AVE S AND S MASSACHUSETTS ST, ,,2,Injury Collision,Left Turn,4,0,0,2,4,0,2018-09-01 00:00:00+00,9/1/2018 11:11:00 PM,At Intersection (intersection related),11,"MOTOR VEHICLE STRUCK MOTOR VEHICLE, FRONT END AT ANGLE",,False,Clear or Partly Cloudy,Dry,Dark - Street Lights On,,,,28.0,From opposite direction - one left turn - one straight,0,0,False,0
-122.334855754317,47.6008845388204,203793,302528,303768,3811537,Matched,Block,,S WASHINGTON ST BETWEEN ALASKAN E RDWY WAY S AND 1ST AVE S, ,,2,Injury Collision,Parked Car,4,1,0,2,2,0,2018-09-02 00:00:00+00,9/2/2018 2:00:00 AM,Mid-Block (not related to intersection),11,"MOTOR VEHICLE STRUCK MOTOR VEHICLE, FRONT END AT ANGLE",,False,Clear or Partly Cloudy,Dry,Dark - Street Lights Off,,,,32.0,One parked--one moving,0,0,False,0
-122.310151236465,47.6155898632955,203794,301968,303188,E809900,Matched,Intersection,30132.0,17TH AVE AND E MADISON ST, ,,2,Injury Collision,Cycles,2,1,1,0,2,0,2018-06-06 00:00:00+00,6/6/2018 8:48:00 AM,At Intersection (intersection related),24,MOTOR VEHCILE STRUCK PEDESTRIAN,,False,Clear or Partly Cloudy,Dry,Daylight,True,,,7.0,Pedalcyclist Strikes Pedalcyclist or Pedestrian,0,0,False,0
-122.323442866749,47.6041269094236,203795,302131,303351,E822609,Matched,Block,,9TH AVE BETWEEN ALDER ST AND JEFFERSON ST, ,,1,Property Damage Only Collision,Parked Car,3,0,0,2,0,0,2018-07-19 00:00:00+00,7/19/2018 10:35:00 AM,Mid-Block (not related to intersection),14,"MOTOR VEHICLE STRUCK MOTOR VEHICLE, REAR END",,False,Overcast,Dry,Daylight,,,,19.0,One car entering parked position,0,0,False,0
-122.329091857964,47.6027515675847,203798,302322,303542,E831368,Matched,Block,,JEFFERSON ST BETWEEN 4TH AVE AND 5TH AVE,NEI,"Not Enough Information, or Insufficient Location Information",1,Property Damage Only Collision,Parked Car,2,0,0,2,0,0,2018-08-21 00:00:00+00,8/21/2018 7:00:00 PM,,0,NOT ENOUGH INFORMATION / NOT APPLICABLE,,False,Clear or Partly Cloudy,Dry,Daylight,,,,32.0,One parked--one moving,0,0,False,0
-122.307344395394,47.7338906325121,203799,301966,303186,E809862,Matched,Intersection,36075.0,20TH AVE NE AND NE 145TH ST, ,,2,Injury Collision,Rear Ended,2,0,0,2,1,0,2018-06-19 00:00:00+00,6/19/2018 1:52:00 PM,At Intersection (but not related to intersection),14,"MOTOR VEHICLE STRUCK MOTOR VEHICLE, REAR END",,False,Clear or Partly Cloudy,Dry,Daylight,,,,14.0,From same direction - both going straight - one stopped - rear-end,0,0,False,0
-122.334275943277,47.7341365013854,203800,302318,303538,E829853,Matched,Intersection,35910.0,MERIDIAN AVE N AND N 145TH ST, ,,1,Property Damage Only Collision,Other,1,0,0,1,0,0,2018-08-03 00:00:00+00,8/3/2018 10:46:00 AM,At Intersection (intersection related),26,MOTOR VEHICLE STRUCK OBJECT IN ROAD,,False,Clear or Partly Cloudy,Dry,Daylight,,,,50.0,Fixed object,0,0,False,0
-122.37081732773,47.5470191120249,203801,301819,303039,E833489,Matched,Intersection,515250.0,30TH AVE SW AND SW GRAHAM ST, ,,1,Property Damage Only Collision,Angles,3,0,0,2,0,0,2018-08-25 00:00:00+00,8/25/2018 3:44:00 PM,At Intersection (intersection related),11,"MOTOR VEHICLE STRUCK MOTOR VEHICLE, FRONT END AT ANGLE",,False,Overcast,Dry,Daylight,,,,10.0,Entering at angle,0,0,False,0
-122.322217517975,47.7340410894258,203802,302126,303346,E822158,Matched,Intersection,35861.0,NE 145TH ST AND 6TH AVE NE, ,,1,Property Damage Only Collision,Left Turn,2,0,0,2,0,0,2018-07-21 00:00:00+00,7/21/2018 6:30:00 PM,At Intersection (intersection related),11,"MOTOR VEHICLE STRUCK MOTOR VEHICLE, FRONT END AT ANGLE",,False,Clear or Partly Cloudy,Dry,Daylight,,,,28.0,From opposite direction - one left turn - one straight,0,0,False,0
-122.296518752611,47.7337857704325,203804,302134,303354,E823162,Matched,Intersection,35990.0,30TH AVE NE AND NE 145TH ST, ,,2,Injury Collision,Angles,2,0,0,2,1,0,2018-07-22 00:00:00+00,7/22/2018 9:07:00 AM,At Intersection (intersection related),11,"MOTOR VEHICLE STRUCK MOTOR VEHICLE, FRONT END AT ANGLE",True,False,Clear or Partly Cloudy,Dry,Daylight,,,,10.0,Entering at angle,0,0,False,0
-122.269912591302,47.5511394974029,203805,301817,303037,E833471,Matched,Intersection,33508.0,51ST AVE S AND S ORCAS ST, ,,1,Property Damage Only Collision,Rear Ended,3,0,0,2,0,0,2018-08-30 00:00:00+00,8/30/2018 9:04:00 AM,At Intersection (intersection related),14,"MOTOR VEHICLE STRUCK MOTOR VEHICLE, REAR END",,False,Clear or Partly Cloudy,Dry,Daylight,,,,14.0,From same direction - both going straight - one stopped - rear-end,0,0,False,0
-122.360815907732,47.7087426458138,203807,302321,303541,E831306,Matched,Intersection,36258.0,3RD AVE NW AND NW 110TH ST, ,,1,Property Damage Only Collision,Left Turn,4,0,0,3,0,0,2018-07-13 00:00:00+00,7/13/2018 10:40:00 AM,At Intersection (intersection related),11,"MOTOR VEHICLE STRUCK MOTOR VEHICLE, FRONT END AT ANGLE",True,False,Clear or Partly Cloudy,Dry,Daylight,,,,28.0,From opposite direction - one left turn - one straight,0,0,False,0
-122.313074160404,47.6649007239281,203808,301816,303036,E833391,Matched,Intersection,25793.0,UNIVERSITY WAY NE AND NE 50TH ST, ,,1,Property Damage Only Collision,Left Turn,4,0,0,2,0,0,2018-07-28 00:00:00+00,7/28/2018 9:00:00 PM,At Intersection (intersection related),11,"MOTOR VEHICLE STRUCK MOTOR VEHICLE, FRONT END AT ANGLE",,False,Clear or Partly Cloudy,Dry,Daylight,,,,28.0,From opposite direction - one left turn - one straight,0,0,False,0