longitude,latitude,objectid,inckey,coldetkey,reportno,status,addrtype,intkey,location,exceptrsncode,exceptrsndesc,severitycode,severitydesc,collisiontype,personcount,pedcount,pedcylcount,vehcount,injuries,fatalities,incdate,incdttm,junctiontype,sdot_colcode,sdot_coldesc,inattentionind,underinfl,weather,roadcond,lightcond,pedrownotgrnt,sdotcolnum,speeding,st_colcode,st_coldesc,seglanekey,crosswalkkey,hitparkedcar,seriousinjuries
-122.319411915706,47.6047796167392,203810,302529,303769,3814185,Matched,Block,,10TH AVE BETWEEN E ALDER ST AND E TERRACE ST, ,,1,Property Damage Only Collision,Parked Car,3,0,0,3,0,0,2018-08-31 00:00:00+00,8/31/2018 9:35:00 PM,Mid-Block (not related to intersection),11,"MOTOR VEHICLE STRUCK MOTOR VEHICLE, FRONT END AT ANGLE",,False,Overcast,Dry,Dark - Street Lights Off,,,,32.0,One parked--one moving,0,0,True,0
-122.311881344463,47.6685399956098,203811,301815,303035,E833349,Matched,Intersection,26013.0,15TH AVE NE AND NE 55TH ST, ,,1,Property Damage Only Collision,Angles,4,0,0,2,0,0,2018-08-27 00:00:00+00,8/27/2018 3:34:00 PM,At Intersection (intersection related),11,"MOTOR VEHICLE STRUCK MOTOR VEHICLE, FRONT END AT ANGLE",True,False,Clear or Partly Cloudy,Dry,Daylight,,,,10.0,Entering at angle,0,0,False,0
-122.328288517768,47.5798094287728,203812,302132,303352,E822657,Matched,Block,,S LANDER ST BETWEEN 4TH AVE S AND 5TH AVE S, ,,1,Property Damage Only Collision,Angles,2,0,0,2,0,0,2018-07-29 00:00:00+00,7/29/2018 11:35:00 AM,Mid-Block (not related to intersection),11,"MOTOR VEHICLE STRUCK MOTOR VEHICLE, FRONT END AT ANGLE",,False,Clear or Partly Cloudy,Dry,Daylight,,,,10.0,Entering at angle,0,0,False,0
-122.299563470746,47.668524330422,203813,301814,303034,E833346,Matched,Intersection,25938.0,26TH AVE NE AND NE 55TH ST, ,,1,Property Damage Only Collision,Angles,2,0,0,2,0,0,2018-08-20 00:00:00+00,8/20/2018 2:26:00 PM,At Intersection (intersection related),11,"MOTOR VEHICLE STRUCK MOTOR VEHICLE, FRONT END AT ANGLE",True,False,Clear or Partly Cloudy,Dry,Daylight,,,,10.0,Entering at angle,0,0,False,0
-122.293383343752,47.6923626165007,203817,301813,303033,E833344,Matched,Intersection,37670.0,32ND AVE NE AND NE 88TH ST, ,,2,Injury Collision,Angles,2,0,0,2,2,0,2018-08-15 00:00:00+00,8/15/2018 11:45:00 AM,At Intersection (intersection related),11,"MOTOR VEHICLE STRUCK MOTOR VEHICLE, FRONT END AT ANGLE",,False,Clear or Partly Cloudy,Dry,Daylight,,,,10.0,Entering at angle,0,0,False,0
-122.316511701383,47.5488665226284,203818,301812,303032,E834743,Matched,Block,,AIRPORT WAY S BETWEEN S VALE ST AND 13TH AVE S, ,,1,Property Damage Only Collision,Parked Car,3,0,0,2,0,0,2018-09-04 00:00:00+00,9/4/2018 10:05:00 AM,Mid-Block (not related to intersection),11,"MOTOR VEHICLE STRUCK MOTOR VEHICLE, FRONT END AT ANGLE",True,False,Clear or Partly Cloudy,Dry,Daylight,,,,32.0,One parked--one moving,0,0,True,0
-122.302764175391,47.6056302149601,203819,301811,303031,E835388,Matched,Block,,23RD AVE BETWEEN E TERRACE ST AND E JEFFERSON ST, ,,1,Property Damage Only Collision,Rear Ended,2,0,0,2,0,0,2018-09-05 00:00:00+00,9/5/2018 3:18:00 PM,Mid-Block (but intersection related),14,"MOTOR VEHICLE STRUCK MOTOR VEHICLE, REAR END",,False,Clear or Partly Cloudy,Dry,Daylight,,,,13.0,From same direction - both going straight - both moving - rear-end,0,0,False,0
-122.324541591081,47.7340613292954,203820,302127,303347,E822278,Matched,Block,,NE 145TH ST BETWEEN 145TH ST ON RP AND 5TH AVE NE, ,,1,Property Damage Only Collision,Rear Ended,3,0,0,3,0,0,2018-07-17 00:00:00+00,7/17/2018 5:41:00 PM,Mid-Block (not related to intersection),14,"MOTOR VEHICLE STRUCK MOTOR VEHICLE, REAR END",,False,Clear or Partly Cloudy,Dry,Daylight,,,True,14.0,From same direction - both going straight - one stopped - rear-end,0,0,False,0
-122.311937418736,47.6648928109888,203821,302135,303355,E823220,Matched,Intersection,26052.0,15TH AVE NE AND NE 50TH ST, ,,2,Injury Collision,Left Turn,4,0,0,2,1,0,2018-06-08 00:00:00+00,6/8/2018 1:16:00 PM,At Intersection (intersection related),11,"MOTOR VEHICLE STRUCK MOTOR VEHICLE, FRONT END AT ANGLE",,False,Raining,Wet,Daylight,,,,28.0,From opposite direction - one left turn - one straight,0,0,False,0
-122.314917696029,47.5273699971338,203822,302325,303545,E831463,Matched,Intersection,35090.0,14TH AVE S AND DALLAS AVE S, ,,1,Property Damage Only Collision,Left Turn,2,0,0,2,0,0,2018-08-20 00:00:00+00,8/20/2018 2:43:00 PM,At Intersection (intersection related),11,"MOTOR VEHICLE STRUCK MOTOR VEHICLE, FRONT END AT ANGLE",,False,Overcast,Dry,Daylight,,,,28.0,From opposite direction - one left turn - one straight,0,0,False,0
-122.301940127483,47.7338292579493,203824,301970,303190,E810707,Matched,Intersection,35996.0,25TH AVE NE AND NE 145TH ST, ,,1,Property Damage Only Collision,Angles,2,0,0,2,0,0,2018-06-20 00:00:00+00,6/20/2018 6:22:00 AM,At Intersection (intersection related),11,"MOTOR VEHICLE STRUCK MOTOR VEHICLE, FRONT END AT ANGLE",True,False,Clear or Partly Cloudy,Dry,Daylight,,,,10.0,Entering at angle,0,0,False,0
-122.328490994676,47.6020169492639,203825,302319,303539,E837895,Matched,Block,,TERRACE ST BETWEEN YESLER WAY AND 5TH AVE,NEI,"Not Enough Information, or Insufficient Location Information",1,Property Damage Only Collision,Parked Car,2,0,0,2,0,0,2018-09-13 00:00:00+00,9/13/2018 12:05:00 PM,Driveway Junction,14,"MOTOR VEHICLE STRUCK MOTOR VEHICLE, REAR END",,False,Clear or Partly Cloudy,Dry,Daylight,,,,32.0,One parked--one moving,0,0,True,0
-122.29699071388,47.581267001453,203826,301597,302818,3810941,Matched,Intersection,31507.0,M L KING JR WAY S AND S BAYVIEW S ST, ,,2,Injury Collision,Pedestrian,2,0,1,1,1,0,2018-09-01 00:00:00+00,9/1/2018 6:38:00 PM,At Intersection (intersection related),18,"MOTOR VEHICLE STRUCK PEDALCYCLIST, FRONT END AT ANGLE",,True,Clear or Partly Cloudy,Dry,Daylight,True,,,5.0,Vehicle Strikes Pedalcyclist,0,524859,False,0
-122.384744085305,47.6690649003345,203827,302316,303536,E838270,Matched,Block,,22ND AVE NW BETWEEN NW MARKET ST AND NW 56TH ST, ,,1,Property Damage Only Collision,Sideswipe,2,0,0,2,0,0,2018-09-13 00:00:00+00,9/13/2018 11:19:00 PM,Mid-Block (not related to intersection),11,"MOTOR VEHICLE STRUCK MOTOR VEHICLE, FRONT END AT ANGLE",,False,Overcast,Dry,Dark - Street Lights On,,,,11.0,From same direction - both going straight - both moving - sideswipe,0,0,False,0
-122.323964395281,47.6163557086684,203828,302530,303770,3814205,Matched,Block,,E OLIVE ST BETWEEN BELMONT AVE AND BOYLSTON AVE, ,,1,Property Damage Only Collision,Parked Car,2,0,0,2,0,0,2018-09-01 00:00:00+00,9/1/2018 10:00:00 AM,Mid-Block (not related to intersection),11,"MOTOR VEHICLE STRUCK MOTOR VEHICLE, FRONT END AT ANGLE",,False,Clear or Partly Cloudy,Dry,Daylight,,,,20.0,One car leaving parked position,0,0,False,0
-122.296688931673,47.5662923407114,203829,301582,302817,3810908,Matched,Intersection,352637.0,M L KING JR ER WAY S AND S DAKOTA ST, ,,2,Injury Collision,Left Turn,4,0,0,2,3,0,2018-08-29 00:00:00+00,8/29/2018 5:21:00 AM,At Intersection (intersection related),11,"MOTOR VEHICLE STRUCK MOTOR VEHICLE, FRONT END AT ANGLE",,False,Clear or Partly Cloudy,Dry,Dark - Street Lights On,,,,28.0,From opposite direction - one left turn - one straight,0,0,False,0
-122.312172630282,47.6875164548125,203830,302133,303353,E822800,Matched,Intersection,24387.0,15TH AVE NE AND LAKE CITY WAY NE, ,,1,Property Damage Only Collision,Rear Ended,2,0,0,2,0,0,2018-04-27 00:00:00+00,4/27/2018 7:19:00 AM,At Intersection (but not related to intersection),14,"MOTOR VEHICLE STRUCK MOTOR VEHICLE, REAR END",,False,Overcast,Dry,Daylight,,,,14.0,From same direction - both going straight - one stopped - rear-end,0,0,False,0
-122.34229977629,47.6301516431512,203831,302324,303544,E837897,Matched,Block,,DEXTER AVE N BETWEEN HIGHLAND DR AND COMSTOCK ST, ,,2,Injury Collision,Rear Ended,2,0,0,2,1,0,2018-09-14 00:00:00+00,9/14/2018 1:26:00 PM,Mid-Block (but intersection related),14,"MOTOR VEHICLE STRUCK MOTOR VEHICLE, REAR END",True,False,Clear or Partly Cloudy,Dry,Daylight,,,,14.0,From same direction - both going straight - one stopped - rear-end,0,0,False,0
-122.31657709206,47.5942816837734,203832,299625,300825,3818846,Matched,Intersection,30453.0,GOLF DR S AND S CHARLES ST, ,,2b,Serious Injury Collision,Right Turn,2,0,1,1,1,0,2018-07-12 00:00:00+00,7/12/2018 7:41:00 AM,At Intersection (intersection related),18,"MOTOR VEHICLE STRUCK PEDALCYCLIST, FRONT END AT ANGLE",,False,Clear or Partly Cloudy,Dry,Daylight,,,,16.0,From same direction - one right turn - one straight,0,0,False,1
-122.320720107421,47.6624719930712,203835,302919,304178,3705960,Matched,Block,,7TH AVE NE BETWEEN NE 45TH ST ON RP AND NE 47TH ST, ,,1,Property Damage Only Collision,Parked Car,2,0,0,2,0,0,2018-09-23 00:00:00+00,9/23/2018 9:00:00 AM,Mid-Block (not related to intersection),11,"MOTOR VEHICLE STRUCK MOTOR VEHICLE, FRONT END AT ANGLE",,False,Unknown,Unknown,Unknown,,,,32.0,One parked--one moving,0,0,True,0
-122.359971886138,47.5378679134118,203837,302670,303910,3745680,Matched,Block,,SW ORCHARD ST BETWEEN DUMAR WAY SW AND DELRIDGE WAY SW, ,,1,Property Damage Only Collision,Other,1,0,0,1,0,0,2018-09-10 00:00:00+00,9/10/2018 8:44:00 PM,Mid-Block (not related to intersection),26,MOTOR VEHICLE STRUCK OBJECT IN ROAD,,False,Overcast,Wet,Dark - Street Lights On,,,,50.0,Fixed object,0,0,False,0
-122.30294665244,47.5836585664086,203999,300207,301407,E826337,Matched,Intersection,31564.0,23RD AVE S AND S WALKER ST, ,,1,Property Damage Only Collision,Angles,4,0,0,4,0,0,2018-08-09 00:00:00+00,8/9/2018 4:26:00 PM,At Intersection (intersection related),11,"MOTOR VEHICLE STRUCK MOTOR VEHICLE, FRONT END AT ANGLE",True,False,Clear or Partly Cloudy,Dry,Daylight,,,,10.0,Entering at angle,0,0,False,0
-122.355568241899,47.7327585874476,203839,302942,304184,3705962,Matched,Block,,GREENWOOD AVE N BETWEEN N 143RD ST AND N 144TH ST, ,,2,Injury Collision,Rear Ended,3,0,0,2,1,0,2018-09-24 00:00:00+00,9/24/2018 8:08:00 AM,Mid-Block (but intersection related),14,"MOTOR VEHICLE STRUCK MOTOR VEHICLE, REAR END",,False,Clear or Partly Cloudy,Dry,Daylight,,,,14.0,From same direction - both going straight - one stopped - rear-end,0,0,False,0
-122.38553591124,47.558400335019,203840,302669,303909,3745679,Matched,Block,,42ND AVE SW BETWEEN SW EDMUNDS ST AND SW HUDSON ST, ,,2,Injury Collision,Angles,2,0,0,2,1,0,2018-09-10 00:00:00+00,9/10/2018 5:33:00 PM,Mid-Block (not related to intersection),14,"MOTOR VEHICLE STRUCK MOTOR VEHICLE, REAR END",,False,Clear or Partly Cloudy,Dry,Daylight,,,,10.0,Entering at angle,0,0,False,0
-122.27002091737,47.5171514058695,203860,299627,300827,3818857,Matched,Intersection,35485.0,51ST AVE S AND RENTON AVE S, ,,1,Property Damage Only Collision,Angles,2,0,0,2,0,0,2018-06-16 00:00:00+00,6/16/2018 10:20:00 PM,At Intersection (intersection related),11,"MOTOR VEHICLE STRUCK MOTOR VEHICLE, FRONT END AT ANGLE",,False,Clear or Partly Cloudy,Dry,Dark - Street Lights On,,,,10.0,Entering at angle,0,0,False,0
-122.385857108921,47.5811907024982,203841,299874,301074,E822478,Matched,Block,,SW ADMIRAL WAY BETWEEN 42ND AVE SW AND CALIFORNIA AVE SW, ,,2,Injury Collision,Sideswipe,3,0,0,2,1,0,2018-07-24 00:00:00+00,7/24/2018 1:30:00 PM,Mid-Block (not related to intersection),11,"MOTOR VEHICLE STRUCK MOTOR VEHICLE, FRONT END AT ANGLE",,False,Clear or Partly Cloudy,Dry,Daylight,,,,11.0,From same direction - both going straight - both moving - sideswipe,0,0,False,0
-122.387224667897,47.5439762445541,203842,302668,303908,3745645,Matched,Block,,CALIFORNIA AVE SW BETWEEN FAUNTLEROY WAY SW AND SW HOLLY ST, ,,1,Property Damage Only Collision,Parked Car,2,0,0,2,0,0,2018-09-06 00:00:00+00,9/6/2018 3:15:00 PM,Mid-Block (not related to intersection),14,"MOTOR VEHICLE STRUCK MOTOR VEHICLE, REAR END",,False,Clear or Partly Cloudy,Dry,Daylight,,,,32.0,One parked--one moving,0,0,True,0
-122.342349601083,47.6245497266159,203843,299626,300826,3732772,Matched,Intersection,28767.0,DEXTER AVE N AND MERCER ST, ,,2,Injury Collision,Rear Ended,2,0,0,2,1,0,2018-06-27 00:00:00+00,6/27/2018 9:48:00 PM,At Intersection (but not related to intersection),14,"MOTOR VEHICLE STRUCK MOTOR VEHICLE, REAR END",,False,Clear or Partly Cloudy,Dry,Dark - Street Lights On,,,,14.0,From same direction - both going straight - one stopped - rear-end,0,0,False,0
-122.372522541059,47.5467645103628,203844,302667,303907,3745643,Matched,Block,,SW GRAHAM ST BETWEEN 31ST AVE SW AND LANHAM PL SW, ,,1,Property Damage Only Collision,Parked Car,2,0,0,2,0,0,2018-09-09 00:00:00+00,9/9/2018 12:00:00 PM,Mid-Block (not related to intersection),11,"MOTOR VEHICLE STRUCK MOTOR VEHICLE, FRONT END AT ANGLE",,False,Clear or Partly Cloudy,Dry,Daylight,,,,32.0,One parked--one moving,0,0,True,0
-122.353405718998,47.6530755174741,203845,299869,301069,E820988,Matched,Block,,FRANCIS AVE N BETWEEN N 36TH ST AND N 39TH ST, ,,1,Property Damage Only Collision,Parked Car,2,0,0,2,0,0,2018-07-09 00:00:00+00,7/9/2018 5:00:00 PM,Mid-Block (not related to intersection),14,"MOTOR VEHICLE STRUCK MOTOR VEHICLE, REAR END",True,False,Overcast,Dry,Daylight,,,,32.0,One parked--one moving,0,0,True,0
-122.325829464595,47.6330562076837,203847,302945,304187,E841513,Matched,Block,,EASTLAKE AVE E BETWEEN FAIRVIEW AVE N AND E GARFIELD ST, ,,1,Property Damage Only Collision,Sideswipe,2,0,0,2,0,0,2018-09-24 00:00:00+00,9/24/2018 1:45:00 PM,Mid-Block (not related to intersection),11,"MOTOR VEHICLE STRUCK MOTOR VEHICLE, FRONT END AT ANGLE",,False,Clear or Partly Cloudy,Dry,Daylight,,,,11.0,From same direction - both going straight - both moving - sideswipe,0,0,False,0
-122.368482093493,47.6517988759104,203848,302941,304183,3742085,Matched,Block,,W EMERSON ST BETWEEN 8TH AVE W AND 9TH AVE W, ,,1,Property Damage Only Collision,Parked Car,2,0,0,2,0,0,2018-09-23 00:00:00+00,9/23/2018 1:18:00 AM,Mid-Block (not related to intersection),14,"MOTOR VEHICLE STRUCK MOTOR VEHICLE, REAR END",,False,Overcast,Wet,Dark - Street Lights On,,,,32.0,One parked--one moving,0,0,False,0
-122.375115576356,47.5437665722208,203849,302665,303905,3742406,Matched,Block,,34TH AVE SW BETWEEN SW MORGAN ST AND SW HOLLY ST, ,,1,Property Damage Only Collision,Parked Car,2,0,0,2,0,0,2018-09-08 00:00:00+00,9/8/2018 5:30:00 AM,Mid-Block (not related to intersection),14,"MOTOR VEHICLE STRUCK MOTOR VEHICLE, REAR END",,False,Unknown,Unknown,Dark - Street Lights On,,,,32.0,One parked--one moving,0,0,True,0
-122.286735338403,47.5654033489157,203850,299872,301072,E822441,Matched,Block,,S ADAMS ST BETWEEN 36TH AVE S AND 37TH AVE S,NEI,"Not Enough Information, or Insufficient Location Information",1,Property Damage Only Collision,Parked Car,2,0,0,2,0,0,2018-07-13 00:00:00+00,7/13/2018 8:00:00 AM,Mid-Block (not related to intersection),12,"MOTOR VEHICLE STRUCK MOTOR VEHICLE, RIGHT SIDE AT ANGLE",True,False,Clear or Partly Cloudy,Dry,Daylight,,,,32.0,One parked--one moving,0,0,True,0
-122.356459546015,47.5219512347346,203851,302664,303904,3742274,Matched,Block,,17TH AVE SW BETWEEN SW HENDERSON ST AND SW BARTON ST, ,,1,Property Damage Only Collision,Parked Car,4,0,0,4,0,0,2018-09-10 00:00:00+00,9/10/2018 5:29:00 AM,Mid-Block (not related to intersection),14,"MOTOR VEHICLE STRUCK MOTOR VEHICLE, REAR END",,False,Clear or Partly Cloudy,Snow/Slush,Dark - Street Lights On,,,,32.0,One parked--one moving,0,0,False,0
-122.325733631016,47.647375119523,203852,299629,300829,E820866,Matched,Block,,FAIRVIEW AVE E BETWEEN E HAMLIN ST AND E ALLISON ST,NEI,"Not Enough Information, or Insufficient Location Information",1,Property Damage Only Collision,Parked Car,2,0,0,2,0,0,2018-07-21 00:00:00+00,7/21/2018 10:30:00 AM,,0,NOT ENOUGH INFORMATION / NOT APPLICABLE,,False,Clear or Partly Cloudy,Dry,Daylight,,,,32.0,One parked--one moving,0,0,True,0
-122.301671920877,47.5745660693132,203853,302663,303903,3735148,Matched,Block,,24TH AVE S BETWEEN S HANFORD W ST AND S HORTON ST, ,,1,Property Damage Only Collision,Parked Car,2,0,0,2,0,0,2018-09-08 00:00:00+00,9/8/2018 8:45:00 AM,Mid-Block (not related to intersection),11,"MOTOR VEHICLE STRUCK MOTOR VEHICLE, FRONT END AT ANGLE",,False,Overcast,Wet,Dark - Street Lights On,,,,32.0,One parked--one moving,0,0,True,0
-122.400985478246,47.6411698466935,203854,299624,300824,3726120,Matched,Intersection,27476.0,34TH AVE W AND W SMITH N ST, ,,2,Injury Collision,Angles,2,0,0,2,1,0,2018-07-30 00:00:00+00,7/30/2018 3:43:00 PM,At Intersection (intersection related),14,"MOTOR VEHICLE STRUCK MOTOR VEHICLE, REAR END",,False,Clear or Partly Cloudy,Dry,Daylight,,,,10.0,Entering at angle,0,0,False,0
-122.358976463535,47.5560856031318,203855,302943,304185,3742280,Matched,Block,,SW DAWSON ST BETWEEN 18TH AVE SW AND 21ST AVE SW, ,,2,Injury Collision,Other,1,0,0,1,1,0,2018-09-22 00:00:00+00,9/22/2018 5:53:00 AM,Mid-Block (not related to intersection),26,MOTOR VEHICLE STRUCK OBJECT IN ROAD,,False,Raining,Wet,Dark - Street Lights On,,,,50.0,Fixed object,0,0,False,0
-122.376137883605,47.6359530482594,203856,302940,304182,3742084,Matched,Intersection,27955.0,15TH AVE W AND W HOWE ST, ,,1,Property Damage Only Collision,Left Turn,2,0,0,2,0,0,2018-09-21 00:00:00+00,9/21/2018 8:01:00 AM,At Intersection (intersection related),11,"MOTOR VEHICLE STRUCK MOTOR VEHICLE, FRONT END AT ANGLE",,False,Clear or Partly Cloudy,Dry,Daylight,,,,28.0,From opposite direction - one left turn - one straight,0,0,False,0
-122.372086991068,47.6294368513509,203857,302662,303902,3732317,Matched,Block,,ELLIOTT AVE W BETWEEN W PROSPECT ST AND W LEE ST, ,,1,Property Damage Only Collision,Sideswipe,2,0,0,2,0,0,2018-09-08 00:00:00+00,9/8/2018 6:06:00 AM,Mid-Block (not related to intersection),11,"MOTOR VEHICLE STRUCK MOTOR VEHICLE, FRONT END AT ANGLE",True,False,Clear or Partly Cloudy,Dry,Dark - Street Lights On,,,,11.0,From same direction - both going straight - both moving - sideswipe,0,0,False,0
-122.366528189114,47.5282807553318,203858,302535,303775,3745641,Matched,Block,,SW THISTLE ST BETWEEN 26TH AVE SW AND 27TH AVE SW, ,,2,Injury Collision,Angles,3,0,0,2,1,0,2018-08-29 00:00:00+00,8/29/2018 7:17:00 PM,Mid-Block (not related to intersection),11,"MOTOR VEHICLE STRUCK MOTOR VEHICLE, FRONT END AT ANGLE",,False,Clear or Partly Cloudy,Dry,Dusk,,,,10.0,Entering at angle,0,0,False,0
-122.387954613349,47.5447464099658,203859,302534,303774,3745491,Matched,Block,,FAUNTLEROY WAY SW BETWEEN CALIFORNIA AVE SW AND 44TH AVE SW, ,,2,Injury Collision,Rear Ended,3,0,0,2,2,0,2018-09-04 00:00:00+00,9/4/2018 1:34:00 PM,Mid-Block (not related to intersection),14,"MOTOR VEHICLE STRUCK MOTOR VEHICLE, REAR END",True,False,Clear or Partly Cloudy,Dry,Daylight,,,,14.0,From same direction - both going straight - one stopped - rear-end,0,0,False,0
-122.347606043356,47.620322320471,203861,299870,301070,E820989,Matched,Block,,5TH AVE N BETWEEN JOHN ST AND BROAD ST, ,,1,Property Damage Only Collision,Sideswipe,2,0,0,2,0,0,2018-07-08 00:00:00+00,7/8/2018 10:45:00 AM,Mid-Block (not related to intersection),11,"MOTOR VEHICLE STRUCK MOTOR VEHICLE, FRONT END AT ANGLE",,False,Clear or Partly Cloudy,Dry,Daylight,,,,12.0,From same direction - both going straight - one stopped - sideswipe,0,0,False,0
-122.359972822619,47.6245953812971,203862,302533,303773,3732200,Matched,Block,,W MERCER ST BETWEEN 2ND AVE W AND 3RD AVE W, ,,2,Injury Collision,Left Turn,2,0,0,2,1,0,2018-08-31 00:00:00+00,8/31/2018 3:07:00 PM,Mid-Block (not related to intersection),11,"MOTOR VEHICLE STRUCK MOTOR VEHICLE, FRONT END AT ANGLE",True,False,Clear or Partly Cloudy,Dry,Daylight,,,,28.0,From opposite direction - one left turn - one straight,0,0,False,0
-122.327031623695,47.5954631667054,203865,302532,303772,3702169,Matched,Block,,SEATTLE BLVD S BETWEEN S DEARBORN ST AND 6TH W AVE S, ,,2,Injury Collision,Rear Ended,2,0,0,2,1,0,2018-08-24 00:00:00+00,8/24/2018 2:20:00 PM,Mid-Block (not related to intersection),24,MOTOR VEHCILE STRUCK PEDESTRIAN,True,False,Clear or Partly Cloudy,Dry,Daylight,,,,14.0,From same direction - both going straight - one stopped - rear-end,0,0,False,0
-122.391257712829,47.5812085284105,203866,299873,301073,E822477,Matched,Block,,SW ADMIRAL WAY BETWEEN 46TH AVE SW AND 47TH AVE SW, ,,2,Injury Collision,Rear Ended,2,0,0,2,1,0,2018-07-25 00:00:00+00,7/25/2018 5:21:00 PM,Mid-Block (but intersection related),14,"MOTOR VEHICLE STRUCK MOTOR VEHICLE, REAR END",,False,Clear or Partly Cloudy,Dry,Daylight,,,,14.0,From same direction - both going straight - one stopped - rear-end,0,0,False,0
-122.36023798751,47.6659769628007,203867,302531,303771,E839142,Matched,Block,,NW MARKET ST BETWEEN NW 50TH ST AND 3RD AVE NW, ,,1,Property Damage Only Collision,Rear Ended,5,0,0,2,0,0,2018-09-07 00:00:00+00,9/7/2018 8:27:00 PM,Mid-Block (not related to intersection),14,"MOTOR VEHICLE STRUCK MOTOR VEHICLE, REAR END",,False,Raining,Wet,Dark - Street Lights On,,,,13.0,From same direction - both going straight - both moving - rear-end,0,0,False,0
-122.334833392989,47.5245441532945,203868,299630,300830,3742336,Matched,Intersection,35176.0,1ST AVE S AND 1ST AVS OFF S RP, ,,1,Property Damage Only Collision,Angles,3,0,0,2,0,0,2018-06-08 00:00:00+00,6/8/2018 3:13:00 PM,At Intersection (intersection related),11,"MOTOR VEHICLE STRUCK MOTOR VEHICLE, FRONT END AT ANGLE",,False,Raining,Wet,Daylight,,,,10.0,Entering at angle,0,0,False,0
-122.351133937705,47.5709417837772,203869,302944,304186,3744095,Matched,Block,,WEST SEATTLE BR EB BETWEEN ALASKAN WY VI NB ON RP AND DELRIDGE-W SEATTLE BR EB ON RP, ,,2,Injury Collision,Rear Ended,2,0,0,2,1,0,2018-09-15 00:00:00+00,9/15/2018 10:29:00 AM,Mid-Block (not related to intersection),11,"MOTOR VEHICLE STRUCK MOTOR VEHICLE, FRONT END AT ANGLE",,False,Overcast,Dry,Daylight,,,,13.0,From same direction - both going straight - both moving - rear-end,0,0,False,0
-122.285963622034,47.559463826399,203870,300198,301398,E825135,Matched,Intersection,33562.0,RAINIER AVE S AND S ANGELINE ST, ,,2,Injury Collision,Left Turn,4,0,0,2,1,0,2018-08-05 00:00:00+00,8/5/2018 6:41:00 PM,At Intersection (intersection related),11,"MOTOR VEHICLE STRUCK MOTOR VEHICLE, FRONT END AT ANGLE",True,False,Clear or Partly Cloudy,Dry,Daylight,,,,28.0,From opposite direction - one left turn - one straight,0,0,False,0
-122.334198303058,47.5850426824454,203871,300550,301750,3745635,Matched,Block,,1ST AVE S BETWEEN S HOLGATE ST AND S WALKER ST, ,,1,Property Damage Only Collision,Rear Ended,5,0,0,2,0,0,2018-08-09 00:00:00+00,8/9/2018 12:54:00 AM,Mid-Block (not related to intersection),14,"MOTOR VEHICLE STRUCK MOTOR VEHICLE, REAR END",,False,Clear or Partly Cloudy,Dry,Dark - No Street Lights,,,,13.0,From same direction - both going straight - both moving - rear-end,0,0,False,0
-122.340922043966,47.6098142298393,203872,300197,301397,E825045,Matched,Intersection,29585.0,1ST AVE AND PINE ST, ,,2,Injury Collision,Left Turn,3,0,0,2,2,0,2018-07-28 00:00:00+00,7/28/2018 12:18:00 AM,At Intersection (intersection related),11,"MOTOR VEHICLE STRUCK MOTOR VEHICLE, FRONT END AT ANGLE",,False,Clear or Partly Cloudy,Dry,Dark - Street Lights On,,,,28.0,From opposite direction - one left turn - one straight,0,0,False,0
-122.386736545236,47.5763114374689,203874,300549,301749,3745631,Matched,Block,,CALIFORNIA AVE SW BETWEEN SW STEVENS ST AND SW HANFORD ST, ,,1,Property Damage Only Collision,Parked Car,2,0,0,2,0,0,2018-08-03 00:00:00+00,8/3/2018 8:00:00 AM,Mid-Block (not related to intersection),11,"MOTOR VEHICLE STRUCK MOTOR VEHICLE, FRONT END AT ANGLE",,False,Other,Unknown,Daylight,,,,32.0,One parked--one moving,0,0,False,0
-122.391878870415,47.6323157170546,203875,300196,301396,E825008,Matched,Intersection,27754.0,THORNDYKE AVE W AND W GALER ST, ,,2,Injury Collision,Angles,2,0,0,2,1,0,2018-07-23 00:00:00+00,7/23/2018 11:37:00 AM,At Intersection (intersection related),11,"MOTOR VEHICLE STRUCK MOTOR VEHICLE, FRONT END AT ANGLE",,False,Clear or Partly Cloudy,Dry,Daylight,,,,10.0,Entering at angle,0,0,False,0
-122.335019596781,47.6109082892407,203876,300548,301748,E825007,Matched,Block,,PIKE ST BETWEEN 5TH AVE AND 6TH AVE, ,,1,Property Damage Only Collision,Sideswipe,2,0,0,2,0,0,2018-07-23 00:00:00+00,7/23/2018 10:08:00 AM,Mid-Block (not related to intersection),11,"MOTOR VEHICLE STRUCK MOTOR VEHICLE, FRONT END AT ANGLE",,False,Clear or Partly Cloudy,Dry,Daylight,,,,11.0,From same direction - both going straight - both moving - sideswipe,0,0,False,0
-122.311383660188,47.6204993028669,203877,300195,301395,E824768,Matched,Intersection,29370.0,16TH AVE E AND E THOMAS ST, ,,2,Injury Collision,Angles,2,0,0,2,2,0,2018-07-27 00:00:00+00,7/27/2018 6:06:00 PM,At Intersection (intersection related),11,"MOTOR VEHICLE STRUCK MOTOR VEHICLE, FRONT END AT ANGLE",,False,Clear or Partly Cloudy,Dry,Daylight,,,,10.0,Entering at angle,0,0,False,0
-122.343500216145,47.6328574039646,203879,300547,301747,E825006,Matched,Block,,AURORA AVE N BETWEEN GALER ST AND GARFIELD ST, ,,2b,Serious Injury Collision,Rear Ended,3,0,0,2,2,0,2018-07-23 00:00:00+00,7/23/2018 8:11:00 AM,Mid-Block (not related to intersection),14,"MOTOR VEHICLE STRUCK MOTOR VEHICLE, REAR END",,False,Clear or Partly Cloudy,Dry,Daylight,,,,14.0,From same direction - both going straight - one stopped - rear-end,0,0,False,1