longitude,latitude,objectid,inckey,coldetkey,reportno,status,addrtype,intkey,location,exceptrsncode,exceptrsndesc,severitycode,severitydesc,collisiontype,personcount,pedcount,pedcylcount,vehcount,injuries,fatalities,incdate,incdttm,junctiontype,sdot_colcode,sdot_coldesc,inattentionind,underinfl,weather,roadcond,lightcond,pedrownotgrnt,sdotcolnum,speeding,st_colcode,st_coldesc,seglanekey,crosswalkkey,hitparkedcar,seriousinjuries
-122.331342546777,47.6077300503904,203880,300194,301394,E824472,Matched,Intersection,29934.0,6TH AVE AND SPRING ST, ,,1,Property Damage Only Collision,Right Turn,3,0,0,2,0,0,2018-08-02 00:00:00+00,8/2/2018 5:30:00 PM,At Intersection (intersection related),11,"MOTOR VEHICLE STRUCK MOTOR VEHICLE, FRONT END AT ANGLE",,False,Clear or Partly Cloudy,Dry,Daylight,,,,16.0,From same direction - one right turn - one straight,0,0,False,0
-122.329678542095,47.5991979313475,203882,300193,301393,E824470,Matched,Intersection,30508.0,2ND AV ET S AND S JACKSON ST, ,,1,Property Damage Only Collision,Left Turn,3,0,0,2,0,0,2018-07-26 00:00:00+00,7/26/2018 7:57:00 PM,At Intersection (intersection related),11,"MOTOR VEHICLE STRUCK MOTOR VEHICLE, FRONT END AT ANGLE",,False,Clear or Partly Cloudy,Dry,Daylight,,,,15.0,From same direction - one left turn - one straight,0,0,False,0
-122.33290910388,47.6060878574653,203884,300192,301392,E824469,Matched,Intersection,29952.0,4TH AVE AND MADISON ST, ,,2,Injury Collision,Left Turn,4,0,0,2,1,0,2018-07-15 00:00:00+00,7/15/2018 10:34:00 PM,At Intersection (intersection related),11,"MOTOR VEHICLE STRUCK MOTOR VEHICLE, FRONT END AT ANGLE",,False,Clear or Partly Cloudy,Dry,Dark - Street Lights On,,,,15.0,From same direction - one left turn - one straight,0,0,False,0
-122.328078578054,47.6041612345606,203886,300035,301235,3812365,Matched,Intersection,29973.0,6TH AVE AND JAMES ST, ,,2,Injury Collision,Left Turn,5,0,0,2,2,0,2018-08-04 00:00:00+00,8/4/2018 9:51:00 PM,At Intersection (intersection related),11,"MOTOR VEHICLE STRUCK MOTOR VEHICLE, FRONT END AT ANGLE",,False,Clear or Partly Cloudy,Dry,Dark - Street Lights On,,,,28.0,From opposite direction - one left turn - one straight,0,0,False,0
-122.338634550263,47.6257957692013,203889,300034,301234,3812364,Matched,Intersection,28744.0,BROAD ST AND VALLEY ST, ,,1,Property Damage Only Collision,Cycles,2,0,1,1,0,0,2018-08-03 00:00:00+00,8/3/2018 7:57:00 AM,At Intersection (intersection related),18,"MOTOR VEHICLE STRUCK PEDALCYCLIST, FRONT END AT ANGLE",,False,Overcast,Wet,Daylight,,,,6.0,Pedalcyclist Strikes Moving Vehicle,0,523374,False,0
-122.29028647535,47.5461181168669,203890,300768,301988,3810906,Matched,Intersection,33644.0,33RD AVE S AND S GRAHAM ST, ,,1,Property Damage Only Collision,Right Turn,3,0,0,2,0,0,2018-08-15 00:00:00+00,8/15/2018 4:21:00 PM,At Intersection (but not related to intersection),14,"MOTOR VEHICLE STRUCK MOTOR VEHICLE, REAR END",,False,Clear or Partly Cloudy,Dry,Daylight,,,,16.0,From same direction - one right turn - one straight,0,0,False,0
-122.338446288396,47.6232091561448,203892,300033,301233,3812219,Matched,Intersection,28772.0,REPUBLICAN ST AND WESTLAKE AVE N, ,,2,Injury Collision,Sideswipe,6,0,0,2,4,0,2018-08-01 00:00:00+00,8/1/2018 4:50:00 PM,At Intersection (intersection related),11,"MOTOR VEHICLE STRUCK MOTOR VEHICLE, FRONT END AT ANGLE",,False,Clear or Partly Cloudy,Dry,Daylight,,,,11.0,From same direction - both going straight - both moving - sideswipe,0,0,False,0
-122.352840316365,47.6153559232497,203894,300032,301232,3812048,Matched,Block,,CLAY ST BETWEEN ELLIOTT AVE AND WESTERN AVE, ,,1,Property Damage Only Collision,Parked Car,2,0,0,2,0,0,2018-08-05 00:00:00+00,8/5/2018 1:44:00 PM,Mid-Block (but intersection related),14,"MOTOR VEHICLE STRUCK MOTOR VEHICLE, REAR END",,False,Clear or Partly Cloudy,Dry,Daylight,,,,32.0,One parked--one moving,0,0,False,0
-122.334017899863,47.6177136359176,203895,300031,301231,3812019,Matched,Intersection,29525.0,BOREN AVE AND VIRGINIA ST, ,,1,Property Damage Only Collision,Angles,3,0,0,3,0,0,2018-07-30 00:00:00+00,7/30/2018 6:01:00 PM,At Intersection (intersection related),11,"MOTOR VEHICLE STRUCK MOTOR VEHICLE, FRONT END AT ANGLE",,False,Clear or Partly Cloudy,Dry,Daylight,,,,10.0,Entering at angle,0,0,False,0
-122.354219767133,47.5678397295282,203896,300552,301752,3745946,Matched,Block,,WEST MARGINAL WAY SW BETWEEN SW ANDOVER ST AND SW DAKOTA ST, ,,2,Injury Collision,Cycles,3,0,1,1,1,0,2018-08-13 00:00:00+00,8/13/2018 8:48:00 AM,Mid-Block (not related to intersection),18,"MOTOR VEHICLE STRUCK PEDALCYCLIST, FRONT END AT ANGLE",,False,Clear or Partly Cloudy,Dry,Daylight,,,,6.0,Pedalcyclist Strikes Moving Vehicle,0,0,False,0
-122.269988166561,47.5299413850032,203897,300348,301548,E824631,Matched,Block,,RAINIER AVE S BETWEEN S ELMGROVE ST AND S ROSE N ST, ,,1,Property Damage Only Collision,Rear Ended,4,0,0,2,0,0,2018-08-04 00:00:00+00,8/4/2018 6:55:00 PM,Mid-Block (not related to intersection),14,"MOTOR VEHICLE STRUCK MOTOR VEHICLE, REAR END",True,False,Clear or Partly Cloudy,Dry,Daylight,,,,14.0,From same direction - both going straight - one stopped - rear-end,0,0,False,0
-122.301612538307,47.7031233202772,203898,300347,301547,E824630,Matched,Block,,LAKE CITY WAY NE BETWEEN FISCHER PL NE AND NE 104TH WAY, ,,1,Property Damage Only Collision,Rear Ended,3,0,0,2,0,0,2018-07-30 00:00:00+00,7/30/2018 8:50:00 PM,Mid-Block (not related to intersection),14,"MOTOR VEHICLE STRUCK MOTOR VEHICLE, REAR END",,False,Clear or Partly Cloudy,Dry,Dark - Street Lights On,,,,13.0,From same direction - both going straight - both moving - rear-end,0,0,False,0
-122.283298133768,47.532436654982,203899,300346,301546,E824475,Matched,Block,,39TH AVE S BETWEEN S HOLDEN ST AND S KENYON ST, ,,1,Property Damage Only Collision,Parked Car,2,0,0,2,0,0,2018-07-28 00:00:00+00,7/28/2018 3:30:00 PM,Mid-Block (not related to intersection),11,"MOTOR VEHICLE STRUCK MOTOR VEHICLE, FRONT END AT ANGLE",,False,Clear or Partly Cloudy,Dry,Daylight,,,,32.0,One parked--one moving,0,0,False,0
-122.354098479594,47.6245755204916,203900,300030,301230,3811802,Matched,Intersection,28918.0,MERCER ST AND WARREN AVE N, ,,2,Injury Collision,Left Turn,3,0,0,2,1,0,2018-08-03 00:00:00+00,8/3/2018 5:11:00 PM,At Intersection (intersection related),11,"MOTOR VEHICLE STRUCK MOTOR VEHICLE, FRONT END AT ANGLE",True,False,Clear or Partly Cloudy,Dry,Daylight,,,,28.0,From opposite direction - one left turn - one straight,0,0,False,0
-122.325967058469,47.5949226524808,203901,300029,301229,3811784,Matched,Intersection,30547.0,AIRPORT WAY S AND SEATTLE BLVD S, ,,1,Property Damage Only Collision,Sideswipe,2,0,0,2,0,0,2018-07-31 00:00:00+00,7/31/2018 5:15:00 PM,At Intersection (intersection related),16,"MOTOR VEHICLE STRUCK MOTOR VEHICLE, LEFT SIDE SIDESWIPE",,False,Clear or Partly Cloudy,Dry,Daylight,,,,81.0,Same direction -- both turning left -- both moving -- sideswipe,0,0,False,0
-122.28842391502,47.5649635314921,203902,300766,301986,3810905,Matched,Block,,RAINIER AVE S BETWEEN S ADAMS ST AND S GENESEE N ST, ,,2b,Serious Injury Collision,Pedestrian,3,1,0,1,1,0,2018-08-15 00:00:00+00,8/15/2018 9:38:00 AM,Mid-Block (not related to intersection),24,MOTOR VEHCILE STRUCK PEDESTRIAN,,False,Clear or Partly Cloudy,Dry,Daylight,,,,0.0,Vehicle going straight hits pedestrian,0,0,False,1
-122.307312812226,47.5872608211265,203903,300345,301545,E824473,Matched,Block,,VALENTINE PL S BETWEEN S STATE ST AND S GRAND ST, ,,1,Property Damage Only Collision,Parked Car,2,0,0,2,0,0,2018-07-24 00:00:00+00,7/24/2018 10:38:00 PM,Mid-Block (not related to intersection),14,"MOTOR VEHICLE STRUCK MOTOR VEHICLE, REAR END",,False,Clear or Partly Cloudy,Dry,Dark - Street Lights On,,,,32.0,One parked--one moving,0,0,True,0
-122.30120805813,47.5604293299511,203904,300028,301228,3810720,Matched,Intersection,33197.0,S AMERICUS ST AND S COLUMBIAN WAY, ,,1,Property Damage Only Collision,Angles,4,0,0,2,0,0,2018-08-04 00:00:00+00,8/4/2018 7:13:00 AM,At Intersection (intersection related),11,"MOTOR VEHICLE STRUCK MOTOR VEHICLE, FRONT END AT ANGLE",,False,Clear or Partly Cloudy,Dry,Daylight,,,,10.0,Entering at angle,0,0,False,0
-122.346920661551,47.6245597699351,203906,300344,301544,E824471,Matched,Block,,MERCER ST BETWEEN 5TH AVE N AND TAYLOR AVE N, ,,1,Property Damage Only Collision,Sideswipe,2,0,0,2,0,0,2018-07-22 00:00:00+00,7/22/2018 12:09:00 AM,Mid-Block (not related to intersection),11,"MOTOR VEHICLE STRUCK MOTOR VEHICLE, FRONT END AT ANGLE",,False,Clear or Partly Cloudy,Dry,Dark - Street Lights On,,,,11.0,From same direction - both going straight - both moving - sideswipe,0,0,False,0
-122.357408182953,47.6996573426708,203907,299880,301080,E822335,Matched,Block,,N 97TH ST BETWEEN 1ST AVE NW AND PALATINE AVE N, ,,1,Property Damage Only Collision,Angles,2,0,0,2,0,0,2018-07-26 00:00:00+00,7/26/2018 5:19:00 PM,Mid-Block (not related to intersection),11,"MOTOR VEHICLE STRUCK MOTOR VEHICLE, FRONT END AT ANGLE",,False,Clear or Partly Cloudy,Dry,Daylight,,,,10.0,Entering at angle,0,0,False,0
-122.280889717657,47.5358068891226,203908,300769,301989,3810953,Matched,Block,,M L KING JR WR WAY S BETWEEN S HOLLY PARK DR AND S WEBSTER ST,NEI,"Not Enough Information, or Insufficient Location Information",1,Property Damage Only Collision,Rear Ended,3,0,0,2,0,0,2018-08-14 00:00:00+00,8/14/2018 6:15:00 PM,Mid-Block (not related to intersection),0,NOT ENOUGH INFORMATION / NOT APPLICABLE,,False,Clear or Partly Cloudy,Dry,Daylight,,,,14.0,From same direction - both going straight - one stopped - rear-end,0,0,False,0
-122.276940936321,47.5261190463332,203909,300199,301399,E825143,Matched,Intersection,35253.0,RENTON AVE S AND S CLOVERDALE ST, ,,1,Property Damage Only Collision,Angles,2,0,0,2,0,0,2018-07-18 00:00:00+00,7/18/2018 4:05:00 PM,At Intersection (intersection related),11,"MOTOR VEHICLE STRUCK MOTOR VEHICLE, FRONT END AT ANGLE",,False,Clear or Partly Cloudy,Dry,Daylight,,,,10.0,Entering at angle,0,0,False,0
-122.346920661551,47.6245597699351,203910,299877,301077,3784850,Matched,Block,,MERCER ST BETWEEN 5TH AVE N AND TAYLOR AVE N, ,,1,Property Damage Only Collision,Other,3,0,0,2,0,0,2018-08-08 00:00:00+00,8/8/2018 3:08:00 PM,Mid-Block (not related to intersection),14,"MOTOR VEHICLE STRUCK MOTOR VEHICLE, REAR END",,False,Clear or Partly Cloudy,Dry,Daylight,,,,23.0,From same direction - all others,0,0,False,0
-122.29214275698,47.5360879955056,203911,300765,301985,3810776,Matched,Block,,BEACON WR AVE S BETWEEN S OTHELLO ST AND S WEBSTER N ST, ,,2,Injury Collision,Parked Car,2,0,0,2,1,0,2018-08-14 00:00:00+00,8/14/2018 11:06:00 AM,Mid-Block (not related to intersection),14,"MOTOR VEHICLE STRUCK MOTOR VEHICLE, REAR END",True,False,Fog/Smog/Smoke,Dry,Daylight,,,,32.0,One parked--one moving,0,0,True,0
-122.293221524858,47.5738418115732,203915,301618,302838,3745973,Matched,Block,,WETMORE AVE S BETWEEN S BYRON ST AND S WALDEN ST,NEI,"Not Enough Information, or Insufficient Location Information",1,Property Damage Only Collision,Parked Car,2,0,0,2,0,0,2018-08-13 00:00:00+00,8/13/2018 8:30:00 PM,Mid-Block (not related to intersection),13,"MOTOR VEHICLE STRUCK MOTOR VEHICLE, LEFT SIDE AT ANGLE",,False,Clear or Partly Cloudy,Dry,Other,,,,32.0,One parked--one moving,0,0,True,0
-122.341557964749,47.5716267236591,203917,301617,302837,3693162,Matched,Block,,S SPOKANE NR ST BETWEEN S SPOKANE ST RP AND EAST MARGINAL WAY S, ,,1,Property Damage Only Collision,Other,2,0,0,2,0,0,2018-08-27 00:00:00+00,8/27/2018 6:45:00 PM,Mid-Block (not related to intersection),11,"MOTOR VEHICLE STRUCK MOTOR VEHICLE, FRONT END AT ANGLE",,False,Clear or Partly Cloudy,Dry,Dusk,,,,23.0,From same direction - all others,0,0,False,0
-122.314158835897,47.6071186023414,203918,301824,303044,E835389,Matched,Block,,14TH AVE BETWEEN E JEFFERSON ST AND E CHERRY ST, ,,2,Injury Collision,Parked Car,2,0,0,2,1,0,2018-09-06 00:00:00+00,9/6/2018 12:55:00 PM,Mid-Block (not related to intersection),11,"MOTOR VEHICLE STRUCK MOTOR VEHICLE, FRONT END AT ANGLE",True,False,Clear or Partly Cloudy,Dry,Daylight,,,,20.0,One car leaving parked position,0,0,False,0
-122.322908584575,47.5268917899358,203919,301623,302843,E833488,Matched,Block,,8TH AVE S BETWEEN S SULLIVAN ST AND S CLOVERDALE ST, ,,2,Injury Collision,Pedestrian,2,1,0,1,1,0,2018-08-09 00:00:00+00,8/9/2018 4:51:00 PM,Mid-Block (not related to intersection),24,MOTOR VEHCILE STRUCK PEDESTRIAN,,False,Clear or Partly Cloudy,Dry,Daylight,,,,0.0,Vehicle going straight hits pedestrian,0,0,False,0
-122.371687393415,47.634740668898,203920,301601,302822,3811579,Matched,Intersection,27960.0,11TH AVE W AND W BLAINE ST, ,,1,Property Damage Only Collision,Parked Car,3,0,0,3,0,0,2018-08-29 00:00:00+00,8/29/2018 1:50:00 AM,At Intersection (intersection related),26,MOTOR VEHICLE STRUCK OBJECT IN ROAD,True,False,Clear or Partly Cloudy,Dry,Dark - Street Lights On,,,,32.0,One parked--one moving,0,0,False,0
-122.354147466389,47.6185970219387,203921,301599,302820,3811539,Matched,Intersection,29662.0,DENNY WAY AND WARREN AVE N, ,,2,Injury Collision,Angles,5,0,0,2,1,0,2018-09-02 00:00:00+00,9/2/2018 3:47:00 PM,At Intersection (intersection related),11,"MOTOR VEHICLE STRUCK MOTOR VEHICLE, FRONT END AT ANGLE",True,False,Clear or Partly Cloudy,Dry,Daylight,,,,10.0,Entering at angle,0,0,False,0
-122.280642762253,47.535405815507,203922,301827,303047,E833604,Matched,Intersection,34475.0,M L KING JR ER WAY S AND RENTON S AVE S, ,,1,Property Damage Only Collision,Left Turn,2,0,0,2,0,0,2018-08-30 00:00:00+00,8/30/2018 6:41:00 PM,At Intersection (intersection related),11,"MOTOR VEHICLE STRUCK MOTOR VEHICLE, FRONT END AT ANGLE",True,False,Clear or Partly Cloudy,Dry,Daylight,,,,28.0,From opposite direction - one left turn - one straight,0,0,False,0
-122.322994457988,47.5625420384969,203923,301261,302481,E831313,Matched,Block,,AIRPORT WAY S BETWEEN S OREGON ST AND S SNOQUALMIE ST, ,,1,Property Damage Only Collision,Sideswipe,2,0,0,2,0,0,2018-08-17 00:00:00+00,8/17/2018 8:38:00 AM,Mid-Block (not related to intersection),11,"MOTOR VEHICLE STRUCK MOTOR VEHICLE, FRONT END AT ANGLE",,False,Clear or Partly Cloudy,Dry,Daylight,,,,11.0,From same direction - both going straight - both moving - sideswipe,0,0,False,0
-122.322973535102,47.6884288353291,203925,301260,302480,E831428,Matched,Block,,5TH AVE NE BETWEEN NE 82ND ST AND NE ELK PL, ,,1,Property Damage Only Collision,Parked Car,3,0,0,3,0,0,2018-08-18 00:00:00+00,8/18/2018 4:09:00 PM,Mid-Block (not related to intersection),11,"MOTOR VEHICLE STRUCK MOTOR VEHICLE, FRONT END AT ANGLE",True,False,Clear or Partly Cloudy,Dry,Daylight,,,,32.0,One parked--one moving,0,0,True,0
-122.370738006911,47.6973267654306,203933,301825,303045,E835390,Matched,Block,,HOLMAN RD NW BETWEEN 12TH AVE NW AND 11TH AVE NW, ,,2,Injury Collision,Rear Ended,9,0,0,5,1,0,2018-09-02 00:00:00+00,9/2/2018 12:31:00 PM,Mid-Block (but intersection related),14,"MOTOR VEHICLE STRUCK MOTOR VEHICLE, REAR END",,False,Clear or Partly Cloudy,Dry,Daylight,,,,14.0,From same direction - both going straight - one stopped - rear-end,0,0,False,0
-122.294005642662,47.5729186042637,203934,301820,303040,E833597,Matched,Intersection,32416.0,RAINIER AVE S AND S WALDEN ST, ,,2,Injury Collision,Left Turn,3,0,0,2,1,0,2018-08-15 00:00:00+00,8/15/2018 5:53:00 PM,At Intersection (intersection related),11,"MOTOR VEHICLE STRUCK MOTOR VEHICLE, FRONT END AT ANGLE",,False,Clear or Partly Cloudy,Dry,Daylight,,,,28.0,From opposite direction - one left turn - one straight,0,0,False,0
-122.285332774692,47.6584212166445,203935,301621,302841,E833345,Matched,Block,,NE 41ST ST BETWEEN SURBER DR NE AND 41ST AVE NE, ,,1,Property Damage Only Collision,Parked Car,2,0,0,2,0,0,2018-08-19 00:00:00+00,8/19/2018 1:30:00 AM,Mid-Block (not related to intersection),11,"MOTOR VEHICLE STRUCK MOTOR VEHICLE, FRONT END AT ANGLE",,False,Clear or Partly Cloudy,Dry,Unknown,,,,32.0,One parked--one moving,0,0,True,0
-122.326362198653,47.598774653736,203936,301241,302461,E831311,Matched,Block,,6TH AVE S BETWEEN S JACKSON ST AND S KING ST, ,,1,Property Damage Only Collision,Parked Car,4,0,0,2,0,0,2018-08-07 00:00:00+00,8/7/2018 1:35:00 PM,Mid-Block (but intersection related),11,"MOTOR VEHICLE STRUCK MOTOR VEHICLE, FRONT END AT ANGLE",,False,Clear or Partly Cloudy,Dry,Daylight,,,,20.0,One car leaving parked position,0,0,False,0
-122.373595431572,47.6622023430349,203941,301238,302458,3733758,Matched,Intersection,25459.0,14TH AVE NW AND NW 46TH ST, ,,3,Fatality Collision,Pedestrian,2,1,0,1,1,1,2018-08-27 00:00:00+00,8/27/2018 9:29:00 PM,At Intersection (intersection related),24,MOTOR VEHCILE STRUCK PEDESTRIAN,,True,Clear or Partly Cloudy,Dry,Dark - Street Lights On,,,,0.0,Vehicle going straight hits pedestrian,0,0,False,1
-122.336739434182,47.5500007484218,203946,300770,301990,3810954,Matched,Block,,S FIDALGO ST BETWEEN DEAD END 2 AND EAST MARGINAL WAY S, ,,1,Property Damage Only Collision,Parked Car,2,0,0,2,0,0,2018-08-14 00:00:00+00,8/14/2018 2:00:00 PM,Mid-Block (not related to intersection),11,"MOTOR VEHICLE STRUCK MOTOR VEHICLE, FRONT END AT ANGLE",,False,Clear or Partly Cloudy,Dry,Daylight,,,,32.0,One parked--one moving,0,0,True,0
-122.278932966248,47.5134247897617,203948,301821,303041,E833599,Matched,Intersection,38140.0,M L KING JR WR WAY S AND S NORFOLK ST, ,,2,Injury Collision,Angles,4,0,0,3,1,0,2018-08-16 00:00:00+00,8/16/2018 1:02:00 PM,At Intersection (intersection related),11,"MOTOR VEHICLE STRUCK MOTOR VEHICLE, FRONT END AT ANGLE",,False,Clear or Partly Cloudy,Dry,Daylight,,,,10.0,Entering at angle,0,0,False,0
-122.376445042262,47.5446825736171,203949,302329,303549,E837118,Matched,Intersection,34008.0,35TH AVE SW AND SW MORGAN ST, ,,2,Injury Collision,Pedestrian,2,1,0,1,1,0,2018-09-11 00:00:00+00,9/11/2018 11:17:00 AM,At Intersection (intersection related),24,MOTOR VEHCILE STRUCK PEDESTRIAN,,False,Clear or Partly Cloudy,Dry,Daylight,True,,,1.0,Vehicle turning right hits pedestrian,0,525322,False,0
-122.413315736724,47.577150736832,203950,302673,303913,3745755,Matched,Block,,63RD AVE SW BETWEEN ALKI AVE SW AND SW ADMIRAL WAY, ,,1,Property Damage Only Collision,Parked Car,2,0,0,2,0,0,2018-09-10 00:00:00+00,9/10/2018 1:45:00 AM,Mid-Block (not related to intersection),14,"MOTOR VEHICLE STRUCK MOTOR VEHICLE, REAR END",,False,Unknown,Unknown,Unknown,,,,32.0,One parked--one moving,0,0,False,0
-122.337878908784,47.6158852522596,203951,302328,303548,3811702,Matched,Block,,WESTLAKE AVE BETWEEN 7TH AVE AND 8TH AVE, ,,2,Injury Collision,Cycles,2,0,1,1,1,0,2018-09-16 00:00:00+00,9/16/2018 8:35:00 AM,Mid-Block (but intersection related),0,NOT ENOUGH INFORMATION / NOT APPLICABLE,,False,Raining,Wet,Daylight,,,,8.0,Pedalcyclist All Other Involvements ONE UNIT - PEDALCYCLIST ONLY or PEDALCYCLIST STR,0,523896,False,0
-122.336821443759,47.5394591168553,203952,302672,303912,3745682,Matched,Block,,2ND AV SW TURN RD BETWEEN HIGHLAND PARK WAY SW AND 2ND AVE SW, ,,1,Property Damage Only Collision,Rear Ended,2,0,0,2,0,0,2018-09-11 00:00:00+00,9/11/2018 6:30:00 PM,Mid-Block (not related to intersection),14,"MOTOR VEHICLE STRUCK MOTOR VEHICLE, REAR END",,False,Overcast,Dry,Dusk,,,,74.0,Same direction -- both turning right -- one stopped -- rear end,0,0,False,0
-122.347535708559,47.6169100343101,203953,302327,303547,E837912,Matched,Block,,VINE ST BETWEEN 3RD AVE AND 4TH AVE, ,,1,Property Damage Only Collision,Parked Car,3,0,0,3,0,0,2018-09-14 00:00:00+00,9/14/2018 3:20:00 PM,Mid-Block (not related to intersection),12,"MOTOR VEHICLE STRUCK MOTOR VEHICLE, RIGHT SIDE AT ANGLE",,False,Overcast,Dry,Daylight,,,,32.0,One parked--one moving,0,0,True,0
-122.333101055207,47.5459470743624,203954,302671,303911,3745681,Matched,Block,,S FRONT ST BETWEEN S FRONT ST ON RP AND EAST MARGINAL WAY S, ,,1,Property Damage Only Collision,Other,1,0,0,1,0,0,2018-09-11 00:00:00+00,9/11/2018 3:48:00 PM,Mid-Block (not related to intersection),26,MOTOR VEHICLE STRUCK OBJECT IN ROAD,,False,Clear or Partly Cloudy,Dry,Daylight,,,,52.0,Vehicle overturned,0,0,False,0
-122.276740760336,47.5474330364304,203955,302326,303546,E831640,Matched,Block,,RAINIER AVE S BETWEEN S KENNY ST AND S GRAHAM ST, ,,1,Property Damage Only Collision,Rear Ended,2,0,0,2,0,0,2018-06-28 00:00:00+00,6/28/2018 8:03:00 AM,Mid-Block (not related to intersection),14,"MOTOR VEHICLE STRUCK MOTOR VEHICLE, REAR END",True,False,Clear or Partly Cloudy,Dry,Daylight,,,,14.0,From same direction - both going straight - one stopped - rear-end,0,0,False,0
-122.337239892056,47.6099811701152,203956,302946,304188,3732774,Matched,Block,,PIKE ST BETWEEN 3RD AVE AND 4TH AVE, ,,1,Property Damage Only Collision,Rear Ended,4,0,0,2,0,0,2018-09-24 00:00:00+00,9/24/2018 8:19:00 PM,Mid-Block (not related to intersection),11,"MOTOR VEHICLE STRUCK MOTOR VEHICLE, FRONT END AT ANGLE",,False,Clear or Partly Cloudy,Dry,Dark - Street Lights On,,,,13.0,From same direction - both going straight - both moving - rear-end,0,0,False,0
-122.345321831105,47.6621257833278,203957,302677,303917,3751610,Matched,Block,,N 46TH ST BETWEEN GREEN LAKE WAY N AND WOODLAND PARK AVE N, ,,2,Injury Collision,Rear Ended,4,0,0,2,1,0,2018-09-10 00:00:00+00,9/10/2018 9:38:00 PM,Mid-Block (not related to intersection),14,"MOTOR VEHICLE STRUCK MOTOR VEHICLE, REAR END",True,False,Clear or Partly Cloudy,Dry,Dark - Street Lights On,,,,14.0,From same direction - both going straight - one stopped - rear-end,0,0,False,0
-122.314007267842,47.5786359842214,203958,302544,303784,3810724,Matched,Block,,S MCCLELLAN ST BETWEEN 14TH AVE S AND 15TH AVE S, ,,1,Property Damage Only Collision,Parked Car,2,0,0,2,0,0,2018-09-03 00:00:00+00,9/3/2018 10:09:00 AM,Mid-Block (not related to intersection),11,"MOTOR VEHICLE STRUCK MOTOR VEHICLE, FRONT END AT ANGLE",,False,Clear or Partly Cloudy,Dry,Daylight,,,,20.0,One car leaving parked position,0,0,False,0
-122.337035946667,47.617154184761,203959,302330,303550,E837119,Matched,Intersection,29522.0,9TH AVE AND LENORA ST, ,,2,Injury Collision,Pedestrian,2,1,0,1,1,0,2018-09-05 00:00:00+00,9/5/2018 9:05:00 AM,At Intersection (intersection related),24,MOTOR VEHCILE STRUCK PEDESTRIAN,True,False,Clear or Partly Cloudy,Dry,Daylight,,,,2.0,Vehicle turning left hits pedestrian,0,523330,False,0
-122.338047720953,47.6117056786624,203960,302543,303783,3753664,Matched,Block,,4TH AVE BETWEEN PINE ST AND OLIVE WAY, ,,1,Property Damage Only Collision,Parked Car,2,0,0,2,0,0,2018-08-31 00:00:00+00,8/31/2018 12:50:00 PM,Mid-Block (not related to intersection),14,"MOTOR VEHICLE STRUCK MOTOR VEHICLE, REAR END",True,False,Clear or Partly Cloudy,Dry,Daylight,,,,32.0,One parked--one moving,0,0,False,0
-122.383625282411,47.6661521966666,203962,302542,303782,3751628,Matched,Block,,NW VERNON PL BETWEEN BALLARD AVE NW AND SHILSHOLE AVE NW, ,,1,Property Damage Only Collision,Parked Car,2,0,0,2,0,0,2018-09-03 00:00:00+00,9/3/2018 7:00:00 AM,Mid-Block (not related to intersection),11,"MOTOR VEHICLE STRUCK MOTOR VEHICLE, FRONT END AT ANGLE",,False,Clear or Partly Cloudy,Dry,Daylight,,,,32.0,One parked--one moving,0,0,False,0
-122.330266446954,47.6012980020114,203963,302147,303367,E837008,Matched,Block,,3RD AVE S BETWEEN YESLER WAY AND S WASHINGTON ST, ,,1,Property Damage Only Collision,Other,1,0,0,1,0,0,2018-09-04 00:00:00+00,9/4/2018 6:39:00 PM,Mid-Block (not related to intersection),26,MOTOR VEHICLE STRUCK OBJECT IN ROAD,,False,Clear or Partly Cloudy,Dry,Dusk,,,,50.0,Fixed object,0,0,False,0
-122.327250225057,47.6613547469596,203965,302146,303366,E837228,Matched,Intersection,27182.0,2ND AVE NE AND NE 45TH ST,NEI,"Not Enough Information, or Insufficient Location Information",2,Injury Collision,Pedestrian,2,1,0,1,1,0,2018-09-10 00:00:00+00,9/10/2018 12:30:00 PM,At Intersection (intersection related),0,NOT ENOUGH INFORMATION / NOT APPLICABLE,,False,Unknown,Unknown,Daylight,,,,0.0,Vehicle going straight hits pedestrian,0,0,False,0
-122.316085375406,47.7266809102548,203966,302676,303916,3751382,Matched,Block,,NE 135TH ST BETWEEN 11TH AVE NE AND 12TH AVE NE, ,,2,Injury Collision,Angles,2,0,0,2,1,0,2018-09-10 00:00:00+00,9/10/2018 4:00:00 PM,Mid-Block (not related to intersection),11,"MOTOR VEHICLE STRUCK MOTOR VEHICLE, FRONT END AT ANGLE",,False,Overcast,Dry,Daylight,,,,10.0,Entering at angle,0,0,False,0
-122.336029062407,47.6111749274888,203967,302678,303918,3753670,Matched,Block,,5TH AVE BETWEEN PIKE ST AND PINE ST, ,,1,Property Damage Only Collision,Other,4,0,0,1,0,0,2018-09-08 00:00:00+00,9/8/2018 2:00:00 AM,Mid-Block (not related to intersection),26,MOTOR VEHICLE STRUCK OBJECT IN ROAD,,True,Raining,Wet,Dark - Street Lights On,,,True,50.0,Fixed object,0,0,False,0