longitude,latitude,objectid,inckey,coldetkey,reportno,status,addrtype,intkey,location,exceptrsncode,exceptrsndesc,severitycode,severitydesc,collisiontype,personcount,pedcount,pedcylcount,vehcount,injuries,fatalities,incdate,incdttm,junctiontype,sdot_colcode,sdot_coldesc,inattentionind,underinfl,weather,roadcond,lightcond,pedrownotgrnt,sdotcolnum,speeding,st_colcode,st_coldesc,seglanekey,crosswalkkey,hitparkedcar,seriousinjuries
-122.378945632859,47.6877957787275,203969,302145,303365,E837227,Matched,Block,,17TH AVE NW BETWEEN NW 80TH ST AND NW 83RD ST, ,,2,Injury Collision,Rear Ended,3,0,0,2,1,0,2018-09-11 00:00:00+00,9/11/2018 6:12:00 PM,Mid-Block (not related to intersection),14,"MOTOR VEHICLE STRUCK MOTOR VEHICLE, REAR END",True,False,Clear or Partly Cloudy,Dry,Daylight,,,,13.0,From same direction - both going straight - both moving - rear-end,0,0,False,0
-122.309703400307,47.6621570005315,203970,302539,303779,3751471,Matched,Block,,17TH SB AVE NE BETWEEN NE 45TH ST AND NE 47TH ST, ,,1,Property Damage Only Collision,Parked Car,4,0,0,4,0,0,2018-09-04 00:00:00+00,9/4/2018 12:08:00 AM,Mid-Block (not related to intersection),14,"MOTOR VEHICLE STRUCK MOTOR VEHICLE, REAR END",,True,Clear or Partly Cloudy,Dry,Dark - Street Lights On,,,,32.0,One parked--one moving,0,0,False,0
-122.304316699451,47.7045850614677,203971,302144,303364,E837206,Matched,Block,,23RD AVE NE BETWEEN NE 104TH WAY AND NE 105TH ST, ,,1,Property Damage Only Collision,Parked Car,2,0,0,2,0,0,2018-09-12 00:00:00+00,9/12/2018,Mid-Block (not related to intersection),11,"MOTOR VEHICLE STRUCK MOTOR VEHICLE, FRONT END AT ANGLE",,False,Unknown,Unknown,Dark - No Street Lights,,,,32.0,One parked--one moving,0,0,True,0
-122.357763429018,47.5273901347343,203972,302538,303778,3746101,Matched,Block,,18TH AVE SW BETWEEN SW THISTLE ST AND SW CLOVERDALE ST, ,,1,Property Damage Only Collision,Parked Car,2,0,0,2,0,0,2018-08-31 00:00:00+00,8/31/2018 7:30:00 AM,Mid-Block (not related to intersection),16,"MOTOR VEHICLE STRUCK MOTOR VEHICLE, LEFT SIDE SIDESWIPE",,False,Clear or Partly Cloudy,Dry,Daylight,,,,32.0,One parked--one moving,0,0,True,0
-122.374087990854,47.6786709993063,203975,302675,303915,3751271,Matched,Block,,14TH AVE NW BETWEEN NW 67TH ST AND NW 70TH W ST, ,,1,Property Damage Only Collision,Parked Car,2,0,0,2,0,0,2018-09-09 00:00:00+00,9/9/2018 8:00:00 AM,Mid-Block (not related to intersection),11,"MOTOR VEHICLE STRUCK MOTOR VEHICLE, FRONT END AT ANGLE",,False,Clear or Partly Cloudy,Dry,Dark - Street Lights On,,,,32.0,One parked--one moving,0,0,False,0
-122.317413626231,47.6640261758118,203976,302537,303777,E839147,Matched,Block,,ROOSEVELT WAY NE BETWEEN NE 47TH ST AND NE 50TH ST, ,,2,Injury Collision,Parked Car,2,0,0,2,1,0,2018-09-17 00:00:00+00,9/17/2018 9:00:00 AM,Mid-Block (not related to intersection),11,"MOTOR VEHICLE STRUCK MOTOR VEHICLE, FRONT END AT ANGLE",,False,Overcast,Dry,Daylight,,,,20.0,One car leaving parked position,0,0,False,0
-122.347285911064,47.668364530046,203977,302536,303776,3746076,Matched,Block,,AURORA AVE N BETWEEN N 50 UPPER ST AND N 59TH ST, ,,1,Property Damage Only Collision,Sideswipe,2,0,0,2,0,0,2018-08-31 00:00:00+00,8/31/2018 1:30:00 PM,Mid-Block (not related to intersection),11,"MOTOR VEHICLE STRUCK MOTOR VEHICLE, FRONT END AT ANGLE",True,False,Clear or Partly Cloudy,Dry,Daylight,,,,11.0,From same direction - both going straight - both moving - sideswipe,0,0,False,0
-122.30557167272,47.5809846590026,203978,302334,303554,E837164,Matched,Intersection,31593.0,21ST AVE S AND S BAYVIEW ST, ,,2,Injury Collision,Angles,5,0,0,2,4,0,2018-09-05 00:00:00+00,9/5/2018 8:27:00 AM,At Intersection (intersection related),11,"MOTOR VEHICLE STRUCK MOTOR VEHICLE, FRONT END AT ANGLE",,False,Clear or Partly Cloudy,Dry,Daylight,,,,10.0,Entering at angle,0,0,False,0
-122.376075292964,47.6328608540825,203979,302141,303361,E837147,Matched,Block,,15TH AVE W BETWEEN ELLIOTT AVE W AND MAGNOLIA BR OFF RP, ,,1,Property Damage Only Collision,Rear Ended,2,0,0,2,0,0,2018-09-06 00:00:00+00,9/6/2018 7:59:00 AM,Mid-Block (not related to intersection),14,"MOTOR VEHICLE STRUCK MOTOR VEHICLE, REAR END",True,False,Clear or Partly Cloudy,Dry,Daylight,,,,13.0,From same direction - both going straight - both moving - rear-end,0,0,False,0
-122.31945610697,47.6146637818482,203980,302140,303360,E837145,Matched,Block,,10TH AVE BETWEEN E PIKE ST AND E PINE ST, ,,1,Property Damage Only Collision,Parked Car,2,0,0,2,0,0,2018-09-07 00:00:00+00,9/7/2018 2:09:00 PM,Mid-Block (not related to intersection),11,"MOTOR VEHICLE STRUCK MOTOR VEHICLE, FRONT END AT ANGLE",True,False,Clear or Partly Cloudy,Dry,Daylight,,,,20.0,One car leaving parked position,0,0,False,0
-122.349532500952,47.6128147655175,203981,302333,303553,E837146,Matched,Intersection,29705.0,BATTERY ST AND ELLIOTT AVE, ,,2,Injury Collision,Angles,2,0,0,2,1,0,2018-08-30 00:00:00+00,8/30/2018 11:58:00 AM,At Intersection (intersection related),11,"MOTOR VEHICLE STRUCK MOTOR VEHICLE, FRONT END AT ANGLE",,False,Clear or Partly Cloudy,Dry,Daylight,,,True,10.0,Entering at angle,0,0,False,0
-122.391499596689,47.6686616485474,203983,302679,303919,3754305,Matched,Block,,NW MARKET ST BETWEEN 26TH AVE NW AND 28TH AVE NW, ,,1,Property Damage Only Collision,Parked Car,2,0,0,2,0,0,2018-09-09 00:00:00+00,9/9/2018 1:36:00 PM,Mid-Block (not related to intersection),14,"MOTOR VEHICLE STRUCK MOTOR VEHICLE, REAR END",,False,Clear or Partly Cloudy,Dry,Daylight,,,,32.0,One parked--one moving,0,0,False,0
-122.347302984823,47.6978163162115,203984,302674,303914,3751270,Matched,Intersection,37424.0,LINDEN AVE N AND N 95TH ST, ,,1,Property Damage Only Collision,Parked Car,2,0,0,2,0,0,2018-09-08 00:00:00+00,9/8/2018 1:34:00 AM,At Intersection (but not related to intersection),14,"MOTOR VEHICLE STRUCK MOTOR VEHICLE, REAR END",,True,Raining,Wet,Dark - Street Lights On,,,,32.0,One parked--one moving,0,0,True,0
-122.323750053488,47.5991885965181,203985,302332,303552,E837135,Matched,Intersection,30513.0,7TH AVE S AND S JACKSON ST, ,,2b,Serious Injury Collision,Angles,2,0,0,2,1,0,2018-09-07 00:00:00+00,9/7/2018 9:44:00 AM,At Intersection (intersection related),11,"MOTOR VEHICLE STRUCK MOTOR VEHICLE, FRONT END AT ANGLE",,False,Clear or Partly Cloudy,Dry,Daylight,,,,10.0,Entering at angle,0,0,False,1
-122.335323719035,47.6070502912006,203987,302331,303551,E837129,Matched,Intersection,29602.0,3RD AVE AND SENECA ST, ,,2,Injury Collision,Cycles,2,1,1,0,2,0,2018-09-04 00:00:00+00,9/4/2018 11:47:00 AM,At Intersection (intersection related),64,PEDALCYCLIST STRUCK PEDESTRIAN,,False,Clear or Partly Cloudy,Dry,Daylight,,,,7.0,Pedalcyclist Strikes Pedalcyclist or Pedestrian,0,521567,False,0
-122.297220931477,47.6000536179183,203989,300043,301243,3642613,Matched,Block,,M L KING JR WAY S BETWEEN S WASHINGTON ST AND S JACKSON ST, ,,1,Property Damage Only Collision,Other,1,0,0,1,0,0,2018-08-04 00:00:00+00,8/4/2018 9:29:00 PM,Mid-Block (not related to intersection),28,MOTOR VEHICLE RAN OFF ROAD - HIT FIXED OBJECT,,True,Clear or Partly Cloudy,Dry,Dusk,,,,50.0,Fixed object,0,0,False,0
-122.285997498151,47.6133933539208,203990,300352,301552,E824764,Matched,Block,,37TH AVE BETWEEN E UNION ST AND E PIKE ST, ,,2,Injury Collision,Angles,3,0,0,2,1,0,2018-07-21 00:00:00+00,7/21/2018 4:09:00 PM,Mid-Block (not related to intersection),11,"MOTOR VEHICLE STRUCK MOTOR VEHICLE, FRONT END AT ANGLE",,False,Clear or Partly Cloudy,Dry,Daylight,,,,10.0,Entering at angle,0,0,False,0
-122.375719472142,47.6814246654549,203991,299881,301081,E822336,Matched,Intersection,24164.0,MARY AVE NW AND NW 73RD ST, ,,1,Property Damage Only Collision,Angles,4,0,0,2,0,0,2018-07-28 00:00:00+00,7/28/2018 11:34:00 AM,At Intersection (intersection related),11,"MOTOR VEHICLE STRUCK MOTOR VEHICLE, FRONT END AT ANGLE",,False,Clear or Partly Cloudy,Dry,Daylight,,,,10.0,Entering at angle,0,0,False,0
-122.330688998166,47.607016837543,203992,300042,301242,3626247,Matched,Intersection,29947.0,6TH AVE AND MADISON ST, ,,1,Property Damage Only Collision,Other,1,0,0,1,0,0,2018-08-05 00:00:00+00,8/5/2018 10:20:00 PM,At Intersection (intersection related),28,MOTOR VEHICLE RAN OFF ROAD - HIT FIXED OBJECT,,False,Clear or Partly Cloudy,Dry,Dark - Street Lights On,,,True,50.0,Fixed object,0,0,False,0
-122.328457981253,47.6129679050347,203993,299660,300860,E813845,Matched,Block,,BOREN AVE BETWEEN UNION ST AND PIKE ST, ,,1,Property Damage Only Collision,Sideswipe,2,0,0,2,0,0,2018-06-09 00:00:00+00,6/9/2018 5:44:00 PM,Mid-Block (not related to intersection),14,"MOTOR VEHICLE STRUCK MOTOR VEHICLE, REAR END",,False,Clear or Partly Cloudy,Dry,Daylight,,,,26.0,From opposite direction - both going straight - sideswipe,0,0,False,0
-122.335574025233,47.610677902842,203994,300041,301241,E822974,Matched,Intersection,29576.0,5TH AVE AND PIKE ST, ,,1,Property Damage Only Collision,Angles,2,0,0,2,0,0,2018-07-16 00:00:00+00,7/16/2018 5:51:00 AM,At Intersection (intersection related),11,"MOTOR VEHICLE STRUCK MOTOR VEHICLE, FRONT END AT ANGLE",,False,Clear or Partly Cloudy,Dry,Daylight,,,,10.0,Entering at angle,0,0,False,0
-122.342705540727,47.6499753267756,203995,300355,301555,E824172,Matched,Block,,STONE WAY N BETWEEN N 35TH ST AND N 36TH ST, ,,2,Injury Collision,Parked Car,3,0,1,1,1,0,2018-07-28 00:00:00+00,7/28/2018 7:55:00 PM,Mid-Block (not related to intersection),18,"MOTOR VEHICLE STRUCK PEDALCYCLIST, FRONT END AT ANGLE",,False,Clear or Partly Cloudy,Dry,Daylight,,,,32.0,One parked--one moving,0,0,False,0
-122.301354772356,47.7084256934797,203996,300553,301753,3751576,Matched,Intersection,36665.0,LAKE CITY WAY NE AND NE 110TH ST, ,,1,Property Damage Only Collision,Pedestrian,2,0,1,1,0,0,2018-08-13 00:00:00+00,8/13/2018 7:02:00 PM,At Intersection (intersection related),18,"MOTOR VEHICLE STRUCK PEDALCYCLIST, FRONT END AT ANGLE",,False,Clear or Partly Cloudy,Dry,Daylight,True,,,5.0,Vehicle Strikes Pedalcyclist,0,0,False,0
-122.370493605379,47.5355444909313,203997,299659,300859,E813677,Matched,Block,,SW WEBSTER ST BETWEEN 29TH AVE SW AND 30TH AVE SW, ,,1,Property Damage Only Collision,Rear Ended,2,0,0,2,0,0,2018-06-03 00:00:00+00,6/3/2018 11:01:00 AM,Mid-Block (not related to intersection),0,NOT ENOUGH INFORMATION / NOT APPLICABLE,,False,Unknown,Dry,Unknown,,,,14.0,From same direction - both going straight - one stopped - rear-end,0,0,True,0
-122.329077497112,47.5714208655885,203998,300040,301240,3818850,Matched,Intersection,32342.0,4TH AVE S AND S SPOKANE SR ST, ,,2,Injury Collision,Angles,3,0,0,2,3,0,2018-07-21 00:00:00+00,7/21/2018 2:23:00 AM,At Intersection (intersection related),11,"MOTOR VEHICLE STRUCK MOTOR VEHICLE, FRONT END AT ANGLE",,True,Overcast,Dry,Dark - Street Lights On,,,,10.0,Entering at angle,0,0,False,0
-122.3157727536,47.6718969868712,204000,300204,301404,E826216,Matched,Intersection,25757.0,11TH AVE NE AND NE RAVENNA WB BV, ,,1,Property Damage Only Collision,Left Turn,2,0,0,2,0,0,2018-08-08 00:00:00+00,8/8/2018 2:38:00 PM,At Intersection (intersection related),11,"MOTOR VEHICLE STRUCK MOTOR VEHICLE, FRONT END AT ANGLE",,False,Clear or Partly Cloudy,Dry,Daylight,,,,15.0,From same direction - one left turn - one straight,0,0,False,0
-122.31843776193,47.5454729666756,202001,290108,290968,E804263,Matched,Intersection,34191.0,ELLIS AVE S AND S EDDY ST, ,,1,Property Damage Only Collision,Angles,2,0,0,2,0,0,2018-06-03 00:00:00+00,6/3/2018 3:22:00 PM,At Intersection (intersection related),11,"MOTOR VEHICLE STRUCK MOTOR VEHICLE, FRONT END AT ANGLE",,False,Raining,Wet,Daylight,,,,10.0,Entering at angle,0,0,False,0
-122.334198303058,47.5850426824454,202003,292598,293538,3818853,Matched,Block,,1ST AVE S BETWEEN S HOLGATE ST AND S WALKER ST, ,,1,Property Damage Only Collision,Rear Ended,3,0,0,2,0,0,2018-06-16 00:00:00+00,6/16/2018 8:17:00 PM,Mid-Block (but intersection related),14,"MOTOR VEHICLE STRUCK MOTOR VEHICLE, REAR END",,False,Clear or Partly Cloudy,Dry,Daylight,,,,14.0,From same direction - both going straight - one stopped - rear-end,0,0,False,0
-122.372562261323,47.564661155718,202004,296503,297623,3745548,Matched,Intersection,32143.0,SW AVALON WAY AND SW GENESEE ST, ,,2,Injury Collision,Left Turn,3,0,0,2,1,0,2018-07-11 00:00:00+00,7/11/2018 11:21:00 PM,At Intersection (intersection related),11,"MOTOR VEHICLE STRUCK MOTOR VEHICLE, FRONT END AT ANGLE",,False,Clear or Partly Cloudy,Dry,Dark - Street Lights On,,,,28.0,From opposite direction - one left turn - one straight,0,0,False,0
-122.334197242989,47.5871675474987,202005,294641,295738,3754173,Matched,Block,,1ST AVE S BETWEEN S MASSACHUSETTS ST AND S HOLGATE ST, ,,1,Property Damage Only Collision,Rear Ended,2,0,0,2,0,0,2018-06-29 00:00:00+00,6/29/2018 5:38:00 PM,Mid-Block (but intersection related),14,"MOTOR VEHICLE STRUCK MOTOR VEHICLE, REAR END",,False,Clear or Partly Cloudy,Dry,Daylight,,,,14.0,From same direction - both going straight - one stopped - rear-end,0,0,False,0
-122.355067930754,47.5274476365146,202007,296502,297622,3745547,Matched,Intersection,35009.0,16TH AVE SW AND SW SULLIVAN ST, ,,2,Injury Collision,Left Turn,3,0,0,2,1,0,2018-07-09 00:00:00+00,7/9/2018 1:39:00 PM,At Intersection (intersection related),11,"MOTOR VEHICLE STRUCK MOTOR VEHICLE, FRONT END AT ANGLE",True,False,Clear or Partly Cloudy,Dry,Daylight,,,,28.0,From opposite direction - one left turn - one straight,0,0,False,0
-122.347683894855,47.6745776961301,202008,294640,295737,E812534,Matched,Intersection,25593.0,WOODLAND PL N AND N 63RD ST, ,,2,Injury Collision,Left Turn,3,0,0,2,1,0,2018-06-16 00:00:00+00,6/16/2018 7:01:00 PM,At Intersection (intersection related),11,"MOTOR VEHICLE STRUCK MOTOR VEHICLE, FRONT END AT ANGLE",,False,Clear or Partly Cloudy,Dry,Daylight,,,,28.0,From opposite direction - one left turn - one straight,0,0,False,0
-122.360515965888,47.5201131870529,202011,296501,297621,3745546,Matched,Block,,21ST AVE SW BETWEEN SW BARTON ST AND SW CAMBRIDGE ST, ,,1,Property Damage Only Collision,Other,1,0,0,1,0,0,2018-07-08 00:00:00+00,7/8/2018 12:20:00 PM,Mid-Block (not related to intersection),26,MOTOR VEHICLE STRUCK OBJECT IN ROAD,,False,Clear or Partly Cloudy,Dry,Daylight,,,,50.0,Fixed object,0,0,False,0
-122.376201835079,47.5620351609995,202013,296499,297619,3745545,Matched,Intersection,31912.0,35TH AVE SW AND SW SNOQUALMIE ST, ,,2,Injury Collision,Left Turn,3,0,0,2,3,0,2018-07-08 00:00:00+00,7/8/2018 11:04:00 AM,At Intersection (intersection related),11,"MOTOR VEHICLE STRUCK MOTOR VEHICLE, FRONT END AT ANGLE",True,False,Clear or Partly Cloudy,Dry,Daylight,,,,28.0,From opposite direction - one left turn - one straight,0,0,False,0
-122.33467152672,47.6063373543613,202014,294638,295718,E812532,Matched,Intersection,29950.0,3RD AVE AND SPRING ST, ,,2,Injury Collision,Angles,5,0,0,2,1,0,2018-06-16 00:00:00+00,6/16/2018 2:57:00 PM,At Intersection (intersection related),11,"MOTOR VEHICLE STRUCK MOTOR VEHICLE, FRONT END AT ANGLE",,False,Clear or Partly Cloudy,Dry,Daylight,,,,10.0,Entering at angle,0,0,False,0
-122.378463101284,47.544718832785,202016,294637,295717,3742342,Matched,Block,,SW MORGAN ST BETWEEN 36TH AVE SW AND 37TH AVE SW, ,,1,Property Damage Only Collision,Sideswipe,3,0,0,2,0,0,2018-06-30 00:00:00+00,6/30/2018 4:38:00 PM,Mid-Block (not related to intersection),11,"MOTOR VEHICLE STRUCK MOTOR VEHICLE, FRONT END AT ANGLE",,False,Clear or Partly Cloudy,Dry,Daylight,,,,11.0,From same direction - both going straight - both moving - sideswipe,0,0,False,0
-122.364516960196,47.5259528713906,202018,294617,295697,3742341,Matched,Block,,25TH AVE SW BETWEEN SW CLOVERDALE ST AND DEAD END 3, ,,1,Property Damage Only Collision,Parked Car,2,0,0,2,0,0,2018-06-30 00:00:00+00,6/30/2018 12:44:00 PM,Mid-Block (not related to intersection),11,"MOTOR VEHICLE STRUCK MOTOR VEHICLE, FRONT END AT ANGLE",,False,Clear or Partly Cloudy,Dry,Daylight,,,,32.0,One parked--one moving,0,0,True,0
-122.343370454672,47.707498404792,202023,294597,295677,E812280,Matched,Block,,MIDVALE AVE N BETWEEN N 107TH ST AND DEAD END, ,,1,Property Damage Only Collision,Parked Car,2,0,0,2,0,0,2018-06-12 00:00:00+00,6/12/2018 8:20:00 PM,Mid-Block (not related to intersection),11,"MOTOR VEHICLE STRUCK MOTOR VEHICLE, FRONT END AT ANGLE",,False,Raining,Wet,Dark - Street Lights On,,,,32.0,One parked--one moving,0,0,False,0
-122.339558313497,47.6083233991142,202026,295461,296569,E814161,Matched,Block,,1ST AVE BETWEEN UNION ST AND PIKE ST, ,,1,Property Damage Only Collision,Sideswipe,2,0,0,2,0,0,2018-06-29 00:00:00+00,6/29/2018 11:31:00 AM,Mid-Block (not related to intersection),11,"MOTOR VEHICLE STRUCK MOTOR VEHICLE, FRONT END AT ANGLE",,False,Overcast,Dry,Daylight,,,,11.0,From same direction - both going straight - both moving - sideswipe,0,0,False,0
-122.328004996446,47.6124723146976,202027,294088,295148,3702611,Matched,Intersection,29891.0,BOREN AVE AND UNION ST, ,,2,Injury Collision,Left Turn,2,0,0,2,1,0,2018-06-27 00:00:00+00,6/27/2018 4:54:00 PM,At Intersection (intersection related),11,"MOTOR VEHICLE STRUCK MOTOR VEHICLE, FRONT END AT ANGLE",,False,Clear or Partly Cloudy,Dry,Daylight,,,,28.0,From opposite direction - one left turn - one straight,0,0,False,0
-122.313129658336,47.6612693658163,202028,294087,295147,3561841,Matched,Intersection,27062.0,UNIVERSITY WAY NE AND NE 45TH ST, ,,1,Property Damage Only Collision,Other,1,0,0,1,0,0,2018-06-26 00:00:00+00,6/26/2018 8:50:00 AM,At Intersection (intersection related),28,MOTOR VEHICLE RAN OFF ROAD - HIT FIXED OBJECT,,False,Clear or Partly Cloudy,Dry,Daylight,,,,50.0,Fixed object,0,0,False,0
-122.367778255555,47.6457077362204,202036,294060,295120,E810322,Matched,Block,,W FULTON ST BETWEEN 8TH AVE W AND W FULTON NR ST, ,,2,Injury Collision,Head On,4,0,0,2,3,0,2018-06-19 00:00:00+00,6/19/2018 8:48:00 AM,Mid-Block (not related to intersection),11,"MOTOR VEHICLE STRUCK MOTOR VEHICLE, FRONT END AT ANGLE",,False,Clear or Partly Cloudy,Dry,Daylight,,,,24.0,From opposite direction - both moving - head-on,0,0,False,0
-122.321920406256,47.7085857930943,202038,293083,294103,3561840,Matched,Block,,NE NORTHGATE WAY BETWEEN 5TH AVE NE AND 8TH AVE NE, ,,2,Injury Collision,Angles,2,0,0,2,1,0,2018-06-22 00:00:00+00,6/22/2018 7:32:00 AM,Driveway Junction,11,"MOTOR VEHICLE STRUCK MOTOR VEHICLE, FRONT END AT ANGLE",,False,Clear or Partly Cloudy,Dry,Daylight,,,,10.0,Entering at angle,0,0,False,0
-122.356933984976,47.6377747223607,202040,294057,295117,E810320,Matched,Block,,QUEEN ANNE AVE N BETWEEN CROCKETT ST AND BOSTON ST, ,,1,Property Damage Only Collision,Parked Car,2,0,0,2,0,0,2018-06-16 00:00:00+00,6/16/2018 10:16:00 AM,Mid-Block (not related to intersection),11,"MOTOR VEHICLE STRUCK MOTOR VEHICLE, FRONT END AT ANGLE",True,False,Clear or Partly Cloudy,Dry,Daylight,,,,20.0,One car leaving parked position,0,0,False,0
-122.317568398781,47.6014450860567,202041,293080,294100,E808123,Matched,Block,,BOREN AVE S BETWEEN E YESLER WAY AND 12TH AVE S TURN RD, ,,1,Property Damage Only Collision,Rear Ended,2,0,0,2,0,0,2018-06-13 00:00:00+00,6/13/2018 2:25:00 PM,Mid-Block (not related to intersection),14,"MOTOR VEHICLE STRUCK MOTOR VEHICLE, REAR END",,False,Clear or Partly Cloudy,Dry,Daylight,,,,14.0,From same direction - both going straight - one stopped - rear-end,0,0,False,0
-122.30222008244,47.5950785569668,202043,293061,294081,E807457,Matched,Block,,23RD AVE S BETWEEN S DEARBORN ST AND S CHARLES ST, ,,1,Property Damage Only Collision,Parked Car,2,0,0,2,0,0,2018-06-07 00:00:00+00,6/7/2018 2:33:00 PM,Mid-Block (not related to intersection),11,"MOTOR VEHICLE STRUCK MOTOR VEHICLE, FRONT END AT ANGLE",,False,Clear or Partly Cloudy,Dry,Daylight,,,,32.0,One parked--one moving,0,0,False,0
-122.270695621142,47.5233082309461,202046,295451,296563,3818843,Matched,Block,,S HENDERSON ST BETWEEN 50TH AVE S AND RAINIER AVE S, ,,2,Injury Collision,Right Turn,4,0,0,2,3,0,2018-07-05 00:00:00+00,7/5/2018 5:45:00 PM,Mid-Block (but intersection related),14,"MOTOR VEHICLE STRUCK MOTOR VEHICLE, REAR END",,False,Clear or Partly Cloudy,Dry,Daylight,,,,16.0,From same direction - one right turn - one straight,0,0,False,0
-122.334313299717,47.6084595415436,202050,293057,294077,E808182,Matched,Block,,UNIVERSITY ST BETWEEN 4TH AVE AND 5TH AVE, ,,1,Property Damage Only Collision,Other,2,0,0,2,0,0,2018-06-12 00:00:00+00,6/12/2018 6:30:00 PM,Mid-Block (not related to intersection),11,"MOTOR VEHICLE STRUCK MOTOR VEHICLE, FRONT END AT ANGLE",,False,Clear or Partly Cloudy,Dry,Daylight,,,,23.0,From same direction - all others,0,0,False,0
-122.362695111616,47.6221402696027,202053,288962,289841,E800628,Matched,Intersection,28648.0,ELLIOTT AVE W AND W HARRISON ST, ,,1,Property Damage Only Collision,Left Turn,2,0,0,2,0,0,2018-05-16 00:00:00+00,5/16/2018 5:52:00 PM,At Intersection (intersection related),11,"MOTOR VEHICLE STRUCK MOTOR VEHICLE, FRONT END AT ANGLE",,False,Clear or Partly Cloudy,Dry,Daylight,,,,15.0,From same direction - one left turn - one straight,0,0,False,0
-122.328965090886,47.6000360177673,202054,298116,299256,3705910,Matched,Intersection,30502.0,4TH AVE S AND S MAIN ST, ,,1,Property Damage Only Collision,Left Turn,3,0,0,2,0,0,2018-07-19 00:00:00+00,7/19/2018 5:15:00 PM,At Intersection (intersection related),11,"MOTOR VEHICLE STRUCK MOTOR VEHICLE, FRONT END AT ANGLE",,False,Clear or Partly Cloudy,Dry,Daylight,,,,15.0,From same direction - one left turn - one straight,0,0,False,0
-122.316960977114,47.6831048250268,202056,288961,289840,E800157,Matched,Intersection,24509.0,LAKE CITY WAY NE AND NE 75TH ST, ,,2,Injury Collision,Other,1,0,0,1,1,0,2018-05-20 00:00:00+00,5/20/2018 4:00:00 PM,At Intersection (intersection related),26,MOTOR VEHICLE STRUCK OBJECT IN ROAD,,False,Clear or Partly Cloudy,Dry,Daylight,,,,50.0,Fixed object,0,0,False,0
-122.35734078493,47.627194316407,202057,298115,299255,3705906,Matched,Block,,W ALOHA ST BETWEEN QUEEN ANNE AVE N AND 1ST AVE W, ,,1,Property Damage Only Collision,Parked Car,2,0,0,2,0,0,2018-07-10 00:00:00+00,7/10/2018 8:02:00 PM,Mid-Block (not related to intersection),11,"MOTOR VEHICLE STRUCK MOTOR VEHICLE, FRONT END AT ANGLE",True,False,Clear or Partly Cloudy,Dry,Daylight,,,,20.0,One car leaving parked position,0,0,False,0
-122.334397133323,47.6613862142993,202058,298114,299254,3705548,Matched,Block,,N 45TH ST BETWEEN BURKE AVE N AND MERIDIAN AVE N, ,,1,Property Damage Only Collision,Parked Car,2,0,0,2,0,0,2018-07-22 00:00:00+00,7/22/2018 9:28:00 PM,Mid-Block (not related to intersection),11,"MOTOR VEHICLE STRUCK MOTOR VEHICLE, FRONT END AT ANGLE",True,False,Clear or Partly Cloudy,Dry,Dark - Street Lights On,,,,32.0,One parked--one moving,0,0,False,0
-122.362302347821,47.7232703230074,202059,290609,291489,3705885,Matched,Intersection,35625.0,4TH AVE NW AND NW 130TH ST, ,,2,Injury Collision,Angles,2,0,0,2,1,0,2018-06-05 00:00:00+00,6/5/2018 5:34:00 AM,At Intersection (intersection related),11,"MOTOR VEHICLE STRUCK MOTOR VEHICLE, FRONT END AT ANGLE",,False,Clear or Partly Cloudy,Dry,Daylight,,,,10.0,Entering at angle,0,0,False,0
-122.338238289605,47.5557687495713,202060,290113,290973,3818760,Matched,Intersection,33022.0,EAST MARGINAL WAY S AND S DAWSON ST, ,,2,Injury Collision,Left Turn,3,0,0,2,2,0,2018-06-03 00:00:00+00,6/3/2018 4:42:00 PM,At Intersection (intersection related),11,"MOTOR VEHICLE STRUCK MOTOR VEHICLE, FRONT END AT ANGLE",,False,Raining,Wet,Daylight,,,,28.0,From opposite direction - one left turn - one straight,0,0,False,0
-122.327917610624,47.6081758938006,202061,288960,289839,3702545,Matched,Block,,MADISON ST BETWEEN 8TH AVE AND 9TH AVE, ,,1,Property Damage Only Collision,Parked Car,2,0,0,2,0,0,2018-05-27 00:00:00+00,5/27/2018 2:52:00 AM,Mid-Block (not related to intersection),11,"MOTOR VEHICLE STRUCK MOTOR VEHICLE, FRONT END AT ANGLE",,False,Clear or Partly Cloudy,Dry,Dark - Street Lights On,,,,32.0,One parked--one moving,0,0,True,0
-122.311597021812,47.5786262979145,202062,290112,290972,E804302,Matched,Intersection,31623.0,BEACON AVE S AND S MCCLELLAN ST, ,,2,Injury Collision,Angles,2,0,0,2,1,0,2018-06-03 00:00:00+00,6/3/2018 1:29:00 PM,At Intersection (intersection related),11,"MOTOR VEHICLE STRUCK MOTOR VEHICLE, FRONT END AT ANGLE",,False,Clear or Partly Cloudy,Dry,Daylight,,,,10.0,Entering at angle,0,0,False,0
-122.329551384506,47.55339932974,202063,288517,289377,E798852,Matched,Intersection,33170.0,4TH AVE S AND S LUCILE ST, ,,1,Property Damage Only Collision,Other,2,0,0,2,0,0,2018-05-09 00:00:00+00,5/9/2018 12:50:00 PM,At Intersection (intersection related),11,"MOTOR VEHICLE STRUCK MOTOR VEHICLE, FRONT END AT ANGLE",True,False,Clear or Partly Cloudy,Dry,Daylight,,,,23.0,From same direction - all others,0,0,False,0
-122.377543945586,47.675278832628,202064,298113,299253,3705547,Matched,Block,,NW 64TH ST BETWEEN 15TH AVE NW AND 17TH AVE NW, ,,1,Property Damage Only Collision,Parked Car,2,0,0,2,0,0,2018-07-19 00:00:00+00,7/19/2018 5:35:00 PM,Mid-Block (not related to intersection),14,"MOTOR VEHICLE STRUCK MOTOR VEHICLE, REAR END",,False,Clear or Partly Cloudy,Dry,,,,,32.0,One parked--one moving,0,0,True,0