longitude,latitude,objectid,inckey,coldetkey,reportno,status,addrtype,intkey,location,exceptrsncode,exceptrsndesc,severitycode,severitydesc,collisiontype,personcount,pedcount,pedcylcount,vehcount,injuries,fatalities,incdate,incdttm,junctiontype,sdot_colcode,sdot_coldesc,inattentionind,underinfl,weather,roadcond,lightcond,pedrownotgrnt,sdotcolnum,speeding,st_colcode,st_coldesc,seglanekey,crosswalkkey,hitparkedcar,seriousinjuries
-122.365964709735,47.651982477256,202105,290137,290997,E802850,Matched,Block,,W NICKERSON ST BETWEEN 6TH AVE W AND 8TH AVE W, ,,2,Injury Collision,Pedestrian,2,0,1,1,1,0,2018-05-29 00:00:00+00,5/29/2018 10:16:00 AM,Driveway Junction,18,"MOTOR VEHICLE STRUCK PEDALCYCLIST, FRONT END AT ANGLE",True,False,Clear or Partly Cloudy,Dry,Daylight,,,,5.0,Vehicle Strikes Pedalcyclist,0,0,False,0
-122.38050120387,47.6716352963769,202065,288497,289357,E798859,Matched,Block,,NW 59TH ST BETWEEN 17TH AVE NW AND 20TH AVE NW, ,,1,Property Damage Only Collision,Parked Car,2,0,0,2,0,0,2018-05-15 00:00:00+00,5/15/2018 11:32:00 AM,Mid-Block (not related to intersection),12,"MOTOR VEHICLE STRUCK MOTOR VEHICLE, RIGHT SIDE AT ANGLE",True,False,Clear or Partly Cloudy,Dry,Daylight,,,,32.0,One parked--one moving,0,0,True,0
-122.336434133918,47.661733993642,202068,289457,290317,E801715,Matched,Block,,WALLINGFORD AVE N BETWEEN N 45TH ST AND N 46TH ST, ,,2,Injury Collision,Rear Ended,5,0,0,3,1,0,2018-05-18 00:00:00+00,5/18/2018 10:28:00 AM,Mid-Block (not related to intersection),14,"MOTOR VEHICLE STRUCK MOTOR VEHICLE, REAR END",True,False,Overcast,Dry,Daylight,,,,14.0,From same direction - both going straight - one stopped - rear-end,0,0,False,0
-122.368709939167,47.6942563448284,202069,297318,298458,3751353,Matched,Intersection,37254.0,9TH AVE NW AND NW 90TH ST, ,,1,Property Damage Only Collision,Parked Car,4,0,0,2,0,0,2018-07-14 00:00:00+00,7/14/2018 6:35:00 PM,At Intersection (intersection related),11,"MOTOR VEHICLE STRUCK MOTOR VEHICLE, FRONT END AT ANGLE",,True,Clear or Partly Cloudy,Dry,Daylight,,,,32.0,One parked--one moving,0,0,False,0
-122.376636544855,47.5273785117939,202070,290607,291487,3742074,Matched,Block,,35TH AVE SW BETWEEN SW THISTLE ST AND SW CLOVERDALE N ST, ,,1,Property Damage Only Collision,Rear Ended,2,0,0,2,0,0,2018-06-05 00:00:00+00,6/5/2018 1:53:00 PM,Mid-Block (but intersection related),14,"MOTOR VEHICLE STRUCK MOTOR VEHICLE, REAR END",,False,Clear or Partly Cloudy,Dry,Daylight,,,,14.0,From same direction - both going straight - one stopped - rear-end,0,0,False,0
-122.289922853069,47.5688823838996,202071,289437,290297,E801641,Matched,Block,,RAINIER AVE S BETWEEN S CHARLESTOWN ST AND S ANDOVER ST, ,,2,Injury Collision,Sideswipe,5,0,0,3,2,0,2018-05-21 00:00:00+00,5/21/2018 4:45:00 PM,Mid-Block (not related to intersection),11,"MOTOR VEHICLE STRUCK MOTOR VEHICLE, FRONT END AT ANGLE",,False,Clear or Partly Cloudy,Dry,Daylight,,,True,12.0,From same direction - both going straight - one stopped - sideswipe,0,0,False,0
-122.369698927726,47.6275736034895,202072,288478,289338,E798850,Matched,Block,,ELLIOTT AVE W BETWEEN W MERCER PL AND W PROSPECT ST, ,,2,Injury Collision,Left Turn,2,0,0,2,1,0,2018-05-10 00:00:00+00,5/10/2018 9:19:00 AM,Mid-Block (not related to intersection),11,"MOTOR VEHICLE STRUCK MOTOR VEHICLE, FRONT END AT ANGLE",True,False,Clear or Partly Cloudy,Dry,Daylight,,,,28.0,From opposite direction - one left turn - one straight,0,0,False,0
-122.297711127807,47.7201832288581,202073,289417,290277,E801633,Matched,Block,,28TH AVE NE BETWEEN NE 125TH ST AND NE 127TH ST, ,,2,Injury Collision,Parked Car,6,0,0,5,1,0,2018-05-24 00:00:00+00,5/24/2018 12:53:00 PM,Mid-Block (not related to intersection),14,"MOTOR VEHICLE STRUCK MOTOR VEHICLE, REAR END",,False,Clear or Partly Cloudy,Dry,Daylight,,,,32.0,One parked--one moving,0,0,True,0
-122.314097287387,47.7339644908698,202074,288477,289337,E798855,Matched,Block,,NE 145TH ST BETWEEN 12TH AVE NE AND 15TH AVE NE, ,,1,Property Damage Only Collision,Rear Ended,2,0,0,2,0,0,2018-05-10 00:00:00+00,5/10/2018 10:00:00 AM,Mid-Block (not related to intersection),14,"MOTOR VEHICLE STRUCK MOTOR VEHICLE, REAR END",,False,Overcast,Dry,Daylight,,,,13.0,From same direction - both going straight - both moving - rear-end,0,0,False,0
-122.332596697781,47.6868983129016,202075,297317,298457,3751214,Matched,Block,,N 80TH ST BETWEEN MERIDIAN AVE N AND BAGLEY W AVE N, ,,2,Injury Collision,Rear Ended,2,0,0,2,1,0,2018-07-16 00:00:00+00,7/16/2018 9:46:00 AM,Mid-Block (not related to intersection),14,"MOTOR VEHICLE STRUCK MOTOR VEHICLE, REAR END",,False,Clear or Partly Cloudy,Dry,Daylight,,,,14.0,From same direction - both going straight - one stopped - rear-end,0,0,False,0
-122.290734171964,47.7092749416583,202076,289397,290257,E801632,Matched,Block,,35TH AVE NE BETWEEN NE 110TH ST AND NE 113TH ST, ,,1,Property Damage Only Collision,Angles,2,0,0,2,0,0,2018-05-13 00:00:00+00,5/13/2018 12:49:00 PM,Driveway Junction,11,"MOTOR VEHICLE STRUCK MOTOR VEHICLE, FRONT END AT ANGLE",,False,Clear or Partly Cloudy,Dry,Daylight,,,,10.0,Entering at angle,0,0,False,0
-122.30222008244,47.5950785569668,202077,288458,289318,E798845,Matched,Block,,23RD AVE S BETWEEN S DEARBORN ST AND S CHARLES ST, ,,2,Injury Collision,Parked Car,2,0,0,2,1,0,2018-05-03 00:00:00+00,5/3/2018 9:05:00 AM,Mid-Block (not related to intersection),11,"MOTOR VEHICLE STRUCK MOTOR VEHICLE, FRONT END AT ANGLE",,False,Clear or Partly Cloudy,Dry,Daylight,,,,19.0,One car entering parked position,0,0,False,0
-122.317791125863,47.6579417573978,202078,290177,291037,E803150,Matched,Block,,ROOSEVELT WAY NE BETWEEN NE 42ND S ST AND NE 42ND N ST, ,,1,Property Damage Only Collision,Sideswipe,4,0,0,2,0,0,2018-05-29 00:00:00+00,5/29/2018 4:33:00 PM,Mid-Block (not related to intersection),11,"MOTOR VEHICLE STRUCK MOTOR VEHICLE, FRONT END AT ANGLE",,False,Clear or Partly Cloudy,Dry,Daylight,,,,11.0,From same direction - both going straight - both moving - sideswipe,0,0,False,0
-122.296271415815,47.7175233452613,202079,288457,289317,E798854,Matched,Block,,LAKE CITY WAY NE BETWEEN NE 123RD ST AND 30TH N AVE NE, ,,1,Property Damage Only Collision,Rear Ended,2,0,0,2,0,0,2018-05-10 00:00:00+00,5/10/2018 7:50:00 AM,Mid-Block (but intersection related),14,"MOTOR VEHICLE STRUCK MOTOR VEHICLE, REAR END",True,False,Overcast,Wet,Daylight,,,,14.0,From same direction - both going straight - one stopped - rear-end,0,0,False,0
-122.285009655201,47.6794142994853,202080,297306,298446,3751178,Matched,Intersection,24955.0,40TH AVE NE AND NE 70TH ST, ,,2,Injury Collision,Angles,2,0,0,2,1,0,2018-07-14 00:00:00+00,7/14/2018 9:01:00 AM,At Intersection (intersection related),11,"MOTOR VEHICLE STRUCK MOTOR VEHICLE, FRONT END AT ANGLE",True,False,Clear or Partly Cloudy,Dry,Daylight,,,,10.0,Entering at angle,0,0,False,0
-122.323446246853,47.6555185243528,202081,297305,298445,3745566,Matched,Intersection,27115.0,NE 40TH ST AND NE PACIFIC ST, ,,1,Property Damage Only Collision,Rear Ended,2,0,0,2,0,0,2018-07-16 00:00:00+00,7/16/2018 3:13:00 PM,At Intersection (intersection related),14,"MOTOR VEHICLE STRUCK MOTOR VEHICLE, REAR END",,False,Clear or Partly Cloudy,Dry,Daylight,,,,13.0,From same direction - both going straight - both moving - rear-end,0,0,False,0
-122.361281708201,47.6209613111297,202082,289391,290251,E801763,Matched,Intersection,28655.0,ELLIOTT AVE W AND W THOMAS N ST, ,,2,Injury Collision,Left Turn,5,0,0,2,1,0,2018-05-18 00:00:00+00,5/18/2018 11:54:00 AM,At Intersection (intersection related),11,"MOTOR VEHICLE STRUCK MOTOR VEHICLE, FRONT END AT ANGLE",True,False,Clear or Partly Cloudy,Dry,Daylight,,,,28.0,From opposite direction - one left turn - one straight,0,0,False,0
-122.359189453414,47.5164478581453,202083,297304,298444,3745549,Matched,Block,,20TH AVE SW BETWEEN SW ROXBURY ST AND SW 98TH ST, ,,1,Property Damage Only Collision,Parked Car,3,0,0,3,0,0,2018-07-17 00:00:00+00,7/17/2018 11:20:00 PM,Mid-Block (not related to intersection),14,"MOTOR VEHICLE STRUCK MOTOR VEHICLE, REAR END",,False,Clear or Partly Cloudy,Dry,Dark - Street Lights On,,,,32.0,One parked--one moving,0,0,False,0
-122.306812365674,47.6884890850424,202084,289390,290250,E801713,Matched,Intersection,24717.0,20TH AVE NE AND NE 82ND ST, ,,1,Property Damage Only Collision,Angles,2,0,0,2,0,0,2018-05-18 00:00:00+00,5/18/2018 9:22:00 AM,At Intersection (intersection related),11,"MOTOR VEHICLE STRUCK MOTOR VEHICLE, FRONT END AT ANGLE",True,False,Overcast,Dry,Daylight,,,,10.0,Entering at angle,0,0,False,0
-122.365432875733,47.567983707592,202085,288437,289297,E798844,Matched,Block,,26TH AVE SW BETWEEN SW ANDOVER ST AND SW YANCY ST, ,,1,Property Damage Only Collision,Parked Car,2,0,0,2,0,0,2018-05-08 00:00:00+00,5/8/2018 10:30:00 AM,Mid-Block (not related to intersection),11,"MOTOR VEHICLE STRUCK MOTOR VEHICLE, FRONT END AT ANGLE",,False,Clear or Partly Cloudy,Dry,Daylight,,,,32.0,One parked--one moving,0,0,True,0
-122.297400774944,47.7156139858331,202088,289389,290249,E801635,Matched,Intersection,36622.0,LAKE CITY WAY NE AND NE 120TH ST, ,,1,Property Damage Only Collision,Left Turn,2,0,0,2,0,0,2018-05-24 00:00:00+00,5/24/2018 2:14:00 PM,At Intersection (intersection related),11,"MOTOR VEHICLE STRUCK MOTOR VEHICLE, FRONT END AT ANGLE",,False,Clear or Partly Cloudy,Dry,Daylight,,,,28.0,From opposite direction - one left turn - one straight,0,0,False,0
-122.329059672125,47.5740426495278,202090,297303,298443,3708521,Matched,Block,,4TH AVE S BETWEEN S HORTON ST AND S HINDS ST, ,,2,Injury Collision,Cycles,2,0,1,1,1,0,2018-07-16 00:00:00+00,7/16/2018 1:36:00 PM,Mid-Block (not related to intersection),51,PEDALCYCLIST STRUCK MOTOR VEHICLE FRONT END AT ANGLE,,False,Clear or Partly Cloudy,Dry,Daylight,,,,6.0,Pedalcyclist Strikes Moving Vehicle,0,0,False,0
-122.305736829669,47.6962299668362,202092,297302,298442,3706074,Matched,Intersection,37781.0,LAKE CITY WAY NE AND RAVENNA WR AVE NE, ,,2,Injury Collision,Left Turn,4,0,0,2,2,0,2018-07-16 00:00:00+00,7/16/2018 8:30:00 AM,At Intersection (intersection related),11,"MOTOR VEHICLE STRUCK MOTOR VEHICLE, FRONT END AT ANGLE",,False,Clear or Partly Cloudy,Dry,Daylight,,,,28.0,From opposite direction - one left turn - one straight,0,0,False,0
-122.290650199808,47.7119594158179,202093,289388,290248,E801634,Matched,Intersection,36830.0,35TH AVE NE AND NE 115TH ST, ,,2,Injury Collision,Pedestrian,3,1,0,1,1,0,2018-05-15 00:00:00+00,5/15/2018 2:53:00 PM,At Intersection (intersection related),24,MOTOR VEHCILE STRUCK PEDESTRIAN,,False,Clear or Partly Cloudy,Dry,Daylight,,,,4.0,Vehicle hits Pedestrian - All Other Actions,0,0,False,0
-122.34707012885,47.534077845871,202094,298197,299337,E813048,Matched,Intersection,34153.0,HIGHLAND PARK WAY SW AND SW HOLDEN N ST, ,,2,Injury Collision,Angles,3,0,0,2,1,0,2018-06-17 00:00:00+00,6/17/2018 9:49:00 PM,At Intersection (intersection related),11,"MOTOR VEHICLE STRUCK MOTOR VEHICLE, FRONT END AT ANGLE",,False,Clear or Partly Cloudy,Dry,Dark - Street Lights On,,,,10.0,Entering at angle,0,0,False,0
-122.387598105746,47.6905754537773,202095,296508,297628,3751213,Matched,Intersection,36974.0,24TH AVE NW AND NW 85TH ST, ,,2,Injury Collision,Angles,2,0,0,2,2,0,2018-07-09 00:00:00+00,7/9/2018 8:57:00 AM,At Intersection (intersection related),11,"MOTOR VEHICLE STRUCK MOTOR VEHICLE, FRONT END AT ANGLE",,False,Clear or Partly Cloudy,Dry,Daylight,,,,10.0,Entering at angle,0,0,False,0
-122.324723835372,47.63305604314,202096,288978,289857,3704122,Matched,Block,,FRANKLIN AVE E BETWEEN E GALER ST AND E GARFIELD ST, ,,1,Property Damage Only Collision,Parked Car,2,0,0,2,0,0,2018-05-28 00:00:00+00,5/28/2018 8:00:00 PM,Mid-Block (not related to intersection),14,"MOTOR VEHICLE STRUCK MOTOR VEHICLE, REAR END",,False,Clear or Partly Cloudy,Dry,Daylight,,,,32.0,One parked--one moving,0,0,True,0
-122.355305229897,47.6814280889843,202097,296507,297627,3751173,Matched,Block,,GREENWOOD AVE N BETWEEN N 72ND N ST AND N 73RD ST, ,,2,Injury Collision,Parked Car,2,0,0,2,1,0,2018-07-11 00:00:00+00,7/11/2018 11:33:00 AM,Mid-Block (not related to intersection),11,"MOTOR VEHICLE STRUCK MOTOR VEHICLE, FRONT END AT ANGLE",,False,Clear or Partly Cloudy,Dry,Daylight,,,,19.0,One car entering parked position,0,0,False,0
-122.314221688613,47.5914747519798,202098,290608,291488,3814798,Matched,Block,,15TH AVE S BETWEEN GOLF DR S AND S ATLANTIC ST, ,,1,Property Damage Only Collision,Parked Car,3,0,0,3,0,0,2018-06-05 00:00:00+00,6/5/2018 1:04:00 AM,Mid-Block (not related to intersection),14,"MOTOR VEHICLE STRUCK MOTOR VEHICLE, REAR END",,False,Clear or Partly Cloudy,Dry,Dark - Street Lights On,,,,32.0,One parked--one moving,0,0,True,0
-122.37583312908,47.6324625667898,202099,288977,289845,3704027,Matched,Block,,ELLIOTT AVE W BETWEEN W GALER ST AND 15TH AVE W, ,,1,Property Damage Only Collision,Parked Car,4,0,0,4,0,0,2018-05-26 00:00:00+00,5/26/2018 3:00:00 PM,Mid-Block (not related to intersection),16,"MOTOR VEHICLE STRUCK MOTOR VEHICLE, LEFT SIDE SIDESWIPE",True,False,Clear or Partly Cloudy,Dry,Dark - Street Lights On,,,,32.0,One parked--one moving,0,0,True,0
-122.31215489802,47.6866765304029,202100,298177,299317,E813003,Matched,Intersection,24397.0,15TH AVE NE AND NE 80TH ST, ,,2,Injury Collision,Angles,2,0,0,2,2,0,2018-06-28 00:00:00+00,6/28/2018 10:11:00 AM,At Intersection (intersection related),11,"MOTOR VEHICLE STRUCK MOTOR VEHICLE, FRONT END AT ANGLE",,False,Clear or Partly Cloudy,Dry,Daylight,,,,10.0,Entering at angle,0,0,False,0
-122.333886695948,47.6071569803849,202101,288965,289844,3702546,Matched,Block,,4TH AVE BETWEEN SPRING ST AND SENECA ST, ,,1,Property Damage Only Collision,Sideswipe,5,0,0,2,0,0,2018-05-27 00:00:00+00,5/27/2018 7:30:00 PM,Mid-Block (not related to intersection),11,"MOTOR VEHICLE STRUCK MOTOR VEHICLE, FRONT END AT ANGLE",True,False,Clear or Partly Cloudy,Dry,Daylight,,,,11.0,From same direction - both going straight - both moving - sideswipe,0,0,False,0
-122.35250654042,47.6169183390817,202102,298157,299297,E813001,Matched,Intersection,29665.0,1ST AVE AND BROAD ST, ,,1,Property Damage Only Collision,Left Turn,5,0,0,2,0,0,2018-06-26 00:00:00+00,6/26/2018 3:58:00 PM,At Intersection (intersection related),11,"MOTOR VEHICLE STRUCK MOTOR VEHICLE, FRONT END AT ANGLE",,False,Clear or Partly Cloudy,Dry,Daylight,,,,28.0,From opposite direction - one left turn - one straight,0,0,False,0
-122.345728584735,47.682227043675,202103,296506,297626,3751172,Matched,Block,,WINONA AVE N BETWEEN LINDEN AVE N AND N 74TH ST, ,,2,Injury Collision,Angles,2,0,0,2,1,0,2018-07-10 00:00:00+00,7/10/2018 9:27:00 PM,Mid-Block (not related to intersection),11,"MOTOR VEHICLE STRUCK MOTOR VEHICLE, FRONT END AT ANGLE",,False,Clear or Partly Cloudy,Dry,Dusk,,,,10.0,Entering at angle,0,0,False,0
-122.311547839023,47.6071076758044,202104,298143,299283,E819009,Matched,Block,,16TH AVE BETWEEN E JEFFERSON ST AND E CHERRY ST, ,,1,Property Damage Only Collision,Other,1,0,0,1,0,0,2018-07-05 00:00:00+00,7/5/2018 12:26:00 PM,Mid-Block (not related to intersection),28,MOTOR VEHICLE RAN OFF ROAD - HIT FIXED OBJECT,,False,Clear or Partly Cloudy,Dry,Daylight,,,,50.0,Fixed object,0,0,False,0
-122.312501724455,47.7142238738777,202106,296505,297625,3751101,Matched,Block,,15TH AVE NE BETWEEN NE 117TH ST AND PINEHURST WAY NE, ,,1,Property Damage Only Collision,Parked Car,2,0,0,2,0,0,2018-07-11 00:00:00+00,7/11/2018 8:30:00 PM,Mid-Block (not related to intersection),14,"MOTOR VEHICLE STRUCK MOTOR VEHICLE, REAR END",,False,Clear or Partly Cloudy,Dry,Dusk,,,,32.0,One parked--one moving,0,0,False,0
-122.313386679942,47.5836946844981,202107,288964,289843,E800630,Matched,Intersection,31266.0,15TH AVE S AND S WALKER ST, ,,2,Injury Collision,Angles,2,0,0,2,1,0,2018-05-18 00:00:00+00,5/18/2018 3:00:00 PM,At Intersection (intersection related),11,"MOTOR VEHICLE STRUCK MOTOR VEHICLE, FRONT END AT ANGLE",,False,Clear or Partly Cloudy,Dry,Daylight,,,,10.0,Entering at angle,0,0,False,0
-122.376734975692,47.6539927386131,202108,296504,297624,3746663,Matched,Block,,W EMERSON ST BETWEEN 15TH AVE W AND 15TH EMERSON RP, ,,2b,Serious Injury Collision,Other,1,0,0,1,1,0,2018-07-08 00:00:00+00,7/8/2018 3:02:00 PM,Mid-Block (not related to intersection),26,MOTOR VEHICLE STRUCK OBJECT IN ROAD,,False,Clear or Partly Cloudy,Dry,Daylight,,,True,50.0,Fixed object,0,0,False,1
-122.362695111616,47.6221402696027,202110,288963,289842,E800629,Matched,Intersection,28648.0,ELLIOTT AVE W AND W HARRISON ST, ,,1,Property Damage Only Collision,Left Turn,3,0,0,2,0,0,2018-05-16 00:00:00+00,5/16/2018 5:50:00 PM,At Intersection (intersection related),11,"MOTOR VEHICLE STRUCK MOTOR VEHICLE, FRONT END AT ANGLE",,False,Clear or Partly Cloudy,Dry,Daylight,,,,28.0,From opposite direction - one left turn - one straight,0,0,False,0
-122.334000944168,47.7091152122417,202112,291877,292797,E806306,Matched,Block,,MERIDIAN AVE N BETWEEN N NORTHGATE WAY AND N 112TH ST, ,,2,Injury Collision,Head On,3,0,0,2,2,0,2018-06-07 00:00:00+00,6/7/2018 5:10:00 PM,Driveway Junction,11,"MOTOR VEHICLE STRUCK MOTOR VEHICLE, FRONT END AT ANGLE",,False,Clear or Partly Cloudy,Dry,Daylight,,,,25.0,From opposite direction - one stopped - head-on,0,0,False,0
-122.329142039773,47.6208238760704,202115,291857,292777,E806288,Matched,Intersection,29146.0,EASTLAKE AVE E AND THOMAS ST, ,,2,Injury Collision,Left Turn,3,0,0,2,1,0,2018-06-08 00:00:00+00,6/8/2018 2:15:00 PM,At Intersection (intersection related),11,"MOTOR VEHICLE STRUCK MOTOR VEHICLE, FRONT END AT ANGLE",True,False,Raining,Wet,Daylight,,,,28.0,From opposite direction - one left turn - one straight,0,0,False,0
-122.343504874615,47.6180202643899,202116,291840,292760,E806284,Matched,Block,,BOREALIS AVE BETWEEN BATTERY ST AND DENNY WAY, ,,2,Injury Collision,Other,1,0,0,1,1,0,2018-06-08 00:00:00+00,6/8/2018 12:25:00 PM,Mid-Block (not related to intersection),26,MOTOR VEHICLE STRUCK OBJECT IN ROAD,,False,Raining,Wet,Daylight,,,True,50.0,Fixed object,0,0,False,0
-122.336890899053,47.6054082909039,202117,292617,293613,E807039,Matched,Intersection,29615.0,1ST AVE AND SPRING ST, ,,2,Injury Collision,Angles,3,0,0,2,1,0,2018-06-08 00:00:00+00,6/8/2018 12:42:00 PM,At Intersection (intersection related),11,"MOTOR VEHICLE STRUCK MOTOR VEHICLE, FRONT END AT ANGLE",,False,Raining,Wet,Daylight,,,,10.0,Entering at angle,0,0,False,0
-122.342342009993,47.6254033054375,202119,292616,293612,E807011,Matched,Intersection,28741.0,DEXTER AVE N AND ROY ST, ,,2,Injury Collision,Left Turn,2,0,0,2,2,0,2018-06-11 00:00:00+00,6/11/2018 2:01:00 PM,At Intersection (intersection related),11,"MOTOR VEHICLE STRUCK MOTOR VEHICLE, FRONT END AT ANGLE",,False,Clear or Partly Cloudy,Dry,Daylight,,,,28.0,From opposite direction - one left turn - one straight,0,0,False,0
-122.386512336381,47.5820966736473,202120,293507,294527,E808510,Matched,Block,,CALIFORNIA AVE SW BETWEEN SW COLLEGE ST AND SW ADMIRAL WAY, ,,1,Property Damage Only Collision,Parked Car,2,0,0,2,0,0,2018-06-12 00:00:00+00,6/12/2018 2:00:00 PM,Mid-Block (not related to intersection),0,NOT ENOUGH INFORMATION / NOT APPLICABLE,,False,Unknown,Unknown,Unknown,,,,32.0,One parked--one moving,0,0,True,0
-122.343504874615,47.6180202643899,202123,291157,292037,E804915,Matched,Block,,BOREALIS AVE BETWEEN BATTERY ST AND DENNY WAY, ,,2,Injury Collision,Rear Ended,3,0,0,2,2,0,2018-05-31 00:00:00+00,5/31/2018 4:38:00 PM,Mid-Block (not related to intersection),14,"MOTOR VEHICLE STRUCK MOTOR VEHICLE, REAR END",True,False,Clear or Partly Cloudy,Dry,Daylight,,,,13.0,From same direction - both going straight - both moving - rear-end,0,0,False,0
-122.370355040332,47.6359545030115,202124,292615,293611,E807006,Matched,Intersection,27949.0,10TH AVE W AND W HOWE ST, ,,2,Injury Collision,Angles,4,0,0,2,4,0,2018-06-08 00:00:00+00,6/8/2018 1:53:00 PM,At Intersection (intersection related),11,"MOTOR VEHICLE STRUCK MOTOR VEHICLE, FRONT END AT ANGLE",,False,Raining,Wet,Daylight,,,,10.0,Entering at angle,0,0,False,0
-122.273239710926,47.5641049072655,202125,291142,292022,3782800,Matched,Block,,S GENESEE ST BETWEEN 47TH AVE S AND 49TH AVE S, ,,2,Injury Collision,Parked Car,4,0,0,2,1,0,2018-06-09 00:00:00+00,6/9/2018 10:14:00 PM,Mid-Block (not related to intersection),14,"MOTOR VEHICLE STRUCK MOTOR VEHICLE, REAR END",True,False,Raining,Wet,Dark - Street Lights On,,,,32.0,One parked--one moving,0,0,True,0
-122.312761148407,47.6164505241947,202126,292614,293610,E806614,Matched,Intersection,30120.0,15TH AVE AND E OLIVE ST, ,,1,Property Damage Only Collision,Angles,3,0,0,2,0,0,2018-06-03 00:00:00+00,6/3/2018 5:19:00 PM,At Intersection (intersection related),11,"MOTOR VEHICLE STRUCK MOTOR VEHICLE, FRONT END AT ANGLE",,False,Raining,Wet,Daylight,,,,10.0,Entering at angle,0,0,False,0
-122.29866812009,47.5992519814799,202128,292613,293609,E806613,Matched,Intersection,30601.0,26TH AVE S AND S JACKSON ST, ,,2,Injury Collision,Angles,2,0,0,2,1,0,2018-06-03 00:00:00+00,6/3/2018 5:30:00 PM,At Intersection (intersection related),11,"MOTOR VEHICLE STRUCK MOTOR VEHICLE, FRONT END AT ANGLE",,False,Clear or Partly Cloudy,Dry,Daylight,,,,10.0,Entering at angle,0,0,False,0
-122.33854571662,47.690517026409,202130,291140,292020,3754137,Matched,Block,,N 85TH ST BETWEEN ASHWORTH AVE N AND DENSMORE AVE N, ,,1,Property Damage Only Collision,Sideswipe,2,0,0,2,0,0,2018-06-05 00:00:00+00,6/5/2018 6:35:00 PM,Mid-Block (not related to intersection),11,"MOTOR VEHICLE STRUCK MOTOR VEHICLE, FRONT END AT ANGLE",True,False,Clear or Partly Cloudy,Dry,Daylight,,,,11.0,From same direction - both going straight - both moving - sideswipe,0,0,False,0
-122.370766460233,47.6636578638203,202131,292612,293608,E806596,Matched,Intersection,25455.0,11TH AVE NW AND NW LEARY WAY, ,,2,Injury Collision,Pedestrian,2,1,0,1,1,0,2018-06-07 00:00:00+00,6/7/2018 2:42:00 PM,At Intersection (intersection related),24,MOTOR VEHCILE STRUCK PEDESTRIAN,,False,Clear or Partly Cloudy,Dry,Daylight,,,,2.0,Vehicle turning left hits pedestrian,0,0,False,0
-122.360464798383,47.5273874071521,202134,293103,294123,3742438,Matched,Block,,DELRIDGE WAY SW BETWEEN SW THISTLE ST AND SW CLOVERDALE ST, ,,1,Property Damage Only Collision,Parked Car,2,0,0,2,0,0,2018-06-23 00:00:00+00,6/23/2018 1:21:00 AM,Mid-Block (not related to intersection),11,"MOTOR VEHICLE STRUCK MOTOR VEHICLE, FRONT END AT ANGLE",,True,Raining,Wet,Dark - Street Lights On,,,,32.0,One parked--one moving,0,0,True,0
-122.33027463072,47.6149524721557,202135,291139,292019,3753694,Matched,Block,,BOREN AVE BETWEEN PINE ST AND OLIVE WAY, ,,2,Injury Collision,Rear Ended,4,0,0,2,2,0,2018-06-08 00:00:00+00,6/8/2018 4:14:00 PM,Mid-Block (not related to intersection),14,"MOTOR VEHICLE STRUCK MOTOR VEHICLE, REAR END",True,False,Raining,Wet,Daylight,,,,14.0,From same direction - both going straight - one stopped - rear-end,0,0,False,0
-122.373431001877,47.6906236713986,202136,291138,292018,3751211,Matched,Block,,NW 85TH ST BETWEEN 13TH AVE NW AND 14TH AVE NW, ,,1,Property Damage Only Collision,Parked Car,2,0,0,2,0,0,2018-06-06 00:00:00+00,6/6/2018 7:26:00 AM,Mid-Block (not related to intersection),11,"MOTOR VEHICLE STRUCK MOTOR VEHICLE, FRONT END AT ANGLE",,False,Clear or Partly Cloudy,Dry,Daylight,,,,20.0,One car leaving parked position,0,0,False,0
-122.360934779118,47.7178171521594,202137,292611,293607,E806593,Matched,Intersection,36212.0,3RD AVE NW AND NW 122ND ST, ,,2,Injury Collision,Angles,2,0,0,2,1,0,2018-06-07 00:00:00+00,6/7/2018 9:54:00 AM,At Intersection (intersection related),11,"MOTOR VEHICLE STRUCK MOTOR VEHICLE, FRONT END AT ANGLE",,False,Clear or Partly Cloudy,Dry,Daylight,,,,10.0,Entering at angle,0,0,False,0
-122.30946414086,47.6656415371176,202138,291137,292017,3751136,Matched,Block,,17TH NB AVE NE BETWEEN NE 50TH ST AND NE 52ND ST, ,,1,Property Damage Only Collision,Parked Car,2,0,0,2,0,0,2018-06-09 00:00:00+00,6/9/2018 11:37:00 PM,Mid-Block (not related to intersection),14,"MOTOR VEHICLE STRUCK MOTOR VEHICLE, REAR END",,False,Overcast,Wet,Dark - Street Lights On,,,,32.0,One parked--one moving,0,0,True,0
-122.305534345382,47.5863343784328,202139,292610,293606,3818864,Matched,Intersection,31543.0,21ST AVE S AND S HOLGATE ST, ,,2,Injury Collision,Pedestrian,2,0,1,1,1,0,2018-06-19 00:00:00+00,6/19/2018 3:25:00 PM,At Intersection (intersection related),51,PEDALCYCLIST STRUCK MOTOR VEHICLE FRONT END AT ANGLE,,False,Clear or Partly Cloudy,Dry,Daylight,,,,5.0,Vehicle Strikes Pedalcyclist,0,0,False,0
-122.361215402411,47.5427891390697,202140,293102,294122,3742400,Matched,Block,,DELRIDGE WAY SW BETWEEN 22ND AVE SW AND SW WILLOW ST, ,,2,Injury Collision,Parked Car,4,0,0,2,2,0,2018-06-24 00:00:00+00,6/24/2018 8:01:00 AM,Mid-Block (not related to intersection),14,"MOTOR VEHICLE STRUCK MOTOR VEHICLE, REAR END",True,False,Overcast,Dry,Daylight,,,,32.0,One parked--one moving,0,0,True,0