longitude,latitude,objectid,inckey,coldetkey,reportno,status,addrtype,intkey,location,exceptrsncode,exceptrsndesc,severitycode,severitydesc,collisiontype,personcount,pedcount,pedcylcount,vehcount,injuries,fatalities,incdate,incdttm,junctiontype,sdot_colcode,sdot_coldesc,inattentionind,underinfl,weather,roadcond,lightcond,pedrownotgrnt,sdotcolnum,speeding,st_colcode,st_coldesc,seglanekey,crosswalkkey,hitparkedcar,seriousinjuries
-122.377504457301,47.528305436798,202141,293101,294121,3742399,Matched,Block,,SW THISTLE ST BETWEEN 35TH AVE SW AND 36TH AVE SW, ,,1,Property Damage Only Collision,Rear Ended,4,0,0,2,0,0,2018-06-23 00:00:00+00,6/23/2018 1:16:00 PM,Mid-Block (but intersection related),14,"MOTOR VEHICLE STRUCK MOTOR VEHICLE, REAR END",,False,Clear or Partly Cloudy,Dry,Daylight,,,,14.0,From same direction - both going straight - one stopped - rear-end,0,0,False,0
-122.349755537917,47.6465115462925,202142,291957,292877,E806287,Matched,Block,,4TH AVE N BETWEEN NICKERSON ST AND FREMONT BR, ,,1,Property Damage Only Collision,Head On,7,0,0,3,0,0,2018-06-08 00:00:00+00,6/8/2018 12:59:00 PM,Mid-Block (but intersection related),11,"MOTOR VEHICLE STRUCK MOTOR VEHICLE, FRONT END AT ANGLE",,False,Raining,Wet,Daylight,,,True,30.0,From opposite direction - all others,0,0,False,0
-122.387773857957,47.5575065008608,202143,293099,294119,3742397,Matched,Block,,SW HUDSON ST BETWEEN CALIFORNIA AVE SW AND LEWIS PL SW, ,,1,Property Damage Only Collision,Other,1,0,0,1,0,0,2018-06-20 00:00:00+00,6/20/2018 9:10:00 PM,Mid-Block (but intersection related),28,MOTOR VEHICLE RAN OFF ROAD - HIT FIXED OBJECT,,True,Clear or Partly Cloudy,Dry,Daylight,,,,50.0,Fixed object,0,0,False,0
-122.356217919669,47.7196056381102,202144,291136,292016,3751135,Matched,Block,,N 125TH ST BETWEEN PALATINE AVE N AND GREENWOOD AVE N, ,,1,Property Damage Only Collision,Angles,2,0,0,2,0,0,2018-06-10 00:00:00+00,6/10/2018 10:09:00 PM,Driveway Junction,11,"MOTOR VEHICLE STRUCK MOTOR VEHICLE, FRONT END AT ANGLE",,False,Clear or Partly Cloudy,Dry,Dark - Street Lights On,,,,10.0,Entering at angle,0,0,False,0
-122.334134829252,47.6176231838418,202147,291938,292858,E806286,Matched,Block,,VIRGINIA ST BETWEEN FAIRVIEW AVE AND BOREN AVE, ,,1,Property Damage Only Collision,Sideswipe,2,0,0,2,0,0,2018-06-07 00:00:00+00,6/7/2018 12:02:00 PM,Mid-Block (but intersection related),11,"MOTOR VEHICLE STRUCK MOTOR VEHICLE, FRONT END AT ANGLE",True,False,Clear or Partly Cloudy,Dry,Daylight,,,,71.0,Same direction -- both turning right -- both moving -- sideswipe,0,0,False,0
-122.334762317446,47.5254167310125,202149,290618,291498,E790193,Matched,Block,,1ST AVE S BETWEEN S CLOVERDALE W ST AND 1ST AVS OFF S RP, ,,1,Property Damage Only Collision,Other,1,0,0,1,0,0,2018-04-16 00:00:00+00,4/16/2018 11:05:00 AM,Mid-Block (not related to intersection),26,MOTOR VEHICLE STRUCK OBJECT IN ROAD,True,False,Raining,Wet,Daylight,,,,50.0,Fixed object,0,0,False,0
-122.364884200245,47.6591185471117,202150,291937,292857,E806309,Matched,Block,,LEARY WAY NW BETWEEN NW 43RD ST AND 7TH AVE NW, ,,1,Property Damage Only Collision,Rear Ended,3,0,0,2,0,0,2018-06-04 00:00:00+00,6/4/2018 11:55:00 AM,Mid-Block (not related to intersection),11,"MOTOR VEHICLE STRUCK MOTOR VEHICLE, FRONT END AT ANGLE",,False,Clear or Partly Cloudy,Dry,Daylight,,,,14.0,From same direction - both going straight - one stopped - rear-end,0,0,False,0
-122.334242333453,47.5417247033175,202151,290617,291497,E790192,Matched,Block,,1ST AVE S BRIDGE TRL BETWEEN S MICHIGAN ST AND DUWAMISH RIVER TRL, ,,2,Injury Collision,Rear Ended,4,0,0,2,1,0,2018-04-16 00:00:00+00,4/16/2018 10:05:00 AM,Mid-Block (not related to intersection),14,"MOTOR VEHICLE STRUCK MOTOR VEHICLE, REAR END",True,False,Raining,Wet,Daylight,,,,13.0,From same direction - both going straight - both moving - rear-end,0,0,False,0
-122.310949419142,47.5951162837385,202152,291917,292837,E806285,Matched,Block,,RAINIER AVE S BETWEEN S DEARBORN ST AND S CHARLES N ST, ,,1,Property Damage Only Collision,Angles,2,0,0,2,0,0,2018-06-05 00:00:00+00,6/5/2018 5:12:00 PM,Driveway Junction,11,"MOTOR VEHICLE STRUCK MOTOR VEHICLE, FRONT END AT ANGLE",,False,Clear or Partly Cloudy,Dry,Daylight,,,,10.0,Entering at angle,0,0,False,0
-122.334214111167,47.5565391188551,202153,293097,294117,E807458,Matched,Block,,1ST AVE S BETWEEN S HUDSON ST AND S DAWSON ST, ,,1,Property Damage Only Collision,Parked Car,2,0,0,2,0,0,2018-06-07 00:00:00+00,6/7/2018 3:45:00 PM,Mid-Block (not related to intersection),11,"MOTOR VEHICLE STRUCK MOTOR VEHICLE, FRONT END AT ANGLE",,False,Clear or Partly Cloudy,Dry,Daylight,,,,32.0,One parked--one moving,0,0,False,0
-122.344996819426,47.7250341828433,202154,291897,292817,E806308,Matched,Block,,AURORA AVE N BETWEEN N 130TH ST AND N 135TH ST, ,,1,Property Damage Only Collision,Angles,2,0,0,2,0,0,2018-06-06 00:00:00+00,6/6/2018 4:20:00 PM,Mid-Block (not related to intersection),11,"MOTOR VEHICLE STRUCK MOTOR VEHICLE, FRONT END AT ANGLE",,False,Clear or Partly Cloudy,Dry,Daylight,,,,10.0,Entering at angle,0,0,False,0
-122.35172405918,47.5603074024518,202155,293086,294106,3741989,Matched,Block,,WEST MARGINAL WAY SW BETWEEN SW ALASKA ST AND SW EDMUNDS ST, ,,1,Property Damage Only Collision,Left Turn,4,0,0,2,0,0,2018-06-21 00:00:00+00,6/21/2018 10:31:00 PM,Driveway Junction,11,"MOTOR VEHICLE STRUCK MOTOR VEHICLE, FRONT END AT ANGLE",,True,Clear or Partly Cloudy,Dry,Dark - Street Lights On,,,,28.0,From opposite direction - one left turn - one straight,0,0,False,0
-122.355134619072,47.5201155794671,202157,293085,294105,3741988,Matched,Block,,16TH AVE SW BETWEEN SW BARTON ST AND SW CAMBRIDGE ST, ,,1,Property Damage Only Collision,Parked Car,2,0,0,2,0,0,2018-06-21 00:00:00+00,6/21/2018 6:35:00 PM,Mid-Block (not related to intersection),14,"MOTOR VEHICLE STRUCK MOTOR VEHICLE, REAR END",,False,Clear or Partly Cloudy,Dry,Daylight,,,,32.0,One parked--one moving,0,0,True,0
-122.331306048169,47.5448814245195,202159,290611,291491,3754171,Matched,Intersection,34222.0,EAST MARGINAL WAY S AND S MICHIGAN ST, ,,2,Injury Collision,Angles,3,0,0,2,2,0,2018-06-03 00:00:00+00,6/3/2018 8:17:00 PM,At Intersection (intersection related),11,"MOTOR VEHICLE STRUCK MOTOR VEHICLE, FRONT END AT ANGLE",,False,Overcast,Dry,Dusk,,,,10.0,Entering at angle,0,0,False,0
-122.323125859484,47.5204778908054,202160,291878,292798,E805459,Matched,Block,,8TH AVE S BETWEEN S DIRECTOR ST AND CITY LIMITS, ,,2,Injury Collision,Other,1,0,0,1,1,0,2018-06-02 00:00:00+00,6/2/2018 8:32:00 PM,Mid-Block (not related to intersection),28,MOTOR VEHICLE RAN OFF ROAD - HIT FIXED OBJECT,,False,Clear or Partly Cloudy,Dry,Dusk,,,True,50.0,Fixed object,0,0,False,0
-122.385749739365,47.5451209673214,202161,290610,291490,3742433,Matched,Intersection,33751.0,42ND AVE SW AND FAUNTLEROY WAY SW, ,,1,Property Damage Only Collision,Pedestrian,2,0,1,1,0,0,2018-06-05 00:00:00+00,6/5/2018 6:05:00 PM,At Intersection (intersection related),51,PEDALCYCLIST STRUCK MOTOR VEHICLE FRONT END AT ANGLE,,False,Clear or Partly Cloudy,Dry,Daylight,,,,5.0,Vehicle Strikes Pedalcyclist,0,0,False,0
-122.320603145826,47.7103953083559,202162,293084,294104,3703815,Matched,Block,,8TH AVE NE BETWEEN NE NORTHGATE WAY AND NE 115TH ST, ,,2,Injury Collision,Sideswipe,4,0,0,4,1,0,2018-06-22 00:00:00+00,6/22/2018 7:14:00 PM,Mid-Block (not related to intersection),16,"MOTOR VEHICLE STRUCK MOTOR VEHICLE, LEFT SIDE SIDESWIPE",True,False,Overcast,Dry,Daylight,,,,11.0,From same direction - both going straight - both moving - sideswipe,0,0,False,0
-122.37203053086,47.541017778078,202165,296510,297630,E816357,Matched,Block,,31ST AVE SW BETWEEN SW HOLLY ST AND SW MYRTLE E ST, ,,1,Property Damage Only Collision,Parked Car,2,0,0,2,0,0,2018-06-26 00:00:00+00,6/26/2018 9:00:00 PM,Mid-Block (not related to intersection),11,"MOTOR VEHICLE STRUCK MOTOR VEHICLE, FRONT END AT ANGLE",,False,Unknown,Dry,Unknown,,,,32.0,One parked--one moving,0,0,True,0
-122.349748946857,47.6487530921599,202166,295470,296578,E814162,Matched,Block,,FREMONT AVE N BETWEEN FREMONT BR AND N 34TH ST, ,,1,Property Damage Only Collision,Rear Ended,2,0,0,2,0,0,2018-06-29 00:00:00+00,6/29/2018 1:02:00 PM,Mid-Block (not related to intersection),14,"MOTOR VEHICLE STRUCK MOTOR VEHICLE, REAR END",True,False,Overcast,Dry,Daylight,,,,13.0,From same direction - both going straight - both moving - rear-end,0,0,False,0
-122.360735281373,47.7014871345931,202168,294094,295154,3751141,Matched,Intersection,37122.0,3RD AVE NW AND NW 100TH ST, ,,1,Property Damage Only Collision,Angles,2,0,0,2,0,0,2018-06-13 00:00:00+00,6/13/2018 7:27:00 PM,At Intersection (intersection related),11,"MOTOR VEHICLE STRUCK MOTOR VEHICLE, FRONT END AT ANGLE",,False,Raining,Wet,Daylight,,,,10.0,Entering at angle,0,0,False,0
-122.366001730798,47.6869363577533,202170,295521,296641,3590217,Matched,Intersection,24137.0,8TH AVE NW AND NW 80TH ST, ,,2,Injury Collision,Angles,2,0,0,2,2,0,2018-07-06 00:00:00+00,7/6/2018 7:45:00 AM,At Intersection (intersection related),11,"MOTOR VEHICLE STRUCK MOTOR VEHICLE, FRONT END AT ANGLE",,False,Clear or Partly Cloudy,Dry,Daylight,,,,10.0,Entering at angle,0,0,False,0
-122.380351030055,47.5511123470679,202172,294718,295818,3781067,Matched,Block,,38TH AVE SW BETWEEN SW FINDLAY ST AND SW JUNEAU ST, ,,1,Property Damage Only Collision,Parked Car,2,0,0,2,0,0,2018-07-01 00:00:00+00,7/1/2018 4:03:00 PM,Mid-Block (not related to intersection),14,"MOTOR VEHICLE STRUCK MOTOR VEHICLE, REAR END",,False,Unknown,Unknown,Unknown,,,,32.0,One parked--one moving,0,0,True,0
-122.398310609558,47.6858233403423,202173,294717,295817,3754478,Matched,Block,,32ND AVE NW BETWEEN NW 77TH ST AND NW 80TH ST, ,,2b,Serious Injury Collision,Parked Car,4,0,0,4,1,0,2018-06-30 00:00:00+00,6/30/2018 8:42:00 PM,Mid-Block (not related to intersection),14,"MOTOR VEHICLE STRUCK MOTOR VEHICLE, REAR END",,False,Clear or Partly Cloudy,Dry,Dusk,,,True,32.0,One parked--one moving,0,0,True,1
-122.346244719311,47.6271549424758,202176,295519,296639,E814174,Matched,Intersection,28873.0,ALOHA ST AND TAYLOR AVE N, ,,1,Property Damage Only Collision,Angles,6,0,0,3,0,0,2018-06-30 00:00:00+00,6/30/2018 3:24:00 PM,At Intersection (intersection related),11,"MOTOR VEHICLE STRUCK MOTOR VEHICLE, FRONT END AT ANGLE",,False,Overcast,Wet,Daylight,,,,10.0,Entering at angle,0,0,False,0
-122.376802779487,47.6896653669324,202177,296511,297631,3751233,Matched,Block,,15TH AVE NW BETWEEN NW 83RD ST AND NW 85TH ST, ,,2b,Serious Injury Collision,Pedestrian,2,1,0,1,1,0,2018-07-10 00:00:00+00,7/10/2018 3:20:00 PM,Mid-Block (not related to intersection),24,MOTOR VEHCILE STRUCK PEDESTRIAN,,False,Clear or Partly Cloudy,Dry,Daylight,,,,0.0,Vehicle going straight hits pedestrian,0,0,False,1
-122.306517289368,47.6630759222057,202178,294680,295780,3448970,Matched,Intersection,26071.0,20TH AVE NE AND NE 47TH ST, ,,1,Property Damage Only Collision,Angles,2,0,0,2,0,0,2018-06-08 00:00:00+00,6/8/2018 10:30:00 PM,At Intersection (intersection related),14,"MOTOR VEHICLE STRUCK MOTOR VEHICLE, REAR END",,False,Raining,Wet,Dark - Street Lights On,,,,10.0,Entering at angle,0,0,False,0
-122.330038975143,47.6063022284418,202298,293522,294542,3812255,Matched,Intersection,29946.0,6TH AVE AND MARION ST, ,,2,Injury Collision,Pedestrian,2,1,0,1,1,0,2018-06-08 00:00:00+00,6/8/2018 6:24:00 PM,At Intersection (intersection related),24,MOTOR VEHCILE STRUCK PEDESTRIAN,,False,Raining,Wet,Daylight,,,,2.0,Vehicle turning left hits pedestrian,0,545852,False,0
-122.343074952979,47.6160329394762,202179,294679,295779,3202158,Matched,Intersection,29531.0,5TH AVE AND BELL ST, ,,1,Property Damage Only Collision,Left Turn,2,0,0,2,0,0,2018-05-22 00:00:00+00,5/22/2018 12:07:00 PM,At Intersection (intersection related),11,"MOTOR VEHICLE STRUCK MOTOR VEHICLE, FRONT END AT ANGLE",,False,Clear or Partly Cloudy,Dry,Daylight,,,,29.0,From opposite direction - one left turn - one right turn,0,0,False,0
-122.393416987469,47.5720816221788,202180,294092,295152,3744490,Matched,Intersection,31954.0,48TH AVE SW AND SW SPOKANE ST, ,,2,Injury Collision,Angles,2,0,0,2,1,0,2018-06-28 00:00:00+00,6/28/2018 7:40:00 AM,At Intersection (intersection related),11,"MOTOR VEHICLE STRUCK MOTOR VEHICLE, FRONT END AT ANGLE",,False,Clear or Partly Cloudy,Dry,Daylight,,,True,10.0,Entering at angle,0,0,False,0
-122.334089773858,47.5456456071367,202181,294678,295778,2672044,Matched,Block,,1ST AV S BR SB BETWEEN EAST MARGINAL WAY S AND 1ST AV S SB ON RP, ,,1,Property Damage Only Collision,Sideswipe,2,0,0,2,0,0,2018-05-30 00:00:00+00,5/30/2018 10:00:00 AM,Mid-Block (not related to intersection),11,"MOTOR VEHICLE STRUCK MOTOR VEHICLE, FRONT END AT ANGLE",True,False,Overcast,Dry,Daylight,,,,11.0,From same direction - both going straight - both moving - sideswipe,0,0,False,0
-122.349532500952,47.6128147655175,202182,294677,295777,2670500,Matched,Intersection,29705.0,BATTERY ST AND ELLIOTT AVE, ,,1,Property Damage Only Collision,Angles,2,0,0,2,0,0,2018-05-18 00:00:00+00,5/18/2018 9:35:00 AM,At Intersection (intersection related),14,"MOTOR VEHICLE STRUCK MOTOR VEHICLE, REAR END",True,False,Clear or Partly Cloudy,Dry,Daylight,,,,10.0,Entering at angle,0,0,False,0
-122.305562313132,47.5829556926281,202183,296509,297629,E816356,Matched,Intersection,31577.0,21ST AVE S AND S COLLEGE ST, ,,1,Property Damage Only Collision,Angles,3,0,0,2,0,0,2018-07-03 00:00:00+00,7/3/2018 3:01:00 PM,At Intersection (intersection related),11,"MOTOR VEHICLE STRUCK MOTOR VEHICLE, FRONT END AT ANGLE",,False,Clear or Partly Cloudy,Dry,Daylight,,,,10.0,Entering at angle,0,0,False,0
-122.303753460598,47.6176426277232,202184,294657,295757,E812281,Matched,Block,,22ND AVE BETWEEN E OLIVE ST AND E MADISON ST, ,,1,Property Damage Only Collision,Parked Car,2,0,0,2,0,0,2018-06-20 00:00:00+00,6/20/2018 11:08:00 AM,Driveway Junction,14,"MOTOR VEHICLE STRUCK MOTOR VEHICLE, REAR END",,False,Clear or Partly Cloudy,Dry,Daylight,,,,32.0,One parked--one moving,0,0,True,0
-122.35464200436,47.6181776362703,202185,295497,296617,E814163,Matched,Block,,1ST AVE BETWEEN WARREN PL AND BAY ST, ,,1,Property Damage Only Collision,Angles,2,0,0,2,0,0,2018-06-29 00:00:00+00,6/29/2018 2:27:00 PM,Mid-Block (not related to intersection),14,"MOTOR VEHICLE STRUCK MOTOR VEHICLE, REAR END",,False,Clear or Partly Cloudy,Dry,Daylight,,,,10.0,Entering at angle,0,0,False,0
-122.337086798157,47.6072990581973,202186,294098,295158,3812304,Matched,Intersection,29603.0,2ND AVE AND UNIVERSITY ST, ,,1,Property Damage Only Collision,Sideswipe,2,0,0,2,0,0,2018-06-28 00:00:00+00,6/28/2018 4:54:00 PM,At Intersection (intersection related),11,"MOTOR VEHICLE STRUCK MOTOR VEHICLE, FRONT END AT ANGLE",,False,Clear or Partly Cloudy,Dry,Daylight,,,,12.0,From same direction - both going straight - one stopped - sideswipe,0,0,False,0
-122.316578934152,47.6612919603548,202187,294091,295151,3705744,Matched,Intersection,27065.0,11TH AVE NE AND NE 45TH ST, ,,2,Injury Collision,Angles,3,0,0,2,1,0,2018-06-28 00:00:00+00,6/28/2018 1:35:00 AM,At Intersection (intersection related),11,"MOTOR VEHICLE STRUCK MOTOR VEHICLE, FRONT END AT ANGLE",,False,Clear or Partly Cloudy,Dry,Dark - Street Lights On,,,,10.0,Entering at angle,0,0,False,0
-122.329698789595,47.6175046181044,202189,294097,295157,3811780,Matched,Intersection,29174.0,HOWELL ST AND YALE AVE, ,,2,Injury Collision,Left Turn,2,0,0,2,1,0,2018-06-27 00:00:00+00,6/27/2018 4:37:00 PM,At Intersection (intersection related),11,"MOTOR VEHICLE STRUCK MOTOR VEHICLE, FRONT END AT ANGLE",,False,Clear or Partly Cloudy,Dry,Daylight,,,,15.0,From same direction - one left turn - one straight,0,0,False,0
-122.325976674608,47.5798093253002,202190,295520,296640,3289395,Matched,Intersection,31368.0,6TH AVE S AND S LANDER ST, ,,1,Property Damage Only Collision,Angles,3,0,0,2,0,0,2018-07-06 00:00:00+00,7/6/2018 6:10:00 PM,At Intersection (intersection related),11,"MOTOR VEHICLE STRUCK MOTOR VEHICLE, FRONT END AT ANGLE",,False,Overcast,Dry,Daylight,,,,10.0,Entering at angle,0,0,False,0
-122.362067147744,47.7017274860172,202191,294095,295155,3754023,Matched,Intersection,37121.0,4TH AVE NW AND HOLMAN RD NW, ,,2,Injury Collision,Angles,2,0,0,2,2,0,2018-06-22 00:00:00+00,6/22/2018 4:41:00 PM,At Intersection (intersection related),11,"MOTOR VEHICLE STRUCK MOTOR VEHICLE, FRONT END AT ANGLE",,False,Clear or Partly Cloudy,Dry,Daylight,,,,10.0,Entering at angle,0,0,False,0
-122.32853489031,47.6029846329185,202192,294096,295156,3789020,Matched,Intersection,30478.0,5TH AVE AND JEFFERSON ST, ,,2,Injury Collision,Sideswipe,2,0,0,2,1,0,2018-06-24 00:00:00+00,6/24/2018 10:07:00 AM,At Intersection (intersection related),11,"MOTOR VEHICLE STRUCK MOTOR VEHICLE, FRONT END AT ANGLE",,False,Clear or Partly Cloudy,Dry,Daylight,,,,11.0,From same direction - both going straight - both moving - sideswipe,0,0,False,0
-122.311937418736,47.6648928109888,202193,294090,295150,3705743,Matched,Intersection,26052.0,15TH AVE NE AND NE 50TH ST, ,,2,Injury Collision,Left Turn,5,0,0,2,3,0,2018-06-26 00:00:00+00,6/26/2018 9:07:00 PM,At Intersection (intersection related),11,"MOTOR VEHICLE STRUCK MOTOR VEHICLE, FRONT END AT ANGLE",,False,Clear or Partly Cloudy,Dry,Dusk,,,,28.0,From opposite direction - one left turn - one straight,0,0,False,0
-122.343227954753,47.6949023090701,202194,298239,299379,3706180,Matched,Block,,N 91ST ST BETWEEN AURORA AVE N AND STONE AVE N, ,,1,Property Damage Only Collision,Parked Car,2,0,0,2,0,0,2018-07-18 00:00:00+00,7/18/2018 9:30:00 PM,Mid-Block (not related to intersection),11,"MOTOR VEHICLE STRUCK MOTOR VEHICLE, FRONT END AT ANGLE",,False,Clear or Partly Cloudy,Dry,Daylight,,,,32.0,One parked--one moving,0,0,True,0
-122.386856372188,47.5584125328778,202195,288538,289398,E798860,Matched,Block,,CALIFORNIA AVE SW BETWEEN ERSKINE WAY SW AND SW HUDSON ST, ,,1,Property Damage Only Collision,Rear Ended,3,0,0,2,0,0,2018-05-16 00:00:00+00,5/16/2018 8:50:00 AM,Mid-Block (not related to intersection),14,"MOTOR VEHICLE STRUCK MOTOR VEHICLE, REAR END",,False,Clear or Partly Cloudy,Dry,Daylight,,,,14.0,From same direction - both going straight - one stopped - rear-end,0,0,False,0
-122.390365760672,47.5881121540959,202196,288543,289403,E798913,Matched,Intersection,31113.0,46TH AVE SW AND SW MASSACHUSETTS ST, ,,1,Property Damage Only Collision,Angles,3,0,0,3,0,0,2018-05-16 00:00:00+00,5/16/2018 9:53:00 PM,At Intersection (intersection related),14,"MOTOR VEHICLE STRUCK MOTOR VEHICLE, REAR END",,False,Clear or Partly Cloudy,Dry,Dark - Street Lights On,,,True,10.0,Entering at angle,0,0,False,0
-122.329055961484,47.580852706239,202198,297323,298463,3810628,Matched,Block,,4TH AVE S BETWEEN S STACY ST AND S LANDER ST, ,,1,Property Damage Only Collision,Angles,2,0,0,2,0,0,2018-07-13 00:00:00+00,7/13/2018 2:20:00 PM,Mid-Block (not related to intersection),11,"MOTOR VEHICLE STRUCK MOTOR VEHICLE, FRONT END AT ANGLE",,False,Clear or Partly Cloudy,Dry,Daylight,,,,10.0,Entering at angle,0,0,False,0
-122.346750257063,47.5273863012184,202200,298242,299382,3733706,Matched,Block,,9TH AVE SW BETWEEN SW THISTLE ST AND SW CLOVERDALE ST, ,,1,Property Damage Only Collision,Parked Car,2,0,0,2,0,0,2018-07-06 00:00:00+00,7/6/2018 2:00:00 AM,Mid-Block (not related to intersection),14,"MOTOR VEHICLE STRUCK MOTOR VEHICLE, REAR END",,False,Clear or Partly Cloudy,Dry,Dark - Street Lights On,,,,32.0,One parked--one moving,0,0,True,0
-122.366193357638,47.6629221522816,202201,288541,289401,E798858,Matched,Intersection,25466.0,8TH AVE NW AND NW 47TH ST, ,,1,Property Damage Only Collision,Left Turn,2,0,0,2,0,0,2018-05-15 00:00:00+00,5/15/2018 12:00:00 PM,At Intersection (intersection related),11,"MOTOR VEHICLE STRUCK MOTOR VEHICLE, FRONT END AT ANGLE",,False,Clear or Partly Cloudy,Dry,Daylight,,,,28.0,From opposite direction - one left turn - one straight,0,0,False,0
-122.277087856946,47.6391034915488,202202,297327,298467,3814093,Matched,Intersection,28480.0,43RD AVE E AND E LYNN ST, ,,1,Property Damage Only Collision,Parked Car,3,0,0,3,0,0,2018-07-16 00:00:00+00,7/16/2018 10:26:00 PM,At Intersection (but not related to intersection),11,"MOTOR VEHICLE STRUCK MOTOR VEHICLE, FRONT END AT ANGLE",,False,Clear or Partly Cloudy,Dry,Dark - Street Lights On,,,,32.0,One parked--one moving,0,0,False,0
-122.34154107873,47.6127815105082,202203,298237,299377,3705911,Matched,Block,,3RD AVE BETWEEN VIRGINIA ST AND LENORA ST, ,,2,Injury Collision,Pedestrian,4,0,1,2,1,0,2018-07-20 00:00:00+00,7/20/2018 5:20:00 PM,Mid-Block (not related to intersection),14,"MOTOR VEHICLE STRUCK MOTOR VEHICLE, REAR END",,False,Clear or Partly Cloudy,Dry,Daylight,,,,5.0,Vehicle Strikes Pedalcyclist,0,0,False,0
-122.321392009353,47.5873086820007,202204,297321,298461,3754175,Matched,Block,,AIRPORT WAY S BETWEEN S MASSACHUSETTS ST AND S HOLGATE N ST, ,,2b,Serious Injury Collision,Pedestrian,2,1,0,1,1,0,2018-07-14 00:00:00+00,7/14/2018 1:36:00 PM,Mid-Block (not related to intersection),24,MOTOR VEHCILE STRUCK PEDESTRIAN,,False,Clear or Partly Cloudy,Dry,Daylight,,,,0.0,Vehicle going straight hits pedestrian,0,0,False,1
-122.346953175068,47.6103773388048,202206,298240,299380,3708522,Matched,Block,,ALASKAN WAY BETWEEN LENORA ST AND BLANCHARD ST,NEI,"Not Enough Information, or Insufficient Location Information",1,Property Damage Only Collision,Sideswipe,2,0,0,2,0,0,2018-07-21 00:00:00+00,7/21/2018 2:59:00 PM,,0,NOT ENOUGH INFORMATION / NOT APPLICABLE,,False,Clear or Partly Cloudy,Dry,Daylight,,,,11.0,From same direction - both going straight - both moving - sideswipe,0,0,False,0
-122.292998137917,47.5840473598856,202207,288539,289399,E798857,Matched,Block,,31ST AVE S BETWEEN S HILL ST AND S WALKER ST, ,,2,Injury Collision,Parked Car,2,0,0,2,1,0,2018-05-09 00:00:00+00,5/9/2018 2:05:00 PM,Mid-Block (not related to intersection),14,"MOTOR VEHICLE STRUCK MOTOR VEHICLE, REAR END",,False,Clear or Partly Cloudy,Dry,Daylight,,,,32.0,One parked--one moving,0,0,True,0
-122.371539259372,47.6538617464149,202208,288544,289404,E798965,Matched,Block,,11TH AVE W BETWEEN W EMERSON ST AND DEAD END 2,NEI,"Not Enough Information, or Insufficient Location Information",1,Property Damage Only Collision,Parked Car,2,0,0,2,0,0,2018-04-20 00:00:00+00,4/20/2018 11:00:00 AM,,0,NOT ENOUGH INFORMATION / NOT APPLICABLE,,False,Clear or Partly Cloudy,Dry,Daylight,,,,32.0,One parked--one moving,0,0,True,0
-122.335118743008,47.6101805006637,202210,297325,298465,3812347,Matched,Block,,5TH AVE BETWEEN UNION ST AND PIKE ST, ,,2,Injury Collision,Other,2,0,0,1,1,0,2018-07-16 00:00:00+00,7/16/2018 8:40:00 PM,Mid-Block (not related to intersection),26,MOTOR VEHICLE STRUCK OBJECT IN ROAD,,True,Overcast,Wet,Dawn,,,,50.0,Fixed object,0,0,False,0
-122.291971935877,47.570391608058,202211,296518,297638,E816358,Matched,Block,,RAINIER AVE S BETWEEN S COURT ST AND 33RD AVE S, ,,2,Injury Collision,Rear Ended,2,0,0,2,2,0,2018-07-03 00:00:00+00,7/3/2018 4:17:00 PM,Mid-Block (not related to intersection),14,"MOTOR VEHICLE STRUCK MOTOR VEHICLE, REAR END",,False,Clear or Partly Cloudy,Dry,Daylight,,,,13.0,From same direction - both going straight - both moving - rear-end,0,0,False,0
-122.347162102656,47.6137583099113,202212,298238,299378,3705912,Matched,Block,,1ST AVE BETWEEN BELL ST AND BATTERY ST, ,,1,Property Damage Only Collision,Parked Car,4,0,0,4,0,0,2018-07-20 00:00:00+00,7/20/2018 11:22:00 PM,Mid-Block (not related to intersection),11,"MOTOR VEHICLE STRUCK MOTOR VEHICLE, FRONT END AT ANGLE",,False,Clear or Partly Cloudy,Dry,Dark - Street Lights On,,,,32.0,One parked--one moving,0,0,True,0
-122.366680695671,47.6609693076106,202213,298243,299383,3737496,Matched,Block,,LEARY WAY NW BETWEEN 8TH AVE NW AND NW 45TH ST, ,,1,Property Damage Only Collision,Rear Ended,3,0,0,2,0,0,2018-07-21 00:00:00+00,7/21/2018 11:48:00 PM,Mid-Block (not related to intersection),14,"MOTOR VEHICLE STRUCK MOTOR VEHICLE, REAR END",,False,Clear or Partly Cloudy,Dry,Dark - Street Lights On,,,,14.0,From same direction - both going straight - one stopped - rear-end,0,0,False,0
-122.326185450892,47.6054461755886,202214,288542,289402,E798964,Matched,Block,,8TH AVE BETWEEN JAMES ST AND CHERRY ST,NEI,"Not Enough Information, or Insufficient Location Information",1,Property Damage Only Collision,Parked Car,2,0,0,2,0,0,2018-04-27 00:00:00+00,4/27/2018 2:00:00 PM,,0,NOT ENOUGH INFORMATION / NOT APPLICABLE,,False,Clear or Partly Cloudy,Dry,Daylight,,,,32.0,One parked--one moving,0,0,True,0
-122.26998705276,47.5291301146044,202215,297337,298477,E816722,Matched,Intersection,35416.0,RAINIER AVE S AND S ROSE S ST, ,,1,Property Damage Only Collision,Pedestrian,6,1,0,1,0,0,2018-07-01 00:00:00+00,7/1/2018 12:09:00 PM,At Intersection (intersection related),24,MOTOR VEHCILE STRUCK PEDESTRIAN,,False,Clear or Partly Cloudy,Dry,Daylight,True,,,2.0,Vehicle turning left hits pedestrian,0,0,False,0