longitude,latitude,objectid,inckey,coldetkey,reportno,status,addrtype,intkey,location,exceptrsncode,exceptrsndesc,severitycode,severitydesc,collisiontype,personcount,pedcount,pedcylcount,vehcount,injuries,fatalities,incdate,incdttm,junctiontype,sdot_colcode,sdot_coldesc,inattentionind,underinfl,weather,roadcond,lightcond,pedrownotgrnt,sdotcolnum,speeding,st_colcode,st_coldesc,seglanekey,crosswalkkey,hitparkedcar,seriousinjuries
-122.330952062736,47.6039484404794,202216,288537,289397,E798856,Matched,Intersection,29971.0,4TH AVE AND CHERRY ST, ,,1,Property Damage Only Collision,Sideswipe,4,0,0,2,0,0,2018-05-14 00:00:00+00,5/14/2018 11:15:00 AM,At Intersection (intersection related),11,"MOTOR VEHICLE STRUCK MOTOR VEHICLE, FRONT END AT ANGLE",,False,Clear or Partly Cloudy,Dry,Daylight,,,,71.0,Same direction -- both turning right -- both moving -- sideswipe,0,0,False,0
-122.28815370636,47.5337408465973,202217,297322,298462,3782643,Matched,Intersection,34575.0,35TH AVE S AND S HOLDEN ST, ,,2,Injury Collision,Left Turn,2,0,0,2,1,0,2018-07-17 00:00:00+00,7/17/2018 6:41:00 AM,At Intersection (intersection related),11,"MOTOR VEHICLE STRUCK MOTOR VEHICLE, FRONT END AT ANGLE",,False,Clear or Partly Cloudy,Dry,Daylight,,,True,28.0,From opposite direction - one left turn - one straight,0,0,False,0
-122.365995091324,47.6910159451882,202218,296517,297637,3754024,Matched,Block,,8TH AVE NW BETWEEN NW 85TH ST AND NW 86TH ST, ,,2,Injury Collision,Rear Ended,3,0,0,2,1,0,2018-07-08 00:00:00+00,7/8/2018 2:47:00 PM,Mid-Block (not related to intersection),14,"MOTOR VEHICLE STRUCK MOTOR VEHICLE, REAR END",,False,Clear or Partly Cloudy,Dry,Daylight,,,,13.0,From same direction - both going straight - both moving - rear-end,0,0,False,0
-122.340207471986,47.6650344456661,202219,298241,299381,E813277,Matched,Intersection,25531.0,GREEN LAKE WAY N AND N 50TH ST, ,,1,Property Damage Only Collision,Sideswipe,3,0,0,2,0,0,2018-06-18 00:00:00+00,6/18/2018 4:25:00 PM,At Intersection (intersection related),11,"MOTOR VEHICLE STRUCK MOTOR VEHICLE, FRONT END AT ANGLE",,False,Clear or Partly Cloudy,Dry,Daylight,,,,11.0,From same direction - both going straight - both moving - sideswipe,0,0,False,0
-122.339678813578,47.626280671177,202220,288540,289400,E798906,Matched,Block,,9TH AVE N BETWEEN BROAD E ST AND WESTLAKE AVE N, ,,1,Property Damage Only Collision,Other,3,0,0,2,0,0,2018-04-18 00:00:00+00,4/18/2018 4:52:00 PM,Mid-Block (but intersection related),11,"MOTOR VEHICLE STRUCK MOTOR VEHICLE, FRONT END AT ANGLE",,False,Clear or Partly Cloudy,Dry,Daylight,,,,23.0,From same direction - all others,0,0,False,0
-122.295117362591,47.6242072527559,202221,297326,298466,3814092,Matched,Intersection,29241.0,29TH AVE E AND E MADISON E ST, ,,2,Injury Collision,Pedestrian,2,1,0,1,1,0,2018-07-16 00:00:00+00,7/16/2018 3:48:00 PM,At Intersection (intersection related),24,MOTOR VEHCILE STRUCK PEDESTRIAN,,False,Clear or Partly Cloudy,Dry,Daylight,,,,2.0,Vehicle turning left hits pedestrian,0,0,False,0
-122.330305089776,47.6004355744087,202222,298217,299357,E813173,Matched,Block,,3RD AVE S BETWEEN S WASHINGTON ST AND S MAIN ST, ,,1,Property Damage Only Collision,Pedestrian,2,1,0,1,0,0,2018-06-28 00:00:00+00,6/28/2018 1:43:00 PM,Mid-Block (but intersection related),24,MOTOR VEHCILE STRUCK PEDESTRIAN,,False,Clear or Partly Cloudy,Dry,Daylight,,,,0.0,Vehicle going straight hits pedestrian,0,0,False,0
-122.355538539534,47.7196013588737,202223,296521,297641,3754242,Matched,Intersection,35841.0,GREENWOOD AVE N AND N 125TH ST, ,,2,Injury Collision,Left Turn,2,0,0,2,1,0,2018-07-11 00:00:00+00,7/11/2018 8:30:00 PM,At Intersection (intersection related),11,"MOTOR VEHICLE STRUCK MOTOR VEHICLE, FRONT END AT ANGLE",,False,Clear or Partly Cloudy,Dry,Dusk,,,,28.0,From opposite direction - one left turn - one straight,0,0,False,0
-122.338381089161,47.6179365764684,202224,289486,290346,3753693,Matched,Block,,WESTLAKE AVE BETWEEN BLANCHARD ST AND 9TH AVE, ,,1,Property Damage Only Collision,Other,2,0,0,2,0,0,2018-05-24 00:00:00+00,5/24/2018 4:35:00 PM,Mid-Block (not related to intersection),11,"MOTOR VEHICLE STRUCK MOTOR VEHICLE, FRONT END AT ANGLE",,False,Clear or Partly Cloudy,Dry,Daylight,,,,23.0,From same direction - all others,0,0,False,0
-122.381984487771,47.5151577888049,202226,290625,291505,E790656,Matched,Block,,39TH AVE SW BETWEEN SW 98TH ST AND SW 99TH ST, ,,1,Property Damage Only Collision,Parked Car,2,0,0,2,0,0,2018-04-18 00:00:00+00,4/18/2018,Mid-Block (not related to intersection),11,"MOTOR VEHICLE STRUCK MOTOR VEHICLE, FRONT END AT ANGLE",,False,Unknown,Unknown,Unknown,,,,32.0,One parked--one moving,0,0,True,0
-122.366017051957,47.679546712575,202227,289485,290345,3751043,Matched,Intersection,24183.0,8TH AVE NW AND NW 70TH ST, ,,2,Injury Collision,Angles,2,0,0,2,1,0,2018-05-30 00:00:00+00,5/30/2018 3:59:00 PM,At Intersection (intersection related),11,"MOTOR VEHICLE STRUCK MOTOR VEHICLE, FRONT END AT ANGLE",,False,Clear or Partly Cloudy,Dry,Daylight,,,,10.0,Entering at angle,0,0,False,0
-122.353951883937,47.6869412279314,202228,289484,290344,3751042,Matched,Block,,N 80TH ST BETWEEN GREENWOOD AVE N AND DAYTON AVE N, ,,2,Injury Collision,Parked Car,2,0,0,2,1,0,2018-05-29 00:00:00+00,5/29/2018 11:14:00 PM,Mid-Block (not related to intersection),14,"MOTOR VEHICLE STRUCK MOTOR VEHICLE, REAR END",,True,Overcast,Wet,Dark - Street Lights On,,,,32.0,One parked--one moving,0,0,True,0
-122.358976463535,47.5560856031318,202230,289482,290342,3745864,Matched,Block,,SW DAWSON ST BETWEEN 18TH AVE SW AND 21ST AVE SW, ,,2,Injury Collision,Other,1,0,0,1,1,0,2018-05-30 00:00:00+00,5/30/2018 2:36:00 AM,Mid-Block (not related to intersection),28,MOTOR VEHICLE RAN OFF ROAD - HIT FIXED OBJECT,,False,,Dry,Dark - Street Lights On,,,True,50.0,Fixed object,0,0,False,0
-122.333527003241,47.5361684323403,202231,290297,291177,2940315,Matched,Block,,WEST MARGINAL WAY S BETWEEN 1ST AVE S AND S HOLDEN ST, ,,2,Injury Collision,Rear Ended,2,0,0,2,1,0,2018-04-16 00:00:00+00,4/16/2018 4:35:00 PM,Mid-Block (not related to intersection),14,"MOTOR VEHICLE STRUCK MOTOR VEHICLE, REAR END",,False,Raining,Wet,Daylight,,,,14.0,From same direction - both going straight - one stopped - rear-end,0,0,False,0
-122.345473086757,47.5264609214527,202232,289481,290341,3745490,Matched,Intersection,35018.0,8TH AVE SW AND SW CLOVERDALE ST, ,,2,Injury Collision,Angles,4,0,0,2,2,0,2018-05-30 00:00:00+00,5/30/2018 5:21:00 PM,At Intersection (intersection related),11,"MOTOR VEHICLE STRUCK MOTOR VEHICLE, FRONT END AT ANGLE",,False,Clear or Partly Cloudy,Dry,Daylight,,,,10.0,Entering at angle,0,0,False,0
-122.364526352699,47.5246836085573,202233,289480,290340,3742077,Matched,Intersection,34864.0,25TH AVE SW AND SW TRENTON ST, ,,1,Property Damage Only Collision,Left Turn,2,0,0,2,0,0,2018-05-30 00:00:00+00,5/30/2018 3:19:00 PM,At Intersection (intersection related),11,"MOTOR VEHICLE STRUCK MOTOR VEHICLE, FRONT END AT ANGLE",,False,Clear or Partly Cloudy,Dry,Daylight,,,,28.0,From opposite direction - one left turn - one straight,0,0,False,0
-122.328913101671,47.6134658203127,202234,289479,290339,3704421,Matched,Intersection,29878.0,BOREN AVE AND PIKE ST, ,,1,Property Damage Only Collision,Other,6,0,0,3,0,0,2018-05-30 00:00:00+00,5/30/2018 5:33:00 PM,At Intersection (intersection related),11,"MOTOR VEHICLE STRUCK MOTOR VEHICLE, FRONT END AT ANGLE",,False,Clear or Partly Cloudy,Dry,Daylight,,,,23.0,From same direction - all others,0,0,False,0
-122.303907359776,47.6510834203009,202236,289477,290337,3703812,Matched,Intersection,27297.0,MONTLAKE BLVD NE AND NE PACIFIC PL, ,,1,Property Damage Only Collision,Angles,5,0,0,2,0,0,2018-05-29 00:00:00+00,5/29/2018 8:56:00 PM,At Intersection (intersection related),11,"MOTOR VEHICLE STRUCK MOTOR VEHICLE, FRONT END AT ANGLE",True,False,Overcast,Wet,Dark - Street Lights On,,,,10.0,Entering at angle,0,0,False,0
-122.325139076793,47.6093379722992,202237,290278,291157,3702550,Matched,Intersection,29920.0,BOREN AVE AND MADISON ST, ,,1,Property Damage Only Collision,Angles,2,0,0,2,0,0,2018-06-04 00:00:00+00,6/4/2018 5:09:00 AM,At Intersection (intersection related),11,"MOTOR VEHICLE STRUCK MOTOR VEHICLE, FRONT END AT ANGLE",,False,Raining,Wet,Dawn,,,,10.0,Entering at angle,0,0,False,0
-122.334735199235,47.5390168275518,202238,290628,291508,E790879,Matched,Block,,1ST AV S BR NB BETWEEN POINT A AND SR509 NB, ,,1,Property Damage Only Collision,Sideswipe,4,0,0,2,0,0,2018-04-22 00:00:00+00,4/22/2018 2:54:00 PM,Mid-Block (not related to intersection),11,"MOTOR VEHICLE STRUCK MOTOR VEHICLE, FRONT END AT ANGLE",,False,Clear or Partly Cloudy,Dry,Daylight,,,,11.0,From same direction - both going straight - both moving - sideswipe,0,0,False,0
-122.317819028829,47.6568893046475,202239,289458,290318,3694607,Matched,Intersection,27100.0,ROOSEVELT WAY NE AND NE 41ST ST, ,,1,Property Damage Only Collision,Left Turn,2,0,0,2,0,0,2018-05-30 00:00:00+00,5/30/2018 2:44:00 PM,At Intersection (intersection related),11,"MOTOR VEHICLE STRUCK MOTOR VEHICLE, FRONT END AT ANGLE",,False,Clear or Partly Cloudy,Dry,Daylight,,,,15.0,From same direction - one left turn - one straight,0,0,False,0
-122.376211119246,47.6723596658664,202240,288986,289865,E800177,Matched,Intersection,25394.0,15TH AVE NW AND NW 60TH ST, ,,2,Injury Collision,Pedestrian,2,1,0,1,1,0,2018-05-19 00:00:00+00,5/19/2018 4:56:00 PM,At Intersection (intersection related),24,MOTOR VEHCILE STRUCK PEDESTRIAN,True,False,Clear or Partly Cloudy,Dry,Daylight,,,,1.0,Vehicle turning right hits pedestrian,0,0,False,0
-122.33310387059,47.607979458203,202241,290217,291077,E803851,Matched,Intersection,29929.0,5TH AVE AND SENECA ST, ,,2,Injury Collision,Angles,3,0,0,2,2,0,2018-05-22 00:00:00+00,5/22/2018 10:43:00 PM,At Intersection (intersection related),11,"MOTOR VEHICLE STRUCK MOTOR VEHICLE, FRONT END AT ANGLE",,False,Clear or Partly Cloudy,Dry,Dark - Street Lights On,,,,10.0,Entering at angle,0,0,False,0
-122.312050012253,47.6205012752386,202242,288985,289864,E800871,Matched,Block,,E THOMAS ST BETWEEN 15TH S AVE E AND 16TH AVE E, ,,1,Property Damage Only Collision,Parked Car,2,0,0,2,0,0,2018-05-06 00:00:00+00,5/6/2018 5:22:00 PM,Mid-Block (not related to intersection),15,"MOTOR VEHICLE STRUCK MOTOR VEHICLE, RIGHT SIDE SIDESWIPE",,False,Clear or Partly Cloudy,Dry,Daylight,,,,32.0,One parked--one moving,0,0,False,0
-122.27815337648,47.5460098411268,202243,288984,289863,E800801,Matched,Intersection,33546.0,44TH AVE S AND S GRAHAM ST, ,,1,Property Damage Only Collision,Other,2,0,0,2,0,0,2018-05-20 00:00:00+00,5/20/2018 9:24:00 AM,At Intersection (intersection related),11,"MOTOR VEHICLE STRUCK MOTOR VEHICLE, FRONT END AT ANGLE",,False,Clear or Partly Cloudy,Dry,Daylight,,,,31.0,Not stated,0,0,False,0
-122.31139964697,47.7339364965003,202244,290624,291504,E790520,Matched,Block,,NE 145TH ST BETWEEN 15TH AVE NE AND 17TH AVE NE, ,,1,Property Damage Only Collision,Sideswipe,2,0,0,2,0,0,2018-04-14 00:00:00+00,4/14/2018 5:39:00 PM,Mid-Block (not related to intersection),11,"MOTOR VEHICLE STRUCK MOTOR VEHICLE, FRONT END AT ANGLE",,False,Raining,Wet,Daylight,,,,11.0,From same direction - both going straight - both moving - sideswipe,0,0,False,0
-122.360695015622,47.6759964540637,202245,288983,289862,E800176,Matched,Intersection,25243.0,3RD AVE NW AND NW 65TH ST, ,,1,Property Damage Only Collision,Angles,2,0,0,2,0,0,2018-05-18 00:00:00+00,5/18/2018 11:25:00 AM,At Intersection (intersection related),11,"MOTOR VEHICLE STRUCK MOTOR VEHICLE, FRONT END AT ANGLE",True,False,Clear or Partly Cloudy,Dry,Daylight,,,,10.0,Entering at angle,0,0,False,0
-122.329062263647,47.5861701171476,202247,288982,289861,E800800,Matched,Intersection,31348.0,4TH AVE S AND S HOLGATE ST, ,,1,Property Damage Only Collision,Rear Ended,2,0,0,2,0,0,2018-05-19 00:00:00+00,5/19/2018 2:10:00 PM,At Intersection (but not related to intersection),14,"MOTOR VEHICLE STRUCK MOTOR VEHICLE, REAR END",True,False,Clear or Partly Cloudy,Dry,Daylight,,,,14.0,From same direction - both going straight - one stopped - rear-end,0,0,False,0
-122.33382164614,47.5452853480129,202249,290631,291511,E791495,Matched,Block,,1ST AV S BR NB BETWEEN EAST MARGINAL WAY S AND 1ST AV S NB OFF RP, ,,1,Property Damage Only Collision,Sideswipe,2,0,0,2,0,0,2018-04-21 00:00:00+00,4/21/2018 1:22:00 PM,Mid-Block (not related to intersection),11,"MOTOR VEHICLE STRUCK MOTOR VEHICLE, FRONT END AT ANGLE",,False,Clear or Partly Cloudy,Dry,Daylight,,,,11.0,From same direction - both going straight - both moving - sideswipe,0,0,False,0
-122.319753993727,47.5520818789892,202250,288981,289860,E800799,Matched,Intersection,33108.0,AIRPORT WAY S AND CORSON AVE S, ,,1,Property Damage Only Collision,Left Turn,3,0,0,2,0,0,2018-05-16 00:00:00+00,5/16/2018 7:07:00 AM,At Intersection (intersection related),14,"MOTOR VEHICLE STRUCK MOTOR VEHICLE, REAR END",,False,Clear or Partly Cloudy,Dry,Daylight,,,,28.0,From opposite direction - one left turn - one straight,0,0,False,0
-122.354194700213,47.7141556886678,202251,290279,291158,3705884,Matched,Intersection,36380.0,PHINNEY AVE N AND N 117TH ST, ,,1,Property Damage Only Collision,Angles,2,0,0,2,0,0,2018-06-04 00:00:00+00,6/4/2018 8:36:00 AM,At Intersection (intersection related),11,"MOTOR VEHICLE STRUCK MOTOR VEHICLE, FRONT END AT ANGLE",,False,Raining,Wet,Daylight,,,,10.0,Entering at angle,0,0,False,0
-122.319595594604,47.6431950212238,202252,288980,289859,E800775,Matched,Intersection,28204.0,10TH AVE E AND E ROANOKE E ST, ,,2,Injury Collision,Rear Ended,2,0,0,2,1,0,2018-05-05 00:00:00+00,5/5/2018 10:57:00 AM,At Intersection (intersection related),14,"MOTOR VEHICLE STRUCK MOTOR VEHICLE, REAR END",True,False,Clear or Partly Cloudy,Dry,Daylight,,,,14.0,From same direction - both going straight - one stopped - rear-end,0,0,False,0
-122.330761051664,47.6613720837565,202253,288979,289858,3705742,Matched,Block,,N 45TH ST BETWEEN CORLISS AVE N AND SUNNYSIDE AVE N, ,,1,Property Damage Only Collision,Parked Car,2,0,0,2,0,0,2018-05-28 00:00:00+00,5/28/2018 2:34:00 AM,Mid-Block (not related to intersection),16,"MOTOR VEHICLE STRUCK MOTOR VEHICLE, LEFT SIDE SIDESWIPE",,False,Clear or Partly Cloudy,Dry,Dark - Street Lights On,,,,32.0,One parked--one moving,0,0,True,0
-122.35100889213,47.6602170448293,202255,292030,292950,E806312,Matched,Intersection,26938.0,EVANSTON AVE N AND N 44TH ST, ,,1,Property Damage Only Collision,Angles,2,0,0,2,0,0,2018-06-07 00:00:00+00,6/7/2018 7:28:00 AM,At Intersection (intersection related),11,"MOTOR VEHICLE STRUCK MOTOR VEHICLE, FRONT END AT ANGLE",True,False,Clear or Partly Cloudy,Dry,Daylight,,,,10.0,Entering at angle,0,0,False,0
-122.329047856547,47.5919318337326,202256,292657,293637,E809670,Matched,Block,,4TH AVE S BETWEEN S ROYAL BROUGHAM WAY AND 4TH AVE NB OFF RP, ,,1,Property Damage Only Collision,Angles,2,0,0,2,0,0,2018-06-12 00:00:00+00,6/12/2018 1:09:00 PM,Mid-Block (not related to intersection),11,"MOTOR VEHICLE STRUCK MOTOR VEHICLE, FRONT END AT ANGLE",,False,Clear or Partly Cloudy,Dry,Daylight,,,,10.0,Entering at angle,0,0,False,0
-122.285686422559,47.5590662272298,202257,293104,294124,E807459,Matched,Block,,RAINIER AVE S BETWEEN S ANGELINE ST AND S EDMUNDS ST, ,,1,Property Damage Only Collision,Sideswipe,3,0,0,2,0,0,2018-06-08 00:00:00+00,6/8/2018 11:21:00 AM,Mid-Block (not related to intersection),14,"MOTOR VEHICLE STRUCK MOTOR VEHICLE, REAR END",,False,Clear or Partly Cloudy,Dry,Daylight,,,,11.0,From same direction - both going straight - both moving - sideswipe,0,0,False,0
-122.339430638402,47.6048319330211,202258,291978,292898,E806289,Matched,Block,,ALASKAN WAY BETWEEN SPRING ST AND SENECA ST, ,,1,Property Damage Only Collision,Sideswipe,3,0,0,2,0,0,2018-06-08 00:00:00+00,6/8/2018 2:27:00 PM,Mid-Block (not related to intersection),11,"MOTOR VEHICLE STRUCK MOTOR VEHICLE, FRONT END AT ANGLE",,False,Clear or Partly Cloudy,Wet,Daylight,,,,11.0,From same direction - both going straight - both moving - sideswipe,0,0,False,0
-122.338756435225,47.6041333644124,202276,292661,293641,E809673,Matched,Block,,ALASKAN WAY BETWEEN MADISON ST AND SPRING ST, ,,1,Property Damage Only Collision,Other,1,0,0,1,0,0,2018-06-15 00:00:00+00,6/15/2018 6:05:00 PM,Mid-Block (not related to intersection),26,MOTOR VEHICLE STRUCK OBJECT IN ROAD,,False,Clear or Partly Cloudy,Dry,Daylight,,,,50.0,Fixed object,0,0,False,0
-122.325680430447,47.6589528083082,202260,290657,291537,E804590,Matched,Block,,NE 43RD ST BETWEEN THACKERAY PL NE AND LATONA AVE NE,NEI,"Not Enough Information, or Insufficient Location Information",1,Property Damage Only Collision,Parked Car,2,0,0,2,0,0,2018-06-04 00:00:00+00,6/4/2018 11:00:00 AM,,0,NOT ENOUGH INFORMATION / NOT APPLICABLE,,False,Clear or Partly Cloudy,Dry,Daylight,,,,32.0,One parked--one moving,0,0,True,0
-122.36331216063,47.5656347371768,202261,293137,294157,3745563,Matched,Block,,DELRIDGE WAY SW BETWEEN SW DAKOTA ST AND SW GENESEE ST, ,,2,Injury Collision,Rear Ended,2,0,0,2,1,0,2018-06-22 00:00:00+00,6/22/2018 4:10:00 PM,Mid-Block (not related to intersection),14,"MOTOR VEHICLE STRUCK MOTOR VEHICLE, REAR END",,False,Clear or Partly Cloudy,Dry,Daylight,,,,14.0,From same direction - both going straight - one stopped - rear-end,0,0,False,0
-122.287920844853,47.551239252003,202262,292619,293615,E807186,Matched,Intersection,485825.0,M L KING JR ER WAY S AND S ORCAS ST, ,,1,Property Damage Only Collision,Angles,2,0,0,2,0,0,2018-06-01 00:00:00+00,6/1/2018 7:01:00 AM,At Intersection (intersection related),11,"MOTOR VEHICLE STRUCK MOTOR VEHICLE, FRONT END AT ANGLE",,False,Clear or Partly Cloudy,Dry,Daylight,,,,10.0,Entering at angle,0,0,False,0
-122.276403254548,47.523312339009,202263,292660,293640,E807253,Matched,Intersection,35274.0,RENTON AVE S AND S HENDERSON ST, ,,1,Property Damage Only Collision,Angles,2,0,0,2,0,0,2018-06-05 00:00:00+00,6/5/2018 11:24:00 PM,At Intersection (intersection related),11,"MOTOR VEHICLE STRUCK MOTOR VEHICLE, FRONT END AT ANGLE",,False,Clear or Partly Cloudy,Dry,Dark - Street Lights On,,,,10.0,Entering at angle,0,0,False,0
-122.313149033241,47.6605308756472,202264,291217,292097,E805313,Matched,Block,,UNIVERSITY WAY NE BETWEEN NE 43RD ST AND NE 45TH ST, ,,1,Property Damage Only Collision,Head On,6,0,0,3,0,0,2018-06-01 00:00:00+00,6/1/2018 12:12:00 PM,Mid-Block (not related to intersection),11,"MOTOR VEHICLE STRUCK MOTOR VEHICLE, FRONT END AT ANGLE",,False,Clear or Partly Cloudy,Dry,Daylight,,,,25.0,From opposite direction - one stopped - head-on,0,0,False,0
-122.34732947142,47.6571980038923,202265,292022,292942,E806301,Matched,Block,,AURORA AVE N BETWEEN N 41ST ST AND N 42ND ST, ,,2,Injury Collision,Rear Ended,2,0,0,2,1,0,2018-06-04 00:00:00+00,6/4/2018 7:52:00 AM,Mid-Block (not related to intersection),14,"MOTOR VEHICLE STRUCK MOTOR VEHICLE, REAR END",True,False,Raining,Wet,Daylight,,,,14.0,From same direction - both going straight - one stopped - rear-end,0,0,False,0
-122.296206635018,47.5773321081313,202266,291178,292058,E804298,Matched,Block,,M L KING JR WAY S BETWEEN S MCCLELLAN ST AND RAINIER AVE S, ,,2,Injury Collision,Rear Ended,2,0,0,2,1,0,2018-05-27 00:00:00+00,5/27/2018 11:37:00 AM,Mid-Block (but intersection related),14,"MOTOR VEHICLE STRUCK MOTOR VEHICLE, REAR END",,False,Clear or Partly Cloudy,Dry,Daylight,,,,13.0,From same direction - both going straight - both moving - rear-end,0,0,False,0
-122.301264483997,47.7338238510526,202267,290637,291517,E792019,Matched,Block,,NE 145TH ST BETWEEN 25TH AVE NE AND 26TH AVE NE, ,,1,Property Damage Only Collision,Other,1,0,0,1,0,0,2018-04-17 00:00:00+00,4/17/2018 4:30:00 PM,Mid-Block (not related to intersection),28,MOTOR VEHICLE RAN OFF ROAD - HIT FIXED OBJECT,,False,Clear or Partly Cloudy,Dry,Daylight,,,,50.0,Fixed object,0,0,False,0
-122.315657939193,47.6753958568816,202268,292032,292952,E806304,Matched,Block,,12TH AVE NE BETWEEN NE 64TH ST AND NE 65TH ST, ,,1,Property Damage Only Collision,Angles,2,0,0,2,0,0,2018-06-04 00:00:00+00,6/4/2018 2:59:00 PM,Driveway Junction,11,"MOTOR VEHICLE STRUCK MOTOR VEHICLE, FRONT END AT ANGLE",,False,Clear or Partly Cloudy,Dry,Daylight,,,,10.0,Entering at angle,0,0,False,0
-122.328968665993,47.5988108554172,202269,292658,293638,E809672,Matched,Block,,4TH AVE S BETWEEN S JACKSON ST AND 2ND AV ET S, ,,1,Property Damage Only Collision,Sideswipe,4,0,0,3,0,0,2018-06-14 00:00:00+00,6/14/2018 5:02:00 PM,Mid-Block (not related to intersection),11,"MOTOR VEHICLE STRUCK MOTOR VEHICLE, FRONT END AT ANGLE",,False,Clear or Partly Cloudy,Dry,Daylight,,,,11.0,From same direction - both going straight - both moving - sideswipe,0,0,False,0
-122.334196048695,47.589271745362,202270,293105,294125,E807460,Matched,Block,,1ST AVE S BETWEEN S ATLANTIC ST AND S MASSACHUSETTS ST, ,,1,Property Damage Only Collision,Other,2,0,0,2,0,0,2018-06-08 00:00:00+00,6/8/2018 1:30:00 PM,Mid-Block (not related to intersection),11,"MOTOR VEHICLE STRUCK MOTOR VEHICLE, FRONT END AT ANGLE",,False,Raining,Wet,Daylight,,,,23.0,From same direction - all others,0,0,False,0
-122.315388463582,47.6621963864652,202271,291983,292903,E806310,Matched,Block,,12TH AVE NE BETWEEN NE 45TH ST AND NE 47TH ST, ,,1,Property Damage Only Collision,Rear Ended,2,0,0,2,0,0,2018-06-07 00:00:00+00,6/7/2018 5:47:00 PM,Mid-Block (not related to intersection),14,"MOTOR VEHICLE STRUCK MOTOR VEHICLE, REAR END",,False,Clear or Partly Cloudy,Dry,Daylight,,,,14.0,From same direction - both going straight - one stopped - rear-end,0,0,False,0
-122.34485254918,47.7147767538906,202272,291198,292078,E805311,Matched,Intersection,36339.0,AURORA AVE N AND N 117TH PL, ,,1,Property Damage Only Collision,Right Turn,2,0,0,2,0,0,2018-05-29 00:00:00+00,5/29/2018 3:51:00 PM,At Intersection (intersection related),11,"MOTOR VEHICLE STRUCK MOTOR VEHICLE, FRONT END AT ANGLE",,False,Clear or Partly Cloudy,Dry,Daylight,,,,16.0,From same direction - one right turn - one straight,0,0,False,0
-122.33382164614,47.5452853480129,202273,290633,291513,E791560,Matched,Block,,1ST AV S BR NB BETWEEN EAST MARGINAL WAY S AND 1ST AV S NB OFF RP, ,,1,Property Damage Only Collision,Rear Ended,3,0,0,3,0,0,2018-04-18 00:00:00+00,4/18/2018 7:47:00 AM,Mid-Block (not related to intersection),14,"MOTOR VEHICLE STRUCK MOTOR VEHICLE, REAR END",,False,Overcast,Dry,Daylight,,,,13.0,From same direction - both going straight - both moving - rear-end,0,0,False,0
-122.311399713761,47.6630795418475,202274,292028,292948,E806302,Matched,Block,,NE 47TH ST BETWEEN 15TH AVE NE AND 16TH AVE NE, ,,1,Property Damage Only Collision,Parked Car,2,0,0,2,0,0,2018-06-03 00:00:00+00,6/3/2018 12:37:00 PM,Mid-Block (but intersection related),11,"MOTOR VEHICLE STRUCK MOTOR VEHICLE, FRONT END AT ANGLE",,False,Unknown,Unknown,Daylight,,,,32.0,One parked--one moving,0,0,False,0
-122.281293190694,47.5370423043785,202275,292620,293616,E807251,Matched,Intersection,34562.0,M L KING JR WR WAY S AND S OTHELLO ST, ,,2,Injury Collision,Angles,7,0,0,2,2,0,2018-05-28 00:00:00+00,5/28/2018 2:51:00 AM,At Intersection (intersection related),11,"MOTOR VEHICLE STRUCK MOTOR VEHICLE, FRONT END AT ANGLE",,False,Clear or Partly Cloudy,Dry,Dark - Street Lights On,,,,10.0,Entering at angle,0,0,False,0
-122.35847912471,47.5712076184389,202277,291237,292117,E804928,Matched,Intersection,32011.0,DELRIDGE-W SEATTLE BR EB ON RP AND WEST SEATTLE BR EB, ,,2,Injury Collision,Sideswipe,3,0,0,3,2,0,2018-05-19 00:00:00+00,5/19/2018 8:13:00 PM,At Intersection (intersection related),11,"MOTOR VEHICLE STRUCK MOTOR VEHICLE, FRONT END AT ANGLE",,False,Overcast,Wet,Dusk,,,,11.0,From same direction - both going straight - both moving - sideswipe,0,0,False,0
-122.335898372207,47.6695880329717,202278,292637,293617,E806629,Matched,Block,,CANFIELD PL N BETWEEN N 55TH ST AND WALLINGFORD AVE N,NEI,"Not Enough Information, or Insufficient Location Information",1,Property Damage Only Collision,Parked Car,2,0,0,2,0,0,2018-06-09 00:00:00+00,6/9/2018 3:00:00 PM,Mid-Block (not related to intersection),12,"MOTOR VEHICLE STRUCK MOTOR VEHICLE, RIGHT SIDE AT ANGLE",,False,Clear or Partly Cloudy,Dry,Daylight,,,,32.0,One parked--one moving,0,0,True,0
-122.347771813463,47.7316755979137,202279,291179,292059,E805308,Matched,Block,,LINDEN AVE N BETWEEN N 141ST ST AND N 143RD ST,NEI,"Not Enough Information, or Insufficient Location Information",2,Injury Collision,Pedestrian,2,1,0,1,1,0,2018-06-06 00:00:00+00,6/6/2018 2:44:00 PM,,0,NOT ENOUGH INFORMATION / NOT APPLICABLE,,False,Clear or Partly Cloudy,Dry,Daylight,,,,0.0,Vehicle going straight hits pedestrian,0,0,False,0
-122.37075191357,47.6716257261541,202282,292033,292953,E806313,Matched,Intersection,25400.0,11TH AVE NW AND NW 59TH ST, ,,2,Injury Collision,Angles,3,0,0,2,1,0,2018-06-07 00:00:00+00,6/7/2018 5:00:00 PM,At Intersection (intersection related),11,"MOTOR VEHICLE STRUCK MOTOR VEHICLE, FRONT END AT ANGLE",,False,Clear or Partly Cloudy,Dry,Daylight,,,,10.0,Entering at angle,0,0,False,0