longitude,latitude,objectid,inckey,coldetkey,reportno,status,addrtype,intkey,location,exceptrsncode,exceptrsndesc,severitycode,severitydesc,collisiontype,personcount,pedcount,pedcylcount,vehcount,injuries,fatalities,incdate,incdttm,junctiontype,sdot_colcode,sdot_coldesc,inattentionind,underinfl,weather,roadcond,lightcond,pedrownotgrnt,sdotcolnum,speeding,st_colcode,st_coldesc,seglanekey,crosswalkkey,hitparkedcar,seriousinjuries
-122.356933984976,47.6377747223607,202283,292659,293639,E807040,Matched,Block,,QUEEN ANNE AVE N BETWEEN CROCKETT ST AND BOSTON ST, ,,2,Injury Collision,Pedestrian,2,1,0,1,1,0,2018-06-11 00:00:00+00,6/11/2018 11:25:00 AM,Mid-Block (not related to intersection),24,MOTOR VEHCILE STRUCK PEDESTRIAN,True,False,Clear or Partly Cloudy,Dry,Daylight,,,,3.0,Vehicle backing hits pedestrian,0,0,False,0
-122.349927269184,47.652037807454,202284,291199,292079,E805312,Matched,Block,,FREMONT AVE N BETWEEN N 36TH ST AND N 38TH ST, ,,1,Property Damage Only Collision,Other,2,0,0,2,0,0,2018-05-30 00:00:00+00,5/30/2018 3:39:00 PM,Mid-Block (not related to intersection),11,"MOTOR VEHICLE STRUCK MOTOR VEHICLE, FRONT END AT ANGLE",,False,Clear or Partly Cloudy,Dry,Daylight,,,,23.0,From same direction - all others,0,0,False,0
-122.339134291601,47.6905215275254,202285,291984,292904,E806311,Matched,Intersection,37373.0,ASHWORTH AVE N AND N 85TH ST, ,,2,Injury Collision,Angles,3,0,0,3,1,0,2018-06-07 00:00:00+00,6/7/2018 4:50:00 PM,At Intersection (intersection related),11,"MOTOR VEHICLE STRUCK MOTOR VEHICLE, FRONT END AT ANGLE",,False,Clear or Partly Cloudy,Dry,Daylight,,,,10.0,Entering at angle,0,0,False,0
-122.322865154025,47.680520690097,202286,291177,292057,E805306,Matched,Block,,5TH AVE NE BETWEEN NE 71ST ST AND NE 72ND ST,NEI,"Not Enough Information, or Insufficient Location Information",1,Property Damage Only Collision,Parked Car,2,0,0,2,0,0,2018-06-06 00:00:00+00,6/6/2018 12:34:00 PM,,0,NOT ENOUGH INFORMATION / NOT APPLICABLE,,False,Clear or Partly Cloudy,Dry,Daylight,,,,32.0,One parked--one moving,0,0,True,0
-122.343357454578,47.6376201157292,202287,294103,295163,E812675,Matched,Intersection,28016.0,DEXTER AVE N AND DEXTER WAY N, ,,1,Property Damage Only Collision,Left Turn,3,0,0,2,0,0,2018-06-27 00:00:00+00,6/27/2018 3:23:00 PM,At Intersection (intersection related),11,"MOTOR VEHICLE STRUCK MOTOR VEHICLE, FRONT END AT ANGLE",,False,Clear or Partly Cloudy,Dry,Daylight,,,,28.0,From opposite direction - one left turn - one straight,0,0,False,0
-122.26998675413,47.5341679604322,202288,294720,295820,3810529,Matched,Block,,RAINIER AVE S BETWEEN S AUSTIN ST AND S HOLDEN ST, ,,2,Injury Collision,Rear Ended,2,0,0,2,1,0,2018-06-29 00:00:00+00,6/29/2018 8:00:00 AM,Mid-Block (not related to intersection),14,"MOTOR VEHICLE STRUCK MOTOR VEHICLE, REAR END",,False,Clear or Partly Cloudy,Dry,Daylight,,,,13.0,From same direction - both going straight - both moving - rear-end,0,0,False,0
-122.339258718726,47.6105099334296,202289,294758,295858,3811781,Matched,Block,,PINE ST BETWEEN 2ND AVE AND 3RD AVE, ,,2,Injury Collision,Pedestrian,2,0,1,1,1,0,2018-06-30 00:00:00+00,6/30/2018 4:21:00 PM,Mid-Block (not related to intersection),21,"MOTOR VEHICLE STRUCK PEDALCYCLIST, REAR END",,False,Clear or Partly Cloudy,Dry,Daylight,,,,5.0,Vehicle Strikes Pedalcyclist,0,0,False,0
-122.324532699165,47.5511942825262,202290,294102,295162,3818916,Matched,Intersection,33181.0,7TH AVE S AND S ORCAS ST, ,,1,Property Damage Only Collision,Left Turn,2,0,0,2,0,0,2018-06-26 00:00:00+00,6/26/2018 4:42:00 PM,At Intersection (intersection related),11,"MOTOR VEHICLE STRUCK MOTOR VEHICLE, FRONT END AT ANGLE",,False,Clear or Partly Cloudy,Dry,Daylight,,,,28.0,From opposite direction - one left turn - one straight,0,0,False,0
-122.326444272201,47.6107654351169,202293,295523,296643,3702440,Matched,Intersection,29907.0,BOREN AVE AND SENECA ST, ,,2,Injury Collision,Angles,3,0,0,2,1,0,2018-07-06 00:00:00+00,7/6/2018 6:59:00 AM,At Intersection (intersection related),11,"MOTOR VEHICLE STRUCK MOTOR VEHICLE, FRONT END AT ANGLE",,False,Clear or Partly Cloudy,Dry,Daylight,,,,10.0,Entering at angle,0,0,False,0
-122.334194505249,47.592395717056,202296,293524,294544,E810729,Matched,Intersection,30384.0,1ST AVE S AND S ROYAL BROUGHAM WAY, ,,1,Property Damage Only Collision,Angles,2,0,0,2,0,0,2018-06-11 00:00:00+00,6/11/2018 5:06:00 PM,At Intersection (intersection related),11,"MOTOR VEHICLE STRUCK MOTOR VEHICLE, FRONT END AT ANGLE",,False,Clear or Partly Cloudy,Dry,Daylight,,,,10.0,Entering at angle,0,0,False,0
-122.355564201521,47.6181339814767,202470,294818,295918,E813000,Matched,Block,,BAY ST BETWEEN WESTERN AVE AND 1ST AVE, ,,2,Injury Collision,Angles,5,0,0,3,2,0,2018-06-24 00:00:00+00,6/24/2018 3:33:00 PM,Driveway Junction,11,"MOTOR VEHICLE STRUCK MOTOR VEHICLE, FRONT END AT ANGLE",,False,Clear or Partly Cloudy,Dry,Daylight,,,,10.0,Entering at angle,0,0,False,0
-122.333562048853,47.6068012868978,202297,293523,294543,E810727,Matched,Intersection,29949.0,4TH AVE AND SPRING ST, ,,1,Property Damage Only Collision,Left Turn,3,0,0,2,0,0,2018-06-11 00:00:00+00,6/11/2018 1:36:00 PM,At Intersection (intersection related),11,"MOTOR VEHICLE STRUCK MOTOR VEHICLE, FRONT END AT ANGLE",,False,Clear or Partly Cloudy,Dry,Daylight,,,,15.0,From same direction - one left turn - one straight,0,0,False,0
-122.345234884051,47.6161376897075,202300,293521,294541,3811779,Matched,Intersection,29672.0,4TH AVE AND BATTERY ST, ,,1,Property Damage Only Collision,Angles,5,0,0,2,0,0,2018-06-23 00:00:00+00,6/23/2018 8:39:00 PM,At Intersection (intersection related),11,"MOTOR VEHICLE STRUCK MOTOR VEHICLE, FRONT END AT ANGLE",,False,Clear or Partly Cloudy,Dry,Daylight,,,,10.0,Entering at angle,0,0,False,0
-122.329541301394,47.5545204257905,202301,294722,295822,3810532,Matched,Block,,4TH AVE S BETWEEN S BENNETT ST AND S BRANDON ST, ,,1,Property Damage Only Collision,Parked Car,2,0,0,2,0,0,2018-06-30 00:00:00+00,6/30/2018 10:43:00 AM,Mid-Block (not related to intersection),14,"MOTOR VEHICLE STRUCK MOTOR VEHICLE, REAR END",,True,Clear or Partly Cloudy,Dry,Daylight,,,,32.0,One parked--one moving,0,0,False,0
-122.390616679723,47.5812035568378,202303,293520,294540,3745540,Matched,Intersection,31154.0,46TH AVE SW AND SW ADMIRAL WAY, ,,1,Property Damage Only Collision,Rear Ended,2,0,0,2,0,0,2018-06-24 00:00:00+00,6/24/2018 9:38:00 PM,At Intersection (intersection related),14,"MOTOR VEHICLE STRUCK MOTOR VEHICLE, REAR END",True,False,Clear or Partly Cloudy,Dry,Daylight,,,,14.0,From same direction - both going straight - one stopped - rear-end,0,0,False,0
-122.327853523584,47.6184967407019,202304,293519,294539,3734120,Matched,Intersection,29165.0,MELROSE AVE AND E DENNY WAY, ,,1,Property Damage Only Collision,Angles,3,0,0,2,0,0,2018-06-23 00:00:00+00,6/23/2018 9:00:00 PM,At Intersection (intersection related),11,"MOTOR VEHICLE STRUCK MOTOR VEHICLE, FRONT END AT ANGLE",,False,Clear or Partly Cloudy,Dry,Dark - Street Lights On,,,,10.0,Entering at angle,0,0,False,0
-122.340681494434,47.6134459926536,202305,294105,295165,3206767,Matched,Block,,4TH AVE BETWEEN VIRGINIA ST AND LENORA ST, ,,1,Property Damage Only Collision,Parked Car,2,0,0,2,0,0,2018-06-27 00:00:00+00,6/27/2018 9:59:00 PM,Mid-Block (not related to intersection),11,"MOTOR VEHICLE STRUCK MOTOR VEHICLE, FRONT END AT ANGLE",,False,Clear or Partly Cloudy,Dry,Daylight,,,,19.0,One car entering parked position,0,0,False,0
-122.319906633407,47.6231254990491,202306,293518,294538,3702271,Matched,Intersection,29018.0,10TH AVE E AND E REPUBLICAN ST, ,,1,Property Damage Only Collision,Parked Car,2,0,0,2,0,0,2018-06-23 00:00:00+00,6/23/2018 7:50:00 PM,At Intersection (intersection related),11,"MOTOR VEHICLE STRUCK MOTOR VEHICLE, FRONT END AT ANGLE",True,False,Clear or Partly Cloudy,Dry,Dusk,,,,20.0,One car leaving parked position,0,0,False,0
-122.314167394498,47.612917397233,202307,293517,294537,3702268,Matched,Intersection,29763.0,14TH AVE AND E UNION ST, ,,2,Injury Collision,Pedestrian,2,1,0,1,1,0,2018-06-04 00:00:00+00,6/4/2018 9:00:00 AM,At Intersection (intersection related),24,MOTOR VEHCILE STRUCK PEDESTRIAN,True,False,Clear or Partly Cloudy,Dry,Daylight,,,,1.0,Vehicle turning right hits pedestrian,0,524221,False,0
-122.280797506095,47.5362397522419,202308,294757,295857,3810626,Matched,Block,,M L KING JR ER WAY S BETWEEN S OTHELLO ST AND RENTON S AVE S, ,,2,Injury Collision,Right Turn,3,0,0,2,2,0,2018-06-30 00:00:00+00,6/30/2018 11:10:00 AM,Mid-Block (not related to intersection),14,"MOTOR VEHICLE STRUCK MOTOR VEHICLE, REAR END",,False,Clear or Partly Cloudy,Dry,Daylight,,,,16.0,From same direction - one right turn - one straight,0,0,False,0
-122.337780455446,47.5712036827484,202310,294719,295819,3810528,Matched,Block,,ALASKAN WY VI NB ON RP BETWEEN SPOKANE ST - ALASKAN RP AND ALASKAN WY VI NB, ,,1,Property Damage Only Collision,Rear Ended,2,0,0,2,0,0,2018-06-29 00:00:00+00,6/29/2018 7:52:00 AM,Mid-Block (not related to intersection),14,"MOTOR VEHICLE STRUCK MOTOR VEHICLE, REAR END",True,False,Clear or Partly Cloudy,Dry,Daylight,,,,14.0,From same direction - both going straight - one stopped - rear-end,0,0,False,0
-122.311545479697,47.6830461136025,202311,293141,294161,3751256,Matched,Block,,NE 75TH ST BETWEEN 15TH AVE NE AND 16TH AVE NE, ,,2,Injury Collision,Rear Ended,5,0,0,2,1,0,2018-06-21 00:00:00+00,6/21/2018 6:50:00 PM,Mid-Block (not related to intersection),14,"MOTOR VEHICLE STRUCK MOTOR VEHICLE, REAR END",,False,Clear or Partly Cloudy,Dry,Daylight,,,,14.0,From same direction - both going straight - one stopped - rear-end,0,0,False,0
-122.307504816476,47.6128982681362,202312,294104,295164,E812690,Matched,Intersection,30145.0,19TH AVE AND E UNION ST, ,,1,Property Damage Only Collision,Angles,2,0,0,2,0,0,2018-06-26 00:00:00+00,6/26/2018 3:23:00 PM,At Intersection (intersection related),11,"MOTOR VEHICLE STRUCK MOTOR VEHICLE, FRONT END AT ANGLE",,False,Clear or Partly Cloudy,Dry,Daylight,,,,10.0,Entering at angle,0,0,False,0
-122.382667127406,47.6759813564996,202314,293140,294160,3751255,Matched,Block,,NW 65TH ST BETWEEN 20TH AVE NW AND 21ST AVE NW, ,,1,Property Damage Only Collision,Rear Ended,2,0,0,2,0,0,2018-06-21 00:00:00+00,6/21/2018 3:10:00 PM,Mid-Block (but intersection related),14,"MOTOR VEHICLE STRUCK MOTOR VEHICLE, REAR END",,True,Clear or Partly Cloudy,Dry,Daylight,,,,14.0,From same direction - both going straight - one stopped - rear-end,0,0,False,0
-122.30142384201,47.5661044263889,202315,294737,295837,3810577,Matched,Block,,24TH PL S BETWEEN S ANDOVER ST AND CHEASTY BLVD S, ,,1,Property Damage Only Collision,Parked Car,2,0,0,2,0,0,2018-07-01 00:00:00+00,7/1/2018 2:02:00 AM,Driveway Junction,11,"MOTOR VEHICLE STRUCK MOTOR VEHICLE, FRONT END AT ANGLE",,False,Overcast,Dry,Dark - Street Lights On,,,,32.0,One parked--one moving,0,0,True,0
-122.33258176468,47.6057298895065,202316,293139,294159,3748159,Matched,Block,,4TH AVE BETWEEN MARION ST AND MADISON ST, ,,1,Property Damage Only Collision,Parked Car,2,0,0,2,0,0,2018-06-20 00:00:00+00,6/20/2018 7:48:00 PM,Mid-Block (not related to intersection),11,"MOTOR VEHICLE STRUCK MOTOR VEHICLE, FRONT END AT ANGLE",,False,Clear or Partly Cloudy,Dry,Daylight,,,,20.0,One car leaving parked position,0,0,False,0
-122.389116596341,47.5539223227585,202317,293138,294158,3745931,Matched,Block,,SW BRANDON ST BETWEEN 44TH AVE SW AND 45TH AVE SW, ,,1,Property Damage Only Collision,Parked Car,2,0,0,2,0,0,2018-06-24 00:00:00+00,6/24/2018 7:49:00 AM,Mid-Block (not related to intersection),16,"MOTOR VEHICLE STRUCK MOTOR VEHICLE, LEFT SIDE SIDESWIPE",,False,Unknown,Unknown,Unknown,,,,32.0,One parked--one moving,0,0,True,0
-122.337198811366,47.6905067149889,202318,294108,295168,3734121,Matched,Block,,N 85TH ST BETWEEN DENSMORE AVE N AND WALLINGFORD AVE N, ,,1,Property Damage Only Collision,Rear Ended,2,0,0,2,0,0,2018-06-26 00:00:00+00,6/26/2018 12:33:00 PM,Mid-Block (not related to intersection),14,"MOTOR VEHICLE STRUCK MOTOR VEHICLE, REAR END",True,False,Clear or Partly Cloudy,Dry,Daylight,,,,14.0,From same direction - both going straight - one stopped - rear-end,0,0,False,0
-122.325814490999,47.701344341594,202320,297417,298557,E817081,Matched,Intersection,37561.0,3RD AVE NE AND NE 100TH ST, ,,1,Property Damage Only Collision,Angles,3,0,0,2,0,0,2018-06-27 00:00:00+00,6/27/2018 10:12:00 AM,At Intersection (intersection related),11,"MOTOR VEHICLE STRUCK MOTOR VEHICLE, FRONT END AT ANGLE",True,False,Clear or Partly Cloudy,Dry,Daylight,,,,10.0,Entering at angle,0,0,False,0
-122.387934278513,47.5466926326885,202322,298277,299417,3742149,Matched,Block,,SW GRAHAM ST BETWEEN CALIFORNIA AVE SW AND 44TH AVE SW, ,,1,Property Damage Only Collision,Parked Car,4,0,0,4,0,0,2018-07-18 00:00:00+00,7/18/2018 5:27:00 PM,Mid-Block (not related to intersection),14,"MOTOR VEHICLE STRUCK MOTOR VEHICLE, REAR END",,False,Clear or Partly Cloudy,Dry,Daylight,,,,32.0,One parked--one moving,0,0,False,0
-122.334792923541,47.5491918832386,202324,296522,297642,3755145,Matched,Block,,EAST MARGINAL WAY S BETWEEN S FIDALGO ST AND 1ST AVE S, ,,1,Property Damage Only Collision,Right Turn,4,0,0,2,0,0,2018-07-07 00:00:00+00,7/7/2018 12:06:00 PM,Mid-Block (not related to intersection),11,"MOTOR VEHICLE STRUCK MOTOR VEHICLE, FRONT END AT ANGLE",,False,Clear or Partly Cloudy,Dry,Daylight,,,,16.0,From same direction - one right turn - one straight,0,0,False,0
-122.366001730798,47.6869363577533,202325,295527,296647,3751169,Matched,Intersection,24137.0,8TH AVE NW AND NW 80TH ST, ,,2,Injury Collision,Angles,2,0,0,2,2,0,2018-07-05 00:00:00+00,7/5/2018 6:25:00 AM,At Intersection (intersection related),11,"MOTOR VEHICLE STRUCK MOTOR VEHICLE, FRONT END AT ANGLE",,False,Clear or Partly Cloudy,Dry,Daylight,,,,10.0,Entering at angle,0,0,False,0
-122.392970813261,47.5375209722455,202326,298299,299439,3742345,Matched,Block,,47TH AVE SW BETWEEN SW OTHELLO ST AND SW FONTANELLE ST, ,,1,Property Damage Only Collision,Parked Car,2,0,0,2,0,0,2018-07-11 00:00:00+00,7/11/2018 1:43:00 PM,Mid-Block (not related to intersection),11,"MOTOR VEHICLE STRUCK MOTOR VEHICLE, FRONT END AT ANGLE",,False,Clear or Partly Cloudy,Dry,Unknown,,,,32.0,One parked--one moving,0,0,True,0
-122.405220124955,47.5803474099373,202328,298245,299385,3741990,Matched,Block,,57TH AVE SW BETWEEN ALKI AVE SW AND SW LANDER ST, ,,1,Property Damage Only Collision,Parked Car,2,0,0,2,0,0,2018-07-06 00:00:00+00,7/6/2018 6:57:00 PM,Mid-Block (not related to intersection),16,"MOTOR VEHICLE STRUCK MOTOR VEHICLE, LEFT SIDE SIDESWIPE",True,False,Clear or Partly Cloudy,Dry,Daylight,,,,32.0,One parked--one moving,0,0,True,0
-122.377656421967,47.6636668176391,202329,296525,297645,E814846,Matched,Block,,NW LEARY WAY BETWEEN 15TH SB AVE NW AND LEARY AVE NW, ,,2,Injury Collision,Angles,2,0,0,2,1,0,2018-07-03 00:00:00+00,7/3/2018 12:27:00 PM,Mid-Block (not related to intersection),11,"MOTOR VEHICLE STRUCK MOTOR VEHICLE, FRONT END AT ANGLE",True,False,Clear or Partly Cloudy,Dry,Daylight,,,,10.0,Entering at angle,0,0,False,0
-122.320862700932,47.7194677535368,202331,295537,296657,3751171,Matched,Intersection,36432.0,8TH AVE NE AND NE 125TH ST, ,,2,Injury Collision,Angles,2,0,0,2,1,0,2018-07-06 00:00:00+00,7/6/2018 7:09:00 PM,At Intersection (intersection related),11,"MOTOR VEHICLE STRUCK MOTOR VEHICLE, FRONT END AT ANGLE",,False,Clear or Partly Cloudy,Dry,Daylight,,,,10.0,Entering at angle,0,0,False,0
-122.344072720599,47.6431226484363,202333,297437,298577,E817082,Matched,Block,,WESTLAKE AVE N BETWEEN HALLADAY ST AND NEWELL ST, ,,1,Property Damage Only Collision,Right Turn,6,0,0,2,0,0,2018-06-25 00:00:00+00,6/25/2018 11:37:00 AM,Driveway Junction,11,"MOTOR VEHICLE STRUCK MOTOR VEHICLE, FRONT END AT ANGLE",True,False,Overcast,Dry,Daylight,,,,16.0,From same direction - one right turn - one straight,0,0,False,0
-122.349274485623,47.534053306218,202335,298297,299437,3742150,Matched,Intersection,34152.0,11TH AVE SW AND SW HOLDEN ST, ,,1,Property Damage Only Collision,Rear Ended,2,0,0,2,0,0,2018-07-20 00:00:00+00,7/20/2018 4:05:00 PM,At Intersection (intersection related),14,"MOTOR VEHICLE STRUCK MOTOR VEHICLE, REAR END",,False,Clear or Partly Cloudy,Dry,Daylight,,,,14.0,From same direction - both going straight - one stopped - rear-end,0,0,False,0
-122.327270910946,47.5459529058408,202336,296528,297648,E816720,Matched,Intersection,34218.0,5TH PL S AND S MICHIGAN ST, ,,2,Injury Collision,Rear Ended,3,0,0,2,2,0,2018-07-03 00:00:00+00,7/3/2018 6:20:00 AM,At Intersection (intersection related),14,"MOTOR VEHICLE STRUCK MOTOR VEHICLE, REAR END",,True,Clear or Partly Cloudy,Dry,Daylight,,,,13.0,From same direction - both going straight - both moving - rear-end,0,0,False,0
-122.294379389162,47.5640928490978,202337,296523,297643,3755146,Matched,Block,,S GENESEE ST BETWEEN M L KING JR ER WAY S AND 31ST AVE S, ,,1,Property Damage Only Collision,Parked Car,2,0,0,2,0,0,2018-07-07 00:00:00+00,7/7/2018 7:51:00 PM,Mid-Block (not related to intersection),14,"MOTOR VEHICLE STRUCK MOTOR VEHICLE, REAR END",,False,Clear or Partly Cloudy,Dry,Daylight,,,,32.0,One parked--one moving,0,0,True,0
-122.335127024257,47.5755756752969,202338,295525,296645,3708519,Matched,Intersection,32152.0,UTAH AVE S AND S HANFORD ST, ,,2,Injury Collision,Angles,2,0,0,2,1,0,2018-07-06 00:00:00+00,7/6/2018 3:38:00 PM,At Intersection (intersection related),11,"MOTOR VEHICLE STRUCK MOTOR VEHICLE, FRONT END AT ANGLE",,False,Clear or Partly Cloudy,Dry,Daylight,,,,10.0,Entering at angle,0,0,False,0
-122.393987214164,47.5393558865916,202339,298301,299441,3742516,Matched,Block,,LINCOLN PARK WAY SW BETWEEN MURRAY AVE SW AND 47TH AVE SW, ,,1,Property Damage Only Collision,Parked Car,2,0,0,2,0,0,2018-07-11 00:00:00+00,7/11/2018 2:57:00 PM,Mid-Block (not related to intersection),15,"MOTOR VEHICLE STRUCK MOTOR VEHICLE, RIGHT SIDE SIDESWIPE",,False,Clear or Partly Cloudy,Dry,Daylight,,,,32.0,One parked--one moving,0,0,True,0
-122.328029756603,47.5715195624256,202340,297397,298537,E817068,Matched,Block,,WEST SEATTLE BR EB BETWEEN W SEATTLE BR - I5 SB RP AND W SEA BR EB 4 AV OFF RP, ,,1,Property Damage Only Collision,Rear Ended,3,0,0,3,0,0,2018-06-25 00:00:00+00,6/25/2018 7:27:00 AM,Mid-Block (not related to intersection),14,"MOTOR VEHICLE STRUCK MOTOR VEHICLE, REAR END",,False,Overcast,Dry,Daylight,,,,14.0,From same direction - both going straight - one stopped - rear-end,0,0,False,0
-122.313357169498,47.6866889661973,202342,298257,299397,E813281,Matched,Intersection,24398.0,LAKE CITY WAY NE AND NE 80TH ST, ,,2,Injury Collision,Angles,6,0,0,3,1,0,2018-06-30 00:00:00+00,6/30/2018 3:28:00 PM,At Intersection (intersection related),11,"MOTOR VEHICLE STRUCK MOTOR VEHICLE, FRONT END AT ANGLE",,False,Overcast,Dry,Daylight,,,,10.0,Entering at angle,0,0,False,0
-122.341028152093,47.6262564997304,202345,295538,296658,3812208,Matched,Intersection,28735.0,8TH AVE N AND VALLEY ST, ,,1,Property Damage Only Collision,Angles,3,0,0,2,0,0,2018-07-06 00:00:00+00,7/6/2018 7:16:00 PM,At Intersection (intersection related),11,"MOTOR VEHICLE STRUCK MOTOR VEHICLE, FRONT END AT ANGLE",,False,Clear or Partly Cloudy,Dry,Daylight,,,,10.0,Entering at angle,0,0,False,0
-122.33486842073,47.6698061273785,202363,288989,289868,E800210,Matched,Block,,KENWOOD PL N BETWEEN N 55TH ST AND N 57TH ST, ,,2,Injury Collision,Parked Car,2,0,0,2,1,0,2018-05-19 00:00:00+00,5/19/2018 10:30:00 PM,Mid-Block (not related to intersection),11,"MOTOR VEHICLE STRUCK MOTOR VEHICLE, FRONT END AT ANGLE",,False,Overcast,Wet,Dark - Street Lights On,,,,32.0,One parked--one moving,0,0,False,0
-122.349834903598,47.6504310167182,202346,295524,296644,3705825,Matched,Intersection,27035.0,FREMONT AVE N AND FREMONT PL N, ,,1,Property Damage Only Collision,Sideswipe,2,0,0,2,0,0,2018-07-06 00:00:00+00,7/6/2018 8:00:00 AM,At Intersection (intersection related),16,"MOTOR VEHICLE STRUCK MOTOR VEHICLE, LEFT SIDE SIDESWIPE",,False,Clear or Partly Cloudy,Dry,Daylight,,,,81.0,Same direction -- both turning left -- both moving -- sideswipe,0,0,False,0
-122.370971801822,47.5718174660075,202347,298298,299438,3742211,Matched,Block,,SW SPOKANE ST BETWEEN HARBOR AVE SW AND 30TH AVE SW, ,,1,Property Damage Only Collision,Sideswipe,5,0,0,2,0,0,2018-07-21 00:00:00+00,7/21/2018 7:38:00 PM,Mid-Block (not related to intersection),14,"MOTOR VEHICLE STRUCK MOTOR VEHICLE, REAR END",True,False,Clear or Partly Cloudy,Dry,Dawn,,,,11.0,From same direction - both going straight - both moving - sideswipe,0,0,False,0
-122.299046232022,47.6794104873693,202349,298244,299384,3738691,Matched,Block,,NE 70TH ST BETWEEN 26TH AVE NE AND 27TH AVE NE, ,,1,Property Damage Only Collision,Parked Car,2,0,0,2,0,0,2018-07-21 00:00:00+00,7/21/2018 2:28:00 AM,Mid-Block (not related to intersection),11,"MOTOR VEHICLE STRUCK MOTOR VEHICLE, FRONT END AT ANGLE",,False,Clear or Partly Cloudy,Dry,Dark - Street Lights On,,,,32.0,One parked--one moving,0,0,True,0
-122.299159659816,47.5796734628583,202350,296524,297644,3755147,Matched,Block,,RAINIER AVE S BETWEEN S BAYVIEW ST AND S MCCLELLAN ST, ,,1,Property Damage Only Collision,Other,1,0,0,1,0,0,2018-07-07 00:00:00+00,7/7/2018 10:02:00 PM,Mid-Block (not related to intersection),28,MOTOR VEHICLE RAN OFF ROAD - HIT FIXED OBJECT,,False,Clear or Partly Cloudy,Dry,Dark - Street Lights On,,,,50.0,Fixed object,0,0,False,0
-122.361223621227,47.5711635830637,202351,296529,297649,E815249,Matched,Block,,W SEATTLE BR WB OFF RP BETWEEN W SEATTLE BR WB-CHELAN OFF RP AND DELRIDGE WAY SW, ,,2,Injury Collision,Other,1,0,0,1,1,0,2018-07-04 00:00:00+00,7/4/2018 7:16:00 PM,Mid-Block (not related to intersection),26,MOTOR VEHICLE STRUCK OBJECT IN ROAD,,False,Clear or Partly Cloudy,Dry,Daylight,,,,50.0,Fixed object,0,0,False,0
-122.339381135586,47.6126773361413,202352,295528,296648,E814175,Matched,Block,,4TH AVE BETWEEN STEWART ST AND VIRGINIA ST, ,,1,Property Damage Only Collision,Sideswipe,3,0,0,2,0,0,2018-06-28 00:00:00+00,6/28/2018 6:17:00 PM,Mid-Block (but intersection related),11,"MOTOR VEHICLE STRUCK MOTOR VEHICLE, FRONT END AT ANGLE",True,False,Overcast,Dry,Daylight,,,,11.0,From same direction - both going straight - both moving - sideswipe,0,0,False,0
-122.363031744638,47.5483852555685,202353,288994,289873,3742393,Matched,Block,,DELRIDGE WAY SW BETWEEN SW JUNEAU ST AND 24TH AVE SW, ,,1,Property Damage Only Collision,Parked Car,3,0,0,3,0,0,2018-05-26 00:00:00+00,5/26/2018 4:09:00 AM,Mid-Block (not related to intersection),11,"MOTOR VEHICLE STRUCK MOTOR VEHICLE, FRONT END AT ANGLE",,False,Clear or Partly Cloudy,Dry,Dark - Street Lights On,,,,32.0,One parked--one moving,0,0,True,0
-122.35637426861,47.6180277421132,202354,289537,290397,E801719,Matched,Block,,WESTERN AVE BETWEEN BAY ST AND QUEEN ANNE AVE, ,,1,Property Damage Only Collision,Sideswipe,3,0,0,2,0,0,2018-05-21 00:00:00+00,5/21/2018 7:43:00 AM,Mid-Block (not related to intersection),11,"MOTOR VEHICLE STRUCK MOTOR VEHICLE, FRONT END AT ANGLE",True,False,Clear or Partly Cloudy,Dry,Daylight,,,,11.0,From same direction - both going straight - both moving - sideswipe,0,0,False,0
-122.32289442149,47.5277416412495,202357,288992,289871,E800975,Matched,Block,,8TH AVE S BETWEEN S THISTLE ST AND S SULLIVAN ST, ,,2,Injury Collision,Angles,2,0,0,2,1,0,2018-05-23 00:00:00+00,5/23/2018 1:00:00 PM,Mid-Block (not related to intersection),11,"MOTOR VEHICLE STRUCK MOTOR VEHICLE, FRONT END AT ANGLE",,False,Clear or Partly Cloudy,Dry,Daylight,,,,10.0,Entering at angle,0,0,False,0
-122.344375329033,47.616802232544,202358,289489,290349,3812227,Matched,Intersection,29532.0,5TH AVE AND BATTERY ST, ,,1,Property Damage Only Collision,Left Turn,2,0,0,2,0,0,2018-05-30 00:00:00+00,5/30/2018 8:03:00 PM,At Intersection (intersection related),11,"MOTOR VEHICLE STRUCK MOTOR VEHICLE, FRONT END AT ANGLE",,False,Clear or Partly Cloudy,Dry,Daylight,,,,15.0,From same direction - one left turn - one straight,0,0,False,0
-122.321004404629,47.5533510236943,202359,290306,291186,E804773,Matched,Intersection,33100.0,AIRPORT WAY S AND S LUCILE ST, ,,2,Injury Collision,Left Turn,2,0,0,2,2,0,2018-05-31 00:00:00+00,5/31/2018 6:50:00 AM,At Intersection (intersection related),11,"MOTOR VEHICLE STRUCK MOTOR VEHICLE, FRONT END AT ANGLE",,False,Clear or Partly Cloudy,Dry,Daylight,,,,28.0,From opposite direction - one left turn - one straight,0,0,False,0
-122.337098128765,47.5382655907159,202360,288991,289870,3742307,Matched,Block,,2ND AVE SW BETWEEN 2ND AV SW TURN RD AND WEST MARGINAL WAY SW, ,,2,Injury Collision,Rear Ended,2,0,0,2,1,0,2018-05-23 00:00:00+00,5/23/2018 4:08:00 PM,Mid-Block (not related to intersection),14,"MOTOR VEHICLE STRUCK MOTOR VEHICLE, REAR END",True,False,Clear or Partly Cloudy,Dry,Daylight,,,,14.0,From same direction - both going straight - one stopped - rear-end,0,0,False,0
-122.352205743305,47.5842576061666,202361,290299,291179,3745869,Matched,Intersection,31225.0,13TH AVE SW AND SW FLORIDA ST, ,,2,Injury Collision,Angles,2,0,0,2,1,0,2018-06-03 00:00:00+00,6/3/2018 4:58:00 PM,At Intersection (intersection related),11,"MOTOR VEHICLE STRUCK MOTOR VEHICLE, FRONT END AT ANGLE",,False,Raining,Wet,Daylight,,,,10.0,Entering at angle,0,0,False,0