longitude,latitude,objectid,inckey,coldetkey,reportno,status,addrtype,intkey,location,exceptrsncode,exceptrsndesc,severitycode,severitydesc,collisiontype,personcount,pedcount,pedcylcount,vehcount,injuries,fatalities,incdate,incdttm,junctiontype,sdot_colcode,sdot_coldesc,inattentionind,underinfl,weather,roadcond,lightcond,pedrownotgrnt,sdotcolnum,speeding,st_colcode,st_coldesc,seglanekey,crosswalkkey,hitparkedcar,seriousinjuries
-122.296182081628,47.6141190497753,202362,288990,289869,E800887,Matched,Intersection,30013.0,M L KING JR WAY AND E PIKE ST, ,,1,Property Damage Only Collision,Angles,2,0,0,2,0,0,2018-05-22 00:00:00+00,5/22/2018 6:49:00 PM,At Intersection (intersection related),11,"MOTOR VEHICLE STRUCK MOTOR VEHICLE, FRONT END AT ANGLE",,False,Clear or Partly Cloudy,Dry,Daylight,,,,10.0,Entering at angle,0,0,False,0
-122.345047028476,47.7295834305023,202364,288988,289867,E800181,Matched,Block,,AURORA AVE N BETWEEN N 137TH ST AND N 140TH ST, ,,2,Injury Collision,Right Turn,3,0,0,2,1,0,2018-05-21 00:00:00+00,5/21/2018 1:52:00 PM,Mid-Block (not related to intersection),11,"MOTOR VEHICLE STRUCK MOTOR VEHICLE, FRONT END AT ANGLE",,False,Clear or Partly Cloudy,Dry,Daylight,,,,16.0,From same direction - one right turn - one straight,0,0,False,0
-122.362680059103,47.7103673525199,202365,289488,290348,3754304,Matched,Block,,NW 112TH ST BETWEEN 3RD AVE NW AND DEAD END, ,,1,Property Damage Only Collision,Angles,2,0,0,2,0,0,2018-05-29 00:00:00+00,5/29/2018 3:45:00 PM,Mid-Block (not related to intersection),11,"MOTOR VEHICLE STRUCK MOTOR VEHICLE, FRONT END AT ANGLE",,True,Overcast,Dry,Daylight,,,,10.0,Entering at angle,0,0,False,0
-122.312568840855,47.6268783129393,202366,288987,289866,E800886,Matched,Intersection,28970.0,15TH AVE E AND E ALOHA ST, ,,2,Injury Collision,Pedestrian,2,0,1,1,1,0,2018-05-22 00:00:00+00,5/22/2018 5:30:00 PM,At Intersection (intersection related),18,"MOTOR VEHICLE STRUCK PEDALCYCLIST, FRONT END AT ANGLE",True,False,Clear or Partly Cloudy,Dry,Daylight,,,,5.0,Vehicle Strikes Pedalcyclist,0,0,False,0
-122.334201368884,47.5787707065475,202367,289557,290417,E801720,Matched,Block,,1ST AVE S BETWEEN S LANDER ST AND S FOREST ST, ,,2,Injury Collision,Parked Car,4,0,0,4,1,0,2018-05-24 00:00:00+00,5/24/2018 9:40:00 AM,Mid-Block (not related to intersection),11,"MOTOR VEHICLE STRUCK MOTOR VEHICLE, FRONT END AT ANGLE",True,False,Overcast,Dry,Daylight,,,,20.0,One car leaving parked position,0,0,False,0
-122.320727861346,47.661319003343,202368,290304,291184,3754133,Matched,Intersection,27070.0,7TH AVE NE AND NE 45TH ST, ,,1,Property Damage Only Collision,Right Turn,2,0,0,2,0,0,2018-06-04 00:00:00+00,6/4/2018 10:38:00 PM,At Intersection (intersection related),11,"MOTOR VEHICLE STRUCK MOTOR VEHICLE, FRONT END AT ANGLE",,True,Clear or Partly Cloudy,Dry,Dark - Street Lights On,,,,16.0,From same direction - one right turn - one straight,0,0,False,0
-122.331306048169,47.5448814245195,202371,289487,290347,3754169,Matched,Intersection,34222.0,EAST MARGINAL WAY S AND S MICHIGAN ST, ,,2,Injury Collision,Angles,2,0,0,2,1,0,2018-05-29 00:00:00+00,5/29/2018 8:26:00 PM,At Intersection (intersection related),14,"MOTOR VEHICLE STRUCK MOTOR VEHICLE, REAR END",,False,Overcast,Dry,Dusk,,,,10.0,Entering at angle,0,0,False,0
-122.379327292504,47.5156141298509,202374,290301,291181,3745870,Matched,Intersection,37969.0,37TH AVE SW AND SW 98TH ST, ,,1,Property Damage Only Collision,Other,1,0,0,1,0,0,2018-06-04 00:00:00+00,6/4/2018 12:37:00 PM,At Intersection (intersection related),26,MOTOR VEHICLE STRUCK OBJECT IN ROAD,True,False,Clear or Partly Cloudy,Dry,Daylight,,,,50.0,Fixed object,0,0,False,0
-122.349138174404,47.6137545056127,202376,289517,290377,E801718,Matched,Block,,WESTERN AVE BETWEEN BATTERY ST AND WALL ST, ,,1,Property Damage Only Collision,Rear Ended,2,0,0,2,0,0,2018-05-21 00:00:00+00,5/21/2018 10:05:00 AM,Mid-Block (not related to intersection),14,"MOTOR VEHICLE STRUCK MOTOR VEHICLE, REAR END",True,False,Clear or Partly Cloudy,Dry,Daylight,,,,14.0,From same direction - both going straight - one stopped - rear-end,0,0,False,0
-122.313353432506,47.578633253521,202379,290305,291185,3814745,Matched,Intersection,31304.0,15TH AVE S AND S MCCLELLAN ST, ,,1,Property Damage Only Collision,Angles,2,0,0,2,0,0,2018-06-04 00:00:00+00,6/4/2018 9:13:00 AM,At Intersection (intersection related),11,"MOTOR VEHICLE STRUCK MOTOR VEHICLE, FRONT END AT ANGLE",,False,Raining,Wet,Daylight,,,,10.0,Entering at angle,0,0,False,0
-122.330166658891,47.6047683689247,202381,289577,290437,E801721,Matched,Block,,5TH AVE BETWEEN CHERRY ST AND COLUMBIA ST, ,,2,Injury Collision,Other,4,0,0,2,2,0,2018-05-03 00:00:00+00,5/3/2018 7:21:00 AM,Mid-Block (not related to intersection),14,"MOTOR VEHICLE STRUCK MOTOR VEHICLE, REAR END",,False,Clear or Partly Cloudy,Dry,Daylight,,,,50.0,Fixed object,0,0,False,0
-122.287444919317,47.5390982607505,200742,298579,299739,3810702,Matched,Block,,HOLLY PARK DR S BETWEEN 35TH PL S AND S MYRTLE PL, ,,1,Property Damage Only Collision,Parked Car,2,0,0,2,0,0,2018-07-23 00:00:00+00,7/23/2018 3:59:00 PM,Mid-Block (not related to intersection),14,"MOTOR VEHICLE STRUCK MOTOR VEHICLE, REAR END",,False,,Unknown,,,,,32.0,One parked--one moving,0,0,True,0
-122.337552430549,47.5893722757029,202384,289497,290357,E801631,Matched,Block,,ALASKAN WY VI NB BETWEEN S HOLGATE ST AND SR99 REPUBLICAN OFF RP, ,,1,Property Damage Only Collision,Sideswipe,2,0,0,2,0,0,2018-05-10 00:00:00+00,5/10/2018 10:24:00 AM,Mid-Block (not related to intersection),11,"MOTOR VEHICLE STRUCK MOTOR VEHICLE, FRONT END AT ANGLE",,False,Clear or Partly Cloudy,Dry,Daylight,,,,11.0,From same direction - both going straight - both moving - sideswipe,0,0,False,0
-122.40617934886,47.5801504172671,202385,291263,292143,3741987,Matched,Block,,58TH AVE SW BETWEEN ALKI AVE SW AND SW LANDER E ST, ,,1,Property Damage Only Collision,Parked Car,2,0,0,2,0,0,2018-06-11 00:00:00+00,6/11/2018 2:00:00 PM,Mid-Block (not related to intersection),16,"MOTOR VEHICLE STRUCK MOTOR VEHICLE, LEFT SIDE SIDESWIPE",,False,Unknown,Unknown,Unknown,,,,32.0,One parked--one moving,0,0,True,0
-122.298813744698,47.6122463676761,202386,292060,292980,E806316,Matched,Block,,26TH AVE BETWEEN E SPRING ST AND E UNION ST, ,,1,Property Damage Only Collision,Parked Car,2,0,0,2,0,0,2018-06-08 00:00:00+00,6/8/2018 5:45:00 PM,Mid-Block (not related to intersection),11,"MOTOR VEHICLE STRUCK MOTOR VEHICLE, FRONT END AT ANGLE",,False,Raining,Wet,Daylight,,,,32.0,One parked--one moving,0,0,False,0
-122.351864998678,47.6468851104932,202388,291258,292138,3578825,Matched,Block,,FLORENTIA ST BETWEEN MAYFAIR AVE N AND NICKERSON ST, ,,1,Property Damage Only Collision,Other,2,0,0,1,0,0,2018-06-10 00:00:00+00,6/10/2018 5:23:00 AM,Mid-Block (not related to intersection),28,MOTOR VEHICLE RAN OFF ROAD - HIT FIXED OBJECT,True,False,Clear or Partly Cloudy,Dry,Daylight,,,,50.0,Fixed object,0,0,False,0
-122.346058272615,47.517307193413,202389,290761,291641,E792760,Matched,Block,,SW ROXBURY ST BETWEEN 8TH AVE SW AND 9TH AVE SW, ,,2,Injury Collision,Rear Ended,5,0,0,3,3,0,2018-04-25 00:00:00+00,4/25/2018 7:35:00 PM,Mid-Block (not related to intersection),14,"MOTOR VEHICLE STRUCK MOTOR VEHICLE, REAR END",,False,Clear or Partly Cloudy,Dry,Daylight,,,,14.0,From same direction - both going straight - one stopped - rear-end,0,0,False,0
-122.376142758728,47.6376608639976,202391,292057,292977,3578846,Matched,Intersection,27940.0,15TH AVE W AND W ARMORY WAY, ,,3,Fatality Collision,Pedestrian,2,1,0,1,0,1,2018-06-13 00:00:00+00,6/13/2018 10:13:00 AM,At Intersection (intersection related),24,MOTOR VEHCILE STRUCK PEDESTRIAN,,False,Clear or Partly Cloudy,Dry,Daylight,,,,0.0,Vehicle going straight hits pedestrian,0,521058,False,0
-122.304097547955,47.6439612719314,202392,292077,293017,3702678,Matched,Intersection,28391.0,MONTLAKE BLVD E AND EAST MONTLAKE PL E, ,,2,Injury Collision,Pedestrian,2,1,0,1,1,0,2018-06-14 00:00:00+00,6/14/2018 6:41:00 PM,At Intersection (intersection related),24,MOTOR VEHCILE STRUCK PEDESTRIAN,,False,Clear or Partly Cloudy,Dry,Daylight,True,,,1.0,Vehicle turning right hits pedestrian,0,0,False,0
-122.338074769599,47.7341339225052,202393,290784,291664,E795217,Matched,Intersection,35693.0,COURTLAND PL N AND N 145TH ST, ,,2,Injury Collision,Angles,2,0,0,2,1,0,2018-04-18 00:00:00+00,4/18/2018 10:00:00 AM,At Intersection (intersection related),11,"MOTOR VEHICLE STRUCK MOTOR VEHICLE, FRONT END AT ANGLE",,False,Clear or Partly Cloudy,Dry,Daylight,,,,10.0,Entering at angle,0,0,False,0
-122.320749185553,47.6057183201034,202394,291261,292141,3706998,Matched,Block,,BROADWAY BETWEEN TERRACE ST AND JEFFERSON ST, ,,1,Property Damage Only Collision,Parked Car,2,0,0,2,0,0,2018-05-28 00:00:00+00,5/28/2018 5:30:00 PM,Mid-Block (not related to intersection),11,"MOTOR VEHICLE STRUCK MOTOR VEHICLE, FRONT END AT ANGLE",,False,Unknown,Unknown,,,,,32.0,One parked--one moving,0,0,True,0
-122.320295317189,47.5958267974099,202395,290717,291597,E792343,Matched,Block,,S DEARBORN ST BETWEEN DEARBORN OFF RP AND DEARBORN ST OFF RP, ,,1,Property Damage Only Collision,Other,1,0,0,1,0,0,2018-04-26 00:00:00+00,4/26/2018 7:35:00 PM,Mid-Block (not related to intersection),28,MOTOR VEHICLE RAN OFF ROAD - HIT FIXED OBJECT,True,False,Clear or Partly Cloudy,Dry,Daylight,,,,50.0,Fixed object,0,0,False,0
-122.312718837398,47.6553469603444,202396,290319,291190,3479521,Matched,Block,,NE 40TH ST BETWEEN UNIVERSITY WAY NE AND 15TH AVE NE, ,,1,Property Damage Only Collision,Angles,2,0,0,2,0,0,2018-05-10 00:00:00+00,5/10/2018 2:43:00 PM,Mid-Block (not related to intersection),11,"MOTOR VEHICLE STRUCK MOTOR VEHICLE, FRONT END AT ANGLE",True,False,Clear or Partly Cloudy,Dry,Daylight,,,,10.0,Entering at angle,0,0,False,0
-122.322929774533,47.68519498041,202397,291264,292144,E805320,Matched,Block,,5TH AVE NE BETWEEN BANNER WAY NE AND NE 78TH ST, ,,1,Property Damage Only Collision,Sideswipe,3,0,0,2,0,0,2018-05-27 00:00:00+00,5/27/2018 3:35:00 PM,Mid-Block (not related to intersection),11,"MOTOR VEHICLE STRUCK MOTOR VEHICLE, FRONT END AT ANGLE",,False,Clear or Partly Cloudy,Dry,Daylight,,,,11.0,From same direction - both going straight - both moving - sideswipe,0,0,False,0
-122.29028647535,47.5461181168669,202398,292061,292997,3696123,Matched,Intersection,33644.0,33RD AVE S AND S GRAHAM ST, ,,2,Injury Collision,Left Turn,3,0,0,2,1,0,2018-06-15 00:00:00+00,6/15/2018 11:55:00 PM,At Intersection (intersection related),11,"MOTOR VEHICLE STRUCK MOTOR VEHICLE, FRONT END AT ANGLE",,False,Clear or Partly Cloudy,Dry,Dark - Street Lights On,,,,28.0,From opposite direction - one left turn - one straight,0,0,False,0
-122.317583155172,47.6199319330191,202400,291259,292139,3706997,Matched,Block,,E JOHN ST BETWEEN 11TH AVE E AND 12TH AVE E, ,,2,Injury Collision,Rear Ended,4,0,0,3,2,0,2018-06-11 00:00:00+00,6/11/2018 8:55:00 AM,Mid-Block (not related to intersection),14,"MOTOR VEHICLE STRUCK MOTOR VEHICLE, REAR END",True,False,Clear or Partly Cloudy,Dry,Daylight,,,,13.0,From same direction - both going straight - both moving - rear-end,0,0,False,0
-122.299908987665,47.7338129905874,202401,290779,291659,E793471,Matched,Block,,NE 145TH ST BETWEEN 26TH AVE NE AND 27TH AVE NE, ,,1,Property Damage Only Collision,Sideswipe,2,0,0,2,0,0,2018-04-22 00:00:00+00,4/22/2018 8:21:00 PM,Mid-Block (not related to intersection),11,"MOTOR VEHICLE STRUCK MOTOR VEHICLE, FRONT END AT ANGLE",True,False,Clear or Partly Cloudy,Dry,Dark - Street Lights On,,,,11.0,From same direction - both going straight - both moving - sideswipe,0,0,False,0
-122.321315277251,47.547986761247,202402,290318,291189,E804774,Matched,Intersection,33124.0,CORSON AVE S AND S HARNEY ST, ,,2,Injury Collision,Angles,3,0,0,2,1,0,2018-05-23 00:00:00+00,5/23/2018 10:13:00 AM,At Intersection (intersection related),11,"MOTOR VEHICLE STRUCK MOTOR VEHICLE, FRONT END AT ANGLE",,False,Clear or Partly Cloudy,Dry,Daylight,,,,10.0,Entering at angle,0,0,False,0
-122.291355431602,47.5574620114071,202403,291262,292142,3735073,Matched,Block,,M L KING JR WR WAY S BETWEEN S FERDINAND ST AND S HUDSON ST, ,,2,Injury Collision,Rear Ended,3,0,0,2,1,0,2018-06-11 00:00:00+00,6/11/2018 12:04:00 PM,Mid-Block (but intersection related),14,"MOTOR VEHICLE STRUCK MOTOR VEHICLE, REAR END",,False,Clear or Partly Cloudy,Dry,Daylight,,,,14.0,From same direction - both going straight - one stopped - rear-end,0,0,False,0
-122.302777064791,47.6061755709099,202405,292078,293018,3702679,Matched,Intersection,30187.0,23RD AVE AND E JEFFERSON ST, ,,2,Injury Collision,Pedestrian,2,1,0,1,1,0,2018-06-15 00:00:00+00,6/15/2018 3:04:00 PM,At Intersection (intersection related),24,MOTOR VEHCILE STRUCK PEDESTRIAN,,False,Clear or Partly Cloudy,Dry,Daylight,,,,0.0,Vehicle going straight hits pedestrian,0,0,False,0
-122.312674751098,47.7203169286599,202406,291238,292118,E805314,Matched,Block,,15TH AVE NE BETWEEN NE 125TH ST AND NE 127TH ST, ,,1,Property Damage Only Collision,Left Turn,2,0,0,2,0,0,2018-06-01 00:00:00+00,6/1/2018 5:46:00 PM,Mid-Block (not related to intersection),11,"MOTOR VEHICLE STRUCK MOTOR VEHICLE, FRONT END AT ANGLE",,False,Clear or Partly Cloudy,Dry,Daylight,,,,28.0,From opposite direction - one left turn - one straight,0,0,False,0
-122.320053090362,47.6758520999794,202407,292059,292979,3694562,Matched,Intersection,24495.0,8TH AVE NE AND NE 65TH ST, ,,2,Injury Collision,Pedestrian,2,1,0,1,2,0,2018-06-11 00:00:00+00,6/11/2018 9:56:00 PM,At Intersection (intersection related),24,MOTOR VEHCILE STRUCK PEDESTRIAN,,True,Clear or Partly Cloudy,Dry,Dark - Street Lights On,,,,2.0,Vehicle turning left hits pedestrian,0,0,False,0
-122.333060580263,47.6249435942391,202408,290758,291638,E792723,Matched,Block,,MERCER ST OFF RP BETWEEN I5 NB MERCER ST OFF RP AND FAIRVIEW AVE N, ,,1,Property Damage Only Collision,Rear Ended,3,0,0,3,0,0,2018-04-27 00:00:00+00,4/27/2018 12:00:00 PM,Mid-Block (not related to intersection),14,"MOTOR VEHICLE STRUCK MOTOR VEHICLE, REAR END",,False,Clear or Partly Cloudy,Dry,Daylight,,,,14.0,From same direction - both going straight - one stopped - rear-end,0,0,False,0
-122.309724056073,47.6612595262605,202409,290307,291187,3479351,Matched,Intersection,26076.0,17TH SB AVE NE AND NE 45TH ST, ,,1,Property Damage Only Collision,Sideswipe,5,0,0,2,0,0,2018-05-13 00:00:00+00,5/13/2018 11:15:00 PM,At Intersection (intersection related),11,"MOTOR VEHICLE STRUCK MOTOR VEHICLE, FRONT END AT ANGLE",True,False,Clear or Partly Cloudy,Dry,Dark - Street Lights On,,,,11.0,From same direction - both going straight - both moving - sideswipe,0,0,False,0
-122.364884200245,47.6591185471117,202410,292037,292957,E806314,Matched,Block,,LEARY WAY NW BETWEEN NW 43RD ST AND 7TH AVE NW, ,,2,Injury Collision,Rear Ended,4,0,0,2,3,0,2018-06-04 00:00:00+00,6/4/2018 11:30:00 AM,Mid-Block (not related to intersection),14,"MOTOR VEHICLE STRUCK MOTOR VEHICLE, REAR END",True,False,Clear or Partly Cloudy,Dry,Daylight,,,,14.0,From same direction - both going straight - one stopped - rear-end,0,0,False,0
-122.314165334497,47.6061919639057,202411,292062,292998,3702677,Matched,Intersection,29805.0,14TH AVE AND E JEFFERSON ST, ,,1,Property Damage Only Collision,Angles,4,0,0,3,0,0,2018-06-14 00:00:00+00,6/14/2018 11:06:00 AM,At Intersection (intersection related),11,"MOTOR VEHICLE STRUCK MOTOR VEHICLE, FRONT END AT ANGLE",,False,Clear or Partly Cloudy,Dry,Daylight,,,,10.0,Entering at angle,0,0,False,0
-122.304568125794,47.6449703556232,202412,290781,291661,E793479,Matched,Block,,MONTLAKE BLVD E BETWEEN SR520 WB MONTLAKE BV OFF RP AND MONTLAKE BV ON RP, ,,1,Property Damage Only Collision,Rear Ended,3,0,0,3,0,0,2018-04-29 00:00:00+00,4/29/2018 8:14:00 PM,Mid-Block (not related to intersection),14,"MOTOR VEHICLE STRUCK MOTOR VEHICLE, REAR END",,False,Overcast,Dry,Dusk,,,,13.0,From same direction - both going straight - both moving - rear-end,0,0,False,0
-122.326836627314,47.678556370481,202413,291260,292140,E805307,Matched,Intersection,24585.0,4TH AVE NE AND EAST GREEN LAKE WAY N, ,,2,Injury Collision,Pedestrian,2,1,0,1,1,0,2018-06-06 00:00:00+00,6/6/2018 2:31:00 PM,At Intersection (intersection related),24,MOTOR VEHCILE STRUCK PEDESTRIAN,,False,Clear or Partly Cloudy,Dry,Daylight,True,,,0.0,Vehicle going straight hits pedestrian,0,524209,False,0
-122.313511317539,47.5635038792208,202414,290697,291577,E804588,Matched,Intersection,32310.0,15TH AVE S AND S OREGON ST, ,,1,Property Damage Only Collision,Sideswipe,2,0,0,2,0,0,2018-06-03 00:00:00+00,6/3/2018 8:15:00 PM,At Intersection (intersection related),11,"MOTOR VEHICLE STRUCK MOTOR VEHICLE, FRONT END AT ANGLE",,False,Clear or Partly Cloudy,Wet,Dark - Street Lights On,,,,11.0,From same direction - both going straight - both moving - sideswipe,0,0,False,0
-122.337349365567,47.5204706504791,202416,294117,295177,3745460,Matched,Block,,OLSON PL SW BETWEEN 2ND AVE SW AND 3RD AVE SW, ,,2,Injury Collision,Rear Ended,2,0,0,2,1,0,2018-06-27 00:00:00+00,6/27/2018 7:38:00 AM,Mid-Block (not related to intersection),14,"MOTOR VEHICLE STRUCK MOTOR VEHICLE, REAR END",,False,Clear or Partly Cloudy,Dry,Daylight,,,,14.0,From same direction - both going straight - one stopped - rear-end,0,0,False,0
-122.355426215357,47.7025464520376,202417,294122,295182,3751230,Matched,Block,,GREENWOOD AVE N BETWEEN N 101ST ST AND N 102ND ST, ,,2,Injury Collision,Other,3,0,0,2,1,0,2018-06-27 00:00:00+00,6/27/2018 8:07:00 PM,Mid-Block (not related to intersection),14,"MOTOR VEHICLE STRUCK MOTOR VEHICLE, REAR END",,True,Clear or Partly Cloudy,Dry,Daylight,,,True,23.0,From same direction - all others,0,0,False,0
-122.358464211794,47.6742318922544,202418,293525,294545,E810732,Matched,Intersection,25258.0,SYCAMORE AVE NW AND NW 62ND ST, ,,1,Property Damage Only Collision,Angles,2,0,0,2,0,0,2018-06-21 00:00:00+00,6/21/2018 10:37:00 AM,At Intersection (intersection related),11,"MOTOR VEHICLE STRUCK MOTOR VEHICLE, FRONT END AT ANGLE",,False,Clear or Partly Cloudy,Dry,Daylight,,,,10.0,Entering at angle,0,0,False,0
-122.361091865746,47.5379541665937,202419,293149,294169,3745929,Matched,Intersection,33963.0,DELRIDGE WAY SW AND SW ORCHARD ST, ,,2,Injury Collision,Cycles,2,0,1,1,1,0,2018-06-21 00:00:00+00,6/21/2018 1:40:00 PM,At Intersection (intersection related),51,PEDALCYCLIST STRUCK MOTOR VEHICLE FRONT END AT ANGLE,,False,Overcast,Dry,Daylight,,,,6.0,Pedalcyclist Strikes Moving Vehicle,24246,0,False,0
-122.26998705276,47.5291301146044,202420,293530,294550,E811395,Matched,Intersection,35416.0,RAINIER AVE S AND S ROSE S ST, ,,2,Injury Collision,Left Turn,2,0,0,2,1,0,2018-06-19 00:00:00+00,6/19/2018 5:57:00 PM,At Intersection (intersection related),11,"MOTOR VEHICLE STRUCK MOTOR VEHICLE, FRONT END AT ANGLE",,False,Clear or Partly Cloudy,Dry,Daylight,,,,28.0,From opposite direction - one left turn - one straight,0,0,False,0
-122.276707739111,47.5251925293443,202421,294125,295185,3755142,Matched,Block,,RENTON AVE S BETWEEN S CLOVERDALE ST AND S TRENTON ST, ,,1,Property Damage Only Collision,Sideswipe,2,0,0,2,0,0,2018-06-26 00:00:00+00,6/26/2018 11:05:00 AM,Mid-Block (not related to intersection),14,"MOTOR VEHICLE STRUCK MOTOR VEHICLE, REAR END",True,False,Clear or Partly Cloudy,Dry,Daylight,,,,12.0,From same direction - both going straight - one stopped - sideswipe,0,0,False,0
-122.38676064835,47.5756262511945,202422,293148,294168,3742499,Matched,Intersection,31823.0,CALIFORNIA AVE SW AND SW HANFORD ST, ,,1,Property Damage Only Collision,Left Turn,2,0,0,2,0,0,2018-06-22 00:00:00+00,6/22/2018 1:18:00 AM,At Intersection (intersection related),11,"MOTOR VEHICLE STRUCK MOTOR VEHICLE, FRONT END AT ANGLE",,False,Clear or Partly Cloudy,Dry,Dark - Street Lights On,,,,15.0,From same direction - one left turn - one straight,0,0,False,0
-122.390365760672,47.5881121540959,202424,293147,294167,3742437,Matched,Intersection,31113.0,46TH AVE SW AND SW MASSACHUSETTS ST, ,,2,Injury Collision,Angles,2,0,0,2,2,0,2018-06-20 00:00:00+00,6/20/2018 4:27:00 PM,At Intersection (intersection related),11,"MOTOR VEHICLE STRUCK MOTOR VEHICLE, FRONT END AT ANGLE",True,False,Clear or Partly Cloudy,Dry,Daylight,,,True,10.0,Entering at angle,0,0,False,0
-122.310150322968,47.59407194426,202425,293146,294166,3704493,Matched,Intersection,30794.0,RAINIER AVE S AND S CHARLES S ST, ,,2,Injury Collision,Left Turn,3,0,0,3,1,0,2018-06-21 00:00:00+00,6/21/2018 9:24:00 AM,At Intersection (intersection related),11,"MOTOR VEHICLE STRUCK MOTOR VEHICLE, FRONT END AT ANGLE",,False,Clear or Partly Cloudy,Dry,Daylight,,,,28.0,From opposite direction - one left turn - one straight,0,0,False,0
-122.280803617576,47.5261037975097,202426,293145,294165,3696125,Matched,Intersection,35256.0,42ND AVE S AND S CLOVERDALE ST, ,,2,Injury Collision,Angles,2,0,0,2,2,0,2018-06-21 00:00:00+00,6/21/2018 8:49:00 PM,At Intersection (intersection related),11,"MOTOR VEHICLE STRUCK MOTOR VEHICLE, FRONT END AT ANGLE",,False,Clear or Partly Cloudy,Dry,Daylight,,,,10.0,Entering at angle,0,0,False,0
-122.254536615777,47.5063528316202,202427,293529,294549,E811394,Matched,Intersection,38250.0,RENTON AVE S AND S BANGOR ST, ,,1,Property Damage Only Collision,Left Turn,3,0,0,2,0,0,2018-06-18 00:00:00+00,6/18/2018 5:17:00 PM,At Intersection (intersection related),11,"MOTOR VEHICLE STRUCK MOTOR VEHICLE, FRONT END AT ANGLE",,False,Clear or Partly Cloudy,Dry,Daylight,,,,15.0,From same direction - one left turn - one straight,0,0,False,0
-122.29699071388,47.581267001453,202428,293144,294164,3329446,Matched,Intersection,31507.0,M L KING JR WAY S AND S BAYVIEW S ST, ,,2,Injury Collision,Pedestrian,2,0,1,1,1,0,2018-06-22 00:00:00+00,6/22/2018 7:00:00 PM,At Intersection (intersection related),18,"MOTOR VEHICLE STRUCK PEDALCYCLIST, FRONT END AT ANGLE",,False,Unknown,Unknown,Unknown,,,,5.0,Vehicle Strikes Pedalcyclist,0,524859,False,0
-122.386708389277,47.5285231842545,202429,294118,295178,3745564,Matched,Block,,SW THISTLE ST BETWEEN 42ND AVE SW AND CALIFORNIA AVE SW, ,,1,Property Damage Only Collision,Parked Car,2,0,0,2,0,0,2018-06-28 00:00:00+00,6/28/2018 12:52:00 AM,Mid-Block (not related to intersection),14,"MOTOR VEHICLE STRUCK MOTOR VEHICLE, REAR END",True,False,Clear or Partly Cloudy,Dry,Dark - Street Lights On,,,,32.0,One parked--one moving,0,0,True,0
-122.345859536111,47.6862237243741,202430,294123,295183,3751231,Matched,Block,,N 79TH ST BETWEEN LINDEN AVE N AND AURORA AVE N, ,,1,Property Damage Only Collision,Parked Car,2,0,0,2,0,0,2018-06-27 00:00:00+00,6/27/2018 8:56:00 PM,Driveway Junction,11,"MOTOR VEHICLE STRUCK MOTOR VEHICLE, FRONT END AT ANGLE",True,False,Clear or Partly Cloudy,Dry,Daylight,,,,32.0,One parked--one moving,0,0,True,0
-122.323765101689,47.5954137311022,202431,293143,294163,3753605,Matched,Block,,7TH AVE S BETWEEN S DEARBORN ST AND S CHARLES ST, ,,1,Property Damage Only Collision,Sideswipe,3,0,0,2,0,0,2018-06-21 00:00:00+00,6/21/2018 6:51:00 PM,Mid-Block (not related to intersection),11,"MOTOR VEHICLE STRUCK MOTOR VEHICLE, FRONT END AT ANGLE",,False,Clear or Partly Cloudy,Dry,Daylight,,,,11.0,From same direction - both going straight - both moving - sideswipe,0,0,False,0
-122.344971855846,47.7227553445816,202432,293142,294162,3751260,Matched,Block,,AURORA AVE N BETWEEN N 128TH ST AND N 130TH ST, ,,2,Injury Collision,Rear Ended,3,0,0,3,1,0,2018-06-22 00:00:00+00,6/22/2018 9:42:00 PM,Mid-Block (not related to intersection),14,"MOTOR VEHICLE STRUCK MOTOR VEHICLE, REAR END",True,False,Raining,Wet,Dark - Street Lights On,,,,14.0,From same direction - both going straight - one stopped - rear-end,0,0,False,0
-122.331408527643,47.6027691759459,202726,295057,296157,E812415,Matched,Intersection,30480.0,3RD AVE AND JAMES ST, ,,2,Injury Collision,Angles,2,0,0,2,2,0,2018-06-27 00:00:00+00,6/27/2018 10:43:00 AM,At Intersection (intersection related),11,"MOTOR VEHICLE STRUCK MOTOR VEHICLE, FRONT END AT ANGLE",,False,Clear or Partly Cloudy,Dry,Daylight,,,,10.0,Entering at angle,0,0,False,0
-122.294055965143,47.7155528780196,202433,293528,294548,E811388,Matched,Intersection,36619.0,32ND AVE NE AND NE 120TH ST, ,,2,Injury Collision,Angles,2,0,0,2,2,0,2018-06-11 00:00:00+00,6/11/2018 2:10:00 PM,At Intersection (intersection related),11,"MOTOR VEHICLE STRUCK MOTOR VEHICLE, FRONT END AT ANGLE",,False,Clear or Partly Cloudy,Dry,Daylight,,,,10.0,Entering at angle,0,0,False,0
-122.296886363227,47.5462809845523,202436,292669,293649,E807262,Matched,Intersection,33289.0,28TH AVE S AND S GRAHAM ST, ,,2,Injury Collision,Angles,2,0,0,2,1,0,2018-06-11 00:00:00+00,6/11/2018 11:25:00 AM,At Intersection (intersection related),11,"MOTOR VEHICLE STRUCK MOTOR VEHICLE, FRONT END AT ANGLE",True,False,Clear or Partly Cloudy,Dry,Daylight,,,,10.0,Entering at angle,0,0,False,0