longitude,latitude,objectid,inckey,coldetkey,reportno,status,addrtype,intkey,location,exceptrsncode,exceptrsndesc,severitycode,severitydesc,collisiontype,personcount,pedcount,pedcylcount,vehcount,injuries,fatalities,incdate,incdttm,junctiontype,sdot_colcode,sdot_coldesc,inattentionind,underinfl,weather,roadcond,lightcond,pedrownotgrnt,sdotcolnum,speeding,st_colcode,st_coldesc,seglanekey,crosswalkkey,hitparkedcar,seriousinjuries
-122.356158863936,47.7047253082172,202437,294121,295181,3751165,Matched,Block,,HOLMAN RD N BETWEEN N 104TH ST AND GREENWOOD AVE N, ,,1,Property Damage Only Collision,Left Turn,5,0,0,2,0,0,2018-06-27 00:00:00+00,6/27/2018 10:01:00 PM,Driveway Junction,11,"MOTOR VEHICLE STRUCK MOTOR VEHICLE, FRONT END AT ANGLE",,False,Clear or Partly Cloudy,Dry,Dark - Street Lights On,,,,15.0,From same direction - one left turn - one straight,0,0,False,0
-122.280846400619,47.5354048022353,202438,292668,293648,E807259,Matched,Intersection,164360.0,M L KING JR WR WAY S AND S WEBSTER ST, ,,1,Property Damage Only Collision,Angles,2,0,0,2,0,0,2018-06-10 00:00:00+00,6/10/2018 6:00:00 PM,At Intersection (intersection related),11,"MOTOR VEHICLE STRUCK MOTOR VEHICLE, FRONT END AT ANGLE",,False,Overcast,Wet,Daylight,,,,10.0,Entering at angle,0,0,False,0
-122.288611890834,47.5656495448616,202439,293532,294552,E811401,Matched,Intersection,32705.0,RAINIER AVE S AND S ADAMS ST, ,,2,Injury Collision,Angles,2,0,0,2,2,0,2018-06-22 00:00:00+00,6/22/2018 9:36:00 AM,At Intersection (intersection related),11,"MOTOR VEHICLE STRUCK MOTOR VEHICLE, FRONT END AT ANGLE",,False,Clear or Partly Cloudy,Dry,Daylight,,,,10.0,Entering at angle,0,0,False,0
-122.295287720879,47.5462380017157,202440,292667,293647,E807256,Matched,Block,,S GRAHAM ST BETWEEN 29TH AVE S AND SHAFFER AVE S, ,,1,Property Damage Only Collision,Angles,2,0,0,2,0,0,2018-06-08 00:00:00+00,6/8/2018 1:19:00 PM,Mid-Block (but intersection related),11,"MOTOR VEHICLE STRUCK MOTOR VEHICLE, FRONT END AT ANGLE",True,False,Raining,Wet,Daylight,,,,10.0,Entering at angle,0,0,False,0
-122.357615846798,47.663237972211,202441,293527,294547,E811068,Matched,Intersection,25357.0,1ST AVE NW AND NW MARKET ST, ,,2,Injury Collision,Right Turn,2,0,0,2,1,0,2018-06-23 00:00:00+00,6/23/2018 1:51:00 AM,At Intersection (intersection related),11,"MOTOR VEHICLE STRUCK MOTOR VEHICLE, FRONT END AT ANGLE",True,False,Raining,Wet,Dark - Street Lights On,,,,16.0,From same direction - one right turn - one straight,0,0,False,0
-122.319208783547,47.7085692194742,202442,294124,295184,3751232,Matched,Block,,NE NORTHGATE WAY BETWEEN 8TH AVE NE AND ROOSEVELT WAY NE, ,,1,Property Damage Only Collision,Angles,5,0,0,2,0,0,2018-06-28 00:00:00+00,6/28/2018 12:55:00 PM,Driveway Junction,11,"MOTOR VEHICLE STRUCK MOTOR VEHICLE, FRONT END AT ANGLE",,False,Clear or Partly Cloudy,Dry,Daylight,,,,10.0,Entering at angle,0,0,False,0
-122.353352778371,47.5339026998276,202444,294119,295179,3745934,Matched,Block,,SW HOLDEN ST BETWEEN 14TH AVE SW AND 15TH AVE SW, ,,1,Property Damage Only Collision,Right Turn,2,0,0,2,0,0,2018-06-26 00:00:00+00,6/26/2018 4:27:00 PM,Driveway Junction,14,"MOTOR VEHICLE STRUCK MOTOR VEHICLE, REAR END",,False,Clear or Partly Cloudy,Dry,Daylight,,,,16.0,From same direction - one right turn - one straight,0,0,False,0
-122.41652628785,47.5737592946194,202445,292665,293645,E809752,Matched,Block,,BEACH DR SW BETWEEN BENTON PL SW AND 64TH AVE SW,NEI,"Not Enough Information, or Insufficient Location Information",1,Property Damage Only Collision,Parked Car,2,0,0,2,0,0,2018-06-17 00:00:00+00,6/17/2018 3:00:00 AM,,0,NOT ENOUGH INFORMATION / NOT APPLICABLE,True,False,Clear or Partly Cloudy,Dry,Dark - Street Lights On,,,,32.0,One parked--one moving,0,0,True,0
-122.377550288343,47.6664341206001,202446,292664,293644,E807098,Matched,Block,,NW 52ND ST BETWEEN 15TH AVE NW AND 17TH AVE NW, ,,1,Property Damage Only Collision,Parked Car,2,0,0,2,0,0,2018-06-09 00:00:00+00,6/9/2018 8:30:00 PM,Driveway Junction,28,MOTOR VEHICLE RAN OFF ROAD - HIT FIXED OBJECT,,False,Raining,Wet,Daylight,,,,32.0,One parked--one moving,0,0,True,0
-122.311130634867,47.5488855877434,202447,293531,294551,E811398,Matched,Intersection,33381.0,SWIFT AVE S AND S ALBRO PL, ,,1,Property Damage Only Collision,Rear Ended,2,0,0,2,0,0,2018-06-20 00:00:00+00,6/20/2018 9:00:00 AM,At Intersection (intersection related),14,"MOTOR VEHICLE STRUCK MOTOR VEHICLE, REAR END",,False,Clear or Partly Cloudy,Dry,Daylight,,,,13.0,From same direction - both going straight - both moving - rear-end,0,0,False,0
-122.325977297434,47.5787685757384,202448,297597,298737,E807007,Matched,Block,,6TH AVE S BETWEEN S LANDER ST AND S FOREST ST, ,,1,Property Damage Only Collision,Other,3,0,0,2,0,0,2018-06-08 00:00:00+00,6/8/2018 3:54:00 PM,Mid-Block (not related to intersection),11,"MOTOR VEHICLE STRUCK MOTOR VEHICLE, FRONT END AT ANGLE",,False,Raining,Wet,Daylight,,,,23.0,From same direction - all others,0,0,False,0
-122.37625597968,47.6512531363592,202451,297577,298717,E812333,Matched,Block,,15TH AVE W BETWEEN W BERTONA ST AND W RUFFNER ST, ,,2,Injury Collision,Rear Ended,3,0,0,3,1,0,2018-06-21 00:00:00+00,6/21/2018 9:56:00 AM,Mid-Block (but intersection related),14,"MOTOR VEHICLE STRUCK MOTOR VEHICLE, REAR END",True,False,Clear or Partly Cloudy,Dry,Daylight,,,,13.0,From same direction - both going straight - both moving - rear-end,0,0,False,0
-122.343686456656,47.6715275828586,202454,296537,297657,E815945,Matched,Block,,WEST GREEN LAKE WAY N BETWEEN GREEN LAKE TURN RD AND N 63RD ST, ,,2,Injury Collision,Cycles,6,0,1,1,1,0,2018-07-08 00:00:00+00,7/8/2018 1:57:00 PM,Driveway Junction,54,PEDALCYCLIST STRUCK MOTOR VEHICLE REAR END,,False,Clear or Partly Cloudy,Dry,Daylight,,,,6.0,Pedalcyclist Strikes Moving Vehicle,0,0,False,0
-122.333234512521,47.6064434099943,202456,295558,296678,3702619,Matched,Block,,4TH AVE BETWEEN MADISON ST AND SPRING ST, ,,1,Property Damage Only Collision,Parked Car,3,0,0,2,0,0,2018-07-07 00:00:00+00,7/7/2018 10:00:00 AM,Mid-Block (not related to intersection),15,"MOTOR VEHICLE STRUCK MOTOR VEHICLE, RIGHT SIDE SIDESWIPE",,False,Clear or Partly Cloudy,Dry,Daylight,,,,20.0,One car leaving parked position,0,0,False,0
-122.302099566127,47.5830437453365,202457,296598,297718,E816256,Matched,Block,,S COLLEGE ST BETWEEN 24TH AVE S AND RAINIER N AVE S, ,,2,Injury Collision,Pedestrian,2,0,1,1,1,0,2018-07-06 00:00:00+00,7/6/2018 12:55:00 PM,Mid-Block (but intersection related),18,"MOTOR VEHICLE STRUCK PEDALCYCLIST, FRONT END AT ANGLE",,True,Clear or Partly Cloudy,Dry,Daylight,True,,,5.0,Vehicle Strikes Pedalcyclist,0,0,False,0
-122.294593302567,47.5727136947448,202458,295557,296677,3814906,Matched,Block,,S WALDEN ST BETWEEN CLAREMONT AVE S AND RAINIER AVE S, ,,1,Property Damage Only Collision,Angles,2,0,0,2,0,0,2018-07-05 00:00:00+00,7/5/2018 4:20:00 PM,Driveway Junction,11,"MOTOR VEHICLE STRUCK MOTOR VEHICLE, FRONT END AT ANGLE",,False,Clear or Partly Cloudy,Dry,Daylight,,,,10.0,Entering at angle,0,0,False,0
-122.366571184248,47.6768673589713,202459,295543,296663,3590221,Matched,Block,,DIVISION AVE NW BETWEEN NW 65TH ST AND NW 67TH ST, ,,1,Property Damage Only Collision,Parked Car,2,0,0,2,0,0,2018-07-06 00:00:00+00,7/6/2018 7:50:00 PM,Mid-Block (not related to intersection),16,"MOTOR VEHICLE STRUCK MOTOR VEHICLE, LEFT SIDE SIDESWIPE",,False,Clear or Partly Cloudy,Dry,Dusk,,,,32.0,One parked--one moving,0,0,True,0
-122.337540010438,47.6077944495821,202460,295542,296662,E814176,Matched,Block,,2ND AVE BETWEEN UNIVERSITY ST AND UNION ST, ,,1,Property Damage Only Collision,Rear Ended,2,0,0,2,0,0,2018-07-02 00:00:00+00,7/2/2018 2:23:00 PM,Mid-Block (not related to intersection),14,"MOTOR VEHICLE STRUCK MOTOR VEHICLE, REAR END",,False,Clear or Partly Cloudy,Dry,Daylight,,,,14.0,From same direction - both going straight - one stopped - rear-end,0,0,False,0
-122.262825759964,47.5168080976936,202463,295541,296661,3814750,Matched,Intersection,35479.0,56TH AVE S AND S ROXBURY E ST, ,,2,Injury Collision,Angles,2,0,0,2,1,0,2018-07-06 00:00:00+00,7/6/2018 10:52:00 PM,At Intersection (intersection related),11,"MOTOR VEHICLE STRUCK MOTOR VEHICLE, FRONT END AT ANGLE",,False,Clear or Partly Cloudy,Dry,Daylight,,,,10.0,Entering at angle,0,0,False,0
-122.376789692936,47.6859668414048,202465,297578,298718,E817246,Matched,Block,,15TH AVE NW BETWEEN NW 77TH ST AND NW 80TH ST, ,,1,Property Damage Only Collision,Rear Ended,3,0,0,3,0,0,2018-07-13 00:00:00+00,7/13/2018 3:02:00 PM,Mid-Block (not related to intersection),14,"MOTOR VEHICLE STRUCK MOTOR VEHICLE, REAR END",,False,Clear or Partly Cloudy,Dry,Daylight,,,,14.0,From same direction - both going straight - one stopped - rear-end,0,0,False,0
-122.324011265552,47.6196662441762,202466,295540,296660,3814081,Matched,Intersection,29157.0,BELMONT AVE E AND E OLIVE WAY, ,,2b,Serious Injury Collision,Cycles,2,0,1,1,1,0,2018-07-07 00:00:00+00,7/7/2018 2:08:00 PM,At Intersection (intersection related),18,"MOTOR VEHICLE STRUCK PEDALCYCLIST, FRONT END AT ANGLE",,False,Clear or Partly Cloudy,Dry,Daylight,,,,6.0,Pedalcyclist Strikes Moving Vehicle,0,0,False,1
-122.336890899053,47.6054082909039,202467,295539,296659,3812265,Matched,Intersection,29615.0,1ST AVE AND SPRING ST, ,,2,Injury Collision,Angles,2,0,0,2,1,0,2018-07-08 00:00:00+00,7/8/2018 1:53:00 AM,At Intersection (intersection related),11,"MOTOR VEHICLE STRUCK MOTOR VEHICLE, FRONT END AT ANGLE",,True,Clear or Partly Cloudy,Dry,Dark - Street Lights On,,,,10.0,Entering at angle,0,0,False,0
-122.291190242361,47.6207359026555,202471,294817,295917,E812329,Matched,Block,,32ND AVE E BETWEEN E JOHN ST AND E THOMAS ST, ,,1,Property Damage Only Collision,Parked Car,2,0,0,2,0,0,2018-06-24 00:00:00+00,6/24/2018 2:00:00 AM,Mid-Block (not related to intersection),13,"MOTOR VEHICLE STRUCK MOTOR VEHICLE, LEFT SIDE AT ANGLE",,False,Clear or Partly Cloudy,Dry,Dark - Street Lights On,,,,32.0,One parked--one moving,0,0,True,0
-122.368226356007,47.6625676314815,202472,297557,298697,E817245,Matched,Block,,LEARY WAY NW BETWEEN NW 46TH ST AND NW BALLARD WAY, ,,2,Injury Collision,Rear Ended,3,0,0,3,1,0,2018-07-10 00:00:00+00,7/10/2018 6:31:00 PM,Mid-Block (not related to intersection),14,"MOTOR VEHICLE STRUCK MOTOR VEHICLE, REAR END",,False,Clear or Partly Cloudy,Dry,Daylight,,,,14.0,From same direction - both going straight - one stopped - rear-end,0,0,False,0
-122.307344395394,47.7338906325121,202473,294803,295903,E803711,Matched,Intersection,36075.0,20TH AVE NE AND NE 145TH ST, ,,2,Injury Collision,Rear Ended,3,0,0,2,1,0,2018-05-28 00:00:00+00,5/28/2018 12:33:00 PM,At Intersection (intersection related),14,"MOTOR VEHICLE STRUCK MOTOR VEHICLE, REAR END",,False,Clear or Partly Cloudy,Dry,Daylight,,,,14.0,From same direction - both going straight - one stopped - rear-end,0,0,False,0
-122.330130203975,47.6171715437359,202475,294802,295902,E803556,Matched,Block,,HOWELL ST BETWEEN MINOR AVE AND YALE AVE, ,,2,Injury Collision,Angles,5,0,0,2,2,0,2018-05-12 00:00:00+00,5/12/2018 2:50:00 AM,Mid-Block (not related to intersection),11,"MOTOR VEHICLE STRUCK MOTOR VEHICLE, FRONT END AT ANGLE",,False,Clear or Partly Cloudy,Dry,Dark - Street Lights On,,,,10.0,Entering at angle,0,0,False,0
-122.328288833761,47.5716747692627,202478,297617,298757,3643060,Matched,Block,,S SPOKANE NR ST BETWEEN 4TH AVE S AND 5TH AVE S, ,,1,Property Damage Only Collision,Rear Ended,2,0,0,2,0,0,2018-07-17 00:00:00+00,7/17/2018 12:59:00 PM,Mid-Block (not related to intersection),14,"MOTOR VEHICLE STRUCK MOTOR VEHICLE, REAR END",,False,Clear or Partly Cloudy,Dry,Daylight,,,,13.0,From same direction - both going straight - both moving - rear-end,0,0,False,0
-122.327624254389,47.6053401763489,202479,294799,295899,E802990,Matched,Intersection,29957.0,7TH AVE AND CHERRY ST, ,,1,Property Damage Only Collision,Rear Ended,5,0,0,3,0,0,2018-05-25 00:00:00+00,5/25/2018 11:45:00 AM,At Intersection (intersection related),14,"MOTOR VEHICLE STRUCK MOTOR VEHICLE, REAR END",,False,Clear or Partly Cloudy,Dry,Daylight,,,,14.0,From same direction - both going straight - one stopped - rear-end,0,0,False,0
-122.336981268578,47.7341345788541,202481,294797,295897,E802810,Matched,Intersection,35692.0,WALLINGFORD AVE N AND N 145TH ST, ,,1,Property Damage Only Collision,Left Turn,2,0,0,2,0,0,2018-05-17 00:00:00+00,5/17/2018 6:06:00 PM,At Intersection (intersection related),11,"MOTOR VEHICLE STRUCK MOTOR VEHICLE, FRONT END AT ANGLE",True,False,Clear or Partly Cloudy,Dry,Daylight,,,,28.0,From opposite direction - one left turn - one straight,0,0,False,0
-122.32348350211,47.7340529814808,202482,294784,295884,E800009,Matched,Intersection,35853.0,5TH AVE NE AND NE 145TH ST, ,,2,Injury Collision,Left Turn,3,0,0,2,2,0,2018-05-20 00:00:00+00,5/20/2018 3:08:00 PM,At Intersection (intersection related),11,"MOTOR VEHICLE STRUCK MOTOR VEHICLE, FRONT END AT ANGLE",,True,Overcast,Dry,Daylight,,,,28.0,From opposite direction - one left turn - one straight,0,0,False,0
-122.270155015883,47.5364452170295,202483,289619,290479,3643055,Matched,Block,,RAINIER AVE S BETWEEN S OTHELLO ST AND S FONTANELLE ST, ,,1,Property Damage Only Collision,Sideswipe,2,0,0,2,0,0,2018-05-31 00:00:00+00,5/31/2018 9:39:00 PM,Mid-Block (not related to intersection),11,"MOTOR VEHICLE STRUCK MOTOR VEHICLE, FRONT END AT ANGLE",,False,Overcast,Dry,Dark - Street Lights On,,,,11.0,From same direction - both going straight - both moving - sideswipe,0,0,False,0
-122.332655375448,47.7086545157149,202484,288621,289481,E798622,Matched,Block,,N NORTHGATE WAY BETWEEN MERIDIAN AVE N AND CORLISS AVE N, ,,2,Injury Collision,Rear Ended,3,0,0,3,1,0,2018-05-14 00:00:00+00,5/14/2018 10:22:00 AM,Mid-Block (not related to intersection),14,"MOTOR VEHICLE STRUCK MOTOR VEHICLE, REAR END",True,True,Clear or Partly Cloudy,Dry,Daylight,,,,14.0,From same direction - both going straight - one stopped - rear-end,0,0,False,0
-122.34229977629,47.6301516431512,202486,289598,290458,E801723,Matched,Block,,DEXTER AVE N BETWEEN HIGHLAND DR AND COMSTOCK ST, ,,2,Injury Collision,Parked Car,5,0,0,2,1,0,2018-05-23 00:00:00+00,5/23/2018 5:09:00 PM,Mid-Block (not related to intersection),11,"MOTOR VEHICLE STRUCK MOTOR VEHICLE, FRONT END AT ANGLE",True,False,Clear or Partly Cloudy,Dry,Daylight,,,,20.0,One car leaving parked position,0,0,False,0
-122.274093012432,47.5424702418345,202488,288619,289479,E798620,Matched,Block,,S HOLLY ST BETWEEN 46TH AVE S AND RAINIER AVE S, ,,1,Property Damage Only Collision,Angles,3,0,0,2,0,0,2018-05-05 00:00:00+00,5/5/2018 7:51:00 PM,Mid-Block (not related to intersection),11,"MOTOR VEHICLE STRUCK MOTOR VEHICLE, FRONT END AT ANGLE",,False,Raining,Wet,Dusk,,,,10.0,Entering at angle,0,0,False,0
-122.362194714855,47.5619878735676,202489,289018,289878,3742494,Matched,Block,,23RD AVE SW BETWEEN SW OREGON ST AND 22ND AVE SW, ,,1,Property Damage Only Collision,Other,1,0,0,1,0,0,2018-05-27 00:00:00+00,5/27/2018 5:04:00 PM,Mid-Block (not related to intersection),28,MOTOR VEHICLE RAN OFF ROAD - HIT FIXED OBJECT,,False,Clear or Partly Cloudy,Dry,Daylight,,,,50.0,Fixed object,0,0,False,0
-122.299440395864,47.6026627089263,202527,290802,291682,E795247,Matched,Block,,E FIR ST BETWEEN 25TH AVE AND 26TH AVE, ,,1,Property Damage Only Collision,Parked Car,2,0,0,2,0,0,2018-03-24 00:00:00+00,3/24/2018 7:40:00 AM,Mid-Block (not related to intersection),0,NOT ENOUGH INFORMATION / NOT APPLICABLE,,False,Unknown,Unknown,Dark - Street Lights On,,,,32.0,One parked--one moving,0,0,True,0
-122.341305593776,47.6914461572552,202490,289617,290477,3197990,Matched,Block,,STONE AVE N BETWEEN N 85TH E ST AND N 88TH ST, ,,1,Property Damage Only Collision,Parked Car,2,0,0,2,0,0,2018-05-31 00:00:00+00,5/31/2018 10:05:00 AM,Mid-Block (not related to intersection),11,"MOTOR VEHICLE STRUCK MOTOR VEHICLE, FRONT END AT ANGLE",True,False,Clear or Partly Cloudy,Dry,Daylight,,,,32.0,One parked--one moving,0,0,True,0
-122.335275376573,47.5501098028221,202491,288618,289478,E798619,Matched,Intersection,33043.0,EAST MARGINAL WAY S AND S FIDALGO ST, ,,1,Property Damage Only Collision,Left Turn,3,0,0,2,0,0,2018-05-03 00:00:00+00,5/3/2018 5:36:00 PM,At Intersection (intersection related),11,"MOTOR VEHICLE STRUCK MOTOR VEHICLE, FRONT END AT ANGLE",,False,Clear or Partly Cloudy,Dry,Daylight,,,,28.0,From opposite direction - one left turn - one straight,0,0,False,0
-122.381312116572,47.5778854955419,202492,289024,289884,3745591,Matched,Block,,39TH AVE SW BETWEEN SW FOREST ST AND SW STEVENS N ST, ,,1,Property Damage Only Collision,Parked Car,2,0,0,2,0,0,2018-05-28 00:00:00+00,5/28/2018 4:00:00 PM,Mid-Block (not related to intersection),16,"MOTOR VEHICLE STRUCK MOTOR VEHICLE, LEFT SIDE SIDESWIPE",True,False,Clear or Partly Cloudy,Dry,Daylight,,,,32.0,One parked--one moving,0,0,True,0
-122.347323442948,47.6553951551684,202493,288617,289477,E798616,Matched,Intersection,26982.0,AURORA AVE N AND N 40TH ST, ,,1,Property Damage Only Collision,Right Turn,2,0,0,2,0,0,2018-05-10 00:00:00+00,5/10/2018 8:51:00 AM,At Intersection (intersection related),14,"MOTOR VEHICLE STRUCK MOTOR VEHICLE, REAR END",,False,Clear or Partly Cloudy,Dry,Daylight,,,,16.0,From same direction - one right turn - one straight,0,0,False,0
-122.374899462775,47.6686661444777,202494,288597,289457,E798915,Matched,Block,,NW MARKET ST BETWEEN 14TH AVE NW AND 15TH AVE NW, ,,2,Injury Collision,Pedestrian,2,1,0,1,1,0,2018-05-16 00:00:00+00,5/16/2018 5:02:00 PM,Mid-Block (but intersection related),24,MOTOR VEHCILE STRUCK PEDESTRIAN,,False,Clear or Partly Cloudy,Dry,Daylight,,,,0.0,Vehicle going straight hits pedestrian,0,525121,False,0
-122.355433785804,47.7032709450211,202495,288577,289437,E798914,Matched,Block,,GREENWOOD AVE N BETWEEN N 102ND ST AND N 103RD ST, ,,2,Injury Collision,Rear Ended,5,0,0,3,4,0,2018-05-16 00:00:00+00,5/16/2018 2:45:00 PM,Mid-Block (not related to intersection),14,"MOTOR VEHICLE STRUCK MOTOR VEHICLE, REAR END",True,False,Clear or Partly Cloudy,Dry,Daylight,,,,14.0,From same direction - both going straight - one stopped - rear-end,0,0,False,0
-122.344505089897,47.6873024609997,202497,289620,290480,3751203,Matched,Block,,AURORA AVE N BETWEEN N 80TH ST AND N 81ST ST, ,,1,Property Damage Only Collision,Sideswipe,2,0,0,2,0,0,2018-05-31 00:00:00+00,5/31/2018 6:09:00 AM,Mid-Block (not related to intersection),15,"MOTOR VEHICLE STRUCK MOTOR VEHICLE, RIGHT SIDE SIDESWIPE",,False,Clear or Partly Cloudy,Dry,Daylight,,,,12.0,From same direction - both going straight - one stopped - sideswipe,0,0,False,0
-122.329058011529,47.585075065481,202498,288566,289426,E798984,Matched,Block,,4TH AVE S BETWEEN S HOLGATE ST AND S WALKER ST, ,,1,Property Damage Only Collision,Left Turn,2,0,0,2,0,0,2018-05-17 00:00:00+00,5/17/2018 1:59:00 PM,Mid-Block (not related to intersection),11,"MOTOR VEHICLE STRUCK MOTOR VEHICLE, FRONT END AT ANGLE",,False,Clear or Partly Cloudy,Dry,Daylight,,,,28.0,From opposite direction - one left turn - one straight,0,0,False,0
-122.343560864055,47.5264469870472,202499,289022,289882,3744393,Matched,Block,,SW CLOVERDALE ST BETWEEN 6TH AVE SW AND 7TH AVE SW, ,,1,Property Damage Only Collision,Parked Car,2,0,0,2,0,0,2018-05-27 00:00:00+00,5/27/2018 7:40:00 AM,Mid-Block (not related to intersection),0,NOT ENOUGH INFORMATION / NOT APPLICABLE,,False,Clear or Partly Cloudy,Dry,Daylight,,,,32.0,One parked--one moving,0,0,True,0
-122.314326378686,47.6205378241552,202500,289599,290459,E801725,Matched,Block,,14TH AVE E BETWEEN E JOHN ST AND E THOMAS E ST, ,,1,Property Damage Only Collision,Parked Car,2,0,0,2,0,0,2018-05-24 00:00:00+00,5/24/2018 12:41:00 PM,Driveway Junction,14,"MOTOR VEHICLE STRUCK MOTOR VEHICLE, REAR END",True,False,Clear or Partly Cloudy,Dry,Daylight,,,,32.0,One parked--one moving,0,0,True,0
-122.363296505361,47.5674441598926,202501,298317,299457,3745937,Matched,Block,,DELRIDGE WAY SW BETWEEN SW ANDOVER ST AND SW DAKOTA ST, ,,2,Injury Collision,Rear Ended,5,0,0,3,2,0,2018-07-13 00:00:00+00,7/13/2018 6:36:00 AM,Mid-Block (not related to intersection),14,"MOTOR VEHICLE STRUCK MOTOR VEHICLE, REAR END",,False,Clear or Partly Cloudy,Dry,Daylight,,,,14.0,From same direction - both going straight - one stopped - rear-end,0,0,False,0
-122.294859880978,47.5633786187306,202504,289618,290478,3643053,Matched,Block,,M L KING JR ER WAY S BETWEEN S GENESEE ST AND S OREGON ST, ,,1,Property Damage Only Collision,Parked Car,2,0,0,2,0,0,2018-05-30 00:00:00+00,5/30/2018 7:40:00 AM,Mid-Block (not related to intersection),14,"MOTOR VEHICLE STRUCK MOTOR VEHICLE, REAR END",,False,Clear or Partly Cloudy,Dry,Unknown,,,,32.0,One parked--one moving,0,0,True,0
-122.384190748119,47.5853352436044,202505,298307,299447,3745595,Matched,Block,,SW HILL ST BETWEEN 41ST AVE SW AND DEAD END 3, ,,1,Property Damage Only Collision,Parked Car,2,0,0,2,0,0,2018-07-04 00:00:00+00,7/4/2018 10:00:00 AM,Mid-Block (not related to intersection),14,"MOTOR VEHICLE STRUCK MOTOR VEHICLE, REAR END",True,False,Clear or Partly Cloudy,Dry,Daylight,,,,32.0,One parked--one moving,0,0,True,0
-122.296201150586,47.668519875323,202506,298306,299446,E813282,Matched,Intersection,25932.0,29TH AVE NE AND NE 55TH ST, ,,2,Injury Collision,Pedestrian,2,0,1,1,1,0,2018-06-26 00:00:00+00,6/26/2018 5:25:00 PM,At Intersection (intersection related),18,"MOTOR VEHICLE STRUCK PEDALCYCLIST, FRONT END AT ANGLE",,False,Clear or Partly Cloudy,Dry,Daylight,,,,5.0,Vehicle Strikes Pedalcyclist,0,0,False,0
-122.311208736157,47.5782069794276,202507,289597,290457,E801716,Matched,Block,,BEACON AVE S BETWEEN S MCCLELLAN ST AND 17TH AVE S, ,,1,Property Damage Only Collision,Parked Car,2,0,0,2,0,0,2018-05-24 00:00:00+00,5/24/2018 9:18:00 AM,Mid-Block (not related to intersection),11,"MOTOR VEHICLE STRUCK MOTOR VEHICLE, FRONT END AT ANGLE",True,False,Overcast,Dry,Daylight,,,,20.0,One car leaving parked position,0,0,False,0
-122.322908584575,47.5268917899358,202508,298305,299445,3745450,Matched,Block,,8TH AVE S BETWEEN S SULLIVAN ST AND S CLOVERDALE ST, ,,1,Property Damage Only Collision,Other,3,0,0,2,0,0,2018-07-20 00:00:00+00,7/20/2018 5:12:00 PM,Mid-Block (not related to intersection),11,"MOTOR VEHICLE STRUCK MOTOR VEHICLE, FRONT END AT ANGLE",,False,Clear or Partly Cloudy,Dry,Daylight,,,,23.0,From same direction - all others,0,0,False,0
-122.387200683222,47.5811876265032,202510,298304,299444,3745449,Matched,Block,,SW ADMIRAL WAY BETWEEN CALIFORNIA AVE SW AND 44TH AVE SW, ,,1,Property Damage Only Collision,Other,1,0,0,1,0,0,2018-07-15 00:00:00+00,7/15/2018 12:06:00 PM,,0,NOT ENOUGH INFORMATION / NOT APPLICABLE,,False,Clear or Partly Cloudy,Dry,Daylight,,,,50.0,Fixed object,0,0,False,0
-122.363525044026,47.5264826449509,202513,298303,299443,3744616,Matched,Block,,SW CLOVERDALE ST BETWEEN 24TH AVE SW AND DEAD END 3,NEI,"Not Enough Information, or Insufficient Location Information",1,Property Damage Only Collision,Parked Car,2,0,0,2,0,0,2018-07-20 00:00:00+00,7/20/2018 5:30:00 PM,Mid-Block (not related to intersection),0,NOT ENOUGH INFORMATION / NOT APPLICABLE,,False,Clear or Partly Cloudy,Unknown,Daylight,,,,32.0,One parked--one moving,0,0,False,0
-122.408776733643,47.5758801348535,202514,289023,289883,3745589,Matched,Block,,SW ADMIRAL WAY BETWEEN 59TH AVE SW AND 60TH AVE SW, ,,1,Property Damage Only Collision,Angles,2,0,0,2,0,0,2018-05-27 00:00:00+00,5/27/2018 4:43:00 PM,Driveway Junction,11,"MOTOR VEHICLE STRUCK MOTOR VEHICLE, FRONT END AT ANGLE",,False,Clear or Partly Cloudy,Dry,Daylight,,,,10.0,Entering at angle,0,0,False,0
-122.359352517206,47.5716273129849,202515,298302,299442,3744088,Matched,Intersection,32035.0,WEST MARGINAL TURN RD AND SW SPOKANE ST, ,,1,Property Damage Only Collision,Rear Ended,2,0,0,2,0,0,2018-07-15 00:00:00+00,7/15/2018 3:11:00 PM,At Intersection (intersection related),14,"MOTOR VEHICLE STRUCK MOTOR VEHICLE, REAR END",,False,Clear or Partly Cloudy,Dry,Daylight,,,,14.0,From same direction - both going straight - one stopped - rear-end,0,0,False,0
-122.364906179295,47.6431161911239,202517,290819,291699,E796055,Matched,Intersection,27790.0,6TH AVE W AND W RAYE ST, ,,2,Injury Collision,Angles,3,0,0,2,2,0,2018-04-01 00:00:00+00,4/1/2018 9:45:00 AM,At Intersection (intersection related),11,"MOTOR VEHICLE STRUCK MOTOR VEHICLE, FRONT END AT ANGLE",,False,Overcast,Dry,Daylight,,,,10.0,Entering at angle,0,0,False,0
-122.383926603792,47.6686775833892,202518,291279,292159,E805349,Matched,Block,,NW MARKET ST BETWEEN RUSSELL AVE NW AND LEARY AVE NW, ,,1,Property Damage Only Collision,Parked Car,3,0,0,3,0,0,2018-06-03 00:00:00+00,6/3/2018 9:22:00 PM,Mid-Block (not related to intersection),11,"MOTOR VEHICLE STRUCK MOTOR VEHICLE, FRONT END AT ANGLE",,False,Clear or Partly Cloudy,Dry,Dark - Street Lights On,,,,20.0,One car leaving parked position,0,0,False,0
-122.357299504286,47.5714777615116,202519,292097,293037,3742432,Matched,Intersection,32040.0,TERMINAL 5 ACCESS RP AND SW SPOKANE ST, ,,1,Property Damage Only Collision,Other,1,0,0,1,0,0,2018-06-02 00:00:00+00,6/2/2018 2:15:00 AM,At Intersection (intersection related),26,MOTOR VEHICLE STRUCK OBJECT IN ROAD,,False,Clear or Partly Cloudy,Dry,Dark - Street Lights On,,,,50.0,Fixed object,0,0,False,0