longitude,latitude,objectid,inckey,coldetkey,reportno,status,addrtype,intkey,location,exceptrsncode,exceptrsndesc,severitycode,severitydesc,collisiontype,personcount,pedcount,pedcylcount,vehcount,injuries,fatalities,incdate,incdttm,junctiontype,sdot_colcode,sdot_coldesc,inattentionind,underinfl,weather,roadcond,lightcond,pedrownotgrnt,sdotcolnum,speeding,st_colcode,st_coldesc,seglanekey,crosswalkkey,hitparkedcar,seriousinjuries
-122.326161325671,47.6876820368701,202520,290817,291697,E795941,Matched,Block,,BANNER WAY NE BETWEEN NE 80TH ST AND 85TH ST ON RP, ,,2,Injury Collision,Angles,3,0,0,2,1,0,2018-05-03 00:00:00+00,5/3/2018 9:07:00 PM,Mid-Block (not related to intersection),11,"MOTOR VEHICLE STRUCK MOTOR VEHICLE, FRONT END AT ANGLE",True,False,Clear or Partly Cloudy,Dry,Dark - Street Lights On,,,,10.0,Entering at angle,0,0,False,0
-122.34013076417,47.5172725182138,202521,290806,291686,E795822,Matched,Intersection,34984.0,OLSON PL SW AND SW ROXBURY ST, ,,1,Property Damage Only Collision,Left Turn,2,0,0,2,0,0,2018-05-07 00:00:00+00,5/7/2018 5:03:00 PM,At Intersection (intersection related),11,"MOTOR VEHICLE STRUCK MOTOR VEHICLE, FRONT END AT ANGLE",,False,Clear or Partly Cloudy,Dry,Daylight,,,,28.0,From opposite direction - one left turn - one straight,0,0,False,0
-122.370193656062,47.5715593501127,202522,291277,292157,3742436,Matched,Block,,WEST SEATTLE BR WB BETWEEN SW ADMIRAL WY OFF RP AND POINT A, ,,1,Property Damage Only Collision,Other,1,0,0,1,0,0,2018-06-10 00:00:00+00,6/10/2018 8:06:00 PM,Mid-Block (not related to intersection),28,MOTOR VEHICLE RAN OFF ROAD - HIT FIXED OBJECT,,False,Raining,Dry,Dusk,,,True,50.0,Fixed object,0,0,False,0
-122.339311905342,47.7050439344958,202523,292101,293041,3751152,Matched,Intersection,37277.0,ASHWORTH AVE N AND N NORTHGATE WAY, ,,2,Injury Collision,Left Turn,2,0,0,2,1,0,2018-06-13 00:00:00+00,6/13/2018 7:39:00 PM,At Intersection (intersection related),11,"MOTOR VEHICLE STRUCK MOTOR VEHICLE, FRONT END AT ANGLE",,False,Raining,Wet,Dusk,,,,28.0,From opposite direction - one left turn - one straight,0,0,False,0
-122.364512394527,47.5273832049781,202525,291317,292197,E805738,Matched,Block,,25TH AVE SW BETWEEN SW THISTLE ST AND SW CLOVERDALE ST,NEI,"Not Enough Information, or Insufficient Location Information",1,Property Damage Only Collision,Parked Car,2,0,0,2,0,0,2018-06-06 00:00:00+00,6/6/2018 8:15:00 AM,Mid-Block (not related to intersection),13,"MOTOR VEHICLE STRUCK MOTOR VEHICLE, LEFT SIDE AT ANGLE",,False,Clear or Partly Cloudy,Dry,Daylight,,,,32.0,One parked--one moving,0,0,True,0
-122.314866148801,47.6612807946736,202528,290357,291237,E802096,Matched,Block,,NE 45TH ST BETWEEN 12TH AVE NE AND BROOKLYN AVE NE, ,,1,Property Damage Only Collision,Sideswipe,3,0,0,2,0,0,2018-05-22 00:00:00+00,5/22/2018 12:14:00 PM,Mid-Block (not related to intersection),14,"MOTOR VEHICLE STRUCK MOTOR VEHICLE, REAR END",,False,Clear or Partly Cloudy,Dry,Daylight,,,,11.0,From same direction - both going straight - both moving - sideswipe,0,0,False,0
-122.344834272864,47.7135479791056,202529,291266,292146,E805348,Matched,Block,,AURORA AVE N BETWEEN N 115TH ST AND N 117TH PL, ,,2,Injury Collision,Rear Ended,2,0,0,2,1,0,2018-06-01 00:00:00+00,6/1/2018 7:33:00 PM,Mid-Block (not related to intersection),14,"MOTOR VEHICLE STRUCK MOTOR VEHICLE, REAR END",,False,Clear or Partly Cloudy,Dry,Daylight,,,,14.0,From same direction - both going straight - one stopped - rear-end,0,0,False,0
-122.33419497847,47.5913553096544,202530,290337,291217,E801933,Matched,Block,,1ST AVE S BETWEEN S ROYAL BROUGHAM WAY AND S ATLANTIC ST, ,,1,Property Damage Only Collision,Sideswipe,2,0,0,2,0,0,2018-05-25 00:00:00+00,5/25/2018 6:00:00 PM,Mid-Block (not related to intersection),11,"MOTOR VEHICLE STRUCK MOTOR VEHICLE, FRONT END AT ANGLE",,False,Clear or Partly Cloudy,Dry,Daylight,,,,11.0,From same direction - both going straight - both moving - sideswipe,0,0,False,0
-122.34731509645,47.6520584895263,202531,291297,292177,E805350,Matched,Block,,AURORA AVE N BETWEEN BRIDGE WAY N AND N 38 UPPER ST, ,,1,Property Damage Only Collision,Rear Ended,3,0,0,3,0,0,2018-06-05 00:00:00+00,6/5/2018 6:57:00 PM,Mid-Block (not related to intersection),14,"MOTOR VEHICLE STRUCK MOTOR VEHICLE, REAR END",,False,Clear or Partly Cloudy,Dry,Daylight,,,,14.0,From same direction - both going straight - one stopped - rear-end,0,0,False,0
-122.360424541023,47.5336918627234,202532,292098,293038,3745877,Matched,Intersection,33984.0,DELRIDGE WAY SW AND SW HOLDEN ST, ,,2,Injury Collision,Pedestrian,2,1,0,1,1,0,2018-06-14 00:00:00+00,6/14/2018 12:05:00 PM,At Intersection (intersection related),24,MOTOR VEHCILE STRUCK PEDESTRIAN,,False,Clear or Partly Cloudy,Dry,Daylight,True,,,1.0,Vehicle turning right hits pedestrian,0,525251,False,0
-122.355253906767,47.5694762337503,202535,291265,292145,3742337,Matched,Block,,WEST MARGINAL WAY SW BETWEEN MARGINAL PL SW AND MARGINAL SB PL SW, ,,2,Injury Collision,Rear Ended,2,0,0,2,1,0,2018-06-11 00:00:00+00,6/11/2018 10:03:00 PM,Mid-Block (but intersection related),14,"MOTOR VEHICLE STRUCK MOTOR VEHICLE, REAR END",,False,Clear or Partly Cloudy,Dry,Dark - Street Lights On,,,,14.0,From same direction - both going straight - one stopped - rear-end,0,0,False,0
-122.30835419967,47.6630580823605,202536,292102,293042,3754392,Matched,Intersection,26069.0,18TH AVE NE AND NE 47TH ST, ,,1,Property Damage Only Collision,Angles,2,0,0,2,0,0,2018-06-12 00:00:00+00,6/12/2018 6:48:00 AM,At Intersection (intersection related),11,"MOTOR VEHICLE STRUCK MOTOR VEHICLE, FRONT END AT ANGLE",,False,Clear or Partly Cloudy,Dry,Daylight,,,,10.0,Entering at angle,0,0,False,0
-122.355330452344,47.6756114080383,202537,290325,291196,3706201,Matched,Block,,GREENWOOD AVE N BETWEEN N 64TH ST AND N 65TH ST, ,,2,Injury Collision,Parked Car,3,1,0,2,1,0,2018-04-20 00:00:00+00,4/20/2018 3:23:00 PM,Mid-Block (not related to intersection),14,"MOTOR VEHICLE STRUCK MOTOR VEHICLE, REAR END",,False,Clear or Partly Cloudy,Dry,Daylight,,,,32.0,One parked--one moving,0,0,True,0
-122.34670789922,47.6628697183383,202538,290324,291195,E801930,Matched,Block,,N 47TH ST BETWEEN AURORA AVE N AND WHITMAN AVE N, ,,1,Property Damage Only Collision,Parked Car,2,0,0,2,0,0,2018-05-24 00:00:00+00,5/24/2018 6:00:00 PM,Mid-Block (not related to intersection),0,NOT ENOUGH INFORMATION / NOT APPLICABLE,,False,Clear or Partly Cloudy,Dry,Daylight,,,,32.0,One parked--one moving,0,0,True,0
-122.382126673814,47.6694466512202,202539,292079,293019,3705823,Matched,Intersection,25137.0,20TH AVE NW AND NW 56TH ST, ,,2,Injury Collision,Pedestrian,3,1,0,1,1,0,2018-06-13 00:00:00+00,6/13/2018 11:40:00 PM,At Intersection (intersection related),24,MOTOR VEHCILE STRUCK PEDESTRIAN,,False,Raining,Wet,Dark - Street Lights On,True,,,0.0,Vehicle going straight hits pedestrian,0,0,False,0
-122.326187701535,47.6140849472469,202540,290323,291194,3702632,Matched,Intersection,29874.0,CRAWFORD PL AND E PIKE ST, ,,1,Property Damage Only Collision,Parked Car,2,0,0,2,0,0,2018-05-01 00:00:00+00,5/1/2018 5:51:00 PM,At Intersection (intersection related),14,"MOTOR VEHICLE STRUCK MOTOR VEHICLE, REAR END",,False,Clear or Partly Cloudy,Dry,Daylight,,,,32.0,One parked--one moving,0,0,False,0
-122.376268312428,47.5546924950109,202541,291278,292158,3744614,Matched,Block,,35TH AVE SW BETWEEN SW DAWSON ST AND SW BRANDON ST, ,,1,Property Damage Only Collision,Parked Car,2,0,0,2,0,0,2018-06-10 00:00:00+00,6/10/2018 2:00:00 PM,Mid-Block (not related to intersection),16,"MOTOR VEHICLE STRUCK MOTOR VEHICLE, LEFT SIDE SIDESWIPE",,False,Unknown,Unknown,Daylight,,,,32.0,One parked--one moving,0,0,True,0
-122.333261434015,47.5982902789002,202543,290821,291701,E796062,Matched,Intersection,30522.0,OCCIDENTAL AVE S AND S KING W ST, ,,1,Property Damage Only Collision,Rear Ended,2,0,0,2,0,0,2018-03-31 00:00:00+00,3/31/2018 10:14:00 AM,At Intersection (intersection related),14,"MOTOR VEHICLE STRUCK MOTOR VEHICLE, REAR END",True,False,Overcast,Dry,Daylight,,,,14.0,From same direction - both going straight - one stopped - rear-end,0,0,False,0
-122.33640554043,47.6869183105219,202544,292099,293039,3751044,Matched,Intersection,24233.0,WALLINGFORD AVE N AND N 80TH ST, ,,1,Property Damage Only Collision,Pedestrian,2,0,1,1,0,0,2018-05-30 00:00:00+00,5/30/2018 7:20:00 PM,At Intersection (intersection related),18,"MOTOR VEHICLE STRUCK PEDALCYCLIST, FRONT END AT ANGLE",,False,Clear or Partly Cloudy,Dry,Daylight,,,,5.0,Vehicle Strikes Pedalcyclist,0,524303,False,0
-122.344629552095,47.6996193677791,202545,290320,291191,E804776,Matched,Intersection,37312.0,AURORA AVE N AND N 97TH ST, ,,2,Injury Collision,Angles,4,0,0,2,2,0,2018-05-29 00:00:00+00,5/29/2018 10:58:00 AM,At Intersection (intersection related),11,"MOTOR VEHICLE STRUCK MOTOR VEHICLE, FRONT END AT ANGLE",,False,Overcast,Dry,Daylight,,,,10.0,Entering at angle,0,0,False,0
-122.369426092202,47.5676117306443,202546,291298,292178,3745873,Matched,Block,,SW YANCY ST BETWEEN 28TH AVE SW AND 30TH AVE SW, ,,1,Property Damage Only Collision,Sideswipe,2,0,0,2,0,0,2018-06-11 00:00:00+00,6/11/2018 10:53:00 AM,Mid-Block (not related to intersection),16,"MOTOR VEHICLE STRUCK MOTOR VEHICLE, LEFT SIDE SIDESWIPE",,False,Clear or Partly Cloudy,Dry,Daylight,,,,12.0,From same direction - both going straight - one stopped - sideswipe,0,0,False,0
-122.329292105679,47.6184493537895,202547,289637,290497,3812157,Matched,Block,,DENNY WAY BETWEEN STEWART ST AND MELROSE AVE, ,,1,Property Damage Only Collision,Cycles,2,0,1,1,0,0,2018-05-31 00:00:00+00,5/31/2018 7:00:00 PM,Mid-Block (but intersection related),54,PEDALCYCLIST STRUCK MOTOR VEHICLE REAR END,,False,Clear or Partly Cloudy,Dry,Dusk,,,,6.0,Pedalcyclist Strikes Moving Vehicle,0,0,False,0
-122.345187774846,47.6185614965811,202548,290820,291700,E796061,Matched,Block,,DENNY WAY BETWEEN VINE ST AND 6TH AVE, ,,2,Injury Collision,Rear Ended,9,0,0,4,1,0,2018-04-11 00:00:00+00,4/11/2018 9:30:00 AM,Mid-Block (not related to intersection),14,"MOTOR VEHICLE STRUCK MOTOR VEHICLE, REAR END",True,False,Clear or Partly Cloudy,Wet,Daylight,,,,14.0,From same direction - both going straight - one stopped - rear-end,0,0,False,0
-122.350020380558,47.6121869318258,202549,294141,295201,3812045,Matched,Block,,ALASKAN WAY BETWEEN XW BELL ST AND WALL ST, ,,1,Property Damage Only Collision,Other,2,0,0,2,0,0,2018-06-26 00:00:00+00,6/26/2018 1:18:00 PM,Mid-Block (not related to intersection),11,"MOTOR VEHICLE STRUCK MOTOR VEHICLE, FRONT END AT ANGLE",,False,Clear or Partly Cloudy,Dry,Daylight,,,,23.0,From same direction - all others,0,0,False,0
-122.337787545632,47.6030605827292,202550,293154,294174,3812180,Matched,Intersection,30379.0,ALASKAN WAY AND MARION ST, ,,1,Property Damage Only Collision,Rear Ended,2,0,0,2,0,0,2018-06-23 00:00:00+00,6/23/2018 8:07:00 PM,At Intersection (intersection related),14,"MOTOR VEHICLE STRUCK MOTOR VEHICLE, REAR END",,False,Clear or Partly Cloudy,Dry,Daylight,,,,14.0,From same direction - both going straight - one stopped - rear-end,0,0,False,0
-122.303239337867,47.6100231413596,202551,293535,294555,3814057,Matched,Block,,E MARION ST BETWEEN 22ND AVE AND 23RD AVE, ,,1,Property Damage Only Collision,Parked Car,2,0,0,2,0,0,2018-06-22 00:00:00+00,6/22/2018 4:28:00 PM,Mid-Block (not related to intersection),11,"MOTOR VEHICLE STRUCK MOTOR VEHICLE, FRONT END AT ANGLE",,False,Clear or Partly Cloudy,Dry,Daylight,,,,32.0,One parked--one moving,0,0,True,0
-122.316745766383,47.6236868364142,202552,293579,294599,E810063,Matched,Block,,12TH AVE E BETWEEN E REPUBLICAN ST AND E MERCER ST, ,,1,Property Damage Only Collision,Rear Ended,3,0,0,2,0,0,2018-06-19 00:00:00+00,6/19/2018 2:41:00 PM,Mid-Block (not related to intersection),14,"MOTOR VEHICLE STRUCK MOTOR VEHICLE, REAR END",,False,Clear or Partly Cloudy,Dry,Daylight,,,,13.0,From same direction - both going straight - both moving - rear-end,0,0,False,0
-122.327666994408,47.5991949241284,202553,293153,294173,3812169,Matched,Intersection,30510.0,5TH AVE S AND S JACKSON ST, ,,2,Injury Collision,Pedestrian,2,1,0,1,1,0,2018-06-22 00:00:00+00,6/22/2018 9:01:00 AM,At Intersection (intersection related),24,MOTOR VEHCILE STRUCK PEDESTRIAN,,False,Overcast,Dry,Daylight,,,,0.0,Vehicle going straight hits pedestrian,0,524975,False,0
-122.353268646194,47.615024764225,202554,293152,294172,3812083,Matched,Intersection,29681.0,CLAY ST AND ELLIOTT AVE, ,,1,Property Damage Only Collision,Angles,2,0,0,2,0,0,2018-06-21 00:00:00+00,6/21/2018 7:20:00 PM,At Intersection (intersection related),11,"MOTOR VEHICLE STRUCK MOTOR VEHICLE, FRONT END AT ANGLE",,False,Clear or Partly Cloudy,Dry,Daylight,,,,10.0,Entering at angle,0,0,False,0
-122.262173255264,47.5511037066456,202555,293158,294178,3818909,Matched,Intersection,33711.0,SEWARD PARK AVE S AND S ORCAS ST, ,,1,Property Damage Only Collision,Angles,2,0,0,2,0,0,2018-06-23 00:00:00+00,6/23/2018 2:11:00 PM,At Intersection (intersection related),11,"MOTOR VEHICLE STRUCK MOTOR VEHICLE, FRONT END AT ANGLE",True,False,Clear or Partly Cloudy,Dry,Daylight,,,,10.0,Entering at angle,0,0,False,0
-122.355479335791,47.581886319386,202556,294139,295199,3781065,Matched,Block,,16TH WR AVE SW BETWEEN SW FLORIDA NR ST AND SW LANDER ST, ,,1,Property Damage Only Collision,Left Turn,2,0,0,2,0,0,2018-06-28 00:00:00+00,6/28/2018 6:19:00 AM,Driveway Junction,11,"MOTOR VEHICLE STRUCK MOTOR VEHICLE, FRONT END AT ANGLE",,False,Overcast,Dry,Daylight,,,,28.0,From opposite direction - one left turn - one straight,0,0,False,0
-122.360691243901,47.6960452360823,202557,293151,294171,3754022,Matched,Intersection,37157.0,3RD AVE NW AND NW 92ND ST, ,,1,Property Damage Only Collision,Angles,3,0,0,2,0,0,2018-06-21 00:00:00+00,6/21/2018 2:03:00 PM,At Intersection (intersection related),11,"MOTOR VEHICLE STRUCK MOTOR VEHICLE, FRONT END AT ANGLE",,True,Clear or Partly Cloudy,Dry,Daylight,,,,10.0,Entering at angle,0,0,False,0
-122.323765101689,47.5954137311022,202558,293577,294597,E810028,Matched,Block,,7TH AVE S BETWEEN S DEARBORN ST AND S CHARLES ST, ,,1,Property Damage Only Collision,Angles,2,0,0,2,0,0,2018-06-06 00:00:00+00,6/6/2018 8:09:00 AM,Mid-Block (but intersection related),14,"MOTOR VEHICLE STRUCK MOTOR VEHICLE, REAR END",,False,Clear or Partly Cloudy,Dry,Daylight,,,,10.0,Entering at angle,0,0,False,0
-122.376214474094,47.6686669083164,202559,293150,294170,3751258,Matched,Intersection,25416.0,15TH AVE NW AND NW MARKET ST, ,,3,Fatality Collision,Angles,5,0,0,4,3,1,2018-06-22 00:00:00+00,6/22/2018 12:26:00 AM,At Intersection (intersection related),11,"MOTOR VEHICLE STRUCK MOTOR VEHICLE, FRONT END AT ANGLE",,False,Clear or Partly Cloudy,Dry,Dark - Street Lights On,,,,10.0,Entering at angle,0,0,False,0
-122.347813195275,47.6141440953403,202560,292680,293660,E808438,Matched,Intersection,29700.0,1ST AVE AND BATTERY ST, ,,1,Property Damage Only Collision,Angles,3,0,0,2,0,0,2018-06-14 00:00:00+00,6/14/2018 1:47:00 PM,At Intersection (intersection related),11,"MOTOR VEHICLE STRUCK MOTOR VEHICLE, FRONT END AT ANGLE",,False,Clear or Partly Cloudy,Dry,Daylight,,,,10.0,Entering at angle,0,0,False,0
-122.355339497156,47.6942168627037,202561,292678,293658,E808425,Matched,Intersection,37438.0,GREENWOOD AVE N AND N 90TH ST, ,,1,Property Damage Only Collision,Pedestrian,2,0,1,1,0,0,2018-06-13 00:00:00+00,6/13/2018 6:15:00 PM,At Intersection (intersection related),18,"MOTOR VEHICLE STRUCK PEDALCYCLIST, FRONT END AT ANGLE",,False,Raining,Wet,Daylight,,,,5.0,Vehicle Strikes Pedalcyclist,4709,0,False,0
-122.288095734904,47.5512302707518,202562,293157,294177,3818908,Matched,Intersection,33620.0,M L KING JR WR WAY S AND S ORCAS ST, ,,1,Property Damage Only Collision,Angles,2,0,0,2,0,0,2018-06-23 00:00:00+00,6/23/2018 8:56:00 AM,At Intersection (intersection related),11,"MOTOR VEHICLE STRUCK MOTOR VEHICLE, FRONT END AT ANGLE",,False,Overcast,Dry,Daylight,,,,10.0,Entering at angle,0,0,False,0
-122.33960456736,47.613393804305,202563,294142,295202,3812205,Matched,Block,,VIRGINIA ST BETWEEN 4TH AVE AND 5TH AVE, ,,1,Property Damage Only Collision,Sideswipe,2,0,0,2,0,0,2018-06-26 00:00:00+00,6/26/2018 5:35:00 PM,Mid-Block (not related to intersection),11,"MOTOR VEHICLE STRUCK MOTOR VEHICLE, FRONT END AT ANGLE",,False,Clear or Partly Cloudy,Dry,Daylight,,,,11.0,From same direction - both going straight - both moving - sideswipe,0,0,False,0
-122.293648861266,47.6070788262442,202564,292677,293657,E809755,Matched,Block,,30TH AVE BETWEEN E JEFFERSON ST AND E CHERRY ST,NEI,"Not Enough Information, or Insufficient Location Information",1,Property Damage Only Collision,,2,0,0,2,0,0,2018-05-29 00:00:00+00,5/29/2018 12:00:00 PM,,0,NOT ENOUGH INFORMATION / NOT APPLICABLE,,False,Unknown,Unknown,Unknown,,,,,,0,0,True,0
-122.32940505939,47.6374540751241,203332,302858,304098,3753814,Matched,Block,,FAIRVIEW AVE E BETWEEN E NEWTON ST AND E BOSTON ST, ,,1,Property Damage Only Collision,Parked Car,2,0,0,2,0,0,2018-09-22 00:00:00+00,9/22/2018 8:00:00 AM,Mid-Block (not related to intersection),11,"MOTOR VEHICLE STRUCK MOTOR VEHICLE, FRONT END AT ANGLE",,False,,Unknown,,,,,32.0,One parked--one moving,0,0,True,0
-122.293616377116,47.5724080770677,202566,294137,295197,3755143,Matched,Block,,RAINIER AVE S BETWEEN S WALDEN ST AND S ESTELLE ST, ,,1,Property Damage Only Collision,Rear Ended,2,0,0,2,0,0,2018-06-27 00:00:00+00,6/27/2018 8:22:00 AM,Mid-Block (not related to intersection),14,"MOTOR VEHICLE STRUCK MOTOR VEHICLE, REAR END",,False,Clear or Partly Cloudy,Dry,Daylight,,,,13.0,From same direction - both going straight - both moving - rear-end,0,0,False,0
-122.31678113298,47.6043603849107,202567,292676,293656,E808122,Matched,Intersection,29826.0,12TH AVE AND E ALDER ST, ,,2,Injury Collision,Cycles,2,0,1,1,1,0,2018-06-12 00:00:00+00,6/12/2018 6:26:00 PM,At Intersection (intersection related),18,"MOTOR VEHICLE STRUCK PEDALCYCLIST, FRONT END AT ANGLE",,False,Clear or Partly Cloudy,Dry,Daylight,,,True,6.0,Pedalcyclist Strikes Moving Vehicle,10590,0,False,0
-122.303604804819,47.5854975643053,202569,293156,294176,3818837,Matched,Intersection,31547.0,RAINIER AVE S AND S PLUM ST, ,,1,Property Damage Only Collision,Angles,2,0,0,2,0,0,2018-06-23 00:00:00+00,6/23/2018 1:38:00 PM,At Intersection (intersection related),11,"MOTOR VEHICLE STRUCK MOTOR VEHICLE, FRONT END AT ANGLE",,False,Clear or Partly Cloudy,Dry,Daylight,,,,10.0,Entering at angle,0,0,False,0
-122.34234357203,47.6246927125188,202570,294140,295200,3782641,Matched,Block,,DEXTER AVE N BETWEEN MERCER ST AND BROAD ST, ,,1,Property Damage Only Collision,Sideswipe,2,0,0,2,0,0,2018-06-26 00:00:00+00,6/26/2018 7:10:00 PM,Mid-Block (not related to intersection),14,"MOTOR VEHICLE STRUCK MOTOR VEHICLE, REAR END",True,False,Clear or Partly Cloudy,Unknown,Daylight,,,,12.0,From same direction - both going straight - one stopped - sideswipe,0,0,False,0
-122.312877364876,47.6016863591388,202571,292674,293654,E807723,Matched,Intersection,30407.0,15TH AVE AND E YESLER WAY, ,,1,Property Damage Only Collision,Angles,5,0,0,2,0,0,2018-06-07 00:00:00+00,6/7/2018 4:26:00 PM,At Intersection (intersection related),11,"MOTOR VEHICLE STRUCK MOTOR VEHICLE, FRONT END AT ANGLE",,False,Clear or Partly Cloudy,Dry,Daylight,,,,10.0,Entering at angle,0,0,False,0
-122.360747070345,47.7029413660205,202573,293578,294598,E810054,Matched,Block,,3RD AVE NW BETWEEN HOLMAN RD NW AND NW 103RD S ST, ,,1,Property Damage Only Collision,Rear Ended,3,0,0,3,0,0,2018-06-19 00:00:00+00,6/19/2018 5:33:00 PM,Mid-Block (not related to intersection),14,"MOTOR VEHICLE STRUCK MOTOR VEHICLE, REAR END",,False,Clear or Partly Cloudy,Dry,Daylight,,,,14.0,From same direction - both going straight - one stopped - rear-end,0,0,False,0
-122.297842498414,47.6061732726615,202574,292672,293652,E807722,Matched,Intersection,30085.0,27TH AVE AND E JEFFERSON ST, ,,1,Property Damage Only Collision,Angles,2,0,0,2,0,0,2018-06-06 00:00:00+00,6/6/2018 2:48:00 PM,At Intersection (intersection related),11,"MOTOR VEHICLE STRUCK MOTOR VEHICLE, FRONT END AT ANGLE",,False,Clear or Partly Cloudy,Dry,Daylight,,,,10.0,Entering at angle,0,0,False,0
-122.320409431323,47.6152380694183,202575,293534,294554,3814056,Matched,Block,,E PINE ST BETWEEN BROADWAY AND NAGLE PL, ,,1,Property Damage Only Collision,Rear Ended,5,0,0,2,0,0,2018-06-21 00:00:00+00,6/21/2018 11:11:00 PM,Mid-Block (not related to intersection),14,"MOTOR VEHICLE STRUCK MOTOR VEHICLE, REAR END",,True,Clear or Partly Cloudy,Dry,Dark - Street Lights On,,,,14.0,From same direction - both going straight - one stopped - rear-end,0,0,False,0
-122.339324538935,47.5829237822156,202578,294138,295198,3756129,Matched,Block,,ALASKAN WY VI NB BETWEEN S HOLGATE ST AND S LANDER ST, ,,1,Property Damage Only Collision,Rear Ended,2,0,0,2,0,0,2018-06-27 00:00:00+00,6/27/2018 4:25:00 PM,Mid-Block (not related to intersection),14,"MOTOR VEHICLE STRUCK MOTOR VEHICLE, REAR END",,False,Clear or Partly Cloudy,Dry,Daylight,,,,14.0,From same direction - both going straight - one stopped - rear-end,0,0,False,0
-122.32376940262,47.5941551400368,202579,292104,293044,3812251,Matched,Intersection,30549.0,7TH AVE S AND S PLUMMER ST, ,,2,Injury Collision,Left Turn,4,0,0,2,1,0,2018-06-09 00:00:00+00,6/9/2018 9:20:00 PM,At Intersection (intersection related),11,"MOTOR VEHICLE STRUCK MOTOR VEHICLE, FRONT END AT ANGLE",,False,Raining,Wet,Dark - Street Lights On,,,True,15.0,From same direction - one left turn - one straight,0,0,False,0
-122.355302031045,47.6821780995824,202580,293557,294577,E810053,Matched,Block,,GREENWOOD AVE N BETWEEN N 73RD ST AND N 74TH ST, ,,1,Property Damage Only Collision,Parked Car,2,0,0,2,0,0,2018-06-19 00:00:00+00,6/19/2018 2:47:00 PM,Mid-Block (not related to intersection),11,"MOTOR VEHICLE STRUCK MOTOR VEHICLE, FRONT END AT ANGLE",,False,Clear or Partly Cloudy,Dry,Daylight,,,,32.0,One parked--one moving,0,0,False,0
-122.361281708201,47.6209613111297,202581,292103,293043,3784841,Matched,Intersection,28655.0,ELLIOTT AVE W AND W THOMAS N ST, ,,1,Property Damage Only Collision,Left Turn,4,0,0,2,0,0,2018-06-07 00:00:00+00,6/7/2018 5:24:00 PM,At Intersection (intersection related),11,"MOTOR VEHICLE STRUCK MOTOR VEHICLE, FRONT END AT ANGLE",,False,Clear or Partly Cloudy,Dry,Daylight,,,,28.0,From opposite direction - one left turn - one straight,0,0,False,0
-122.328457981253,47.6129679050347,202582,293533,294553,3814051,Matched,Block,,BOREN AVE BETWEEN UNION ST AND PIKE ST, ,,1,Property Damage Only Collision,Other,2,0,0,1,0,0,2018-06-18 00:00:00+00,6/18/2018 10:09:00 PM,Mid-Block (not related to intersection),11,"MOTOR VEHICLE STRUCK MOTOR VEHICLE, FRONT END AT ANGLE",,False,Clear or Partly Cloudy,Dry,Dark - Street Lights On,,,,50.0,Fixed object,0,0,False,0
-122.324749252122,47.6055546978817,202584,296652,297772,3705907,Matched,Intersection,29959.0,9TH AVE AND JAMES ST, ,,2,Injury Collision,Sideswipe,3,0,0,2,3,0,2018-07-11 00:00:00+00,7/11/2018 12:05:00 AM,At Intersection (intersection related),11,"MOTOR VEHICLE STRUCK MOTOR VEHICLE, FRONT END AT ANGLE",,True,Clear or Partly Cloudy,Dry,Daylight,,,,11.0,From same direction - both going straight - both moving - sideswipe,0,0,False,0
-122.358835845417,47.6643031237319,202585,297618,298758,3705546,Matched,Intersection,25352.0,NW 49TH ST AND NW MARKET ST, ,,2,Injury Collision,Left Turn,3,0,0,2,2,0,2018-07-17 00:00:00+00,7/17/2018 6:30:00 AM,At Intersection (intersection related),11,"MOTOR VEHICLE STRUCK MOTOR VEHICLE, FRONT END AT ANGLE",,False,Clear or Partly Cloudy,Dry,Daylight,,,,28.0,From opposite direction - one left turn - one straight,0,0,False,0
-122.360350993767,47.6203713954183,202586,295697,296817,E814160,Matched,Block,,WESTERN AVE W BETWEEN ELLIOTT ER AVE W AND 3RD AVE W, ,,1,Property Damage Only Collision,Sideswipe,2,0,0,2,0,0,2018-06-28 00:00:00+00,6/28/2018 12:25:00 PM,Mid-Block (not related to intersection),11,"MOTOR VEHICLE STRUCK MOTOR VEHICLE, FRONT END AT ANGLE",,False,Clear or Partly Cloudy,Dry,Daylight,,,,11.0,From same direction - both going straight - both moving - sideswipe,0,0,False,0
-122.363337480318,47.5638141005691,202589,297622,298762,3745960,Matched,Block,,DELRIDGE WAY SW BETWEEN SW GENESEE ST AND SW OREGON ST, ,,1,Property Damage Only Collision,Rear Ended,2,0,0,2,0,0,2018-07-17 00:00:00+00,7/17/2018 2:45:00 PM,Mid-Block (not related to intersection),14,"MOTOR VEHICLE STRUCK MOTOR VEHICLE, REAR END",,False,Clear or Partly Cloudy,Dry,Daylight,,,,14.0,From same direction - both going straight - one stopped - rear-end,0,0,False,0
-122.315523926566,47.6137321952955,201454,291025,291905,E800774,Matched,Block,,13TH AVE BETWEEN E MADISON ST AND E PIKE ST, ,,1,Property Damage Only Collision,Parked Car,2,0,0,2,0,0,2018-02-15 00:00:00+00,2/15/2018 6:00:00 PM,,0,NOT ENOUGH INFORMATION / NOT APPLICABLE,,False,Overcast,Dry,Unknown,,,,32.0,One parked--one moving,0,0,True,0