longitude,latitude,objectid,inckey,coldetkey,reportno,status,addrtype,intkey,location,exceptrsncode,exceptrsndesc,severitycode,severitydesc,collisiontype,personcount,pedcount,pedcylcount,vehcount,injuries,fatalities,incdate,incdttm,junctiontype,sdot_colcode,sdot_coldesc,inattentionind,underinfl,weather,roadcond,lightcond,pedrownotgrnt,sdotcolnum,speeding,st_colcode,st_coldesc,seglanekey,crosswalkkey,hitparkedcar,seriousinjuries
-122.342396794288,47.6191335224557,202591,296655,297778,E816593,Matched,Block,,DEXTER AVE N BETWEEN DENNY WAY AND JOHN ST, ,,2b,Serious Injury Collision,Cycles,2,0,1,1,1,0,2018-07-08 00:00:00+00,7/8/2018 2:16:00 PM,Mid-Block (not related to intersection),18,"MOTOR VEHICLE STRUCK PEDALCYCLIST, FRONT END AT ANGLE",,False,Clear or Partly Cloudy,Dry,Daylight,,,,6.0,Pedalcyclist Strikes Moving Vehicle,0,0,False,1
-122.376186658043,47.5664869749185,202593,295617,296737,E815291,Matched,Intersection,31886.0,35TH AVE SW AND SW DAKOTA ST, ,,2,Injury Collision,Angles,2,0,0,2,1,0,2018-07-03 00:00:00+00,7/3/2018 2:23:00 PM,At Intersection (intersection related),11,"MOTOR VEHICLE STRUCK MOTOR VEHICLE, FRONT END AT ANGLE",,False,Clear or Partly Cloudy,Dry,Daylight,,,,10.0,Entering at angle,0,0,False,0
-122.373883776748,47.6391825248341,202594,294958,296058,E812334,Matched,Block,,13TH AVE W BETWEEN W BOSTON ST AND GILMAN DR W, ,,1,Property Damage Only Collision,Parked Car,2,0,0,2,0,0,2018-06-25 00:00:00+00,6/25/2018 10:53:00 AM,Mid-Block (not related to intersection),14,"MOTOR VEHICLE STRUCK MOTOR VEHICLE, REAR END",,False,Clear or Partly Cloudy,Dry,Daylight,,,,32.0,One parked--one moving,0,0,True,0
-122.360433427828,47.5327842524151,202595,296619,297739,E816537,Matched,Block,,DELRIDGE WAY SW BETWEEN SW HOLDEN ST AND SW KENYON ST, ,,1,Property Damage Only Collision,Angles,2,0,0,2,0,0,2018-07-10 00:00:00+00,7/10/2018 3:21:00 PM,Mid-Block (not related to intersection),11,"MOTOR VEHICLE STRUCK MOTOR VEHICLE, FRONT END AT ANGLE",,False,Clear or Partly Cloudy,Dry,Daylight,,,,10.0,Entering at angle,0,0,False,0
-122.374896715145,47.6512550744436,202596,294957,296057,E813170,Matched,Block,,14TH AVE W BETWEEN W BERTONA ST AND W RUFFNER ST,NEI,"Not Enough Information, or Insufficient Location Information",1,Property Damage Only Collision,Parked Car,2,0,0,2,0,0,2018-06-24 00:00:00+00,6/24/2018,Mid-Block (not related to intersection),13,"MOTOR VEHICLE STRUCK MOTOR VEHICLE, LEFT SIDE AT ANGLE",,False,Unknown,Unknown,Unknown,,,,32.0,One parked--one moving,0,0,True,0
-122.340915051855,47.6159296698133,202597,296653,297773,E816592,Matched,Intersection,29535.0,6TH AVE AND BLANCHARD ST, ,,1,Property Damage Only Collision,Angles,3,0,0,3,0,0,2018-07-07 00:00:00+00,7/7/2018 5:32:00 PM,At Intersection (intersection related),11,"MOTOR VEHICLE STRUCK MOTOR VEHICLE, FRONT END AT ANGLE",True,False,Clear or Partly Cloudy,Dry,Dark - No Street Lights,,,,10.0,Entering at angle,0,0,False,0
-122.337648656725,47.571591919099,202598,297620,298760,3744253,Matched,Block,,WEST SEATTLE BR WB BETWEEN 1ST AV S ON RP AND WSB-WB SPOK-NR RP, ,,1,Property Damage Only Collision,Rear Ended,2,0,0,2,0,0,2018-07-11 00:00:00+00,7/11/2018 5:20:00 PM,Mid-Block (not related to intersection),14,"MOTOR VEHICLE STRUCK MOTOR VEHICLE, REAR END",True,False,Clear or Partly Cloudy,Dry,Daylight,,,,13.0,From same direction - both going straight - both moving - rear-end,0,0,False,0
-122.315437053883,47.6109721607401,202600,294917,296017,E813015,Matched,Block,,13TH AVE BETWEEN E MARION ST AND E SPRING ST, ,,1,Property Damage Only Collision,Parked Car,2,0,0,2,0,0,2018-06-27 00:00:00+00,6/27/2018 2:41:00 PM,Mid-Block (not related to intersection),11,"MOTOR VEHICLE STRUCK MOTOR VEHICLE, FRONT END AT ANGLE",,False,Clear or Partly Cloudy,Dry,Daylight,,,,20.0,One car leaving parked position,0,0,False,0
-122.349904384192,47.5340480548648,202602,297623,298763,3745961,Matched,Block,,SW HOLDEN ST BETWEEN 11TH AVE SW AND 12TH AVE SW, ,,2,Injury Collision,Parked Car,2,0,0,2,1,0,2018-07-17 00:00:00+00,7/17/2018 4:04:00 PM,Mid-Block (not related to intersection),11,"MOTOR VEHICLE STRUCK MOTOR VEHICLE, FRONT END AT ANGLE",,False,Clear or Partly Cloudy,Dry,Daylight,,,,32.0,One parked--one moving,0,0,False,0
-122.345366471501,47.7050532629518,202603,294897,295997,E813005,Matched,Block,,N 105TH ST BETWEEN WHITMAN AVE N AND AURORA AVE N, ,,2,Injury Collision,Right Turn,6,0,0,2,1,0,2018-06-28 00:00:00+00,6/28/2018 2:29:00 PM,Mid-Block (but intersection related),14,"MOTOR VEHICLE STRUCK MOTOR VEHICLE, REAR END",True,False,Clear or Partly Cloudy,Dry,Daylight,,,,16.0,From same direction - one right turn - one straight,0,0,False,0
-122.378884435494,47.6682816921075,202604,294877,295977,E813004,Matched,Block,,17TH AVE NW BETWEEN NW 54TH ST AND NW MARKET ST, ,,1,Property Damage Only Collision,Other,3,0,0,2,0,0,2018-06-28 00:00:00+00,6/28/2018 9:35:00 AM,Mid-Block (not related to intersection),11,"MOTOR VEHICLE STRUCK MOTOR VEHICLE, FRONT END AT ANGLE",True,False,Clear or Partly Cloudy,Dry,Daylight,,,,23.0,From same direction - all others,0,0,False,0
-122.35782375657,47.5203251909486,202605,296657,297780,3742467,Matched,Intersection,34889.0,18TH AVE SW AND DELRIDGE WAY SW, ,,2,Injury Collision,Angles,5,0,0,2,1,0,2018-07-12 00:00:00+00,7/12/2018 7:05:00 PM,At Intersection (intersection related),11,"MOTOR VEHICLE STRUCK MOTOR VEHICLE, FRONT END AT ANGLE",,False,Clear or Partly Cloudy,Dry,Daylight,,,,10.0,Entering at angle,0,0,False,0
-122.314674197328,47.6685593946402,202606,294857,295957,E813002,Matched,Block,,NE 55TH ST BETWEEN 12TH AVE NE AND BROOKLYN AVE NE, ,,1,Property Damage Only Collision,Parked Car,2,0,0,2,0,0,2018-06-28 00:00:00+00,6/28/2018 11:39:00 AM,Driveway Junction,12,"MOTOR VEHICLE STRUCK MOTOR VEHICLE, RIGHT SIDE AT ANGLE",,False,Clear or Partly Cloudy,Dry,Daylight,,,,32.0,One parked--one moving,0,0,True,0
-122.378114438605,47.5870825622466,202607,296651,297771,3549765,Matched,Intersection,31009.0,FAIRMOUNT AVE SW AND HARBOR AVE SW, ,,1,Property Damage Only Collision,Rear Ended,4,0,0,2,0,0,2018-07-10 00:00:00+00,7/10/2018 6:24:00 PM,At Intersection (intersection related),14,"MOTOR VEHICLE STRUCK MOTOR VEHICLE, REAR END",True,False,Clear or Partly Cloudy,Dry,Daylight,,,,14.0,From same direction - both going straight - one stopped - rear-end,0,0,False,0
-122.347215987316,47.6898362149232,202639,297637,298767,3751234,Matched,Intersection,24263.0,LINDEN AVE N AND N 84TH ST, ,,2,Injury Collision,Angles,2,0,0,2,2,0,2018-07-17 00:00:00+00,7/17/2018 10:52:00 AM,At Intersection (intersection related),11,"MOTOR VEHICLE STRUCK MOTOR VEHICLE, FRONT END AT ANGLE",,False,Clear or Partly Cloudy,Dry,Daylight,,,,10.0,Entering at angle,0,0,False,0
-122.296773086129,47.6034477172557,202608,294837,295937,E812330,Matched,Block,,M L KING JR WAY BETWEEN E FIR ST AND E ALDER ST, ,,2,Injury Collision,Rear Ended,7,0,0,3,1,0,2018-06-15 00:00:00+00,6/15/2018 2:51:00 PM,Mid-Block (not related to intersection),14,"MOTOR VEHICLE STRUCK MOTOR VEHICLE, REAR END",,False,Clear or Partly Cloudy,Dry,Daylight,,,,14.0,From same direction - both going straight - one stopped - rear-end,0,0,False,0
-122.370607458168,47.5428323676551,202610,297621,298761,3745568,Matched,Intersection,34016.0,HIGH POINT DR SW AND SYLVAN WAY SW, ,,2,Injury Collision,Angles,5,0,0,2,1,0,2018-07-18 00:00:00+00,7/18/2018 6:11:00 PM,At Intersection (intersection related),11,"MOTOR VEHICLE STRUCK MOTOR VEHICLE, FRONT END AT ANGLE",True,False,Clear or Partly Cloudy,Dry,Daylight,,,,10.0,Entering at angle,0,0,False,0
-122.299159659816,47.5796734628583,202611,294158,295218,3814901,Matched,Block,,RAINIER AVE S BETWEEN S BAYVIEW ST AND S MCCLELLAN ST, ,,2,Injury Collision,Rear Ended,2,0,0,2,1,0,2018-06-26 00:00:00+00,6/26/2018 10:36:00 AM,Mid-Block (not related to intersection),14,"MOTOR VEHICLE STRUCK MOTOR VEHICLE, REAR END",True,False,Clear or Partly Cloudy,Dry,Daylight,,,,14.0,From same direction - both going straight - one stopped - rear-end,0,0,False,0
-122.348232009133,47.6120455289445,202612,296654,297777,3705908,Matched,Intersection,29708.0,BELL ST AND ELLIOTT AVE, ,,1,Property Damage Only Collision,Rear Ended,7,0,0,2,0,0,2018-07-11 00:00:00+00,7/11/2018 9:37:00 AM,At Intersection (intersection related),14,"MOTOR VEHICLE STRUCK MOTOR VEHICLE, REAR END",,False,Clear or Partly Cloudy,Dry,Daylight,,,,13.0,From same direction - both going straight - both moving - rear-end,0,0,False,0
-122.322774570283,47.5983476322295,202613,294157,295217,3812338,Matched,Block,,S KING ST BETWEEN CANTON AL S AND 8TH AVE S, ,,1,Property Damage Only Collision,Parked Car,2,0,0,2,0,0,2018-06-26 00:00:00+00,6/26/2018 1:29:00 PM,Mid-Block (not related to intersection),11,"MOTOR VEHICLE STRUCK MOTOR VEHICLE, FRONT END AT ANGLE",,False,Clear or Partly Cloudy,Dry,Daylight,,,,32.0,One parked--one moving,0,0,True,0
-122.290762398364,47.7083721787873,202615,288626,289486,3751029,Matched,Intersection,36838.0,35TH AVE NE AND NE 110TH ST, ,,2,Injury Collision,Pedestrian,2,1,0,1,1,0,2018-05-23 00:00:00+00,5/23/2018 8:54:00 AM,At Intersection (intersection related),24,MOTOR VEHCILE STRUCK PEDESTRIAN,,False,Clear or Partly Cloudy,Dry,Daylight,True,,,1.0,Vehicle turning right hits pedestrian,0,0,False,0
-122.3543696931,47.6738652671534,202617,289097,289957,E800214,Matched,Intersection,25602.0,PHINNEY AVE N AND N 62ND ST, ,,2,Injury Collision,Other,1,0,0,1,1,0,2018-05-19 00:00:00+00,5/19/2018 11:25:00 PM,At Intersection (intersection related),26,MOTOR VEHICLE STRUCK OBJECT IN ROAD,,False,Overcast,Wet,Dark - Street Lights On,,,,52.0,Vehicle overturned,0,0,False,0
-122.376222172824,47.6612100620897,202618,288625,289485,E798639,Matched,Block,,BALLARD BR BETWEEN POINT B AND BALLARD BR OFF RP,NEI,"Not Enough Information, or Insufficient Location Information",1,Property Damage Only Collision,Rear Ended,3,0,0,3,0,0,2018-05-11 00:00:00+00,5/11/2018 4:00:00 PM,Mid-Block (not related to intersection),0,NOT ENOUGH INFORMATION / NOT APPLICABLE,True,False,Unknown,Unknown,Daylight,,,,13.0,From same direction - both going straight - both moving - rear-end,0,0,False,0
-122.366118472926,47.659102797541,202620,289025,289885,3751033,Matched,Block,,8TH AVE NW BETWEEN NW 43RD S ST AND NW 43RD N ST, ,,1,Property Damage Only Collision,Parked Car,2,0,0,2,0,0,2018-05-24 00:00:00+00,5/24/2018 11:30:00 PM,Mid-Block (not related to intersection),11,"MOTOR VEHICLE STRUCK MOTOR VEHICLE, FRONT END AT ANGLE",,False,Clear or Partly Cloudy,Dry,Dark - Street Lights On,,,,32.0,One parked--one moving,0,0,True,0
-122.297468424759,47.5973952348653,202621,289640,290500,3814796,Matched,Block,,M L KING JR WAY S BETWEEN S KING ST AND S LANE ST, ,,2,Injury Collision,Angles,2,0,0,2,1,0,2018-05-30 00:00:00+00,5/30/2018 10:01:00 AM,Mid-Block (but intersection related),11,"MOTOR VEHICLE STRUCK MOTOR VEHICLE, FRONT END AT ANGLE",,False,Clear or Partly Cloudy,Dry,Daylight,,,,10.0,Entering at angle,0,0,False,0
-122.350039510845,47.6613944266133,202622,288623,289483,E798624,Matched,Intersection,26925.0,FREMONT AVE N AND N 45TH ST, ,,2,Injury Collision,Pedestrian,2,0,1,1,1,0,2018-05-15 00:00:00+00,5/15/2018 6:06:00 PM,At Intersection (intersection related),18,"MOTOR VEHICLE STRUCK PEDALCYCLIST, FRONT END AT ANGLE",,False,Clear or Partly Cloudy,Dry,Daylight,,,,5.0,Vehicle Strikes Pedalcyclist,0,0,False,0
-122.342086527911,47.6646629437624,202624,288622,289482,E798623,Matched,Block,,STONE AVE N BETWEEN N 49TH ST AND N 50TH ST, ,,1,Property Damage Only Collision,Parked Car,2,0,0,2,0,0,2018-05-14 00:00:00+00,5/14/2018 8:03:00 AM,Mid-Block (not related to intersection),11,"MOTOR VEHICLE STRUCK MOTOR VEHICLE, FRONT END AT ANGLE",,False,Clear or Partly Cloudy,Dry,Daylight,,,,32.0,One parked--one moving,0,0,True,0
-122.335354316083,47.6847405002968,202625,298325,299465,3751180,Matched,Block,,EAST GREEN LAKE DR N BETWEEN N 77TH ST AND N 78TH ST, ,,1,Property Damage Only Collision,Rear Ended,2,0,0,2,0,0,2018-07-14 00:00:00+00,7/14/2018 4:15:00 PM,Mid-Block (not related to intersection),11,"MOTOR VEHICLE STRUCK MOTOR VEHICLE, FRONT END AT ANGLE",,False,Clear or Partly Cloudy,Dry,Daylight,,,,14.0,From same direction - both going straight - one stopped - rear-end,0,0,False,0
-122.325789726716,47.7002518455431,202626,298324,299464,3751179,Matched,Block,,3RD AVE NE BETWEEN NE 97TH ST AND NE 100TH ST, ,,2b,Serious Injury Collision,Cycles,2,0,1,1,1,0,2018-07-13 00:00:00+00,7/13/2018 12:00:00 PM,Mid-Block (not related to intersection),51,PEDALCYCLIST STRUCK MOTOR VEHICLE FRONT END AT ANGLE,,False,Clear or Partly Cloudy,Dry,Daylight,,,,8.0,Pedalcyclist All Other Involvements ONE UNIT - PEDALCYCLIST ONLY or PEDALCYCLIST STR,0,0,True,1
-122.332244084376,47.6120705726859,202627,288629,289489,3812122,Matched,Intersection,29893.0,8TH AVE AND PIKE ST, ,,2,Injury Collision,Left Turn,2,0,0,2,1,0,2018-05-23 00:00:00+00,5/23/2018 4:32:00 PM,At Intersection (intersection related),11,"MOTOR VEHICLE STRUCK MOTOR VEHICLE, FRONT END AT ANGLE",,False,Clear or Partly Cloudy,Dry,Daylight,,,,15.0,From same direction - one left turn - one straight,0,0,False,0
-122.347207127114,47.6905707877264,202628,298323,299463,E813293,Matched,Intersection,37466.0,LINDEN AVE N AND N 85TH ST, ,,2,Injury Collision,Angles,5,0,0,3,3,0,2018-06-21 00:00:00+00,6/21/2018 5:37:00 PM,At Intersection (intersection related),11,"MOTOR VEHICLE STRUCK MOTOR VEHICLE, FRONT END AT ANGLE",,False,Clear or Partly Cloudy,Dry,Daylight,,,,10.0,Entering at angle,0,0,False,0
-122.300635128401,47.6766821489543,202629,289077,289937,E800211,Matched,Block,,25TH AVE NE BETWEEN NE 65TH ST AND NE 68TH ST, ,,1,Property Damage Only Collision,Left Turn,2,0,0,2,0,0,2018-05-18 00:00:00+00,5/18/2018 9:45:00 PM,Mid-Block (not related to intersection),11,"MOTOR VEHICLE STRUCK MOTOR VEHICLE, FRONT END AT ANGLE",,False,Unknown,Dry,Dark - Street Lights On,,,,28.0,From opposite direction - one left turn - one straight,0,0,False,0
-122.331065626113,47.620818687709,202630,289638,290498,3812158,Matched,Block,,THOMAS ST BETWEEN PONTIUS AVE N AND YALE AVE N, ,,1,Property Damage Only Collision,Sideswipe,4,0,0,2,0,0,2018-05-31 00:00:00+00,5/31/2018 9:32:00 PM,Mid-Block (not related to intersection),16,"MOTOR VEHICLE STRUCK MOTOR VEHICLE, LEFT SIDE SIDESWIPE",True,False,Clear or Partly Cloudy,Wet,Dark - Street Lights On,,,,12.0,From same direction - both going straight - one stopped - sideswipe,0,0,False,0
-122.323289785593,47.7090862930878,202631,298322,299462,3751145,Matched,Block,,5TH AVE NE BETWEEN NE NORTHGATE WAY AND NE 112TH S ST, ,,2,Injury Collision,Angles,2,0,0,2,2,0,2018-07-03 00:00:00+00,7/3/2018 4:00:00 PM,Mid-Block (not related to intersection),11,"MOTOR VEHICLE STRUCK MOTOR VEHICLE, FRONT END AT ANGLE",,False,Clear or Partly Cloudy,Dry,Daylight,,,,10.0,Entering at angle,0,0,False,0
-122.300118750351,47.6122536198974,202632,298321,299461,3748038,Matched,Block,,25TH AVE BETWEEN E SPRING ST AND E UNION ST, ,,1,Property Damage Only Collision,Rear Ended,2,0,0,2,0,0,2018-07-10 00:00:00+00,7/10/2018 7:05:00 PM,Mid-Block (not related to intersection),14,"MOTOR VEHICLE STRUCK MOTOR VEHICLE, REAR END",True,False,Clear or Partly Cloudy,Dry,Daylight,,,,14.0,From same direction - both going straight - one stopped - rear-end,0,0,False,0
-122.318840032561,47.6119694546694,202633,288628,289488,3773750,Matched,Block,,E MADISON ST BETWEEN 10TH AVE AND E SENECA ST, ,,2,Injury Collision,Left Turn,3,0,0,2,3,0,2018-05-23 00:00:00+00,5/23/2018 8:03:00 AM,Mid-Block (not related to intersection),11,"MOTOR VEHICLE STRUCK MOTOR VEHICLE, FRONT END AT ANGLE",,False,Clear or Partly Cloudy,Dry,Daylight,,,,28.0,From opposite direction - one left turn - one straight,0,0,False,0
-122.36591253868,47.5173632010711,202634,298320,299460,3746030,Matched,Intersection,34902.0,26TH AVE SW AND SW ROXBURY ST, ,,1,Property Damage Only Collision,Sideswipe,2,0,0,2,0,0,2018-07-22 00:00:00+00,7/22/2018 8:09:00 PM,At Intersection (intersection related),11,"MOTOR VEHICLE STRUCK MOTOR VEHICLE, FRONT END AT ANGLE",,False,Clear or Partly Cloudy,Dry,Daylight,,,,12.0,From same direction - both going straight - one stopped - sideswipe,0,0,False,0
-122.352874869035,47.5329873224153,202635,298319,299459,3745964,Matched,Block,,14TH AVE SW BETWEEN SW HOLDEN ST AND SW KENYON ST, ,,1,Property Damage Only Collision,Parked Car,2,0,0,2,0,0,2018-07-18 00:00:00+00,7/18/2018 9:51:00 PM,Mid-Block (not related to intersection),11,"MOTOR VEHICLE STRUCK MOTOR VEHICLE, FRONT END AT ANGLE",,False,Unknown,Unknown,Unknown,,,,32.0,One parked--one moving,0,0,True,0
-122.323532308454,47.7284024565513,202636,289080,289940,E800213,Matched,Block,,5TH AVE NE BETWEEN NE 131ST PL AND 145TH ST OFF RP, ,,1,Property Damage Only Collision,Other,2,0,0,1,0,0,2018-05-21 00:00:00+00,5/21/2018 12:19:00 AM,Mid-Block (not related to intersection),26,MOTOR VEHICLE STRUCK OBJECT IN ROAD,,False,Clear or Partly Cloudy,Dry,Dark - Street Lights On,,,,85.0,Vehicle Strikes Deer,0,0,False,0
-122.318133913234,47.7194496353154,202637,298318,299458,E813289,Matched,Intersection,36431.0,ROOSEVELT WAY NE AND NE 125TH S ST, ,,1,Property Damage Only Collision,Angles,3,0,0,2,0,0,2018-06-27 00:00:00+00,6/27/2018 2:15:00 PM,At Intersection (intersection related),11,"MOTOR VEHICLE STRUCK MOTOR VEHICLE, FRONT END AT ANGLE",,False,Clear or Partly Cloudy,Dry,Daylight,,,,10.0,Entering at angle,0,0,False,0
-122.356106742367,47.6186045731309,202640,288627,289487,3753536,Matched,Block,,DENNY WAY BETWEEN QUEEN ANNE AVE N AND 1ST AVE, ,,1,Property Damage Only Collision,Sideswipe,2,0,0,2,0,0,2018-05-23 00:00:00+00,5/23/2018 1:42:00 PM,Mid-Block (not related to intersection),11,"MOTOR VEHICLE STRUCK MOTOR VEHICLE, FRONT END AT ANGLE",,False,Clear or Partly Cloudy,Dry,Daylight,,,,11.0,From same direction - both going straight - both moving - sideswipe,0,0,False,0
-122.350652791322,47.5173342871479,202642,297626,298766,3746026,Matched,Intersection,35062.0,12TH AVE SW AND SW ROXBURY ST, ,,2,Injury Collision,Rear Ended,3,0,0,2,2,0,2018-07-18 00:00:00+00,7/18/2018 9:06:00 AM,At Intersection (intersection related),14,"MOTOR VEHICLE STRUCK MOTOR VEHICLE, REAR END",True,False,Overcast,Dry,Daylight,,,,14.0,From same direction - both going straight - one stopped - rear-end,0,0,False,0
-122.311951577682,47.6639868605039,202643,289078,289938,E800212,Matched,Block,,15TH AVE NE BETWEEN NE 47TH ST AND NE 50TH ST, ,,1,Property Damage Only Collision,Parked Car,2,0,0,2,0,0,2018-05-19 00:00:00+00,5/19/2018 7:47:00 PM,Mid-Block (not related to intersection),11,"MOTOR VEHICLE STRUCK MOTOR VEHICLE, FRONT END AT ANGLE",,False,Unknown,Unknown,Unknown,,,,32.0,One parked--one moving,0,0,True,0
-122.35339000168,47.5663040775615,202644,297624,298764,3745962,Matched,Block,,WEST MARGINAL WAY SW BETWEEN SW DAKOTA ST AND SW IDAHO ST, ,,2,Injury Collision,Pedestrian,2,0,1,1,1,0,2018-07-18 00:00:00+00,7/18/2018 5:02:00 PM,Mid-Block (not related to intersection),18,"MOTOR VEHICLE STRUCK PEDALCYCLIST, FRONT END AT ANGLE",,False,Clear or Partly Cloudy,Dry,Daylight,True,,,5.0,Vehicle Strikes Pedalcyclist,0,0,False,0
-122.326970314754,47.6046251793858,202645,289049,289909,E801068,Matched,Intersection,29962.0,7TH AVE AND JAMES ST, ,,1,Property Damage Only Collision,Left Turn,2,0,0,2,0,0,2018-04-26 00:00:00+00,4/26/2018 11:56:00 PM,At Intersection (intersection related),11,"MOTOR VEHICLE STRUCK MOTOR VEHICLE, FRONT END AT ANGLE",,False,Clear or Partly Cloudy,Dry,Dark - Street Lights On,,,,28.0,From opposite direction - one left turn - one straight,0,0,False,0
-122.317363187102,47.6754029828589,202647,290825,291705,E796166,Matched,Block,,ROOSEVELT WAY NE BETWEEN NE 64TH ST AND NE 65TH ST, ,,2,Injury Collision,Cycles,2,1,1,0,2,0,2018-05-02 00:00:00+00,5/2/2018 9:05:00 AM,Mid-Block (not related to intersection),18,"MOTOR VEHICLE STRUCK PEDALCYCLIST, FRONT END AT ANGLE",,False,Clear or Partly Cloudy,Dry,Daylight,,,,7.0,Pedalcyclist Strikes Pedalcyclist or Pedestrian,0,0,False,0
-122.360474317775,47.5255922780593,202648,291319,292199,3781060,Matched,Block,,DELRIDGE WAY SW BETWEEN SW CLOVERDALE ST AND SW TRENTON ST, ,,1,Property Damage Only Collision,Head On,4,0,0,2,0,0,2018-06-10 00:00:00+00,6/10/2018 2:45:00 PM,Mid-Block (not related to intersection),11,"MOTOR VEHICLE STRUCK MOTOR VEHICLE, FRONT END AT ANGLE",,False,Clear or Partly Cloudy,Dry,Daylight,,,,30.0,From opposite direction - all others,0,0,False,0
-122.325976674608,47.5798093253002,202650,290823,291703,E796128,Matched,Intersection,31368.0,6TH AVE S AND S LANDER ST, ,,2,Injury Collision,Angles,2,0,0,2,1,0,2018-04-12 00:00:00+00,4/12/2018 6:16:00 PM,At Intersection (intersection related),11,"MOTOR VEHICLE STRUCK MOTOR VEHICLE, FRONT END AT ANGLE",,False,Clear or Partly Cloudy,Wet,Daylight,,,,10.0,Entering at angle,0,0,False,0
-122.358806072669,47.5214196973706,202651,290822,291702,E796088,Matched,Block,,DELRIDGE WAY SW BETWEEN 20TH AVE SW AND SW BARTON ST, ,,1,Property Damage Only Collision,Other,3,0,0,3,0,0,2018-04-22 00:00:00+00,4/22/2018 7:43:00 AM,Mid-Block (not related to intersection),14,"MOTOR VEHICLE STRUCK MOTOR VEHICLE, REAR END",,False,Clear or Partly Cloudy,Dry,Daylight,,,True,23.0,From same direction - all others,0,0,False,0
-122.311095256939,47.6874653311689,202652,292138,293078,E806307,Matched,Block,,16TH AVE NE BETWEEN NE 80TH ST AND LAKE CITY WAY NE, ,,1,Property Damage Only Collision,Head On,2,0,0,2,0,0,2018-06-06 00:00:00+00,6/6/2018 3:31:00 PM,Driveway Junction,11,"MOTOR VEHICLE STRUCK MOTOR VEHICLE, FRONT END AT ANGLE",,False,Clear or Partly Cloudy,Dry,Daylight,,,,30.0,From opposite direction - all others,0,0,False,0
-122.269718990962,47.520147160902,202653,290832,291712,E796626,Matched,Intersection,35450.0,51ST AVE S AND RAINIER AVE S, ,,1,Property Damage Only Collision,Left Turn,3,0,0,2,0,0,2018-03-23 00:00:00+00,3/23/2018 11:51:00 AM,At Intersection (intersection related),11,"MOTOR VEHICLE STRUCK MOTOR VEHICLE, FRONT END AT ANGLE",,False,Clear or Partly Cloudy,Wet,Daylight,,,,28.0,From opposite direction - one left turn - one straight,0,0,False,0
-122.3172279786,47.5983375933154,202654,292118,293058,3506209,Matched,Intersection,30430.0,12TH AVE S AND S KING ST, ,,2,Injury Collision,Angles,2,0,0,2,1,0,2018-06-17 00:00:00+00,6/17/2018 6:20:00 PM,At Intersection (intersection related),11,"MOTOR VEHICLE STRUCK MOTOR VEHICLE, FRONT END AT ANGLE",,False,Clear or Partly Cloudy,Dry,Daylight,,,,10.0,Entering at angle,0,0,False,0
-122.335133954354,47.6498413072335,202655,290417,291297,E802107,Matched,Block,,BURKE AVE N BETWEEN N 35TH ST AND N 36TH ST, ,,1,Property Damage Only Collision,Parked Car,2,0,0,2,0,0,2018-05-17 00:00:00+00,5/17/2018 8:00:00 AM,Mid-Block (not related to intersection),11,"MOTOR VEHICLE STRUCK MOTOR VEHICLE, FRONT END AT ANGLE",,False,Unknown,Unknown,Daylight,,,,32.0,One parked--one moving,0,0,True,0
-122.352800887081,47.6147477425509,202656,291322,292202,3784692,Matched,Block,,ELLIOTT AVE BETWEEN CEDAR ST AND CLAY ST, ,,1,Property Damage Only Collision,Sideswipe,4,0,0,2,0,0,2018-06-09 00:00:00+00,6/9/2018 1:11:00 AM,Mid-Block (not related to intersection),11,"MOTOR VEHICLE STRUCK MOTOR VEHICLE, FRONT END AT ANGLE",,True,Clear or Partly Cloudy,Wet,Dark - Street Lights On,,,,11.0,From same direction - both going straight - both moving - sideswipe,0,0,False,0
-122.345316926401,47.6799497906343,202657,290401,291281,E802106,Matched,Block,,AURORA AVE N BETWEEN N 70TH ST AND N 71ST ST, ,,2,Injury Collision,Rear Ended,2,0,0,2,2,0,2018-05-23 00:00:00+00,5/23/2018 3:34:00 PM,Mid-Block (not related to intersection),14,"MOTOR VEHICLE STRUCK MOTOR VEHICLE, REAR END",,False,Clear or Partly Cloudy,Dry,Daylight,,,,14.0,From same direction - both going straight - one stopped - rear-end,0,0,False,0
-122.347294317702,47.6471711193713,202658,290399,291279,E802103,Matched,Block,,AURORA BR BETWEEN RAYE ST AND BRIDGE WAY N, ,,1,Property Damage Only Collision,Sideswipe,2,0,0,2,0,0,2018-05-21 00:00:00+00,5/21/2018 2:05:00 PM,Mid-Block (not related to intersection),16,"MOTOR VEHICLE STRUCK MOTOR VEHICLE, LEFT SIDE SIDESWIPE",,False,Clear or Partly Cloudy,Dry,Daylight,,,,11.0,From same direction - both going straight - both moving - sideswipe,0,0,False,0
-122.380959438283,47.6686741329031,202659,290398,291278,E802101,Matched,Block,,NW MARKET ST BETWEEN BARNES AVE NW AND TALLMAN AVE NW, ,,1,Property Damage Only Collision,Rear Ended,2,0,0,2,0,0,2018-05-23 00:00:00+00,5/23/2018 1:32:00 PM,Mid-Block (not related to intersection),14,"MOTOR VEHICLE STRUCK MOTOR VEHICLE, REAR END",True,False,Clear or Partly Cloudy,Dry,Daylight,,,,14.0,From same direction - both going straight - one stopped - rear-end,0,0,False,0