longitude,latitude,objectid,inckey,coldetkey,reportno,status,addrtype,intkey,location,exceptrsncode,exceptrsndesc,severitycode,severitydesc,collisiontype,personcount,pedcount,pedcylcount,vehcount,injuries,fatalities,incdate,incdttm,junctiontype,sdot_colcode,sdot_coldesc,inattentionind,underinfl,weather,roadcond,lightcond,pedrownotgrnt,sdotcolnum,speeding,st_colcode,st_coldesc,seglanekey,crosswalkkey,hitparkedcar,seriousinjuries
-122.296206635018,47.5773321081313,202660,290829,291709,E804775,Matched,Block,,M L KING JR WAY S BETWEEN S MCCLELLAN ST AND RAINIER AVE S, ,,2,Injury Collision,Rear Ended,5,0,0,3,1,0,2018-06-04 00:00:00+00,6/4/2018 8:45:00 AM,Mid-Block (not related to intersection),14,"MOTOR VEHICLE STRUCK MOTOR VEHICLE, REAR END",,False,Raining,Wet,Daylight,,,,14.0,From same direction - both going straight - one stopped - rear-end,0,0,False,0
-122.32511606735,47.660775995403,202661,292121,293061,E806621,Matched,Block,,LATONA AVE NE BETWEEN NE 44TH ST AND NE 45TH ST, ,,1,Property Damage Only Collision,Angles,2,0,0,2,0,0,2018-06-07 00:00:00+00,6/7/2018 5:02:00 PM,Mid-Block (not related to intersection),11,"MOTOR VEHICLE STRUCK MOTOR VEHICLE, FRONT END AT ANGLE",,False,Clear or Partly Cloudy,Dry,Daylight,,,,10.0,Entering at angle,0,0,False,0
-122.354383120992,47.6721389431065,202662,290397,291277,E802099,Matched,Block,,PHINNEY AVE N BETWEEN N 59TH ST AND N 60TH ST, ,,2,Injury Collision,Rear Ended,3,0,0,2,1,0,2018-05-22 00:00:00+00,5/22/2018 2:17:00 PM,Mid-Block (not related to intersection),14,"MOTOR VEHICLE STRUCK MOTOR VEHICLE, REAR END",True,False,Clear or Partly Cloudy,Dry,Daylight,,,,13.0,From same direction - both going straight - both moving - rear-end,0,0,False,0
-122.344784335885,47.5172998230453,202663,291320,292200,3782637,Matched,Block,,SW ROXBURY ST BETWEEN 7TH W AVE SW AND 8TH AVE SW, ,,2,Injury Collision,Rear Ended,3,0,0,2,3,0,2018-06-10 00:00:00+00,6/10/2018 11:27:00 AM,Mid-Block (but intersection related),14,"MOTOR VEHICLE STRUCK MOTOR VEHICLE, REAR END",,False,Clear or Partly Cloudy,Dry,Daylight,,,,14.0,From same direction - both going straight - one stopped - rear-end,0,0,False,0
-122.352885936306,47.6159701914872,202664,291337,292237,3812043,Matched,Block,,WESTERN AVE BETWEEN CLAY ST AND BROAD ST, ,,1,Property Damage Only Collision,Sideswipe,2,0,0,2,0,0,2018-06-11 00:00:00+00,6/11/2018 3:13:00 PM,Mid-Block (not related to intersection),11,"MOTOR VEHICLE STRUCK MOTOR VEHICLE, FRONT END AT ANGLE",,False,Clear or Partly Cloudy,Dry,Daylight,,,,11.0,From same direction - both going straight - both moving - sideswipe,0,0,False,0
-122.334735199235,47.5390168275518,202665,290383,291263,E787957,Matched,Block,,1ST AV S BR NB BETWEEN POINT A AND SR509 NB, ,,1,Property Damage Only Collision,Sideswipe,3,0,0,3,0,0,2018-04-10 00:00:00+00,4/10/2018 6:40:00 AM,Mid-Block (not related to intersection),11,"MOTOR VEHICLE STRUCK MOTOR VEHICLE, FRONT END AT ANGLE",,False,Raining,Wet,Daylight,,,,11.0,From same direction - both going straight - both moving - sideswipe,0,0,False,0
-122.314255164495,47.686061624845,202669,292119,293059,E806305,Matched,Block,,LAKE CITY WAY NE BETWEEN 12TH AVE NE AND NE 80TH ST, ,,1,Property Damage Only Collision,Sideswipe,2,0,0,2,0,0,2018-06-06 00:00:00+00,6/6/2018 4:53:00 PM,Mid-Block (not related to intersection),11,"MOTOR VEHICLE STRUCK MOTOR VEHICLE, FRONT END AT ANGLE",,False,Clear or Partly Cloudy,Dry,Daylight,,,,11.0,From same direction - both going straight - both moving - sideswipe,0,0,False,0
-122.374899462775,47.6686661444777,202670,290378,291258,E802098,Matched,Block,,NW MARKET ST BETWEEN 14TH AVE NW AND 15TH AVE NW, ,,2,Injury Collision,Left Turn,3,0,0,2,1,0,2018-05-21 00:00:00+00,5/21/2018 5:58:00 PM,Driveway Junction,11,"MOTOR VEHICLE STRUCK MOTOR VEHICLE, FRONT END AT ANGLE",True,False,Clear or Partly Cloudy,Dry,Daylight,,,,28.0,From opposite direction - one left turn - one straight,0,0,False,0
-122.270155015883,47.5364452170295,202671,289677,290537,E796629,Matched,Block,,RAINIER AVE S BETWEEN S OTHELLO ST AND S FONTANELLE ST, ,,1,Property Damage Only Collision,Rear Ended,3,0,0,2,0,0,2018-05-05 00:00:00+00,5/5/2018 2:23:00 PM,Mid-Block (not related to intersection),14,"MOTOR VEHICLE STRUCK MOTOR VEHICLE, REAR END",,False,Clear or Partly Cloudy,Dry,Daylight,,,,13.0,From same direction - both going straight - both moving - rear-end,0,0,False,0
-122.376222439329,47.6598033643483,202672,291323,292203,3784842,Matched,Block,,BALLARD BR BETWEEN POINT A AND POINT B, ,,1,Property Damage Only Collision,Rear Ended,2,0,0,2,0,0,2018-06-08 00:00:00+00,6/8/2018 3:32:00 PM,Mid-Block (not related to intersection),14,"MOTOR VEHICLE STRUCK MOTOR VEHICLE, REAR END",True,False,Raining,Wet,Daylight,,,,13.0,From same direction - both going straight - both moving - rear-end,0,0,False,0
-122.335120860956,47.58716769399,202673,289658,290518,E796624,Matched,Block,,UTAH AVE S BETWEEN S MASSACHUSETTS ST AND S HOLGATE ST, ,,1,Property Damage Only Collision,Parked Car,2,0,0,2,0,0,2018-04-22 00:00:00+00,4/22/2018 3:24:00 PM,Mid-Block (not related to intersection),11,"MOTOR VEHICLE STRUCK MOTOR VEHICLE, FRONT END AT ANGLE",,False,Clear or Partly Cloudy,Dry,Daylight,,,,32.0,One parked--one moving,0,0,True,0
-122.336821443759,47.5394591168553,202674,291318,292198,3745874,Matched,Block,,2ND AV SW TURN RD BETWEEN HIGHLAND PARK WAY SW AND 2ND AVE SW, ,,2,Injury Collision,Rear Ended,4,0,0,2,1,0,2018-06-11 00:00:00+00,6/11/2018 3:11:00 PM,Mid-Block (but intersection related),14,"MOTOR VEHICLE STRUCK MOTOR VEHICLE, REAR END",True,False,Clear or Partly Cloudy,Dry,Daylight,,,,14.0,From same direction - both going straight - one stopped - rear-end,0,0,False,0
-122.264886396579,47.4989891051395,202675,289657,290517,E796623,Matched,Block,,BEACON AVE S BETWEEN S MOORE ST AND 55TH AVE S, ,,1,Property Damage Only Collision,Rear Ended,4,0,0,2,0,0,2018-04-17 00:00:00+00,4/17/2018 12:53:00 PM,Mid-Block (not related to intersection),14,"MOTOR VEHICLE STRUCK MOTOR VEHICLE, REAR END",,False,Clear or Partly Cloudy,Dry,Daylight,,,,14.0,From same direction - both going straight - one stopped - rear-end,0,0,False,0
-122.314015010207,47.5347648065047,202676,290827,291707,E796403,Matched,Block,,EAST MARGINAL WAY S BETWEEN 14TH AVE S AND 16TH AVE S, ,,1,Property Damage Only Collision,Other,3,0,0,3,0,0,2018-05-03 00:00:00+00,5/3/2018 9:05:00 AM,Mid-Block (not related to intersection),11,"MOTOR VEHICLE STRUCK MOTOR VEHICLE, FRONT END AT ANGLE",,False,Clear or Partly Cloudy,Dry,Daylight,,,,56.0,Breakage of any part of the vehicle resulting in injury or in further property damage,0,0,False,0
-122.312235924686,47.5336890275289,202677,292117,293057,E806619,Matched,Block,,EAST MARGINAL WAY S BETWEEN 16TH AVE S AND BOEING DR,NEI,"Not Enough Information, or Insufficient Location Information",1,Property Damage Only Collision,Sideswipe,2,0,0,2,0,0,2018-06-07 00:00:00+00,6/7/2018 8:00:00 AM,,0,NOT ENOUGH INFORMATION / NOT APPLICABLE,,False,Clear or Partly Cloudy,Dry,Daylight,,,,11.0,From same direction - both going straight - both moving - sideswipe,0,0,False,0
-122.315658087591,47.6724253269604,202678,292137,293077,3706073,Matched,Intersection,25725.0,12TH AVE NE AND NE 61ST ST, ,,1,Property Damage Only Collision,Angles,2,0,0,2,0,0,2018-06-18 00:00:00+00,6/18/2018 7:46:00 AM,At Intersection (intersection related),11,"MOTOR VEHICLE STRUCK MOTOR VEHICLE, FRONT END AT ANGLE",,False,Clear or Partly Cloudy,Dry,Daylight,,,,10.0,Entering at angle,0,0,False,0
-122.293753069209,47.5389125282184,202679,289642,290502,3818479,Matched,Block,,S MYRTLE ST BETWEEN BEACON ER AVE S AND S MYRTLE PL, ,,2,Injury Collision,Angles,2,0,0,2,2,0,2018-05-31 00:00:00+00,5/31/2018 3:48:00 AM,Driveway Junction,11,"MOTOR VEHICLE STRUCK MOTOR VEHICLE, FRONT END AT ANGLE",,False,Clear or Partly Cloudy,Dry,Dark - Street Lights On,,,,10.0,Entering at angle,0,0,False,0
-122.346772712942,47.5310329620803,202680,291321,292201,3782638,Matched,Block,,9TH AVE SW BETWEEN HIGHLAND PARK WAY SW AND SW ELMGROVE ST, ,,2,Injury Collision,Sideswipe,3,0,0,2,2,0,2018-06-10 00:00:00+00,6/10/2018 1:19:00 PM,Mid-Block (not related to intersection),11,"MOTOR VEHICLE STRUCK MOTOR VEHICLE, FRONT END AT ANGLE",,False,Clear or Partly Cloudy,Dry,Daylight,,,,11.0,From same direction - both going straight - both moving - sideswipe,0,0,False,0
-122.298179220109,47.5723828743893,202681,289641,290501,3814812,Matched,Block,,S DELLA ST BETWEEN CHEASTY BLVD S AND 27TH AVE S, ,,2,Injury Collision,Other,1,0,0,1,1,0,2018-05-30 00:00:00+00,5/30/2018 2:18:00 AM,Mid-Block (not related to intersection),26,MOTOR VEHICLE STRUCK OBJECT IN ROAD,,False,Raining,Wet,Dark - Street Lights On,,,,51.0,Other object,0,0,False,0
-122.285243155069,47.5582535002504,202682,290826,291706,E804772,Matched,Block,,RAINIER AVE S BETWEEN S EDMUNDS ST AND S FERDINAND ST, ,,2,Injury Collision,Other,1,0,0,1,1,0,2018-05-31 00:00:00+00,5/31/2018 10:07:00 AM,Mid-Block (not related to intersection),26,MOTOR VEHICLE STRUCK OBJECT IN ROAD,,False,Clear or Partly Cloudy,Dry,Daylight,,,,50.0,Fixed object,0,0,False,0
-122.292786018914,47.5600768488786,202683,293177,294197,E807461,Matched,Block,,M L KING JR ER WAY S BETWEEN S ALASKA ST AND S ANGELINE ST, ,,1,Property Damage Only Collision,Rear Ended,3,0,0,2,0,0,2018-06-08 00:00:00+00,6/8/2018 2:16:00 PM,Mid-Block (not related to intersection),14,"MOTOR VEHICLE STRUCK MOTOR VEHICLE, REAR END",,True,Raining,Wet,Daylight,,,,14.0,From same direction - both going straight - one stopped - rear-end,0,0,False,0
-122.34012716976,47.6106222959886,202684,293657,294677,E810275,Matched,Block,,2ND AVE BETWEEN PINE ST AND STEWART ST, ,,1,Property Damage Only Collision,Other,1,0,0,1,0,0,2018-05-18 00:00:00+00,5/18/2018 6:20:00 AM,Mid-Block (not related to intersection),26,MOTOR VEHICLE STRUCK OBJECT IN ROAD,True,False,Clear or Partly Cloudy,Dry,Dawn,,,,50.0,Fixed object,0,0,False,0
-122.343539975469,47.6284564028545,202686,293163,294183,3811778,Matched,Block,,AURORA AVE N BETWEEN WARD ST AND PROSPECT ST, ,,1,Property Damage Only Collision,Rear Ended,4,0,0,2,0,0,2018-06-22 00:00:00+00,6/22/2018 4:34:00 PM,Mid-Block (not related to intersection),14,"MOTOR VEHICLE STRUCK MOTOR VEHICLE, REAR END",True,False,Clear or Partly Cloudy,Dry,Daylight,,,,13.0,From same direction - both going straight - both moving - rear-end,0,0,False,0
-122.376637909289,47.529918779599,202687,293162,294182,3781064,Matched,Block,,35TH AVE SW BETWEEN SW ELMGROVE S ST AND SW SOUTHERN ST, ,,2,Injury Collision,Rear Ended,2,0,0,2,1,0,2018-06-21 00:00:00+00,6/21/2018 4:00:00 PM,Mid-Block (not related to intersection),14,"MOTOR VEHICLE STRUCK MOTOR VEHICLE, REAR END",,False,Clear or Partly Cloudy,Dry,Daylight,,,,14.0,From same direction - both going straight - one stopped - rear-end,0,0,False,0
-122.325973248392,47.585076962146,202688,293597,294617,E810067,Matched,Block,,6TH AVE S BETWEEN S HOLGATE ST AND S WALKER ST, ,,1,Property Damage Only Collision,Angles,2,0,0,2,0,0,2018-06-20 00:00:00+00,6/20/2018 2:43:00 PM,Mid-Block (not related to intersection),11,"MOTOR VEHICLE STRUCK MOTOR VEHICLE, FRONT END AT ANGLE",,False,Clear or Partly Cloudy,Dry,Daylight,,,,10.0,Entering at angle,0,0,False,0
-122.379968472414,47.5334765900297,202690,293161,294181,3781063,Matched,Block,,SW HOLDEN ST BETWEEN 37TH AVE SW AND 38TH AVE SW, ,,1,Property Damage Only Collision,Parked Car,2,0,0,2,0,0,2018-06-20 00:00:00+00,6/20/2018 10:22:00 PM,Mid-Block (not related to intersection),14,"MOTOR VEHICLE STRUCK MOTOR VEHICLE, REAR END",True,True,Clear or Partly Cloudy,Dry,Dark - Street Lights On,,,,32.0,One parked--one moving,0,0,True,0
-122.347159866794,47.632726178978,202691,293678,294698,E810276,Matched,Block,,5TH AVE N BETWEEN GALER ST AND GARFIELD ST, ,,1,Property Damage Only Collision,Other,3,0,0,2,0,0,2018-05-22 00:00:00+00,5/22/2018 1:23:00 AM,Mid-Block (not related to intersection),26,MOTOR VEHICLE STRUCK OBJECT IN ROAD,True,False,Clear or Partly Cloudy,Dry,Dark - Street Lights On,,,,50.0,Fixed object,0,0,False,0
-122.360433427828,47.5327842524151,202692,293160,294180,3781062,Matched,Block,,DELRIDGE WAY SW BETWEEN SW HOLDEN ST AND SW KENYON ST, ,,1,Property Damage Only Collision,Parked Car,2,0,0,2,0,0,2018-06-20 00:00:00+00,6/20/2018 9:38:00 AM,Mid-Block (not related to intersection),16,"MOTOR VEHICLE STRUCK MOTOR VEHICLE, LEFT SIDE SIDESWIPE",,False,Clear or Partly Cloudy,Dry,Daylight,,,,32.0,One parked--one moving,0,0,False,0
-122.390185497681,47.5238362261429,202693,293159,294179,3755140,Matched,Block,,45TH AVE SW BETWEEN SW CONCORD ST AND SW HENDERSON ST, ,,1,Property Damage Only Collision,Parked Car,2,0,0,2,0,0,2018-06-19 00:00:00+00,6/19/2018 2:00:00 PM,Mid-Block (not related to intersection),0,NOT ENOUGH INFORMATION / NOT APPLICABLE,,False,Clear or Partly Cloudy,Dry,Daylight,,,,32.0,One parked--one moving,0,0,True,0
-122.329057088755,47.5787691320583,202695,293580,294600,E810065,Matched,Block,,4TH AVE S BETWEEN S LANDER ST AND S FOREST ST, ,,1,Property Damage Only Collision,Rear Ended,3,0,0,2,0,0,2018-06-20 00:00:00+00,6/20/2018 10:06:00 AM,Mid-Block (not related to intersection),14,"MOTOR VEHICLE STRUCK MOTOR VEHICLE, REAR END",,False,Clear or Partly Cloudy,Dry,Daylight,,,,14.0,From same direction - both going straight - one stopped - rear-end,0,0,False,0
-122.309724056073,47.6612595262605,202696,292689,293669,E808999,Matched,Intersection,26076.0,17TH SB AVE NE AND NE 45TH ST, ,,1,Property Damage Only Collision,Angles,3,0,0,2,0,0,2018-06-13 00:00:00+00,6/13/2018 11:06:00 PM,At Intersection (intersection related),11,"MOTOR VEHICLE STRUCK MOTOR VEHICLE, FRONT END AT ANGLE",,False,Raining,Wet,Dark - Street Lights On,,,,10.0,Entering at angle,0,0,False,0
-122.322772153084,47.6487407681192,202697,293658,294678,E810031,Matched,Block,,E ALLISON ST BETWEEN EASTLAKE AVE E AND HARVARD AVE E, ,,1,Property Damage Only Collision,Parked Car,2,0,0,2,0,0,2018-06-14 00:00:00+00,6/14/2018 9:56:00 AM,Mid-Block (but intersection related),13,"MOTOR VEHICLE STRUCK MOTOR VEHICLE, LEFT SIDE AT ANGLE",,False,Clear or Partly Cloudy,Dry,Daylight,,,,32.0,One parked--one moving,0,0,True,0
-122.26341528599,47.5208493345451,202698,294179,295257,3814902,Matched,Block,,SEWARD PARK AVE S BETWEEN S FISHER PL AND RAINIER AVE S, ,,1,Property Damage Only Collision,Rear Ended,2,0,0,2,0,0,2018-06-26 00:00:00+00,6/26/2018 7:10:00 PM,Mid-Block (not related to intersection),14,"MOTOR VEHICLE STRUCK MOTOR VEHICLE, REAR END",,False,Clear or Partly Cloudy,Dry,Daylight,,,,13.0,From same direction - both going straight - both moving - rear-end,0,0,False,0
-122.27898248493,47.5232707068686,202700,292687,293667,E808967,Matched,Intersection,487378.0,M L KING JR ER WAY S AND S HENDERSON ST, ,,2,Injury Collision,Pedestrian,2,1,0,1,1,0,2018-06-17 00:00:00+00,6/17/2018 5:44:00 PM,At Intersection (intersection related),24,MOTOR VEHCILE STRUCK PEDESTRIAN,True,False,Clear or Partly Cloudy,Dry,Daylight,,,,0.0,Vehicle going straight hits pedestrian,0,544826,False,0
-122.293240252748,47.5608084467192,202704,292685,293665,E808966,Matched,Intersection,484891.0,M L KING JR ER WAY S AND S ALASKA ST, ,,1,Property Damage Only Collision,Angles,2,0,0,2,0,0,2018-06-16 00:00:00+00,6/16/2018 3:11:00 PM,At Intersection (intersection related),11,"MOTOR VEHICLE STRUCK MOTOR VEHICLE, FRONT END AT ANGLE",,False,Clear or Partly Cloudy,Dry,Daylight,,,,10.0,Entering at angle,0,0,False,0
-122.348972869645,47.6183472818982,202705,294177,295237,E812689,Matched,Intersection,29655.0,4TH AVE AND CLAY ST, ,,1,Property Damage Only Collision,Parked Car,2,0,0,2,0,0,2018-06-28 00:00:00+00,6/28/2018 10:48:00 AM,At Intersection (intersection related),14,"MOTOR VEHICLE STRUCK MOTOR VEHICLE, REAR END",,False,Clear or Partly Cloudy,Dry,Daylight,,,,32.0,One parked--one moving,0,0,False,0
-122.378156989816,47.5192838545043,202706,292684,293664,E809757,Matched,Intersection,34755.0,36TH AVE SW AND SW CAMBRIDGE ST, ,,1,Property Damage Only Collision,,2,0,0,2,0,0,2018-05-24 00:00:00+00,5/24/2018 4:50:00 PM,At Intersection (intersection related),11,"MOTOR VEHICLE STRUCK MOTOR VEHICLE, FRONT END AT ANGLE",,False,Clear or Partly Cloudy,Dry,Daylight,,,,,,0,0,False,0
-122.35260735601,47.6911326775972,202707,293637,294657,E810225,Matched,Block,,DAYTON AVE N BETWEEN N 85TH ST AND N 86TH ST, ,,1,Property Damage Only Collision,Rear Ended,4,0,0,2,0,0,2018-06-08 00:00:00+00,6/8/2018 7:01:00 PM,Mid-Block (not related to intersection),14,"MOTOR VEHICLE STRUCK MOTOR VEHICLE, REAR END",,False,Raining,Wet,Daylight,,,,14.0,From same direction - both going straight - one stopped - rear-end,0,0,False,0
-122.36064806101,47.68983525183,202708,292682,293662,E808494,Matched,Intersection,24045.0,3RD AVE NW AND NW 84TH ST, ,,2,Injury Collision,Angles,3,0,0,2,1,0,2018-06-15 00:00:00+00,6/15/2018 3:50:00 PM,At Intersection (intersection related),11,"MOTOR VEHICLE STRUCK MOTOR VEHICLE, FRONT END AT ANGLE",,False,Clear or Partly Cloudy,Dry,Daylight,,,,10.0,Entering at angle,0,0,False,0
-122.366722575839,47.6993648911486,202709,293197,294217,E807697,Matched,Block,,HOLMAN RD NW BETWEEN 9TH AVE NW AND 7TH AVE NW, ,,1,Property Damage Only Collision,Rear Ended,2,0,0,2,0,0,2018-06-10 00:00:00+00,6/10/2018 2:46:00 PM,Mid-Block (not related to intersection),14,"MOTOR VEHICLE STRUCK MOTOR VEHICLE, REAR END",,False,Clear or Partly Cloudy,Dry,Daylight,,,,14.0,From same direction - both going straight - one stopped - rear-end,0,0,False,0
-122.334203343236,47.5749819439493,202710,294180,295258,3818839,Matched,Block,,1ST AVE S BETWEEN S HANFORD ST AND S HORTON ST, ,,1,Property Damage Only Collision,Sideswipe,2,0,0,2,0,0,2018-06-28 00:00:00+00,6/28/2018 9:50:00 AM,Mid-Block (not related to intersection),11,"MOTOR VEHICLE STRUCK MOTOR VEHICLE, FRONT END AT ANGLE",True,False,Clear or Partly Cloudy,Dry,Daylight,,,,11.0,From same direction - both going straight - both moving - sideswipe,0,0,False,0
-122.394186661663,47.5784525702151,202711,292681,293661,E809756,Matched,Block,,49TH AVE SW BETWEEN SW ADMIRAL WAY AND SW STEVENS ST,NEI,"Not Enough Information, or Insufficient Location Information",1,Property Damage Only Collision,Parked Car,2,0,0,2,0,0,2018-06-16 00:00:00+00,6/16/2018 1:00:00 AM,,0,NOT ENOUGH INFORMATION / NOT APPLICABLE,,False,Clear or Partly Cloudy,Dry,Dark - Street Lights On,,,,32.0,One parked--one moving,0,0,True,0
-122.362975476452,47.552821135664,202712,293677,294697,3745935,Matched,Block,,DELRIDGE WAY SW BETWEEN SW BRANDON ST AND SW FINDLAY ST, ,,1,Property Damage Only Collision,Rear Ended,2,0,0,2,0,0,2018-06-26 00:00:00+00,6/26/2018 5:43:00 PM,Mid-Block (not related to intersection),14,"MOTOR VEHICLE STRUCK MOTOR VEHICLE, REAR END",,False,Clear or Partly Cloudy,Dry,Daylight,,,,14.0,From same direction - both going straight - one stopped - rear-end,0,0,False,0
-122.375812188923,47.5428583812109,202714,293617,294637,E810029,Matched,Block,,SW HOLLY ST BETWEEN 34TH AVE SW AND 35TH AVE SW, ,,1,Property Damage Only Collision,Parked Car,2,0,0,2,0,0,2018-06-05 00:00:00+00,6/5/2018 10:23:00 AM,Mid-Block (but intersection related),14,"MOTOR VEHICLE STRUCK MOTOR VEHICLE, REAR END",,False,Clear or Partly Cloudy,Dry,Daylight,,,,32.0,One parked--one moving,0,0,False,0
-122.377656421967,47.6636668176391,202715,297640,298770,3754361,Matched,Block,,NW LEARY WAY BETWEEN 15TH SB AVE NW AND LEARY AVE NW, ,,1,Property Damage Only Collision,Angles,3,0,0,2,0,0,2018-07-16 00:00:00+00,7/16/2018 3:42:00 PM,Mid-Block (not related to intersection),11,"MOTOR VEHICLE STRUCK MOTOR VEHICLE, FRONT END AT ANGLE",True,False,Clear or Partly Cloudy,Dry,Daylight,,,,10.0,Entering at angle,0,0,False,0
-122.276740760336,47.5474330364304,202717,296678,297798,E816711,Matched,Block,,RAINIER AVE S BETWEEN S KENNY ST AND S GRAHAM ST, ,,1,Property Damage Only Collision,Parked Car,2,0,0,2,0,0,2018-06-24 00:00:00+00,6/24/2018 8:33:00 PM,Mid-Block (not related to intersection),13,"MOTOR VEHICLE STRUCK MOTOR VEHICLE, LEFT SIDE AT ANGLE",,False,Clear or Partly Cloudy,Dry,Dark - Street Lights On,,,,32.0,One parked--one moving,0,0,False,0
-122.328733504746,47.6048763674432,202718,296717,297837,E816653,Matched,Intersection,29963.0,6TH AVE AND CHERRY ST, ,,1,Property Damage Only Collision,Angles,3,0,0,3,0,0,2018-07-06 00:00:00+00,7/6/2018 2:46:00 PM,At Intersection (intersection related),11,"MOTOR VEHICLE STRUCK MOTOR VEHICLE, FRONT END AT ANGLE",,False,Clear or Partly Cloudy,Dry,Daylight,,,,10.0,Entering at angle,0,0,False,0
-122.332494792676,47.6482949991115,202722,297638,298768,3751356,Matched,Block,,N NORTHLAKE WAY BETWEEN MERIDIAN AVE N AND CORLISS AVE N, ,,1,Property Damage Only Collision,Angles,2,0,0,2,0,0,2018-07-17 00:00:00+00,7/17/2018 1:20:00 PM,Mid-Block (not related to intersection),11,"MOTOR VEHICLE STRUCK MOTOR VEHICLE, FRONT END AT ANGLE",,False,Clear or Partly Cloudy,Dry,Daylight,,,,10.0,Entering at angle,0,0,False,0
-122.347300705301,47.6450296898032,202724,296697,297817,E816652,Matched,Block,,WESTLAKE AVE N BETWEEN NEWELL ST AND NICKERSON ST, ,,2,Injury Collision,Other,2,0,0,1,1,0,2018-07-10 00:00:00+00,7/10/2018 9:43:00 AM,Mid-Block (not related to intersection),26,MOTOR VEHICLE STRUCK OBJECT IN ROAD,,False,Clear or Partly Cloudy,Dry,Daylight,,,,50.0,Fixed object,0,0,False,0
-122.342820213374,47.6100179960205,202725,295077,296177,E812416,Matched,Block,,PIKE PL BETWEEN STEWART ST AND VIRGINIA ST, ,,1,Property Damage Only Collision,Parked Car,2,0,0,2,0,0,2018-06-27 00:00:00+00,6/27/2018 11:28:00 AM,Mid-Block (not related to intersection),11,"MOTOR VEHICLE STRUCK MOTOR VEHICLE, FRONT END AT ANGLE",True,False,Clear or Partly Cloudy,Dry,Daylight,,,,32.0,One parked--one moving,0,0,False,0
-122.345096344245,47.5473705510147,202727,295037,296137,E812398,Matched,Block,,WEST MARGINAL WAY SW BETWEEN SW BRANDON ST AND SW FRONT ST, ,,2,Injury Collision,Other,1,0,0,1,1,0,2018-06-26 00:00:00+00,6/26/2018 5:52:00 PM,Mid-Block (not related to intersection),26,MOTOR VEHICLE STRUCK OBJECT IN ROAD,,False,Clear or Partly Cloudy,Dry,Daylight,,,,51.0,Other object,0,0,False,0
-122.373585075722,47.6701703435054,202728,295898,297018,E814591,Matched,Intersection,25413.0,14TH AVE NW AND NW 57TH ST, ,,1,Property Damage Only Collision,Angles,2,0,0,2,0,0,2018-06-29 00:00:00+00,6/29/2018 6:42:00 AM,At Intersection (intersection related),11,"MOTOR VEHICLE STRUCK MOTOR VEHICLE, FRONT END AT ANGLE",,False,Clear or Partly Cloudy,Dry,Daylight,,,,10.0,Entering at angle,0,0,False,0
-122.305608163948,47.6925551202435,202730,295017,296117,E812533,Matched,Block,,LAKE CITY WAY NE BETWEEN NE 88TH ST AND NE 89TH ST, ,,1,Property Damage Only Collision,Head On,4,0,0,2,0,0,2018-06-09 00:00:00+00,6/9/2018 7:22:00 PM,Mid-Block (not related to intersection),11,"MOTOR VEHICLE STRUCK MOTOR VEHICLE, FRONT END AT ANGLE",,False,Overcast,Wet,Daylight,,,,30.0,From opposite direction - all others,0,0,False,0
-122.328634265585,47.7086287203541,202732,296737,297857,3754190,Matched,Intersection,36586.0,1ST AVE NE AND NE NORTHGATE WAY, ,,1,Property Damage Only Collision,Sideswipe,2,0,0,2,0,0,2018-07-08 00:00:00+00,7/8/2018 11:55:00 AM,At Intersection (intersection related),11,"MOTOR VEHICLE STRUCK MOTOR VEHICLE, FRONT END AT ANGLE",,False,Clear or Partly Cloudy,Dry,Daylight,,,,81.0,Same direction -- both turning left -- both moving -- sideswipe,0,0,False,0
-122.376191507185,47.5660180717839,202734,294999,296099,E812397,Matched,Block,,35TH AVE SW BETWEEN SW DAKOTA ST AND FAUNTLEROY N WAY SW, ,,1,Property Damage Only Collision,Rear Ended,3,0,0,2,0,0,2018-06-15 00:00:00+00,6/15/2018 3:04:00 PM,Mid-Block (not related to intersection),14,"MOTOR VEHICLE STRUCK MOTOR VEHICLE, REAR END",,False,Clear or Partly Cloudy,Dry,Daylight,,,,13.0,From same direction - both going straight - both moving - rear-end,0,0,False,0
-122.347294317702,47.6471711193713,202735,295897,297017,E814683,Matched,Block,,AURORA BR BETWEEN RAYE ST AND BRIDGE WAY N, ,,2,Injury Collision,Rear Ended,6,0,0,2,4,0,2018-06-27 00:00:00+00,6/27/2018 8:35:00 AM,Mid-Block (not related to intersection),14,"MOTOR VEHICLE STRUCK MOTOR VEHICLE, REAR END",,False,Clear or Partly Cloudy,Dry,Daylight,,,,14.0,From same direction - both going straight - one stopped - rear-end,0,0,False,0
-122.343594450205,47.7195719893544,202736,297639,298769,3751357,Matched,Block,,N 125TH ST BETWEEN AURORA AVE N AND STONE AVE N, ,,2,Injury Collision,Cycles,2,0,1,1,1,0,2018-07-17 00:00:00+00,7/17/2018 7:46:00 PM,Mid-Block (not related to intersection),51,PEDALCYCLIST STRUCK MOTOR VEHICLE FRONT END AT ANGLE,,True,Clear or Partly Cloudy,Dry,Daylight,,,,6.0,Pedalcyclist Strikes Moving Vehicle,0,0,False,0
-122.332062246334,47.6034838897075,202737,294998,296098,E813172,Matched,Intersection,30481.0,3RD AVE AND CHERRY ST, ,,2,Injury Collision,Angles,2,0,0,2,2,0,2018-06-24 00:00:00+00,6/24/2018 8:36:00 AM,At Intersection (intersection related),11,"MOTOR VEHICLE STRUCK MOTOR VEHICLE, FRONT END AT ANGLE",,False,Clear or Partly Cloudy,Dry,Daylight,,,,10.0,Entering at angle,0,0,False,0