longitude,latitude,objectid,inckey,coldetkey,reportno,status,addrtype,intkey,location,exceptrsncode,exceptrsndesc,severitycode,severitydesc,collisiontype,personcount,pedcount,pedcylcount,vehcount,injuries,fatalities,incdate,incdttm,junctiontype,sdot_colcode,sdot_coldesc,inattentionind,underinfl,weather,roadcond,lightcond,pedrownotgrnt,sdotcolnum,speeding,st_colcode,st_coldesc,seglanekey,crosswalkkey,hitparkedcar,seriousinjuries
-122.338448458396,47.6087874922082,202738,294997,296097,E813171,Matched,Block,,2ND AVE BETWEEN UNION ST AND PIKE ST, ,,2,Injury Collision,Cycles,2,0,1,1,1,0,2018-06-26 00:00:00+00,6/26/2018 7:20:00 AM,Driveway Junction,18,"MOTOR VEHICLE STRUCK PEDALCYCLIST, FRONT END AT ANGLE",,False,Clear or Partly Cloudy,Dry,Daylight,,,,6.0,Pedalcyclist Strikes Moving Vehicle,0,0,False,0
-122.34992005735,47.652729540332,202739,296698,297818,3751175,Matched,Intersection,27016.0,FREMONT AVE N AND N 38TH ST, ,,2,Injury Collision,Angles,2,0,0,2,1,0,2018-07-13 00:00:00+00,7/13/2018 11:34:00 PM,At Intersection (intersection related),11,"MOTOR VEHICLE STRUCK MOTOR VEHICLE, FRONT END AT ANGLE",,True,Clear or Partly Cloudy,Dry,Dark - Street Lights On,,,,10.0,Entering at angle,0,0,False,0
-122.384253780617,47.5946187623581,202740,294977,296077,E812396,Matched,Block,,HARBOR AVE SW BETWEEN ALKI AVE SW AND SW CALIFORNIA PL, ,,1,Property Damage Only Collision,Left Turn,4,0,0,2,0,0,2018-06-22 00:00:00+00,6/22/2018 4:11:00 PM,Mid-Block (not related to intersection),11,"MOTOR VEHICLE STRUCK MOTOR VEHICLE, FRONT END AT ANGLE",,False,Clear or Partly Cloudy,Dry,Daylight,,,,28.0,From opposite direction - one left turn - one straight,0,0,False,0
-122.372554315977,47.5373772296205,202741,296677,297797,3745938,Matched,Intersection,34037.0,31ST AVE SW AND SW OTHELLO ST, ,,2,Injury Collision,Angles,2,0,0,2,2,0,2018-07-13 00:00:00+00,7/13/2018 12:48:00 PM,At Intersection (intersection related),11,"MOTOR VEHICLE STRUCK MOTOR VEHICLE, FRONT END AT ANGLE",,False,Clear or Partly Cloudy,Dry,Daylight,,,,10.0,Entering at angle,0,0,False,0
-122.29475722716,47.5628275235956,202742,294185,295263,3818915,Matched,Intersection,32489.0,M L KING JR WR WAY S AND S COLUMBIAN WAY, ,,2,Injury Collision,Head On,4,0,0,2,4,0,2018-06-26 00:00:00+00,6/26/2018 7:12:00 AM,At Intersection (intersection related),14,"MOTOR VEHICLE STRUCK MOTOR VEHICLE, REAR END",,False,Clear or Partly Cloudy,Dry,Daylight,,,,30.0,From opposite direction - all others,0,0,False,0
-122.376769676745,47.6795286683124,202743,295877,296997,E814590,Matched,Intersection,23926.0,15TH AVE NW AND NW 70TH ST, ,,2,Injury Collision,Pedestrian,2,1,0,1,1,0,2018-06-28 00:00:00+00,6/28/2018 7:08:00 AM,At Intersection (intersection related),24,MOTOR VEHCILE STRUCK PEDESTRIAN,,False,Clear or Partly Cloudy,Dry,Daylight,True,,,2.0,Vehicle turning left hits pedestrian,0,0,False,0
-122.334197242989,47.5871675474987,202744,296738,297858,E816654,Matched,Block,,1ST AVE S BETWEEN S MASSACHUSETTS ST AND S HOLGATE ST, ,,2,Injury Collision,Rear Ended,7,0,0,4,2,0,2018-07-10 00:00:00+00,7/10/2018 10:41:00 AM,Mid-Block (not related to intersection),14,"MOTOR VEHICLE STRUCK MOTOR VEHICLE, REAR END",True,False,Clear or Partly Cloudy,Dry,Daylight,,,,14.0,From same direction - both going straight - one stopped - rear-end,0,0,False,0
-122.392883839436,47.6522672203967,202746,296680,297800,E816651,Matched,Intersection,26560.0,28TH AVE W AND W RUFFNER ST, ,,2,Injury Collision,Pedestrian,2,1,0,1,1,0,2018-07-09 00:00:00+00,7/9/2018 2:40:00 PM,At Intersection (intersection related),24,MOTOR VEHCILE STRUCK PEDESTRIAN,,False,Clear or Partly Cloudy,Dry,Daylight,True,,,1.0,Vehicle turning right hits pedestrian,0,0,False,0
-122.28079279259,47.5315373678487,202749,288632,289492,3814810,Matched,Intersection,34501.0,M L KING JR WR WAY S AND S KENYON ST, ,,1,Property Damage Only Collision,Angles,4,0,0,2,0,0,2018-05-20 00:00:00+00,5/20/2018 9:23:00 AM,At Intersection (intersection related),11,"MOTOR VEHICLE STRUCK MOTOR VEHICLE, FRONT END AT ANGLE",True,False,Overcast,Wet,Daylight,,,,10.0,Entering at angle,0,0,False,0
-122.348561557442,47.6905748993338,202750,299774,300974,E821418,Matched,Block,,N 85TH ST BETWEEN FREMONT AVE N AND LINDEN AVE N, ,,1,Property Damage Only Collision,Rear Ended,2,0,0,2,0,0,2018-07-11 00:00:00+00,7/11/2018 9:09:00 AM,Mid-Block (not related to intersection),14,"MOTOR VEHICLE STRUCK MOTOR VEHICLE, REAR END",,False,Clear or Partly Cloudy,Dry,Daylight,,,,13.0,From same direction - both going straight - both moving - rear-end,0,0,False,0
-122.314147419384,47.5707463940638,202752,288630,289490,3814740,Matched,Block,,S COLUMBIAN WAY BETWEEN S SPOKANE ST AND 15TH AVS TURN RD, ,,2,Injury Collision,Left Turn,2,0,0,2,1,0,2018-05-21 00:00:00+00,5/21/2018 1:23:00 PM,Mid-Block (not related to intersection),11,"MOTOR VEHICLE STRUCK MOTOR VEHICLE, FRONT END AT ANGLE",True,False,Clear or Partly Cloudy,Dry,Daylight,,,,15.0,From same direction - one left turn - one straight,0,0,False,0
-122.374104017648,47.6924350738968,202753,298333,299473,3751401,Matched,Block,,14TH AVE NW BETWEEN NW 85TH ST AND NW 90TH ST, ,,1,Property Damage Only Collision,Head On,3,0,0,2,0,0,2018-07-22 00:00:00+00,7/22/2018 1:48:00 PM,Mid-Block (not related to intersection),11,"MOTOR VEHICLE STRUCK MOTOR VEHICLE, FRONT END AT ANGLE",True,False,Clear or Partly Cloudy,Dry,Daylight,,,,24.0,From opposite direction - both moving - head-on,0,0,False,0
-122.304777603466,47.6387306773355,202754,288657,289517,3329441,Matched,Block,,E NEWTON ST BETWEEN 20TH AVE E AND 22ND AVE E, ,,1,Property Damage Only Collision,Parked Car,2,0,0,2,0,0,2018-05-24 00:00:00+00,5/24/2018 8:20:00 AM,Mid-Block (not related to intersection),11,"MOTOR VEHICLE STRUCK MOTOR VEHICLE, FRONT END AT ANGLE",,False,Clear or Partly Cloudy,Dry,Daylight,,,,32.0,One parked--one moving,0,0,False,0
-122.31890448471,47.6867459709596,202756,298332,299472,3751376,Matched,Block,,NE 80TH ST BETWEEN 8TH AVE NE AND ROOSEVELT WAY NE, ,,1,Property Damage Only Collision,Parked Car,2,0,0,2,0,0,2018-07-21 00:00:00+00,7/21/2018 4:00:00 AM,Mid-Block (not related to intersection),14,"MOTOR VEHICLE STRUCK MOTOR VEHICLE, REAR END",True,False,Clear or Partly Cloudy,Dry,Dark - Street Lights Off,,,,32.0,One parked--one moving,0,0,True,0
-122.320475100076,47.7044826684496,202757,299777,300977,E821421,Matched,Block,,8TH AVE NE BETWEEN NE 104TH ST AND NE 105TH ST, ,,1,Property Damage Only Collision,Parked Car,2,0,0,2,0,0,2018-07-15 00:00:00+00,7/15/2018 3:32:00 PM,Mid-Block (not related to intersection),14,"MOTOR VEHICLE STRUCK MOTOR VEHICLE, REAR END",,False,Clear or Partly Cloudy,Dry,Daylight,,,,32.0,One parked--one moving,0,0,True,0
-122.335662043472,47.6556456474151,202758,298331,299471,3751358,Matched,Block,,N 40TH ST BETWEEN WALLINGFORD AVE N AND BURKE AVE N, ,,1,Property Damage Only Collision,Rear Ended,2,0,0,2,0,0,2018-07-21 00:00:00+00,7/21/2018 12:46:00 PM,Mid-Block (not related to intersection),14,"MOTOR VEHICLE STRUCK MOTOR VEHICLE, REAR END",,False,Clear or Partly Cloudy,Dry,Daylight,,,,14.0,From same direction - both going straight - one stopped - rear-end,0,0,False,0
-122.387559753614,47.6768219920427,202759,298330,299470,3751355,Matched,Block,,24TH AVE NW BETWEEN NW 65TH ST AND NW 67TH ST, ,,1,Property Damage Only Collision,Angles,2,0,0,2,0,0,2018-07-16 00:00:00+00,7/16/2018 2:00:00 PM,Mid-Block (not related to intersection),11,"MOTOR VEHICLE STRUCK MOTOR VEHICLE, FRONT END AT ANGLE",,False,Clear or Partly Cloudy,Dry,Daylight,,,,10.0,Entering at angle,0,0,False,0
-122.316893014021,47.6631147728926,202760,298329,299469,3751352,Matched,Block,,NE 47TH ST BETWEEN ROOSEVELT WAY NE AND 11TH AVE NE, ,,2b,Serious Injury Collision,Pedestrian,5,3,0,1,3,0,2018-07-15 00:00:00+00,7/15/2018 2:15:00 AM,Mid-Block (not related to intersection),24,MOTOR VEHCILE STRUCK PEDESTRIAN,,True,Clear or Partly Cloudy,Dry,Dark - Street Lights On,,,,0.0,Vehicle going straight hits pedestrian,0,0,False,1
-122.313074160404,47.6649007239281,202761,288637,289497,3751032,Matched,Intersection,25793.0,UNIVERSITY WAY NE AND NE 50TH ST, ,,2b,Serious Injury Collision,Left Turn,2,0,0,2,1,0,2018-05-23 00:00:00+00,5/23/2018 9:40:00 PM,At Intersection (intersection related),11,"MOTOR VEHICLE STRUCK MOTOR VEHICLE, FRONT END AT ANGLE",,False,Clear or Partly Cloudy,Dry,Dark - Street Lights On,,,,28.0,From opposite direction - one left turn - one straight,0,0,False,1
-122.341335136493,47.7341313530541,202818,301909,303129,E805022,Matched,Intersection,35698.0,INTERLAKE AVE N AND N 145TH ST, ,,1,Property Damage Only Collision,Angles,3,0,0,2,0,0,2018-05-31 00:00:00+00,5/31/2018 5:16:00 PM,At Intersection (intersection related),11,"MOTOR VEHICLE STRUCK MOTOR VEHICLE, FRONT END AT ANGLE",,False,Clear or Partly Cloudy,Dry,Daylight,,,,10.0,Entering at angle,0,0,False,0
-122.352886851743,47.6518860752943,202762,298328,299468,3751302,Matched,Block,,N 36TH ST BETWEEN FRANCIS AVE N AND DAYTON AVE N, ,,1,Property Damage Only Collision,Sideswipe,4,0,0,2,0,0,2018-07-07 00:00:00+00,7/7/2018 8:45:00 PM,Mid-Block (not related to intersection),11,"MOTOR VEHICLE STRUCK MOTOR VEHICLE, FRONT END AT ANGLE",,False,Clear or Partly Cloudy,Dry,Dusk,,,,11.0,From same direction - both going straight - both moving - sideswipe,0,0,False,0
-122.325702733721,47.6548889115389,202763,299775,300975,E821419,Matched,Intersection,27244.0,LATONA AVE NE AND NE PACIFIC ST, ,,2,Injury Collision,Cycles,2,0,1,1,1,0,2018-07-25 00:00:00+00,7/25/2018 6:47:00 AM,At Intersection (intersection related),18,"MOTOR VEHICLE STRUCK PEDALCYCLIST, FRONT END AT ANGLE",,False,Clear or Partly Cloudy,Dry,Daylight,,,,6.0,Pedalcyclist Strikes Moving Vehicle,0,0,False,0
-122.357248105661,47.659582007495,202765,298327,299467,3751215,Matched,Intersection,26620.0,1ST AVE NW AND NW 43RD ST, ,,1,Property Damage Only Collision,Angles,2,0,0,2,0,0,2018-07-22 00:00:00+00,7/22/2018 2:47:00 AM,At Intersection (intersection related),29,MOTOR VEHICLE OVERTURNED IN ROAD,,False,Clear or Partly Cloudy,Dry,Dark - Street Lights On,,,,10.0,Entering at angle,0,0,False,0
-122.305688033622,47.696905953206,202766,298326,299466,3751181,Matched,Block,,LAKE CITY WAY NE BETWEEN RAVENNA WR AVE NE AND NE 95TH ST, ,,2,Injury Collision,Rear Ended,5,0,0,2,2,0,2018-07-14 00:00:00+00,7/14/2018 6:07:00 PM,Mid-Block (not related to intersection),14,"MOTOR VEHICLE STRUCK MOTOR VEHICLE, REAR END",True,False,Clear or Partly Cloudy,Dry,Daylight,,,,14.0,From same direction - both going straight - one stopped - rear-end,0,0,False,0
-122.339439096166,47.5613228495322,202767,288634,289494,3814861,Matched,Block,,EAST MARGINAL WAY S BETWEEN DIAGONAL AVE S AND S ALASKA ST, ,,1,Property Damage Only Collision,Sideswipe,2,0,0,2,0,0,2018-05-24 00:00:00+00,5/24/2018 12:30:00 AM,Mid-Block (not related to intersection),16,"MOTOR VEHICLE STRUCK MOTOR VEHICLE, LEFT SIDE SIDESWIPE",,False,Clear or Partly Cloudy,Dry,Dark - Street Lights On,,,,11.0,From same direction - both going straight - both moving - sideswipe,0,0,False,0
-122.375402989693,47.5210640287778,202772,288659,289519,3742071,Matched,Intersection,34946.0,34TH AVE SW AND SW BARTON ST, ,,1,Property Damage Only Collision,Angles,2,0,0,2,0,0,2018-05-24 00:00:00+00,5/24/2018 8:29:00 AM,At Intersection (intersection related),11,"MOTOR VEHICLE STRUCK MOTOR VEHICLE, FRONT END AT ANGLE",,False,Overcast,Wet,Daylight,,,,10.0,Entering at angle,0,0,False,0
-122.317280360953,47.5907652544079,202774,288633,289493,3814856,Matched,Block,,12TH AVE S BETWEEN S JUDKINS ST AND S ATLANTIC ST, ,,1,Property Damage Only Collision,Parked Car,2,0,0,2,0,0,2018-05-13 00:00:00+00,5/13/2018 12:00:00 PM,Mid-Block (not related to intersection),15,"MOTOR VEHICLE STRUCK MOTOR VEHICLE, RIGHT SIDE SIDESWIPE",,False,Clear or Partly Cloudy,Dry,Daylight,,,,32.0,One parked--one moving,0,0,True,0
-122.336885450472,47.7232088926242,202777,299776,300976,E820992,Matched,Block,,N 130TH ST BETWEEN ASHWORTH AVE N AND MERIDIAN AVE N, ,,1,Property Damage Only Collision,Angles,3,0,0,2,0,0,2018-07-10 00:00:00+00,7/10/2018 3:40:00 PM,Driveway Junction,11,"MOTOR VEHICLE STRUCK MOTOR VEHICLE, FRONT END AT ANGLE",,False,Clear or Partly Cloudy,Dry,Daylight,,,,10.0,Entering at angle,0,0,False,0
-122.293128331929,47.6016486821429,202779,288658,289518,3702540,Matched,Block,,E YESLER WAY BETWEEN 30TH AVE AND 31ST AVE, ,,2,Injury Collision,Rear Ended,2,0,0,2,1,0,2018-05-24 00:00:00+00,5/24/2018 7:59:00 AM,Mid-Block (not related to intersection),14,"MOTOR VEHICLE STRUCK MOTOR VEHICLE, REAR END",,False,Raining,Wet,Daylight,,,,14.0,From same direction - both going straight - one stopped - rear-end,0,0,False,0
-122.27975585393,47.5342326275937,202780,300649,301863,2908415,Matched,Block,,RENTON AVE S BETWEEN S WEBSTER W ST AND 43RD AVE S, ,,1,Property Damage Only Collision,Parked Car,4,0,0,4,0,0,2018-08-19 00:00:00+00,8/19/2018 6:23:00 PM,Mid-Block (not related to intersection),11,"MOTOR VEHICLE STRUCK MOTOR VEHICLE, FRONT END AT ANGLE",,False,Clear or Partly Cloudy,Dry,Dusk,,,,32.0,One parked--one moving,0,0,False,0
-122.317765950187,47.6589112492149,202781,300477,301677,E826214,Matched,Block,,ROOSEVELT WAY NE BETWEEN NE 42ND N ST AND NE 43RD S ST, ,,2,Injury Collision,Pedestrian,4,0,1,2,1,0,2018-08-07 00:00:00+00,8/7/2018 12:35:00 PM,Driveway Junction,18,"MOTOR VEHICLE STRUCK PEDALCYCLIST, FRONT END AT ANGLE",True,False,Clear or Partly Cloudy,Dry,Daylight,,,,5.0,Vehicle Strikes Pedalcyclist,0,0,False,0
-122.339155534288,47.5675057453757,202782,300140,301340,3812363,Matched,Block,,EAST MARGINAL NB WAY S BETWEEN DUWAMISH AVE S AND ALASKAN WY VI NB, ,,1,Property Damage Only Collision,Sideswipe,2,0,0,2,0,0,2018-08-02 00:00:00+00,8/2/2018 4:20:00 PM,Mid-Block (not related to intersection),11,"MOTOR VEHICLE STRUCK MOTOR VEHICLE, FRONT END AT ANGLE",,False,Clear or Partly Cloudy,Dry,Daylight,,,,12.0,From same direction - both going straight - one stopped - sideswipe,0,0,False,0
-122.334287968664,47.6246937770269,202783,300276,301476,3812220,Matched,Intersection,28760.0,FAIRVIEW AVE N AND MERCER ST, ,,2,Injury Collision,Pedestrian,2,0,1,1,1,0,2018-08-01 00:00:00+00,8/1/2018 12:36:00 PM,At Intersection (intersection related),18,"MOTOR VEHICLE STRUCK PEDALCYCLIST, FRONT END AT ANGLE",,False,Clear or Partly Cloudy,Dry,Daylight,,,,5.0,Vehicle Strikes Pedalcyclist,0,0,False,0
-122.342285179891,47.6349869871171,202785,300139,301339,3812218,Matched,Block,,DEXTER AVE N BETWEEN HAYES ST AND HOWE ST, ,,2,Injury Collision,Angles,2,0,0,2,1,0,2018-07-31 00:00:00+00,7/31/2018 6:16:00 PM,Mid-Block (not related to intersection),11,"MOTOR VEHICLE STRUCK MOTOR VEHICLE, FRONT END AT ANGLE",,False,Clear or Partly Cloudy,Dry,Daylight,,,,10.0,Entering at angle,0,0,False,0
-122.331965705832,47.602536672158,202786,300138,301338,3812020,Matched,Block,,JAMES ST BETWEEN 2ND AVE AND 3RD AVE, ,,2,Injury Collision,Parked Car,6,1,0,3,1,0,2018-08-01 00:00:00+00,8/1/2018 9:00:00 AM,Mid-Block (not related to intersection),11,"MOTOR VEHICLE STRUCK MOTOR VEHICLE, FRONT END AT ANGLE",True,False,Clear or Partly Cloudy,Dry,Daylight,,,,32.0,One parked--one moving,0,0,True,0
-122.319711162737,47.6762430079362,202787,300647,301861,E828639,Matched,Block,,WEEDIN PL NE BETWEEN NE 65TH ST AND 8TH AVE NE, ,,1,Property Damage Only Collision,Angles,2,0,0,2,0,0,2018-08-15 00:00:00+00,8/15/2018 8:00:00 PM,Driveway Junction,11,"MOTOR VEHICLE STRUCK MOTOR VEHICLE, FRONT END AT ANGLE",,False,Clear or Partly Cloudy,Dry,Daylight,,,,10.0,Entering at angle,0,0,False,0
-122.339090010223,47.6245482473715,202788,300274,301474,3811795,Matched,Block,,MERCER SR ST BETWEEN 9TH AVE N AND WESTLAKE AVE N, ,,2,Injury Collision,Rear Ended,2,0,0,2,1,0,2018-08-10 00:00:00+00,8/10/2018 7:31:00 PM,Mid-Block (not related to intersection),14,"MOTOR VEHICLE STRUCK MOTOR VEHICLE, REAR END",True,False,Clear or Partly Cloudy,Dry,Daylight,,,,13.0,From same direction - both going straight - both moving - rear-end,0,0,False,0
-122.293411476965,47.5415872425577,202789,300451,301651,3810727,Matched,Block,,30TH AVE S BETWEEN S HOLLY PL AND S BRIGHTON ST, ,,1,Property Damage Only Collision,Parked Car,2,0,0,2,0,0,2018-08-08 00:00:00+00,8/8/2018 9:00:00 AM,Mid-Block (not related to intersection),0,NOT ENOUGH INFORMATION / NOT APPLICABLE,,False,Unknown,Unknown,Unknown,,,,32.0,One parked--one moving,0,0,True,0
-122.376139224023,47.6341587816081,202790,300137,301337,E822973,Matched,Block,,15TH AVE W BETWEEN MAGNOLIA BR AND W BLAINE ST, ,,1,Property Damage Only Collision,Left Turn,3,0,0,2,0,0,2018-07-12 00:00:00+00,7/12/2018 9:19:00 AM,Driveway Junction,11,"MOTOR VEHICLE STRUCK MOTOR VEHICLE, FRONT END AT ANGLE",,False,Clear or Partly Cloudy,Dry,Daylight,,,,28.0,From opposite direction - one left turn - one straight,0,0,False,0
-122.332451281314,47.6072663098638,202792,300119,301319,E823361,Matched,Intersection,29933.0,5TH AVE AND SPRING ST, ,,1,Property Damage Only Collision,Angles,7,0,0,2,0,0,2018-07-28 00:00:00+00,7/28/2018 11:47:00 AM,At Intersection (intersection related),11,"MOTOR VEHICLE STRUCK MOTOR VEHICLE, FRONT END AT ANGLE",,True,Clear or Partly Cloudy,Dry,Daylight,,,,10.0,Entering at angle,0,0,False,0
-122.360930799528,47.6395974069957,202793,300118,301318,E823359,Matched,Intersection,27817.0,W MCGRAW PL AND W MCGRAW W ST, ,,2,Injury Collision,Angles,4,0,0,2,1,0,2018-07-27 00:00:00+00,7/27/2018 11:15:00 AM,At Intersection (intersection related),11,"MOTOR VEHICLE STRUCK MOTOR VEHICLE, FRONT END AT ANGLE",,True,Clear or Partly Cloudy,Dry,Daylight,,,,10.0,Entering at angle,0,0,False,0
-122.347601313441,47.6209080249607,202794,300117,301317,E823351,Matched,Intersection,28931.0,5TH AVE N AND BROAD ST, ,,1,Property Damage Only Collision,Angles,5,0,0,2,0,0,2018-07-27 00:00:00+00,7/27/2018 5:00:00 PM,At Intersection (intersection related),11,"MOTOR VEHICLE STRUCK MOTOR VEHICLE, FRONT END AT ANGLE",,False,Clear or Partly Cloudy,Dry,Daylight,,,,10.0,Entering at angle,0,0,False,0
-122.332519439884,47.6023056011811,202795,300273,301473,3811794,Matched,Intersection,30482.0,2ND AVE AND JAMES ST, ,,2,Injury Collision,Pedestrian,2,1,0,1,1,0,2018-08-09 00:00:00+00,8/9/2018 10:28:00 PM,At Intersection (intersection related),24,MOTOR VEHCILE STRUCK PEDESTRIAN,,False,Clear or Partly Cloudy,Dry,Dark - Street Lights On,,,,2.0,Vehicle turning left hits pedestrian,0,0,False,0
-122.355538539534,47.7196013588737,202797,300116,301316,E823350,Matched,Intersection,35841.0,GREENWOOD AVE N AND N 125TH ST, ,,2,Injury Collision,Left Turn,3,0,0,2,1,0,2018-07-26 00:00:00+00,7/26/2018 3:13:00 PM,At Intersection (intersection related),11,"MOTOR VEHICLE STRUCK MOTOR VEHICLE, FRONT END AT ANGLE",,False,Clear or Partly Cloudy,Dry,Daylight,,,,28.0,From opposite direction - one left turn - one straight,0,0,False,0
-122.331604308503,47.6046615583508,202798,300277,301477,3812299,Matched,Intersection,29966.0,4TH AVE AND COLUMBIA ST, ,,2,Injury Collision,Left Turn,2,0,0,2,1,0,2018-08-07 00:00:00+00,8/7/2018 8:36:00 PM,At Intersection (intersection related),14,"MOTOR VEHICLE STRUCK MOTOR VEHICLE, REAR END",,False,Clear or Partly Cloudy,Dry,Dark - Street Lights On,,,,15.0,From same direction - one left turn - one straight,0,0,False,0
-122.299475267853,47.5486163875367,202800,299960,301160,3810693,Matched,Block,,S RAYMOND ST BETWEEN 25TH AVE S AND DEAD END 4, ,,1,Property Damage Only Collision,Parked Car,2,0,0,2,0,0,2018-08-07 00:00:00+00,8/7/2018 5:50:00 PM,Mid-Block (not related to intersection),11,"MOTOR VEHICLE STRUCK MOTOR VEHICLE, FRONT END AT ANGLE",,False,Clear or Partly Cloudy,Dry,Daylight,,,,32.0,One parked--one moving,0,0,True,0
-122.307383778191,47.6185055339389,202937,303121,304361,E842206,Matched,Intersection,29388.0,19TH AVE AND E DENNY WAY, ,,2,Injury Collision,Angles,4,0,0,2,1,0,2018-09-25 00:00:00+00,9/25/2018 3:00:00 PM,At Intersection (intersection related),11,"MOTOR VEHICLE STRUCK MOTOR VEHICLE, FRONT END AT ANGLE",,False,Clear or Partly Cloudy,Dry,Daylight,,,,10.0,Entering at angle,0,0,False,0
-122.294130745926,47.5819395934134,202801,299959,301159,3810692,Matched,Block,,30TH AVE S BETWEEN S COLLEGE ST AND S BAYVIEW ST, ,,1,Property Damage Only Collision,Parked Car,2,0,0,2,0,0,2018-08-05 00:00:00+00,8/5/2018 4:19:00 AM,Mid-Block (not related to intersection),14,"MOTOR VEHICLE STRUCK MOTOR VEHICLE, REAR END",,False,Clear or Partly Cloudy,Dry,Dark - No Street Lights,,,,32.0,One parked--one moving,0,0,True,0
-122.374899462775,47.6686661444777,202802,300648,301862,E828555,Matched,Block,,NW MARKET ST BETWEEN 14TH AVE NW AND 15TH AVE NW, ,,1,Property Damage Only Collision,Angles,2,0,0,2,0,0,2018-08-06 00:00:00+00,8/6/2018 11:25:00 AM,Mid-Block (not related to intersection),11,"MOTOR VEHICLE STRUCK MOTOR VEHICLE, FRONT END AT ANGLE",True,False,Clear or Partly Cloudy,Dry,Daylight,,,,10.0,Entering at angle,0,0,False,0
-122.283332706428,47.5453050233699,202803,300272,301472,3810930,Matched,Intersection,34514.0,39TH AVE S AND S EDDY ST, ,,2,Injury Collision,Pedestrian,2,1,0,1,1,0,2018-08-09 00:00:00+00,8/9/2018 2:10:00 PM,At Intersection (intersection related),24,MOTOR VEHCILE STRUCK PEDESTRIAN,,False,Clear or Partly Cloudy,Dry,Daylight,,,,0.0,Vehicle going straight hits pedestrian,0,0,False,0
-122.369698927726,47.6275736034895,202805,299958,301158,3784849,Matched,Block,,ELLIOTT AVE W BETWEEN W MERCER PL AND W PROSPECT ST, ,,2,Injury Collision,Left Turn,5,0,0,2,1,0,2018-08-03 00:00:00+00,8/3/2018 5:04:00 PM,Mid-Block (not related to intersection),11,"MOTOR VEHICLE STRUCK MOTOR VEHICLE, FRONT END AT ANGLE",,False,Clear or Partly Cloudy,Dry,Daylight,,,,28.0,From opposite direction - one left turn - one straight,0,0,False,0
-122.373486464559,47.5675535574956,202808,299956,301156,3781074,Matched,Block,,WEST SEATTLE BR WB BETWEEN POINT A AND 35TH AVE SW, ,,2,Injury Collision,Rear Ended,3,0,0,3,2,0,2018-08-08 00:00:00+00,8/8/2018 9:05:00 AM,Mid-Block (not related to intersection),14,"MOTOR VEHICLE STRUCK MOTOR VEHICLE, REAR END",,False,Clear or Partly Cloudy,Dry,Daylight,,,,13.0,From same direction - both going straight - both moving - rear-end,0,0,False,0
-122.33290910388,47.6060878574653,202809,300275,301475,3812091,Matched,Intersection,29952.0,4TH AVE AND MADISON ST, ,,1,Property Damage Only Collision,Left Turn,2,0,0,2,0,0,2018-08-07 00:00:00+00,8/7/2018 10:04:00 PM,At Intersection (intersection related),11,"MOTOR VEHICLE STRUCK MOTOR VEHICLE, FRONT END AT ANGLE",,False,Clear or Partly Cloudy,Dry,Dark - Street Lights On,,,,15.0,From same direction - one left turn - one straight,0,0,False,0
-122.317585642961,47.6967442970732,202810,299955,301155,3767641,Matched,Intersection,37519.0,ROOSEVELT WAY NE AND NE 94TH ST, ,,2,Injury Collision,Angles,2,0,0,2,1,0,2018-08-08 00:00:00+00,8/8/2018 7:55:00 PM,At Intersection (intersection related),11,"MOTOR VEHICLE STRUCK MOTOR VEHICLE, FRONT END AT ANGLE",,False,Clear or Partly Cloudy,Dry,Daylight,,,,10.0,Entering at angle,0,0,False,0
-122.321391267304,47.5882248405798,202811,300271,301471,3810730,Matched,Intersection,31234.0,AIRPORT WAY S AND S MASSACHUSETTS ST, ,,2b,Serious Injury Collision,Other,1,0,0,1,1,0,2018-08-14 00:00:00+00,8/14/2018 9:24:00 AM,At Intersection (intersection related),29,MOTOR VEHICLE OVERTURNED IN ROAD,,False,Clear or Partly Cloudy,Dry,Daylight,,,,52.0,Vehicle overturned,0,0,False,1
-122.30090615743,47.6618869303319,202813,300479,301679,E826211,Matched,Block,,25TH AVE NE BETWEEN NE 44TH ST AND NE 47TH ST, ,,2,Injury Collision,Angles,3,0,0,2,1,0,2018-08-02 00:00:00+00,8/2/2018 3:58:00 PM,Driveway Junction,11,"MOTOR VEHICLE STRUCK MOTOR VEHICLE, FRONT END AT ANGLE",,False,Clear or Partly Cloudy,Dry,Daylight,,,,10.0,Entering at angle,0,0,False,0
-122.352110398942,47.662137605536,202814,299954,301154,3754193,Matched,Block,,N 46TH ST BETWEEN DAYTON AVE N AND EVANSTON AVE N, ,,2,Injury Collision,Rear Ended,2,0,0,2,1,0,2018-08-07 00:00:00+00,8/7/2018 4:10:00 PM,Mid-Block (not related to intersection),14,"MOTOR VEHICLE STRUCK MOTOR VEHICLE, REAR END",,False,Clear or Partly Cloudy,Dry,Daylight,,,,14.0,From same direction - both going straight - one stopped - rear-end,0,0,False,0
-122.334195453144,47.5903121642402,202815,300278,301478,3812393,Matched,Intersection,30388.0,1ST AVE S AND S ATLANTIC ST, ,,1,Property Damage Only Collision,Left Turn,2,0,0,2,0,0,2018-08-10 00:00:00+00,8/10/2018 8:35:00 AM,At Intersection (intersection related),11,"MOTOR VEHICLE STRUCK MOTOR VEHICLE, FRONT END AT ANGLE",,False,Clear or Partly Cloudy,Dry,Daylight,,,,15.0,From same direction - one left turn - one straight,0,0,False,0
-122.340687467403,47.664289867834,202816,299953,301153,3754192,Matched,Intersection,25545.0,STONE WAY N AND N 49TH ST, ,,1,Property Damage Only Collision,Angles,3,0,0,2,0,0,2018-08-07 00:00:00+00,8/7/2018 12:44:00 PM,At Intersection (intersection related),11,"MOTOR VEHICLE STRUCK MOTOR VEHICLE, FRONT END AT ANGLE",,False,Clear or Partly Cloudy,Dry,Daylight,,,,10.0,Entering at angle,0,0,False,0