longitude,latitude,objectid,inckey,coldetkey,reportno,status,addrtype,intkey,location,exceptrsncode,exceptrsndesc,severitycode,severitydesc,collisiontype,personcount,pedcount,pedcylcount,vehcount,injuries,fatalities,incdate,incdttm,junctiontype,sdot_colcode,sdot_coldesc,inattentionind,underinfl,weather,roadcond,lightcond,pedrownotgrnt,sdotcolnum,speeding,st_colcode,st_coldesc,seglanekey,crosswalkkey,hitparkedcar,seriousinjuries
-122.317892683149,47.7111685657745,202819,301469,302709,3746642,Matched,Block,,ROOSEVELT WAY NE BETWEEN NE 113TH N ST AND NE 114TH S ST, ,,1,Property Damage Only Collision,Parked Car,2,0,0,2,0,0,2018-08-27 00:00:00+00,8/27/2018 5:36:00 AM,Mid-Block (not related to intersection),13,"MOTOR VEHICLE STRUCK MOTOR VEHICLE, LEFT SIDE AT ANGLE",True,False,Clear or Partly Cloudy,Dry,Dark - Street Lights On,,,,32.0,One parked--one moving,0,0,True,0
-122.296542641706,47.7319766702215,202820,301733,302953,3751470,Matched,Intersection,36003.0,30TH AVE NE AND NE 143RD ST, ,,2,Injury Collision,Angles,2,0,0,2,1,0,2018-09-03 00:00:00+00,9/3/2018 8:57:00 PM,At Intersection (intersection related),11,"MOTOR VEHICLE STRUCK MOTOR VEHICLE, FRONT END AT ANGLE",,False,Clear or Partly Cloudy,Dry,Dark - Street Lights On,,,,10.0,Entering at angle,0,0,False,0
-122.343493771711,47.6139361067601,202821,301738,302958,3753669,Matched,Intersection,29547.0,3RD AVE AND BLANCHARD ST, ,,1,Property Damage Only Collision,Sideswipe,2,0,0,2,0,0,2018-09-07 00:00:00+00,9/7/2018 4:08:00 PM,At Intersection (intersection related),11,"MOTOR VEHICLE STRUCK MOTOR VEHICLE, FRONT END AT ANGLE",,False,Clear or Partly Cloudy,Dry,Daylight,,,,11.0,From same direction - both going straight - both moving - sideswipe,0,0,False,0
-122.358466964474,47.5228641927776,202822,301468,302708,3745975,Matched,Block,,SW HENDERSON ST BETWEEN 18TH AVE SW AND 20TH AVE SW, ,,1,Property Damage Only Collision,Sideswipe,2,0,0,2,0,0,2018-08-24 00:00:00+00,8/24/2018 5:20:00 PM,Mid-Block (not related to intersection),11,"MOTOR VEHICLE STRUCK MOTOR VEHICLE, FRONT END AT ANGLE",,False,Overcast,Dry,Daylight,,,,11.0,From same direction - both going straight - both moving - sideswipe,0,0,False,0
-122.376589448468,47.5373938880997,202824,301488,302728,3693164,Matched,Intersection,34034.0,35TH AVE SW AND SW OTHELLO ST, ,,1,Property Damage Only Collision,Left Turn,4,0,0,2,0,0,2018-08-28 00:00:00+00,8/28/2018 4:52:00 PM,At Intersection (intersection related),11,"MOTOR VEHICLE STRUCK MOTOR VEHICLE, FRONT END AT ANGLE",,False,Clear or Partly Cloudy,Dry,Daylight,,,,28.0,From opposite direction - one left turn - one straight,0,0,False,0
-122.332132652775,47.5341477682515,202825,301906,303126,E804627,Matched,Intersection,34281.0,WEST MARGINAL WAY S AND S HOLDEN ST, ,,2,Injury Collision,Angles,2,0,0,2,1,0,2018-06-04 00:00:00+00,6/4/2018 7:37:00 PM,At Intersection (intersection related),11,"MOTOR VEHICLE STRUCK MOTOR VEHICLE, FRONT END AT ANGLE",True,False,Clear or Partly Cloudy,Dry,Daylight,,,,10.0,Entering at angle,0,0,False,0
-122.330558853788,47.6168404656395,202826,300911,302131,E829929,Matched,Intersection,29850.0,HOWELL ST AND MINOR AVE, ,,2,Injury Collision,Pedestrian,2,1,0,1,1,0,2018-08-09 00:00:00+00,8/9/2018 11:15:00 AM,At Intersection (intersection related),24,MOTOR VEHCILE STRUCK PEDESTRIAN,,False,Clear or Partly Cloudy,Dry,Daylight,,,,0.0,Vehicle going straight hits pedestrian,0,0,False,0
-122.35281146165,47.7087055004371,202827,301736,302956,3751606,Matched,Intersection,36400.0,DAYTON AVE N AND N 110TH ST, ,,1,Property Damage Only Collision,Angles,3,0,0,2,0,0,2018-09-06 00:00:00+00,9/6/2018 7:39:00 AM,At Intersection (intersection related),11,"MOTOR VEHICLE STRUCK MOTOR VEHICLE, FRONT END AT ANGLE",,False,Overcast,Dry,Daylight,,,,10.0,Entering at angle,0,0,False,0
-122.368081961786,47.5683385355425,202828,300910,302130,E829679,Matched,Intersection,32128.0,28TH AVE SW AND SW ANDOVER ST, ,,2,Injury Collision,Other,1,0,0,1,1,0,2018-08-13 00:00:00+00,8/13/2018 1:40:00 PM,At Intersection (intersection related),28,MOTOR VEHICLE RAN OFF ROAD - HIT FIXED OBJECT,,False,Clear or Partly Cloudy,Dry,Daylight,,,,52.0,Vehicle overturned,0,0,False,0
-122.336409991072,47.66503502534,202829,300909,302129,E829501,Matched,Intersection,25527.0,WALLINGFORD AVE N AND N 50TH ST, ,,2,Injury Collision,Angles,2,0,0,2,1,0,2018-08-13 00:00:00+00,8/13/2018 9:02:00 AM,At Intersection (intersection related),11,"MOTOR VEHICLE STRUCK MOTOR VEHICLE, FRONT END AT ANGLE",,False,Clear or Partly Cloudy,Dry,Daylight,,,,10.0,Entering at angle,0,0,False,0
-122.364747631264,47.657756180947,202830,300908,302128,E829500,Matched,Intersection,287144.0,BURKE GILMAN TRL AND NW 42ND ST, ,,2,Injury Collision,Cycles,2,0,1,1,1,0,2018-08-15 00:00:00+00,8/15/2018 10:32:00 AM,At Intersection (intersection related),18,"MOTOR VEHICLE STRUCK PEDALCYCLIST, FRONT END AT ANGLE",True,False,Clear or Partly Cloudy,Dry,Daylight,,,,6.0,Pedalcyclist Strikes Moving Vehicle,0,0,False,0
-122.269611133893,47.5168487275478,202831,301487,302727,2908416,Matched,Intersection,35484.0,RENTON AVE S AND S ROXBURY ST, ,,1,Property Damage Only Collision,Angles,3,0,0,2,0,0,2018-08-29 00:00:00+00,8/29/2018 4:45:00 PM,At Intersection (intersection related),11,"MOTOR VEHICLE STRUCK MOTOR VEHICLE, FRONT END AT ANGLE",,False,Clear or Partly Cloudy,Dry,Daylight,,,,10.0,Entering at angle,0,0,False,0
-122.325595633917,47.7340691986879,202832,301917,303137,E805028,Matched,Intersection,166204.0,145TH ST ON RP AND NE 145TH ST, ,,2,Injury Collision,Angles,5,0,0,3,3,0,2018-05-30 00:00:00+00,5/30/2018 9:31:00 PM,At Intersection (intersection related),11,"MOTOR VEHICLE STRUCK MOTOR VEHICLE, FRONT END AT ANGLE",,False,Clear or Partly Cloudy,Dry,Dark - Street Lights On,,,,10.0,Entering at angle,0,0,False,0
-122.355487095935,47.6541533762048,202833,300907,302127,E829354,Matched,Intersection,27014.0,GREENWOOD AVE N AND N 39TH ST, ,,1,Property Damage Only Collision,Angles,2,0,0,2,0,0,2018-08-09 00:00:00+00,8/9/2018 3:05:00 PM,At Intersection (intersection related),11,"MOTOR VEHICLE STRUCK MOTOR VEHICLE, FRONT END AT ANGLE",,False,Clear or Partly Cloudy,Dry,Daylight,,,,10.0,Entering at angle,0,0,False,0
-122.311993309524,47.6612619533606,202834,301734,302954,3751492,Matched,Intersection,27061.0,15TH AVE NE AND NE 45TH ST, ,,1,Property Damage Only Collision,Right Turn,5,0,0,2,0,0,2018-08-28 00:00:00+00,8/28/2018 3:47:00 PM,At Intersection (intersection related),11,"MOTOR VEHICLE STRUCK MOTOR VEHICLE, FRONT END AT ANGLE",,False,Clear or Partly Cloudy,Dry,Daylight,,,,16.0,From same direction - one right turn - one straight,0,0,False,0
-122.333717787281,47.6613865789926,202835,301739,302959,3754196,Matched,Intersection,27188.0,MERIDIAN AVE N AND N 45TH ST, ,,2,Injury Collision,Pedestrian,2,1,0,1,1,0,2018-09-07 00:00:00+00,9/7/2018 2:21:00 PM,At Intersection (intersection related),24,MOTOR VEHCILE STRUCK PEDESTRIAN,,False,Clear or Partly Cloudy,Dry,Daylight,True,,,2.0,Vehicle turning left hits pedestrian,0,523822,False,0
-122.317603489367,47.6896453546561,202836,300906,302126,E829351,Matched,Intersection,24372.0,ROOSEVELT WAY NE AND NE 84TH ST, ,,2b,Serious Injury Collision,Pedestrian,2,1,0,1,1,0,2018-08-15 00:00:00+00,8/15/2018 4:24:00 PM,At Intersection (intersection related),24,MOTOR VEHCILE STRUCK PEDESTRIAN,,False,Clear or Partly Cloudy,Dry,Daylight,True,,,0.0,Vehicle going straight hits pedestrian,0,522369,False,1
-122.293193745219,47.7228990657175,202837,300905,302125,3814824,Matched,Intersection,36052.0,LAKE CITY WAY NE AND NE 130TH ST, ,,2,Injury Collision,Left Turn,4,0,0,2,1,0,2018-08-23 00:00:00+00,8/23/2018 9:48:00 PM,At Intersection (intersection related),11,"MOTOR VEHICLE STRUCK MOTOR VEHICLE, FRONT END AT ANGLE",,False,Clear or Partly Cloudy,Dry,Dark - Street Lights On,,,,28.0,From opposite direction - one left turn - one straight,0,0,False,0
-122.28511652722,47.6823510908765,202838,301471,302711,3751379,Matched,Block,,40TH AVE NE BETWEEN NE 73RD N ST AND NE 75TH ST, ,,1,Property Damage Only Collision,Parked Car,2,0,0,2,0,0,2018-08-19 00:00:00+00,8/19/2018 4:05:00 AM,Mid-Block (not related to intersection),13,"MOTOR VEHICLE STRUCK MOTOR VEHICLE, LEFT SIDE AT ANGLE",True,False,Clear or Partly Cloudy,Dry,Dark - Street Lights On,,,,32.0,One parked--one moving,0,0,True,0
-122.355438612851,47.6203505519952,202839,301907,303127,E804927,Matched,Block,,1ST AVE N BETWEEN JOHN ST AND THOMAS ST, ,,2,Injury Collision,Sideswipe,3,0,0,3,1,0,2018-05-13 00:00:00+00,5/13/2018 7:40:00 PM,Mid-Block (not related to intersection),11,"MOTOR VEHICLE STRUCK MOTOR VEHICLE, FRONT END AT ANGLE",True,False,Overcast,Dry,Daylight,,,,11.0,From same direction - both going straight - both moving - sideswipe,0,0,False,0
-122.347236501108,47.6934692016349,201294,291459,292359,3751131,Matched,Intersection,37446.0,LINDEN AVE N AND N 89TH ST, ,,2,Injury Collision,Angles,3,0,0,2,1,0,2018-06-08 00:00:00+00,6/8/2018 1:00:00 PM,At Intersection (intersection related),11,"MOTOR VEHICLE STRUCK MOTOR VEHICLE, FRONT END AT ANGLE",,False,Raining,Wet,Daylight,,,,10.0,Entering at angle,0,0,False,0
-122.331496106367,47.615547595168,202840,300904,302124,3814204,Matched,Block,,OLIVE WAY BETWEEN TERRY AVE AND BOREN AVE, ,,2,Injury Collision,Sideswipe,2,0,0,2,1,0,2018-07-26 00:00:00+00,7/26/2018 4:00:00 PM,Mid-Block (but intersection related),11,"MOTOR VEHICLE STRUCK MOTOR VEHICLE, FRONT END AT ANGLE",,False,Clear or Partly Cloudy,Dry,Daylight,,,,11.0,From same direction - both going straight - both moving - sideswipe,0,0,False,0
-122.321438928664,47.5475029545226,202841,300654,301868,3578850,Matched,Intersection,33135.0,CORSON AVE S AND S MICHIGAN ST, ,,2,Injury Collision,Right Turn,3,0,0,2,1,0,2018-08-19 00:00:00+00,8/19/2018 7:43:00 AM,At Intersection (but not related to intersection),14,"MOTOR VEHICLE STRUCK MOTOR VEHICLE, REAR END",,False,Clear or Partly Cloudy,Dry,Daylight,,,,16.0,From same direction - one right turn - one straight,0,0,False,0
-122.33310387059,47.607979458203,202842,301737,302957,3753668,Matched,Intersection,29929.0,5TH AVE AND SENECA ST, ,,1,Property Damage Only Collision,Angles,2,0,0,2,0,0,2018-09-06 00:00:00+00,9/6/2018 11:31:00 PM,At Intersection (intersection related),11,"MOTOR VEHICLE STRUCK MOTOR VEHICLE, FRONT END AT ANGLE",,False,Clear or Partly Cloudy,Dry,Dark - Street Lights On,,,,10.0,Entering at angle,0,0,False,0
-122.279218916677,47.5226150744173,202843,300653,301867,3578796,Matched,Block,,M L KING JR ER WAY S BETWEEN S HENDERSON ST AND S DIRECTOR ST,NEI,"Not Enough Information, or Insufficient Location Information",1,Property Damage Only Collision,Sideswipe,2,0,0,2,0,0,2018-08-18 00:00:00+00,8/18/2018 6:20:00 PM,,0,NOT ENOUGH INFORMATION / NOT APPLICABLE,,False,Unknown,Unknown,Unknown,,,,11.0,From same direction - both going straight - both moving - sideswipe,0,0,False,0
-122.322915612736,47.5264654739685,202844,301490,302730,3744094,Matched,Intersection,35094.0,8TH AVE S AND S CLOVERDALE ST, ,,1,Property Damage Only Collision,Angles,4,0,0,2,0,0,2018-08-28 00:00:00+00,8/28/2018 8:08:00 AM,At Intersection (intersection related),11,"MOTOR VEHICLE STRUCK MOTOR VEHICLE, FRONT END AT ANGLE",,False,Clear or Partly Cloudy,Dry,Daylight,,,,10.0,Entering at angle,0,0,False,0
-122.317316055446,47.5486886136122,202845,300652,301866,3578795,Matched,Intersection,33126.0,12TH AVE S AND S HARNEY ST, ,,1,Property Damage Only Collision,Parked Car,2,0,0,2,0,0,2018-08-17 00:00:00+00,8/17/2018 8:53:00 PM,At Intersection (intersection related),11,"MOTOR VEHICLE STRUCK MOTOR VEHICLE, FRONT END AT ANGLE",,False,Clear or Partly Cloudy,Dry,Dark - Street Lights On,,,,32.0,One parked--one moving,0,0,True,0
-122.389758484037,47.6494010261353,202846,301470,302710,3748164,Matched,Block,,26TH AVE W BETWEEN W DRAVUS ST AND W BERTONA ST, ,,1,Property Damage Only Collision,Parked Car,2,0,0,2,0,0,2018-08-21 00:00:00+00,8/21/2018 9:30:00 AM,Mid-Block (not related to intersection),12,"MOTOR VEHICLE STRUCK MOTOR VEHICLE, RIGHT SIDE AT ANGLE",,False,Fog/Smog/Smoke,Dry,Daylight,,,,32.0,One parked--one moving,0,0,True,0
-122.262063702369,47.5118814751522,202847,301740,302960,3810857,Matched,Intersection,38301.0,57TH AVE S AND RENTON AVE S, ,,1,Property Damage Only Collision,Rear Ended,3,0,0,2,0,0,2018-09-06 00:00:00+00,9/6/2018 9:34:00 PM,At Intersection (intersection related),14,"MOTOR VEHICLE STRUCK MOTOR VEHICLE, REAR END",,False,Clear or Partly Cloudy,Dry,Dark - Street Lights On,,,,14.0,From same direction - both going straight - one stopped - rear-end,0,0,False,0
-122.334184941078,47.6000442273997,202848,300651,301865,3574469,Matched,Intersection,30364.0,1ST AVE S AND S MAIN ST, ,,1,Property Damage Only Collision,Parked Car,7,0,0,3,0,0,2018-08-19 00:00:00+00,8/19/2018 2:55:00 AM,At Intersection (but not related to intersection),14,"MOTOR VEHICLE STRUCK MOTOR VEHICLE, REAR END",,False,Clear or Partly Cloudy,Dry,Dark - Street Lights On,,,,32.0,One parked--one moving,0,0,False,0
-122.302058645534,47.6417180299231,202850,300650,301864,3206769,Matched,Intersection,28403.0,24TH AVE E AND E MILLER ST, ,,1,Property Damage Only Collision,Rear Ended,2,0,0,2,0,0,2018-08-15 00:00:00+00,8/15/2018 2:27:00 PM,At Intersection (but not related to intersection),14,"MOTOR VEHICLE STRUCK MOTOR VEHICLE, REAR END",,False,Clear or Partly Cloudy,Dry,Daylight,,,,14.0,From same direction - both going straight - one stopped - rear-end,0,0,False,0
-122.380062908569,47.5610821131745,202851,301489,302729,3693165,Matched,Intersection,31921.0,38TH AVE SW AND SW ALASKA ST, ,,1,Property Damage Only Collision,Pedestrian,2,1,0,1,0,0,2018-08-28 00:00:00+00,8/28/2018 5:29:00 PM,At Intersection (intersection related),24,MOTOR VEHCILE STRUCK PEDESTRIAN,,True,Clear or Partly Cloudy,Dry,Daylight,,,,2.0,Vehicle turning left hits pedestrian,0,0,False,0
-122.344996819426,47.7250341828433,202852,302626,303866,E840064,Matched,Block,,AURORA AVE N BETWEEN N 130TH ST AND N 135TH ST, ,,2,Injury Collision,Angles,2,0,0,2,1,0,2018-09-12 00:00:00+00,9/12/2018 8:55:00 AM,Mid-Block (not related to intersection),11,"MOTOR VEHICLE STRUCK MOTOR VEHICLE, FRONT END AT ANGLE",True,False,Clear or Partly Cloudy,Dry,Daylight,,,,10.0,Entering at angle,0,0,False,0
-122.330021423137,47.5717016992477,202853,302621,303861,3810911,Matched,Block,,S SPOKANE NR ST BETWEEN 2ND AVE S AND 4TH AVE S, ,,1,Property Damage Only Collision,Sideswipe,3,0,0,2,0,0,2018-09-08 00:00:00+00,9/8/2018 9:33:00 PM,Mid-Block (not related to intersection),11,"MOTOR VEHICLE STRUCK MOTOR VEHICLE, FRONT END AT ANGLE",True,False,Clear or Partly Cloudy,Dry,Dark - Street Lights On,,,,11.0,From same direction - both going straight - both moving - sideswipe,0,0,False,0
-122.346600901481,47.6163572736484,202855,302458,303698,3811734,Matched,Block,,WALL ST BETWEEN 3RD AVE AND 4TH AVE, ,,1,Property Damage Only Collision,Sideswipe,3,0,0,2,0,0,2018-08-27 00:00:00+00,8/27/2018 4:45:00 PM,Mid-Block (not related to intersection),11,"MOTOR VEHICLE STRUCK MOTOR VEHICLE, FRONT END AT ANGLE",,False,Clear or Partly Cloudy,Dry,Daylight,,,,11.0,From same direction - both going straight - both moving - sideswipe,0,0,False,0
-122.332800666124,47.61183774388,202856,302463,303703,3812400,Matched,Block,,PIKE ST BETWEEN 7TH AVE AND 8TH AVE, ,,1,Property Damage Only Collision,Sideswipe,2,0,0,2,0,0,2018-08-24 00:00:00+00,8/24/2018 4:31:00 PM,Mid-Block (not related to intersection),11,"MOTOR VEHICLE STRUCK MOTOR VEHICLE, FRONT END AT ANGLE",,False,Clear or Partly Cloudy,Dry,Daylight,,,,12.0,From same direction - both going straight - one stopped - sideswipe,0,0,False,0
-122.293193745219,47.7228990657175,202857,302239,303459,E836178,Matched,Intersection,36052.0,LAKE CITY WAY NE AND NE 130TH ST, ,,2,Injury Collision,Left Turn,2,0,0,2,1,0,2018-09-06 00:00:00+00,9/6/2018 6:31:00 PM,At Intersection (intersection related),11,"MOTOR VEHICLE STRUCK MOTOR VEHICLE, FRONT END AT ANGLE",,False,Clear or Partly Cloudy,Dry,Daylight,,,,28.0,From opposite direction - one left turn - one straight,0,0,False,0
-122.339105550366,47.6869261197867,202858,302238,303458,E836177,Matched,Intersection,24230.0,ASHWORTH AVE N AND N 80TH ST, ,,2,Injury Collision,Angles,3,0,0,2,2,0,2018-09-07 00:00:00+00,9/7/2018 3:42:00 PM,At Intersection (intersection related),11,"MOTOR VEHICLE STRUCK MOTOR VEHICLE, FRONT END AT ANGLE",True,False,Clear or Partly Cloudy,Dry,Daylight,,,,10.0,Entering at angle,0,0,False,0
-122.37818363635,47.6484656795926,202859,302624,303864,3812373,Matched,Block,,W DRAVUS ST BETWEEN 16TH AVE W AND 17TH AVE W, ,,2,Injury Collision,Left Turn,3,0,0,2,3,0,2018-09-07 00:00:00+00,9/7/2018 8:52:00 PM,Mid-Block (not related to intersection),11,"MOTOR VEHICLE STRUCK MOTOR VEHICLE, FRONT END AT ANGLE",,False,Raining,Wet,Dark - Street Lights On,,,,28.0,From opposite direction - one left turn - one straight,0,0,False,0
-122.344031672482,47.6496472887195,202860,302278,303498,E836183,Matched,Intersection,26894.0,WOODLAND PARK AVE N AND N 35TH ST, ,,2,Injury Collision,Pedestrian,2,0,1,1,1,0,2018-09-07 00:00:00+00,9/7/2018 1:13:00 PM,At Intersection (intersection related),18,"MOTOR VEHICLE STRUCK PEDALCYCLIST, FRONT END AT ANGLE",,False,Clear or Partly Cloudy,Dry,Daylight,,,,5.0,Vehicle Strikes Pedalcyclist,0,0,False,0
-122.298341527913,47.6610877879068,202861,302619,303859,3751494,Matched,Intersection,27291.0,MONTLAKE BLVD NE AND NE 45TH ST, ,,2b,Serious Injury Collision,Left Turn,2,0,0,2,1,0,2018-09-16 00:00:00+00,9/16/2018 5:46:00 PM,At Intersection (intersection related),11,"MOTOR VEHICLE STRUCK MOTOR VEHICLE, FRONT END AT ANGLE",,False,Clear or Partly Cloudy,Dry,Daylight,,,True,15.0,From same direction - one left turn - one straight,0,0,False,1
-122.339439096166,47.5613228495322,202862,302078,303298,3810940,Matched,Block,,EAST MARGINAL WAY S BETWEEN DIAGONAL AVE S AND S ALASKA ST, ,,2,Injury Collision,Sideswipe,6,0,0,3,2,0,2018-08-19 00:00:00+00,8/19/2018 10:53:00 AM,Mid-Block (not related to intersection),11,"MOTOR VEHICLE STRUCK MOTOR VEHICLE, FRONT END AT ANGLE",True,False,Clear or Partly Cloudy,Dry,Daylight,,,True,11.0,From same direction - both going straight - both moving - sideswipe,0,0,False,0
-122.349651858866,47.6459162597521,202863,302461,303701,3811737,Matched,Block,,DEXTER AVE N BETWEEN 4TH S AVE N AND WESTLAKE AVE N, ,,1,Property Damage Only Collision,Sideswipe,2,0,0,2,0,0,2018-08-29 00:00:00+00,8/29/2018 6:04:00 PM,Mid-Block (not related to intersection),11,"MOTOR VEHICLE STRUCK MOTOR VEHICLE, FRONT END AT ANGLE",True,False,Clear or Partly Cloudy,Dry,Daylight,,,,11.0,From same direction - both going straight - both moving - sideswipe,0,0,False,0
-122.287711314399,47.5270038068926,202864,302077,303297,3810938,Matched,Block,,BEACON ER AVE S BETWEEN S THISTLE ST AND S CLOVERDALE ST, ,,1,Property Damage Only Collision,Parked Car,2,0,0,2,0,0,2018-08-18 00:00:00+00,8/18/2018 5:48:00 AM,Mid-Block (not related to intersection),14,"MOTOR VEHICLE STRUCK MOTOR VEHICLE, REAR END",,False,Clear or Partly Cloudy,Dry,Dawn,,,,32.0,One parked--one moving,0,0,False,0
-122.263935846422,47.5199752485562,202865,302065,303285,3810915,Matched,Block,,RAINIER AVE S BETWEEN 54TH AVE S AND SEWARD PARK AVE S, ,,1,Property Damage Only Collision,Rear Ended,2,0,0,2,0,0,2018-09-11 00:00:00+00,9/11/2018 6:26:00 PM,Mid-Block (not related to intersection),14,"MOTOR VEHICLE STRUCK MOTOR VEHICLE, REAR END",True,False,Clear or Partly Cloudy,Dry,Daylight,,,,14.0,From same direction - both going straight - one stopped - rear-end,0,0,False,0
-122.313717146731,47.5475792404715,202866,302064,303284,3810791,Matched,Block,,S ALBRO PL BETWEEN STANLEY AVE S AND CORGIAT DR S, ,,2,Injury Collision,Rear Ended,2,0,0,2,1,0,2018-08-23 00:00:00+00,8/23/2018 6:13:00 PM,Mid-Block (not related to intersection),14,"MOTOR VEHICLE STRUCK MOTOR VEHICLE, REAR END",True,False,Clear or Partly Cloudy,Dry,Daylight,,,,14.0,From same direction - both going straight - one stopped - rear-end,0,0,False,0
-122.375572613402,47.6386340179438,202868,302622,303862,3812222,Matched,Block,,W BOSTON ST BETWEEN 14TH AVE W AND 15TH AVE W, ,,1,Property Damage Only Collision,Parked Car,2,0,0,2,0,0,2018-09-07 00:00:00+00,9/7/2018 5:25:00 PM,Mid-Block (not related to intersection),11,"MOTOR VEHICLE STRUCK MOTOR VEHICLE, FRONT END AT ANGLE",,False,Raining,Wet,Dusk,,,,32.0,One parked--one moving,0,0,True,0
-122.298141315105,47.5840690132929,202869,302063,303283,3810785,Matched,Block,,M L KING JR WAY S BETWEEN S HILL ST AND S WALKER ST, ,,1,Property Damage Only Collision,Other,1,0,0,1,0,0,2018-08-21 00:00:00+00,8/21/2018 7:45:00 PM,Mid-Block (not related to intersection),28,MOTOR VEHICLE RAN OFF ROAD - HIT FIXED OBJECT,,False,Fog/Smog/Smoke,Dry,Dusk,,,,50.0,Fixed object,0,0,False,0
-122.350037148715,47.613698063306,202870,302459,303699,3811735,Matched,Block,,WALL ST BETWEEN ELLIOTT AVE AND WESTERN AVE, ,,2,Injury Collision,Rear Ended,3,0,0,3,1,0,2018-08-27 00:00:00+00,8/27/2018 10:19:00 PM,Mid-Block (not related to intersection),14,"MOTOR VEHICLE STRUCK MOTOR VEHICLE, REAR END",,False,Overcast,Dry,Dark - Street Lights On,,,,13.0,From same direction - both going straight - both moving - rear-end,0,0,False,0
-122.344569259483,47.6945465960368,202871,302477,303717,E838835,Matched,Block,,AURORA AVE N BETWEEN N 90TH ST AND N 91ST ST, ,,1,Property Damage Only Collision,Sideswipe,2,0,0,2,0,0,2018-08-29 00:00:00+00,8/29/2018 3:32:00 PM,Mid-Block (not related to intersection),11,"MOTOR VEHICLE STRUCK MOTOR VEHICLE, FRONT END AT ANGLE",,False,Clear or Partly Cloudy,Dry,Daylight,,,,11.0,From same direction - both going straight - both moving - sideswipe,0,0,False,0
-122.299647925338,47.5432325354581,202872,302062,303282,3810741,Matched,Block,,BEACON WR AVE S BETWEEN S WARSAW ST AND S HOLLY N ST, ,,1,Property Damage Only Collision,Parked Car,2,0,0,2,0,0,2018-09-11 00:00:00+00,9/11/2018 6:20:00 PM,Mid-Block (not related to intersection),11,"MOTOR VEHICLE STRUCK MOTOR VEHICLE, FRONT END AT ANGLE",,False,Clear or Partly Cloudy,Dry,Daylight,,,,32.0,One parked--one moving,0,0,False,0
-122.314015010207,47.5347648065047,202873,302061,303281,E818033,Matched,Block,,EAST MARGINAL WAY S BETWEEN 14TH AVE S AND 16TH AVE S, ,,1,Property Damage Only Collision,Other,1,0,0,1,0,0,2018-07-08 00:00:00+00,7/8/2018 5:43:00 AM,Mid-Block (not related to intersection),26,MOTOR VEHICLE STRUCK OBJECT IN ROAD,True,False,Clear or Partly Cloudy,Dry,Daylight,,,,50.0,Fixed object,0,0,False,0
-122.316779942376,47.6086413188929,202874,302625,303865,3814263,Matched,Block,,12TH AVE BETWEEN E CHERRY ST AND E COLUMBIA ST, ,,2,Injury Collision,Parked Car,5,0,0,4,2,0,2018-09-07 00:00:00+00,9/7/2018 10:45:00 PM,Mid-Block (not related to intersection),14,"MOTOR VEHICLE STRUCK MOTOR VEHICLE, REAR END",,False,Clear or Partly Cloudy,Wet,Dark - Street Lights On,,,True,32.0,One parked--one moving,0,0,True,0
-122.355339271821,47.6174174094127,202875,302257,303477,E837894,Matched,Block,,WESTERN AVE BETWEEN EAGLE ST AND BAY ST, ,,1,Property Damage Only Collision,Parked Car,2,0,0,2,0,0,2018-09-13 00:00:00+00,9/13/2018 9:51:00 AM,Mid-Block (not related to intersection),11,"MOTOR VEHICLE STRUCK MOTOR VEHICLE, FRONT END AT ANGLE",,False,Clear or Partly Cloudy,Dry,Daylight,,,,32.0,One parked--one moving,0,0,False,0
-122.334205838808,47.5698902847499,202876,302620,303860,3810803,Matched,Block,,1ST AVE S BETWEEN S SPOKANE SR ST AND S ANDOVER ST, ,,2,Injury Collision,Angles,2,0,0,2,1,0,2018-09-08 00:00:00+00,9/8/2018 7:33:00 PM,Mid-Block (not related to intersection),14,"MOTOR VEHICLE STRUCK MOTOR VEHICLE, REAR END",,False,Clear or Partly Cloudy,Dry,Daylight,,,,10.0,Entering at angle,0,0,False,0
-122.330465293912,47.5443864916212,202878,301924,303144,E806494,Matched,Block,,EAST MARGINAL WAY S BETWEEN S MICHIGAN ST AND 4TH AVE S, ,,1,Property Damage Only Collision,Other,4,0,0,4,0,0,2018-06-08 00:00:00+00,6/8/2018 4:20:00 PM,Mid-Block (not related to intersection),14,"MOTOR VEHICLE STRUCK MOTOR VEHICLE, REAR END",,False,Raining,Wet,Daylight,,,True,50.0,Fixed object,0,0,False,0
-122.291962465465,47.6236550238672,202881,302279,303499,E836322,Matched,Intersection,29251.0,31ST AVE E AND E REPUBLICAN ST, ,,2,Injury Collision,Sideswipe,2,0,0,2,1,0,2018-08-29 00:00:00+00,8/29/2018 9:13:00 AM,At Intersection (intersection related),11,"MOTOR VEHICLE STRUCK MOTOR VEHICLE, FRONT END AT ANGLE",True,False,Clear or Partly Cloudy,Dry,Daylight,,,,81.0,Same direction -- both turning left -- both moving -- sideswipe,0,0,False,0
-122.296465467145,47.6072681912751,202882,301921,303141,E834730,Matched,Block,,M L KING JR WAY BETWEEN TEMPLE PL AND E CHERRY ST, ,,2,Injury Collision,Pedestrian,4,1,0,1,1,0,2018-08-22 00:00:00+00,8/22/2018 5:46:00 PM,Mid-Block (not related to intersection),24,MOTOR VEHCILE STRUCK PEDESTRIAN,,False,Clear or Partly Cloudy,Dry,Daylight,,,,0.0,Vehicle going straight hits pedestrian,0,0,False,0