longitude,latitude,objectid,inckey,coldetkey,reportno,status,addrtype,intkey,location,exceptrsncode,exceptrsndesc,severitycode,severitydesc,collisiontype,personcount,pedcount,pedcylcount,vehcount,injuries,fatalities,incdate,incdttm,junctiontype,sdot_colcode,sdot_coldesc,inattentionind,underinfl,weather,roadcond,lightcond,pedrownotgrnt,sdotcolnum,speeding,st_colcode,st_coldesc,seglanekey,crosswalkkey,hitparkedcar,seriousinjuries
-122.35155278272,47.7141493783321,202884,302478,303718,E838840,Matched,Intersection,36382.0,EVANSTON AVE N AND N 117TH ST, ,,2,Injury Collision,Angles,2,0,0,2,1,0,2018-09-05 00:00:00+00,9/5/2018 2:07:00 PM,At Intersection (intersection related),11,"MOTOR VEHICLE STRUCK MOTOR VEHICLE, FRONT END AT ANGLE",,False,Clear or Partly Cloudy,Dry,Daylight,,,,10.0,Entering at angle,0,0,False,0
-122.368293713434,47.6395969169914,202885,302623,303863,3812224,Matched,Block,,W MCGRAW ST BETWEEN 8TH AVE W AND 9TH AVE W,NEI,"Not Enough Information, or Insufficient Location Information",1,Property Damage Only Collision,Parked Car,2,0,0,2,0,0,2018-09-08 00:00:00+00,9/8/2018 8:52:00 PM,Mid-Block (not related to intersection),0,NOT ENOUGH INFORMATION / NOT APPLICABLE,,False,Clear or Partly Cloudy,Dry,Dark - Street Lights On,,,,32.0,One parked--one moving,0,0,False,0
-122.293808551025,47.7337639175592,202886,301919,303139,E805165,Matched,Intersection,35988.0,32ND AVE NE AND NE 145TH ST, ,,1,Property Damage Only Collision,Angles,2,0,0,2,0,0,2018-05-31 00:00:00+00,5/31/2018 2:45:00 PM,At Intersection (intersection related),11,"MOTOR VEHICLE STRUCK MOTOR VEHICLE, FRONT END AT ANGLE",,False,Clear or Partly Cloudy,Dry,Daylight,,,,10.0,Entering at angle,0,0,False,0
-122.339089921417,47.6246913095293,202887,302460,303700,3811736,Matched,Block,,MERCER NR ST BETWEEN 9TH AVE N AND WESTLAKE AVE N, ,,1,Property Damage Only Collision,Rear Ended,3,0,0,2,0,0,2018-08-28 00:00:00+00,8/28/2018 7:42:00 AM,Mid-Block (not related to intersection),14,"MOTOR VEHICLE STRUCK MOTOR VEHICLE, REAR END",,False,Clear or Partly Cloudy,Dry,Daylight,,,,14.0,From same direction - both going straight - one stopped - rear-end,0,0,False,0
-122.334735199235,47.5390168275518,202888,301918,303138,E805139,Matched,Block,,1ST AV S BR NB BETWEEN POINT A AND SR509 NB, ,,2,Injury Collision,Rear Ended,3,0,0,2,2,0,2018-06-03 00:00:00+00,6/3/2018 3:19:00 PM,Mid-Block (not related to intersection),14,"MOTOR VEHICLE STRUCK MOTOR VEHICLE, REAR END",,False,Raining,Wet,Daylight,,,True,13.0,From same direction - both going straight - both moving - rear-end,0,0,False,0
-122.302677952155,47.6671001209055,202889,302241,303461,3705749,Matched,Block,,NE 53RD ST BETWEEN RAVENNA AVE NE AND 24TH AVE NE, ,,1,Property Damage Only Collision,Parked Car,3,0,0,3,0,0,2018-09-14 00:00:00+00,9/14/2018 2:25:00 PM,Mid-Block (not related to intersection),0,NOT ENOUGH INFORMATION / NOT APPLICABLE,,False,Overcast,Dry,Dusk,,,,32.0,One parked--one moving,0,0,True,0
-122.317226727222,47.5974995715892,202890,304226,305466,3811443,Matched,Intersection,30436.0,12TH AVE S AND S WELLER ST, ,,2,Injury Collision,Left Turn,4,1,0,2,2,0,2018-10-05 00:00:00+00,10/5/2018 7:00:00 AM,At Intersection (intersection related),11,"MOTOR VEHICLE STRUCK MOTOR VEHICLE, FRONT END AT ANGLE",,False,Overcast,Wet,Dawn,,,,28.0,From opposite direction - one left turn - one straight,0,0,False,0
-122.269987868884,47.5228170065789,202891,303099,304339,3756137,Matched,Block,,RAINIER AVE S BETWEEN S HENDERSON ST AND S DIRECTOR N ST, ,,2,Injury Collision,Angles,5,0,0,2,1,0,2018-09-23 00:00:00+00,9/23/2018 6:12:00 PM,Driveway Junction,11,"MOTOR VEHICLE STRUCK MOTOR VEHICLE, FRONT END AT ANGLE",True,False,Clear or Partly Cloudy,Dry,Dusk,,,,10.0,Entering at angle,0,0,False,0
-122.387592770348,47.6868027650057,202893,304218,305458,3810382,Matched,Intersection,23872.0,24TH AVE NW AND NW 80TH ST, ,,2,Injury Collision,Angles,3,0,0,2,3,0,2018-10-06 00:00:00+00,10/6/2018 3:25:00 PM,At Intersection (intersection related),11,"MOTOR VEHICLE STRUCK MOTOR VEHICLE, FRONT END AT ANGLE",,False,Clear or Partly Cloudy,Dry,Daylight,,,,10.0,Entering at angle,0,0,False,0
-122.385172501699,47.5811860861011,202894,303098,304338,E841888,Matched,Intersection,31065.0,42ND AVE SW AND SW ADMIRAL WAY, ,,2,Injury Collision,Left Turn,2,0,0,2,1,0,2018-09-24 00:00:00+00,9/24/2018 5:18:00 PM,At Intersection (intersection related),11,"MOTOR VEHICLE STRUCK MOTOR VEHICLE, FRONT END AT ANGLE",,False,Clear or Partly Cloudy,Dry,Daylight,,,,28.0,From opposite direction - one left turn - one straight,0,0,False,0
-122.282743216682,47.6612750038029,202895,303097,304337,E839672,Matched,Intersection,27393.0,42ND AVE NE AND NE 45TH ST, ,,2,Injury Collision,Other,2,0,0,2,2,0,2018-09-14 00:00:00+00,9/14/2018 7:26:00 AM,At Intersection (intersection related),11,"MOTOR VEHICLE STRUCK MOTOR VEHICLE, FRONT END AT ANGLE",True,False,Raining,Wet,Daylight,,,,23.0,From same direction - all others,0,0,False,0
-122.330722960704,47.6184917572549,202896,303979,305239,3811438,Matched,Intersection,29168.0,DENNY WAY AND STEWART ST, ,,2,Injury Collision,Cycles,2,0,1,1,1,0,2018-10-02 00:00:00+00,10/2/2018 7:28:00 AM,At Intersection (intersection related),18,"MOTOR VEHICLE STRUCK PEDALCYCLIST, FRONT END AT ANGLE",,False,Clear or Partly Cloudy,Dry,Daylight,,,,6.0,Pedalcyclist Strikes Moving Vehicle,0,0,False,0
-122.376218029378,47.6664334716106,202898,303096,304336,E839670,Matched,Intersection,25437.0,15TH AVE NW AND NW 52ND ST, ,,2,Injury Collision,Left Turn,3,0,0,2,3,0,2018-09-10 00:00:00+00,9/10/2018 6:25:00 PM,At Intersection (intersection related),11,"MOTOR VEHICLE STRUCK MOTOR VEHICLE, FRONT END AT ANGLE",,False,Clear or Partly Cloudy,Dry,Daylight,,,,28.0,From opposite direction - one left turn - one straight,0,0,False,0
-122.353735244177,47.5843165829034,202899,304057,305297,3693171,Matched,Block,,SW FLORIDA NR ST BETWEEN 13TH AVE SW AND 16TH WR AVE SW, ,,1,Property Damage Only Collision,Other,1,0,0,1,0,0,2018-09-29 00:00:00+00,9/29/2018 11:25:00 PM,Mid-Block (but intersection related),28,MOTOR VEHICLE RAN OFF ROAD - HIT FIXED OBJECT,True,True,Raining,Wet,Dark - Street Lights On,,,,50.0,Fixed object,0,0,False,0
-122.289304542802,47.6794156070592,202900,303095,304335,E839668,Matched,Intersection,24951.0,36TH AVE NE AND NE 70TH ST, ,,2,Injury Collision,Angles,2,0,0,2,2,0,2018-09-18 00:00:00+00,9/18/2018 4:14:00 PM,At Intersection (intersection related),11,"MOTOR VEHICLE STRUCK MOTOR VEHICLE, FRONT END AT ANGLE",True,False,Clear or Partly Cloudy,Dry,Daylight,,,,10.0,Entering at angle,0,0,False,0
-122.353980641671,47.6621406977302,202901,303094,304334,E839665,Matched,Intersection,25686.0,PHINNEY AVE N AND N 46TH ST, ,,2,Injury Collision,Pedestrian,2,1,0,1,1,0,2018-09-18 00:00:00+00,9/18/2018 11:51:00 AM,At Intersection (intersection related),24,MOTOR VEHCILE STRUCK PEDESTRIAN,,False,Clear or Partly Cloudy,Dry,Daylight,True,,,2.0,Vehicle turning left hits pedestrian,0,523863,False,0
-122.316960977114,47.6831048250268,202902,303093,304333,E839663,Matched,Intersection,24509.0,LAKE CITY WAY NE AND NE 75TH ST, ,,2,Injury Collision,Angles,2,0,0,2,1,0,2018-09-18 00:00:00+00,9/18/2018 12:59:00 PM,At Intersection (intersection related),11,"MOTOR VEHICLE STRUCK MOTOR VEHICLE, FRONT END AT ANGLE",,False,Clear or Partly Cloudy,Dry,Daylight,,,,10.0,Entering at angle,0,0,False,0
-122.332372542441,47.554913694861,202903,303978,305238,3810966,Matched,Intersection,33152.0,2ND AVE S AND S BENNETT ST, ,,1,Property Damage Only Collision,Angles,2,0,0,2,0,0,2018-10-01 00:00:00+00,10/1/2018 2:31:00 PM,At Intersection (intersection related),11,"MOTOR VEHICLE STRUCK MOTOR VEHICLE, FRONT END AT ANGLE",,False,Raining,Wet,Daylight,,,,10.0,Entering at angle,0,0,False,0
-122.31501684451,47.5353748532582,202904,304227,305467,E827793,Matched,Block,,EAST MARGINAL WAY S BETWEEN S WEBSTER ST AND 14TH AVE S, ,,2,Injury Collision,Sideswipe,6,0,0,4,2,0,2018-08-02 00:00:00+00,8/2/2018 1:37:00 PM,Mid-Block (not related to intersection),11,"MOTOR VEHICLE STRUCK MOTOR VEHICLE, FRONT END AT ANGLE",True,False,Overcast,Dry,Daylight,,,True,12.0,From same direction - both going straight - one stopped - sideswipe,0,0,False,0
-122.31013919412,47.6176112144345,202905,302850,304090,3565813,Matched,Intersection,30117.0,17TH AVE AND E HOWELL ST, ,,1,Property Damage Only Collision,Angles,2,0,0,2,0,0,2018-09-19 00:00:00+00,9/19/2018 4:47:00 AM,At Intersection (intersection related),11,"MOTOR VEHICLE STRUCK MOTOR VEHICLE, FRONT END AT ANGLE",,False,Overcast,Dry,Dark - Street Lights On,,,,10.0,Entering at angle,0,0,False,0
-122.326804188374,47.6152181529603,202906,304018,305258,3814168,Matched,Intersection,29862.0,BELLEVUE AVE AND E PINE ST, ,,1,Property Damage Only Collision,Angles,2,0,0,2,0,0,2018-09-30 00:00:00+00,9/30/2018 12:30:00 AM,At Intersection (intersection related),11,"MOTOR VEHICLE STRUCK MOTOR VEHICLE, FRONT END AT ANGLE",,False,Raining,Wet,Dark - Street Lights On,,,,10.0,Entering at angle,0,0,False,0
-122.301940127483,47.7338292579493,202907,304219,305459,E825872,Matched,Intersection,35996.0,25TH AVE NE AND NE 145TH ST, ,,2,Injury Collision,Rear Ended,2,0,0,2,1,0,2018-08-03 00:00:00+00,8/3/2018 9:18:00 AM,At Intersection (but not related to intersection),14,"MOTOR VEHICLE STRUCK MOTOR VEHICLE, REAR END",,False,Raining,Wet,Daylight,,,True,13.0,From same direction - both going straight - both moving - rear-end,0,0,False,0
-122.348170076961,47.5340625079478,202909,302819,304059,3745521,Matched,Block,,SW HOLDEN ST BETWEEN HIGHLAND PK N WAY SW AND 11TH AVE SW, ,,1,Property Damage Only Collision,Angles,2,0,0,2,0,0,2018-09-14 00:00:00+00,9/14/2018 6:43:00 AM,Mid-Block (but intersection related),11,"MOTOR VEHICLE STRUCK MOTOR VEHICLE, FRONT END AT ANGLE",,False,Raining,Wet,Dawn,,,,10.0,Entering at angle,0,0,False,0
-122.337591981588,47.6112073727931,202910,303117,304357,E842136,Matched,Intersection,29579.0,4TH AVE AND PINE ST, ,,2,Injury Collision,Cycles,2,1,1,0,1,0,2018-08-29 00:00:00+00,8/29/2018 10:00:00 AM,At Intersection (intersection related),64,PEDALCYCLIST STRUCK PEDESTRIAN,,False,Clear or Partly Cloudy,Dry,Daylight,True,,,7.0,Pedalcyclist Strikes Pedalcyclist or Pedestrian,0,523145,False,0
-122.344526209486,47.6909235186916,202933,303243,304483,3751681,Matched,Block,,AURORA AVE N BETWEEN N 85TH ST AND N 86TH ST, ,,2,Injury Collision,Pedestrian,2,1,0,1,1,0,2018-09-20 00:00:00+00,9/20/2018 8:56:00 AM,Mid-Block (not related to intersection),24,MOTOR VEHCILE STRUCK PEDESTRIAN,,False,Overcast,Dry,Daylight,,,,0.0,Vehicle going straight hits pedestrian,0,0,False,0
-122.334239206161,47.5481396886486,202911,304225,305465,E827572,Matched,Block,,EAST MARGINAL WAY S BETWEEN 1ST AVE S AND 1ST AV S BR SB, ,,1,Property Damage Only Collision,Rear Ended,2,0,0,2,0,0,2018-08-13 00:00:00+00,8/13/2018 5:16:00 PM,Mid-Block (not related to intersection),14,"MOTOR VEHICLE STRUCK MOTOR VEHICLE, REAR END",True,False,Clear or Partly Cloudy,Dry,Daylight,,,,13.0,From same direction - both going straight - both moving - rear-end,0,0,False,0
-122.374193725779,47.5640755999305,202913,302817,304057,3745465,Matched,Block,,SW AVALON WAY BETWEEN SW GENESEE ST AND 35TH AVE SW, ,,1,Property Damage Only Collision,Rear Ended,2,0,0,2,0,0,2018-09-15 00:00:00+00,9/15/2018 4:58:00 PM,Mid-Block (but intersection related),14,"MOTOR VEHICLE STRUCK MOTOR VEHICLE, REAR END",,False,Raining,Wet,Daylight,,,,14.0,From same direction - both going straight - one stopped - rear-end,0,0,False,0
-122.361151610335,47.5246917380889,202915,302798,304038,3745464,Matched,Block,,SW TRENTON ST BETWEEN DELRIDGE WAY SW AND 22ND AVE SW, ,,1,Property Damage Only Collision,Parked Car,2,0,0,2,0,0,2018-09-14 00:00:00+00,9/14/2018 8:36:00 PM,Mid-Block (not related to intersection),13,"MOTOR VEHICLE STRUCK MOTOR VEHICLE, LEFT SIDE AT ANGLE",,False,Overcast,Dry,Dark - Street Lights On,,,,32.0,One parked--one moving,0,0,True,0
-122.322786419082,47.6118002971603,202936,303266,304506,E842200,Matched,Block,,BOYLSTON AVE BETWEEN SPRING ST AND SENECA ST, ,,1,Property Damage Only Collision,Other,1,0,0,1,0,0,2018-09-25 00:00:00+00,9/25/2018 11:36:00 AM,Mid-Block (not related to intersection),26,MOTOR VEHICLE STRUCK OBJECT IN ROAD,,False,Clear or Partly Cloudy,Dry,Daylight,,,,48.0,"Domestic animal other (cat, dog, etc)",0,0,False,0
-122.366528189114,47.5282807553318,202917,302797,304037,3745462,Matched,Block,,SW THISTLE ST BETWEEN 26TH AVE SW AND 27TH AVE SW, ,,1,Property Damage Only Collision,Parked Car,3,0,0,3,0,0,2018-09-13 00:00:00+00,9/13/2018 2:52:00 PM,Mid-Block (but intersection related),11,"MOTOR VEHICLE STRUCK MOTOR VEHICLE, FRONT END AT ANGLE",,False,Clear or Partly Cloudy,Dry,Daylight,,,,20.0,One car leaving parked position,0,0,False,0
-122.329698789595,47.6175046181044,202918,303101,304341,E841996,Matched,Intersection,29174.0,HOWELL ST AND YALE AVE, ,,1,Property Damage Only Collision,Sideswipe,2,0,0,2,0,0,2018-09-07 00:00:00+00,9/7/2018 3:24:00 PM,At Intersection (intersection related),11,"MOTOR VEHICLE STRUCK MOTOR VEHICLE, FRONT END AT ANGLE",,False,Clear or Partly Cloudy,Dry,Daylight,,,,71.0,Same direction -- both turning right -- both moving -- sideswipe,0,0,False,0
-122.320760198743,47.6111690758969,202919,304223,305463,E845336,Matched,Intersection,29772.0,BROADWAY AND MADISON ST, ,,1,Property Damage Only Collision,Rear Ended,2,0,0,2,0,0,2018-09-24 00:00:00+00,9/24/2018 3:48:00 PM,At Intersection (intersection related),14,"MOTOR VEHICLE STRUCK MOTOR VEHICLE, REAR END",,False,Clear or Partly Cloudy,Dry,Daylight,,,,13.0,From same direction - both going straight - both moving - rear-end,0,0,False,0
-122.34175261335,47.6117330915068,202920,304228,305468,3811769,Matched,Intersection,29562.0,2ND AVE AND VIRGINIA ST, ,,2,Injury Collision,Pedestrian,2,0,1,1,1,0,2018-10-05 00:00:00+00,10/5/2018 6:38:00 PM,At Intersection (intersection related),18,"MOTOR VEHICLE STRUCK PEDALCYCLIST, FRONT END AT ANGLE",True,False,Raining,Wet,Dark - Street Lights On,True,,,5.0,Vehicle Strikes Pedalcyclist,12197,0,False,0
-122.360460045506,47.5282836034868,202921,302779,304019,3744625,Matched,Intersection,34843.0,DELRIDGE WAY SW AND SW THISTLE ST, ,,1,Property Damage Only Collision,Pedestrian,2,0,1,1,0,0,2018-09-17 00:00:00+00,9/17/2018 1:30:00 PM,At Intersection (intersection related),18,"MOTOR VEHICLE STRUCK PEDALCYCLIST, FRONT END AT ANGLE",,False,Unknown,Unknown,Daylight,,,,5.0,Vehicle Strikes Pedalcyclist,0,0,False,0
-122.329907381038,47.6078355370001,202922,304037,305277,3386419,Matched,Block,,7TH AVE BETWEEN MADISON ST AND SPRING ST, ,,1,Property Damage Only Collision,Parked Car,3,0,0,3,0,0,2018-09-29 00:00:00+00,9/29/2018 9:06:00 PM,Mid-Block (not related to intersection),14,"MOTOR VEHICLE STRUCK MOTOR VEHICLE, REAR END",,False,Raining,Dry,Dark - Street Lights On,,,,32.0,One parked--one moving,0,0,True,0
-122.297870555649,47.5944357884775,202923,302778,304018,3744624,Matched,Block,,M L KING JR WAY S BETWEEN S DEARBORN ST AND S NORMAN ST,NEI,"Not Enough Information, or Insufficient Location Information",1,Property Damage Only Collision,Parked Car,2,0,0,2,0,0,2018-09-19 00:00:00+00,9/19/2018 3:30:00 PM,Mid-Block (not related to intersection),12,"MOTOR VEHICLE STRUCK MOTOR VEHICLE, RIGHT SIDE AT ANGLE",,False,Clear or Partly Cloudy,Unknown,Daylight,,,,32.0,One parked--one moving,0,0,True,0
-122.333756830497,47.6086925967336,202924,303980,305240,3811548,Matched,Intersection,29930.0,5TH AVE AND UNIVERSITY ST, ,,2,Injury Collision,Angles,2,0,0,2,1,0,2018-10-02 00:00:00+00,10/2/2018 11:23:00 PM,At Intersection (intersection related),11,"MOTOR VEHICLE STRUCK MOTOR VEHICLE, FRONT END AT ANGLE",True,False,Clear or Partly Cloudy,Dry,Dark - Street Lights On,,,,10.0,Entering at angle,0,0,False,0
-122.293193745219,47.7228990657175,202925,303264,304504,3810330,Matched,Intersection,36052.0,LAKE CITY WAY NE AND NE 130TH ST, ,,1,Property Damage Only Collision,Other,2,0,0,1,0,0,2018-09-17 00:00:00+00,9/17/2018 4:21:00 PM,At Intersection (intersection related),26,MOTOR VEHICLE STRUCK OBJECT IN ROAD,,False,Clear or Partly Cloudy,Dry,Daylight,,,,50.0,Fixed object,0,0,False,0
-122.376636544855,47.5273785117939,202926,303240,304480,E842189,Matched,Block,,35TH AVE SW BETWEEN SW THISTLE ST AND SW CLOVERDALE N ST, ,,1,Property Damage Only Collision,Rear Ended,6,0,0,3,0,0,2018-09-25 00:00:00+00,9/25/2018 2:23:00 PM,Mid-Block (not related to intersection),14,"MOTOR VEHICLE STRUCK MOTOR VEHICLE, REAR END",,False,Clear or Partly Cloudy,Dry,Daylight,,,,14.0,From same direction - both going straight - one stopped - rear-end,0,0,False,0
-122.284948777835,47.5449726524124,202927,303268,304508,3810744,Matched,Block,,M L KING JR ER WAY S BETWEEN S EDDY ST AND S ANGEL PL, ,,1,Property Damage Only Collision,Other,1,0,0,1,0,0,2018-09-21 00:00:00+00,9/21/2018 8:30:00 PM,Mid-Block (not related to intersection),28,MOTOR VEHICLE RAN OFF ROAD - HIT FIXED OBJECT,,True,Clear or Partly Cloudy,Dry,Dark - Street Lights On,,,,50.0,Fixed object,0,0,False,0
-122.33310387059,47.607979458203,202929,303190,304430,3811432,Matched,Intersection,29929.0,5TH AVE AND SENECA ST, ,,1,Property Damage Only Collision,Rear Ended,2,0,0,2,0,0,2018-09-27 00:00:00+00,9/27/2018 7:13:00 PM,At Intersection (intersection related),14,"MOTOR VEHICLE STRUCK MOTOR VEHICLE, REAR END",,False,Clear or Partly Cloudy,Dry,Dark - Street Lights On,,,,14.0,From same direction - both going straight - one stopped - rear-end,0,0,False,0
-122.333756830497,47.6086925967336,202931,303138,304378,E842351,Matched,Intersection,29930.0,5TH AVE AND UNIVERSITY ST, ,,2,Injury Collision,Angles,4,0,0,2,3,0,2018-08-19 00:00:00+00,8/19/2018 8:37:00 PM,At Intersection (intersection related),11,"MOTOR VEHICLE STRUCK MOTOR VEHICLE, FRONT END AT ANGLE",,False,Clear or Partly Cloudy,Dry,Dark - Street Lights On,,,,10.0,Entering at angle,0,0,False,0
-122.308169633838,47.690312768451,202932,303137,304377,E842258,Matched,Intersection,37776.0,LAKE CITY WAY NE AND NE 85TH ST, ,,1,Property Damage Only Collision,Angles,2,0,0,2,0,0,2018-09-25 00:00:00+00,9/25/2018 5:56:00 PM,At Intersection (intersection related),11,"MOTOR VEHICLE STRUCK MOTOR VEHICLE, FRONT END AT ANGLE",,False,Clear or Partly Cloudy,Dry,Daylight,,,,10.0,Entering at angle,0,0,False,0
-122.281293190694,47.5370423043785,202934,303188,304428,3810830,Matched,Intersection,34562.0,M L KING JR WR WAY S AND S OTHELLO ST, ,,1,Property Damage Only Collision,Left Turn,2,0,0,2,0,0,2018-09-25 00:00:00+00,9/25/2018 10:48:00 AM,At Intersection (intersection related),11,"MOTOR VEHICLE STRUCK MOTOR VEHICLE, FRONT END AT ANGLE",,False,Clear or Partly Cloudy,Dry,Daylight,,,,28.0,From opposite direction - one left turn - one straight,0,0,False,0
-122.31870445257,47.6016967603465,202935,303238,304478,3386413,Matched,Block,,E YESLER WAY BETWEEN 10TH AVE AND BOREN AVE, ,,1,Property Damage Only Collision,Rear Ended,3,0,0,2,0,0,2018-09-25 00:00:00+00,9/25/2018 11:39:00 PM,Mid-Block (not related to intersection),14,"MOTOR VEHICLE STRUCK MOTOR VEHICLE, REAR END",,False,Clear or Partly Cloudy,Dry,Dark - Street Lights Off,,,,14.0,From same direction - both going straight - one stopped - rear-end,0,0,False,0
-122.319640735026,47.5970819652523,202938,303193,304433,E842139,Matched,Block,,10TH AVE S BETWEEN S WELLER ST AND XW S LANE ST, ,,1,Property Damage Only Collision,Angles,3,0,0,2,0,0,2018-09-25 00:00:00+00,9/25/2018 4:22:00 AM,Mid-Block (not related to intersection),11,"MOTOR VEHICLE STRUCK MOTOR VEHICLE, FRONT END AT ANGLE",,False,Clear or Partly Cloudy,Dry,Dark - Street Lights On,,,,10.0,Entering at angle,0,0,False,0
-122.319539292467,47.6199171999563,202939,303120,304360,E842202,Matched,Intersection,29053.0,10TH AVE E AND E JOHN ST, ,,1,Property Damage Only Collision,Angles,3,0,0,2,0,0,2018-09-25 00:00:00+00,9/25/2018 9:56:00 AM,At Intersection (intersection related),11,"MOTOR VEHICLE STRUCK MOTOR VEHICLE, FRONT END AT ANGLE",,False,Clear or Partly Cloudy,Dry,Daylight,,,,10.0,Entering at angle,0,0,False,0
-122.316946446087,47.6211040879529,202940,303119,304359,E842199,Matched,Intersection,29040.0,12TH AVE E AND E THOMAS ST, ,,2,Injury Collision,Angles,2,0,0,2,1,0,2018-09-25 00:00:00+00,9/25/2018 9:44:00 AM,At Intersection (intersection related),11,"MOTOR VEHICLE STRUCK MOTOR VEHICLE, FRONT END AT ANGLE",,False,Clear or Partly Cloudy,Dry,Daylight,,,,10.0,Entering at angle,0,0,False,0
-122.320798653018,47.6152353107414,202941,303118,304358,E842198,Matched,Intersection,29736.0,BROADWAY AND E PINE ST, ,,1,Property Damage Only Collision,Other,1,0,0,1,0,0,2018-09-21 00:00:00+00,9/21/2018 12:23:00 PM,At Intersection (intersection related),28,MOTOR VEHICLE RAN OFF ROAD - HIT FIXED OBJECT,True,False,Clear or Partly Cloudy,Dry,Daylight,,,,50.0,Fixed object,0,0,False,0
-122.279265354314,47.5261140437058,202942,303187,304427,3810824,Matched,Intersection,35255.0,M L KING JR WR WAY S AND S CLOVERDALE ST, ,,1,Property Damage Only Collision,Left Turn,2,0,0,2,0,0,2018-09-23 00:00:00+00,9/23/2018 4:25:00 AM,At Intersection (intersection related),11,"MOTOR VEHICLE STRUCK MOTOR VEHICLE, FRONT END AT ANGLE",,False,Clear or Partly Cloudy,Dry,Dark - Street Lights On,,,,28.0,From opposite direction - one left turn - one straight,0,0,False,0
-122.290798018996,47.7209448601243,202944,303241,304481,3751635,Matched,Block,,35TH AVE NE BETWEEN NE 125TH ST AND NE 130TH S ST, ,,1,Property Damage Only Collision,Head On,2,0,0,2,0,0,2018-09-15 00:00:00+00,9/15/2018 6:46:00 PM,Mid-Block (not related to intersection),11,"MOTOR VEHICLE STRUCK MOTOR VEHICLE, FRONT END AT ANGLE",,False,Overcast,Wet,Dark - Street Lights On,,,,24.0,From opposite direction - both moving - head-on,0,0,False,0
-122.324811973052,47.6089800649995,202945,303269,304509,E842203,Matched,Block,,BOREN AVE BETWEEN MARION ST AND MADISON ST, ,,1,Property Damage Only Collision,Rear Ended,2,0,0,2,0,0,2018-09-25 00:00:00+00,9/25/2018 1:59:00 PM,Mid-Block (not related to intersection),14,"MOTOR VEHICLE STRUCK MOTOR VEHICLE, REAR END",,False,Clear or Partly Cloudy,Dry,Daylight,,,,14.0,From same direction - both going straight - one stopped - rear-end,0,0,False,0
-122.34013076417,47.5172725182138,202946,304280,305520,E831464,Matched,Intersection,34984.0,OLSON PL SW AND SW ROXBURY ST, ,,1,Property Damage Only Collision,Angles,2,0,0,2,0,0,2018-08-22 00:00:00+00,8/22/2018 2:32:00 PM,At Intersection (intersection related),14,"MOTOR VEHICLE STRUCK MOTOR VEHICLE, REAR END",,False,Fog/Smog/Smoke,Dry,Daylight,,,,10.0,Entering at angle,0,0,False,0
-122.329135058635,47.6197150507189,202947,303191,304431,3811706,Matched,Intersection,29154.0,EASTLAKE AVE E AND STEWART ST, ,,1,Property Damage Only Collision,Right Turn,2,0,0,2,0,0,2018-09-27 00:00:00+00,9/27/2018 6:13:00 AM,At Intersection (intersection related),11,"MOTOR VEHICLE STRUCK MOTOR VEHICLE, FRONT END AT ANGLE",,False,Clear or Partly Cloudy,Dry,Dawn,,,,16.0,From same direction - one right turn - one straight,0,0,False,0
-122.319643589875,47.5983479012904,202949,304279,305519,E842996,Matched,Intersection,30431.0,10TH AVE S AND S KING ST, ,,1,Property Damage Only Collision,Left Turn,2,0,0,2,0,0,2018-09-28 00:00:00+00,9/28/2018 3:28:00 PM,At Intersection (intersection related),11,"MOTOR VEHICLE STRUCK MOTOR VEHICLE, FRONT END AT ANGLE",,False,Clear or Partly Cloudy,Dry,Daylight,,,,29.0,From opposite direction - one left turn - one right turn,0,0,False,0
-122.312653263759,47.7259765730992,202950,304278,305518,E831417,Matched,Block,,15TH AVE NE BETWEEN XW NE130 PL AND NE 135TH ST, ,,2,Injury Collision,Angles,2,0,0,2,2,0,2018-04-30 00:00:00+00,4/30/2018 11:31:00 AM,Mid-Block (not related to intersection),11,"MOTOR VEHICLE STRUCK MOTOR VEHICLE, FRONT END AT ANGLE",,False,Clear or Partly Cloudy,Dry,Daylight,,,,10.0,Entering at angle,0,0,False,0
-122.349748946857,47.6487530921599,202951,303263,304503,3810329,Matched,Block,,FREMONT AVE N BETWEEN FREMONT BR AND N 34TH ST, ,,1,Property Damage Only Collision,Rear Ended,2,0,0,2,0,0,2018-09-14 00:00:00+00,9/14/2018 11:32:00 PM,Mid-Block (not related to intersection),14,"MOTOR VEHICLE STRUCK MOTOR VEHICLE, REAR END",,False,Raining,Wet,Dark - Street Lights On,,,,14.0,From same direction - both going straight - one stopped - rear-end,0,0,False,0
-122.317484769366,47.6829016812227,202953,303239,304479,3705963,Matched,Block,,ROOSEVELT WAY NE BETWEEN ROOSEVELT TURN RD NE AND NE 75TH ST, ,,2,Injury Collision,Angles,4,0,0,2,1,0,2018-09-24 00:00:00+00,9/24/2018 9:37:00 AM,Mid-Block (not related to intersection),11,"MOTOR VEHICLE STRUCK MOTOR VEHICLE, FRONT END AT ANGLE",,False,Clear or Partly Cloudy,Dry,Daylight,,,,10.0,Entering at angle,0,0,False,0
-122.317227354979,47.5979199473725,202954,303267,304507,E842201,Matched,Block,,12TH AVE S BETWEEN S KING ST AND S WELLER ST, ,,1,Property Damage Only Collision,Left Turn,2,0,0,2,0,0,2018-09-19 00:00:00+00,9/19/2018 2:35:00 PM,Mid-Block (not related to intersection),11,"MOTOR VEHICLE STRUCK MOTOR VEHICLE, FRONT END AT ANGLE",True,False,Clear or Partly Cloudy,Dry,Daylight,,,,15.0,From same direction - one left turn - one straight,0,0,False,0