longitude,latitude,objectid,inckey,coldetkey,reportno,status,addrtype,intkey,location,exceptrsncode,exceptrsndesc,severitycode,severitydesc,collisiontype,personcount,pedcount,pedcylcount,vehcount,injuries,fatalities,incdate,incdttm,junctiontype,sdot_colcode,sdot_coldesc,inattentionind,underinfl,weather,roadcond,lightcond,pedrownotgrnt,sdotcolnum,speeding,st_colcode,st_coldesc,seglanekey,crosswalkkey,hitparkedcar,seriousinjuries
-122.320152353272,47.5473569114516,202955,304277,305517,E842823,Matched,Intersection,33134.0,CARLETON AVE S AND S BAILEY ST, ,,1,Property Damage Only Collision,Left Turn,2,0,0,2,0,0,2018-09-19 00:00:00+00,9/19/2018 8:31:00 AM,At Intersection (intersection related),11,"MOTOR VEHICLE STRUCK MOTOR VEHICLE, FRONT END AT ANGLE",,False,Clear or Partly Cloudy,Dry,Daylight,,,,15.0,From same direction - one left turn - one straight,0,0,False,0
-122.302412467582,47.6255712451557,202956,304267,305507,E845223,Matched,Block,,23RD AVE E BETWEEN E ROY ST AND E VALLEY ST, ,,1,Property Damage Only Collision,Parked Car,2,0,0,2,0,0,2018-09-18 00:00:00+00,9/18/2018 2:45:00 PM,Mid-Block (not related to intersection),11,"MOTOR VEHICLE STRUCK MOTOR VEHICLE, FRONT END AT ANGLE",,False,Clear or Partly Cloudy,Dry,Daylight,,,,32.0,One parked--one moving,0,0,True,0
-122.355443378399,47.6197681329648,202957,303194,304434,E842143,Matched,Intersection,28937.0,1ST AVE N AND JOHN ST, ,,1,Property Damage Only Collision,Rear Ended,2,0,0,2,0,0,2018-09-22 00:00:00+00,9/22/2018 4:36:00 PM,At Intersection (intersection related),14,"MOTOR VEHICLE STRUCK MOTOR VEHICLE, REAR END",,False,Clear or Partly Cloudy,Dry,Daylight,,,,13.0,From same direction - both going straight - both moving - rear-end,0,0,False,0
-122.313450699422,47.5563834325225,202958,304264,305504,E830647,Matched,Intersection,33332.0,15TH AVE S AND S PEARL ST, ,,1,Property Damage Only Collision,Angles,2,0,0,2,0,0,2018-03-08 00:00:00+00,3/8/2018 5:42:00 PM,At Intersection (intersection related),14,"MOTOR VEHICLE STRUCK MOTOR VEHICLE, REAR END",,False,Clear or Partly Cloudy,Wet,Daylight,,,,10.0,Entering at angle,0,0,False,0
-122.343052605054,47.6125019019769,202959,303189,304429,3811431,Matched,Intersection,29561.0,2ND AVE AND LENORA ST, ,,2,Injury Collision,Pedestrian,2,1,0,1,1,0,2018-09-27 00:00:00+00,9/27/2018 9:50:00 AM,At Intersection (intersection related),24,MOTOR VEHCILE STRUCK PEDESTRIAN,,False,Clear or Partly Cloudy,Dry,Daylight,True,,,2.0,Vehicle turning left hits pedestrian,0,525644,False,0
-122.322852532219,47.7340470562519,202960,304263,305503,E830367,Matched,Block,,NE 145TH ST BETWEEN 5TH AVE NE AND 6TH AVE NE, ,,1,Property Damage Only Collision,Rear Ended,5,0,0,2,0,0,2018-08-17 00:00:00+00,8/17/2018 5:11:00 PM,Mid-Block (not related to intersection),14,"MOTOR VEHICLE STRUCK MOTOR VEHICLE, REAR END",,False,Clear or Partly Cloudy,Dry,Daylight,,,,14.0,From same direction - both going straight - one stopped - rear-end,0,0,False,0
-122.317226323464,47.5996031773311,202962,303237,304477,3386412,Matched,Block,,12TH AVE S BETWEEN S MAIN ST AND S JACKSON ST, ,,1,Property Damage Only Collision,Sideswipe,2,0,0,2,0,0,2018-09-25 00:00:00+00,9/25/2018 8:28:00 PM,Mid-Block (not related to intersection),11,"MOTOR VEHICLE STRUCK MOTOR VEHICLE, FRONT END AT ANGLE",,False,Clear or Partly Cloudy,Dry,Dark - Street Lights On,,,,11.0,From same direction - both going straight - both moving - sideswipe,0,0,False,0
-122.332655375448,47.7086545157149,202963,303242,304482,3751679,Matched,Block,,N NORTHGATE WAY BETWEEN MERIDIAN AVE N AND CORLISS AVE N, ,,2,Injury Collision,Sideswipe,2,0,0,2,1,0,2018-09-19 00:00:00+00,9/19/2018 6:47:00 PM,Mid-Block (not related to intersection),11,"MOTOR VEHICLE STRUCK MOTOR VEHICLE, FRONT END AT ANGLE",,False,Clear or Partly Cloudy,Dry,Daylight,,,,11.0,From same direction - both going straight - both moving - sideswipe,0,0,False,0
-122.268160895977,47.5233025824463,202964,303270,304510,3810807,Matched,Block,,S HENDERSON ST BETWEEN RAINIER AVE S AND 53RD AVE S, ,,2,Injury Collision,Pedestrian,2,1,0,1,1,0,2018-09-11 00:00:00+00,9/11/2018 8:45:00 AM,Mid-Block (not related to intersection),24,MOTOR VEHCILE STRUCK PEDESTRIAN,,False,Clear or Partly Cloudy,Dry,Daylight,True,,,0.0,Vehicle going straight hits pedestrian,0,0,False,0
-122.307344395394,47.7338906325121,202965,304262,305502,E829875,Matched,Intersection,36075.0,20TH AVE NE AND NE 145TH ST, ,,1,Property Damage Only Collision,Angles,2,0,0,2,0,0,2018-06-14 00:00:00+00,6/14/2018 6:07:00 PM,At Intersection (intersection related),11,"MOTOR VEHICLE STRUCK MOTOR VEHICLE, FRONT END AT ANGLE",,False,Clear or Partly Cloudy,Dry,Daylight,,,,10.0,Entering at angle,0,0,False,0
-122.280846400619,47.5354048022353,202966,303192,304432,3814952,Matched,Intersection,164360.0,M L KING JR WR WAY S AND S WEBSTER ST, ,,2,Injury Collision,Angles,3,0,0,2,2,0,2018-09-26 00:00:00+00,9/26/2018 9:37:00 PM,At Intersection (intersection related),11,"MOTOR VEHICLE STRUCK MOTOR VEHICLE, FRONT END AT ANGLE",,False,Clear or Partly Cloudy,Dry,Dark - Street Lights On,,,,10.0,Entering at angle,0,0,False,0
-122.2813107349,47.6321627012132,202967,304261,305501,3814225,Matched,Intersection,29408.0,MCGILVRA BLVD E AND E GALER ST, ,,1,Property Damage Only Collision,Angles,3,0,0,2,0,0,2018-10-07 00:00:00+00,10/7/2018 9:39:00 AM,At Intersection (intersection related),11,"MOTOR VEHICLE STRUCK MOTOR VEHICLE, FRONT END AT ANGLE",,False,Raining,Wet,Daylight,,,,10.0,Entering at angle,0,0,False,0
-122.317451143154,47.6621980426651,202968,303560,304820,E842646,Matched,Block,,ROOSEVELT WAY NE BETWEEN NE 45TH ST AND NE 47TH ST, ,,2,Injury Collision,Cycles,2,0,1,1,1,0,2018-09-21 00:00:00+00,9/21/2018 8:02:00 AM,Mid-Block (not related to intersection),18,"MOTOR VEHICLE STRUCK PEDALCYCLIST, FRONT END AT ANGLE",True,False,Clear or Partly Cloudy,Dry,Daylight,,,,6.0,Pedalcyclist Strikes Moving Vehicle,0,0,False,0
-122.315518406445,47.5466947084628,202970,303564,304824,E843087,Matched,Block,,S ALBRO PL BETWEEN 13TH AVE S AND STANLEY AVE S, ,,1,Property Damage Only Collision,Rear Ended,3,0,0,2,0,0,2018-09-28 00:00:00+00,9/28/2018 10:25:00 AM,Mid-Block (but intersection related),14,"MOTOR VEHICLE STRUCK MOTOR VEHICLE, REAR END",True,False,Clear or Partly Cloudy,Dry,Daylight,,,,14.0,From same direction - both going straight - one stopped - rear-end,0,0,False,0
-122.328967514649,47.5991968896655,202972,303485,304745,3811503,Matched,Intersection,30509.0,4TH AVE S AND S JACKSON ST, ,,1,Property Damage Only Collision,Rear Ended,3,0,0,2,0,0,2018-09-25 00:00:00+00,9/25/2018 6:42:00 AM,At Intersection (but not related to intersection),14,"MOTOR VEHICLE STRUCK MOTOR VEHICLE, REAR END",True,False,Clear or Partly Cloudy,Dry,Daylight,,,,14.0,From same direction - both going straight - one stopped - rear-end,0,0,False,0
-122.341880347592,47.6176738582891,202973,303498,304758,3811757,Matched,Block,,7TH AVE BETWEEN BELL ST AND DEXTER AVE, ,,2b,Serious Injury Collision,Pedestrian,5,1,0,1,2,0,2018-09-21 00:00:00+00,9/21/2018 11:44:00 PM,Mid-Block (not related to intersection),24,MOTOR VEHCILE STRUCK PEDESTRIAN,,False,Raining,Wet,Dark - Street Lights Off,,,,0.0,Vehicle going straight hits pedestrian,0,0,False,1
-122.318426104302,47.6660274406444,202974,303469,304729,E842254,Matched,Block,,9TH AVE NE BETWEEN NE 50TH ST AND NE 53RD ST, ,,1,Property Damage Only Collision,Parked Car,3,0,0,2,0,0,2018-09-23 00:00:00+00,9/23/2018 1:29:00 PM,Mid-Block (not related to intersection),11,"MOTOR VEHICLE STRUCK MOTOR VEHICLE, FRONT END AT ANGLE",,False,Clear or Partly Cloudy,Dry,Daylight,,,,32.0,One parked--one moving,0,0,True,0
-122.344070589896,47.6537680594725,202975,303468,304728,3751707,Matched,Intersection,26865.0,BRIDGE WAY N AND WOODLAND PARK AVE N, ,,1,Property Damage Only Collision,Angles,4,0,0,2,0,0,2018-09-29 00:00:00+00,9/29/2018 9:55:00 PM,At Intersection (intersection related),11,"MOTOR VEHICLE STRUCK MOTOR VEHICLE, FRONT END AT ANGLE",,False,Clear or Partly Cloudy,Dry,Dark - Street Lights On,,,,10.0,Entering at angle,0,0,False,0
-122.338634550263,47.6257957692013,202977,303482,304742,3811428,Matched,Intersection,28744.0,BROAD ST AND VALLEY ST, ,,1,Property Damage Only Collision,Other,2,0,0,2,0,0,2018-09-12 00:00:00+00,9/12/2018 7:01:00 PM,At Intersection (but not related to intersection),11,"MOTOR VEHICLE STRUCK MOTOR VEHICLE, FRONT END AT ANGLE",,False,Clear or Partly Cloudy,Dry,Daylight,,,,23.0,From same direction - all others,0,0,False,0
-122.297870555649,47.5944357884775,202978,303502,304762,3814191,Matched,Block,,M L KING JR WAY S BETWEEN S DEARBORN ST AND S NORMAN ST, ,,2,Injury Collision,Other,6,0,0,2,2,0,2018-09-22 00:00:00+00,9/22/2018 7:25:00 PM,Mid-Block (not related to intersection),11,"MOTOR VEHICLE STRUCK MOTOR VEHICLE, FRONT END AT ANGLE",True,False,Clear or Partly Cloudy,Dry,Dusk,,,,23.0,From same direction - all others,0,0,False,0
-122.330362925698,47.6066583696842,202979,303562,304822,E842995,Matched,Block,,6TH AVE BETWEEN MARION ST AND MADISON ST, ,,2,Injury Collision,Parked Car,2,0,0,2,1,0,2018-09-28 00:00:00+00,9/28/2018 1:38:00 PM,Mid-Block (but intersection related),14,"MOTOR VEHICLE STRUCK MOTOR VEHICLE, REAR END",True,False,Clear or Partly Cloudy,Dry,Daylight,,,,32.0,One parked--one moving,0,0,False,0
-122.262228070813,47.6788893706939,202980,303467,304727,E842253,Matched,Block,,62ND AVE NE BETWEEN NE 65TH ST AND NE 74TH ST, ,,1,Property Damage Only Collision,Other,1,0,0,1,0,0,2018-09-20 00:00:00+00,9/20/2018 5:17:00 PM,Mid-Block (not related to intersection),28,MOTOR VEHICLE RAN OFF ROAD - HIT FIXED OBJECT,,False,Clear or Partly Cloudy,Dry,Daylight,,,,50.0,Fixed object,0,0,False,0
-122.336029062407,47.6111749274888,202981,303488,304748,3811542,Matched,Block,,5TH AVE BETWEEN PIKE ST AND PINE ST, ,,2,Injury Collision,Rear Ended,5,0,0,2,2,0,2018-09-16 00:00:00+00,9/16/2018 9:00:00 AM,Mid-Block (not related to intersection),14,"MOTOR VEHICLE STRUCK MOTOR VEHICLE, REAR END",,False,Raining,Wet,Daylight,,,,14.0,From same direction - both going straight - one stopped - rear-end,0,522109,False,0
-122.323275453106,47.7085941336346,202982,303466,304726,3751106,Matched,Intersection,36499.0,5TH AVE NE AND NE NORTHGATE WAY, ,,2,Injury Collision,Pedestrian,2,1,0,1,1,0,2018-09-29 00:00:00+00,9/29/2018 7:21:00 PM,At Intersection (intersection related),24,MOTOR VEHCILE STRUCK PEDESTRIAN,,False,Overcast,Dry,Dark - Street Lights On,,,,1.0,Vehicle turning right hits pedestrian,0,524506,False,0
-122.38065400674,47.5618294069659,202984,303337,304597,3626847,Matched,Block,,FAUNTLEROY WAY SW BETWEEN 38TH AVE SW AND 39TH AVE SW, ,,1,Property Damage Only Collision,Rear Ended,2,0,0,2,0,0,2018-09-24 00:00:00+00,9/24/2018 1:43:00 PM,Mid-Block (but intersection related),14,"MOTOR VEHICLE STRUCK MOTOR VEHICLE, REAR END",,False,Clear or Partly Cloudy,Dry,Daylight,,,,14.0,From same direction - both going straight - one stopped - rear-end,0,0,False,0
-122.312678772452,47.7194140425953,202985,303473,304733,3751711,Matched,Intersection,36427.0,15TH AVE NE AND NE 125TH ST, ,,2b,Serious Injury Collision,Pedestrian,2,1,0,1,2,0,2018-09-29 00:00:00+00,9/29/2018 11:32:00 PM,At Intersection (intersection related),24,MOTOR VEHCILE STRUCK PEDESTRIAN,True,False,Overcast,Wet,Dark - Street Lights On,,,,0.0,Vehicle going straight hits pedestrian,0,524525,False,1
-122.360652667772,47.6843725753909,202986,303561,304821,E842647,Matched,Block,,3RD AVE NW BETWEEN NW 76TH ST AND NW 77TH ST, ,,1,Property Damage Only Collision,Other,1,0,0,1,0,0,2018-09-25 00:00:00+00,9/25/2018 7:15:00 AM,Mid-Block (not related to intersection),14,"MOTOR VEHICLE STRUCK MOTOR VEHICLE, REAR END",,False,Clear or Partly Cloudy,Dry,Daylight,,,,50.0,Fixed object,0,0,True,0
-122.270474365255,47.5563187190759,201009,291440,292340,3814800,Matched,Block,,WILSON AVE S BETWEEN 50TH AVE S AND S FARRAR ST, ,,1,Property Damage Only Collision,Parked Car,4,0,0,4,0,0,2018-06-09 00:00:00+00,6/9/2018 9:59:00 AM,Mid-Block (not related to intersection),14,"MOTOR VEHICLE STRUCK MOTOR VEHICLE, REAR END",,True,Clear or Partly Cloudy,Dry,Daylight,,,,32.0,One parked--one moving,0,0,True,0
-122.322486933124,47.6022502134515,202988,303317,304577,3283171,Matched,Block,,8TH AVE BETWEEN YESLER WAY AND SPRUCE ST, ,,1,Property Damage Only Collision,Parked Car,2,0,0,2,0,0,2018-09-24 00:00:00+00,9/24/2018 3:40:00 PM,Mid-Block (not related to intersection),33,DRIVERLESS VEHICLE STRUCK MOTOR VEHICLE LEFT SIDE AT ANGLE,,False,Clear or Partly Cloudy,Dry,Daylight,,,,32.0,One parked--one moving,0,0,True,0
-122.321852225182,47.6758670774003,202989,303486,304746,3818738,Matched,Intersection,24516.0,NE 65TH ST AND NE RAVENNA WB BV, ,,1,Property Damage Only Collision,Left Turn,2,0,0,2,0,0,2018-09-29 00:00:00+00,9/29/2018 9:24:00 PM,At Intersection (intersection related),11,"MOTOR VEHICLE STRUCK MOTOR VEHICLE, FRONT END AT ANGLE",True,False,Raining,Wet,Dark - Street Lights On,,,,28.0,From opposite direction - one left turn - one straight,0,0,False,0
-122.309881774206,47.633216117188,202990,303499,304759,3814165,Matched,Block,,17TH AVE E BETWEEN E GALER ST AND E GARFIELD ST, ,,1,Property Damage Only Collision,Parked Car,2,0,0,2,0,0,2018-09-21 00:00:00+00,9/21/2018 9:57:00 PM,Mid-Block (not related to intersection),14,"MOTOR VEHICLE STRUCK MOTOR VEHICLE, REAR END",,False,Raining,Wet,Dark - Street Lights On,,,,32.0,One parked--one moving,0,0,True,0
-122.33420302527,47.5755755738028,202991,303304,304563,3810946,Matched,Intersection,31379.0,1ST AVE S AND S HANFORD ST, ,,2,Injury Collision,Sideswipe,3,0,0,2,2,0,2018-09-11 00:00:00+00,9/11/2018 3:18:00 PM,At Intersection (but not related to intersection),14,"MOTOR VEHICLE STRUCK MOTOR VEHICLE, REAR END",,False,Clear or Partly Cloudy,Dry,Daylight,,,,12.0,From same direction - both going straight - one stopped - sideswipe,0,0,False,0
-122.299383821487,47.5409106041191,202992,303303,304562,3810923,Matched,Block,,S WILLOW ST BETWEEN VISTA AVE S AND BEACON WR AVE S, ,,1,Property Damage Only Collision,Parked Car,2,0,0,2,0,0,2018-09-18 00:00:00+00,9/18/2018 1:00:00 PM,Mid-Block (not related to intersection),0,NOT ENOUGH INFORMATION / NOT APPLICABLE,True,False,Overcast,Dry,Unknown,,,,32.0,One parked--one moving,0,0,True,0
-122.320753955582,47.6609617739842,202994,303472,304732,E842256,Matched,Block,,7TH AVE NE BETWEEN NE 45TH ST OFF RP AND NE 45TH ST, ,,2,Injury Collision,Rear Ended,3,0,0,3,2,0,2018-09-25 00:00:00+00,9/25/2018 3:00:00 PM,Mid-Block (but intersection related),14,"MOTOR VEHICLE STRUCK MOTOR VEHICLE, REAR END",,False,Clear or Partly Cloudy,Dry,Daylight,,,,13.0,From same direction - both going straight - both moving - rear-end,0,0,False,0
-122.323751896676,47.5987705841875,202996,303563,304823,E842648,Matched,Block,,7TH AVE S BETWEEN S JACKSON ST AND S KING ST, ,,2,Injury Collision,Cycles,2,0,1,1,1,0,2018-09-24 00:00:00+00,9/24/2018 9:05:00 AM,Mid-Block (not related to intersection),14,"MOTOR VEHICLE STRUCK MOTOR VEHICLE, REAR END",,False,Clear or Partly Cloudy,Dry,Daylight,,,,6.0,Pedalcyclist Strikes Moving Vehicle,0,0,False,0
-122.307936698455,47.5469809772069,202997,303302,304561,3810922,Matched,Intersection,33396.0,SWIFT AVE S AND S GRAHAM ST, ,,1,Property Damage Only Collision,Rear Ended,2,0,0,2,0,0,2018-09-18 00:00:00+00,9/18/2018 2:10:00 PM,At Intersection (but not related to intersection),14,"MOTOR VEHICLE STRUCK MOTOR VEHICLE, REAR END",,False,Clear or Partly Cloudy,Dry,Daylight,,,,14.0,From same direction - both going straight - one stopped - rear-end,0,0,False,0
-122.363216805412,47.6271565943601,202999,303489,304749,3811543,Matched,Block,,5TH AVE W BETWEEN W OLYMPIC PL AND W KINNEAR S PL, ,,1,Property Damage Only Collision,Parked Car,2,0,0,2,0,0,2018-09-20 00:00:00+00,9/20/2018 7:00:00 PM,Mid-Block (not related to intersection),14,"MOTOR VEHICLE STRUCK MOTOR VEHICLE, REAR END",,False,Clear or Partly Cloudy,Dry,Daylight,,,,32.0,One parked--one moving,0,0,True,0
-122.34009561222,47.6657300371958,201001,290937,291817,E804802,Matched,Intersection,25521.0,GREEN LAKE WAY N AND N 51ST ST, ,,1,Property Damage Only Collision,Left Turn,3,0,0,2,0,0,2018-06-01 00:00:00+00,6/1/2018 12:02:00 PM,At Intersection (intersection related),11,"MOTOR VEHICLE STRUCK MOTOR VEHICLE, FRONT END AT ANGLE",True,False,Overcast,Dry,Daylight,,,,15.0,From same direction - one left turn - one straight,0,0,False,0
-122.311643680315,47.6878858668172,201002,292217,293157,E806319,Matched,Block,,LAKE CITY WAY NE BETWEEN 15TH AVE NE AND 16TH AVE NE, ,,2,Injury Collision,Rear Ended,2,0,0,2,1,0,2018-06-08 00:00:00+00,6/8/2018 2:17:00 PM,Mid-Block (but intersection related),14,"MOTOR VEHICLE STRUCK MOTOR VEHICLE, REAR END",,False,Raining,Wet,Daylight,,,,13.0,From same direction - both going straight - both moving - rear-end,0,0,False,0
-122.277072124664,47.5493260443471,201003,291442,292342,3814830,Matched,Block,,RAINIER AVE S BETWEEN S JUNEAU ST AND S KENNY ST, ,,2,Injury Collision,Rear Ended,2,0,0,2,1,0,2018-06-07 00:00:00+00,6/7/2018 8:55:00 AM,Mid-Block (not related to intersection),14,"MOTOR VEHICLE STRUCK MOTOR VEHICLE, REAR END",True,False,Clear or Partly Cloudy,Dry,Daylight,,,,14.0,From same direction - both going straight - one stopped - rear-end,0,0,False,0
-122.332006687952,47.5714062656398,201004,292225,293165,3814829,Matched,Intersection,32341.0,2ND AVE S AND S SPOKANE SR ST, ,,1,Property Damage Only Collision,Angles,2,0,0,2,0,0,2018-06-06 00:00:00+00,6/6/2018 2:47:00 PM,At Intersection (intersection related),11,"MOTOR VEHICLE STRUCK MOTOR VEHICLE, FRONT END AT ANGLE",,False,Clear or Partly Cloudy,Dry,Daylight,,,,10.0,Entering at angle,0,0,False,0
-122.366020255609,47.6777704351586,201005,290917,291797,E804801,Matched,Intersection,24205.0,8TH AVE NW AND NW 67TH ST, ,,2,Injury Collision,Angles,2,0,0,2,1,0,2018-06-01 00:00:00+00,6/1/2018 7:50:00 AM,At Intersection (intersection related),11,"MOTOR VEHICLE STRUCK MOTOR VEHICLE, FRONT END AT ANGLE",,False,Overcast,Dry,Daylight,,,,10.0,Entering at angle,0,0,False,0
-122.323134939284,47.5401736441422,201007,291441,292341,3814827,Matched,Block,,EAST MARGINAL WAY S BETWEEN CORSON AVE S AND CARLETON AVE S, ,,1,Property Damage Only Collision,Other,1,0,0,1,0,0,2018-06-06 00:00:00+00,6/6/2018 3:07:00 AM,Mid-Block (not related to intersection),28,MOTOR VEHICLE RAN OFF ROAD - HIT FIXED OBJECT,,False,Clear or Partly Cloudy,Dry,Dark - Street Lights On,,,,50.0,Fixed object,0,0,False,0
-122.334183827198,47.7232078883922,201010,292737,293717,E809902,Matched,Intersection,35965.0,MERIDIAN AVE N AND N 130TH ST, ,,2,Injury Collision,Left Turn,2,0,0,2,2,0,2018-06-05 00:00:00+00,6/5/2018 11:09:00 AM,At Intersection (intersection related),11,"MOTOR VEHICLE STRUCK MOTOR VEHICLE, FRONT END AT ANGLE",,False,Clear or Partly Cloudy,Dry,Daylight,,,,28.0,From opposite direction - one left turn - one straight,0,0,False,0
-122.370758591587,47.6690484790824,201011,290438,291318,E803823,Matched,Block,,11TH AVE NW BETWEEN NW MARKET ST AND NW 56TH ST,NEI,"Not Enough Information, or Insufficient Location Information",1,Property Damage Only Collision,Parked Car,2,0,0,2,0,0,2018-05-29 00:00:00+00,5/29/2018 5:00:00 PM,,0,NOT ENOUGH INFORMATION / NOT APPLICABLE,,False,Clear or Partly Cloudy,Dry,Daylight,,,,32.0,One parked--one moving,0,0,True,0
-122.297586730071,47.5389845792311,201012,291439,292339,3814774,Matched,Block,,S MYRTLE ST BETWEEN SWIFT AVE S AND BEACON WR AVE S, ,,1,Property Damage Only Collision,Other,1,0,0,1,0,0,2018-06-09 00:00:00+00,6/9/2018 12:04:00 AM,Mid-Block (not related to intersection),11,"MOTOR VEHICLE STRUCK MOTOR VEHICLE, FRONT END AT ANGLE",,True,Overcast,Wet,Dark - Street Lights On,,,,51.0,Other object,0,0,False,0
-122.306094176917,47.5454098305527,201013,292224,293164,3814828,Matched,Intersection,34378.0,SWIFT AVE S AND S EDDY ST, ,,2,Injury Collision,Rear Ended,3,0,0,3,1,0,2018-06-06 00:00:00+00,6/6/2018 9:13:00 AM,At Intersection (intersection related),14,"MOTOR VEHICLE STRUCK MOTOR VEHICLE, REAR END",True,False,Clear or Partly Cloudy,Dry,Daylight,,,,14.0,From same direction - both going straight - one stopped - rear-end,0,0,False,0
-122.328303403993,47.5861727921636,201014,291438,292338,3814746,Matched,Block,,S HOLGATE ST BETWEEN 4TH AVE S AND 5TH AVE S, ,,1,Property Damage Only Collision,Other,2,0,0,2,0,0,2018-06-08 00:00:00+00,6/8/2018 1:13:00 PM,Mid-Block (not related to intersection),11,"MOTOR VEHICLE STRUCK MOTOR VEHICLE, FRONT END AT ANGLE",,False,Raining,Wet,Daylight,,,,23.0,From same direction - all others,0,0,False,0
-122.322534753789,47.6231346086472,201016,290431,291311,3707532,Matched,Block,,E REPUBLICAN ST BETWEEN BOYLSTON AVE E AND HARVARD AVE E, ,,1,Property Damage Only Collision,Parked Car,2,0,0,2,0,0,2018-06-01 00:00:00+00,6/1/2018 8:22:00 AM,Mid-Block (not related to intersection),11,"MOTOR VEHICLE STRUCK MOTOR VEHICLE, FRONT END AT ANGLE",,False,Clear or Partly Cloudy,Dry,Daylight,,,,32.0,One parked--one moving,0,0,True,0
-122.335422781409,47.6079948314551,201017,291437,292337,3812351,Matched,Block,,UNIVERSITY ST BETWEEN 3RD AVE AND 4TH AVE, ,,1,Property Damage Only Collision,Sideswipe,2,0,0,2,0,0,2018-06-08 00:00:00+00,6/8/2018 7:22:00 PM,Mid-Block (not related to intersection),14,"MOTOR VEHICLE STRUCK MOTOR VEHICLE, REAR END",,False,Overcast,Dry,Daylight,,,,12.0,From same direction - both going straight - one stopped - sideswipe,0,0,False,0
-122.343833721983,47.620313758862,201018,291418,292318,3812334,Matched,Block,,7TH SB AVE N BETWEEN JOHN ST AND THOMAS ST, ,,2,Injury Collision,Sideswipe,3,0,0,2,1,0,2018-06-10 00:00:00+00,6/10/2018 11:10:00 AM,Mid-Block (not related to intersection),11,"MOTOR VEHICLE STRUCK MOTOR VEHICLE, FRONT END AT ANGLE",True,False,Overcast,Wet,Daylight,,,,11.0,From same direction - both going straight - both moving - sideswipe,0,0,False,0
-122.342841710295,47.613550570531,201019,290430,291310,3812231,Matched,Block,,3RD AVE BETWEEN LENORA ST AND BLANCHARD ST, ,,1,Property Damage Only Collision,Parked Car,3,0,0,3,0,0,2018-06-02 00:00:00+00,6/2/2018 8:13:00 PM,Mid-Block (not related to intersection),11,"MOTOR VEHICLE STRUCK MOTOR VEHICLE, FRONT END AT ANGLE",,False,Clear or Partly Cloudy,Dry,Daylight,,,,32.0,One parked--one moving,0,0,True,0
-122.358666563879,47.6245898858109,201020,291417,292317,3812332,Matched,Block,,W MERCER ST BETWEEN 1ST AVE W AND 2ND AVE W, ,,1,Property Damage Only Collision,Other,2,0,0,2,0,0,2018-06-10 00:00:00+00,6/10/2018 12:07:00 AM,Mid-Block (not related to intersection),11,"MOTOR VEHICLE STRUCK MOTOR VEHICLE, FRONT END AT ANGLE",,False,Clear or Partly Cloudy,Dry,Dark - Street Lights On,,,,23.0,From same direction - all others,0,0,False,0
-122.289234813546,47.5534542312304,201021,292223,293163,3814799,Matched,Intersection,485820.0,M L KING JR WR WAY S AND S BRANDON ST, ,,1,Property Damage Only Collision,Angles,3,0,0,2,0,0,2018-06-08 00:00:00+00,6/8/2018 4:24:00 PM,At Intersection (intersection related),11,"MOTOR VEHICLE STRUCK MOTOR VEHICLE, FRONT END AT ANGLE",,False,Raining,Wet,Daylight,,,,10.0,Entering at angle,0,0,False,0
-122.323964395281,47.6163557086684,201022,290429,291309,3702549,Matched,Block,,E OLIVE ST BETWEEN BELMONT AVE AND BOYLSTON AVE, ,,1,Property Damage Only Collision,Parked Car,2,0,0,2,0,0,2018-06-03 00:00:00+00,6/3/2018 2:04:00 PM,Mid-Block (not related to intersection),11,"MOTOR VEHICLE STRUCK MOTOR VEHICLE, FRONT END AT ANGLE",,False,Raining,Wet,Daylight,,,,32.0,One parked--one moving,0,0,True,0
-122.311929823364,47.6268751182751,201023,290960,291840,E797388,Matched,Block,,E ALOHA ST BETWEEN 15TH AVE E AND 16TH AVE E, ,,2,Injury Collision,Sideswipe,2,0,0,2,2,0,2018-04-09 00:00:00+00,4/9/2018 1:18:00 PM,Mid-Block (not related to intersection),11,"MOTOR VEHICLE STRUCK MOTOR VEHICLE, FRONT END AT ANGLE",,False,Clear or Partly Cloudy,Dry,Daylight,,,,26.0,From opposite direction - both going straight - sideswipe,0,0,False,0
-122.333450088436,47.5466407943935,201026,290958,291838,E797245,Matched,Block,,EAST MARGINAL WAY S BETWEEN 1ST AV S BR NB AND S FRONT ST, ,,1,Property Damage Only Collision,Rear Ended,6,0,0,2,0,0,2018-05-12 00:00:00+00,5/12/2018 7:19:00 PM,Mid-Block (not related to intersection),14,"MOTOR VEHICLE STRUCK MOTOR VEHICLE, REAR END",,False,Clear or Partly Cloudy,Dry,Daylight,,,,14.0,From same direction - both going straight - one stopped - rear-end,0,0,False,0
-122.318419924492,47.6613039533191,201027,289790,290650,E801765,Matched,Intersection,27067.0,9TH AVE NE AND NE 45TH E ST, ,,2,Injury Collision,Sideswipe,5,0,0,3,1,0,2018-05-25 00:00:00+00,5/25/2018 9:52:00 AM,At Intersection (intersection related),11,"MOTOR VEHICLE STRUCK MOTOR VEHICLE, FRONT END AT ANGLE",True,False,Overcast,Dry,Daylight,,,,11.0,From same direction - both going straight - both moving - sideswipe,0,0,False,0