longitude,latitude,objectid,inckey,coldetkey,reportno,status,addrtype,intkey,location,exceptrsncode,exceptrsndesc,severitycode,severitydesc,collisiontype,personcount,pedcount,pedcylcount,vehcount,injuries,fatalities,incdate,incdttm,junctiontype,sdot_colcode,sdot_coldesc,inattentionind,underinfl,weather,roadcond,lightcond,pedrownotgrnt,sdotcolnum,speeding,st_colcode,st_coldesc,seglanekey,crosswalkkey,hitparkedcar,seriousinjuries
-122.322852532219,47.7340470562519,201028,290957,291837,E797093,Matched,Block,,NE 145TH ST BETWEEN 5TH AVE NE AND 6TH AVE NE, ,,2,Injury Collision,Rear Ended,4,0,0,2,1,0,2018-05-07 00:00:00+00,5/7/2018 1:16:00 PM,Mid-Block (not related to intersection),14,"MOTOR VEHICLE STRUCK MOTOR VEHICLE, REAR END",,False,Clear or Partly Cloudy,Dry,Daylight,,,,13.0,From same direction - both going straight - both moving - rear-end,0,0,False,0
-122.309392708163,47.5930814573871,201029,290940,291820,E805087,Matched,Block,,RAINIER AVE S BETWEEN S NORMAN ST AND I90 WB RAINIER NB OF RP, ,,2,Injury Collision,Rear Ended,5,0,0,2,2,0,2018-06-05 00:00:00+00,6/5/2018 1:32:00 PM,Mid-Block (not related to intersection),14,"MOTOR VEHICLE STRUCK MOTOR VEHICLE, REAR END",,False,Clear or Partly Cloudy,Dry,Daylight,,,,14.0,From same direction - both going straight - one stopped - rear-end,0,0,False,0
-122.302909504463,47.5845418639532,201030,292222,293162,3814797,Matched,Intersection,31562.0,23RD AVE S AND RAINIER AVE S, ,,1,Property Damage Only Collision,Angles,2,0,0,2,0,0,2018-05-30 00:00:00+00,5/30/2018 12:50:00 PM,At Intersection (intersection related),11,"MOTOR VEHICLE STRUCK MOTOR VEHICLE, FRONT END AT ANGLE",,False,Clear or Partly Cloudy,Dry,Daylight,,,,10.0,Entering at angle,0,0,False,0
-122.349681870659,47.6152490859424,201031,289789,290649,3812042,Matched,Intersection,29685.0,1ST AVE AND VINE ST, ,,1,Property Damage Only Collision,Angles,2,0,0,2,0,0,2018-05-31 00:00:00+00,5/31/2018 5:11:00 PM,At Intersection (intersection related),11,"MOTOR VEHICLE STRUCK MOTOR VEHICLE, FRONT END AT ANGLE",,False,Overcast,Dry,Daylight,,,,10.0,Entering at angle,0,0,False,0
-122.31075972931,47.6885032000043,201032,289788,290648,3702735,Matched,Intersection,24755.0,LAKE CITY WAY NE AND NE 82ND ST, ,,2,Injury Collision,Angles,2,0,0,2,2,0,2018-05-30 00:00:00+00,5/30/2018 9:32:00 AM,At Intersection (intersection related),15,"MOTOR VEHICLE STRUCK MOTOR VEHICLE, RIGHT SIDE SIDESWIPE",,False,Overcast,Dry,Daylight,,,,10.0,Entering at angle,0,0,False,0
-122.341343433261,47.6102747132112,201033,289781,290641,E801726,Matched,Intersection,29584.0,1ST AVE AND STEWART ST, ,,1,Property Damage Only Collision,Sideswipe,2,0,0,2,0,0,2018-05-21 00:00:00+00,5/21/2018 9:09:00 AM,At Intersection (intersection related),11,"MOTOR VEHICLE STRUCK MOTOR VEHICLE, FRONT END AT ANGLE",,False,Clear or Partly Cloudy,Dry,Daylight,,,,11.0,From same direction - both going straight - both moving - sideswipe,0,0,False,0
-122.344484414405,47.6827723725016,201034,292221,293161,E806320,Matched,Intersection,24312.0,AURORA AVE N AND WINONA AVE N, ,,2,Injury Collision,Left Turn,2,0,0,2,1,0,2018-06-08 00:00:00+00,6/8/2018 6:22:00 PM,At Intersection (intersection related),11,"MOTOR VEHICLE STRUCK MOTOR VEHICLE, FRONT END AT ANGLE",,False,Raining,Wet,Daylight,,,,28.0,From opposite direction - one left turn - one straight,0,0,False,0
-122.301458423519,47.6897197807717,201035,295197,296297,E813279,Matched,Block,,RAVENNA AVE NE BETWEEN NE 83RD ST AND 25TH N AVE NE, ,,1,Property Damage Only Collision,Rear Ended,2,0,0,2,0,0,2018-06-29 00:00:00+00,6/29/2018 5:21:00 PM,Mid-Block (not related to intersection),14,"MOTOR VEHICLE STRUCK MOTOR VEHICLE, REAR END",,False,Clear or Partly Cloudy,Dry,Daylight,,,,14.0,From same direction - both going straight - one stopped - rear-end,0,0,False,0
-122.290486687924,47.5543729404018,201036,293743,294778,3818833,Matched,Block,,33RD AVE S BETWEEN S DAWSON ST AND S BRANDON ST, ,,1,Property Damage Only Collision,Parked Car,2,0,0,2,0,0,2018-06-21 00:00:00+00,6/21/2018 8:15:00 PM,Driveway Junction,11,"MOTOR VEHICLE STRUCK MOTOR VEHICLE, FRONT END AT ANGLE",,False,Clear or Partly Cloudy,Dry,Daylight,,,,32.0,One parked--one moving,0,0,False,0
-122.329608070012,47.5903082499734,201037,294220,295300,3818913,Matched,Block,,EDGAR MARTINEZ DR S BETWEEN S ATLANTIC ST OFF RP AND 4TH AVE SB OFF RP, ,,2,Injury Collision,Rear Ended,5,0,0,3,1,0,2018-06-25 00:00:00+00,6/25/2018 12:01:00 AM,Mid-Block (not related to intersection),14,"MOTOR VEHICLE STRUCK MOTOR VEHICLE, REAR END",,True,Raining,Wet,Dark - Street Lights On,,,,14.0,From same direction - both going straight - one stopped - rear-end,0,0,False,0
-122.339439096166,47.5613228495322,201038,293742,294777,3818762,Matched,Block,,EAST MARGINAL WAY S BETWEEN DIAGONAL AVE S AND S ALASKA ST, ,,2,Injury Collision,Sideswipe,2,0,0,2,1,0,2018-06-22 00:00:00+00,6/22/2018 11:59:00 AM,Mid-Block (but intersection related),14,"MOTOR VEHICLE STRUCK MOTOR VEHICLE, REAR END",,False,Clear or Partly Cloudy,Dry,Daylight,,,,12.0,From same direction - both going straight - one stopped - sideswipe,0,0,False,0
-122.339072322605,47.5715064685324,201039,294219,295299,3818906,Matched,Block,,WEST SEATTLE BR EB BETWEEN 1ST AV S OFF RP AND SPOKANE ST - W SEA B RP, ,,1,Property Damage Only Collision,Rear Ended,3,0,0,2,0,0,2018-06-21 00:00:00+00,6/21/2018 7:00:00 PM,Mid-Block (not related to intersection),11,"MOTOR VEHICLE STRUCK MOTOR VEHICLE, FRONT END AT ANGLE",,False,Clear or Partly Cloudy,Dry,Daylight,,,,13.0,From same direction - both going straight - both moving - rear-end,0,0,False,0
-122.329645382506,47.602519938121,201040,293344,294364,E809910,Matched,Intersection,30484.0,4TH AVE AND JEFFERSON ST, ,,1,Property Damage Only Collision,Sideswipe,3,0,0,2,0,0,2018-06-18 00:00:00+00,6/18/2018 10:57:00 AM,At Intersection (intersection related),11,"MOTOR VEHICLE STRUCK MOTOR VEHICLE, FRONT END AT ANGLE",,False,Clear or Partly Cloudy,Dry,Daylight,,,,11.0,From same direction - both going straight - both moving - sideswipe,0,0,False,0
-122.329057088755,47.5787691320583,201041,294218,295298,E811402,Matched,Block,,4TH AVE S BETWEEN S LANDER ST AND S FOREST ST, ,,1,Property Damage Only Collision,Parked Car,2,0,0,2,0,0,2018-06-23 00:00:00+00,6/23/2018 3:13:00 PM,Mid-Block (not related to intersection),14,"MOTOR VEHICLE STRUCK MOTOR VEHICLE, REAR END",,False,Clear or Partly Cloudy,Dry,Daylight,,,,32.0,One parked--one moving,0,0,True,0
-122.329058178381,47.5766512804844,201042,294217,295297,E811396,Matched,Block,,4TH AVE S BETWEEN S FOREST ST AND S HANFORD ST, ,,1,Property Damage Only Collision,Rear Ended,2,0,0,2,0,0,2018-06-19 00:00:00+00,6/19/2018 6:53:00 PM,Mid-Block (not related to intersection),14,"MOTOR VEHICLE STRUCK MOTOR VEHICLE, REAR END",,False,Clear or Partly Cloudy,Dry,Daylight,,,,14.0,From same direction - both going straight - one stopped - rear-end,0,0,False,0
-122.325308904977,47.6225604846717,201043,295239,296339,3702690,Matched,Block,,SUMMIT AVE E BETWEEN E HARRISON ST AND E REPUBLICAN ST, ,,1,Property Damage Only Collision,Parked Car,3,0,0,3,0,0,2018-07-05 00:00:00+00,7/5/2018 12:31:00 AM,Mid-Block (not related to intersection),11,"MOTOR VEHICLE STRUCK MOTOR VEHICLE, FRONT END AT ANGLE",,False,Clear or Partly Cloudy,Dry,Dark - Street Lights On,,,,32.0,One parked--one moving,0,0,True,0
-122.318150169973,47.6146730441204,201044,293343,294363,3702682,Matched,Block,,11TH AVE BETWEEN E PIKE ST AND E PINE ST, ,,1,Property Damage Only Collision,Parked Car,2,0,0,2,0,0,2018-06-25 00:00:00+00,6/25/2018 9:40:00 PM,Mid-Block (but intersection related),11,"MOTOR VEHICLE STRUCK MOTOR VEHICLE, FRONT END AT ANGLE",,False,Clear or Partly Cloudy,Dry,Dusk,,,,20.0,One car leaving parked position,0,0,False,0
-122.336702989304,47.5892864593727,201045,293342,294362,E809669,Matched,Block,,COLORADO AVE S BETWEEN S ATLANTIC ST AND S MASSACHUSETTS ST, ,,1,Property Damage Only Collision,Other,7,0,0,3,0,0,2018-06-11 00:00:00+00,6/11/2018 2:35:00 PM,Mid-Block (not related to intersection),11,"MOTOR VEHICLE STRUCK MOTOR VEHICLE, FRONT END AT ANGLE",,False,Clear or Partly Cloudy,Dry,Daylight,,,,23.0,From same direction - all others,0,0,False,0
-122.334192276297,47.5940397305147,201046,294199,295279,E811393,Matched,Block,,1ST AVE S BETWEEN RAILROAD S WAY S AND S ROYAL BROUGHAM WAY, ,,1,Property Damage Only Collision,Sideswipe,2,0,0,2,0,0,2018-06-15 00:00:00+00,6/15/2018 3:27:00 PM,Mid-Block (not related to intersection),11,"MOTOR VEHICLE STRUCK MOTOR VEHICLE, FRONT END AT ANGLE",,False,Clear or Partly Cloudy,Dry,Daylight,,,,11.0,From same direction - both going straight - both moving - sideswipe,0,0,False,0
-122.324196928012,47.6057858285239,201047,293341,294361,3702681,Matched,Block,,JAMES ST BETWEEN 9TH AVE AND TERRY AVE, ,,1,Property Damage Only Collision,Left Turn,2,0,0,2,0,0,2018-06-25 00:00:00+00,6/25/2018 2:11:00 PM,Driveway Junction,11,"MOTOR VEHICLE STRUCK MOTOR VEHICLE, FRONT END AT ANGLE",True,False,Clear or Partly Cloudy,Dry,Daylight,,,,28.0,From opposite direction - one left turn - one straight,0,0,False,0
-122.312648030335,47.7185067431708,201048,294198,295278,E811391,Matched,Block,,15TH AVE NE BETWEEN NE 123RD ST AND NE 125TH ST, ,,1,Property Damage Only Collision,Angles,2,0,0,2,0,0,2018-06-18 00:00:00+00,6/18/2018 5:14:00 PM,Driveway Junction,11,"MOTOR VEHICLE STRUCK MOTOR VEHICLE, FRONT END AT ANGLE",,False,Clear or Partly Cloudy,Dry,Daylight,,,,10.0,Entering at angle,0,0,False,0
-122.337805587072,47.589505526637,201049,293340,294360,E809667,Matched,Block,,ALASKAN WAY S BETWEEN S ATLANTIC ST AND S MASSACHUSETTS ST, ,,1,Property Damage Only Collision,Other,3,0,0,2,0,0,2018-06-11 00:00:00+00,6/11/2018 1:56:00 PM,Mid-Block (not related to intersection),11,"MOTOR VEHICLE STRUCK MOTOR VEHICLE, FRONT END AT ANGLE",,True,Clear or Partly Cloudy,Dry,Daylight,,,,23.0,From same direction - all others,0,0,False,0
-122.312004913862,47.7194079841683,201050,294197,295277,E811389,Matched,Block,,NE 125TH ST BETWEEN 15TH AVE NE AND 16TH AVE NE, ,,2,Injury Collision,Left Turn,3,1,0,2,1,0,2018-06-12 00:00:00+00,6/12/2018 6:40:00 PM,Driveway Junction,11,"MOTOR VEHICLE STRUCK MOTOR VEHICLE, FRONT END AT ANGLE",,False,Clear or Partly Cloudy,Dry,Daylight,,,,28.0,From opposite direction - one left turn - one straight,0,0,False,0
-122.324353985498,47.6101580937067,201051,295238,296338,3702688,Matched,Block,,MINOR AVE BETWEEN MADISON ST AND SPRING ST, ,,1,Property Damage Only Collision,Angles,5,0,0,2,0,0,2018-07-03 00:00:00+00,7/3/2018 5:24:00 PM,Mid-Block (not related to intersection),14,"MOTOR VEHICLE STRUCK MOTOR VEHICLE, REAR END",True,False,Clear or Partly Cloudy,Dry,Daylight,,,,10.0,Entering at angle,0,0,False,0
-122.279122595534,47.5152512529479,201052,294195,295273,E811299,Matched,Block,,M L KING JR WR WAY S BETWEEN MERTON WAY S AND S NORFOLK ST, ,,1,Property Damage Only Collision,Other,1,0,0,1,0,0,2018-06-18 00:00:00+00,6/18/2018 1:54:00 AM,Mid-Block (not related to intersection),26,MOTOR VEHICLE STRUCK OBJECT IN ROAD,,False,Clear or Partly Cloudy,Dry,Dark - Street Lights On,,,,50.0,Fixed object,0,0,False,0
-122.302298550772,47.6720690823134,201053,293339,294359,3694564,Matched,Block,,NE 60TH ST BETWEEN DEAD END 2 AND 24TH AVE NE, ,,1,Property Damage Only Collision,Parked Car,2,0,0,2,0,0,2018-06-24 00:00:00+00,6/24/2018 9:10:00 PM,Mid-Block (not related to intersection),14,"MOTOR VEHICLE STRUCK MOTOR VEHICLE, REAR END",,False,Clear or Partly Cloudy,Dry,Dark - Street Lights On,,,,32.0,One parked--one moving,0,0,True,0
-122.344569259483,47.6945465960368,201054,293338,294358,E809646,Matched,Block,,AURORA AVE N BETWEEN N 90TH ST AND N 91ST ST, ,,1,Property Damage Only Collision,Rear Ended,2,0,0,2,0,0,2018-05-26 00:00:00+00,5/26/2018 9:00:00 AM,Mid-Block (not related to intersection),14,"MOTOR VEHICLE STRUCK MOTOR VEHICLE, REAR END",,False,Clear or Partly Cloudy,Dry,Daylight,,,,13.0,From same direction - both going straight - both moving - rear-end,0,0,False,0
-122.352409320674,47.6156891374614,201055,293761,294801,E810316,Matched,Intersection,29682.0,CLAY ST AND WESTERN AVE, ,,1,Property Damage Only Collision,Left Turn,2,0,0,2,0,0,2018-06-09 00:00:00+00,6/9/2018 6:18:00 AM,At Intersection (intersection related),11,"MOTOR VEHICLE STRUCK MOTOR VEHICLE, FRONT END AT ANGLE",,False,Clear or Partly Cloudy,Dry,Daylight,,,,15.0,From same direction - one left turn - one straight,0,0,False,0
-122.290703944378,47.5386204095445,201056,293760,294800,3818866,Matched,Block,,S MYRTLE PL BETWEEN S MYRTLE ST AND 33RD AVE S, ,,2,Injury Collision,Rear Ended,2,0,0,2,1,0,2018-06-20 00:00:00+00,6/20/2018 10:22:00 AM,Mid-Block (not related to intersection),14,"MOTOR VEHICLE STRUCK MOTOR VEHICLE, REAR END",,False,Clear or Partly Cloudy,Dry,Daylight,,,,14.0,From same direction - both going straight - one stopped - rear-end,0,0,False,0
-122.311095256939,47.6874653311689,201057,293337,294357,3694563,Matched,Block,,16TH AVE NE BETWEEN NE 80TH ST AND LAKE CITY WAY NE, ,,1,Property Damage Only Collision,Parked Car,2,0,0,2,0,0,2018-06-23 00:00:00+00,6/23/2018 7:37:00 PM,Mid-Block (not related to intersection),11,"MOTOR VEHICLE STRUCK MOTOR VEHICLE, FRONT END AT ANGLE",,False,Unknown,Unknown,Unknown,,,,32.0,One parked--one moving,0,0,True,0
-122.293616377116,47.5724080770677,201058,293759,294799,3818865,Matched,Block,,RAINIER AVE S BETWEEN S WALDEN ST AND S ESTELLE ST, ,,2,Injury Collision,Sideswipe,3,0,0,2,1,0,2018-06-19 00:00:00+00,6/19/2018 9:35:00 AM,Mid-Block (not related to intersection),11,"MOTOR VEHICLE STRUCK MOTOR VEHICLE, FRONT END AT ANGLE",,False,Clear or Partly Cloudy,Dry,Daylight,,,,11.0,From same direction - both going straight - both moving - sideswipe,0,0,False,0
-122.338732428458,47.6122938738909,201059,295237,296337,3206768,Matched,Intersection,29565.0,4TH AVE AND STEWART ST, ,,1,Property Damage Only Collision,Left Turn,3,0,0,2,0,0,2018-06-29 00:00:00+00,6/29/2018 11:47:00 AM,At Intersection (intersection related),14,"MOTOR VEHICLE STRUCK MOTOR VEHICLE, REAR END",,False,Clear or Partly Cloudy,Dry,Daylight,,,,15.0,From same direction - one left turn - one straight,0,0,False,0
-122.33467152672,47.6063373543613,201060,292780,293760,E810232,Matched,Intersection,29950.0,3RD AVE AND SPRING ST, ,,2,Injury Collision,Angles,4,0,0,2,4,0,2018-06-13 00:00:00+00,6/13/2018 8:11:00 PM,At Intersection (intersection related),11,"MOTOR VEHICLE STRUCK MOTOR VEHICLE, FRONT END AT ANGLE",,False,Raining,Dry,Daylight,,,,10.0,Entering at angle,0,0,False,0
-122.321403487999,47.5742246450252,201062,292779,293759,E810066,Matched,Intersection,340329.0,AIRPORT WAY S AND S HORTON S ST, ,,2,Injury Collision,Angles,2,0,0,2,1,0,2018-06-20 00:00:00+00,6/20/2018 9:34:00 AM,At Intersection (intersection related),11,"MOTOR VEHICLE STRUCK MOTOR VEHICLE, FRONT END AT ANGLE",,False,Clear or Partly Cloudy,Dry,Daylight,,,,10.0,Entering at angle,0,0,False,0
-122.316121820605,47.5556298321184,201063,292778,293758,E810064,Matched,Intersection,33088.0,13TH AVE S AND S DAWSON ST, ,,1,Property Damage Only Collision,Angles,3,0,0,2,0,0,2018-06-20 00:00:00+00,6/20/2018 1:31:00 PM,At Intersection (intersection related),11,"MOTOR VEHICLE STRUCK MOTOR VEHICLE, FRONT END AT ANGLE",,False,Clear or Partly Cloudy,Dry,Daylight,,,,10.0,Entering at angle,0,0,False,0
-122.287587102391,47.5504994874173,201066,293745,294780,3818836,Matched,Block,,M L KING JR ER WAY S BETWEEN S ORCAS ST AND S JUNEAU ST, ,,1,Property Damage Only Collision,Sideswipe,4,0,0,4,0,0,2018-05-02 00:00:00+00,5/2/2018 11:01:00 AM,Mid-Block (not related to intersection),14,"MOTOR VEHICLE STRUCK MOTOR VEHICLE, REAR END",True,False,Clear or Partly Cloudy,Dry,Daylight,,,,11.0,From same direction - both going straight - both moving - sideswipe,0,0,False,0
-122.340993782959,47.6309903732842,201067,293744,294779,E810034,Matched,Block,,WESTLAKE AVE N BETWEEN HIGHLAND DR AND GALER S ST, ,,2,Injury Collision,Other,5,0,0,2,2,0,2018-06-20 00:00:00+00,6/20/2018 10:46:00 AM,Mid-Block (not related to intersection),11,"MOTOR VEHICLE STRUCK MOTOR VEHICLE, FRONT END AT ANGLE",,False,Clear or Partly Cloudy,Dry,Daylight,,,,23.0,From same direction - all others,0,0,False,0
-122.366184499729,47.6618257256132,201068,295217,296317,E813283,Matched,Block,,8TH AVE NW BETWEEN NW 45TH ST AND NW 46TH ST, ,,2b,Serious Injury Collision,Pedestrian,3,1,0,2,2,0,2018-06-21 00:00:00+00,6/21/2018 3:24:00 PM,Mid-Block (not related to intersection),11,"MOTOR VEHICLE STRUCK MOTOR VEHICLE, FRONT END AT ANGLE",True,False,Clear or Partly Cloudy,Dry,Daylight,,,,3.0,Vehicle backing hits pedestrian,0,0,False,2
-122.335781723739,47.6058726171615,201069,292759,293739,E810030,Matched,Intersection,29613.0,2ND AVE AND SPRING ST, ,,2,Injury Collision,Pedestrian,2,1,0,1,1,0,2018-06-12 00:00:00+00,6/12/2018 6:55:00 AM,At Intersection (intersection related),24,MOTOR VEHCILE STRUCK PEDESTRIAN,True,False,Clear or Partly Cloudy,Dry,Daylight,,,,0.0,Vehicle going straight hits pedestrian,0,520991,False,0
-122.333993043895,47.7086630662822,201070,292758,293738,E809905,Matched,Intersection,36584.0,MERIDIAN AVE N AND N NORTHGATE WAY, ,,1,Property Damage Only Collision,Other,1,0,0,1,0,0,2018-06-15 00:00:00+00,6/15/2018 12:29:00 PM,At Intersection (intersection related),28,MOTOR VEHICLE RAN OFF ROAD - HIT FIXED OBJECT,,False,Overcast,Dry,Daylight,,,,50.0,Fixed object,0,0,False,0
-122.323468242629,47.6368080929561,201072,295240,296340,3702691,Matched,Intersection,28318.0,BOYLSTON AVE E AND LAKEVIEW N BV E, ,,1,Property Damage Only Collision,Pedestrian,2,1,0,1,0,0,2018-07-04 00:00:00+00,7/4/2018 11:00:00 PM,At Intersection (intersection related),24,MOTOR VEHCILE STRUCK PEDESTRIAN,,True,Clear or Partly Cloudy,Dry,Dark - No Street Lights,,,,0.0,Vehicle going straight hits pedestrian,0,0,False,0
-122.366191048395,47.660481977576,201073,295198,296298,E813280,Matched,Intersection,26607.0,8TH AVE NW AND LEARY WAY NW, ,,2,Injury Collision,Rear Ended,7,0,0,2,4,0,2018-06-30 00:00:00+00,6/30/2018 2:46:00 PM,At Intersection (intersection related),14,"MOTOR VEHICLE STRUCK MOTOR VEHICLE, REAR END",,False,Overcast,Dry,Daylight,,,,14.0,From same direction - both going straight - one stopped - rear-end,0,0,False,0
-122.312089218266,47.5829775870179,201075,296802,297922,3818919,Matched,Intersection,31572.0,16TH AVE S AND S COLLEGE ST, ,,1,Property Damage Only Collision,Angles,2,0,0,2,0,0,2018-07-11 00:00:00+00,7/11/2018 10:11:00 AM,At Intersection (intersection related),11,"MOTOR VEHICLE STRUCK MOTOR VEHICLE, FRONT END AT ANGLE",True,False,Clear or Partly Cloudy,Dry,Daylight,,,,10.0,Entering at angle,0,0,False,0
-122.35909153197,47.6504269761224,201077,288715,289575,E799488,Matched,Intersection,26693.0,W BERTONA ST AND W NICKERSON ST, ,,1,Property Damage Only Collision,Rear Ended,3,0,0,2,0,0,2018-05-18 00:00:00+00,5/18/2018 4:16:00 PM,At Intersection (intersection related),14,"MOTOR VEHICLE STRUCK MOTOR VEHICLE, REAR END",,False,Clear or Partly Cloudy,Dry,Daylight,,,,14.0,From same direction - both going straight - one stopped - rear-end,0,0,False,0
-122.290459730679,47.5534527977398,201078,296801,297921,3814911,Matched,Intersection,33597.0,33RD AVE S AND S BRANDON ST, ,,2,Injury Collision,Angles,2,0,0,2,1,0,2018-07-11 00:00:00+00,7/11/2018 9:50:00 AM,At Intersection (intersection related),11,"MOTOR VEHICLE STRUCK MOTOR VEHICLE, FRONT END AT ANGLE",,False,Clear or Partly Cloudy,Dry,Daylight,,,,10.0,Entering at angle,0,0,False,0
-122.325139076793,47.6093379722992,201080,296799,297919,3814111,Matched,Intersection,29920.0,BOREN AVE AND MADISON ST, ,,1,Property Damage Only Collision,Angles,4,0,0,2,0,0,2018-07-14 00:00:00+00,7/14/2018 9:15:00 AM,At Intersection (intersection related),11,"MOTOR VEHICLE STRUCK MOTOR VEHICLE, FRONT END AT ANGLE",True,False,Clear or Partly Cloudy,Dry,Daylight,,,,10.0,Entering at angle,0,0,False,0
-122.38215657528,47.5574645612865,201083,288158,289018,E796222,Matched,Block,,SW HUDSON ST BETWEEN FAUNTLEROY WAY SW AND 40TH AVE SW, ,,1,Property Damage Only Collision,Parked Car,2,0,0,2,0,0,2018-05-09 00:00:00+00,5/9/2018 11:44:00 AM,Mid-Block (not related to intersection),15,"MOTOR VEHICLE STRUCK MOTOR VEHICLE, RIGHT SIDE SIDESWIPE",True,False,Clear or Partly Cloudy,Dry,Daylight,,,,32.0,One parked--one moving,0,0,True,0
-122.321004404629,47.5533510236943,201084,296798,297918,3814108,Matched,Intersection,33100.0,AIRPORT WAY S AND S LUCILE ST, ,,2b,Serious Injury Collision,Pedestrian,2,0,1,1,1,0,2018-07-09 00:00:00+00,7/9/2018 2:00:00 PM,At Intersection (intersection related),18,"MOTOR VEHICLE STRUCK PEDALCYCLIST, FRONT END AT ANGLE",,False,Clear or Partly Cloudy,Dry,Daylight,,,,5.0,Vehicle Strikes Pedalcyclist,0,522738,False,1
-122.323641157932,47.6060183966882,201085,296797,297917,3814085,Matched,Intersection,29815.0,JAMES ST AND TERRY AVE, ,,1,Property Damage Only Collision,Angles,2,0,0,2,0,0,2018-07-12 00:00:00+00,7/12/2018 4:25:00 PM,At Intersection (intersection related),11,"MOTOR VEHICLE STRUCK MOTOR VEHICLE, FRONT END AT ANGLE",,False,Clear or Partly Cloudy,Dry,Daylight,,,,10.0,Entering at angle,0,0,False,0
-122.314165334497,47.6061919639057,201087,296785,297905,3814083,Matched,Intersection,29805.0,14TH AVE AND E JEFFERSON ST, ,,2,Injury Collision,Angles,2,0,0,2,1,0,2018-07-11 00:00:00+00,7/11/2018 4:13:00 PM,At Intersection (intersection related),11,"MOTOR VEHICLE STRUCK MOTOR VEHICLE, FRONT END AT ANGLE",,False,Clear or Partly Cloudy,Dry,Daylight,,,,10.0,Entering at angle,0,0,False,0
-122.31782315609,47.601695163537,201089,288713,289573,E799269,Matched,Intersection,30411.0,BOREN AVE AND E YESLER WAY, ,,2,Injury Collision,Pedestrian,2,1,0,1,1,0,2018-05-18 00:00:00+00,5/18/2018 12:41:00 PM,At Intersection (intersection related),24,MOTOR VEHCILE STRUCK PEDESTRIAN,,False,Clear or Partly Cloudy,Dry,Daylight,True,,,1.0,Vehicle turning right hits pedestrian,0,0,False,0
-122.31678113298,47.6043603849107,201090,296784,297904,3814082,Matched,Intersection,29826.0,12TH AVE AND E ALDER ST, ,,2,Injury Collision,Pedestrian,2,0,1,1,1,0,2018-07-10 00:00:00+00,7/10/2018 5:35:00 PM,At Intersection (intersection related),18,"MOTOR VEHICLE STRUCK PEDALCYCLIST, FRONT END AT ANGLE",,False,Clear or Partly Cloudy,Dry,Daylight,True,,,5.0,Vehicle Strikes Pedalcyclist,0,10590,False,0
-122.334199284487,47.582938394777,201092,288157,289017,E796221,Matched,Block,,1ST AVE S BETWEEN S WALKER ST AND S STACY ST, ,,1,Property Damage Only Collision,Parked Car,2,0,0,2,0,0,2018-05-09 00:00:00+00,5/9/2018 10:40:00 AM,Mid-Block (not related to intersection),16,"MOTOR VEHICLE STRUCK MOTOR VEHICLE, LEFT SIDE SIDESWIPE",,False,Clear or Partly Cloudy,Dry,Daylight,,,,32.0,One parked--one moving,0,0,False,0
-122.349248544236,47.6530436735176,201094,296137,297257,E814845,Matched,Block,,FREMONT LN N BETWEEN N 38TH ST AND FREMONT WAY N, ,,1,Property Damage Only Collision,Angles,2,0,0,2,0,0,2018-06-25 00:00:00+00,6/25/2018 11:47:00 AM,Mid-Block (not related to intersection),11,"MOTOR VEHICLE STRUCK MOTOR VEHICLE, FRONT END AT ANGLE",True,False,Clear or Partly Cloudy,Dry,Daylight,,,,10.0,Entering at angle,0,0,False,0
-122.320702903796,47.664957731244,201095,296118,297238,E814844,Matched,Intersection,25786.0,7TH AVE NE AND NE 50TH ST, ,,1,Property Damage Only Collision,Angles,3,0,0,2,0,0,2018-07-05 00:00:00+00,7/5/2018 2:48:00 PM,At Intersection (intersection related),11,"MOTOR VEHICLE STRUCK MOTOR VEHICLE, FRONT END AT ANGLE",,False,Clear or Partly Cloudy,Dry,Daylight,,,,10.0,Entering at angle,0,0,False,0
-122.314923874993,47.5255920666303,201097,297726,298846,3810580,Matched,Intersection,35101.0,14TH AVE S AND S DONOVAN ST, ,,2,Injury Collision,Rear Ended,3,0,0,3,2,0,2018-07-17 00:00:00+00,7/17/2018 3:49:00 PM,At Intersection (intersection related),14,"MOTOR VEHICLE STRUCK MOTOR VEHICLE, REAR END",,False,Clear or Partly Cloudy,Dry,Daylight,,,,13.0,From same direction - both going straight - both moving - rear-end,0,0,False,0
-122.34451890084,47.6650040587091,201098,296117,297237,E814598,Matched,Intersection,25534.0,WOODLAND PARK AVE N AND N 50TH ST, ,,2,Injury Collision,Angles,5,0,0,2,2,0,2018-06-27 00:00:00+00,6/27/2018 8:53:00 PM,At Intersection (intersection related),11,"MOTOR VEHICLE STRUCK MOTOR VEHICLE, FRONT END AT ANGLE",,True,Clear or Partly Cloudy,Dry,Daylight,,,,10.0,Entering at angle,0,0,False,0
-122.347576805217,47.6239007380818,201099,297725,298845,E817522,Matched,Block,,5TH AVE N BETWEEN REPUBLICAN ST AND MERCER ST, ,,1,Property Damage Only Collision,Parked Car,2,0,0,2,0,0,2018-07-05 00:00:00+00,7/5/2018 12:01:00 PM,Driveway Junction,11,"MOTOR VEHICLE STRUCK MOTOR VEHICLE, FRONT END AT ANGLE",,False,Clear or Partly Cloudy,Dry,Daylight,,,,32.0,One parked--one moving,0,0,False,0
-122.366138424326,47.6577602459049,201100,288142,289002,E796218,Matched,Block,,NW 42ND ST BETWEEN 7TH AVE NW AND 9TH AVE NW, ,,1,Property Damage Only Collision,Parked Car,2,0,0,2,0,0,2018-05-03 00:00:00+00,5/3/2018 8:53:00 AM,Mid-Block (but intersection related),14,"MOTOR VEHICLE STRUCK MOTOR VEHICLE, REAR END",True,False,Clear or Partly Cloudy,Dry,Daylight,,,,32.0,One parked--one moving,0,0,True,0