longitude,latitude,objectid,inckey,coldetkey,reportno,status,addrtype,intkey,location,exceptrsncode,exceptrsndesc,severitycode,severitydesc,collisiontype,personcount,pedcount,pedcylcount,vehcount,injuries,fatalities,incdate,incdttm,junctiontype,sdot_colcode,sdot_coldesc,inattentionind,underinfl,weather,roadcond,lightcond,pedrownotgrnt,sdotcolnum,speeding,st_colcode,st_coldesc,seglanekey,crosswalkkey,hitparkedcar,seriousinjuries
-122.387198841395,47.5463598125307,201102,297724,298844,3810579,Matched,Block,,CALIFORNIA AVE SW BETWEEN SW GRAHAM ST AND SW EDDY ST, ,,1,Property Damage Only Collision,Other,1,0,0,1,0,0,2018-07-17 00:00:00+00,7/17/2018 12:01:00 PM,Mid-Block (not related to intersection),28,MOTOR VEHICLE RAN OFF ROAD - HIT FIXED OBJECT,,False,Clear or Partly Cloudy,Dry,Daylight,,,,50.0,Fixed object,0,0,False,0
-122.330162459613,47.6613691315862,201103,288714,289574,E799301,Matched,Intersection,27185.0,SUNNYSIDE AVE N AND N 45TH ST, ,,1,Property Damage Only Collision,Angles,2,0,0,2,0,0,2018-05-16 00:00:00+00,5/16/2018 8:23:00 PM,At Intersection (intersection related),11,"MOTOR VEHICLE STRUCK MOTOR VEHICLE, FRONT END AT ANGLE",,False,Clear or Partly Cloudy,Dry,Dusk,,,,10.0,Entering at angle,0,0,False,0
-122.320252243055,47.6867597559811,201104,296079,297199,E814611,Matched,Intersection,24393.0,8TH AVE NE AND NE 80TH ST, ,,2,Injury Collision,Cycles,3,0,1,1,1,0,2018-07-04 00:00:00+00,7/4/2018 12:14:00 PM,At Intersection (intersection related),18,"MOTOR VEHICLE STRUCK PEDALCYCLIST, FRONT END AT ANGLE",,False,Clear or Partly Cloudy,Dry,Daylight,,,,6.0,Pedalcyclist Strikes Moving Vehicle,0,0,False,0
-122.376219191536,47.6657045126369,201105,296078,297198,E814609,Matched,Intersection,25438.0,15TH AVE NW AND NW 51ST ST, ,,2,Injury Collision,Left Turn,2,0,0,2,1,0,2018-07-04 00:00:00+00,7/4/2018 9:47:00 AM,At Intersection (intersection related),11,"MOTOR VEHICLE STRUCK MOTOR VEHICLE, FRONT END AT ANGLE",,False,Clear or Partly Cloudy,Dry,Daylight,,,,28.0,From opposite direction - one left turn - one straight,0,0,False,0
-122.329620737724,47.5438903536443,201106,297723,298843,E817757,Matched,Intersection,34236.0,4TH AVE S AND EAST MARGINAL WAY S, ,,1,Property Damage Only Collision,Angles,5,0,0,2,0,0,2018-07-15 00:00:00+00,7/15/2018 3:49:00 PM,At Intersection (intersection related),11,"MOTOR VEHICLE STRUCK MOTOR VEHICLE, FRONT END AT ANGLE",,False,Clear or Partly Cloudy,Dry,Daylight,,,,10.0,Entering at angle,0,0,False,0
-122.387538454159,47.6786007046206,201107,296077,297197,E814608,Matched,Block,,24TH AVE NW BETWEEN NW 67TH ST AND NW 70TH ST, ,,1,Property Damage Only Collision,Parked Car,2,0,0,2,0,0,2018-06-30 00:00:00+00,6/30/2018 4:00:00 PM,Mid-Block (not related to intersection),11,"MOTOR VEHICLE STRUCK MOTOR VEHICLE, FRONT END AT ANGLE",,False,Unknown,Unknown,Unknown,,,,32.0,One parked--one moving,0,0,True,0
-122.329822432775,47.6144572420572,201108,296837,297957,E816655,Matched,Intersection,29872.0,BOREN AVE AND PINE ST, ,,2,Injury Collision,Cycles,3,0,1,1,1,0,2018-07-06 00:00:00+00,7/6/2018 3:49:00 PM,At Intersection (intersection related),18,"MOTOR VEHICLE STRUCK PEDALCYCLIST, FRONT END AT ANGLE",,False,Clear or Partly Cloudy,Dry,Daylight,,,,6.0,Pedalcyclist Strikes Moving Vehicle,0,0,False,0
-122.290273356709,47.6757834922088,201111,296057,297177,E814607,Matched,Intersection,24971.0,35TH AVE NE AND NE 65TH ST, ,,2,Injury Collision,Angles,3,0,0,2,1,0,2018-07-01 00:00:00+00,7/1/2018 3:15:00 PM,At Intersection (intersection related),11,"MOTOR VEHICLE STRUCK MOTOR VEHICLE, FRONT END AT ANGLE",,False,Clear or Partly Cloudy,Dry,Daylight,,,,10.0,Entering at angle,0,0,False,0
-122.330493841715,47.6051261515069,201112,296037,297157,E814606,Matched,Intersection,29965.0,5TH AVE AND COLUMBIA ST, ,,1,Property Damage Only Collision,Rear Ended,2,0,0,2,0,0,2018-07-03 00:00:00+00,7/3/2018 9:07:00 AM,At Intersection (intersection related),14,"MOTOR VEHICLE STRUCK MOTOR VEHICLE, REAR END",,False,Clear or Partly Cloudy,Dry,Daylight,,,,14.0,From same direction - both going straight - one stopped - rear-end,0,0,False,0
-122.297513277124,47.6612214901898,201113,295241,296341,3705746,Matched,Block,,NE 45TH ST BETWEEN MONTLAKE BLVD NE AND U VILLAGE DR, ,,1,Property Damage Only Collision,Other,3,0,0,2,0,0,2018-07-02 00:00:00+00,7/2/2018 7:54:00 PM,Mid-Block (not related to intersection),11,"MOTOR VEHICLE STRUCK MOTOR VEHICLE, FRONT END AT ANGLE",,False,Clear or Partly Cloudy,Dry,Daylight,,,,23.0,From same direction - all others,0,0,False,0
-122.344521920979,47.6905625868908,201115,288711,289571,E799267,Matched,Intersection,37367.0,AURORA AVE N AND N 85TH ST, ,,1,Property Damage Only Collision,Rear Ended,2,0,0,2,0,0,2018-05-17 00:00:00+00,5/17/2018 2:28:00 PM,At Intersection (but not related to intersection),14,"MOTOR VEHICLE STRUCK MOTOR VEHICLE, REAR END",True,False,Clear or Partly Cloudy,Dry,Daylight,,,,14.0,From same direction - both going straight - one stopped - rear-end,0,0,False,0
-122.330582908595,47.6650173983352,201116,290965,291845,E804113,Matched,Intersection,25873.0,SUNNYSIDE AVE N AND N 50TH ST, ,,1,Property Damage Only Collision,Rear Ended,4,0,0,2,0,0,2018-05-27 00:00:00+00,5/27/2018 10:26:00 AM,At Intersection (intersection related),14,"MOTOR VEHICLE STRUCK MOTOR VEHICLE, REAR END",True,False,Clear or Partly Cloudy,Dry,Daylight,,,,14.0,From same direction - both going straight - one stopped - rear-end,0,0,False,0
-122.328307090335,47.6850453358493,201117,289795,290655,E802109,Matched,Intersection,24543.0,1ST AVE NE AND NE 77TH ST, ,,1,Property Damage Only Collision,Angles,3,0,0,2,0,0,2018-05-27 00:00:00+00,5/27/2018 2:52:00 PM,At Intersection (intersection related),11,"MOTOR VEHICLE STRUCK MOTOR VEHICLE, FRONT END AT ANGLE",,False,Clear or Partly Cloudy,Dry,Daylight,,,,10.0,Entering at angle,0,0,False,0
-122.342371585878,47.6220557452642,201118,289798,290658,E803452,Matched,Intersection,28783.0,DEXTER AVE N AND HARRISON ST, ,,2b,Serious Injury Collision,Left Turn,2,0,0,2,1,0,2018-05-30 00:00:00+00,5/30/2018 4:16:00 PM,At Intersection (intersection related),11,"MOTOR VEHICLE STRUCK MOTOR VEHICLE, FRONT END AT ANGLE",,False,Clear or Partly Cloudy,Dry,Daylight,,,,28.0,From opposite direction - one left turn - one straight,0,0,False,1
-122.305549931086,47.5845165337329,201189,292230,293170,3818852,Matched,Intersection,31560.0,21ST AVE S AND S HILL ST, ,,1,Property Damage Only Collision,Angles,2,0,0,2,0,0,2018-06-15 00:00:00+00,6/15/2018 12:44:00 PM,At Intersection (intersection related),11,"MOTOR VEHICLE STRUCK MOTOR VEHICLE, FRONT END AT ANGLE",,False,Clear or Partly Cloudy,Dry,Daylight,,,,10.0,Entering at angle,0,0,False,0
-122.291910997627,47.6016464902476,201119,290445,291325,3707533,Matched,Block,,E YESLER WAY BETWEEN 31ST AVE AND 32ND AVE, ,,1,Property Damage Only Collision,Rear Ended,2,0,0,2,0,0,2018-06-02 00:00:00+00,6/2/2018 6:48:00 PM,Mid-Block (not related to intersection),14,"MOTOR VEHICLE STRUCK MOTOR VEHICLE, REAR END",True,False,Clear or Partly Cloudy,Dry,Daylight,,,,14.0,From same direction - both going straight - one stopped - rear-end,0,0,False,0
-122.347318860632,47.6642964478538,201120,289794,290654,E801915,Matched,Intersection,25651.0,AURORA AVE N AND N 49TH ST, ,,1,Property Damage Only Collision,Angles,3,0,0,2,0,0,2018-05-21 00:00:00+00,5/21/2018 4:42:00 PM,At Intersection (intersection related),11,"MOTOR VEHICLE STRUCK MOTOR VEHICLE, FRONT END AT ANGLE",,False,Clear or Partly Cloudy,Dry,Daylight,,,,10.0,Entering at angle,0,0,False,0
-122.3290487435,47.5923943831953,201121,289793,290653,E801903,Matched,Intersection,30553.0,4TH AVE S AND S ROYAL BROUGHAM WAY, ,,1,Property Damage Only Collision,Angles,2,0,0,2,0,0,2018-05-21 00:00:00+00,5/21/2018 1:55:00 PM,At Intersection (intersection related),11,"MOTOR VEHICLE STRUCK MOTOR VEHICLE, FRONT END AT ANGLE",True,False,Clear or Partly Cloudy,Dry,Daylight,,,,10.0,Entering at angle,0,0,False,0
-122.312090789497,47.6575590978518,201122,290997,291877,E804741,Matched,Block,,15TH AVE NE BETWEEN NE 41ST ST AND NE 42ND ST,NEI,"Not Enough Information, or Insufficient Location Information",1,Property Damage Only Collision,Parked Car,2,0,0,2,0,0,2018-05-31 00:00:00+00,5/31/2018,,0,NOT ENOUGH INFORMATION / NOT APPLICABLE,,False,Unknown,Unknown,Unknown,,,,32.0,One parked--one moving,0,0,True,0
-122.306260758745,47.5455760539625,201123,291447,292347,3818826,Matched,Block,,SWIFT AVE S BETWEEN SWIFT AV OFF RP AND S EDDY ST, ,,1,Property Damage Only Collision,Rear Ended,2,0,0,2,0,0,2018-06-09 00:00:00+00,6/9/2018 2:13:00 PM,Mid-Block (but intersection related),14,"MOTOR VEHICLE STRUCK MOTOR VEHICLE, REAR END",True,False,Clear or Partly Cloudy,Dry,Daylight,,,,14.0,From same direction - both going straight - one stopped - rear-end,0,0,False,0
-122.280791808065,47.5318535855078,201124,291444,292344,3814832,Matched,Block,,M L KING JR WR WAY S BETWEEN S BOZEMAN ST AND S KENYON ST, ,,1,Property Damage Only Collision,Other,1,0,0,1,0,0,2018-06-08 00:00:00+00,6/8/2018 1:49:00 AM,Mid-Block (not related to intersection),28,MOTOR VEHICLE RAN OFF ROAD - HIT FIXED OBJECT,,False,Clear or Partly Cloudy,Dry,Dark - Street Lights On,,,,50.0,Fixed object,0,0,False,0
-122.292911899039,47.5608011781276,201125,290448,291328,E804248,Matched,Block,,S ALASKA ST BETWEEN M L KING JR ER WAY S AND 31ST AVE S, ,,1,Property Damage Only Collision,Sideswipe,3,0,0,3,0,0,2018-05-30 00:00:00+00,5/30/2018 3:51:00 PM,Mid-Block (but intersection related),11,"MOTOR VEHICLE STRUCK MOTOR VEHICLE, FRONT END AT ANGLE",,False,Clear or Partly Cloudy,Dry,Daylight,,,,11.0,From same direction - both going straight - both moving - sideswipe,0,0,False,0
-122.330952062736,47.6039484404794,201126,289792,290652,E801902,Matched,Intersection,29971.0,4TH AVE AND CHERRY ST, ,,1,Property Damage Only Collision,Angles,2,0,0,2,0,0,2018-05-20 00:00:00+00,5/20/2018 2:42:00 PM,At Intersection (intersection related),11,"MOTOR VEHICLE STRUCK MOTOR VEHICLE, FRONT END AT ANGLE",True,False,Clear or Partly Cloudy,Dry,Daylight,,,,10.0,Entering at angle,0,0,False,0
-122.293460520825,47.5521136057419,201127,290443,291323,E804247,Matched,Block,,WINSTON AVE S BETWEEN S LUCILE ST AND DEAD END,NEI,"Not Enough Information, or Insufficient Location Information",1,Property Damage Only Collision,Parked Car,2,0,0,2,0,0,2018-05-27 00:00:00+00,5/27/2018,Mid-Block (not related to intersection),13,"MOTOR VEHICLE STRUCK MOTOR VEHICLE, LEFT SIDE AT ANGLE",,False,Unknown,Unknown,Unknown,,,,32.0,One parked--one moving,0,0,True,0
-122.329142039773,47.6208238760704,201128,289791,290651,E801898,Matched,Intersection,29146.0,EASTLAKE AVE E AND THOMAS ST, ,,2,Injury Collision,Rear Ended,4,0,0,2,2,0,2018-05-24 00:00:00+00,5/24/2018 2:14:00 PM,At Intersection (intersection related),11,"MOTOR VEHICLE STRUCK MOTOR VEHICLE, FRONT END AT ANGLE",,False,Clear or Partly Cloudy,Dry,Daylight,,,,13.0,From same direction - both going straight - both moving - rear-end,0,0,False,0
-122.31678189326,47.6016933678319,201129,289286,290146,3702543,Matched,Intersection,30410.0,12TH AVE AND E YESLER WAY, ,,2,Injury Collision,Cycles,2,0,1,1,1,0,2018-05-25 00:00:00+00,5/25/2018 7:10:00 PM,At Intersection (intersection related),51,PEDALCYCLIST STRUCK MOTOR VEHICLE FRONT END AT ANGLE,,False,Clear or Partly Cloudy,Dry,Dusk,,,,6.0,Pedalcyclist Strikes Moving Vehicle,42680,0,False,0
-122.325814490999,47.701344341594,201130,289797,290657,E803349,Matched,Intersection,37561.0,3RD AVE NE AND NE 100TH ST, ,,2,Injury Collision,Angles,2,0,0,2,2,0,2018-05-18 00:00:00+00,5/18/2018 9:40:00 AM,At Intersection (intersection related),11,"MOTOR VEHICLE STRUCK MOTOR VEHICLE, FRONT END AT ANGLE",,False,Overcast,Dry,Daylight,,,,10.0,Entering at angle,0,0,False,0
-122.312877364876,47.6016863591388,201131,289285,290145,3702542,Matched,Intersection,30407.0,15TH AVE AND E YESLER WAY, ,,1,Property Damage Only Collision,Angles,2,0,0,2,0,0,2018-05-25 00:00:00+00,5/25/2018 4:21:00 PM,At Intersection (intersection related),11,"MOTOR VEHICLE STRUCK MOTOR VEHICLE, FRONT END AT ANGLE",,False,Clear or Partly Cloudy,Dry,Daylight,,,,10.0,Entering at angle,0,0,False,0
-122.299222710043,47.5427095680268,201132,291451,292351,3581275,Matched,Intersection,167606.0,BEACON ER AVE S AND S HOLLY ST, ,,1,Property Damage Only Collision,Angles,3,0,0,2,0,0,2018-06-09 00:00:00+00,6/9/2018 8:52:00 AM,At Intersection (intersection related),11,"MOTOR VEHICLE STRUCK MOTOR VEHICLE, FRONT END AT ANGLE",,False,Overcast,Dry,Daylight,,,,10.0,Entering at angle,0,0,False,0
-122.280787810501,47.539740681187,201133,291443,292343,3814831,Matched,Block,,42ND AVE S BETWEEN S WILLOW ST AND S MYRTLE N ST, ,,1,Property Damage Only Collision,Other,2,0,0,2,0,0,2018-06-07 00:00:00+00,6/7/2018 8:45:00 PM,Mid-Block (not related to intersection),28,MOTOR VEHICLE RAN OFF ROAD - HIT FIXED OBJECT,,False,Clear or Partly Cloudy,Dry,Dusk,,,,50.0,Fixed object,0,0,False,0
-122.393364711511,47.6609213297722,201134,291445,292345,3818360,Matched,Block,,GILMAN AVE W BETWEEN 28TH AVE W AND 28TH PL W, ,,1,Property Damage Only Collision,Parked Car,2,0,0,2,0,0,2018-06-10 00:00:00+00,6/10/2018 12:11:00 AM,Mid-Block (not related to intersection),26,MOTOR VEHICLE STRUCK OBJECT IN ROAD,True,False,Raining,Wet,Dark - No Street Lights,,,,32.0,One parked--one moving,0,0,False,0
-122.353764904218,47.6382632438826,201136,290966,291846,E804586,Matched,Block,,BOSTON ST BETWEEN WARREN AVE N AND 2ND AVE N,NEI,"Not Enough Information, or Insufficient Location Information",1,Property Damage Only Collision,Parked Car,2,0,0,2,0,0,2018-05-29 00:00:00+00,5/29/2018 11:20:00 AM,,0,NOT ENOUGH INFORMATION / NOT APPLICABLE,,False,Clear or Partly Cloudy,Dry,Daylight,,,,32.0,One parked--one moving,0,0,True,0
-122.325065332285,47.5966743469845,201137,289284,290144,3812072,Matched,Intersection,30536.0,MAYNARD AVE S AND S LANE ST, ,,1,Property Damage Only Collision,Pedestrian,2,1,0,1,0,0,2018-05-25 00:00:00+00,5/25/2018 1:53:00 PM,At Intersection (intersection related),24,MOTOR VEHCILE STRUCK PEDESTRIAN,,False,Clear or Partly Cloudy,Dry,Daylight,,,,1.0,Vehicle turning right hits pedestrian,0,525042,False,0
-122.320836946456,47.6594626088855,201170,292783,293763,3751254,Matched,Intersection,27082.0,7TH AVE NE AND NE 43RD ST, ,,1,Property Damage Only Collision,Angles,3,0,0,2,0,0,2018-06-20 00:00:00+00,6/20/2018 7:07:00 AM,At Intersection (intersection related),11,"MOTOR VEHICLE STRUCK MOTOR VEHICLE, FRONT END AT ANGLE",,False,Clear or Partly Cloudy,Dry,Daylight,,,,10.0,Entering at angle,0,0,False,0
-122.325464296215,47.6096937289489,201138,290441,291321,E803827,Matched,Block,,BOREN AVE BETWEEN MADISON ST AND SPRING ST, ,,1,Property Damage Only Collision,Left Turn,2,0,0,2,0,0,2018-05-29 00:00:00+00,5/29/2018 2:50:00 AM,Mid-Block (not related to intersection),11,"MOTOR VEHICLE STRUCK MOTOR VEHICLE, FRONT END AT ANGLE",,False,Clear or Partly Cloudy,Dry,Dark - Street Lights On,,,,28.0,From opposite direction - one left turn - one straight,0,0,False,0
-122.301612968065,47.6322785533099,201139,289283,290143,3329442,Matched,Intersection,29193.0,24TH AVE E AND E GALER ST, ,,1,Property Damage Only Collision,Left Turn,2,0,0,2,0,0,2018-05-24 00:00:00+00,5/24/2018 9:14:00 PM,At Intersection (intersection related),11,"MOTOR VEHICLE STRUCK MOTOR VEHICLE, FRONT END AT ANGLE",,False,Clear or Partly Cloudy,Dry,Dark - Street Lights On,,,,28.0,From opposite direction - one left turn - one straight,0,0,False,0
-122.27014935791,47.5055897214688,201140,291448,292348,3818827,Matched,Block,,51ST AVE S BETWEEN S BANGOR ST AND S 109TH ST, ,,1,Property Damage Only Collision,Rear Ended,2,0,0,2,0,0,2018-06-09 00:00:00+00,6/9/2018 9:06:00 PM,Mid-Block (not related to intersection),14,"MOTOR VEHICLE STRUCK MOTOR VEHICLE, REAR END",,False,Raining,Wet,Dark - Street Lights On,,,,14.0,From same direction - both going straight - one stopped - rear-end,0,0,False,0
-122.318206169115,47.6181735681713,201141,289282,290142,E801063,Matched,Block,,11TH AVE BETWEEN E HOWELL ST AND E DENNY WAY, ,,1,Property Damage Only Collision,Parked Car,2,0,0,2,0,0,2018-04-21 00:00:00+00,4/21/2018 8:07:00 PM,Mid-Block (not related to intersection),11,"MOTOR VEHICLE STRUCK MOTOR VEHICLE, FRONT END AT ANGLE",,False,Clear or Partly Cloudy,Dry,Daylight,,,,32.0,One parked--one moving,0,0,True,0
-122.340872589752,47.6064058203272,201142,290998,291878,E804799,Matched,Block,,ALASKAN WAY BETWEEN UNIVERSITY ST AND UNION ST, ,,1,Property Damage Only Collision,Sideswipe,2,0,0,2,0,0,2018-05-31 00:00:00+00,5/31/2018 8:08:00 AM,Mid-Block (not related to intersection),11,"MOTOR VEHICLE STRUCK MOTOR VEHICLE, FRONT END AT ANGLE",True,False,Overcast,Dry,Daylight,,,,11.0,From same direction - both going straight - both moving - sideswipe,0,0,False,0
-122.26998628773,47.5285242142834,201143,291002,291882,E798253,Matched,Block,,RAINIER AVE S BETWEEN S ROSE S ST AND S THISTLE ST, ,,1,Property Damage Only Collision,Parked Car,3,0,0,2,0,0,2018-03-08 00:00:00+00,3/8/2018 7:13:00 PM,Mid-Block (not related to intersection),11,"MOTOR VEHICLE STRUCK MOTOR VEHICLE, FRONT END AT ANGLE",,False,Raining,Wet,Dark - No Street Lights,,,,32.0,One parked--one moving,0,0,False,0
-122.38958336526,47.6446153619175,201162,293768,294808,E810285,Matched,Block,,W ARMOUR ST BETWEEN 25TH AVE W AND 26TH AVE W, ,,1,Property Damage Only Collision,Parked Car,2,0,0,2,0,0,2018-06-19 00:00:00+00,6/19/2018 9:08:00 PM,Mid-Block (not related to intersection),11,"MOTOR VEHICLE STRUCK MOTOR VEHICLE, FRONT END AT ANGLE",,False,Clear or Partly Cloudy,Dry,Dark - No Street Lights,,,,32.0,One parked--one moving,0,0,True,0
-122.313865008099,47.6553607022164,201144,290962,291842,E797598,Matched,Block,,NE 40TH ST BETWEEN BROOKLYN AVE NE AND UNIVERSITY WAY NE,NEI,"Not Enough Information, or Insufficient Location Information",1,Property Damage Only Collision,Parked Car,2,0,0,2,0,0,2018-05-07 00:00:00+00,5/7/2018 7:00:00 PM,Mid-Block (not related to intersection),0,NOT ENOUGH INFORMATION / NOT APPLICABLE,,False,Unknown,Dry,Unknown,,,,32.0,One parked--one moving,0,0,False,0
-122.325693612639,47.629579522741,201145,289281,290141,E801074,Matched,Block,,LAKEVIEW BLVD E BETWEEN BELMONT AVE E AND E HIGHLAND DR, ,,1,Property Damage Only Collision,Rear Ended,2,0,0,2,0,0,2018-05-20 00:00:00+00,5/20/2018 6:42:00 PM,Mid-Block (not related to intersection),14,"MOTOR VEHICLE STRUCK MOTOR VEHICLE, REAR END",,False,Clear or Partly Cloudy,Dry,Dusk,,,,13.0,From same direction - both going straight - both moving - rear-end,0,0,False,0
-122.3290487435,47.5923943831953,201146,289796,290656,E802848,Matched,Intersection,30553.0,4TH AVE S AND S ROYAL BROUGHAM WAY, ,,2,Injury Collision,Right Turn,6,0,0,2,2,0,2018-05-26 00:00:00+00,5/26/2018 12:05:00 PM,At Intersection (intersection related),11,"MOTOR VEHICLE STRUCK MOTOR VEHICLE, FRONT END AT ANGLE",,False,Clear or Partly Cloudy,Dry,Daylight,,,,16.0,From same direction - one right turn - one straight,0,0,False,0
-122.333756830497,47.6086925967336,201147,289280,290140,3732770,Matched,Intersection,29930.0,5TH AVE AND UNIVERSITY ST, ,,1,Property Damage Only Collision,Left Turn,2,0,0,2,0,0,2018-05-24 00:00:00+00,5/24/2018 7:59:00 PM,At Intersection (intersection related),11,"MOTOR VEHICLE STRUCK MOTOR VEHICLE, FRONT END AT ANGLE",,False,Clear or Partly Cloudy,Dry,Daylight,,,,15.0,From same direction - one left turn - one straight,0,0,False,0
-122.303535852901,47.5559157228803,201149,289279,290139,3814862,Matched,Intersection,33334.0,BEACON WR AVE S AND S DAWSON ST, ,,1,Property Damage Only Collision,Angles,4,0,0,2,0,0,2018-05-24 00:00:00+00,5/24/2018 7:44:00 AM,At Intersection (intersection related),11,"MOTOR VEHICLE STRUCK MOTOR VEHICLE, FRONT END AT ANGLE",,False,Overcast,Dry,Daylight,,,,10.0,Entering at angle,0,0,False,0
-122.334254881489,47.6185172883102,201150,288720,289580,E799546,Matched,Intersection,29504.0,DENNY WAY AND FAIRVIEW AVE, ,,1,Property Damage Only Collision,Sideswipe,6,0,0,2,0,0,2018-05-19 00:00:00+00,5/19/2018 4:00:00 PM,At Intersection (intersection related),14,"MOTOR VEHICLE STRUCK MOTOR VEHICLE, REAR END",,False,Clear or Partly Cloudy,Dry,Daylight,,,,11.0,From same direction - both going straight - both moving - sideswipe,0,0,False,0
-122.329051387791,47.5882270071216,201151,290977,291857,E804589,Matched,Intersection,31341.0,4TH AVE S AND S MASSACHUSETTS ST,NEI,"Not Enough Information, or Insufficient Location Information",1,Property Damage Only Collision,Parked Car,2,0,0,2,0,0,2018-06-04 00:00:00+00,6/4/2018 10:30:00 AM,At Intersection (intersection related),0,NOT ENOUGH INFORMATION / NOT APPLICABLE,,False,Clear or Partly Cloudy,Dry,Daylight,,,,32.0,One parked--one moving,0,0,True,0
-122.344365298596,47.6150357237219,201562,291488,292388,3784691,Matched,Block,,BELL ST BETWEEN 3RD AVE AND 4TH AVE, ,,1,Property Damage Only Collision,Other,1,0,0,1,0,0,2018-06-08 00:00:00+00,6/8/2018 8:56:00 PM,,0,NOT ENOUGH INFORMATION / NOT APPLICABLE,,True,Raining,Wet,Dusk,,,,51.0,Other object,0,0,False,0
-122.318669199077,47.5510169497564,201152,291446,292346,3818692,Matched,Block,,AIRPORT WAY S BETWEEN S CARSTENS PL AND S HOMER ST, ,,1,Property Damage Only Collision,Sideswipe,3,0,0,2,0,0,2018-03-05 00:00:00+00,3/5/2018 2:34:00 PM,Mid-Block (not related to intersection),11,"MOTOR VEHICLE STRUCK MOTOR VEHICLE, FRONT END AT ANGLE",,False,Clear or Partly Cloudy,Dry,Daylight,,,,11.0,From same direction - both going straight - both moving - sideswipe,0,0,False,0
-122.341865545305,47.7341309469924,201153,291001,291881,E797872,Matched,Block,,N 145TH ST BETWEEN STONE AVE N AND INTERLAKE AVE N, ,,1,Property Damage Only Collision,Rear Ended,2,0,0,2,0,0,2018-05-09 00:00:00+00,5/9/2018 1:35:00 PM,Mid-Block (not related to intersection),14,"MOTOR VEHICLE STRUCK MOTOR VEHICLE, REAR END",True,False,Clear or Partly Cloudy,Dry,Daylight,,,,13.0,From same direction - both going straight - both moving - rear-end,0,0,False,0
-122.408105458211,47.5768194426954,201154,290447,291327,E803832,Matched,Block,,59TH AVE SW BETWEEN SW STEVENS ST AND SW ADMIRAL WAY,NEI,"Not Enough Information, or Insufficient Location Information",1,Property Damage Only Collision,Parked Car,2,0,0,2,0,0,2018-05-29 00:00:00+00,5/29/2018 6:45:00 PM,,0,NOT ENOUGH INFORMATION / NOT APPLICABLE,,False,Clear or Partly Cloudy,Dry,Daylight,,,,32.0,One parked--one moving,0,0,True,0
-122.347054676968,47.6426243567507,201155,288719,289579,E799545,Matched,Block,,AURORA AVE N BETWEEN HALLADAY ST AND RAYE ST, ,,2,Injury Collision,Rear Ended,3,0,0,3,2,0,2018-05-19 00:00:00+00,5/19/2018 11:29:00 AM,Mid-Block (not related to intersection),14,"MOTOR VEHICLE STRUCK MOTOR VEHICLE, REAR END",,True,Clear or Partly Cloudy,Dry,Daylight,,,True,13.0,From same direction - both going straight - both moving - rear-end,0,0,False,0
-122.325977297434,47.5787685757384,201156,290442,291322,E803828,Matched,Block,,6TH AVE S BETWEEN S LANDER ST AND S FOREST ST, ,,1,Property Damage Only Collision,Sideswipe,2,0,0,2,0,0,2018-05-29 00:00:00+00,5/29/2018 5:00:00 PM,Mid-Block (not related to intersection),11,"MOTOR VEHICLE STRUCK MOTOR VEHICLE, FRONT END AT ANGLE",,False,Clear or Partly Cloudy,Dry,Daylight,,,,11.0,From same direction - both going straight - both moving - sideswipe,0,0,False,0
-122.344896078772,47.7171731009263,201157,288718,289578,E799541,Matched,Block,,AURORA AVE N BETWEEN N 117TH PL AND N 125TH ST, ,,2,Injury Collision,Rear Ended,8,0,0,4,7,0,2018-05-19 00:00:00+00,5/19/2018 2:24:00 PM,Mid-Block (not related to intersection),14,"MOTOR VEHICLE STRUCK MOTOR VEHICLE, REAR END",,False,Clear or Partly Cloudy,Dry,Daylight,,,,14.0,From same direction - both going straight - one stopped - rear-end,0,0,False,0
-122.342373192899,47.6905462417838,201158,288717,289577,E799489,Matched,Intersection,37369.0,MIDVALE AVE N AND N 85TH ST, ,,1,Property Damage Only Collision,Angles,2,0,0,2,0,0,2018-05-19 00:00:00+00,5/19/2018 12:39:00 PM,At Intersection (intersection related),11,"MOTOR VEHICLE STRUCK MOTOR VEHICLE, FRONT END AT ANGLE",,False,Clear or Partly Cloudy,Dry,Daylight,,,,10.0,Entering at angle,0,0,False,0
-122.376636946738,47.5286487605879,201161,292790,293779,3731545,Matched,Block,,35TH AVE SW BETWEEN SW ROSE ST AND SW THISTLE ST, ,,1,Property Damage Only Collision,Parked Car,2,0,0,2,0,0,2018-06-20 00:00:00+00,6/20/2018 2:17:00 AM,Mid-Block (not related to intersection),14,"MOTOR VEHICLE STRUCK MOTOR VEHICLE, REAR END",,False,Clear or Partly Cloudy,Dry,Dark - Street Lights On,,,,32.0,One parked--one moving,0,0,True,0
-122.311965807142,47.5717782174387,201163,292789,293778,3696124,Matched,Block,,S SPOKANE ST BETWEEN 16TH AVE S AND 17TH AVE S, ,,1,Property Damage Only Collision,Rear Ended,2,0,0,2,0,0,2018-06-19 00:00:00+00,6/19/2018 5:10:00 PM,Mid-Block (not related to intersection),14,"MOTOR VEHICLE STRUCK MOTOR VEHICLE, REAR END",True,False,Clear or Partly Cloudy,Dry,Daylight,,,,14.0,From same direction - both going straight - one stopped - rear-end,0,0,False,0