longitude,latitude,objectid,inckey,coldetkey,reportno,status,addrtype,intkey,location,exceptrsncode,exceptrsndesc,severitycode,severitydesc,collisiontype,personcount,pedcount,pedcylcount,vehcount,injuries,fatalities,incdate,incdttm,junctiontype,sdot_colcode,sdot_coldesc,inattentionind,underinfl,weather,roadcond,lightcond,pedrownotgrnt,sdotcolnum,speeding,st_colcode,st_coldesc,seglanekey,crosswalkkey,hitparkedcar,seriousinjuries
-122.328224037878,47.5923940843683,201165,292788,293777,3206765,Matched,Block,,S ROYAL BROUGHAM WAY BETWEEN 4TH AVE S AND 5TH AVE S, ,,2,Injury Collision,Parked Car,3,0,0,2,2,0,2018-06-15 00:00:00+00,6/15/2018 11:54:00 PM,Mid-Block (not related to intersection),14,"MOTOR VEHICLE STRUCK MOTOR VEHICLE, REAR END",,True,Clear or Partly Cloudy,Dry,Dark - Street Lights On,,,,32.0,One parked--one moving,0,0,False,0
-122.316780378513,47.6065190165014,201169,292787,293767,E807171,Matched,Block,,12TH AVE BETWEEN E JEFFERSON ST AND E BARCLAY CT, ,,2,Injury Collision,Rear Ended,4,0,0,4,2,0,2018-06-08 00:00:00+00,6/8/2018 8:30:00 AM,Mid-Block (not related to intersection),14,"MOTOR VEHICLE STRUCK MOTOR VEHICLE, REAR END",,False,Clear or Partly Cloudy,Dry,Daylight,,,True,14.0,From same direction - both going straight - one stopped - rear-end,0,0,False,0
-122.39332144742,47.523174193878,201171,293364,294384,3745933,Matched,Block,,SW BARTON ST BETWEEN FAUNTLEROY WAY SW AND DEAD END, ,,2,Injury Collision,Rear Ended,6,0,0,2,1,0,2018-06-25 00:00:00+00,6/25/2018 12:10:00 PM,Mid-Block (not related to intersection),14,"MOTOR VEHICLE STRUCK MOTOR VEHICLE, REAR END",,False,Clear or Partly Cloudy,Dry,Daylight,,,,14.0,From same direction - both going straight - one stopped - rear-end,0,0,False,0
-122.35396224339,47.6646612679598,201174,294223,295303,E809544,Matched,Block,,PHINNEY AVE N BETWEEN N 49TH ST AND N 50TH E ST, ,,1,Property Damage Only Collision,Parked Car,3,0,0,2,0,0,2018-06-09 00:00:00+00,6/9/2018 10:32:00 AM,Mid-Block (not related to intersection),16,"MOTOR VEHICLE STRUCK MOTOR VEHICLE, LEFT SIDE SIDESWIPE",True,False,Clear or Partly Cloudy,Dry,Daylight,,,,32.0,One parked--one moving,0,0,True,0
-122.345037044145,47.7286776801251,201175,292781,293761,E810233,Matched,Intersection,35748.0,AURORA AVE N AND N 137TH ST, ,,1,Property Damage Only Collision,Angles,2,0,0,2,0,0,2018-06-12 00:00:00+00,6/12/2018 9:56:00 AM,At Intersection (intersection related),11,"MOTOR VEHICLE STRUCK MOTOR VEHICLE, FRONT END AT ANGLE",True,False,Clear or Partly Cloudy,Dry,Daylight,,,,10.0,Entering at angle,0,0,False,0
-122.25353013338,47.5106837797356,201177,293771,294811,3818910,Matched,Block,,64TH AVE S BETWEEN S COOPER ST AND S RYAN ST, ,,1,Property Damage Only Collision,Parked Car,2,0,0,2,0,0,2018-06-21 00:00:00+00,6/21/2018 7:00:00 PM,Mid-Block (not related to intersection),11,"MOTOR VEHICLE STRUCK MOTOR VEHICLE, FRONT END AT ANGLE",,False,Unknown,Unknown,Unknown,,,,32.0,One parked--one moving,0,0,True,0
-122.331342546777,47.6077300503904,201178,293346,294366,E810027,Matched,Intersection,29934.0,6TH AVE AND SPRING ST, ,,1,Property Damage Only Collision,Angles,2,0,0,2,0,0,2018-06-06 00:00:00+00,6/6/2018 8:56:00 AM,At Intersection (intersection related),11,"MOTOR VEHICLE STRUCK MOTOR VEHICLE, FRONT END AT ANGLE",,False,Clear or Partly Cloudy,Dry,Daylight,,,,10.0,Entering at angle,0,0,False,0
-122.344514435417,47.6891127655105,201179,292246,293186,E806321,Matched,Intersection,24276.0,AURORA AVE N AND GREEN LAKE DR N, ,,2,Injury Collision,Angles,2,0,1,1,1,0,2018-06-08 00:00:00+00,6/8/2018 6:13:00 PM,At Intersection (intersection related),18,"MOTOR VEHICLE STRUCK PEDALCYCLIST, FRONT END AT ANGLE",True,False,Raining,Wet,Daylight,,,,10.0,Entering at angle,0,0,False,0
-122.331306048169,47.5448814245195,201180,292239,293179,E806976,Matched,Intersection,34222.0,EAST MARGINAL WAY S AND S MICHIGAN ST, ,,1,Property Damage Only Collision,Angles,2,0,0,2,0,0,2018-06-03 00:00:00+00,6/3/2018 10:00:00 PM,At Intersection (intersection related),11,"MOTOR VEHICLE STRUCK MOTOR VEHICLE, FRONT END AT ANGLE",,False,Clear or Partly Cloudy,Dry,Dark - Street Lights On,,,,10.0,Entering at angle,0,0,False,0
-122.359982470483,47.6506276621271,201181,293763,294803,E810281,Matched,Block,,W NICKERSON ST BETWEEN W BERTONA ST AND 3RD AVE W, ,,1,Property Damage Only Collision,Rear Ended,2,0,0,2,0,0,2018-05-30 00:00:00+00,5/30/2018 9:30:00 AM,Mid-Block (not related to intersection),14,"MOTOR VEHICLE STRUCK MOTOR VEHICLE, REAR END",,False,Clear or Partly Cloudy,Dry,Daylight,,,,14.0,From same direction - both going straight - one stopped - rear-end,0,0,False,0
-122.314179452975,47.6021836534723,201182,293345,294365,E810015,Matched,Block,,14TH AVE BETWEEN E YESLER WAY AND E FIR ST, ,,2,Injury Collision,Cycles,2,0,1,1,1,0,2018-06-19 00:00:00+00,6/19/2018 6:11:00 PM,Mid-Block (not related to intersection),18,"MOTOR VEHICLE STRUCK PEDALCYCLIST, FRONT END AT ANGLE",,False,Clear or Partly Cloudy,Dry,Daylight,,,,6.0,Pedalcyclist Strikes Moving Vehicle,0,0,False,0
-122.28134333827,47.6297498144018,201183,292237,293177,3818862,Matched,Intersection,29420.0,MCGILVRA BLVD E AND E HIGHLAND DR, ,,2,Injury Collision,Angles,2,0,0,2,1,0,2018-06-17 00:00:00+00,6/17/2018 6:00:00 PM,At Intersection (intersection related),11,"MOTOR VEHICLE STRUCK MOTOR VEHICLE, FRONT END AT ANGLE",,False,Clear or Partly Cloudy,Dry,Daylight,,,,10.0,Entering at angle,0,0,False,0
-122.36023798751,47.6659769628007,201184,293362,294382,3705544,Matched,Block,,NW MARKET ST BETWEEN NW 50TH ST AND 3RD AVE NW, ,,2b,Serious Injury Collision,Sideswipe,2,0,0,2,1,0,2018-06-23 00:00:00+00,6/23/2018 8:55:00 PM,Mid-Block (not related to intersection),29,MOTOR VEHICLE OVERTURNED IN ROAD,True,False,Clear or Partly Cloudy,Dry,Daylight,,,,11.0,From same direction - both going straight - both moving - sideswipe,0,0,False,1
-122.299159659816,47.5796734628583,201185,293770,294810,3818871,Matched,Block,,RAINIER AVE S BETWEEN S BAYVIEW ST AND S MCCLELLAN ST, ,,2,Injury Collision,Sideswipe,2,0,0,2,1,0,2018-06-25 00:00:00+00,6/25/2018 3:41:00 PM,Mid-Block (not related to intersection),11,"MOTOR VEHICLE STRUCK MOTOR VEHICLE, FRONT END AT ANGLE",True,False,Clear or Partly Cloudy,Dry,Daylight,,,,11.0,From same direction - both going straight - both moving - sideswipe,0,0,False,0
-122.302412467582,47.6255712451557,201186,292231,293171,E806927,Matched,Block,,23RD AVE E BETWEEN E ROY ST AND E VALLEY ST, ,,1,Property Damage Only Collision,Left Turn,2,0,0,2,0,0,2018-06-10 00:00:00+00,6/10/2018 2:56:00 PM,Mid-Block (not related to intersection),11,"MOTOR VEHICLE STRUCK MOTOR VEHICLE, FRONT END AT ANGLE",,False,Clear or Partly Cloudy,Dry,Daylight,,,,28.0,From opposite direction - one left turn - one straight,0,0,False,0
-122.347571020313,47.6245614776713,201187,293766,294806,E810282,Matched,Intersection,28914.0,5TH AVE N AND MERCER ST, ,,2,Injury Collision,Rear Ended,2,0,0,2,1,0,2018-06-05 00:00:00+00,6/5/2018 2:30:00 AM,At Intersection (intersection related),14,"MOTOR VEHICLE STRUCK MOTOR VEHICLE, REAR END",,True,Clear or Partly Cloudy,Dry,Dark - Street Lights On,,,,14.0,From same direction - both going straight - one stopped - rear-end,0,0,False,0
-122.333271206565,47.6039642501437,201188,294237,295317,E811653,Matched,Block,,COLUMBIA ST BETWEEN 2ND AVE AND 3RD AVE, ,,2,Injury Collision,Rear Ended,3,0,0,2,2,0,2018-06-25 00:00:00+00,6/25/2018 9:00:00 AM,Mid-Block (but intersection related),14,"MOTOR VEHICLE STRUCK MOTOR VEHICLE, REAR END",True,False,Clear or Partly Cloudy,Dry,Daylight,,,,14.0,From same direction - both going straight - one stopped - rear-end,0,0,False,0
-122.385985340322,47.6521508910439,201190,292229,293169,3818361,Matched,Intersection,26461.0,23RD AVE W AND W RUFFNER ST, ,,2,Injury Collision,Angles,5,0,0,2,1,0,2018-06-15 00:00:00+00,6/15/2018 10:18:00 PM,At Intersection (intersection related),11,"MOTOR VEHICLE STRUCK MOTOR VEHICLE, FRONT END AT ANGLE",,False,Clear or Partly Cloudy,Dry,Dark - No Street Lights,,,,10.0,Entering at angle,0,0,False,0
-122.285041861508,47.5578486250545,201192,292228,293168,3814836,Matched,Intersection,33571.0,RAINIER AVE S AND S FERDINAND ST, ,,2b,Serious Injury Collision,Pedestrian,2,1,0,1,1,0,2018-06-07 00:00:00+00,6/7/2018 5:52:00 PM,At Intersection (intersection related),24,MOTOR VEHCILE STRUCK PEDESTRIAN,,False,Clear or Partly Cloudy,Dry,Daylight,True,,,0.0,Vehicle going straight hits pedestrian,0,523184,False,1
-122.30162931162,47.5849978413295,201195,293769,294809,3818869,Matched,Block,,24TH AVE S BETWEEN S PLUM ST AND S HILL ST, ,,1,Property Damage Only Collision,Parked Car,2,0,0,2,0,0,2018-06-23 00:00:00+00,6/23/2018 4:15:00 PM,Mid-Block (not related to intersection),14,"MOTOR VEHICLE STRUCK MOTOR VEHICLE, REAR END",,False,Clear or Partly Cloudy,Dry,Daylight,,,,32.0,One parked--one moving,0,0,True,0
-122.400264241378,47.5842013353862,201197,292226,293166,E806835,Matched,Block,,ALKI AVE SW BETWEEN BONAIR DR SW AND 53RD AVE SW, ,,1,Property Damage Only Collision,Parked Car,2,0,0,2,0,0,2018-06-07 00:00:00+00,6/7/2018 2:32:00 PM,Mid-Block (not related to intersection),11,"MOTOR VEHICLE STRUCK MOTOR VEHICLE, FRONT END AT ANGLE",,False,Clear or Partly Cloudy,Dry,Daylight,,,,32.0,One parked--one moving,0,0,True,0
-122.333387671359,47.6185145132502,201198,291452,292352,3703784,Matched,Intersection,158088.0,DENNY WAY AND MINOR AVE, ,,2,Injury Collision,Angles,2,0,0,2,2,0,2018-06-09 00:00:00+00,6/9/2018 3:41:00 PM,At Intersection (intersection related),11,"MOTOR VEHICLE STRUCK MOTOR VEHICLE, FRONT END AT ANGLE",,False,Overcast,Dry,Daylight,,,,10.0,Entering at angle,0,0,False,0
-122.33420376417,47.5740441619685,201200,294222,295302,E809298,Matched,Block,,1ST AVE S BETWEEN S HORTON ST AND S HINDS ST, ,,1,Property Damage Only Collision,Other,3,0,0,2,0,0,2018-06-17 00:00:00+00,6/17/2018 9:55:00 AM,Mid-Block (not related to intersection),11,"MOTOR VEHICLE STRUCK MOTOR VEHICLE, FRONT END AT ANGLE",,False,Clear or Partly Cloudy,Dry,Daylight,,,,23.0,From same direction - all others,0,0,False,0
-122.310144942119,47.6170258414187,201202,296197,297317,E814862,Matched,Block,,17TH AVE BETWEEN E OLIVE ST AND E HOWELL ST, ,,2,Injury Collision,Angles,2,0,0,2,1,0,2018-07-02 00:00:00+00,7/2/2018 3:18:00 PM,Mid-Block (not related to intersection),11,"MOTOR VEHICLE STRUCK MOTOR VEHICLE, FRONT END AT ANGLE",,False,Clear or Partly Cloudy,Dry,Daylight,,,,10.0,Entering at angle,0,0,False,0
-122.324678164872,47.6389854334163,201203,296201,297321,E814688,Matched,Block,,FRANKLIN AVE E BETWEEN E BOSTON ST AND E LYNN ST, ,,1,Property Damage Only Collision,Parked Car,2,0,0,2,0,0,2018-06-27 00:00:00+00,6/27/2018 8:17:00 AM,Mid-Block (not related to intersection),11,"MOTOR VEHICLE STRUCK MOTOR VEHICLE, FRONT END AT ANGLE",True,False,Overcast,Dry,Daylight,,,,20.0,One car leaving parked position,0,0,False,0
-122.356705975593,47.625017200794,201204,296897,298017,E816658,Matched,Block,,QUEEN ANNE AVE N BETWEEN MERCER ST AND ROY ST, ,,1,Property Damage Only Collision,Sideswipe,2,0,0,2,0,0,2018-07-10 00:00:00+00,7/10/2018 3:01:00 PM,Mid-Block (not related to intersection),11,"MOTOR VEHICLE STRUCK MOTOR VEHICLE, FRONT END AT ANGLE",,False,Clear or Partly Cloudy,Dry,Daylight,,,,11.0,From same direction - both going straight - both moving - sideswipe,0,0,False,0
-122.355441208174,47.6614539142625,201205,296178,297298,E814847,Matched,Intersection,26933.0,GREENWOOD AVE N AND N 45TH ST, ,,2,Injury Collision,Angles,5,0,0,3,1,0,2018-07-05 00:00:00+00,7/5/2018 3:17:00 PM,At Intersection (intersection related),11,"MOTOR VEHICLE STRUCK MOTOR VEHICLE, FRONT END AT ANGLE",,False,Clear or Partly Cloudy,Dry,Daylight,,,,10.0,Entering at angle,0,0,False,0
-122.300087075499,47.6679867048903,201206,296177,297297,E814681,Matched,Block,,NE 54TH ST BETWEEN 25TH AVE NE AND 26TH AVE NE, ,,1,Property Damage Only Collision,Parked Car,2,0,0,2,0,0,2018-06-29 00:00:00+00,6/29/2018 11:38:00 AM,Mid-Block (not related to intersection),13,"MOTOR VEHICLE STRUCK MOTOR VEHICLE, LEFT SIDE AT ANGLE",,False,Overcast,Dry,Daylight,,,,32.0,One parked--one moving,0,0,True,0
-122.298387090948,47.602660038883,201208,288159,289019,E796228,Matched,Block,,E FIR ST BETWEEN 26TH AVE AND 27TH AVE, ,,1,Property Damage Only Collision,Parked Car,2,0,0,2,0,0,2018-05-03 00:00:00+00,5/3/2018 2:50:00 PM,Mid-Block (not related to intersection),0,NOT ENOUGH INFORMATION / NOT APPLICABLE,,False,Clear or Partly Cloudy,Dry,Daylight,,,,32.0,One parked--one moving,0,0,True,0
-122.343630557661,47.723211138236,201209,296901,298021,E812924,Matched,Block,,N 130TH ST BETWEEN AURORA AVE N AND STONE AVE N, ,,1,Property Damage Only Collision,Rear Ended,3,0,0,2,0,0,2018-06-26 00:00:00+00,6/26/2018 4:27:00 PM,Mid-Block (not related to intersection),14,"MOTOR VEHICLE STRUCK MOTOR VEHICLE, REAR END",,False,Clear or Partly Cloudy,Dry,Daylight,,,,14.0,From same direction - both going straight - one stopped - rear-end,0,0,False,0
-122.308930575019,47.663060706099,201210,296157,297277,E814610,Matched,Block,,NE 47TH ST BETWEEN 17TH NB AVE NE AND 18TH AVE NE, ,,1,Property Damage Only Collision,Parked Car,2,0,0,2,0,0,2018-07-03 00:00:00+00,7/3/2018 5:15:00 PM,Mid-Block (not related to intersection),14,"MOTOR VEHICLE STRUCK MOTOR VEHICLE, REAR END",,False,Clear or Partly Cloudy,Dry,Daylight,,,,32.0,One parked--one moving,0,0,True,0
-122.322956321324,47.6613333466589,201211,296877,297997,E816657,Matched,Intersection,27071.0,5TH AVE NE AND NE 45TH ST, ,,1,Property Damage Only Collision,Sideswipe,5,0,0,2,0,0,2018-07-10 00:00:00+00,7/10/2018 3:10:00 PM,At Intersection (intersection related),11,"MOTOR VEHICLE STRUCK MOTOR VEHICLE, FRONT END AT ANGLE",True,False,Clear or Partly Cloudy,Dry,Daylight,,,,81.0,Same direction -- both turning left -- both moving -- sideswipe,0,0,False,0
-122.376756773934,47.5165469640614,201212,295278,296378,3745445,Matched,Intersection,37960.0,35TH AVE SW AND SW 97TH ST, ,,1,Property Damage Only Collision,Parked Car,2,0,0,2,0,0,2018-07-05 00:00:00+00,7/5/2018 6:20:00 AM,At Intersection (intersection related),11,"MOTOR VEHICLE STRUCK MOTOR VEHICLE, FRONT END AT ANGLE",,False,Clear or Partly Cloudy,Dry,Daylight,,,,32.0,One parked--one moving,0,0,False,0
-122.317395603642,47.6656855203034,201231,294297,295377,E811711,Matched,Block,,ROOSEVELT WAY NE BETWEEN NE 50TH ST AND NE 52ND ST, ,,1,Property Damage Only Collision,Other,1,0,0,1,0,0,2018-06-13 00:00:00+00,6/13/2018 2:59:00 PM,Mid-Block (not related to intersection),26,MOTOR VEHICLE STRUCK OBJECT IN ROAD,,False,Clear or Partly Cloudy,Dry,Daylight,,,,50.0,Fixed object,0,0,False,0
-122.382375526981,47.591315553432,201213,295277,296377,3742511,Matched,Block,,HARBOR AVE SW BETWEEN SW MARYLAND PL AND CALIFORNIA WAY SW, ,,1,Property Damage Only Collision,Rear Ended,3,0,0,2,0,0,2018-07-04 00:00:00+00,7/4/2018 11:07:00 PM,Mid-Block (not related to intersection),14,"MOTOR VEHICLE STRUCK MOTOR VEHICLE, REAR END",True,True,Clear or Partly Cloudy,Dry,Dark - Street Lights On,,,,13.0,From same direction - both going straight - both moving - rear-end,0,0,False,0
-122.284073818634,47.631928503749,201214,296199,297319,E814863,Matched,Block,,38TH AVE E BETWEEN E MADISON ST AND E GALER ST, ,,1,Property Damage Only Collision,Parked Car,2,0,0,2,0,0,2018-06-26 00:00:00+00,6/26/2018 10:14:00 AM,Mid-Block (not related to intersection),14,"MOTOR VEHICLE STRUCK MOTOR VEHICLE, REAR END",,False,Clear or Partly Cloudy,Dry,Daylight,,,,32.0,One parked--one moving,0,0,False,0
-122.31525932993,47.7149001799925,201215,295260,296360,E813284,Matched,Block,,12TH AVE NE BETWEEN NE 117TH ST AND NE 120TH ST, ,,1,Property Damage Only Collision,Parked Car,2,0,0,2,0,0,2018-06-29 00:00:00+00,6/29/2018 11:00:00 PM,Mid-Block (not related to intersection),14,"MOTOR VEHICLE STRUCK MOTOR VEHICLE, REAR END",,False,Unknown,Unknown,Unknown,,,,32.0,One parked--one moving,0,0,True,0
-122.330688998166,47.607016837543,201216,297981,299101,3812286,Matched,Intersection,29947.0,6TH AVE AND MADISON ST, ,,1,Property Damage Only Collision,Sideswipe,3,0,0,2,0,0,2018-07-18 00:00:00+00,7/18/2018 8:16:00 PM,At Intersection (intersection related),11,"MOTOR VEHICLE STRUCK MOTOR VEHICLE, FRONT END AT ANGLE",,False,Clear or Partly Cloudy,Dry,Dark - Street Lights On,,,,71.0,Same direction -- both turning right -- both moving -- sideswipe,0,0,False,0
-122.314193839956,47.6134047949724,201217,288160,289020,E796229,Matched,Block,,14TH AVE BETWEEN E UNION ST AND E MADISON ST, ,,1,Property Damage Only Collision,Parked Car,2,0,0,2,0,0,2018-05-02 00:00:00+00,5/2/2018 2:30:00 PM,Mid-Block (not related to intersection),14,"MOTOR VEHICLE STRUCK MOTOR VEHICLE, REAR END",True,False,Clear or Partly Cloudy,Dry,Daylight,,,,32.0,One parked--one moving,0,0,False,0
-122.338817693153,47.665034864076,201218,296898,298018,E812906,Matched,Block,,N 50TH ST BETWEEN WOODLAWN W AVE N AND WOODLAWN E AVE N, ,,1,Property Damage Only Collision,Rear Ended,4,0,0,2,0,0,2018-06-17 00:00:00+00,6/17/2018 1:01:00 PM,Mid-Block (but intersection related),14,"MOTOR VEHICLE STRUCK MOTOR VEHICLE, REAR END",True,False,Clear or Partly Cloudy,Dry,Daylight,,,,14.0,From same direction - both going straight - one stopped - rear-end,0,0,False,0
-122.370766444607,47.5684267430382,201220,295259,296359,3742343,Matched,Block,,SW AVALON WAY BETWEEN SW BRADFORD ST AND 30TH AVE SW, ,,1,Property Damage Only Collision,Parked Car,2,0,0,2,0,0,2018-07-04 00:00:00+00,7/4/2018 8:02:00 AM,Mid-Block (not related to intersection),28,MOTOR VEHICLE RAN OFF ROAD - HIT FIXED OBJECT,,False,Clear or Partly Cloudy,Wet,Daylight,,,,32.0,One parked--one moving,0,0,False,0
-122.317395603642,47.6656855203034,201221,296217,297337,E814880,Matched,Block,,ROOSEVELT WAY NE BETWEEN NE 50TH ST AND NE 52ND ST, ,,1,Property Damage Only Collision,Angles,2,0,0,2,0,0,2018-07-05 00:00:00+00,7/5/2018 12:11:00 PM,Mid-Block (not related to intersection),11,"MOTOR VEHICLE STRUCK MOTOR VEHICLE, FRONT END AT ANGLE",,False,Clear or Partly Cloudy,Dry,Daylight,,,,10.0,Entering at angle,0,0,False,0
-122.369984266678,47.544442275888,201222,295258,296358,3742309,Matched,Intersection,515253.0,30TH AVE SW AND SW MORGAN ST, ,,1,Property Damage Only Collision,Angles,2,0,0,2,0,0,2018-07-03 00:00:00+00,7/3/2018 3:17:00 PM,At Intersection (intersection related),11,"MOTOR VEHICLE STRUCK MOTOR VEHICLE, FRONT END AT ANGLE",True,False,Clear or Partly Cloudy,Dry,Daylight,,,,10.0,Entering at angle,0,0,False,0
-122.339072322605,47.5715064685324,201223,295257,296357,3742268,Matched,Block,,WEST SEATTLE BR EB BETWEEN 1ST AV S OFF RP AND SPOKANE ST - W SEA B RP, ,,2,Injury Collision,Other,1,0,0,1,1,0,2018-07-04 00:00:00+00,7/4/2018 5:16:00 PM,Mid-Block (not related to intersection),26,MOTOR VEHICLE STRUCK OBJECT IN ROAD,,False,Overcast,Dry,Daylight,,,True,50.0,Fixed object,0,0,False,0
-122.321398892016,47.5786219932347,201224,297978,299098,3810611,Matched,Block,,AIRPORT WAY S BETWEEN S LANDER S ST AND S FOREST ST, ,,2,Injury Collision,Parked Car,2,0,0,2,1,0,2018-07-17 00:00:00+00,7/17/2018 5:19:00 PM,Mid-Block (not related to intersection),14,"MOTOR VEHICLE STRUCK MOTOR VEHICLE, REAR END",,False,Clear or Partly Cloudy,Dry,Daylight,,,,20.0,One car leaving parked position,0,0,False,0
-122.343500216145,47.6328574039646,201225,297980,299100,3812214,Matched,Block,,AURORA AVE N BETWEEN GALER ST AND GARFIELD ST, ,,1,Property Damage Only Collision,Sideswipe,2,0,0,2,0,0,2018-07-18 00:00:00+00,7/18/2018 8:56:00 AM,Mid-Block (not related to intersection),14,"MOTOR VEHICLE STRUCK MOTOR VEHICLE, REAR END",,False,Overcast,Dry,Daylight,,,,11.0,From same direction - both going straight - both moving - sideswipe,0,0,False,0
-122.334309132259,47.5482713833211,201226,296902,298022,E816706,Matched,Intersection,33046.0,1ST AVE S AND EAST MARGINAL WAY S, ,,1,Property Damage Only Collision,Rear Ended,3,0,0,3,0,0,2018-06-25 00:00:00+00,6/25/2018 11:28:00 AM,At Intersection (intersection related),14,"MOTOR VEHICLE STRUCK MOTOR VEHICLE, REAR END",,False,Raining,Wet,Daylight,,,,14.0,From same direction - both going straight - one stopped - rear-end,0,0,False,0
-122.356510805749,47.5173613008169,201227,295243,296343,3742210,Matched,Intersection,34911.0,17TH AVE SW AND SW ROXBURY ST, ,,2,Injury Collision,Angles,3,0,0,2,1,0,2018-07-04 00:00:00+00,7/4/2018 12:11:00 AM,At Intersection (intersection related),11,"MOTOR VEHICLE STRUCK MOTOR VEHICLE, FRONT END AT ANGLE",,False,Clear or Partly Cloudy,Dry,Dark - Street Lights On,,,,10.0,Entering at angle,0,0,False,0
-122.317228823927,47.597095859703,201228,296198,297318,E814682,Matched,Block,,12TH AVE S BETWEEN S WELLER ST AND XW S LANE ST, ,,1,Property Damage Only Collision,Sideswipe,3,0,0,2,0,0,2018-06-28 00:00:00+00,6/28/2018 1:17:00 PM,Mid-Block (not related to intersection),11,"MOTOR VEHICLE STRUCK MOTOR VEHICLE, FRONT END AT ANGLE",True,False,Clear or Partly Cloudy,Dry,Daylight,,,,11.0,From same direction - both going straight - both moving - sideswipe,0,0,False,0
-122.339052151338,47.5191743781422,201229,295242,296342,3731483,Matched,Block,,OLSON PL SW BETWEEN 3RD AVE SW AND SW CAMBRIDGE PL, ,,2,Injury Collision,Other,1,0,0,1,1,0,2018-07-05 00:00:00+00,7/5/2018 6:10:00 AM,Mid-Block (not related to intersection),28,MOTOR VEHICLE RAN OFF ROAD - HIT FIXED OBJECT,,False,Clear or Partly Cloudy,Dry,Daylight,,,,50.0,Fixed object,0,0,False,0
-122.328143535171,47.6075866044788,201230,296878,297998,E813466,Matched,Block,,8TH AVE BETWEEN MARION ST AND MADISON ST, ,,1,Property Damage Only Collision,Rear Ended,2,0,0,2,0,0,2018-06-24 00:00:00+00,6/24/2018 11:02:00 AM,Mid-Block (not related to intersection),14,"MOTOR VEHICLE STRUCK MOTOR VEHICLE, REAR END",True,False,Clear or Partly Cloudy,Dry,Daylight,,,,13.0,From same direction - both going straight - both moving - rear-end,0,0,False,0
-122.317638161716,47.6612987365979,201232,294277,295357,E811705,Matched,Intersection,27066.0,ROOSEVELT WAY NE AND NE 45TH ST, ,,2,Injury Collision,Pedestrian,2,1,0,1,1,0,2018-06-19 00:00:00+00,6/19/2018 4:19:00 PM,At Intersection (intersection related),24,MOTOR VEHCILE STRUCK PEDESTRIAN,,False,Clear or Partly Cloudy,Dry,Daylight,,,,2.0,Vehicle turning left hits pedestrian,0,0,False,0
-122.28842391502,47.5649635314921,201234,297979,299099,3810612,Matched,Block,,RAINIER AVE S BETWEEN S ADAMS ST AND S GENESEE N ST, ,,2,Injury Collision,Rear Ended,3,0,0,2,1,0,2018-07-18 00:00:00+00,7/18/2018 2:07:00 PM,Mid-Block (not related to intersection),14,"MOTOR VEHICLE STRUCK MOTOR VEHICLE, REAR END",True,True,Clear or Partly Cloudy,Dry,Daylight,,,,14.0,From same direction - both going straight - one stopped - rear-end,0,0,False,0
-122.327836627272,47.5942050290134,201235,296899,298019,E816659,Matched,Block,,5TH AVE S BETWEEN S DEARBORN ST AND S ROYAL BROUGHAM WAY, ,,1,Property Damage Only Collision,Rear Ended,2,0,0,2,0,0,2018-07-10 00:00:00+00,7/10/2018 4:22:00 PM,Mid-Block (not related to intersection),14,"MOTOR VEHICLE STRUCK MOTOR VEHICLE, REAR END",True,False,Clear or Partly Cloudy,Dry,Daylight,,,,14.0,From same direction - both going straight - one stopped - rear-end,0,0,False,0
-122.31955133165,47.6635726151699,201236,294259,295339,E811703,Matched,Block,,8TH AVE NE BETWEEN NE 47TH ST AND NE 48TH ST, ,,2,Injury Collision,Pedestrian,2,0,1,1,1,0,2018-06-13 00:00:00+00,6/13/2018 5:06:00 PM,Mid-Block (not related to intersection),18,"MOTOR VEHICLE STRUCK PEDALCYCLIST, FRONT END AT ANGLE",,False,Raining,Wet,Daylight,,,,5.0,Vehicle Strikes Pedalcyclist,0,0,False,0
-122.350147404182,47.6155244497942,201237,296857,297977,E816656,Matched,Block,,1ST AVE BETWEEN VINE ST AND CEDAR ST, ,,1,Property Damage Only Collision,Parked Car,2,0,0,2,0,0,2018-07-09 00:00:00+00,7/9/2018 2:38:00 PM,Driveway Junction,14,"MOTOR VEHICLE STRUCK MOTOR VEHICLE, REAR END",,False,Clear or Partly Cloudy,Dry,Daylight,,,,32.0,One parked--one moving,0,0,True,0
-122.279404863074,47.6639965195423,201239,294257,295337,E811701,Matched,Block,,45TH AVE NE BETWEEN NE 47TH ST AND NE 50TH ST, ,,1,Property Damage Only Collision,Parked Car,2,0,0,2,0,0,2018-06-10 00:00:00+00,6/10/2018 3:00:00 PM,Mid-Block (not related to intersection),11,"MOTOR VEHICLE STRUCK MOTOR VEHICLE, FRONT END AT ANGLE",,False,Clear or Partly Cloudy,Dry,Daylight,,,,32.0,One parked--one moving,0,0,False,0
-122.379285449846,47.5628722777635,201240,290449,291329,E803835,Matched,Intersection,31926.0,FAUNTLEROY WAY SW AND SW OREGON ST, ,,1,Property Damage Only Collision,Rear Ended,3,0,0,2,0,0,2018-05-30 00:00:00+00,5/30/2018 4:38:00 PM,At Intersection (intersection related),14,"MOTOR VEHICLE STRUCK MOTOR VEHICLE, REAR END",,False,Clear or Partly Cloudy,Dry,Daylight,,,,14.0,From same direction - both going straight - one stopped - rear-end,0,0,False,0