longitude,latitude,objectid,inckey,coldetkey,reportno,status,addrtype,intkey,location,exceptrsncode,exceptrsndesc,severitycode,severitydesc,collisiontype,personcount,pedcount,pedcylcount,vehcount,injuries,fatalities,incdate,incdttm,junctiontype,sdot_colcode,sdot_coldesc,inattentionind,underinfl,weather,roadcond,lightcond,pedrownotgrnt,sdotcolnum,speeding,st_colcode,st_coldesc,seglanekey,crosswalkkey,hitparkedcar,seriousinjuries
-122.334009322008,47.6106447568887,201242,289807,290667,E801894,Matched,Block,,6TH AVE BETWEEN UNION ST AND PIKE ST, ,,1,Property Damage Only Collision,Sideswipe,2,0,0,2,0,0,2018-05-24 00:00:00+00,5/24/2018 10:46:00 AM,Mid-Block (not related to intersection),11,"MOTOR VEHICLE STRUCK MOTOR VEHICLE, FRONT END AT ANGLE",,False,Clear or Partly Cloudy,Dry,Daylight,,,,11.0,From same direction - both going straight - both moving - sideswipe,0,0,False,0
-122.336481349059,47.6245452548008,201243,289806,290666,E801893,Matched,Block,,MERCER SR ST BETWEEN TERRY AVE N AND BOREN AVE N, ,,1,Property Damage Only Collision,Rear Ended,2,0,0,2,0,0,2018-05-24 00:00:00+00,5/24/2018 1:00:00 PM,Mid-Block (not related to intersection),14,"MOTOR VEHICLE STRUCK MOTOR VEHICLE, REAR END",,False,Clear or Partly Cloudy,Dry,Daylight,,,,14.0,From same direction - both going straight - one stopped - rear-end,0,0,False,0
-122.297550266009,47.5916705319504,201246,291006,291886,E798603,Matched,Block,,M L KING JR WAY S BETWEEN S JUDKINS ST AND S IRVING ST, ,,1,Property Damage Only Collision,Other,3,0,0,3,0,0,2018-04-14 00:00:00+00,4/14/2018 5:40:00 AM,Mid-Block (not related to intersection),11,"MOTOR VEHICLE STRUCK MOTOR VEHICLE, FRONT END AT ANGLE",,False,Overcast,Wet,Dark - Street Lights On,,,,23.0,From same direction - all others,0,0,False,0
-122.297870555649,47.5944357884775,201247,289805,290665,E801766,Matched,Block,,M L KING JR WAY S BETWEEN S DEARBORN ST AND S NORMAN ST, ,,1,Property Damage Only Collision,Rear Ended,3,0,0,3,0,0,2018-05-25 00:00:00+00,5/25/2018 9:58:00 AM,Mid-Block (not related to intersection),14,"MOTOR VEHICLE STRUCK MOTOR VEHICLE, REAR END",True,False,Overcast,Dry,Daylight,,,,14.0,From same direction - both going straight - one stopped - rear-end,0,0,False,0
-122.334659484979,47.5903122822866,201250,289804,290664,E801764,Matched,Block,,S ATLANTIC ST BETWEEN UTAH AVE S AND 1ST AVE S, ,,1,Property Damage Only Collision,Sideswipe,3,0,0,2,0,0,2018-05-18 00:00:00+00,5/18/2018 8:59:00 AM,Mid-Block (not related to intersection),11,"MOTOR VEHICLE STRUCK MOTOR VEHICLE, FRONT END AT ANGLE",,False,Overcast,Dry,Daylight,,,,11.0,From same direction - both going straight - both moving - sideswipe,0,0,False,0
-122.280797506095,47.5362397522419,201252,289803,290663,E801727,Matched,Block,,M L KING JR ER WAY S BETWEEN S OTHELLO ST AND RENTON S AVE S, ,,1,Property Damage Only Collision,Rear Ended,3,0,0,2,0,0,2018-05-25 00:00:00+00,5/25/2018 12:53:00 PM,Mid-Block (not related to intersection),14,"MOTOR VEHICLE STRUCK MOTOR VEHICLE, REAR END",,False,Clear or Partly Cloudy,Dry,Daylight,,,,14.0,From same direction - both going straight - one stopped - rear-end,0,0,False,0
-122.321769936444,47.7013155769971,201253,288726,289586,E799753,Matched,Block,,NE 100TH ST BETWEEN 5TH AVE NE AND 8TH AVE NE, ,,1,Property Damage Only Collision,Parked Car,2,0,0,2,0,0,2018-05-15 00:00:00+00,5/15/2018 9:00:00 AM,Mid-Block (not related to intersection),11,"MOTOR VEHICLE STRUCK MOTOR VEHICLE, FRONT END AT ANGLE",,False,Clear or Partly Cloudy,Dry,Daylight,,,,32.0,One parked--one moving,0,0,True,0
-122.297223922191,47.5933150275675,201254,288725,289585,E799752,Matched,Block,,S NORMAN ST BETWEEN M L KING JR WAY S AND 28TH AVE S,NEI,"Not Enough Information, or Insufficient Location Information",1,Property Damage Only Collision,Parked Car,2,0,0,2,0,0,2018-05-16 00:00:00+00,5/16/2018 12:05:00 AM,Mid-Block (not related to intersection),0,NOT ENOUGH INFORMATION / NOT APPLICABLE,,False,Clear or Partly Cloudy,Dry,Dark - Street Lights On,,,,32.0,One parked--one moving,0,0,True,0
-122.294055965143,47.7155528780196,201255,289802,290662,E803650,Matched,Intersection,36619.0,32ND AVE NE AND NE 120TH ST, ,,1,Property Damage Only Collision,Angles,2,0,0,2,0,0,2018-06-01 00:00:00+00,6/1/2018 6:43:00 AM,At Intersection (intersection related),11,"MOTOR VEHICLE STRUCK MOTOR VEHICLE, FRONT END AT ANGLE",,False,Clear or Partly Cloudy,Dry,Daylight,,,,10.0,Entering at angle,0,0,False,0
-122.364349123683,47.6585662079961,201256,288724,289584,E799751,Matched,Block,,LEARY WAY NW BETWEEN 6TH N AVE NW AND NW 43RD ST, ,,1,Property Damage Only Collision,Parked Car,2,0,0,2,0,0,2018-05-17 00:00:00+00,5/17/2018 8:00:00 AM,Mid-Block (not related to intersection),0,NOT ENOUGH INFORMATION / NOT APPLICABLE,,False,Clear or Partly Cloudy,Dry,Daylight,,,,32.0,One parked--one moving,0,0,True,0
-122.334197242989,47.5871675474987,201257,291004,291884,E798259,Matched,Block,,1ST AVE S BETWEEN S MASSACHUSETTS ST AND S HOLGATE ST, ,,1,Property Damage Only Collision,Other,2,0,0,2,0,0,2018-04-13 00:00:00+00,4/13/2018 11:32:00 PM,Mid-Block (not related to intersection),11,"MOTOR VEHICLE STRUCK MOTOR VEHICLE, FRONT END AT ANGLE",,False,Raining,Wet,Dark - Street Lights On,,,,23.0,From same direction - all others,0,0,False,0
-122.333265650015,47.5861032764906,201258,290452,291332,E803837,Matched,Intersection,31346.0,OCCIDENTAL AVE S AND S HOLGATE ST, ,,1,Property Damage Only Collision,Sideswipe,2,0,0,2,0,0,2018-05-31 00:00:00+00,5/31/2018 5:35:00 PM,At Intersection (intersection related),11,"MOTOR VEHICLE STRUCK MOTOR VEHICLE, FRONT END AT ANGLE",,False,Clear or Partly Cloudy,Dry,Daylight,,,,11.0,From same direction - both going straight - both moving - sideswipe,0,0,False,0
-122.296148957965,47.617037250514,201259,290454,291334,3702547,Matched,Block,,M L KING JR WAY BETWEEN E OLIVE ST AND E HOWELL ST, ,,1,Property Damage Only Collision,Parked Car,2,0,0,2,0,0,2018-06-02 00:00:00+00,6/2/2018 6:21:00 PM,Mid-Block (not related to intersection),16,"MOTOR VEHICLE STRUCK MOTOR VEHICLE, LEFT SIDE SIDESWIPE",True,False,Clear or Partly Cloudy,Dry,Daylight,,,,32.0,One parked--one moving,0,0,True,0
-122.329678542095,47.5991979313475,201260,289801,290661,E803648,Matched,Intersection,30508.0,2ND AV ET S AND S JACKSON ST, ,,2,Injury Collision,Pedestrian,2,1,0,1,1,0,2018-05-30 00:00:00+00,5/30/2018 4:30:00 PM,At Intersection (intersection related),24,MOTOR VEHCILE STRUCK PEDESTRIAN,,False,Unknown,Unknown,Unknown,True,,,0.0,Vehicle going straight hits pedestrian,0,0,False,0
-122.342349601083,47.6245497266159,201261,289799,290659,E803453,Matched,Intersection,28767.0,DEXTER AVE N AND MERCER ST, ,,2,Injury Collision,Rear Ended,6,0,0,5,1,0,2018-05-30 00:00:00+00,5/30/2018 6:23:00 PM,At Intersection (intersection related),11,"MOTOR VEHICLE STRUCK MOTOR VEHICLE, FRONT END AT ANGLE",,False,Clear or Partly Cloudy,Dry,Daylight,,,,13.0,From same direction - both going straight - both moving - rear-end,0,0,False,0
-122.357435422472,47.6768886352761,201262,288723,289583,E799750,Matched,Block,,1ST AVE NW BETWEEN NW 65TH ST AND NW 67TH ST, ,,1,Property Damage Only Collision,Parked Car,2,0,0,2,0,0,2018-05-04 00:00:00+00,5/4/2018 4:00:00 PM,Mid-Block (not related to intersection),0,NOT ENOUGH INFORMATION / NOT APPLICABLE,,False,Clear or Partly Cloudy,Dry,Daylight,,,,32.0,One parked--one moving,0,0,True,0
-122.312126424123,47.6562056498703,201263,289320,290180,3705741,Matched,Intersection,27145.0,15TH AVE NE AND NE CAMPUS WB PY, ,,2,Injury Collision,Pedestrian,2,0,1,1,1,0,2018-05-26 00:00:00+00,5/26/2018 11:26:00 PM,At Intersection (intersection related),18,"MOTOR VEHICLE STRUCK PEDALCYCLIST, FRONT END AT ANGLE",,False,Clear or Partly Cloudy,Dry,Dark - Street Lights On,,,,5.0,Vehicle Strikes Pedalcyclist,0,0,False,0
-122.313501869785,47.6080453123695,201283,288161,289021,E796230,Matched,Block,,E CHERRY ST BETWEEN 14TH AVE AND 15TH AVE, ,,1,Property Damage Only Collision,Parked Car,2,0,0,2,0,0,2018-05-03 00:00:00+00,5/3/2018 4:24:00 PM,Mid-Block (but intersection related),14,"MOTOR VEHICLE STRUCK MOTOR VEHICLE, REAR END",,False,Clear or Partly Cloudy,Dry,Daylight,,,,32.0,One parked--one moving,0,0,True,0
-122.40805255745,47.5785976563698,201264,288722,289582,E799749,Matched,Block,,59TH AVE SW BETWEEN SW LANDER ST AND SW STEVENS ST,NEI,"Not Enough Information, or Insufficient Location Information",1,Property Damage Only Collision,Parked Car,2,0,0,2,0,0,2018-05-14 00:00:00+00,5/14/2018 2:00:00 PM,Mid-Block (not related to intersection),0,NOT ENOUGH INFORMATION / NOT APPLICABLE,,False,Clear or Partly Cloudy,Dry,Daylight,,,,32.0,One parked--one moving,0,0,True,0
-122.317304542622,47.6016942703869,201265,290457,291337,3707531,Matched,Block,,E YESLER WAY BETWEEN BOREN AVE AND 12TH AVE, ,,2,Injury Collision,Cycles,2,0,1,1,1,0,2018-06-02 00:00:00+00,6/2/2018 4:24:00 PM,Mid-Block (not related to intersection),51,PEDALCYCLIST STRUCK MOTOR VEHICLE FRONT END AT ANGLE,,False,Clear or Partly Cloudy,Wet,Daylight,,,,6.0,Pedalcyclist Strikes Moving Vehicle,42680,0,False,0
-122.326154823712,47.6079267638449,201266,288257,289117,3702644,Matched,Block,,MARION ST BETWEEN 9TH AVE AND TERRY AVE, ,,1,Property Damage Only Collision,Parked Car,2,0,0,2,0,0,2018-05-22 00:00:00+00,5/22/2018 8:17:00 AM,Mid-Block (not related to intersection),14,"MOTOR VEHICLE STRUCK MOTOR VEHICLE, REAR END",,False,Clear or Partly Cloudy,Dry,Daylight,,,,32.0,One parked--one moving,0,0,True,0
-122.342181391539,47.5403529773477,201267,289319,290179,3742394,Matched,Intersection,34082.0,HIGHLAND PARK WAY SW AND WEST MARGINAL WAY SW, ,,1,Property Damage Only Collision,Angles,2,0,0,2,0,0,2018-05-26 00:00:00+00,5/26/2018 7:51:00 PM,At Intersection (intersection related),11,"MOTOR VEHICLE STRUCK MOTOR VEHICLE, FRONT END AT ANGLE",,True,Clear or Partly Cloudy,Dry,Dusk,,,,10.0,Entering at angle,0,0,False,0
-122.290922389922,47.6272534526916,201268,290451,291331,E803836,Matched,Block,,32ND AVE E BETWEEN E MADISON ST AND E WARD ST,NEI,"Not Enough Information, or Insufficient Location Information",1,Property Damage Only Collision,Parked Car,2,0,0,2,0,0,2018-05-31 00:00:00+00,5/31/2018 10:45:00 AM,,0,NOT ENOUGH INFORMATION / NOT APPLICABLE,,False,Clear or Partly Cloudy,Dry,Daylight,,,,32.0,One parked--one moving,0,0,True,0
-122.281293190694,47.5370423043785,201269,289318,290178,3814864,Matched,Intersection,34562.0,M L KING JR WR WAY S AND S OTHELLO ST, ,,1,Property Damage Only Collision,Left Turn,3,0,0,2,0,0,2018-05-26 00:00:00+00,5/26/2018 6:12:00 AM,At Intersection (intersection related),11,"MOTOR VEHICLE STRUCK MOTOR VEHICLE, FRONT END AT ANGLE",,False,Clear or Partly Cloudy,Dry,Daylight,,,,28.0,From opposite direction - one left turn - one straight,0,0,False,0
-122.31148354312,47.6109562610258,201270,288237,289097,3702642,Matched,Block,,16TH AVE BETWEEN E MARION ST AND E SPRING ST, ,,1,Property Damage Only Collision,Head On,3,0,0,2,0,0,2018-05-22 00:00:00+00,5/22/2018 12:06:00 AM,Mid-Block (not related to intersection),11,"MOTOR VEHICLE STRUCK MOTOR VEHICLE, FRONT END AT ANGLE",,False,Clear or Partly Cloudy,Dry,Dark - Street Lights On,,,True,24.0,From opposite direction - both moving - head-on,0,0,False,0
-122.333756830497,47.6086925967336,201271,289317,290177,3812154,Matched,Intersection,29930.0,5TH AVE AND UNIVERSITY ST, ,,1,Property Damage Only Collision,Angles,2,0,0,2,0,0,2018-05-25 00:00:00+00,5/25/2018 10:56:00 PM,At Intersection (intersection related),11,"MOTOR VEHICLE STRUCK MOTOR VEHICLE, FRONT END AT ANGLE",,False,Clear or Partly Cloudy,Dry,Dark - Street Lights On,,,,10.0,Entering at angle,0,0,False,0
-122.317363352123,47.6737444364051,201273,289297,290157,E801084,Matched,Block,,ROOSEVELT WAY NE BETWEEN NE 62ND ST AND NE 63RD ST, ,,2,Injury Collision,Rear Ended,3,0,0,2,1,0,2018-05-17 00:00:00+00,5/17/2018 6:35:00 PM,Mid-Block (not related to intersection),14,"MOTOR VEHICLE STRUCK MOTOR VEHICLE, REAR END",,False,Clear or Partly Cloudy,Dry,Daylight,,,,14.0,From same direction - both going straight - one stopped - rear-end,0,0,False,0
-122.348593446466,47.6934732620324,201275,288163,289023,E796253,Matched,Block,,N 89TH ST BETWEEN FREMONT AVE N AND LINDEN AVE N, ,,2,Injury Collision,Angles,4,0,0,2,1,0,2018-05-06 00:00:00+00,5/6/2018 4:25:00 PM,Driveway Junction,11,"MOTOR VEHICLE STRUCK MOTOR VEHICLE, FRONT END AT ANGLE",True,False,Clear or Partly Cloudy,Dry,Daylight,,,,10.0,Entering at angle,0,0,False,0
-122.310150663302,47.6164432038909,201276,291005,291885,E805242,Matched,Intersection,30122.0,17TH AVE AND E OLIVE ST,NEI,"Not Enough Information, or Insufficient Location Information",1,Property Damage Only Collision,Parked Car,4,0,0,2,0,0,2018-06-05 00:00:00+00,6/5/2018 5:05:00 PM,At Intersection (intersection related),0,NOT ENOUGH INFORMATION / NOT APPLICABLE,,False,Clear or Partly Cloudy,Dry,Daylight,,,,32.0,One parked--one moving,0,0,True,0
-122.309392708163,47.5930814573871,201277,289289,290149,E801075,Matched,Block,,RAINIER AVE S BETWEEN S NORMAN ST AND I90 WB RAINIER NB OF RP, ,,1,Property Damage Only Collision,Angles,2,0,0,2,0,0,2018-05-23 00:00:00+00,5/23/2018 6:28:00 AM,Mid-Block (not related to intersection),11,"MOTOR VEHICLE STRUCK MOTOR VEHICLE, FRONT END AT ANGLE",,False,Clear or Partly Cloudy,Dry,Daylight,,,,10.0,Entering at angle,0,0,False,0
-122.303963220841,47.6438266535764,201278,290455,291335,E804267,Matched,Block,,EAST MONTLAKE PL E BETWEEN 22ND AVE E AND MONTLAKE BLVD E, ,,2,Injury Collision,Rear Ended,2,0,0,2,1,0,2018-06-03 00:00:00+00,6/3/2018 11:44:00 AM,Mid-Block (but intersection related),14,"MOTOR VEHICLE STRUCK MOTOR VEHICLE, REAR END",True,False,Clear or Partly Cloudy,Dry,Daylight,,,,14.0,From same direction - both going straight - one stopped - rear-end,0,0,False,0
-122.338650107333,47.6073304207554,201279,290450,291330,3812229,Matched,Block,,1ST AVE BETWEEN UNIVERSITY ST AND UNION ST, ,,1,Property Damage Only Collision,Parked Car,2,0,0,2,0,0,2018-06-02 00:00:00+00,6/2/2018 6:30:00 PM,Mid-Block (not related to intersection),11,"MOTOR VEHICLE STRUCK MOTOR VEHICLE, FRONT END AT ANGLE",True,False,Clear or Partly Cloudy,Dry,Daylight,,,,20.0,One car leaving parked position,0,0,False,0
-122.34707012885,47.534077845871,201280,289288,290148,3626839,Matched,Intersection,34153.0,HIGHLAND PARK WAY SW AND SW HOLDEN N ST, ,,2,Injury Collision,Left Turn,3,0,0,2,3,0,2018-05-25 00:00:00+00,5/25/2018 8:54:00 PM,At Intersection (intersection related),11,"MOTOR VEHICLE STRUCK MOTOR VEHICLE, FRONT END AT ANGLE",,False,Clear or Partly Cloudy,Dry,Dark - Street Lights On,,,,28.0,From opposite direction - one left turn - one straight,0,0,False,0
-122.338214292358,47.6995994583174,201281,288162,289022,E796252,Matched,Block,,N 97TH ST BETWEEN WOODLAWN AVE N AND DENSMORE AVE N, ,,1,Property Damage Only Collision,Rear Ended,2,0,0,2,0,0,2018-05-08 00:00:00+00,5/8/2018 3:16:00 PM,Mid-Block (not related to intersection),14,"MOTOR VEHICLE STRUCK MOTOR VEHICLE, REAR END",,False,Clear or Partly Cloudy,Dry,Daylight,,,,13.0,From same direction - both going straight - both moving - rear-end,0,0,False,0
-122.325960158152,47.6271422339201,201282,289287,290147,E801064,Matched,Intersection,29095.0,BELLEVUE PL E AND BELMONT AVE E, ,,2,Injury Collision,Angles,2,0,0,2,1,0,2018-05-07 00:00:00+00,5/7/2018 9:44:00 AM,At Intersection (intersection related),11,"MOTOR VEHICLE STRUCK MOTOR VEHICLE, FRONT END AT ANGLE",,False,Clear or Partly Cloudy,Dry,Daylight,,,,10.0,Entering at angle,0,0,False,0
-122.282346904197,47.5370440237449,201284,291003,291883,E798254,Matched,Block,,S OTHELLO ST BETWEEN 39TH AVE S AND M L KING JR WR WAY S, ,,2,Injury Collision,Pedestrian,3,2,0,1,2,0,2018-03-14 00:00:00+00,3/14/2018 7:54:00 PM,Mid-Block (not related to intersection),24,MOTOR VEHCILE STRUCK PEDESTRIAN,,False,Clear or Partly Cloudy,Dry,Dark - Street Lights On,,,,2.0,Vehicle turning left hits pedestrian,0,0,False,0
-122.379823088623,47.5882946062379,201285,292817,293837,3745954,Matched,Block,,HARBOR AVE SW BETWEEN CALIFORNIA WAY SW AND FAIRMOUNT AVE SW, ,,2,Injury Collision,Parked Car,3,0,0,2,1,0,2018-06-19 00:00:00+00,6/19/2018 9:51:00 PM,Mid-Block (not related to intersection),14,"MOTOR VEHICLE STRUCK MOTOR VEHICLE, REAR END",,False,Clear or Partly Cloudy,Dry,Dark - Street Lights On,,,,32.0,One parked--one moving,0,0,True,0
-122.309637319543,47.5942514212896,201286,292258,293198,3329449,Matched,Block,,S CHARLES ST BETWEEN RAINIER S AVE S AND HIAWATHA PL S, ,,1,Property Damage Only Collision,Other,1,0,0,1,0,0,2018-06-17 00:00:00+00,6/17/2018 2:14:00 AM,Mid-Block (not related to intersection),28,MOTOR VEHICLE RAN OFF ROAD - HIT FIXED OBJECT,,False,Clear or Partly Cloudy,Dry,Dark - Street Lights On,,,True,50.0,Fixed object,0,0,False,0
-122.32078948868,47.6146541212864,201288,292257,293197,3329448,Matched,Block,,BROADWAY BETWEEN E PIKE ST AND E PINE ST, ,,1,Property Damage Only Collision,Rear Ended,2,0,0,2,0,0,2018-06-16 00:00:00+00,6/16/2018 10:51:00 AM,Mid-Block (not related to intersection),14,"MOTOR VEHICLE STRUCK MOTOR VEHICLE, REAR END",,False,Clear or Partly Cloudy,Dry,Daylight,,,,14.0,From same direction - both going straight - one stopped - rear-end,0,0,False,0
-122.344608030267,47.697808752245,201290,291461,292361,3754135,Matched,Intersection,37327.0,AURORA AVE N AND N 95TH ST, ,,2,Injury Collision,Pedestrian,2,1,0,1,1,0,2018-06-05 00:00:00+00,6/5/2018 2:41:00 PM,At Intersection (intersection related),24,MOTOR VEHCILE STRUCK PEDESTRIAN,,False,Clear or Partly Cloudy,Dry,Daylight,True,,,2.0,Vehicle turning left hits pedestrian,0,611169,False,0
-122.355093574935,47.5237894645501,201291,292797,293817,3742081,Matched,Block,,16TH AVE SW BETWEEN SW TRENTON ST AND SW HENDERSON ST, ,,1,Property Damage Only Collision,Rear Ended,4,0,0,2,0,0,2018-06-19 00:00:00+00,6/19/2018 1:02:00 PM,Mid-Block (not related to intersection),14,"MOTOR VEHICLE STRUCK MOTOR VEHICLE, REAR END",,False,Clear or Partly Cloudy,Dry,Daylight,,,,14.0,From same direction - both going straight - one stopped - rear-end,0,0,False,0
-122.349911933038,47.6905789831751,201293,291460,292360,3751212,Matched,Intersection,37464.0,FREMONT AVE N AND N 85TH ST, ,,2,Injury Collision,Left Turn,2,0,0,2,1,0,2018-06-09 00:00:00+00,6/9/2018 9:47:00 AM,At Intersection (intersection related),11,"MOTOR VEHICLE STRUCK MOTOR VEHICLE, FRONT END AT ANGLE",,False,Raining,Wet,Daylight,,,,28.0,From opposite direction - one left turn - one straight,0,0,False,0
-122.345881198484,47.6920158442752,201295,292818,293838,3751227,Matched,Block,,N 87TH ST BETWEEN LINDEN AVE N AND AURORA AVE N, ,,1,Property Damage Only Collision,Parked Car,2,0,0,2,0,0,2018-06-17 00:00:00+00,6/17/2018 6:00:00 AM,Mid-Block (not related to intersection),15,"MOTOR VEHICLE STRUCK MOTOR VEHICLE, RIGHT SIDE SIDESWIPE",,False,Clear or Partly Cloudy,Dry,Unknown,,,,32.0,One parked--one moving,0,0,True,0
-122.410794763827,47.5741007120596,201296,291458,292358,3742375,Matched,Intersection,31793.0,61ST AVE SW AND SW HINDS ST, ,,2b,Serious Injury Collision,Cycles,2,0,1,1,1,0,2018-06-08 00:00:00+00,6/8/2018 6:43:00 AM,At Intersection (intersection related),51,PEDALCYCLIST STRUCK MOTOR VEHICLE FRONT END AT ANGLE,,True,Clear or Partly Cloudy,Dry,Daylight,True,,,6.0,Pedalcyclist Strikes Moving Vehicle,0,0,False,1
-122.382841774677,47.6334877990931,201297,292841,293861,3811776,Matched,Block,,MAGNOLIA BR BETWEEN MAGNOLIA EB W BR AND W GARFIELD ST OFF RP, ,,2,Injury Collision,Other,3,0,0,2,3,0,2018-06-17 00:00:00+00,6/17/2018 7:02:00 PM,Mid-Block (but intersection related),11,"MOTOR VEHICLE STRUCK MOTOR VEHICLE, FRONT END AT ANGLE",,False,Clear or Partly Cloudy,Dry,Dusk,,,,23.0,From same direction - all others,0,0,False,0
-122.392936213764,47.6446118371025,201298,291457,292357,3732316,Matched,Intersection,27635.0,28TH AVE W AND W ARMOUR ST, ,,2,Injury Collision,Left Turn,2,0,0,2,2,0,2018-06-05 00:00:00+00,6/5/2018 8:48:00 AM,At Intersection (intersection related),11,"MOTOR VEHICLE STRUCK MOTOR VEHICLE, FRONT END AT ANGLE",True,False,Clear or Partly Cloudy,Dry,Daylight,,,,28.0,From opposite direction - one left turn - one straight,0,0,False,0
-122.322365567967,47.6104978126689,201299,292277,293217,E806612,Matched,Block,,MADISON ST BETWEEN SUMMIT AVE AND BOYLSTON AVE, ,,1,Property Damage Only Collision,Angles,2,0,0,2,0,0,2018-05-30 00:00:00+00,5/30/2018 4:29:00 PM,Driveway Junction,11,"MOTOR VEHICLE STRUCK MOTOR VEHICLE, FRONT END AT ANGLE",,False,Clear or Partly Cloudy,Dry,Daylight,,,,10.0,Entering at angle,0,0,False,0
-122.317508821901,47.6152591492132,201300,292263,293203,E806615,Matched,Block,,E PINE ST BETWEEN 11TH AVE AND 12TH AVE, ,,1,Property Damage Only Collision,Rear Ended,3,0,0,2,0,0,2018-06-04 00:00:00+00,6/4/2018 1:18:00 PM,Mid-Block (but intersection related),14,"MOTOR VEHICLE STRUCK MOTOR VEHICLE, REAR END",True,False,Raining,Wet,Daylight,,,,14.0,From same direction - both going straight - one stopped - rear-end,0,0,False,0
-122.326804188374,47.6152181529603,201301,291456,292356,3707545,Matched,Intersection,29862.0,BELLEVUE AVE AND E PINE ST, ,,2,Injury Collision,Angles,4,0,0,2,1,0,2018-06-08 00:00:00+00,6/8/2018 10:36:00 PM,At Intersection (intersection related),11,"MOTOR VEHICLE STRUCK MOTOR VEHICLE, FRONT END AT ANGLE",,False,Overcast,Wet,Dark - Street Lights On,,,,10.0,Entering at angle,0,0,False,0
-122.31678189326,47.6016933678319,201303,291455,292355,3707543,Matched,Intersection,30410.0,12TH AVE AND E YESLER WAY, ,,1,Property Damage Only Collision,Angles,2,0,0,2,0,0,2018-06-08 00:00:00+00,6/8/2018 9:42:00 PM,At Intersection (intersection related),11,"MOTOR VEHICLE STRUCK MOTOR VEHICLE, FRONT END AT ANGLE",,False,Raining,Wet,Dark - Street Lights On,,,,10.0,Entering at angle,0,0,False,0
-122.292493996604,47.7210061526537,201304,292839,293859,3751253,Matched,Block,,33RD AVE NE BETWEEN NE 125TH ST AND NE 130TH ST, ,,1,Property Damage Only Collision,Parked Car,2,0,0,2,0,0,2018-06-19 00:00:00+00,6/19/2018 6:30:00 AM,Mid-Block (not related to intersection),14,"MOTOR VEHICLE STRUCK MOTOR VEHICLE, REAR END",,False,Unknown,Unknown,Unknown,,,,32.0,One parked--one moving,0,0,True,0
-122.301117717275,47.6201655639124,201306,291454,292354,3704424,Matched,Intersection,29283.0,24TH AVE E AND E MADISON ST, ,,2,Injury Collision,Angles,2,0,0,2,1,0,2018-06-09 00:00:00+00,6/9/2018 2:49:00 PM,At Intersection (intersection related),11,"MOTOR VEHICLE STRUCK MOTOR VEHICLE, FRONT END AT ANGLE",,True,Clear or Partly Cloudy,Dry,Daylight,,,,10.0,Entering at angle,0,0,False,0
-122.40401897292,47.5792298757657,201307,292798,293818,3745952,Matched,Block,,56TH AVE SW BETWEEN SW LANDER ST AND SW LANDER PL, ,,1,Property Damage Only Collision,Parked Car,2,0,0,2,0,0,2018-06-18 00:00:00+00,6/18/2018 4:21:00 PM,Mid-Block (not related to intersection),11,"MOTOR VEHICLE STRUCK MOTOR VEHICLE, FRONT END AT ANGLE",,False,,Unknown,,,,,32.0,One parked--one moving,0,0,True,0
-122.263544679547,47.6757224262286,201310,291453,292353,3703814,Matched,Intersection,26276.0,SAND POINT WAY NE AND NE 65TH ST, ,,1,Property Damage Only Collision,Left Turn,2,0,0,2,0,0,2018-06-05 00:00:00+00,6/5/2018 5:45:00 PM,At Intersection (intersection related),11,"MOTOR VEHICLE STRUCK MOTOR VEHICLE, FRONT END AT ANGLE",,False,Clear or Partly Cloudy,Dry,Daylight,,,,28.0,From opposite direction - one left turn - one straight,0,0,False,0
-122.292165428131,47.5636257637399,201313,291011,291891,E805244,Matched,Block,,RENTON AVE S BETWEEN S GENESEE ST AND S OREGON E ST,NEI,"Not Enough Information, or Insufficient Location Information",1,Property Damage Only Collision,Parked Car,2,0,0,2,0,0,2018-06-01 00:00:00+00,6/1/2018 7:00:00 PM,,0,NOT ENOUGH INFORMATION / NOT APPLICABLE,,False,Clear or Partly Cloudy,Dry,Dusk,,,,32.0,One parked--one moving,0,0,True,0
-122.358202771826,47.7141697705416,201315,291010,291890,E798851,Matched,Intersection,36230.0,1ST AVE NW AND NW 117TH ST, ,,1,Property Damage Only Collision,Other,1,0,0,1,0,0,2018-03-21 00:00:00+00,3/21/2018 10:41:00 PM,At Intersection (intersection related),26,MOTOR VEHICLE STRUCK OBJECT IN ROAD,True,False,Raining,Wet,Dark - Street Lights On,,,,50.0,Fixed object,0,0,False,0
-122.34347821107,47.6932751408982,201316,292837,293857,3751228,Matched,Block,,NESBIT AVE N BETWEEN N 88TH ST AND N 90TH ST, ,,2,Injury Collision,Parked Car,3,0,0,2,2,0,2018-06-18 00:00:00+00,6/18/2018 9:19:00 PM,Mid-Block (not related to intersection),11,"MOTOR VEHICLE STRUCK MOTOR VEHICLE, FRONT END AT ANGLE",,False,Clear or Partly Cloudy,Dry,Dusk,,,,32.0,One parked--one moving,0,0,False,0
-122.342238080953,47.5712084737439,201317,291009,291889,E798618,Matched,Block,,ALASKAN WY VI NB ON RP BETWEEN WEST SEATTLE BR EB AND SPOKANE ST - ALASKAN RP, ,,1,Property Damage Only Collision,Sideswipe,3,0,0,2,0,0,2018-04-12 00:00:00+00,4/12/2018 12:36:00 PM,Mid-Block (not related to intersection),16,"MOTOR VEHICLE STRUCK MOTOR VEHICLE, LEFT SIDE SIDESWIPE",,False,Unknown,Wet,Daylight,,,,11.0,From same direction - both going straight - both moving - sideswipe,0,0,False,0