longitude,latitude,objectid,inckey,coldetkey,reportno,status,addrtype,intkey,location,exceptrsncode,exceptrsndesc,severitycode,severitydesc,collisiontype,personcount,pedcount,pedcylcount,vehcount,injuries,fatalities,incdate,incdttm,junctiontype,sdot_colcode,sdot_coldesc,inattentionind,underinfl,weather,roadcond,lightcond,pedrownotgrnt,sdotcolnum,speeding,st_colcode,st_coldesc,seglanekey,crosswalkkey,hitparkedcar,seriousinjuries
-122.286087678557,47.5657897088028,201318,292261,293201,3580772,Matched,Block,,37TH AVE S BETWEEN S DAKOTA ST AND S ADAMS ST, ,,2,Injury Collision,Parked Car,2,0,0,2,1,0,2018-06-16 00:00:00+00,6/16/2018 11:28:00 AM,Driveway Junction,11,"MOTOR VEHICLE STRUCK MOTOR VEHICLE, FRONT END AT ANGLE",,False,Clear or Partly Cloudy,Dry,Daylight,,,,32.0,One parked--one moving,0,0,True,0
-122.344488726189,47.6375877112052,201320,292260,293200,3578849,Matched,Block,,AURORA AVE N BETWEEN HOWE ST AND LYNN ST, ,,2b,Serious Injury Collision,Pedestrian,2,1,0,1,1,0,2018-06-14 00:00:00+00,6/14/2018 2:27:00 PM,Mid-Block (not related to intersection),24,MOTOR VEHCILE STRUCK PEDESTRIAN,,False,Clear or Partly Cloudy,Dry,Daylight,,,,0.0,Vehicle going straight hits pedestrian,0,0,False,1
-122.376796177333,47.6877998784285,201325,292259,293199,E806594,Matched,Block,,15TH AVE NW BETWEEN NW 80TH ST AND NW 83RD ST, ,,1,Property Damage Only Collision,Parked Car,2,0,0,2,0,0,2018-06-06 00:00:00+00,6/6/2018 10:30:00 PM,Mid-Block (not related to intersection),13,"MOTOR VEHICLE STRUCK MOTOR VEHICLE, LEFT SIDE AT ANGLE",,False,Overcast,Dry,Dark - Street Lights On,,,,32.0,One parked--one moving,0,0,False,0
-122.273997589311,47.5389008244113,201326,292840,293860,3754172,Matched,Block,,S MYRTLE ST BETWEEN 46TH AVE S AND 48TH AVE S, ,,1,Property Damage Only Collision,Parked Car,2,0,0,2,0,0,2018-06-19 00:00:00+00,6/19/2018 8:30:00 AM,Mid-Block (not related to intersection),14,"MOTOR VEHICLE STRUCK MOTOR VEHICLE, REAR END",,False,Clear or Partly Cloudy,Dry,Daylight,,,,32.0,One parked--one moving,0,0,True,0
-122.320760198743,47.6111690758969,201327,297987,299107,E818124,Matched,Intersection,29772.0,BROADWAY AND MADISON ST, ,,2,Injury Collision,Angles,2,0,0,2,1,0,2018-06-17 00:00:00+00,6/17/2018 2:27:00 PM,At Intersection (intersection related),11,"MOTOR VEHICLE STRUCK MOTOR VEHICLE, FRONT END AT ANGLE",,False,Clear or Partly Cloudy,Dry,Daylight,,,,10.0,Entering at angle,0,0,False,0
-122.268233117492,47.5533363763496,201328,296257,297377,E814832,Matched,Intersection,33684.0,52ND AVE S AND WILSON N AVE S, ,,1,Property Damage Only Collision,Angles,2,0,0,2,0,0,2018-06-23 00:00:00+00,6/23/2018 7:09:00 PM,At Intersection (intersection related),11,"MOTOR VEHICLE STRUCK MOTOR VEHICLE, FRONT END AT ANGLE",True,False,Clear or Partly Cloudy,Dry,Daylight,,,,10.0,Entering at angle,0,0,False,0
-122.312464144733,47.6529759641361,201329,294337,295417,E811939,Matched,Intersection,27149.0,15TH AVE NE AND NE PACIFIC ST, ,,1,Property Damage Only Collision,Angles,2,0,0,2,0,0,2018-06-20 00:00:00+00,6/20/2018 10:44:00 AM,At Intersection (intersection related),11,"MOTOR VEHICLE STRUCK MOTOR VEHICLE, FRONT END AT ANGLE",True,False,Clear or Partly Cloudy,Dry,Daylight,,,,10.0,Entering at angle,0,0,False,0
-122.281546893569,47.5379713009927,201331,296239,297359,E814831,Matched,Block,,M L KING JR ER WAY S BETWEEN S MYRTLE ST AND S OTHELLO ST, ,,1,Property Damage Only Collision,Cycles,2,0,1,1,0,0,2018-06-27 00:00:00+00,6/27/2018 1:08:00 PM,Driveway Junction,18,"MOTOR VEHICLE STRUCK PEDALCYCLIST, FRONT END AT ANGLE",True,False,Overcast,Dry,Daylight,,,,6.0,Pedalcyclist Strikes Moving Vehicle,0,0,False,0
-122.337136892851,47.6107094377718,201332,296238,297358,E814883,Matched,Block,,4TH AVE BETWEEN PIKE ST AND PINE ST, ,,1,Property Damage Only Collision,Sideswipe,3,0,0,2,0,0,2018-07-05 00:00:00+00,7/5/2018 12:31:00 PM,Mid-Block (not related to intersection),11,"MOTOR VEHICLE STRUCK MOTOR VEHICLE, FRONT END AT ANGLE",,False,Clear or Partly Cloudy,Dry,Daylight,,,,11.0,From same direction - both going straight - both moving - sideswipe,0,0,False,0
-122.280848542816,47.5459876157985,201333,294317,295397,E811691,Matched,Intersection,33648.0,42ND AVE S AND S GRAHAM ST, ,,1,Property Damage Only Collision,Angles,2,0,0,2,0,0,2018-06-25 00:00:00+00,6/25/2018 11:30:00 AM,At Intersection (intersection related),11,"MOTOR VEHICLE STRUCK MOTOR VEHICLE, FRONT END AT ANGLE",,False,Clear or Partly Cloudy,Dry,Daylight,,,,10.0,Entering at angle,0,0,False,0
-122.360638442951,47.6232902342948,201334,297985,299105,3814095,Matched,Intersection,28645.0,3RD AVE W AND W REPUBLICAN ST, ,,2,Injury Collision,Cycles,4,0,1,1,2,0,2018-07-17 00:00:00+00,7/17/2018 7:30:00 PM,At Intersection (intersection related),18,"MOTOR VEHICLE STRUCK PEDALCYCLIST, FRONT END AT ANGLE",,False,Clear or Partly Cloudy,Dry,Dusk,,,,6.0,Pedalcyclist Strikes Moving Vehicle,0,0,False,0
-122.31782315609,47.601695163537,201336,297984,299104,3814094,Matched,Intersection,30411.0,BOREN AVE AND E YESLER WAY, ,,1,Property Damage Only Collision,Head On,2,0,0,2,0,0,2018-07-16 00:00:00+00,7/16/2018 8:04:00 PM,At Intersection (but not related to intersection),14,"MOTOR VEHICLE STRUCK MOTOR VEHICLE, REAR END",,False,Clear or Partly Cloudy,Dry,Daylight,,,,30.0,From opposite direction - all others,0,0,False,0
-122.347294317702,47.6471711193713,201337,296237,297357,E814691,Matched,Block,,AURORA BR BETWEEN RAYE ST AND BRIDGE WAY N, ,,1,Property Damage Only Collision,Other,3,0,0,2,0,0,2018-07-03 00:00:00+00,7/3/2018 11:12:00 AM,Mid-Block (not related to intersection),11,"MOTOR VEHICLE STRUCK MOTOR VEHICLE, FRONT END AT ANGLE",,False,Clear or Partly Cloudy,Dry,Daylight,,,,23.0,From same direction - all others,0,0,False,0
-122.310949419142,47.5951162837385,201338,297983,299103,3814089,Matched,Block,,RAINIER AVE S BETWEEN S DEARBORN ST AND S CHARLES N ST, ,,2,Injury Collision,Pedestrian,2,0,1,1,1,0,2018-07-16 00:00:00+00,7/16/2018 10:55:00 AM,Mid-Block (not related to intersection),18,"MOTOR VEHICLE STRUCK PEDALCYCLIST, FRONT END AT ANGLE",,False,Clear or Partly Cloudy,Dry,Daylight,,,True,5.0,Vehicle Strikes Pedalcyclist,0,0,False,0
-122.355661649386,47.5761924978007,201339,288260,289120,3745862,Matched,Block,,16TH WR AVE SW BETWEEN SW LANDER ST AND KLICKITAT AVE SW, ,,1,Property Damage Only Collision,Parked Car,4,0,0,4,0,0,2018-05-21 00:00:00+00,5/21/2018 6:00:00 PM,Mid-Block (not related to intersection),16,"MOTOR VEHICLE STRUCK MOTOR VEHICLE, LEFT SIDE SIDESWIPE",,False,Clear or Partly Cloudy,Dry,Daylight,,,,32.0,One parked--one moving,0,0,True,0
-122.320933303742,47.6236976116471,201340,296219,297339,E814882,Matched,Block,,BROADWAY E BETWEEN E REPUBLICAN ST AND E MERCER ST, ,,1,Property Damage Only Collision,Parked Car,2,0,0,2,0,0,2018-07-03 00:00:00+00,7/3/2018 1:20:00 PM,Mid-Block (not related to intersection),11,"MOTOR VEHICLE STRUCK MOTOR VEHICLE, FRONT END AT ANGLE",,False,Clear or Partly Cloudy,Dry,Daylight,,,,20.0,One car leaving parked position,0,0,False,0
-122.347217368414,47.6847634936339,201482,294359,295439,E812073,Matched,Intersection,24299.0,LINDEN AVE N AND N 77TH ST, ,,2,Injury Collision,Angles,3,0,0,2,1,0,2018-06-20 00:00:00+00,6/20/2018 6:10:00 PM,At Intersection (intersection related),11,"MOTOR VEHICLE STRUCK MOTOR VEHICLE, FRONT END AT ANGLE",,True,Clear or Partly Cloudy,Dry,Daylight,,,,10.0,Entering at angle,0,0,False,0
-122.297246641893,47.6406314540892,201341,294301,295381,E811938,Matched,Block,,LAKE WASHINGTON BLVD E BETWEEN E FOSTER ISLAND RD AND LK WASH BV ON RP, ,,2,Injury Collision,Other,2,0,0,1,1,0,2018-06-21 00:00:00+00,6/21/2018 3:55:00 PM,Mid-Block (not related to intersection),26,MOTOR VEHICLE STRUCK OBJECT IN ROAD,,False,Clear or Partly Cloudy,Dry,Daylight,,,,50.0,Fixed object,0,0,False,0
-122.326355495633,47.6004528511225,201342,296218,297338,E814881,Matched,Block,,6TH AVE S BETWEEN S WASHINGTON ST AND S MAIN ST, ,,1,Property Damage Only Collision,Parked Car,2,0,0,2,0,0,2018-07-05 00:00:00+00,7/5/2018 1:00:00 AM,Mid-Block (not related to intersection),11,"MOTOR VEHICLE STRUCK MOTOR VEHICLE, FRONT END AT ANGLE",,False,Clear or Partly Cloudy,Dry,Dark - Street Lights On,,,,32.0,One parked--one moving,0,0,True,0
-122.331471037922,47.6061947928824,201343,294299,295379,E811937,Matched,Block,,5TH AVE BETWEEN MARION ST AND MADISON ST, ,,1,Property Damage Only Collision,Rear Ended,3,0,0,3,0,0,2018-06-19 00:00:00+00,6/19/2018 1:06:00 PM,Mid-Block (not related to intersection),14,"MOTOR VEHICLE STRUCK MOTOR VEHICLE, REAR END",True,False,Clear or Partly Cloudy,Dry,Daylight,,,,13.0,From same direction - both going straight - both moving - rear-end,0,0,False,0
-122.334213469208,47.6075149975575,201344,297982,299102,3812378,Matched,Intersection,29932.0,4TH AVE AND SENECA ST, ,,1,Property Damage Only Collision,Right Turn,2,0,0,2,0,0,2018-07-18 00:00:00+00,7/18/2018 6:00:00 AM,At Intersection (intersection related),16,"MOTOR VEHICLE STRUCK MOTOR VEHICLE, LEFT SIDE SIDESWIPE",True,False,Clear or Partly Cloudy,Dry,Daylight,,,,16.0,From same direction - one right turn - one straight,0,0,False,0
-122.311993309524,47.6612619533606,201345,294298,295378,E811712,Matched,Intersection,27061.0,15TH AVE NE AND NE 45TH ST, ,,1,Property Damage Only Collision,Angles,5,0,0,2,0,0,2018-06-25 00:00:00+00,6/25/2018 4:00:00 PM,At Intersection (intersection related),11,"MOTOR VEHICLE STRUCK MOTOR VEHICLE, FRONT END AT ANGLE",,False,Clear or Partly Cloudy,Dry,Daylight,,,,10.0,Entering at angle,0,0,False,0
-122.27002091737,47.5171514058695,201346,296939,298078,E816708,Matched,Intersection,35485.0,51ST AVE S AND RENTON AVE S, ,,1,Property Damage Only Collision,Rear Ended,2,0,0,2,0,0,2018-06-25 00:00:00+00,6/25/2018 10:07:00 AM,At Intersection (intersection related),14,"MOTOR VEHICLE STRUCK MOTOR VEHICLE, REAR END",,False,Clear or Partly Cloudy,Dry,Daylight,,,,14.0,From same direction - both going straight - one stopped - rear-end,0,0,False,0
-122.3337313001,47.590312347916,201347,295303,296403,3755144,Matched,Block,,EDGAR MARTINEZ DR S BETWEEN 1ST AVE S AND OCCIDENTAL AVE S,NEI,"Not Enough Information, or Insufficient Location Information",1,Property Damage Only Collision,Sideswipe,2,0,0,2,0,0,2018-07-05 00:00:00+00,7/5/2018 2:00:00 PM,,0,NOT ENOUGH INFORMATION / NOT APPLICABLE,,False,Unknown,Unknown,Daylight,,,,11.0,From same direction - both going straight - both moving - sideswipe,0,0,False,0
-122.320780367438,47.6140756667707,201349,296938,298077,E813909,Matched,Intersection,29745.0,BROADWAY AND E PIKE ST, ,,1,Property Damage Only Collision,Other,4,0,0,2,0,0,2018-06-25 00:00:00+00,6/25/2018 1:11:00 AM,At Intersection (intersection related),11,"MOTOR VEHICLE STRUCK MOTOR VEHICLE, FRONT END AT ANGLE",,False,Raining,Wet,Dark - Street Lights On,,,,23.0,From same direction - all others,0,0,False,0
-122.33845100865,47.6226238282359,201350,288259,289119,3703783,Matched,Block,,WESTLAKE AVE N BETWEEN HARRISON ST AND REPUBLICAN ST, ,,1,Property Damage Only Collision,Parked Car,2,0,0,2,0,0,2018-05-22 00:00:00+00,5/22/2018 12:53:00 PM,Mid-Block (not related to intersection),14,"MOTOR VEHICLE STRUCK MOTOR VEHICLE, REAR END",,False,Clear or Partly Cloudy,Dry,Daylight,,,,32.0,One parked--one moving,0,0,True,0
-122.326803552881,47.6167079341144,201351,296937,298061,E813907,Matched,Block,,BELLEVUE AVE BETWEEN E OLIVE ST AND E OLIVE WAY, ,,1,Property Damage Only Collision,Parked Car,2,0,0,2,0,0,2018-06-19 00:00:00+00,6/19/2018 6:55:00 PM,Mid-Block (not related to intersection),11,"MOTOR VEHICLE STRUCK MOTOR VEHICLE, FRONT END AT ANGLE",,False,Clear or Partly Cloudy,Dry,Daylight,,,,32.0,One parked--one moving,0,0,False,0
-122.295233054475,47.719278750446,201352,295302,296402,3751170,Matched,Intersection,36601.0,LAKE CITY WAY NE AND NE 125TH ST, ,,1,Property Damage Only Collision,Rear Ended,4,0,0,2,0,0,2018-07-04 00:00:00+00,7/4/2018 2:34:00 PM,At Intersection (intersection related),14,"MOTOR VEHICLE STRUCK MOTOR VEHICLE, REAR END",,True,Clear or Partly Cloudy,Dry,Daylight,,,,14.0,From same direction - both going straight - one stopped - rear-end,0,0,False,0
-122.321541459845,47.6199029608032,201353,295299,296399,3745958,Matched,Block,,E OLIVE WAY BETWEEN HARVARD AVE E AND BROADWAY E, ,,1,Property Damage Only Collision,Parked Car,2,0,0,2,0,0,2018-07-03 00:00:00+00,7/3/2018 3:48:00 PM,Mid-Block (not related to intersection),26,MOTOR VEHICLE STRUCK OBJECT IN ROAD,True,False,Clear or Partly Cloudy,Dry,Daylight,,,,32.0,One parked--one moving,0,0,False,0
-122.298512266049,47.6692538436777,201355,295297,296397,E813285,Matched,Block,,27TH AVE NE BETWEEN NE 55TH ST AND NE 57TH ST,NEI,"Not Enough Information, or Insufficient Location Information",1,Property Damage Only Collision,Parked Car,2,0,0,2,0,0,2018-06-30 00:00:00+00,6/30/2018 12:15:00 PM,,0,NOT ENOUGH INFORMATION / NOT APPLICABLE,,False,Clear or Partly Cloudy,Dry,Daylight,,,,32.0,One parked--one moving,0,0,True,0
-122.319446782497,47.614085161956,201358,296920,298059,E813846,Matched,Intersection,29746.0,10TH AVE AND E PIKE ST, ,,1,Property Damage Only Collision,Head On,3,0,0,2,0,0,2018-06-27 00:00:00+00,6/27/2018 1:59:00 PM,At Intersection (intersection related),11,"MOTOR VEHICLE STRUCK MOTOR VEHICLE, FRONT END AT ANGLE",,False,Clear or Partly Cloudy,Dry,Daylight,,,,30.0,From opposite direction - all others,0,0,False,0
-122.349284108457,47.5336707572001,201360,296919,298058,E813678,Matched,Block,,11TH AVE SW BETWEEN SW HOLDEN ST AND SW PORTLAND ST, ,,2,Injury Collision,Rear Ended,2,0,0,2,1,0,2018-06-30 00:00:00+00,6/30/2018 2:46:00 PM,Mid-Block (not related to intersection),14,"MOTOR VEHICLE STRUCK MOTOR VEHICLE, REAR END",,False,Raining,Wet,Daylight,,,,13.0,From same direction - both going straight - both moving - rear-end,0,0,False,0
-122.391304238607,47.5266931572796,201361,295282,296382,3745594,Matched,Block,,FAUNTLEROY PL SW BETWEEN 46TH AVE SW AND SW CLOVERDALE ST, ,,2,Injury Collision,Rear Ended,2,0,0,2,1,0,2018-07-02 00:00:00+00,7/2/2018 1:40:00 PM,Mid-Block (not related to intersection),14,"MOTOR VEHICLE STRUCK MOTOR VEHICLE, REAR END",True,True,Clear or Partly Cloudy,Dry,Daylight,,,,13.0,From same direction - both going straight - both moving - rear-end,0,0,False,0
-122.359833252972,47.521029000811,201363,295281,296381,3745544,Matched,Block,,SW BARTON ST BETWEEN 20TH AVE SW AND 21ST AVE SW, ,,1,Property Damage Only Collision,Head On,2,0,0,2,0,0,2018-07-05 00:00:00+00,7/5/2018 4:41:00 PM,Mid-Block (not related to intersection),14,"MOTOR VEHICLE STRUCK MOTOR VEHICLE, REAR END",,False,Clear or Partly Cloudy,Dry,Daylight,,,,30.0,From opposite direction - all others,0,0,True,0
-122.385483472981,47.5601969076988,201365,296918,298057,E813676,Matched,Block,,42ND AVE SW BETWEEN SW ALASKA ST AND SW EDMUNDS ST, ,,1,Property Damage Only Collision,Parked Car,2,0,0,2,0,0,2018-06-27 00:00:00+00,6/27/2018 11:30:00 AM,Mid-Block (not related to intersection),11,"MOTOR VEHICLE STRUCK MOTOR VEHICLE, FRONT END AT ANGLE",,False,Clear or Partly Cloudy,Dry,Daylight,,,,32.0,One parked--one moving,0,0,False,0
-122.362931427083,47.5563570945921,201366,295280,296380,3745543,Matched,Block,,DELRIDGE WAY SW BETWEEN SW HUDSON ST AND PUGET BLVD SW, ,,2,Injury Collision,Rear Ended,3,0,0,2,1,0,2018-07-03 00:00:00+00,7/3/2018 10:15:00 PM,Mid-Block (not related to intersection),14,"MOTOR VEHICLE STRUCK MOTOR VEHICLE, REAR END",,False,Clear or Partly Cloudy,Dry,Dark - Street Lights On,,,,13.0,From same direction - both going straight - both moving - rear-end,0,0,False,0
-122.360970694412,47.5714589434273,201368,295279,296379,3745542,Matched,Block,,WEST SEATTLE BR EB BETWEEN DELRIDGE-W SEATTLE BR EB ON RP AND 26TH AV SW ON RP, ,,2,Injury Collision,Rear Ended,2,0,0,2,2,0,2018-07-03 00:00:00+00,7/3/2018 2:12:00 PM,Mid-Block (not related to intersection),14,"MOTOR VEHICLE STRUCK MOTOR VEHICLE, REAR END",,False,Clear or Partly Cloudy,Dry,Daylight,,,,14.0,From same direction - both going straight - one stopped - rear-end,0,0,False,0
-122.376761116968,47.6768204718322,201370,296917,298037,E813291,Matched,Block,,15TH AVE NW BETWEEN NW 65TH ST AND NW 67TH ST, ,,2,Injury Collision,Rear Ended,7,0,0,3,2,0,2018-06-23 00:00:00+00,6/23/2018 3:12:00 PM,Mid-Block (not related to intersection),14,"MOTOR VEHICLE STRUCK MOTOR VEHICLE, REAR END",,False,Clear or Partly Cloudy,Dry,Daylight,,,,14.0,From same direction - both going straight - one stopped - rear-end,0,0,False,0
-122.317222846923,47.599189062752,201373,296278,297398,E814886,Matched,Intersection,30427.0,12TH AVE S AND S JACKSON ST, ,,2,Injury Collision,Left Turn,3,0,0,2,1,0,2018-06-28 00:00:00+00,6/28/2018,At Intersection (intersection related),11,"MOTOR VEHICLE STRUCK MOTOR VEHICLE, FRONT END AT ANGLE",,False,Clear or Partly Cloudy,Dry,Dark - Street Lights On,,,,28.0,From opposite direction - one left turn - one straight,0,0,False,0
-122.311926281462,47.6752743968342,201374,294357,295437,E811698,Matched,Block,,15TH AVE NE BETWEEN NE 63RD ST AND NE 65TH ST, ,,1,Property Damage Only Collision,Other,3,0,0,2,0,0,2018-06-13 00:00:00+00,6/13/2018 3:15:00 PM,Mid-Block (but intersection related),14,"MOTOR VEHICLE STRUCK MOTOR VEHICLE, REAR END",,False,Clear or Partly Cloudy,Dry,Daylight,,,,23.0,From same direction - all others,0,0,False,0
-122.278717187814,47.5116020735058,201375,296277,297397,E814833,Matched,Block,,M L KING JR WR WAY S BETWEEN S NORFOLK ST AND CITY LIMITS, ,,1,Property Damage Only Collision,Sideswipe,2,0,0,2,0,0,2018-07-03 00:00:00+00,7/3/2018 2:59:00 PM,Mid-Block (not related to intersection),11,"MOTOR VEHICLE STRUCK MOTOR VEHICLE, FRONT END AT ANGLE",,False,Clear or Partly Cloudy,Dry,Daylight,,,,11.0,From same direction - both going straight - both moving - sideswipe,0,0,False,0
-122.302065768514,47.6129413684477,201376,297989,299109,3814113,Matched,Block,,E UNION ST BETWEEN 23RD AVE AND 24TH AVE,NEI,"Not Enough Information, or Insufficient Location Information",1,Property Damage Only Collision,Parked Car,3,0,0,2,0,0,2018-07-15 00:00:00+00,7/15/2018 9:30:00 PM,Mid-Block (not related to intersection),0,NOT ENOUGH INFORMATION / NOT APPLICABLE,,False,Clear or Partly Cloudy,Dry,Dark - Street Lights On,,,,32.0,One parked--one moving,0,0,False,0
-122.36872499088,47.6987946448834,201377,294339,295419,E812071,Matched,Block,,9TH AVE NW BETWEEN HOLMAN RD NW AND NW 96TH ST, ,,2,Injury Collision,Head On,4,0,0,2,1,0,2018-06-19 00:00:00+00,6/19/2018 2:30:00 PM,Mid-Block (not related to intersection),11,"MOTOR VEHICLE STRUCK MOTOR VEHICLE, FRONT END AT ANGLE",,False,Clear or Partly Cloudy,Dry,Daylight,,,,30.0,From opposite direction - all others,0,0,False,0
-122.388980608789,47.6405860686472,201378,293777,294817,E810303,Matched,Block,,25TH AVE W BETWEEN W MCGRAW ST AND W SMITH ST,NEI,"Not Enough Information, or Insufficient Location Information",1,Property Damage Only Collision,,2,0,0,2,0,0,2018-05-25 00:00:00+00,5/25/2018 12:00:00 PM,,0,NOT ENOUGH INFORMATION / NOT APPLICABLE,True,False,Unknown,Unknown,Unknown,,,,,,0,0,True,0
-122.345338191978,47.6625101941988,201379,294338,295418,E812026,Matched,Block,,GREEN LAKE WAY N BETWEEN N 46TH ST AND WOODLAND PARK AVE N, ,,1,Property Damage Only Collision,Angles,2,0,0,2,0,0,2018-06-16 00:00:00+00,6/16/2018 3:46:00 PM,Mid-Block (not related to intersection),11,"MOTOR VEHICLE STRUCK MOTOR VEHICLE, FRONT END AT ANGLE",,False,Clear or Partly Cloudy,Dry,Daylight,,,,10.0,Entering at angle,0,0,False,0
-122.373595044014,47.6625655654655,201380,293772,294812,E810302,Matched,Block,,14TH AVE NW BETWEEN NW 46TH ST AND NW BALLARD WAY,NEI,"Not Enough Information, or Insufficient Location Information",1,Property Damage Only Collision,Parked Car,2,0,0,2,0,0,2018-06-17 00:00:00+00,6/17/2018 1:30:00 PM,,0,NOT ENOUGH INFORMATION / NOT APPLICABLE,True,False,Clear or Partly Cloudy,Dry,Daylight,,,,32.0,One parked--one moving,0,0,True,0
-122.309935116091,47.59379007488,201382,297988,299108,3814098,Matched,Block,,RAINIER AVE S BETWEEN S CHARLES S ST AND S NORMAN ST, ,,2,Injury Collision,Other,3,0,0,2,1,0,2018-07-18 00:00:00+00,7/18/2018 10:33:00 PM,Mid-Block (not related to intersection),11,"MOTOR VEHICLE STRUCK MOTOR VEHICLE, FRONT END AT ANGLE",,False,Clear or Partly Cloudy,Dry,Dark - Street Lights On,,,,23.0,From same direction - all others,0,0,False,0
-122.326015472463,47.7109230911207,201383,290459,291339,E804015,Matched,Block,,3RD AVE NE BETWEEN NE 112TH ST AND NE 115TH ST, ,,1,Property Damage Only Collision,Parked Car,2,0,0,2,0,0,2018-06-01 00:00:00+00,6/1/2018 3:41:00 PM,Driveway Junction,14,"MOTOR VEHICLE STRUCK MOTOR VEHICLE, REAR END",,False,Clear or Partly Cloudy,Dry,Unknown,,,,32.0,One parked--one moving,0,0,True,0
-122.3174895077,47.6831111823573,201384,289324,290184,E801917,Matched,Intersection,24431.0,ROOSEVELT WAY NE AND NE 75TH ST, ,,1,Property Damage Only Collision,Angles,3,0,0,2,0,0,2018-05-25 00:00:00+00,5/25/2018 5:55:00 PM,At Intersection (intersection related),11,"MOTOR VEHICLE STRUCK MOTOR VEHICLE, FRONT END AT ANGLE",,False,Clear or Partly Cloudy,Dry,Daylight,,,,10.0,Entering at angle,0,0,False,0
-122.308658128608,47.7302602927103,201386,289323,290183,E801912,Matched,Intersection,36085.0,19TH AVE NE AND NE 140TH ST, ,,1,Property Damage Only Collision,Angles,2,0,0,2,0,0,2018-05-21 00:00:00+00,5/21/2018 11:14:00 AM,At Intersection (intersection related),11,"MOTOR VEHICLE STRUCK MOTOR VEHICLE, FRONT END AT ANGLE",,False,Clear or Partly Cloudy,Dry,Daylight,,,,10.0,Entering at angle,0,0,False,0
-122.317521293523,47.6534519478698,201387,289857,290717,E803148,Matched,Block,,NE BOAT ST BETWEEN NE PACIFIC ST AND NE BOAT WR ST, ,,1,Property Damage Only Collision,Parked Car,2,0,0,2,0,0,2018-05-28 00:00:00+00,5/28/2018 4:30:00 PM,Driveway Junction,14,"MOTOR VEHICLE STRUCK MOTOR VEHICLE, REAR END",True,False,Clear or Partly Cloudy,Sand/Mud/Dirt,Daylight,,,,32.0,One parked--one moving,0,0,True,0
-122.355538539534,47.7196013588737,201388,289322,290182,3754303,Matched,Intersection,35841.0,GREENWOOD AVE N AND N 125TH ST, ,,2,Injury Collision,Rear Ended,2,0,0,2,1,0,2018-05-28 00:00:00+00,5/28/2018 3:07:00 PM,At Intersection (intersection related),14,"MOTOR VEHICLE STRUCK MOTOR VEHICLE, REAR END",,False,Clear or Partly Cloudy,Dry,Daylight,,,,14.0,From same direction - both going straight - one stopped - rear-end,0,0,False,0
-122.334436914046,47.5715142436568,201389,289840,290700,E801714,Matched,Block,,WEST SEATTLE BR EB BETWEEN W SEA BR EB 4 AV OFF RP AND 1ST AV S OFF RP, ,,1,Property Damage Only Collision,Rear Ended,4,0,0,3,0,0,2018-05-17 00:00:00+00,5/17/2018 10:13:00 AM,Mid-Block (not related to intersection),14,"MOTOR VEHICLE STRUCK MOTOR VEHICLE, REAR END",True,False,Overcast,Dry,Daylight,,,,13.0,From same direction - both going straight - both moving - rear-end,0,0,False,0
-122.337591981588,47.6112073727931,201391,289321,290181,3812176,Matched,Intersection,29579.0,4TH AVE AND PINE ST, ,,2,Injury Collision,Sideswipe,3,0,0,2,3,0,2018-05-28 00:00:00+00,5/28/2018 12:22:00 AM,At Intersection (intersection related),11,"MOTOR VEHICLE STRUCK MOTOR VEHICLE, FRONT END AT ANGLE",True,False,Clear or Partly Cloudy,Dry,Dark - Street Lights On,,,,11.0,From same direction - both going straight - both moving - sideswipe,0,0,False,0
-122.376217451355,47.6667964265639,201395,289837,290697,E803145,Matched,Block,,15TH AVE NW BETWEEN NW 52ND ST AND NW 53RD ST, ,,2,Injury Collision,Left Turn,2,0,0,2,1,0,2018-05-23 00:00:00+00,5/23/2018 3:35:00 PM,Mid-Block (not related to intersection),11,"MOTOR VEHICLE STRUCK MOTOR VEHICLE, FRONT END AT ANGLE",True,False,Clear or Partly Cloudy,Dry,Daylight,,,,28.0,From opposite direction - one left turn - one straight,0,0,False,0
-122.330688998166,47.607016837543,201396,288841,289701,E799759,Matched,Intersection,29947.0,6TH AVE AND MADISON ST,NEI,"Not Enough Information, or Insufficient Location Information",1,Property Damage Only Collision,Rear Ended,2,0,0,2,0,0,2018-05-18 00:00:00+00,5/18/2018 2:15:00 PM,At Intersection (intersection related),0,NOT ENOUGH INFORMATION / NOT APPLICABLE,,False,Clear or Partly Cloudy,Dry,Daylight,,,,14.0,From same direction - both going straight - one stopped - rear-end,0,0,False,0
-122.344996819426,47.7250341828433,201397,289817,290677,E801640,Matched,Block,,AURORA AVE N BETWEEN N 130TH ST AND N 135TH ST, ,,2b,Serious Injury Collision,Rear Ended,4,0,0,2,1,0,2018-05-24 00:00:00+00,5/24/2018 2:47:00 PM,Mid-Block (but intersection related),14,"MOTOR VEHICLE STRUCK MOTOR VEHICLE, REAR END",,False,Clear or Partly Cloudy,Dry,Daylight,,,,14.0,From same direction - both going straight - one stopped - rear-end,0,0,False,1
-122.389157983804,47.6384148894547,201398,289810,290670,E801897,Matched,Block,,W BOSTON ST BETWEEN THORNDYKE AVE W AND 26TH AVE W, ,,1,Property Damage Only Collision,Parked Car,4,0,0,4,0,0,2018-05-25 00:00:00+00,5/25/2018 1:34:00 PM,Mid-Block (not related to intersection),16,"MOTOR VEHICLE STRUCK MOTOR VEHICLE, LEFT SIDE SIDESWIPE",,False,Clear or Partly Cloudy,Dry,Daylight,,,,32.0,One parked--one moving,0,0,False,0