longitude,latitude,objectid,inckey,coldetkey,reportno,status,addrtype,intkey,location,exceptrsncode,exceptrsndesc,severitycode,severitydesc,collisiontype,personcount,pedcount,pedcylcount,vehcount,injuries,fatalities,incdate,incdttm,junctiontype,sdot_colcode,sdot_coldesc,inattentionind,underinfl,weather,roadcond,lightcond,pedrownotgrnt,sdotcolnum,speeding,st_colcode,st_coldesc,seglanekey,crosswalkkey,hitparkedcar,seriousinjuries
-122.290902464437,47.5394676569025,201400,288839,289699,E799757,Matched,Block,,32ND AVE S BETWEEN S FRONTENAC ST AND S MYRTLE ST,NEI,"Not Enough Information, or Insufficient Location Information",1,Property Damage Only Collision,Other,4,0,0,2,0,0,2018-05-19 00:00:00+00,5/19/2018 1:20:00 AM,,0,NOT ENOUGH INFORMATION / NOT APPLICABLE,,False,Clear or Partly Cloudy,Dry,Dark - Street Lights On,,,,31.0,Not stated,0,0,False,0
-122.337187303449,47.6052841831383,201402,289808,290668,E801895,Matched,Block,,SPRING ST BETWEEN POST AVE AND 1ST AVE, ,,1,Property Damage Only Collision,Other,3,0,0,2,0,0,2018-05-24 00:00:00+00,5/24/2018 12:34:00 PM,Mid-Block (not related to intersection),11,"MOTOR VEHICLE STRUCK MOTOR VEHICLE, FRONT END AT ANGLE",,False,Clear or Partly Cloudy,Dry,Daylight,,,,23.0,From same direction - all others,0,0,False,0
-122.318814476387,47.6152497520001,201403,288838,289698,E799756,Matched,Block,,E PINE ST BETWEEN 10TH AVE AND 11TH AVE,NEI,"Not Enough Information, or Insufficient Location Information",1,Property Damage Only Collision,Parked Car,2,0,0,2,0,0,2018-05-11 00:00:00+00,5/11/2018 8:00:00 PM,Mid-Block (not related to intersection),0,NOT ENOUGH INFORMATION / NOT APPLICABLE,,False,Clear or Partly Cloudy,Dry,Dark - Street Lights On,,,,32.0,One parked--one moving,0,0,False,0
-122.32331622062,47.7099951774075,201404,289329,290189,E802113,Matched,Intersection,36533.0,5TH AVE NE AND NE 112TH N ST, ,,1,Property Damage Only Collision,Angles,3,0,0,2,0,0,2018-05-26 00:00:00+00,5/26/2018 5:43:00 PM,At Intersection (intersection related),11,"MOTOR VEHICLE STRUCK MOTOR VEHICLE, FRONT END AT ANGLE",,False,Clear or Partly Cloudy,Dry,Daylight,,,,10.0,Entering at angle,0,0,False,0
-122.347240807057,47.6938299962499,201405,288817,289677,E799849,Matched,Block,,LINDEN AVE N BETWEEN N 89TH ST AND N 90TH ST, ,,1,Property Damage Only Collision,Parked Car,2,0,0,2,0,0,2018-05-20 00:00:00+00,5/20/2018 6:55:00 PM,Mid-Block (not related to intersection),11,"MOTOR VEHICLE STRUCK MOTOR VEHICLE, FRONT END AT ANGLE",,False,Clear or Partly Cloudy,Dry,Daylight,,,,32.0,One parked--one moving,0,0,True,0
-122.330421255084,47.6850707490192,201406,289328,290188,E802105,Matched,Intersection,24541.0,CORLISS AVE N AND N 77TH ST, ,,1,Property Damage Only Collision,Angles,2,0,0,2,0,0,2018-05-23 00:00:00+00,5/23/2018 3:57:00 PM,At Intersection (intersection related),11,"MOTOR VEHICLE STRUCK MOTOR VEHICLE, FRONT END AT ANGLE",,False,Clear or Partly Cloudy,Dry,Daylight,,,True,10.0,Entering at angle,0,0,False,0
-122.32905101651,47.6555582466322,201407,288797,289657,E799848,Matched,Intersection,27232.0,EASTERN AVE N AND N 40TH ST, ,,1,Property Damage Only Collision,Rear Ended,4,0,0,3,0,0,2018-05-19 00:00:00+00,5/19/2018 4:43:00 PM,At Intersection (intersection related),14,"MOTOR VEHICLE STRUCK MOTOR VEHICLE, REAR END",,False,Unknown,Unknown,Unknown,,,,14.0,From same direction - both going straight - one stopped - rear-end,0,0,False,0
-122.28542222454,47.5388792641441,201408,290464,291344,3643057,Matched,Block,,S MYRTLE ST BETWEEN 37TH AVE S AND 38TH AVE S, ,,1,Property Damage Only Collision,Parked Car,2,0,0,2,0,0,2018-06-02 00:00:00+00,6/2/2018 12:45:00 PM,Mid-Block (not related to intersection),11,"MOTOR VEHICLE STRUCK MOTOR VEHICLE, FRONT END AT ANGLE",,False,Overcast,Dry,Daylight,,,,32.0,One parked--one moving,0,0,True,0
-122.35532769334,47.6760019296348,201410,289327,290187,E802102,Matched,Intersection,24362.0,GREENWOOD AVE N AND N 65TH ST, ,,1,Property Damage Only Collision,Angles,2,0,0,2,0,0,2018-05-23 00:00:00+00,5/23/2018 4:17:00 PM,At Intersection (intersection related),11,"MOTOR VEHICLE STRUCK MOTOR VEHICLE, FRONT END AT ANGLE",,False,Clear or Partly Cloudy,Dry,Daylight,,,,10.0,Entering at angle,0,0,False,0
-122.269981182021,47.5353036436121,201411,288281,289141,E798536,Matched,Block,,RAINIER AVE S BETWEEN S FONTANELLE ST AND S AUSTIN ST, ,,2,Injury Collision,Rear Ended,4,0,0,2,1,0,2018-05-15 00:00:00+00,5/15/2018 6:53:00 PM,Mid-Block (not related to intersection),14,"MOTOR VEHICLE STRUCK MOTOR VEHICLE, REAR END",,False,Clear or Partly Cloudy,Dry,Daylight,,,,13.0,From same direction - both going straight - both moving - rear-end,0,0,False,0
-122.290254230962,47.6739847313426,201412,289326,290186,E802100,Matched,Intersection,26189.0,35TH AVE NE AND NE 62ND ST, ,,2,Injury Collision,Angles,2,0,0,2,1,0,2018-05-22 00:00:00+00,5/22/2018 5:01:00 PM,At Intersection (intersection related),11,"MOTOR VEHICLE STRUCK MOTOR VEHICLE, FRONT END AT ANGLE",True,False,Clear or Partly Cloudy,Dry,Daylight,,,,10.0,Entering at angle,0,0,False,0
-122.310151236465,47.6155898632955,201413,290463,291343,E804195,Matched,Intersection,30132.0,17TH AVE AND E MADISON ST, ,,2,Injury Collision,Angles,2,0,0,2,1,0,2018-05-29 00:00:00+00,5/29/2018 4:59:00 PM,At Intersection (intersection related),11,"MOTOR VEHICLE STRUCK MOTOR VEHICLE, FRONT END AT ANGLE",,True,Clear or Partly Cloudy,Dry,Daylight,,,,10.0,Entering at angle,0,0,False,0
-122.312193261086,47.6885081563285,201414,289325,290185,E802097,Matched,Intersection,24386.0,15TH AVE NE AND NE 82ND ST, ,,2,Injury Collision,Angles,3,0,0,2,2,0,2018-05-22 00:00:00+00,5/22/2018 3:23:00 PM,At Intersection (intersection related),11,"MOTOR VEHICLE STRUCK MOTOR VEHICLE, FRONT END AT ANGLE",,False,Clear or Partly Cloudy,Dry,Daylight,,,,10.0,Entering at angle,0,0,False,0
-122.307409157873,47.6167327589873,201415,290462,291342,E804193,Matched,Intersection,30125.0,19TH AVE AND E MADISON ST, ,,2,Injury Collision,Left Turn,6,0,0,2,1,0,2018-05-24 00:00:00+00,5/24/2018 5:18:00 PM,At Intersection (intersection related),11,"MOTOR VEHICLE STRUCK MOTOR VEHICLE, FRONT END AT ANGLE",True,False,Clear or Partly Cloudy,Dry,Daylight,,,,28.0,From opposite direction - one left turn - one straight,0,0,False,0
-122.360695015622,47.6759964540637,201417,290461,291341,E804114,Matched,Intersection,25243.0,3RD AVE NW AND NW 65TH ST, ,,1,Property Damage Only Collision,Angles,2,0,0,2,0,0,2018-06-02 00:00:00+00,6/2/2018 10:44:00 AM,At Intersection (intersection related),11,"MOTOR VEHICLE STRUCK MOTOR VEHICLE, FRONT END AT ANGLE",,False,Clear or Partly Cloudy,Dry,Daylight,,,,10.0,Entering at angle,0,0,False,0
-122.403279171056,47.5821219167664,201419,288278,289138,3745863,Matched,Block,,ALKI AVE SW BETWEEN 55TH AVE SW AND 56TH AVE SW, ,,2,Injury Collision,Other,3,0,0,2,1,0,2018-05-22 00:00:00+00,5/22/2018 8:35:00 PM,Mid-Block (not related to intersection),29,MOTOR VEHICLE OVERTURNED IN ROAD,True,False,Clear or Partly Cloudy,Dry,Dusk,,,,52.0,Vehicle overturned,0,0,False,0
-122.322052373549,47.5975078472368,201420,290460,291340,3812204,Matched,Block,,S WELLER ST BETWEEN 8TH AVE S AND DEAD END, ,,1,Property Damage Only Collision,Parked Car,2,0,0,2,0,0,2018-06-02 00:00:00+00,6/2/2018 2:50:00 PM,Mid-Block (not related to intersection),11,"MOTOR VEHICLE STRUCK MOTOR VEHICLE, FRONT END AT ANGLE",,False,Clear or Partly Cloudy,Dry,Daylight,,,,32.0,One parked--one moving,0,0,True,0
-122.376669110507,47.5237579927866,201421,292848,293868,3753214,Matched,Block,,35TH AVE SW BETWEEN SW TRENTON ST AND SW HENDERSON ST, ,,1,Property Damage Only Collision,Rear Ended,2,0,0,2,0,0,2018-06-13 00:00:00+00,6/13/2018 7:10:00 PM,Mid-Block (not related to intersection),14,"MOTOR VEHICLE STRUCK MOTOR VEHICLE, REAR END",,False,Overcast,Dry,Daylight,,,,14.0,From same direction - both going straight - one stopped - rear-end,0,0,False,0
-122.316854168659,47.6152639327782,201422,291479,292379,3702270,Matched,Intersection,29740.0,12TH AVE AND E PINE ST, ,,1,Property Damage Only Collision,Pedestrian,2,0,1,1,0,0,2018-06-12 00:00:00+00,6/12/2018 1:32:00 PM,At Intersection (intersection related),18,"MOTOR VEHICLE STRUCK PEDALCYCLIST, FRONT END AT ANGLE",True,False,Clear or Partly Cloudy,Dry,Daylight,True,,,5.0,Vehicle Strikes Pedalcyclist,0,0,False,0
-122.348561557442,47.6905748993338,201423,292847,293867,3751140,Matched,Block,,N 85TH ST BETWEEN FREMONT AVE N AND LINDEN AVE N, ,,1,Property Damage Only Collision,Angles,2,0,0,2,0,0,2018-06-13 00:00:00+00,6/13/2018 7:00:00 AM,Driveway Junction,11,"MOTOR VEHICLE STRUCK MOTOR VEHICLE, FRONT END AT ANGLE",,False,Raining,Wet,Daylight,,,,10.0,Entering at angle,0,0,False,0
-122.314165590484,47.6703439774778,201424,292846,293866,3751139,Matched,Block,,BROOKLYN AVE NE BETWEEN NE 56TH ST AND NE RAVENNA EB BV, ,,1,Property Damage Only Collision,Parked Car,2,0,0,2,0,0,2018-06-10 00:00:00+00,6/10/2018 1:00:00 PM,Mid-Block (not related to intersection),11,"MOTOR VEHICLE STRUCK MOTOR VEHICLE, FRONT END AT ANGLE",,False,Clear or Partly Cloudy,Dry,Daylight,,,,32.0,One parked--one moving,0,0,True,0
-122.349642279044,47.6185791172524,201425,291478,292378,3578884,Matched,Block,,DENNY WAY BETWEEN BROAD ST AND 4TH AVE, ,,1,Property Damage Only Collision,Other,1,0,0,1,0,0,2018-05-31 00:00:00+00,5/31/2018 3:31:00 PM,Mid-Block (not related to intersection),26,MOTOR VEHICLE STRUCK OBJECT IN ROAD,,True,Clear or Partly Cloudy,Dry,Daylight,,,,50.0,Fixed object,0,0,False,0
-122.352886851743,47.6518860752943,201426,291477,292377,3578844,Matched,Block,,N 36TH ST BETWEEN FRANCIS AVE N AND DAYTON AVE N,NEI,"Not Enough Information, or Insufficient Location Information",1,Property Damage Only Collision,Parked Car,3,0,0,2,0,0,2018-06-07 00:00:00+00,6/7/2018 1:00:00 PM,Mid-Block (not related to intersection),0,NOT ENOUGH INFORMATION / NOT APPLICABLE,,False,Clear or Partly Cloudy,Dry,Daylight,,,,32.0,One parked--one moving,0,0,False,0
-122.355438612851,47.6203505519952,201428,293786,294826,E810318,Matched,Block,,1ST AVE N BETWEEN JOHN ST AND THOMAS ST, ,,2,Injury Collision,Left Turn,2,0,0,2,1,0,2018-06-06 00:00:00+00,6/6/2018 3:47:00 PM,Mid-Block (not related to intersection),11,"MOTOR VEHICLE STRUCK MOTOR VEHICLE, FRONT END AT ANGLE",,False,Clear or Partly Cloudy,Dry,Daylight,,,,15.0,From same direction - one left turn - one straight,0,0,False,0
-122.281680785668,47.6188114474034,201429,292844,293864,3814053,Matched,Block,,LAKE WASHINGTON BLVD E BETWEEN E HOWELL ST AND E DENNY BLAINE S PL, ,,1,Property Damage Only Collision,Parked Car,3,0,0,2,0,0,2018-06-20 00:00:00+00,6/20/2018 4:00:00 PM,Mid-Block (not related to intersection),16,"MOTOR VEHICLE STRUCK MOTOR VEHICLE, LEFT SIDE SIDESWIPE",,False,Clear or Partly Cloudy,Dry,Daylight,,,,32.0,One parked--one moving,0,0,True,0
-122.326357078566,47.6000320567247,201430,291464,292364,3812280,Matched,Intersection,30500.0,6TH AVE S AND S MAIN ST, ,,1,Property Damage Only Collision,Angles,2,0,0,2,0,0,2018-06-08 00:00:00+00,6/8/2018 4:07:00 PM,At Intersection (intersection related),11,"MOTOR VEHICLE STRUCK MOTOR VEHICLE, FRONT END AT ANGLE",,False,Raining,Wet,Daylight,,,,10.0,Entering at angle,0,0,False,0
-122.31308447915,47.5979126521855,201431,292843,293863,3814052,Matched,Block,,RAINIER AVE S BETWEEN S KING ST AND S WELLER ST, ,,1,Property Damage Only Collision,Rear Ended,2,0,0,2,0,0,2018-06-19 00:00:00+00,6/19/2018 7:50:00 PM,Mid-Block (not related to intersection),14,"MOTOR VEHICLE STRUCK MOTOR VEHICLE, REAR END",True,False,Clear or Partly Cloudy,Dry,Daylight,,,,14.0,From same direction - both going straight - one stopped - rear-end,0,0,False,0
-122.284786184496,47.5446131514496,201432,291463,292363,3754170,Matched,Intersection,34520.0,M L KING JR ER WAY S AND S ANGEL PL, ,,1,Property Damage Only Collision,Rear Ended,3,0,0,2,0,0,2018-06-02 00:00:00+00,6/2/2018 5:14:00 PM,At Intersection (intersection related),14,"MOTOR VEHICLE STRUCK MOTOR VEHICLE, REAR END",True,False,Clear or Partly Cloudy,Dry,Daylight,,,,13.0,From same direction - both going straight - both moving - rear-end,0,0,False,0
-122.352609591039,47.6778116679089,201434,291462,292362,3754136,Matched,Intersection,24353.0,DAYTON AVE N AND N 67TH ST, ,,1,Property Damage Only Collision,Angles,2,0,0,2,0,0,2018-06-05 00:00:00+00,6/5/2018 5:05:00 PM,At Intersection (intersection related),11,"MOTOR VEHICLE STRUCK MOTOR VEHICLE, FRONT END AT ANGLE",,False,Clear or Partly Cloudy,Dry,Daylight,,,,10.0,Entering at angle,0,0,False,0
-122.354150421014,47.6182418850975,201436,292842,293862,3812044,Matched,Block,,WARREN PL BETWEEN 1ST AVE AND DENNY WAY, ,,1,Property Damage Only Collision,Other,2,0,0,2,0,0,2018-06-19 00:00:00+00,6/19/2018 5:28:00 PM,Mid-Block (not related to intersection),11,"MOTOR VEHICLE STRUCK MOTOR VEHICLE, FRONT END AT ANGLE",True,False,Clear or Partly Cloudy,Dry,Daylight,,,,23.0,From same direction - all others,0,0,False,0
-122.317095986029,47.6005749101846,201437,291031,291911,E801060,Matched,Block,,12TH AVE S BETWEEN BOREN AVE S AND 12TH AVE S TURN RD, ,,1,Property Damage Only Collision,Angles,2,0,0,2,0,0,2018-03-29 00:00:00+00,3/29/2018 4:00:00 PM,Mid-Block (not related to intersection),14,"MOTOR VEHICLE STRUCK MOTOR VEHICLE, REAR END",,False,Clear or Partly Cloudy,Dry,Daylight,,,,10.0,Entering at angle,0,0,False,0
-122.281475786029,47.5388885944671,201440,292377,293317,3735075,Matched,Block,,S MYRTLE ST BETWEEN M L KING JR ER WAY S AND 42ND S AVE S, ,,1,Property Damage Only Collision,Head On,2,0,0,2,0,0,2018-06-13 00:00:00+00,6/13/2018 11:00:00 PM,Mid-Block (not related to intersection),11,"MOTOR VEHICLE STRUCK MOTOR VEHICLE, FRONT END AT ANGLE",,False,Unknown,Unknown,Unknown,,,,30.0,From opposite direction - all others,0,0,False,0
-122.314143561979,47.6378697981675,201441,292358,293298,3706999,Matched,Block,,E BOSTON ST BETWEEN 14TH AVE E AND 15TH AVE E, ,,2,Injury Collision,Head On,6,0,0,2,1,0,2018-06-15 00:00:00+00,6/15/2018 10:05:00 PM,Mid-Block (not related to intersection),11,"MOTOR VEHICLE STRUCK MOTOR VEHICLE, FRONT END AT ANGLE",,True,Clear or Partly Cloudy,Dry,Dark - Street Lights On,,,,30.0,From opposite direction - all others,0,0,False,0
-122.325502444401,47.60721353608,201443,292357,293297,3702680,Matched,Block,,COLUMBIA ST BETWEEN 9TH AVE AND TERRY AVE, ,,1,Property Damage Only Collision,Parked Car,2,0,0,2,0,0,2018-06-15 00:00:00+00,6/15/2018 5:22:00 PM,Mid-Block (not related to intersection),11,"MOTOR VEHICLE STRUCK MOTOR VEHICLE, FRONT END AT ANGLE",,False,Clear or Partly Cloudy,Dry,Daylight,,,,32.0,One parked--one moving,0,0,True,0
-122.310223518799,47.6021775729553,201449,292337,293277,3702541,Matched,Block,,17TH AVE BETWEEN E YESLER WAY AND E FIR ST, ,,1,Property Damage Only Collision,Other,1,0,0,1,0,0,2018-05-24 00:00:00+00,5/24/2018 3:36:00 PM,Mid-Block (not related to intersection),28,MOTOR VEHICLE RAN OFF ROAD - HIT FIXED OBJECT,,True,Clear or Partly Cloudy,Dry,Daylight,,,,50.0,Fixed object,0,0,False,0
-122.356680691285,47.6283893436165,201450,292317,293257,E807008,Matched,Block,,QUEEN ANNE AVE N BETWEEN WARD ST AND PROSPECT ST, ,,2,Injury Collision,Rear Ended,2,0,0,2,1,0,2018-06-08 00:00:00+00,6/8/2018 1:10:00 PM,Mid-Block (but intersection related),14,"MOTOR VEHICLE STRUCK MOTOR VEHICLE, REAR END",,False,Raining,Wet,Daylight,,,,14.0,From same direction - both going straight - one stopped - rear-end,0,0,False,0
-122.329775171801,47.6192202455941,201452,293397,294417,E809909,Matched,Block,,STEWART ST BETWEEN YALE AVE N AND EASTLAKE AVE E, ,,1,Property Damage Only Collision,Sideswipe,2,0,0,2,0,0,2018-06-18 00:00:00+00,6/18/2018 10:11:00 AM,Mid-Block (but intersection related),11,"MOTOR VEHICLE STRUCK MOTOR VEHICLE, FRONT END AT ANGLE",True,False,Clear or Partly Cloudy,Dry,Daylight,,,,11.0,From same direction - both going straight - both moving - sideswipe,0,0,False,0
-122.322664739511,47.5676365019894,201453,292301,293241,E808963,Matched,Block,,AIRPORT WAY S BETWEEN S ANDOVER ST AND S DAKOTA ST,NEI,"Not Enough Information, or Insufficient Location Information",1,Property Damage Only Collision,Parked Car,2,0,0,2,0,0,2018-06-12 00:00:00+00,6/12/2018 12:35:00 PM,,0,NOT ENOUGH INFORMATION / NOT APPLICABLE,,False,Clear or Partly Cloudy,Dry,Daylight,,,,32.0,One parked--one moving,0,0,True,0
-122.334201368884,47.5787707065475,201455,292299,293239,E808954,Matched,Block,,1ST AVE S BETWEEN S LANDER ST AND S FOREST ST, ,,1,Property Damage Only Collision,Left Turn,5,0,0,2,0,0,2018-06-17 00:00:00+00,6/17/2018 4:02:00 PM,Mid-Block (not related to intersection),11,"MOTOR VEHICLE STRUCK MOTOR VEHICLE, FRONT END AT ANGLE",,False,Clear or Partly Cloudy,Dry,Daylight,,,,28.0,From opposite direction - one left turn - one straight,0,0,False,0
-122.29370077446,47.7291682149328,201457,293387,294407,3751144,Matched,Block,,32ND AVE NE BETWEEN NE 137TH ST AND NE 140TH ST, ,,1,Property Damage Only Collision,Sideswipe,2,0,0,2,0,0,2018-06-15 00:00:00+00,6/15/2018 1:01:00 PM,Mid-Block (not related to intersection),11,"MOTOR VEHICLE STRUCK MOTOR VEHICLE, FRONT END AT ANGLE",True,False,Clear or Partly Cloudy,Dry,Daylight,,,,11.0,From same direction - both going straight - both moving - sideswipe,0,0,False,0
-122.334538908918,47.6078702674951,201458,291013,291893,E805245,Matched,Block,,4TH AVE BETWEEN SENECA ST AND UNIVERSITY ST,NEI,"Not Enough Information, or Insufficient Location Information",1,Property Damage Only Collision,Parked Car,2,0,0,2,0,0,2018-06-01 00:00:00+00,6/1/2018 5:00:00 PM,,0,NOT ENOUGH INFORMATION / NOT APPLICABLE,,False,Clear or Partly Cloudy,Dry,Daylight,,,,32.0,One parked--one moving,0,0,True,0
-122.329539451245,47.6024036962317,201459,293386,294406,E809908,Matched,Block,,4TH AVE BETWEEN DILLING WAY AND JEFFERSON ST, ,,2,Injury Collision,Sideswipe,4,0,0,3,2,0,2018-06-18 00:00:00+00,6/18/2018 8:49:00 AM,Mid-Block (not related to intersection),11,"MOTOR VEHICLE STRUCK MOTOR VEHICLE, FRONT END AT ANGLE",,False,Clear or Partly Cloudy,Dry,Daylight,,,,11.0,From same direction - both going straight - both moving - sideswipe,0,0,False,0
-122.314909859781,47.5269068096198,201461,292849,293869,3782639,Matched,Block,,14TH AVE S BETWEEN DALLAS AVE S AND S CLOVERDALE ST, ,,2,Injury Collision,Rear Ended,2,0,0,2,1,0,2018-06-12 00:00:00+00,6/12/2018 8:00:00 AM,Mid-Block (not related to intersection),14,"MOTOR VEHICLE STRUCK MOTOR VEHICLE, REAR END",,False,Clear or Partly Cloudy,Dry,Daylight,,,,14.0,From same direction - both going straight - one stopped - rear-end,0,0,False,0
-122.342181391539,47.5403529773477,201462,291481,292381,E805739,Matched,Intersection,34082.0,HIGHLAND PARK WAY SW AND WEST MARGINAL WAY SW, ,,1,Property Damage Only Collision,Right Turn,2,0,0,2,0,0,2018-06-06 00:00:00+00,6/6/2018 10:30:00 AM,At Intersection (intersection related),11,"MOTOR VEHICLE STRUCK MOTOR VEHICLE, FRONT END AT ANGLE",,False,Clear or Partly Cloudy,Dry,Daylight,,,,16.0,From same direction - one right turn - one straight,0,0,False,0
-122.301940127483,47.7338292579493,201463,291012,291892,E799462,Matched,Intersection,35996.0,25TH AVE NE AND NE 145TH ST, ,,2,Injury Collision,Angles,5,0,0,2,2,0,2018-05-14 00:00:00+00,5/14/2018 7:26:00 AM,At Intersection (intersection related),11,"MOTOR VEHICLE STRUCK MOTOR VEHICLE, FRONT END AT ANGLE",,False,Clear or Partly Cloudy,Dry,Daylight,,,,10.0,Entering at angle,0,0,False,0
-122.302512817077,47.6047658535024,201464,291480,292380,3702676,Matched,Block,,23RD AVE BETWEEN E ALDER ST AND E TERRACE ST, ,,1,Property Damage Only Collision,Head On,3,0,0,2,0,0,2018-06-12 00:00:00+00,6/12/2018 1:12:00 AM,Mid-Block (not related to intersection),11,"MOTOR VEHICLE STRUCK MOTOR VEHICLE, FRONT END AT ANGLE",,False,Clear or Partly Cloudy,Dry,Dark - Street Lights On,,,,30.0,From opposite direction - all others,0,0,False,0
-122.317583155172,47.6199319330191,201465,290477,291357,3707530,Matched,Block,,E JOHN ST BETWEEN 11TH AVE E AND 12TH AVE E, ,,1,Property Damage Only Collision,Parked Car,4,0,0,2,0,0,2018-06-02 00:00:00+00,6/2/2018 12:00:00 PM,Mid-Block (not related to intersection),11,"MOTOR VEHICLE STRUCK MOTOR VEHICLE, FRONT END AT ANGLE",True,False,Clear or Partly Cloudy,Dry,Daylight,,,,20.0,One car leaving parked position,0,0,False,0
-122.300632851262,47.6710674215003,201466,290465,291345,E804587,Matched,Block,,25TH AVE NE BETWEEN NE 57TH ST AND NE 60TH ST,NEI,"Not Enough Information, or Insufficient Location Information",1,Property Damage Only Collision,Parked Car,2,0,0,2,0,0,2018-06-01 00:00:00+00,6/1/2018 4:17:00 PM,,0,NOT ENOUGH INFORMATION / NOT APPLICABLE,,False,Clear or Partly Cloudy,Dry,Daylight,,,,32.0,One parked--one moving,0,0,True,0
-122.302481215937,47.6213750817917,201474,296943,298082,E816712,Matched,Intersection,29364.0,23RD AVE E AND E THOMAS ST,NEI,"Not Enough Information, or Insufficient Location Information",1,Property Damage Only Collision,Rear Ended,2,0,0,2,0,0,2018-06-27 00:00:00+00,6/27/2018 7:59:00 PM,At Intersection (intersection related),0,NOT ENOUGH INFORMATION / NOT APPLICABLE,,False,Clear or Partly Cloudy,Dry,Daylight,,,,14.0,From same direction - both going straight - one stopped - rear-end,0,0,False,0
-122.257023624633,47.5154928204937,201475,296940,298079,E816709,Matched,Block,,61ST AVE S BETWEEN WATERS AVE S AND S PILGRIM ST, ,,1,Property Damage Only Collision,Parked Car,3,0,0,3,0,0,2018-06-24 00:00:00+00,6/24/2018 4:05:00 PM,Mid-Block (not related to intersection),14,"MOTOR VEHICLE STRUCK MOTOR VEHICLE, REAR END",True,False,Clear or Partly Cloudy,Dry,Daylight,,,,32.0,One parked--one moving,0,0,False,0
-122.318140950053,47.614094432423,201476,296281,297401,E814893,Matched,Intersection,29747.0,11TH AVE AND E PIKE ST, ,,1,Property Damage Only Collision,Angles,2,0,0,2,0,0,2018-06-18 00:00:00+00,6/18/2018 4:20:00 PM,At Intersection (intersection related),11,"MOTOR VEHICLE STRUCK MOTOR VEHICLE, FRONT END AT ANGLE",,False,Clear or Partly Cloudy,Dry,Daylight,,,,10.0,Entering at angle,0,0,False,0
-122.247605521714,47.4997250977126,201477,294362,295442,E812272,Matched,Block,,S 115TH ST BETWEEN 69TH PL S AND 70TH PL S, ,,1,Property Damage Only Collision,Parked Car,3,0,0,3,0,0,2018-06-19 00:00:00+00,6/19/2018 1:00:00 AM,Mid-Block (not related to intersection),13,"MOTOR VEHICLE STRUCK MOTOR VEHICLE, LEFT SIDE AT ANGLE",,False,Clear or Partly Cloudy,Dry,Dark - Street Lights On,,,,32.0,One parked--one moving,0,0,True,0
-122.2985919619,47.7135999140341,201478,296280,297400,E814689,Matched,Block,,LAKE CITY WAY NE BETWEEN 27TH AVE NE AND NE 117TH ST, ,,1,Property Damage Only Collision,Sideswipe,2,0,0,2,0,0,2018-07-03 00:00:00+00,7/3/2018 8:38:00 AM,Mid-Block (not related to intersection),11,"MOTOR VEHICLE STRUCK MOTOR VEHICLE, FRONT END AT ANGLE",True,False,Clear or Partly Cloudy,Dry,Daylight,,,,11.0,From same direction - both going straight - both moving - sideswipe,0,0,False,0
-122.355512139069,47.7132503089098,201479,294361,295441,E812074,Matched,Block,,GREENWOOD AVE N BETWEEN N 115TH ST AND N 117TH ST,NEI,"Not Enough Information, or Insufficient Location Information",1,Property Damage Only Collision,Parked Car,2,0,0,2,0,0,2018-06-24 00:00:00+00,6/24/2018,,0,NOT ENOUGH INFORMATION / NOT APPLICABLE,,False,Unknown,Unknown,Unknown,,,,32.0,One parked--one moving,0,0,True,0
-122.321734017242,47.6556491545099,201480,294360,295440,E811700,Matched,Block,,NE 40TH ST BETWEEN 6TH AVE NE AND 7TH AVE NE, ,,1,Property Damage Only Collision,Sideswipe,3,0,0,2,0,0,2018-06-09 00:00:00+00,6/9/2018 5:33:00 PM,Mid-Block (but intersection related),11,"MOTOR VEHICLE STRUCK MOTOR VEHICLE, FRONT END AT ANGLE",,False,Clear or Partly Cloudy,Dry,Daylight,,,,12.0,From same direction - both going straight - one stopped - sideswipe,0,0,False,0
-122.338732428458,47.6122938738909,201481,296279,297399,E814888,Matched,Intersection,29565.0,4TH AVE AND STEWART ST, ,,1,Property Damage Only Collision,Left Turn,2,0,0,2,0,0,2018-06-30 00:00:00+00,6/30/2018 5:14:00 PM,At Intersection (intersection related),11,"MOTOR VEHICLE STRUCK MOTOR VEHICLE, FRONT END AT ANGLE",True,False,Clear or Partly Cloudy,Dry,Dark - No Street Lights,,,,15.0,From same direction - one left turn - one straight,0,0,False,0
-122.334239206161,47.5481396886486,201484,296941,298080,E816710,Matched,Block,,EAST MARGINAL WAY S BETWEEN 1ST AVE S AND 1ST AV S BR SB, ,,2,Injury Collision,Rear Ended,2,0,0,2,1,0,2018-06-28 00:00:00+00,6/28/2018 10:04:00 PM,Mid-Block (not related to intersection),14,"MOTOR VEHICLE STRUCK MOTOR VEHICLE, REAR END",True,True,Clear or Partly Cloudy,Dry,Dark - Street Lights On,,,,13.0,From same direction - both going straight - both moving - rear-end,0,0,False,0
-122.34756482116,47.6254229413903,201485,295362,296462,3812172,Matched,Intersection,28888.0,5TH AVE N AND ROY ST, ,,1,Property Damage Only Collision,Pedestrian,2,1,0,1,0,0,2018-07-01 00:00:00+00,7/1/2018 11:00:00 PM,At Intersection (intersection related),24,MOTOR VEHCILE STRUCK PEDESTRIAN,,False,Overcast,Dry,Dark - Street Lights On,,,,1.0,Vehicle turning right hits pedestrian,0,523518,False,0