longitude,latitude,objectid,inckey,coldetkey,reportno,status,addrtype,intkey,location,exceptrsncode,exceptrsndesc,severitycode,severitydesc,collisiontype,personcount,pedcount,pedcylcount,vehcount,injuries,fatalities,incdate,incdttm,junctiontype,sdot_colcode,sdot_coldesc,inattentionind,underinfl,weather,roadcond,lightcond,pedrownotgrnt,sdotcolnum,speeding,st_colcode,st_coldesc,seglanekey,crosswalkkey,hitparkedcar,seriousinjuries
-122.284873487906,47.6730561479463,201487,294358,295438,E811699,Matched,Block,,40TH AVE NE BETWEEN NE 60TH ST AND NE 62ND ST, ,,1,Property Damage Only Collision,Parked Car,2,0,0,2,0,0,2018-06-10 00:00:00+00,6/10/2018 1:50:00 AM,Mid-Block (not related to intersection),13,"MOTOR VEHICLE STRUCK MOTOR VEHICLE, LEFT SIDE AT ANGLE",,False,Unknown,Unknown,Unknown,,,,32.0,One parked--one moving,0,0,True,0
-122.305467504047,47.6621640144935,201488,295343,296443,E813288,Matched,Block,,21ST AVE NE BETWEEN NE 45TH ST AND NE 47TH ST, ,,1,Property Damage Only Collision,Parked Car,3,0,0,2,0,0,2018-06-26 00:00:00+00,6/26/2018 5:30:00 PM,Mid-Block (not related to intersection),11,"MOTOR VEHICLE STRUCK MOTOR VEHICLE, FRONT END AT ANGLE",,False,Clear or Partly Cloudy,Dry,Daylight,,,,32.0,One parked--one moving,0,0,False,0
-122.325158321642,47.5505679215933,201489,293817,294857,E811397,Matched,Intersection,33189.0,7TH AVE S AND S FIDALGO ST, ,,1,Property Damage Only Collision,Angles,3,0,0,2,0,0,2018-06-21 00:00:00+00,6/21/2018 5:44:00 PM,At Intersection (intersection related),11,"MOTOR VEHICLE STRUCK MOTOR VEHICLE, FRONT END AT ANGLE",,False,Clear or Partly Cloudy,Dry,Daylight,,,,10.0,Entering at angle,0,0,False,0
-122.38755895928,47.6831839137989,201490,293798,294838,3751263,Matched,Intersection,23894.0,24TH AVE NW AND NW 75TH ST, ,,2,Injury Collision,Angles,4,0,0,2,4,0,2018-06-25 00:00:00+00,6/25/2018 9:18:00 AM,At Intersection (intersection related),11,"MOTOR VEHICLE STRUCK MOTOR VEHICLE, FRONT END AT ANGLE",,False,Clear or Partly Cloudy,Dry,Daylight,,,,10.0,Entering at angle,0,0,False,0
-122.378883990383,47.6690570904397,201491,295342,296442,E813287,Matched,Block,,17TH AVE NW BETWEEN NW MARKET ST AND NW 56TH ST, ,,2,Injury Collision,Angles,6,0,0,2,1,0,2018-06-26 00:00:00+00,6/26/2018 1:01:00 PM,Mid-Block (not related to intersection),11,"MOTOR VEHICLE STRUCK MOTOR VEHICLE, FRONT END AT ANGLE",,False,Clear or Partly Cloudy,Dry,Daylight,,,,10.0,Entering at angle,0,0,False,0
-122.254715882382,47.5171633280821,201493,295341,296441,3810606,Matched,Block,,RAINIER AVE S BETWEEN S KEPPLER ST AND S PILGRIM ST, ,,1,Property Damage Only Collision,Other,1,0,0,1,0,0,2018-07-04 00:00:00+00,7/4/2018 8:44:00 PM,Mid-Block (not related to intersection),26,MOTOR VEHICLE STRUCK OBJECT IN ROAD,,True,Clear or Partly Cloudy,Dry,Daylight,,,True,50.0,Fixed object,0,0,False,0
-122.339089921417,47.6246913095293,201494,293793,294833,E808439,Matched,Block,,MERCER NR ST BETWEEN 9TH AVE N AND WESTLAKE AVE N, ,,1,Property Damage Only Collision,Rear Ended,2,0,0,2,0,0,2018-06-14 00:00:00+00,6/14/2018 2:15:00 PM,Mid-Block (not related to intersection),14,"MOTOR VEHICLE STRUCK MOTOR VEHICLE, REAR END",,False,Clear or Partly Cloudy,Dry,Daylight,,,,14.0,From same direction - both going straight - one stopped - rear-end,0,0,False,0
-122.329580811259,47.5492564136973,201495,295338,296438,3810601,Matched,Block,,4TH AVE S BETWEEN S FIDALGO ST AND S FRONT ST, ,,2,Injury Collision,Parked Car,2,0,0,2,1,0,2018-06-30 00:00:00+00,6/30/2018 8:57:00 AM,Mid-Block (not related to intersection),14,"MOTOR VEHICLE STRUCK MOTOR VEHICLE, REAR END",True,False,Clear or Partly Cloudy,Dry,Daylight,,,,32.0,One parked--one moving,0,0,False,0
-122.301153919475,47.548172688538,201499,293790,294830,E807258,Matched,Block,,BEACON WR AVE S BETWEEN S RAYMOND ST AND S SPENCER ST, ,,2,Injury Collision,Parked Car,3,0,0,3,1,0,2018-06-05 00:00:00+00,6/5/2018 7:43:00 PM,Mid-Block (not related to intersection),14,"MOTOR VEHICLE STRUCK MOTOR VEHICLE, REAR END",,False,Clear or Partly Cloudy,Dry,Daylight,,,,32.0,One parked--one moving,0,0,True,0
-122.384744085305,47.6690649003345,201501,296942,298081,E813294,Matched,Block,,22ND AVE NW BETWEEN NW MARKET ST AND NW 56TH ST, ,,1,Property Damage Only Collision,Parked Car,2,0,0,2,0,0,2018-06-21 00:00:00+00,6/21/2018 2:25:00 PM,Mid-Block (not related to intersection),11,"MOTOR VEHICLE STRUCK MOTOR VEHICLE, FRONT END AT ANGLE",True,False,Clear or Partly Cloudy,Dry,Daylight,,,,32.0,One parked--one moving,0,0,False,0
-122.35401279061,47.6960239537337,201503,295304,296404,3762682,Matched,Intersection,37429.0,PHINNEY AVE N AND N 92ND ST, ,,1,Property Damage Only Collision,Angles,2,0,0,2,0,0,2018-07-04 00:00:00+00,7/4/2018 12:20:00 PM,At Intersection (intersection related),11,"MOTOR VEHICLE STRUCK MOTOR VEHICLE, FRONT END AT ANGLE",True,False,Clear or Partly Cloudy,Dry,Daylight,,,,10.0,Entering at angle,0,0,False,0
-122.329047856547,47.5919318337326,201504,293789,294829,E810319,Matched,Block,,4TH AVE S BETWEEN S ROYAL BROUGHAM WAY AND 4TH AVE NB OFF RP, ,,1,Property Damage Only Collision,Rear Ended,4,0,0,3,0,0,2018-06-10 00:00:00+00,6/10/2018 10:38:00 AM,Mid-Block (not related to intersection),14,"MOTOR VEHICLE STRUCK MOTOR VEHICLE, REAR END",,False,Raining,Wet,Daylight,,,,13.0,From same direction - both going straight - both moving - rear-end,0,0,False,0
-122.315975084431,47.5485879939499,201505,294426,295506,3643058,Matched,Intersection,33127.0,13TH AVE S AND AIRPORT WAY S, ,,1,Property Damage Only Collision,Left Turn,2,0,0,2,0,0,2018-06-29 00:00:00+00,6/29/2018 11:54:00 AM,At Intersection (intersection related),11,"MOTOR VEHICLE STRUCK MOTOR VEHICLE, FRONT END AT ANGLE",,False,Overcast,Dry,Daylight,,,,28.0,From opposite direction - one left turn - one straight,0,0,False,0
-122.268696600572,47.519855023267,201507,288319,289179,E796633,Matched,Intersection,35461.0,RAINIER AVE S AND STURTEVANT AVE S, ,,1,Property Damage Only Collision,Angles,2,0,0,2,0,0,2018-05-09 00:00:00+00,5/9/2018 12:24:00 PM,At Intersection (intersection related),11,"MOTOR VEHICLE STRUCK MOTOR VEHICLE, FRONT END AT ANGLE",True,False,Clear or Partly Cloudy,Dry,Daylight,,,,10.0,Entering at angle,0,0,False,0
-122.342634087922,47.6146003983076,201811,291757,292677,E805615,Matched,Intersection,29546.0,4TH AVE AND BLANCHARD ST, ,,2,Injury Collision,Angles,3,0,0,2,3,0,2018-06-06 00:00:00+00,6/6/2018 12:43:00 PM,At Intersection (intersection related),11,"MOTOR VEHICLE STRUCK MOTOR VEHICLE, FRONT END AT ANGLE",True,False,Clear or Partly Cloudy,Dry,Daylight,,,,10.0,Entering at angle,0,0,False,0
-122.285452019937,47.5460584118894,201508,289332,290192,3814865,Matched,Intersection,485928.0,M L KING JR ER WAY S AND S GRAHAM ST, ,,2,Injury Collision,Angles,2,0,0,2,2,0,2018-05-28 00:00:00+00,5/28/2018 5:13:00 AM,At Intersection (intersection related),11,"MOTOR VEHICLE STRUCK MOTOR VEHICLE, FRONT END AT ANGLE",,False,Clear or Partly Cloudy,Dry,Dawn,,,,10.0,Entering at angle,0,0,False,0
-122.288821577386,47.5607535980568,201509,288318,289178,E796632,Matched,Intersection,32736.0,35TH AVE S AND S ALASKA ST, ,,2b,Serious Injury Collision,Angles,2,0,0,2,1,0,2018-05-07 00:00:00+00,5/7/2018 5:17:00 PM,At Intersection (intersection related),11,"MOTOR VEHICLE STRUCK MOTOR VEHICLE, FRONT END AT ANGLE",,False,Clear or Partly Cloudy,Dry,Daylight,,,,10.0,Entering at angle,0,0,False,1
-122.314340449138,47.6745669741553,201510,288317,289177,E798587,Matched,Block,,BROOKLYN AVE NE BETWEEN NE 63RD ST AND NE 64TH ST,NEI,"Not Enough Information, or Insufficient Location Information",1,Property Damage Only Collision,Parked Car,2,0,0,2,0,0,2018-05-10 00:00:00+00,5/10/2018 2:30:00 PM,,0,NOT ENOUGH INFORMATION / NOT APPLICABLE,,False,Unknown,Unknown,Unknown,,,,32.0,One parked--one moving,0,0,True,0
-122.269912591302,47.5511394974029,201511,289331,290191,3818758,Matched,Intersection,33508.0,51ST AVE S AND S ORCAS ST, ,,2,Injury Collision,Left Turn,2,0,0,2,1,0,2018-05-28 00:00:00+00,5/28/2018 11:14:00 AM,At Intersection (intersection related),11,"MOTOR VEHICLE STRUCK MOTOR VEHICLE, FRONT END AT ANGLE",,False,Clear or Partly Cloudy,Dry,Daylight,,,,28.0,From opposite direction - one left turn - one straight,0,0,False,0
-122.339591913956,47.6116291351253,201512,289330,290190,3812178,Matched,Intersection,29564.0,3RD AVE AND STEWART ST, ,,1,Property Damage Only Collision,Angles,2,0,0,2,0,0,2018-05-28 00:00:00+00,5/28/2018 10:54:00 PM,At Intersection (intersection related),11,"MOTOR VEHICLE STRUCK MOTOR VEHICLE, FRONT END AT ANGLE",,False,Clear or Partly Cloudy,Dry,Dark - Street Lights On,,,,10.0,Entering at angle,0,0,False,0
-122.34351322445,47.631441601394,201513,288298,289158,3812118,Matched,Block,,AURORA AVE N BETWEEN COMSTOCK ST AND GALER ST, ,,2,Injury Collision,Rear Ended,3,0,0,3,1,0,2018-05-22 00:00:00+00,5/22/2018 3:09:00 PM,Mid-Block (not related to intersection),14,"MOTOR VEHICLE STRUCK MOTOR VEHICLE, REAR END",,False,Clear or Partly Cloudy,Dry,Daylight,,,,14.0,From same direction - both going straight - one stopped - rear-end,0,0,False,0
-122.337540010438,47.6077944495821,201514,289897,290757,E802849,Matched,Block,,2ND AVE BETWEEN UNIVERSITY ST AND UNION ST, ,,2,Injury Collision,Cycles,2,0,1,1,1,0,2018-05-29 00:00:00+00,5/29/2018 8:50:00 AM,Driveway Junction,18,"MOTOR VEHICLE STRUCK PEDALCYCLIST, FRONT END AT ANGLE",True,False,Clear or Partly Cloudy,Dry,Daylight,,,,6.0,Pedalcyclist Strikes Moving Vehicle,0,0,False,0
-122.377314464789,47.6622021991753,201515,289337,290197,3751036,Matched,Block,,NW 46TH ST BETWEEN 15TH SB AVE NW AND SHILSHOLE AVE NW, ,,1,Property Damage Only Collision,Parked Car,3,0,0,2,0,0,2018-05-26 00:00:00+00,5/26/2018 2:19:00 AM,Mid-Block (not related to intersection),14,"MOTOR VEHICLE STRUCK MOTOR VEHICLE, REAR END",,True,Clear or Partly Cloudy,Dry,Dark - Street Lights On,,,,32.0,One parked--one moving,0,0,True,0
-122.355389449376,47.6678196820851,201516,288297,289157,E798586,Matched,Intersection,25640.0,GREENWOOD AVE N AND N 54TH ST, ,,2,Injury Collision,Pedestrian,2,0,1,1,1,0,2018-05-02 00:00:00+00,5/2/2018 5:39:00 PM,At Intersection (intersection related),18,"MOTOR VEHICLE STRUCK PEDALCYCLIST, FRONT END AT ANGLE",True,False,Clear or Partly Cloudy,Dry,Daylight,,,,5.0,Vehicle Strikes Pedalcyclist,0,0,False,0
-122.360879742355,47.650417335905,201517,288853,289713,E799768,Matched,Intersection,26694.0,3RD AVE W AND W BERTONA ST, ,,1,Property Damage Only Collision,Angles,3,0,0,2,0,0,2018-05-19 00:00:00+00,5/19/2018 1:01:00 PM,At Intersection (intersection related),11,"MOTOR VEHICLE STRUCK MOTOR VEHICLE, FRONT END AT ANGLE",,False,Clear or Partly Cloudy,Dry,Daylight,,,,10.0,Entering at angle,0,0,False,0
-122.31148354312,47.6109562610258,201518,298037,299157,E818153,Matched,Block,,16TH AVE BETWEEN E MARION ST AND E SPRING ST, ,,1,Property Damage Only Collision,Parked Car,2,0,0,2,0,0,2018-06-30 00:00:00+00,6/30/2018 11:28:00 AM,Mid-Block (not related to intersection),12,"MOTOR VEHICLE STRUCK MOTOR VEHICLE, RIGHT SIDE AT ANGLE",,False,Overcast,Dry,Daylight,,,,32.0,One parked--one moving,0,0,True,0
-122.331126170924,47.6017175745526,201519,288852,289712,E799767,Matched,Block,,YESLER WAY BETWEEN 2ND AVE AND 3RD AVE, ,,2,Injury Collision,Pedestrian,2,1,0,1,1,0,2018-05-14 00:00:00+00,5/14/2018 6:35:00 PM,Mid-Block (not related to intersection),24,MOTOR VEHCILE STRUCK PEDESTRIAN,,True,Clear or Partly Cloudy,Dry,Daylight,,,,0.0,Vehicle going straight hits pedestrian,0,0,False,0
-122.333268699717,47.5938372656624,201520,288851,289711,E799993,Matched,Block,,OCCIDENTAL AVE S BETWEEN RAILROAD WAY S AND S ROYAL BROUGHAM WAY, ,,2,Injury Collision,Pedestrian,2,1,0,1,1,0,2018-05-18 00:00:00+00,5/18/2018 1:43:00 PM,Mid-Block (but intersection related),24,MOTOR VEHCILE STRUCK PEDESTRIAN,,False,Overcast,Wet,Daylight,,,,0.0,Vehicle going straight hits pedestrian,0,0,False,0
-122.320924261513,47.6231289214052,201521,298017,299137,E818152,Matched,Intersection,29019.0,BROADWAY E AND E REPUBLICAN ST, ,,1,Property Damage Only Collision,Other,2,0,1,1,0,0,2018-06-30 00:00:00+00,6/30/2018 4:52:00 PM,At Intersection (intersection related),18,"MOTOR VEHICLE STRUCK PEDALCYCLIST, FRONT END AT ANGLE",True,False,Overcast,Dry,Daylight,,,,52.0,Vehicle overturned,0,0,False,0
-122.310292583086,47.6612602584158,201524,289877,290737,E801722,Matched,Block,,NE 45TH ST BETWEEN 16TH AVE NE AND 17TH SB AVE NE, ,,1,Property Damage Only Collision,Other,2,0,0,2,0,0,2018-05-18 00:00:00+00,5/18/2018 11:02:00 AM,Driveway Junction,11,"MOTOR VEHICLE STRUCK MOTOR VEHICLE, FRONT END AT ANGLE",True,False,Clear or Partly Cloudy,Dry,Daylight,,,,23.0,From same direction - all others,0,0,False,0
-122.289387127583,47.6098312658334,201525,297997,299117,E818151,Matched,Block,,34TH AVE BETWEEN E COLUMBIA ST AND E MARION ST, ,,1,Property Damage Only Collision,Parked Car,2,0,0,2,0,0,2018-07-15 00:00:00+00,7/15/2018 10:00:00 AM,Mid-Block (not related to intersection),13,"MOTOR VEHICLE STRUCK MOTOR VEHICLE, LEFT SIDE AT ANGLE",,False,Clear or Partly Cloudy,Dry,Daylight,,,,32.0,One parked--one moving,0,0,True,0
-122.302393645007,47.6263510208651,201526,297994,299114,E818148,Matched,Block,,23RD AVE E BETWEEN E VALLEY ST AND E ALOHA ST, ,,1,Property Damage Only Collision,Sideswipe,2,0,0,2,0,0,2018-07-06 00:00:00+00,7/6/2018 4:52:00 PM,Mid-Block (not related to intersection),11,"MOTOR VEHICLE STRUCK MOTOR VEHICLE, FRONT END AT ANGLE",True,False,Clear or Partly Cloudy,Dry,Daylight,,,,11.0,From same direction - both going straight - both moving - sideswipe,0,0,False,0
-122.314220434213,47.6138949231155,201527,288849,289709,E799764,Matched,Intersection,29751.0,14TH AVE AND E MADISON ST, ,,1,Property Damage Only Collision,Other,2,0,0,2,0,0,2018-05-19 00:00:00+00,5/19/2018 7:15:00 PM,At Intersection (intersection related),11,"MOTOR VEHICLE STRUCK MOTOR VEHICLE, FRONT END AT ANGLE",,False,Raining,Wet,Dusk,,,,23.0,From same direction - all others,0,0,False,0
-122.385788359158,47.5829942964784,201528,297993,299113,3818849,Matched,Block,,SW COLLEGE ST BETWEEN 42ND AVE SW AND CALIFORNIA AVE SW, ,,1,Property Damage Only Collision,Parked Car,2,0,0,2,0,0,2018-07-11 00:00:00+00,7/11/2018 11:00:00 AM,,0,NOT ENOUGH INFORMATION / NOT APPLICABLE,,False,Unknown,Unknown,Unknown,,,,32.0,One parked--one moving,0,0,True,0
-122.313087978085,47.66399488786,201529,288846,289706,E799762,Matched,Block,,UNIVERSITY WAY NE BETWEEN NE 47TH ST AND NE 50TH ST,NEI,"Not Enough Information, or Insufficient Location Information",1,Property Damage Only Collision,Rear Ended,2,0,0,2,0,0,2018-05-18 00:00:00+00,5/18/2018 5:02:00 PM,,0,NOT ENOUGH INFORMATION / NOT APPLICABLE,,False,Clear or Partly Cloudy,Dry,Daylight,,,,13.0,From same direction - both going straight - both moving - rear-end,0,0,False,0
-122.35503853551,47.5327754049684,201530,288845,289705,E799920,Matched,Block,,16TH AVE SW BETWEEN SW HOLDEN ST AND SW KENYON ST, ,,1,Property Damage Only Collision,Parked Car,2,0,0,2,0,0,2018-05-17 00:00:00+00,5/17/2018 2:14:00 PM,Driveway Junction,11,"MOTOR VEHICLE STRUCK MOTOR VEHICLE, FRONT END AT ANGLE",,False,Clear or Partly Cloudy,Dry,Daylight,,,,32.0,One parked--one moving,0,0,True,0
-122.272547215596,47.520144225741,201531,297992,299112,3814918,Matched,Block,,RENTON AVE S BETWEEN S BARTON ST AND S FLETCHER ST, ,,2,Injury Collision,Other,4,0,0,2,4,0,2018-07-17 00:00:00+00,7/17/2018 10:43:00 AM,Mid-Block (not related to intersection),11,"MOTOR VEHICLE STRUCK MOTOR VEHICLE, FRONT END AT ANGLE",,False,Clear or Partly Cloudy,Dry,Daylight,,,,23.0,From same direction - all others,0,0,False,0
-122.352611900282,47.6297597895667,201532,289335,290195,3578843,Matched,Block,,HIGHLAND DR BETWEEN WARREN AVE N AND BIGELOW AVE N, ,,1,Property Damage Only Collision,Parked Car,5,0,0,2,0,0,2018-05-25 00:00:00+00,5/25/2018 10:28:00 AM,Mid-Block (not related to intersection),11,"MOTOR VEHICLE STRUCK MOTOR VEHICLE, FRONT END AT ANGLE",,False,Clear or Partly Cloudy,Dry,Daylight,,,,32.0,One parked--one moving,0,0,True,0
-122.337416959753,47.5541839539926,201533,297991,299111,3814917,Matched,Intersection,33027.0,EAST MARGINAL WAY S AND S BRANDON ST, ,,2,Injury Collision,Left Turn,3,0,0,2,1,0,2018-07-17 00:00:00+00,7/17/2018 10:41:00 AM,At Intersection (intersection related),11,"MOTOR VEHICLE STRUCK MOTOR VEHICLE, FRONT END AT ANGLE",,False,Clear or Partly Cloudy,Dry,Daylight,,,,28.0,From opposite direction - one left turn - one straight,0,0,False,0
-122.348584832692,47.692749468172,201534,288844,289704,E799761,Matched,Block,,N 88TH ST BETWEEN FREMONT AVE N AND LINDEN AVE N, ,,1,Property Damage Only Collision,Parked Car,2,0,0,2,0,0,2018-05-19 00:00:00+00,5/19/2018 3:00:00 PM,Mid-Block (not related to intersection),0,NOT ENOUGH INFORMATION / NOT APPLICABLE,,False,Clear or Partly Cloudy,Dry,Daylight,,,,32.0,One parked--one moving,0,0,True,0
-122.30328493915,47.599274529208,201535,297990,299110,3814114,Matched,Intersection,30756.0,22ND AVE S AND S JACKSON ST, ,,1,Property Damage Only Collision,Angles,3,0,0,2,0,0,2018-07-17 00:00:00+00,7/17/2018 10:32:00 PM,At Intersection (intersection related),11,"MOTOR VEHICLE STRUCK MOTOR VEHICLE, FRONT END AT ANGLE",,False,Clear or Partly Cloudy,Dry,Dark - No Street Lights,,,,10.0,Entering at angle,0,0,False,0
-122.336220793462,47.5519169269551,201536,288358,289218,E796766,Matched,Intersection,33039.0,EAST MARGINAL WAY S AND S ORCAS ST, ,,1,Property Damage Only Collision,Left Turn,3,0,0,2,0,0,2018-04-22 00:00:00+00,4/22/2018 9:32:00 AM,At Intersection (intersection related),11,"MOTOR VEHICLE STRUCK MOTOR VEHICLE, FRONT END AT ANGLE",,False,Clear or Partly Cloudy,Dry,Daylight,,,,28.0,From opposite direction - one left turn - one straight,0,0,False,0
-122.344946818331,47.7204806266264,201537,296977,298117,E813301,Matched,Block,,AURORA AVE N BETWEEN N 125TH ST AND N 127TH ST, ,,1,Property Damage Only Collision,Left Turn,2,0,0,2,0,0,2018-06-15 00:00:00+00,6/15/2018 4:21:00 PM,Driveway Junction,11,"MOTOR VEHICLE STRUCK MOTOR VEHICLE, FRONT END AT ANGLE",,False,Clear or Partly Cloudy,Dry,Daylight,,,,28.0,From opposite direction - one left turn - one straight,0,0,False,0
-122.359470718462,47.7078283336995,201538,288357,289217,E798617,Matched,Block,,2ND AVE NW BETWEEN NW 107TH ST AND NW 110TH ST, ,,2,Injury Collision,Pedestrian,2,0,1,1,1,0,2018-05-12 00:00:00+00,5/12/2018 10:28:00 AM,Driveway Junction,18,"MOTOR VEHICLE STRUCK PEDALCYCLIST, FRONT END AT ANGLE",,False,Clear or Partly Cloudy,Dry,Daylight,,,,5.0,Vehicle Strikes Pedalcyclist,0,0,False,0
-122.284744303761,47.5388807321511,201540,296959,298099,E816715,Matched,Intersection,34555.0,38TH AVE S AND S MYRTLE ST, ,,2,Injury Collision,Cycles,2,0,1,1,1,0,2018-06-29 00:00:00+00,6/29/2018 5:12:00 PM,At Intersection (intersection related),18,"MOTOR VEHICLE STRUCK PEDALCYCLIST, FRONT END AT ANGLE",,True,Clear or Partly Cloudy,Dry,Daylight,,,,6.0,Pedalcyclist Strikes Moving Vehicle,0,0,False,0
-122.347549931408,47.6271594672225,201541,289878,290738,E803149,Matched,Intersection,28872.0,5TH AVE N AND ALOHA ST, ,,1,Property Damage Only Collision,Parked Car,3,0,0,3,0,0,2018-05-28 00:00:00+00,5/28/2018 6:57:00 PM,At Intersection (intersection related),11,"MOTOR VEHICLE STRUCK MOTOR VEHICLE, FRONT END AT ANGLE",,False,Clear or Partly Cloudy,Dry,Daylight,,,,32.0,One parked--one moving,0,0,True,0
-122.30332852831,47.5750829759677,201542,289334,290194,3814741,Matched,Intersection,31670.0,23RD AVE S AND S HANFORD ST, ,,1,Property Damage Only Collision,Angles,2,0,0,2,0,0,2018-05-23 00:00:00+00,5/23/2018 6:58:00 PM,At Intersection (intersection related),11,"MOTOR VEHICLE STRUCK MOTOR VEHICLE, FRONT END AT ANGLE",,False,Clear or Partly Cloudy,Dry,Daylight,,,,10.0,Entering at angle,0,0,False,0
-122.357615846798,47.663237972211,201543,296958,298098,E813296,Matched,Intersection,25357.0,1ST AVE NW AND NW MARKET ST, ,,2,Injury Collision,Rear Ended,4,0,0,3,2,0,2018-06-27 00:00:00+00,6/27/2018 12:34:00 PM,At Intersection (intersection related),14,"MOTOR VEHICLE STRUCK MOTOR VEHICLE, REAR END",,False,Clear or Partly Cloudy,Dry,Daylight,,,,14.0,From same direction - both going straight - one stopped - rear-end,0,0,False,0
-122.342626914365,47.6516186508064,201544,288320,289180,E798588,Matched,Block,,STONE WAY N BETWEEN N 36TH ST AND N 38TH ST, ,,2,Injury Collision,Pedestrian,2,0,1,1,1,0,2018-05-03 00:00:00+00,5/3/2018 6:10:00 PM,Mid-Block (not related to intersection),18,"MOTOR VEHICLE STRUCK PEDALCYCLIST, FRONT END AT ANGLE",True,False,Clear or Partly Cloudy,Dry,Daylight,,,,5.0,Vehicle Strikes Pedalcyclist,0,0,False,0
-122.281104150697,47.5370515866073,201545,296957,298097,E816713,Matched,Intersection,486567.0,M L KING JR ER WAY S AND S OTHELLO ST, ,,2,Injury Collision,Rear Ended,3,0,0,2,1,0,2018-06-29 00:00:00+00,6/29/2018 8:12:00 AM,At Intersection (intersection related),14,"MOTOR VEHICLE STRUCK MOTOR VEHICLE, REAR END",True,False,Clear or Partly Cloudy,Dry,Daylight,,,,13.0,From same direction - both going straight - both moving - rear-end,0,0,False,0
-122.296629747127,47.5763589728325,201546,289333,290193,3814742,Matched,Intersection,31495.0,M L KING JR WAY S AND RAINIER AVE S, ,,2,Injury Collision,Angles,2,0,0,2,2,0,2018-05-25 00:00:00+00,5/25/2018 2:39:00 PM,At Intersection (intersection related),11,"MOTOR VEHICLE STRUCK MOTOR VEHICLE, FRONT END AT ANGLE",,False,Clear or Partly Cloudy,Dry,Daylight,,,,10.0,Entering at angle,0,0,False,0
-122.31612076249,47.6080560545896,201547,291034,291914,E803306,Matched,Block,,E CHERRY ST BETWEEN 12TH AVE AND 13TH AVE, ,,1,Property Damage Only Collision,Right Turn,4,0,0,2,0,0,2018-05-12 00:00:00+00,5/12/2018 9:28:00 AM,Mid-Block (not related to intersection),11,"MOTOR VEHICLE STRUCK MOTOR VEHICLE, FRONT END AT ANGLE",True,False,Clear or Partly Cloudy,Dry,Daylight,,,,16.0,From same direction - one right turn - one straight,0,0,False,0
-122.333390765216,47.5267934592454,201548,292397,293337,3742079,Matched,Block,,S CLOVERDALE ST BETWEEN 1ST AVE S AND CLOVERDALE ST OFF RP, ,,1,Property Damage Only Collision,Sideswipe,2,0,0,2,0,0,2018-06-17 00:00:00+00,6/17/2018 6:34:00 AM,Mid-Block (not related to intersection),14,"MOTOR VEHICLE STRUCK MOTOR VEHICLE, REAR END",,False,Clear or Partly Cloudy,Dry,Daylight,,,,11.0,From same direction - both going straight - both moving - sideswipe,0,0,False,0
-122.285009655201,47.6794142994853,201549,291033,291913,E803253,Matched,Intersection,24955.0,40TH AVE NE AND NE 70TH ST, ,,1,Property Damage Only Collision,Angles,2,0,0,2,0,0,2018-04-12 00:00:00+00,4/12/2018 10:06:00 AM,At Intersection (intersection related),11,"MOTOR VEHICLE STRUCK MOTOR VEHICLE, FRONT END AT ANGLE",True,False,Clear or Partly Cloudy,Dry,Daylight,,,,10.0,Entering at angle,0,0,False,0
-122.307409157873,47.6167327589873,201550,291032,291912,E801066,Matched,Intersection,30125.0,19TH AVE AND E MADISON ST, ,,1,Property Damage Only Collision,Left Turn,2,0,0,2,0,0,2018-04-10 00:00:00+00,4/10/2018 7:40:00 PM,At Intersection (intersection related),11,"MOTOR VEHICLE STRUCK MOTOR VEHICLE, FRONT END AT ANGLE",,False,Clear or Partly Cloudy,Dry,Dusk,,,,28.0,From opposite direction - one left turn - one straight,0,0,False,0
-122.313087978085,47.66399488786,201551,291557,292477,E805803,Matched,Block,,UNIVERSITY WAY NE BETWEEN NE 47TH ST AND NE 50TH ST, ,,1,Property Damage Only Collision,Rear Ended,3,0,0,2,0,0,2018-06-06 00:00:00+00,6/6/2018 7:44:00 PM,Mid-Block (but intersection related),14,"MOTOR VEHICLE STRUCK MOTOR VEHICLE, REAR END",,False,Clear or Partly Cloudy,Dry,Daylight,,,,13.0,From same direction - both going straight - both moving - rear-end,0,0,False,0
-122.345860920532,47.6869414432053,201552,291537,292457,E805802,Matched,Block,,N 80TH ST BETWEEN LINDEN AVE N AND AURORA AVE N, ,,1,Property Damage Only Collision,Rear Ended,3,0,0,2,0,0,2018-06-06 00:00:00+00,6/6/2018 7:18:00 PM,Mid-Block (but intersection related),14,"MOTOR VEHICLE STRUCK MOTOR VEHICLE, REAR END",True,False,Clear or Partly Cloudy,Dry,Daylight,,,,14.0,From same direction - both going straight - one stopped - rear-end,0,0,False,0
-122.361251332318,47.5227707026946,201553,290506,291386,3731543,Matched,Block,,SW BARTON PL BETWEEN 21ST AVE SW AND 22ND AVE SW, ,,1,Property Damage Only Collision,Parked Car,2,0,0,2,0,0,2018-06-01 00:00:00+00,6/1/2018 8:04:00 PM,Mid-Block (not related to intersection),14,"MOTOR VEHICLE STRUCK MOTOR VEHICLE, REAR END",True,False,Clear or Partly Cloudy,Dry,Daylight,,,,32.0,One parked--one moving,0,0,True,0
-122.350548730042,47.6465165718313,201554,292850,293870,3784843,Matched,Block,,NICKERSON ST BETWEEN FLORENTIA ST AND WESTLAKE AVE N, ,,1,Property Damage Only Collision,Rear Ended,2,0,0,2,0,0,2018-06-08 00:00:00+00,6/8/2018 6:00:00 PM,Mid-Block (not related to intersection),11,"MOTOR VEHICLE STRUCK MOTOR VEHICLE, FRONT END AT ANGLE",,False,Raining,Wet,Daylight,,,,13.0,From same direction - both going straight - both moving - rear-end,0,0,False,0