longitude,latitude,objectid,inckey,coldetkey,reportno,status,addrtype,intkey,location,exceptrsncode,exceptrsndesc,severitycode,severitydesc,collisiontype,personcount,pedcount,pedcylcount,vehcount,injuries,fatalities,incdate,incdttm,junctiontype,sdot_colcode,sdot_coldesc,inattentionind,underinfl,weather,roadcond,lightcond,pedrownotgrnt,sdotcolnum,speeding,st_colcode,st_coldesc,seglanekey,crosswalkkey,hitparkedcar,seriousinjuries
-122.362884137031,47.5601819184294,201555,292437,293377,3745879,Matched,Block,,DELRIDGE WAY SW BETWEEN SW ALASKA ST AND SW EDMUNDS ST, ,,1,Property Damage Only Collision,Parked Car,3,0,0,3,0,0,2018-06-17 00:00:00+00,6/17/2018 12:24:00 PM,Mid-Block (not related to intersection),14,"MOTOR VEHICLE STRUCK MOTOR VEHICLE, REAR END",,False,Clear or Partly Cloudy,Dry,Daylight,,,,32.0,One parked--one moving,0,0,False,0
-122.334212149982,47.5493795138559,201556,290505,291385,E790156,Matched,Block,,1ST AVE S BETWEEN S FIDALGO ST AND EAST MARGINAL WAY S, ,,2,Injury Collision,Other,2,0,0,1,1,0,2018-04-15 00:00:00+00,4/15/2018 2:04:00 PM,Mid-Block (not related to intersection),26,MOTOR VEHICLE STRUCK OBJECT IN ROAD,,False,Clear or Partly Cloudy,Dry,Daylight,,,,50.0,Fixed object,0,0,False,0
-122.334513181066,47.5441785901085,201558,290504,291384,E790154,Matched,Block,,1ST AVE S BETWEEN S MICHIGAN N ST AND S MICHIGAN S ST, ,,2,Injury Collision,Other,4,0,0,2,2,0,2018-04-14 00:00:00+00,4/14/2018 8:45:00 AM,Mid-Block (not related to intersection),11,"MOTOR VEHICLE STRUCK MOTOR VEHICLE, FRONT END AT ANGLE",True,False,Raining,Wet,Daylight,,,,23.0,From same direction - all others,0,0,False,0
-122.334267821978,47.620839251897,201560,291497,292397,3812281,Matched,Intersection,28792.0,FAIRVIEW AVE N AND THOMAS ST, ,,1,Property Damage Only Collision,Right Turn,2,0,0,2,0,0,2018-06-12 00:00:00+00,6/12/2018 9:23:00 PM,At Intersection (intersection related),11,"MOTOR VEHICLE STRUCK MOTOR VEHICLE, FRONT END AT ANGLE",,False,Overcast,Dry,Dusk,,,,16.0,From same direction - one right turn - one straight,0,0,False,0
-122.317922881465,47.6649407426153,201561,290503,291383,3751206,Matched,Block,,NE 50TH ST BETWEEN 9TH AVE NE AND ROOSEVELT WAY NE, ,,2,Injury Collision,Rear Ended,2,0,0,2,1,0,2018-06-01 00:00:00+00,6/1/2018 10:56:00 PM,Mid-Block (not related to intersection),14,"MOTOR VEHICLE STRUCK MOTOR VEHICLE, REAR END",,True,Overcast,Dry,Dark - Street Lights On,,,,14.0,From same direction - both going straight - one stopped - rear-end,0,0,False,0
-122.384980408146,47.5082691760112,201563,292418,293358,3745878,Matched,Block,,SW 106TH ST BETWEEN 41ST AVE SW AND 42ND AVE SW, ,,1,Property Damage Only Collision,Parked Car,2,0,0,2,0,0,2018-06-17 00:00:00+00,6/17/2018 6:43:00 AM,Mid-Block (not related to intersection),11,"MOTOR VEHICLE STRUCK MOTOR VEHICLE, FRONT END AT ANGLE",,False,Clear or Partly Cloudy,Dry,Daylight,,,,32.0,One parked--one moving,0,0,True,0
-122.334199284487,47.582938394777,201564,292438,293378,E808964,Matched,Block,,1ST AVE S BETWEEN S WALKER ST AND S STACY ST, ,,1,Property Damage Only Collision,Parked Car,3,0,0,2,0,0,2018-06-15 00:00:00+00,6/15/2018 12:42:00 PM,Mid-Block (not related to intersection),11,"MOTOR VEHICLE STRUCK MOTOR VEHICLE, FRONT END AT ANGLE",,False,Clear or Partly Cloudy,Dry,Daylight,,,,32.0,One parked--one moving,0,0,True,0
-122.322217517975,47.7340410894258,201565,290502,291382,E789475,Matched,Intersection,35861.0,NE 145TH ST AND 6TH AVE NE, ,,1,Property Damage Only Collision,Angles,2,0,0,2,0,0,2018-04-14 00:00:00+00,4/14/2018 12:58:00 PM,At Intersection (intersection related),11,"MOTOR VEHICLE STRUCK MOTOR VEHICLE, FRONT END AT ANGLE",True,False,Overcast,Wet,Daylight,,,,10.0,Entering at angle,0,0,False,0
-122.334275943277,47.7341365013854,201566,290501,291381,E789435,Matched,Intersection,35910.0,MERIDIAN AVE N AND N 145TH ST, ,,1,Property Damage Only Collision,Left Turn,3,0,0,2,0,0,2018-04-13 00:00:00+00,4/13/2018 4:16:00 PM,At Intersection (intersection related),11,"MOTOR VEHICLE STRUCK MOTOR VEHICLE, FRONT END AT ANGLE",,False,Raining,Wet,Daylight,,,,28.0,From opposite direction - one left turn - one straight,0,0,False,0
-122.297027886183,47.7162444352618,201567,291484,292384,3751133,Matched,Block,,LAKE CITY WAY NE BETWEEN NE 120TH ST AND 30TH S AVE NE, ,,2,Injury Collision,Rear Ended,3,0,0,3,1,0,2018-06-08 00:00:00+00,6/8/2018 3:41:00 PM,Mid-Block (not related to intersection),14,"MOTOR VEHICLE STRUCK MOTOR VEHICLE, REAR END",True,False,Raining,Wet,Daylight,,,,14.0,From same direction - both going straight - one stopped - rear-end,0,0,False,0
-122.345085277257,47.7330620900585,201568,290499,291379,3751207,Matched,Block,,AURORA AVE N BETWEEN N 143RD ST AND ROOSEVELT WAY N, ,,2,Injury Collision,Rear Ended,2,0,0,2,1,0,2018-06-01 00:00:00+00,6/1/2018 11:40:00 PM,Mid-Block (not related to intersection),14,"MOTOR VEHICLE STRUCK MOTOR VEHICLE, REAR END",True,False,Clear or Partly Cloudy,Dry,Dark - Street Lights On,,,,13.0,From same direction - both going straight - both moving - rear-end,0,0,False,0
-122.376627477778,47.5326406043795,201569,291483,292383,3742497,Matched,Block,,35TH AVE SW BETWEEN SW HOLDEN S ST AND SW KENYON ST, ,,2,Injury Collision,Rear Ended,2,0,0,2,1,0,2018-06-12 00:00:00+00,6/12/2018 3:31:00 PM,Mid-Block (not related to intersection),14,"MOTOR VEHICLE STRUCK MOTOR VEHICLE, REAR END",True,False,Clear or Partly Cloudy,Dry,Daylight,,,,14.0,From same direction - both going straight - one stopped - rear-end,0,0,False,0
-122.311900581207,47.6714668870724,201570,291482,292382,3706072,Matched,Block,,15TH AVE NE BETWEEN NE RAVENNA WB N BV AND NE 58TH ST, ,,2,Injury Collision,Parked Car,3,0,0,2,1,0,2018-06-12 00:00:00+00,6/12/2018 6:31:00 AM,Mid-Block (not related to intersection),14,"MOTOR VEHICLE STRUCK MOTOR VEHICLE, REAR END",,False,Clear or Partly Cloudy,Dry,Daylight,,,,32.0,One parked--one moving,0,0,True,0
-122.305539413888,47.5880759506796,201571,290497,291377,E804301,Matched,Block,,RAINIER AVE S BETWEEN S MASSACHUSETTS ST AND S STATE ST, ,,1,Property Damage Only Collision,Rear Ended,3,0,0,2,0,0,2018-06-01 00:00:00+00,6/1/2018 1:33:00 PM,Mid-Block (but intersection related),14,"MOTOR VEHICLE STRUCK MOTOR VEHICLE, REAR END",,False,Clear or Partly Cloudy,Dry,Daylight,,,,14.0,From same direction - both going straight - one stopped - rear-end,0,0,False,0
-122.36449888837,47.5337004277176,201572,292417,293357,3745875,Matched,Block,,SW HOLDEN ST BETWEEN 24TH AVE SW AND 26TH AVE SW, ,,1,Property Damage Only Collision,Parked Car,3,0,0,3,0,0,2018-06-12 00:00:00+00,6/12/2018 9:35:00 AM,Mid-Block (not related to intersection),14,"MOTOR VEHICLE STRUCK MOTOR VEHICLE, REAR END",,False,Clear or Partly Cloudy,Dry,Dark - Street Lights On,,,,32.0,One parked--one moving,0,0,True,0
-122.395372966615,47.6682712290488,201573,289920,290780,E803524,Matched,Block,,NW 54TH ST BETWEEN NW MARKET ST AND 30TH WR AVE NW, ,,2,Injury Collision,Parked Car,2,0,0,2,1,0,2018-05-31 00:00:00+00,5/31/2018 10:49:00 AM,Mid-Block (not related to intersection),11,"MOTOR VEHICLE STRUCK MOTOR VEHICLE, FRONT END AT ANGLE",,False,Clear or Partly Cloudy,Dry,Daylight,,,,32.0,One parked--one moving,0,0,True,0
-122.392870940565,47.6709211602781,201574,291040,291920,E805301,Matched,Intersection,25218.0,28TH AVE NW AND NW 58TH ST, ,,2,Injury Collision,Angles,4,0,0,2,1,0,2018-05-25 00:00:00+00,5/25/2018 3:34:00 PM,At Intersection (intersection related),11,"MOTOR VEHICLE STRUCK MOTOR VEHICLE, FRONT END AT ANGLE",,False,Clear or Partly Cloudy,Dry,Daylight,,,,10.0,Entering at angle,0,0,False,0
-122.312773494273,47.6141126289657,201575,289919,290779,E803307,Matched,Intersection,30137.0,15TH AVE AND E PIKE ST, ,,2,Injury Collision,Angles,3,0,0,2,1,0,2018-05-16 00:00:00+00,5/16/2018 7:40:00 AM,At Intersection (intersection related),11,"MOTOR VEHICLE STRUCK MOTOR VEHICLE, FRONT END AT ANGLE",True,False,Overcast,Dry,Daylight,,,,10.0,Entering at angle,0,0,False,0
-122.329057088755,47.5787691320583,201576,291039,291919,E805262,Matched,Block,,4TH AVE S BETWEEN S LANDER ST AND S FOREST ST, ,,1,Property Damage Only Collision,Sideswipe,5,0,0,2,0,0,2018-06-03 00:00:00+00,6/3/2018 4:48:00 PM,Mid-Block (not related to intersection),11,"MOTOR VEHICLE STRUCK MOTOR VEHICLE, FRONT END AT ANGLE",,False,Overcast,Wet,Daylight,,,,11.0,From same direction - both going straight - both moving - sideswipe,0,0,False,0
-122.308976517063,47.6395553037319,201577,289918,290778,E803254,Matched,Intersection,28435.0,18TH AVE E AND E LYNN ST, ,,2,Injury Collision,Parked Car,2,0,0,2,1,0,2018-05-29 00:00:00+00,5/29/2018 2:54:00 PM,At Intersection (intersection related),11,"MOTOR VEHICLE STRUCK MOTOR VEHICLE, FRONT END AT ANGLE",True,False,Overcast,Dry,Daylight,,,,32.0,One parked--one moving,0,0,True,0
-122.390978506568,47.6585646259302,201578,291038,291918,E805261,Matched,Block,,27TH AVE W BETWEEN W ELMORE ST AND GILMAN AVE W, ,,1,Property Damage Only Collision,Parked Car,3,0,0,2,0,0,2018-05-31 00:00:00+00,5/31/2018 4:35:00 PM,Mid-Block (not related to intersection),11,"MOTOR VEHICLE STRUCK MOTOR VEHICLE, FRONT END AT ANGLE",,False,Unknown,Unknown,Daylight,,,,32.0,One parked--one moving,0,0,False,0
-122.348025665875,47.6130905574229,201580,289917,290777,E803164,Matched,Block,,WESTERN AVE BETWEEN BELL ST AND BATTERY ST, ,,2b,Serious Injury Collision,Sideswipe,11,0,0,7,5,0,2018-05-06 00:00:00+00,5/6/2018 2:08:00 PM,Mid-Block (not related to intersection),14,"MOTOR VEHICLE STRUCK MOTOR VEHICLE, REAR END",,False,Clear or Partly Cloudy,Dry,Daylight,,,,11.0,From same direction - both going straight - both moving - sideswipe,0,0,False,1
-122.378128561378,47.520182716423,201581,292457,293397,3745976,Matched,Block,,36TH AVE SW BETWEEN SW BARTON ST AND SW CAMBRIDGE ST, ,,1,Property Damage Only Collision,Parked Car,3,0,0,3,0,0,2018-06-17 00:00:00+00,6/17/2018 11:45:00 PM,Mid-Block (not related to intersection),14,"MOTOR VEHICLE STRUCK MOTOR VEHICLE, REAR END",,True,Clear or Partly Cloudy,Dry,Dark - Street Lights On,,,,32.0,One parked--one moving,0,0,True,0
-122.334200248084,47.5808545352323,201582,292399,293339,E807009,Matched,Block,,1ST AVE S BETWEEN S STACY ST AND S LANDER ST, ,,1,Property Damage Only Collision,Rear Ended,3,0,0,3,0,0,2018-06-08 00:00:00+00,6/8/2018 4:22:00 PM,Mid-Block (not related to intersection),14,"MOTOR VEHICLE STRUCK MOTOR VEHICLE, REAR END",,False,Raining,Wet,Daylight,,,,14.0,From same direction - both going straight - one stopped - rear-end,0,0,False,0
-122.302005035313,47.58340204136,201584,291035,291915,E805249,Matched,Block,,RAINIER AVE S BETWEEN S WALKER ST AND S COLLEGE N ST, ,,1,Property Damage Only Collision,Sideswipe,2,0,0,2,0,0,2018-06-04 00:00:00+00,6/4/2018 4:00:00 PM,Mid-Block (not related to intersection),11,"MOTOR VEHICLE STRUCK MOTOR VEHICLE, FRONT END AT ANGLE",,False,Clear or Partly Cloudy,Dry,Daylight,,,,11.0,From same direction - both going straight - both moving - sideswipe,0,0,False,0
-122.387653609517,47.5564501141709,201586,292398,293338,3742340,Matched,Block,,SW DAWSON ST BETWEEN CALIFORNIA N AVE SW AND 44TH AVE SW, ,,1,Property Damage Only Collision,Parked Car,2,0,0,2,0,0,2018-06-16 00:00:00+00,6/16/2018 1:10:00 PM,Mid-Block (not related to intersection),14,"MOTOR VEHICLE STRUCK MOTOR VEHICLE, REAR END",,False,Clear or Partly Cloudy,Dry,Daylight,,,,32.0,One parked--one moving,0,0,True,0
-122.317110569681,47.6612953424978,201587,293461,294481,3767640,Matched,Block,,NE 45TH ST BETWEEN ROOSEVELT WAY NE AND 11TH AVE NE, ,,1,Property Damage Only Collision,Angles,3,0,0,2,0,0,2018-06-24 00:00:00+00,6/24/2018 9:30:00 PM,Driveway Junction,11,"MOTOR VEHICLE STRUCK MOTOR VEHICLE, FRONT END AT ANGLE",,False,Clear or Partly Cloudy,Dry,Dark - Street Lights On,,,,10.0,Entering at angle,0,0,False,0
-122.334190047205,47.5956837439277,201588,294431,295511,3789023,Matched,Intersection,30391.0,1ST AVE S AND RAILROAD S WAY S, ,,1,Property Damage Only Collision,Other,5,0,0,2,0,0,2018-06-30 00:00:00+00,6/30/2018 10:08:00 AM,At Intersection (intersection related),11,"MOTOR VEHICLE STRUCK MOTOR VEHICLE, FRONT END AT ANGLE",,False,Clear or Partly Cloudy,Dry,Daylight,,,,23.0,From same direction - all others,0,0,False,0
-122.314342633039,47.5899888673257,201589,293460,294480,3755141,Matched,Block,,S ATLANTIC ST BETWEEN 14TH AVE S AND 15TH AVE S, ,,1,Property Damage Only Collision,Other,1,0,0,1,0,0,2018-06-24 00:00:00+00,6/24/2018 2:20:00 AM,Mid-Block (but intersection related),26,MOTOR VEHICLE STRUCK OBJECT IN ROAD,,False,Clear or Partly Cloudy,Dry,Dark - Street Lights On,,,,50.0,Fixed object,0,0,False,0
-122.358956326213,47.653255108965,201590,293458,294478,3751262,Matched,Intersection,26678.0,LEARY WAY NW AND NW 36TH E ST, ,,2,Injury Collision,Other,1,0,0,1,1,0,2018-06-24 00:00:00+00,6/24/2018 3:23:00 AM,At Intersection (intersection related),26,MOTOR VEHICLE STRUCK OBJECT IN ROAD,True,True,Clear or Partly Cloudy,Dry,Dark - Street Lights On,,,,50.0,Fixed object,0,0,False,0
-122.322167803882,47.6175626811693,201591,294430,295510,3789022,Matched,Intersection,29071.0,HARVARD AVE AND E HOWELL ST, ,,2,Injury Collision,Other,1,0,0,1,1,0,2018-06-13 00:00:00+00,6/13/2018 9:00:00 PM,At Intersection (intersection related),29,MOTOR VEHICLE OVERTURNED IN ROAD,,False,Clear or Partly Cloudy,Dry,Daylight,,,,52.0,Vehicle overturned,0,0,False,0
-122.387329143298,47.5343735156702,201592,294429,295509,3781066,Matched,Intersection,33823.0,CALIFORNIA AVE SW AND SW IDA ST, ,,1,Property Damage Only Collision,Other,2,0,0,2,0,0,2018-07-01 00:00:00+00,7/1/2018 1:45:00 PM,At Intersection (intersection related),14,"MOTOR VEHICLE STRUCK MOTOR VEHICLE, REAR END",,False,Clear or Partly Cloudy,Dry,Daylight,,,,23.0,From same direction - all others,0,0,False,0
-122.376222561575,47.6569878221747,201593,293457,294477,3751261,Matched,Block,,BALLARD BR BETWEEN 15TH AVE W AND POINT A, ,,1,Property Damage Only Collision,Rear Ended,3,0,0,2,0,0,2018-06-24 00:00:00+00,6/24/2018 1:15:00 AM,Mid-Block (not related to intersection),14,"MOTOR VEHICLE STRUCK MOTOR VEHICLE, REAR END",,True,Clear or Partly Cloudy,Dry,Dark - Street Lights On,,,,13.0,From same direction - both going straight - both moving - rear-end,0,0,False,0
-122.276940936321,47.5261190463332,201595,295378,296478,3818481,Matched,Intersection,35253.0,RENTON AVE S AND S CLOVERDALE ST, ,,2,Injury Collision,Left Turn,2,0,0,2,1,0,2018-07-02 00:00:00+00,7/2/2018 5:54:00 AM,At Intersection (intersection related),11,"MOTOR VEHICLE STRUCK MOTOR VEHICLE, FRONT END AT ANGLE",,False,Overcast,Dry,Dawn,,,,28.0,From opposite direction - one left turn - one straight,0,0,False,0
-122.331313653854,47.7086459248007,201597,294428,295508,3751276,Matched,Intersection,36585.0,CORLISS AVE N AND N NORTHGATE WAY, ,,1,Property Damage Only Collision,Left Turn,2,0,0,2,0,0,2018-06-29 00:00:00+00,6/29/2018 9:36:00 PM,At Intersection (intersection related),11,"MOTOR VEHICLE STRUCK MOTOR VEHICLE, FRONT END AT ANGLE",,False,Clear or Partly Cloudy,Dry,Dark - Street Lights On,,,,28.0,From opposite direction - one left turn - one straight,0,0,False,0
-122.358340943891,47.6323194741911,201599,294427,295507,3643713,Matched,Intersection,28547.0,1ST AVE W AND W GALER W ST, ,,1,Property Damage Only Collision,Angles,2,0,0,2,0,0,2018-07-01 00:00:00+00,7/1/2018 6:50:00 PM,At Intersection (intersection related),11,"MOTOR VEHICLE STRUCK MOTOR VEHICLE, FRONT END AT ANGLE",,False,Clear or Partly Cloudy,Dry,Daylight,,,,10.0,Entering at angle,0,0,False,0
-122.274093012432,47.5424702418345,201600,293863,294923,E808951,Matched,Block,,S HOLLY ST BETWEEN 46TH AVE S AND RAINIER AVE S, ,,2,Injury Collision,Parked Car,3,0,0,3,1,0,2018-06-04 00:00:00+00,6/4/2018 4:14:00 PM,Mid-Block (not related to intersection),11,"MOTOR VEHICLE STRUCK MOTOR VEHICLE, FRONT END AT ANGLE",,False,Clear or Partly Cloudy,Dry,Daylight,,,,32.0,One parked--one moving,0,0,False,0
-122.287588478106,47.5534440701136,201602,293862,294922,E808952,Matched,Block,,S BRANDON ST BETWEEN M L KING JR ER WAY S AND 37TH AVE S, ,,1,Property Damage Only Collision,Parked Car,2,0,0,2,0,0,2018-06-17 00:00:00+00,6/17/2018 11:04:00 AM,Mid-Block (not related to intersection),14,"MOTOR VEHICLE STRUCK MOTOR VEHICLE, REAR END",,False,Clear or Partly Cloudy,Dry,Daylight,,,,32.0,One parked--one moving,0,0,True,0
-122.318187618208,47.6170052670336,201603,295377,296477,3814059,Matched,Block,,11TH AVE BETWEEN E OLIVE ST AND E HOWELL ST, ,,1,Property Damage Only Collision,Sideswipe,2,0,0,2,0,0,2018-07-01 00:00:00+00,7/1/2018 1:22:00 AM,Mid-Block (not related to intersection),11,"MOTOR VEHICLE STRUCK MOTOR VEHICLE, FRONT END AT ANGLE",True,False,Clear or Partly Cloudy,Dry,Dark - Street Lights On,,,,26.0,From opposite direction - both going straight - sideswipe,0,0,False,0
-122.308252866731,47.5719240833331,201604,295379,296479,3818840,Matched,Intersection,32536.0,BEACON AVE S AND S SPOKANE ST, ,,2b,Serious Injury Collision,Angles,3,0,0,2,1,0,2018-06-29 00:00:00+00,6/29/2018 1:15:00 AM,At Intersection (intersection related),11,"MOTOR VEHICLE STRUCK MOTOR VEHICLE, FRONT END AT ANGLE",,False,Clear or Partly Cloudy,Dry,Dark - Street Lights On,,,,10.0,Entering at angle,0,0,False,1
-122.27825570641,47.5640888552612,201607,293861,294921,E808953,Matched,Block,,S GENESEE ST BETWEEN 43RD AVE S AND 45TH AVE S, ,,2,Injury Collision,Other,6,0,0,2,1,0,2018-06-12 00:00:00+00,6/12/2018 5:10:00 PM,Mid-Block (not related to intersection),11,"MOTOR VEHICLE STRUCK MOTOR VEHICLE, FRONT END AT ANGLE",,False,Clear or Partly Cloudy,Dry,Daylight,,,,23.0,From same direction - all others,0,0,False,0
-122.323755263221,47.5979317292187,201610,295417,296517,3812307,Matched,Block,,7TH AVE S BETWEEN S KING ST AND S WELLER ST, ,,1,Property Damage Only Collision,Parked Car,5,0,0,2,0,0,2018-06-29 00:00:00+00,6/29/2018 2:10:00 PM,Mid-Block (not related to intersection),11,"MOTOR VEHICLE STRUCK MOTOR VEHICLE, FRONT END AT ANGLE",True,False,Overcast,Wet,Daylight,,,,19.0,One car entering parked position,0,0,False,0
-122.296793365885,47.6052060576299,201612,292877,293897,E807172,Matched,Block,,M L KING JR WAY BETWEEN E ALDER ST AND E JEFFERSON ST, ,,2,Injury Collision,Angles,4,0,0,2,1,0,2018-05-31 00:00:00+00,5/31/2018 9:24:00 AM,Mid-Block (not related to intersection),11,"MOTOR VEHICLE STRUCK MOTOR VEHICLE, FRONT END AT ANGLE",,False,Clear or Partly Cloudy,Dry,Daylight,,,,10.0,Entering at angle,0,0,False,0
-122.304386360582,47.5596376084031,201613,294434,295514,3810533,Matched,Intersection,166923.0,BEACON ER AVE S AND S COLUMBIAN WAY, ,,1,Property Damage Only Collision,Angles,2,0,0,2,0,0,2018-06-30 00:00:00+00,6/30/2018 12:46:00 PM,At Intersection (intersection related),11,"MOTOR VEHICLE STRUCK MOTOR VEHICLE, FRONT END AT ANGLE",True,False,Overcast,Dry,Daylight,,,,10.0,Entering at angle,0,0,False,0
-122.287545872847,47.5617588516455,201614,292857,293877,E806985,Matched,Block,,RAINIER AVE S BETWEEN S OREGON ST AND S ALASKA ST, ,,1,Property Damage Only Collision,Rear Ended,3,0,0,2,0,0,2018-06-10 00:00:00+00,6/10/2018 6:15:00 PM,Mid-Block (not related to intersection),14,"MOTOR VEHICLE STRUCK MOTOR VEHICLE, REAR END",,False,Raining,Wet,Dusk,,,,13.0,From same direction - both going straight - both moving - rear-end,0,0,False,0
-122.286848080681,47.5489193711207,201616,292856,293876,3818902,Matched,Block,,M L KING JR ER WAY S BETWEEN S JUNEAU ST AND 37TH AVE S, ,,1,Property Damage Only Collision,Other,1,0,0,1,0,0,2018-06-13 00:00:00+00,6/13/2018 2:28:00 AM,Mid-Block (not related to intersection),26,MOTOR VEHICLE STRUCK OBJECT IN ROAD,,False,Clear or Partly Cloudy,Dry,Dark - Street Lights On,,,,50.0,Fixed object,0,0,False,0
-122.321199310529,47.5698642012722,201617,293821,294877,E811940,Matched,Block,,COLUMBIAN WY - I5 SB RP BETWEEN S COLUMBIAN WB WAY AND I5 SB, ,,1,Property Damage Only Collision,Rear Ended,2,0,0,2,0,0,2018-06-22 00:00:00+00,6/22/2018 12:50:00 PM,Mid-Block (not related to intersection),14,"MOTOR VEHICLE STRUCK MOTOR VEHICLE, REAR END",,False,Clear or Partly Cloudy,Dry,Daylight,,,,13.0,From same direction - both going straight - both moving - rear-end,0,0,False,0
-122.357389514044,47.6209436432838,201618,292854,293874,3812376,Matched,Block,,W THOMAS ST BETWEEN QUEEN ANNE AVE N AND 1ST AVE W, ,,1,Property Damage Only Collision,Parked Car,2,0,0,2,0,0,2018-06-13 00:00:00+00,6/13/2018 8:57:00 PM,Mid-Block (not related to intersection),16,"MOTOR VEHICLE STRUCK MOTOR VEHICLE, LEFT SIDE SIDESWIPE",,True,Overcast,Wet,Daylight,,,,32.0,One parked--one moving,0,0,True,0
-122.326598891485,47.6242857145803,201619,293819,294859,E812107,Matched,Intersection,29116.0,BELLEVUE AVE E AND E MERCER ST, ,,2,Injury Collision,Angles,3,0,0,3,1,0,2018-06-20 00:00:00+00,6/20/2018 3:46:00 PM,At Intersection (intersection related),11,"MOTOR VEHICLE STRUCK MOTOR VEHICLE, FRONT END AT ANGLE",,False,Clear or Partly Cloudy,Dry,Daylight,,,,10.0,Entering at angle,0,0,False,0
-122.38566616241,47.6414684216827,201621,292853,293873,3812353,Matched,Block,,THORNDYKE AVE W BETWEEN 23RD AVE W AND W HALLADAY ST, ,,1,Property Damage Only Collision,Parked Car,3,0,0,3,0,0,2018-06-13 00:00:00+00,6/13/2018 10:32:00 PM,Mid-Block (not related to intersection),14,"MOTOR VEHICLE STRUCK MOTOR VEHICLE, REAR END",,True,Raining,Wet,Dark - Street Lights On,,,,32.0,One parked--one moving,0,0,True,0
-122.396230941936,47.6522576157143,201622,295380,296480,3812086,Matched,Block,,W RUFFNER ST BETWEEN 30TH AVE W AND 31ST AVE W, ,,1,Property Damage Only Collision,Other,1,0,0,1,0,0,2018-07-02 00:00:00+00,7/2/2018 10:56:00 AM,Mid-Block (not related to intersection),28,MOTOR VEHICLE RAN OFF ROAD - HIT FIXED OBJECT,,False,Clear or Partly Cloudy,Dry,Daylight,,,,50.0,Fixed object,0,0,False,0
-122.31613807569,47.5534525919114,201623,294433,295513,3810527,Matched,Intersection,33102.0,13TH AVE S AND S LUCILE ST, ,,1,Property Damage Only Collision,Rear Ended,3,0,0,2,0,0,2018-06-27 00:00:00+00,6/27/2018 7:58:00 PM,At Intersection (intersection related),14,"MOTOR VEHICLE STRUCK MOTOR VEHICLE, REAR END",True,False,Clear or Partly Cloudy,Dry,Daylight,,,,13.0,From same direction - both going straight - both moving - rear-end,0,0,False,0
-122.350020380558,47.6121869318258,201624,292852,293872,3812335,Matched,Block,,ALASKAN WAY BETWEEN XW BELL ST AND WALL ST, ,,2,Injury Collision,Cycles,2,0,1,1,1,0,2018-06-12 00:00:00+00,6/12/2018 6:20:00 PM,Mid-Block (not related to intersection),54,PEDALCYCLIST STRUCK MOTOR VEHICLE REAR END,,False,Clear or Partly Cloudy,Dry,Daylight,,,,6.0,Pedalcyclist Strikes Moving Vehicle,0,0,False,0
-122.344837273114,47.6182498336407,201625,293462,294482,3789021,Matched,Block,,6TH AVE BETWEEN WALL ST AND DENNY WAY, ,,1,Property Damage Only Collision,Rear Ended,2,0,0,2,0,0,2018-06-24 00:00:00+00,6/24/2018 4:55:00 PM,Mid-Block (but intersection related),14,"MOTOR VEHICLE STRUCK MOTOR VEHICLE, REAR END",,False,Clear or Partly Cloudy,Dry,Daylight,,,,14.0,From same direction - both going straight - one stopped - rear-end,0,0,False,0
-122.333756830497,47.6086925967336,201627,294432,295512,3789024,Matched,Intersection,29930.0,5TH AVE AND UNIVERSITY ST, ,,2,Injury Collision,Sideswipe,4,0,0,2,3,0,2018-07-01 00:00:00+00,7/1/2018 3:00:00 AM,At Intersection (intersection related),11,"MOTOR VEHICLE STRUCK MOTOR VEHICLE, FRONT END AT ANGLE",,False,Clear or Partly Cloudy,Dry,Dark - Street Lights On,,,,11.0,From same direction - both going straight - both moving - sideswipe,0,0,False,0
-122.300986504356,47.7094360386755,201629,288362,289222,E798853,Matched,Block,,LAKE CITY WAY NE BETWEEN NE 110TH ST AND NE NORTHGATE WAY, ,,2,Injury Collision,Angles,2,0,0,2,1,0,2018-05-10 00:00:00+00,5/10/2018 12:30:00 PM,Driveway Junction,11,"MOTOR VEHICLE STRUCK MOTOR VEHICLE, FRONT END AT ANGLE",True,False,Overcast,Dry,Daylight,,,,10.0,Entering at angle,0,0,False,0
-122.292585067625,47.5710554508616,201630,297038,298178,E816726,Matched,Intersection,32437.0,RAINIER AVE S AND S COURT ST, ,,2,Injury Collision,Angles,2,0,0,2,1,0,2018-07-10 00:00:00+00,7/10/2018 4:43:00 PM,At Intersection (intersection related),11,"MOTOR VEHICLE STRUCK MOTOR VEHICLE, FRONT END AT ANGLE",True,False,Clear or Partly Cloudy,Dry,Daylight,,,,10.0,Entering at angle,0,0,False,0
-122.283702154947,47.5424525806023,201631,297037,298177,E816725,Matched,Intersection,34529.0,M L KING JR ER WAY S AND S HOLLY ST, ,,2,Injury Collision,Left Turn,2,0,0,2,2,0,2018-07-05 00:00:00+00,7/5/2018 6:09:00 PM,At Intersection (intersection related),11,"MOTOR VEHICLE STRUCK MOTOR VEHICLE, FRONT END AT ANGLE",,False,Clear or Partly Cloudy,Dry,Daylight,,,,28.0,From opposite direction - one left turn - one straight,0,0,False,0
-122.314657067286,47.5786386942432,201632,288361,289221,E796770,Matched,Intersection,31305.0,14TH AVE S AND S MCCLELLAN ST, ,,1,Property Damage Only Collision,Angles,2,0,0,2,0,0,2018-05-09 00:00:00+00,5/9/2018 8:08:00 AM,At Intersection (intersection related),11,"MOTOR VEHICLE STRUCK MOTOR VEHICLE, FRONT END AT ANGLE",,False,Clear or Partly Cloudy,Dry,Daylight,,,,10.0,Entering at angle,0,0,False,0