longitude,latitude,objectid,inckey,coldetkey,reportno,status,addrtype,intkey,location,exceptrsncode,exceptrsndesc,severitycode,severitydesc,collisiontype,personcount,pedcount,pedcylcount,vehcount,injuries,fatalities,incdate,incdttm,junctiontype,sdot_colcode,sdot_coldesc,inattentionind,underinfl,weather,roadcond,lightcond,pedrownotgrnt,sdotcolnum,speeding,st_colcode,st_coldesc,seglanekey,crosswalkkey,hitparkedcar,seriousinjuries
-122.304803787616,47.5730891746397,201633,288360,289220,E796769,Matched,Intersection,32529.0,21ST AVE S AND S HINDS ST, ,,2,Injury Collision,Angles,3,0,0,2,1,0,2018-05-09 00:00:00+00,5/9/2018 7:49:00 AM,At Intersection (intersection related),11,"MOTOR VEHICLE STRUCK MOTOR VEHICLE, FRONT END AT ANGLE",,False,Clear or Partly Cloudy,Dry,Daylight,,,,10.0,Entering at angle,0,0,False,0
-122.25530854413,47.5097072753681,201635,297018,298158,E816724,Matched,Block,,S RYAN ST BETWEEN 62ND AVE S AND 63RD AVE S, ,,1,Property Damage Only Collision,Parked Car,3,0,0,3,0,0,2018-07-08 00:00:00+00,7/8/2018 1:52:00 PM,Mid-Block (not related to intersection),11,"MOTOR VEHICLE STRUCK MOTOR VEHICLE, FRONT END AT ANGLE",,False,Clear or Partly Cloudy,Dry,Daylight,,,,32.0,One parked--one moving,0,0,True,0
-122.302762001939,47.6095196950744,201636,288855,289715,3329443,Matched,Block,,23RD AVE BETWEEN E COLUMBIA ST AND E MARION ST, ,,1,Property Damage Only Collision,Rear Ended,4,0,0,2,0,0,2018-05-22 00:00:00+00,5/22/2018 5:25:00 PM,Mid-Block (not related to intersection),14,"MOTOR VEHICLE STRUCK MOTOR VEHICLE, REAR END",,False,Clear or Partly Cloudy,Dry,Daylight,,,,14.0,From same direction - both going straight - one stopped - rear-end,0,0,False,0
-122.302499625066,47.6202072950364,201637,288399,289259,3702590,Matched,Intersection,29380.0,23RD AVE E AND E JOHN ST, ,,1,Property Damage Only Collision,Left Turn,2,0,0,2,0,0,2018-05-15 00:00:00+00,5/15/2018 6:00:00 PM,At Intersection (intersection related),11,"MOTOR VEHICLE STRUCK MOTOR VEHICLE, FRONT END AT ANGLE",,False,Clear or Partly Cloudy,Dry,Daylight,,,,28.0,From opposite direction - one left turn - one straight,0,0,False,0
-122.275336390842,47.53649043172,201638,297017,298157,E816723,Matched,Block,,46TH AVE S BETWEEN S OTHELLO ST AND S FONTANELLE ST, ,,1,Property Damage Only Collision,Parked Car,3,0,0,3,0,0,2018-06-29 00:00:00+00,6/29/2018 10:30:00 PM,Mid-Block (not related to intersection),11,"MOTOR VEHICLE STRUCK MOTOR VEHICLE, FRONT END AT ANGLE",,False,Clear or Partly Cloudy,Dry,Dark - Street Lights On,,,,32.0,One parked--one moving,0,0,True,0
-122.338238289605,47.5557687495713,201639,288359,289219,E796768,Matched,Intersection,33022.0,EAST MARGINAL WAY S AND S DAWSON ST, ,,1,Property Damage Only Collision,Left Turn,2,0,0,2,0,0,2018-04-30 00:00:00+00,4/30/2018 7:41:00 AM,At Intersection (intersection related),11,"MOTOR VEHICLE STRUCK MOTOR VEHICLE, FRONT END AT ANGLE",,False,Clear or Partly Cloudy,Dry,Daylight,,,,28.0,From opposite direction - one left turn - one straight,0,0,False,0
-122.320084678588,47.6365809381242,201640,296997,298137,E813396,Matched,Block,,10TH AVE E BETWEEN E HOWE ST AND E NEWTON ST, ,,1,Property Damage Only Collision,Parked Car,2,0,0,2,0,0,2018-06-25 00:00:00+00,6/25/2018 6:50:00 AM,Mid-Block (not related to intersection),11,"MOTOR VEHICLE STRUCK MOTOR VEHICLE, FRONT END AT ANGLE",,False,Raining,Wet,Daylight,,,,20.0,One car leaving parked position,0,0,False,0
-122.333272625301,47.5749816436387,201641,298045,299181,3608169,Matched,Block,,OCCIDENTAL AVE S BETWEEN S HANFORD ST AND S HORTON ST, ,,1,Property Damage Only Collision,Sideswipe,3,0,0,2,0,0,2018-07-08 00:00:00+00,7/8/2018 12:01:00 AM,Mid-Block (not related to intersection),11,"MOTOR VEHICLE STRUCK MOTOR VEHICLE, FRONT END AT ANGLE",,False,Clear or Partly Cloudy,Dry,Dark - Street Lights On,,,,11.0,From same direction - both going straight - both moving - sideswipe,0,0,False,0
-122.359509637042,47.7030252234465,201642,298044,299180,3590225,Matched,Block,,HOLMAN RD NW BETWEEN 3RD AVE NW AND NW 103RD ST, ,,1,Property Damage Only Collision,Angles,2,0,0,2,0,0,2018-07-10 00:00:00+00,7/10/2018 7:48:00 AM,Mid-Block (not related to intersection),11,"MOTOR VEHICLE STRUCK MOTOR VEHICLE, FRONT END AT ANGLE",,False,Clear or Partly Cloudy,Dry,Daylight,,,,10.0,Entering at angle,0,0,False,0
-122.306688562942,47.683046962695,201643,296457,297577,E816074,Matched,Intersection,24760.0,20TH AVE NE AND NE 75TH ST, ,,2,Injury Collision,Right Turn,2,0,0,2,1,0,2018-07-07 00:00:00+00,7/7/2018 11:48:00 AM,At Intersection (intersection related),14,"MOTOR VEHICLE STRUCK MOTOR VEHICLE, REAR END",,False,Clear or Partly Cloudy,Dry,Daylight,,,,16.0,From same direction - one right turn - one straight,0,0,False,0
-122.323494485907,47.7334980481935,201644,298043,299179,3590223,Matched,Block,,5TH AVE NE BETWEEN 145TH ST OFF RP AND NE 145TH ST, ,,1,Property Damage Only Collision,Rear Ended,2,0,0,2,0,0,2018-07-08 00:00:00+00,7/8/2018 12:18:00 AM,Mid-Block (not related to intersection),14,"MOTOR VEHICLE STRUCK MOTOR VEHICLE, REAR END",True,False,Clear or Partly Cloudy,Dry,Dark - Street Lights On,,,True,13.0,From same direction - both going straight - both moving - rear-end,0,0,False,0
-122.271700747238,47.6830278480243,201646,288398,289258,3751052,Matched,Intersection,24815.0,52ND AVE NE AND NE 75TH ST, ,,2,Injury Collision,Cycles,4,0,1,1,1,0,2018-05-15 00:00:00+00,5/15/2018 8:08:00 AM,At Intersection (intersection related),18,"MOTOR VEHICLE STRUCK PEDALCYCLIST, FRONT END AT ANGLE",,False,Overcast,Dry,Daylight,True,,,6.0,Pedalcyclist Strikes Moving Vehicle,0,0,False,0
-122.326360524294,47.599192755773,201647,288401,289261,3812068,Matched,Intersection,30511.0,6TH AVE S AND S JACKSON ST, ,,2,Injury Collision,Angles,5,0,0,2,5,0,2018-05-14 00:00:00+00,5/14/2018 5:57:00 PM,At Intersection (intersection related),11,"MOTOR VEHICLE STRUCK MOTOR VEHICLE, FRONT END AT ANGLE",,False,Clear or Partly Cloudy,Dry,Daylight,,,,10.0,Entering at angle,0,0,False,0
-122.317420719293,47.6798197290901,201648,296439,297559,E816073,Matched,Block,,ROOSEVELT WAY NE BETWEEN NE 70TH ST AND NE 71ST ST, ,,1,Property Damage Only Collision,Parked Car,3,0,0,3,0,0,2018-07-08 00:00:00+00,7/8/2018 10:37:00 AM,Mid-Block (not related to intersection),14,"MOTOR VEHICLE STRUCK MOTOR VEHICLE, REAR END",,False,Clear or Partly Cloudy,Dry,Daylight,,,,32.0,One parked--one moving,0,0,False,0
-122.366173736252,47.6614610980731,201649,296438,297558,E816072,Matched,Intersection,26605.0,8TH AVE NW AND NW 45TH ST, ,,1,Property Damage Only Collision,Sideswipe,2,0,0,2,0,0,2018-07-09 00:00:00+00,7/9/2018 11:26:00 AM,At Intersection (intersection related),11,"MOTOR VEHICLE STRUCK MOTOR VEHICLE, FRONT END AT ANGLE",True,False,Clear or Partly Cloudy,Dry,Daylight,,,,11.0,From same direction - both going straight - both moving - sideswipe,0,0,False,0
-122.270142434834,47.5061473213513,201650,298042,299178,3583395,Matched,Intersection,38320.0,51ST AVE S AND S BANGOR ST, ,,2,Injury Collision,Angles,3,0,0,2,2,0,2018-07-22 00:00:00+00,7/22/2018 8:25:00 PM,At Intersection (intersection related),18,"MOTOR VEHICLE STRUCK PEDALCYCLIST, FRONT END AT ANGLE",,False,Clear or Partly Cloudy,Dry,Daylight,,,,10.0,Entering at angle,0,0,False,0
-122.342322749845,47.6275721273784,201652,298041,299177,E818161,Matched,Block,,DEXTER AVE N BETWEEN ALOHA ST AND WARD ST, ,,2,Injury Collision,Pedestrian,2,0,1,1,1,0,2018-06-29 00:00:00+00,6/29/2018 5:42:00 PM,Mid-Block (not related to intersection),18,"MOTOR VEHICLE STRUCK PEDALCYCLIST, FRONT END AT ANGLE",True,False,Clear or Partly Cloudy,Dry,Daylight,,,,5.0,Vehicle Strikes Pedalcyclist,0,0,False,0
-122.334197242989,47.5871675474987,201654,298040,299160,3578918,Matched,Block,,1ST AVE S BETWEEN S MASSACHUSETTS ST AND S HOLGATE ST, ,,1,Property Damage Only Collision,Other,3,0,0,2,0,0,2018-07-21 00:00:00+00,7/21/2018 7:35:00 PM,Mid-Block (not related to intersection),11,"MOTOR VEHICLE STRUCK MOTOR VEHICLE, FRONT END AT ANGLE",,False,Clear or Partly Cloudy,Dry,Daylight,,,,23.0,From same direction - all others,0,0,False,0
-122.393474753104,47.5620663785107,201655,288897,289757,3626837,Matched,Block,,48TH AVE SW BETWEEN SW OREGON ST AND SW ALASKA ST, ,,2,Injury Collision,Parked Car,7,1,0,3,1,0,2018-05-25 00:00:00+00,5/25/2018 12:30:00 PM,Mid-Block (not related to intersection),15,"MOTOR VEHICLE STRUCK MOTOR VEHICLE, RIGHT SIDE SIDESWIPE",,False,Clear or Partly Cloudy,Dry,Daylight,,,,32.0,One parked--one moving,0,0,False,0
-122.370607458168,47.5428323676551,201657,288397,289257,3742246,Matched,Intersection,34016.0,HIGH POINT DR SW AND SYLVAN WAY SW, ,,1,Property Damage Only Collision,Angles,2,0,0,2,0,0,2018-05-13 00:00:00+00,5/13/2018 9:41:00 PM,At Intersection (intersection related),11,"MOTOR VEHICLE STRUCK MOTOR VEHICLE, FRONT END AT ANGLE",True,False,Clear or Partly Cloudy,Dry,Dark - Street Lights On,,,,10.0,Entering at angle,0,0,False,0
-122.37357159676,47.6752737061448,201659,298039,299159,3549766,Matched,Intersection,25382.0,14TH AVE NW AND NW 64TH ST, ,,2,Injury Collision,Angles,3,0,0,2,1,0,2018-07-18 00:00:00+00,7/18/2018 7:35:00 PM,At Intersection (intersection related),11,"MOTOR VEHICLE STRUCK MOTOR VEHICLE, FRONT END AT ANGLE",,False,Clear or Partly Cloudy,Dry,Daylight,,,,10.0,Entering at angle,0,0,False,0
-122.290531177847,47.6974587974556,201660,296377,297497,E815747,Matched,Intersection,37899.0,35TH AVE NE AND NE 95TH ST, ,,2,Injury Collision,Left Turn,3,0,0,2,1,0,2018-07-07 00:00:00+00,7/7/2018 10:36:00 PM,At Intersection (intersection related),11,"MOTOR VEHICLE STRUCK MOTOR VEHICLE, FRONT END AT ANGLE",,False,Clear or Partly Cloudy,Dry,Dark - Street Lights On,,,,28.0,From opposite direction - one left turn - one straight,0,0,False,0
-122.301833981441,47.6196671914775,201661,298038,299158,2617398,Matched,Block,,E MADISON ST BETWEEN 23RD AVE E AND 24TH AVE E, ,,1,Property Damage Only Collision,Parked Car,2,0,0,2,0,0,2018-07-22 00:00:00+00,7/22/2018 4:01:00 AM,Mid-Block (not related to intersection),14,"MOTOR VEHICLE STRUCK MOTOR VEHICLE, REAR END",,False,Clear or Partly Cloudy,Dry,Dark - Street Lights On,,,,32.0,One parked--one moving,0,0,False,0
-122.369395695292,47.6980081196994,201681,290520,291400,E804531,Matched,Block,,HOLMAN RD NW BETWEEN 11TH AVE NW AND 9TH AVE NW, ,,2,Injury Collision,Rear Ended,3,0,0,2,2,0,2018-06-03 00:00:00+00,6/3/2018 4:29:00 PM,Mid-Block (but intersection related),14,"MOTOR VEHICLE STRUCK MOTOR VEHICLE, REAR END",,False,Overcast,Wet,Daylight,,,,14.0,From same direction - both going straight - one stopped - rear-end,0,0,False,0
-122.310282954398,47.596647706735,204295,300576,301776,E827532,Matched,Block,,S LANE ST BETWEEN 16TH AVE S AND 18TH AVE S, ,,1,Property Damage Only Collision,Parked Car,2,0,0,2,0,0,2018-08-13 00:00:00+00,8/13/2018 1:13:00 PM,,0,NOT ENOUGH INFORMATION / NOT APPLICABLE,,False,Clear or Partly Cloudy,Dry,Daylight,,,,32.0,One parked--one moving,0,0,True,0
-122.312766312274,47.6871017298208,201662,296357,297477,E815745,Matched,Block,,LAKE CITY WAY NE BETWEEN NE 80TH ST AND 15TH AVE NE, ,,2,Injury Collision,Rear Ended,2,0,0,2,1,0,2018-07-06 00:00:00+00,7/6/2018 10:13:00 PM,Mid-Block (not related to intersection),14,"MOTOR VEHICLE STRUCK MOTOR VEHICLE, REAR END",True,False,Clear or Partly Cloudy,Dry,Dark - No Street Lights,,,,14.0,From same direction - both going straight - one stopped - rear-end,0,0,False,0
-122.334239206161,47.5481396886486,201663,297077,298217,E816718,Matched,Block,,EAST MARGINAL WAY S BETWEEN 1ST AVE S AND 1ST AV S BR SB, ,,1,Property Damage Only Collision,Sideswipe,2,0,0,2,0,0,2018-06-27 00:00:00+00,6/27/2018 8:24:00 PM,Mid-Block (not related to intersection),11,"MOTOR VEHICLE STRUCK MOTOR VEHICLE, FRONT END AT ANGLE",True,True,Clear or Partly Cloudy,Dry,Daylight,,,,11.0,From same direction - both going straight - both moving - sideswipe,0,0,False,0
-122.343547724063,47.6275805040328,201666,296337,297457,E815711,Matched,Block,,AURORA AVE N BETWEEN ALOHA ST AND WARD ST, ,,1,Property Damage Only Collision,Right Turn,4,0,0,2,0,0,2018-07-07 00:00:00+00,7/7/2018 1:19:00 PM,Mid-Block (not related to intersection),14,"MOTOR VEHICLE STRUCK MOTOR VEHICLE, REAR END",,False,Clear or Partly Cloudy,Dry,Daylight,,,,16.0,From same direction - one right turn - one straight,0,0,False,0
-122.32507132723,47.5949959433586,201667,288854,289714,E799769,Matched,Intersection,30546.0,MAYNARD AVE S AND S CHARLES ST, ,,1,Property Damage Only Collision,Sideswipe,7,0,0,2,0,0,2018-05-20 00:00:00+00,5/20/2018 1:10:00 PM,At Intersection (intersection related),11,"MOTOR VEHICLE STRUCK MOTOR VEHICLE, FRONT END AT ANGLE",True,False,Clear or Partly Cloudy,Dry,Daylight,,,,11.0,From same direction - both going straight - both moving - sideswipe,0,0,False,0
-122.320152353272,47.5473569114516,201668,288377,289237,E796771,Matched,Intersection,33134.0,CARLETON AVE S AND S BAILEY ST, ,,1,Property Damage Only Collision,Sideswipe,2,0,0,2,0,0,2018-05-10 00:00:00+00,5/10/2018 5:04:00 AM,At Intersection (intersection related),11,"MOTOR VEHICLE STRUCK MOTOR VEHICLE, FRONT END AT ANGLE",,False,Clear or Partly Cloudy,Dry,Dawn,,,,81.0,Same direction -- both turning left -- both moving -- sideswipe,0,0,False,0
-122.323239228078,47.5470245031927,201669,295419,296519,3812341,Matched,Block,,S MICHIGAN ST BETWEEN 7TH AVE S AND CORSON AVE S, ,,1,Property Damage Only Collision,Rear Ended,2,0,0,2,0,0,2018-07-02 00:00:00+00,7/2/2018 9:45:00 AM,Mid-Block (not related to intersection),14,"MOTOR VEHICLE STRUCK MOTOR VEHICLE, REAR END",,False,Clear or Partly Cloudy,Dry,Daylight,,,,14.0,From same direction - both going straight - one stopped - rear-end,0,0,False,0
-122.318437807281,47.5983427623999,201671,295418,296518,3812308,Matched,Block,,S KING ST BETWEEN 10TH AVE S AND 12TH AVE S, ,,2,Injury Collision,Rear Ended,2,0,0,2,1,0,2018-07-01 00:00:00+00,7/1/2018 1:43:00 PM,,14,"MOTOR VEHICLE STRUCK MOTOR VEHICLE, REAR END",True,False,Clear or Partly Cloudy,Dry,Daylight,,,,13.0,From same direction - both going straight - both moving - rear-end,0,0,False,0
-122.345005818146,47.6185605458435,201672,288877,289737,E799994,Matched,Intersection,29575.0,6TH AVE AND DENNY WAY, ,,2,Injury Collision,Sideswipe,3,0,0,2,1,0,2018-05-18 00:00:00+00,5/18/2018 2:28:00 PM,At Intersection (intersection related),14,"MOTOR VEHICLE STRUCK MOTOR VEHICLE, REAR END",True,False,Overcast,Wet,Daylight,,,,12.0,From same direction - both going straight - one stopped - sideswipe,0,0,False,0
-122.304012400918,47.6839524393463,201673,290522,291402,E804585,Matched,Block,,RAVENNA AVE NE BETWEEN NE 75TH ST AND NE 77TH ST,NEI,"Not Enough Information, or Insufficient Location Information",1,Property Damage Only Collision,Parked Car,2,0,0,2,0,0,2018-06-03 00:00:00+00,6/3/2018 10:45:00 AM,Mid-Block (not related to intersection),13,"MOTOR VEHICLE STRUCK MOTOR VEHICLE, LEFT SIDE AT ANGLE",,False,Clear or Partly Cloudy,Dry,Daylight,,,,32.0,One parked--one moving,0,0,True,0
-122.299776781739,47.7066961358553,201675,291099,291979,3577132,Matched,Block,,NE 107TH ST BETWEEN LAKE CITY WAY NE AND 28TH AVE NE, ,,1,Property Damage Only Collision,Other,2,0,0,2,0,0,2018-05-01 00:00:00+00,5/1/2018 4:15:00 AM,Mid-Block (not related to intersection),26,MOTOR VEHICLE STRUCK OBJECT IN ROAD,,False,Clear or Partly Cloudy,Dry,Dark - No Street Lights,,,,50.0,Fixed object,0,0,False,0
-122.38885869053,47.6686735673358,201676,289977,290837,E801913,Matched,Block,,NW MARKET ST BETWEEN 24TH AVE NW AND 26TH AVE NW, ,,2,Injury Collision,Angles,4,0,0,3,1,0,2018-05-21 00:00:00+00,5/21/2018 4:37:00 PM,Driveway Junction,11,"MOTOR VEHICLE STRUCK MOTOR VEHICLE, FRONT END AT ANGLE",,False,Clear or Partly Cloudy,Dry,Daylight,,,,10.0,Entering at angle,0,0,False,0
-122.400295537603,47.6405268395339,201677,289958,290818,E801899,Matched,Block,,W SMITH ST BETWEEN 33RD AVE W AND 34TH S AVE W, ,,1,Property Damage Only Collision,Parked Car,2,0,0,2,0,0,2018-05-25 00:00:00+00,5/25/2018 2:04:00 PM,Mid-Block (not related to intersection),16,"MOTOR VEHICLE STRUCK MOTOR VEHICLE, LEFT SIDE SIDESWIPE",,False,Clear or Partly Cloudy,Dry,Daylight,,,,32.0,One parked--one moving,0,0,True,0
-122.317392542684,47.6536824502121,201678,291061,291941,3751130,Matched,Intersection,27147.0,NE BOAT ST AND NE PACIFIC ST, ,,2b,Serious Injury Collision,Cycles,2,1,1,0,2,0,2018-06-07 00:00:00+00,6/7/2018 7:20:00 PM,At Intersection (intersection related),64,PEDALCYCLIST STRUCK PEDESTRIAN,,False,Clear or Partly Cloudy,Dry,Daylight,True,,,7.0,Pedalcyclist Strikes Pedalcyclist or Pedestrian,11642,0,False,1
-122.376509761757,47.5419524158585,201679,290521,291401,3745867,Matched,Block,,35TH AVE SW BETWEEN SW HOLLY ST AND SW WILLOW ST, ,,2,Injury Collision,Pedestrian,2,1,0,1,1,0,2018-06-01 00:00:00+00,6/1/2018 5:10:00 PM,Mid-Block (not related to intersection),24,MOTOR VEHCILE STRUCK PEDESTRIAN,,False,Clear or Partly Cloudy,Dry,Daylight,,,,0.0,Vehicle going straight hits pedestrian,0,0,False,0
-122.323561931149,47.7234892057847,201684,291045,291925,E805302,Matched,Block,,5TH AVE NE BETWEEN NE 130TH ST AND NE 131ST PL, ,,1,Property Damage Only Collision,Rear Ended,4,0,0,2,0,0,2018-06-05 00:00:00+00,6/5/2018 3:02:00 PM,Mid-Block (but intersection related),14,"MOTOR VEHICLE STRUCK MOTOR VEHICLE, REAR END",True,False,Clear or Partly Cloudy,Dry,Dark - No Street Lights,,,,14.0,From same direction - both going straight - one stopped - rear-end,0,0,False,0
-122.321314973443,47.6259754156995,201685,291097,291977,3329444,Matched,Block,,BROADWAY E BETWEEN E ROY W ST AND E ALOHA ST, ,,1,Property Damage Only Collision,Sideswipe,2,0,0,2,0,0,2018-06-10 00:00:00+00,6/10/2018 3:15:00 AM,Mid-Block (not related to intersection),16,"MOTOR VEHICLE STRUCK MOTOR VEHICLE, LEFT SIDE SIDESWIPE",,False,,Dry,Dark - Street Lights On,,,,12.0,From same direction - both going straight - one stopped - sideswipe,0,0,False,0
-122.315315194597,47.7085449279963,201686,289922,290782,E803649,Matched,Block,,NE NORTHGATE WAY BETWEEN 11TH AVE NE AND 12TH AVE NE, ,,1,Property Damage Only Collision,Rear Ended,2,0,0,2,0,0,2018-05-31 00:00:00+00,5/31/2018 8:50:00 AM,Mid-Block (not related to intersection),14,"MOTOR VEHICLE STRUCK MOTOR VEHICLE, REAR END",True,False,Clear or Partly Cloudy,Dry,Daylight,,,,14.0,From same direction - both going straight - one stopped - rear-end,0,0,False,0
-122.339745939637,47.6238777425542,201687,290519,291399,3812203,Matched,Block,,9TH AVE N BETWEEN REPUBLICAN ST AND MERCER SR ST, ,,2,Injury Collision,Cycles,2,0,1,1,1,0,2018-06-01 00:00:00+00,6/1/2018 6:13:00 PM,Mid-Block (but intersection related),54,PEDALCYCLIST STRUCK MOTOR VEHICLE REAR END,,False,Clear or Partly Cloudy,Dry,Daylight,,,,6.0,Pedalcyclist Strikes Moving Vehicle,0,0,False,0
-122.360946049972,47.718724899232,201688,290518,291398,3751205,Matched,Block,,3RD AVE NW BETWEEN NW 122ND ST AND NW 125TH ST, ,,2,Injury Collision,Rear Ended,3,0,0,3,2,0,2018-06-01 00:00:00+00,6/1/2018 6:54:00 PM,Mid-Block (not related to intersection),14,"MOTOR VEHICLE STRUCK MOTOR VEHICLE, REAR END",,False,Clear or Partly Cloudy,Dry,Daylight,,,,13.0,From same direction - both going straight - both moving - rear-end,0,0,False,0
-122.370781250424,47.5665246911429,201740,293868,294928,E808513,Matched,Block,,30TH AVE SW BETWEEN SW DAKOTA ST AND SW ADAMS ST, ,,1,Property Damage Only Collision,Parked Car,2,0,0,2,0,0,2018-06-15 00:00:00+00,6/15/2018 10:00:00 AM,Mid-Block (not related to intersection),0,NOT ENOUGH INFORMATION / NOT APPLICABLE,,True,Clear or Partly Cloudy,Dry,Daylight,,,,32.0,One parked--one moving,0,0,True,0
-122.29370077446,47.7291682149328,201689,289921,290781,E803647,Matched,Block,,32ND AVE NE BETWEEN NE 137TH ST AND NE 140TH ST, ,,1,Property Damage Only Collision,Parked Car,2,0,0,2,0,0,2018-05-31 00:00:00+00,5/31/2018 9:40:00 AM,Mid-Block (not related to intersection),11,"MOTOR VEHICLE STRUCK MOTOR VEHICLE, FRONT END AT ANGLE",True,False,Clear or Partly Cloudy,Dry,Daylight,,,,32.0,One parked--one moving,0,0,True,0
-122.330743502085,47.6008778062638,201690,289363,290223,3812120,Matched,Block,,S WASHINGTON ST BETWEEN 2ND AV ET S AND 3RD AVE S, ,,1,Property Damage Only Collision,Other,2,0,0,2,0,0,2018-05-23 00:00:00+00,5/23/2018 9:06:00 AM,Driveway Junction,14,"MOTOR VEHICLE STRUCK MOTOR VEHICLE, REAR END",True,False,Clear or Partly Cloudy,Dry,Daylight,,,,23.0,From same direction - all others,0,0,False,0
-122.342307347944,47.6293040134432,201691,289362,290222,3812119,Matched,Block,,DEXTER AVE N BETWEEN PROSPECT ST AND HIGHLAND DR, ,,2,Injury Collision,Pedestrian,5,0,1,1,1,0,2018-05-22 00:00:00+00,5/22/2018 5:34:00 PM,Driveway Junction,18,"MOTOR VEHICLE STRUCK PEDALCYCLIST, FRONT END AT ANGLE",,False,Clear or Partly Cloudy,Dry,Daylight,True,,,5.0,Vehicle Strikes Pedalcyclist,43016,0,False,0
-122.376188835565,47.5645589277677,201692,291077,291957,3782635,Matched,Block,,35TH AVE SW BETWEEN FAUNTLEROY S WAY SW AND SW AVALON WAY, ,,2b,Serious Injury Collision,Pedestrian,2,1,0,1,1,0,2018-06-08 00:00:00+00,6/8/2018 4:52:00 PM,Mid-Block (not related to intersection),24,MOTOR VEHCILE STRUCK PEDESTRIAN,,False,Raining,Wet,Daylight,,,,0.0,Vehicle going straight hits pedestrian,0,0,False,1
-122.289451614829,47.6063386622951,201693,290517,291397,3707529,Matched,Block,,34TH AVE BETWEEN DEAD END AND E JAMES ST, ,,1,Property Damage Only Collision,Other,2,0,0,2,0,0,2018-06-01 00:00:00+00,6/1/2018 7:15:00 PM,Mid-Block (not related to intersection),14,"MOTOR VEHICLE STRUCK MOTOR VEHICLE, REAR END",,True,Clear or Partly Cloudy,Dry,Daylight,,,,23.0,From same direction - all others,0,0,False,0
-122.376380784335,47.6759622664369,201694,290508,291388,E804530,Matched,Intersection,23954.0,15TH AVE NW AND NW 65TH ST, ,,1,Property Damage Only Collision,Angles,3,0,0,2,0,0,2018-06-03 00:00:00+00,6/3/2018 3:27:00 PM,At Intersection (intersection related),11,"MOTOR VEHICLE STRUCK MOTOR VEHICLE, FRONT END AT ANGLE",,False,Raining,Wet,Daylight,,,,10.0,Entering at angle,0,0,False,0
-122.344385869805,47.6185581570922,201695,289361,290221,3811970,Matched,Block,,DENNY WAY BETWEEN 6TH AVE AND AURORA SB AVE N, ,,2,Injury Collision,Rear Ended,2,0,0,2,1,0,2018-05-18 00:00:00+00,5/18/2018 7:18:00 PM,Mid-Block (not related to intersection),14,"MOTOR VEHICLE STRUCK MOTOR VEHICLE, REAR END",,False,Clear or Partly Cloudy,Dry,Daylight,,,,14.0,From same direction - both going straight - one stopped - rear-end,0,0,False,0
-122.312117196813,47.6147710582366,201696,289360,290220,3773769,Matched,Block,,E MADISON ST BETWEEN 15TH AVE AND 16TH AVE, ,,1,Property Damage Only Collision,Other,3,0,0,3,0,0,2018-05-29 00:00:00+00,5/29/2018 5:41:00 PM,Mid-Block (not related to intersection),11,"MOTOR VEHICLE STRUCK MOTOR VEHICLE, FRONT END AT ANGLE",,False,Clear or Partly Cloudy,Dry,Daylight,,,,23.0,From same direction - all others,0,0,False,0
-122.3259538951,47.6231359422385,201697,291098,291978,3329445,Matched,Block,,E REPUBLICAN ST BETWEEN BELLEVUE AVE E AND SUMMIT AVE E, ,,1,Property Damage Only Collision,Angles,5,0,0,2,0,0,2018-06-10 00:00:00+00,6/10/2018 10:40:00 AM,Driveway Junction,11,"MOTOR VEHICLE STRUCK MOTOR VEHICLE, FRONT END AT ANGLE",True,False,Raining,Wet,Daylight,,,,10.0,Entering at angle,0,0,False,0
-122.332030231084,47.6904998123629,201698,289359,290219,3754358,Matched,Block,,N 85TH ST BETWEEN MERIDIAN AVE N AND CORLISS WAY N, ,,1,Property Damage Only Collision,Rear Ended,2,0,0,2,0,0,2018-05-25 00:00:00+00,5/25/2018 4:22:00 PM,Mid-Block (not related to intersection),14,"MOTOR VEHICLE STRUCK MOTOR VEHICLE, REAR END",True,False,Clear or Partly Cloudy,Dry,Daylight,,,,14.0,From same direction - both going straight - one stopped - rear-end,0,0,False,0
-122.323243320236,47.707487956326,201699,289358,290218,3751040,Matched,Block,,5TH AVE NE BETWEEN NE 106TH ST AND NE NORTHGATE WAY, ,,2b,Serious Injury Collision,Pedestrian,2,1,0,1,1,0,2018-05-28 00:00:00+00,5/28/2018 8:00:00 PM,Mid-Block (not related to intersection),24,MOTOR VEHCILE STRUCK PEDESTRIAN,,False,Clear or Partly Cloudy,Dry,Daylight,,,,0.0,Vehicle going straight hits pedestrian,0,0,False,1
-122.304568270543,47.7193407305061,201700,291046,291926,E805303,Matched,Intersection,36690.0,23RD AVE NE AND NE 125TH ST, ,,2,Injury Collision,Pedestrian,2,0,1,1,1,0,2018-06-05 00:00:00+00,6/5/2018 4:14:00 PM,At Intersection (intersection related),18,"MOTOR VEHICLE STRUCK PEDALCYCLIST, FRONT END AT ANGLE",,False,Clear or Partly Cloudy,Dry,Daylight,,,,5.0,Vehicle Strikes Pedalcyclist,0,0,False,0
-122.280772137427,47.6399192808497,201701,291597,292517,E805921,Matched,Block,,MCGILVRA BLVD E BETWEEN E LYNN ST AND E MCGILVRA ST, ,,2,Injury Collision,Parked Car,3,0,0,3,1,0,2018-05-27 00:00:00+00,5/27/2018 7:37:00 AM,Mid-Block (not related to intersection),13,"MOTOR VEHICLE STRUCK MOTOR VEHICLE, LEFT SIDE AT ANGLE",True,False,Clear or Partly Cloudy,Dry,Daylight,,,,32.0,One parked--one moving,0,0,False,0