longitude,latitude,objectid,inckey,coldetkey,reportno,status,addrtype,intkey,location,exceptrsncode,exceptrsndesc,severitycode,severitydesc,collisiontype,personcount,pedcount,pedcylcount,vehcount,injuries,fatalities,incdate,incdttm,junctiontype,sdot_colcode,sdot_coldesc,inattentionind,underinfl,weather,roadcond,lightcond,pedrownotgrnt,sdotcolnum,speeding,st_colcode,st_coldesc,seglanekey,crosswalkkey,hitparkedcar,seriousinjuries
-122.329056818483,47.5871999315764,201727,294435,295515,3810576,Matched,Block,,4TH AVE S BETWEEN S MASSACHUSETTS ST AND S HOLGATE ST, ,,1,Property Damage Only Collision,Angles,2,0,0,2,0,0,2018-06-29 00:00:00+00,6/29/2018 10:12:00 PM,Driveway Junction,11,"MOTOR VEHICLE STRUCK MOTOR VEHICLE, FRONT END AT ANGLE",,False,Overcast,Dry,Dark - Street Lights On,,,,10.0,Entering at angle,0,0,False,0
-122.333069007416,47.5443017212186,201702,290507,291387,E790165,Matched,Block,,1ST AV S NB OFF RP BETWEEN 1ST AV S BR NB AND EAST MARGINAL WAY S, ,,2,Injury Collision,Rear Ended,3,0,0,3,2,0,2018-04-15 00:00:00+00,4/15/2018 7:38:00 AM,Mid-Block (not related to intersection),14,"MOTOR VEHICLE STRUCK MOTOR VEHICLE, REAR END",True,False,Overcast,Wet,Daylight,,,True,14.0,From same direction - both going straight - one stopped - rear-end,0,0,False,0
-122.365061925351,47.6732588944232,201703,289357,290217,3751038,Matched,Block,,7TH AVE NW BETWEEN NW 60TH ST AND NW 62ND ST, ,,1,Property Damage Only Collision,Parked Car,2,0,0,2,0,0,2018-05-28 00:00:00+00,5/28/2018 1:47:00 AM,Mid-Block (not related to intersection),14,"MOTOR VEHICLE STRUCK MOTOR VEHICLE, REAR END",,True,Clear or Partly Cloudy,Dry,Dark - Street Lights On,,,,32.0,One parked--one moving,0,0,True,0
-122.317722714649,47.6605773786858,201704,289997,290857,E801914,Matched,Block,,ROOSEVELT WAY NE BETWEEN NE 43RD N ST AND NE 45TH ST, ,,2,Injury Collision,Sideswipe,2,0,0,2,2,0,2018-05-21 00:00:00+00,5/21/2018 4:22:00 PM,Mid-Block (not related to intersection),11,"MOTOR VEHICLE STRUCK MOTOR VEHICLE, FRONT END AT ANGLE",,False,Clear or Partly Cloudy,Dry,Daylight,,,,11.0,From same direction - both going straight - both moving - sideswipe,0,0,False,0
-122.30064519166,47.6739607240139,201705,289338,290198,3751037,Matched,Block,,25TH AVE NE BETWEEN NE 60TH ST AND NE 65TH ST, ,,1,Property Damage Only Collision,Parked Car,2,0,0,2,0,0,2018-05-27 00:00:00+00,5/27/2018 4:01:00 AM,Mid-Block (not related to intersection),14,"MOTOR VEHICLE STRUCK MOTOR VEHICLE, REAR END",,True,Clear or Partly Cloudy,Dry,Dark - Street Lights On,,,,32.0,One parked--one moving,0,0,True,0
-122.312164353284,47.6935223175561,201706,291577,292497,E805842,Matched,Block,,15TH AVE NE BETWEEN NE 89TH ST AND NE 90TH ST, ,,1,Property Damage Only Collision,Rear Ended,2,0,0,2,0,0,2018-06-06 00:00:00+00,6/6/2018 7:46:00 AM,Mid-Block (but intersection related),14,"MOTOR VEHICLE STRUCK MOTOR VEHICLE, REAR END",,False,Clear or Partly Cloudy,Dry,Daylight,,,,14.0,From same direction - both going straight - one stopped - rear-end,0,0,False,0
-122.334815828138,47.5992058922995,201708,291080,291960,3812160,Matched,Block,,S JACKSON ST BETWEEN ALASKAN E RDWY WAY S AND 1ST AVE S, ,,1,Property Damage Only Collision,Right Turn,2,0,0,2,0,0,2018-03-08 00:00:00+00,3/8/2018 5:05:00 PM,Driveway Junction,11,"MOTOR VEHICLE STRUCK MOTOR VEHICLE, FRONT END AT ANGLE",,False,Raining,Wet,Daylight,,,,16.0,From same direction - one right turn - one straight,0,0,False,0
-122.316127624352,47.6062002651296,201709,294518,295598,3702613,Matched,Block,,E JEFFERSON ST BETWEEN 12TH AVE AND 13TH AVE, ,,2,Injury Collision,Parked Car,2,0,0,2,2,0,2018-06-30 00:00:00+00,6/30/2018 5:26:00 AM,Mid-Block (not related to intersection),14,"MOTOR VEHICLE STRUCK MOTOR VEHICLE, REAR END",True,False,Overcast,Dry,Dawn,,,,32.0,One parked--one moving,0,0,False,0
-122.305539413888,47.5880759506796,201710,292917,293937,E807260,Matched,Block,,RAINIER AVE S BETWEEN S MASSACHUSETTS ST AND S STATE ST, ,,2,Injury Collision,Sideswipe,4,0,0,2,1,0,2018-06-10 00:00:00+00,6/10/2018 11:41:00 AM,Mid-Block (not related to intersection),11,"MOTOR VEHICLE STRUCK MOTOR VEHICLE, FRONT END AT ANGLE",True,False,Raining,Dry,Daylight,,,,11.0,From same direction - both going straight - both moving - sideswipe,0,0,False,0
-122.325320001223,47.6247025381135,201712,294517,295597,3702272,Matched,Block,,SUMMIT AVE E BETWEEN E MERCER ST AND E ROY ST, ,,2,Injury Collision,Rear Ended,2,0,0,2,1,0,2018-06-30 00:00:00+00,6/30/2018 10:10:00 AM,Mid-Block (not related to intersection),14,"MOTOR VEHICLE STRUCK MOTOR VEHICLE, REAR END",,False,Overcast,Dry,Daylight,,,,14.0,From same direction - both going straight - one stopped - rear-end,0,0,False,0
-122.398981936794,47.6395571284211,201734,293464,294484,3812084,Matched,Block,,W MCGRAW ST BETWEEN 32ND AVE W AND 33RD AVE W, ,,1,Property Damage Only Collision,Parked Car,3,0,0,3,0,0,2018-06-21 00:00:00+00,6/21/2018 8:20:00 PM,Mid-Block (not related to intersection),14,"MOTOR VEHICLE STRUCK MOTOR VEHICLE, REAR END",,True,Clear or Partly Cloudy,Dry,Dusk,,,,32.0,One parked--one moving,0,0,True,0
-122.334239206161,47.5481396886486,201713,292898,293918,E807254,Matched,Block,,EAST MARGINAL WAY S BETWEEN 1ST AVE S AND 1ST AV S BR SB, ,,2,Injury Collision,Sideswipe,4,0,0,2,1,0,2018-06-02 00:00:00+00,6/2/2018 2:08:00 PM,Mid-Block (not related to intersection),11,"MOTOR VEHICLE STRUCK MOTOR VEHICLE, FRONT END AT ANGLE",,False,Clear or Partly Cloudy,Dry,Daylight,,,,11.0,From same direction - both going straight - both moving - sideswipe,0,0,False,0
-122.379483344518,47.6939847884265,201714,292517,293457,3751158,Matched,Block,,NW 89TH ST BETWEEN 17TH S AVE NW AND 18TH AVE NW, ,,2,Injury Collision,Parked Car,2,0,0,2,1,0,2018-06-16 00:00:00+00,6/16/2018 8:01:00 PM,Mid-Block (not related to intersection),11,"MOTOR VEHICLE STRUCK MOTOR VEHICLE, FRONT END AT ANGLE",,False,Clear or Partly Cloudy,Dry,Dusk,,,,32.0,One parked--one moving,0,0,True,0
-122.310292583086,47.6612602584158,201716,294497,295577,E811710,Matched,Block,,NE 45TH ST BETWEEN 16TH AVE NE AND 17TH SB AVE NE, ,,1,Property Damage Only Collision,Sideswipe,2,0,0,2,0,0,2018-06-08 00:00:00+00,6/8/2018 2:16:00 PM,Mid-Block (but intersection related),14,"MOTOR VEHICLE STRUCK MOTOR VEHICLE, REAR END",True,False,Clear or Partly Cloudy,Dry,Daylight,,,,12.0,From same direction - both going straight - one stopped - sideswipe,0,0,False,0
-122.326795873893,47.6157786297616,201718,294477,295557,E812105,Matched,Block,,BELLEVUE AVE BETWEEN E PINE ST AND E OLIVE ST, ,,1,Property Damage Only Collision,Parked Car,2,0,0,2,0,0,2018-05-27 00:00:00+00,5/27/2018 3:45:00 PM,Mid-Block (not related to intersection),14,"MOTOR VEHICLE STRUCK MOTOR VEHICLE, REAR END",,False,Clear or Partly Cloudy,Dry,Daylight,,,,32.0,One parked--one moving,0,0,True,0
-122.363322921567,47.6910009695713,201721,292480,293420,3751156,Matched,Block,,6TH AVE NW BETWEEN NW 85TH ST AND NW 86TH ST, ,,1,Property Damage Only Collision,Parked Car,3,0,0,3,0,0,2018-06-15 00:00:00+00,6/15/2018 2:39:00 AM,Mid-Block (not related to intersection),11,"MOTOR VEHICLE STRUCK MOTOR VEHICLE, FRONT END AT ANGLE",,False,Clear or Partly Cloudy,Dry,Dark - Street Lights On,,,,32.0,One parked--one moving,0,0,False,0
-122.322941250536,47.6617000294557,201723,292479,293419,E807099,Matched,Block,,5TH AVE NE BETWEEN NE 45TH ST AND 45TH ST OFF RP, ,,2,Injury Collision,Sideswipe,2,0,0,2,1,0,2018-06-08 00:00:00+00,6/8/2018 10:21:00 PM,Mid-Block (but intersection related),11,"MOTOR VEHICLE STRUCK MOTOR VEHICLE, FRONT END AT ANGLE",,False,Raining,Wet,Dark - Street Lights On,,,,11.0,From same direction - both going straight - both moving - sideswipe,0,0,False,0
-122.312182917102,47.6880109396021,201728,292478,293418,3751153,Matched,Block,,15TH AVE NE BETWEEN LAKE CITY WAY NE AND NE 82ND ST, ,,1,Property Damage Only Collision,Parked Car,2,0,0,2,0,0,2018-06-14 00:00:00+00,6/14/2018 3:30:00 AM,Mid-Block (not related to intersection),11,"MOTOR VEHICLE STRUCK MOTOR VEHICLE, FRONT END AT ANGLE",,False,Unknown,Unknown,Dark - Street Lights On,,,,32.0,One parked--one moving,0,0,True,0
-122.312711845635,47.7312115159182,201732,292477,293417,3751143,Matched,Block,,15TH AVE NE BETWEEN NE 140TH ST AND NE 143RD ST, ,,2,Injury Collision,Rear Ended,2,0,0,2,1,0,2018-06-16 00:00:00+00,6/16/2018 1:38:00 PM,Mid-Block (not related to intersection),14,"MOTOR VEHICLE STRUCK MOTOR VEHICLE, REAR END",,True,Clear or Partly Cloudy,Dry,Daylight,,,,13.0,From same direction - both going straight - both moving - rear-end,0,0,False,0
-122.334802190036,47.6048017324241,201735,292459,293399,E807010,Matched,Block,,2ND AVE BETWEEN MARION ST AND MADISON ST, ,,1,Property Damage Only Collision,Rear Ended,3,0,0,3,0,0,2018-06-11 00:00:00+00,6/11/2018 1:06:00 PM,Mid-Block (not related to intersection),14,"MOTOR VEHICLE STRUCK MOTOR VEHICLE, REAR END",,False,Clear or Partly Cloudy,Dry,Daylight,,,,14.0,From same direction - both going straight - one stopped - rear-end,0,0,False,0
-122.319572524933,47.5527654538821,201737,293877,294937,E807264,Matched,Block,,S LUCILE ST BR BETWEEN AIRPORT WAY S AND S LUCILE ST, ,,1,Property Damage Only Collision,Other,1,0,0,1,0,0,2018-06-03 00:00:00+00,6/3/2018 4:12:00 PM,Mid-Block (not related to intersection),26,MOTOR VEHICLE STRUCK OBJECT IN ROAD,True,False,Raining,Wet,Daylight,,,True,50.0,Fixed object,0,0,False,0
-122.335943771664,47.6153359612215,201738,293869,294929,E812275,Matched,Block,,8TH AVE BETWEEN STEWART ST AND VIRGINIA ST, ,,1,Property Damage Only Collision,Parked Car,2,0,0,2,0,0,2018-06-26 00:00:00+00,6/26/2018 9:57:00 AM,Mid-Block (not related to intersection),14,"MOTOR VEHICLE STRUCK MOTOR VEHICLE, REAR END",,False,Clear or Partly Cloudy,Dry,Daylight,,,,20.0,One car leaving parked position,0,0,False,0
-122.322628674411,47.6044693128305,201739,292959,293979,E808121,Matched,Block,,TERRACE ST BETWEEN DEAD END 2 AND TERRY AVE,NEI,"Not Enough Information, or Insufficient Location Information",1,Property Damage Only Collision,Parked Car,2,0,0,2,0,0,2018-06-13 00:00:00+00,6/13/2018 6:00:00 AM,Mid-Block (not related to intersection),13,"MOTOR VEHICLE STRUCK MOTOR VEHICLE, LEFT SIDE AT ANGLE",,False,Unknown,Unknown,Dark - Street Lights On,,,,32.0,One parked--one moving,0,0,True,0
-122.337540010438,47.6077944495821,201741,292458,293398,3746662,Matched,Block,,2ND AVE BETWEEN UNIVERSITY ST AND UNION ST, ,,1,Property Damage Only Collision,Rear Ended,3,0,1,2,0,0,2018-06-13 00:00:00+00,6/13/2018 1:00:00 PM,Mid-Block (not related to intersection),14,"MOTOR VEHICLE STRUCK MOTOR VEHICLE, REAR END",True,False,Raining,Wet,Daylight,,,,14.0,From same direction - both going straight - one stopped - rear-end,0,0,False,0
-122.303436173152,47.6434278466506,201742,291697,292617,E805925,Matched,Block,,EAST MONTLAKE PL E BETWEEN E ROANOKE ST AND 22ND AVE E, ,,2,Injury Collision,Rear Ended,2,0,0,2,1,0,2018-06-07 00:00:00+00,6/7/2018 8:05:00 AM,Mid-Block (but intersection related),14,"MOTOR VEHICLE STRUCK MOTOR VEHICLE, REAR END",True,False,Clear or Partly Cloudy,Dry,Daylight,,,,14.0,From same direction - both going straight - one stopped - rear-end,0,0,False,0
-122.270834702495,47.53935673063,201743,292958,293978,E807265,Matched,Block,,RAINIER AVE S BETWEEN S FRONTENAC ST AND S MYRTLE ST, ,,1,Property Damage Only Collision,Parked Car,2,0,0,2,0,0,2018-05-26 00:00:00+00,5/26/2018 4:36:00 PM,Mid-Block (not related to intersection),14,"MOTOR VEHICLE STRUCK MOTOR VEHICLE, REAR END",True,False,Clear or Partly Cloudy,Dry,Daylight,,,,32.0,One parked--one moving,0,0,True,0
-122.32140728677,47.6456191927959,201744,293867,294927,E808688,Matched,Block,,E HAMLIN ST BETWEEN DEAD END 1 AND BROADWAY E, ,,1,Property Damage Only Collision,Parked Car,2,0,0,2,0,0,2018-06-15 00:00:00+00,6/15/2018 5:45:00 PM,Mid-Block (not related to intersection),0,NOT ENOUGH INFORMATION / NOT APPLICABLE,,False,Clear or Partly Cloudy,Dry,Daylight,,,,32.0,One parked--one moving,0,0,True,0
-122.314133909063,47.5996118574979,201745,291677,292597,E805924,Matched,Block,,14TH AVE S BETWEEN S MAIN ST AND S JACKSON ST, ,,1,Property Damage Only Collision,Parked Car,5,0,0,2,0,0,2018-05-27 00:00:00+00,5/27/2018 10:55:00 AM,Mid-Block (not related to intersection),13,"MOTOR VEHICLE STRUCK MOTOR VEHICLE, LEFT SIDE AT ANGLE",,False,Clear or Partly Cloudy,Dry,Daylight,,,,32.0,One parked--one moving,0,0,False,0
-122.265694384457,47.5393401517395,201746,292957,293977,E807257,Matched,Block,,BRIGHTON LN S BETWEEN DEAD END AND S MYRTLE ST, ,,1,Property Damage Only Collision,Parked Car,2,0,0,2,0,0,2018-06-02 00:00:00+00,6/2/2018 12:14:00 AM,Mid-Block (not related to intersection),13,"MOTOR VEHICLE STRUCK MOTOR VEHICLE, LEFT SIDE AT ANGLE",,False,Clear or Partly Cloudy,Dry,Dark - No Street Lights,,,,32.0,One parked--one moving,0,0,True,0
-122.334203660664,47.5743855785793,201747,291658,292578,E805457,Matched,Intersection,32333.0,1ST AVE S AND S HORTON ST, ,,1,Property Damage Only Collision,Rear Ended,2,0,0,2,0,0,2018-06-01 00:00:00+00,6/1/2018 9:23:00 PM,At Intersection (intersection related),14,"MOTOR VEHICLE STRUCK MOTOR VEHICLE, REAR END",True,False,Overcast,Dry,Dark - Street Lights On,,,,14.0,From same direction - both going straight - one stopped - rear-end,0,0,False,0
-122.261070191757,47.4971263131792,201748,292939,293959,E807263,Matched,Block,,57TH AVE S BETWEEN S WALLACE ST AND BEACON AVE S, ,,1,Property Damage Only Collision,Parked Car,2,0,0,2,0,0,2018-05-25 00:00:00+00,5/25/2018 11:19:00 PM,Mid-Block (not related to intersection),26,MOTOR VEHICLE STRUCK OBJECT IN ROAD,,False,Clear or Partly Cloudy,Dry,Dark - Street Lights On,,,,32.0,One parked--one moving,0,0,False,0
-122.344950149931,47.680683927712,201749,293866,294926,E808690,Matched,Block,,AURORA AVE N BETWEEN N 71ST ST AND N 72ND ST, ,,1,Property Damage Only Collision,Sideswipe,2,0,0,2,0,0,2018-06-15 00:00:00+00,6/15/2018 6:20:00 PM,Mid-Block (not related to intersection),11,"MOTOR VEHICLE STRUCK MOTOR VEHICLE, FRONT END AT ANGLE",,False,Clear or Partly Cloudy,Dry,Daylight,,,,11.0,From same direction - both going straight - both moving - sideswipe,0,0,False,0
-122.29835839544,47.5339628447163,201750,292938,293958,E807187,Matched,Block,,AIRPORT WAY S BETWEEN S OTHELLO ST AND MILITARY RD S, ,,1,Property Damage Only Collision,Other,1,0,0,1,0,0,2018-06-12 00:00:00+00,6/12/2018 6:17:00 AM,Mid-Block (but intersection related),28,MOTOR VEHICLE RAN OFF ROAD - HIT FIXED OBJECT,,False,Clear or Partly Cloudy,Dry,Daylight,,,,50.0,Fixed object,0,0,False,0
-122.36242339125,47.6213809083864,201751,293865,294925,E808871,Matched,Block,,4TH AVE W BETWEEN DEAD END AND ELLIOTT AVE W, ,,1,Property Damage Only Collision,Parked Car,2,0,0,2,0,0,2018-06-15 00:00:00+00,6/15/2018 5:30:00 PM,Mid-Block (not related to intersection),0,NOT ENOUGH INFORMATION / NOT APPLICABLE,,False,Clear or Partly Cloudy,Dry,Daylight,,,,32.0,One parked--one moving,0,0,True,0
-122.255347115018,47.5062090391392,201772,297217,298357,E816707,Matched,Block,,S BANGOR ST BETWEEN 62ND E AVE S AND 63RD AVE S, ,,1,Property Damage Only Collision,Parked Car,2,0,0,2,0,0,2018-06-26 00:00:00+00,6/26/2018 7:16:00 PM,Mid-Block (but intersection related),14,"MOTOR VEHICLE STRUCK MOTOR VEHICLE, REAR END",,False,Clear or Partly Cloudy,Dry,Daylight,,,True,32.0,One parked--one moving,0,0,False,0
-122.318150169973,47.6146730441204,201752,291657,292577,E805923,Matched,Block,,11TH AVE BETWEEN E PIKE ST AND E PINE ST, ,,1,Property Damage Only Collision,Rear Ended,2,0,0,2,0,0,2018-06-03 00:00:00+00,6/3/2018 3:35:00 AM,Mid-Block (not related to intersection),11,"MOTOR VEHICLE STRUCK MOTOR VEHICLE, FRONT END AT ANGLE",,False,Clear or Partly Cloudy,Dry,Dark - Street Lights On,,,,14.0,From same direction - both going straight - one stopped - rear-end,0,0,False,0
-122.304492231859,47.5574602852445,201753,293864,294924,E808950,Matched,Block,,S FERDINAND ST BETWEEN COLUMBIA DR S AND BEACON WR S AVE S, ,,2,Injury Collision,Angles,2,0,0,2,1,0,2018-06-12 00:00:00+00,6/12/2018 3:31:00 PM,Mid-Block (but intersection related),11,"MOTOR VEHICLE STRUCK MOTOR VEHICLE, FRONT END AT ANGLE",,False,Clear or Partly Cloudy,Dry,Daylight,,,,10.0,Entering at angle,0,0,False,0
-122.381620098856,47.5529297198215,201754,291637,292557,E805456,Matched,Block,,FAUNTLEROY WAY SW BETWEEN SW BRANDON ST AND SW FINDLAY ST, ,,2,Injury Collision,Rear Ended,3,0,0,3,3,0,2018-06-01 00:00:00+00,6/1/2018 7:10:00 AM,Mid-Block (not related to intersection),14,"MOTOR VEHICLE STRUCK MOTOR VEHICLE, REAR END",True,False,Overcast,Dry,Daylight,,,,13.0,From same direction - both going straight - both moving - rear-end,0,0,False,0
-122.269974584993,47.5195009812283,201755,292937,293957,E807261,Matched,Block,,51ST AVE S BETWEEN S BARTON PL AND S FLETCHER ST, ,,1,Property Damage Only Collision,Angles,2,0,0,2,0,0,2018-06-09 00:00:00+00,6/9/2018 12:07:00 PM,Mid-Block (not related to intersection),11,"MOTOR VEHICLE STRUCK MOTOR VEHICLE, FRONT END AT ANGLE",,False,Clear or Partly Cloudy,Dry,Daylight,,,,10.0,Entering at angle,0,0,False,0
-122.359326778275,47.6239375808143,201757,293472,294492,3812166,Matched,Block,,2ND AVE W BETWEEN W REPUBLICAN ST AND W MERCER ST, ,,1,Property Damage Only Collision,Parked Car,2,0,0,2,0,0,2018-06-21 00:00:00+00,6/21/2018 1:50:00 PM,Mid-Block (not related to intersection),11,"MOTOR VEHICLE STRUCK MOTOR VEHICLE, FRONT END AT ANGLE",True,False,Clear or Partly Cloudy,Dry,Daylight,,,,32.0,One parked--one moving,0,0,True,0
-122.322290132838,47.5730322674693,201797,295420,296520,3814749,Matched,Block,,AIRPORT WAY S BETWEEN S HINDS ST AND DIAGONAL AVE S, ,,2,Injury Collision,Other,1,0,0,1,1,0,2018-07-01 00:00:00+00,7/1/2018 5:47:00 AM,Mid-Block (not related to intersection),28,MOTOR VEHICLE RAN OFF ROAD - HIT FIXED OBJECT,,False,Clear or Partly Cloudy,Dry,Daylight,,,,50.0,Fixed object,0,0,False,0
-122.386856372188,47.5584125328778,201758,288919,289779,3626838,Matched,Block,,CALIFORNIA AVE SW BETWEEN ERSKINE WAY SW AND SW HUDSON ST, ,,2,Injury Collision,Pedestrian,2,1,0,1,1,0,2018-05-25 00:00:00+00,5/25/2018 3:55:00 PM,Mid-Block (not related to intersection),24,MOTOR VEHCILE STRUCK PEDESTRIAN,,False,Clear or Partly Cloudy,Dry,Daylight,,,,0.0,Vehicle going straight hits pedestrian,0,0,False,0
-122.298050652203,47.5883118320491,201760,298078,299218,3626238,Matched,Intersection,31402.0,M L KING JR WAY S AND S MASSACHUSETTS ST, ,,1,Property Damage Only Collision,Rear Ended,5,0,0,2,0,0,2018-07-22 00:00:00+00,7/22/2018 1:15:00 AM,At Intersection (but not related to intersection),14,"MOTOR VEHICLE STRUCK MOTOR VEHICLE, REAR END",True,False,Clear or Partly Cloudy,Dry,Dark - Street Lights On,,,,14.0,From same direction - both going straight - one stopped - rear-end,0,0,False,0
-122.297007009997,47.5955192633393,201761,296483,297603,3702647,Matched,Block,,S DEARBORN ST BETWEEN M L KING JR WAY S AND 28TH S AVE S, ,,2,Injury Collision,Parked Car,2,0,0,2,1,0,2018-07-09 00:00:00+00,7/9/2018 12:33:00 AM,Mid-Block (not related to intersection),11,"MOTOR VEHICLE STRUCK MOTOR VEHICLE, FRONT END AT ANGLE",,True,Clear or Partly Cloudy,Dry,Dark - Street Lights On,,,True,32.0,One parked--one moving,0,0,False,0
-122.319608523649,47.6116492078506,201763,298077,299217,3626236,Matched,Block,,E MADISON ST BETWEEN BROADWAY CT AND 10TH AVE, ,,1,Property Damage Only Collision,Parked Car,2,0,0,2,0,0,2018-07-21 00:00:00+00,7/21/2018 10:26:00 AM,Mid-Block (not related to intersection),14,"MOTOR VEHICLE STRUCK MOTOR VEHICLE, REAR END",True,False,Clear or Partly Cloudy,Dry,Daylight,,,,32.0,One parked--one moving,0,0,False,0
-122.317871274977,47.7097893559162,201765,288408,289268,3694049,Matched,Intersection,36498.0,PINEHURST WAY NE AND ROOSEVELT S WAY NE, ,,2b,Serious Injury Collision,Pedestrian,2,1,0,1,1,0,2018-05-21 00:00:00+00,5/21/2018 9:04:00 PM,At Intersection (intersection related),24,MOTOR VEHCILE STRUCK PEDESTRIAN,,False,Clear or Partly Cloudy,Dry,Dark - Street Lights On,True,,,2.0,Vehicle turning left hits pedestrian,0,523410,False,1
-122.35551591552,47.7141587830641,201767,288403,289263,3754302,Matched,Intersection,36379.0,GREENWOOD AVE N AND N 117TH ST, ,,1,Property Damage Only Collision,Left Turn,2,0,0,2,0,0,2018-05-16 00:00:00+00,5/16/2018 12:20:00 PM,At Intersection (intersection related),11,"MOTOR VEHICLE STRUCK MOTOR VEHICLE, FRONT END AT ANGLE",,False,Clear or Partly Cloudy,Dry,Daylight,,,,28.0,From opposite direction - one left turn - one straight,0,0,False,0
-122.316511701383,47.5488665226284,201768,298101,299241,3643062,Matched,Block,,AIRPORT WAY S BETWEEN S VALE ST AND 13TH AVE S, ,,2,Injury Collision,Parked Car,3,0,0,2,2,0,2018-07-19 00:00:00+00,7/19/2018 6:17:00 PM,Mid-Block (not related to intersection),11,"MOTOR VEHICLE STRUCK MOTOR VEHICLE, FRONT END AT ANGLE",,False,Clear or Partly Cloudy,Dry,Daylight,,,,20.0,One car leaving parked position,0,0,False,0
-122.338448458396,47.6087874922082,201769,296480,297600,E817083,Matched,Block,,2ND AVE BETWEEN UNION ST AND PIKE ST, ,,2,Injury Collision,Cycles,2,0,1,1,1,0,2018-07-05 00:00:00+00,7/5/2018 9:15:00 AM,Mid-Block (not related to intersection),18,"MOTOR VEHICLE STRUCK PEDALCYCLIST, FRONT END AT ANGLE",True,False,Clear or Partly Cloudy,Dry,Daylight,,,,6.0,Pedalcyclist Strikes Moving Vehicle,0,0,False,0
-122.339477679887,47.6715405871896,201771,296479,297599,E816272,Matched,Block,,EAST GREEN LAKE WAY N BETWEEN N 57TH ST AND KENWOOD PL N, ,,1,Property Damage Only Collision,Head On,3,0,0,2,0,0,2018-07-09 00:00:00+00,7/9/2018 6:18:00 PM,Mid-Block (not related to intersection),11,"MOTOR VEHICLE STRUCK MOTOR VEHICLE, FRONT END AT ANGLE",,False,Clear or Partly Cloudy,Dry,Daylight,,,,24.0,From opposite direction - both moving - head-on,0,0,False,0
-122.249406491719,47.5124495402072,201774,296477,297597,E816257,Matched,Block,,RAINIER AVE S BETWEEN S COOPER ST AND 68TH AVE S,NEI,"Not Enough Information, or Insufficient Location Information",1,Property Damage Only Collision,Other,1,0,0,1,0,0,2018-07-09 00:00:00+00,7/9/2018 4:31:00 AM,,0,NOT ENOUGH INFORMATION / NOT APPLICABLE,,False,Clear or Partly Cloudy,Dry,Dawn,,,,31.0,Not stated,0,0,True,0
-122.318159433911,47.6152543914463,201776,288406,289266,3702534,Matched,Intersection,29739.0,11TH AVE AND E PINE ST, ,,2,Injury Collision,Pedestrian,2,0,1,1,1,0,2018-05-17 00:00:00+00,5/17/2018 8:54:00 PM,At Intersection (intersection related),18,"MOTOR VEHICLE STRUCK PEDALCYCLIST, FRONT END AT ANGLE",,False,Clear or Partly Cloudy,Dry,Dusk,,,,5.0,Vehicle Strikes Pedalcyclist,10420,0,False,0
-122.308857411435,47.6135009623769,201777,298099,299239,3642606,Matched,Block,,18TH AVE BETWEEN E UNION ST AND E PIKE ST, ,,2,Injury Collision,Pedestrian,2,0,1,1,1,0,2018-07-22 00:00:00+00,7/22/2018 2:00:00 PM,Mid-Block (not related to intersection),21,"MOTOR VEHICLE STRUCK PEDALCYCLIST, REAR END",,False,Other,Unknown,Daylight,,,,5.0,Vehicle Strikes Pedalcyclist,0,0,False,0
-122.326675734391,47.5619956143651,201778,298102,299242,3643063,Matched,Intersection,32385.0,6TH AVE S AND S SNOQUALMIE ST, ,,1,Property Damage Only Collision,Pedestrian,2,0,1,1,0,0,2018-07-20 00:00:00+00,7/20/2018 10:41:00 AM,At Intersection (intersection related),18,"MOTOR VEHICLE STRUCK PEDALCYCLIST, FRONT END AT ANGLE",,False,Clear or Partly Cloudy,Dry,Daylight,,,,5.0,Vehicle Strikes Pedalcyclist,0,0,False,0
-122.330729695714,47.6154497181614,201779,295442,296541,3812173,Matched,Intersection,29865.0,BOREN AVE AND OLIVE WAY, ,,1,Property Damage Only Collision,Sideswipe,3,0,0,2,0,0,2018-07-04 00:00:00+00,7/4/2018 8:13:00 PM,At Intersection (intersection related),11,"MOTOR VEHICLE STRUCK MOTOR VEHICLE, FRONT END AT ANGLE",,False,Clear or Partly Cloudy,Dry,Daylight,,,,81.0,Same direction -- both turning left -- both moving -- sideswipe,0,0,False,0
-122.298050652203,47.5883118320491,201780,295441,296540,3810607,Matched,Intersection,31402.0,M L KING JR WAY S AND S MASSACHUSETTS ST, ,,1,Property Damage Only Collision,Right Turn,5,0,0,2,0,0,2018-07-05 00:00:00+00,7/5/2018 1:24:00 AM,At Intersection (intersection related),11,"MOTOR VEHICLE STRUCK MOTOR VEHICLE, FRONT END AT ANGLE",,False,Clear or Partly Cloudy,Dry,Dark - Street Lights On,,,,16.0,From same direction - one right turn - one straight,0,0,False,0
-122.28165071955,47.614271626143,201781,297157,298297,E816383,Matched,Block,,LAKE WASHINGTON BLVD BETWEEN MADRONA DR AND E OLIVE LN, ,,1,Property Damage Only Collision,Parked Car,2,0,0,2,0,0,2018-07-08 00:00:00+00,7/8/2018 4:07:00 PM,Mid-Block (not related to intersection),13,"MOTOR VEHICLE STRUCK MOTOR VEHICLE, LEFT SIDE AT ANGLE",,False,Clear or Partly Cloudy,Dry,Daylight,,,,32.0,One parked--one moving,0,0,True,0
-122.354410850113,47.6348644391827,201784,288404,289264,3756472,Matched,Intersection,28153.0,BLAINE ST AND WARREN AVE N, ,,1,Property Damage Only Collision,Angles,2,0,0,2,0,0,2018-05-16 00:00:00+00,5/16/2018 5:44:00 PM,At Intersection (intersection related),11,"MOTOR VEHICLE STRUCK MOTOR VEHICLE, FRONT END AT ANGLE",,False,Clear or Partly Cloudy,Dry,Daylight,,,,10.0,Entering at angle,0,0,False,0