longitude,latitude,objectid,inckey,coldetkey,reportno,status,addrtype,intkey,location,exceptrsncode,exceptrsndesc,severitycode,severitydesc,collisiontype,personcount,pedcount,pedcylcount,vehcount,injuries,fatalities,incdate,incdttm,junctiontype,sdot_colcode,sdot_coldesc,inattentionind,underinfl,weather,roadcond,lightcond,pedrownotgrnt,sdotcolnum,speeding,st_colcode,st_coldesc,seglanekey,crosswalkkey,hitparkedcar,seriousinjuries
-122.344966862431,47.7223018735588,201786,288409,289269,3754241,Matched,Intersection,35827.0,AURORA AVE N AND N 128TH ST, ,,2,Injury Collision,Left Turn,3,0,0,2,2,0,2018-05-21 00:00:00+00,5/21/2018 7:38:00 PM,At Intersection (intersection related),11,"MOTOR VEHICLE STRUCK MOTOR VEHICLE, FRONT END AT ANGLE",,False,Clear or Partly Cloudy,Dry,Daylight,,,,28.0,From opposite direction - one left turn - one straight,0,0,False,0
-122.329058011529,47.585075065481,201787,295438,296537,3818911,Matched,Block,,4TH AVE S BETWEEN S HOLGATE ST AND S WALKER ST, ,,2,Injury Collision,Rear Ended,3,0,0,2,3,0,2018-06-23 00:00:00+00,6/23/2018 10:51:00 PM,Mid-Block (but intersection related),14,"MOTOR VEHICLE STRUCK MOTOR VEHICLE, REAR END",True,False,Clear or Partly Cloudy,Dry,Dark - Street Lights On,,,,14.0,From same direction - both going straight - one stopped - rear-end,0,0,False,0
-122.322186801194,47.6187333744917,201788,298098,299238,3642605,Matched,Intersection,29069.0,HARVARD AVE AND E DENNY WAY, ,,2,Injury Collision,Pedestrian,2,1,0,1,1,0,2018-07-23 00:00:00+00,7/23/2018 7:40:00 AM,At Intersection (intersection related),24,MOTOR VEHCILE STRUCK PEDESTRIAN,,False,Clear or Partly Cloudy,Dry,Daylight,True,,True,1.0,Vehicle turning right hits pedestrian,0,0,False,0
-122.339477679887,47.6715405871896,201789,295437,296524,3818737,Matched,Block,,EAST GREEN LAKE WAY N BETWEEN N 57TH ST AND KENWOOD PL N, ,,2,Injury Collision,Sideswipe,3,0,0,2,1,0,2018-07-01 00:00:00+00,7/1/2018 2:49:00 AM,Mid-Block (not related to intersection),11,"MOTOR VEHICLE STRUCK MOTOR VEHICLE, FRONT END AT ANGLE",,False,Clear or Partly Cloudy,Dry,Dark - Street Lights On,,,,26.0,From opposite direction - both going straight - sideswipe,0,0,False,0
-122.32641669393,47.6048568782419,201790,297097,298237,E812106,Matched,Block,,JAMES ST BETWEEN 7TH AVE AND 8TH AVE, ,,2,Injury Collision,Pedestrian,3,1,0,1,1,0,2018-06-13 00:00:00+00,6/13/2018 4:05:00 PM,Driveway Junction,24,MOTOR VEHCILE STRUCK PEDESTRIAN,,False,Clear or Partly Cloudy,Dry,Daylight,,,,0.0,Vehicle going straight hits pedestrian,0,0,False,0
-122.327033615923,47.5958367619353,201791,295423,296523,3818480,Matched,Block,,S DEARBORN ST BETWEEN SEATTLE BLVD S AND 6TH AVE S, ,,2,Injury Collision,Rear Ended,3,0,0,2,1,0,2018-07-01 00:00:00+00,7/1/2018 2:32:00 AM,Mid-Block (but intersection related),14,"MOTOR VEHICLE STRUCK MOTOR VEHICLE, REAR END",,False,Unknown,Unknown,Dark - Street Lights On,,,,14.0,From same direction - both going straight - one stopped - rear-end,0,0,False,0
-122.302405365431,47.6259455138886,201792,297079,298219,E816957,Matched,Intersection,29327.0,23RD AVE E AND E VALLEY ST, ,,2,Injury Collision,Rear Ended,3,0,0,3,2,0,2018-07-11 00:00:00+00,7/11/2018 8:54:00 AM,At Intersection (intersection related),14,"MOTOR VEHICLE STRUCK MOTOR VEHICLE, REAR END",True,False,Clear or Partly Cloudy,Dry,Daylight,,,,14.0,From same direction - both going straight - one stopped - rear-end,0,0,False,0
-122.345973622923,47.5337627950625,201794,297078,298218,E816721,Matched,Intersection,34155.0,8TH AVE SW AND SW HOLDEN ST, ,,1,Property Damage Only Collision,Left Turn,3,0,0,2,0,0,2018-07-01 00:00:00+00,7/1/2018 9:33:00 PM,At Intersection (intersection related),11,"MOTOR VEHICLE STRUCK MOTOR VEHICLE, FRONT END AT ANGLE",,False,Clear or Partly Cloudy,Dry,Dark - Street Lights On,,,,15.0,From same direction - one left turn - one straight,0,0,False,0
-122.311383660188,47.6204993028669,201795,296486,297606,3702694,Matched,Intersection,29370.0,16TH AVE E AND E THOMAS ST, ,,1,Property Damage Only Collision,Angles,2,0,0,2,0,0,2018-07-09 00:00:00+00,7/9/2018 9:21:00 PM,At Intersection (intersection related),14,"MOTOR VEHICLE STRUCK MOTOR VEHICLE, REAR END",,False,Clear or Partly Cloudy,Dry,Dusk,,,,10.0,Entering at angle,0,0,False,0
-122.312209755922,47.7003416268572,201796,288407,289267,3751062,Matched,Intersection,37494.0,15TH AVE NE AND NE 98TH ST, ,,1,Property Damage Only Collision,Other,1,0,0,1,0,0,2018-05-21 00:00:00+00,5/21/2018 9:17:00 PM,At Intersection (intersection related),28,MOTOR VEHICLE RAN OFF ROAD - HIT FIXED OBJECT,,False,Clear or Partly Cloudy,Dry,Daylight,,,,50.0,Fixed object,0,0,False,0
-122.28499712624,47.5661772270909,201798,288402,289262,3814782,Matched,Intersection,32699.0,38TH AVE S AND S DAKOTA ST, ,,1,Property Damage Only Collision,Angles,3,0,0,2,0,0,2018-05-15 00:00:00+00,5/15/2018 3:00:00 PM,At Intersection (intersection related),11,"MOTOR VEHICLE STRUCK MOTOR VEHICLE, FRONT END AT ANGLE",,False,Clear or Partly Cloudy,Dry,Daylight,,,,10.0,Entering at angle,0,0,False,0
-122.308937412227,47.5719243957779,201799,298097,299237,3626239,Matched,Block,,S SPOKANE ST BETWEEN ALAMO PL S AND BEACON AVE S, ,,1,Property Damage Only Collision,Rear Ended,3,0,0,2,0,0,2018-07-22 00:00:00+00,7/22/2018 5:45:00 PM,Mid-Block (not related to intersection),14,"MOTOR VEHICLE STRUCK MOTOR VEHICLE, REAR END",True,False,Clear or Partly Cloudy,Dry,Daylight,,,,14.0,From same direction - both going straight - one stopped - rear-end,0,0,False,0
-122.34496184193,47.7218454592416,201800,294520,295600,E812072,Matched,Block,,AURORA AVE N BETWEEN N 127TH ST AND N 128TH ST, ,,1,Property Damage Only Collision,Rear Ended,2,0,0,2,0,0,2018-06-20 00:00:00+00,6/20/2018 4:40:00 PM,Mid-Block (but intersection related),14,"MOTOR VEHICLE STRUCK MOTOR VEHICLE, REAR END",True,False,Clear or Partly Cloudy,Dry,Daylight,,,,14.0,From same direction - both going straight - one stopped - rear-end,0,0,False,0
-122.321745634222,47.6073030280599,201801,296485,297605,3702650,Matched,Block,,MINOR AVE BETWEEN JAMES ST AND CHERRY ST, ,,1,Property Damage Only Collision,Angles,2,0,0,2,0,0,2018-07-09 00:00:00+00,7/9/2018 2:48:00 PM,Mid-Block (not related to intersection),11,"MOTOR VEHICLE STRUCK MOTOR VEHICLE, FRONT END AT ANGLE",,False,Clear or Partly Cloudy,Dry,Daylight,,,,10.0,Entering at angle,0,0,False,0
-122.290650199808,47.7119594158179,201803,288405,289265,3706625,Matched,Intersection,36830.0,35TH AVE NE AND NE 115TH ST, ,,1,Property Damage Only Collision,Left Turn,3,0,0,2,0,0,2018-05-15 00:00:00+00,5/15/2018 8:48:00 AM,At Intersection (intersection related),11,"MOTOR VEHICLE STRUCK MOTOR VEHICLE, FRONT END AT ANGLE",,False,Overcast,Dry,Daylight,,,,28.0,From opposite direction - one left turn - one straight,0,0,False,0
-122.344512560567,47.6887495545428,201804,290537,291417,3751045,Matched,Block,,AURORA AVE N BETWEEN N 82ND ST AND GREEN LAKE DR N, ,,2,Injury Collision,Rear Ended,2,0,0,2,1,0,2018-06-01 00:00:00+00,6/1/2018 4:53:00 PM,Mid-Block (not related to intersection),14,"MOTOR VEHICLE STRUCK MOTOR VEHICLE, REAR END",,False,Clear or Partly Cloudy,Dry,Daylight,,,,14.0,From same direction - both going straight - one stopped - rear-end,0,0,False,0
-122.374899462775,47.6686661444777,201805,290017,290877,E801916,Matched,Block,,NW MARKET ST BETWEEN 14TH AVE NW AND 15TH AVE NW, ,,2,Injury Collision,Angles,3,0,0,2,1,0,2018-05-25 00:00:00+00,5/25/2018 2:15:00 PM,Driveway Junction,11,"MOTOR VEHICLE STRUCK MOTOR VEHICLE, FRONT END AT ANGLE",,False,Clear or Partly Cloudy,Dry,Daylight,,,,10.0,Entering at angle,0,0,False,0
-122.32939513369,47.5659655951915,201806,291117,291997,3578916,Matched,Block,,4TH AVE S BETWEEN DIAGONAL AVE S AND COSTCO DR, ,,1,Property Damage Only Collision,Rear Ended,2,0,0,2,0,0,2018-06-06 00:00:00+00,6/6/2018 6:54:00 PM,Mid-Block (not related to intersection),14,"MOTOR VEHICLE STRUCK MOTOR VEHICLE, REAR END",,False,Clear or Partly Cloudy,Dry,Daylight,,,True,13.0,From same direction - both going straight - both moving - rear-end,0,0,False,0
-122.28346722547,47.5574425678513,201807,289371,290231,3814795,Matched,Block,,39TH AVE S BETWEEN S FERDINAND ST AND S HUDSON ST, ,,2,Injury Collision,Parked Car,3,0,0,3,1,0,2018-05-29 00:00:00+00,5/29/2018 10:28:00 AM,Mid-Block (not related to intersection),16,"MOTOR VEHICLE STRUCK MOTOR VEHICLE, LEFT SIDE SIDESWIPE",,False,Clear or Partly Cloudy,Dry,Daylight,,,True,32.0,One parked--one moving,0,0,True,0
-122.329067691512,47.5726894494557,201808,289370,290230,3814794,Matched,Block,,4TH AVE S BETWEEN S HINDS ST AND S SPOKANE NR ST, ,,2,Injury Collision,Sideswipe,2,0,0,2,1,0,2018-05-25 00:00:00+00,5/25/2018 3:43:00 PM,Mid-Block (not related to intersection),11,"MOTOR VEHICLE STRUCK MOTOR VEHICLE, FRONT END AT ANGLE",,False,Overcast,Dry,Daylight,,,,11.0,From same direction - both going straight - both moving - sideswipe,0,0,False,0
-122.277072124664,47.5493260443471,201810,290559,291439,3643056,Matched,Block,,RAINIER AVE S BETWEEN S JUNEAU ST AND S KENNY ST, ,,1,Property Damage Only Collision,Parked Car,2,0,0,2,0,0,2018-06-01 00:00:00+00,6/1/2018 12:54:00 AM,Mid-Block (not related to intersection),14,"MOTOR VEHICLE STRUCK MOTOR VEHICLE, REAR END",,False,Clear or Partly Cloudy,Dry,Dark - Street Lights On,,,,32.0,One parked--one moving,0,0,True,0
-122.307191040392,47.6648603383004,201812,290102,290962,3751208,Matched,Intersection,26056.0,19TH AVE NE AND NE 50TH ST, ,,2,Injury Collision,Angles,2,0,0,2,1,0,2018-06-02 00:00:00+00,6/2/2018 10:54:00 PM,At Intersection (intersection related),11,"MOTOR VEHICLE STRUCK MOTOR VEHICLE, FRONT END AT ANGLE",,False,Clear or Partly Cloudy,Dry,Dark - Street Lights On,,,,10.0,Entering at angle,0,0,False,0
-122.289922853069,47.5688823838996,201813,289369,290229,3814743,Matched,Block,,RAINIER AVE S BETWEEN S CHARLESTOWN ST AND S ANDOVER ST, ,,2,Injury Collision,Other,1,0,0,1,1,0,2018-05-25 00:00:00+00,5/25/2018 10:52:00 PM,Mid-Block (not related to intersection),28,MOTOR VEHICLE RAN OFF ROAD - HIT FIXED OBJECT,,True,Clear or Partly Cloudy,Dry,Dark - Street Lights On,,,True,50.0,Fixed object,0,0,False,0
-122.339614349083,47.6151601578721,201814,290101,290961,3704123,Matched,Intersection,29544.0,6TH AVE AND LENORA ST, ,,2,Injury Collision,Pedestrian,2,1,0,1,1,0,2018-06-01 00:00:00+00,6/1/2018 8:02:00 PM,At Intersection (intersection related),24,MOTOR VEHCILE STRUCK PEDESTRIAN,,False,Clear or Partly Cloudy,Dry,Daylight,,,,2.0,Vehicle turning left hits pedestrian,0,523323,False,0
-122.33419497847,47.5913553096544,201815,289368,290228,3812177,Matched,Block,,1ST AVE S BETWEEN S ROYAL BROUGHAM WAY AND S ATLANTIC ST, ,,1,Property Damage Only Collision,Rear Ended,2,0,0,2,0,0,2018-05-28 00:00:00+00,5/28/2018 6:49:00 PM,Mid-Block (not related to intersection),14,"MOTOR VEHICLE STRUCK MOTOR VEHICLE, REAR END",,False,Clear or Partly Cloudy,Dry,Daylight,,,,14.0,From same direction - both going straight - one stopped - rear-end,0,0,False,0
-122.34845101598,47.6432125272684,201817,289367,290227,3812156,Matched,Block,,RAYE LOWER ST BETWEEN 4TH AVE N AND 6TH AVE N, ,,1,Property Damage Only Collision,Other,1,0,0,1,0,0,2018-05-26 00:00:00+00,5/26/2018 11:16:00 PM,Mid-Block (not related to intersection),26,MOTOR VEHICLE STRUCK OBJECT IN ROAD,,False,Clear or Partly Cloudy,Dry,Dark - Street Lights On,,,,50.0,Fixed object,0,0,False,0
-122.352214221331,47.5820372822094,201818,291738,292658,E805460,Matched,Block,,13TH AVE SW BETWEEN SW FLORIDA ST AND SW LANDER ST,NEI,"Not Enough Information, or Insufficient Location Information",1,Property Damage Only Collision,Parked Car,2,0,0,2,0,0,2018-06-04 00:00:00+00,6/4/2018 11:30:00 AM,,0,NOT ENOUGH INFORMATION / NOT APPLICABLE,,False,Clear or Partly Cloudy,Dry,Daylight,,,,32.0,One parked--one moving,0,0,True,0
-122.373914632371,47.6308802065716,201821,290577,291457,3748156,Matched,Block,,ELLIOTT AVE W BETWEEN W LEE ST AND W GALER ST FLYOVER, ,,2,Injury Collision,Left Turn,2,0,0,2,2,0,2018-06-04 00:00:00+00,6/4/2018 4:35:00 PM,Driveway Junction,11,"MOTOR VEHICLE STRUCK MOTOR VEHICLE, FRONT END AT ANGLE",True,False,Overcast,Dry,Daylight,,,,28.0,From opposite direction - one left turn - one straight,0,0,False,0
-122.392198946154,47.5602476842366,201823,291717,292637,E805458,Matched,Block,,47TH AVE SW BETWEEN SW ALASKA ST AND SW EDMUNDS ST, ,,1,Property Damage Only Collision,Parked Car,2,0,0,2,0,0,2018-06-03 00:00:00+00,6/3/2018 3:47:00 PM,Mid-Block (not related to intersection),11,"MOTOR VEHICLE STRUCK MOTOR VEHICLE, FRONT END AT ANGLE",True,False,Raining,Wet,Daylight,,,,32.0,One parked--one moving,0,0,False,0
-122.346046899856,47.7057941837595,201825,290080,290940,3706179,Matched,Block,,WHITMAN AVE N BETWEEN N 105TH ST AND N 107TH ST, ,,1,Property Damage Only Collision,Parked Car,2,0,0,2,0,0,2018-06-02 00:00:00+00,6/2/2018 6:04:00 PM,Mid-Block (not related to intersection),11,"MOTOR VEHICLE STRUCK MOTOR VEHICLE, FRONT END AT ANGLE",,False,Clear or Partly Cloudy,Dry,Daylight,,,,32.0,One parked--one moving,0,0,True,0
-122.356208196153,47.6490996201289,201826,289365,290225,3812151,Matched,Block,,NICKERSON ST BETWEEN CREMONA ST AND DRAVUS ST, ,,2,Injury Collision,Left Turn,4,0,0,2,1,0,2018-05-25 00:00:00+00,5/25/2018 6:41:00 PM,Driveway Junction,11,"MOTOR VEHICLE STRUCK MOTOR VEHICLE, FRONT END AT ANGLE",,False,Clear or Partly Cloudy,Dry,Daylight,,,,28.0,From opposite direction - one left turn - one straight,0,0,False,0
-122.33484538997,47.5923974526091,201827,289364,290224,3812124,Matched,Block,,S ROYAL BROUGHAM WAY BETWEEN EAST FRONTAGE RD S AND 1ST AVE S, ,,1,Property Damage Only Collision,Sideswipe,4,0,0,2,0,0,2018-05-24 00:00:00+00,5/24/2018 7:27:00 AM,Mid-Block (not related to intersection),11,"MOTOR VEHICLE STRUCK MOTOR VEHICLE, FRONT END AT ANGLE",True,False,Overcast,Dry,Daylight,,,,11.0,From same direction - both going straight - both moving - sideswipe,0,0,False,0
-122.286552898502,47.6027688324508,201828,291126,292006,3707541,Matched,Block,,E SUPERIOR ST BETWEEN POWER AVE AND ERIE AVE, ,,1,Property Damage Only Collision,Other,1,0,0,1,0,0,2018-06-08 00:00:00+00,6/8/2018 11:54:00 AM,Mid-Block (not related to intersection),48,DRIVERLESS VEHICLE RAN OFF ROAD - HIT FIXED OBJECT,,False,Clear or Partly Cloudy,Dry,Daylight,,,,50.0,Fixed object,0,0,False,0
-122.32586613861,47.6163398179381,201830,291125,292005,3707540,Matched,Block,,E OLIVE ST BETWEEN CRAWFORD PL AND SUMMIT AVE, ,,1,Property Damage Only Collision,Parked Car,4,0,0,4,0,0,2018-06-08 00:00:00+00,6/8/2018 8:00:00 AM,Mid-Block (not related to intersection),11,"MOTOR VEHICLE STRUCK MOTOR VEHICLE, FRONT END AT ANGLE",,False,Overcast,Dry,Daylight,,,,32.0,One parked--one moving,0,0,True,0
-122.382375526981,47.591315553432,201831,290560,291440,3742429,Matched,Block,,HARBOR AVE SW BETWEEN SW MARYLAND PL AND CALIFORNIA WAY SW, ,,1,Property Damage Only Collision,Other,1,0,0,1,0,0,2018-05-31 00:00:00+00,5/31/2018 1:35:00 AM,Mid-Block (not related to intersection),28,MOTOR VEHICLE RAN OFF ROAD - HIT FIXED OBJECT,True,False,Clear or Partly Cloudy,Dry,Dark - Street Lights On,,,,50.0,Fixed object,0,0,False,0
-122.360878604547,47.6506219079432,201835,288943,289803,E800604,Matched,Block,,3RD AVE W BETWEEN W BERTONA ST AND W NICKERSON ST, ,,1,Property Damage Only Collision,Parked Car,2,0,0,2,0,0,2018-05-22 00:00:00+00,5/22/2018 10:00:00 AM,Mid-Block (not related to intersection),0,NOT ENOUGH INFORMATION / NOT APPLICABLE,,False,Unknown,Unknown,Unknown,,,,32.0,One parked--one moving,0,0,True,0
-122.31549602369,47.6259269428972,201837,291123,292003,3707538,Matched,Block,,13TH AVE E BETWEEN E ROY ST AND E ALOHA E ST, ,,1,Property Damage Only Collision,Parked Car,2,0,0,2,0,0,2018-05-30 00:00:00+00,5/30/2018 12:00:00 PM,Mid-Block (not related to intersection),11,"MOTOR VEHICLE STRUCK MOTOR VEHICLE, FRONT END AT ANGLE",,False,Other,Unknown,Unknown,,,,32.0,One parked--one moving,0,0,True,0
-122.321315141277,47.6059904764359,201838,290578,291458,3773943,Matched,Block,,JEFFERSON ST BETWEEN BOREN AVE AND BROADWAY, ,,1,Property Damage Only Collision,Angles,2,0,0,2,0,0,2018-06-04 00:00:00+00,6/4/2018 3:30:00 PM,Driveway Junction,11,"MOTOR VEHICLE STRUCK MOTOR VEHICLE, FRONT END AT ANGLE",,False,Clear or Partly Cloudy,Dry,Daylight,,,,10.0,Entering at angle,0,0,False,0
-122.356703681347,47.6257143529288,201839,288941,289801,E800586,Matched,Intersection,28619.0,QUEEN ANNE AVE N AND W ROY ST, ,,1,Property Damage Only Collision,Left Turn,2,0,0,2,0,0,2018-05-09 00:00:00+00,5/9/2018 9:51:00 PM,At Intersection (intersection related),11,"MOTOR VEHICLE STRUCK MOTOR VEHICLE, FRONT END AT ANGLE",True,True,Overcast,Dry,Dark - Street Lights On,,,,28.0,From opposite direction - one left turn - one straight,0,0,False,0
-122.286148754015,47.6073346720131,201840,291122,292002,3707536,Matched,Block,,37TH AVE BETWEEN RANDOLPH PL AND E CHERRY ST, ,,1,Property Damage Only Collision,Parked Car,4,0,0,3,0,0,2018-06-06 00:00:00+00,6/6/2018 6:46:00 PM,Mid-Block (not related to intersection),15,"MOTOR VEHICLE STRUCK MOTOR VEHICLE, RIGHT SIDE SIDESWIPE",,False,Clear or Partly Cloudy,Dry,Daylight,,,,32.0,One parked--one moving,0,0,True,0
-122.331306048169,47.5448814245195,201841,288940,289800,E800565,Matched,Intersection,34222.0,EAST MARGINAL WAY S AND S MICHIGAN ST, ,,2,Injury Collision,Right Turn,6,0,0,2,2,0,2018-05-22 00:00:00+00,5/22/2018 2:37:00 PM,At Intersection (intersection related),11,"MOTOR VEHICLE STRUCK MOTOR VEHICLE, FRONT END AT ANGLE",,False,Clear or Partly Cloudy,Dry,Daylight,,,,16.0,From same direction - one right turn - one straight,0,0,False,0
-122.348636458819,47.6604032281161,201842,291120,292000,3705822,Matched,Block,,LINDEN AVE N BETWEEN N 44TH ST AND N ALLEN PL, ,,1,Property Damage Only Collision,Parked Car,2,0,0,2,0,0,2018-06-10 00:00:00+00,6/10/2018 4:00:00 PM,Mid-Block (not related to intersection),14,"MOTOR VEHICLE STRUCK MOTOR VEHICLE, REAR END",,False,Unknown,Unknown,Unknown,,,,32.0,One parked--one moving,0,0,True,0
-122.376607563515,47.5351911059367,201843,290557,291437,3745866,Matched,Block,,35TH AVE SW BETWEEN SW WEBSTER ST AND SW AUSTIN ST, ,,1,Property Damage Only Collision,Rear Ended,3,0,0,2,0,0,2018-06-01 00:00:00+00,6/1/2018 1:53:00 PM,Mid-Block (not related to intersection),14,"MOTOR VEHICLE STRUCK MOTOR VEHICLE, REAR END",,False,Clear or Partly Cloudy,Dry,Daylight,,,,13.0,From same direction - both going straight - both moving - rear-end,0,0,False,0
-122.324400899506,47.6017091168177,201844,291119,291999,3704423,Matched,Block,,YESLER WAY BETWEEN 6TH AVE AND 8TH AVE, ,,1,Property Damage Only Collision,Parked Car,2,0,0,2,0,0,2018-06-08 00:00:00+00,6/8/2018 7:08:00 AM,Mid-Block (not related to intersection),14,"MOTOR VEHICLE STRUCK MOTOR VEHICLE, REAR END",,False,Overcast,Dry,Daylight,,,,32.0,One parked--one moving,0,0,True,0
-122.334040711503,47.6017221126221,201845,290038,290898,E801924,Matched,Block,,YESLER WAY BETWEEN 1ST AVE AND JAMES ST, ,,1,Property Damage Only Collision,Parked Car,2,0,0,2,0,0,2018-05-20 00:00:00+00,5/20/2018 3:00:00 AM,Mid-Block (not related to intersection),0,NOT ENOUGH INFORMATION / NOT APPLICABLE,,True,Clear or Partly Cloudy,Dry,Dark - Street Lights On,,,,20.0,One car leaving parked position,0,0,False,0
-122.343086031809,47.6177986734891,201847,290037,290897,E801923,Matched,Block,,BATTERY ST BETWEEN AURORA AVE AND 7TH AVE, ,,1,Property Damage Only Collision,Rear Ended,2,0,0,2,0,0,2018-05-24 00:00:00+00,5/24/2018 2:40:00 PM,Mid-Block (not related to intersection),14,"MOTOR VEHICLE STRUCK MOTOR VEHICLE, REAR END",,False,Clear or Partly Cloudy,Dry,Daylight,,,,13.0,From same direction - both going straight - both moving - rear-end,0,0,False,0
-122.351133937705,47.5709417837772,201848,288938,289798,3626840,Matched,Block,,WEST SEATTLE BR EB BETWEEN ALASKAN WY VI NB ON RP AND DELRIDGE-W SEATTLE BR EB ON RP, ,,2,Injury Collision,Sideswipe,3,0,0,2,3,0,2018-05-26 00:00:00+00,5/26/2018 1:23:00 AM,Mid-Block (not related to intersection),28,MOTOR VEHICLE RAN OFF ROAD - HIT FIXED OBJECT,,True,Clear or Partly Cloudy,Dry,Dark - Street Lights On,,,True,11.0,From same direction - both going straight - both moving - sideswipe,0,0,False,0
-122.301833981441,47.6196671914775,201849,291118,291998,3702269,Matched,Block,,E MADISON ST BETWEEN 23RD AVE E AND 24TH AVE E, ,,1,Property Damage Only Collision,Parked Car,2,0,0,2,0,0,2018-06-06 00:00:00+00,6/6/2018 7:00:00 PM,Mid-Block (not related to intersection),11,"MOTOR VEHICLE STRUCK MOTOR VEHICLE, FRONT END AT ANGLE",,False,Clear or Partly Cloudy,Dry,Daylight,,,,32.0,One parked--one moving,0,0,True,0
-122.359552157208,47.5346084144503,201851,290561,291441,3742430,Matched,Block,,20TH AVE SW BETWEEN SW WEBSTER W ST AND SW HOLDEN ST, ,,1,Property Damage Only Collision,Other,1,0,0,1,0,0,2018-05-30 00:00:00+00,5/30/2018 1:46:00 AM,Mid-Block (not related to intersection),28,MOTOR VEHICLE RAN OFF ROAD - HIT FIXED OBJECT,,False,Clear or Partly Cloudy,Dry,Dark - Street Lights On,,,,50.0,Fixed object,0,0,False,0
-122.302499625066,47.6202072950364,201852,295445,296557,3814077,Matched,Intersection,29380.0,23RD AVE E AND E JOHN ST, ,,1,Property Damage Only Collision,Angles,2,0,0,2,0,0,2018-07-02 00:00:00+00,7/2/2018 8:08:00 PM,At Intersection (intersection related),11,"MOTOR VEHICLE STRUCK MOTOR VEHICLE, FRONT END AT ANGLE",,False,Clear or Partly Cloudy,Dry,Daylight,,,,10.0,Entering at angle,0,0,False,0
-122.355244686459,47.648657104357,201854,293957,295017,E810234,Matched,Intersection,27044.0,DRAVUS ST AND NICKERSON ST, ,,1,Property Damage Only Collision,Rear Ended,2,0,0,2,0,0,2018-06-20 00:00:00+00,6/20/2018 8:49:00 AM,At Intersection (intersection related),14,"MOTOR VEHICLE STRUCK MOTOR VEHICLE, REAR END",True,False,Clear or Partly Cloudy,Dry,Daylight,,,,14.0,From same direction - both going straight - one stopped - rear-end,0,0,False,0
-122.334463769863,47.6111423979939,201855,295444,296543,3812282,Matched,Intersection,29894.0,6TH AVE AND PIKE ST, ,,1,Property Damage Only Collision,Sideswipe,2,0,0,2,0,0,2018-07-03 00:00:00+00,7/3/2018 3:28:00 PM,At Intersection (intersection related),11,"MOTOR VEHICLE STRUCK MOTOR VEHICLE, FRONT END AT ANGLE",,False,Clear or Partly Cloudy,Dry,Daylight,,,,11.0,From same direction - both going straight - both moving - sideswipe,0,0,False,0
-122.378772105807,47.5624555581792,201856,292999,294019,E807269,Matched,Block,,37TH AVE SW BETWEEN SW OREGON ST AND SW SNOQUALMIE ST, ,,1,Property Damage Only Collision,Parked Car,2,0,0,2,0,0,2018-06-05 00:00:00+00,6/5/2018 5:39:00 PM,Mid-Block (not related to intersection),11,"MOTOR VEHICLE STRUCK MOTOR VEHICLE, FRONT END AT ANGLE",,False,Clear or Partly Cloudy,Dry,Daylight,,,,32.0,One parked--one moving,0,0,True,0
-122.328194909362,47.596021474185,201859,295443,296542,3812262,Matched,Intersection,30540.0,SEATTLE BLVD S AND S DEARBORN ST, ,,2,Injury Collision,Pedestrian,3,0,1,1,1,0,2018-07-05 00:00:00+00,7/5/2018 11:56:00 PM,At Intersection (intersection related),18,"MOTOR VEHICLE STRUCK PEDALCYCLIST, FRONT END AT ANGLE",,False,Clear or Partly Cloudy,Dry,Dark - Street Lights On,,,,5.0,Vehicle Strikes Pedalcyclist,0,522007,False,0
-122.375156228516,47.6318616233433,201860,293918,294978,E809906,Matched,Block,,ELLIOTT AVE W BETWEEN W GALER ST FLYOVER AND W GALER ST, ,,1,Property Damage Only Collision,Left Turn,2,0,0,2,0,0,2018-06-14 00:00:00+00,6/14/2018 12:35:00 PM,Driveway Junction,11,"MOTOR VEHICLE STRUCK MOTOR VEHICLE, FRONT END AT ANGLE",True,False,Overcast,Dry,Daylight,,,,28.0,From opposite direction - one left turn - one straight,0,0,False,0
-122.303922997186,47.5859151440313,201861,294577,295657,E812279,Matched,Block,,RAINIER AVE S BETWEEN S HOLGATE ST AND S PLUM ST, ,,1,Property Damage Only Collision,Other,1,0,0,1,0,0,2018-06-21 00:00:00+00,6/21/2018 5:22:00 AM,Mid-Block (not related to intersection),26,MOTOR VEHICLE STRUCK OBJECT IN ROAD,,False,Clear or Partly Cloudy,Dry,Dawn,,,,50.0,Fixed object,0,0,False,0
-122.296773086129,47.6034477172557,201862,292997,294017,E808124,Matched,Block,,M L KING JR WAY BETWEEN E FIR ST AND E ALDER ST, ,,1,Property Damage Only Collision,Rear Ended,3,0,0,3,0,0,2018-06-13 00:00:00+00,6/13/2018 5:03:00 PM,Mid-Block (not related to intersection),14,"MOTOR VEHICLE STRUCK MOTOR VEHICLE, REAR END",,False,Raining,Wet,Daylight,,,,13.0,From same direction - both going straight - both moving - rear-end,0,0,False,0
-122.338238289605,47.5557687495713,201863,294558,295638,E812531,Matched,Intersection,33022.0,EAST MARGINAL WAY S AND S DAWSON ST, ,,2,Injury Collision,Left Turn,3,0,0,2,2,0,2018-06-13 00:00:00+00,6/13/2018 9:56:00 AM,At Intersection (intersection related),11,"MOTOR VEHICLE STRUCK MOTOR VEHICLE, FRONT END AT ANGLE",True,False,Clear or Partly Cloudy,Dry,Daylight,,,,28.0,From opposite direction - one left turn - one straight,0,0,False,0