longitude,latitude,objectid,inckey,coldetkey,reportno,status,addrtype,intkey,location,exceptrsncode,exceptrsndesc,severitycode,severitydesc,collisiontype,personcount,pedcount,pedcylcount,vehcount,injuries,fatalities,incdate,incdttm,junctiontype,sdot_colcode,sdot_coldesc,inattentionind,underinfl,weather,roadcond,lightcond,pedrownotgrnt,sdotcolnum,speeding,st_colcode,st_coldesc,seglanekey,crosswalkkey,hitparkedcar,seriousinjuries
-122.336042146816,47.5515622450275,201864,292977,293997,E807267,Matched,Block,,EAST MARGINAL WAY S BETWEEN S ORCAS ST AND S MEAD ST, ,,2,Injury Collision,Rear Ended,2,0,0,2,1,0,2018-06-02 00:00:00+00,6/2/2018 5:37:00 PM,Mid-Block (not related to intersection),14,"MOTOR VEHICLE STRUCK MOTOR VEHICLE, REAR END",,False,Clear or Partly Cloudy,Dry,Daylight,,,,13.0,From same direction - both going straight - both moving - rear-end,0,0,False,0
-122.310542828903,47.5880948004067,201866,292960,293980,E807266,Matched,Block,,17TH AVE S BETWEEN S MASSACHUSETTS ST AND S STATE ST, ,,1,Property Damage Only Collision,Parked Car,2,0,0,2,0,0,2018-06-05 00:00:00+00,6/5/2018 3:46:00 PM,Mid-Block (not related to intersection),11,"MOTOR VEHICLE STRUCK MOTOR VEHICLE, FRONT END AT ANGLE",,False,Clear or Partly Cloudy,Dry,Daylight,,,,20.0,One car leaving parked position,0,0,False,0
-122.334008043655,47.6159475688747,201867,293481,294501,3812336,Matched,Block,,STEWART ST BETWEEN 9TH AVE AND TERRY AVE, ,,1,Property Damage Only Collision,Sideswipe,2,0,0,2,0,0,2018-06-21 00:00:00+00,6/21/2018 4:21:00 PM,Mid-Block (not related to intersection),11,"MOTOR VEHICLE STRUCK MOTOR VEHICLE, FRONT END AT ANGLE",True,False,Clear or Partly Cloudy,Dry,Daylight,,,,11.0,From same direction - both going straight - both moving - sideswipe,0,0,False,0
-122.326365493337,47.5979358543603,201868,294557,295637,E812274,Matched,Block,,6TH AVE S BETWEEN S KING ST AND S WELLER ST, ,,2,Injury Collision,Other,3,2,0,1,1,0,2018-06-22 00:00:00+00,6/22/2018 2:27:00 PM,Mid-Block (not related to intersection),26,MOTOR VEHICLE STRUCK OBJECT IN ROAD,,False,Clear or Partly Cloudy,Dry,Daylight,,,,50.0,Fixed object,0,0,False,0
-122.335579216531,47.602296201698,201870,294538,295618,E812273,Matched,Block,,WESTERN AVE BETWEEN YESLER WAY AND COLUMBIA ST, ,,1,Property Damage Only Collision,Parked Car,3,0,0,3,0,0,2018-06-22 00:00:00+00,6/22/2018 2:34:00 PM,Mid-Block (not related to intersection),11,"MOTOR VEHICLE STRUCK MOTOR VEHICLE, FRONT END AT ANGLE",True,False,Clear or Partly Cloudy,Dry,Daylight,,,,32.0,One parked--one moving,0,0,True,0
-122.308281209632,47.5471720815483,201871,292578,293518,3818830,Matched,Block,,SWIFT AVE S BETWEEN 19TH ER AVE S AND S GRAHAM ST, ,,1,Property Damage Only Collision,Rear Ended,2,0,0,2,0,0,2018-06-10 00:00:00+00,6/10/2018 9:27:00 AM,Mid-Block (not related to intersection),14,"MOTOR VEHICLE STRUCK MOTOR VEHICLE, REAR END",,False,Overcast,Dry,Daylight,,,,14.0,From same direction - both going straight - one stopped - rear-end,0,0,False,0
-122.339790039782,47.5179054216853,201874,294524,295604,3742267,Matched,Block,,OLSON PL SW BETWEEN SW CAMBRIDGE PL AND SW ROXBURY ST, ,,1,Property Damage Only Collision,Rear Ended,2,0,0,2,0,0,2018-06-30 00:00:00+00,6/30/2018 2:05:00 AM,Mid-Block (but intersection related),14,"MOTOR VEHICLE STRUCK MOTOR VEHICLE, REAR END",,False,Clear or Partly Cloudy,Dry,Dark - Street Lights On,,,,14.0,From same direction - both going straight - one stopped - rear-end,0,0,False,0
-122.35017030409,47.5710833996246,201875,292577,293517,3818829,Matched,Block,,WEST SEATTLE BR WB BETWEEN ALASKAN WY VI SB WSB WB OFF RP AND W SEATTLE BR WB OFF RP, ,,1,Property Damage Only Collision,Rear Ended,4,0,0,2,0,0,2018-06-09 00:00:00+00,6/9/2018 10:11:00 PM,Mid-Block (not related to intersection),14,"MOTOR VEHICLE STRUCK MOTOR VEHICLE, REAR END",,False,Overcast,Dry,Dark - No Street Lights,,,,13.0,From same direction - both going straight - both moving - rear-end,0,0,False,0
-122.314870873206,47.6136238521414,204300,300224,301424,3814124,Matched,Block,,E MADISON ST BETWEEN 13TH AVE AND 14TH AVE, ,,2,Injury Collision,Other,1,0,0,1,1,0,2018-08-03 00:00:00+00,8/3/2018 7:11:00 AM,Mid-Block (not related to intersection),14,"MOTOR VEHICLE STRUCK MOTOR VEHICLE, REAR END",,False,Overcast,Wet,Daylight,,,,52.0,Vehicle overturned,0,0,False,0
-122.337785482433,47.6245500608812,201876,292559,293499,3812301,Matched,Block,,MERCER SR ST BETWEEN WESTLAKE AVE N AND TERRY AVE N, ,,2,Injury Collision,Rear Ended,5,0,0,3,2,0,2018-06-14 00:00:00+00,6/14/2018 11:07:00 PM,Mid-Block (not related to intersection),14,"MOTOR VEHICLE STRUCK MOTOR VEHICLE, REAR END",,False,Clear or Partly Cloudy,Dry,Dark - Street Lights On,,,,14.0,From same direction - both going straight - one stopped - rear-end,0,0,False,0
-122.355409289722,47.6239235178236,201878,292558,293498,3812261,Matched,Block,,1ST AVE N BETWEEN REPUBLICAN ST AND MERCER ST, ,,1,Property Damage Only Collision,Parked Car,3,0,0,2,0,0,2018-06-16 00:00:00+00,6/16/2018 9:24:00 PM,Mid-Block (not related to intersection),16,"MOTOR VEHICLE STRUCK MOTOR VEHICLE, LEFT SIDE SIDESWIPE",,False,Clear or Partly Cloudy,Dry,Dusk,,,,32.0,One parked--one moving,0,0,True,0
-122.297226814585,47.6839533280131,201881,294522,295602,3705745,Matched,Block,,28TH AVE NE BETWEEN NE 75TH ST AND NE 77TH ST, ,,1,Property Damage Only Collision,Parked Car,3,0,0,3,0,0,2018-06-28 00:00:00+00,6/28/2018 8:13:00 PM,Mid-Block (not related to intersection),16,"MOTOR VEHICLE STRUCK MOTOR VEHICLE, LEFT SIDE SIDESWIPE",True,False,Clear or Partly Cloudy,Dry,Daylight,,,,32.0,One parked--one moving,0,0,True,0
-122.303945644211,47.5992702712707,201883,294521,295601,3702686,Matched,Block,,S JACKSON ST BETWEEN 20TH PL S AND 22ND AVE S, ,,1,Property Damage Only Collision,Parked Car,3,0,0,3,0,0,2018-07-01 00:00:00+00,7/1/2018 1:51:00 PM,Mid-Block (not related to intersection),16,"MOTOR VEHICLE STRUCK MOTOR VEHICLE, LEFT SIDE SIDESWIPE",,False,Clear or Partly Cloudy,Dry,Daylight,,,,32.0,One parked--one moving,0,0,True,0
-122.360846424337,47.5398452262668,201884,292557,293497,3781061,Matched,Block,,DELRIDGE WAY SW BETWEEN CROFT PL SW AND SW MYRTLE ST, ,,2,Injury Collision,Rear Ended,2,0,0,2,1,0,2018-06-14 00:00:00+00,6/14/2018 11:21:00 PM,Mid-Block (not related to intersection),14,"MOTOR VEHICLE STRUCK MOTOR VEHICLE, REAR END",True,False,Clear or Partly Cloudy,Dry,Dark - Street Lights On,,,,14.0,From same direction - both going straight - one stopped - rear-end,0,0,False,0
-122.311580341993,47.6848624598252,201885,292537,293477,3754412,Matched,Block,,NE 77TH ST BETWEEN 15TH AVE NE AND 16TH AVE NE, ,,1,Property Damage Only Collision,Parked Car,2,0,0,2,0,0,2018-06-16 00:00:00+00,6/16/2018 10:30:00 AM,Mid-Block (not related to intersection),11,"MOTOR VEHICLE STRUCK MOTOR VEHICLE, FRONT END AT ANGLE",,False,Clear or Partly Cloudy,Dry,Daylight,,,,32.0,One parked--one moving,0,0,True,0
-122.331508875574,47.6037154473034,201886,293475,294495,3812168,Matched,Block,,CHERRY ST BETWEEN 3RD AVE AND 4TH AVE, ,,1,Property Damage Only Collision,Parked Car,2,0,0,2,0,0,2018-06-22 00:00:00+00,6/22/2018 2:11:00 AM,Mid-Block (not related to intersection),14,"MOTOR VEHICLE STRUCK MOTOR VEHICLE, REAR END",,False,Overcast,Wet,Dark - Street Lights On,,,,32.0,One parked--one moving,0,0,True,0
-122.334178594784,47.6017223387056,201887,293998,295058,E810317,Matched,Intersection,30357.0,1ST AVE AND YESLER WAY, ,,1,Property Damage Only Collision,Angles,2,0,0,2,0,0,2018-06-10 00:00:00+00,6/10/2018 5:47:00 AM,At Intersection (intersection related),11,"MOTOR VEHICLE STRUCK MOTOR VEHICLE, FRONT END AT ANGLE",,False,Clear or Partly Cloudy,Dry,Daylight,,,,10.0,Entering at angle,0,0,False,0
-122.293839486644,47.7310393236014,201888,292519,293459,3751226,Matched,Block,,32ND AVE NE BETWEEN NE 140TH ST AND NE 143RD ST, ,,1,Property Damage Only Collision,Parked Car,2,0,0,2,0,0,2018-06-17 00:00:00+00,6/17/2018 4:40:00 PM,Mid-Block (not related to intersection),14,"MOTOR VEHICLE STRUCK MOTOR VEHICLE, REAR END",,False,Clear or Partly Cloudy,Dry,Daylight,,,,32.0,One parked--one moving,0,0,True,0
-122.33960456736,47.613393804305,201889,293474,294494,3812167,Matched,Block,,VIRGINIA ST BETWEEN 4TH AVE AND 5TH AVE, ,,1,Property Damage Only Collision,Sideswipe,2,0,0,2,0,0,2018-06-21 00:00:00+00,6/21/2018 5:52:00 PM,Mid-Block (not related to intersection),11,"MOTOR VEHICLE STRUCK MOTOR VEHICLE, FRONT END AT ANGLE",,False,Clear or Partly Cloudy,Dry,Daylight,,,,11.0,From same direction - both going straight - both moving - sideswipe,0,0,False,0
-122.355448940265,47.7047199286298,201890,292518,293458,3751177,Matched,Block,,GREENWOOD AVE N BETWEEN N 104TH ST AND HOLMAN RD N, ,,1,Property Damage Only Collision,Angles,2,0,0,2,0,0,2018-04-04 00:00:00+00,4/4/2018 6:00:00 PM,Mid-Block (not related to intersection),14,"MOTOR VEHICLE STRUCK MOTOR VEHICLE, REAR END",,False,Raining,Wet,Dawn,,,,10.0,Entering at angle,0,0,False,0
-122.355298925388,47.6858489698842,201892,293997,295057,E810731,Matched,Block,,GREENWOOD AVE N BETWEEN N 78TH ST AND N 79TH ST, ,,1,Property Damage Only Collision,Rear Ended,2,0,0,2,0,0,2018-06-21 00:00:00+00,6/21/2018 10:26:00 AM,Mid-Block (not related to intersection),14,"MOTOR VEHICLE STRUCK MOTOR VEHICLE, REAR END",,False,Clear or Partly Cloudy,Dry,Daylight,,,,13.0,From same direction - both going straight - both moving - rear-end,0,0,False,0
-122.321295248714,47.6764609147123,201893,293017,294037,E808173,Matched,Block,,OSWEGO PL NE BETWEEN NE 65TH ST AND DEAD END,NEI,"Not Enough Information, or Insufficient Location Information",1,Property Damage Only Collision,Parked Car,2,0,0,2,0,0,2018-06-12 00:00:00+00,6/12/2018 10:45:00 AM,Mid-Block (not related to intersection),12,"MOTOR VEHICLE STRUCK MOTOR VEHICLE, RIGHT SIDE AT ANGLE",,False,Clear or Partly Cloudy,Dry,Daylight,,,,32.0,One parked--one moving,0,0,True,0
-122.35447245985,47.6418566910856,201894,293979,295039,E810278,Matched,Intersection,28077.0,QUEEN ANNE DR AND WARREN AVE N, ,,1,Property Damage Only Collision,Angles,2,0,0,2,0,0,2018-05-22 00:00:00+00,5/22/2018 9:00:00 AM,At Intersection (intersection related),11,"MOTOR VEHICLE STRUCK MOTOR VEHICLE, FRONT END AT ANGLE",,False,Clear or Partly Cloudy,Dry,Daylight,,,,10.0,Entering at angle,0,0,False,0
-122.316733390752,47.6128892357701,201895,291761,292681,E805757,Matched,Intersection,29761.0,12TH AVE AND E MADISON ST, ,,2,Injury Collision,Angles,3,0,0,2,1,0,2018-06-07 00:00:00+00,6/7/2018 2:17:00 AM,At Intersection (intersection related),11,"MOTOR VEHICLE STRUCK MOTOR VEHICLE, FRONT END AT ANGLE",,False,Clear or Partly Cloudy,Dry,Dark - Street Lights On,,,True,10.0,Entering at angle,0,0,False,0
-122.300758228115,47.6830474274607,201896,293978,295038,E810558,Matched,Intersection,24661.0,25TH AVE NE AND NE 75TH ST, ,,1,Property Damage Only Collision,Left Turn,2,0,0,2,0,0,2018-06-21 00:00:00+00,6/21/2018 10:38:00 PM,At Intersection (intersection related),11,"MOTOR VEHICLE STRUCK MOTOR VEHICLE, FRONT END AT ANGLE",,False,Clear or Partly Cloudy,Dry,Dark - Street Lights On,,,,28.0,From opposite direction - one left turn - one straight,0,0,False,0
-122.322756224228,47.6431896690598,201897,291760,292680,E805922,Matched,Block,,E ROANOKE ST BETWEEN BOYLSTON AVE E AND HARVARD AVE E, ,,1,Property Damage Only Collision,Rear Ended,2,0,0,2,0,0,2018-05-24 00:00:00+00,5/24/2018 9:35:00 AM,Mid-Block (but intersection related),14,"MOTOR VEHICLE STRUCK MOTOR VEHICLE, REAR END",,True,Clear or Partly Cloudy,Dry,Daylight,,,,14.0,From same direction - both going straight - one stopped - rear-end,0,0,False,0
-122.35539133925,47.6258501126459,201898,293002,294022,E807454,Matched,Block,,1ST AVE N BETWEEN ROY ST AND VALLEY ST,NEI,"Not Enough Information, or Insufficient Location Information",1,Property Damage Only Collision,Parked Car,2,0,0,2,0,0,2018-06-05 00:00:00+00,6/5/2018 2:10:00 PM,,0,NOT ENOUGH INFORMATION / NOT APPLICABLE,,False,Clear or Partly Cloudy,Dry,Daylight,,,,32.0,One parked--one moving,0,0,True,0
-122.284837647984,47.5574458470403,201900,293977,295037,E810557,Matched,Block,,RAINIER AVE S BETWEEN S FERDINAND ST AND S HUDSON ST, ,,1,Property Damage Only Collision,Rear Ended,2,0,0,2,0,0,2018-06-21 00:00:00+00,6/21/2018 9:00:00 PM,Mid-Block (not related to intersection),14,"MOTOR VEHICLE STRUCK MOTOR VEHICLE, REAR END",True,False,Clear or Partly Cloudy,Dry,Daylight,,,,14.0,From same direction - both going straight - one stopped - rear-end,0,0,False,0
-122.29687633992,47.5399726523915,201901,295446,296558,3818841,Matched,Intersection,34315.0,28TH AVE S AND S FRONTENAC ST, ,,1,Property Damage Only Collision,Angles,3,0,0,2,0,0,2018-07-03 00:00:00+00,7/3/2018 6:30:00 PM,At Intersection (intersection related),11,"MOTOR VEHICLE STRUCK MOTOR VEHICLE, FRONT END AT ANGLE",,False,Clear or Partly Cloudy,Dry,Daylight,,,,10.0,Entering at angle,0,0,False,0
-122.326970314754,47.6046251793858,201902,288416,289276,3702643,Matched,Intersection,29962.0,7TH AVE AND JAMES ST, ,,1,Property Damage Only Collision,Angles,2,0,0,2,0,0,2018-05-22 00:00:00+00,5/22/2018 6:43:00 AM,At Intersection (intersection related),11,"MOTOR VEHICLE STRUCK MOTOR VEHICLE, FRONT END AT ANGLE",,False,Clear or Partly Cloudy,Dry,Dawn,,,,10.0,Entering at angle,0,0,False,0
-122.287960856367,47.5460859919886,201903,297277,298417,E816717,Matched,Block,,S GRAHAM ST BETWEEN 33RD AVE S AND M L KING JR WR WAY S, ,,1,Property Damage Only Collision,Sideswipe,4,0,0,3,0,0,2018-07-02 00:00:00+00,7/2/2018 6:48:00 PM,Mid-Block (not related to intersection),11,"MOTOR VEHICLE STRUCK MOTOR VEHICLE, FRONT END AT ANGLE",True,False,Clear or Partly Cloudy,Dry,Daylight,,,,26.0,From opposite direction - both going straight - sideswipe,0,0,False,0
-122.387214833673,47.5448720080863,201904,288415,289275,3745860,Matched,Intersection,33752.0,CALIFORNIA AVE SW AND FAUNTLEROY WAY SW, ,,2,Injury Collision,Pedestrian,3,1,0,1,1,0,2018-05-19 00:00:00+00,5/19/2018 10:19:00 PM,At Intersection (intersection related),24,MOTOR VEHCILE STRUCK PEDESTRIAN,,True,Overcast,Wet,Dark - Street Lights On,,,,2.0,Vehicle turning left hits pedestrian,0,522571,False,0
-122.26998628773,47.5285242142834,201905,297257,298397,E816716,Matched,Block,,RAINIER AVE S BETWEEN S ROSE S ST AND S THISTLE ST, ,,1,Property Damage Only Collision,Sideswipe,2,0,0,2,0,0,2018-06-26 00:00:00+00,6/26/2018 2:32:00 PM,Mid-Block (not related to intersection),11,"MOTOR VEHICLE STRUCK MOTOR VEHICLE, FRONT END AT ANGLE",True,False,Clear or Partly Cloudy,Dry,Daylight,,,,11.0,From same direction - both going straight - both moving - sideswipe,0,0,False,0
-122.290118613125,47.5552291766804,201906,288414,289274,3814809,Matched,Intersection,33585.0,M L KING JR WR WAY S AND S DAWSON ST, ,,1,Property Damage Only Collision,Angles,3,0,0,2,0,0,2018-05-20 00:00:00+00,5/20/2018 1:55:00 AM,At Intersection (intersection related),11,"MOTOR VEHICLE STRUCK MOTOR VEHICLE, FRONT END AT ANGLE",,False,Overcast,Wet,Dark - Street Lights On,,,,10.0,Entering at angle,0,0,False,0
-122.306604203293,47.679432475349,201907,297238,298378,E817084,Matched,Intersection,24780.0,20TH AVE NE AND NE 70TH ST, ,,1,Property Damage Only Collision,Angles,2,0,0,2,0,0,2018-07-06 00:00:00+00,7/6/2018 11:53:00 AM,At Intersection (intersection related),11,"MOTOR VEHICLE STRUCK MOTOR VEHICLE, FRONT END AT ANGLE",,False,Clear or Partly Cloudy,Dry,Daylight,,,,10.0,Entering at angle,0,0,False,0
-122.334665597537,47.6096854208314,201908,288413,289273,3756475,Matched,Intersection,29913.0,5TH AVE AND UNION ST, ,,1,Property Damage Only Collision,Angles,2,0,0,2,0,0,2018-05-20 00:00:00+00,5/20/2018 6:45:00 AM,At Intersection (intersection related),11,"MOTOR VEHICLE STRUCK MOTOR VEHICLE, FRONT END AT ANGLE",,False,Clear or Partly Cloudy,Dry,Dawn,,,,10.0,Entering at angle,0,0,False,0
-122.355124612794,47.5210327509844,201909,288412,289272,3742493,Matched,Intersection,35042.0,16TH AVE SW AND SW BARTON ST, ,,1,Property Damage Only Collision,Angles,3,0,0,2,0,0,2018-05-21 00:00:00+00,5/21/2018 8:53:00 AM,At Intersection (intersection related),11,"MOTOR VEHICLE STRUCK MOTOR VEHICLE, FRONT END AT ANGLE",,False,Clear or Partly Cloudy,Dry,Daylight,,,,10.0,Entering at angle,0,0,False,0
-122.279643271332,47.6358355202663,201910,297301,298441,3702700,Matched,Block,,41ST AVE E BETWEEN E MADISON E ST AND E NEWTON ST,NEI,"Not Enough Information, or Insufficient Location Information",1,Property Damage Only Collision,Parked Car,2,0,0,2,0,0,2018-07-16 00:00:00+00,7/16/2018 12:10:00 AM,Mid-Block (not related to intersection),0,NOT ENOUGH INFORMATION / NOT APPLICABLE,,False,Unknown,Unknown,Unknown,,,,32.0,One parked--one moving,0,0,True,0
-122.38810421852,47.5702093168031,201912,296498,297618,3745446,Matched,Intersection,31962.0,44TH AVE SW AND SW CHARLESTOWN ST, ,,1,Property Damage Only Collision,Angles,2,0,0,2,0,0,2018-07-10 00:00:00+00,7/10/2018 3:13:00 PM,At Intersection (intersection related),11,"MOTOR VEHICLE STRUCK MOTOR VEHICLE, FRONT END AT ANGLE",,False,Clear or Partly Cloudy,Dry,Daylight,,,,10.0,Entering at angle,0,0,False,0
-122.302769955623,47.6080089607142,201913,288411,289271,3702539,Matched,Intersection,30173.0,23RD AVE AND E CHERRY ST, ,,2,Injury Collision,Pedestrian,2,0,1,1,1,0,2018-05-21 00:00:00+00,5/21/2018 6:06:00 PM,At Intersection (intersection related),51,PEDALCYCLIST STRUCK MOTOR VEHICLE FRONT END AT ANGLE,,False,Clear or Partly Cloudy,Dry,Daylight,,,,5.0,Vehicle Strikes Pedalcyclist,0,0,False,0
-122.360959725983,47.5412204815597,201914,296497,297617,3742515,Matched,Block,,DELRIDGE WAY SW BETWEEN SW WILLOW ST AND CROFT PL SW, ,,1,Property Damage Only Collision,Parked Car,2,0,0,2,0,0,2018-07-10 00:00:00+00,7/10/2018 4:14:00 PM,Mid-Block (not related to intersection),11,"MOTOR VEHICLE STRUCK MOTOR VEHICLE, FRONT END AT ANGLE",,False,Clear or Partly Cloudy,Dry,Daylight,,,,32.0,One parked--one moving,0,0,False,0
-122.289220620034,47.6611505026482,201915,288410,289270,3746640,Matched,Intersection,27400.0,36TH AVE NE AND NE 45TH ST, ,,1,Property Damage Only Collision,Angles,3,0,0,2,0,0,2018-05-21 00:00:00+00,5/21/2018 7:32:00 PM,At Intersection (intersection related),11,"MOTOR VEHICLE STRUCK MOTOR VEHICLE, FRONT END AT ANGLE",,False,Clear or Partly Cloudy,Dry,Daylight,,,,10.0,Entering at angle,0,0,False,0
-122.387224667897,47.5439762445541,201916,296493,297613,3742514,Matched,Block,,CALIFORNIA AVE SW BETWEEN FAUNTLEROY WAY SW AND SW HOLLY ST, ,,1,Property Damage Only Collision,Rear Ended,2,0,0,2,0,0,2018-07-10 00:00:00+00,7/10/2018 3:47:00 PM,Mid-Block (not related to intersection),14,"MOTOR VEHICLE STRUCK MOTOR VEHICLE, REAR END",,False,Clear or Partly Cloudy,Dry,Daylight,,,,14.0,From same direction - both going straight - one stopped - rear-end,0,0,False,0
-122.325528840505,47.6152187481982,201917,298112,299252,3702696,Matched,Intersection,29860.0,SUMMIT AVE AND E PINE ST, ,,2,Injury Collision,Pedestrian,2,0,1,1,1,0,2018-07-16 00:00:00+00,7/16/2018 7:55:00 AM,At Intersection (intersection related),18,"MOTOR VEHICLE STRUCK PEDALCYCLIST, FRONT END AT ANGLE",,False,Clear or Partly Cloudy,Dry,Daylight,,,,5.0,Vehicle Strikes Pedalcyclist,0,0,False,0
-122.322683710914,47.5685137224261,201918,297299,298439,3383850,Matched,Block,,AIRPORT WAY S BETWEEN S BRADFORD ST AND S ANDOVER ST, ,,1,Property Damage Only Collision,Rear Ended,2,0,0,2,0,0,2018-07-17 00:00:00+00,7/17/2018 12:25:00 PM,Mid-Block (not related to intersection),14,"MOTOR VEHICLE STRUCK MOTOR VEHICLE, REAR END",True,False,Clear or Partly Cloudy,Dry,Daylight,,,,14.0,From same direction - both going straight - one stopped - rear-end,0,0,False,0
-122.290344584808,47.6134734400384,201919,298111,299251,3702695,Matched,Block,,33RD AVE BETWEEN E UNION ST AND E PIKE ST, ,,1,Property Damage Only Collision,Parked Car,2,0,0,2,0,0,2018-07-15 00:00:00+00,7/15/2018 7:07:00 PM,Mid-Block (not related to intersection),11,"MOTOR VEHICLE STRUCK MOTOR VEHICLE, FRONT END AT ANGLE",,False,Clear or Partly Cloudy,Dry,Daylight,,,,32.0,One parked--one moving,0,0,False,0
-122.36633022905,47.5715760664417,201920,296492,297612,3742466,Matched,Block,,WEST SEATTLE BR WB BETWEEN HARBOR AV SW OFF RP AND SW ADMIRAL WY OFF RP,NEI,"Not Enough Information, or Insufficient Location Information",1,Property Damage Only Collision,Sideswipe,2,0,0,2,0,0,2018-07-12 00:00:00+00,7/12/2018 2:38:00 PM,Mid-Block (not related to intersection),11,"MOTOR VEHICLE STRUCK MOTOR VEHICLE, FRONT END AT ANGLE",,False,Clear or Partly Cloudy,Dry,Daylight,,,,11.0,From same direction - both going straight - both moving - sideswipe,0,0,False,0
-122.362931427083,47.5563570945921,201921,296491,297611,3742344,Matched,Block,,DELRIDGE WAY SW BETWEEN SW HUDSON ST AND PUGET BLVD SW, ,,1,Property Damage Only Collision,Parked Car,3,0,0,3,0,0,2018-07-12 00:00:00+00,7/12/2018 7:53:00 AM,Mid-Block (not related to intersection),14,"MOTOR VEHICLE STRUCK MOTOR VEHICLE, REAR END",,False,Clear or Partly Cloudy,Dry,Daylight,,,,32.0,One parked--one moving,0,0,False,0
-122.278472191763,47.6354724633916,201922,298110,299250,3702692,Matched,Intersection,28489.0,42ND AVE E AND E MADISON ST, ,,1,Property Damage Only Collision,Rear Ended,3,0,0,2,0,0,2018-07-06 00:00:00+00,7/6/2018 5:32:00 PM,At Intersection (intersection related),14,"MOTOR VEHICLE STRUCK MOTOR VEHICLE, REAR END",,False,Clear or Partly Cloudy,Dry,Daylight,,,,13.0,From same direction - both going straight - both moving - rear-end,0,0,False,0
-122.320075065769,47.6026921133699,201923,298109,299249,3702623,Matched,Block,,E FIR ST BETWEEN BROADWAY AND 10TH AVE, ,,1,Property Damage Only Collision,Parked Car,2,0,0,2,0,0,2018-07-23 00:00:00+00,7/23/2018 7:20:00 AM,Mid-Block (not related to intersection),11,"MOTOR VEHICLE STRUCK MOTOR VEHICLE, FRONT END AT ANGLE",,False,Clear or Partly Cloudy,Dry,Daylight,,,,32.0,One parked--one moving,0,0,True,0
-122.342729514157,47.5406800448127,201924,296489,297609,3741992,Matched,Block,,WEST MARGINAL WAY SW BETWEEN SW FRONT ST AND HIGHLAND PARK WAY SW, ,,1,Property Damage Only Collision,Sideswipe,2,0,0,2,0,0,2018-07-09 00:00:00+00,7/9/2018 8:05:00 PM,Mid-Block (not related to intersection),14,"MOTOR VEHICLE STRUCK MOTOR VEHICLE, REAR END",,False,Clear or Partly Cloudy,Dry,Daylight,,,,11.0,From same direction - both going straight - both moving - sideswipe,0,0,False,0
-122.312671547871,47.6211345066515,201925,298108,299248,3702622,Matched,Intersection,29035.0,15TH AVE E AND E THOMAS N ST, ,,2,Injury Collision,Angles,3,0,0,2,1,0,2018-07-20 00:00:00+00,7/20/2018 6:21:00 PM,At Intersection (intersection related),11,"MOTOR VEHICLE STRUCK MOTOR VEHICLE, FRONT END AT ANGLE",,False,Clear or Partly Cloudy,Dry,Daylight,,,,10.0,Entering at angle,0,0,False,0
-122.32735599306,47.6152283252822,201926,288957,289817,3702544,Matched,Block,,E PINE ST BETWEEN MELROSE AVE AND BELLEVUE AVE, ,,2,Injury Collision,Rear Ended,3,0,0,3,1,0,2018-05-26 00:00:00+00,5/26/2018 1:01:00 AM,Mid-Block (not related to intersection),14,"MOTOR VEHICLE STRUCK MOTOR VEHICLE, REAR END",,True,Clear or Partly Cloudy,Dry,Dark - Street Lights On,,,,13.0,From same direction - both going straight - both moving - rear-end,0,0,False,0
-122.328967514649,47.5991968896655,201928,288949,289809,E800627,Matched,Intersection,30509.0,4TH AVE S AND S JACKSON ST, ,,2,Injury Collision,Sideswipe,5,0,0,2,1,0,2018-05-15 00:00:00+00,5/15/2018 4:02:00 PM,At Intersection (intersection related),11,"MOTOR VEHICLE STRUCK MOTOR VEHICLE, FRONT END AT ANGLE",,False,Clear or Partly Cloudy,Dry,Daylight,,,,71.0,Same direction -- both turning right -- both moving -- sideswipe,0,0,False,0
-122.347321639592,47.6639386825251,201929,296488,297608,3737494,Matched,Block,,AURORA AVE N BETWEEN N 48TH ST AND N 49TH ST, ,,2,Injury Collision,Pedestrian,3,1,0,1,1,0,2018-07-11 00:00:00+00,7/11/2018 11:07:00 PM,Mid-Block (not related to intersection),14,"MOTOR VEHICLE STRUCK MOTOR VEHICLE, REAR END",,True,Clear or Partly Cloudy,Dry,Dark - Street Lights On,,,,0.0,Vehicle going straight hits pedestrian,0,0,False,0
-122.320807866445,47.6158179467992,201930,298107,299247,3702621,Matched,Block,,BROADWAY BETWEEN E PINE ST AND XW E OLIVE ST, ,,1,Property Damage Only Collision,Parked Car,2,0,0,2,0,0,2018-07-20 00:00:00+00,7/20/2018 3:37:00 AM,Mid-Block (not related to intersection),0,NOT ENOUGH INFORMATION / NOT APPLICABLE,,False,Clear or Partly Cloudy,Dry,Dark - Street Lights On,,,,32.0,One parked--one moving,0,0,True,0
-122.338148464992,47.6109744444589,201931,288948,289808,E800607,Matched,Block,,PINE ST BETWEEN 3RD AVE AND 4TH AVE, ,,2,Injury Collision,Cycles,2,0,1,1,1,0,2018-05-22 00:00:00+00,5/22/2018 2:31:00 PM,Mid-Block (not related to intersection),18,"MOTOR VEHICLE STRUCK PEDALCYCLIST, FRONT END AT ANGLE",,False,Clear or Partly Cloudy,Dry,Daylight,,,,6.0,Pedalcyclist Strikes Moving Vehicle,0,0,False,0