longitude,latitude,objectid,inckey,coldetkey,reportno,status,addrtype,intkey,location,exceptrsncode,exceptrsndesc,severitycode,severitydesc,collisiontype,personcount,pedcount,pedcylcount,vehcount,injuries,fatalities,incdate,incdttm,junctiontype,sdot_colcode,sdot_coldesc,inattentionind,underinfl,weather,roadcond,lightcond,pedrownotgrnt,sdotcolnum,speeding,st_colcode,st_coldesc,seglanekey,crosswalkkey,hitparkedcar,seriousinjuries
-122.366191048395,47.660481977576,201932,296487,297607,3705545,Matched,Intersection,26607.0,8TH AVE NW AND LEARY WAY NW, ,,2,Injury Collision,Angles,2,0,0,2,1,0,2018-07-11 00:00:00+00,7/11/2018 11:38:00 PM,At Intersection (intersection related),11,"MOTOR VEHICLE STRUCK MOTOR VEHICLE, FRONT END AT ANGLE",,True,Clear or Partly Cloudy,Dry,Dark - Street Lights On,,,,10.0,Entering at angle,0,0,False,0
-122.328954476825,47.6013318713002,201933,288947,289807,E800606,Matched,Block,,4TH AVE S BETWEEN 4TH AVE AND S WASHINGTON ST, ,,1,Property Damage Only Collision,Sideswipe,3,0,0,2,0,0,2018-05-22 00:00:00+00,5/22/2018 10:12:00 AM,Mid-Block (not related to intersection),14,"MOTOR VEHICLE STRUCK MOTOR VEHICLE, REAR END",,False,Clear or Partly Cloudy,Dry,Daylight,,,,11.0,From same direction - both going straight - both moving - sideswipe,0,0,False,0
-122.308109662796,47.6185075679945,201934,295450,296562,3814078,Matched,Block,,E DENNY WAY BETWEEN 18TH AVE AND 19TH AVE, ,,2,Injury Collision,Cycles,2,0,1,1,1,0,2018-07-03 00:00:00+00,7/3/2018 7:02:00 PM,Mid-Block (not related to intersection),51,PEDALCYCLIST STRUCK MOTOR VEHICLE FRONT END AT ANGLE,,False,Clear or Partly Cloudy,Dry,Daylight,,,,6.0,Pedalcyclist Strikes Moving Vehicle,0,0,False,0
-122.301087307915,47.6039141900285,201935,298105,299245,3702618,Matched,Block,,24TH AVE BETWEEN E SPRUCE ST AND E ALDER ST, ,,1,Property Damage Only Collision,Parked Car,2,0,0,2,0,0,2018-07-06 00:00:00+00,7/6/2018 7:10:00 PM,Mid-Block (not related to intersection),14,"MOTOR VEHICLE STRUCK MOTOR VEHICLE, REAR END",,False,Clear or Partly Cloudy,Dry,Daylight,,,,32.0,One parked--one moving,0,0,False,0
-122.319440709576,47.6135112226795,201936,295449,296561,3814076,Matched,Block,,10TH AVE BETWEEN E UNION ST AND E PIKE ST, ,,1,Property Damage Only Collision,Angles,4,0,0,3,0,0,2018-07-02 00:00:00+00,7/2/2018 7:17:00 PM,Driveway Junction,11,"MOTOR VEHICLE STRUCK MOTOR VEHICLE, FRONT END AT ANGLE",,False,Clear or Partly Cloudy,Dry,Daylight,,,True,10.0,Entering at angle,0,0,False,0
-122.326543512964,47.6117104277311,201937,298104,299244,3702275,Matched,Block,,UNIVERSITY ST BETWEEN BOREN AVE AND MINOR AVE, ,,1,Property Damage Only Collision,Parked Car,2,0,0,2,0,0,2018-07-21 00:00:00+00,7/21/2018 9:56:00 PM,Mid-Block (not related to intersection),14,"MOTOR VEHICLE STRUCK MOTOR VEHICLE, REAR END",,False,Clear or Partly Cloudy,Dry,Unknown,,,,32.0,One parked--one moving,0,0,True,0
-122.382133168095,47.6660890685475,201938,288946,289806,3694703,Matched,Block,,20TH AVE NW BETWEEN BALLARD AVE NW AND LEARY AVE NW, ,,1,Property Damage Only Collision,Parked Car,2,0,0,2,0,0,2018-05-27 00:00:00+00,5/27/2018 6:27:00 PM,Mid-Block (not related to intersection),11,"MOTOR VEHICLE STRUCK MOTOR VEHICLE, FRONT END AT ANGLE",,False,Clear or Partly Cloudy,Dry,Daylight,,,,32.0,One parked--one moving,0,0,True,0
-122.410032654034,47.5777330014057,201939,298103,299243,3692860,Matched,Block,,SW STEVENS ST BETWEEN 60TH AVE SW AND 61ST AVE SW, ,,1,Property Damage Only Collision,Parked Car,2,0,0,2,0,0,2018-07-07 00:00:00+00,7/7/2018 8:30:00 AM,,0,NOT ENOUGH INFORMATION / NOT APPLICABLE,,False,Clear or Partly Cloudy,Dry,Unknown,,,,32.0,One parked--one moving,0,0,True,0
-122.315975084431,47.5485879939499,201940,297297,298437,3383849,Matched,Intersection,33127.0,13TH AVE S AND AIRPORT WAY S, ,,1,Property Damage Only Collision,Sideswipe,2,0,0,2,0,0,2018-06-14 00:00:00+00,6/14/2018 12:27:00 PM,At Intersection (but not related to intersection),11,"MOTOR VEHICLE STRUCK MOTOR VEHICLE, FRONT END AT ANGLE",,False,Clear or Partly Cloudy,Dry,Daylight,,,,11.0,From same direction - both going straight - both moving - sideswipe,0,0,False,0
-122.335049773159,47.6986759905661,201941,288945,289805,E800605,Matched,Block,,COLLEGE WAY N BETWEEN N 95TH ST AND N 97TH ST, ,,1,Property Damage Only Collision,Parked Car,2,0,0,2,0,0,2018-05-22 00:00:00+00,5/22/2018 10:56:00 AM,Mid-Block (not related to intersection),11,"MOTOR VEHICLE STRUCK MOTOR VEHICLE, FRONT END AT ANGLE",,False,Unknown,Unknown,Unknown,,,,32.0,One parked--one moving,0,0,True,0
-122.313890780788,47.6535596608857,201942,295448,296560,3812343,Matched,Block,,NE PACIFIC ST BETWEEN BROOKLYN AVE NE AND UNIVERSITY WAY NE, ,,2,Injury Collision,Sideswipe,2,0,0,2,1,0,2018-07-03 00:00:00+00,7/3/2018 1:18:00 PM,Mid-Block (not related to intersection),11,"MOTOR VEHICLE STRUCK MOTOR VEHICLE, FRONT END AT ANGLE",True,False,Clear or Partly Cloudy,Dry,Daylight,,,,11.0,From same direction - both going straight - both moving - sideswipe,0,0,False,0
-122.35539133925,47.6258501126459,201943,288423,289283,E796336,Matched,Block,,1ST AVE N BETWEEN ROY ST AND VALLEY ST, ,,2,Injury Collision,Parked Car,2,0,0,2,1,0,2018-04-30 00:00:00+00,4/30/2018 12:50:00 PM,Mid-Block (not related to intersection),14,"MOTOR VEHICLE STRUCK MOTOR VEHICLE, REAR END",,False,Clear or Partly Cloudy,Dry,Daylight,,,,32.0,One parked--one moving,0,0,True,0
-122.330991616782,47.6165059509367,201944,295447,296559,3811782,Matched,Block,,HOWELL ST BETWEEN BOREN AVE AND MINOR AVE, ,,1,Property Damage Only Collision,Sideswipe,2,0,0,2,0,0,2018-07-05 00:00:00+00,7/5/2018 3:25:00 PM,Mid-Block (not related to intersection),11,"MOTOR VEHICLE STRUCK MOTOR VEHICLE, FRONT END AT ANGLE",,False,Clear or Partly Cloudy,Dry,Daylight,,,,11.0,From same direction - both going straight - both moving - sideswipe,0,0,False,0
-122.302499625066,47.6202072950364,201945,288417,289277,3702641,Matched,Intersection,29380.0,23RD AVE E AND E JOHN ST, ,,1,Property Damage Only Collision,Left Turn,2,0,0,2,0,0,2018-05-21 00:00:00+00,5/21/2018 6:24:00 PM,At Intersection (intersection related),11,"MOTOR VEHICLE STRUCK MOTOR VEHICLE, FRONT END AT ANGLE",True,False,Clear or Partly Cloudy,Dry,Daylight,,,,28.0,From opposite direction - one left turn - one straight,0,0,False,0
-122.329054585517,47.5829366189919,201946,292597,293537,3818851,Matched,Block,,4TH AVE S BETWEEN S WALKER ST AND S STACY ST, ,,2,Injury Collision,Pedestrian,2,0,1,1,1,0,2018-06-11 00:00:00+00,6/11/2018 10:04:00 PM,Driveway Junction,51,PEDALCYCLIST STRUCK MOTOR VEHICLE FRONT END AT ANGLE,,False,Clear or Partly Cloudy,Dry,Dark - Street Lights On,,,,5.0,Vehicle Strikes Pedalcyclist,0,0,False,0
-122.330243588787,47.6555666078168,201947,292609,293605,3754444,Matched,Intersection,27233.0,SUNNYSIDE AVE N AND N 40TH ST, ,,2,Injury Collision,Angles,2,0,0,2,1,0,2018-06-18 00:00:00+00,6/18/2018 7:14:00 PM,At Intersection (intersection related),11,"MOTOR VEHICLE STRUCK MOTOR VEHICLE, FRONT END AT ANGLE",True,False,Clear or Partly Cloudy,Dry,Daylight,,,,10.0,Entering at angle,0,0,False,0
-122.377733106334,47.547439007902,201948,291130,292010,3742496,Matched,Block,,36TH AVE SW BETWEEN SW RAYMOND ST AND SW GRAHAM ST, ,,1,Property Damage Only Collision,Other,1,0,0,1,0,0,2018-06-08 00:00:00+00,6/8/2018 3:51:00 AM,Mid-Block (not related to intersection),28,MOTOR VEHICLE RAN OFF ROAD - HIT FIXED OBJECT,,False,Overcast,Dry,Dawn,,,,50.0,Fixed object,0,0,False,0
-122.324425591853,47.674362160973,201949,290107,290967,E803801,Matched,Intersection,25819.0,4TH AVE NE AND NE 63RD ST, ,,2,Injury Collision,Angles,2,0,0,2,1,0,2018-06-01 00:00:00+00,6/1/2018 3:24:00 PM,At Intersection (intersection related),11,"MOTOR VEHICLE STRUCK MOTOR VEHICLE, FRONT END AT ANGLE",,False,Clear or Partly Cloudy,Dry,Daylight,,,,10.0,Entering at angle,0,0,False,0
-122.328366406094,47.596140853088,201950,292579,293519,3818832,Matched,Block,,SEATTLE BLVD S BETWEEN 4TH AVE S AND S DEARBORN ST, ,,2,Injury Collision,Angles,4,0,0,2,2,0,2018-06-11 00:00:00+00,6/11/2018 10:06:00 PM,Mid-Block (but intersection related),11,"MOTOR VEHICLE STRUCK MOTOR VEHICLE, FRONT END AT ANGLE",,False,Clear or Partly Cloudy,Dry,Dark - Street Lights On,,,,10.0,Entering at angle,0,0,False,0
-122.363123226519,47.5619917639869,201951,291129,292009,3741986,Matched,Block,,DELRIDGE WAY SW BETWEEN SW OREGON ST AND SW ALASKA ST, ,,1,Property Damage Only Collision,Parked Car,2,0,0,2,0,0,2018-06-09 00:00:00+00,6/9/2018 7:11:00 PM,Mid-Block (not related to intersection),14,"MOTOR VEHICLE STRUCK MOTOR VEHICLE, REAR END",True,False,Raining,Wet,Daylight,,,,32.0,One parked--one moving,0,0,True,0
-122.258074069972,47.55061812919,201989,289377,290237,3814866,Matched,Block,,LAKE WASHINGTON BLVD S BETWEEN S ORCAS ST AND S JUNEAU ST, ,,1,Property Damage Only Collision,Other,1,0,0,1,0,0,2018-05-28 00:00:00+00,5/28/2018 9:05:00 AM,Mid-Block (not related to intersection),26,MOTOR VEHICLE STRUCK OBJECT IN ROAD,,False,Clear or Partly Cloudy,Other,Daylight,,,,50.0,Fixed object,0,0,False,0
-122.355835838592,47.5173608414851,201952,291128,292008,3731544,Matched,Block,,SW ROXBURY ST BETWEEN DELRIDGE WAY SW AND 17TH AVE SW, ,,1,Property Damage Only Collision,Rear Ended,4,0,0,3,0,0,2018-06-08 00:00:00+00,6/8/2018 8:15:00 PM,Mid-Block (not related to intersection),14,"MOTOR VEHICLE STRUCK MOTOR VEHICLE, REAR END",True,False,Raining,Wet,Daylight,,,,14.0,From same direction - both going straight - one stopped - rear-end,0,0,False,0
-122.3174895077,47.6831111823573,201953,290106,290966,3694141,Matched,Intersection,24431.0,ROOSEVELT WAY NE AND NE 75TH ST, ,,2b,Serious Injury Collision,Pedestrian,2,1,0,1,1,0,2018-06-01 00:00:00+00,6/1/2018 6:20:00 PM,At Intersection (intersection related),24,MOTOR VEHCILE STRUCK PEDESTRIAN,,False,Clear or Partly Cloudy,Dry,Daylight,True,,,0.0,Vehicle going straight hits pedestrian,0,524269,False,1
-122.305539413888,47.5880759506796,201954,291839,292759,E806028,Matched,Block,,RAINIER AVE S BETWEEN S MASSACHUSETTS ST AND S STATE ST, ,,2,Injury Collision,Sideswipe,2,0,0,2,1,0,2018-06-08 00:00:00+00,6/8/2018 4:32:00 PM,Mid-Block (not related to intersection),11,"MOTOR VEHICLE STRUCK MOTOR VEHICLE, FRONT END AT ANGLE",,False,Overcast,Wet,Daylight,,,,11.0,From same direction - both going straight - both moving - sideswipe,0,0,False,0
-122.347294317702,47.6471711193713,201955,290105,290965,3784840,Matched,Block,,AURORA BR BETWEEN RAYE ST AND BRIDGE WAY N, ,,2,Injury Collision,Sideswipe,5,0,0,5,1,0,2018-06-01 00:00:00+00,6/1/2018 4:54:00 PM,Mid-Block (not related to intersection),0,NOT ENOUGH INFORMATION / NOT APPLICABLE,,False,Clear or Partly Cloudy,Dry,Daylight,,,,11.0,From same direction - both going straight - both moving - sideswipe,0,0,False,0
-122.311529602886,47.5958738813624,201956,291838,292758,E806027,Matched,Intersection,30781.0,RAINIER AVE S AND S DEARBORN ST, ,,1,Property Damage Only Collision,Angles,2,0,0,2,0,0,2018-06-08 00:00:00+00,6/8/2018 2:03:00 PM,At Intersection (intersection related),11,"MOTOR VEHICLE STRUCK MOTOR VEHICLE, FRONT END AT ANGLE",,False,Raining,Wet,Daylight,,,,10.0,Entering at angle,0,0,False,0
-122.327291778607,47.6184947018677,201957,291127,292007,3707542,Matched,Block,,E DENNY WAY BETWEEN MELROSE AVE AND BELLEVUE AVE, ,,1,Property Damage Only Collision,Rear Ended,7,0,0,3,0,0,2018-06-08 00:00:00+00,6/8/2018 7:37:00 PM,Mid-Block (not related to intersection),14,"MOTOR VEHICLE STRUCK MOTOR VEHICLE, REAR END",,False,Raining,Wet,Daylight,,,True,14.0,From same direction - both going straight - one stopped - rear-end,0,0,False,0
-122.323641157932,47.6060183966882,201958,291837,292757,E806026,Matched,Intersection,29815.0,JAMES ST AND TERRY AVE, ,,1,Property Damage Only Collision,Angles,2,0,0,2,0,0,2018-06-08 00:00:00+00,6/8/2018 1:46:00 PM,At Intersection (intersection related),11,"MOTOR VEHICLE STRUCK MOTOR VEHICLE, FRONT END AT ANGLE",,False,Raining,Dry,Daylight,,,,10.0,Entering at angle,0,0,False,0
-122.377449489655,47.5642707842821,201959,292607,293603,3742498,Matched,Intersection,31928.0,36TH AVE SW AND FAUNTLEROY WAY SW, ,,2,Injury Collision,Angles,2,0,0,2,2,0,2018-06-19 00:00:00+00,6/19/2018 9:46:00 PM,At Intersection (intersection related),11,"MOTOR VEHICLE STRUCK MOTOR VEHICLE, FRONT END AT ANGLE",,False,Clear or Partly Cloudy,Dry,Dusk,,,,10.0,Entering at angle,0,0,False,0
-122.333756830497,47.6086925967336,201961,290104,290964,3812228,Matched,Intersection,29930.0,5TH AVE AND UNIVERSITY ST, ,,2,Injury Collision,Pedestrian,2,1,0,1,1,0,2018-06-02 00:00:00+00,6/2/2018 8:28:00 AM,At Intersection (intersection related),24,MOTOR VEHCILE STRUCK PEDESTRIAN,True,False,Clear or Partly Cloudy,Dry,Daylight,,,,1.0,Vehicle turning right hits pedestrian,0,522101,False,0
-122.344561179777,47.612220961963,201962,290605,291485,3732771,Matched,Block,,1ST AVE BETWEEN LENORA ST AND BLANCHARD ST, ,,1,Property Damage Only Collision,Angles,2,0,0,2,0,0,2018-06-05 00:00:00+00,6/5/2018 10:07:00 PM,Driveway Junction,11,"MOTOR VEHICLE STRUCK MOTOR VEHICLE, FRONT END AT ANGLE",,False,Clear or Partly Cloudy,Dry,Dark - Street Lights On,,,,10.0,Entering at angle,0,0,False,0
-122.347887135614,47.6153610042307,201963,290103,290963,3812201,Matched,Intersection,29687.0,2ND AVE AND WALL ST, ,,1,Property Damage Only Collision,Left Turn,2,0,0,2,0,0,2018-05-30 00:00:00+00,5/30/2018 12:30:00 PM,At Intersection (intersection related),11,"MOTOR VEHICLE STRUCK MOTOR VEHICLE, FRONT END AT ANGLE",,False,Clear or Partly Cloudy,Dry,Daylight,,,,15.0,From same direction - one left turn - one straight,0,0,False,0
-122.392978987599,47.641158269023,201965,289387,290247,E801260,Matched,Intersection,27656.0,28TH AVE W AND W SMITH ST, ,,1,Property Damage Only Collision,Angles,2,0,0,2,0,0,2018-04-25 00:00:00+00,4/25/2018 3:03:00 PM,At Intersection (intersection related),11,"MOTOR VEHICLE STRUCK MOTOR VEHICLE, FRONT END AT ANGLE",,False,Clear or Partly Cloudy,Dry,Daylight,,,,10.0,Entering at angle,0,0,False,0
-122.334344335648,47.6254433671989,201967,290604,291484,3578840,Matched,Block,,FAIRVIEW AVE N BETWEEN ROY ST AND VALLEY ST, ,,1,Property Damage Only Collision,Angles,3,0,0,2,0,0,2018-04-20 00:00:00+00,4/20/2018 1:06:00 PM,Driveway Junction,11,"MOTOR VEHICLE STRUCK MOTOR VEHICLE, FRONT END AT ANGLE",,False,Clear or Partly Cloudy,Dry,Daylight,,,,10.0,Entering at angle,0,0,False,0
-122.281104150697,47.5370515866073,201968,289386,290246,E801233,Matched,Intersection,486567.0,M L KING JR ER WAY S AND S OTHELLO ST, ,,2,Injury Collision,Left Turn,3,0,0,2,1,0,2018-05-23 00:00:00+00,5/23/2018 11:21:00 AM,At Intersection (intersection related),11,"MOTOR VEHICLE STRUCK MOTOR VEHICLE, FRONT END AT ANGLE",,False,Clear or Partly Cloudy,Dry,Daylight,,,,28.0,From opposite direction - one left turn - one straight,0,0,False,0
-122.386775317823,47.5629116246952,201969,291797,292717,3745876,Matched,Intersection,31904.0,CALIFORNIA AVE SW AND SW OREGON ST, ,,1,Property Damage Only Collision,Angles,2,0,0,2,0,0,2018-06-13 00:00:00+00,6/13/2018 10:11:00 PM,At Intersection (intersection related),11,"MOTOR VEHICLE STRUCK MOTOR VEHICLE, FRONT END AT ANGLE",,False,Clear or Partly Cloudy,Dry,Dark - Street Lights On,,,,10.0,Entering at angle,0,0,False,0
-122.365894184954,47.521021776349,201970,292606,293602,3742435,Matched,Intersection,34875.0,26TH AVE SW AND SW BARTON ST, ,,2,Injury Collision,Pedestrian,3,1,0,1,1,0,2018-06-19 00:00:00+00,6/19/2018 2:12:00 PM,At Intersection (intersection related),24,MOTOR VEHCILE STRUCK PEDESTRIAN,,False,Clear or Partly Cloudy,Dry,Daylight,True,,,2.0,Vehicle turning left hits pedestrian,0,525501,False,0
-122.277134580791,47.5497039364796,201990,290111,290971,E804300,Matched,Intersection,33518.0,RAINIER AVE S AND S JUNEAU ST, ,,2,Injury Collision,Pedestrian,2,1,0,1,1,0,2018-05-29 00:00:00+00,5/29/2018 4:19:00 PM,At Intersection (intersection related),24,MOTOR VEHCILE STRUCK PEDESTRIAN,,False,Clear or Partly Cloudy,Dry,Daylight,,,,2.0,Vehicle turning left hits pedestrian,0,0,False,0
-122.386583511548,47.5802541114261,201971,293037,294057,E808180,Matched,Block,,CALIFORNIA AVE SW BETWEEN SW ADMIRAL WAY AND SW LANDER ST,NEI,"Not Enough Information, or Insufficient Location Information",1,Property Damage Only Collision,Parked Car,2,0,0,2,0,0,2018-06-11 00:00:00+00,6/11/2018 1:45:00 PM,Mid-Block (not related to intersection),14,"MOTOR VEHICLE STRUCK MOTOR VEHICLE, REAR END",,False,Clear or Partly Cloudy,Dry,Daylight,,,,32.0,One parked--one moving,0,0,True,0
-122.393667088827,47.5541851864482,201972,291780,292700,3745592,Matched,Block,,48TH AVE SW BETWEEN ERSKINE WAY SW AND SW BRANDON ST, ,,1,Property Damage Only Collision,Parked Car,2,0,0,2,0,0,2018-06-13 00:00:00+00,6/13/2018 4:01:00 PM,Mid-Block (not related to intersection),11,"MOTOR VEHICLE STRUCK MOTOR VEHICLE, FRONT END AT ANGLE",,False,Overcast,Dry,Daylight,,,,32.0,One parked--one moving,0,0,True,0
-122.376222439329,47.6598033643483,201973,290603,291483,3754187,Matched,Block,,BALLARD BR BETWEEN POINT A AND POINT B, ,,2,Injury Collision,Rear Ended,6,0,0,3,1,0,2018-06-03 00:00:00+00,6/3/2018 3:17:00 PM,Mid-Block (not related to intersection),14,"MOTOR VEHICLE STRUCK MOTOR VEHICLE, REAR END",,False,Raining,Wet,Daylight,,,,14.0,From same direction - both going straight - one stopped - rear-end,0,0,False,0
-122.366021829703,47.6768765221062,201974,290602,291482,3754132,Matched,Block,,8TH AVE NW BETWEEN NW 65TH ST AND NW 67TH ST, ,,1,Property Damage Only Collision,Other,1,0,0,1,0,0,2018-06-03 00:00:00+00,6/3/2018 5:27:00 PM,Mid-Block (not related to intersection),26,MOTOR VEHICLE STRUCK OBJECT IN ROAD,,True,Raining,Wet,Daylight,,,,50.0,Fixed object,0,0,False,0
-122.349212467536,47.6149715479956,201976,290601,291481,3812326,Matched,Block,,1ST AVE BETWEEN WALL ST AND VINE ST, ,,1,Property Damage Only Collision,Parked Car,3,0,0,3,0,0,2018-06-03 00:00:00+00,6/3/2018 6:07:00 PM,Mid-Block (not related to intersection),11,"MOTOR VEHICLE STRUCK MOTOR VEHICLE, FRONT END AT ANGLE",,False,Raining,Wet,Daylight,,,,32.0,One parked--one moving,0,0,False,0
-122.390781560943,47.56661832117,201978,291779,292699,3742339,Matched,Intersection,31981.0,46TH AVE SW AND SW DAKOTA ST, ,,1,Property Damage Only Collision,Angles,3,0,0,2,0,0,2018-06-13 00:00:00+00,6/13/2018 5:14:00 PM,At Intersection (intersection related),11,"MOTOR VEHICLE STRUCK MOTOR VEHICLE, FRONT END AT ANGLE",,False,Overcast,Dry,Daylight,,,,10.0,Entering at angle,0,0,False,0
-122.344724008283,47.7068682190097,201979,291778,292698,3751048,Matched,Intersection,36351.0,AURORA AVE N AND N 107TH N ST, ,,1,Property Damage Only Collision,Parked Car,5,0,0,5,0,0,2018-06-13 00:00:00+00,6/13/2018 4:45:00 PM,At Intersection (intersection related),14,"MOTOR VEHICLE STRUCK MOTOR VEHICLE, REAR END",,False,Raining,Wet,Daylight,,,True,32.0,One parked--one moving,0,0,False,0
-122.370932309386,47.5743113586782,201980,289379,290239,E796311,Matched,Block,,HARBOR AVE SW BETWEEN SW HARBOR LN AND SW SPOKANE NR ST, ,,1,Property Damage Only Collision,Sideswipe,2,0,0,2,0,0,2018-05-09 00:00:00+00,5/9/2018 3:39:00 PM,Mid-Block (not related to intersection),11,"MOTOR VEHICLE STRUCK MOTOR VEHICLE, FRONT END AT ANGLE",,False,Clear or Partly Cloudy,Dry,Daylight,,,,11.0,From same direction - both going straight - both moving - sideswipe,0,0,False,0
-122.345366471501,47.7050532629518,201981,291135,292015,3751129,Matched,Block,,N 105TH ST BETWEEN WHITMAN AVE N AND AURORA AVE N, ,,1,Property Damage Only Collision,Angles,2,0,0,2,0,0,2018-06-06 00:00:00+00,6/6/2018 10:25:00 PM,Mid-Block (not related to intersection),11,"MOTOR VEHICLE STRUCK MOTOR VEHICLE, FRONT END AT ANGLE",,False,Clear or Partly Cloudy,Dry,Dark - Street Lights On,,,,10.0,Entering at angle,0,0,False,0
-122.340915051855,47.6159296698133,201982,292608,293604,3748158,Matched,Intersection,29535.0,6TH AVE AND BLANCHARD ST, ,,2,Injury Collision,Right Turn,2,0,0,2,1,0,2018-06-19 00:00:00+00,6/19/2018 6:15:00 PM,At Intersection (intersection related),18,"MOTOR VEHICLE STRUCK PEDALCYCLIST, FRONT END AT ANGLE",,False,Clear or Partly Cloudy,Dry,Daylight,,,,16.0,From same direction - one right turn - one straight,25447,0,False,0
-122.387224667897,47.5439762445541,201983,290599,291479,3742072,Matched,Block,,CALIFORNIA AVE SW BETWEEN FAUNTLEROY WAY SW AND SW HOLLY ST, ,,1,Property Damage Only Collision,Parked Car,2,0,0,2,0,0,2018-06-04 00:00:00+00,6/4/2018 8:40:00 AM,Mid-Block (not related to intersection),14,"MOTOR VEHICLE STRUCK MOTOR VEHICLE, REAR END",,False,Overcast,Dry,Daylight,,,,32.0,One parked--one moving,0,0,False,0
-122.362895671034,47.5592758935611,201984,292605,293601,3742434,Matched,Intersection,32927.0,DELRIDGE WAY SW AND SW EDMUNDS ST, ,,2,Injury Collision,Pedestrian,2,1,0,1,1,0,2018-06-19 00:00:00+00,6/19/2018 7:54:00 AM,At Intersection (intersection related),24,MOTOR VEHCILE STRUCK PEDESTRIAN,True,False,Clear or Partly Cloudy,Dry,Daylight,,,,2.0,Vehicle turning left hits pedestrian,0,0,False,0
-122.362731403634,47.7013904051416,201985,290598,291478,3751210,Matched,Block,,HOLMAN RD NW BETWEEN 6TH AVE NW AND 4TH AVE NW, ,,1,Property Damage Only Collision,Parked Car,2,0,0,2,0,0,2018-06-04 00:00:00+00,6/4/2018 8:00:00 AM,Mid-Block (not related to intersection),28,MOTOR VEHICLE RAN OFF ROAD - HIT FIXED OBJECT,,False,Unknown,Unknown,Unknown,,,,32.0,One parked--one moving,0,0,False,0
-122.339439096166,47.5613228495322,201986,289378,290238,3818757,Matched,Block,,EAST MARGINAL WAY S BETWEEN DIAGONAL AVE S AND S ALASKA ST, ,,2,Injury Collision,Left Turn,2,0,0,2,2,0,2018-05-24 00:00:00+00,5/24/2018 1:34:00 PM,Mid-Block (not related to intersection),14,"MOTOR VEHICLE STRUCK MOTOR VEHICLE, REAR END",,False,Clear or Partly Cloudy,Dry,Daylight,,,,15.0,From same direction - one left turn - one straight,0,0,False,0
-122.296545270329,47.683047797706,201987,291134,292014,3751127,Matched,Block,,NE 75TH ST BETWEEN 28TH AVE NE AND 30TH AVE NE, ,,2,Injury Collision,Rear Ended,2,0,0,2,1,0,2018-06-06 00:00:00+00,6/6/2018 8:50:00 AM,Mid-Block (but intersection related),14,"MOTOR VEHICLE STRUCK MOTOR VEHICLE, REAR END",,False,Clear or Partly Cloudy,Dry,Daylight,,,,14.0,From same direction - both going straight - one stopped - rear-end,0,0,False,0
-122.322854905644,47.6068391774092,201988,290597,291477,3707534,Matched,Block,,BOREN AVE BETWEEN JAMES ST AND CHERRY ST, ,,1,Property Damage Only Collision,Sideswipe,4,0,0,2,0,0,2018-06-04 00:00:00+00,6/4/2018 3:26:00 PM,Mid-Block (not related to intersection),11,"MOTOR VEHICLE STRUCK MOTOR VEHICLE, FRONT END AT ANGLE",,False,Clear or Partly Cloudy,Dry,Daylight,,,,11.0,From same direction - both going straight - both moving - sideswipe,0,0,False,0
-122.303234696557,47.5883871787679,201991,289373,290233,3814863,Matched,Block,,S MASSACHUSETTS ST BETWEEN 22ND AVE S AND 23RD AVE S, ,,1,Property Damage Only Collision,Rear Ended,4,0,0,2,0,0,2018-05-26 00:00:00+00,5/26/2018 2:08:00 AM,Mid-Block (but intersection related),14,"MOTOR VEHICLE STRUCK MOTOR VEHICLE, REAR END",,True,Overcast,Dry,Dark - Street Lights On,,,,14.0,From same direction - both going straight - one stopped - rear-end,0,0,False,0
-122.385137067769,47.5820910744587,201992,291133,292013,3745928,Matched,Block,,42ND AVE SW BETWEEN SW COLLEGE ST AND SW ADMIRAL WAY, ,,1,Property Damage Only Collision,Angles,2,0,0,2,0,0,2018-06-06 00:00:00+00,6/6/2018 6:43:00 PM,Driveway Junction,11,"MOTOR VEHICLE STRUCK MOTOR VEHICLE, FRONT END AT ANGLE",,False,Clear or Partly Cloudy,Dry,Daylight,,,,10.0,Entering at angle,0,0,False,0
-122.302229494753,47.5978773860437,201993,293038,294058,E807456,Matched,Intersection,30766.0,23RD AVE S AND S KING ST, ,,1,Property Damage Only Collision,Rear Ended,2,0,0,2,0,0,2018-06-07 00:00:00+00,6/7/2018 10:30:00 AM,At Intersection (intersection related),14,"MOTOR VEHICLE STRUCK MOTOR VEHICLE, REAR END",True,False,Clear or Partly Cloudy,Dry,Daylight,,,,14.0,From same direction - both going straight - one stopped - rear-end,0,0,False,0
-122.306490609146,47.6691780174057,204030,299884,301084,E822348,Matched,Intersection,26007.0,20TH AVE NE AND NE RAVENNA EB BV, ,,2,Injury Collision,Pedestrian,2,0,1,1,1,0,2018-07-05 00:00:00+00,7/5/2018 7:04:00 PM,At Intersection (intersection related),18,"MOTOR VEHICLE STRUCK PEDALCYCLIST, FRONT END AT ANGLE",,False,Clear or Partly Cloudy,Dry,Daylight,,,,5.0,Vehicle Strikes Pedalcyclist,0,0,False,0
-122.297171426229,47.5783486029832,201994,289372,290232,3814811,Matched,Block,,S MCCLELLAN ST BETWEEN RAINIER AVE S AND M L KING JR WAY S, ,,1,Property Damage Only Collision,Rear Ended,3,0,0,2,0,0,2018-05-21 00:00:00+00,5/21/2018 9:52:00 PM,Mid-Block (but intersection related),14,"MOTOR VEHICLE STRUCK MOTOR VEHICLE, REAR END",,False,Clear or Partly Cloudy,Dry,Dark - Street Lights On,,,,13.0,From same direction - both going straight - both moving - rear-end,0,0,False,0
-122.279501215911,47.5640848345058,201996,290110,290970,E804299,Matched,Intersection,32594.0,43RD AVE S AND S GENESEE ST, ,,2,Injury Collision,Angles,3,0,0,2,1,0,2018-05-26 00:00:00+00,5/26/2018 4:39:00 PM,At Intersection (intersection related),11,"MOTOR VEHICLE STRUCK MOTOR VEHICLE, FRONT END AT ANGLE",,False,Clear or Partly Cloudy,Dry,Daylight,,,,10.0,Entering at angle,0,0,False,0