longitude,latitude,objectid,inckey,coldetkey,reportno,status,addrtype,intkey,location,exceptrsncode,exceptrsndesc,severitycode,severitydesc,collisiontype,personcount,pedcount,pedcylcount,vehcount,injuries,fatalities,incdate,incdttm,junctiontype,sdot_colcode,sdot_coldesc,inattentionind,underinfl,weather,roadcond,lightcond,pedrownotgrnt,sdotcolnum,speeding,st_colcode,st_coldesc,seglanekey,crosswalkkey,hitparkedcar,seriousinjuries
-122.347145533758,47.5352364462539,201997,291131,292011,3745871,Matched,Block,,HIGHLAND PARK WAY SW BETWEEN SW OTHELLO ST AND SW HOLDEN N ST, ,,2,Injury Collision,Other,3,0,0,2,1,0,2018-06-08 00:00:00+00,6/8/2018 1:55:00 PM,Mid-Block (not related to intersection),11,"MOTOR VEHICLE STRUCK MOTOR VEHICLE, FRONT END AT ANGLE",,False,Raining,Wet,Daylight,,,,23.0,From same direction - all others,0,0,False,0
-122.267021544344,47.5315874761921,201998,292599,293557,3818858,Matched,Block,,S KENYON ST BETWEEN DUNCAN AVE S AND SEWARD PARK AVE S, ,,1,Property Damage Only Collision,Parked Car,2,0,0,2,0,0,2018-06-17 00:00:00+00,6/17/2018 2:05:00 AM,Mid-Block (not related to intersection),0,NOT ENOUGH INFORMATION / NOT APPLICABLE,,False,Clear or Partly Cloudy,Dry,Dark - Street Lights On,,,,32.0,One parked--one moving,0,0,True,0
-122.294787399521,47.5739430253044,201999,290109,290969,E804293,Matched,Intersection,32410.0,RAINIER AVE S AND S BYRON ST, ,,1,Property Damage Only Collision,Angles,2,0,0,2,0,0,2018-05-30 00:00:00+00,5/30/2018 6:29:00 PM,At Intersection (intersection related),11,"MOTOR VEHICLE STRUCK MOTOR VEHICLE, FRONT END AT ANGLE",,False,Clear or Partly Cloudy,Dry,Daylight,,,,10.0,Entering at angle,0,0,False,0
-122.320484595191,47.7049380069637,202000,288959,289838,E800156,Matched,Intersection,36525.0,8TH AVE NE AND NE 105TH ST, ,,2,Injury Collision,Angles,2,0,0,2,1,0,2018-05-20 00:00:00+00,5/20/2018 3:06:00 PM,At Intersection (intersection related),11,"MOTOR VEHICLE STRUCK MOTOR VEHICLE, FRONT END AT ANGLE",,False,Clear or Partly Cloudy,Dry,Daylight,,,,10.0,Entering at angle,0,0,False,0
-122.333993043895,47.7086630662822,204002,300039,301239,3814821,Matched,Intersection,36584.0,MERIDIAN AVE N AND N NORTHGATE WAY, ,,1,Property Damage Only Collision,Other,1,0,0,1,0,0,2018-08-10 00:00:00+00,8/10/2018 2:11:00 AM,At Intersection (intersection related),28,MOTOR VEHICLE RAN OFF ROAD - HIT FIXED OBJECT,,False,Clear or Partly Cloudy,Dry,Dawn,,,,50.0,Fixed object,0,0,False,0
-122.293665613528,47.606168186889,204005,300038,301238,3814155,Matched,Intersection,30081.0,30TH AVE AND E JEFFERSON ST, ,,2,Injury Collision,Left Turn,2,0,0,2,1,0,2018-08-11 00:00:00+00,8/11/2018 5:20:00 PM,At Intersection (intersection related),11,"MOTOR VEHICLE STRUCK MOTOR VEHICLE, FRONT END AT ANGLE",,False,Clear or Partly Cloudy,Dry,Daylight,,,,28.0,From opposite direction - one left turn - one straight,0,0,False,0
-122.296222349472,47.5798583495536,204006,299634,300834,3818873,Matched,Block,,M L KING JR WAY S BETWEEN S BAYVIEW S ST AND S MCCLELLAN ST, ,,2,Injury Collision,Head On,3,0,0,2,1,0,2018-06-30 00:00:00+00,6/30/2018 7:40:00 PM,Mid-Block (not related to intersection),14,"MOTOR VEHICLE STRUCK MOTOR VEHICLE, REAR END",,False,Clear or Partly Cloudy,Other,Daylight,,,True,30.0,From opposite direction - all others,0,0,False,0
-122.302499625066,47.6202072950364,204007,300037,301237,3814133,Matched,Intersection,29380.0,23RD AVE E AND E JOHN ST, ,,2,Injury Collision,Angles,3,0,0,2,1,0,2018-08-11 00:00:00+00,8/11/2018 9:09:00 AM,At Intersection (intersection related),11,"MOTOR VEHICLE STRUCK MOTOR VEHICLE, FRONT END AT ANGLE",,False,Clear or Partly Cloudy,Dry,Daylight,,,,10.0,Entering at angle,0,0,False,0
-122.346088800578,47.6621273423539,204008,300358,301558,E824209,Matched,Intersection,25692.0,GREEN LAKE WAY N AND N 46TH ST, ,,1,Property Damage Only Collision,Sideswipe,2,0,0,2,0,0,2018-08-02 00:00:00+00,8/2/2018 7:58:00 AM,At Intersection (intersection related),11,"MOTOR VEHICLE STRUCK MOTOR VEHICLE, FRONT END AT ANGLE",,False,Overcast,Dry,Daylight,,,,11.0,From same direction - both going straight - both moving - sideswipe,0,0,False,0
-122.351287656913,47.6528120046038,204009,299633,300833,3814054,Matched,Block,,EVANSTON AVE N BETWEEN N 36TH ST AND N 39TH ST, ,,1,Property Damage Only Collision,Parked Car,2,0,0,2,0,0,2018-06-07 00:00:00+00,6/7/2018 10:44:00 PM,Mid-Block (not related to intersection),11,"MOTOR VEHICLE STRUCK MOTOR VEHICLE, FRONT END AT ANGLE",,False,Clear or Partly Cloudy,Unknown,Unknown,,,,32.0,One parked--one moving,0,0,True,0
-122.299593223467,47.6794099836544,204011,300203,301403,E826212,Matched,Intersection,24670.0,26TH AVE NE AND NE 70TH ST, ,,1,Property Damage Only Collision,Pedestrian,2,1,0,1,0,0,2018-08-06 00:00:00+00,8/6/2018 11:54:00 AM,At Intersection (intersection related),24,MOTOR VEHCILE STRUCK PEDESTRIAN,,False,Clear or Partly Cloudy,Dry,Daylight,,,,3.0,Vehicle backing hits pedestrian,0,0,False,0
-122.308684461621,47.6238343000183,204012,300353,301553,E824765,Matched,Block,,18TH AVE E BETWEEN E REPUBLICAN ST AND E MERCER ST, ,,1,Property Damage Only Collision,Parked Car,2,0,0,2,0,0,2018-07-20 00:00:00+00,7/20/2018 11:30:00 AM,Mid-Block (not related to intersection),11,"MOTOR VEHICLE STRUCK MOTOR VEHICLE, FRONT END AT ANGLE",,False,Clear or Partly Cloudy,Dry,Unknown,,,,32.0,One parked--one moving,0,0,True,0
-122.320727861346,47.661319003343,204013,300205,301405,E826217,Matched,Intersection,27070.0,7TH AVE NE AND NE 45TH ST, ,,1,Property Damage Only Collision,Sideswipe,3,0,0,2,0,0,2018-08-08 00:00:00+00,8/8/2018 3:52:00 PM,At Intersection (intersection related),11,"MOTOR VEHICLE STRUCK MOTOR VEHICLE, FRONT END AT ANGLE",,False,Clear or Partly Cloudy,Dry,Daylight,,,,71.0,Same direction -- both turning right -- both moving -- sideswipe,0,0,False,0
-122.35017030409,47.5710833996246,204014,299632,300832,3745930,Matched,Block,,WEST SEATTLE BR WB BETWEEN ALASKAN WY VI SB WSB WB OFF RP AND W SEATTLE BR WB OFF RP, ,,1,Property Damage Only Collision,Rear Ended,5,0,0,3,0,0,2018-06-23 00:00:00+00,6/23/2018 10:16:00 PM,Mid-Block (not related to intersection),14,"MOTOR VEHICLE STRUCK MOTOR VEHICLE, REAR END",,False,Clear or Partly Cloudy,Dry,Dark - Street Lights On,,,,13.0,From same direction - both going straight - both moving - rear-end,0,0,False,0
-122.298341527913,47.6610877879068,204015,299889,301089,3751266,Matched,Intersection,27291.0,MONTLAKE BLVD NE AND NE 45TH ST, ,,2,Injury Collision,Angles,3,0,0,2,1,0,2018-07-29 00:00:00+00,7/29/2018 9:43:00 AM,At Intersection (intersection related),11,"MOTOR VEHICLE STRUCK MOTOR VEHICLE, FRONT END AT ANGLE",,False,Clear or Partly Cloudy,Dry,Daylight,,,,10.0,Entering at angle,0,0,False,0
-122.353169253722,47.6369863754926,204016,299631,300831,E820916,Matched,Block,,2ND AVE N BETWEEN NEWTON ST AND CROCKETT ST, ,,1,Property Damage Only Collision,Parked Car,2,0,0,2,0,0,2018-07-18 00:00:00+00,7/18/2018 6:40:00 PM,Mid-Block (not related to intersection),11,"MOTOR VEHICLE STRUCK MOTOR VEHICLE, FRONT END AT ANGLE",True,False,Clear or Partly Cloudy,Dry,Daylight,,,,32.0,One parked--one moving,0,0,False,0
-122.376792916181,47.6868781307594,204017,299888,301088,3751216,Matched,Intersection,23882.0,15TH AVE NW AND NW 80TH ST, ,,2,Injury Collision,Pedestrian,2,1,0,1,1,0,2018-07-30 00:00:00+00,7/30/2018 8:02:00 AM,At Intersection (intersection related),24,MOTOR VEHCILE STRUCK PEDESTRIAN,,False,Clear or Partly Cloudy,Dry,Daylight,True,,,0.0,Vehicle going straight hits pedestrian,0,0,False,0
-122.307882071609,47.6209417333421,204018,300356,301556,E824767,Matched,Block,,CORYELL CT E BETWEEN E THOMAS ST AND DEAD END, ,,1,Property Damage Only Collision,Parked Car,2,0,0,2,0,0,2018-07-29 00:00:00+00,7/29/2018 7:30:00 AM,Mid-Block (not related to intersection),0,NOT ENOUGH INFORMATION / NOT APPLICABLE,,False,Clear or Partly Cloudy,Dry,Dark - Street Lights Off,,,,32.0,One parked--one moving,0,0,True,0
-122.376637326569,47.5253775725432,204020,302955,304197,3745757,Matched,Block,,35TH AVE SW BETWEEN SW CLOVERDALE S ST AND SW TRENTON ST, ,,2,Injury Collision,Parked Car,2,0,0,2,1,0,2018-09-21 00:00:00+00,9/21/2018 1:49:00 PM,Mid-Block (not related to intersection),14,"MOTOR VEHICLE STRUCK MOTOR VEHICLE, REAR END",,True,Clear or Partly Cloudy,Dry,Daylight,,,,32.0,One parked--one moving,0,0,False,0
-122.355164901271,47.5173603810088,204021,299887,301087,3742470,Matched,Intersection,35058.0,DELRIDGE WAY SW AND SW ROXBURY ST, ,,2,Injury Collision,Rear Ended,3,0,0,2,2,0,2018-07-29 00:00:00+00,7/29/2018 10:59:00 PM,At Intersection (but not related to intersection),14,"MOTOR VEHICLE STRUCK MOTOR VEHICLE, REAR END",,False,Clear or Partly Cloudy,Dry,Dark - Street Lights On,,,,14.0,From same direction - both going straight - one stopped - rear-end,0,0,False,0
-122.29078406177,47.7192534373743,204022,300208,301408,E826420,Matched,Intersection,36192.0,35TH AVE NE AND NE 125TH ST, ,,1,Property Damage Only Collision,Left Turn,4,0,0,2,0,0,2018-08-08 00:00:00+00,8/8/2018 7:35:00 PM,At Intersection (intersection related),11,"MOTOR VEHICLE STRUCK MOTOR VEHICLE, FRONT END AT ANGLE",,False,Clear or Partly Cloudy,Dry,Daylight,,,,28.0,From opposite direction - one left turn - one straight,0,0,False,0
-122.280778790575,47.5511899518206,204023,299886,301086,E822369,Matched,Intersection,33513.0,42ND AVE S AND S ORCAS ST, ,,2,Injury Collision,Pedestrian,2,1,0,1,1,0,2018-07-23 00:00:00+00,7/23/2018 4:02:00 PM,At Intersection (intersection related),24,MOTOR VEHCILE STRUCK PEDESTRIAN,,False,Clear or Partly Cloudy,Dry,Daylight,,,,1.0,Vehicle turning right hits pedestrian,0,0,False,0
-122.282835032152,47.6648895528622,204024,300202,301402,E826210,Matched,Intersection,26239.0,SAND POINT WAY NE AND NE 50TH ST, ,,2,Injury Collision,Angles,4,0,0,2,1,0,2018-08-02 00:00:00+00,8/2/2018 6:15:00 PM,At Intersection (intersection related),11,"MOTOR VEHICLE STRUCK MOTOR VEHICLE, FRONT END AT ANGLE",,False,Clear or Partly Cloudy,Dry,Daylight,,,,10.0,Entering at angle,0,0,False,0
-122.357619752868,47.7043738685062,204084,301999,303219,E836066,Matched,Block,,N 104TH ST BETWEEN NW 104TH ST AND HOLMAN RD N, ,,1,Property Damage Only Collision,Parked Car,2,0,0,2,0,0,2018-08-31 00:00:00+00,8/31/2018 1:29:00 AM,Mid-Block (not related to intersection),13,"MOTOR VEHICLE STRUCK MOTOR VEHICLE, LEFT SIDE AT ANGLE",,False,Unknown,Unknown,Unknown,,,,32.0,One parked--one moving,0,0,True,0
-122.344072720599,47.6431226484363,204025,302954,304196,E841522,Matched,Block,,WESTLAKE AVE N BETWEEN HALLADAY ST AND NEWELL ST, ,,2,Injury Collision,Rear Ended,3,0,0,2,1,0,2018-09-20 00:00:00+00,9/20/2018 1:58:00 PM,Mid-Block (not related to intersection),14,"MOTOR VEHICLE STRUCK MOTOR VEHICLE, REAR END",,False,Clear or Partly Cloudy,Dry,Daylight,,,,14.0,From same direction - both going straight - one stopped - rear-end,0,0,False,0
-122.356705975593,47.625017200794,204026,302953,304195,E841521,Matched,Block,,QUEEN ANNE AVE N BETWEEN MERCER ST AND ROY ST, ,,1,Property Damage Only Collision,Parked Car,2,0,0,2,0,0,2018-09-21 00:00:00+00,9/21/2018 11:10:00 AM,Mid-Block (not related to intersection),11,"MOTOR VEHICLE STRUCK MOTOR VEHICLE, FRONT END AT ANGLE",,False,Clear or Partly Cloudy,Dry,Daylight,,,,20.0,One car leaving parked position,0,0,False,0
-122.285596400892,47.6107271229026,204027,300557,301757,3810729,Matched,Block,,RANDOLPH AVE BETWEEN E MARION ST AND 37TH AVE,NEI,"Not Enough Information, or Insufficient Location Information",1,Property Damage Only Collision,Parked Car,2,0,0,2,0,0,2018-08-12 00:00:00+00,8/12/2018 1:00:00 AM,,0,NOT ENOUGH INFORMATION / NOT APPLICABLE,True,False,Unknown,Unknown,Dark - Street Lights On,,,,32.0,One parked--one moving,0,0,False,0
-122.32507132723,47.5949959433586,204028,302952,304194,E841514,Matched,Intersection,30546.0,MAYNARD AVE S AND S CHARLES ST, ,,1,Property Damage Only Collision,Sideswipe,2,0,0,2,0,0,2018-09-24 00:00:00+00,9/24/2018 3:07:00 PM,At Intersection (intersection related),11,"MOTOR VEHICLE STRUCK MOTOR VEHICLE, FRONT END AT ANGLE",,False,Clear or Partly Cloudy,Dry,Daylight,,,,81.0,Same direction -- both turning left -- both moving -- sideswipe,0,0,False,0
-122.252400470863,47.514751633008,204029,299885,301085,E822368,Matched,Intersection,38186.0,RAINIER AVE S AND S NORFOLK ST, ,,2,Injury Collision,Other,1,0,0,1,1,0,2018-07-22 00:00:00+00,7/22/2018 4:49:00 PM,At Intersection (intersection related),11,"MOTOR VEHICLE STRUCK MOTOR VEHICLE, FRONT END AT ANGLE",,False,Clear or Partly Cloudy,Dry,Daylight,,,,50.0,Fixed object,0,0,False,0
-122.351133937705,47.5709417837772,204032,302951,304193,3745684,Matched,Block,,WEST SEATTLE BR EB BETWEEN ALASKAN WY VI NB ON RP AND DELRIDGE-W SEATTLE BR EB ON RP, ,,1,Property Damage Only Collision,Rear Ended,2,0,0,2,0,0,2018-09-24 00:00:00+00,9/24/2018 9:20:00 AM,Mid-Block (not related to intersection),14,"MOTOR VEHICLE STRUCK MOTOR VEHICLE, REAR END",True,False,Clear or Partly Cloudy,Dry,Daylight,,,,14.0,From same direction - both going straight - one stopped - rear-end,0,0,False,0
-122.282139570237,47.6685573483536,204033,299883,301083,E822339,Matched,Intersection,26219.0,43RD AVE NE AND NE 55TH ST, ,,2,Injury Collision,Left Turn,2,0,0,2,2,0,2018-07-25 00:00:00+00,7/25/2018 12:13:00 PM,At Intersection (intersection related),11,"MOTOR VEHICLE STRUCK MOTOR VEHICLE, FRONT END AT ANGLE",True,False,Clear or Partly Cloudy,Dry,Daylight,,,,28.0,From opposite direction - one left turn - one straight,0,0,False,0
-122.296188092457,47.5783471461438,204034,300206,301406,E826336,Matched,Intersection,31481.0,M L KING JR WAY S AND S MCCLELLAN ST, ,,2,Injury Collision,Pedestrian,2,1,0,1,1,0,2018-08-09 00:00:00+00,8/9/2018 4:22:00 PM,At Intersection (intersection related),24,MOTOR VEHCILE STRUCK PEDESTRIAN,,False,Clear or Partly Cloudy,Dry,Daylight,,,,1.0,Vehicle turning right hits pedestrian,0,525054,False,0
-122.285103433912,47.6225126612623,204035,300354,301554,E824766,Matched,Block,,LAKE WASHINGTON BLVD E BETWEEN HILLSIDE DR E AND 37TH AVE E, ,,2,Injury Collision,Pedestrian,3,0,1,1,3,0,2018-07-28 00:00:00+00,7/28/2018 1:09:00 PM,Mid-Block (not related to intersection),11,"MOTOR VEHICLE STRUCK MOTOR VEHICLE, FRONT END AT ANGLE",,False,Clear or Partly Cloudy,Dry,Daylight,,,,5.0,Vehicle Strikes Pedalcyclist,0,0,False,0
-122.30294665244,47.5836585664086,204036,300201,301401,E826027,Matched,Intersection,31564.0,23RD AVE S AND S WALKER ST, ,,1,Property Damage Only Collision,Angles,3,0,0,3,0,0,2018-08-08 00:00:00+00,8/8/2018 10:24:00 AM,At Intersection (intersection related),11,"MOTOR VEHICLE STRUCK MOTOR VEHICLE, FRONT END AT ANGLE",,False,Clear or Partly Cloudy,Dry,Daylight,,,,10.0,Entering at angle,0,0,False,0
-122.355011401806,47.5364014627231,204037,302950,304192,3745469,Matched,Block,,16TH AVE SW BETWEEN SW OTHELLO ST AND SW WEBSTER ST, ,,1,Property Damage Only Collision,Rear Ended,2,0,0,2,0,0,2018-09-25 00:00:00+00,9/25/2018 1:19:00 PM,Mid-Block (not related to intersection),14,"MOTOR VEHICLE STRUCK MOTOR VEHICLE, REAR END",,False,Clear or Partly Cloudy,Dry,Daylight,,,,13.0,From same direction - both going straight - both moving - rear-end,0,0,False,0
-122.314511867733,47.6527025298143,204038,299882,301082,E822338,Matched,Block,,BROOKLYN AVE NE BETWEEN NE BOAT ST AND NE PACIFIC ST, ,,1,Property Damage Only Collision,Parked Car,6,0,0,2,0,0,2018-07-15 00:00:00+00,7/15/2018 1:26:00 PM,Mid-Block (not related to intersection),14,"MOTOR VEHICLE STRUCK MOTOR VEHICLE, REAR END",True,False,Clear or Partly Cloudy,Dry,Daylight,,,,19.0,One car entering parked position,0,0,False,0
-122.323684384089,47.540513220157,204039,300555,301755,3810700,Matched,Intersection,34187.0,CORSON AVE S AND EAST MARGINAL WAY S, ,,1,Property Damage Only Collision,Rear Ended,2,0,0,2,0,0,2018-08-14 00:00:00+00,8/14/2018 9:04:00 AM,At Intersection (intersection related),14,"MOTOR VEHICLE STRUCK MOTOR VEHICLE, REAR END",,True,Clear or Partly Cloudy,Dry,Daylight,,,,14.0,From same direction - both going straight - one stopped - rear-end,0,0,False,0
-122.328948722805,47.5311749612729,204040,302949,304191,3745468,Matched,Block,,WEST MARGINAL NB WAY S BETWEEN S HOLDEN ST AND CLOVERDALE ST ON RP, ,,1,Property Damage Only Collision,Rear Ended,2,0,0,2,0,0,2018-09-25 00:00:00+00,9/25/2018 7:01:00 AM,Mid-Block (not related to intersection),14,"MOTOR VEHICLE STRUCK MOTOR VEHICLE, REAR END",,False,Clear or Partly Cloudy,Dry,Daylight,,,,13.0,From same direction - both going straight - both moving - rear-end,0,0,False,0
-122.377427828445,47.6539073898824,204041,300357,301557,E822979,Matched,Block,,EMERSON TURN RD BETWEEN 15TH EMERSON RP AND W EMERSON ST, ,,1,Property Damage Only Collision,Other,2,0,0,2,0,0,2018-07-20 00:00:00+00,7/20/2018 9:09:00 AM,Mid-Block (not related to intersection),11,"MOTOR VEHICLE STRUCK MOTOR VEHICLE, FRONT END AT ANGLE",,False,Clear or Partly Cloudy,Dry,Daylight,,,,17.0,Strikes or Was Struck by Object from the Load of Another Vehicle,0,0,False,0
-122.344182479637,47.6606638487591,204042,300044,301244,3737497,Matched,Block,,N ALLEN PL BETWEEN WOODLAND PARK AVE N AND MIDVALE AVE N, ,,1,Property Damage Only Collision,Other,1,0,0,1,0,0,2018-08-03 00:00:00+00,8/3/2018 6:55:00 AM,Mid-Block (not related to intersection),28,MOTOR VEHICLE RAN OFF ROAD - HIT FIXED OBJECT,,False,Raining,Wet,Daylight,,,,50.0,Fixed object,0,0,False,0
-122.297727084564,47.5892854045158,204043,301631,302851,E833600,Matched,Block,,M L KING JR WAY S BETWEEN MOUNTAINS TO SOUND TRL AND S MASSACHUSETTS ST, ,,2,Injury Collision,Rear Ended,4,0,0,2,1,0,2018-08-18 00:00:00+00,8/18/2018 1:01:00 PM,Mid-Block (but intersection related),14,"MOTOR VEHICLE STRUCK MOTOR VEHICLE, REAR END",True,False,Clear or Partly Cloudy,Dry,Daylight,,,,13.0,From same direction - both going straight - both moving - rear-end,0,0,False,0
-122.266872417226,47.5335740359148,204045,301630,302850,E833598,Matched,Block,,SEWARD PARK AVE S BETWEEN S FONTANELLE PL AND S KENYON ST, ,,1,Property Damage Only Collision,Rear Ended,2,0,0,2,0,0,2018-08-10 00:00:00+00,8/10/2018 12:00:00 PM,Mid-Block (not related to intersection),14,"MOTOR VEHICLE STRUCK MOTOR VEHICLE, REAR END",,True,Clear or Partly Cloudy,Dry,Daylight,,,,14.0,From same direction - both going straight - one stopped - rear-end,0,0,False,0
-122.286489582427,47.5601093892801,204046,301262,302482,E831638,Matched,Block,,RAINIER AVE S BETWEEN S ALASKA ST AND S ANGELINE ST, ,,2,Injury Collision,Other,2,0,0,2,1,0,2018-08-02 00:00:00+00,8/2/2018 9:44:00 AM,Mid-Block (not related to intersection),11,"MOTOR VEHICLE STRUCK MOTOR VEHICLE, FRONT END AT ANGLE",,False,Clear or Partly Cloudy,Dry,Daylight,,,,23.0,From same direction - all others,0,0,False,0
-122.304533430833,47.6656721113761,204055,301625,302845,E833347,Matched,Block,,22ND AVE NE BETWEEN NE 50TH ST AND NE 52ND ST, ,,1,Property Damage Only Collision,Other,3,0,0,2,0,0,2018-08-27 00:00:00+00,8/27/2018 2:53:00 PM,Mid-Block (not related to intersection),11,"MOTOR VEHICLE STRUCK MOTOR VEHICLE, FRONT END AT ANGLE",,False,Clear or Partly Cloudy,Dry,Daylight,,,,23.0,From same direction - all others,0,0,False,0
-122.339100625887,47.5752720929622,204057,301624,302844,E832988,Matched,Block,,ALASKAN WY VI NB BETWEEN ALASKAN WY VI NB ON RP AND S LANDER ST, ,,2,Injury Collision,Rear Ended,4,0,0,3,1,0,2018-08-24 00:00:00+00,8/24/2018 5:00:00 PM,Mid-Block (not related to intersection),14,"MOTOR VEHICLE STRUCK MOTOR VEHICLE, REAR END",,False,Clear or Partly Cloudy,Dry,Daylight,,,,14.0,From same direction - both going straight - one stopped - rear-end,0,0,False,0
-122.342292417391,47.6309971650249,204059,301297,302517,E831315,Matched,Block,,DEXTER AVE N BETWEEN COMSTOCK ST AND LEE ST, ,,1,Property Damage Only Collision,Parked Car,2,0,0,2,0,0,2018-08-15 00:00:00+00,8/15/2018 9:22:00 AM,Mid-Block (not related to intersection),13,"MOTOR VEHICLE STRUCK MOTOR VEHICLE, LEFT SIDE AT ANGLE",True,False,Clear or Partly Cloudy,Dry,Daylight,,,,32.0,One parked--one moving,0,0,True,0
-122.320936688152,47.6246603251261,204062,300774,301994,3814158,Matched,Block,,BROADWAY E BETWEEN E MERCER ST AND E ROY E ST,NEI,"Not Enough Information, or Insufficient Location Information",1,Property Damage Only Collision,Parked Car,2,0,0,2,0,0,2018-07-30 00:00:00+00,7/30/2018 2:00:00 PM,,0,NOT ENOUGH INFORMATION / NOT APPLICABLE,,False,Unknown,Unknown,Unknown,,,,32.0,One parked--one moving,0,0,False,0
-122.332017777527,47.6101456808743,204063,301283,302503,E831314,Matched,Block,,7TH AVE BETWEEN UNIVERSITY ST AND UNION ST, ,,1,Property Damage Only Collision,Other,2,0,0,2,0,0,2018-08-17 00:00:00+00,8/17/2018 7:50:00 AM,Mid-Block (not related to intersection),11,"MOTOR VEHICLE STRUCK MOTOR VEHICLE, FRONT END AT ANGLE",True,False,Overcast,Dry,Daylight,,,,23.0,From same direction - all others,0,0,False,0
-122.313501869785,47.6080453123695,204065,300773,301993,3814157,Matched,Block,,E CHERRY ST BETWEEN 14TH AVE AND 15TH AVE, ,,2,Injury Collision,Parked Car,5,0,0,2,2,0,2018-08-14 00:00:00+00,8/14/2018 10:25:00 PM,Mid-Block (not related to intersection),11,"MOTOR VEHICLE STRUCK MOTOR VEHICLE, FRONT END AT ANGLE",,False,Fog/Smog/Smoke,Dry,Dark - Street Lights On,,,,20.0,One car leaving parked position,0,0,False,0
-122.327361009477,47.6084086762365,204066,300772,301992,3814031,Matched,Intersection,29925.0,9TH AVE AND MADISON ST, ,,1,Property Damage Only Collision,Sideswipe,4,0,0,2,0,0,2018-08-15 00:00:00+00,8/15/2018 2:51:00 PM,At Intersection (but not related to intersection),11,"MOTOR VEHICLE STRUCK MOTOR VEHICLE, FRONT END AT ANGLE",,False,Clear or Partly Cloudy,Dry,Daylight,,,,11.0,From same direction - both going straight - both moving - sideswipe,0,0,False,0
-122.390105213612,47.5720481389978,204067,300561,301761,3810755,Matched,Block,,SW SPOKANE ST BETWEEN 45TH AVE SW AND 46TH AVE SW, ,,2,Injury Collision,Sideswipe,3,0,0,2,1,0,2018-08-12 00:00:00+00,8/12/2018 1:00:00 PM,Mid-Block (not related to intersection),11,"MOTOR VEHICLE STRUCK MOTOR VEHICLE, FRONT END AT ANGLE",,False,Clear or Partly Cloudy,Dry,Daylight,,,,11.0,From same direction - both going straight - both moving - sideswipe,0,0,False,0
-122.296681245451,47.576148082473,204068,301281,302501,E831639,Matched,Block,,M L KING JR WAY S BETWEEN RAINIER AVE S AND S WINTHROP ST, ,,2,Injury Collision,Rear Ended,3,0,0,3,1,0,2018-08-18 00:00:00+00,8/18/2018 9:58:00 AM,Mid-Block (not related to intersection),14,"MOTOR VEHICLE STRUCK MOTOR VEHICLE, REAR END",,False,Clear or Partly Cloudy,Dry,Daylight,,,,14.0,From same direction - both going straight - one stopped - rear-end,0,0,False,0
-122.322399295575,47.6345106074244,204072,301829,303049,E833700,Matched,Intersection,28277.0,LAKEVIEW BLVD E AND E GARFIELD ST, ,,1,Property Damage Only Collision,Angles,2,0,0,2,0,0,2018-08-31 00:00:00+00,8/31/2018 8:20:00 AM,At Intersection (intersection related),11,"MOTOR VEHICLE STRUCK MOTOR VEHICLE, FRONT END AT ANGLE",True,False,Overcast,Wet,Daylight,,,,10.0,Entering at angle,0,0,False,0
-122.321392009353,47.5873086820007,204073,300559,301759,3810754,Matched,Block,,AIRPORT WAY S BETWEEN S MASSACHUSETTS ST AND S HOLGATE N ST, ,,1,Property Damage Only Collision,Rear Ended,2,0,0,2,0,0,2018-08-11 00:00:00+00,8/11/2018 12:54:00 PM,Mid-Block (not related to intersection),14,"MOTOR VEHICLE STRUCK MOTOR VEHICLE, REAR END",,False,Clear or Partly Cloudy,Dry,Daylight,,,,14.0,From same direction - both going straight - one stopped - rear-end,0,0,False,0
-122.354496934726,47.614710483947,204075,300558,301758,3810751,Matched,Block,,ALASKAN WAY BETWEEN CLAY ST AND BROAD ST, ,,1,Property Damage Only Collision,Rear Ended,2,0,0,2,0,0,2018-08-11 00:00:00+00,8/11/2018 3:14:00 PM,Mid-Block (not related to intersection),14,"MOTOR VEHICLE STRUCK MOTOR VEHICLE, REAR END",,False,Clear or Partly Cloudy,Dry,Daylight,,,,14.0,From same direction - both going straight - one stopped - rear-end,0,0,False,0
-122.280862686695,47.5273178760822,204076,301632,302852,E833601,Matched,Block,,42ND AVE S BETWEEN S THISTLE ST AND S SULLIVAN ST, ,,1,Property Damage Only Collision,Parked Car,2,0,0,2,0,0,2018-08-16 00:00:00+00,8/16/2018 12:10:00 PM,Mid-Block (not related to intersection),13,"MOTOR VEHICLE STRUCK MOTOR VEHICLE, LEFT SIDE AT ANGLE",,False,Clear or Partly Cloudy,Dry,Daylight,,,,32.0,One parked--one moving,0,0,True,0
-122.299159659816,47.5796734628583,204077,302546,303786,3810851,Matched,Block,,RAINIER AVE S BETWEEN S BAYVIEW ST AND S MCCLELLAN ST, ,,1,Property Damage Only Collision,Right Turn,2,0,0,2,0,0,2018-08-31 00:00:00+00,8/31/2018 3:55:00 PM,Mid-Block (not related to intersection),14,"MOTOR VEHICLE STRUCK MOTOR VEHICLE, REAR END",,False,Clear or Partly Cloudy,Dry,Daylight,,,,16.0,From same direction - one right turn - one straight,0,0,False,0