longitude,latitude,objectid,inckey,coldetkey,reportno,status,addrtype,intkey,location,exceptrsncode,exceptrsndesc,severitycode,severitydesc,collisiontype,personcount,pedcount,pedcylcount,vehcount,injuries,fatalities,incdate,incdttm,junctiontype,sdot_colcode,sdot_coldesc,inattentionind,underinfl,weather,roadcond,lightcond,pedrownotgrnt,sdotcolnum,speeding,st_colcode,st_coldesc,seglanekey,crosswalkkey,hitparkedcar,seriousinjuries
-122.292278108402,47.5879827265226,204078,302681,303921,3810805,Matched,Block,,S MASSACHUSETTS ST BETWEEN 31ST AVE S AND DEAD END 3,NEI,"Not Enough Information, or Insufficient Location Information",1,Property Damage Only Collision,Parked Car,2,0,0,2,0,0,2018-09-10 00:00:00+00,9/10/2018 8:33:00 PM,Mid-Block (not related to intersection),0,NOT ENOUGH INFORMATION / NOT APPLICABLE,,False,Clear or Partly Cloudy,Dry,Dark - Street Lights On,,,,32.0,One parked--one moving,0,0,True,0
-122.353447342294,47.6245741368372,204079,302549,303789,3811556,Matched,Block,,MERCER ST BETWEEN WARREN AVE N AND 2ND AVE N, ,,1,Property Damage Only Collision,Sideswipe,2,0,0,2,0,0,2018-08-31 00:00:00+00,8/31/2018 1:22:00 PM,Mid-Block (not related to intersection),11,"MOTOR VEHICLE STRUCK MOTOR VEHICLE, FRONT END AT ANGLE",,False,Clear or Partly Cloudy,Dry,Daylight,,,,11.0,From same direction - both going straight - both moving - sideswipe,0,0,False,0
-122.294697662527,47.7201838034332,204080,302002,303222,E836167,Matched,Block,,LAKE CITY WAY NE BETWEEN NE 125TH ST AND NE 127TH ST, ,,2,Injury Collision,Rear Ended,4,0,0,3,2,0,2018-08-22 00:00:00+00,8/22/2018 3:01:00 PM,Mid-Block (but intersection related),14,"MOTOR VEHICLE STRUCK MOTOR VEHICLE, REAR END",,False,Clear or Partly Cloudy,Dry,Daylight,,,,14.0,From same direction - both going straight - one stopped - rear-end,0,0,False,0
-122.30387640991,47.5889896914376,204081,302545,303785,3810736,Matched,Block,,22ND AVE S BETWEEN S ATLANTIC ST AND S MASSACHUSETTS ST, ,,1,Property Damage Only Collision,Parked Car,4,0,0,4,0,0,2018-09-05 00:00:00+00,9/5/2018 12:58:00 AM,Mid-Block (not related to intersection),14,"MOTOR VEHICLE STRUCK MOTOR VEHICLE, REAR END",,False,Clear or Partly Cloudy,Dry,Dark - Street Lights On,,,,32.0,One parked--one moving,0,0,True,0
-122.376215088348,47.6682777611481,204082,302001,303221,E835705,Matched,Block,,15TH AVE NW BETWEEN NW 54TH ST AND NW MARKET ST, ,,2,Injury Collision,Rear Ended,2,0,0,2,1,0,2018-09-06 00:00:00+00,9/6/2018 12:23:00 PM,Mid-Block (not related to intersection),11,"MOTOR VEHICLE STRUCK MOTOR VEHICLE, FRONT END AT ANGLE",,False,Clear or Partly Cloudy,Dry,Daylight,,,,13.0,From same direction - both going straight - both moving - rear-end,0,0,False,0
-122.325713278128,47.5983528614232,204083,302344,303564,3811730,Matched,Block,,S KING ST BETWEEN 6TH AVE S AND MAYNARD AVE S, ,,1,Property Damage Only Collision,Cycles,4,0,1,1,0,0,2018-08-19 00:00:00+00,8/19/2018 4:15:00 PM,Driveway Junction,18,"MOTOR VEHICLE STRUCK PEDALCYCLIST, FRONT END AT ANGLE",,False,Overcast,Dry,Daylight,,,,6.0,Pedalcyclist Strikes Moving Vehicle,0,0,False,0
-122.350307982017,47.6179645327579,204085,302343,303563,3811677,Matched,Block,,3RD AVE BETWEEN CLAY ST AND BROAD ST, ,,1,Property Damage Only Collision,Other,1,0,0,1,0,0,2018-08-18 00:00:00+00,8/18/2018 7:57:00 AM,Mid-Block (not related to intersection),28,MOTOR VEHICLE RAN OFF ROAD - HIT FIXED OBJECT,True,False,Clear or Partly Cloudy,Dry,Daylight,,,,50.0,Fixed object,0,0,False,0
-122.308204790835,47.611534339068,204086,302552,303792,3814258,Matched,Block,,E SPRING ST BETWEEN 18TH AVE AND 19TH AVE, ,,1,Property Damage Only Collision,Angles,4,0,0,3,0,0,2018-08-31 00:00:00+00,8/31/2018 9:52:00 AM,Mid-Block (not related to intersection),11,"MOTOR VEHICLE STRUCK MOTOR VEHICLE, FRONT END AT ANGLE",,False,Clear or Partly Cloudy,Dry,Daylight,,,,10.0,Entering at angle,0,0,False,0
-122.358048595749,47.6203614492502,204087,302685,303925,3811740,Matched,Block,,1ST AVE W BETWEEN W JOHN ST AND W THOMAS ST, ,,1,Property Damage Only Collision,Parked Car,2,0,0,2,0,0,2018-09-11 00:00:00+00,9/11/2018 5:50:00 PM,Mid-Block (not related to intersection),14,"MOTOR VEHICLE STRUCK MOTOR VEHICLE, REAR END",True,False,Clear or Partly Cloudy,Dry,Daylight,,,,20.0,One car leaving parked position,0,0,False,0
-122.332041866863,47.6135279307568,204088,302152,303372,E837351,Matched,Intersection,29880.0,9TH AVE AND PINE ST, ,,2,Injury Collision,Cycles,2,1,1,0,2,0,2018-09-01 00:00:00+00,9/1/2018 7:11:00 PM,At Intersection (intersection related),24,MOTOR VEHCILE STRUCK PEDESTRIAN,,False,Clear or Partly Cloudy,Dry,Daylight,,,,7.0,Pedalcyclist Strikes Pedalcyclist or Pedestrian,0,0,False,0
-122.335907725425,47.598751306145,204089,301998,303218,E835701,Matched,Block,,ALASKAN WAY S BETWEEN S JACKSON ST AND S KING ST, ,,2,Injury Collision,Rear Ended,6,0,0,2,2,0,2018-09-04 00:00:00+00,9/4/2018 12:25:00 PM,Mid-Block (not related to intersection),14,"MOTOR VEHICLE STRUCK MOTOR VEHICLE, REAR END",,False,Clear or Partly Cloudy,Dry,Daylight,,,,14.0,From same direction - both going straight - one stopped - rear-end,0,0,False,0
-122.332800666124,47.61183774388,204090,302342,303562,3811555,Matched,Block,,PIKE ST BETWEEN 7TH AVE AND 8TH AVE, ,,2,Injury Collision,Parked Car,2,0,0,2,1,0,2018-08-23 00:00:00+00,8/23/2018 6:52:00 AM,Mid-Block (not related to intersection),11,"MOTOR VEHICLE STRUCK MOTOR VEHICLE, FRONT END AT ANGLE",True,False,Overcast,Dry,Daylight,,,,19.0,One car entering parked position,0,0,False,0
-122.331072051119,47.6158092729544,204092,302341,303561,3811552,Matched,Block,,BOREN AVE BETWEEN OLIVE WAY AND HOWELL ST, ,,1,Property Damage Only Collision,Rear Ended,2,0,0,2,0,0,2018-08-21 00:00:00+00,8/21/2018 6:13:00 AM,Mid-Block (not related to intersection),14,"MOTOR VEHICLE STRUCK MOTOR VEHICLE, REAR END",True,False,Clear or Partly Cloudy,Dry,Daylight,,,,14.0,From same direction - both going straight - one stopped - rear-end,0,0,False,0
-122.319483167085,47.7206031276238,204094,302339,303559,3810327,Matched,Block,,ROOSEVELT WAY NE BETWEEN NE 125TH N ST AND NE 127TH ST, ,,1,Property Damage Only Collision,Other,2,0,0,1,0,0,2018-09-16 00:00:00+00,9/16/2018 7:30:00 AM,Mid-Block (not related to intersection),11,"MOTOR VEHICLE STRUCK MOTOR VEHICLE, FRONT END AT ANGLE",,True,Raining,Dry,Dawn,,,,50.0,Fixed object,0,0,False,0
-122.3175526737,47.6867321283814,204096,302338,303558,E838552,Matched,Intersection,24395.0,ROOSEVELT WAY NE AND NE 80TH ST, ,,2,Injury Collision,Angles,2,0,0,2,1,0,2018-09-16 00:00:00+00,9/16/2018 4:17:00 AM,At Intersection (intersection related),11,"MOTOR VEHICLE STRUCK MOTOR VEHICLE, FRONT END AT ANGLE",,False,Raining,Wet,Dark - Street Lights On,,,,10.0,Entering at angle,0,0,False,0
-122.278345221177,47.5700206285808,204098,302683,303923,3810910,Matched,Block,,LAKE WASHINGTON BLVD S BETWEEN 43RD AVE S AND 46TH AVE S, ,,1,Property Damage Only Collision,Other,1,0,0,1,0,0,2018-09-08 00:00:00+00,9/8/2018 3:49:00 PM,Mid-Block (not related to intersection),28,MOTOR VEHICLE RAN OFF ROAD - HIT FIXED OBJECT,,False,Clear or Partly Cloudy,Dry,Daylight,,,,50.0,Fixed object,0,0,False,0
-122.326588634769,47.6225570089485,204099,302550,303790,3814210,Matched,Block,,BELLEVUE AVE E BETWEEN E HARRISON ST AND E REPUBLICAN ST, ,,2,Injury Collision,Other,1,0,0,1,1,0,2018-09-04 00:00:00+00,9/4/2018 7:02:00 AM,Mid-Block (not related to intersection),29,MOTOR VEHICLE OVERTURNED IN ROAD,,False,Clear or Partly Cloudy,Dry,Daylight,,,,52.0,Vehicle overturned,0,0,False,0
-122.345957533637,47.6978125479434,204101,302337,303557,E838543,Matched,Block,,N 95TH ST BETWEEN LINDEN AVE N AND AURORA AVE N, ,,1,Property Damage Only Collision,Angles,5,0,0,4,0,0,2018-08-20 00:00:00+00,8/20/2018 11:07:00 PM,Mid-Block (but intersection related),11,"MOTOR VEHICLE STRUCK MOTOR VEHICLE, FRONT END AT ANGLE",,False,Fog/Smog/Smoke,Dry,Dark - Street Lights On,,,,10.0,Entering at angle,0,0,False,0
-122.287920844853,47.551239252003,204103,302336,303556,E838383,Matched,Intersection,485825.0,M L KING JR ER WAY S AND S ORCAS ST, ,,2,Injury Collision,Rear Ended,2,0,0,2,1,0,2018-08-17 00:00:00+00,8/17/2018 10:20:00 PM,At Intersection (intersection related),14,"MOTOR VEHICLE STRUCK MOTOR VEHICLE, REAR END",True,False,Clear or Partly Cloudy,Dry,Dark - Street Lights On,,,,84.0,Same direction -- both turning left -- one stopped -- rear end,0,0,False,0
-122.329045123712,47.589338098397,204104,301839,303059,E834060,Matched,Intersection,163339.0,4TH AVE NB OFF RP AND EDGAR MARTINEZ DR S, ,,1,Property Damage Only Collision,Angles,2,0,0,2,0,0,2018-07-18 00:00:00+00,7/18/2018 6:17:00 AM,At Intersection (intersection related),11,"MOTOR VEHICLE STRUCK MOTOR VEHICLE, FRONT END AT ANGLE",,False,Clear or Partly Cloudy,Dry,Daylight,,,,10.0,Entering at angle,0,0,False,0
-122.338475409265,47.6197054764832,204105,302335,303555,E837896,Matched,Intersection,28800.0,JOHN ST AND WESTLAKE AVE N, ,,1,Property Damage Only Collision,Other,2,0,0,2,0,0,2018-09-14 00:00:00+00,9/14/2018 12:06:00 PM,At Intersection (intersection related),11,"MOTOR VEHICLE STRUCK MOTOR VEHICLE, FRONT END AT ANGLE",,False,Clear or Partly Cloudy,Dry,Daylight,,,,41.0,Vehicle Strikes Railway Vehicle,0,0,False,0
-122.31936533924,47.6242664969538,204241,302362,303582,3814160,Matched,Block,,E MERCER ST BETWEEN 10TH AVE E AND FEDERAL AVE E, ,,1,Property Damage Only Collision,Parked Car,2,0,0,2,0,0,2018-08-19 00:00:00+00,8/19/2018 1:33:00 PM,Mid-Block (not related to intersection),11,"MOTOR VEHICLE STRUCK MOTOR VEHICLE, FRONT END AT ANGLE",,False,Unknown,Unknown,Unknown,,,,32.0,One parked--one moving,0,0,False,0
-122.366628168452,47.6906526506404,204106,302680,303920,3754479,Matched,Block,,NW 85TH ST BETWEEN 8TH AVE NW AND DIBBLE AVE NW, ,,1,Property Damage Only Collision,Rear Ended,3,0,0,2,0,0,2018-09-10 00:00:00+00,9/10/2018 9:31:00 PM,Mid-Block (not related to intersection),14,"MOTOR VEHICLE STRUCK MOTOR VEHICLE, REAR END",,False,Clear or Partly Cloudy,Dry,Dark - Street Lights On,,,,14.0,From same direction - both going straight - one stopped - rear-end,0,0,False,0
-122.33897928501,47.6060126083042,204109,302548,303788,3811533,Matched,Block,,WESTERN AVE BETWEEN SENECA ST AND UNIVERSITY ST, ,,1,Property Damage Only Collision,Parked Car,3,0,0,3,0,0,2018-08-31 00:00:00+00,8/31/2018 1:03:00 PM,Mid-Block (not related to intersection),11,"MOTOR VEHICLE STRUCK MOTOR VEHICLE, FRONT END AT ANGLE",,False,Clear or Partly Cloudy,Dry,Daylight,,,,20.0,One car leaving parked position,0,0,False,0
-122.367865127515,47.6621954055336,204110,301838,303058,E834027,Matched,Intersection,25464.0,LEARY WAY NW AND NW 46TH ST, ,,2,Injury Collision,Left Turn,7,0,0,3,1,0,2018-08-25 00:00:00+00,8/25/2018 10:55:00 AM,At Intersection (intersection related),11,"MOTOR VEHICLE STRUCK MOTOR VEHICLE, FRONT END AT ANGLE",,False,Overcast,Wet,Daylight,,,,28.0,From opposite direction - one left turn - one straight,0,0,False,0
-122.381794361936,47.6639702545947,204111,301837,303057,E834025,Matched,Intersection,25177.0,SHILSHOLE AVE NW AND NW DOCK PL, ,,2,Injury Collision,Cycles,2,0,1,1,1,0,2018-08-19 00:00:00+00,8/19/2018 9:56:00 AM,At Intersection (intersection related),18,"MOTOR VEHICLE STRUCK PEDALCYCLIST, FRONT END AT ANGLE",,False,Clear or Partly Cloudy,Dry,Daylight,,,,6.0,Pedalcyclist Strikes Moving Vehicle,0,0,False,0
-122.315442437824,47.6612845814064,204112,301833,303053,E833914,Matched,Intersection,27064.0,12TH AVE NE AND NE 45TH ST, ,,1,Property Damage Only Collision,Pedestrian,2,0,1,1,0,0,2018-08-30 00:00:00+00,8/30/2018 4:58:00 PM,At Intersection (intersection related),18,"MOTOR VEHICLE STRUCK PEDALCYCLIST, FRONT END AT ANGLE",,False,Clear or Partly Cloudy,Dry,Daylight,,,,5.0,Vehicle Strikes Pedalcyclist,0,0,False,0
-122.311929721856,47.6757834401583,204115,301832,303052,E833912,Matched,Intersection,24506.0,15TH AVE NE AND NE 65TH ST, ,,2,Injury Collision,Left Turn,2,0,0,2,1,0,2018-08-07 00:00:00+00,8/7/2018 3:33:00 PM,At Intersection (intersection related),11,"MOTOR VEHICLE STRUCK MOTOR VEHICLE, FRONT END AT ANGLE",,False,Clear or Partly Cloudy,Dry,Daylight,,,,28.0,From opposite direction - one left turn - one straight,0,0,False,0
-122.327853523584,47.6184967407019,204116,302154,303374,E837363,Matched,Intersection,29165.0,MELROSE AVE AND E DENNY WAY, ,,1,Property Damage Only Collision,Right Turn,2,0,0,2,0,0,2018-09-09 00:00:00+00,9/9/2018 8:04:00 PM,At Intersection (intersection related),11,"MOTOR VEHICLE STRUCK MOTOR VEHICLE, FRONT END AT ANGLE",,False,Raining,Wet,Dark - Street Lights On,,,,16.0,From same direction - one right turn - one straight,0,0,False,0
-122.290391866963,47.5561265037526,204117,302684,303924,3810913,Matched,Block,,M L KING JR ER WAY S BETWEEN S HUDSON ST AND S DAWSON ST, ,,1,Property Damage Only Collision,Rear Ended,4,0,0,3,0,0,2018-09-10 00:00:00+00,9/10/2018 7:48:00 AM,Mid-Block (not related to intersection),14,"MOTOR VEHICLE STRUCK MOTOR VEHICLE, REAR END",,False,Clear or Partly Cloudy,Dry,Daylight,,,,13.0,From same direction - both going straight - both moving - rear-end,0,0,False,0
-122.308189711813,47.7193735372961,204118,302149,303369,E837131,Matched,Block,,NE 125TH ST BETWEEN 19TH AVE NE AND 20TH AVE NE, ,,1,Property Damage Only Collision,Rear Ended,4,0,0,4,0,0,2018-09-07 00:00:00+00,9/7/2018 8:03:00 AM,Mid-Block (not related to intersection),14,"MOTOR VEHICLE STRUCK MOTOR VEHICLE, REAR END",True,False,Clear or Partly Cloudy,Dry,Daylight,,,,14.0,From same direction - both going straight - one stopped - rear-end,0,0,False,0
-122.317304542622,47.6016942703869,204119,302551,303791,3814257,Matched,Block,,E YESLER WAY BETWEEN BOREN AVE AND 12TH AVE, ,,2b,Serious Injury Collision,Other,2,0,0,2,1,0,2018-08-31 00:00:00+00,8/31/2018 5:56:00 AM,Mid-Block (not related to intersection),26,MOTOR VEHICLE STRUCK OBJECT IN ROAD,,False,Raining,Wet,Dark - Street Lights On,,,,52.0,Vehicle overturned,0,0,False,1
-122.316960977114,47.6831048250268,204120,301831,303051,E833911,Matched,Intersection,24509.0,LAKE CITY WAY NE AND NE 75TH ST, ,,1,Property Damage Only Collision,Angles,2,0,0,2,0,0,2018-08-07 00:00:00+00,8/7/2018 1:43:00 PM,At Intersection (intersection related),11,"MOTOR VEHICLE STRUCK MOTOR VEHICLE, FRONT END AT ANGLE",,False,Clear or Partly Cloudy,Dry,Daylight,,,,10.0,Entering at angle,0,0,False,0
-122.315390386066,47.5818927133212,204121,302153,303373,E837352,Matched,Block,,BEACON AVE S BETWEEN 13TH AVE S AND 14TH AVE S, ,,1,Property Damage Only Collision,Other,1,0,0,1,0,0,2018-09-10 00:00:00+00,9/10/2018 11:42:00 PM,Mid-Block (not related to intersection),26,MOTOR VEHICLE STRUCK OBJECT IN ROAD,,False,Overcast,Dry,Dark - Street Lights On,,,True,50.0,Fixed object,0,0,False,0
-122.33396137291,47.706850216104,204122,301830,303050,E833757,Matched,Intersection,36588.0,MERIDIAN AVE N AND N 107TH ST, ,,1,Property Damage Only Collision,Angles,2,0,0,2,0,0,2018-08-30 00:00:00+00,8/30/2018 8:10:00 PM,At Intersection (intersection related),11,"MOTOR VEHICLE STRUCK MOTOR VEHICLE, FRONT END AT ANGLE",,False,Clear or Partly Cloudy,Dry,Dark - Street Lights On,,,,10.0,Entering at angle,0,0,False,0
-122.339324538935,47.5829237822156,204123,302547,303787,3810855,Matched,Block,,ALASKAN WY VI NB BETWEEN S HOLGATE ST AND S LANDER ST, ,,2,Injury Collision,Sideswipe,4,0,0,2,2,0,2018-09-04 00:00:00+00,9/4/2018 12:48:00 AM,Mid-Block (not related to intersection),11,"MOTOR VEHICLE STRUCK MOTOR VEHICLE, FRONT END AT ANGLE",,False,Clear or Partly Cloudy,Dry,Dark - Street Lights On,,,,11.0,From same direction - both going straight - both moving - sideswipe,0,0,False,0
-122.328642011643,47.6904503803743,204124,300059,301259,3814816,Matched,Block,,85TH ST ON RP BETWEEN BANNER WAY NE AND I5 NB, ,,1,Property Damage Only Collision,Other,1,0,0,1,0,0,2018-08-08 00:00:00+00,8/8/2018 2:17:00 AM,Mid-Block (not related to intersection),26,MOTOR VEHICLE STRUCK OBJECT IN ROAD,,True,Clear or Partly Cloudy,Dry,Dark - Street Lights On,,,,50.0,Fixed object,0,0,False,0
-122.326185450892,47.6054461755886,204125,299666,300866,E813897,Matched,Block,,8TH AVE BETWEEN JAMES ST AND CHERRY ST, ,,1,Property Damage Only Collision,Parked Car,2,0,0,2,0,0,2018-05-25 00:00:00+00,5/25/2018 5:33:00 PM,Mid-Block (not related to intersection),11,"MOTOR VEHICLE STRUCK MOTOR VEHICLE, FRONT END AT ANGLE",,False,Clear or Partly Cloudy,Dry,Daylight,,,,20.0,One car leaving parked position,0,0,False,0
-122.374782718673,47.6906178514369,204126,300058,301258,3814815,Matched,Block,,NW 85TH ST BETWEEN 14TH AVE NW AND MARY AVE NW, ,,1,Property Damage Only Collision,Parked Car,2,0,0,2,0,0,2018-08-07 00:00:00+00,8/7/2018 6:35:00 AM,Mid-Block (not related to intersection),11,"MOTOR VEHICLE STRUCK MOTOR VEHICLE, FRONT END AT ANGLE",True,False,Clear or Partly Cloudy,Dry,Daylight,,,,32.0,One parked--one moving,0,0,True,0
-122.297922260164,47.7183732700041,204127,299665,300865,E820968,Matched,Block,,28TH AVE NE BETWEEN NE 123RD ST AND NE 125TH ST, ,,1,Property Damage Only Collision,Parked Car,2,0,0,2,0,0,2018-07-21 00:00:00+00,7/21/2018 1:42:00 PM,Mid-Block (not related to intersection),11,"MOTOR VEHICLE STRUCK MOTOR VEHICLE, FRONT END AT ANGLE",,False,Clear or Partly Cloudy,Dry,Daylight,,,,32.0,One parked--one moving,0,0,False,0
-122.344013688037,47.7050503074268,204128,300057,301257,3814814,Matched,Block,,N NORTHGATE WAY BETWEEN AURORA AVE N AND MIDVALE AVE N, ,,1,Property Damage Only Collision,Other,1,0,0,1,0,0,2018-08-06 00:00:00+00,8/6/2018 9:57:00 AM,Mid-Block (not related to intersection),28,MOTOR VEHICLE RAN OFF ROAD - HIT FIXED OBJECT,,True,Clear or Partly Cloudy,Dry,Daylight,,,,50.0,Fixed object,0,0,False,0
-122.302234918557,47.5998025769682,204129,300212,301412,E827123,Matched,Block,,23RD AVE S BETWEEN S MAIN ST AND S JACKSON ST, ,,2,Injury Collision,Angles,3,0,0,2,1,0,2018-08-10 00:00:00+00,8/10/2018 3:37:00 PM,Mid-Block (but intersection related),11,"MOTOR VEHICLE STRUCK MOTOR VEHICLE, FRONT END AT ANGLE",,False,Clear or Partly Cloudy,Dry,Daylight,,,,10.0,Entering at angle,0,0,False,0
-122.351133937705,47.5709417837772,204131,300046,301246,3745627,Matched,Block,,WEST SEATTLE BR EB BETWEEN ALASKAN WY VI NB ON RP AND DELRIDGE-W SEATTLE BR EB ON RP, ,,1,Property Damage Only Collision,Other,1,0,0,1,0,0,2018-08-03 00:00:00+00,8/3/2018 7:16:00 AM,Mid-Block (not related to intersection),26,MOTOR VEHICLE STRUCK OBJECT IN ROAD,,False,,Wet,Daylight,,,,50.0,Fixed object,0,0,False,0
-122.316578934152,47.6612919603548,204132,300209,301409,E826880,Matched,Intersection,27065.0,11TH AVE NE AND NE 45TH ST, ,,1,Property Damage Only Collision,Angles,2,0,0,2,0,0,2018-08-09 00:00:00+00,8/9/2018 2:03:00 PM,At Intersection (intersection related),11,"MOTOR VEHICLE STRUCK MOTOR VEHICLE, FRONT END AT ANGLE",,False,Clear or Partly Cloudy,Dry,Daylight,,,,10.0,Entering at angle,0,0,False,0
-122.320863665986,47.6193222761811,204133,299662,300862,E813847,Matched,Block,,BROADWAY E BETWEEN E DENNY WAY AND E OLIVE WAY, ,,2,Injury Collision,Rear Ended,2,0,0,2,1,0,2018-06-13 00:00:00+00,6/13/2018 11:02:00 AM,Mid-Block (not related to intersection),14,"MOTOR VEHICLE STRUCK MOTOR VEHICLE, REAR END",,False,Clear or Partly Cloudy,Dry,Daylight,,,,13.0,From same direction - both going straight - both moving - rear-end,0,0,False,0
-122.397989183097,47.5526131150889,204134,300045,301245,3744394,Matched,Block,,BEACH DR SW BETWEEN SW SHORE PL AND SW JUNEAU ST, ,,2b,Serious Injury Collision,Parked Car,3,0,0,3,1,0,2018-08-07 00:00:00+00,8/7/2018 2:56:00 AM,Mid-Block (not related to intersection),16,"MOTOR VEHICLE STRUCK MOTOR VEHICLE, LEFT SIDE SIDESWIPE",,True,Clear or Partly Cloudy,Dry,Dark - Street Lights On,,,True,32.0,One parked--one moving,0,0,False,1
-122.323275453106,47.7085941336346,204135,299661,300861,E820967,Matched,Intersection,36499.0,5TH AVE NE AND NE NORTHGATE WAY, ,,2,Injury Collision,Angles,2,0,0,2,1,0,2018-07-21 00:00:00+00,7/21/2018 11:06:00 AM,At Intersection (intersection related),14,"MOTOR VEHICLE STRUCK MOTOR VEHICLE, REAR END",,False,Clear or Partly Cloudy,Dry,Daylight,,,,10.0,Entering at angle,0,0,False,0
-122.302593646394,47.588374652362,204138,299896,301096,3810715,Matched,Intersection,31514.0,23RD AVE S AND S MASSACHUSETTS ST, ,,2,Injury Collision,Angles,2,0,0,2,1,0,2018-07-31 00:00:00+00,7/31/2018 10:49:00 AM,At Intersection (intersection related),14,"MOTOR VEHICLE STRUCK MOTOR VEHICLE, REAR END",,False,Clear or Partly Cloudy,Dry,Daylight,,,,10.0,Entering at angle,0,0,False,0
-122.347323071099,47.6534490367801,204139,302962,304204,3733771,Matched,Block,,AURORA AVE N BETWEEN N 38 UPPER ST AND N 39TH ST, ,,1,Property Damage Only Collision,Parked Car,2,0,0,2,0,0,2018-09-23 00:00:00+00,9/23/2018 8:12:00 PM,Mid-Block (not related to intersection),13,"MOTOR VEHICLE STRUCK MOTOR VEHICLE, LEFT SIDE AT ANGLE",,False,Clear or Partly Cloudy,Dry,Dark - Street Lights On,,,,32.0,One parked--one moving,0,0,False,0
-122.328078578054,47.6041612345606,204368,301854,303074,E835335,Matched,Intersection,29973.0,6TH AVE AND JAMES ST, ,,1,Property Damage Only Collision,Other,1,0,0,1,0,0,2018-09-06 00:00:00+00,9/6/2018 10:20:00 AM,At Intersection (intersection related),28,MOTOR VEHICLE RAN OFF ROAD - HIT FIXED OBJECT,,False,Clear or Partly Cloudy,Dry,Daylight,,,,50.0,Fixed object,0,0,False,0
-122.313490543179,47.5653211831742,204140,299895,301095,3810704,Matched,Intersection,32298.0,15TH AVE S AND S NEVADA ST, ,,2,Injury Collision,Sideswipe,3,1,0,2,2,0,2018-07-30 00:00:00+00,7/30/2018 8:48:00 AM,At Intersection (intersection related),16,"MOTOR VEHICLE STRUCK MOTOR VEHICLE, LEFT SIDE SIDESWIPE",,False,Clear or Partly Cloudy,Dry,Daylight,,,,11.0,From same direction - both going straight - both moving - sideswipe,0,0,False,0
-122.365180197896,47.5282808368624,204141,300063,301263,3742471,Matched,Block,,SW THISTLE ST BETWEEN 25TH AVE SW AND 26TH AVE SW, ,,2,Injury Collision,Other,3,0,0,2,1,0,2018-07-31 00:00:00+00,7/31/2018 2:00:00 PM,Mid-Block (not related to intersection),11,"MOTOR VEHICLE STRUCK MOTOR VEHICLE, FRONT END AT ANGLE",,False,Clear or Partly Cloudy,Dry,Other,,,,23.0,From same direction - all others,0,0,False,0
-122.321315277251,47.547986761247,204142,300210,301410,E826929,Matched,Intersection,33124.0,CORSON AVE S AND S HARNEY ST, ,,2,Injury Collision,Left Turn,3,0,0,2,2,0,2018-07-25 00:00:00+00,7/25/2018 11:01:00 AM,At Intersection (intersection related),11,"MOTOR VEHICLE STRUCK MOTOR VEHICLE, FRONT END AT ANGLE",,False,Clear or Partly Cloudy,Dry,Daylight,,,,15.0,From same direction - one left turn - one straight,0,0,False,0
-122.306015929138,47.6830470099585,204143,302961,304203,3746649,Matched,Block,,NE 75TH ST BETWEEN 20TH AVE NE AND 21ST AVE NE, ,,2,Injury Collision,Rear Ended,3,0,0,3,1,0,2018-09-22 00:00:00+00,9/22/2018 11:26:00 PM,Mid-Block (not related to intersection),14,"MOTOR VEHICLE STRUCK MOTOR VEHICLE, REAR END",True,True,Raining,Wet,Dark - Street Lights On,,,,14.0,From same direction - both going straight - one stopped - rear-end,0,0,False,0
-122.300600747042,47.5463792999562,204144,299894,301094,3810623,Matched,Intersection,33288.0,BEACON WR AVE S AND S GRAHAM ST, ,,1,Property Damage Only Collision,Sideswipe,2,0,0,2,0,0,2018-07-26 00:00:00+00,7/26/2018 8:56:00 AM,At Intersection (intersection related),14,"MOTOR VEHICLE STRUCK MOTOR VEHICLE, REAR END",True,False,Clear or Partly Cloudy,Dry,Daylight,,,,12.0,From same direction - both going straight - one stopped - sideswipe,0,0,False,0
-122.346588118471,47.723214979591,204145,302960,304202,3746647,Matched,Block,,N 130TH ST BETWEEN LINDEN AVE N AND AURORA AVE N, ,,2,Injury Collision,Head On,5,0,0,4,1,0,2018-04-30 00:00:00+00,4/30/2018 2:04:00 PM,Mid-Block (not related to intersection),11,"MOTOR VEHICLE STRUCK MOTOR VEHICLE, FRONT END AT ANGLE",True,False,Clear or Partly Cloudy,Dry,Daylight,,,,30.0,From opposite direction - all others,0,0,False,0
-122.348746107387,47.6146958043264,204146,299893,301093,3784696,Matched,Intersection,29691.0,1ST AVE AND WALL ST, ,,1,Property Damage Only Collision,Parked Car,2,0,0,2,0,0,2018-07-27 00:00:00+00,7/27/2018 1:14:00 AM,At Intersection (but not related to intersection),14,"MOTOR VEHICLE STRUCK MOTOR VEHICLE, REAR END",,True,Clear or Partly Cloudy,Dry,Dark - Street Lights On,,,,32.0,One parked--one moving,0,0,True,0
-122.324617180217,47.7086028146454,204147,302959,304201,3746645,Matched,Block,,NE NORTHGATE WAY BETWEEN 3RD AVE NE AND 5TH AVE NE, ,,1,Property Damage Only Collision,Rear Ended,2,0,0,2,0,0,2018-09-22 00:00:00+00,9/22/2018 2:42:00 AM,Mid-Block (not related to intersection),14,"MOTOR VEHICLE STRUCK MOTOR VEHICLE, REAR END",True,False,Raining,Wet,Dark - Street Lights On,,,,13.0,From same direction - both going straight - both moving - rear-end,0,0,False,0
-122.378185254053,47.5183877278969,204148,299892,301092,3781069,Matched,Block,,36TH AVE SW BETWEEN SW CAMBRIDGE ST AND SW ROXBURY ST, ,,1,Property Damage Only Collision,Parked Car,2,0,0,2,0,0,2018-07-31 00:00:00+00,7/31/2018 11:00:00 PM,Mid-Block (not related to intersection),14,"MOTOR VEHICLE STRUCK MOTOR VEHICLE, REAR END",,False,Clear or Partly Cloudy,Dry,Dark - Street Lights On,,,,32.0,One parked--one moving,0,0,True,0