longitude,latitude,objectid,inckey,coldetkey,reportno,status,addrtype,intkey,location,exceptrsncode,exceptrsndesc,severitycode,severitydesc,collisiontype,personcount,pedcount,pedcylcount,vehcount,injuries,fatalities,incdate,incdttm,junctiontype,sdot_colcode,sdot_coldesc,inattentionind,underinfl,weather,roadcond,lightcond,pedrownotgrnt,sdotcolnum,speeding,st_colcode,st_coldesc,seglanekey,crosswalkkey,hitparkedcar,seriousinjuries
-122.33620564035,47.7068541024338,204149,299891,301091,3751306,Matched,Intersection,36357.0,N 107TH ST AND N NORTHGATE WAY, ,,2,Injury Collision,Pedestrian,3,0,1,1,1,0,2018-07-31 00:00:00+00,7/31/2018 8:35:00 AM,At Intersection (intersection related),51,PEDALCYCLIST STRUCK MOTOR VEHICLE FRONT END AT ANGLE,,False,Clear or Partly Cloudy,Dry,Daylight,,,,5.0,Vehicle Strikes Pedalcyclist,0,0,False,0
-122.320333989561,47.599187341522,204151,302958,304200,3746644,Matched,Block,,S JACKSON ST BETWEEN 9TH AVE S AND 10TH AVE S, ,,1,Property Damage Only Collision,Parked Car,2,0,0,2,0,0,2018-09-21 00:00:00+00,9/21/2018 1:00:00 PM,Mid-Block (not related to intersection),11,"MOTOR VEHICLE STRUCK MOTOR VEHICLE, FRONT END AT ANGLE",,False,Clear or Partly Cloudy,Dry,Daylight,,,,32.0,One parked--one moving,0,0,True,0
-122.302329437492,47.6549938837481,204152,302957,304199,3746643,Matched,Block,,MONTLAKE BLVD NE BETWEEN NE PACIFIC PL AND 25TH AVE NE, ,,1,Property Damage Only Collision,Rear Ended,2,0,0,2,0,0,2018-09-17 00:00:00+00,9/17/2018 11:09:00 PM,Mid-Block (not related to intersection),14,"MOTOR VEHICLE STRUCK MOTOR VEHICLE, REAR END",True,False,Clear or Partly Cloudy,Dry,Dark - Street Lights On,,,,14.0,From same direction - both going straight - one stopped - rear-end,0,0,False,0
-122.35920046061,47.5173630927541,204153,302956,304198,3745904,Matched,Intersection,34909.0,20TH AVE SW AND SW ROXBURY ST, ,,1,Property Damage Only Collision,Rear Ended,2,0,0,2,0,0,2018-09-22 00:00:00+00,9/22/2018 1:54:00 PM,At Intersection (but not related to intersection),14,"MOTOR VEHICLE STRUCK MOTOR VEHICLE, REAR END",,False,Clear or Partly Cloudy,Dry,Daylight,,,,14.0,From same direction - both going straight - one stopped - rear-end,0,0,False,0
-122.360472710527,47.6786676947808,204154,299890,301090,3751268,Matched,Block,,3RD AVE NW BETWEEN NW 67TH ST AND NW 70TH ST, ,,2,Injury Collision,Parked Car,2,0,0,2,1,0,2018-07-31 00:00:00+00,7/31/2018 5:41:00 AM,Mid-Block (not related to intersection),14,"MOTOR VEHICLE STRUCK MOTOR VEHICLE, REAR END",,False,Clear or Partly Cloudy,Dry,Daylight,,,,32.0,One parked--one moving,0,0,True,0
-122.378771552651,47.5610812482681,204155,300211,301411,E827046,Matched,Intersection,31922.0,37TH AVE SW AND SW ALASKA ST, ,,1,Property Damage Only Collision,Angles,2,0,0,2,0,0,2018-08-06 00:00:00+00,8/6/2018 6:23:00 AM,At Intersection (intersection related),11,"MOTOR VEHICLE STRUCK MOTOR VEHICLE, FRONT END AT ANGLE",,False,Clear or Partly Cloudy,Dry,Daylight,,,,10.0,Entering at angle,0,0,False,0
-122.310280141771,47.5974864747898,204156,299669,300869,E814207,Matched,Block,,S WELLER ST BETWEEN 16TH AVE S AND 18TH AVE S, ,,1,Property Damage Only Collision,Parked Car,2,0,0,2,0,0,2018-05-17 00:00:00+00,5/17/2018 12:21:00 AM,Mid-Block (not related to intersection),15,"MOTOR VEHICLE STRUCK MOTOR VEHICLE, RIGHT SIDE SIDESWIPE",,False,Clear or Partly Cloudy,Dry,Dark - Street Lights On,,,,32.0,One parked--one moving,0,0,False,0
-122.355807988953,47.662375158209,204157,302698,303938,E838838,Matched,Block,,N 46TH ST BETWEEN N MARKET E ST AND GREENWOOD N AVE N, ,,2,Injury Collision,Rear Ended,2,0,0,2,1,0,2018-09-16 00:00:00+00,9/16/2018 3:55:00 PM,Mid-Block (not related to intersection),14,"MOTOR VEHICLE STRUCK MOTOR VEHICLE, REAR END",True,False,Clear or Partly Cloudy,Dry,Daylight,,,,13.0,From same direction - both going straight - both moving - rear-end,0,0,False,0
-122.324041406486,47.6251180919042,204158,299668,300868,E814032,Matched,Intersection,29112.0,BELMONT AVE E AND E ROY ST, ,,2,Injury Collision,Left Turn,5,0,0,2,1,0,2018-06-08 00:00:00+00,6/8/2018 10:55:00 PM,At Intersection (intersection related),11,"MOTOR VEHICLE STRUCK MOTOR VEHICLE, FRONT END AT ANGLE",,False,Raining,Wet,Dark - No Street Lights,,,,28.0,From opposite direction - one left turn - one straight,0,0,False,0
-122.360625822032,47.5713285614369,204159,300061,301261,3693152,Matched,Intersection,32036.0,DELRIDGE WAY SW AND SPOKANE TURN RD, ,,1,Property Damage Only Collision,Other,1,0,0,1,0,0,2018-08-01 00:00:00+00,8/1/2018 10:32:00 PM,At Intersection (but not related to intersection),14,"MOTOR VEHICLE STRUCK MOTOR VEHICLE, REAR END",,False,Clear or Partly Cloudy,Dry,Dark - Street Lights On,,,True,52.0,Vehicle overturned,0,0,False,0
-122.263935846422,47.5199752485562,204160,302697,303937,3578797,Matched,Block,,RAINIER AVE S BETWEEN 54TH AVE S AND SEWARD PARK AVE S, ,,1,Property Damage Only Collision,Rear Ended,3,0,0,2,0,0,2018-08-31 00:00:00+00,8/31/2018 5:32:00 PM,Mid-Block (but intersection related),14,"MOTOR VEHICLE STRUCK MOTOR VEHICLE, REAR END",,True,Clear or Partly Cloudy,Dry,Daylight,,,,14.0,From same direction - both going straight - one stopped - rear-end,0,0,False,0
-122.32788067264,47.6166417097266,204161,299667,300867,E813904,Matched,Intersection,29847.0,MELROSE AVE AND OLIVE WAY, ,,1,Property Damage Only Collision,Left Turn,2,0,0,2,0,0,2018-05-31 00:00:00+00,5/31/2018 10:10:00 PM,At Intersection (intersection related),11,"MOTOR VEHICLE STRUCK MOTOR VEHICLE, FRONT END AT ANGLE",,False,Clear or Partly Cloudy,Dry,Dark - Street Lights On,,,,28.0,From opposite direction - one left turn - one straight,0,0,False,0
-122.296729971994,47.5723292570073,204232,302004,303224,E835932,Matched,Block,,M L KING JR ER WAY S BETWEEN RENTON PL S AND S WALDEN ST, ,,2,Injury Collision,Pedestrian,2,1,0,1,1,0,2018-09-07 00:00:00+00,9/7/2018 12:24:00 PM,Mid-Block (not related to intersection),24,MOTOR VEHCILE STRUCK PEDESTRIAN,True,False,Clear or Partly Cloudy,Dry,Daylight,,,,0.0,Vehicle going straight hits pedestrian,0,0,False,0
-122.335456566795,47.6004689851434,204162,302686,303926,3812269,Matched,Block,,ALASKAN E RDWY WAY S BETWEEN S WASHINGTON ST AND S MAIN ST, ,,1,Property Damage Only Collision,Sideswipe,5,0,0,2,0,0,2018-09-09 00:00:00+00,9/9/2018 6:06:00 AM,Mid-Block (not related to intersection),11,"MOTOR VEHICLE STRUCK MOTOR VEHICLE, FRONT END AT ANGLE",,False,Clear or Partly Cloudy,Dry,Daylight,,,,11.0,From same direction - both going straight - both moving - sideswipe,0,0,False,0
-122.334198303058,47.5850426824454,204165,300564,301764,E827173,Matched,Block,,1ST AVE S BETWEEN S HOLGATE ST AND S WALKER ST, ,,1,Property Damage Only Collision,Angles,2,0,0,2,0,0,2018-07-31 00:00:00+00,7/31/2018 4:21:00 PM,Mid-Block (not related to intersection),11,"MOTOR VEHICLE STRUCK MOTOR VEHICLE, FRONT END AT ANGLE",,False,Clear or Partly Cloudy,Dry,Daylight,,,,10.0,Entering at angle,0,0,False,0
-122.333562048853,47.6068012868978,204167,300563,301763,3812368,Matched,Intersection,29949.0,4TH AVE AND SPRING ST, ,,1,Property Damage Only Collision,Rear Ended,3,0,0,2,0,0,2018-08-13 00:00:00+00,8/13/2018 7:21:00 PM,At Intersection (intersection related),14,"MOTOR VEHICLE STRUCK MOTOR VEHICLE, REAR END",True,False,Clear or Partly Cloudy,Dry,Dusk,,,,14.0,From same direction - both going straight - one stopped - rear-end,0,0,False,0
-122.309718056233,47.593505775152,204169,301305,302537,E831662,Matched,Intersection,30798.0,RAINIER AVE S AND S NORMAN ST, ,,1,Property Damage Only Collision,Rear Ended,4,0,0,2,0,0,2018-08-23 00:00:00+00,8/23/2018 12:13:00 PM,At Intersection (intersection related),14,"MOTOR VEHICLE STRUCK MOTOR VEHICLE, REAR END",,False,Fog/Smog/Smoke,Dry,Daylight,,,,14.0,From same direction - both going straight - one stopped - rear-end,0,0,False,0
-122.376167511632,47.6424486918837,204170,300562,301762,3812367,Matched,Intersection,587907.0,15TH AVE W AND GILMAN DR W, ,,1,Property Damage Only Collision,Rear Ended,3,0,0,3,0,0,2018-08-13 00:00:00+00,8/13/2018 4:40:00 PM,At Intersection (intersection related),14,"MOTOR VEHICLE STRUCK MOTOR VEHICLE, REAR END",,False,Clear or Partly Cloudy,Dry,Daylight,,,,14.0,From same direction - both going straight - one stopped - rear-end,0,0,False,0
-122.269987868884,47.5228170065789,204172,301302,302522,E831317,Matched,Block,,RAINIER AVE S BETWEEN S HENDERSON ST AND S DIRECTOR N ST, ,,2,Injury Collision,Sideswipe,3,0,0,2,1,0,2018-08-21 00:00:00+00,8/21/2018 8:59:00 AM,Mid-Block (not related to intersection),11,"MOTOR VEHICLE STRUCK MOTOR VEHICLE, FRONT END AT ANGLE",True,False,Clear or Partly Cloudy,Dry,Daylight,,,,11.0,From same direction - both going straight - both moving - sideswipe,0,0,False,0
-122.332065856574,47.616557131499,204173,300368,301568,E825016,Matched,Block,,BOREN AVE BETWEEN HOWELL ST AND STEWART ST, ,,1,Property Damage Only Collision,Rear Ended,2,0,0,2,0,0,2018-07-23 00:00:00+00,7/23/2018 7:55:00 AM,Mid-Block (not related to intersection),14,"MOTOR VEHICLE STRUCK MOTOR VEHICLE, REAR END",True,False,Clear or Partly Cloudy,Dry,Daylight,,,,14.0,From same direction - both going straight - one stopped - rear-end,0,0,False,0
-122.324421988254,47.605196825046,204175,300367,301567,E824399,Matched,Block,,9TH AVE BETWEEN JEFFERSON ST AND JAMES ST, ,,2,Injury Collision,Parked Car,3,0,0,2,1,0,2018-07-16 00:00:00+00,7/16/2018 2:38:00 PM,Mid-Block (not related to intersection),11,"MOTOR VEHICLE STRUCK MOTOR VEHICLE, FRONT END AT ANGLE",,False,Clear or Partly Cloudy,Dry,Daylight,,,,32.0,One parked--one moving,0,0,True,0
-122.312763703992,47.6158674111904,204177,300366,301566,E824387,Matched,Block,,15TH AVE BETWEEN E PINE ST AND E OLIVE ST, ,,1,Property Damage Only Collision,Parked Car,3,0,0,2,0,0,2018-07-28 00:00:00+00,7/28/2018 3:36:00 PM,Mid-Block (not related to intersection),11,"MOTOR VEHICLE STRUCK MOTOR VEHICLE, FRONT END AT ANGLE",True,False,Clear or Partly Cloudy,Dry,Daylight,,,,32.0,One parked--one moving,0,0,True,0
-122.326381680043,47.5716146341327,204182,301303,302523,E831318,Matched,Block,,S SPOKANE CR ST BETWEEN S SPOKANE NR ST AND 6TH AVE S, ,,1,Property Damage Only Collision,Rear Ended,5,0,0,2,0,0,2018-08-21 00:00:00+00,8/21/2018 10:45:00 AM,Mid-Block (not related to intersection),14,"MOTOR VEHICLE STRUCK MOTOR VEHICLE, REAR END",,False,Clear or Partly Cloudy,Dry,Daylight,,,,14.0,From same direction - both going straight - one stopped - rear-end,0,0,False,0
-122.291923394454,47.5774322440132,204183,300364,301564,E824385,Matched,Block,,32ND AVE S BETWEEN S MCCLELLAN ST AND S MOUNT BAKER WB BV, ,,2,Injury Collision,Parked Car,2,0,0,2,1,0,2018-07-29 00:00:00+00,7/29/2018 5:00:00 PM,Mid-Block (not related to intersection),14,"MOTOR VEHICLE STRUCK MOTOR VEHICLE, REAR END",,False,Clear or Partly Cloudy,Dry,Daylight,,,,32.0,One parked--one moving,0,0,True,0
-122.290202870789,47.6694149172656,204188,300570,301770,E827329,Matched,Block,,35TH AVE NE BETWEEN NE 55TH ST AND NE 57TH ST, ,,1,Property Damage Only Collision,Parked Car,2,0,0,2,0,0,2018-08-11 00:00:00+00,8/11/2018 9:30:00 AM,Mid-Block (not related to intersection),11,"MOTOR VEHICLE STRUCK MOTOR VEHICLE, FRONT END AT ANGLE",,False,Clear or Partly Cloudy,Dry,Daylight,,,,32.0,One parked--one moving,0,0,False,0
-122.341764259055,47.6134979816725,204189,300569,301769,E827177,Matched,Block,,LENORA ST BETWEEN 3RD AVE AND 4TH AVE, ,,1,Property Damage Only Collision,Parked Car,4,0,0,3,0,0,2018-08-08 00:00:00+00,8/8/2018 10:38:00 AM,Mid-Block (not related to intersection),11,"MOTOR VEHICLE STRUCK MOTOR VEHICLE, FRONT END AT ANGLE",,False,Clear or Partly Cloudy,Dry,Daylight,,,,32.0,One parked--one moving,0,0,True,0
-122.334198303058,47.5850426824454,204190,301299,302519,E831069,Matched,Block,,1ST AVE S BETWEEN S HOLGATE ST AND S WALKER ST, ,,1,Property Damage Only Collision,Sideswipe,2,0,0,2,0,0,2018-08-18 00:00:00+00,8/18/2018 10:00:00 PM,Mid-Block (not related to intersection),11,"MOTOR VEHICLE STRUCK MOTOR VEHICLE, FRONT END AT ANGLE",True,False,Clear or Partly Cloudy,Dry,Dark - Street Lights On,,,,11.0,From same direction - both going straight - both moving - sideswipe,0,0,False,0
-122.33326602906,47.5850439327861,204191,300361,301561,E824252,Matched,Block,,OCCIDENTAL AVE S BETWEEN S HOLGATE ST AND S WALKER ST, ,,2,Injury Collision,Angles,2,0,0,2,1,0,2018-08-01 00:00:00+00,8/1/2018 3:48:00 PM,Mid-Block (not related to intersection),11,"MOTOR VEHICLE STRUCK MOTOR VEHICLE, FRONT END AT ANGLE",,False,Clear or Partly Cloudy,Dry,Daylight,,,,10.0,Entering at angle,0,0,False,0
-122.310949419142,47.5951162837385,204192,300360,301560,E823352,Matched,Block,,RAINIER AVE S BETWEEN S DEARBORN ST AND S CHARLES N ST, ,,1,Property Damage Only Collision,Sideswipe,3,0,0,2,0,0,2018-07-27 00:00:00+00,7/27/2018 1:11:00 PM,Mid-Block (not related to intersection),11,"MOTOR VEHICLE STRUCK MOTOR VEHICLE, FRONT END AT ANGLE",,False,Clear or Partly Cloudy,Dry,Daylight,,,,11.0,From same direction - both going straight - both moving - sideswipe,0,0,False,0
-122.311868364898,47.5958406955075,204193,300219,301419,3811662,Matched,Block,,S DEARBORN ST BETWEEN DEARBORN PL S AND RAINIER AVE S, ,,1,Property Damage Only Collision,Sideswipe,2,0,0,2,0,0,2018-08-03 00:00:00+00,8/3/2018 6:43:00 PM,Mid-Block (not related to intersection),16,"MOTOR VEHICLE STRUCK MOTOR VEHICLE, LEFT SIDE SIDESWIPE",,False,Clear or Partly Cloudy,Dry,Daylight,,,,11.0,From same direction - both going straight - both moving - sideswipe,0,0,False,0
-122.334659484979,47.5903122822866,204194,300568,301768,E827176,Matched,Block,,S ATLANTIC ST BETWEEN UTAH AVE S AND 1ST AVE S, ,,2,Injury Collision,Angles,3,0,0,2,2,0,2018-08-07 00:00:00+00,8/7/2018 4:21:00 PM,Mid-Block (not related to intersection),14,"MOTOR VEHICLE STRUCK MOTOR VEHICLE, REAR END",,False,Clear or Partly Cloudy,Dry,Daylight,,,,10.0,Entering at angle,0,0,False,0
-122.303553660337,47.6162136722088,204195,301304,302524,E831652,Matched,Block,,22ND AVE BETWEEN E PINE ST AND E OLIVE ST, ,,2b,Serious Injury Collision,Parked Car,3,0,0,2,2,0,2018-08-15 00:00:00+00,8/15/2018 5:05:00 PM,Mid-Block (not related to intersection),14,"MOTOR VEHICLE STRUCK MOTOR VEHICLE, REAR END",,False,Clear or Partly Cloudy,Dry,Daylight,,,,32.0,One parked--one moving,0,0,True,2
-122.35018412176,47.6245671193839,204196,300567,301767,E827175,Matched,Block,,MERCER ST BETWEEN 3RD AVE N AND 4TH AVE N, ,,2,Injury Collision,Rear Ended,2,0,0,2,1,0,2018-08-07 00:00:00+00,8/7/2018 2:53:00 PM,Mid-Block (not related to intersection),14,"MOTOR VEHICLE STRUCK MOTOR VEHICLE, REAR END",,False,Clear or Partly Cloudy,Dry,Daylight,,,,14.0,From same direction - both going straight - one stopped - rear-end,0,0,False,0
-122.297910332904,47.5825088833416,204197,300218,301418,3810710,Matched,Intersection,31464.0,M L KING JR WAY S AND S BAYVIEW N ST, ,,1,Property Damage Only Collision,Rear Ended,2,0,0,2,0,0,2018-08-04 00:00:00+00,8/4/2018 9:50:00 AM,At Intersection (but not related to intersection),14,"MOTOR VEHICLE STRUCK MOTOR VEHICLE, REAR END",,False,Overcast,Dry,Daylight,,,,14.0,From same direction - both going straight - one stopped - rear-end,0,0,False,0
-122.335579216531,47.602296201698,204198,300566,301766,E827174,Matched,Block,,WESTERN AVE BETWEEN YESLER WAY AND COLUMBIA ST, ,,1,Property Damage Only Collision,Parked Car,2,0,0,2,0,0,2018-08-02 00:00:00+00,8/2/2018 1:42:00 PM,Mid-Block (not related to intersection),14,"MOTOR VEHICLE STRUCK MOTOR VEHICLE, REAR END",,False,Clear or Partly Cloudy,Dry,Daylight,,,,32.0,One parked--one moving,0,0,True,0
-122.301153919475,47.548172688538,204200,300217,301417,3810691,Matched,Block,,BEACON WR AVE S BETWEEN S RAYMOND ST AND S SPENCER ST, ,,1,Property Damage Only Collision,Parked Car,2,0,0,2,0,0,2018-08-05 00:00:00+00,8/5/2018 1:36:00 AM,Mid-Block (not related to intersection),14,"MOTOR VEHICLE STRUCK MOTOR VEHICLE, REAR END",,True,Clear or Partly Cloudy,Dry,Dark - Street Lights On,,,,32.0,One parked--one moving,0,0,True,0
-122.336440481681,47.6905009026722,204202,300213,301413,E827330,Matched,Intersection,37375.0,WALLINGFORD AVE N AND N 85TH ST, ,,1,Property Damage Only Collision,Left Turn,2,0,0,2,0,0,2018-08-12 00:00:00+00,8/12/2018 10:10:00 AM,At Intersection (intersection related),11,"MOTOR VEHICLE STRUCK MOTOR VEHICLE, FRONT END AT ANGLE",,False,Clear or Partly Cloudy,Dry,Daylight,,,True,28.0,From opposite direction - one left turn - one straight,0,0,False,0
-122.334344335648,47.6254433671989,204204,302160,303380,E837136,Matched,Block,,FAIRVIEW AVE N BETWEEN ROY ST AND VALLEY ST, ,,1,Property Damage Only Collision,Rear Ended,2,0,0,2,0,0,2018-09-11 00:00:00+00,9/11/2018 3:06:00 PM,Mid-Block (not related to intersection),14,"MOTOR VEHICLE STRUCK MOTOR VEHICLE, REAR END",,False,Clear or Partly Cloudy,Dry,Daylight,,,,14.0,From same direction - both going straight - one stopped - rear-end,0,0,False,0
-122.298579700133,47.5883144085227,204205,301844,303064,E834259,Matched,Block,,S MASSACHUSETTS ST BETWEEN 26TH AVE S AND M L KING JR WAY S, ,,1,Property Damage Only Collision,Angles,2,0,0,2,0,0,2018-08-31 00:00:00+00,8/31/2018 7:47:00 AM,Mid-Block (but intersection related),11,"MOTOR VEHICLE STRUCK MOTOR VEHICLE, FRONT END AT ANGLE",,False,Clear or Partly Cloudy,Wet,Daylight,,,,10.0,Entering at angle,0,0,False,0
-122.334266008031,47.7332245667093,204206,302159,303379,E837134,Matched,Block,,MERIDIAN AVE N BETWEEN N 143RD ST AND N 145TH ST, ,,1,Property Damage Only Collision,Rear Ended,3,0,0,2,0,0,2018-09-11 00:00:00+00,9/11/2018 9:57:00 AM,Mid-Block (but intersection related),14,"MOTOR VEHICLE STRUCK MOTOR VEHICLE, REAR END",,False,Overcast,Dry,Daylight,,,,14.0,From same direction - both going straight - one stopped - rear-end,0,0,False,0
-122.344343383185,47.6115040014057,204207,302363,303583,3814179,Matched,Block,,LENORA ST BETWEEN WESTERN AVE AND 1ST AVE, ,,1,Property Damage Only Collision,Parked Car,2,0,0,2,0,0,2018-08-22 00:00:00+00,8/22/2018 12:15:00 PM,Mid-Block (not related to intersection),11,"MOTOR VEHICLE STRUCK MOTOR VEHICLE, FRONT END AT ANGLE",,False,Clear or Partly Cloudy,Dry,Daylight,,,,32.0,One parked--one moving,0,0,True,0
-122.312172630282,47.6875164548125,204208,301843,303063,E834168,Matched,Intersection,24387.0,15TH AVE NE AND LAKE CITY WAY NE, ,,1,Property Damage Only Collision,Left Turn,2,0,0,2,0,0,2018-09-01 00:00:00+00,9/1/2018 2:19:00 PM,At Intersection (intersection related),11,"MOTOR VEHICLE STRUCK MOTOR VEHICLE, FRONT END AT ANGLE",,False,Clear or Partly Cloudy,Dry,Daylight,,,,28.0,From opposite direction - one left turn - one straight,0,0,False,0
-122.336481349059,47.6245452548008,204209,302158,303378,E837133,Matched,Block,,MERCER SR ST BETWEEN TERRY AVE N AND BOREN AVE N, ,,1,Property Damage Only Collision,Rear Ended,2,0,0,2,0,0,2018-09-10 00:00:00+00,9/10/2018 10:00:00 AM,Mid-Block (but intersection related),14,"MOTOR VEHICLE STRUCK MOTOR VEHICLE, REAR END",,False,Clear or Partly Cloudy,Dry,Daylight,,,,14.0,From same direction - both going straight - one stopped - rear-end,0,0,False,0
-122.361929391939,47.625226963861,204210,302358,303578,3811806,Matched,Block,,4TH AVE W BETWEEN W MERCER ST AND W ROY ST, ,,1,Property Damage Only Collision,Parked Car,2,0,0,2,0,0,2018-08-17 00:00:00+00,8/17/2018 10:30:00 PM,Mid-Block (not related to intersection),14,"MOTOR VEHICLE STRUCK MOTOR VEHICLE, REAR END",,False,Clear or Partly Cloudy,Dry,Dark - Street Lights On,,,,32.0,One parked--one moving,0,0,True,0
-122.352717086549,47.6643044851451,204211,301842,303062,E834136,Matched,Intersection,25660.0,DAYTON AVE N AND N 49TH ST, ,,2,Injury Collision,Angles,3,0,0,2,1,0,2018-08-30 00:00:00+00,8/30/2018 2:16:00 PM,At Intersection (intersection related),11,"MOTOR VEHICLE STRUCK MOTOR VEHICLE, FRONT END AT ANGLE",,False,Clear or Partly Cloudy,Dry,Daylight,,,,10.0,Entering at angle,0,0,False,0
-122.328029756603,47.5715195624256,204212,302012,303232,E811165,Matched,Block,,WEST SEATTLE BR EB BETWEEN W SEATTLE BR - I5 SB RP AND W SEA BR EB 4 AV OFF RP, ,,1,Property Damage Only Collision,Rear Ended,5,0,0,2,0,0,2018-06-15 00:00:00+00,6/15/2018 11:03:00 AM,Mid-Block (not related to intersection),14,"MOTOR VEHICLE STRUCK MOTOR VEHICLE, REAR END",,False,Clear or Partly Cloudy,Dry,Daylight,,,,13.0,From same direction - both going straight - both moving - rear-end,0,0,False,0
-122.332568516349,47.5717191027668,204213,302182,303402,E824056,Matched,Block,,S SPOKANE NR ST BETWEEN 1ST AVE S AND 2ND AVE S, ,,1,Property Damage Only Collision,Rear Ended,4,0,0,2,0,0,2018-07-31 00:00:00+00,7/31/2018 10:09:00 PM,Mid-Block (not related to intersection),14,"MOTOR VEHICLE STRUCK MOTOR VEHICLE, REAR END",,False,Clear or Partly Cloudy,Dry,Dark - Street Lights On,,,,13.0,From same direction - both going straight - both moving - rear-end,0,0,False,0
-122.342280211034,47.7232107150464,204214,301841,303061,E834126,Matched,Intersection,35762.0,STONE AVE N AND N 130TH ST, ,,1,Property Damage Only Collision,Angles,3,0,0,2,0,0,2018-09-01 00:00:00+00,9/1/2018 12:30:00 PM,At Intersection (intersection related),11,"MOTOR VEHICLE STRUCK MOTOR VEHICLE, FRONT END AT ANGLE",True,False,Clear or Partly Cloudy,Dry,Daylight,,,,10.0,Entering at angle,0,0,False,0
-122.317226727222,47.5974995715892,204216,301840,303060,E834065,Matched,Intersection,30436.0,12TH AVE S AND S WELLER ST, ,,2b,Serious Injury Collision,Cycles,2,0,1,1,1,0,2018-08-09 00:00:00+00,8/9/2018 10:15:00 PM,At Intersection (intersection related),18,"MOTOR VEHICLE STRUCK PEDALCYCLIST, FRONT END AT ANGLE",,False,Clear or Partly Cloudy,Dry,Dark - Street Lights On,,,,6.0,Pedalcyclist Strikes Moving Vehicle,0,0,False,1
-122.400123245411,47.5694519702052,204217,302010,303230,E835951,Matched,Block,,53RD AVE SW BETWEEN SW CHARLESTOWN ST AND SW ANDOVER E ST, ,,2,Injury Collision,Parked Car,3,0,0,2,2,0,2018-09-08 00:00:00+00,9/8/2018 3:06:00 PM,Mid-Block (not related to intersection),14,"MOTOR VEHICLE STRUCK MOTOR VEHICLE, REAR END",,False,Clear or Partly Cloudy,Dry,Daylight,,,,32.0,One parked--one moving,0,0,True,0
-122.34012716976,47.6106222959886,204218,301660,302880,E833660,Matched,Block,,2ND AVE BETWEEN PINE ST AND STEWART ST, ,,2,Injury Collision,Parked Car,2,0,0,2,1,0,2018-08-23 00:00:00+00,8/23/2018 12:30:00 PM,Mid-Block (not related to intersection),14,"MOTOR VEHICLE STRUCK MOTOR VEHICLE, REAR END",,False,Clear or Partly Cloudy,Dry,Daylight,,,,32.0,One parked--one moving,0,0,False,0
-122.328879836598,47.7340948741846,204219,302009,303229,E811164,Matched,Intersection,35906.0,1ST AVE NE AND NE 145TH ST, ,,2,Injury Collision,Left Turn,4,0,0,2,1,0,2018-06-16 00:00:00+00,6/16/2018 7:45:00 AM,At Intersection (intersection related),11,"MOTOR VEHICLE STRUCK MOTOR VEHICLE, FRONT END AT ANGLE",,True,Clear or Partly Cloudy,Dry,Daylight,,,,28.0,From opposite direction - one left turn - one straight,0,0,False,0
-122.323456907412,47.6191709015017,204220,302361,303581,3814036,Matched,Block,,BOYLSTON AVE E BETWEEN E DENNY WAY AND E OLIVE W WAY, ,,1,Property Damage Only Collision,Other,1,0,0,1,0,0,2018-08-18 00:00:00+00,8/18/2018 12:19:00 AM,Mid-Block (not related to intersection),28,MOTOR VEHICLE RAN OFF ROAD - HIT FIXED OBJECT,,True,Clear or Partly Cloudy,Dry,Dark - Street Lights On,,,,50.0,Fixed object,0,0,False,0
-122.33918659665,47.6255938276973,204221,301659,302879,E833659,Matched,Block,,ROY ST BETWEEN 9TH AVE N AND VALLEY ST, ,,1,Property Damage Only Collision,Sideswipe,2,0,0,2,0,0,2018-08-20 00:00:00+00,8/20/2018 5:50:00 PM,Mid-Block (not related to intersection),11,"MOTOR VEHICLE STRUCK MOTOR VEHICLE, FRONT END AT ANGLE",,False,Clear or Partly Cloudy,Dry,Daylight,,,,11.0,From same direction - both going straight - both moving - sideswipe,0,0,False,0
-122.281988399573,47.5388884120631,204222,302007,303227,E810881,Matched,Intersection,486565.0,M L KING JR ER WAY S AND S MYRTLE ST, ,,2,Injury Collision,Pedestrian,3,1,0,1,1,0,2018-06-08 00:00:00+00,6/8/2018 4:59:00 PM,At Intersection (intersection related),24,MOTOR VEHCILE STRUCK PEDESTRIAN,,False,Raining,Wet,Daylight,,,,0.0,Vehicle going straight hits pedestrian,0,0,False,0
-122.297529915277,47.7047871472007,204223,302181,303401,3751615,Matched,Intersection,36685.0,RAVENNA AVE NE AND NE 105TH ST, ,,2,Injury Collision,Pedestrian,2,0,1,1,1,0,2018-09-14 00:00:00+00,9/14/2018 7:13:00 AM,At Intersection (intersection related),51,PEDALCYCLIST STRUCK MOTOR VEHICLE FRONT END AT ANGLE,,False,Raining,Wet,Daylight,True,,,5.0,Vehicle Strikes Pedalcyclist,0,0,False,0
-122.357360442925,47.6245852767394,204224,302345,303565,3811741,Matched,Block,,W MERCER ST BETWEEN QUEEN ANNE AVE N AND 1ST AVE W, ,,1,Property Damage Only Collision,Sideswipe,2,0,0,2,0,0,2018-09-12 00:00:00+00,9/12/2018 11:45:00 AM,Mid-Block (not related to intersection),11,"MOTOR VEHICLE STRUCK MOTOR VEHICLE, FRONT END AT ANGLE",,False,Clear or Partly Cloudy,Dry,Daylight,,,,11.0,From same direction - both going straight - both moving - sideswipe,0,0,False,0