longitude,latitude,objectid,inckey,coldetkey,reportno,status,addrtype,intkey,location,exceptrsncode,exceptrsndesc,severitycode,severitydesc,collisiontype,personcount,pedcount,pedcylcount,vehcount,injuries,fatalities,incdate,incdttm,junctiontype,sdot_colcode,sdot_coldesc,inattentionind,underinfl,weather,roadcond,lightcond,pedrownotgrnt,sdotcolnum,speeding,st_colcode,st_coldesc,seglanekey,crosswalkkey,hitparkedcar,seriousinjuries
-122.343282722837,47.6149837594691,204225,301658,302878,E833658,Matched,Block,,4TH AVE BETWEEN BLANCHARD ST AND BELL ST, ,,1,Property Damage Only Collision,Sideswipe,2,0,0,2,0,0,2018-08-23 00:00:00+00,8/23/2018 3:08:00 PM,Mid-Block (not related to intersection),11,"MOTOR VEHICLE STRUCK MOTOR VEHICLE, FRONT END AT ANGLE",True,False,Clear or Partly Cloudy,Dry,Daylight,,,,11.0,From same direction - both going straight - both moving - sideswipe,0,0,False,0
-122.318037785459,47.6831177630566,204226,302006,303226,E836169,Matched,Block,,NE 75TH ST BETWEEN 9TH AVE NE AND ROOSEVELT WAY NE, ,,1,Property Damage Only Collision,Rear Ended,2,0,0,2,0,0,2018-08-23 00:00:00+00,8/23/2018 9:00:00 PM,Mid-Block (but intersection related),14,"MOTOR VEHICLE STRUCK MOTOR VEHICLE, REAR END",,False,Clear or Partly Cloudy,Dry,Dusk,,,,14.0,From same direction - both going straight - one stopped - rear-end,0,0,False,0
-122.318840032561,47.6119694546694,204227,302553,303793,3814261,Matched,Block,,E MADISON ST BETWEEN 10TH AVE AND E SENECA ST, ,,2,Injury Collision,Rear Ended,3,0,0,2,1,0,2018-09-04 00:00:00+00,9/4/2018 9:52:00 AM,Mid-Block (not related to intersection),14,"MOTOR VEHICLE STRUCK MOTOR VEHICLE, REAR END",,False,Clear or Partly Cloudy,Dry,Daylight,,,,14.0,From same direction - both going straight - one stopped - rear-end,0,0,False,0
-122.317451143154,47.6621980426651,204228,301657,302877,E833348,Matched,Block,,ROOSEVELT WAY NE BETWEEN NE 45TH ST AND NE 47TH ST, ,,1,Property Damage Only Collision,Sideswipe,2,0,0,2,0,0,2018-08-20 00:00:00+00,8/20/2018 11:05:00 AM,Mid-Block (not related to intersection),11,"MOTOR VEHICLE STRUCK MOTOR VEHICLE, FRONT END AT ANGLE",,False,Clear or Partly Cloudy,Dry,Daylight,,,,11.0,From same direction - both going straight - both moving - sideswipe,0,0,False,0
-122.383769845343,47.5457796865025,204229,302005,303225,E835940,Matched,Block,,FAUNTLEROY WAY SW BETWEEN 40TH AVE SW AND 41ST AVE SW, ,,1,Property Damage Only Collision,Parked Car,3,0,0,3,0,0,2018-09-08 00:00:00+00,9/8/2018 2:00:00 AM,Mid-Block (not related to intersection),14,"MOTOR VEHICLE STRUCK MOTOR VEHICLE, REAR END",,False,Unknown,Unknown,Unknown,,,,32.0,One parked--one moving,0,0,True,0
-122.253921559085,47.5057875646183,204231,301637,302857,E833603,Matched,Block,,RENTON AVE S BETWEEN S BANGOR ST AND S HAZEL ST, ,,2,Injury Collision,Rear Ended,4,0,0,3,1,0,2018-08-22 00:00:00+00,8/22/2018 6:16:00 PM,Mid-Block (not related to intersection),14,"MOTOR VEHICLE STRUCK MOTOR VEHICLE, REAR END",,False,Clear or Partly Cloudy,Dry,Daylight,,,,14.0,From same direction - both going straight - one stopped - rear-end,0,0,False,0
-122.300632851262,47.6710674215003,204234,302180,303400,E823573,Matched,Block,,25TH AVE NE BETWEEN NE 57TH ST AND NE 60TH ST, ,,2,Injury Collision,Parked Car,5,0,0,4,1,0,2018-05-27 00:00:00+00,5/27/2018 2:35:00 PM,Mid-Block (not related to intersection),14,"MOTOR VEHICLE STRUCK MOTOR VEHICLE, REAR END",,False,Clear or Partly Cloudy,Dry,Daylight,,,,32.0,One parked--one moving,0,0,True,0
-122.313410457584,47.580805467965,204235,301636,302856,E833602,Matched,Block,,15TH AVE S BETWEEN S BAYVIEW ST AND BEACON AVE S, ,,1,Property Damage Only Collision,Angles,3,0,0,2,0,0,2018-08-24 00:00:00+00,8/24/2018 12:22:00 PM,Driveway Junction,11,"MOTOR VEHICLE STRUCK MOTOR VEHICLE, FRONT END AT ANGLE",True,False,Clear or Partly Cloudy,Dry,Daylight,,,,10.0,Entering at angle,0,0,False,0
-122.348618561333,47.5716280932586,204237,301634,302854,E833490,Matched,Block,,SW SPOKANE NR ST BETWEEN WEST SEATTLE BRIDGE TRL AND 11TH AVE SW, ,,2,Injury Collision,Pedestrian,2,0,1,1,1,0,2018-08-29 00:00:00+00,8/29/2018 1:49:00 PM,Mid-Block (not related to intersection),18,"MOTOR VEHICLE STRUCK PEDALCYCLIST, FRONT END AT ANGLE",,False,Clear or Partly Cloudy,Dry,Daylight,,,,5.0,Vehicle Strikes Pedalcyclist,0,0,False,0
-122.324011265552,47.6196662441762,204238,301848,303068,E835263,Matched,Intersection,29157.0,BELMONT AVE E AND E OLIVE WAY, ,,2,Injury Collision,Cycles,2,0,1,1,1,0,2018-08-20 00:00:00+00,8/20/2018 9:09:00 AM,At Intersection (intersection related),18,"MOTOR VEHICLE STRUCK PEDALCYCLIST, FRONT END AT ANGLE",,False,Clear or Partly Cloudy,Dry,Daylight,,,,6.0,Pedalcyclist Strikes Moving Vehicle,0,0,False,0
-122.325709887065,47.599191761577,204239,302357,303577,3811805,Matched,Block,,S JACKSON ST BETWEEN 6TH AVE S AND MAYNARD AVE S, ,,1,Property Damage Only Collision,Parked Car,2,0,0,2,0,0,2018-08-15 00:00:00+00,8/15/2018 9:52:00 AM,Mid-Block (not related to intersection),11,"MOTOR VEHICLE STRUCK MOTOR VEHICLE, FRONT END AT ANGLE",,False,Clear or Partly Cloudy,Dry,Daylight,,,,20.0,One car leaving parked position,0,0,False,0
-122.342326603843,47.6271383834732,204240,301847,303067,E834742,Matched,Intersection,28731.0,DEXTER AVE N AND ALOHA ST, ,,1,Property Damage Only Collision,Pedestrian,3,0,1,1,0,0,2018-08-31 00:00:00+00,8/31/2018 7:05:00 AM,At Intersection (intersection related),51,PEDALCYCLIST STRUCK MOTOR VEHICLE FRONT END AT ANGLE,True,False,Raining,Wet,Dawn,,,,5.0,Vehicle Strikes Pedalcyclist,12729,0,False,0
-122.336294475948,47.6531466657752,204243,301846,303066,E834673,Matched,Intersection,26878.0,WALLINGFORD AVE N AND N 38TH ST, ,,2,Injury Collision,Angles,3,0,0,3,1,0,2018-08-29 00:00:00+00,8/29/2018 6:14:00 PM,At Intersection (intersection related),11,"MOTOR VEHICLE STRUCK MOTOR VEHICLE, FRONT END AT ANGLE",,False,Clear or Partly Cloudy,Dry,Daylight,,,True,10.0,Entering at angle,0,0,False,0
-122.321852225182,47.6758670774003,204244,302178,303398,3751612,Matched,Intersection,24516.0,NE 65TH ST AND NE RAVENNA WB BV, ,,2,Injury Collision,Left Turn,2,0,0,2,1,0,2018-09-10 00:00:00+00,9/10/2018 9:00:00 PM,At Intersection (intersection related),11,"MOTOR VEHICLE STRUCK MOTOR VEHICLE, FRONT END AT ANGLE",,False,Clear or Partly Cloudy,Dry,Dark - Street Lights On,,,,28.0,From opposite direction - one left turn - one straight,0,0,False,0
-122.31945610697,47.6146637818482,204245,301307,302539,E831663,Matched,Block,,10TH AVE BETWEEN E PIKE ST AND E PINE ST, ,,1,Property Damage Only Collision,Parked Car,2,0,0,2,0,0,2018-08-23 00:00:00+00,8/23/2018 1:44:00 PM,Mid-Block (not related to intersection),11,"MOTOR VEHICLE STRUCK MOTOR VEHICLE, FRONT END AT ANGLE",True,False,Clear or Partly Cloudy,Dry,Daylight,,,,32.0,One parked--one moving,0,0,True,0
-122.302198578077,47.5836563963962,204246,301845,303065,E834523,Matched,Intersection,31563.0,RAINIER AVE S AND S WALKER ST, ,,1,Property Damage Only Collision,Angles,3,0,0,2,0,0,2018-08-11 00:00:00+00,8/11/2018 7:37:00 PM,At Intersection (intersection related),11,"MOTOR VEHICLE STRUCK MOTOR VEHICLE, FRONT END AT ANGLE",,False,Clear or Partly Cloudy,Dry,Dusk,,,,10.0,Entering at angle,0,0,False,0
-122.35847912471,47.5712076184389,204249,302177,303397,3745646,Matched,Intersection,32011.0,DELRIDGE-W SEATTLE BR EB ON RP AND WEST SEATTLE BR EB, ,,2,Injury Collision,Other,2,0,0,2,1,0,2018-09-09 00:00:00+00,9/9/2018 11:45:00 PM,At Intersection (intersection related),11,"MOTOR VEHICLE STRUCK MOTOR VEHICLE, FRONT END AT ANGLE",,False,Raining,Wet,Dark - Street Lights On,,,,23.0,From same direction - all others,0,0,False,0
-122.33391049276,47.6113736390054,204250,302360,303580,3812370,Matched,Block,,PIKE ST BETWEEN 6TH AVE AND 7TH AVE, ,,2,Injury Collision,Sideswipe,3,0,0,2,1,0,2018-08-19 00:00:00+00,8/19/2018 10:37:00 PM,Mid-Block (not related to intersection),11,"MOTOR VEHICLE STRUCK MOTOR VEHICLE, FRONT END AT ANGLE",,False,Clear or Partly Cloudy,Dry,Dark - Street Lights On,,,,11.0,From same direction - both going straight - both moving - sideswipe,0,0,False,0
-122.290192678657,47.6685116559084,204251,299678,300878,E820969,Matched,Intersection,26213.0,35TH AVE NE AND NE 55TH ST, ,,1,Property Damage Only Collision,Other,1,0,0,1,0,0,2018-07-21 00:00:00+00,7/21/2018 4:09:00 PM,At Intersection (intersection related),26,MOTOR VEHICLE STRUCK OBJECT IN ROAD,,False,Clear or Partly Cloudy,Dry,Daylight,,,,50.0,Fixed object,0,0,False,0
-122.322461527048,47.6114444216093,204253,299670,300870,E814587,Matched,Intersection,29771.0,BOYLSTON AVE AND SPRING ST, ,,1,Property Damage Only Collision,Angles,3,0,0,2,0,0,2018-05-28 00:00:00+00,5/28/2018 7:24:00 PM,At Intersection (intersection related),11,"MOTOR VEHICLE STRUCK MOTOR VEHICLE, FRONT END AT ANGLE",,False,Clear or Partly Cloudy,Dry,Daylight,,,,10.0,Entering at angle,0,0,False,0
-122.343471754664,47.6347334882107,204255,302718,303958,E840816,Matched,Block,,AURORA AVE N BETWEEN GARFIELD ST AND HOWE ST, ,,1,Property Damage Only Collision,Rear Ended,4,0,0,4,0,0,2018-09-12 00:00:00+00,9/12/2018 5:36:00 PM,Mid-Block (not related to intersection),14,"MOTOR VEHICLE STRUCK MOTOR VEHICLE, REAR END",,False,Clear or Partly Cloudy,Dry,Daylight,,,,13.0,From same direction - both going straight - both moving - rear-end,0,0,False,0
-122.350033913176,47.6621355813168,204256,302972,304214,E841915,Matched,Intersection,25689.0,FREMONT AVE N AND N 46TH ST, ,,2,Injury Collision,Angles,2,0,0,2,1,0,2018-09-22 00:00:00+00,9/22/2018 1:23:00 AM,At Intersection (intersection related),11,"MOTOR VEHICLE STRUCK MOTOR VEHICLE, FRONT END AT ANGLE",,False,Raining,Wet,Dark - Street Lights On,,,True,10.0,Entering at angle,0,0,False,0
-122.317635910403,47.6994713378037,204257,302717,303957,E840622,Matched,Intersection,37497.0,ROOSEVELT WAY NE AND NE 97TH ST, ,,2,Injury Collision,Angles,5,0,0,4,1,0,2018-09-20 00:00:00+00,9/20/2018 9:49:00 PM,At Intersection (intersection related),11,"MOTOR VEHICLE STRUCK MOTOR VEHICLE, FRONT END AT ANGLE",,False,Clear or Partly Cloudy,Dry,Dark - Street Lights On,,,,10.0,Entering at angle,0,0,False,0
-122.333273800132,47.5186739798922,204258,300064,301264,3745626,Matched,Block,,MYERS WAY S BETWEEN OLSON PL SW AND CITY LIMITS, ,,1,Property Damage Only Collision,Left Turn,2,0,0,2,0,0,2018-08-01 00:00:00+00,8/1/2018 3:00:00 PM,Mid-Block (not related to intersection),11,"MOTOR VEHICLE STRUCK MOTOR VEHICLE, FRONT END AT ANGLE",,False,Clear or Partly Cloudy,Dry,Daylight,,,,15.0,From same direction - one left turn - one straight,0,0,False,0
-122.325322172663,47.625118402953,204259,299902,301102,3814120,Matched,Intersection,29114.0,SUMMIT AVE E AND E ROY ST, ,,2,Injury Collision,Angles,2,0,0,2,1,0,2018-07-30 00:00:00+00,7/30/2018 6:46:00 PM,At Intersection (intersection related),11,"MOTOR VEHICLE STRUCK MOTOR VEHICLE, FRONT END AT ANGLE",,False,Clear or Partly Cloudy,Dry,Daylight,,,,10.0,Entering at angle,0,0,False,0
-122.320702903796,47.664957731244,204260,299676,300876,E814603,Matched,Intersection,25786.0,7TH AVE NE AND NE 50TH ST, ,,2,Injury Collision,Angles,3,0,0,2,1,0,2018-07-02 00:00:00+00,7/2/2018 3:45:00 PM,At Intersection (intersection related),11,"MOTOR VEHICLE STRUCK MOTOR VEHICLE, FRONT END AT ANGLE",,False,Clear or Partly Cloudy,Dry,Daylight,,,,10.0,Entering at angle,0,0,False,0
-122.336788114534,47.5755761686386,204261,302705,303945,E840562,Matched,Intersection,32153.0,COLORADO AVE S AND S HANFORD ST, ,,1,Property Damage Only Collision,Head On,2,0,0,2,0,0,2018-09-09 00:00:00+00,9/9/2018 4:47:00 PM,At Intersection (intersection related),11,"MOTOR VEHICLE STRUCK MOTOR VEHICLE, FRONT END AT ANGLE",,False,Clear or Partly Cloudy,Dry,Daylight,,,,30.0,From opposite direction - all others,0,0,False,0
-122.344569259483,47.6945465960368,204262,299671,300871,E814592,Matched,Block,,AURORA AVE N BETWEEN N 90TH ST AND N 91ST ST, ,,1,Property Damage Only Collision,Rear Ended,5,0,0,3,0,0,2018-05-24 00:00:00+00,5/24/2018 7:44:00 AM,Mid-Block (not related to intersection),14,"MOTOR VEHICLE STRUCK MOTOR VEHICLE, REAR END",True,False,Raining,Wet,Daylight,,,,14.0,From same direction - both going straight - one stopped - rear-end,0,0,False,0
-122.298144570327,47.583642210866,204263,302704,303944,E840559,Matched,Intersection,31451.0,M L KING JR WAY S AND S WALKER ST, ,,2,Injury Collision,Pedestrian,2,1,0,1,1,0,2018-09-21 00:00:00+00,9/21/2018 12:52:00 PM,At Intersection (intersection related),24,MOTOR VEHCILE STRUCK PEDESTRIAN,,False,Clear or Partly Cloudy,Dry,Daylight,True,,,1.0,Vehicle turning right hits pedestrian,0,0,False,0
-122.301060632164,47.5992851494019,204264,302703,303943,E839695,Matched,Block,,S JACKSON ST BETWEEN 23RD AVE S AND 25TH AVE S, ,,1,Property Damage Only Collision,Right Turn,2,0,0,2,0,0,2018-09-12 00:00:00+00,9/12/2018 8:26:00 AM,Mid-Block (but intersection related),14,"MOTOR VEHICLE STRUCK MOTOR VEHICLE, REAR END",,False,Clear or Partly Cloudy,Dry,Daylight,,,,16.0,From same direction - one right turn - one straight,0,0,False,0
-122.376219715312,47.6653757716438,204265,302971,304213,E841914,Matched,Block,,15TH AVE NW BETWEEN BALLARD BR AND NW 51ST ST, ,,2,Injury Collision,Sideswipe,2,0,0,2,1,0,2018-09-21 00:00:00+00,9/21/2018 7:45:00 PM,Mid-Block (not related to intersection),11,"MOTOR VEHICLE STRUCK MOTOR VEHICLE, FRONT END AT ANGLE",True,False,Overcast,Wet,Dark - Street Lights On,,,,11.0,From same direction - both going straight - both moving - sideswipe,0,0,False,0
-122.325709887065,47.599191761577,204266,302702,303942,E839678,Matched,Block,,S JACKSON ST BETWEEN 6TH AVE S AND MAYNARD AVE S, ,,1,Property Damage Only Collision,Parked Car,2,0,0,2,0,0,2018-09-18 00:00:00+00,9/18/2018 3:14:00 PM,Mid-Block (not related to intersection),13,"MOTOR VEHICLE STRUCK MOTOR VEHICLE, LEFT SIDE AT ANGLE",,False,Clear or Partly Cloudy,Dry,Daylight,,,,32.0,One parked--one moving,0,0,True,0
-122.321398892016,47.5786219932347,204267,299905,301105,3818924,Matched,Block,,AIRPORT WAY S BETWEEN S LANDER S ST AND S FOREST ST, ,,2,Injury Collision,Left Turn,2,0,0,2,1,0,2018-07-30 00:00:00+00,7/30/2018 5:24:00 PM,Mid-Block (not related to intersection),11,"MOTOR VEHICLE STRUCK MOTOR VEHICLE, FRONT END AT ANGLE",,False,,Dry,Dusk,,,,28.0,From opposite direction - one left turn - one straight,0,0,False,0
-122.343987560264,47.6905585259761,204268,299901,301101,3814119,Matched,Block,,N 85TH ST BETWEEN AURORA AVE N AND NESBIT AVE N, ,,2,Injury Collision,Sideswipe,4,0,0,2,1,0,2018-07-30 00:00:00+00,7/30/2018 12:39:00 PM,Mid-Block (not related to intersection),14,"MOTOR VEHICLE STRUCK MOTOR VEHICLE, REAR END",,False,Clear or Partly Cloudy,Dry,Daylight,,,,11.0,From same direction - both going straight - both moving - sideswipe,0,0,False,0
-122.340681494434,47.6134459926536,204270,302701,303941,E839677,Matched,Block,,4TH AVE BETWEEN VIRGINIA ST AND LENORA ST, ,,1,Property Damage Only Collision,Sideswipe,3,0,0,2,0,0,2018-09-18 00:00:00+00,9/18/2018 12:56:00 PM,Mid-Block (not related to intersection),11,"MOTOR VEHICLE STRUCK MOTOR VEHICLE, FRONT END AT ANGLE",,False,Clear or Partly Cloudy,Dry,Daylight,,,,11.0,From same direction - both going straight - both moving - sideswipe,0,0,False,0
-122.369502127823,47.5717403696532,204271,302969,304211,3745523,Matched,Block,,SW SPOKANE NR ST BETWEEN HARBOR AV SW OFF RP AND HARBOR AVE SW, ,,1,Property Damage Only Collision,Rear Ended,3,0,0,2,0,0,2018-09-18 00:00:00+00,9/18/2018 7:54:00 PM,Mid-Block (but intersection related),14,"MOTOR VEHICLE STRUCK MOTOR VEHICLE, REAR END",True,True,Clear or Partly Cloudy,Dry,Dusk,,,,14.0,From same direction - both going straight - one stopped - rear-end,0,0,False,0
-122.348880727349,47.6124292484049,204273,302699,303939,E838904,Matched,Block,,ELLIOTT AVE BETWEEN BELL ST AND BATTERY ST, ,,1,Property Damage Only Collision,Sideswipe,2,0,0,2,0,0,2018-09-15 00:00:00+00,9/15/2018 8:21:00 AM,Mid-Block (not related to intersection),11,"MOTOR VEHICLE STRUCK MOTOR VEHICLE, FRONT END AT ANGLE",,False,Unknown,Unknown,Unknown,,,,11.0,From same direction - both going straight - both moving - sideswipe,0,0,False,0
-122.313276563234,47.655669322219,204274,302968,304210,E841901,Matched,Block,,UNIVERSITY WAY NE BETWEEN NE 40TH ST AND NE CAMPUS EB PY, ,,1,Property Damage Only Collision,Rear Ended,3,0,0,2,0,0,2018-09-21 00:00:00+00,9/21/2018 6:33:00 PM,Mid-Block (not related to intersection),14,"MOTOR VEHICLE STRUCK MOTOR VEHICLE, REAR END",,False,Clear or Partly Cloudy,Dry,Dark - Street Lights On,,,,14.0,From same direction - both going straight - one stopped - rear-end,0,0,False,0
-122.34336847739,47.6185541435182,204277,299899,301099,3812296,Matched,Intersection,29517.0,BOREALIS AVE AND DENNY WAY, ,,1,Property Damage Only Collision,Angles,2,0,0,2,0,0,2018-07-30 00:00:00+00,7/30/2018 5:07:00 AM,At Intersection (intersection related),11,"MOTOR VEHICLE STRUCK MOTOR VEHICLE, FRONT END AT ANGLE",True,False,Clear or Partly Cloudy,Dry,Dawn,,,,10.0,Entering at angle,0,0,False,0
-122.334313299717,47.6084595415436,204278,299677,300877,E814842,Matched,Block,,UNIVERSITY ST BETWEEN 4TH AVE AND 5TH AVE, ,,1,Property Damage Only Collision,Other,2,0,0,2,0,0,2018-04-21 00:00:00+00,4/21/2018 12:21:00 PM,Mid-Block (not related to intersection),11,"MOTOR VEHICLE STRUCK MOTOR VEHICLE, FRONT END AT ANGLE",,False,Unknown,Unknown,Daylight,,,,23.0,From same direction - all others,0,0,False,0
-122.302936102925,47.7007203220251,204279,302560,303800,3751104,Matched,Block,,LAKE CITY WAY NE BETWEEN NE 98TH ST AND NE 100TH ST, ,,1,Property Damage Only Collision,Rear Ended,3,0,0,2,0,0,2018-09-06 00:00:00+00,9/6/2018 8:54:00 PM,Mid-Block (not related to intersection),14,"MOTOR VEHICLE STRUCK MOTOR VEHICLE, REAR END",,False,Clear or Partly Cloudy,Dry,Dark - Street Lights On,,,,14.0,From same direction - both going straight - one stopped - rear-end,0,0,False,0
-122.293193745219,47.7228990657175,204281,299672,300872,E814593,Matched,Intersection,36052.0,LAKE CITY WAY NE AND NE 130TH ST, ,,2,Injury Collision,Left Turn,2,0,0,2,1,0,2018-06-03 00:00:00+00,6/3/2018 5:14:00 AM,At Intersection (intersection related),11,"MOTOR VEHICLE STRUCK MOTOR VEHICLE, FRONT END AT ANGLE",True,False,Clear or Partly Cloudy,Dry,Daylight,,,,28.0,From opposite direction - one left turn - one straight,0,0,False,0
-122.391932567435,47.5370029401332,204282,302558,303798,3745751,Matched,Intersection,33907.0,FAUNTLEROY WAY SW AND SW FONTANELLE ST, ,,1,Property Damage Only Collision,Rear Ended,3,0,0,2,0,0,2018-09-05 00:00:00+00,9/5/2018 11:36:00 AM,At Intersection (but not related to intersection),14,"MOTOR VEHICLE STRUCK MOTOR VEHICLE, REAR END",,False,Clear or Partly Cloudy,Dry,Daylight,,,,14.0,From same direction - both going straight - one stopped - rear-end,0,0,False,0
-122.354656509838,47.5798146294785,204283,302967,304209,E841808,Matched,Intersection,31190.0,16TH AVE SW AND SW LANDER ST, ,,1,Property Damage Only Collision,Angles,2,0,0,2,0,0,2018-09-21 00:00:00+00,9/21/2018 2:53:00 PM,At Intersection (intersection related),11,"MOTOR VEHICLE STRUCK MOTOR VEHICLE, FRONT END AT ANGLE",,False,Clear or Partly Cloudy,Dry,Daylight,,,,10.0,Entering at angle,0,0,False,0
-122.355835838592,47.5173608414851,204284,302966,304208,3745522,Matched,Block,,SW ROXBURY ST BETWEEN DELRIDGE WAY SW AND 17TH AVE SW, ,,1,Property Damage Only Collision,Sideswipe,2,0,0,2,0,0,2018-09-17 00:00:00+00,9/17/2018 2:51:00 PM,Mid-Block (but intersection related),11,"MOTOR VEHICLE STRUCK MOTOR VEHICLE, FRONT END AT ANGLE",,False,Clear or Partly Cloudy,Dry,Daylight,,,,11.0,From same direction - both going straight - both moving - sideswipe,0,0,False,0
-122.318949244503,47.5256036364413,204285,302557,303797,3745678,Matched,Block,,S DONOVAN ST BETWEEN 10TH AVE S AND 12TH AVE S, ,,1,Property Damage Only Collision,Parked Car,4,0,0,3,0,0,2018-09-06 00:00:00+00,9/6/2018 7:37:00 AM,Mid-Block (not related to intersection),11,"MOTOR VEHICLE STRUCK MOTOR VEHICLE, FRONT END AT ANGLE",,False,Clear or Partly Cloudy,Dry,Daylight,,,,32.0,One parked--one moving,0,0,False,0
-122.372585034967,47.5300935045236,204286,299906,301106,3573209,Matched,Intersection,34919.0,31ST AVE SW AND SW ELMGROVE ST, ,,2,Injury Collision,Angles,2,0,0,2,1,0,2018-08-08 00:00:00+00,8/8/2018 4:32:00 PM,At Intersection (intersection related),11,"MOTOR VEHICLE STRUCK MOTOR VEHICLE, FRONT END AT ANGLE",,False,Clear or Partly Cloudy,Dry,Daylight,,,,10.0,Entering at angle,0,0,False,0
-122.310249174291,47.6061755848333,204288,299675,300875,E814601,Matched,Intersection,30193.0,17TH AVE AND E JEFFERSON ST, ,,1,Property Damage Only Collision,Parked Car,2,0,0,2,0,0,2018-05-30 00:00:00+00,5/30/2018 8:22:00 PM,At Intersection (but not related to intersection),0,NOT ENOUGH INFORMATION / NOT APPLICABLE,,False,Clear or Partly Cloudy,Dry,Daylight,,,,32.0,One parked--one moving,0,0,True,0
-122.334917384009,47.6116382652541,204289,302556,303796,3705921,Matched,Block,,6TH AVE BETWEEN PIKE ST AND PINE ST, ,,1,Property Damage Only Collision,Parked Car,3,0,0,3,0,0,2018-09-05 00:00:00+00,9/5/2018 5:16:00 AM,Mid-Block (not related to intersection),11,"MOTOR VEHICLE STRUCK MOTOR VEHICLE, FRONT END AT ANGLE",True,False,Clear or Partly Cloudy,Dry,Dark - Street Lights On,,,,32.0,One parked--one moving,0,0,False,0
-122.292403053788,47.7328464994026,204290,302965,304207,3736500,Matched,Block,,LAKE CITY WAY NE BETWEEN NE 143RD ST AND NE 145TH ST, ,,1,Property Damage Only Collision,Other,1,0,0,1,0,0,2018-09-23 00:00:00+00,9/23/2018 5:00:00 AM,Mid-Block (not related to intersection),26,MOTOR VEHICLE STRUCK OBJECT IN ROAD,True,False,Clear or Partly Cloudy,Dry,Dark - Street Lights On,,,,50.0,Fixed object,0,0,False,0
-122.302909504463,47.5845418639532,204292,299904,301104,3818875,Matched,Intersection,31562.0,23RD AVE S AND RAINIER AVE S, ,,1,Property Damage Only Collision,Rear Ended,3,0,0,2,0,0,2018-07-27 00:00:00+00,7/27/2018 10:13:00 PM,At Intersection (but not related to intersection),14,"MOTOR VEHICLE STRUCK MOTOR VEHICLE, REAR END",,False,Clear or Partly Cloudy,Dry,Dark - Street Lights On,,,,14.0,From same direction - both going straight - one stopped - rear-end,0,0,False,0
-122.269988166561,47.5299413850032,204293,300375,301575,E825140,Matched,Block,,RAINIER AVE S BETWEEN S ELMGROVE ST AND S ROSE N ST, ,,1,Property Damage Only Collision,Sideswipe,2,0,0,2,0,0,2018-07-23 00:00:00+00,7/23/2018 2:19:00 PM,Mid-Block (not related to intersection),11,"MOTOR VEHICLE STRUCK MOTOR VEHICLE, FRONT END AT ANGLE",True,False,Clear or Partly Cloudy,Dry,Daylight,,,,11.0,From same direction - both going straight - both moving - sideswipe,0,0,False,0
-122.289111292008,47.6712326991144,204294,300227,301427,E823283,Matched,Block,,36TH AVE NE BETWEEN NE 57TH ST AND NE 60TH ST,NEI,"Not Enough Information, or Insufficient Location Information",1,Property Damage Only Collision,Parked Car,2,0,0,2,0,0,2018-07-28 00:00:00+00,7/28/2018 12:39:00 PM,Mid-Block (but intersection related),14,"MOTOR VEHICLE STRUCK MOTOR VEHICLE, REAR END",,False,Unknown,Unknown,Daylight,,,,32.0,One parked--one moving,0,0,True,0
-122.29369285935,47.6046870258195,204297,300571,301771,E827528,Matched,Block,,30TH AVE BETWEEN E ALDER ST AND E TERRACE ST, ,,1,Property Damage Only Collision,Parked Car,4,0,0,4,0,0,2018-08-12 00:00:00+00,8/12/2018 1:00:00 AM,Mid-Block (not related to intersection),11,"MOTOR VEHICLE STRUCK MOTOR VEHICLE, FRONT END AT ANGLE",,False,Clear or Partly Cloudy,Unknown,Dark - No Street Lights,,,,32.0,One parked--one moving,0,0,False,0
-122.322269208311,47.6095520010691,204298,300225,301425,3814125,Matched,Block,,MARION ST BETWEEN MINOR AVE AND BOYLSTON AVE, ,,1,Property Damage Only Collision,Parked Car,2,0,0,2,0,0,2018-08-03 00:00:00+00,8/3/2018 4:53:00 PM,Mid-Block (not related to intersection),16,"MOTOR VEHICLE STRUCK MOTOR VEHICLE, LEFT SIDE SIDESWIPE",True,False,Clear or Partly Cloudy,Dry,Daylight,,,,32.0,One parked--one moving,0,0,False,0
-122.279153716935,47.5168884977757,204299,300373,301573,E825139,Matched,Intersection,35313.0,M L KING JR ER WAY S AND MERTON WAY S, ,,1,Property Damage Only Collision,Rear Ended,5,0,0,4,0,0,2018-07-18 00:00:00+00,7/18/2018 2:34:00 PM,At Intersection (intersection related),14,"MOTOR VEHICLE STRUCK MOTOR VEHICLE, REAR END",,False,Clear or Partly Cloudy,Dry,Daylight,,,,14.0,From same direction - both going straight - one stopped - rear-end,0,0,True,0
-122.312659227685,47.7244421146819,204301,300579,301779,E828054,Matched,Intersection,35875.0,15TH AVE NE AND NE BROCKMAN N PL, ,,2,Injury Collision,Pedestrian,2,1,0,1,1,0,2018-08-04 00:00:00+00,8/4/2018 11:37:00 AM,At Intersection (intersection related),24,MOTOR VEHCILE STRUCK PEDESTRIAN,,False,Clear or Partly Cloudy,Dry,Daylight,True,,,0.0,Vehicle going straight hits pedestrian,0,0,False,0