longitude,latitude,objectid,inckey,coldetkey,reportno,status,addrtype,intkey,location,exceptrsncode,exceptrsndesc,severitycode,severitydesc,collisiontype,personcount,pedcount,pedcylcount,vehcount,injuries,fatalities,incdate,incdttm,junctiontype,sdot_colcode,sdot_coldesc,inattentionind,underinfl,weather,roadcond,lightcond,pedrownotgrnt,sdotcolnum,speeding,st_colcode,st_coldesc,seglanekey,crosswalkkey,hitparkedcar,seriousinjuries
-122.339937272357,47.6074803852181,204302,300223,301423,3812391,Matched,Block,,UNION ST BETWEEN WESTERN AVE AND POST AL, ,,2,Injury Collision,Pedestrian,2,1,0,1,1,0,2018-08-03 00:00:00+00,8/3/2018 3:16:00 PM,Mid-Block (not related to intersection),24,MOTOR VEHCILE STRUCK PEDESTRIAN,True,False,Clear or Partly Cloudy,Dry,Daylight,,,,3.0,Vehicle backing hits pedestrian,0,0,False,0
-122.340005622748,47.5842639092581,204303,300376,301576,E825141,Matched,Block,,EAST MARGINAL WAY S BETWEEN ALASKAN WAY S AND S STACY ST, ,,1,Property Damage Only Collision,Other,1,0,0,1,0,0,2018-07-31 00:00:00+00,7/31/2018 11:14:00 AM,Mid-Block (not related to intersection),26,MOTOR VEHICLE STRUCK OBJECT IN ROAD,,False,Overcast,Dry,Daylight,,,,51.0,Other object,0,0,False,0
-122.334800053911,47.5982928184559,204304,300222,301422,3812021,Matched,Block,,S KING ST BETWEEN ALASKAN E RDWY WAY S AND 1ST AVE S, ,,1,Property Damage Only Collision,Parked Car,2,0,0,2,0,0,2018-08-04 00:00:00+00,8/4/2018 12:48:00 AM,Mid-Block (not related to intersection),14,"MOTOR VEHICLE STRUCK MOTOR VEHICLE, REAR END",True,False,Clear or Partly Cloudy,Dry,Dark - Street Lights On,,,,32.0,One parked--one moving,0,0,False,0
-122.376141850312,47.6371885938716,204306,300221,301421,3811801,Matched,Block,,15TH AVE W BETWEEN W NEWTON ST AND W ARMORY WAY, ,,2,Injury Collision,Rear Ended,4,0,0,2,1,0,2018-08-03 00:00:00+00,8/3/2018 6:09:00 PM,Mid-Block (not related to intersection),14,"MOTOR VEHICLE STRUCK MOTOR VEHICLE, REAR END",True,False,Clear or Partly Cloudy,Dry,Daylight,,,,14.0,From same direction - both going straight - one stopped - rear-end,0,0,False,0
-122.278126162952,47.5437869553182,204307,300371,301571,E825137,Matched,Block,,44TH AVE S BETWEEN S MORGAN ST AND S WARSAW ST, ,,1,Property Damage Only Collision,Parked Car,6,0,0,2,0,0,2018-08-01 00:00:00+00,8/1/2018 10:20:00 AM,Mid-Block (not related to intersection),11,"MOTOR VEHICLE STRUCK MOTOR VEHICLE, FRONT END AT ANGLE",True,False,Clear or Partly Cloudy,Dry,Daylight,,,,32.0,One parked--one moving,0,0,False,0
-122.342307347944,47.6293040134432,204308,300220,301420,3811787,Matched,Block,,DEXTER AVE N BETWEEN PROSPECT ST AND HIGHLAND DR, ,,2,Injury Collision,Other,2,0,0,2,1,0,2018-08-03 00:00:00+00,8/3/2018 5:35:00 PM,Mid-Block (not related to intersection),11,"MOTOR VEHICLE STRUCK MOTOR VEHICLE, FRONT END AT ANGLE",True,False,Clear or Partly Cloudy,Dry,Daylight,,,,23.0,From same direction - all others,0,0,False,0
-122.300900233223,47.6638353386732,204309,300577,301777,E828052,Matched,Block,,25TH AVE NE BETWEEN NE 47TH ST AND NE 49TH ST, ,,2,Injury Collision,Pedestrian,2,0,1,1,1,0,2018-07-31 00:00:00+00,7/31/2018 3:16:00 PM,Mid-Block (not related to intersection),24,MOTOR VEHCILE STRUCK PEDESTRIAN,,False,Clear or Partly Cloudy,Dry,Daylight,True,,,5.0,Vehicle Strikes Pedalcyclist,0,0,False,0
-122.349450670935,47.70800734919,204310,300818,302038,E829349,Matched,Block,,N 109TH ST BETWEEN FREMONT AVE N AND NORTH PARK AVE N, ,,1,Property Damage Only Collision,Cycles,2,0,1,1,0,0,2018-08-14 00:00:00+00,8/14/2018 3:05:00 PM,Driveway Junction,51,PEDALCYCLIST STRUCK MOTOR VEHICLE FRONT END AT ANGLE,,False,Clear or Partly Cloudy,Dry,Daylight,,,True,6.0,Pedalcyclist Strikes Moving Vehicle,0,0,False,0
-122.349280412287,47.7232206647003,204311,300817,302037,E829348,Matched,Block,,N 130TH ST BETWEEN FREMONT AVE N AND LINDEN AVE N, ,,2,Injury Collision,Rear Ended,2,0,0,2,1,0,2018-08-14 00:00:00+00,8/14/2018 4:48:00 PM,Mid-Block (but intersection related),14,"MOTOR VEHICLE STRUCK MOTOR VEHICLE, REAR END",True,False,Clear or Partly Cloudy,Dry,Daylight,,,,14.0,From same direction - both going straight - one stopped - rear-end,0,0,False,0
-122.249406491719,47.5124495402072,204312,300072,301272,E822554,Matched,Block,,RAINIER AVE S BETWEEN S COOPER ST AND 68TH AVE S,NEI,"Not Enough Information, or Insufficient Location Information",1,Property Damage Only Collision,Parked Car,2,0,0,2,0,0,2018-07-21 00:00:00+00,7/21/2018 8:40:00 AM,Mid-Block (not related to intersection),13,"MOTOR VEHICLE STRUCK MOTOR VEHICLE, LEFT SIDE AT ANGLE",,False,Clear or Partly Cloudy,Dry,Other,,,,32.0,One parked--one moving,0,0,True,0
-122.386645708563,47.6576276362477,204333,300065,301265,3746665,Matched,Block,,W ELMORE ST BETWEEN 23RD AVE W AND 24TH AVE W, ,,1,Property Damage Only Collision,Parked Car,4,0,0,4,0,0,2018-07-31 00:00:00+00,7/31/2018 11:46:00 AM,Mid-Block (not related to intersection),14,"MOTOR VEHICLE STRUCK MOTOR VEHICLE, REAR END",,False,Clear or Partly Cloudy,Dry,Daylight,,,,32.0,One parked--one moving,0,0,False,0
-122.311826314712,47.596264028765,204313,300572,301772,E827529,Matched,Block,,RAINIER AVE S BETWEEN S LANE ST AND S DEARBORN ST, ,,1,Property Damage Only Collision,Sideswipe,3,0,0,2,0,0,2018-08-12 00:00:00+00,8/12/2018 11:38:00 AM,Mid-Block (not related to intersection),11,"MOTOR VEHICLE STRUCK MOTOR VEHICLE, FRONT END AT ANGLE",,False,Clear or Partly Cloudy,Dry,Daylight,,,,11.0,From same direction - both going straight - both moving - sideswipe,0,0,False,0
-122.327540507552,47.5861754761916,204314,300804,302024,3810959,Matched,Intersection,31360.0,5TH AVE S AND S HOLGATE ST, ,,1,Property Damage Only Collision,Other,1,0,0,1,0,0,2018-08-10 00:00:00+00,8/10/2018 1:51:00 PM,At Intersection (intersection related),26,MOTOR VEHICLE STRUCK OBJECT IN ROAD,,False,Clear or Partly Cloudy,Dry,Daylight,,,,50.0,Fixed object,0,0,False,0
-122.279369941854,47.5361348225128,204317,300370,301570,E825136,Matched,Block,,43RD AVE S BETWEEN S OTHELLO ST AND S WEBSTER ST, ,,1,Property Damage Only Collision,Parked Car,2,0,0,2,0,0,2018-08-06 00:00:00+00,8/6/2018 4:27:00 PM,Mid-Block (not related to intersection),11,"MOTOR VEHICLE STRUCK MOTOR VEHICLE, FRONT END AT ANGLE",,False,Clear or Partly Cloudy,Dry,Daylight,,,,32.0,One parked--one moving,0,0,False,0
-122.334193716667,47.5713925746739,204318,300803,302023,3810762,Matched,Intersection,32340.0,1ST AVE S AND S SPOKANE SR ST, ,,1,Property Damage Only Collision,Sideswipe,3,0,0,2,0,0,2018-08-23 00:00:00+00,8/23/2018 2:43:00 PM,At Intersection (intersection related),11,"MOTOR VEHICLE STRUCK MOTOR VEHICLE, FRONT END AT ANGLE",True,False,Clear or Partly Cloudy,Dry,Daylight,,,,11.0,From same direction - both going straight - both moving - sideswipe,0,0,False,0
-122.313506573126,47.5639188395314,204320,300069,301269,E822381,Matched,Block,,15TH AVE S BETWEEN S COLUMBIAN S WAY AND S OREGON ST, ,,2,Injury Collision,Other,1,0,0,1,1,0,2018-07-24 00:00:00+00,7/24/2018 4:15:00 PM,Mid-Block (but intersection related),29,MOTOR VEHICLE OVERTURNED IN ROAD,,False,Clear or Partly Cloudy,Dry,Daylight,,,,52.0,Vehicle overturned,0,0,False,0
-122.381963545506,47.5349917514615,204321,300802,302022,3782644,Matched,Intersection,33816.0,39TH AVE SW AND SW AUSTIN ST, ,,1,Property Damage Only Collision,Angles,2,0,0,2,0,0,2018-08-24 00:00:00+00,8/24/2018 4:56:00 PM,At Intersection (intersection related),11,"MOTOR VEHICLE STRUCK MOTOR VEHICLE, FRONT END AT ANGLE",,False,Clear or Partly Cloudy,Dry,Daylight,,,,10.0,Entering at angle,0,0,False,0
-122.279218916677,47.5226150744173,204323,300377,301577,E825142,Matched,Block,,M L KING JR ER WAY S BETWEEN S HENDERSON ST AND S DIRECTOR ST, ,,2,Injury Collision,Rear Ended,2,0,0,2,1,0,2018-07-31 00:00:00+00,7/31/2018 12:26:00 PM,Mid-Block (not related to intersection),14,"MOTOR VEHICLE STRUCK MOTOR VEHICLE, REAR END",,False,Clear or Partly Cloudy,Dry,Daylight,,,,14.0,From same direction - both going straight - one stopped - rear-end,0,0,False,0
-122.352867445197,47.6738823445729,204324,300801,302021,3754365,Matched,Intersection,25600.0,DAYTON AVE N AND N 62ND ST, ,,1,Property Damage Only Collision,Angles,2,0,0,2,0,0,2018-08-24 00:00:00+00,8/24/2018 1:24:00 PM,At Intersection (intersection related),11,"MOTOR VEHICLE STRUCK MOTOR VEHICLE, FRONT END AT ANGLE",,False,Clear or Partly Cloudy,Dry,Daylight,,,,10.0,Entering at angle,0,0,False,0
-122.310150322968,47.59407194426,204325,300575,301775,E827531,Matched,Intersection,30794.0,RAINIER AVE S AND S CHARLES S ST, ,,1,Property Damage Only Collision,Left Turn,3,0,0,2,0,0,2018-08-12 00:00:00+00,8/12/2018 2:50:00 PM,At Intersection (intersection related),14,"MOTOR VEHICLE STRUCK MOTOR VEHICLE, REAR END",,False,Clear or Partly Cloudy,Dry,Daylight,,,,28.0,From opposite direction - one left turn - one straight,0,0,False,0
-122.366023398739,47.6759853467282,204326,300799,302019,3751486,Matched,Intersection,24214.0,8TH AVE NW AND NW 65TH ST, ,,1,Property Damage Only Collision,Angles,2,0,0,2,0,0,2018-08-23 00:00:00+00,8/23/2018 7:01:00 PM,At Intersection (intersection related),11,"MOTOR VEHICLE STRUCK MOTOR VEHICLE, FRONT END AT ANGLE",True,False,Clear or Partly Cloudy,Dry,Dusk,,,,10.0,Entering at angle,0,0,False,0
-122.270506916563,47.5379612133222,204328,300369,301569,E825134,Matched,Block,,RAINIER AVE S BETWEEN S ORCHARD ST AND S GARDEN ST, ,,1,Property Damage Only Collision,Rear Ended,3,0,0,2,0,0,2018-08-06 00:00:00+00,8/6/2018 3:14:00 PM,Mid-Block (not related to intersection),14,"MOTOR VEHICLE STRUCK MOTOR VEHICLE, REAR END",True,False,Clear or Partly Cloudy,Dry,Daylight,,,,14.0,From same direction - both going straight - one stopped - rear-end,0,0,False,0
-122.317598553206,47.694011763908,204331,300578,301778,E828053,Matched,Intersection,37530.0,ROOSEVELT WAY NE AND NE 90TH ST, ,,1,Property Damage Only Collision,Sideswipe,2,0,0,2,0,0,2018-08-01 00:00:00+00,8/1/2018 5:11:00 PM,At Intersection (intersection related),11,"MOTOR VEHICLE STRUCK MOTOR VEHICLE, FRONT END AT ANGLE",,False,Clear or Partly Cloudy,Dry,Daylight,,,,12.0,From same direction - both going straight - one stopped - sideswipe,0,0,False,0
-122.297400774944,47.7156139858331,204332,300797,302017,3706168,Matched,Intersection,36622.0,LAKE CITY WAY NE AND NE 120TH ST, ,,2,Injury Collision,Left Turn,3,0,0,2,1,0,2018-08-25 00:00:00+00,8/25/2018 8:21:00 PM,At Intersection (intersection related),11,"MOTOR VEHICLE STRUCK MOTOR VEHICLE, FRONT END AT ANGLE",,False,Clear or Partly Cloudy,Dry,Dark - Street Lights On,,,,28.0,From opposite direction - one left turn - one straight,0,0,False,0
-122.302233451386,47.5992812926852,204334,300573,301773,E827530,Matched,Intersection,30757.0,23RD AVE S AND S JACKSON ST, ,,1,Property Damage Only Collision,Sideswipe,2,0,0,2,0,0,2018-08-13 00:00:00+00,8/13/2018 11:32:00 AM,At Intersection (but not related to intersection),14,"MOTOR VEHICLE STRUCK MOTOR VEHICLE, REAR END",,False,Clear or Partly Cloudy,Dry,Daylight,,,,12.0,From same direction - both going straight - one stopped - sideswipe,0,0,False,0
-122.329058916983,47.5749802642657,204336,302020,303240,E836698,Matched,Block,,4TH AVE S BETWEEN S HANFORD ST AND S HORTON ST, ,,1,Property Damage Only Collision,Angles,4,0,0,2,0,0,2018-09-06 00:00:00+00,9/6/2018 9:43:00 AM,Mid-Block (not related to intersection),11,"MOTOR VEHICLE STRUCK MOTOR VEHICLE, FRONT END AT ANGLE",,False,Clear or Partly Cloudy,Dry,Daylight,,,,10.0,Entering at angle,0,0,False,0
-122.320836946456,47.6594626088855,204337,301668,302888,E833915,Matched,Intersection,27082.0,7TH AVE NE AND NE 43RD ST, ,,1,Property Damage Only Collision,Parked Car,2,0,0,2,0,0,2018-08-31 00:00:00+00,8/31/2018 12:11:00 PM,At Intersection (intersection related),11,"MOTOR VEHICLE STRUCK MOTOR VEHICLE, FRONT END AT ANGLE",True,False,Clear or Partly Cloudy,Dry,Daylight,,,,32.0,One parked--one moving,0,0,False,0
-122.319215060369,47.5958413696746,204338,302369,303589,3818513,Matched,Block,,10TH AVE S BETWEEN XW S LANE ST AND S DEARBORN ST, ,,2,Injury Collision,Sideswipe,4,0,0,2,1,0,2018-08-18 00:00:00+00,8/18/2018 8:55:00 AM,Mid-Block (but intersection related),14,"MOTOR VEHICLE STRUCK MOTOR VEHICLE, REAR END",,False,Clear or Partly Cloudy,Dry,Daylight,,,,71.0,Same direction -- both turning right -- both moving -- sideswipe,0,0,False,0
-122.329047856547,47.5919318337326,204339,302019,303239,E836530,Matched,Block,,4TH AVE S BETWEEN S ROYAL BROUGHAM WAY AND 4TH AVE NB OFF RP, ,,2b,Serious Injury Collision,Other,2,0,0,2,1,0,2018-09-10 00:00:00+00,9/10/2018 4:06:00 PM,Mid-Block (not related to intersection),11,"MOTOR VEHICLE STRUCK MOTOR VEHICLE, FRONT END AT ANGLE",,False,Clear or Partly Cloudy,Dry,Daylight,,,,50.0,Fixed object,0,0,False,1
-122.336646793698,47.6133752684534,204340,302018,303238,E836484,Matched,Block,,6TH AVE BETWEEN OLIVE WAY AND STEWART ST, ,,1,Property Damage Only Collision,Rear Ended,3,0,0,2,0,0,2018-09-09 00:00:00+00,9/9/2018 1:56:00 PM,Mid-Block (not related to intersection),14,"MOTOR VEHICLE STRUCK MOTOR VEHICLE, REAR END",,False,Clear or Partly Cloudy,Dry,Daylight,,,,13.0,From same direction - both going straight - both moving - rear-end,0,0,False,0
-122.310790014608,47.6656506733291,204341,301667,302887,E833913,Matched,Block,,16TH AVE NE BETWEEN NE 50TH ST AND NE 52ND ST, ,,1,Property Damage Only Collision,Other,3,0,0,3,0,0,2018-08-13 00:00:00+00,8/13/2018 1:16:00 PM,Mid-Block (not related to intersection),26,MOTOR VEHICLE STRUCK OBJECT IN ROAD,True,False,Clear or Partly Cloudy,Dry,Daylight,,,,50.0,Fixed object,0,0,False,0
-122.324683809655,47.6251182497865,204342,302368,303588,3814228,Matched,Block,,E ROY ST BETWEEN SUMMIT AVE E AND BELMONT AVE E, ,,1,Property Damage Only Collision,Parked Car,2,0,0,2,0,0,2018-09-12 00:00:00+00,9/12/2018 4:00:00 AM,Mid-Block (not related to intersection),11,"MOTOR VEHICLE STRUCK MOTOR VEHICLE, FRONT END AT ANGLE",,False,Unknown,Unknown,Dark - Street Lights On,,,,32.0,One parked--one moving,0,0,True,0
-122.354875027246,47.7195995390093,204343,302017,303237,E836170,Matched,Block,,N 125TH ST BETWEEN GREENWOOD AVE N AND PHINNEY AVE N, ,,1,Property Damage Only Collision,Parked Car,3,0,0,3,0,0,2018-08-31 00:00:00+00,8/31/2018 2:00:00 AM,Driveway Junction,13,"MOTOR VEHICLE STRUCK MOTOR VEHICLE, LEFT SIDE AT ANGLE",,False,Clear or Partly Cloudy,Wet,Dark - Street Lights On,,,,32.0,One parked--one moving,0,0,True,0
-122.328477842458,47.6995462364228,204344,301666,302886,E833756,Matched,Block,,1ST AVE NE BETWEEN NE 95TH ST AND NE 100TH ST, ,,1,Property Damage Only Collision,Angles,3,0,0,3,0,0,2018-08-17 00:00:00+00,8/17/2018 2:05:00 PM,Driveway Junction,11,"MOTOR VEHICLE STRUCK MOTOR VEHICLE, FRONT END AT ANGLE",,False,Clear or Partly Cloudy,Dry,Daylight,,,,10.0,Entering at angle,0,0,False,0
-122.29955975214,47.5955572015981,204345,302367,303587,3814202,Matched,Block,,S DEARBORN ST BETWEEN 25TH AVE S AND 26TH W AVE S, ,,1,Property Damage Only Collision,Parked Car,2,0,0,2,0,0,2018-08-19 00:00:00+00,8/19/2018 1:45:00 AM,Mid-Block (not related to intersection),11,"MOTOR VEHICLE STRUCK MOTOR VEHICLE, FRONT END AT ANGLE",,False,Clear or Partly Cloudy,Dry,Dark - Street Lights On,,,,32.0,One parked--one moving,0,0,True,0
-122.340091651497,47.6055437478773,204346,302016,303236,E836483,Matched,Block,,ALASKAN WAY BETWEEN SENECA ST AND UNIVERSITY ST, ,,1,Property Damage Only Collision,Rear Ended,3,0,0,2,0,0,2018-09-08 00:00:00+00,9/8/2018 11:42:00 AM,Mid-Block (not related to intersection),14,"MOTOR VEHICLE STRUCK MOTOR VEHICLE, REAR END",,False,Overcast,Dry,Daylight,,,,14.0,From same direction - both going straight - one stopped - rear-end,0,0,False,0
-122.37688458908,47.5174878687725,204347,301665,302885,E833699,Matched,Intersection,34763.0,35TH AVE SW AND SW ROXBURY ST, ,,2,Injury Collision,Angles,2,0,0,2,1,0,2018-08-28 00:00:00+00,8/28/2018 9:53:00 AM,At Intersection (intersection related),11,"MOTOR VEHICLE STRUCK MOTOR VEHICLE, FRONT END AT ANGLE",True,False,Clear or Partly Cloudy,Dry,Daylight,,,,10.0,Entering at angle,0,0,False,0
-122.328457981253,47.6129679050347,204348,302366,303586,3814201,Matched,Block,,BOREN AVE BETWEEN UNION ST AND PIKE ST, ,,2,Injury Collision,Rear Ended,3,0,0,2,1,0,2018-08-18 00:00:00+00,8/18/2018 12:17:00 AM,Mid-Block (but intersection related),14,"MOTOR VEHICLE STRUCK MOTOR VEHICLE, REAR END",,True,Clear or Partly Cloudy,Dry,Dark - Street Lights On,,,,14.0,From same direction - both going straight - one stopped - rear-end,0,0,False,0
-122.340466667459,47.6093164327584,204350,301664,302884,E833698,Matched,Block,,1ST AVE BETWEEN PIKE ST AND PINE ST, ,,1,Property Damage Only Collision,Sideswipe,2,0,0,2,0,0,2018-08-29 00:00:00+00,8/29/2018 12:55:00 PM,Mid-Block (not related to intersection),11,"MOTOR VEHICLE STRUCK MOTOR VEHICLE, FRONT END AT ANGLE",True,False,Clear or Partly Cloudy,Dry,Daylight,,,,11.0,From same direction - both going straight - both moving - sideswipe,0,0,False,0
-122.312441486871,47.5970729040999,204351,302365,303585,3814181,Matched,Block,,RAINIER AVE S BETWEEN S WELLER ST AND S LANE ST, ,,1,Property Damage Only Collision,Sideswipe,2,0,0,2,0,0,2018-08-22 00:00:00+00,8/22/2018 10:44:00 PM,Mid-Block (not related to intersection),11,"MOTOR VEHICLE STRUCK MOTOR VEHICLE, FRONT END AT ANGLE",,False,Clear or Partly Cloudy,Dry,Dark - Street Lights On,,,,11.0,From same direction - both going straight - both moving - sideswipe,0,0,False,0
-122.345861587831,47.6129899139939,204352,301663,302883,E833697,Matched,Block,,1ST AVE BETWEEN BLANCHARD ST AND BELL ST, ,,1,Property Damage Only Collision,Left Turn,4,0,0,2,0,0,2018-08-24 00:00:00+00,8/24/2018 12:46:00 PM,Mid-Block (not related to intersection),11,"MOTOR VEHICLE STRUCK MOTOR VEHICLE, FRONT END AT ANGLE",,False,Clear or Partly Cloudy,Dry,Daylight,,,,28.0,From opposite direction - one left turn - one straight,0,0,False,0
-122.329268565666,47.6146882069075,204353,302364,303584,3814180,Matched,Block,,PINE ST BETWEEN BOREN AVE AND MINOR AVE, ,,1,Property Damage Only Collision,Sideswipe,3,0,0,2,0,0,2018-08-22 00:00:00+00,8/22/2018 7:53:00 PM,Mid-Block (not related to intersection),11,"MOTOR VEHICLE STRUCK MOTOR VEHICLE, FRONT END AT ANGLE",,False,Fog/Smog/Smoke,Dry,Daylight,,,,11.0,From same direction - both going straight - both moving - sideswipe,0,0,False,0
-122.343647249405,47.6254079806783,204355,301662,302882,E833662,Matched,Intersection,28740.0,AURORA AVE N AND ROY ST, ,,1,Property Damage Only Collision,Sideswipe,2,0,0,2,0,0,2018-08-29 00:00:00+00,8/29/2018 4:03:00 PM,At Intersection (intersection related),14,"MOTOR VEHICLE STRUCK MOTOR VEHICLE, REAR END",,False,Clear or Partly Cloudy,Dry,Daylight,,,,11.0,From same direction - both going straight - both moving - sideswipe,0,0,False,0
-122.299229133801,47.7338075376839,204357,302013,303233,E811166,Matched,Intersection,35993.0,27TH AVE NE AND NE 145TH ST, ,,1,Property Damage Only Collision,Angles,4,0,0,2,0,0,2018-06-08 00:00:00+00,6/8/2018 6:53:00 PM,At Intersection (intersection related),11,"MOTOR VEHICLE STRUCK MOTOR VEHICLE, FRONT END AT ANGLE",,False,Raining,Wet,Daylight,,,,10.0,Entering at angle,0,0,False,0
-122.333691676144,47.6052660506395,204358,301661,302881,E833661,Matched,Block,,3RD AVE BETWEEN MARION ST AND MADISON ST, ,,1,Property Damage Only Collision,Other,2,0,0,2,0,0,2018-08-28 00:00:00+00,8/28/2018 11:31:00 AM,Mid-Block (not related to intersection),11,"MOTOR VEHICLE STRUCK MOTOR VEHICLE, FRONT END AT ANGLE",True,False,Clear or Partly Cloudy,Dry,Daylight,,,,23.0,From same direction - all others,0,0,True,0
-122.314221688613,47.5914747519798,204359,302191,303411,E825138,Matched,Block,,15TH AVE S BETWEEN GOLF DR S AND S ATLANTIC ST, ,,2,Injury Collision,Parked Car,6,0,0,6,1,0,2018-08-01 00:00:00+00,8/1/2018 12:16:00 PM,Mid-Block (not related to intersection),14,"MOTOR VEHICLE STRUCK MOTOR VEHICLE, REAR END",,False,Clear or Partly Cloudy,Dry,Daylight,,,,32.0,One parked--one moving,0,0,True,0
-122.346390579083,47.68180316603,204360,301857,303077,E835377,Matched,Intersection,24325.0,LINDEN AVE N AND WINONA AVE N, ,,1,Property Damage Only Collision,Other,1,0,0,1,0,0,2018-09-01 00:00:00+00,9/1/2018 10:25:00 PM,At Intersection (intersection related),28,MOTOR VEHICLE RAN OFF ROAD - HIT FIXED OBJECT,,False,Clear or Partly Cloudy,Dry,Dark - Street Lights On,,,,50.0,Fixed object,0,0,False,0
-122.265314619944,47.6793721988651,204361,301856,303076,E835376,Matched,Intersection,287172.0,BURKE GILMAN TRL AND NE 70TH ST, ,,2,Injury Collision,Pedestrian,2,0,1,1,1,0,2018-09-05 00:00:00+00,9/5/2018 5:06:00 PM,At Intersection (intersection related),51,PEDALCYCLIST STRUCK MOTOR VEHICLE FRONT END AT ANGLE,,False,Clear or Partly Cloudy,Dry,Daylight,,,,5.0,Vehicle Strikes Pedalcyclist,0,0,False,0
-122.307344395394,47.7338906325121,204363,302190,303410,E824527,Matched,Intersection,36075.0,20TH AVE NE AND NE 145TH ST, ,,1,Property Damage Only Collision,Rear Ended,2,0,0,2,0,0,2018-07-30 00:00:00+00,7/30/2018 5:55:00 PM,At Intersection (but not related to intersection),14,"MOTOR VEHICLE STRUCK MOTOR VEHICLE, REAR END",,False,Clear or Partly Cloudy,Dry,Daylight,,,True,14.0,From same direction - both going straight - one stopped - rear-end,0,0,False,0
-122.331583697739,47.6826280139787,204364,301855,303075,E835374,Matched,Intersection,24572.0,BAGLEY AVE N AND EAST GREEN LAKE DR N, ,,2,Injury Collision,Angles,5,0,0,2,1,0,2018-08-28 00:00:00+00,8/28/2018 5:48:00 PM,At Intersection (intersection related),11,"MOTOR VEHICLE STRUCK MOTOR VEHICLE, FRONT END AT ANGLE",,True,Clear or Partly Cloudy,Dry,Daylight,,,,10.0,Entering at angle,0,0,False,0
-122.339357006875,47.6097805702105,204365,301323,302563,3812096,Matched,Block,,2ND AVE BETWEEN PIKE ST AND PINE ST, ,,2,Injury Collision,Pedestrian,3,0,1,1,1,0,2018-08-17 00:00:00+00,8/17/2018 5:59:00 PM,Mid-Block (not related to intersection),18,"MOTOR VEHICLE STRUCK PEDALCYCLIST, FRONT END AT ANGLE",,False,Clear or Partly Cloudy,Dry,Daylight,True,,,5.0,Vehicle Strikes Pedalcyclist,0,0,False,0
-122.334181526414,47.6008831837608,204366,302188,303408,E824467,Matched,Intersection,30362.0,1ST AVE S AND S WASHINGTON ST, ,,1,Property Damage Only Collision,Rear Ended,2,0,0,2,0,0,2018-06-23 00:00:00+00,6/23/2018 11:50:00 PM,At Intersection (but not related to intersection),14,"MOTOR VEHICLE STRUCK MOTOR VEHICLE, REAR END",,False,Clear or Partly Cloudy,Dry,Dark - Street Lights On,,,,14.0,From same direction - both going straight - one stopped - rear-end,0,0,False,0
-122.332873705586,47.6017207358705,204367,302187,303407,E824422,Matched,Intersection,30489.0,OCCIDENTAL AVE S AND YESLER WAY, ,,1,Property Damage Only Collision,Pedestrian,6,1,0,1,0,0,2018-07-01 00:00:00+00,7/1/2018 1:52:00 AM,At Intersection (intersection related),24,MOTOR VEHCILE STRUCK PEDESTRIAN,,False,Clear or Partly Cloudy,Dry,Dark - Street Lights On,,,,0.0,Vehicle going straight hits pedestrian,0,0,False,0
-122.342401852616,47.6185501645518,204369,301322,302562,3811701,Matched,Intersection,29515.0,DENNY WAY AND DEXTER AVE, ,,1,Property Damage Only Collision,Sideswipe,3,0,0,2,0,0,2018-08-17 00:00:00+00,8/17/2018 7:30:00 AM,At Intersection (but not related to intersection),11,"MOTOR VEHICLE STRUCK MOTOR VEHICLE, FRONT END AT ANGLE",,False,Overcast,Dry,Daylight,,,,11.0,From same direction - both going straight - both moving - sideswipe,0,0,False,0
-122.326355495633,47.6004528511225,204370,301321,302561,3811679,Matched,Block,,6TH AVE S BETWEEN S WASHINGTON ST AND S MAIN ST, ,,1,Property Damage Only Collision,Parked Car,2,0,0,2,0,0,2018-08-16 00:00:00+00,8/16/2018 8:00:00 PM,Mid-Block (not related to intersection),14,"MOTOR VEHICLE STRUCK MOTOR VEHICLE, REAR END",,False,Clear or Partly Cloudy,Dry,Daylight,,,,32.0,One parked--one moving,0,0,True,0
-122.322529695178,47.6064834861074,204371,301853,303073,E835322,Matched,Intersection,29814.0,BOREN AVE AND JAMES ST, ,,2,Injury Collision,Angles,2,0,0,2,2,0,2018-09-04 00:00:00+00,9/4/2018 1:58:00 PM,At Intersection (intersection related),11,"MOTOR VEHICLE STRUCK MOTOR VEHICLE, FRONT END AT ANGLE",,False,Clear or Partly Cloudy,Dry,Daylight,,,,10.0,Entering at angle,0,0,False,0
-122.273741919482,47.5438162537619,204372,301320,302560,3810935,Matched,Block,,RAINIER AVE S BETWEEN S MORGAN ST AND S WARSAW ST, ,,1,Property Damage Only Collision,Sideswipe,4,0,0,2,0,0,2018-08-17 00:00:00+00,8/17/2018 5:38:00 PM,Mid-Block (not related to intersection),11,"MOTOR VEHICLE STRUCK MOTOR VEHICLE, FRONT END AT ANGLE",,False,Clear or Partly Cloudy,Dry,Daylight,,,,11.0,From same direction - both going straight - both moving - sideswipe,0,0,False,0
-122.3290487435,47.5923943831953,204373,302186,303406,E824420,Matched,Intersection,30553.0,4TH AVE S AND S ROYAL BROUGHAM WAY, ,,2b,Serious Injury Collision,Pedestrian,3,2,0,1,2,0,2018-06-11 00:00:00+00,6/11/2018 10:55:00 PM,At Intersection (intersection related),24,MOTOR VEHCILE STRUCK PEDESTRIAN,,False,Clear or Partly Cloudy,Dry,Dark - Street Lights On,,,,0.0,Vehicle going straight hits pedestrian,0,0,False,1