longitude,latitude,objectid,inckey,coldetkey,reportno,status,addrtype,intkey,location,exceptrsncode,exceptrsndesc,severitycode,severitydesc,collisiontype,personcount,pedcount,pedcylcount,vehcount,injuries,fatalities,incdate,incdttm,junctiontype,sdot_colcode,sdot_coldesc,inattentionind,underinfl,weather,roadcond,lightcond,pedrownotgrnt,sdotcolnum,speeding,st_colcode,st_coldesc,seglanekey,crosswalkkey,hitparkedcar,seriousinjuries
-122.338197015594,47.606835004028,204374,301852,303072,E835273,Matched,Intersection,29604.0,1ST AVE AND UNIVERSITY ST, ,,1,Property Damage Only Collision,Sideswipe,13,0,0,2,0,0,2018-09-01 00:00:00+00,9/1/2018 10:40:00 AM,At Intersection (intersection related),11,"MOTOR VEHICLE STRUCK MOTOR VEHICLE, FRONT END AT ANGLE",True,False,Clear or Partly Cloudy,Dry,Daylight,,,,71.0,Same direction -- both turning right -- both moving -- sideswipe,0,0,False,0
-122.382545616668,47.6456521703899,204375,302185,303405,E824413,Matched,Block,,THORNDYKE AVE W BETWEEN 21ST AVE W AND 20TH AVE W, ,,1,Property Damage Only Collision,Sideswipe,2,0,0,2,0,0,2018-04-17 00:00:00+00,4/17/2018 9:55:00 PM,Mid-Block (not related to intersection),14,"MOTOR VEHICLE STRUCK MOTOR VEHICLE, REAR END",,False,Clear or Partly Cloudy,Wet,Dark - Street Lights On,,,,11.0,From same direction - both going straight - both moving - sideswipe,0,0,False,0
-122.347621138565,47.6185711552114,204376,301851,303071,E835268,Matched,Intersection,29653.0,5TH AVE AND DENNY WAY, ,,2,Injury Collision,Angles,6,2,0,3,4,0,2018-09-03 00:00:00+00,9/3/2018 12:16:00 PM,At Intersection (intersection related),11,"MOTOR VEHICLE STRUCK MOTOR VEHICLE, FRONT END AT ANGLE",True,False,Clear or Partly Cloudy,Dry,Daylight,,,,10.0,Entering at angle,0,0,False,0
-122.288680234796,47.5658989581128,204377,301319,302559,3810778,Matched,Block,,RAINIER AVE S BETWEEN S DAKOTA ST AND S ADAMS ST, ,,1,Property Damage Only Collision,Parked Car,2,0,0,2,0,0,2018-08-16 00:00:00+00,8/16/2018 10:55:00 PM,Mid-Block (not related to intersection),14,"MOTOR VEHICLE STRUCK MOTOR VEHICLE, REAR END",,True,Clear or Partly Cloudy,Dry,Dark - Street Lights On,,,,32.0,One parked--one moving,0,0,True,0
-122.327757511258,47.6613572767255,204378,302184,303404,E824170,Matched,Block,,NE 45TH ST BETWEEN 1ST AVE NE AND 2ND AVE NE, ,,2,Injury Collision,Left Turn,3,0,0,2,1,0,2018-07-11 00:00:00+00,7/11/2018 12:29:00 AM,Mid-Block (not related to intersection),11,"MOTOR VEHICLE STRUCK MOTOR VEHICLE, FRONT END AT ANGLE",,False,Clear or Partly Cloudy,Dry,Dark - Street Lights On,,,,28.0,From opposite direction - one left turn - one straight,0,0,False,0
-122.327853523584,47.6184967407019,204379,301850,303070,E835265,Matched,Intersection,29165.0,MELROSE AVE AND E DENNY WAY, ,,2,Injury Collision,Pedestrian,2,1,0,1,1,0,2018-09-05 00:00:00+00,9/5/2018 7:40:00 AM,At Intersection (intersection related),24,MOTOR VEHCILE STRUCK PEDESTRIAN,,False,Clear or Partly Cloudy,Dry,Daylight,,,True,0.0,Vehicle going straight hits pedestrian,0,523799,False,0
-122.262173255264,47.5511037066456,204380,301318,302558,3810777,Matched,Intersection,33711.0,SEWARD PARK AVE S AND S ORCAS ST, ,,1,Property Damage Only Collision,Rear Ended,2,0,0,2,0,0,2018-08-15 00:00:00+00,8/15/2018 8:34:00 PM,At Intersection (but not related to intersection),14,"MOTOR VEHICLE STRUCK MOTOR VEHICLE, REAR END",,False,Clear or Partly Cloudy,Dry,Daylight,,,,14.0,From same direction - both going straight - one stopped - rear-end,0,0,False,0
-122.310287439465,47.572509775843,204381,302021,303241,3330598,Matched,Block,,LAFAYETTE AVE S BETWEEN S HINDS ST AND S SPOKANE ST, ,,1,Property Damage Only Collision,Sideswipe,2,0,0,2,0,0,2018-09-11 00:00:00+00,9/11/2018 8:30:00 AM,Mid-Block (not related to intersection),16,"MOTOR VEHICLE STRUCK MOTOR VEHICLE, LEFT SIDE SIDESWIPE",,False,Clear or Partly Cloudy,Dry,Daylight,,,,12.0,From same direction - both going straight - one stopped - sideswipe,0,0,False,0
-122.319368822982,47.6121773783353,204382,301849,303069,E835264,Matched,Intersection,29766.0,10TH AVE AND E SENECA ST, ,,1,Property Damage Only Collision,Angles,2,0,0,2,0,0,2018-07-21 00:00:00+00,7/21/2018 2:27:00 AM,At Intersection (intersection related),11,"MOTOR VEHICLE STRUCK MOTOR VEHICLE, FRONT END AT ANGLE",,False,Clear or Partly Cloudy,Dry,Dark - Street Lights On,,,,10.0,Entering at angle,0,0,False,0
-122.336228269294,47.6097164132467,204383,301317,302557,E831319,Matched,Block,,4TH AVE BETWEEN UNION ST AND PIKE ST, ,,1,Property Damage Only Collision,Parked Car,2,0,0,2,0,0,2018-08-23 00:00:00+00,8/23/2018 9:44:00 AM,Mid-Block (not related to intersection),11,"MOTOR VEHICLE STRUCK MOTOR VEHICLE, FRONT END AT ANGLE",True,False,Clear or Partly Cloudy,Dry,Daylight,,,,20.0,One car leaving parked position,0,0,False,0
-122.366135364233,47.7072735116387,204384,299917,301117,3705886,Matched,Block,,8TH AVE NW BETWEEN NW 108TH ST AND DEAD END 1, ,,1,Property Damage Only Collision,Other,1,0,0,1,0,0,2018-08-08 00:00:00+00,8/8/2018 3:30:00 AM,Mid-Block (not related to intersection),28,MOTOR VEHICLE RAN OFF ROAD - HIT FIXED OBJECT,,False,Clear or Partly Cloudy,Dry,Dark - Street Lights On,,,,50.0,Fixed object,0,0,False,0
-122.30154782021,47.6361532749292,204385,302725,303965,3814211,Matched,Block,,24TH AVE E BETWEEN BOYER AVE E AND E NEWTON S ST, ,,1,Property Damage Only Collision,Sideswipe,2,0,0,2,0,0,2018-09-09 00:00:00+00,9/9/2018 2:10:00 PM,Mid-Block (not related to intersection),11,"MOTOR VEHICLE STRUCK MOTOR VEHICLE, FRONT END AT ANGLE",,False,Clear or Partly Cloudy,Dry,Daylight,,,,11.0,From same direction - both going straight - both moving - sideswipe,0,0,False,0
-122.320726232936,47.661561146073,204386,299681,300881,E820971,Matched,Block,,7TH AVE NE BETWEEN NE 45TH ST AND NE 45TH ST ON RP, ,,1,Property Damage Only Collision,Sideswipe,2,0,0,2,0,0,2018-07-14 00:00:00+00,7/14/2018 12:45:00 PM,Mid-Block (not related to intersection),11,"MOTOR VEHICLE STRUCK MOTOR VEHICLE, FRONT END AT ANGLE",,False,Clear or Partly Cloudy,Dry,Daylight,,,,11.0,From same direction - both going straight - both moving - sideswipe,0,0,False,0
-122.301602443216,47.6329350609485,204387,302724,303964,3814149,Matched,Block,,24TH AVE E BETWEEN E GALER ST AND INTERLAKEN PL E, ,,1,Property Damage Only Collision,Other,1,0,0,1,0,0,2018-09-10 00:00:00+00,9/10/2018 4:00:00 PM,Mid-Block (not related to intersection),28,MOTOR VEHICLE RAN OFF ROAD - HIT FIXED OBJECT,,False,Clear or Partly Cloudy,Wet,Daylight,,,,50.0,Fixed object,0,0,False,0
-122.304742418747,47.6296290044865,204388,302723,303963,3814148,Matched,Block,,21ST AVE E BETWEEN E PROSPECT ST AND E HIGHLAND DR, ,,1,Property Damage Only Collision,Parked Car,2,0,0,2,0,0,2018-09-09 00:00:00+00,9/9/2018 9:22:00 PM,Mid-Block (not related to intersection),11,"MOTOR VEHICLE STRUCK MOTOR VEHICLE, FRONT END AT ANGLE",,True,Raining,Wet,Dark - Street Lights On,,,,32.0,One parked--one moving,0,0,True,0
-122.280017747937,47.6973775776392,204389,299680,300880,E820970,Matched,Intersection,37814.0,45TH AVE NE AND NE 95TH ST, ,,2,Injury Collision,Angles,4,0,0,2,3,0,2018-07-21 00:00:00+00,7/21/2018 5:02:00 PM,At Intersection (intersection related),11,"MOTOR VEHICLE STRUCK MOTOR VEHICLE, FRONT END AT ANGLE",,False,Clear or Partly Cloudy,Dry,Daylight,,,,10.0,Entering at angle,0,0,False,0
-122.332017777527,47.6101456808743,204390,302722,303962,3812273,Matched,Block,,7TH AVE BETWEEN UNIVERSITY ST AND UNION ST, ,,1,Property Damage Only Collision,Parked Car,2,0,0,2,0,0,2018-09-11 00:00:00+00,9/11/2018 11:22:00 PM,Mid-Block (not related to intersection),14,"MOTOR VEHICLE STRUCK MOTOR VEHICLE, REAR END",,False,Overcast,Dry,Dark - Street Lights On,,,,32.0,One parked--one moving,0,0,True,0
-122.307635455528,47.606164348447,204392,299909,301109,3702458,Matched,Intersection,30191.0,19TH AVE AND E JEFFERSON ST, ,,2,Injury Collision,Left Turn,3,0,0,2,1,0,2018-08-08 00:00:00+00,8/8/2018 12:00:00 PM,At Intersection (intersection related),11,"MOTOR VEHICLE STRUCK MOTOR VEHICLE, FRONT END AT ANGLE",,False,Clear or Partly Cloudy,Dry,Daylight,,,,15.0,From same direction - one left turn - one straight,0,0,False,0
-122.359972822619,47.6245953812971,204393,299690,300890,E814887,Matched,Block,,W MERCER ST BETWEEN 2ND AVE W AND 3RD AVE W, ,,2,Injury Collision,Rear Ended,2,0,0,2,1,0,2018-06-02 00:00:00+00,6/2/2018 8:01:00 PM,Mid-Block (not related to intersection),14,"MOTOR VEHICLE STRUCK MOTOR VEHICLE, REAR END",True,False,Overcast,Dry,Daylight,,,,14.0,From same direction - both going straight - one stopped - rear-end,0,0,False,0
-122.35475322167,47.6245768894402,204394,302721,303961,3812272,Matched,Block,,MERCER ST BETWEEN 1ST AVE N AND WARREN AVE N, ,,1,Property Damage Only Collision,Parked Car,10,0,0,4,0,0,2018-09-09 00:00:00+00,9/9/2018 9:22:00 AM,Mid-Block (not related to intersection),11,"MOTOR VEHICLE STRUCK MOTOR VEHICLE, FRONT END AT ANGLE",,False,Clear or Partly Cloudy,Dry,Daylight,,,,32.0,One parked--one moving,0,0,False,0
-122.320055547855,47.6745798120799,204396,302720,303960,3751384,Matched,Block,,8TH AVE NE BETWEEN NE 63RD ST AND NE 64TH ST, ,,2b,Serious Injury Collision,Pedestrian,2,1,0,1,1,0,2018-09-18 00:00:00+00,9/18/2018 11:05:00 AM,Mid-Block (not related to intersection),24,MOTOR VEHCILE STRUCK PEDESTRIAN,,False,Clear or Partly Cloudy,Dry,Daylight,,,,0.0,Vehicle going straight hits pedestrian,0,0,False,1
-122.334189709135,47.5987496390957,204399,302719,303959,E840817,Matched,Block,,1ST AVE S BETWEEN S JACKSON ST AND S KING ST, ,,1,Property Damage Only Collision,Other,1,0,0,1,0,0,2018-09-17 00:00:00+00,9/17/2018 2:21:00 PM,Mid-Block (not related to intersection),26,MOTOR VEHICLE STRUCK OBJECT IN ROAD,,False,Clear or Partly Cloudy,Dry,Daylight,,,,50.0,Fixed object,0,0,False,0
-122.336626142588,47.5526792605659,204401,299907,301107,3643123,Matched,Block,,EAST MARGINAL WAY S BETWEEN S LUCILE ST AND S ORCAS ST, ,,1,Property Damage Only Collision,Sideswipe,4,0,0,2,0,0,2018-08-05 00:00:00+00,8/5/2018 12:13:00 PM,Mid-Block (not related to intersection),11,"MOTOR VEHICLE STRUCK MOTOR VEHICLE, FRONT END AT ANGLE",True,False,Clear or Partly Cloudy,Dry,Daylight,,,,11.0,From same direction - both going straight - both moving - sideswipe,0,0,False,0
-122.327672929814,47.5979376548883,204402,299689,300889,E814885,Matched,Block,,5TH AVE S BETWEEN S KING ST AND S WELLER ST, ,,1,Property Damage Only Collision,Parked Car,2,0,0,2,0,0,2018-05-27 00:00:00+00,5/27/2018 10:30:00 PM,Mid-Block (not related to intersection),14,"MOTOR VEHICLE STRUCK MOTOR VEHICLE, REAR END",,False,Clear or Partly Cloudy,Dry,Dark - Street Lights On,,,,32.0,One parked--one moving,0,0,False,0
-122.276577211665,47.5242540847677,204405,302569,303809,3810737,Matched,Intersection,35264.0,RENTON AVE S AND S TRENTON ST, ,,2,Injury Collision,Parked Car,2,0,0,2,1,0,2018-09-05 00:00:00+00,9/5/2018 1:56:00 PM,At Intersection (but not related to intersection),11,"MOTOR VEHICLE STRUCK MOTOR VEHICLE, FRONT END AT ANGLE",,False,Clear or Partly Cloudy,Dry,Daylight,,,,20.0,One car leaving parked position,0,0,True,0
-122.350932032149,47.6136427141712,204406,302568,303808,3810734,Matched,Block,,ELLIOTT AVE BETWEEN WALL ST AND VINE ST,NEI,"Not Enough Information, or Insufficient Location Information",1,Property Damage Only Collision,Sideswipe,2,0,0,2,0,0,2018-09-04 00:00:00+00,9/4/2018 12:03:00 PM,Mid-Block (not related to intersection),0,NOT ENOUGH INFORMATION / NOT APPLICABLE,,False,Clear or Partly Cloudy,Unknown,Daylight,,,,11.0,From same direction - both going straight - both moving - sideswipe,0,0,False,0
-122.318437934347,47.6649439610362,204410,299910,301110,3702736,Matched,Intersection,25788.0,9TH AVE NE AND NE 50TH ST, ,,1,Property Damage Only Collision,Left Turn,2,0,0,2,0,0,2018-08-08 00:00:00+00,8/8/2018 8:21:00 AM,At Intersection (intersection related),11,"MOTOR VEHICLE STRUCK MOTOR VEHICLE, FRONT END AT ANGLE",,False,Clear or Partly Cloudy,Dry,Daylight,,,,28.0,From opposite direction - one left turn - one straight,0,0,False,0
-122.325719915054,47.5966753107673,204411,299691,300891,E814890,Matched,Block,,S LANE ST BETWEEN 6TH AVE S AND MAYNARD AVE S, ,,1,Property Damage Only Collision,Parked Car,2,0,0,2,0,0,2018-06-07 00:00:00+00,6/7/2018 9:45:00 PM,Mid-Block (not related to intersection),11,"MOTOR VEHICLE STRUCK MOTOR VEHICLE, FRONT END AT ANGLE",,False,Clear or Partly Cloudy,Dry,Dusk,,,,32.0,One parked--one moving,0,0,True,0
-122.328913101671,47.6134658203127,204412,299686,300886,E814861,Matched,Intersection,29878.0,BOREN AVE AND PIKE ST, ,,2,Injury Collision,Angles,2,0,0,2,1,0,2018-06-08 00:00:00+00,6/8/2018 5:06:00 PM,At Intersection (intersection related),11,"MOTOR VEHICLE STRUCK MOTOR VEHICLE, FRONT END AT ANGLE",,False,Raining,Wet,Dusk,,,,10.0,Entering at angle,0,0,False,0
-122.348673325652,47.6996309317803,204413,302566,303806,3751629,Matched,Block,,N 97TH ST BETWEEN FREMONT AVE N AND LINDEN AVE N, ,,1,Property Damage Only Collision,Parked Car,3,0,0,3,0,0,2018-09-03 00:00:00+00,9/3/2018 11:20:00 PM,Mid-Block (not related to intersection),14,"MOTOR VEHICLE STRUCK MOTOR VEHICLE, REAR END",,False,Clear or Partly Cloudy,Dry,Dark - Street Lights On,,,True,32.0,One parked--one moving,0,0,False,0
-122.354784473513,47.7050815644716,204416,302565,303805,3751473,Matched,Block,,N 105TH ST BETWEEN GREENWOOD AVE N AND PHINNEY AVE N, ,,2,Injury Collision,Rear Ended,2,0,0,2,1,0,2018-09-06 00:00:00+00,9/6/2018 4:43:00 PM,Mid-Block (not related to intersection),11,"MOTOR VEHICLE STRUCK MOTOR VEHICLE, FRONT END AT ANGLE",,False,Clear or Partly Cloudy,Dry,Daylight,,,,14.0,From same direction - both going straight - one stopped - rear-end,0,0,False,0
-122.397030278909,47.6758733740955,204419,302563,303803,3751472,Matched,Block,,NW 65TH ST BETWEEN 30TH AVE NW AND 32ND AVE NW, ,,1,Property Damage Only Collision,Sideswipe,2,0,0,2,0,0,2018-09-05 00:00:00+00,9/5/2018 8:06:00 AM,Mid-Block (not related to intersection),11,"MOTOR VEHICLE STRUCK MOTOR VEHICLE, FRONT END AT ANGLE",,False,Clear or Partly Cloudy,Dry,Daylight,,,,11.0,From same direction - both going straight - both moving - sideswipe,0,0,False,0
-122.345423271085,47.5173034365365,204421,299908,301108,3693154,Matched,Intersection,35066.0,8TH AVE SW AND SW ROXBURY ST, ,,1,Property Damage Only Collision,Angles,2,0,0,2,0,0,2018-08-08 00:00:00+00,8/8/2018 7:55:00 AM,At Intersection (intersection related),11,"MOTOR VEHICLE STRUCK MOTOR VEHICLE, FRONT END AT ANGLE",,False,Clear or Partly Cloudy,Dry,Daylight,,,,10.0,Entering at angle,0,0,False,0
-122.376210977459,47.6734520371174,204422,299682,300882,E820961,Matched,Block,,15TH AVE NW BETWEEN NW 61ST ST AND NW 62ND ST, ,,2,Injury Collision,Angles,3,0,0,2,3,0,2018-07-11 00:00:00+00,7/11/2018 5:08:00 PM,Driveway Junction,11,"MOTOR VEHICLE STRUCK MOTOR VEHICLE, FRONT END AT ANGLE",,False,Clear or Partly Cloudy,Dry,Daylight,,,,10.0,Entering at angle,0,0,False,0
-122.319005378438,47.6413548274543,204424,302726,303966,3814264,Matched,Intersection,28220.0,FEDERAL AVE E AND E MILLER ST, ,,1,Property Damage Only Collision,Parked Car,2,0,0,2,0,0,2018-09-10 00:00:00+00,9/10/2018 7:38:00 PM,At Intersection (but not related to intersection),11,"MOTOR VEHICLE STRUCK MOTOR VEHICLE, FRONT END AT ANGLE",,False,Clear or Partly Cloudy,Dry,Unknown,,,,32.0,One parked--one moving,0,0,True,0
-122.292906088685,47.5714764980746,204425,302372,303592,3810781,Matched,Block,,RAINIER AVE S BETWEEN S ESTELLE ST AND S COURT ST, ,,1,Property Damage Only Collision,Other,2,0,0,1,0,0,2018-08-21 00:00:00+00,8/21/2018 1:17:00 AM,Mid-Block (not related to intersection),28,MOTOR VEHICLE RAN OFF ROAD - HIT FIXED OBJECT,,False,Clear or Partly Cloudy,Dry,Dark - Street Lights On,,,,50.0,Fixed object,0,0,False,0
-122.330860917388,47.6183808218376,204426,299692,300892,E814891,Matched,Block,,STEWART ST BETWEEN YALE AVE AND DENNY WAY, ,,1,Property Damage Only Collision,Other,2,0,0,2,0,0,2018-06-02 00:00:00+00,6/2/2018 8:14:00 PM,Mid-Block (not related to intersection),14,"MOTOR VEHICLE STRUCK MOTOR VEHICLE, REAR END",,False,Clear or Partly Cloudy,Dry,Daylight,,,,23.0,From same direction - all others,0,0,False,0
-122.329574739869,47.550768909132,204427,300380,301580,E825146,Matched,Block,,4TH AVE S BETWEEN S MEAD ST AND S FIDALGO ST, ,,2,Injury Collision,Cycles,3,0,1,1,1,0,2018-08-04 00:00:00+00,8/4/2018 2:19:00 PM,Mid-Block (not related to intersection),18,"MOTOR VEHICLE STRUCK PEDALCYCLIST, FRONT END AT ANGLE",True,False,Clear or Partly Cloudy,Dry,Daylight,,,,6.0,Pedalcyclist Strikes Moving Vehicle,0,0,False,0
-122.328966182161,47.7196024767457,204428,300242,301442,E823297,Matched,Block,,1ST AVE NE BETWEEN NE 125TH ST AND CORLISS N AVE N, ,,2,Injury Collision,Rear Ended,4,0,0,3,1,0,2018-07-27 00:00:00+00,7/27/2018 3:45:00 PM,Mid-Block (but intersection related),14,"MOTOR VEHICLE STRUCK MOTOR VEHICLE, REAR END",True,False,Clear or Partly Cloudy,Dry,Daylight,,,,14.0,From same direction - both going straight - one stopped - rear-end,0,0,False,0
-122.312678772452,47.7194140425953,204429,300581,301781,E828055,Matched,Intersection,36427.0,15TH AVE NE AND NE 125TH ST, ,,2,Injury Collision,Angles,6,0,0,2,1,0,2018-08-12 00:00:00+00,8/12/2018 11:56:00 AM,At Intersection (intersection related),14,"MOTOR VEHICLE STRUCK MOTOR VEHICLE, REAR END",,False,Clear or Partly Cloudy,Dry,Daylight,,,,10.0,Entering at angle,0,0,False,0
-122.312094903297,47.6185186563405,204431,300240,301440,E823287,Matched,Block,,E DENNY WAY BETWEEN 15TH AVE AND 16TH AVE, ,,1,Property Damage Only Collision,Other,3,0,0,3,0,0,2018-07-19 00:00:00+00,7/19/2018 4:15:00 PM,Driveway Junction,13,"MOTOR VEHICLE STRUCK MOTOR VEHICLE, LEFT SIDE AT ANGLE",,False,Overcast,Dry,Daylight,,,,50.0,Fixed object,0,0,True,0
-122.320373645766,47.5527205929087,204434,300379,301579,E825145,Matched,Block,,AIRPORT WAY S BETWEEN S LUCILE ST AND CORSON AVE S, ,,1,Property Damage Only Collision,Sideswipe,4,0,0,2,0,0,2018-08-02 00:00:00+00,8/2/2018 3:40:00 PM,Mid-Block (not related to intersection),11,"MOTOR VEHICLE STRUCK MOTOR VEHICLE, FRONT END AT ANGLE",,False,Clear or Partly Cloudy,Dry,Daylight,,,,11.0,From same direction - both going straight - both moving - sideswipe,0,0,False,0
-122.33010312865,47.5314883826292,204436,300837,302057,E829678,Matched,Block,,5TH AVE S BETWEEN S KENYON W ST AND KENYON ON RP, ,,1,Property Damage Only Collision,Other,3,0,0,2,0,0,2018-08-09 00:00:00+00,8/9/2018 5:20:00 PM,Mid-Block (but intersection related),11,"MOTOR VEHICLE STRUCK MOTOR VEHICLE, FRONT END AT ANGLE",True,False,Clear or Partly Cloudy,Dry,Daylight,,,,23.0,From same direction - all others,0,0,False,0
-122.319589972542,47.6456177177574,204675,300099,301299,E824769,Matched,Intersection,28192.0,10TH AVE E AND E HAMLIN ST, ,,2,Injury Collision,Angles,2,0,0,2,1,0,2018-08-03 00:00:00+00,8/3/2018 4:45:00 PM,At Intersection (intersection related),11,"MOTOR VEHICLE STRUCK MOTOR VEHICLE, FRONT END AT ANGLE",,False,Clear or Partly Cloudy,Dry,Daylight,,,,10.0,Entering at angle,0,0,False,0
-122.338238289605,47.5557687495713,204437,300586,301786,E826928,Matched,Intersection,33022.0,EAST MARGINAL WAY S AND S DAWSON ST, ,,1,Property Damage Only Collision,Rear Ended,2,0,0,2,0,0,2018-08-03 00:00:00+00,8/3/2018 2:09:00 PM,At Intersection (intersection related),14,"MOTOR VEHICLE STRUCK MOTOR VEHICLE, REAR END",,False,Clear or Partly Cloudy,Dry,Daylight,,,,13.0,From same direction - both going straight - both moving - rear-end,0,0,False,0
-122.344946818331,47.7204806266264,204438,300237,301437,E823285,Matched,Block,,AURORA AVE N BETWEEN N 125TH ST AND N 127TH ST, ,,2,Injury Collision,Rear Ended,2,0,0,2,1,0,2018-07-28 00:00:00+00,7/28/2018 11:42:00 AM,Mid-Block (but intersection related),14,"MOTOR VEHICLE STRUCK MOTOR VEHICLE, REAR END",True,False,Clear or Partly Cloudy,Dry,Daylight,,,,14.0,From same direction - both going straight - one stopped - rear-end,0,0,False,0
-122.318387566392,47.6640072710762,204439,300836,302056,3751487,Matched,Intersection,25794.0,9TH AVE NE AND NE 48TH ST, ,,1,Property Damage Only Collision,Other,1,0,0,1,0,0,2018-08-26 00:00:00+00,8/26/2018 7:52:00 PM,At Intersection (intersection related),28,MOTOR VEHICLE RAN OFF ROAD - HIT FIXED OBJECT,,False,Raining,Wet,Dusk,,,,50.0,Fixed object,0,0,False,0
-122.303604920363,47.614116233106,204440,300381,301581,E825218,Matched,Block,,22ND AVE BETWEEN E UNION ST AND E PINE ST, ,,1,Property Damage Only Collision,Parked Car,2,0,0,2,0,0,2018-07-21 00:00:00+00,7/21/2018 12:23:00 AM,Mid-Block (not related to intersection),14,"MOTOR VEHICLE STRUCK MOTOR VEHICLE, REAR END",,False,Clear or Partly Cloudy,Dry,Dark - Street Lights On,,,,32.0,One parked--one moving,0,0,True,0
-122.355164901271,47.5173603810088,204441,300835,302055,3742443,Matched,Intersection,35058.0,DELRIDGE WAY SW AND SW ROXBURY ST, ,,1,Property Damage Only Collision,Angles,3,0,0,2,0,0,2018-08-26 00:00:00+00,8/26/2018 10:18:00 PM,At Intersection (intersection related),11,"MOTOR VEHICLE STRUCK MOTOR VEHICLE, FRONT END AT ANGLE",,False,Raining,Wet,Dark - Street Lights On,,,,10.0,Entering at angle,0,0,False,0
-122.328613064831,47.7077192361381,204443,300081,301281,E821420,Matched,Block,,1ST AVE NE BETWEEN I5 NB 1ST AV NE OFF RP AND NE NORTHGATE WAY, ,,1,Property Damage Only Collision,Sideswipe,3,0,0,2,0,0,2018-07-15 00:00:00+00,7/15/2018 10:27:00 AM,Mid-Block (not related to intersection),11,"MOTOR VEHICLE STRUCK MOTOR VEHICLE, FRONT END AT ANGLE",,False,Clear or Partly Cloudy,Dry,Daylight,,,,11.0,From same direction - both going straight - both moving - sideswipe,0,0,False,0
-122.254536615777,47.5063528316202,204445,300378,301578,E825144,Matched,Intersection,38250.0,RENTON AVE S AND S BANGOR ST, ,,2,Injury Collision,Rear Ended,2,0,0,2,1,0,2018-07-31 00:00:00+00,7/31/2018 4:42:00 PM,At Intersection (intersection related),14,"MOTOR VEHICLE STRUCK MOTOR VEHICLE, REAR END",,False,Clear or Partly Cloudy,Dry,Daylight,,,,14.0,From same direction - both going straight - one stopped - rear-end,0,0,False,0
-122.360956576442,47.5715936218157,204448,300583,301783,E826551,Matched,Block,,WEST SEATTLE BR WB BETWEEN W SEATTLE BR WB OFF RP AND HARBOR AV SW OFF RP, ,,2,Injury Collision,Sideswipe,2,0,0,2,1,0,2018-07-30 00:00:00+00,7/30/2018 9:14:00 AM,Mid-Block (not related to intersection),11,"MOTOR VEHICLE STRUCK MOTOR VEHICLE, FRONT END AT ANGLE",True,False,Clear or Partly Cloudy,Dry,Daylight,,,,11.0,From same direction - both going straight - both moving - sideswipe,0,0,False,0
-122.338484568197,47.6185342690104,204449,300079,301279,3812018,Matched,Intersection,29510.0,DENNY WAY AND WESTLAKE AVE, ,,1,Property Damage Only Collision,Other,1,0,0,1,0,0,2018-07-29 00:00:00+00,7/29/2018 8:39:00 AM,At Intersection (intersection related),28,MOTOR VEHICLE RAN OFF ROAD - HIT FIXED OBJECT,True,False,Overcast,Dry,Daylight,,,,50.0,Fixed object,0,0,False,0
-122.356756295299,47.6186070610507,204450,300078,301278,3811785,Matched,Intersection,28667.0,DENNY WAY AND QUEEN ANNE AVE N, ,,1,Property Damage Only Collision,Other,1,0,0,1,0,0,2018-08-01 00:00:00+00,8/1/2018 4:20:00 AM,At Intersection (intersection related),48,DRIVERLESS VEHICLE RAN OFF ROAD - HIT FIXED OBJECT,True,False,Clear or Partly Cloudy,Dry,Dark - Street Lights On,,,,50.0,Fixed object,0,0,False,0
-122.398372045807,47.6769936799261,204451,300832,302052,3508167,Matched,Intersection,24031.0,32ND AVE NW AND NW 67TH S ST, ,,1,Property Damage Only Collision,Angles,2,0,0,2,0,0,2018-08-26 00:00:00+00,8/26/2018 9:21:00 PM,At Intersection (intersection related),11,"MOTOR VEHICLE STRUCK MOTOR VEHICLE, FRONT END AT ANGLE",,False,Overcast,Wet,Dark - Street Lights On,,,,10.0,Entering at angle,0,0,False,0
-122.338647886054,47.7050950747577,204453,300077,301277,E822809,Matched,Intersection,37317.0,N 105TH ST AND N NORTHGATE E WAY, ,,2,Injury Collision,Angles,2,0,0,2,1,0,2018-07-21 00:00:00+00,7/21/2018 3:46:00 AM,At Intersection (intersection related),11,"MOTOR VEHICLE STRUCK MOTOR VEHICLE, FRONT END AT ANGLE",,True,Clear or Partly Cloudy,Dry,Dark - Street Lights On,,,,10.0,Entering at angle,0,0,False,0
-122.312507812313,47.664896782971,204454,300830,302050,E829355,Matched,Block,,NE 50TH ST BETWEEN UNIVERSITY WAY NE AND 15TH AVE NE, ,,1,Property Damage Only Collision,Angles,3,0,0,2,0,0,2018-08-18 00:00:00+00,8/18/2018 11:29:00 AM,Driveway Junction,11,"MOTOR VEHICLE STRUCK MOTOR VEHICLE, FRONT END AT ANGLE",,False,Clear or Partly Cloudy,Dry,Daylight,,,,10.0,Entering at angle,0,0,False,0
-122.337216518114,47.6057638630913,204455,300245,301445,E823353,Matched,Block,,1ST AVE BETWEEN SPRING ST AND SENECA ST, ,,1,Property Damage Only Collision,Other,4,0,0,2,0,0,2018-07-27 00:00:00+00,7/27/2018 5:59:00 PM,Mid-Block (not related to intersection),11,"MOTOR VEHICLE STRUCK MOTOR VEHICLE, FRONT END AT ANGLE",,False,Clear or Partly Cloudy,Dry,Daylight,,,,23.0,From same direction - all others,0,0,False,0
-122.354645431875,47.5817679601481,204457,300076,301276,3745633,Matched,Block,,16TH AVE SW BETWEEN SW FLORIDA ST AND SW LANDER ST,NEI,"Not Enough Information, or Insufficient Location Information",1,Property Damage Only Collision,Other,1,0,0,1,0,0,2018-07-17 00:00:00+00,7/17/2018 3:54:00 PM,Driveway Junction,28,MOTOR VEHICLE RAN OFF ROAD - HIT FIXED OBJECT,,False,Clear or Partly Cloudy,Dry,Daylight,,,,50.0,Fixed object,0,0,False,0