longitude,latitude,objectid,inckey,coldetkey,reportno,status,addrtype,intkey,location,exceptrsncode,exceptrsndesc,severitycode,severitydesc,collisiontype,personcount,pedcount,pedcylcount,vehcount,injuries,fatalities,incdate,incdttm,junctiontype,sdot_colcode,sdot_coldesc,inattentionind,underinfl,weather,roadcond,lightcond,pedrownotgrnt,sdotcolnum,speeding,st_colcode,st_coldesc,seglanekey,crosswalkkey,hitparkedcar,seriousinjuries
-122.31273633163,47.7330374087728,204459,300820,302040,E829352,Matched,Block,,15TH AVE NE BETWEEN NE 143RD ST AND NE 145TH ST, ,,1,Property Damage Only Collision,Angles,3,0,0,3,0,0,2018-08-17 00:00:00+00,8/17/2018 1:57:00 PM,Driveway Junction,11,"MOTOR VEHICLE STRUCK MOTOR VEHICLE, FRONT END AT ANGLE",,False,Clear or Partly Cloudy,Dry,Daylight,,,,10.0,Entering at angle,0,0,False,0
-122.314382805445,47.6575870428912,204461,300589,301789,E828056,Matched,Block,,BROOKLYN AVE NE BETWEEN NE 41ST ST AND NE 42ND ST, ,,1,Property Damage Only Collision,Parked Car,3,0,0,3,0,0,2018-08-13 00:00:00+00,8/13/2018 3:00:00 PM,Mid-Block (not related to intersection),14,"MOTOR VEHICLE STRUCK MOTOR VEHICLE, REAR END",,False,Clear or Partly Cloudy,Dry,Daylight,,,,32.0,One parked--one moving,0,0,False,0
-122.370655014801,47.5717885848781,204463,300073,301273,3578601,Matched,Intersection,32116.0,HARBOR AVE SW AND SW SPOKANE NR ST, ,,2,Injury Collision,Left Turn,2,0,0,2,2,0,2018-08-11 00:00:00+00,8/11/2018 9:48:00 PM,At Intersection (intersection related),11,"MOTOR VEHICLE STRUCK MOTOR VEHICLE, FRONT END AT ANGLE",,False,Clear or Partly Cloudy,Dry,Dark - Street Lights On,,,,28.0,From opposite direction - one left turn - one straight,0,0,False,0
-122.357361098644,47.6186094176622,204465,299920,301120,3732773,Matched,Intersection,28666.0,WESTERN AVE W AND W DENNY WAY, ,,2,Injury Collision,Rear Ended,5,0,0,3,1,0,2018-08-08 00:00:00+00,8/8/2018 7:01:00 PM,At Intersection (but not related to intersection),14,"MOTOR VEHICLE STRUCK MOTOR VEHICLE, REAR END",True,False,Clear or Partly Cloudy,Dry,Daylight,,,,14.0,From same direction - both going straight - one stopped - rear-end,0,0,False,0
-122.329059672125,47.5740426495278,204466,300588,301788,E826932,Matched,Block,,4TH AVE S BETWEEN S HORTON ST AND S HINDS ST, ,,1,Property Damage Only Collision,Sideswipe,2,0,0,2,0,0,2018-08-08 00:00:00+00,8/8/2018 5:40:00 PM,Mid-Block (but intersection related),14,"MOTOR VEHICLE STRUCK MOTOR VEHICLE, REAR END",,False,Clear or Partly Cloudy,Dry,Daylight,,,,11.0,From same direction - both going straight - both moving - sideswipe,0,0,False,0
-122.39426081364,47.6709238370583,204467,300243,301443,E823348,Matched,Block,,NW 58TH ST BETWEEN 28TH AVE NW AND 30TH AVE NW, ,,2,Injury Collision,Parked Car,3,0,0,3,1,0,2018-07-26 00:00:00+00,7/26/2018 11:58:00 AM,Mid-Block (not related to intersection),12,"MOTOR VEHICLE STRUCK MOTOR VEHICLE, RIGHT SIDE AT ANGLE",,False,Clear or Partly Cloudy,Dry,Daylight,,,,32.0,One parked--one moving,0,0,False,0
-122.335125905064,47.5787710300203,204469,300587,301787,E826930,Matched,Block,,UTAH AVE S BETWEEN S LANDER ST AND S FOREST ST, ,,1,Property Damage Only Collision,Parked Car,2,0,0,2,0,0,2018-08-09 00:00:00+00,8/9/2018 2:30:00 PM,Mid-Block (not related to intersection),11,"MOTOR VEHICLE STRUCK MOTOR VEHICLE, FRONT END AT ANGLE",,False,Clear or Partly Cloudy,Dry,Daylight,,,,32.0,One parked--one moving,0,0,False,0
-122.332163515123,47.5453890369613,204470,300584,301784,E826926,Matched,Block,,EAST MARGINAL WAY S BETWEEN S FRONT ST AND S MICHIGAN ST, ,,2b,Serious Injury Collision,Other,2,0,0,1,2,0,2018-07-29 00:00:00+00,7/29/2018 11:25:00 AM,Mid-Block (not related to intersection),29,MOTOR VEHICLE OVERTURNED IN ROAD,,False,Clear or Partly Cloudy,Dry,Daylight,,,,52.0,Vehicle overturned,0,0,False,1
-122.354477746769,47.6543870716543,204476,301678,302898,E834135,Matched,Block,,PHINNEY AVE N BETWEEN N 39TH ST AND N BOWDOIN PL, ,,1,Property Damage Only Collision,Parked Car,2,0,0,2,0,0,2018-08-19 00:00:00+00,8/19/2018 2:45:00 AM,Mid-Block (not related to intersection),11,"MOTOR VEHICLE STRUCK MOTOR VEHICLE, FRONT END AT ANGLE",,False,Clear or Partly Cloudy,Dry,Dark - Street Lights On,,,,32.0,One parked--one moving,0,0,True,0
-122.378891825575,47.6641759693,204478,301677,302897,E834131,Matched,Block,,17TH AVE NW BETWEEN NW LEARY WAY AND NW 49TH ST, ,,2,Injury Collision,Sideswipe,4,0,0,3,1,0,2018-08-25 00:00:00+00,8/25/2018 3:03:00 PM,Mid-Block (not related to intersection),11,"MOTOR VEHICLE STRUCK MOTOR VEHICLE, FRONT END AT ANGLE",,False,Overcast,Dry,Daylight,,,,11.0,From same direction - both going straight - both moving - sideswipe,0,0,False,0
-122.337041492711,47.6650351132772,204480,301672,302892,E834026,Matched,Block,,N 50TH ST BETWEEN DENSMORE AVE N AND WALLINGFORD AVE N, ,,2,Injury Collision,Rear Ended,3,0,0,2,1,0,2018-08-24 00:00:00+00,8/24/2018 11:31:00 AM,Mid-Block (not related to intersection),14,"MOTOR VEHICLE STRUCK MOTOR VEHICLE, REAR END",True,False,Clear or Partly Cloudy,Dry,Daylight,,,,14.0,From same direction - both going straight - one stopped - rear-end,0,0,False,0
-122.317886488713,47.7107695891054,204481,302024,303244,E836171,Matched,Block,,ROOSEVELT WAY NE BETWEEN NE 113TH S ST AND NE 113TH N ST,NEI,"Not Enough Information, or Insufficient Location Information",1,Property Damage Only Collision,Parked Car,2,0,0,2,0,0,2018-08-27 00:00:00+00,8/27/2018 5:24:00 PM,Mid-Block (not related to intersection),13,"MOTOR VEHICLE STRUCK MOTOR VEHICLE, LEFT SIDE AT ANGLE",,False,Fog/Smog/Smoke,Dry,Daylight,,,,32.0,One parked--one moving,0,0,True,0
-122.356040722042,47.6541521690194,204482,301671,302891,E834024,Matched,Block,,N 39TH ST BETWEEN PALATINE AVE N AND GREENWOOD AVE N, ,,1,Property Damage Only Collision,Parked Car,2,0,0,2,0,0,2018-08-24 00:00:00+00,8/24/2018 6:35:00 AM,Mid-Block (not related to intersection),14,"MOTOR VEHICLE STRUCK MOTOR VEHICLE, REAR END",,False,Clear or Partly Cloudy,Dry,Daylight,,,,32.0,One parked--one moving,0,0,True,0
-122.325967802443,47.7091052369037,204483,302023,303243,E836828,Matched,Block,,3RD AVE NE BETWEEN NE NORTHGATE WAY AND NE 112TH ST, ,,1,Property Damage Only Collision,Rear Ended,2,0,0,2,0,0,2018-08-31 00:00:00+00,8/31/2018 12:23:00 PM,Mid-Block (not related to intersection),14,"MOTOR VEHICLE STRUCK MOTOR VEHICLE, REAR END",,False,Clear or Partly Cloudy,Dry,Daylight,,,,14.0,From same direction - both going straight - one stopped - rear-end,0,0,False,0
-122.335653612081,47.6737086513003,204484,302374,303594,E835373,Matched,Intersection,25475.0,KIRKWOOD PL N AND EAST GREEN LAKE WAY N, ,,2,Injury Collision,Pedestrian,2,0,1,1,1,0,2018-08-27 00:00:00+00,8/27/2018 6:38:00 PM,At Intersection (intersection related),51,PEDALCYCLIST STRUCK MOTOR VEHICLE FRONT END AT ANGLE,,False,Clear or Partly Cloudy,Dry,Daylight,,,,5.0,Vehicle Strikes Pedalcyclist,0,0,False,0
-122.327624254389,47.6053401763489,204485,302022,303242,E836704,Matched,Intersection,29957.0,7TH AVE AND CHERRY ST, ,,1,Property Damage Only Collision,Other,2,0,0,2,0,0,2018-08-31 00:00:00+00,8/31/2018 3:40:00 AM,At Intersection (intersection related),11,"MOTOR VEHICLE STRUCK MOTOR VEHICLE, FRONT END AT ANGLE",,False,Raining,Wet,Dark - Street Lights On,,,,23.0,From same direction - all others,0,0,False,0
-122.349741010297,47.6461470273324,204486,302201,303421,E825857,Matched,Intersection,28057.0,NICKERSON ST AND WESTLAKE AVE N, ,,1,Property Damage Only Collision,Right Turn,2,0,0,2,0,0,2018-07-11 00:00:00+00,7/11/2018 7:14:00 AM,At Intersection (intersection related),14,"MOTOR VEHICLE STRUCK MOTOR VEHICLE, REAR END",,False,Clear or Partly Cloudy,Dry,Daylight,,,,16.0,From same direction - one right turn - one straight,0,0,False,0
-122.296783832179,47.6079975918442,204508,302193,303413,E825217,Matched,Intersection,30072.0,TEMPLE PL AND E CHERRY ST, ,,1,Property Damage Only Collision,Angles,2,0,0,2,0,0,2018-05-28 00:00:00+00,5/28/2018,At Intersection (intersection related),14,"MOTOR VEHICLE STRUCK MOTOR VEHICLE, REAR END",,False,Clear or Partly Cloudy,Dry,Dark - Street Lights On,,,,10.0,Entering at angle,0,0,False,0
-122.33420376417,47.5740441619685,204487,301670,302890,E833966,Matched,Block,,1ST AVE S BETWEEN S HORTON ST AND S HINDS ST, ,,2,Injury Collision,Rear Ended,2,0,0,2,1,0,2018-08-30 00:00:00+00,8/30/2018 11:20:00 PM,Mid-Block (not related to intersection),14,"MOTOR VEHICLE STRUCK MOTOR VEHICLE, REAR END",,False,Clear or Partly Cloudy,Dry,Dark - Street Lights On,,,,14.0,From same direction - both going straight - one stopped - rear-end,0,0,False,0
-122.347359783925,47.6526218603186,204488,301868,303088,3754306,Matched,Block,,N 38TH ST BETWEEN FREMONT TURN RD AND AURORA AV N NB OFF RP, ,,1,Property Damage Only Collision,Other,1,0,0,1,0,0,2018-09-10 00:00:00+00,9/10/2018 3:41:00 PM,Mid-Block (not related to intersection),26,MOTOR VEHICLE STRUCK OBJECT IN ROAD,,False,Clear or Partly Cloudy,Dry,Daylight,,,,50.0,Fixed object,0,0,False,0
-122.339449232144,47.5703949417351,204489,302199,303419,E825855,Matched,Block,,EAST MARGINAL ER WAY S BETWEEN S SPOKANE SR ST AND EAST MARGINAL NB WAY S, ,,1,Property Damage Only Collision,Sideswipe,2,0,0,2,0,0,2018-07-05 00:00:00+00,7/5/2018 10:47:00 AM,Mid-Block (not related to intersection),14,"MOTOR VEHICLE STRUCK MOTOR VEHICLE, REAR END",,False,Clear or Partly Cloudy,Dry,Daylight,,,,11.0,From same direction - both going straight - both moving - sideswipe,0,0,False,0
-122.296748767989,47.5749984989181,204490,301669,302889,E833965,Matched,Block,,S HANFORD ST BETWEEN M L KING JR WR N WAY S AND M L KING JR ER N WAY S, ,,1,Property Damage Only Collision,Sideswipe,3,0,0,2,0,0,2018-07-26 00:00:00+00,7/26/2018 6:59:00 PM,Mid-Block (not related to intersection),11,"MOTOR VEHICLE STRUCK MOTOR VEHICLE, FRONT END AT ANGLE",True,False,Clear or Partly Cloudy,Dry,Daylight,,,,11.0,From same direction - both going straight - both moving - sideswipe,0,0,False,0
-122.329062263647,47.5861701171476,204491,301865,303085,E835930,Matched,Intersection,31348.0,4TH AVE S AND S HOLGATE ST, ,,2,Injury Collision,Pedestrian,2,0,1,1,1,0,2018-09-05 00:00:00+00,9/5/2018 2:26:00 PM,At Intersection (intersection related),18,"MOTOR VEHICLE STRUCK PEDALCYCLIST, FRONT END AT ANGLE",,False,Clear or Partly Cloudy,Dry,Daylight,,,,5.0,Vehicle Strikes Pedalcyclist,0,521751,False,0
-122.268233117492,47.5533363763496,204492,302198,303418,E825853,Matched,Intersection,33684.0,52ND AVE S AND WILSON N AVE S, ,,1,Property Damage Only Collision,Left Turn,2,0,0,2,0,0,2018-07-10 00:00:00+00,7/10/2018 11:32:00 AM,At Intersection (intersection related),11,"MOTOR VEHICLE STRUCK MOTOR VEHICLE, FRONT END AT ANGLE",,False,Clear or Partly Cloudy,Dry,Daylight,,,,15.0,From same direction - one left turn - one straight,0,0,False,0
-122.328733504746,47.6048763674432,204495,301864,303084,E835753,Matched,Intersection,29963.0,6TH AVE AND CHERRY ST, ,,1,Property Damage Only Collision,Left Turn,2,0,0,2,0,0,2018-09-06 00:00:00+00,9/6/2018 2:21:00 PM,At Intersection (intersection related),11,"MOTOR VEHICLE STRUCK MOTOR VEHICLE, FRONT END AT ANGLE",,False,Clear or Partly Cloudy,Dry,Daylight,,,,15.0,From same direction - one left turn - one straight,0,0,False,0
-122.284837647984,47.5574458470403,204496,302197,303417,E825850,Matched,Block,,RAINIER AVE S BETWEEN S FERDINAND ST AND S HUDSON ST, ,,1,Property Damage Only Collision,Rear Ended,6,0,0,4,0,0,2018-07-10 00:00:00+00,7/10/2018 11:39:00 AM,Mid-Block (not related to intersection),14,"MOTOR VEHICLE STRUCK MOTOR VEHICLE, REAR END",True,False,Overcast,Dry,Daylight,,,,14.0,From same direction - both going straight - one stopped - rear-end,0,0,False,0
-122.265314619944,47.6793721988651,204498,301863,303083,E835734,Matched,Intersection,287172.0,BURKE GILMAN TRL AND NE 70TH ST, ,,2,Injury Collision,Pedestrian,3,0,1,1,1,0,2018-09-06 00:00:00+00,9/6/2018 6:45:00 PM,At Intersection (intersection related),51,PEDALCYCLIST STRUCK MOTOR VEHICLE FRONT END AT ANGLE,,False,Clear or Partly Cloudy,Dry,Daylight,,,,5.0,Vehicle Strikes Pedalcyclist,0,0,False,0
-122.336238433074,47.6046950465344,204499,302196,303416,3753673,Matched,Intersection,29621.0,1ST AVE AND MADISON ST, ,,2,Injury Collision,Pedestrian,2,0,1,1,1,0,2018-09-14 00:00:00+00,9/14/2018 4:33:00 PM,At Intersection (intersection related),51,PEDALCYCLIST STRUCK MOTOR VEHICLE FRONT END AT ANGLE,,False,Overcast,Dry,Daylight,,,,5.0,Vehicle Strikes Pedalcyclist,0,0,False,0
-122.349589512065,47.6411421564944,204500,302195,303415,E825751,Matched,Block,,4TH AVE N BETWEEN WHEELER ST AND SMITH ST, ,,2,Injury Collision,Angles,2,0,0,2,1,0,2018-08-07 00:00:00+00,8/7/2018 12:30:00 PM,Mid-Block (not related to intersection),11,"MOTOR VEHICLE STRUCK MOTOR VEHICLE, FRONT END AT ANGLE",,False,Clear or Partly Cloudy,Dry,Daylight,,,,10.0,Entering at angle,0,0,False,0
-122.310537395133,47.6394520734176,204501,301330,302570,3814136,Matched,Block,,BOYER AVE E BETWEEN 16TH E AVE E AND E LYNN ST, ,,1,Property Damage Only Collision,Parked Car,2,0,0,2,0,0,2018-08-16 00:00:00+00,8/16/2018 10:34:00 AM,Mid-Block (not related to intersection),14,"MOTOR VEHICLE STRUCK MOTOR VEHICLE, REAR END",,False,Clear or Partly Cloudy,Dry,Daylight,,,,32.0,One parked--one moving,0,0,True,0
-122.317403790736,47.6649373438838,204502,301862,303082,E835733,Matched,Intersection,25789.0,ROOSEVELT WAY NE AND NE 50TH ST, ,,1,Property Damage Only Collision,Angles,2,0,0,2,0,0,2018-09-06 00:00:00+00,9/6/2018 12:04:00 PM,At Intersection (intersection related),11,"MOTOR VEHICLE STRUCK MOTOR VEHICLE, FRONT END AT ANGLE",,False,Clear or Partly Cloudy,Dry,Daylight,,,,10.0,Entering at angle,0,0,False,0
-122.339812457115,47.6102783213514,204503,301861,303081,E835697,Matched,Intersection,29586.0,2ND AVE AND PINE ST, ,,2,Injury Collision,Pedestrian,2,1,0,1,1,0,2018-09-04 00:00:00+00,9/4/2018 12:27:00 PM,At Intersection (intersection related),24,MOTOR VEHCILE STRUCK PEDESTRIAN,,False,Clear or Partly Cloudy,Dry,Daylight,,,,2.0,Vehicle turning left hits pedestrian,0,525566,False,0
-122.283688930945,47.5788678505063,204504,301329,302569,3814033,Matched,Block,,LAKE WASHINGTON BLVD S BETWEEN LAKE PARK DR S AND S HORTON NR ST, ,,1,Property Damage Only Collision,Other,3,0,0,1,0,0,2018-08-15 00:00:00+00,8/15/2018 7:00:00 PM,Mid-Block (not related to intersection),26,MOTOR VEHICLE STRUCK OBJECT IN ROAD,,False,Unknown,Unknown,Unknown,,,,48.0,"Domestic animal other (cat, dog, etc)",0,0,False,0
-122.310264883739,47.6016805525321,204505,301860,303080,E835695,Matched,Intersection,30727.0,17TH AVE AND E YESLER WAY, ,,1,Property Damage Only Collision,Angles,3,0,0,3,0,0,2018-08-24 00:00:00+00,8/24/2018 10:39:00 AM,At Intersection (intersection related),11,"MOTOR VEHICLE STRUCK MOTOR VEHICLE, FRONT END AT ANGLE",,False,Clear or Partly Cloudy,Dry,Daylight,,,,10.0,Entering at angle,0,0,False,0
-122.320702903796,47.664957731244,204506,302194,303414,E825491,Matched,Intersection,25786.0,7TH AVE NE AND NE 50TH ST, ,,1,Property Damage Only Collision,Rear Ended,4,0,0,2,0,0,2018-06-13 00:00:00+00,6/13/2018 2:25:00 PM,At Intersection (but not related to intersection),14,"MOTOR VEHICLE STRUCK MOTOR VEHICLE, REAR END",,False,Clear or Partly Cloudy,Wet,Daylight,,,,13.0,From same direction - both going straight - both moving - rear-end,0,0,False,0
-122.30294665244,47.5836585664086,204510,301859,303079,E835693,Matched,Intersection,31564.0,23RD AVE S AND S WALKER ST, ,,2,Injury Collision,Angles,2,0,0,2,1,0,2018-08-29 00:00:00+00,8/29/2018 9:19:00 AM,At Intersection (intersection related),11,"MOTOR VEHICLE STRUCK MOTOR VEHICLE, FRONT END AT ANGLE",,False,Clear or Partly Cloudy,Dry,Daylight,,,,10.0,Entering at angle,0,0,False,0
-122.37583312908,47.6324625667898,204512,301326,302566,3812398,Matched,Block,,ELLIOTT AVE W BETWEEN W GALER ST AND 15TH AVE W, ,,1,Property Damage Only Collision,Rear Ended,2,0,0,2,0,0,2018-08-16 00:00:00+00,8/16/2018 4:48:00 AM,Mid-Block (not related to intersection),14,"MOTOR VEHICLE STRUCK MOTOR VEHICLE, REAR END",True,False,Clear or Partly Cloudy,Dry,Dark - Street Lights On,,,,13.0,From same direction - both going straight - both moving - rear-end,0,0,True,0
-122.322989230661,47.6053045121331,204513,301858,303078,E835687,Matched,Intersection,29816.0,JEFFERSON ST AND TERRY AVE, ,,2,Injury Collision,Angles,4,0,0,2,1,0,2018-09-04 00:00:00+00,9/4/2018 2:40:00 PM,At Intersection (intersection related),11,"MOTOR VEHICLE STRUCK MOTOR VEHICLE, FRONT END AT ANGLE",,False,Clear or Partly Cloudy,Dry,Daylight,,,,10.0,Entering at angle,0,0,False,0
-122.361543998406,47.6458004887055,204515,301325,302565,3812097,Matched,Block,,W FULTON ST BETWEEN 3RD AVE W AND 4TH AVE W, ,,1,Property Damage Only Collision,Parked Car,2,0,0,2,0,0,2018-08-17 00:00:00+00,8/17/2018 2:00:00 AM,Mid-Block (not related to intersection),14,"MOTOR VEHICLE STRUCK MOTOR VEHICLE, REAR END",,False,Clear or Partly Cloudy,Dry,Dark - Street Lights On,,,,32.0,One parked--one moving,0,0,True,0
-122.330439524574,47.6236979310567,204516,302028,303248,E836706,Matched,Block,,YALE AVE N BETWEEN REPUBLICAN ST AND MERCER ST,NEI,"Not Enough Information, or Insufficient Location Information",1,Property Damage Only Collision,Parked Car,2,0,0,2,0,0,2018-09-08 00:00:00+00,9/8/2018 1:00:00 PM,,0,NOT ENOUGH INFORMATION / NOT APPLICABLE,,False,Unknown,Unknown,Daylight,,,,32.0,One parked--one moving,0,0,True,0
-122.334267821978,47.620839251897,204518,302727,303967,E840818,Matched,Intersection,28792.0,FAIRVIEW AVE N AND THOMAS ST, ,,1,Property Damage Only Collision,Other,2,0,0,2,0,0,2018-09-19 00:00:00+00,9/19/2018 1:49:00 PM,At Intersection (intersection related),11,"MOTOR VEHICLE STRUCK MOTOR VEHICLE, FRONT END AT ANGLE",,False,Clear or Partly Cloudy,Dry,Daylight,,,,23.0,From same direction - all others,0,0,False,0
-122.296188785745,47.6234760487624,204519,303013,304253,E839612,Matched,Intersection,29253.0,28TH AVE E AND E MADISON ST, ,,2,Injury Collision,Left Turn,3,0,0,2,2,0,2018-08-26 00:00:00+00,8/26/2018 5:20:00 PM,At Intersection (intersection related),11,"MOTOR VEHICLE STRUCK MOTOR VEHICLE, FRONT END AT ANGLE",,False,Overcast,Dry,Daylight,,,,28.0,From opposite direction - one left turn - one straight,0,0,False,0
-122.358456208079,47.5210299532285,204520,299929,301129,3745461,Matched,Intersection,34886.0,DELRIDGE WAY SW AND SW BARTON ST, ,,1,Property Damage Only Collision,Angles,3,0,0,2,0,0,2018-08-08 00:00:00+00,8/8/2018 8:40:00 AM,At Intersection (intersection related),11,"MOTOR VEHICLE STRUCK MOTOR VEHICLE, FRONT END AT ANGLE",,False,Clear or Partly Cloudy,Dry,Daylight,,,,10.0,Entering at angle,0,0,False,0
-122.344070589896,47.6537680594725,204524,299923,301123,E820976,Matched,Intersection,26865.0,BRIDGE WAY N AND WOODLAND PARK AVE N, ,,1,Property Damage Only Collision,Angles,2,0,0,2,0,0,2018-07-22 00:00:00+00,7/22/2018 4:57:00 PM,At Intersection (intersection related),11,"MOTOR VEHICLE STRUCK MOTOR VEHICLE, FRONT END AT ANGLE",,False,Clear or Partly Cloudy,Dry,Daylight,,,,10.0,Entering at angle,0,0,False,0
-122.33480618704,47.7341361290925,204527,299709,300909,E815214,Matched,Block,,N 145TH ST BETWEEN WAYNE PL N AND MERIDIAN AVE N, ,,1,Property Damage Only Collision,Sideswipe,3,0,0,2,0,0,2018-06-19 00:00:00+00,6/19/2018 8:18:00 PM,Mid-Block (not related to intersection),11,"MOTOR VEHICLE STRUCK MOTOR VEHICLE, FRONT END AT ANGLE",True,False,Clear or Partly Cloudy,Dry,Daylight,,,,11.0,From same direction - both going straight - both moving - sideswipe,0,0,False,0
-122.276477636838,47.7011379344872,204528,299694,300894,E820972,Matched,Intersection,37797.0,48TH AVE NE AND NE 100TH ST, ,,1,Property Damage Only Collision,Angles,2,0,0,2,0,0,2018-07-23 00:00:00+00,7/23/2018 12:16:00 PM,At Intersection (intersection related),11,"MOTOR VEHICLE STRUCK MOTOR VEHICLE, FRONT END AT ANGLE",,False,Clear or Partly Cloudy,Dry,Daylight,,,,10.0,Entering at angle,0,0,False,0
-122.279532303269,47.522229889939,204531,300083,301283,E822552,Matched,Block,,M L KING JR WR WAY S BETWEEN S FAIRBANKS ST AND S DIRECTOR ST, ,,1,Property Damage Only Collision,Other,1,0,0,1,0,0,2018-07-04 00:00:00+00,7/4/2018 4:19:00 AM,Mid-Block (not related to intersection),28,MOTOR VEHICLE RAN OFF ROAD - HIT FIXED OBJECT,,False,Clear or Partly Cloudy,Dry,Dark - Street Lights On,,,,50.0,Fixed object,0,0,False,0
-122.304388284052,47.6026711260913,204532,302575,303815,3814262,Matched,Block,,E FIR ST BETWEEN 21ST AVE AND 22ND AVE, ,,2,Injury Collision,Parked Car,6,0,0,5,1,0,2018-09-06 00:00:00+00,9/6/2018 8:49:00 PM,Mid-Block (not related to intersection),11,"MOTOR VEHICLE STRUCK MOTOR VEHICLE, FRONT END AT ANGLE",True,True,Clear or Partly Cloudy,Dry,Dark - Street Lights On,,,,32.0,One parked--one moving,0,0,False,0
-122.333977184684,47.7077552720147,204672,299730,300930,E820964,Matched,Block,,MERIDIAN AVE N BETWEEN N 107TH ST AND N NORTHGATE WAY, ,,2,Injury Collision,Pedestrian,2,1,0,1,1,0,2018-07-24 00:00:00+00,7/24/2018 2:11:00 PM,Driveway Junction,24,MOTOR VEHCILE STRUCK PEDESTRIAN,True,False,Clear or Partly Cloudy,Dry,Daylight,,,,1.0,Vehicle turning right hits pedestrian,0,0,False,0
-122.323954864209,47.6489667026575,204534,299921,301121,3740039,Matched,Block,,E ALLISON ST BETWEEN FAIRVIEW AVE E AND EASTLAKE AVE E, ,,1,Property Damage Only Collision,Parked Car,3,0,0,3,0,0,2018-08-08 00:00:00+00,8/8/2018 6:10:00 PM,Mid-Block (not related to intersection),14,"MOTOR VEHICLE STRUCK MOTOR VEHICLE, REAR END",,False,Clear or Partly Cloudy,Dry,Daylight,,,,32.0,One parked--one moving,0,0,True,0
-122.370932309386,47.5743113586782,204536,299926,301126,3742525,Matched,Block,,HARBOR AVE SW BETWEEN SW HARBOR LN AND SW SPOKANE NR ST, ,,2,Injury Collision,Other,4,0,0,2,1,0,2018-08-08 00:00:00+00,8/8/2018 10:17:00 PM,Mid-Block (not related to intersection),11,"MOTOR VEHICLE STRUCK MOTOR VEHICLE, FRONT END AT ANGLE",,False,Overcast,Dry,Dark - Street Lights On,,,,23.0,From same direction - all others,0,0,False,0
-122.288210939051,47.5641862547451,204537,302574,303814,3810909,Matched,Block,,RAINIER AVE S BETWEEN S GENESEE N ST AND S GENESEE S ST, ,,1,Property Damage Only Collision,Sideswipe,2,0,0,2,0,0,2018-08-29 00:00:00+00,8/29/2018 8:27:00 AM,Mid-Block (not related to intersection),11,"MOTOR VEHICLE STRUCK MOTOR VEHICLE, FRONT END AT ANGLE",,False,Clear or Partly Cloudy,Dry,Daylight,,,,11.0,From same direction - both going straight - both moving - sideswipe,0,0,False,0
-122.301940127483,47.7338292579493,204539,299698,300898,E815099,Matched,Intersection,35996.0,25TH AVE NE AND NE 145TH ST, ,,2,Injury Collision,Angles,2,0,0,2,1,0,2018-07-04 00:00:00+00,7/4/2018 2:03:00 PM,At Intersection (intersection related),14,"MOTOR VEHICLE STRUCK MOTOR VEHICLE, REAR END",True,False,Clear or Partly Cloudy,Dry,Daylight,,,,10.0,Entering at angle,0,0,False,0
-122.301060632164,47.5992851494019,204541,302573,303813,3810858,Matched,Block,,S JACKSON ST BETWEEN 23RD AVE S AND 25TH AVE S, ,,1,Property Damage Only Collision,Parked Car,2,0,0,2,0,0,2018-09-06 00:00:00+00,9/6/2018 5:00:00 PM,Mid-Block (not related to intersection),14,"MOTOR VEHICLE STRUCK MOTOR VEHICLE, REAR END",,False,Clear or Partly Cloudy,Dry,Daylight,,,,32.0,One parked--one moving,0,0,False,0
-122.381151194536,47.5811586975196,204543,299930,301130,3745598,Matched,Intersection,31062.0,39TH AVE SW AND SW ADMIRAL WAY, ,,1,Property Damage Only Collision,Right Turn,2,0,0,2,0,0,2018-08-06 00:00:00+00,8/6/2018 4:02:00 PM,At Intersection (intersection related),14,"MOTOR VEHICLE STRUCK MOTOR VEHICLE, REAR END",,False,Clear or Partly Cloudy,Dry,Daylight,,,,16.0,From same direction - one right turn - one straight,0,0,False,0
-122.282958933113,47.5424501147355,204544,302572,303812,3810739,Matched,Block,,S HOLLY ST BETWEEN 39TH AVE S AND 40TH AVE S, ,,1,Property Damage Only Collision,Sideswipe,5,0,0,2,0,0,2018-09-06 00:00:00+00,9/6/2018 11:50:00 AM,Mid-Block (not related to intersection),11,"MOTOR VEHICLE STRUCK MOTOR VEHICLE, FRONT END AT ANGLE",,False,Clear or Partly Cloudy,Dry,Daylight,,,,26.0,From opposite direction - both going straight - sideswipe,0,0,False,0
-122.376466591478,47.5437735800491,204546,302734,303974,3588348,Matched,Block,,35TH AVE SW BETWEEN SW MORGAN ST AND SW HOLLY ST, ,,1,Property Damage Only Collision,Parked Car,2,0,0,2,0,0,2018-09-05 00:00:00+00,9/5/2018 8:30:00 AM,Mid-Block (not related to intersection),11,"MOTOR VEHICLE STRUCK MOTOR VEHICLE, FRONT END AT ANGLE",,True,Clear or Partly Cloudy,Dry,Dark - Street Lights On,,,,32.0,One parked--one moving,0,0,True,0
-122.386074073431,47.5156337904556,204547,299924,301124,3742523,Matched,Intersection,37965.0,42ND AVE SW AND SW 98TH ST, ,,2,Injury Collision,Angles,4,0,0,2,1,0,2018-08-07 00:00:00+00,8/7/2018 4:12:00 PM,At Intersection (intersection related),14,"MOTOR VEHICLE STRUCK MOTOR VEHICLE, REAR END",,False,Clear or Partly Cloudy,Dry,Daylight,,,,10.0,Entering at angle,0,0,False,0