longitude,latitude,objectid,inckey,coldetkey,reportno,status,addrtype,intkey,location,exceptrsncode,exceptrsndesc,severitycode,severitydesc,collisiontype,personcount,pedcount,pedcylcount,vehcount,injuries,fatalities,incdate,incdttm,junctiontype,sdot_colcode,sdot_coldesc,inattentionind,underinfl,weather,roadcond,lightcond,pedrownotgrnt,sdotcolnum,speeding,st_colcode,st_coldesc,seglanekey,crosswalkkey,hitparkedcar,seriousinjuries
-122.335662332976,47.6139407522457,204548,302398,303617,3550166,Matched,Block,,7TH AVE BETWEEN OLIVE WAY AND STEWART ST, ,,1,Property Damage Only Collision,Sideswipe,3,0,0,2,0,0,2018-09-15 00:00:00+00,9/15/2018 10:39:00 PM,Mid-Block (not related to intersection),11,"MOTOR VEHICLE STRUCK MOTOR VEHICLE, FRONT END AT ANGLE",,False,Clear or Partly Cloudy,Dry,Dark - Street Lights On,,,,11.0,From same direction - both going straight - both moving - sideswipe,0,0,False,0
-122.310180493864,47.603095948353,204549,302733,303973,3283170,Matched,Block,,17TH AVE BETWEEN E FIR ST AND E SPRUCE ST, ,,1,Property Damage Only Collision,Parked Car,2,0,0,2,0,0,2018-09-22 00:00:00+00,9/22/2018 5:39:00 PM,Mid-Block (not related to intersection),11,"MOTOR VEHICLE STRUCK MOTOR VEHICLE, FRONT END AT ANGLE",True,False,Clear or Partly Cloudy,Dry,Daylight,,,,32.0,One parked--one moving,0,0,True,0
-122.338092408142,47.7123018050044,204550,299716,300916,E820962,Matched,Block,,N 115TH ST BETWEEN STONE AVE N AND MERIDIAN AVE N, ,,1,Property Damage Only Collision,Angles,2,0,0,2,0,0,2018-07-24 00:00:00+00,7/24/2018 4:25:00 PM,Driveway Junction,11,"MOTOR VEHICLE STRUCK MOTOR VEHICLE, FRONT END AT ANGLE",True,False,Clear or Partly Cloudy,Dry,Daylight,,,,10.0,Entering at angle,0,0,False,0
-122.310151236465,47.6155898632955,204552,303015,304255,E839615,Matched,Intersection,30132.0,17TH AVE AND E MADISON ST, ,,1,Property Damage Only Collision,Left Turn,4,0,0,2,0,0,2018-09-13 00:00:00+00,9/13/2018 1:39:00 PM,At Intersection (intersection related),11,"MOTOR VEHICLE STRUCK MOTOR VEHICLE, FRONT END AT ANGLE",,False,Clear or Partly Cloudy,Dry,Daylight,,,,28.0,From opposite direction - one left turn - one straight,0,0,False,0
-122.310949419142,47.5951162837385,204553,302397,303602,3550165,Matched,Block,,RAINIER AVE S BETWEEN S DEARBORN ST AND S CHARLES N ST, ,,1,Property Damage Only Collision,Rear Ended,2,0,0,2,0,0,2018-09-14 00:00:00+00,9/14/2018 10:53:00 PM,Mid-Block (but intersection related),14,"MOTOR VEHICLE STRUCK MOTOR VEHICLE, REAR END",,True,Clear or Partly Cloudy,Dry,Dark - Street Lights On,,,,13.0,From same direction - both going straight - both moving - rear-end,0,0,False,0
-122.306350240399,47.6035126487625,204554,302732,303972,E840557,Matched,Intersection,30214.0,20TH AVE AND E SPRUCE ST, ,,2,Injury Collision,Angles,8,0,0,2,3,0,2018-09-21 00:00:00+00,9/21/2018 4:20:00 PM,At Intersection (intersection related),11,"MOTOR VEHICLE STRUCK MOTOR VEHICLE, FRONT END AT ANGLE",,False,Clear or Partly Cloudy,Dry,Daylight,,,,10.0,Entering at angle,0,0,False,0
-122.370193656062,47.5715593501127,204555,302731,303971,2798295,Matched,Block,,WEST SEATTLE BR WB BETWEEN SW ADMIRAL WY OFF RP AND POINT A, ,,1,Property Damage Only Collision,Other,1,0,0,1,0,0,2018-09-23 00:00:00+00,9/23/2018 12:10:00 AM,Mid-Block (not related to intersection),26,MOTOR VEHICLE STRUCK OBJECT IN ROAD,,False,Raining,Wet,Dark - Street Lights On,,,,50.0,Fixed object,0,0,False,0
-122.316248151686,47.5264447272378,204556,302381,303601,3372911,Matched,Block,,S CLOVERDALE ST BETWEEN 12TH AVE S AND 14TH AVE S, ,,2,Injury Collision,Sideswipe,3,0,0,2,1,0,2018-09-15 00:00:00+00,9/15/2018 2:01:00 PM,Mid-Block (but intersection related),14,"MOTOR VEHICLE STRUCK MOTOR VEHICLE, REAR END",True,False,Overcast,Dry,Daylight,,,,12.0,From same direction - both going straight - one stopped - sideswipe,0,0,False,0
-122.296773086129,47.6034477172557,204557,302730,303970,E840823,Matched,Block,,M L KING JR WAY BETWEEN E FIR ST AND E ALDER ST, ,,1,Property Damage Only Collision,Rear Ended,5,0,0,3,0,0,2018-09-19 00:00:00+00,9/19/2018 3:00:00 PM,Mid-Block (not related to intersection),14,"MOTOR VEHICLE STRUCK MOTOR VEHICLE, REAR END",,False,Clear or Partly Cloudy,Dry,Daylight,,,,14.0,From same direction - both going straight - one stopped - rear-end,0,0,False,0
-122.386480329672,47.5449968230645,204558,299922,301122,3742405,Matched,Block,,FAUNTLEROY WAY SW BETWEEN 42ND AVE SW AND CALIFORNIA AVE SW, ,,1,Property Damage Only Collision,Other,2,0,0,1,0,0,2018-08-08 00:00:00+00,8/8/2018 6:58:00 PM,Mid-Block (not related to intersection),28,MOTOR VEHICLE RAN OFF ROAD - HIT FIXED OBJECT,,False,Clear or Partly Cloudy,Dry,Daylight,,,,50.0,Fixed object,0,0,False,0
-122.376210674744,47.6756344811611,204559,302380,303600,3330597,Matched,Block,,15TH AVE NW BETWEEN NW 64TH ST AND NW 65TH ST, ,,1,Property Damage Only Collision,Sideswipe,3,0,0,2,0,0,2018-09-04 00:00:00+00,9/4/2018 5:59:00 PM,Driveway Junction,11,"MOTOR VEHICLE STRUCK MOTOR VEHICLE, FRONT END AT ANGLE",,False,Clear or Partly Cloudy,Dry,Daylight,,,,11.0,From same direction - both going straight - both moving - sideswipe,0,0,False,0
-122.376730669456,47.5219669204072,204560,299927,301127,3744090,Matched,Block,,35TH AVE SW BETWEEN SW HENDERSON ST AND SW BARTON ST, ,,1,Property Damage Only Collision,Other,1,0,0,1,0,0,2018-08-08 00:00:00+00,8/8/2018 7:10:00 AM,Mid-Block (not related to intersection),28,MOTOR VEHICLE RAN OFF ROAD - HIT FIXED OBJECT,,False,Clear or Partly Cloudy,Dry,Daylight,,,,54.0,Fire started in vehicle,0,0,False,0
-122.305281358023,47.6493531503938,204561,302379,303599,E837833,Matched,Block,,NE PACIFIC ST BETWEEN UNIV HOSPITAL DR AND MONTLAKE BLVD NE, ,,1,Property Damage Only Collision,Sideswipe,2,0,0,2,0,0,2018-09-12 00:00:00+00,9/12/2018 9:45:00 AM,Driveway Junction,11,"MOTOR VEHICLE STRUCK MOTOR VEHICLE, FRONT END AT ANGLE",,False,Clear or Partly Cloudy,Dry,Daylight,,,,11.0,From same direction - both going straight - both moving - sideswipe,0,0,False,0
-122.31678189326,47.6016933678319,204562,302729,303969,E840822,Matched,Intersection,30410.0,12TH AVE AND E YESLER WAY, ,,2,Injury Collision,Rear Ended,3,0,0,2,1,0,2018-08-27 00:00:00+00,8/27/2018 6:47:00 PM,At Intersection (intersection related),14,"MOTOR VEHICLE STRUCK MOTOR VEHICLE, REAR END",True,False,Clear or Partly Cloudy,Dry,Daylight,,,,14.0,From same direction - both going straight - one stopped - rear-end,0,0,False,0
-122.339686686328,47.7341325937485,204563,299706,300906,E815102,Matched,Intersection,35695.0,ASHWORTH AVE N AND N 145TH ST, ,,2,Injury Collision,Left Turn,2,0,0,2,2,0,2018-07-05 00:00:00+00,7/5/2018 2:30:00 PM,At Intersection (intersection related),11,"MOTOR VEHICLE STRUCK MOTOR VEHICLE, FRONT END AT ANGLE",True,False,Clear or Partly Cloudy,Dry,Daylight,,,,28.0,From opposite direction - one left turn - one straight,0,0,False,0
-122.302419518031,47.6251997083682,204564,303014,304254,E839613,Matched,Intersection,29338.0,23RD AVE E AND E ROY ST, ,,2,Injury Collision,Left Turn,4,0,0,2,1,0,2018-08-22 00:00:00+00,8/22/2018 3:04:00 PM,At Intersection (intersection related),11,"MOTOR VEHICLE STRUCK MOTOR VEHICLE, FRONT END AT ANGLE",,False,Clear or Partly Cloudy,Dry,Daylight,,,,28.0,From opposite direction - one left turn - one straight,0,0,False,0
-122.387601774301,47.6888429341573,204565,302378,303598,E837132,Matched,Block,,24TH AVE NW BETWEEN NW 83RD S ST AND NW 83RD N ST, ,,2,Injury Collision,Rear Ended,2,0,0,2,1,0,2018-09-07 00:00:00+00,9/7/2018 11:15:00 AM,Mid-Block (but intersection related),14,"MOTOR VEHICLE STRUCK MOTOR VEHICLE, REAR END",True,False,Clear or Partly Cloudy,Dry,Daylight,,,,14.0,From same direction - both going straight - one stopped - rear-end,0,0,False,0
-122.319753993727,47.5520818789892,204566,302728,303968,E840469,Matched,Intersection,33108.0,AIRPORT WAY S AND CORSON AVE S, ,,1,Property Damage Only Collision,Left Turn,2,0,0,2,0,0,2018-08-24 00:00:00+00,8/24/2018 2:14:00 PM,At Intersection (intersection related),11,"MOTOR VEHICLE STRUCK MOTOR VEHICLE, FRONT END AT ANGLE",,False,Clear or Partly Cloudy,Dry,Daylight,,,,28.0,From opposite direction - one left turn - one straight,0,0,False,0
-122.328103036781,47.5711174578818,204567,300082,301282,E822380,Matched,Block,,W SEA BR EB 4 AV OFF RP BETWEEN WEST SEATTLE BR EB AND 4TH AVE S, ,,2,Injury Collision,Other,1,0,0,1,1,0,2018-07-21 00:00:00+00,7/21/2018 3:53:00 PM,Mid-Block (not related to intersection),26,MOTOR VEHICLE STRUCK OBJECT IN ROAD,,False,Clear or Partly Cloudy,Dry,Daylight,,,,52.0,Vehicle overturned,0,0,False,0
-122.312887954697,47.5534403111992,204569,300084,301284,E822983,Matched,Block,,S LUCILE ST BETWEEN 15TH AVE S AND 16TH AVE S, ,,1,Property Damage Only Collision,Parked Car,2,0,0,2,0,0,2018-07-24 00:00:00+00,7/24/2018 9:56:00 AM,Mid-Block (but intersection related),11,"MOTOR VEHICLE STRUCK MOTOR VEHICLE, FRONT END AT ANGLE",True,False,Clear or Partly Cloudy,Dry,Daylight,,,,32.0,One parked--one moving,0,0,False,0
-122.392696870341,47.5315609755385,204570,299925,301125,3742524,Matched,Intersection,34770.0,FAUNTLEROY WAY SW AND SW MONROE ST, ,,1,Property Damage Only Collision,Other,2,0,0,1,0,0,2018-08-08 00:00:00+00,8/8/2018 7:35:00 PM,At Intersection (intersection related),26,MOTOR VEHICLE STRUCK OBJECT IN ROAD,,False,Clear or Partly Cloudy,Dry,Daylight,,,,50.0,Fixed object,0,0,False,0
-122.333137393519,47.5715774097365,204573,300840,302060,3810711,Matched,Intersection,590094.0,1ST AV S OFF RP AND WEST SEATTLE BR WB, ,,1,Property Damage Only Collision,Other,1,0,0,1,0,0,2018-08-17 00:00:00+00,8/17/2018 4:34:00 AM,At Intersection (intersection related),26,MOTOR VEHICLE STRUCK OBJECT IN ROAD,,False,Clear or Partly Cloudy,Dry,Dark - Street Lights On,,,,50.0,Fixed object,0,0,False,0
-122.355299625858,47.6869419120865,204575,300839,302059,3751581,Matched,Intersection,24282.0,GREENWOOD AVE N AND N 80TH ST, ,,1,Property Damage Only Collision,Angles,2,0,0,2,0,0,2018-08-22 00:00:00+00,8/22/2018 12:27:00 AM,At Intersection (intersection related),11,"MOTOR VEHICLE STRUCK MOTOR VEHICLE, FRONT END AT ANGLE",True,False,Clear or Partly Cloudy,Dry,Dark - Street Lights On,,,,10.0,Entering at angle,0,0,False,0
-122.321603827707,47.6867735891689,204576,300838,302058,3751579,Matched,Block,,NE 80TH ST BETWEEN 5TH AVE NE AND 8TH AVE NE, ,,2,Injury Collision,Rear Ended,3,0,0,2,1,0,2018-08-18 00:00:00+00,8/18/2018 9:32:00 PM,Mid-Block (not related to intersection),14,"MOTOR VEHICLE STRUCK MOTOR VEHICLE, REAR END",,False,Clear or Partly Cloudy,Dry,Dark - Street Lights On,,,,14.0,From same direction - both going straight - one stopped - rear-end,0,0,False,0
-122.332062246334,47.6034838897075,204579,300597,301797,E828590,Matched,Intersection,30481.0,3RD AVE AND CHERRY ST, ,,2,Injury Collision,Angles,3,0,0,2,1,0,2018-08-11 00:00:00+00,8/11/2018 3:27:00 PM,At Intersection (intersection related),11,"MOTOR VEHICLE STRUCK MOTOR VEHICLE, FRONT END AT ANGLE",,False,Clear or Partly Cloudy,Dry,Daylight,,,,10.0,Entering at angle,0,0,False,0
-122.360450519191,47.5300801215006,204581,300254,301454,3745639,Matched,Block,,DELRIDGE WAY SW BETWEEN SW KENYON ST AND SW THISTLE ST, ,,2,Injury Collision,Rear Ended,4,0,0,4,1,0,2018-08-09 00:00:00+00,8/9/2018 6:15:00 PM,Mid-Block (not related to intersection),14,"MOTOR VEHICLE STRUCK MOTOR VEHICLE, REAR END",,False,Clear or Partly Cloudy,Dry,Daylight,,,,14.0,From same direction - both going straight - one stopped - rear-end,0,0,False,0
-122.298899796642,47.6052332810159,204582,300596,301796,E827121,Matched,Block,,26TH AVE BETWEEN E ALDER ST AND E JEFFERSON ST, ,,1,Property Damage Only Collision,Parked Car,2,0,0,2,0,0,2018-08-11 00:00:00+00,8/11/2018 8:30:00 AM,Mid-Block (not related to intersection),13,"MOTOR VEHICLE STRUCK MOTOR VEHICLE, LEFT SIDE AT ANGLE",,False,Clear or Partly Cloudy,Dry,Daylight,,,,32.0,One parked--one moving,0,0,True,0
-122.297870555649,47.5944357884775,204584,300253,301453,E823845,Matched,Block,,M L KING JR WAY S BETWEEN S DEARBORN ST AND S NORMAN ST, ,,1,Property Damage Only Collision,Sideswipe,6,0,0,3,0,0,2018-07-31 00:00:00+00,7/31/2018 3:48:00 PM,Mid-Block (not related to intersection),11,"MOTOR VEHICLE STRUCK MOTOR VEHICLE, FRONT END AT ANGLE",,False,Clear or Partly Cloudy,Dry,Daylight,,,,11.0,From same direction - both going straight - both moving - sideswipe,0,0,False,0
-122.306517289368,47.6630759222057,204731,300255,301455,3751148,Matched,Intersection,26071.0,20TH AVE NE AND NE 47TH ST, ,,2,Injury Collision,Angles,3,0,0,2,2,0,2018-08-09 00:00:00+00,8/9/2018 5:23:00 PM,At Intersection (intersection related),11,"MOTOR VEHICLE STRUCK MOTOR VEHICLE, FRONT END AT ANGLE",,False,Clear or Partly Cloudy,Dry,Daylight,,,,10.0,Entering at angle,0,0,False,0
-122.313536764461,47.5931123086582,204585,300595,301795,E826933,Matched,Block,,STURGUS AVE S BETWEEN S CHARLES ST AND S JUDKINS ST, ,,1,Property Damage Only Collision,Parked Car,2,0,0,2,0,0,2018-08-11 00:00:00+00,8/11/2018 12:01:00 AM,Mid-Block (not related to intersection),12,"MOTOR VEHICLE STRUCK MOTOR VEHICLE, RIGHT SIDE AT ANGLE",,False,Clear or Partly Cloudy,Dry,Dark - Street Lights On,,,,32.0,One parked--one moving,0,0,True,0
-122.391426586813,47.5163405682907,204587,300252,301452,3741993,Matched,Block,,MARINE VIEW DR SW BETWEEN 45TH AVE SW AND 46TH AVE SW, ,,1,Property Damage Only Collision,Other,1,0,0,1,0,0,2018-08-10 00:00:00+00,8/10/2018 10:30:00 PM,Mid-Block (not related to intersection),28,MOTOR VEHICLE RAN OFF ROAD - HIT FIXED OBJECT,,False,Clear or Partly Cloudy,Dry,Daylight,,,,50.0,Fixed object,0,0,False,0
-122.262777397341,47.5201170126263,204590,300594,301794,E828078,Matched,Intersection,35451.0,RAINIER AVE S AND SEWARD PARK AVE S, ,,1,Property Damage Only Collision,Left Turn,2,0,0,2,0,0,2018-08-13 00:00:00+00,8/13/2018 3:19:00 PM,At Intersection (intersection related),11,"MOTOR VEHICLE STRUCK MOTOR VEHICLE, FRONT END AT ANGLE",,False,Clear or Partly Cloudy,Dry,Daylight,,,,15.0,From same direction - one left turn - one straight,0,0,False,0
-122.332132652775,47.5341477682515,204592,300249,301449,3605972,Matched,Intersection,34281.0,WEST MARGINAL WAY S AND S HOLDEN ST, ,,2,Injury Collision,Left Turn,3,0,0,3,2,0,2018-08-10 00:00:00+00,8/10/2018 9:57:00 PM,At Intersection (intersection related),11,"MOTOR VEHICLE STRUCK MOTOR VEHICLE, FRONT END AT ANGLE",,False,Clear or Partly Cloudy,Dry,Dark - Street Lights On,,,,28.0,From opposite direction - one left turn - one straight,0,0,False,0
-122.264356159829,47.5433693354272,204593,300593,301793,E828077,Matched,Block,,SEWARD PARK AVE S BETWEEN S MORGAN ST AND 55TH S AVE S, ,,2,Injury Collision,Rear Ended,3,0,0,3,2,0,2018-08-13 00:00:00+00,8/13/2018 6:27:00 PM,Mid-Block (not related to intersection),14,"MOTOR VEHICLE STRUCK MOTOR VEHICLE, REAR END",True,False,Clear or Partly Cloudy,Dry,Daylight,,,,14.0,From same direction - both going straight - one stopped - rear-end,0,0,False,0
-122.284946714389,47.5634763298979,204595,300248,301448,3605971,Matched,Block,,38TH AVE S BETWEEN S GENESEE ST AND S OREGON ST, ,,1,Property Damage Only Collision,Parked Car,3,0,0,2,0,0,2018-08-03 00:00:00+00,8/3/2018 4:22:00 PM,Mid-Block (not related to intersection),11,"MOTOR VEHICLE STRUCK MOTOR VEHICLE, FRONT END AT ANGLE",True,False,Clear or Partly Cloudy,Dry,Daylight,,,,32.0,One parked--one moving,0,0,False,0
-122.296975399674,47.5696378962,204596,300592,301792,E828076,Matched,Block,,M L KING JR WR WAY S BETWEEN S CHARLESTOWN ST AND S BRADFORD ST, ,,2,Injury Collision,Rear Ended,2,0,0,2,1,0,2018-08-13 00:00:00+00,8/13/2018 12:14:00 PM,Mid-Block (not related to intersection),14,"MOTOR VEHICLE STRUCK MOTOR VEHICLE, REAR END",,False,Clear or Partly Cloudy,Dry,Daylight,,,,13.0,From same direction - both going straight - both moving - rear-end,0,0,False,0
-122.311130634867,47.5488855877434,204597,300591,301791,E828075,Matched,Intersection,33381.0,SWIFT AVE S AND S ALBRO PL, ,,2,Injury Collision,Left Turn,3,0,0,2,1,0,2018-08-12 00:00:00+00,8/12/2018 2:56:00 PM,At Intersection (intersection related),11,"MOTOR VEHICLE STRUCK MOTOR VEHICLE, FRONT END AT ANGLE",,False,Clear or Partly Cloudy,Dry,Daylight,,,,28.0,From opposite direction - one left turn - one straight,0,0,False,0
-122.33842408956,47.6037813446637,204599,300247,301447,3506210,Matched,Intersection,29631.0,ALASKAN WAY AND MADISON ST,NEI,"Not Enough Information, or Insufficient Location Information",1,Property Damage Only Collision,Other,6,0,0,2,0,0,2018-08-05 00:00:00+00,8/5/2018 8:31:00 PM,At Intersection (intersection related),0,NOT ENOUGH INFORMATION / NOT APPLICABLE,,False,Clear or Partly Cloudy,Dry,Daylight,,,,23.0,From same direction - all others,0,0,False,0
-122.279122595534,47.5152512529479,204600,300590,301790,E828059,Matched,Block,,M L KING JR WR WAY S BETWEEN MERTON WAY S AND S NORFOLK ST, ,,2,Injury Collision,Rear Ended,2,0,0,2,2,0,2018-08-14 00:00:00+00,8/14/2018 11:58:00 AM,Mid-Block (not related to intersection),14,"MOTOR VEHICLE STRUCK MOTOR VEHICLE, REAR END",True,False,Clear or Partly Cloudy,Dry,Daylight,,,,14.0,From same direction - both going straight - one stopped - rear-end,0,0,False,0
-122.277315494355,47.6621887479085,204603,300097,301297,E823284,Matched,Block,,47TH AVE NE BETWEEN NE 45TH ST AND NE 47TH ST, ,,1,Property Damage Only Collision,Other,1,0,0,1,0,0,2018-07-27 00:00:00+00,7/27/2018 6:35:00 AM,Mid-Block (not related to intersection),26,MOTOR VEHICLE STRUCK OBJECT IN ROAD,,False,Clear or Partly Cloudy,Dry,Daylight,,,,50.0,Fixed object,0,0,False,0
-122.319347708891,47.5293978751214,204604,300426,301626,3731548,Matched,Block,,DALLAS AVE S BETWEEN S SOUTHERN ST AND S ROSE ST, ,,1,Property Damage Only Collision,Parked Car,3,0,0,3,0,0,2018-08-12 00:00:00+00,8/12/2018 2:36:00 AM,Mid-Block (not related to intersection),11,"MOTOR VEHICLE STRUCK MOTOR VEHICLE, FRONT END AT ANGLE",,False,Clear or Partly Cloudy,Dry,Dark - Street Lights On,,,,32.0,One parked--one moving,0,0,True,0
-122.279265354314,47.5261140437058,204605,300845,302065,3810962,Matched,Intersection,35255.0,M L KING JR WR WAY S AND S CLOVERDALE ST, ,,2,Injury Collision,Angles,2,0,0,2,1,0,2018-08-26 00:00:00+00,8/26/2018 1:41:00 PM,At Intersection (intersection related),11,"MOTOR VEHICLE STRUCK MOTOR VEHICLE, FRONT END AT ANGLE",,True,Clear or Partly Cloudy,Dry,Daylight,,,,10.0,Entering at angle,0,0,False,0
-122.371851991277,47.5444796849968,204606,300844,302064,E829680,Matched,Block,,SYLVAN WAY SW BETWEEN SW MORGAN W ST AND SW MORGAN E ST, ,,1,Property Damage Only Collision,Parked Car,2,0,0,2,0,0,2018-08-13 00:00:00+00,8/13/2018 1:53:00 PM,Mid-Block (not related to intersection),13,"MOTOR VEHICLE STRUCK MOTOR VEHICLE, LEFT SIDE AT ANGLE",,False,Clear or Partly Cloudy,Dry,Daylight,,,,32.0,One parked--one moving,0,0,True,0
-122.316143627464,47.5527082845119,204607,300425,301625,3605975,Matched,Block,,13TH AVE S BETWEEN S LUCILE ST AND DEAD END 3, ,,1,Property Damage Only Collision,Parked Car,2,0,0,2,0,0,2018-08-12 00:00:00+00,8/12/2018 3:45:00 PM,Mid-Block (not related to intersection),14,"MOTOR VEHICLE STRUCK MOTOR VEHICLE, REAR END",,False,Clear or Partly Cloudy,Dry,Daylight,,,,32.0,One parked--one moving,0,0,False,0
-122.329551384506,47.55339932974,204608,300843,302063,3810790,Matched,Intersection,33170.0,4TH AVE S AND S LUCILE ST, ,,2,Injury Collision,Right Turn,2,0,0,2,1,0,2018-08-23 00:00:00+00,8/23/2018 5:36:00 PM,At Intersection (intersection related),11,"MOTOR VEHICLE STRUCK MOTOR VEHICLE, FRONT END AT ANGLE",,False,Clear or Partly Cloudy,Dry,Daylight,,,,16.0,From same direction - one right turn - one straight,0,0,False,0
-122.312648030335,47.7185067431708,204609,300089,301289,E823238,Matched,Block,,15TH AVE NE BETWEEN NE 123RD ST AND NE 125TH ST, ,,1,Property Damage Only Collision,Rear Ended,2,0,0,2,0,0,2018-07-30 00:00:00+00,7/30/2018 12:23:00 PM,Mid-Block (but intersection related),14,"MOTOR VEHICLE STRUCK MOTOR VEHICLE, REAR END",True,False,Clear or Partly Cloudy,Dry,Daylight,,,,14.0,From same direction - both going straight - one stopped - rear-end,0,0,False,0
-122.336890899053,47.6054082909039,204610,300424,301624,3578603,Matched,Intersection,29615.0,1ST AVE AND SPRING ST, ,,2,Injury Collision,Angles,3,0,0,2,1,0,2018-08-12 00:00:00+00,8/12/2018 2:43:00 AM,At Intersection (intersection related),11,"MOTOR VEHICLE STRUCK MOTOR VEHICLE, FRONT END AT ANGLE",,False,Clear or Partly Cloudy,Dry,Dark - Street Lights On,,,,10.0,Entering at angle,0,0,False,0
-122.33658602572,47.6139541101209,204611,300088,301288,E822986,Matched,Block,,STEWART ST BETWEEN 6TH AVE AND 7TH AVE, ,,1,Property Damage Only Collision,Angles,2,0,0,2,0,0,2018-07-30 00:00:00+00,7/30/2018 12:05:00 PM,Driveway Junction,11,"MOTOR VEHICLE STRUCK MOTOR VEHICLE, FRONT END AT ANGLE",True,False,Clear or Partly Cloudy,Dry,Daylight,,,,10.0,Entering at angle,0,0,False,0
-122.287836127502,47.5628182714579,204613,300842,302062,3810788,Matched,Intersection,32721.0,RAINIER AVE S AND S OREGON ST, ,,2b,Serious Injury Collision,Angles,2,0,0,2,1,0,2018-08-23 00:00:00+00,8/23/2018 9:51:00 AM,At Intersection (intersection related),11,"MOTOR VEHICLE STRUCK MOTOR VEHICLE, FRONT END AT ANGLE",,False,Overcast,Dry,Daylight,,,,10.0,Entering at angle,0,0,False,1
-122.28079279259,47.5315373678487,204616,300841,302061,3810731,Matched,Intersection,34501.0,M L KING JR WR WAY S AND S KENYON ST, ,,2,Injury Collision,Angles,6,0,0,2,4,0,2018-08-20 00:00:00+00,8/20/2018 4:25:00 PM,At Intersection (intersection related),11,"MOTOR VEHICLE STRUCK MOTOR VEHICLE, FRONT END AT ANGLE",,False,Clear or Partly Cloudy,Dry,Daylight,,,,10.0,Entering at angle,0,0,False,0
-122.32348350211,47.7340529814808,204617,300086,301286,E822801,Matched,Intersection,35853.0,5TH AVE NE AND NE 145TH ST, ,,2,Injury Collision,Other,1,0,0,1,1,0,2018-07-29 00:00:00+00,7/29/2018 5:03:00 AM,At Intersection (intersection related),28,MOTOR VEHICLE RAN OFF ROAD - HIT FIXED OBJECT,,False,Clear or Partly Cloudy,Dry,Dark - Street Lights On,,,,50.0,Fixed object,0,0,False,0
-122.27343094036,47.5433701381238,204619,300085,301285,E822555,Matched,Intersection,34416.0,RAINIER AVE S AND S WARSAW ST, ,,2,Injury Collision,Angles,2,0,0,2,2,0,2018-07-21 00:00:00+00,7/21/2018 6:30:00 AM,At Intersection (intersection related),11,"MOTOR VEHICLE STRUCK MOTOR VEHICLE, FRONT END AT ANGLE",,False,Clear or Partly Cloudy,Dry,Dawn,,,,10.0,Entering at angle,0,0,False,0
-122.345017036586,47.7268595550699,204620,301885,303105,3751461,Matched,Intersection,35812.0,AURORA AVE N AND N 135TH ST, ,,1,Property Damage Only Collision,Rear Ended,2,0,0,2,0,0,2018-08-25 00:00:00+00,8/25/2018 2:02:00 AM,At Intersection (but not related to intersection),14,"MOTOR VEHICLE STRUCK MOTOR VEHICLE, REAR END",True,False,Fog/Smog/Smoke,Dry,Dark - Street Lights On,,,,14.0,From same direction - both going straight - one stopped - rear-end,0,0,False,0
-122.31501684451,47.5353748532582,204621,302206,303426,E826676,Matched,Block,,EAST MARGINAL WAY S BETWEEN S WEBSTER ST AND 14TH AVE S, ,,2,Injury Collision,Other,2,0,0,2,1,0,2018-07-17 00:00:00+00,7/17/2018 1:43:00 AM,Mid-Block (not related to intersection),14,"MOTOR VEHICLE STRUCK MOTOR VEHICLE, REAR END",,False,Clear or Partly Cloudy,Dry,Dark - Street Lights On,,,,23.0,From same direction - all others,0,0,False,0
-122.34013076417,47.5172725182138,204622,301884,303104,3742521,Matched,Intersection,34984.0,OLSON PL SW AND SW ROXBURY ST, ,,1,Property Damage Only Collision,Left Turn,2,0,0,2,0,0,2018-08-06 00:00:00+00,8/6/2018 5:52:00 PM,At Intersection (intersection related),14,"MOTOR VEHICLE STRUCK MOTOR VEHICLE, REAR END",,False,Clear or Partly Cloudy,Dry,Daylight,,,,28.0,From opposite direction - one left turn - one straight,0,0,False,0
-122.307936698455,47.5469809772069,204817,302743,303983,E840978,Matched,Intersection,33396.0,SWIFT AVE S AND S GRAHAM ST, ,,1,Property Damage Only Collision,Angles,3,0,0,2,0,0,2018-09-17 00:00:00+00,9/17/2018 8:10:00 AM,At Intersection (intersection related),11,"MOTOR VEHICLE STRUCK MOTOR VEHICLE, FRONT END AT ANGLE",,False,Overcast,Dry,Daylight,,,,10.0,Entering at angle,0,0,False,0
-122.327482073325,47.5426311006486,204623,301883,303103,3739842,Matched,Block,,EAST MARGINAL WAY S BETWEEN S RIVER ST AND S BRIGHTON ST, ,,1,Property Damage Only Collision,Right Turn,2,0,0,2,0,0,2018-07-24 00:00:00+00,7/24/2018 9:20:00 AM,Mid-Block (not related to intersection),11,"MOTOR VEHICLE STRUCK MOTOR VEHICLE, FRONT END AT ANGLE",True,False,Clear or Partly Cloudy,Dry,Daylight,,,,16.0,From same direction - one right turn - one straight,0,0,False,0
-122.29258234737,47.5991709310084,204624,302205,303425,E826549,Matched,Intersection,30604.0,31ST AVE S AND S JACKSON ST, ,,2,Injury Collision,Pedestrian,2,1,0,1,1,0,2018-07-13 00:00:00+00,7/13/2018 6:45:00 AM,At Intersection (intersection related),24,MOTOR VEHCILE STRUCK PEDESTRIAN,,False,Clear or Partly Cloudy,Dry,Daylight,,,,0.0,Vehicle going straight hits pedestrian,0,0,False,0