longitude,latitude,objectid,inckey,coldetkey,reportno,status,addrtype,intkey,location,exceptrsncode,exceptrsndesc,severitycode,severitydesc,collisiontype,personcount,pedcount,pedcylcount,vehcount,injuries,fatalities,incdate,incdttm,junctiontype,sdot_colcode,sdot_coldesc,inattentionind,underinfl,weather,roadcond,lightcond,pedrownotgrnt,sdotcolnum,speeding,st_colcode,st_coldesc,seglanekey,crosswalkkey,hitparkedcar,seriousinjuries
-122.316773001527,47.6219657677696,205368,305475,306755,E847044,Matched,Intersection,29028.0,12TH AVE E AND E HARRISON ST, ,,1,Property Damage Only Collision,Angles,4,0,0,2,0,0,2018-10-05 00:00:00+00,10/5/2018 4:05:00 PM,At Intersection (intersection related),14,"MOTOR VEHICLE STRUCK MOTOR VEHICLE, REAR END",,False,Raining,Wet,Daylight,,,,10.0,Entering at angle,0,0,False,0
-122.314148289954,47.6086305957172,204625,301882,303102,3702617,Matched,Block,,14TH AVE BETWEEN E CHERRY ST AND E COLUMBIA ST, ,,1,Property Damage Only Collision,Parked Car,2,0,0,2,0,0,2018-07-05 00:00:00+00,7/5/2018 4:23:00 PM,Mid-Block (not related to intersection),11,"MOTOR VEHICLE STRUCK MOTOR VEHICLE, FRONT END AT ANGLE",,False,Clear or Partly Cloudy,Dry,Daylight,,,,32.0,One parked--one moving,0,0,True,0
-122.297414682629,47.5992328395492,204626,302204,303424,E826548,Matched,Intersection,30602.0,M L KING JR WAY S AND S JACKSON ST, ,,2,Injury Collision,Pedestrian,2,1,0,1,1,0,2018-07-14 00:00:00+00,7/14/2018 10:27:00 AM,At Intersection (intersection related),24,MOTOR VEHCILE STRUCK PEDESTRIAN,,False,Clear or Partly Cloudy,Dry,Daylight,True,,,2.0,Vehicle turning left hits pedestrian,0,0,False,0
-122.321541459845,47.6199029608032,204627,301881,303101,3702615,Matched,Block,,E OLIVE WAY BETWEEN HARVARD AVE E AND BROADWAY E, ,,1,Property Damage Only Collision,Other,1,0,0,1,0,0,2018-07-04 00:00:00+00,7/4/2018 1:36:00 AM,Mid-Block (not related to intersection),26,MOTOR VEHICLE STRUCK OBJECT IN ROAD,,False,Clear or Partly Cloudy,Dry,Dark - No Street Lights,,,,50.0,Fixed object,0,0,False,0
-122.372869319716,47.6554872010857,204628,302203,303423,E826547,Matched,Block,,W NICKERSON ST BETWEEN 12TH AVE W AND 13TH AVE W, ,,1,Property Damage Only Collision,Parked Car,5,0,0,5,0,0,2018-07-10 00:00:00+00,7/10/2018 10:03:00 PM,Mid-Block (not related to intersection),14,"MOTOR VEHICLE STRUCK MOTOR VEHICLE, REAR END",,False,Clear or Partly Cloudy,Dry,Dark - Street Lights On,,,,32.0,One parked--one moving,0,0,False,0
-122.311965693459,47.6630836470914,204629,301879,303099,3479524,Matched,Intersection,26066.0,15TH AVE NE AND NE 47TH ST, ,,1,Property Damage Only Collision,Left Turn,2,0,0,2,0,0,2018-07-09 00:00:00+00,7/9/2018 6:55:00 PM,At Intersection (intersection related),11,"MOTOR VEHICLE STRUCK MOTOR VEHICLE, FRONT END AT ANGLE",,False,Overcast,Dry,Daylight,,,,28.0,From opposite direction - one left turn - one straight,0,0,False,0
-122.389440949389,47.5702273993323,204630,302202,303422,E825858,Matched,Intersection,31963.0,45TH AVE SW AND SW CHARLESTOWN ST, ,,2,Injury Collision,Angles,2,0,0,2,2,0,2018-07-10 00:00:00+00,7/10/2018 10:06:00 AM,At Intersection (intersection related),11,"MOTOR VEHICLE STRUCK MOTOR VEHICLE, FRONT END AT ANGLE",,False,Overcast,Dry,Daylight,,,,10.0,Entering at angle,0,0,False,0
-122.301264483997,47.7338238510526,204631,302040,303260,E811180,Matched,Block,,NE 145TH ST BETWEEN 25TH AVE NE AND 26TH AVE NE, ,,1,Property Damage Only Collision,Rear Ended,2,0,0,2,0,0,2018-06-08 00:00:00+00,6/8/2018 10:38:00 PM,Mid-Block (not related to intersection),14,"MOTOR VEHICLE STRUCK MOTOR VEHICLE, REAR END",,False,Raining,Wet,Dark - Street Lights On,,,,13.0,From same direction - both going straight - both moving - rear-end,0,0,False,0
-122.343260778135,47.6114518575507,204632,301689,302909,E834061,Matched,Block,,1ST AVE BETWEEN VIRGINIA ST AND LENORA ST, ,,2,Injury Collision,Rear Ended,2,0,0,2,1,0,2018-08-03 00:00:00+00,8/3/2018 7:35:00 AM,Mid-Block (but intersection related),14,"MOTOR VEHICLE STRUCK MOTOR VEHICLE, REAR END",,False,Raining,Wet,Daylight,,,,14.0,From same direction - both going straight - one stopped - rear-end,0,0,False,0
-122.265611487158,47.6739038526523,204633,302039,303259,E836174,Matched,Block,,SAND POINT WAY NE BETWEEN NE 62ND ST AND NE 63RD ST,NEI,"Not Enough Information, or Insufficient Location Information",1,Property Damage Only Collision,Other,1,0,0,1,0,0,2018-09-03 00:00:00+00,9/3/2018 12:13:00 PM,Mid-Block (not related to intersection),28,MOTOR VEHICLE RAN OFF ROAD - HIT FIXED OBJECT,,False,Clear or Partly Cloudy,Dry,Daylight,,,,50.0,Fixed object,0,0,False,0
-122.319483167085,47.7206031276238,204635,302038,303258,E836173,Matched,Block,,ROOSEVELT WAY NE BETWEEN NE 125TH N ST AND NE 127TH ST, ,,1,Property Damage Only Collision,Left Turn,3,0,0,2,0,0,2018-08-29 00:00:00+00,8/29/2018 5:27:00 PM,Driveway Junction,11,"MOTOR VEHICLE STRUCK MOTOR VEHICLE, FRONT END AT ANGLE",,False,Clear or Partly Cloudy,Dry,Daylight,,,,28.0,From opposite direction - one left turn - one straight,0,0,False,0
-122.320630304811,47.5386504466102,204636,302439,303679,E838799,Matched,Intersection,34195.0,ELLIS AVE S AND EAST MARGINAL WAY S, ,,2,Injury Collision,Rear Ended,3,0,0,3,2,0,2018-09-12 00:00:00+00,9/12/2018 5:49:00 PM,At Intersection (intersection related),14,"MOTOR VEHICLE STRUCK MOTOR VEHICLE, REAR END",,False,Clear or Partly Cloudy,Dry,Daylight,,,,13.0,From same direction - both going straight - both moving - rear-end,0,0,False,0
-122.307082772967,47.6757790142272,204639,302037,303257,E836172,Matched,Block,,NE 65TH ST BETWEEN 19TH AVE NE AND 20TH AVE NE, ,,1,Property Damage Only Collision,Rear Ended,4,0,0,3,0,0,2018-09-04 00:00:00+00,9/4/2018 1:33:00 PM,Mid-Block (but intersection related),14,"MOTOR VEHICLE STRUCK MOTOR VEHICLE, REAR END",,False,Clear or Partly Cloudy,Dry,Daylight,,,,14.0,From same direction - both going straight - one stopped - rear-end,0,0,False,0
-122.387631814763,47.6675541546702,204641,301685,302905,E834028,Matched,Block,,24TH AVE NW BETWEEN DEAD END AND NW 54TH ST, ,,1,Property Damage Only Collision,Parked Car,2,0,0,2,0,0,2018-08-26 00:00:00+00,8/26/2018 3:50:00 AM,Mid-Block (not related to intersection),13,"MOTOR VEHICLE STRUCK MOTOR VEHICLE, LEFT SIDE AT ANGLE",True,False,Clear or Partly Cloudy,Dry,Dark - Street Lights On,,,,32.0,One parked--one moving,0,0,True,0
-122.31992428564,47.6219826743565,204732,301346,302586,3773945,Matched,Intersection,29025.0,10TH AVE E AND E HARRISON ST, ,,2,Injury Collision,Pedestrian,2,0,1,1,1,0,2018-08-29 00:00:00+00,8/29/2018 1:11:00 PM,At Intersection (intersection related),18,"MOTOR VEHICLE STRUCK PEDALCYCLIST, FRONT END AT ANGLE",,False,Clear or Partly Cloudy,Dry,Daylight,True,,,5.0,Vehicle Strikes Pedalcyclist,0,0,False,0
-122.366018656323,47.6786572053806,204642,302034,303254,3751651,Matched,Block,,8TH AVE NW BETWEEN NW 67TH ST AND NW 70TH ST, ,,1,Property Damage Only Collision,Rear Ended,2,0,0,2,0,0,2018-09-12 00:00:00+00,9/12/2018 1:56:00 PM,Mid-Block (not related to intersection),14,"MOTOR VEHICLE STRUCK MOTOR VEHICLE, REAR END",True,False,Clear or Partly Cloudy,Dry,Daylight,,,,13.0,From same direction - both going straight - both moving - rear-end,0,0,False,0
-122.320933303742,47.6236976116471,204643,302437,303677,E838797,Matched,Block,,BROADWAY E BETWEEN E REPUBLICAN ST AND E MERCER ST, ,,2,Injury Collision,Cycles,2,0,1,1,1,0,2018-08-27 00:00:00+00,8/27/2018 5:32:00 PM,Mid-Block (not related to intersection),11,"MOTOR VEHICLE STRUCK MOTOR VEHICLE, FRONT END AT ANGLE",,False,Clear or Partly Cloudy,Dry,Daylight,,,,6.0,Pedalcyclist Strikes Moving Vehicle,0,0,False,0
-122.334210145663,47.6091878470754,204644,302418,303658,3705922,Matched,Block,,5TH AVE BETWEEN UNIVERSITY ST AND UNION ST, ,,1,Property Damage Only Collision,Sideswipe,4,0,0,2,0,0,2018-09-05 00:00:00+00,9/5/2018 4:15:00 PM,Mid-Block (not related to intersection),11,"MOTOR VEHICLE STRUCK MOTOR VEHICLE, FRONT END AT ANGLE",,False,Clear or Partly Cloudy,Dry,Daylight,,,,11.0,From same direction - both going straight - both moving - sideswipe,0,0,False,0
-122.283471493704,47.5566244253043,204645,301684,302904,E834522,Matched,Block,,39TH AVE S BETWEEN S HUDSON ST AND S PEARL ST, ,,1,Property Damage Only Collision,Parked Car,2,0,0,2,0,0,2018-08-04 00:00:00+00,8/4/2018 1:38:00 PM,Mid-Block (not related to intersection),11,"MOTOR VEHICLE STRUCK MOTOR VEHICLE, FRONT END AT ANGLE",,False,Unknown,Unknown,Unknown,,,,32.0,One parked--one moving,0,0,True,0
-122.358273324885,47.7036525135066,204646,302033,303253,3751613,Matched,Intersection,37107.0,HOLMAN RD NW AND NW 103RD ST, ,,1,Property Damage Only Collision,Head On,2,0,0,2,0,0,2018-09-12 00:00:00+00,9/12/2018 1:20:00 PM,At Intersection (intersection related),11,"MOTOR VEHICLE STRUCK MOTOR VEHICLE, FRONT END AT ANGLE",,True,Clear or Partly Cloudy,Dry,Daylight,,,,30.0,From opposite direction - all others,0,0,False,0
-122.373589724829,47.6675232393569,204647,302032,303252,3751485,Matched,Block,,14TH AVE NW BETWEEN NW 53RD ST AND NW 54TH ST, ,,1,Property Damage Only Collision,Parked Car,3,0,0,3,0,0,2018-08-22 00:00:00+00,8/22/2018 6:31:00 PM,Mid-Block (not related to intersection),16,"MOTOR VEHICLE STRUCK MOTOR VEHICLE, LEFT SIDE SIDESWIPE",,False,Overcast,Dry,Daylight,,,,32.0,One parked--one moving,0,0,True,0
-122.373383900895,47.5674954750064,204665,302739,303979,3694885,Matched,Block,,WEST SEATTLE BR EB BETWEEN POINT A AND FAUNTLEROY WAY SW, ,,2,Injury Collision,Other,7,0,0,4,1,0,2018-09-15 00:00:00+00,9/15/2018 7:35:00 PM,Mid-Block (not related to intersection),14,"MOTOR VEHICLE STRUCK MOTOR VEHICLE, REAR END",,False,Raining,Wet,Dark - Street Lights On,,,True,50.0,Fixed object,0,0,False,0
-122.323109765057,47.5966711525192,204648,301683,302903,E833657,Matched,Block,,S LANE ST BETWEEN 7TH AVE S AND 8TH AVE S,NEI,"Not Enough Information, or Insufficient Location Information",1,Property Damage Only Collision,Parked Car,2,0,0,2,0,0,2018-08-12 00:00:00+00,8/12/2018 11:00:00 AM,Mid-Block (not related to intersection),13,"MOTOR VEHICLE STRUCK MOTOR VEHICLE, LEFT SIDE AT ANGLE",,False,Clear or Partly Cloudy,Dry,Daylight,,,,32.0,One parked--one moving,0,0,True,0
-122.363108168379,47.6686502163782,204649,302031,303251,3751484,Matched,Block,,NW MARKET ST BETWEEN 5TH AVE NW AND 6TH E AVE NW, ,,2,Injury Collision,Sideswipe,2,0,0,2,1,0,2018-08-23 00:00:00+00,8/23/2018 9:38:00 AM,Mid-Block (not related to intersection),14,"MOTOR VEHICLE STRUCK MOTOR VEHICLE, REAR END",,False,Overcast,Dry,Daylight,,,,11.0,From same direction - both going straight - both moving - sideswipe,0,0,False,0
-122.275209969509,47.5221765481437,204650,302417,303657,3583396,Matched,Block,,RENTON AVE S BETWEEN S HENDERSON ST AND S BARTON ST, ,,2,Injury Collision,Other,1,0,0,1,1,0,2018-09-02 00:00:00+00,9/2/2018 11:40:00 PM,Mid-Block (not related to intersection),28,MOTOR VEHICLE RAN OFF ROAD - HIT FIXED OBJECT,,True,Clear or Partly Cloudy,Dry,Dark - Street Lights On,,,,50.0,Fixed object,0,0,False,0
-122.313459704219,47.55519377107,204651,301682,302902,E834258,Matched,Block,,15TH AVE S BETWEEN S DAWSON ST AND S BENNETT ST, ,,2,Injury Collision,Rear Ended,5,0,0,2,1,0,2018-08-29 00:00:00+00,8/29/2018 7:57:00 AM,Mid-Block (not related to intersection),14,"MOTOR VEHICLE STRUCK MOTOR VEHICLE, REAR END",True,False,Clear or Partly Cloudy,Dry,Daylight,,,,13.0,From same direction - both going straight - both moving - rear-end,0,0,False,0
-122.32690825792,47.6693561664206,204652,302399,303637,3578604,Matched,Block,,NE 56TH ST BETWEEN 1ST AVE NE AND LATONA AVE NE, ,,1,Property Damage Only Collision,Rear Ended,3,0,0,2,0,0,2018-09-13 00:00:00+00,9/13/2018 7:02:00 PM,Mid-Block (but intersection related),14,"MOTOR VEHICLE STRUCK MOTOR VEHICLE, REAR END",True,False,Clear or Partly Cloudy,Dry,Daylight,,,True,14.0,From same direction - both going straight - one stopped - rear-end,0,0,False,0
-122.329604445181,47.5446149921306,204653,301681,302901,E834256,Matched,Block,,4TH AVE S BETWEEN S MICHIGAN ST AND EAST MARGINAL WAY S, ,,1,Property Damage Only Collision,Sideswipe,3,0,0,2,0,0,2018-08-09 00:00:00+00,8/9/2018 7:25:00 AM,Mid-Block (not related to intersection),11,"MOTOR VEHICLE STRUCK MOTOR VEHICLE, FRONT END AT ANGLE",True,False,Clear or Partly Cloudy,Dry,Daylight,,,,11.0,From same direction - both going straight - both moving - sideswipe,0,0,False,0
-122.358666563879,47.6245898858109,204654,301887,303107,3753660,Matched,Block,,W MERCER ST BETWEEN 1ST AVE W AND 2ND AVE W, ,,1,Property Damage Only Collision,Parked Car,2,0,0,2,0,0,2018-08-24 00:00:00+00,8/24/2018 10:50:00 PM,Mid-Block (not related to intersection),14,"MOTOR VEHICLE STRUCK MOTOR VEHICLE, REAR END",,False,Clear or Partly Cloudy,Dry,Dark - Street Lights On,,,,19.0,One car entering parked position,0,0,True,0
-122.342349601083,47.6245497266159,204655,302209,303429,3753804,Matched,Intersection,28767.0,DEXTER AVE N AND MERCER ST, ,,2b,Serious Injury Collision,Sideswipe,2,0,0,2,1,0,2018-09-11 00:00:00+00,9/11/2018 8:49:00 AM,At Intersection (intersection related),11,"MOTOR VEHICLE STRUCK MOTOR VEHICLE, FRONT END AT ANGLE",True,False,Clear or Partly Cloudy,Dry,Daylight,,,,71.0,Same direction -- both turning right -- both moving -- sideswipe,0,0,False,1
-122.344590807641,47.6963600951054,204656,301345,302585,3694488,Matched,Intersection,37328.0,AURORA AVE N AND N 93RD ST, ,,2,Injury Collision,Left Turn,3,0,0,2,1,0,2018-08-29 00:00:00+00,8/29/2018 3:20:00 PM,At Intersection (intersection related),11,"MOTOR VEHICLE STRUCK MOTOR VEHICLE, FRONT END AT ANGLE",,False,Overcast,Dry,Daylight,,,,28.0,From opposite direction - one left turn - one straight,0,0,False,0
-122.392462457957,47.6831027723165,204657,301886,303106,3751583,Matched,Block,,NW 75TH ST BETWEEN EARL AVE NW AND 28TH AVE NW, ,,1,Property Damage Only Collision,Parked Car,2,0,0,2,0,0,2018-08-22 00:00:00+00,8/22/2018 4:38:00 AM,Mid-Block (not related to intersection),11,"MOTOR VEHICLE STRUCK MOTOR VEHICLE, FRONT END AT ANGLE",,False,Clear or Partly Cloudy,Dry,Daylight,,,,32.0,One parked--one moving,0,0,True,0
-122.326061859004,47.7340730341091,204658,302208,303428,E827721,Matched,Intersection,35905.0,4TH AVE NE AND NE 145TH ST, ,,1,Property Damage Only Collision,Left Turn,2,0,0,2,0,0,2018-07-31 00:00:00+00,7/31/2018 9:11:00 AM,At Intersection (intersection related),11,"MOTOR VEHICLE STRUCK MOTOR VEHICLE, FRONT END AT ANGLE",True,False,Clear or Partly Cloudy,Dry,Daylight,,,,28.0,From opposite direction - one left turn - one straight,0,0,False,0
-122.313334575715,47.6533994405425,204660,302207,303427,E826829,Matched,Intersection,27167.0,UNIVERSITY WAY NE AND NE PACIFIC ST,NEI,"Not Enough Information, or Insufficient Location Information",2,Injury Collision,Pedestrian,2,0,1,1,1,0,2018-08-10 00:00:00+00,8/10/2018 10:30:00 PM,At Intersection (intersection related),0,NOT ENOUGH INFORMATION / NOT APPLICABLE,True,False,Clear or Partly Cloudy,Dry,Dark - Street Lights On,True,,,5.0,Vehicle Strikes Pedalcyclist,0,0,False,0
-122.304140125789,47.5588375129341,204661,300098,301298,E824404,Matched,Block,,BEACON ER AVE S BETWEEN S COLUMBIAN WAY AND S FERDINAND N ST, ,,1,Property Damage Only Collision,Rear Ended,4,0,0,3,0,0,2018-08-03 00:00:00+00,8/3/2018 11:54:00 AM,Mid-Block (not related to intersection),14,"MOTOR VEHICLE STRUCK MOTOR VEHICLE, REAR END",True,False,Clear or Partly Cloudy,Dry,Daylight,,,,14.0,From same direction - both going straight - one stopped - rear-end,0,0,False,0
-122.296254307144,47.6079966236585,204662,302741,303981,3702441,Matched,Intersection,30071.0,M L KING JR WAY AND E CHERRY ST, ,,1,Property Damage Only Collision,Rear Ended,2,0,0,2,0,0,2018-09-17 00:00:00+00,9/17/2018 8:50:00 AM,At Intersection (but not related to intersection),14,"MOTOR VEHICLE STRUCK MOTOR VEHICLE, REAR END",True,False,Clear or Partly Cloudy,Dry,Daylight,,,,14.0,From same direction - both going straight - one stopped - rear-end,0,0,False,0
-122.350465546695,47.6133669632782,203563,300015,301215,3748163,Matched,Intersection,29697.0,ELLIOTT AVE AND WALL ST, ,,2,Injury Collision,Left Turn,4,0,0,2,2,0,2018-08-03 00:00:00+00,8/3/2018 3:40:00 PM,At Intersection (intersection related),11,"MOTOR VEHICLE STRUCK MOTOR VEHICLE, FRONT END AT ANGLE",,False,Clear or Partly Cloudy,Unknown,Daylight,,,,28.0,From opposite direction - one left turn - one straight,0,0,False,0
-122.334827723489,47.6000452299126,204663,299736,300936,E821319,Matched,Block,,S MAIN ST BETWEEN ALASKAN E RDWY WAY S AND 1ST AVE S, ,,1,Property Damage Only Collision,Sideswipe,2,0,0,2,0,0,2018-07-11 00:00:00+00,7/11/2018 1:30:00 PM,Mid-Block (not related to intersection),11,"MOTOR VEHICLE STRUCK MOTOR VEHICLE, FRONT END AT ANGLE",True,False,Clear or Partly Cloudy,Dry,Daylight,,,,12.0,From same direction - both going straight - one stopped - sideswipe,0,0,False,0
-122.272186763905,47.5415853895456,204664,302740,303980,E840883,Matched,Block,,RAINIER AVE S BETWEEN S HOLLY ST AND S WILLOW ST, ,,1,Property Damage Only Collision,Sideswipe,3,0,0,2,0,0,2018-08-23 00:00:00+00,8/23/2018 12:17:00 AM,Mid-Block (not related to intersection),11,"MOTOR VEHICLE STRUCK MOTOR VEHICLE, FRONT END AT ANGLE",,False,Clear or Partly Cloudy,Dry,Dark - Street Lights On,,,,11.0,From same direction - both going straight - both moving - sideswipe,0,0,False,0
-122.354258600317,47.7341301340837,204666,299735,300935,E818179,Matched,Intersection,35777.0,PHINNEY AVE N AND N 145TH ST, ,,2b,Serious Injury Collision,Left Turn,2,0,0,2,1,0,2018-05-11 00:00:00+00,5/11/2018 5:30:00 PM,At Intersection (intersection related),11,"MOTOR VEHICLE STRUCK MOTOR VEHICLE, FRONT END AT ANGLE",,True,Clear or Partly Cloudy,Dry,Daylight,,,,28.0,From opposite direction - one left turn - one straight,0,0,False,1
-122.34705903791,47.5337404270901,204667,302738,303978,3693170,Matched,Intersection,34154.0,HIGHLAND PARK WAY SW AND SW HOLDEN S ST, ,,1,Property Damage Only Collision,Angles,3,0,0,2,0,0,2018-09-19 00:00:00+00,9/19/2018 3:33:00 PM,At Intersection (intersection related),11,"MOTOR VEHICLE STRUCK MOTOR VEHICLE, FRONT END AT ANGLE",,False,Clear or Partly Cloudy,Dry,Daylight,,,,10.0,Entering at angle,0,0,False,0
-122.376820865738,47.5170187760822,204669,299937,301137,3746003,Matched,Block,,35TH AVE SW BETWEEN SW ROXBURY ST AND SW 97TH ST, ,,2,Injury Collision,Rear Ended,4,0,0,3,3,0,2018-08-06 00:00:00+00,8/6/2018 5:58:00 PM,Mid-Block (not related to intersection),14,"MOTOR VEHICLE STRUCK MOTOR VEHICLE, REAR END",True,False,Clear or Partly Cloudy,Dry,Daylight,,,,14.0,From same direction - both going straight - one stopped - rear-end,0,0,False,0
-122.365875442482,47.5246803295243,204670,299932,301132,3745634,Matched,Intersection,34865.0,26TH AVE SW AND SW TRENTON ST, ,,1,Property Damage Only Collision,Parked Car,2,0,0,2,0,0,2018-08-06 00:00:00+00,8/6/2018 8:57:00 AM,At Intersection (intersection related),14,"MOTOR VEHICLE STRUCK MOTOR VEHICLE, REAR END",,False,Clear or Partly Cloudy,Dry,Daylight,,,,19.0,One car entering parked position,0,0,False,0
-122.306349954758,47.6030916881091,204671,302737,303977,E840824,Matched,Block,,20TH AVE BETWEEN E FIR ST AND E SPRUCE ST, ,,1,Property Damage Only Collision,Parked Car,2,0,0,2,0,0,2018-09-20 00:00:00+00,9/20/2018 3:03:00 PM,Mid-Block (not related to intersection),11,"MOTOR VEHICLE STRUCK MOTOR VEHICLE, FRONT END AT ANGLE",,False,Clear or Partly Cloudy,Dry,Daylight,,,,32.0,One parked--one moving,0,0,False,0
-122.386913203765,47.5564562669187,204673,302736,303976,3626845,Matched,Intersection,32779.0,CALIFORNIA AVE SW AND SW DAWSON N ST, ,,1,Property Damage Only Collision,Rear Ended,3,0,0,2,0,0,2018-09-19 00:00:00+00,9/19/2018 3:44:00 PM,At Intersection (intersection related),14,"MOTOR VEHICLE STRUCK MOTOR VEHICLE, REAR END",,False,Clear or Partly Cloudy,Dry,Daylight,,,,14.0,From same direction - both going straight - one stopped - rear-end,0,0,False,0
-122.367927583297,47.6609349818807,204674,299728,300928,E820965,Matched,Block,,BURKE GILMAN TRL BETWEEN 11TH AVE NW AND 8TH AVE NW, ,,2,Injury Collision,Cycles,2,0,1,1,1,0,2018-07-24 00:00:00+00,7/24/2018 5:29:00 PM,Mid-Block (but intersection related),18,"MOTOR VEHICLE STRUCK PEDALCYCLIST, FRONT END AT ANGLE",,False,Clear or Partly Cloudy,Dry,Daylight,,,,6.0,Pedalcyclist Strikes Moving Vehicle,0,0,False,0
-122.323275453106,47.7085941336346,204676,299727,300927,E820963,Matched,Intersection,36499.0,5TH AVE NE AND NE NORTHGATE WAY, ,,1,Property Damage Only Collision,Left Turn,2,0,0,2,0,0,2018-07-24 00:00:00+00,7/24/2018 1:10:00 PM,At Intersection (intersection related),14,"MOTOR VEHICLE STRUCK MOTOR VEHICLE, REAR END",,False,Clear or Partly Cloudy,Dry,Daylight,,,,15.0,From same direction - one left turn - one straight,0,0,False,0
-122.324749252122,47.6055546978817,204677,302735,303975,3626249,Matched,Intersection,29959.0,9TH AVE AND JAMES ST, ,,2,Injury Collision,Pedestrian,2,1,0,1,1,0,2018-09-21 00:00:00+00,9/21/2018 8:45:00 PM,At Intersection (intersection related),24,MOTOR VEHCILE STRUCK PEDESTRIAN,,False,Raining,Wet,Dark - Street Lights On,,,,0.0,Vehicle going straight hits pedestrian,0,0,False,0
-122.355306346482,47.6915054350614,204678,303058,304298,3751383,Matched,Block,,GREENWOOD AVE N BETWEEN N 85TH ST AND N 87TH ST, ,,2,Injury Collision,Rear Ended,2,0,0,2,1,0,2018-09-17 00:00:00+00,9/17/2018 7:36:00 PM,Mid-Block (not related to intersection),14,"MOTOR VEHICLE STRUCK MOTOR VEHICLE, REAR END",,False,Clear or Partly Cloudy,Dry,Dusk,,,,13.0,From same direction - both going straight - both moving - rear-end,0,0,False,0
-122.35514465491,47.519195670263,204679,299935,301135,3745944,Matched,Intersection,35051.0,16TH AVE SW AND SW CAMBRIDGE ST, ,,2,Injury Collision,Angles,3,0,0,2,1,0,2018-08-06 00:00:00+00,8/6/2018 10:23:00 AM,At Intersection (intersection related),11,"MOTOR VEHICLE STRUCK MOTOR VEHICLE, FRONT END AT ANGLE",,False,Clear or Partly Cloudy,Dry,Daylight,,,,10.0,Entering at angle,0,0,False,0
-122.40263548669,47.5808487808894,204680,299931,301131,3745600,Matched,Block,,55TH AVE SW BETWEEN ALKI AVE SW AND SW LANDER ST, ,,1,Property Damage Only Collision,Parked Car,2,0,0,2,0,0,2018-08-06 00:00:00+00,8/6/2018 12:00:00 PM,Mid-Block (not related to intersection),14,"MOTOR VEHICLE STRUCK MOTOR VEHICLE, REAR END",True,False,Clear or Partly Cloudy,Dry,Daylight,,,,32.0,One parked--one moving,0,0,True,0
-122.347300705301,47.6450296898032,204682,303057,304297,3753815,Matched,Block,,WESTLAKE AVE N BETWEEN NEWELL ST AND NICKERSON ST, ,,2,Injury Collision,Head On,5,0,0,2,2,0,2018-09-22 00:00:00+00,9/22/2018 9:57:00 PM,Mid-Block (not related to intersection),11,"MOTOR VEHICLE STRUCK MOTOR VEHICLE, FRONT END AT ANGLE",True,False,Clear or Partly Cloudy,Dry,Dark - Street Lights On,,,,30.0,From opposite direction - all others,0,0,False,0
-122.36449888837,47.5337004277176,204683,302586,303826,3745753,Matched,Block,,SW HOLDEN ST BETWEEN 24TH AVE SW AND 26TH AVE SW, ,,1,Property Damage Only Collision,Parked Car,2,0,0,2,0,0,2018-09-07 00:00:00+00,9/7/2018 11:40:00 PM,Mid-Block (not related to intersection),14,"MOTOR VEHICLE STRUCK MOTOR VEHICLE, REAR END",True,False,Overcast,Dry,Dark - Street Lights On,,,,32.0,One parked--one moving,0,0,True,0
-122.373383900895,47.5674954750064,204684,302585,303825,3745752,Matched,Block,,WEST SEATTLE BR EB BETWEEN POINT A AND FAUNTLEROY WAY SW, ,,2,Injury Collision,Rear Ended,2,0,0,2,2,0,2018-09-06 00:00:00+00,9/6/2018 7:01:00 AM,Mid-Block (not related to intersection),14,"MOTOR VEHICLE STRUCK MOTOR VEHICLE, REAR END",,False,Clear or Partly Cloudy,Dry,Daylight,,,,14.0,From same direction - both going straight - one stopped - rear-end,0,0,False,0
-122.306511952686,47.6639637580513,204685,303038,304278,3751272,Matched,Block,,20TH AVE NE BETWEEN NE 47TH ST AND NE 50TH ST, ,,1,Property Damage Only Collision,Parked Car,2,0,0,2,0,0,2018-09-13 00:00:00+00,9/13/2018 8:14:00 AM,Mid-Block (not related to intersection),11,"MOTOR VEHICLE STRUCK MOTOR VEHICLE, FRONT END AT ANGLE",,False,Overcast,Dry,Daylight,,,,32.0,One parked--one moving,0,0,False,0
-122.351991243603,47.7014512940042,204686,302584,303824,3733763,Matched,Block,,N 100TH ST BETWEEN DAYTON AVE N AND EVANSTON AVE N, ,,1,Property Damage Only Collision,Parked Car,2,0,0,2,0,0,2018-09-08 00:00:00+00,9/8/2018 9:43:00 PM,Mid-Block (not related to intersection),11,"MOTOR VEHICLE STRUCK MOTOR VEHICLE, FRONT END AT ANGLE",,True,Clear or Partly Cloudy,Dry,Dark - Street Lights On,,,,32.0,One parked--one moving,0,0,False,0
-122.332875207112,47.6013025275984,204687,303037,304277,3753808,Matched,Block,,OCCIDENTAL AVE S BETWEEN YESLER WAY AND S WASHINGTON ST, ,,1,Property Damage Only Collision,Parked Car,2,0,0,2,0,0,2018-09-16 00:00:00+00,9/16/2018 2:12:00 AM,Mid-Block (not related to intersection),13,"MOTOR VEHICLE STRUCK MOTOR VEHICLE, LEFT SIDE AT ANGLE",,False,Overcast,Wet,Dark - Street Lights On,,,,32.0,One parked--one moving,0,0,False,0