longitude,latitude,objectid,inckey,coldetkey,reportno,status,addrtype,intkey,location,exceptrsncode,exceptrsndesc,severitycode,severitydesc,collisiontype,personcount,pedcount,pedcylcount,vehcount,injuries,fatalities,incdate,incdttm,junctiontype,sdot_colcode,sdot_coldesc,inattentionind,underinfl,weather,roadcond,lightcond,pedrownotgrnt,sdotcolnum,speeding,st_colcode,st_coldesc,seglanekey,crosswalkkey,hitparkedcar,seriousinjuries
-122.3867781109,47.5611064677562,204689,299933,301133,3745637,Matched,Intersection,31916.0,CALIFORNIA AVE SW AND SW ALASKA ST, ,,1,Property Damage Only Collision,Other,2,0,0,2,0,0,2018-08-09 00:00:00+00,8/9/2018 11:25:00 AM,At Intersection (but not related to intersection),16,"MOTOR VEHICLE STRUCK MOTOR VEHICLE, LEFT SIDE SIDESWIPE",,False,Clear or Partly Cloudy,Dry,Daylight,,,,23.0,From same direction - all others,0,0,False,0
-122.344516295336,47.6894730138948,204691,302583,303823,3733762,Matched,Block,,AURORA AVE N BETWEEN GREEN LAKE DR N AND N 84TH ST, ,,1,Property Damage Only Collision,Rear Ended,2,0,0,2,0,0,2018-09-07 00:00:00+00,9/7/2018 10:06:00 PM,Mid-Block (not related to intersection),14,"MOTOR VEHICLE STRUCK MOTOR VEHICLE, REAR END",,False,Raining,Wet,Dark - Street Lights On,,,,14.0,From same direction - both going straight - one stopped - rear-end,0,0,False,0
-122.33100091891,47.7219880072914,204692,303019,304259,E839660,Matched,Intersection,35973.0,CORLISS AVE N AND N 128TH ST, ,,2,Injury Collision,Pedestrian,2,0,1,1,1,0,2018-09-13 00:00:00+00,9/13/2018 5:59:00 PM,At Intersection (intersection related),51,PEDALCYCLIST STRUCK MOTOR VEHICLE FRONT END AT ANGLE,,False,Clear or Partly Cloudy,Dry,Daylight,,,,5.0,Vehicle Strikes Pedalcyclist,0,0,False,0
-122.30732766383,47.7320688339053,204693,303018,304258,E839658,Matched,Intersection,36083.0,20TH AVE NE AND NE 143RD ST, ,,2,Injury Collision,Angles,2,0,0,2,1,0,2018-09-17 00:00:00+00,9/17/2018 3:41:00 PM,At Intersection (intersection related),11,"MOTOR VEHICLE STRUCK MOTOR VEHICLE, FRONT END AT ANGLE",,False,Clear or Partly Cloudy,Dry,Daylight,,,,10.0,Entering at angle,0,0,False,0
-122.344706396871,47.705797199719,204694,302582,303822,3733761,Matched,Block,,AURORA AVE N BETWEEN N NORTHGATE WAY AND N 107TH S ST, ,,2,Injury Collision,Pedestrian,2,1,0,1,1,0,2018-09-07 00:00:00+00,9/7/2018 9:34:00 AM,Mid-Block (not related to intersection),24,MOTOR VEHCILE STRUCK PEDESTRIAN,,False,Clear or Partly Cloudy,Dry,Daylight,,,,0.0,Vehicle going straight hits pedestrian,0,0,False,0
-122.293906878797,47.7192711749465,204695,303017,304257,E839657,Matched,Intersection,36600.0,32ND AVE NE AND NE 125TH ST, ,,1,Property Damage Only Collision,Sideswipe,2,0,0,2,0,0,2018-09-17 00:00:00+00,9/17/2018 4:35:00 PM,At Intersection (intersection related),11,"MOTOR VEHICLE STRUCK MOTOR VEHICLE, FRONT END AT ANGLE",,False,Clear or Partly Cloudy,Dry,Daylight,,,,11.0,From same direction - both going straight - both moving - sideswipe,0,0,False,0
-122.284837647984,47.5574458470403,204696,302581,303821,3810912,Matched,Block,,RAINIER AVE S BETWEEN S FERDINAND ST AND S HUDSON ST, ,,1,Property Damage Only Collision,Sideswipe,3,0,0,2,0,0,2018-09-08 00:00:00+00,9/8/2018 9:11:00 PM,Mid-Block (not related to intersection),14,"MOTOR VEHICLE STRUCK MOTOR VEHICLE, REAR END",,False,Clear or Partly Cloudy,Dry,Dark - Street Lights On,,,,12.0,From same direction - both going straight - one stopped - sideswipe,0,0,False,0
-122.319437633695,47.6545028688028,204697,302580,303820,3706182,Matched,Block,,NE NORTHLAKE WAY BETWEEN 8TH AVE NE AND EASTLAKE AVE NE, ,,2,Injury Collision,Sideswipe,3,0,0,2,1,0,2018-09-07 00:00:00+00,9/7/2018 9:13:00 PM,Mid-Block (not related to intersection),11,"MOTOR VEHICLE STRUCK MOTOR VEHICLE, FRONT END AT ANGLE",,False,Clear or Partly Cloudy,Dry,Dark - Street Lights On,,,,26.0,From opposite direction - both going straight - sideswipe,0,0,False,0
-122.299060829178,47.5945787815384,204698,303016,304256,E839639,Matched,Intersection,30657.0,26TH AVE S AND S CHARLES ST, ,,1,Property Damage Only Collision,Angles,2,0,0,2,0,0,2018-09-01 00:00:00+00,9/1/2018 5:32:00 PM,At Intersection (intersection related),11,"MOTOR VEHICLE STRUCK MOTOR VEHICLE, FRONT END AT ANGLE",,False,Clear or Partly Cloudy,Dry,Daylight,,,,10.0,Entering at angle,0,0,False,0
-122.34458338664,47.6157522003711,204700,299737,300937,E821327,Matched,Block,,4TH AVE BETWEEN BELL ST AND BATTERY ST, ,,1,Property Damage Only Collision,Parked Car,7,0,0,5,0,0,2018-07-24 00:00:00+00,7/24/2018 1:41:00 PM,Mid-Block (not related to intersection),14,"MOTOR VEHICLE STRUCK MOTOR VEHICLE, REAR END",True,False,Clear or Partly Cloudy,Dry,Daylight,,,,32.0,One parked--one moving,0,0,False,0
-122.354939393486,47.6777648246567,204701,302441,303681,3751489,Matched,Block,,PHINNEY AVE N BETWEEN N 67TH S ST AND GREENWOOD AVE N, ,,1,Property Damage Only Collision,Parked Car,4,0,0,2,0,0,2018-08-26 00:00:00+00,8/26/2018 10:07:00 PM,Mid-Block (not related to intersection),14,"MOTOR VEHICLE STRUCK MOTOR VEHICLE, REAR END",,False,Raining,Wet,Dark - Street Lights On,,,,32.0,One parked--one moving,0,0,True,0
-122.335123635319,47.582938763984,204702,302742,303982,3705929,Matched,Block,,UTAH AVE S BETWEEN S WALKER ST AND S STACY ST, ,,1,Property Damage Only Collision,Parked Car,2,0,0,2,0,0,2018-09-19 00:00:00+00,9/19/2018 6:26:00 PM,Mid-Block (not related to intersection),11,"MOTOR VEHICLE STRUCK MOTOR VEHICLE, FRONT END AT ANGLE",,False,Overcast,Dry,Dark - Street Lights On,,,,32.0,One parked--one moving,0,0,True,0
-122.374900487816,47.6678905137768,204703,302440,303680,3751464,Matched,Block,,NW 54TH ST BETWEEN 14TH AVE NW AND 15TH AVE NW, ,,1,Property Damage Only Collision,Parked Car,4,0,0,2,0,0,2018-08-29 00:00:00+00,8/29/2018 7:59:00 AM,Mid-Block (not related to intersection),14,"MOTOR VEHICLE STRUCK MOTOR VEHICLE, REAR END",True,False,Clear or Partly Cloudy,Dry,Daylight,,,,32.0,One parked--one moving,0,0,True,0
-122.28765893481,47.5829546537974,204704,299934,301134,E821630,Matched,Intersection,30851.0,LAKE PARK DR S AND LAKE WASHINGTON BLVD S, ,,2,Injury Collision,Pedestrian,2,0,1,1,1,0,2018-07-18 00:00:00+00,7/18/2018 6:37:00 PM,At Intersection (intersection related),18,"MOTOR VEHICLE STRUCK PEDALCYCLIST, FRONT END AT ANGLE",True,False,Clear or Partly Cloudy,Dry,Daylight,,,,5.0,Vehicle Strikes Pedalcyclist,0,0,False,0
-122.312853811305,47.6071133207119,204707,301398,302638,E832368,Matched,Block,,15TH AVE BETWEEN E JEFFERSON ST AND E CHERRY ST, ,,2,Injury Collision,Head On,3,0,0,2,3,0,2018-07-26 00:00:00+00,7/26/2018 7:12:00 AM,Mid-Block (not related to intersection),11,"MOTOR VEHICLE STRUCK MOTOR VEHICLE, FRONT END AT ANGLE",True,True,Clear or Partly Cloudy,Dry,Daylight,,,,24.0,From opposite direction - both moving - head-on,0,0,False,0
-122.31781934615,47.7062840583722,204708,300637,301837,E828559,Matched,Block,,ROOSEVELT WAY NE BETWEEN NE 105TH ST AND NE 108TH ST, ,,1,Property Damage Only Collision,Rear Ended,3,0,0,2,0,0,2018-08-07 00:00:00+00,8/7/2018 3:50:00 PM,Mid-Block (not related to intersection),14,"MOTOR VEHICLE STRUCK MOTOR VEHICLE, REAR END",True,False,Clear or Partly Cloudy,Dry,Daylight,,,,14.0,From same direction - both going straight - one stopped - rear-end,0,0,False,0
-122.34496184193,47.7218454592416,204710,300262,301462,3767477,Matched,Block,,AURORA AVE N BETWEEN N 127TH ST AND N 128TH ST, ,,1,Property Damage Only Collision,Sideswipe,2,0,0,2,0,0,2018-08-10 00:00:00+00,8/10/2018 4:59:00 PM,Mid-Block (not related to intersection),11,"MOTOR VEHICLE STRUCK MOTOR VEHICLE, FRONT END AT ANGLE",,False,Clear or Partly Cloudy,Dry,Daylight,,,,11.0,From same direction - both going straight - both moving - sideswipe,0,0,False,0
-122.375652199411,47.632252399997,204711,301397,302637,E832152,Matched,Intersection,28680.0,ELLIOTT AVE W AND W GALER ST, ,,2,Injury Collision,Rear Ended,2,0,0,2,1,0,2018-07-16 00:00:00+00,7/16/2018 12:59:00 PM,At Intersection (intersection related),14,"MOTOR VEHICLE STRUCK MOTOR VEHICLE, REAR END",,False,Clear or Partly Cloudy,Dry,Daylight,,,,14.0,From same direction - both going straight - one stopped - rear-end,0,0,False,0
-122.37621487377,47.6539933551473,204714,301379,302619,E832050,Matched,Intersection,26741.0,15TH AVE W AND W EMERSON ST, ,,1,Property Damage Only Collision,Sideswipe,2,0,0,2,0,0,2018-07-22 00:00:00+00,7/22/2018 8:23:00 AM,At Intersection (intersection related),11,"MOTOR VEHICLE STRUCK MOTOR VEHICLE, FRONT END AT ANGLE",,False,Clear or Partly Cloudy,Dry,Daylight,,,,26.0,From opposite direction - both going straight - sideswipe,0,0,False,0
-122.36023798751,47.6659769628007,204715,300434,301634,E825748,Matched,Block,,NW MARKET ST BETWEEN NW 50TH ST AND 3RD AVE NW, ,,2,Injury Collision,Rear Ended,3,0,0,2,2,0,2018-08-03 00:00:00+00,8/3/2018 7:58:00 AM,Mid-Block (not related to intersection),14,"MOTOR VEHICLE STRUCK MOTOR VEHICLE, REAR END",True,False,Clear or Partly Cloudy,Wet,Daylight,,,,14.0,From same direction - both going straight - one stopped - rear-end,0,0,False,0
-122.360624005065,47.6251964394962,204716,300260,301460,E823360,Matched,Block,,3RD AVE W BETWEEN W MERCER ST AND W ROY ST, ,,1,Property Damage Only Collision,Parked Car,2,0,0,2,0,0,2018-07-29 00:00:00+00,7/29/2018 11:29:00 AM,Mid-Block (not related to intersection),14,"MOTOR VEHICLE STRUCK MOTOR VEHICLE, REAR END",,False,Clear or Partly Cloudy,Dry,Unknown,,,,32.0,One parked--one moving,0,0,False,0
-122.337216518114,47.6057638630913,204717,301378,302618,E831988,Matched,Block,,1ST AVE BETWEEN SPRING ST AND SENECA ST, ,,1,Property Damage Only Collision,Other,2,0,0,2,0,0,2018-08-21 00:00:00+00,8/21/2018 11:00:00 PM,Mid-Block (not related to intersection),11,"MOTOR VEHICLE STRUCK MOTOR VEHICLE, FRONT END AT ANGLE",,False,Clear or Partly Cloudy,Dry,Dark - Street Lights On,,,,23.0,From same direction - all others,0,0,False,0
-122.389480542978,47.5638546378591,204718,300857,302077,E829681,Matched,Block,,45TH AVE SW BETWEEN SW GENESEE ST AND SW OREGON ST, ,,1,Property Damage Only Collision,Parked Car,2,0,0,2,0,0,2018-08-15 00:00:00+00,8/15/2018 1:07:00 PM,Mid-Block (not related to intersection),14,"MOTOR VEHICLE STRUCK MOTOR VEHICLE, REAR END",,False,Clear or Partly Cloudy,Dry,Daylight,,,,32.0,One parked--one moving,0,0,True,0
-122.343464962835,47.6191348226278,204719,300259,301459,E823358,Matched,Block,,7TH NB AVE N BETWEEN DENNY WAY AND JOHN ST, ,,1,Property Damage Only Collision,Sideswipe,2,0,0,2,0,0,2018-07-19 00:00:00+00,7/19/2018 4:55:00 PM,Mid-Block (not related to intersection),11,"MOTOR VEHICLE STRUCK MOTOR VEHICLE, FRONT END AT ANGLE",True,False,Clear or Partly Cloudy,Dry,Daylight,,,,11.0,From same direction - both going straight - both moving - sideswipe,0,0,False,0
-122.314042559931,47.7194229604621,204720,301377,302617,E831421,Matched,Intersection,36428.0,14TH AVE NE AND NE 125TH ST, ,,1,Property Damage Only Collision,Other,2,0,0,2,0,0,2018-08-13 00:00:00+00,8/13/2018 4:40:00 PM,At Intersection (intersection related),14,"MOTOR VEHICLE STRUCK MOTOR VEHICLE, REAR END",,False,Clear or Partly Cloudy,Dry,Dark - No Street Lights,,,,23.0,From same direction - all others,0,0,False,0
-122.336481349059,47.6245452548008,204721,300433,301633,3811676,Matched,Block,,MERCER SR ST BETWEEN TERRY AVE N AND BOREN AVE N, ,,1,Property Damage Only Collision,Other,1,0,0,1,0,0,2018-08-12 00:00:00+00,8/12/2018 2:52:00 AM,Mid-Block (not related to intersection),28,MOTOR VEHICLE RAN OFF ROAD - HIT FIXED OBJECT,True,True,Overcast,Dry,Dark - Street Lights On,,,,50.0,Fixed object,0,0,False,0
-122.301602443216,47.6329350609485,204722,301358,302598,E831397,Matched,Block,,24TH AVE E BETWEEN E GALER ST AND INTERLAKEN PL E, ,,2,Injury Collision,Other,2,0,0,1,2,0,2018-08-08 00:00:00+00,8/8/2018 3:20:00 PM,Mid-Block (not related to intersection),26,MOTOR VEHICLE STRUCK OBJECT IN ROAD,,False,Clear or Partly Cloudy,Dry,Daylight,,,,50.0,Fixed object,0,0,False,0
-122.33419497847,47.5913553096544,204724,300258,301458,3754362,Matched,Block,,1ST AVE S BETWEEN S ROYAL BROUGHAM WAY AND S ATLANTIC ST, ,,1,Property Damage Only Collision,Sideswipe,2,0,0,2,0,0,2018-08-10 00:00:00+00,8/10/2018 3:40:00 PM,Mid-Block (not related to intersection),11,"MOTOR VEHICLE STRUCK MOTOR VEHICLE, FRONT END AT ANGLE",True,False,Clear or Partly Cloudy,Dry,Daylight,,,,12.0,From same direction - both going straight - one stopped - sideswipe,0,0,False,0
-122.355586573022,47.6383195406229,207107,306050,307330,3789043,Matched,Intersection,28114.0,1ST AVE N AND BOSTON ST, ,,2,Injury Collision,Other,1,0,0,1,1,0,2018-10-23 00:00:00+00,10/23/2018 6:12:00 PM,At Intersection (intersection related),29,MOTOR VEHICLE OVERTURNED IN ROAD,,True,Raining,Wet,Dusk,,,,52.0,Vehicle overturned,0,0,False,0
-122.320053090362,47.6758520999794,204725,301357,302597,E831330,Matched,Intersection,24495.0,8TH AVE NE AND NE 65TH ST, ,,2,Injury Collision,Right Turn,2,0,0,2,1,0,2018-08-11 00:00:00+00,8/11/2018 9:31:00 AM,At Intersection (intersection related),14,"MOTOR VEHICLE STRUCK MOTOR VEHICLE, REAR END",,False,Clear or Partly Cloudy,Dry,Daylight,,,,16.0,From same direction - one right turn - one straight,0,0,False,0
-122.305447640147,47.6639940445319,204726,300432,301632,3762365,Matched,Block,,21ST AVE NE BETWEEN NE 47TH ST AND NE 50TH ST, ,,1,Property Damage Only Collision,Parked Car,2,0,0,2,0,0,2018-08-05 00:00:00+00,8/5/2018 12:15:00 PM,Mid-Block (not related to intersection),14,"MOTOR VEHICLE STRUCK MOTOR VEHICLE, REAR END",,False,Clear or Partly Cloudy,Dry,Daylight,,,,32.0,One parked--one moving,0,0,True,0
-122.322956321324,47.6613333466589,204727,300257,301457,3751551,Matched,Intersection,27071.0,5TH AVE NE AND NE 45TH ST, ,,2,Injury Collision,Rear Ended,2,0,0,2,1,0,2018-08-10 00:00:00+00,8/10/2018 12:40:00 PM,At Intersection (but not related to intersection),14,"MOTOR VEHICLE STRUCK MOTOR VEHICLE, REAR END",,False,Clear or Partly Cloudy,Dry,Daylight,,,,14.0,From same direction - both going straight - one stopped - rear-end,0,0,False,0
-122.342349601083,47.6245497266159,204729,300638,301838,E828561,Matched,Intersection,28767.0,DEXTER AVE N AND MERCER ST, ,,2,Injury Collision,Rear Ended,2,0,0,2,1,0,2018-08-13 00:00:00+00,8/13/2018 9:00:00 AM,At Intersection (intersection related),14,"MOTOR VEHICLE STRUCK MOTOR VEHICLE, REAR END",,False,Clear or Partly Cloudy,Unknown,Unknown,,,,13.0,From same direction - both going straight - both moving - rear-end,0,0,False,0
-122.358666563879,47.6245898858109,204730,300256,301456,3751502,Matched,Block,,W MERCER ST BETWEEN 1ST AVE W AND 2ND AVE W, ,,1,Property Damage Only Collision,Parked Car,2,0,0,2,0,0,2018-08-10 00:00:00+00,8/10/2018 4:10:00 PM,Mid-Block (not related to intersection),16,"MOTOR VEHICLE STRUCK MOTOR VEHICLE, LEFT SIDE SIDESWIPE",,False,Clear or Partly Cloudy,Dry,Daylight,,,,32.0,One parked--one moving,0,0,False,0
-122.288292179751,47.5516025053653,204733,300617,301817,E828079,Matched,Block,,M L KING JR WR WAY S BETWEEN S FINDLAY ST AND S ORCAS ST, ,,1,Property Damage Only Collision,Other,1,0,0,1,0,0,2018-08-14 00:00:00+00,8/14/2018 2:13:00 PM,Mid-Block (not related to intersection),26,MOTOR VEHICLE STRUCK OBJECT IN ROAD,,False,Fog/Smog/Smoke,Dry,Daylight,,,,50.0,Fixed object,0,0,False,0
-122.310926839212,47.5992281854054,204734,300107,301307,3773944,Matched,Block,,S JACKSON ST BETWEEN 16TH AVE S AND 17TH AVE S, ,,1,Property Damage Only Collision,Angles,2,0,0,2,0,0,2018-08-02 00:00:00+00,8/2/2018 1:12:00 PM,Mid-Block (not related to intersection),11,"MOTOR VEHICLE STRUCK MOTOR VEHICLE, FRONT END AT ANGLE",,False,Overcast,Dry,Daylight,,,,10.0,Entering at angle,0,0,False,0
-122.276740760336,47.5474330364304,204735,300877,302097,E830154,Matched,Block,,RAINIER AVE S BETWEEN S KENNY ST AND S GRAHAM ST, ,,1,Property Damage Only Collision,Parked Car,2,0,0,2,0,0,2018-07-20 00:00:00+00,7/20/2018 3:21:00 AM,Mid-Block (not related to intersection),11,"MOTOR VEHICLE STRUCK MOTOR VEHICLE, FRONT END AT ANGLE",,False,Clear or Partly Cloudy,Dry,Dark - Street Lights On,,,,32.0,One parked--one moving,0,0,True,0
-122.362975476452,47.552821135664,204736,300431,301631,3745972,Matched,Block,,DELRIDGE WAY SW BETWEEN SW BRANDON ST AND SW FINDLAY ST, ,,1,Property Damage Only Collision,Parked Car,2,0,0,2,0,0,2018-08-13 00:00:00+00,8/13/2018 3:06:00 AM,Mid-Block (not related to intersection),11,"MOTOR VEHICLE STRUCK MOTOR VEHICLE, FRONT END AT ANGLE",,False,Clear or Partly Cloudy,Dry,Dark - Street Lights On,,,,32.0,One parked--one moving,0,0,True,0
-122.3149748653,47.5226389294537,204737,300430,301630,3731753,Matched,Block,,14TH AVE S BETWEEN S HENDERSON ST AND S DIRECTOR ST, ,,2,Injury Collision,Other,1,0,0,1,1,0,2018-08-12 00:00:00+00,8/12/2018 5:25:00 AM,Mid-Block (not related to intersection),28,MOTOR VEHICLE RAN OFF ROAD - HIT FIXED OBJECT,,False,Clear or Partly Cloudy,Dry,Dawn,,,,50.0,Fixed object,0,0,False,0
-122.346222845444,47.6297348264451,204738,300106,301306,3811804,Matched,Intersection,28842.0,HIGHLAND DR AND TAYLOR AVE N, ,,1,Property Damage Only Collision,Angles,3,0,0,2,0,0,2018-08-12 00:00:00+00,8/12/2018 6:51:00 PM,At Intersection (intersection related),11,"MOTOR VEHICLE STRUCK MOTOR VEHICLE, FRONT END AT ANGLE",,False,Clear or Partly Cloudy,Dry,Daylight,,,,10.0,Entering at angle,0,0,False,0
-122.330010150988,47.6122585912373,204739,300862,302082,E829973,Matched,Block,,HUBBELL PL BETWEEN 9TH AVE AND PIKE ST, ,,1,Property Damage Only Collision,Parked Car,2,0,0,2,0,0,2018-08-16 00:00:00+00,8/16/2018 3:25:00 PM,Mid-Block (not related to intersection),11,"MOTOR VEHICLE STRUCK MOTOR VEHICLE, FRONT END AT ANGLE",,False,Clear or Partly Cloudy,Dry,Daylight,,,,20.0,One car leaving parked position,0,0,False,0
-122.335295375755,47.6149525176591,204740,300861,302081,3812372,Matched,Intersection,29539.0,8TH AVE AND STEWART ST, ,,2,Injury Collision,Angles,3,0,0,2,1,0,2018-08-23 00:00:00+00,8/23/2018 4:37:00 PM,At Intersection (intersection related),11,"MOTOR VEHICLE STRUCK MOTOR VEHICLE, FRONT END AT ANGLE",,False,Clear or Partly Cloudy,Dry,Daylight,,,,10.0,Entering at angle,0,0,False,0
-122.309604607678,47.6685412475036,204741,300105,301305,3753967,Matched,Intersection,26015.0,17TH SB AVE NE AND NE 55TH ST, ,,1,Property Damage Only Collision,Parked Car,2,0,0,2,0,0,2018-08-12 00:00:00+00,8/12/2018 7:48:00 PM,At Intersection (intersection related),11,"MOTOR VEHICLE STRUCK MOTOR VEHICLE, FRONT END AT ANGLE",,False,Clear or Partly Cloudy,Dry,Daylight,,,,20.0,One car leaving parked position,0,0,False,0
-122.360879742355,47.650417335905,204742,300860,302080,3812100,Matched,Intersection,26694.0,3RD AVE W AND W BERTONA ST, ,,2,Injury Collision,Angles,2,0,0,2,1,0,2018-08-22 00:00:00+00,8/22/2018 3:08:00 PM,At Intersection (intersection related),11,"MOTOR VEHICLE STRUCK MOTOR VEHICLE, FRONT END AT ANGLE",,False,Clear or Partly Cloudy,Dry,Daylight,,,,10.0,Entering at angle,0,0,False,0
-122.310949419142,47.5951162837385,204743,300598,301798,E827122,Matched,Block,,RAINIER AVE S BETWEEN S DEARBORN ST AND S CHARLES N ST, ,,1,Property Damage Only Collision,Sideswipe,4,0,0,3,0,0,2018-08-11 00:00:00+00,8/11/2018 10:44:00 AM,Mid-Block (but intersection related),14,"MOTOR VEHICLE STRUCK MOTOR VEHICLE, REAR END",,False,Overcast,Unknown,Daylight,,,,11.0,From same direction - both going straight - both moving - sideswipe,0,0,False,0
-122.344813664546,47.7123192228814,204744,300104,301304,3751501,Matched,Intersection,36342.0,AURORA AVE N AND N 115TH ST, ,,2,Injury Collision,Angles,2,0,0,2,1,0,2018-08-10 00:00:00+00,8/10/2018 10:34:00 PM,At Intersection (intersection related),11,"MOTOR VEHICLE STRUCK MOTOR VEHICLE, FRONT END AT ANGLE",True,False,Clear or Partly Cloudy,Dry,Dark - Street Lights On,,,,10.0,Entering at angle,0,0,False,0
-122.277073039788,47.5460182218076,204745,300620,301820,E828554,Matched,Block,,S GRAHAM ST BETWEEN 44TH AVE S AND RAINIER AVE S, ,,1,Property Damage Only Collision,Parked Car,3,0,0,3,0,0,2018-07-22 00:00:00+00,7/22/2018 8:42:00 PM,Mid-Block (not related to intersection),14,"MOTOR VEHICLE STRUCK MOTOR VEHICLE, REAR END",,False,Clear or Partly Cloudy,Dry,Dusk,,,,32.0,One parked--one moving,0,0,False,0
-122.358019960733,47.6239330820532,204746,300103,301303,E822938,Matched,Block,,1ST AVE W BETWEEN W REPUBLICAN ST AND W MERCER ST, ,,1,Property Damage Only Collision,Parked Car,2,0,0,2,0,0,2018-07-11 00:00:00+00,7/11/2018 11:07:00 PM,Mid-Block (not related to intersection),11,"MOTOR VEHICLE STRUCK MOTOR VEHICLE, FRONT END AT ANGLE",,False,Overcast,Dry,Dark - Street Lights On,,,,32.0,One parked--one moving,0,0,True,0
-122.324486997722,47.6086244808168,204747,300859,302079,E829971,Matched,Intersection,29922.0,BOREN AVE AND MARION ST, ,,2,Injury Collision,Rear Ended,2,0,0,2,1,0,2018-08-10 00:00:00+00,8/10/2018 7:00:00 PM,At Intersection (intersection related),14,"MOTOR VEHICLE STRUCK MOTOR VEHICLE, REAR END",,False,Clear or Partly Cloudy,Dry,Daylight,,,,14.0,From same direction - both going straight - one stopped - rear-end,0,0,False,0
-122.376189317681,47.5640765983042,204749,300102,301302,3745602,Matched,Intersection,31899.0,35TH AVE SW AND SW AVALON WAY, ,,2,Injury Collision,Angles,3,0,0,2,1,0,2018-08-13 00:00:00+00,8/13/2018 7:50:00 AM,At Intersection (intersection related),11,"MOTOR VEHICLE STRUCK MOTOR VEHICLE, FRONT END AT ANGLE",,False,Clear or Partly Cloudy,Dry,Daylight,,,,10.0,Entering at angle,0,0,False,0
-122.32154993011,47.6054116959978,204750,300858,302078,E829930,Matched,Block,,BOREN AVE BETWEEN TERRACE ST AND JEFFERSON ST, ,,2,Injury Collision,Other,2,0,0,1,1,0,2018-08-09 00:00:00+00,8/9/2018 9:58:00 AM,Mid-Block (not related to intersection),28,MOTOR VEHICLE RAN OFF ROAD - HIT FIXED OBJECT,,False,Clear or Partly Cloudy,Dry,Daylight,,,,50.0,Fixed object,0,0,False,0
-122.337873476967,47.6129582674818,204751,300846,302066,3811733,Matched,Intersection,29556.0,5TH AVE AND STEWART ST, ,,1,Property Damage Only Collision,Right Turn,4,0,0,2,0,0,2018-08-27 00:00:00+00,8/27/2018 3:12:00 PM,At Intersection (intersection related),11,"MOTOR VEHICLE STRUCK MOTOR VEHICLE, FRONT END AT ANGLE",,False,Clear or Partly Cloudy,Dry,Daylight,,,,16.0,From same direction - one right turn - one straight,0,0,False,0
-122.29258234737,47.5991709310084,204755,302444,303684,E838792,Matched,Intersection,30604.0,31ST AVE S AND S JACKSON ST, ,,1,Property Damage Only Collision,Rear Ended,5,0,0,2,0,0,2018-09-15 00:00:00+00,9/15/2018 5:16:00 PM,At Intersection (intersection related),14,"MOTOR VEHICLE STRUCK MOTOR VEHICLE, REAR END",,False,Raining,Wet,Daylight,,,,14.0,From same direction - both going straight - one stopped - rear-end,0,0,False,0
-122.301864804829,47.7193161650468,205047,306436,307716,E855019,Matched,Intersection,36606.0,25TH AVE NE AND NE 125TH ST, ,,2,Injury Collision,Angles,3,0,0,2,1,0,2018-10-23 00:00:00+00,10/23/2018 4:10:00 PM,At Intersection (intersection related),11,"MOTOR VEHICLE STRUCK MOTOR VEHICLE, FRONT END AT ANGLE",,False,Overcast,Dry,Daylight,,,,10.0,Entering at angle,0,0,False,0
-122.327008840752,47.6008721269931,204756,301894,303114,3811529,Matched,Block,,S WASHINGTON ST BETWEEN 5TH AVE S AND 6TH AVE S, ,,1,Property Damage Only Collision,Parked Car,2,0,0,2,0,0,2018-08-24 00:00:00+00,8/24/2018 2:07:00 PM,Mid-Block (not related to intersection),11,"MOTOR VEHICLE STRUCK MOTOR VEHICLE, FRONT END AT ANGLE",,False,Clear or Partly Cloudy,Dry,Daylight,,,,32.0,One parked--one moving,0,0,False,0
-122.332697294712,47.6125660915478,204757,302443,303683,3753659,Matched,Block,,8TH AVE BETWEEN PIKE ST AND PINE ST, ,,1,Property Damage Only Collision,Parked Car,2,0,0,2,0,0,2018-08-24 00:00:00+00,8/24/2018 9:34:00 PM,Mid-Block (not related to intersection),15,"MOTOR VEHICLE STRUCK MOTOR VEHICLE, RIGHT SIDE SIDESWIPE",,False,Clear or Partly Cloudy,Dry,Dark - Street Lights On,,,,32.0,One parked--one moving,0,0,False,0
-122.335564495388,47.5506598604069,204758,301893,303113,3810963,Matched,Block,,EAST MARGINAL WAY S BETWEEN S MEAD ST AND S FIDALGO ST, ,,1,Property Damage Only Collision,Rear Ended,2,0,0,2,0,0,2018-08-27 00:00:00+00,8/27/2018 11:43:00 AM,Mid-Block (not related to intersection),14,"MOTOR VEHICLE STRUCK MOTOR VEHICLE, REAR END",,False,Clear or Partly Cloudy,Dry,Daylight,,,,14.0,From same direction - both going straight - one stopped - rear-end,0,0,False,0
-122.324353985498,47.6101580937067,204759,302442,303682,E838800,Matched,Block,,MINOR AVE BETWEEN MADISON ST AND SPRING ST, ,,1,Property Damage Only Collision,Sideswipe,2,0,0,2,0,0,2018-09-13 00:00:00+00,9/13/2018 5:20:00 PM,Mid-Block (not related to intersection),11,"MOTOR VEHICLE STRUCK MOTOR VEHICLE, FRONT END AT ANGLE",,False,Clear or Partly Cloudy,Dry,Daylight,,,,11.0,From same direction - both going straight - both moving - sideswipe,0,0,False,0