longitude,latitude,objectid,inckey,coldetkey,reportno,status,addrtype,intkey,location,exceptrsncode,exceptrsndesc,severitycode,severitydesc,collisiontype,personcount,pedcount,pedcylcount,vehcount,injuries,fatalities,incdate,incdttm,junctiontype,sdot_colcode,sdot_coldesc,inattentionind,underinfl,weather,roadcond,lightcond,pedrownotgrnt,sdotcolnum,speeding,st_colcode,st_coldesc,seglanekey,crosswalkkey,hitparkedcar,seriousinjuries
-122.321683401556,47.5467463637044,204760,301892,303112,3810936,Matched,Block,,CORSON AVE S BETWEEN S MICHIGAN ST AND S EDDY ST, ,,1,Property Damage Only Collision,Rear Ended,3,0,0,2,0,0,2018-08-18 00:00:00+00,8/18/2018 3:49:00 AM,Mid-Block (not related to intersection),14,"MOTOR VEHICLE STRUCK MOTOR VEHICLE, REAR END",True,True,Clear or Partly Cloudy,Dry,Dark - Street Lights On,,,,14.0,From same direction - both going straight - one stopped - rear-end,0,0,False,0
-122.334287968664,47.6246937770269,204761,302228,303448,3811583,Matched,Intersection,28760.0,FAIRVIEW AVE N AND MERCER ST, ,,1,Property Damage Only Collision,Sideswipe,2,0,0,2,0,0,2018-09-16 00:00:00+00,9/16/2018 12:14:00 AM,At Intersection (intersection related),11,"MOTOR VEHICLE STRUCK MOTOR VEHICLE, FRONT END AT ANGLE",,False,Raining,Wet,Dark - Street Lights On,,,,11.0,From same direction - both going straight - both moving - sideswipe,0,0,False,0
-122.376278506568,47.6626397323242,204762,302043,303263,3753657,Matched,Block,,BALLARD BR ON RP BETWEEN BALLARD BR AND NW BALLARD WAY, ,,1,Property Damage Only Collision,Sideswipe,2,0,0,2,0,0,2018-08-18 00:00:00+00,8/18/2018 4:11:00 PM,Mid-Block (not related to intersection),11,"MOTOR VEHICLE STRUCK MOTOR VEHICLE, FRONT END AT ANGLE",,False,Unknown,Unknown,Daylight,,,,11.0,From same direction - both going straight - both moving - sideswipe,0,0,False,0
-122.334217365855,47.5507977109129,204763,301891,303111,3810786,Matched,Block,,1ST AVE S BETWEEN S MEAD ST AND S FIDALGO ST, ,,2,Injury Collision,Parked Car,2,0,0,2,1,0,2018-08-22 00:00:00+00,8/22/2018 8:21:00 AM,Mid-Block (not related to intersection),11,"MOTOR VEHICLE STRUCK MOTOR VEHICLE, FRONT END AT ANGLE",,False,Fog/Smog/Smoke,Dry,Daylight,,,,20.0,One car leaving parked position,0,0,False,0
-122.323500578165,47.5861011684861,204764,302227,303447,3810804,Matched,Intersection,31242.0,S HOLGATE BR AND S HOLGATE ST, ,,2,Injury Collision,Sideswipe,2,0,0,2,1,0,2018-09-10 00:00:00+00,9/10/2018 7:37:00 AM,At Intersection (intersection related),11,"MOTOR VEHICLE STRUCK MOTOR VEHICLE, FRONT END AT ANGLE",,False,Clear or Partly Cloudy,Wet,Daylight,,,,11.0,From same direction - both going straight - both moving - sideswipe,0,0,False,0
-122.339439345516,47.5634130882621,204765,301890,303110,3810732,Matched,Block,,EAST MARGINAL WAY S BETWEEN S IDAHO ST AND DIAGONAL AVE S, ,,1,Property Damage Only Collision,Rear Ended,3,0,0,2,0,0,2018-08-20 00:00:00+00,8/20/2018 2:23:00 PM,Mid-Block (not related to intersection),14,"MOTOR VEHICLE STRUCK MOTOR VEHICLE, REAR END",,False,Clear or Partly Cloudy,Dry,Daylight,,,,14.0,From same direction - both going straight - one stopped - rear-end,0,0,False,0
-122.304244867725,47.5845119430119,204766,302226,303446,3810742,Matched,Intersection,31561.0,22ND AVE S AND S HILL ST, ,,1,Property Damage Only Collision,Angles,2,0,0,2,0,0,2018-09-12 00:00:00+00,9/12/2018 8:43:00 AM,At Intersection (intersection related),11,"MOTOR VEHICLE STRUCK MOTOR VEHICLE, FRONT END AT ANGLE",True,False,Clear or Partly Cloudy,Dry,Daylight,,,,10.0,Entering at angle,0,0,False,0
-122.30461234736,47.6466062327446,204767,301889,303109,3773771,Matched,Block,,MONTLAKE BLVD E BETWEEN E SHELBY ST AND MONTLAKE BR,NEI,"Not Enough Information, or Insufficient Location Information",2,Injury Collision,Rear Ended,3,0,0,3,2,0,2018-08-23 00:00:00+00,8/23/2018 12:28:00 PM,Mid-Block (not related to intersection),14,"MOTOR VEHICLE STRUCK MOTOR VEHICLE, REAR END",,False,Overcast,Dry,Daylight,,,,14.0,From same direction - both going straight - one stopped - rear-end,0,0,False,0
-122.329051387791,47.5882270071216,204768,302225,303445,3810725,Matched,Intersection,31341.0,4TH AVE S AND S MASSACHUSETTS ST, ,,1,Property Damage Only Collision,Left Turn,4,0,0,2,0,0,2018-09-14 00:00:00+00,9/14/2018 10:13:00 AM,At Intersection (intersection related),11,"MOTOR VEHICLE STRUCK MOTOR VEHICLE, FRONT END AT ANGLE",,False,Clear or Partly Cloudy,Wet,Daylight,,,,28.0,From opposite direction - one left turn - one straight,0,0,False,0
-122.336492244228,47.6232019510306,204769,301888,303108,3753803,Matched,Block,,REPUBLICAN ST BETWEEN TERRY AVE N AND BOREN AVE N, ,,1,Property Damage Only Collision,Parked Car,2,0,0,2,0,0,2018-08-24 00:00:00+00,8/24/2018 2:51:00 PM,Mid-Block (not related to intersection),11,"MOTOR VEHICLE STRUCK MOTOR VEHICLE, FRONT END AT ANGLE",,False,Clear or Partly Cloudy,Dry,Daylight,,,,32.0,One parked--one moving,0,0,True,0
-122.344569406325,47.6628793468945,204770,302224,303444,3762872,Matched,Intersection,25675.0,GREEN LAKE WAY N AND WOODLAND PARK AVE N, ,,1,Property Damage Only Collision,Angles,3,0,0,2,0,0,2018-09-14 00:00:00+00,9/14/2018 3:24:00 PM,At Intersection (intersection related),11,"MOTOR VEHICLE STRUCK MOTOR VEHICLE, FRONT END AT ANGLE",,False,Clear or Partly Cloudy,Dry,Daylight,,,,10.0,Entering at angle,0,0,False,0
-122.329187043257,47.6036975160912,204777,302217,303437,3753807,Matched,Intersection,29972.0,5TH AVE AND JAMES ST, ,,2,Injury Collision,Angles,3,0,0,2,2,0,2018-09-13 00:00:00+00,9/13/2018 3:35:00 AM,At Intersection (intersection related),11,"MOTOR VEHICLE STRUCK MOTOR VEHICLE, FRONT END AT ANGLE",,False,Overcast,Dry,Dark - Street Lights On,,,,10.0,Entering at angle,0,0,False,0
-122.338903693621,47.6092851430891,204780,302210,303430,3753805,Matched,Intersection,29592.0,2ND AVE AND PIKE ST, ,,2,Injury Collision,Pedestrian,2,0,1,1,1,0,2018-09-11 00:00:00+00,9/11/2018 7:43:00 PM,At Intersection (intersection related),18,"MOTOR VEHICLE STRUCK PEDALCYCLIST, FRONT END AT ANGLE",,False,Other,Dry,Dark - Street Lights On,True,,,5.0,Vehicle Strikes Pedalcyclist,12179,0,False,0
-122.373589724829,47.6675232393569,204781,302050,303270,E813286,Matched,Block,,14TH AVE NW BETWEEN NW 53RD ST AND NW 54TH ST, ,,1,Property Damage Only Collision,Parked Car,3,0,0,2,0,0,2018-06-26 00:00:00+00,6/26/2018 12:12:00 PM,Mid-Block (not related to intersection),14,"MOTOR VEHICLE STRUCK MOTOR VEHICLE, REAR END",True,False,Clear or Partly Cloudy,Dry,Daylight,,,,32.0,One parked--one moving,0,0,False,0
-122.323463935637,47.6382467075132,204782,302041,303261,E811189,Matched,Intersection,28312.0,BOYLSTON AVE E AND E BOSTON ST, ,,1,Property Damage Only Collision,Rear Ended,2,0,0,2,0,0,2018-06-13 00:00:00+00,6/13/2018 7:12:00 AM,At Intersection (but not related to intersection),14,"MOTOR VEHICLE STRUCK MOTOR VEHICLE, REAR END",,False,Clear or Partly Cloudy,Wet,Daylight,,,,14.0,From same direction - both going straight - one stopped - rear-end,0,0,False,0
-122.349239887049,47.6541380488374,204784,301696,302916,E834674,Matched,Intersection,27060.0,FREMONT LN N AND N 39TH ST, ,,1,Property Damage Only Collision,Sideswipe,2,0,0,2,0,0,2018-08-22 00:00:00+00,8/22/2018 12:16:00 PM,At Intersection (intersection related),14,"MOTOR VEHICLE STRUCK MOTOR VEHICLE, REAR END",,False,Clear or Partly Cloudy,Dry,Daylight,,,,12.0,From same direction - both going straight - one stopped - sideswipe,0,0,False,0
-122.266764282062,47.5198448724752,204785,301695,302915,E834671,Matched,Block,,RAINIER AVE S BETWEEN 52ND AVE S AND 53RD AVE S, ,,2,Injury Collision,Angles,2,0,0,2,1,0,2018-09-02 00:00:00+00,9/2/2018 1:01:00 PM,Mid-Block (not related to intersection),11,"MOTOR VEHICLE STRUCK MOTOR VEHICLE, FRONT END AT ANGLE",,False,Clear or Partly Cloudy,Dry,Daylight,,,,10.0,Entering at angle,0,0,False,0
-122.293646930994,47.5459109081617,204787,301694,302914,E834670,Matched,Block,,30TH AVE S BETWEEN S GRAHAM ST AND DEAD END 6, ,,1,Property Damage Only Collision,Rear Ended,2,0,0,2,0,0,2018-09-02 00:00:00+00,9/2/2018 12:16:00 PM,Mid-Block (not related to intersection),14,"MOTOR VEHICLE STRUCK MOTOR VEHICLE, REAR END",,False,Clear or Partly Cloudy,Dry,Daylight,,,,14.0,From same direction - both going straight - one stopped - rear-end,0,0,False,0
-122.343269667352,47.6082060164176,204788,302048,303268,E812905,Matched,Block,,ALASKAN WAY BETWEEN PIKE ST AND PINE ST, ,,1,Property Damage Only Collision,Rear Ended,7,0,0,2,0,0,2018-06-01 00:00:00+00,6/1/2018 8:40:00 AM,Mid-Block (not related to intersection),14,"MOTOR VEHICLE STRUCK MOTOR VEHICLE, REAR END",,False,Clear or Partly Cloudy,Dry,Daylight,,,,14.0,From same direction - both going straight - one stopped - rear-end,0,0,False,0
-122.39332144742,47.523174193878,204789,302449,303689,3782645,Matched,Block,,SW BARTON ST BETWEEN FAUNTLEROY WAY SW AND DEAD END, ,,1,Property Damage Only Collision,Other,1,0,0,1,0,0,2018-08-27 00:00:00+00,8/27/2018 1:23:00 AM,Mid-Block (not related to intersection),26,MOTOR VEHICLE STRUCK OBJECT IN ROAD,,True,Overcast,Wet,Dark - Street Lights On,,,,50.0,Fixed object,0,0,False,0
-122.298686187502,47.5986662652323,204790,302047,303267,E812904,Matched,Block,,26TH AVE S BETWEEN S JACKSON ST AND S KING ST, ,,1,Property Damage Only Collision,Parked Car,2,0,0,2,0,0,2018-05-27 00:00:00+00,5/27/2018 6:13:00 PM,Mid-Block (not related to intersection),11,"MOTOR VEHICLE STRUCK MOTOR VEHICLE, FRONT END AT ANGLE",True,False,Clear or Partly Cloudy,Dry,Daylight,,,,32.0,One parked--one moving,0,0,False,0
-122.305992577434,47.6314536086344,204791,302448,303688,3773865,Matched,Block,,20TH AVE E BETWEEN E HIGHLAND DR AND E GALER ST, ,,1,Property Damage Only Collision,Parked Car,2,0,0,2,0,0,2018-08-29 00:00:00+00,8/29/2018 6:30:00 PM,Mid-Block (not related to intersection),14,"MOTOR VEHICLE STRUCK MOTOR VEHICLE, REAR END",,False,Clear or Partly Cloudy,Dry,Daylight,,,,32.0,One parked--one moving,0,0,True,0
-122.338047720953,47.6117056786624,204793,302046,303266,3753806,Matched,Block,,4TH AVE BETWEEN PINE ST AND OLIVE WAY, ,,1,Property Damage Only Collision,Rear Ended,2,0,0,2,0,0,2018-09-12 00:00:00+00,9/12/2018 5:56:00 PM,Mid-Block (not related to intersection),14,"MOTOR VEHICLE STRUCK MOTOR VEHICLE, REAR END",True,False,Clear or Partly Cloudy,Dry,Daylight,,,,13.0,From same direction - both going straight - both moving - rear-end,0,0,False,0
-122.346544247414,47.7213948895836,204795,302447,303687,3767478,Matched,Block,,N 127TH ST BETWEEN DEAD END 2 AND AURORA AVE N, ,,2,Injury Collision,Parked Car,3,1,0,2,1,0,2018-08-24 00:00:00+00,8/24/2018 5:25:00 PM,Mid-Block (not related to intersection),16,"MOTOR VEHICLE STRUCK MOTOR VEHICLE, LEFT SIDE SIDESWIPE",,False,Clear or Partly Cloudy,Dry,Daylight,,,,32.0,One parked--one moving,0,0,False,0
-122.32001617623,47.6152408552393,204797,302045,303265,E812902,Matched,Intersection,29737.0,NAGLE PL AND E PINE ST, ,,2,Injury Collision,Angles,2,0,0,2,1,0,2018-06-05 00:00:00+00,6/5/2018 7:27:00 PM,At Intersection (intersection related),11,"MOTOR VEHICLE STRUCK MOTOR VEHICLE, FRONT END AT ANGLE",,False,Clear or Partly Cloudy,Dry,Daylight,,,,10.0,Entering at angle,0,0,False,0
-122.266872417226,47.5335740359148,204798,302446,303686,3754932,Matched,Block,,SEWARD PARK AVE S BETWEEN S FONTANELLE PL AND S KENYON ST, ,,2,Injury Collision,Parked Car,4,0,0,2,3,0,2018-08-26 00:00:00+00,8/26/2018 12:18:00 AM,Mid-Block (not related to intersection),14,"MOTOR VEHICLE STRUCK MOTOR VEHICLE, REAR END",,False,Clear or Partly Cloudy,Dry,Dark - Street Lights On,,,True,32.0,One parked--one moving,0,0,False,0
-122.330928768178,47.5991997436546,204799,301691,302911,E834062,Matched,Block,,S JACKSON ST BETWEEN 2ND AVE S AND 3RD AVE S, ,,1,Property Damage Only Collision,Other,5,0,0,1,0,0,2018-07-20 00:00:00+00,7/20/2018 9:00:00 AM,Mid-Block (but intersection related),14,"MOTOR VEHICLE STRUCK MOTOR VEHICLE, REAR END",,False,Clear or Partly Cloudy,Dry,Daylight,,,,40.0,Railway Vehicle Strikes Vehicle,0,0,False,0
-122.31945610697,47.6146637818482,204800,302445,303685,E838796,Matched,Block,,10TH AVE BETWEEN E PIKE ST AND E PINE ST, ,,1,Property Damage Only Collision,Angles,3,0,0,2,0,0,2018-08-25 00:00:00+00,8/25/2018 12:54:00 PM,Mid-Block (not related to intersection),11,"MOTOR VEHICLE STRUCK MOTOR VEHICLE, FRONT END AT ANGLE",True,False,Clear or Partly Cloudy,Dry,Daylight,,,,10.0,Entering at angle,0,0,False,0
-122.319174567196,47.6613088642492,204801,303077,304317,3753968,Matched,Block,,NE 45TH ST BETWEEN 8TH E AVE NE AND 9TH W AVE NE, ,,1,Property Damage Only Collision,Sideswipe,2,0,0,2,0,0,2018-09-14 00:00:00+00,9/14/2018 7:25:00 PM,Mid-Block (but intersection related),11,"MOTOR VEHICLE STRUCK MOTOR VEHICLE, FRONT END AT ANGLE",,False,Clear or Partly Cloudy,Dry,Daylight,,,,11.0,From same direction - both going straight - both moving - sideswipe,0,0,False,0
-122.38758729864,47.6698211125868,204802,302751,303991,3737498,Matched,Block,,24TH AVE NW BETWEEN NW 56TH ST AND NW 57TH ST, ,,2,Injury Collision,Rear Ended,4,0,0,2,1,0,2018-09-21 00:00:00+00,9/21/2018 7:27:00 PM,Mid-Block (not related to intersection),14,"MOTOR VEHICLE STRUCK MOTOR VEHICLE, REAR END",True,False,Raining,Wet,Dusk,,,,13.0,From same direction - both going straight - both moving - rear-end,0,0,False,0
-122.344348198772,47.620895650868,204803,299759,300959,E822939,Matched,Block,,THOMAS ST BETWEEN 6TH AVE N AND AURORA AVE N, ,,2b,Serious Injury Collision,Cycles,4,0,1,1,2,0,2018-07-18 00:00:00+00,7/18/2018 2:35:00 AM,Driveway Junction,51,PEDALCYCLIST STRUCK MOTOR VEHICLE FRONT END AT ANGLE,True,True,Overcast,Dry,Dark - Street Lights On,,,,6.0,Pedalcyclist Strikes Moving Vehicle,0,0,False,1
-122.29685250861,47.7138573372514,204804,302750,303990,3733770,Matched,Block,,NE 117TH ST BETWEEN 28TH AVE NE AND 30TH AVE NE, ,,1,Property Damage Only Collision,Parked Car,2,0,0,2,0,0,2018-09-21 00:00:00+00,9/21/2018 7:04:00 PM,Mid-Block (not related to intersection),14,"MOTOR VEHICLE STRUCK MOTOR VEHICLE, REAR END",,True,Clear or Partly Cloudy,Dry,Dusk,,,,32.0,One parked--one moving,0,0,False,0
-122.332244084376,47.6120705726859,204805,299741,300941,E822328,Matched,Intersection,29893.0,8TH AVE AND PIKE ST, ,,1,Property Damage Only Collision,Angles,2,0,0,2,0,0,2018-07-11 00:00:00+00,7/11/2018 5:05:00 PM,At Intersection (intersection related),11,"MOTOR VEHICLE STRUCK MOTOR VEHICLE, FRONT END AT ANGLE",,False,Clear or Partly Cloudy,Dry,Daylight,,,,10.0,Entering at angle,0,0,False,0
-122.354875027246,47.7195995390093,204806,302749,303989,3733769,Matched,Block,,N 125TH ST BETWEEN GREENWOOD AVE N AND PHINNEY AVE N, ,,2b,Serious Injury Collision,Rear Ended,3,1,0,2,2,0,2018-09-20 00:00:00+00,9/20/2018 10:05:00 AM,Mid-Block (not related to intersection),14,"MOTOR VEHICLE STRUCK MOTOR VEHICLE, REAR END",True,False,Clear or Partly Cloudy,Dry,Daylight,,,,14.0,From same direction - both going straight - one stopped - rear-end,0,0,False,1
-122.31256350599,47.6612656742288,204807,303083,304323,3751495,Matched,Block,,NE 45TH ST BETWEEN UNIVERSITY WAY NE AND 15TH AVE NE, ,,2,Injury Collision,Pedestrian,2,0,1,1,1,0,2018-09-21 00:00:00+00,9/21/2018 3:05:00 PM,Mid-Block (not related to intersection),18,"MOTOR VEHICLE STRUCK PEDALCYCLIST, FRONT END AT ANGLE",True,False,Clear or Partly Cloudy,Dry,Daylight,,,,5.0,Vehicle Strikes Pedalcyclist,0,0,False,0
-122.32559545728,47.6833933186476,204808,302748,303988,3733767,Matched,Block,,LATONA AVE NE BETWEEN NE 75TH ST AND NE 76TH ST, ,,1,Property Damage Only Collision,Parked Car,3,0,0,2,0,0,2018-09-16 00:00:00+00,9/16/2018 4:20:00 PM,Mid-Block (not related to intersection),11,"MOTOR VEHICLE STRUCK MOTOR VEHICLE, FRONT END AT ANGLE",,False,Overcast,Dry,Daylight,,,,32.0,One parked--one moving,0,0,False,0
-122.314917696029,47.5273699971338,204809,299757,300957,E813618,Matched,Intersection,35090.0,14TH AVE S AND DALLAS AVE S, ,,1,Property Damage Only Collision,Rear Ended,3,0,0,2,0,0,2018-06-29 00:00:00+00,6/29/2018 12:25:00 PM,At Intersection (but not related to intersection),14,"MOTOR VEHICLE STRUCK MOTOR VEHICLE, REAR END",,False,Clear or Partly Cloudy,Dry,Daylight,,,,14.0,From same direction - both going straight - one stopped - rear-end,0,0,False,0
-122.333718701038,47.6650357207705,204810,302747,303987,3733765,Matched,Intersection,25525.0,MERIDIAN AVE N AND N 50TH ST, ,,1,Property Damage Only Collision,Rear Ended,2,0,0,2,0,0,2018-09-15 00:00:00+00,9/15/2018 9:31:00 PM,At Intersection (but not related to intersection),14,"MOTOR VEHICLE STRUCK MOTOR VEHICLE, REAR END",,True,Raining,Wet,Dark - Street Lights On,,,,14.0,From same direction - both going straight - one stopped - rear-end,0,0,False,0
-122.320630304811,47.5386504466102,204811,302746,303986,E841044,Matched,Intersection,34195.0,ELLIS AVE S AND EAST MARGINAL WAY S, ,,2,Injury Collision,Angles,2,0,0,2,1,0,2018-09-22 00:00:00+00,9/22/2018 2:35:00 PM,At Intersection (intersection related),11,"MOTOR VEHICLE STRUCK MOTOR VEHICLE, FRONT END AT ANGLE",,False,Overcast,Dry,Daylight,,,True,10.0,Entering at angle,0,0,False,0
-122.268810850134,47.5061429503352,204812,303084,304324,3756136,Matched,Block,,S BANGOR ST BETWEEN 51ST AVE S AND 53RD AVE S, ,,1,Property Damage Only Collision,Other,2,0,0,2,0,0,2018-09-22 00:00:00+00,9/22/2018 8:19:00 PM,Mid-Block (but intersection related),11,"MOTOR VEHICLE STRUCK MOTOR VEHICLE, FRONT END AT ANGLE",,False,Clear or Partly Cloudy,Dry,Dark - Street Lights Off,,,,23.0,From same direction - all others,0,0,False,0
-122.383390897049,47.6566312593613,204813,302745,303985,3732318,Matched,Block,,21ST AVE W BETWEEN W EMERSON PL AND W ELMORE ST, ,,1,Property Damage Only Collision,Parked Car,3,0,0,2,0,0,2018-09-21 00:00:00+00,9/21/2018 4:16:00 AM,Mid-Block (not related to intersection),14,"MOTOR VEHICLE STRUCK MOTOR VEHICLE, REAR END",,False,Clear or Partly Cloudy,Dry,Dark - Street Lights On,,,,32.0,One parked--one moving,0,0,False,0
-122.262454717666,47.4994213534398,204814,303082,304322,3756133,Matched,Block,,56TH AVE S BETWEEN S AUGUSTA ST AND LUTHER AVE S, ,,1,Property Damage Only Collision,Other,1,0,0,1,0,0,2018-09-21 00:00:00+00,9/21/2018 8:51:00 PM,Mid-Block (not related to intersection),28,MOTOR VEHICLE RAN OFF ROAD - HIT FIXED OBJECT,,False,Raining,Wet,Dark - Street Lights On,,,,50.0,Fixed object,0,0,False,0
-122.302338839509,47.5464261011908,204815,302744,303984,E841043,Matched,Intersection,33402.0,24TH AVE S AND S GRAHAM ST, ,,2,Injury Collision,Angles,3,0,0,3,2,0,2018-09-21 00:00:00+00,9/21/2018 7:00:00 PM,At Intersection (intersection related),11,"MOTOR VEHICLE STRUCK MOTOR VEHICLE, FRONT END AT ANGLE",,False,Overcast,Dry,Dusk,,,,10.0,Entering at angle,0,0,False,0
-122.338238289605,47.5557687495713,204816,299742,300942,E822557,Matched,Intersection,33022.0,EAST MARGINAL WAY S AND S DAWSON ST, ,,2b,Serious Injury Collision,Left Turn,2,0,0,2,1,0,2018-07-25 00:00:00+00,7/25/2018 9:39:00 AM,At Intersection (intersection related),11,"MOTOR VEHICLE STRUCK MOTOR VEHICLE, FRONT END AT ANGLE",,False,Clear or Partly Cloudy,Dry,Daylight,,,,28.0,From opposite direction - one left turn - one straight,0,0,False,1
-122.320771350518,47.6135181483714,204819,302597,303837,3814143,Matched,Block,,BROADWAY BETWEEN E UNION ST AND E PIKE ST, ,,2,Injury Collision,Rear Ended,4,0,0,3,1,0,2018-08-29 00:00:00+00,8/29/2018 4:20:00 PM,Mid-Block (not related to intersection),14,"MOTOR VEHICLE STRUCK MOTOR VEHICLE, REAR END",,False,Overcast,Dry,Daylight,,,,14.0,From same direction - both going straight - one stopped - rear-end,0,0,False,0
-122.311926833112,47.6656591790246,204820,303081,304321,3751409,Matched,Block,,15TH AVE NE BETWEEN NE 50TH ST AND NE 52ND ST, ,,1,Property Damage Only Collision,Rear Ended,3,0,0,3,0,0,2018-09-21 00:00:00+00,9/21/2018 7:45:00 PM,Mid-Block (not related to intersection),14,"MOTOR VEHICLE STRUCK MOTOR VEHICLE, REAR END",,False,Overcast,Wet,Dark - Street Lights On,,,,14.0,From same direction - both going straight - one stopped - rear-end,0,0,False,0
-122.328004996446,47.6124723146976,204821,299758,300958,E813906,Matched,Intersection,29891.0,BOREN AVE AND UNION ST, ,,2,Injury Collision,Cycles,2,0,1,1,1,0,2018-06-13 00:00:00+00,6/13/2018 9:06:00 PM,At Intersection (intersection related),18,"MOTOR VEHICLE STRUCK PEDALCYCLIST, FRONT END AT ANGLE",,False,Clear or Partly Cloudy,Dry,Dark - Street Lights On,,,,6.0,Pedalcyclist Strikes Moving Vehicle,0,0,False,0
-122.317225404467,47.5987646925631,204824,299740,300940,E822325,Matched,Block,,12TH AVE S BETWEEN S JACKSON ST AND S KING ST, ,,1,Property Damage Only Collision,Sideswipe,3,0,0,3,0,0,2018-07-16 00:00:00+00,7/16/2018 3:33:00 PM,Mid-Block (not related to intersection),11,"MOTOR VEHICLE STRUCK MOTOR VEHICLE, FRONT END AT ANGLE",,False,Clear or Partly Cloudy,Dry,Daylight,,,,11.0,From same direction - both going straight - both moving - sideswipe,0,0,False,0
-122.362067147744,47.7017274860172,204844,299940,301140,3751460,Matched,Intersection,37121.0,4TH AVE NW AND HOLMAN RD NW, ,,2,Injury Collision,Angles,2,0,0,2,1,0,2018-07-30 00:00:00+00,7/30/2018 9:11:00 PM,At Intersection (intersection related),11,"MOTOR VEHICLE STRUCK MOTOR VEHICLE, FRONT END AT ANGLE",,False,Clear or Partly Cloudy,Dry,Dusk,,,,10.0,Entering at angle,0,0,False,0
-122.339100625887,47.5752720929622,204826,303080,304320,3756130,Matched,Block,,ALASKAN WY VI NB BETWEEN ALASKAN WY VI NB ON RP AND S LANDER ST, ,,1,Property Damage Only Collision,Sideswipe,2,0,0,2,0,0,2018-09-14 00:00:00+00,9/14/2018 5:26:00 PM,Mid-Block (not related to intersection),14,"MOTOR VEHICLE STRUCK MOTOR VEHICLE, REAR END",,False,Clear or Partly Cloudy,Wet,Daylight,,,,11.0,From same direction - both going straight - both moving - sideswipe,0,0,False,0
-122.350565500132,47.5329748595054,204828,299743,300943,E822802,Matched,Block,,12TH AVE SW BETWEEN SW HOLDEN ST AND SW KENYON ST, ,,2b,Serious Injury Collision,Parked Car,3,0,0,3,1,0,2018-07-28 00:00:00+00,7/28/2018 4:58:00 PM,Mid-Block (not related to intersection),14,"MOTOR VEHICLE STRUCK MOTOR VEHICLE, REAR END",,False,Clear or Partly Cloudy,Dry,Daylight,,,,32.0,One parked--one moving,0,0,False,1
-122.378956216775,47.6915116999259,204829,303078,304318,3751385,Matched,Block,,17TH AVE NW BETWEEN NW 85TH ST AND NW 87TH ST, ,,1,Property Damage Only Collision,Head On,2,0,0,2,0,0,2018-09-22 00:00:00+00,9/22/2018 7:54:00 PM,Mid-Block (not related to intersection),11,"MOTOR VEHICLE STRUCK MOTOR VEHICLE, FRONT END AT ANGLE",,False,Raining,Wet,Dark - Street Lights On,,,,30.0,From opposite direction - all others,0,0,False,0
-122.348475312394,47.6749538287896,204830,303079,304319,3751407,Matched,Block,,LINDEN AVE N BETWEEN N 63RD ST AND N 64TH ST, ,,1,Property Damage Only Collision,Parked Car,2,0,0,2,0,0,2018-09-20 00:00:00+00,9/20/2018 7:25:00 PM,Mid-Block (not related to intersection),11,"MOTOR VEHICLE STRUCK MOTOR VEHICLE, FRONT END AT ANGLE",True,False,Clear or Partly Cloudy,Dry,Dark - Street Lights On,,,,32.0,One parked--one moving,0,0,True,0
-122.342124328827,47.7123122984273,204831,300109,301309,E822976,Matched,Intersection,36341.0,STONE AVE N AND N 115TH ST, ,,1,Property Damage Only Collision,Angles,2,0,0,2,0,0,2018-07-17 00:00:00+00,7/17/2018 10:59:00 AM,At Intersection (intersection related),11,"MOTOR VEHICLE STRUCK MOTOR VEHICLE, FRONT END AT ANGLE",True,False,Clear or Partly Cloudy,Dry,Daylight,,,,10.0,Entering at angle,0,0,False,0
-122.299900922544,47.5986842319903,204832,300264,301464,E823846,Matched,Block,,25TH AVE S BETWEEN S JACKSON ST AND S KING ST, ,,1,Property Damage Only Collision,Other,2,0,0,2,0,0,2018-08-01 00:00:00+00,8/1/2018 3:31:00 PM,Mid-Block (not related to intersection),11,"MOTOR VEHICLE STRUCK MOTOR VEHICLE, FRONT END AT ANGLE",,False,Clear or Partly Cloudy,Dry,Daylight,,,,23.0,From same direction - all others,0,0,False,0
-122.375276522617,47.5137238173453,204834,300112,301312,E822985,Matched,Intersection,38086.0,34TH AVE SW AND SW 100TH ST, ,,2,Injury Collision,Angles,4,0,0,2,1,0,2018-07-24 00:00:00+00,7/24/2018 10:18:00 AM,At Intersection (intersection related),11,"MOTOR VEHICLE STRUCK MOTOR VEHICLE, FRONT END AT ANGLE",,False,Clear or Partly Cloudy,Dry,Daylight,,,,10.0,Entering at angle,0,0,False,0
-122.310790169266,47.5819889134083,204835,300270,301470,E823894,Matched,Block,,17TH AVE S BETWEEN S COLLEGE ST AND S BAYVIEW ST, ,,1,Property Damage Only Collision,Parked Car,3,0,0,3,0,0,2018-07-31 00:00:00+00,7/31/2018 10:30:00 PM,Mid-Block (not related to intersection),14,"MOTOR VEHICLE STRUCK MOTOR VEHICLE, REAR END",True,False,Clear or Partly Cloudy,Dry,Dark - Street Lights On,,,,32.0,One parked--one moving,0,0,False,0
-122.398371043661,47.6767841569577,204836,299952,301152,3754147,Matched,Block,,32ND AVE NW BETWEEN NW 66TH ST AND NW 67TH S ST, ,,1,Property Damage Only Collision,Parked Car,2,0,0,2,0,0,2018-08-05 00:00:00+00,8/5/2018 2:01:00 AM,Mid-Block (not related to intersection),15,"MOTOR VEHICLE STRUCK MOTOR VEHICLE, RIGHT SIDE SIDESWIPE",,False,Clear or Partly Cloudy,Dry,Dark - Street Lights On,,,,32.0,One parked--one moving,0,0,False,0