longitude,latitude,objectid,inckey,coldetkey,reportno,status,addrtype,intkey,location,exceptrsncode,exceptrsndesc,severitycode,severitydesc,collisiontype,personcount,pedcount,pedcylcount,vehcount,injuries,fatalities,incdate,incdttm,junctiontype,sdot_colcode,sdot_coldesc,inattentionind,underinfl,weather,roadcond,lightcond,pedrownotgrnt,sdotcolnum,speeding,st_colcode,st_coldesc,seglanekey,crosswalkkey,hitparkedcar,seriousinjuries
-122.3444844286,47.6833014645864,204837,299941,301141,3751477,Matched,Intersection,24311.0,AURORA AVE N AND N 75TH ST, ,,1,Property Damage Only Collision,Angles,4,0,0,2,0,0,2018-08-06 00:00:00+00,8/6/2018 8:50:00 AM,At Intersection (intersection related),11,"MOTOR VEHICLE STRUCK MOTOR VEHICLE, FRONT END AT ANGLE",,False,Clear or Partly Cloudy,Dry,Daylight,,,,10.0,Entering at angle,0,0,False,0
-122.316512659161,47.6758221525179,204839,300438,301638,E825861,Matched,Block,,NE 65TH ST BETWEEN ROOSEVELT WAY NE AND 12TH AVE NE, ,,1,Property Damage Only Collision,Other,2,0,0,2,0,0,2018-07-17 00:00:00+00,7/17/2018 10:21:00 AM,Mid-Block (not related to intersection),11,"MOTOR VEHICLE STRUCK MOTOR VEHICLE, FRONT END AT ANGLE",True,False,Clear or Partly Cloudy,Dry,Daylight,,,,23.0,From same direction - all others,0,0,False,0
-122.296089205102,47.6201762512513,204840,300110,301310,E822980,Matched,Intersection,29279.0,M L KING JR WAY E AND E JOHN ST, ,,1,Property Damage Only Collision,Angles,2,0,0,2,0,0,2018-07-18 00:00:00+00,7/18/2018 9:04:00 AM,At Intersection (intersection related),11,"MOTOR VEHICLE STRUCK MOTOR VEHICLE, FRONT END AT ANGLE",True,False,Clear or Partly Cloudy,Dry,Daylight,,,,10.0,Entering at angle,0,0,False,0
-122.337893628872,47.6164902049791,204841,300115,301315,E823349,Matched,Intersection,29528.0,LENORA ST AND WESTLAKE AVE, ,,1,Property Damage Only Collision,Left Turn,2,0,0,2,0,0,2018-07-24 00:00:00+00,7/24/2018 12:43:00 PM,At Intersection (intersection related),11,"MOTOR VEHICLE STRUCK MOTOR VEHICLE, FRONT END AT ANGLE",,False,Clear or Partly Cloudy,Dry,Daylight,,,,15.0,From same direction - one left turn - one straight,0,0,False,0
-122.278090423034,47.5411179411037,204842,300268,301468,3810697,Matched,Block,,44TH AVE S BETWEEN S BRIGHTON ST AND S WILLOW ST,NEI,"Not Enough Information, or Insufficient Location Information",1,Property Damage Only Collision,Parked Car,2,0,0,2,0,0,2018-08-08 00:00:00+00,8/8/2018 10:00:00 PM,Mid-Block (not related to intersection),0,NOT ENOUGH INFORMATION / NOT APPLICABLE,,False,Unknown,Unknown,Unknown,,,,32.0,One parked--one moving,0,0,True,0
-122.275797669541,47.6682965738973,204843,299944,301144,3751528,Matched,Intersection,26145.0,PRINCETON AVE NE AND SAND POINT WAY NE, ,,2,Injury Collision,Left Turn,2,0,0,2,2,0,2018-08-07 00:00:00+00,8/7/2018 8:03:00 AM,At Intersection (intersection related),11,"MOTOR VEHICLE STRUCK MOTOR VEHICLE, FRONT END AT ANGLE",,False,Clear or Partly Cloudy,Dry,Daylight,,,,28.0,From opposite direction - one left turn - one straight,0,0,False,0
-122.290471182026,47.5607615800343,204845,300265,301465,3810624,Matched,Block,,S ALASKA ST BETWEEN 33RD AVE S AND 34TH AVE S, ,,1,Property Damage Only Collision,Rear Ended,2,0,0,2,0,0,2018-08-08 00:00:00+00,8/8/2018 7:56:00 AM,Mid-Block (not related to intersection),14,"MOTOR VEHICLE STRUCK MOTOR VEHICLE, REAR END",True,False,Clear or Partly Cloudy,Dry,Daylight,,,,13.0,From same direction - both going straight - both moving - rear-end,0,0,False,0
-122.338504193583,47.6650353046369,204847,300113,301313,E823127,Matched,Intersection,25529.0,WOODLAWN AVE N AND N 50TH E ST, ,,2,Injury Collision,Angles,4,0,0,2,1,0,2018-07-27 00:00:00+00,7/27/2018 9:21:00 AM,At Intersection (intersection related),11,"MOTOR VEHICLE STRUCK MOTOR VEHICLE, FRONT END AT ANGLE",,False,Clear or Partly Cloudy,Dry,Daylight,,,,10.0,Entering at angle,0,0,False,0
-122.295817531038,47.5435343169426,204848,300108,301308,3810716,Matched,Block,,29TH AVE S BETWEEN S MORGAN ST AND S HOLLY ST, ,,1,Property Damage Only Collision,Parked Car,2,0,0,2,0,0,2018-07-31 00:00:00+00,7/31/2018 3:46:00 PM,Mid-Block (not related to intersection),14,"MOTOR VEHICLE STRUCK MOTOR VEHICLE, REAR END",,False,Clear or Partly Cloudy,Dry,Daylight,,,,32.0,One parked--one moving,0,0,False,0
-122.344936819227,47.7195722114033,204849,299942,301142,3751478,Matched,Intersection,35847.0,AURORA AVE N AND N 125TH ST, ,,2,Injury Collision,Rear Ended,2,0,0,2,1,0,2018-08-07 00:00:00+00,8/7/2018 8:39:00 AM,At Intersection (but not related to intersection),14,"MOTOR VEHICLE STRUCK MOTOR VEHICLE, REAR END",True,False,Clear or Partly Cloudy,Dry,Daylight,,,,14.0,From same direction - both going straight - one stopped - rear-end,0,0,False,0
-122.328634265585,47.7086287203541,204850,299939,301139,3751378,Matched,Intersection,36586.0,1ST AVE NE AND NE NORTHGATE WAY, ,,2,Injury Collision,Rear Ended,2,0,0,2,1,0,2018-08-08 00:00:00+00,8/8/2018 6:32:00 AM,At Intersection (intersection related),14,"MOTOR VEHICLE STRUCK MOTOR VEHICLE, REAR END",True,False,Clear or Partly Cloudy,Dry,Daylight,,,,14.0,From same direction - both going straight - one stopped - rear-end,0,0,False,0
-122.362114871075,47.5713814409233,204851,300439,301639,E825863,Matched,Block,,CHELAN AVE SW BETWEEN SW SPOKANE SR ST AND SW SPOKANE CR ST, ,,1,Property Damage Only Collision,Angles,3,0,0,2,0,0,2018-08-07 00:00:00+00,8/7/2018 8:20:00 AM,Mid-Block (not related to intersection),11,"MOTOR VEHICLE STRUCK MOTOR VEHICLE, FRONT END AT ANGLE",True,False,Clear or Partly Cloudy,Dry,Daylight,,,,10.0,Entering at angle,0,0,False,0
-122.334216048422,47.5519032571463,204852,300111,301311,3810718,Matched,Intersection,33040.0,1ST AVE S AND S ORCAS ST, ,,2,Injury Collision,Rear Ended,4,0,0,3,1,0,2018-08-01 00:00:00+00,8/1/2018 11:20:00 AM,At Intersection (but not related to intersection),14,"MOTOR VEHICLE STRUCK MOTOR VEHICLE, REAR END",,False,Overcast,Dry,Daylight,,,,13.0,From same direction - both going straight - both moving - rear-end,0,0,False,0
-122.375766008639,47.5446790163543,204853,300263,301463,3780981,Matched,Block,,SW MORGAN ST BETWEEN 34TH AVE SW AND 35TH AVE SW, ,,1,Property Damage Only Collision,Sideswipe,2,0,0,2,0,0,2018-08-09 00:00:00+00,8/9/2018 1:42:00 PM,Mid-Block (not related to intersection),11,"MOTOR VEHICLE STRUCK MOTOR VEHICLE, FRONT END AT ANGLE",,False,Clear or Partly Cloudy,Dry,Daylight,,,,11.0,From same direction - both going straight - both moving - sideswipe,0,0,False,0
-122.334206439738,47.5678488032113,204854,300269,301469,3810698,Matched,Block,,1ST AVE S BETWEEN S ANDOVER ST AND S DAKOTA ST, ,,1,Property Damage Only Collision,Other,3,0,0,2,0,0,2018-08-09 00:00:00+00,8/9/2018 5:38:00 PM,Mid-Block (not related to intersection),11,"MOTOR VEHICLE STRUCK MOTOR VEHICLE, FRONT END AT ANGLE",,False,Clear or Partly Cloudy,Dry,Daylight,,,,23.0,From same direction - all others,0,0,False,0
-122.339699227227,47.5737069494871,204855,299951,301151,E822556,Matched,Intersection,32160.0,EAST MARGINAL WAY S AND S HINDS ST, ,,2,Injury Collision,Pedestrian,2,0,1,1,1,0,2018-07-26 00:00:00+00,7/26/2018 7:04:00 AM,At Intersection (intersection related),18,"MOTOR VEHICLE STRUCK PEDALCYCLIST, FRONT END AT ANGLE",,False,Clear or Partly Cloudy,Dry,Daylight,,,,5.0,Vehicle Strikes Pedalcyclist,0,0,False,0
-122.354465771871,47.6541519677052,204856,299760,300960,E820966,Matched,Intersection,27013.0,PHINNEY AVE N AND N 39TH ST, ,,1,Property Damage Only Collision,Angles,4,0,0,2,0,0,2018-07-13 00:00:00+00,7/13/2018 4:55:00 PM,At Intersection (intersection related),11,"MOTOR VEHICLE STRUCK MOTOR VEHICLE, FRONT END AT ANGLE",,False,Clear or Partly Cloudy,Dry,Daylight,,,,10.0,Entering at angle,0,0,False,0
-122.287587102391,47.5504994874173,204857,300266,301466,3810695,Matched,Block,,M L KING JR ER WAY S BETWEEN S ORCAS ST AND S JUNEAU ST,NEI,"Not Enough Information, or Insufficient Location Information",1,Property Damage Only Collision,Rear Ended,4,0,0,2,0,0,2018-08-05 00:00:00+00,8/5/2018 6:30:00 PM,Mid-Block (not related to intersection),0,NOT ENOUGH INFORMATION / NOT APPLICABLE,True,False,Unknown,Unknown,Unknown,,,,14.0,From same direction - both going straight - one stopped - rear-end,0,0,False,0
-122.33396137291,47.706850216104,204859,300114,301314,E823286,Matched,Intersection,36588.0,MERIDIAN AVE N AND N 107TH ST, ,,1,Property Damage Only Collision,Left Turn,3,0,0,2,0,0,2018-07-28 00:00:00+00,7/28/2018 3:41:00 PM,At Intersection (intersection related),11,"MOTOR VEHICLE STRUCK MOTOR VEHICLE, FRONT END AT ANGLE",,False,Clear or Partly Cloudy,Dry,Daylight,,,,28.0,From opposite direction - one left turn - one straight,0,0,False,0
-122.30294665244,47.5836585664086,204860,299943,301143,E822553,Matched,Intersection,31564.0,23RD AVE S AND S WALKER ST, ,,2,Injury Collision,Angles,2,0,0,2,2,0,2018-07-22 00:00:00+00,7/22/2018 9:22:00 AM,At Intersection (intersection related),11,"MOTOR VEHICLE STRUCK MOTOR VEHICLE, FRONT END AT ANGLE",,False,Clear or Partly Cloudy,Dry,Daylight,,,,10.0,Entering at angle,0,0,False,0
-122.300337708573,47.6409815712251,204861,300899,302119,3814138,Matched,Intersection,28354.0,25TH AVE E AND E CALHOUN ST, ,,2,Injury Collision,Cycles,2,0,1,1,1,0,2018-08-22 00:00:00+00,8/22/2018 6:00:00 PM,At Intersection (intersection related),18,"MOTOR VEHICLE STRUCK PEDALCYCLIST, FRONT END AT ANGLE",,False,Clear or Partly Cloudy,Dry,Daylight,,,,6.0,Pedalcyclist Strikes Moving Vehicle,0,0,False,0
-122.329166678913,47.6251205185384,204862,300898,302118,3814041,Matched,Intersection,29120.0,EASTLAKE AVE E AND LAKEVIEW BLVD E, ,,2,Injury Collision,Pedestrian,2,1,0,1,1,0,2018-08-24 00:00:00+00,8/24/2018 6:45:00 PM,At Intersection (intersection related),24,MOTOR VEHCILE STRUCK PEDESTRIAN,True,False,Clear or Partly Cloudy,Dry,Daylight,True,,,2.0,Vehicle turning left hits pedestrian,0,522897,False,0
-122.321877154303,47.6057697675994,204864,300897,302117,3814040,Matched,Intersection,29817.0,BOREN AVE AND JEFFERSON ST, ,,2,Injury Collision,Rear Ended,2,0,0,2,1,0,2018-08-23 00:00:00+00,8/23/2018 7:59:00 PM,At Intersection (intersection related),14,"MOTOR VEHICLE STRUCK MOTOR VEHICLE, REAR END",,False,Clear or Partly Cloudy,Dry,Daylight,,,,84.0,Same direction -- both turning left -- one stopped -- rear end,0,0,False,0
-122.386803951471,47.5602169818927,204865,301437,302677,3693163,Matched,Block,,CALIFORNIA AVE SW BETWEEN SW ALASKA ST AND ERSKINE WAY SW, ,,1,Property Damage Only Collision,Parked Car,5,0,0,2,0,0,2018-08-28 00:00:00+00,8/28/2018 12:37:00 PM,Mid-Block (not related to intersection),11,"MOTOR VEHICLE STRUCK MOTOR VEHICLE, FRONT END AT ANGLE",True,False,Clear or Partly Cloudy,Dry,Daylight,,,,20.0,One car leaving parked position,0,0,False,0
-122.32211092489,47.6140661962629,204866,300879,302099,3814037,Matched,Intersection,29744.0,HARVARD AVE AND E PIKE ST, ,,1,Property Damage Only Collision,Other,3,0,0,2,0,0,2018-08-18 00:00:00+00,8/18/2018 9:35:00 PM,At Intersection (intersection related),11,"MOTOR VEHICLE STRUCK MOTOR VEHICLE, FRONT END AT ANGLE",,False,Clear or Partly Cloudy,Dry,Dark - Street Lights On,,,,23.0,From same direction - all others,0,0,False,0
-122.330305089776,47.6004355744087,204867,301399,302639,E832526,Matched,Block,,3RD AVE S BETWEEN S WASHINGTON ST AND S MAIN ST, ,,1,Property Damage Only Collision,Head On,3,0,0,2,0,0,2018-08-27 00:00:00+00,8/27/2018 10:02:00 AM,Mid-Block (not related to intersection),11,"MOTOR VEHICLE STRUCK MOTOR VEHICLE, FRONT END AT ANGLE",,False,Clear or Partly Cloudy,Dry,Daylight,,,,30.0,From opposite direction - all others,0,0,False,0
-122.347036492806,47.6117258764141,204869,300878,302098,3812399,Matched,Intersection,29709.0,ELLIOTT AVE AND ELLIOTT AV ON RP, ,,1,Property Damage Only Collision,Sideswipe,2,0,0,2,0,0,2018-08-24 00:00:00+00,8/24/2018 10:53:00 AM,At Intersection (intersection related),11,"MOTOR VEHICLE STRUCK MOTOR VEHICLE, FRONT END AT ANGLE",,False,Clear or Partly Cloudy,Dry,Daylight,,,,11.0,From same direction - both going straight - both moving - sideswipe,0,0,False,0
-122.359971886138,47.5378679134118,204870,301459,302699,3742272,Matched,Block,,SW ORCHARD ST BETWEEN DUMAR WAY SW AND DELRIDGE WAY SW, ,,2,Injury Collision,Rear Ended,3,0,0,2,2,0,2018-08-23 00:00:00+00,8/23/2018 5:40:00 PM,Mid-Block (but intersection related),14,"MOTOR VEHICLE STRUCK MOTOR VEHICLE, REAR END",,False,Clear or Partly Cloudy,Dry,Daylight,,,,14.0,From same direction - both going straight - one stopped - rear-end,0,0,False,0
-122.312839397212,47.6092105379285,204871,300646,301860,E828948,Matched,Intersection,30165.0,15TH AVE AND E COLUMBIA ST, ,,1,Property Damage Only Collision,Rear Ended,5,0,0,2,0,0,2018-07-29 00:00:00+00,7/29/2018 10:13:00 PM,At Intersection (intersection related),14,"MOTOR VEHICLE STRUCK MOTOR VEHICLE, REAR END",True,False,Clear or Partly Cloudy,Dry,Dark - Street Lights On,,,,14.0,From same direction - both going straight - one stopped - rear-end,0,0,False,0
-122.327241117813,47.6619779444112,204872,300645,301859,E828826,Matched,Block,,2ND AVE NE BETWEEN NE 45TH ST AND NE 46TH ST, ,,1,Property Damage Only Collision,Angles,3,0,0,2,0,0,2018-08-11 00:00:00+00,8/11/2018 12:40:00 AM,Mid-Block (not related to intersection),11,"MOTOR VEHICLE STRUCK MOTOR VEHICLE, FRONT END AT ANGLE",,False,Clear or Partly Cloudy,Dry,Dark - Street Lights On,,,,10.0,Entering at angle,0,0,False,0
-122.323751896676,47.5987705841875,204873,301402,302642,E831986,Matched,Block,,7TH AVE S BETWEEN S JACKSON ST AND S KING ST, ,,1,Property Damage Only Collision,Parked Car,2,0,0,2,0,0,2018-08-14 00:00:00+00,8/14/2018 7:08:00 PM,Mid-Block (not related to intersection),11,"MOTOR VEHICLE STRUCK MOTOR VEHICLE, FRONT END AT ANGLE",,False,Clear or Partly Cloudy,Dry,Daylight,,,,32.0,One parked--one moving,0,0,True,0
-122.347396831582,47.6509664030945,204874,300644,301858,E828638,Matched,Intersection,27031.0,TROLL AVE N AND N 36TH ST, ,,1,Property Damage Only Collision,Parked Car,4,0,0,2,0,0,2018-08-05 00:00:00+00,8/5/2018 1:06:00 PM,At Intersection (intersection related),11,"MOTOR VEHICLE STRUCK MOTOR VEHICLE, FRONT END AT ANGLE",True,False,Clear or Partly Cloudy,Dry,Daylight,,,,32.0,One parked--one moving,0,0,True,0
-122.316781524063,47.6035141600007,204875,300903,302123,3814178,Matched,Intersection,29839.0,12TH AVE AND E SPRUCE ST, ,,1,Property Damage Only Collision,Angles,3,0,0,3,0,0,2018-08-17 00:00:00+00,8/17/2018 9:03:00 PM,At Intersection (intersection related),11,"MOTOR VEHICLE STRUCK MOTOR VEHICLE, FRONT END AT ANGLE",,False,Clear or Partly Cloudy,Dry,Dark - Street Lights On,,,,10.0,Entering at angle,0,0,False,0
-122.322862560136,47.6649753648677,204876,300643,301857,E828636,Matched,Intersection,25785.0,5TH AVE NE AND NE 50TH ST, ,,1,Property Damage Only Collision,Angles,5,0,0,2,0,0,2018-08-10 00:00:00+00,8/10/2018 3:07:00 PM,At Intersection (intersection related),11,"MOTOR VEHICLE STRUCK MOTOR VEHICLE, FRONT END AT ANGLE",,False,Clear or Partly Cloudy,Dry,Daylight,,,,10.0,Entering at angle,0,0,False,0
-122.387449972478,47.5629291068181,204877,301457,302697,3693166,Matched,Block,,SW OREGON ST BETWEEN CALIFORNIA AVE SW AND 44TH AVE SW, ,,1,Property Damage Only Collision,Parked Car,2,0,0,2,0,0,2018-08-29 00:00:00+00,8/29/2018 4:46:00 PM,Mid-Block (not related to intersection),11,"MOTOR VEHICLE STRUCK MOTOR VEHICLE, FRONT END AT ANGLE",,False,Clear or Partly Cloudy,Dry,Daylight,,,,32.0,One parked--one moving,0,0,False,0
-122.392868474789,47.6690572937645,204879,300642,301842,E828632,Matched,Block,,28TH AVE NW BETWEEN NW MARKET ST AND NW 56TH ST, ,,1,Property Damage Only Collision,Parked Car,2,0,0,2,0,0,2018-07-29 00:00:00+00,7/29/2018 2:30:00 PM,Mid-Block (not related to intersection),11,"MOTOR VEHICLE STRUCK MOTOR VEHICLE, FRONT END AT ANGLE",True,False,Clear or Partly Cloudy,Dry,Daylight,,,,32.0,One parked--one moving,0,0,True,0
-122.325974780145,47.586174714271,204880,300641,301841,E828564,Matched,Intersection,31349.0,6TH AVE S AND S HOLGATE ST, ,,2,Injury Collision,Cycles,2,0,1,1,1,0,2018-08-15 00:00:00+00,8/15/2018 11:09:00 AM,At Intersection (intersection related),18,"MOTOR VEHICLE STRUCK PEDALCYCLIST, FRONT END AT ANGLE",,False,Clear or Partly Cloudy,Dry,Daylight,,,,6.0,Pedalcyclist Strikes Moving Vehicle,0,0,False,0
-122.333366505619,47.6173283912533,204881,300640,301840,E828563,Matched,Block,,BOREN AVE BETWEEN STEWART ST AND VIRGINIA ST, ,,2,Injury Collision,Rear Ended,2,0,0,2,1,0,2018-08-14 00:00:00+00,8/14/2018 3:26:00 PM,Mid-Block (not related to intersection),14,"MOTOR VEHICLE STRUCK MOTOR VEHICLE, REAR END",True,False,Clear or Partly Cloudy,Dry,Daylight,,,,14.0,From same direction - both going straight - one stopped - rear-end,0,0,False,0
-122.319368822982,47.6121773783353,204882,300902,302122,3814177,Matched,Intersection,29766.0,10TH AVE AND E SENECA ST, ,,1,Property Damage Only Collision,Angles,2,0,0,2,0,0,2018-08-16 00:00:00+00,8/16/2018 6:08:00 PM,At Intersection (intersection related),11,"MOTOR VEHICLE STRUCK MOTOR VEHICLE, FRONT END AT ANGLE",,False,Clear or Partly Cloudy,Dry,Daylight,,,,10.0,Entering at angle,0,0,False,0
-122.299159659816,47.5796734628583,204884,300639,301839,E828562,Matched,Block,,RAINIER AVE S BETWEEN S BAYVIEW ST AND S MCCLELLAN ST, ,,1,Property Damage Only Collision,Rear Ended,2,0,0,2,0,0,2018-08-15 00:00:00+00,8/15/2018 10:36:00 AM,Mid-Block (not related to intersection),14,"MOTOR VEHICLE STRUCK MOTOR VEHICLE, REAR END",,False,Clear or Partly Cloudy,Dry,Daylight,,,,13.0,From same direction - both going straight - both moving - rear-end,0,0,False,0
-122.320068990453,47.6784021369702,204885,300444,301644,E826209,Matched,Block,,8TH AVE NE BETWEEN NE 68TH ST AND NE 69TH ST, ,,1,Property Damage Only Collision,Head On,2,0,0,2,0,0,2018-08-07 00:00:00+00,8/7/2018 12:05:00 PM,Mid-Block (not related to intersection),16,"MOTOR VEHICLE STRUCK MOTOR VEHICLE, LEFT SIDE SIDESWIPE",True,False,Clear or Partly Cloudy,Dry,Daylight,,,,30.0,From opposite direction - all others,0,0,False,0
-122.297060630648,47.7192883349994,204886,301417,302657,3508166,Matched,Block,,NE 125TH ST BETWEEN 28TH AVE NE AND 30TH AVE NE, ,,1,Property Damage Only Collision,Rear Ended,2,0,0,2,0,0,2018-08-26 00:00:00+00,8/26/2018 7:03:00 AM,Mid-Block (not related to intersection),14,"MOTOR VEHICLE STRUCK MOTOR VEHICLE, REAR END",,False,Clear or Partly Cloudy,Dry,Daylight,,,,13.0,From same direction - both going straight - both moving - rear-end,0,0,False,0
-122.303972156536,47.6634579789256,204887,300443,301643,E826208,Matched,Block,,22ND AVE NE BETWEEN 22ND WR S AVE NE AND NE 50TH ST, ,,1,Property Damage Only Collision,Parked Car,2,0,0,2,0,0,2018-08-03 00:00:00+00,8/3/2018 1:45:00 PM,Mid-Block (not related to intersection),11,"MOTOR VEHICLE STRUCK MOTOR VEHICLE, FRONT END AT ANGLE",,False,Unknown,Unknown,Unknown,,,,32.0,One parked--one moving,0,0,True,0
-122.312752029099,47.6176319714413,204888,300901,302121,3814140,Matched,Intersection,30119.0,15TH AVE AND E HOWELL ST, ,,1,Property Damage Only Collision,Angles,2,0,0,2,0,0,2018-08-26 00:00:00+00,8/26/2018 10:22:00 PM,At Intersection (intersection related),11,"MOTOR VEHICLE STRUCK MOTOR VEHICLE, FRONT END AT ANGLE",,False,Raining,Wet,Dark - Street Lights On,,,,10.0,Entering at angle,0,0,False,0
-122.290202870789,47.6694149172656,204890,300442,301642,E826207,Matched,Block,,35TH AVE NE BETWEEN NE 55TH ST AND NE 57TH ST, ,,1,Property Damage Only Collision,Parked Car,3,0,0,2,0,0,2018-08-01 00:00:00+00,8/1/2018 10:05:00 AM,Mid-Block (not related to intersection),14,"MOTOR VEHICLE STRUCK MOTOR VEHICLE, REAR END",,False,Clear or Partly Cloudy,Dry,Daylight,,,,32.0,One parked--one moving,0,0,True,0
-122.350147404182,47.6155244497942,204891,301458,302698,3740168,Matched,Block,,1ST AVE BETWEEN VINE ST AND CEDAR ST, ,,2,Injury Collision,Parked Car,3,0,0,2,1,0,2018-08-25 00:00:00+00,8/25/2018 8:16:00 PM,Mid-Block (but intersection related),14,"MOTOR VEHICLE STRUCK MOTOR VEHICLE, REAR END",,True,Clear or Partly Cloudy,Dry,Dusk,,,,32.0,One parked--one moving,0,0,False,0
-122.316012708309,47.6612882854567,204892,300441,301641,E826206,Matched,Block,,NE 45TH ST BETWEEN 11TH AVE NE AND 12TH AVE NE, ,,1,Property Damage Only Collision,Right Turn,3,0,0,2,0,0,2018-08-01 00:00:00+00,8/1/2018 12:26:00 PM,Driveway Junction,11,"MOTOR VEHICLE STRUCK MOTOR VEHICLE, FRONT END AT ANGLE",,False,Clear or Partly Cloudy,Dry,Daylight,,,,16.0,From same direction - one right turn - one straight,0,0,False,0
-122.297891344935,47.6006219442374,204893,301401,302641,E831665,Matched,Block,,27TH AVE S BETWEEN S WASHINGTON ST AND S MAIN W ST, ,,1,Property Damage Only Collision,Parked Car,2,0,0,2,0,0,2018-08-24 00:00:00+00,8/24/2018 5:36:00 PM,Mid-Block (not related to intersection),14,"MOTOR VEHICLE STRUCK MOTOR VEHICLE, REAR END",,False,Clear or Partly Cloudy,Dry,Daylight,,,,32.0,One parked--one moving,0,0,False,0
-122.329049659469,47.5942879388249,204894,301904,303124,E804134,Matched,Intersection,30566.0,4TH AVE S AND I90 WB 4TH AV OFF RP, ,,1,Property Damage Only Collision,Rear Ended,2,0,0,2,0,0,2018-06-02 00:00:00+00,6/2/2018 1:46:00 PM,At Intersection (but not related to intersection),14,"MOTOR VEHICLE STRUCK MOTOR VEHICLE, REAR END",,False,Clear or Partly Cloudy,Dry,Daylight,,,,13.0,From same direction - both going straight - both moving - rear-end,0,0,False,0
-122.291914632501,47.558674064849,204895,302058,303278,E817489,Matched,Intersection,484920.0,M L KING JR ER WAY S AND S EDMUNDS ST,NEI,"Not Enough Information, or Insufficient Location Information",2,Injury Collision,Other,1,0,0,1,1,0,2018-07-13 00:00:00+00,7/13/2018 11:25:00 AM,At Intersection (intersection related),0,NOT ENOUGH INFORMATION / NOT APPLICABLE,,False,Other,Dry,Daylight,,,,40.0,Railway Vehicle Strikes Vehicle,0,0,False,0
-122.325641658915,47.6809430129341,204896,302450,303690,3810326,Matched,Block,,NE MAPLE LEAF PL BETWEEN EAST GREEN LAKE DR N AND WOODLAWN AVE NE, ,,1,Property Damage Only Collision,Parked Car,2,0,0,2,0,0,2018-08-24 00:00:00+00,8/24/2018 6:27:00 PM,Mid-Block (not related to intersection),16,"MOTOR VEHICLE STRUCK MOTOR VEHICLE, LEFT SIDE SIDESWIPE",True,False,Clear or Partly Cloudy,Dry,Daylight,,,,32.0,One parked--one moving,0,0,True,0
-122.291010264165,47.5707613001567,204897,302052,303272,E814063,Matched,Block,,33RD AVE S BETWEEN S SPOKANE ST AND RAINIER AVE S, ,,1,Property Damage Only Collision,Parked Car,2,0,0,2,0,0,2018-05-19 00:00:00+00,5/19/2018 2:14:00 AM,Mid-Block (not related to intersection),11,"MOTOR VEHICLE STRUCK MOTOR VEHICLE, FRONT END AT ANGLE",,False,Clear or Partly Cloudy,Dry,Dark - Street Lights On,,,,32.0,One parked--one moving,0,0,False,0
-122.347801528606,47.7341290069847,204898,302233,303453,E836067,Matched,Intersection,35773.0,LINDEN AVE N AND N 145TH ST, ,,1,Property Damage Only Collision,Left Turn,2,0,0,2,0,0,2018-08-31 00:00:00+00,8/31/2018 9:35:00 AM,At Intersection (intersection related),11,"MOTOR VEHICLE STRUCK MOTOR VEHICLE, FRONT END AT ANGLE",,False,Overcast,Dry,Daylight,,,,28.0,From opposite direction - one left turn - one straight,0,0,False,0
-122.311826314712,47.596264028765,204899,301901,303121,3814162,Matched,Block,,RAINIER AVE S BETWEEN S LANE ST AND S DEARBORN ST, ,,1,Property Damage Only Collision,Sideswipe,3,0,0,2,0,0,2018-08-20 00:00:00+00,8/20/2018 9:03:00 AM,Mid-Block (not related to intersection),11,"MOTOR VEHICLE STRUCK MOTOR VEHICLE, FRONT END AT ANGLE",True,False,Clear or Partly Cloudy,Dry,Daylight,,,,11.0,From same direction - both going straight - both moving - sideswipe,0,0,False,0
-122.387584729274,47.6759484982787,204900,301732,302952,3747817,Matched,Intersection,23943.0,24TH AVE NW AND NW 65TH ST, ,,2,Injury Collision,Pedestrian,2,1,0,1,1,0,2018-09-08 00:00:00+00,9/8/2018 9:54:00 AM,At Intersection (intersection related),24,MOTOR VEHCILE STRUCK PEDESTRIAN,,False,Clear or Partly Cloudy,Dry,Daylight,True,,,1.0,Vehicle turning right hits pedestrian,0,524822,False,0
-122.328913101671,47.6134658203127,204901,302230,303450,3814163,Matched,Intersection,29878.0,BOREN AVE AND PIKE ST, ,,1,Property Damage Only Collision,Pedestrian,3,0,1,1,0,0,2018-08-21 00:00:00+00,8/21/2018 4:29:00 PM,At Intersection (intersection related),51,PEDALCYCLIST STRUCK MOTOR VEHICLE FRONT END AT ANGLE,True,False,Fog/Smog/Smoke,Dry,Daylight,,,,5.0,Vehicle Strikes Pedalcyclist,0,0,False,0
-122.313207167915,47.6583148488834,204902,302236,303456,E836175,Matched,Intersection,27090.0,UNIVERSITY WAY NE AND NE 42ND ST, ,,2,Injury Collision,Pedestrian,2,1,0,1,1,0,2018-08-28 00:00:00+00,8/28/2018 11:17:00 AM,At Intersection (intersection related),24,MOTOR VEHCILE STRUCK PEDESTRIAN,,False,Clear or Partly Cloudy,Dry,Daylight,True,,,2.0,Vehicle turning left hits pedestrian,0,524558,False,0
-122.333497371802,47.6033749201333,204903,301905,303125,E834064,Matched,Block,,2ND AVE BETWEEN CHERRY ST AND COLUMBIA ST, ,,1,Property Damage Only Collision,Sideswipe,2,0,0,2,0,0,2018-08-04 00:00:00+00,8/4/2018 3:54:00 AM,Mid-Block (but intersection related),14,"MOTOR VEHICLE STRUCK MOTOR VEHICLE, REAR END",,True,Clear or Partly Cloudy,Dry,Dark - Street Lights On,,,,11.0,From same direction - both going straight - both moving - sideswipe,0,0,False,0