longitude,latitude,objectid,inckey,coldetkey,reportno,status,addrtype,intkey,location,exceptrsncode,exceptrsndesc,severitycode,severitydesc,collisiontype,personcount,pedcount,pedcylcount,vehcount,injuries,fatalities,incdate,incdttm,junctiontype,sdot_colcode,sdot_coldesc,inattentionind,underinfl,weather,roadcond,lightcond,pedrownotgrnt,sdotcolnum,speeding,st_colcode,st_coldesc,seglanekey,crosswalkkey,hitparkedcar,seriousinjuries
-122.320185078952,47.6796034014859,204904,302056,303276,E816961,Matched,Block,,NE LAKE CITY WY OFF RP BETWEEN I5 NB AND NE 73RD ST OFF RP, ,,1,Property Damage Only Collision,Rear Ended,3,0,0,2,0,0,2018-07-11 00:00:00+00,7/11/2018 9:15:00 AM,Mid-Block (not related to intersection),14,"MOTOR VEHICLE STRUCK MOTOR VEHICLE, REAR END",,False,Clear or Partly Cloudy,Dry,Daylight,,,,13.0,From same direction - both going straight - both moving - rear-end,0,0,False,0
-122.32788067264,47.6166417097266,204905,302231,303451,3814265,Matched,Intersection,29847.0,MELROSE AVE AND OLIVE WAY, ,,2,Injury Collision,Pedestrian,2,0,1,1,1,0,2018-09-11 00:00:00+00,9/11/2018 5:49:00 PM,At Intersection (intersection related),18,"MOTOR VEHICLE STRUCK PEDALCYCLIST, FRONT END AT ANGLE",True,False,Clear or Partly Cloudy,Dry,Daylight,,,,5.0,Vehicle Strikes Pedalcyclist,0,0,False,0
-122.28468086551,47.6178081837022,204906,301898,303118,3814038,Matched,Block,,MADRONA DR BETWEEN E HOWELL ST AND MAIDEN LN E, ,,1,Property Damage Only Collision,Parked Car,2,0,0,2,0,0,2018-08-18 00:00:00+00,8/18/2018 9:15:00 PM,Mid-Block (not related to intersection),14,"MOTOR VEHICLE STRUCK MOTOR VEHICLE, REAR END",,False,Clear or Partly Cloudy,Dry,Dark - Street Lights On,,,,32.0,One parked--one moving,0,0,True,0
-122.31493922213,47.5247420237434,204907,301731,302951,3745676,Matched,Intersection,35118.0,14TH AVE S AND S TRENTON ST, ,,2,Injury Collision,Left Turn,3,0,0,2,1,0,2018-09-05 00:00:00+00,9/5/2018 9:15:00 AM,At Intersection (intersection related),11,"MOTOR VEHICLE STRUCK MOTOR VEHICLE, FRONT END AT ANGLE",,False,Clear or Partly Cloudy,Dry,Daylight,,,,28.0,From opposite direction - one left turn - one straight,0,0,False,0
-122.334017899863,47.6177136359176,204908,302059,303279,E817518,Matched,Intersection,29525.0,BOREN AVE AND VIRGINIA ST, ,,1,Property Damage Only Collision,Angles,2,0,0,2,0,0,2018-05-31 00:00:00+00,5/31/2018 6:28:00 PM,At Intersection (intersection related),11,"MOTOR VEHICLE STRUCK MOTOR VEHICLE, FRONT END AT ANGLE",True,False,Clear or Partly Cloudy,Dry,Daylight,,,,10.0,Entering at angle,0,0,False,0
-122.304890804186,47.6975643408108,204909,302234,303454,E836166,Matched,Intersection,37732.0,RAVENNA AVE NE AND NE 95TH ST, ,,2,Injury Collision,Cycles,3,0,1,1,1,0,2018-08-22 00:00:00+00,8/22/2018 3:35:00 PM,At Intersection (intersection related),51,PEDALCYCLIST STRUCK MOTOR VEHICLE FRONT END AT ANGLE,,False,Clear or Partly Cloudy,Dry,Daylight,,,,6.0,Pedalcyclist Strikes Moving Vehicle,0,0,False,0
-122.325596358362,47.5463980175313,204910,302054,303274,E816719,Matched,Block,,S MICHIGAN ST BETWEEN 6TH AVE S AND 7TH AVE S, ,,1,Property Damage Only Collision,Angles,2,0,0,2,0,0,2018-04-18 00:00:00+00,4/18/2018 9:13:00 AM,Mid-Block (not related to intersection),11,"MOTOR VEHICLE STRUCK MOTOR VEHICLE, FRONT END AT ANGLE",,False,Overcast,Dry,Daylight,,,,10.0,Entering at angle,0,0,False,0
-122.355544668527,47.7223242149373,204911,301902,303122,3814825,Matched,Block,,GREENWOOD AVE N BETWEEN N 127TH ST AND N 130TH ST, ,,2,Injury Collision,Angles,7,0,0,3,1,0,2018-08-24 00:00:00+00,8/24/2018 8:41:00 PM,Mid-Block (not related to intersection),14,"MOTOR VEHICLE STRUCK MOTOR VEHICLE, REAR END",,True,Clear or Partly Cloudy,Dry,Dark - Street Lights On,,,True,10.0,Entering at angle,0,0,False,0
-122.339521420392,47.5829058731488,204912,301896,303116,3811530,Matched,Block,,ALASKAN WY VI SB BETWEEN S HOLGATE ST AND S LANDER ST, ,,1,Property Damage Only Collision,Other,1,0,0,1,0,0,2018-08-24 00:00:00+00,8/24/2018 3:49:00 PM,Mid-Block (not related to intersection),11,"MOTOR VEHICLE STRUCK MOTOR VEHICLE, FRONT END AT ANGLE",,False,Clear or Partly Cloudy,Dry,Daylight,,,,50.0,Fixed object,0,0,False,0
-122.380092720653,47.5622570305182,204913,301730,302950,3745492,Matched,Intersection,31915.0,38TH AVE SW AND FAUNTLEROY WAY SW, ,,2,Injury Collision,Angles,2,0,0,2,1,0,2018-09-04 00:00:00+00,9/4/2018 4:55:00 PM,At Intersection (intersection related),11,"MOTOR VEHICLE STRUCK MOTOR VEHICLE, FRONT END AT ANGLE",,False,Clear or Partly Cloudy,Dry,Daylight,,,,10.0,Entering at angle,0,0,False,0
-122.363289874273,47.6657233192971,204914,302237,303457,E836176,Matched,Intersection,25336.0,6TH AVE NW AND NW 51ST ST, ,,2,Injury Collision,Angles,4,0,0,2,1,0,2018-09-02 00:00:00+00,9/2/2018 3:41:00 PM,At Intersection (intersection related),11,"MOTOR VEHICLE STRUCK MOTOR VEHICLE, FRONT END AT ANGLE",,False,Clear or Partly Cloudy,Dry,Daylight,,,,10.0,Entering at angle,0,0,False,0
-122.355320845517,47.6924184377565,204915,302051,303271,E813297,Matched,Intersection,37448.0,GREENWOOD AVE N AND N 87TH ST, ,,2,Injury Collision,Angles,2,0,0,2,1,0,2018-06-09 00:00:00+00,6/9/2018 5:48:00 PM,At Intersection (intersection related),11,"MOTOR VEHICLE STRUCK MOTOR VEHICLE, FRONT END AT ANGLE",,False,Clear or Partly Cloudy,Dry,Dusk,,,,10.0,Entering at angle,0,0,False,0
-122.302499625066,47.6202072950364,204916,302057,303277,E817071,Matched,Intersection,29380.0,23RD AVE E AND E JOHN ST, ,,1,Property Damage Only Collision,Sideswipe,2,0,0,2,0,0,2018-06-08 00:00:00+00,6/8/2018 8:36:00 AM,At Intersection (intersection related),11,"MOTOR VEHICLE STRUCK MOTOR VEHICLE, FRONT END AT ANGLE",,False,Clear or Partly Cloudy,Dry,Daylight,,,,11.0,From same direction - both going straight - both moving - sideswipe,0,0,False,0
-122.376307092699,47.5519612799818,204917,302232,303452,E835941,Matched,Intersection,32807.0,35TH AVE SW AND SW FINDLAY ST, ,,1,Property Damage Only Collision,Left Turn,2,0,0,2,0,0,2018-09-02 00:00:00+00,9/2/2018 2:08:00 PM,At Intersection (intersection related),11,"MOTOR VEHICLE STRUCK MOTOR VEHICLE, FRONT END AT ANGLE",,False,Clear or Partly Cloudy,Dry,Daylight,,,,28.0,From opposite direction - one left turn - one straight,0,0,False,0
-122.312819298853,47.6109617940952,204918,301899,303119,3814159,Matched,Block,,15TH AVE BETWEEN E MARION ST AND E SPRING ST, ,,1,Property Damage Only Collision,Parked Car,2,0,0,2,0,0,2018-08-18 00:00:00+00,8/18/2018 11:15:00 AM,Mid-Block (not related to intersection),11,"MOTOR VEHICLE STRUCK MOTOR VEHICLE, FRONT END AT ANGLE",,False,Clear or Partly Cloudy,Dry,Daylight,,,,32.0,One parked--one moving,0,0,False,0
-122.341305593776,47.6914461572552,204919,301726,302946,E834125,Matched,Block,,STONE AVE N BETWEEN N 85TH E ST AND N 88TH ST, ,,1,Property Damage Only Collision,Parked Car,2,0,0,2,0,0,2018-08-31 00:00:00+00,8/31/2018 7:00:00 PM,Mid-Block (not related to intersection),13,"MOTOR VEHICLE STRUCK MOTOR VEHICLE, LEFT SIDE AT ANGLE",True,False,Unknown,Unknown,Dark - Street Lights On,,,,32.0,One parked--one moving,0,0,True,0
-122.387450339319,47.6539751581258,204920,302229,303449,3811754,Matched,Intersection,26456.0,24TH AVE W AND W EMERSON ST, ,,2,Injury Collision,Angles,2,0,0,2,2,0,2018-09-14 00:00:00+00,9/14/2018 4:49:00 PM,At Intersection (intersection related),11,"MOTOR VEHICLE STRUCK MOTOR VEHICLE, FRONT END AT ANGLE",True,False,Clear or Partly Cloudy,Dry,Daylight,,,,10.0,Entering at angle,0,0,False,0
-122.317527444647,47.6852923438019,204921,302235,303455,E836168,Matched,Intersection,24407.0,ROOSEVELT WAY NE AND NE 78TH ST, ,,1,Property Damage Only Collision,Angles,8,0,0,2,0,0,2018-08-25 00:00:00+00,8/25/2018 1:17:00 PM,At Intersection (intersection related),11,"MOTOR VEHICLE STRUCK MOTOR VEHICLE, FRONT END AT ANGLE",,False,Clear or Partly Cloudy,Dry,Daylight,,,,10.0,Entering at angle,0,0,False,0
-122.33480618704,47.7341361290925,204922,302055,303275,E816757,Matched,Block,,N 145TH ST BETWEEN WAYNE PL N AND MERIDIAN AVE N, ,,2,Injury Collision,Rear Ended,4,0,0,2,2,0,2018-07-11 00:00:00+00,7/11/2018 5:54:00 PM,Mid-Block (not related to intersection),14,"MOTOR VEHICLE STRUCK MOTOR VEHICLE, REAR END",True,False,Clear or Partly Cloudy,Dry,Daylight,,,,14.0,From same direction - both going straight - one stopped - rear-end,0,0,False,0
-122.342600310016,47.6363253452289,204923,301897,303117,3811727,Matched,Block,,DEXTER AVE N BETWEEN HOWE ST AND NEWTON ST, ,,2,Injury Collision,Pedestrian,2,0,1,1,1,0,2018-08-18 00:00:00+00,8/18/2018 10:57:00 PM,Mid-Block (not related to intersection),51,PEDALCYCLIST STRUCK MOTOR VEHICLE FRONT END AT ANGLE,,False,Clear or Partly Cloudy,Dry,Dark - Street Lights On,,,,5.0,Vehicle Strikes Pedalcyclist,0,0,False,0
-122.333152641342,47.6130639349122,204924,302752,303992,3742082,Matched,Intersection,29882.0,8TH AVE AND PINE ST, ,,2,Injury Collision,Right Turn,3,0,0,2,1,0,2018-09-20 00:00:00+00,9/20/2018 2:55:00 PM,At Intersection (intersection related),11,"MOTOR VEHICLE STRUCK MOTOR VEHICLE, FRONT END AT ANGLE",True,False,Clear or Partly Cloudy,Dry,Daylight,,,,16.0,From same direction - one right turn - one straight,0,0,False,0
-122.303324531156,47.5779413316212,205033,306611,307891,E855658,Matched,Block,,23RD AVE S BETWEEN S MCCLELLAN ST AND S FOREST ST, ,,1,Property Damage Only Collision,Other,1,0,0,1,0,0,2018-10-27 00:00:00+00,10/27/2018 5:23:00 PM,Mid-Block (but intersection related),28,MOTOR VEHICLE RAN OFF ROAD - HIT FIXED OBJECT,,False,Raining,Wet,Dusk,,,,50.0,Fixed object,0,0,False,0
-122.284340709011,47.7180884485052,204925,302618,303858,3751380,Matched,Block,,SAND POINT WAY NE BETWEEN NE 123RD ST AND SAND POINT ER WAY NE, ,,2,Injury Collision,Rear Ended,4,0,0,2,2,0,2018-09-07 00:00:00+00,9/7/2018 6:34:00 AM,Mid-Block (not related to intersection),14,"MOTOR VEHICLE STRUCK MOTOR VEHICLE, REAR END",True,False,Clear or Partly Cloudy,Dry,Daylight,,,,14.0,From same direction - both going straight - one stopped - rear-end,0,0,False,0
-122.358250928556,47.6395963675334,204926,303090,304330,3811429,Matched,Intersection,27815.0,1ST AVE W AND W MCGRAW ST, ,,1,Property Damage Only Collision,Angles,2,0,0,2,0,0,2018-09-25 00:00:00+00,9/25/2018 12:36:00 PM,At Intersection (intersection related),11,"MOTOR VEHICLE STRUCK MOTOR VEHICLE, FRONT END AT ANGLE",True,False,Clear or Partly Cloudy,Dry,Daylight,,,,10.0,Entering at angle,0,0,False,0
-122.352127748903,47.6262983226385,205258,308077,309357,3773950,Matched,Block,,VALLEY ST BETWEEN 2ND AVE N AND 3RD AVE N, ,,1,Property Damage Only Collision,Parked Car,2,0,0,2,0,0,2018-12-08 00:00:00+00,12/8/2018,,0,NOT ENOUGH INFORMATION / NOT APPLICABLE,,False,Clear or Partly Cloudy,Dry,Unknown,,,,32.0,One parked--one moving,0,0,True,0
-122.317594940582,47.6981077795947,204928,303085,304325,3751614,Matched,Block,,ROOSEVELT WAY NE BETWEEN NE 95TH ST AND NE 96TH ST, ,,1,Property Damage Only Collision,Sideswipe,3,0,0,2,0,0,2018-09-13 00:00:00+00,9/13/2018 8:10:00 AM,Mid-Block (not related to intersection),11,"MOTOR VEHICLE STRUCK MOTOR VEHICLE, FRONT END AT ANGLE",True,False,Clear or Partly Cloudy,Dry,Daylight,,,,26.0,From opposite direction - both going straight - sideswipe,0,0,False,0
-122.329991281165,47.5740430476517,204930,302760,304000,E841045,Matched,Block,,3RD AVE S BETWEEN S HORTON ST AND S HINDS ST, ,,1,Property Damage Only Collision,Angles,2,0,0,2,0,0,2018-09-15 00:00:00+00,9/15/2018 2:40:00 PM,Mid-Block (not related to intersection),11,"MOTOR VEHICLE STRUCK MOTOR VEHICLE, FRONT END AT ANGLE",,False,Clear or Partly Cloudy,Dry,Daylight,,,,10.0,Entering at angle,0,0,False,0
-122.334665597537,47.6096854208314,204932,303088,304328,3753538,Matched,Intersection,29913.0,5TH AVE AND UNION ST, ,,1,Property Damage Only Collision,Angles,2,0,0,2,0,0,2018-09-21 00:00:00+00,9/21/2018 6:36:00 PM,At Intersection (intersection related),11,"MOTOR VEHICLE STRUCK MOTOR VEHICLE, FRONT END AT ANGLE",,False,Overcast,Dry,Daylight,,,,10.0,Entering at angle,0,0,False,0
-122.348892149381,47.6191587222402,204933,302604,303844,E839675,Matched,Block,,4TH AVE N BETWEEN DENNY WAY AND BROAD ST, ,,1,Property Damage Only Collision,Parked Car,2,0,0,2,0,0,2018-09-18 00:00:00+00,9/18/2018 12:03:00 PM,Mid-Block (not related to intersection),11,"MOTOR VEHICLE STRUCK MOTOR VEHICLE, FRONT END AT ANGLE",,False,Fog/Smog/Smoke,Dry,Daylight,,,,32.0,One parked--one moving,0,0,True,0
-122.340779505929,47.6923529308571,204934,302603,303843,E839671,Matched,Block,,N 88TH ST BETWEEN STONE AVE N AND INTERLAKE AVE N, ,,1,Property Damage Only Collision,Parked Car,2,0,0,2,0,0,2018-09-11 00:00:00+00,9/11/2018,Mid-Block (not related to intersection),11,"MOTOR VEHICLE STRUCK MOTOR VEHICLE, FRONT END AT ANGLE",,False,Unknown,Unknown,Unknown,,,,32.0,One parked--one moving,0,0,True,0
-122.377451960943,47.5620354775635,204935,302762,304002,3744097,Matched,Intersection,31913.0,36TH AVE SW AND SW SNOQUALMIE ST, ,,1,Property Damage Only Collision,Angles,2,0,0,2,0,0,2018-09-21 00:00:00+00,9/21/2018 6:30:00 AM,At Intersection (intersection related),11,"MOTOR VEHICLE STRUCK MOTOR VEHICLE, FRONT END AT ANGLE",,False,Clear or Partly Cloudy,Dry,Dawn,,,,10.0,Entering at angle,0,0,False,0
-122.292613189298,47.6821384477817,204936,302602,303842,E839666,Matched,Block,,33RD AVE NE BETWEEN NE 73RD ST AND NE 75TH ST, ,,1,Property Damage Only Collision,Parked Car,2,0,0,2,0,0,2018-09-11 00:00:00+00,9/11/2018 11:28:00 AM,Mid-Block (not related to intersection),14,"MOTOR VEHICLE STRUCK MOTOR VEHICLE, REAR END",,False,Clear or Partly Cloudy,Dry,Daylight,,,,32.0,One parked--one moving,0,0,True,0
-122.315510588375,47.5474835055374,204937,302759,303999,E840563,Matched,Block,,STANLEY AVE S BETWEEN 13TH AVE S AND S ALBRO PL, ,,2,Injury Collision,Pedestrian,3,1,0,1,1,0,2018-09-13 00:00:00+00,9/13/2018 5:46:00 PM,Mid-Block (not related to intersection),24,MOTOR VEHCILE STRUCK PEDESTRIAN,,False,Clear or Partly Cloudy,Dry,Daylight,,,,0.0,Vehicle going straight hits pedestrian,0,0,False,0
-122.346085769003,47.6400936472065,204938,302601,303841,E839631,Matched,Block,,AURORA AVE N BETWEEN MCGRAW ST AND DEXTER WAY N, ,,1,Property Damage Only Collision,Other,1,0,0,1,0,0,2018-08-21 00:00:00+00,8/21/2018 4:07:00 PM,Mid-Block (not related to intersection),28,MOTOR VEHICLE RAN OFF ROAD - HIT FIXED OBJECT,,True,Fog/Smog/Smoke,Dry,Daylight,,,,50.0,Fixed object,0,0,False,0
-122.354784473513,47.7050815644716,204939,303086,304326,3751631,Matched,Block,,N 105TH ST BETWEEN GREENWOOD AVE N AND PHINNEY AVE N, ,,2,Injury Collision,Left Turn,3,0,0,2,1,0,2018-09-06 00:00:00+00,9/6/2018 8:53:00 PM,Mid-Block (not related to intersection),11,"MOTOR VEHICLE STRUCK MOTOR VEHICLE, FRONT END AT ANGLE",,False,Clear or Partly Cloudy,Dry,Dark - Street Lights On,,,,28.0,From opposite direction - one left turn - one straight,0,0,False,0
-122.328733504746,47.6048763674432,204940,303091,304331,3814270,Matched,Intersection,29963.0,6TH AVE AND CHERRY ST, ,,1,Property Damage Only Collision,Other,2,0,0,2,0,0,2018-09-25 00:00:00+00,9/25/2018 9:00:00 PM,At Intersection (intersection related),11,"MOTOR VEHICLE STRUCK MOTOR VEHICLE, FRONT END AT ANGLE",,False,Clear or Partly Cloudy,Dry,Dark - Street Lights On,,,,23.0,From same direction - all others,0,0,False,0
-122.324495867093,47.6170455785098,204941,302599,303839,3814183,Matched,Block,,BELMONT AVE BETWEEN E OLIVE ST AND E HOWELL ST, ,,1,Property Damage Only Collision,Other,1,0,0,1,0,0,2018-08-26 00:00:00+00,8/26/2018 11:30:00 PM,Mid-Block (not related to intersection),28,MOTOR VEHICLE RAN OFF ROAD - HIT FIXED OBJECT,,True,Raining,Wet,Dark - Street Lights On,,,,50.0,Fixed object,0,0,False,0
-122.325893411744,47.6389856738144,204942,302457,303697,3811681,Matched,Block,,EASTLAKE AVE E BETWEEN E BOSTON ST AND E LYNN ST, ,,1,Property Damage Only Collision,Rear Ended,3,0,0,2,0,0,2018-08-27 00:00:00+00,8/27/2018 8:43:00 AM,Mid-Block (not related to intersection),14,"MOTOR VEHICLE STRUCK MOTOR VEHICLE, REAR END",True,False,Clear or Partly Cloudy,Dry,Daylight,,,,14.0,From same direction - both going straight - one stopped - rear-end,0,0,False,0
-122.366398162706,47.6259927317201,204943,302456,303696,3811680,Matched,Block,,W MERCER PL BETWEEN 6TH AVE W AND ELLIOTT AVE W, ,,2,Injury Collision,Rear Ended,2,0,0,2,1,0,2018-08-27 00:00:00+00,8/27/2018 9:39:00 PM,Mid-Block (not related to intersection),14,"MOTOR VEHICLE STRUCK MOTOR VEHICLE, REAR END",True,False,Raining,Wet,Dark - Street Lights On,,,,13.0,From same direction - both going straight - both moving - rear-end,0,0,False,0
-122.31273633163,47.7330374087728,204944,302758,303998,E841239,Matched,Block,,15TH AVE NE BETWEEN NE 143RD ST AND NE 145TH ST, ,,1,Property Damage Only Collision,Parked Car,3,0,0,3,0,0,2018-09-23 00:00:00+00,9/23/2018 7:48:00 AM,Mid-Block (not related to intersection),14,"MOTOR VEHICLE STRUCK MOTOR VEHICLE, REAR END",,False,Overcast,Dry,Dawn,,,,32.0,One parked--one moving,0,0,True,0
-122.31191620917,47.6664282840811,204945,303089,304329,3810351,Matched,Intersection,26051.0,15TH AVE NE AND NE 52ND ST, ,,1,Property Damage Only Collision,Angles,2,0,0,2,0,0,2018-09-25 00:00:00+00,9/25/2018 9:17:00 PM,At Intersection (intersection related),11,"MOTOR VEHICLE STRUCK MOTOR VEHICLE, FRONT END AT ANGLE",,False,Clear or Partly Cloudy,Dry,Dark - Street Lights On,,,,10.0,Entering at angle,0,0,False,0
-122.329988277345,47.5889209994295,204946,302455,303695,3811578,Matched,Block,,3RD AVE S BETWEEN S ROYAL BROUGHAM WAY BR AND S HOLGATE ST, ,,1,Property Damage Only Collision,Angles,2,0,0,2,0,0,2018-08-28 00:00:00+00,8/28/2018 5:16:00 PM,Mid-Block (not related to intersection),11,"MOTOR VEHICLE STRUCK MOTOR VEHICLE, FRONT END AT ANGLE",,False,Clear or Partly Cloudy,Dry,Daylight,,,,10.0,Entering at angle,0,0,False,0
-122.329292105679,47.6184493537895,204947,302454,303694,3811531,Matched,Block,,DENNY WAY BETWEEN STEWART ST AND MELROSE AVE, ,,1,Property Damage Only Collision,Rear Ended,4,0,0,2,0,0,2018-08-26 00:00:00+00,8/26/2018 8:39:00 PM,Mid-Block (not related to intersection),14,"MOTOR VEHICLE STRUCK MOTOR VEHICLE, REAR END",,False,Raining,Wet,Dark - Street Lights On,,,,14.0,From same direction - both going straight - one stopped - rear-end,0,0,True,0
-122.334784394455,47.6181856484327,204948,302777,304017,3744623,Matched,Block,,BOREN AVE BETWEEN FAIRVIEW AVE AND DENNY WAY, ,,1,Property Damage Only Collision,Sideswipe,3,0,0,2,0,0,2018-09-15 00:00:00+00,9/15/2018 1:15:00 PM,Mid-Block (but intersection related),11,"MOTOR VEHICLE STRUCK MOTOR VEHICLE, FRONT END AT ANGLE",,False,Overcast,Unknown,Daylight,,,,12.0,From same direction - both going straight - one stopped - sideswipe,0,0,False,0
-122.261654593074,47.5179000159852,204949,302453,303693,3810961,Matched,Block,,57TH AVE S BETWEEN S FLETCHER ST AND S ROXBURY E ST, ,,1,Property Damage Only Collision,Parked Car,2,0,0,2,0,0,2018-08-26 00:00:00+00,8/26/2018 3:42:00 AM,Mid-Block (not related to intersection),16,"MOTOR VEHICLE STRUCK MOTOR VEHICLE, LEFT SIDE SIDESWIPE",,False,Clear or Partly Cloudy,Dry,Dark - Street Lights On,,,,32.0,One parked--one moving,0,0,True,0
-122.302198578077,47.5836563963962,204950,302757,303997,E841046,Matched,Intersection,31563.0,RAINIER AVE S AND S WALKER ST, ,,1,Property Damage Only Collision,Angles,6,0,0,2,0,0,2018-09-15 00:00:00+00,9/15/2018 6:36:00 PM,At Intersection (intersection related),11,"MOTOR VEHICLE STRUCK MOTOR VEHICLE, FRONT END AT ANGLE",,False,Raining,Wet,Daylight,,,,10.0,Entering at angle,0,0,False,0
-122.31215489802,47.6866765304029,204951,303092,304332,E839662,Matched,Intersection,24397.0,15TH AVE NE AND NE 80TH ST, ,,1,Property Damage Only Collision,Angles,2,0,0,2,0,0,2018-09-11 00:00:00+00,9/11/2018 6:13:00 PM,At Intersection (intersection related),11,"MOTOR VEHICLE STRUCK MOTOR VEHICLE, FRONT END AT ANGLE",,False,Clear or Partly Cloudy,Dry,Daylight,,,,10.0,Entering at angle,0,0,False,0
-122.277320385461,47.5242565844121,204952,302452,303692,3810960,Matched,Block,,S TRENTON ST BETWEEN 44TH AVE S AND RENTON AVE S, ,,1,Property Damage Only Collision,Parked Car,2,0,0,2,0,0,2018-08-26 00:00:00+00,8/26/2018 12:08:00 AM,Mid-Block (not related to intersection),11,"MOTOR VEHICLE STRUCK MOTOR VEHICLE, FRONT END AT ANGLE",,False,Clear or Partly Cloudy,Dry,Dark - Street Lights On,,,,32.0,One parked--one moving,0,0,True,0
-122.374087990854,47.6786709993063,204953,303087,304327,3751634,Matched,Block,,14TH AVE NW BETWEEN NW 67TH ST AND NW 70TH W ST, ,,1,Property Damage Only Collision,Parked Car,3,0,0,2,0,0,2018-09-14 00:00:00+00,9/14/2018 10:35:00 AM,Mid-Block (not related to intersection),11,"MOTOR VEHICLE STRUCK MOTOR VEHICLE, FRONT END AT ANGLE",,False,Clear or Partly Cloudy,Dry,Daylight,,,,32.0,One parked--one moving,0,0,True,0
-122.293799792088,47.5613040812635,204954,302451,303691,3810793,Matched,Block,,M L KING JR WR WAY S BETWEEN S SNOQUALMIE ST AND S ALASKA ST, ,,1,Property Damage Only Collision,Rear Ended,2,0,0,2,0,0,2018-08-28 00:00:00+00,8/28/2018 7:05:00 AM,Mid-Block (but intersection related),14,"MOTOR VEHICLE STRUCK MOTOR VEHICLE, REAR END",,False,Clear or Partly Cloudy,Dry,Daylight,,,,13.0,From same direction - both going straight - both moving - rear-end,0,0,False,0
-122.381589022184,47.5538207469033,204955,302761,304001,3744096,Matched,Intersection,32798.0,FAUNTLEROY WAY SW AND SW BRANDON ST, ,,2,Injury Collision,Angles,2,0,0,2,1,0,2018-09-21 00:00:00+00,9/21/2018 5:46:00 AM,At Intersection (intersection related),11,"MOTOR VEHICLE STRUCK MOTOR VEHICLE, FRONT END AT ANGLE",,False,Clear or Partly Cloudy,Dry,Dark - Street Lights Off,,,,10.0,Entering at angle,0,0,False,0
-122.324749252122,47.6055546978817,204956,304858,306138,3814044,Matched,Intersection,29959.0,9TH AVE AND JAMES ST, ,,2,Injury Collision,Left Turn,5,0,0,2,3,0,2018-10-08 00:00:00+00,10/8/2018 10:41:00 PM,At Intersection (intersection related),11,"MOTOR VEHICLE STRUCK MOTOR VEHICLE, FRONT END AT ANGLE",,False,Raining,Wet,Dark - Street Lights On,,,,28.0,From opposite direction - one left turn - one straight,0,0,False,0
-122.38065400674,47.5618294069659,204957,305747,307027,3745779,Matched,Block,,FAUNTLEROY WAY SW BETWEEN 38TH AVE SW AND 39TH AVE SW, ,,2,Injury Collision,Sideswipe,2,0,0,2,1,0,2018-10-11 00:00:00+00,10/11/2018 2:28:00 PM,Mid-Block (not related to intersection),14,"MOTOR VEHICLE STRUCK MOTOR VEHICLE, REAR END",,False,Clear or Partly Cloudy,Dry,Daylight,,,,12.0,From same direction - both going straight - one stopped - sideswipe,0,0,False,0
-122.302954094783,47.5829456803496,204958,305463,306743,E846653,Matched,Intersection,31579.0,23RD AVE S AND S COLLEGE ST, ,,1,Property Damage Only Collision,Angles,2,0,0,2,0,0,2018-10-08 00:00:00+00,10/8/2018 11:19:00 AM,At Intersection (intersection related),11,"MOTOR VEHICLE STRUCK MOTOR VEHICLE, FRONT END AT ANGLE",,False,Raining,Wet,Daylight,,,,10.0,Entering at angle,0,0,False,0
-122.298144570327,47.583642210866,204959,305604,306884,E850279,Matched,Intersection,31451.0,M L KING JR WAY S AND S WALKER ST, ,,2,Injury Collision,Pedestrian,2,1,0,1,1,0,2018-10-17 00:00:00+00,10/17/2018 6:45:00 AM,At Intersection (intersection related),24,MOTOR VEHCILE STRUCK PEDESTRIAN,,False,Fog/Smog/Smoke,Dry,Dark - Street Lights On,True,,,2.0,Vehicle turning left hits pedestrian,0,522286,False,0
-122.275673725194,47.5457876087105,204960,304878,306158,E846637,Matched,Block,,RAINIER AVE S BETWEEN S GRAHAM ST AND 46TH AVE S, ,,1,Property Damage Only Collision,Rear Ended,3,0,0,2,0,0,2018-09-28 00:00:00+00,9/28/2018 3:15:00 PM,Mid-Block (not related to intersection),14,"MOTOR VEHICLE STRUCK MOTOR VEHICLE, REAR END",,False,Clear or Partly Cloudy,Dry,Daylight,,,,14.0,From same direction - both going straight - one stopped - rear-end,0,0,False,0
-122.291022939488,47.5699379274186,204961,305469,306749,E846880,Matched,Intersection,32673.0,33RD AVE S AND RAINIER AVE S, ,,1,Property Damage Only Collision,Angles,3,0,0,2,0,0,2018-10-03 00:00:00+00,10/3/2018 11:45:00 AM,At Intersection (intersection related),11,"MOTOR VEHICLE STRUCK MOTOR VEHICLE, FRONT END AT ANGLE",,False,Clear or Partly Cloudy,Dry,Daylight,,,,10.0,Entering at angle,0,0,False,0
-122.328078578054,47.6041612345606,204962,304839,306119,3789029,Matched,Intersection,29973.0,6TH AVE AND JAMES ST, ,,1,Property Damage Only Collision,Left Turn,2,0,0,2,0,0,2018-10-08 00:00:00+00,10/8/2018 7:40:00 PM,At Intersection (intersection related),11,"MOTOR VEHICLE STRUCK MOTOR VEHICLE, FRONT END AT ANGLE",,False,Raining,Wet,Dark - Street Lights On,,,,28.0,From opposite direction - one left turn - one straight,0,0,False,0
-122.321920406256,47.7085857930943,204963,299764,300964,E820990,Matched,Block,,NE NORTHGATE WAY BETWEEN 5TH AVE NE AND 8TH AVE NE, ,,2,Injury Collision,Angles,2,0,0,2,1,0,2018-07-09 00:00:00+00,7/9/2018 6:29:00 PM,Driveway Junction,11,"MOTOR VEHICLE STRUCK MOTOR VEHICLE, FRONT END AT ANGLE",,False,Overcast,Dry,Daylight,,,,10.0,Entering at angle,0,0,False,0