longitude,latitude,objectid,inckey,coldetkey,reportno,status,addrtype,intkey,location,exceptrsncode,exceptrsndesc,severitycode,severitydesc,collisiontype,personcount,pedcount,pedcylcount,vehcount,injuries,fatalities,incdate,incdttm,junctiontype,sdot_colcode,sdot_coldesc,inattentionind,underinfl,weather,roadcond,lightcond,pedrownotgrnt,sdotcolnum,speeding,st_colcode,st_coldesc,seglanekey,crosswalkkey,hitparkedcar,seriousinjuries
-122.328078578054,47.6041612345606,204965,305466,306746,E846877,Matched,Intersection,29973.0,6TH AVE AND JAMES ST, ,,2,Injury Collision,Left Turn,2,0,0,2,1,0,2018-10-04 00:00:00+00,10/4/2018 2:27:00 PM,At Intersection (intersection related),11,"MOTOR VEHICLE STRUCK MOTOR VEHICLE, FRONT END AT ANGLE",,False,Clear or Partly Cloudy,Dry,Daylight,,,,28.0,From opposite direction - one left turn - one straight,0,0,False,0
-122.300166797693,47.5809944390764,204966,305602,306882,E849835,Matched,Intersection,31467.0,RAINIER AVE S AND S BAYVIEW ST, ,,1,Property Damage Only Collision,Sideswipe,2,0,0,2,0,0,2018-10-16 00:00:00+00,10/16/2018 2:11:00 PM,At Intersection (intersection related),14,"MOTOR VEHICLE STRUCK MOTOR VEHICLE, REAR END",True,False,Clear or Partly Cloudy,Dry,Daylight,,,,11.0,From same direction - both going straight - both moving - sideswipe,0,0,False,0
-122.277455126386,47.5274388526252,204967,304859,306139,3814964,Matched,Intersection,35240.0,RENTON AVE S AND S CAMANO PL, ,,1,Property Damage Only Collision,Other,1,0,0,1,0,0,2018-10-05 00:00:00+00,10/5/2018 6:23:00 PM,At Intersection (intersection related),28,MOTOR VEHICLE RAN OFF ROAD - HIT FIXED OBJECT,,False,Raining,Wet,Dark - Street Lights On,,,True,50.0,Fixed object,0,0,False,0
-122.305827396494,47.5884106013236,204968,305461,306741,3818790,Matched,Intersection,31517.0,RAINIER AVE S AND S MASSACHUSETTS ST, ,,1,Property Damage Only Collision,Left Turn,2,0,0,2,0,0,2018-10-12 00:00:00+00,10/12/2018 7:02:00 AM,At Intersection (intersection related),11,"MOTOR VEHICLE STRUCK MOTOR VEHICLE, FRONT END AT ANGLE",,False,Clear or Partly Cloudy,Dry,Dawn,,,,28.0,From opposite direction - one left turn - one straight,0,0,False,0
-122.330999410225,47.6182737631016,204969,305467,306747,E846878,Matched,Intersection,29173.0,STEWART ST AND YALE AVE, ,,1,Property Damage Only Collision,Angles,3,0,0,2,0,0,2018-09-24 00:00:00+00,9/24/2018 10:48:00 AM,At Intersection (intersection related),11,"MOTOR VEHICLE STRUCK MOTOR VEHICLE, FRONT END AT ANGLE",,False,Clear or Partly Cloudy,Dry,Daylight,,,,10.0,Entering at angle,0,0,False,0
-122.350787256321,47.618247827743,204970,299772,300972,E821325,Matched,Intersection,29658.0,3RD AVE AND BROAD ST, ,,1,Property Damage Only Collision,Left Turn,2,0,0,2,0,0,2018-07-23 00:00:00+00,7/23/2018 10:21:00 AM,At Intersection (intersection related),11,"MOTOR VEHICLE STRUCK MOTOR VEHICLE, FRONT END AT ANGLE",True,False,Clear or Partly Cloudy,Dry,Daylight,,,,28.0,From opposite direction - one left turn - one straight,0,0,False,0
-122.329142039773,47.6208238760704,204972,305464,306744,E846668,Matched,Intersection,29146.0,EASTLAKE AVE E AND THOMAS ST, ,,2,Injury Collision,Angles,2,0,0,2,1,0,2018-10-03 00:00:00+00,10/3/2018 3:52:00 PM,At Intersection (intersection related),11,"MOTOR VEHICLE STRUCK MOTOR VEHICLE, FRONT END AT ANGLE",,False,Clear or Partly Cloudy,Dry,Daylight,,,,10.0,Entering at angle,0,0,False,0
-122.308936277312,47.6070966898542,204974,305605,306885,3567197,Matched,Block,,18TH AVE BETWEEN E JEFFERSON ST AND E CHERRY ST, ,,1,Property Damage Only Collision,Parked Car,2,0,0,2,0,0,2018-10-12 00:00:00+00,10/12/2018 3:51:00 PM,Mid-Block (not related to intersection),14,"MOTOR VEHICLE STRUCK MOTOR VEHICLE, REAR END",,False,Clear or Partly Cloudy,Dry,Daylight,,,,32.0,One parked--one moving,0,0,True,0
-122.269988166561,47.5299413850032,204975,304897,306177,E846651,Matched,Block,,RAINIER AVE S BETWEEN S ELMGROVE ST AND S ROSE N ST, ,,1,Property Damage Only Collision,Angles,2,0,0,2,0,0,2018-10-07 00:00:00+00,10/7/2018 4:00:00 PM,Mid-Block (not related to intersection),11,"MOTOR VEHICLE STRUCK MOTOR VEHICLE, FRONT END AT ANGLE",,False,Overcast,Dry,Daylight,,,,10.0,Entering at angle,0,0,False,0
-122.328392828925,47.5437189852385,204976,304857,306137,3811032,Matched,Intersection,34228.0,5TH AVE S AND S RIVER ST, ,,1,Property Damage Only Collision,Pedestrian,2,0,1,1,0,0,2018-10-09 00:00:00+00,10/9/2018 6:10:00 AM,At Intersection (intersection related),18,"MOTOR VEHICLE STRUCK PEDALCYCLIST, FRONT END AT ANGLE",True,False,Raining,Wet,Dark - No Street Lights,,,,5.0,Vehicle Strikes Pedalcyclist,0,0,False,0
-122.384039858471,47.6558341212184,204977,299766,300966,E821323,Matched,Block,,W EMERSON PL BETWEEN 21ST AVE W AND 22ND AVE W, ,,2,Injury Collision,Sideswipe,3,0,0,2,1,0,2018-07-19 00:00:00+00,7/19/2018 1:32:00 PM,Mid-Block (not related to intersection),11,"MOTOR VEHICLE STRUCK MOTOR VEHICLE, FRONT END AT ANGLE",True,False,Clear or Partly Cloudy,Dry,Daylight,,,,11.0,From same direction - both going straight - both moving - sideswipe,0,0,False,0
-122.334659484979,47.5903122822866,204978,299762,300962,E821321,Matched,Block,,S ATLANTIC ST BETWEEN UTAH AVE S AND 1ST AVE S, ,,1,Property Damage Only Collision,Rear Ended,2,0,0,2,0,0,2018-07-17 00:00:00+00,7/17/2018 11:41:00 AM,Mid-Block (not related to intersection),14,"MOTOR VEHICLE STRUCK MOTOR VEHICLE, REAR END",,False,Clear or Partly Cloudy,Dry,Daylight,,,,14.0,From same direction - both going straight - one stopped - rear-end,0,0,False,0
-122.344996819426,47.7250341828433,204979,305608,306888,3591219,Matched,Block,,AURORA AVE N BETWEEN N 130TH ST AND N 135TH ST, ,,1,Property Damage Only Collision,Angles,2,0,0,2,0,0,2018-10-11 00:00:00+00,10/11/2018 7:29:00 PM,Driveway Junction,11,"MOTOR VEHICLE STRUCK MOTOR VEHICLE, FRONT END AT ANGLE",,False,Clear or Partly Cloudy,Dry,Daylight,,,,10.0,Entering at angle,0,0,False,0
-122.328525684972,47.7031800441915,204980,305603,306883,E850231,Matched,Intersection,37555.0,1ST AVE NE AND NE 103RD ST, ,,1,Property Damage Only Collision,Left Turn,2,0,0,2,0,0,2018-10-17 00:00:00+00,10/17/2018 6:25:00 AM,At Intersection (intersection related),11,"MOTOR VEHICLE STRUCK MOTOR VEHICLE, FRONT END AT ANGLE",,False,Clear or Partly Cloudy,Dry,Dark - Street Lights On,,,,28.0,From opposite direction - one left turn - one straight,0,0,False,0
-122.317110569681,47.6612953424978,204981,304877,306157,E846975,Matched,Block,,NE 45TH ST BETWEEN ROOSEVELT WAY NE AND 11TH AVE NE, ,,1,Property Damage Only Collision,Sideswipe,3,0,0,3,0,0,2018-10-05 00:00:00+00,10/5/2018 5:00:00 PM,Mid-Block (not related to intersection),14,"MOTOR VEHICLE STRUCK MOTOR VEHICLE, REAR END",,False,Raining,Wet,Daylight,,,,12.0,From same direction - both going straight - one stopped - sideswipe,0,0,False,0
-122.282803715668,47.5641404736792,204982,305462,306742,3818792,Matched,Intersection,32710.0,CASCADIA AVE S AND S GENESEE ST, ,,2,Injury Collision,Angles,2,0,0,2,2,0,2018-10-11 00:00:00+00,10/11/2018 4:16:00 PM,At Intersection (intersection related),11,"MOTOR VEHICLE STRUCK MOTOR VEHICLE, FRONT END AT ANGLE",,True,Clear or Partly Cloudy,Dry,Daylight,,,,10.0,Entering at angle,0,0,False,0
-122.312089218266,47.5829775870179,204983,305468,306748,E846879,Matched,Intersection,31572.0,16TH AVE S AND S COLLEGE ST, ,,1,Property Damage Only Collision,Angles,4,0,0,2,0,0,2018-10-03 00:00:00+00,10/3/2018 11:41:00 AM,At Intersection (intersection related),11,"MOTOR VEHICLE STRUCK MOTOR VEHICLE, FRONT END AT ANGLE",,False,Clear or Partly Cloudy,Dry,Daylight,,,,10.0,Entering at angle,0,0,False,0
-122.311615925484,47.7157814257362,204984,299773,300973,E821412,Matched,Intersection,36715.0,PINEHURST WAY NE AND NE 120TH ST, ,,1,Property Damage Only Collision,Angles,2,0,0,2,0,0,2018-07-25 00:00:00+00,7/25/2018 9:53:00 AM,At Intersection (intersection related),14,"MOTOR VEHICLE STRUCK MOTOR VEHICLE, REAR END",,False,Clear or Partly Cloudy,Dry,Daylight,,,,10.0,Entering at angle,0,0,False,0
-122.336338030882,47.6056397365387,204985,299761,300961,E821320,Matched,Block,,SPRING ST BETWEEN 1ST AVE AND 2ND AVE, ,,1,Property Damage Only Collision,Rear Ended,5,0,0,5,0,0,2018-07-11 00:00:00+00,7/11/2018 3:28:00 PM,Mid-Block (not related to intersection),14,"MOTOR VEHICLE STRUCK MOTOR VEHICLE, REAR END",,False,Clear or Partly Cloudy,Dry,Daylight,,,,13.0,From same direction - both going straight - both moving - rear-end,0,0,False,0
-122.321920406256,47.7085857930943,204986,305606,306886,3591218,Matched,Block,,NE NORTHGATE WAY BETWEEN 5TH AVE NE AND 8TH AVE NE, ,,1,Property Damage Only Collision,Rear Ended,3,0,0,3,0,0,2018-10-08 00:00:00+00,10/8/2018 2:51:00 PM,Mid-Block (not related to intersection),14,"MOTOR VEHICLE STRUCK MOTOR VEHICLE, REAR END",,False,Raining,Wet,Daylight,,,,14.0,From same direction - both going straight - one stopped - rear-end,0,0,False,0
-122.363289874273,47.6657233192971,204987,305465,306745,E846669,Matched,Intersection,25336.0,6TH AVE NW AND NW 51ST ST, ,,1,Property Damage Only Collision,Angles,2,0,0,2,0,0,2018-10-04 00:00:00+00,10/4/2018 1:35:00 PM,At Intersection (intersection related),11,"MOTOR VEHICLE STRUCK MOTOR VEHICLE, FRONT END AT ANGLE",,False,Clear or Partly Cloudy,Dry,Daylight,,,,10.0,Entering at angle,0,0,False,0
-122.299804154986,47.5730740615344,204988,305601,306881,E849650,Matched,Block,,S HINDS ST BETWEEN 25TH AVE S AND CHEASTY BLVD S, ,,1,Property Damage Only Collision,Head On,2,0,0,2,0,0,2018-10-10 00:00:00+00,10/10/2018 4:30:00 PM,Mid-Block (not related to intersection),11,"MOTOR VEHICLE STRUCK MOTOR VEHICLE, FRONT END AT ANGLE",,False,Clear or Partly Cloudy,Dry,Daylight,,,,30.0,From opposite direction - all others,0,0,False,0
-122.355565170932,47.7314044846321,204989,304917,306197,E846976,Matched,Block,,GREENWOOD AVE N BETWEEN N 140TH ST AND N 143RD ST, ,,1,Property Damage Only Collision,Other,3,0,0,2,0,0,2018-10-07 00:00:00+00,10/7/2018 2:14:00 PM,Mid-Block (not related to intersection),11,"MOTOR VEHICLE STRUCK MOTOR VEHICLE, FRONT END AT ANGLE",,False,Overcast,Dry,Daylight,,,,23.0,From same direction - all others,0,0,False,0
-122.409560559241,47.6495370417604,204990,299769,300969,E821324,Matched,Block,,WEST VIEWMONT WAY W BETWEEN W DRAVUS ST AND W BERTONA ST, ,,1,Property Damage Only Collision,Parked Car,2,0,0,2,0,0,2018-07-19 00:00:00+00,7/19/2018 2:33:00 PM,Mid-Block (not related to intersection),14,"MOTOR VEHICLE STRUCK MOTOR VEHICLE, REAR END",True,False,Clear or Partly Cloudy,Dry,Daylight,,,,32.0,One parked--one moving,0,0,True,0
-122.3293327234,47.5437213214498,204991,306052,307332,3811041,Matched,Intersection,34237.0,EAST MARGINAL WAY S AND S RIVER ST, ,,1,Property Damage Only Collision,Angles,4,0,0,2,0,0,2018-10-23 00:00:00+00,10/23/2018 10:04:00 AM,At Intersection (intersection related),11,"MOTOR VEHICLE STRUCK MOTOR VEHICLE, FRONT END AT ANGLE",,False,Fog/Smog/Smoke,Dry,Daylight,,,,10.0,Entering at angle,0,0,False,0
-122.359972822619,47.6245953812971,204992,306051,307331,3789044,Matched,Block,,W MERCER ST BETWEEN 2ND AVE W AND 3RD AVE W, ,,2,Injury Collision,Parked Car,4,0,0,3,1,0,2018-10-24 00:00:00+00,10/24/2018 5:02:00 PM,Mid-Block (but intersection related),11,"MOTOR VEHICLE STRUCK MOTOR VEHICLE, FRONT END AT ANGLE",,False,Clear or Partly Cloudy,Dry,Daylight,,,,32.0,One parked--one moving,0,0,True,0
-122.33310387059,47.607979458203,204993,306264,307544,3811382,Matched,Intersection,29929.0,5TH AVE AND SENECA ST, ,,1,Property Damage Only Collision,Angles,2,0,0,2,0,0,2018-11-03 00:00:00+00,11/3/2018 7:57:00 AM,At Intersection (intersection related),11,"MOTOR VEHICLE STRUCK MOTOR VEHICLE, FRONT END AT ANGLE",,False,Overcast,Wet,Daylight,,,,10.0,Entering at angle,0,0,False,0
-122.337653680165,47.6131284133642,207013,307566,308846,3811393,Matched,Block,,STEWART ST BETWEEN 5TH AVE AND WESTLAKE AVE, ,,1,Property Damage Only Collision,Other,2,0,0,2,0,0,2018-11-17 00:00:00+00,11/17/2018 6:19:00 PM,Mid-Block (but intersection related),11,"MOTOR VEHICLE STRUCK MOTOR VEHICLE, FRONT END AT ANGLE",,False,Clear or Partly Cloudy,Dry,Dusk,,,,23.0,From same direction - all others,0,0,False,0
-122.30245258823,47.661252762048,204994,305914,307194,E851646,Matched,Block,,NE 45TH ST BETWEEN 21ST AVE NE AND NE 45TH ST RP, ,,2,Injury Collision,Sideswipe,2,0,0,2,1,0,2018-10-19 00:00:00+00,10/19/2018 3:09:00 PM,Mid-Block (not related to intersection),14,"MOTOR VEHICLE STRUCK MOTOR VEHICLE, REAR END",True,False,Clear or Partly Cloudy,Dry,Daylight,,,,12.0,From same direction - both going straight - one stopped - sideswipe,0,0,False,0
-122.387256202063,47.5411093199667,204996,305913,307193,3731760,Matched,Block,,CALIFORNIA AVE SW BETWEEN SW MILLS ST AND SW FRONTENAC ST, ,,1,Property Damage Only Collision,Parked Car,3,0,0,3,0,0,2018-10-22 00:00:00+00,10/22/2018 9:33:00 PM,Mid-Block (not related to intersection),14,"MOTOR VEHICLE STRUCK MOTOR VEHICLE, REAR END",,False,Fog/Smog/Smoke,Wet,Dark - Street Lights On,,,,32.0,One parked--one moving,0,0,True,0
-122.298917341485,47.6016606257086,204997,306056,307336,3814326,Matched,Intersection,30581.0,26TH AVE AND E YESLER WAY, ,,2,Injury Collision,Left Turn,4,0,0,2,2,0,2018-10-24 00:00:00+00,10/24/2018 2:38:00 PM,At Intersection (intersection related),11,"MOTOR VEHICLE STRUCK MOTOR VEHICLE, FRONT END AT ANGLE",,False,Clear or Partly Cloudy,Dry,Daylight,,,,15.0,From same direction - one left turn - one straight,0,0,False,0
-122.280463976715,47.6341283431938,204998,306277,307557,E854796,Matched,Block,,E MADISON ST BETWEEN MCGILVRA N BV E AND E BLAINE ST, ,,1,Property Damage Only Collision,Parked Car,2,0,0,2,0,0,2018-10-17 00:00:00+00,10/17/2018 1:16:00 PM,Mid-Block (not related to intersection),11,"MOTOR VEHICLE STRUCK MOTOR VEHICLE, FRONT END AT ANGLE",,False,Clear or Partly Cloudy,Dry,Daylight,,,,32.0,One parked--one moving,0,0,False,0
-122.413412111516,47.5738603089662,204999,305912,307192,3731758,Matched,Block,,63RD AVE SW BETWEEN SW HINDS ST AND SW MARGUERITE CT,NEI,"Not Enough Information, or Insufficient Location Information",1,Property Damage Only Collision,Parked Car,2,0,0,2,0,0,2018-10-21 00:00:00+00,10/21/2018 2:15:00 AM,Mid-Block (not related to intersection),14,"MOTOR VEHICLE STRUCK MOTOR VEHICLE, REAR END",,False,Unknown,Dry,Dark - Street Lights On,,,,32.0,One parked--one moving,0,0,True,0
-122.33965621451,47.7312353634749,205000,306262,307542,3751616,Matched,Intersection,35723.0,ASHWORTH AVE N AND ROOSEVELT WAY N, ,,2,Injury Collision,Angles,2,0,0,2,1,0,2018-11-04 00:00:00+00,11/4/2018 2:45:00 PM,At Intersection (intersection related),11,"MOTOR VEHICLE STRUCK MOTOR VEHICLE, FRONT END AT ANGLE",True,False,Raining,Wet,Daylight,,,,10.0,Entering at angle,0,0,False,0
-122.377451471982,47.5624551351452,207002,307225,308505,3742551,Matched,Block,,36TH AVE SW BETWEEN SW OREGON ST AND SW SNOQUALMIE ST, ,,1,Property Damage Only Collision,Parked Car,2,0,0,2,0,0,2018-11-02 00:00:00+00,11/2/2018 9:50:00 AM,Mid-Block (not related to intersection),14,"MOTOR VEHICLE STRUCK MOTOR VEHICLE, REAR END",,False,Overcast,Dry,Daylight,,,,32.0,One parked--one moving,0,0,True,0
-122.374912264123,47.6545793469137,207003,307762,309042,E860507,Matched,Block,,14TH AVE W BETWEEN W EMERSON ST AND W NICKERSON ST, ,,1,Property Damage Only Collision,Sideswipe,2,0,0,2,0,0,2018-10-16 00:00:00+00,10/16/2018 8:18:00 AM,Mid-Block (not related to intersection),11,"MOTOR VEHICLE STRUCK MOTOR VEHICLE, FRONT END AT ANGLE",True,True,Clear or Partly Cloudy,Dry,Daylight,,,,11.0,From same direction - both going straight - both moving - sideswipe,0,0,False,0
-122.365868742029,47.5259670964969,207004,307078,308358,E860907,Matched,Block,,26TH AVE SW BETWEEN SW CLOVERDALE ST AND DEAD END 2, ,,1,Property Damage Only Collision,Parked Car,2,0,0,2,0,0,2018-11-14 00:00:00+00,11/14/2018 10:50:00 AM,Mid-Block (not related to intersection),14,"MOTOR VEHICLE STRUCK MOTOR VEHICLE, REAR END",True,False,Raining,Wet,Daylight,,,True,32.0,One parked--one moving,0,0,False,0
-122.34336847739,47.6185541435182,207005,307761,309041,E860506,Matched,Intersection,29517.0,BOREALIS AVE AND DENNY WAY, ,,1,Property Damage Only Collision,Sideswipe,2,0,0,2,0,0,2018-10-12 00:00:00+00,10/12/2018 6:03:00 PM,At Intersection (intersection related),14,"MOTOR VEHICLE STRUCK MOTOR VEHICLE, REAR END",,False,Clear or Partly Cloudy,Dry,Dark - Street Lights On,,,,81.0,Same direction -- both turning left -- both moving -- sideswipe,0,0,False,0
-122.376176887855,47.6447696120254,207006,307760,309040,E860505,Matched,Intersection,27884.0,15TH AVE W AND W ARMOUR ST, ,,2b,Serious Injury Collision,Angles,2,0,0,2,2,0,2018-10-06 00:00:00+00,10/6/2018 10:08:00 PM,At Intersection (intersection related),11,"MOTOR VEHICLE STRUCK MOTOR VEHICLE, FRONT END AT ANGLE",,False,Clear or Partly Cloudy,Dry,Dark - Street Lights On,,,True,10.0,Entering at angle,0,0,False,1
-122.386803951471,47.5602169818927,207007,304737,306017,E845596,Matched,Block,,CALIFORNIA AVE SW BETWEEN SW ALASKA ST AND ERSKINE WAY SW, ,,1,Property Damage Only Collision,Rear Ended,2,0,0,2,0,0,2018-10-05 00:00:00+00,10/5/2018 12:12:00 PM,Mid-Block (but intersection related),14,"MOTOR VEHICLE STRUCK MOTOR VEHICLE, REAR END",,False,Raining,Wet,Daylight,,,,14.0,From same direction - both going straight - one stopped - rear-end,0,0,False,0
-122.39151655538,47.6506707595154,207008,307560,308840,3811351,Matched,Block,,27TH AVE W BETWEEN W BERTONA ST AND DEAD END 2, ,,1,Property Damage Only Collision,Parked Car,2,0,0,2,0,0,2018-11-17 00:00:00+00,11/17/2018 5:03:00 PM,Driveway Junction,11,"MOTOR VEHICLE STRUCK MOTOR VEHICLE, FRONT END AT ANGLE",,False,Clear or Partly Cloudy,Dry,Dusk,,,,32.0,One parked--one moving,0,0,True,0
-122.347567933134,47.624990842132,207009,307077,308357,E860891,Matched,Block,,5TH AVE N BETWEEN MERCER ST AND ROY ST, ,,2,Injury Collision,Rear Ended,4,0,0,3,1,0,2018-11-13 00:00:00+00,11/13/2018 10:34:00 AM,Mid-Block (not related to intersection),14,"MOTOR VEHICLE STRUCK MOTOR VEHICLE, REAR END",,False,Clear or Partly Cloudy,Dry,Daylight,,,,14.0,From same direction - both going straight - one stopped - rear-end,0,0,False,0
-122.316781524063,47.6035141600007,207010,307224,308504,3814457,Matched,Intersection,29839.0,12TH AVE AND E SPRUCE ST, ,,2,Injury Collision,Left Turn,3,0,0,2,1,0,2018-11-02 00:00:00+00,11/2/2018 2:01:00 PM,At Intersection (intersection related),11,"MOTOR VEHICLE STRUCK MOTOR VEHICLE, FRONT END AT ANGLE",True,False,Clear or Partly Cloudy,Wet,Daylight,,,,28.0,From opposite direction - one left turn - one straight,0,0,False,0
-122.313246008409,47.6568342204626,207011,307396,308676,E865918,Matched,Intersection,27105.0,UNIVERSITY WAY NE AND NE 41ST ST, ,,2,Injury Collision,Angles,2,0,0,2,1,0,2018-11-28 00:00:00+00,11/28/2018 9:04:00 AM,At Intersection (intersection related),11,"MOTOR VEHICLE STRUCK MOTOR VEHICLE, FRONT END AT ANGLE",,False,Raining,Wet,Daylight,,,,10.0,Entering at angle,0,0,False,0
-122.333898831741,47.6017218797686,207012,307076,308356,E860890,Matched,Intersection,30356.0,JAMES ST AND YESLER WAY, ,,1,Property Damage Only Collision,Pedestrian,2,1,0,1,0,0,2018-11-14 00:00:00+00,11/14/2018 2:13:00 PM,At Intersection (intersection related),26,MOTOR VEHICLE STRUCK OBJECT IN ROAD,,False,Overcast,Wet,Daylight,,,,2.0,Vehicle turning left hits pedestrian,0,0,False,0
-122.386158044433,47.6674330192415,207014,307565,308845,3751070,Matched,Block,,SHILSHOLE AVE NW BETWEEN 22ND AVE NW AND 24TH AVE NW, ,,2b,Serious Injury Collision,Pedestrian,6,1,0,2,1,0,2018-11-17 00:00:00+00,11/17/2018 6:44:00 PM,Mid-Block (not related to intersection),24,MOTOR VEHCILE STRUCK PEDESTRIAN,,True,Clear or Partly Cloudy,Dry,Dark - Street Lights On,True,,,0.0,Vehicle going straight hits pedestrian,0,0,False,1
-122.323239228078,47.5470245031927,207015,307075,308355,E860754,Matched,Block,,S MICHIGAN ST BETWEEN 7TH AVE S AND CORSON AVE S, ,,1,Property Damage Only Collision,Sideswipe,2,0,0,2,0,0,2018-11-14 00:00:00+00,11/14/2018 12:40:00 PM,Mid-Block (not related to intersection),11,"MOTOR VEHICLE STRUCK MOTOR VEHICLE, FRONT END AT ANGLE",,False,Raining,Wet,Daylight,,,,11.0,From same direction - both going straight - both moving - sideswipe,0,0,False,0
-122.340466667459,47.6093164327584,207016,307564,308844,3811870,Matched,Block,,1ST AVE BETWEEN PIKE ST AND PINE ST, ,,1,Property Damage Only Collision,Rear Ended,2,0,0,2,0,0,2018-11-17 00:00:00+00,11/17/2018 9:00:00 PM,Mid-Block (not related to intersection),14,"MOTOR VEHICLE STRUCK MOTOR VEHICLE, REAR END",,False,Clear or Partly Cloudy,Dry,Dark - Street Lights On,,,,14.0,From same direction - both going straight - one stopped - rear-end,0,0,False,0
-122.387206201362,47.5456811785009,207018,304717,305997,2798296,Matched,Block,,CALIFORNIA AVE SW BETWEEN SW EDDY ST AND SW BEVERIDGE PL, ,,1,Property Damage Only Collision,Angles,2,0,0,2,0,0,2018-10-03 00:00:00+00,10/3/2018 7:48:00 PM,Driveway Junction,11,"MOTOR VEHICLE STRUCK MOTOR VEHICLE, FRONT END AT ANGLE",,False,Clear or Partly Cloudy,Dry,Dark - Street Lights On,,,,10.0,Entering at angle,0,0,False,0
-122.312441486871,47.5970729040999,207019,307558,308838,E866061,Matched,Block,,RAINIER AVE S BETWEEN S WELLER ST AND S LANE ST, ,,1,Property Damage Only Collision,Rear Ended,2,0,0,2,0,0,2018-11-28 00:00:00+00,11/28/2018 9:50:00 AM,Mid-Block (not related to intersection),14,"MOTOR VEHICLE STRUCK MOTOR VEHICLE, REAR END",True,False,Raining,Wet,Daylight,,,,14.0,From same direction - both going straight - one stopped - rear-end,0,0,False,0
-122.337086798157,47.6072990581973,207020,307074,308354,E860889,Matched,Intersection,29603.0,2ND AVE AND UNIVERSITY ST, ,,2,Injury Collision,Pedestrian,2,0,1,1,1,0,2018-11-14 00:00:00+00,11/14/2018 3:46:00 PM,At Intersection (intersection related),18,"MOTOR VEHICLE STRUCK PEDALCYCLIST, FRONT END AT ANGLE",,False,Clear or Partly Cloudy,Dry,Daylight,,,,5.0,Vehicle Strikes Pedalcyclist,0,0,False,0
-122.3175526737,47.6867321283814,207021,307394,308674,E863170,Matched,Intersection,24395.0,ROOSEVELT WAY NE AND NE 80TH ST, ,,1,Property Damage Only Collision,Rear Ended,2,0,0,2,0,0,2018-11-17 00:00:00+00,11/17/2018 1:06:00 PM,At Intersection (intersection related),14,"MOTOR VEHICLE STRUCK MOTOR VEHICLE, REAR END",,False,Clear or Partly Cloudy,Dry,Daylight,,,,14.0,From same direction - both going straight - one stopped - rear-end,0,0,False,0
-122.361867255095,47.5377587621324,207023,305899,307179,3746004,Matched,Block,,SW ORCHARD ST BETWEEN DELRIDGE WAY SW AND SYLVAN WAY SW, ,,1,Property Damage Only Collision,Rear Ended,2,0,0,2,0,0,2018-10-18 00:00:00+00,10/18/2018 8:02:00 AM,Mid-Block (not related to intersection),14,"MOTOR VEHICLE STRUCK MOTOR VEHICLE, REAR END",,False,Clear or Partly Cloudy,Dry,Daylight,,,,14.0,From same direction - both going straight - one stopped - rear-end,0,0,False,0
-122.285243155069,47.5582535002504,207024,306043,307323,3814968,Matched,Block,,RAINIER AVE S BETWEEN S EDMUNDS ST AND S FERDINAND ST, ,,1,Property Damage Only Collision,Rear Ended,3,0,0,2,0,0,2018-10-15 00:00:00+00,10/15/2018 2:10:00 PM,Mid-Block (not related to intersection),14,"MOTOR VEHICLE STRUCK MOTOR VEHICLE, REAR END",,False,Clear or Partly Cloudy,Dry,Daylight,,,,13.0,From same direction - both going straight - both moving - rear-end,0,0,False,0
-122.342341023962,47.6574306095779,207025,305595,306875,E849483,Matched,Block,,STONE WAY N BETWEEN N 41ST N ST AND N 42ND ST, ,,1,Property Damage Only Collision,Rear Ended,2,0,0,2,0,0,2018-10-10 00:00:00+00,10/10/2018 10:15:00 PM,Mid-Block (but intersection related),14,"MOTOR VEHICLE STRUCK MOTOR VEHICLE, REAR END",,False,Clear or Partly Cloudy,Dry,Dark - Street Lights On,,,,14.0,From same direction - both going straight - one stopped - rear-end,0,0,False,0
-122.354903419096,47.5437957334436,207027,305898,307178,3742284,Matched,Block,,16TH AVE SW BETWEEN SW MORGAN ST AND SW HOLLY ST, ,,1,Property Damage Only Collision,Left Turn,2,0,0,2,0,0,2018-10-18 00:00:00+00,10/18/2018 7:50:00 AM,Mid-Block (not related to intersection),14,"MOTOR VEHICLE STRUCK MOTOR VEHICLE, REAR END",,False,Clear or Partly Cloudy,Dry,Daylight,,,,28.0,From opposite direction - one left turn - one straight,0,0,False,0
-122.30931437378,47.5782995020054,207028,305594,306874,E849832,Matched,Block,,18TH AVE S BETWEEN S MCCLELLAN ST AND S FOREST ST, ,,1,Property Damage Only Collision,Parked Car,2,0,0,2,0,0,2018-10-16 00:00:00+00,10/16/2018 2:10:00 PM,Mid-Block (not related to intersection),11,"MOTOR VEHICLE STRUCK MOTOR VEHICLE, FRONT END AT ANGLE",,False,Clear or Partly Cloudy,Dry,Daylight,,,,32.0,One parked--one moving,0,0,True,0
-122.346085214613,47.5392476512443,207029,305897,307177,3742212,Matched,Block,,HIGHLAND PARK WAY SW BETWEEN WEST MARGINAL WAY SW AND SW OTHELLO ST, ,,2,Injury Collision,Rear Ended,2,0,0,2,1,0,2018-10-18 00:00:00+00,10/18/2018 3:49:00 PM,Mid-Block (not related to intersection),14,"MOTOR VEHICLE STRUCK MOTOR VEHICLE, REAR END",,False,Clear or Partly Cloudy,Dry,Daylight,,,,13.0,From same direction - both going straight - both moving - rear-end,0,0,False,0