longitude,latitude,objectid,inckey,coldetkey,reportno,status,addrtype,intkey,location,exceptrsncode,exceptrsndesc,severitycode,severitydesc,collisiontype,personcount,pedcount,pedcylcount,vehcount,injuries,fatalities,incdate,incdttm,junctiontype,sdot_colcode,sdot_coldesc,inattentionind,underinfl,weather,roadcond,lightcond,pedrownotgrnt,sdotcolnum,speeding,st_colcode,st_coldesc,seglanekey,crosswalkkey,hitparkedcar,seriousinjuries
-122.393000335178,47.6905721488272,205344,308017,309297,3767485,Matched,Intersection,37083.0,28TH AVE NW AND NW 85TH ST, ,,2,Injury Collision,Angles,3,0,0,2,2,0,2018-11-26 00:00:00+00,11/26/2018 8:43:00 AM,At Intersection (intersection related),11,"MOTOR VEHICLE STRUCK MOTOR VEHICLE, FRONT END AT ANGLE",,False,Raining,Wet,Daylight,,,,10.0,Entering at angle,0,0,False,0
-122.269989113648,47.5321053099823,207030,305593,306873,E849830,Matched,Block,,RAINIER AVE S BETWEEN S CHICAGO ST AND S KENYON ST, ,,1,Property Damage Only Collision,Parked Car,2,0,0,2,0,0,2018-10-12 00:00:00+00,10/12/2018 5:00:00 PM,Mid-Block (not related to intersection),11,"MOTOR VEHICLE STRUCK MOTOR VEHICLE, FRONT END AT ANGLE",,False,Unknown,Unknown,Unknown,,,,32.0,One parked--one moving,0,0,False,0
-122.356976972248,47.6341348607597,207031,305592,306872,E849825,Matched,Block,,QUEEN ANNE AVE N BETWEEN GARFIELD ST AND BLAINE ST, ,,1,Property Damage Only Collision,Other,3,0,0,2,0,0,2018-10-12 00:00:00+00,10/12/2018 10:40:00 AM,Mid-Block (not related to intersection),11,"MOTOR VEHICLE STRUCK MOTOR VEHICLE, FRONT END AT ANGLE",True,False,Clear or Partly Cloudy,Dry,Daylight,,,,23.0,From same direction - all others,0,0,False,0
-122.34485254918,47.7147767538906,207033,305904,307184,3754368,Matched,Intersection,36339.0,AURORA AVE N AND N 117TH PL, ,,1,Property Damage Only Collision,Angles,2,0,0,2,0,0,2018-10-18 00:00:00+00,10/18/2018 1:42:00 PM,At Intersection (but not related to intersection),14,"MOTOR VEHICLE STRUCK MOTOR VEHICLE, REAR END",True,False,Clear or Partly Cloudy,Dry,Daylight,,,,10.0,Entering at angle,0,0,False,0
-122.311208736157,47.5782069794276,207034,305591,306871,E849729,Matched,Block,,BEACON AVE S BETWEEN S MCCLELLAN ST AND 17TH AVE S, ,,1,Property Damage Only Collision,Parked Car,2,0,0,2,0,0,2018-10-06 00:00:00+00,10/6/2018 4:42:00 PM,Mid-Block (not related to intersection),11,"MOTOR VEHICLE STRUCK MOTOR VEHICLE, FRONT END AT ANGLE",,False,Clear or Partly Cloudy,Dry,Daylight,,,,32.0,One parked--one moving,0,0,True,0
-122.320067093025,47.6389738006468,207035,306041,307321,3814426,Matched,Block,,10TH AVE E BETWEEN E BOSTON ST AND E LYNN ST, ,,2,Injury Collision,Pedestrian,2,0,1,1,1,0,2018-10-23 00:00:00+00,10/23/2018 9:24:00 PM,Mid-Block (but intersection related),14,"MOTOR VEHICLE STRUCK MOTOR VEHICLE, REAR END",True,False,Overcast,Wet,Dark - Street Lights On,,,,5.0,Vehicle Strikes Pedalcyclist,0,0,False,0
-122.355540583123,47.720508059908,207037,305590,306870,E849482,Matched,Block,,GREENWOOD AVE N BETWEEN N 125TH ST AND N 127TH ST, ,,2,Injury Collision,Other,2,0,0,2,1,0,2018-10-05 00:00:00+00,10/5/2018 6:40:00 PM,Mid-Block (not related to intersection),11,"MOTOR VEHICLE STRUCK MOTOR VEHICLE, FRONT END AT ANGLE",,False,Raining,Wet,Daylight,,,True,23.0,From same direction - all others,0,0,False,0
-122.359957213641,47.626728006903,207038,305744,307024,E846678,Matched,Block,,W OLYMPIC PL BETWEEN 2ND AVE W AND 3RD AVE W, ,,1,Property Damage Only Collision,Parked Car,2,0,0,2,0,0,2018-10-07 00:00:00+00,10/7/2018 7:30:00 PM,Mid-Block (not related to intersection),0,NOT ENOUGH INFORMATION / NOT APPLICABLE,,False,Unknown,Unknown,Unknown,,,,32.0,One parked--one moving,0,0,True,0
-122.316928342423,47.6199367074436,207040,305460,306740,3814196,Matched,Intersection,29055.0,12TH AVE E AND E JOHN ST, ,,2,Injury Collision,Pedestrian,6,0,1,1,1,0,2018-10-13 00:00:00+00,10/13/2018 11:01:00 PM,At Intersection (intersection related),24,MOTOR VEHCILE STRUCK PEDESTRIAN,,False,Clear or Partly Cloudy,Dry,Dark - Street Lights On,,,,5.0,Vehicle Strikes Pedalcyclist,0,521047,False,0
-122.321447668305,47.6140709191271,207041,305742,307022,E850475,Matched,Block,,E PIKE ST BETWEEN HARVARD AVE AND BROADWAY, ,,1,Property Damage Only Collision,Sideswipe,2,0,0,2,0,0,2018-10-05 00:00:00+00,10/5/2018 7:35:00 PM,Mid-Block (not related to intersection),14,"MOTOR VEHICLE STRUCK MOTOR VEHICLE, REAR END",,False,Raining,Wet,Dark - Street Lights On,,,,12.0,From same direction - both going straight - one stopped - sideswipe,0,0,False,0
-122.318437666086,47.597504523953,207042,305903,307183,3753821,Matched,Block,,S WELLER ST BETWEEN 10TH AVE S AND 12TH AVE S, ,,1,Property Damage Only Collision,Parked Car,2,0,0,2,0,0,2018-10-12 00:00:00+00,10/12/2018 11:26:00 AM,Mid-Block (not related to intersection),0,NOT ENOUGH INFORMATION / NOT APPLICABLE,,False,Clear or Partly Cloudy,Dry,Daylight,,,,32.0,One parked--one moving,0,0,True,0
-122.312755877539,47.5810117841236,207043,306044,307324,3818794,Matched,Block,,S BAYVIEW ST BETWEEN 15TH AVE S AND 16TH AVE S, ,,1,Property Damage Only Collision,Parked Car,2,0,0,2,0,0,2018-10-12 00:00:00+00,10/12/2018 5:45:00 PM,Mid-Block (not related to intersection),14,"MOTOR VEHICLE STRUCK MOTOR VEHICLE, REAR END",,False,Unknown,Unknown,Unknown,,,,32.0,One parked--one moving,0,0,True,0
-122.356689555119,47.6271923859677,207044,305459,306739,3789032,Matched,Intersection,28605.0,ALOHA ST AND QUEEN ANNE AVE N, ,,2,Injury Collision,Left Turn,2,0,0,2,1,0,2018-10-17 00:00:00+00,10/17/2018 7:21:00 PM,At Intersection (intersection related),11,"MOTOR VEHICLE STRUCK MOTOR VEHICLE, FRONT END AT ANGLE",True,False,Clear or Partly Cloudy,Dry,Dark - Street Lights On,,,,28.0,From opposite direction - one left turn - one straight,0,0,False,0
-122.387771247048,47.5073850043394,207045,305906,307186,3731756,Matched,Block,,MARINE VIEW DR SW BETWEEN SW 106TH ST AND CALIFORNIA AVE SW, ,,2,Injury Collision,Other,2,0,0,2,1,0,2018-10-22 00:00:00+00,10/22/2018 2:54:00 AM,Mid-Block (not related to intersection),13,"MOTOR VEHICLE STRUCK MOTOR VEHICLE, LEFT SIDE AT ANGLE",True,False,Fog/Smog/Smoke,Wet,Dark - Street Lights On,,,,50.0,Fixed object,0,0,True,0
-122.355563110317,47.7304974634021,207047,305458,306738,3767484,Matched,Intersection,35788.0,GREENWOOD AVE N AND N 140TH ST, ,,2b,Serious Injury Collision,Left Turn,2,0,0,2,1,0,2018-10-15 00:00:00+00,10/15/2018 9:56:00 AM,At Intersection (intersection related),11,"MOTOR VEHICLE STRUCK MOTOR VEHICLE, FRONT END AT ANGLE",,False,Clear or Partly Cloudy,Dry,Daylight,,,,15.0,From same direction - one left turn - one straight,0,0,False,1
-122.314159585028,47.6694383589148,207048,305457,306737,3753971,Matched,Intersection,25748.0,BROOKLYN AVE NE AND NE 56TH ST, ,,2,Injury Collision,Angles,2,0,0,2,1,0,2018-10-14 00:00:00+00,10/14/2018 8:15:00 PM,At Intersection (intersection related),11,"MOTOR VEHICLE STRUCK MOTOR VEHICLE, FRONT END AT ANGLE",,False,Clear or Partly Cloudy,Dry,Dark - Street Lights On,,,,10.0,Entering at angle,0,0,False,0
-122.349155776393,47.7341292684697,207049,305740,307020,3705964,Matched,Block,,N 145TH ST BETWEEN FREMONT AVE N AND LINDEN AVE N, ,,1,Property Damage Only Collision,Left Turn,2,0,0,2,0,0,2018-10-10 00:00:00+00,10/10/2018 12:06:00 PM,Mid-Block (not related to intersection),11,"MOTOR VEHICLE STRUCK MOTOR VEHICLE, FRONT END AT ANGLE",True,False,Clear or Partly Cloudy,Dry,Daylight,,,,15.0,From same direction - one left turn - one straight,0,0,False,0
-122.369426092202,47.5676117306443,207050,305456,306736,3745828,Matched,Block,,SW YANCY ST BETWEEN 28TH AVE SW AND 30TH AVE SW, ,,1,Property Damage Only Collision,Parked Car,2,0,0,2,0,0,2018-10-17 00:00:00+00,10/17/2018 1:09:00 AM,Mid-Block (not related to intersection),15,"MOTOR VEHICLE STRUCK MOTOR VEHICLE, RIGHT SIDE SIDESWIPE",,False,Clear or Partly Cloudy,Dry,Dark - Street Lights On,,,,32.0,One parked--one moving,0,0,True,0
-122.333605681603,47.6135590811057,207052,305738,307018,3330781,Matched,Block,,8TH AVE BETWEEN PINE ST AND OLIVE WAY, ,,2,Injury Collision,Cycles,1,0,1,0,1,0,2018-10-10 00:00:00+00,10/10/2018 8:55:00 AM,Mid-Block (not related to intersection),22,"MOTOR VEHICLE STRUCK PEDALCYCLIST, RIGHT SIDE SIDESWIPE",,False,Clear or Partly Cloudy,Dry,Daylight,,,,8.0,Pedalcyclist All Other Involvements ONE UNIT - PEDALCYCLIST ONLY or PEDALCYCLIST STR,0,0,False,0
-122.394255613892,47.633773336077,207053,305902,307182,3746669,Matched,Intersection,27739.0,29TH AVE W AND W GARFIELD ST, ,,2,Injury Collision,Angles,4,0,0,2,1,0,2018-10-18 00:00:00+00,10/18/2018 3:24:00 PM,At Intersection (intersection related),14,"MOTOR VEHICLE STRUCK MOTOR VEHICLE, REAR END",,False,Clear or Partly Cloudy,Dry,Daylight,,,,10.0,Entering at angle,0,0,False,0
-122.384453471598,47.5448367068678,207054,305455,306735,3745780,Matched,Intersection,33748.0,41ST AVE SW AND SW MORGAN ST, ,,2,Injury Collision,Angles,3,0,0,2,1,0,2018-10-17 00:00:00+00,10/17/2018 8:53:00 AM,At Intersection (intersection related),11,"MOTOR VEHICLE STRUCK MOTOR VEHICLE, FRONT END AT ANGLE",True,False,Clear or Partly Cloudy,Dry,Daylight,,,,10.0,Entering at angle,0,0,False,0
-122.304614055906,47.6454088589596,207055,306042,307322,3814427,Matched,Block,,MONTLAKE BLVD E BETWEEN MONTLAKE BV ON RP AND E HAMLIN ST, ,,1,Property Damage Only Collision,Rear Ended,2,0,0,2,0,0,2018-10-23 00:00:00+00,10/23/2018 7:35:00 PM,Mid-Block (but intersection related),14,"MOTOR VEHICLE STRUCK MOTOR VEHICLE, REAR END",,False,Overcast,Wet,Dark - Street Lights Off,,,True,13.0,From same direction - both going straight - both moving - rear-end,0,0,False,0
-122.360460045506,47.5282836034868,207056,305454,306734,3745697,Matched,Intersection,34843.0,DELRIDGE WAY SW AND SW THISTLE ST, ,,1,Property Damage Only Collision,Other,3,0,0,2,0,0,2018-10-14 00:00:00+00,10/14/2018 5:08:00 PM,At Intersection (intersection related),11,"MOTOR VEHICLE STRUCK MOTOR VEHICLE, FRONT END AT ANGLE",,False,Clear or Partly Cloudy,Dry,Daylight,,,,23.0,From same direction - all others,0,0,False,0
-122.376761492271,47.5210700142456,207059,305453,306733,3745696,Matched,Intersection,34741.0,35TH AVE SW AND SW BARTON ST, ,,2,Injury Collision,Left Turn,3,0,0,2,3,0,2018-10-14 00:00:00+00,10/14/2018 12:50:00 PM,At Intersection (intersection related),11,"MOTOR VEHICLE STRUCK MOTOR VEHICLE, FRONT END AT ANGLE",,False,Clear or Partly Cloudy,Dry,Daylight,,,,28.0,From opposite direction - one left turn - one straight,0,0,False,0
-122.278988496556,47.5530918289514,207060,305596,306876,E849834,Matched,Block,,RAINIER AVE S BETWEEN S BRANDON ST AND S LUCILE ST, ,,2,Injury Collision,Angles,2,0,0,2,1,0,2018-10-13 00:00:00+00,10/13/2018 11:46:00 AM,Mid-Block (not related to intersection),11,"MOTOR VEHICLE STRUCK MOTOR VEHICLE, FRONT END AT ANGLE",,False,Clear or Partly Cloudy,Dry,Daylight,,,,10.0,Entering at angle,0,0,False,0
-122.381367745671,47.5755967874071,207061,305901,307181,3746005,Matched,Intersection,31818.0,39TH AVE SW AND SW HANFORD ST, ,,1,Property Damage Only Collision,Angles,2,0,0,2,0,0,2018-10-18 00:00:00+00,10/18/2018 8:30:00 PM,At Intersection (intersection related),11,"MOTOR VEHICLE STRUCK MOTOR VEHICLE, FRONT END AT ANGLE",,False,Clear or Partly Cloudy,Dry,Dark - Street Lights On,,,,10.0,Entering at angle,0,0,False,0
-122.395483917959,47.6477752841779,207062,304777,306057,E845879,Matched,Block,,30 UPPER AVE W BETWEEN W BARRETT ST AND W DRAVUS ST, ,,1,Property Damage Only Collision,Other,1,0,0,1,0,0,2018-08-22 00:00:00+00,8/22/2018 7:18:00 PM,Mid-Block (but intersection related),28,MOTOR VEHICLE RAN OFF ROAD - HIT FIXED OBJECT,True,False,Overcast,Dry,Daylight,,,,50.0,Fixed object,0,0,False,0
-122.329292105679,47.6184493537895,207063,306040,307320,3814401,Matched,Block,,DENNY WAY BETWEEN STEWART ST AND MELROSE AVE, ,,1,Property Damage Only Collision,Rear Ended,4,0,0,3,0,0,2018-10-23 00:00:00+00,10/23/2018 7:45:00 PM,Mid-Block (not related to intersection),14,"MOTOR VEHICLE STRUCK MOTOR VEHICLE, REAR END",,False,Overcast,Wet,Dark - Street Lights On,,,True,14.0,From same direction - both going straight - one stopped - rear-end,0,0,False,0
-122.295867422479,47.5957989109054,207064,306907,308187,3814407,Matched,Block,,S DEARBORN ST BETWEEN 28TH N AVE S AND 29TH W AVE S, ,,2,Injury Collision,Parked Car,3,0,0,2,2,0,2018-11-14 00:00:00+00,11/14/2018 12:33:00 PM,Mid-Block (not related to intersection),11,"MOTOR VEHICLE STRUCK MOTOR VEHICLE, FRONT END AT ANGLE",,True,Overcast,Other,Daylight,,,True,32.0,One parked--one moving,0,0,True,0
-122.341055568738,47.6232189463894,207065,307102,308382,E861113,Matched,Intersection,28774.0,8TH AVE N AND REPUBLICAN ST, ,,1,Property Damage Only Collision,Angles,2,0,0,2,0,0,2018-11-14 00:00:00+00,11/14/2018 5:37:00 PM,At Intersection (intersection related),11,"MOTOR VEHICLE STRUCK MOTOR VEHICLE, FRONT END AT ANGLE",True,False,Clear or Partly Cloudy,Dry,Dark - Street Lights On,,,,10.0,Entering at angle,0,0,False,0
-122.366173736252,47.6614610980731,207067,306431,307711,E854975,Matched,Intersection,26605.0,8TH AVE NW AND NW 45TH ST, ,,1,Property Damage Only Collision,Angles,3,0,0,2,0,0,2018-10-29 00:00:00+00,10/29/2018 6:22:00 AM,At Intersection (intersection related),11,"MOTOR VEHICLE STRUCK MOTOR VEHICLE, FRONT END AT ANGLE",,False,Overcast,Dry,Dark - Street Lights On,,,,10.0,Entering at angle,0,0,False,0
-122.310046643407,47.7339212062225,207069,306422,307702,E837036,Matched,Intersection,36077.0,17TH AVE NE AND NE 145TH ST, ,,1,Property Damage Only Collision,Angles,4,0,0,2,0,0,2018-09-07 00:00:00+00,9/7/2018 10:00:00 PM,At Intersection (intersection related),11,"MOTOR VEHICLE STRUCK MOTOR VEHICLE, FRONT END AT ANGLE",,False,Clear or Partly Cloudy,Wet,Dark - Street Lights On,,,,10.0,Entering at angle,0,0,False,0
-122.323641157932,47.6060183966882,207070,306428,307708,E854331,Matched,Intersection,29815.0,JAMES ST AND TERRY AVE, ,,1,Property Damage Only Collision,Angles,2,0,0,2,0,0,2018-10-08 00:00:00+00,10/8/2018 5:15:00 PM,At Intersection (intersection related),11,"MOTOR VEHICLE STRUCK MOTOR VEHICLE, FRONT END AT ANGLE",,False,Raining,Wet,Daylight,,,,10.0,Entering at angle,0,0,False,0
-122.31678189326,47.6016933678319,207071,306906,308186,3814404,Matched,Intersection,30410.0,12TH AVE AND E YESLER WAY, ,,1,Property Damage Only Collision,Parked Car,2,0,0,2,0,0,2018-11-10 00:00:00+00,11/10/2018 1:45:00 PM,At Intersection (but not related to intersection),11,"MOTOR VEHICLE STRUCK MOTOR VEHICLE, FRONT END AT ANGLE",True,False,Clear or Partly Cloudy,Dry,Daylight,,,True,32.0,One parked--one moving,0,0,True,0
-122.312555978889,47.7157903569003,207110,306754,308034,3591224,Matched,Intersection,36449.0,15TH AVE NE AND NE 120TH ST, ,,2,Injury Collision,Left Turn,5,0,0,2,2,0,2018-11-09 00:00:00+00,11/9/2018 9:04:00 PM,At Intersection (intersection related),11,"MOTOR VEHICLE STRUCK MOTOR VEHICLE, FRONT END AT ANGLE",,False,Overcast,Dry,Dark - Street Lights On,,,,28.0,From opposite direction - one left turn - one straight,0,0,False,0
-122.34377364074,47.6617540666372,207072,306421,307701,E855030,Matched,Intersection,25567.0,MIDVALE AVE N AND N MIDVALE PL, ,,1,Property Damage Only Collision,Sideswipe,4,0,0,2,0,0,2018-10-30 00:00:00+00,10/30/2018 5:28:00 PM,At Intersection (intersection related),11,"MOTOR VEHICLE STRUCK MOTOR VEHICLE, FRONT END AT ANGLE",,False,Clear or Partly Cloudy,Dry,Daylight,,,,11.0,From same direction - both going straight - both moving - sideswipe,0,0,False,0
-122.337153048345,47.6048037028871,207073,306905,308185,3812022,Matched,Block,,POST AVE BETWEEN MADISON ST AND SPRING ST, ,,1,Property Damage Only Collision,Parked Car,2,0,0,2,0,0,2018-11-14 00:00:00+00,11/14/2018 11:47:00 PM,Mid-Block (not related to intersection),11,"MOTOR VEHICLE STRUCK MOTOR VEHICLE, FRONT END AT ANGLE",,False,Clear or Partly Cloudy,Dry,Dark - Street Lights On,,,,32.0,One parked--one moving,0,0,True,0
-122.319567282107,47.6613114584751,207074,306259,307539,3751064,Matched,Intersection,337035.0,8TH AVE NE AND NE 45TH E ST, ,,1,Property Damage Only Collision,Left Turn,3,0,0,2,0,0,2018-11-03 00:00:00+00,11/3/2018 8:56:00 PM,At Intersection (intersection related),11,"MOTOR VEHICLE STRUCK MOTOR VEHICLE, FRONT END AT ANGLE",,False,Overcast,Wet,Dusk,,,,28.0,From opposite direction - one left turn - one straight,0,0,False,0
-122.335573407155,47.7286720406577,207075,306258,307538,3751063,Matched,Intersection,35741.0,BURKE AVE N AND N 137TH ST, ,,2,Injury Collision,Angles,2,0,0,2,2,0,2018-11-03 00:00:00+00,11/3/2018 6:47:00 PM,At Intersection (intersection related),11,"MOTOR VEHICLE STRUCK MOTOR VEHICLE, FRONT END AT ANGLE",,False,Raining,Wet,Dark - No Street Lights,,,True,10.0,Entering at angle,0,0,False,0
-122.340880561211,47.5717513530875,207077,307099,308379,E854099,Matched,Block,,ALASKAN WY VI SB WSB WB OFF RP BETWEEN ALASKAN WY VI SB AND WEST SEATTLE BR WB, ,,1,Property Damage Only Collision,Other,1,0,0,1,0,0,2018-10-08 00:00:00+00,10/8/2018 11:20:00 PM,Mid-Block (not related to intersection),26,MOTOR VEHICLE STRUCK OBJECT IN ROAD,,False,Raining,Wet,Dark - Street Lights On,,,True,50.0,Fixed object,0,0,False,0
-122.325973248392,47.585076962146,207080,306603,307883,E855551,Matched,Block,,6TH AVE S BETWEEN S HOLGATE ST AND S WALKER ST, ,,1,Property Damage Only Collision,Parked Car,2,0,0,2,0,0,2018-10-25 00:00:00+00,10/25/2018 10:51:00 AM,Mid-Block (not related to intersection),11,"MOTOR VEHICLE STRUCK MOTOR VEHICLE, FRONT END AT ANGLE",True,False,Raining,Wet,Daylight,,,,19.0,One car entering parked position,0,0,False,0
-122.376400103014,47.546503978988,207081,306257,307537,3742295,Matched,Intersection,32842.0,35TH AVE SW AND SW GRAHAM ST, ,,1,Property Damage Only Collision,Rear Ended,2,0,0,2,0,0,2018-11-02 00:00:00+00,11/2/2018 7:59:00 AM,At Intersection (intersection related),14,"MOTOR VEHICLE STRUCK MOTOR VEHICLE, REAR END",True,False,Clear or Partly Cloudy,Wet,Daylight,,,,14.0,From same direction - both going straight - one stopped - rear-end,0,0,False,0
-122.301757272308,47.5500641182622,207082,306426,307706,E854106,Matched,Intersection,33269.0,BEACON WR AVE S AND S JUNEAU ST, ,,1,Property Damage Only Collision,Angles,2,0,0,2,0,0,2018-09-22 00:00:00+00,9/22/2018 9:37:00 PM,At Intersection (intersection related),11,"MOTOR VEHICLE STRUCK MOTOR VEHICLE, FRONT END AT ANGLE",,False,Clear or Partly Cloudy,Wet,Dark - No Street Lights,,,,10.0,Entering at angle,0,0,False,0
-122.328913101671,47.6134658203127,207083,306902,308182,3811865,Matched,Intersection,29878.0,BOREN AVE AND PIKE ST, ,,2b,Serious Injury Collision,Pedestrian,2,1,0,1,1,0,2018-11-08 00:00:00+00,11/8/2018 5:41:00 PM,At Intersection (intersection related),24,MOTOR VEHCILE STRUCK PEDESTRIAN,,False,Clear or Partly Cloudy,Dry,Dark - Street Lights On,,,,0.0,Vehicle going straight hits pedestrian,0,0,False,1
-122.360755237921,47.5405403247137,207084,306256,307536,3742223,Matched,Intersection,33948.0,CROFT PL SW AND DELRIDGE WAY SW, ,,1,Property Damage Only Collision,Other,1,0,0,1,0,0,2018-11-04 00:00:00+00,11/4/2018 1:33:00 AM,At Intersection (intersection related),28,MOTOR VEHICLE RAN OFF ROAD - HIT FIXED OBJECT,,False,Raining,Wet,Dark - Street Lights On,,,,50.0,Fixed object,0,0,False,0
-122.354689567817,47.617034179002,207085,306901,308181,3811253,Matched,Intersection,29663.0,EAGLE ST AND WESTERN AVE, ,,2,Injury Collision,Right Turn,5,0,0,2,1,0,2018-11-13 00:00:00+00,11/13/2018 6:00:00 PM,At Intersection (intersection related),11,"MOTOR VEHICLE STRUCK MOTOR VEHICLE, FRONT END AT ANGLE",,False,Clear or Partly Cloudy,Dry,Dark - Street Lights On,,,,16.0,From same direction - one right turn - one straight,0,0,False,0
-122.304655683955,47.5596079345132,207086,306899,308179,3811186,Matched,Intersection,33314.0,BEACON WR AVE S AND S COLUMBIAN WAY, ,,1,Property Damage Only Collision,Sideswipe,3,0,0,2,0,0,2018-11-14 00:00:00+00,11/14/2018 9:35:00 PM,At Intersection (intersection related),16,"MOTOR VEHICLE STRUCK MOTOR VEHICLE, LEFT SIDE SIDESWIPE",,False,Clear or Partly Cloudy,Dry,Dark - Street Lights On,,,,11.0,From same direction - both going straight - both moving - sideswipe,0,0,False,0
-122.328634265585,47.7086287203541,207087,306255,307535,3738989,Matched,Intersection,36586.0,1ST AVE NE AND NE NORTHGATE WAY, ,,2,Injury Collision,Left Turn,3,0,0,2,3,0,2018-11-05 00:00:00+00,11/5/2018 9:40:00 AM,At Intersection (intersection related),11,"MOTOR VEHICLE STRUCK MOTOR VEHICLE, FRONT END AT ANGLE",,False,Clear or Partly Cloudy,Dry,Daylight,,,,28.0,From opposite direction - one left turn - one straight,0,0,False,0
-122.287960856367,47.5460859919886,207088,306898,308178,3811185,Matched,Block,,S GRAHAM ST BETWEEN 33RD AVE S AND M L KING JR WR WAY S, ,,1,Property Damage Only Collision,Angles,3,0,0,2,0,0,2018-11-14 00:00:00+00,11/14/2018 7:09:00 PM,Mid-Block (not related to intersection),14,"MOTOR VEHICLE STRUCK MOTOR VEHICLE, REAR END",True,False,Clear or Partly Cloudy,Dry,Dark - Street Lights On,,,,10.0,Entering at angle,0,0,False,0
-122.334198303058,47.5850426824454,207089,307085,308365,E860770,Matched,Block,,1ST AVE S BETWEEN S HOLGATE ST AND S WALKER ST, ,,1,Property Damage Only Collision,Angles,2,0,0,2,0,0,2018-11-09 00:00:00+00,11/9/2018 3:41:00 PM,Driveway Junction,11,"MOTOR VEHICLE STRUCK MOTOR VEHICLE, FRONT END AT ANGLE",,False,Raining,Wet,Dusk,,,,10.0,Entering at angle,0,0,False,0
-122.38758186289,47.6690668612654,207090,307103,308383,E861127,Matched,Block,,24TH AVE NW BETWEEN NW MARKET ST AND NW 56TH ST, ,,1,Property Damage Only Collision,Sideswipe,2,0,0,2,0,0,2018-11-10 00:00:00+00,11/10/2018 6:50:00 PM,Mid-Block (not related to intersection),11,"MOTOR VEHICLE STRUCK MOTOR VEHICLE, FRONT END AT ANGLE",,False,Clear or Partly Cloudy,Dry,Dark - Street Lights On,,,,11.0,From same direction - both going straight - both moving - sideswipe,0,0,False,0
-122.337337691835,47.6092518165005,207091,306750,308030,E857152,Matched,Block,,3RD AVE BETWEEN UNION ST AND PIKE ST, ,,1,Property Damage Only Collision,Sideswipe,2,0,0,2,0,0,2018-10-12 00:00:00+00,10/12/2018 11:39:00 PM,Mid-Block (not related to intersection),11,"MOTOR VEHICLE STRUCK MOTOR VEHICLE, FRONT END AT ANGLE",,False,Clear or Partly Cloudy,Dry,Dark - Street Lights On,,,,12.0,From same direction - both going straight - one stopped - sideswipe,0,0,False,0
-122.320932323804,47.6807761805289,207092,306425,307705,E837345,Matched,Block,,I5 EXPRESS LAKE CITY RP BETWEEN I5 EXPRESS AND SR522, ,,1,Property Damage Only Collision,Other,2,0,0,2,0,0,2018-09-08 00:00:00+00,9/8/2018 3:15:00 AM,Mid-Block (not related to intersection),14,"MOTOR VEHICLE STRUCK MOTOR VEHICLE, REAR END",,False,Raining,Wet,Dark - Street Lights On,,,True,50.0,Fixed object,0,0,False,0
-122.363392410796,47.7010549646977,207094,306254,307534,3733773,Matched,Intersection,37126.0,6TH AVE NW AND HOLMAN RD NW, ,,2,Injury Collision,Pedestrian,2,1,0,1,1,0,2018-11-01 00:00:00+00,11/1/2018 8:41:00 PM,At Intersection (intersection related),24,MOTOR VEHCILE STRUCK PEDESTRIAN,True,False,Clear or Partly Cloudy,Dry,Dark - Street Lights On,,,,1.0,Vehicle turning right hits pedestrian,0,522669,False,0
-122.331571729209,47.6008792515124,207095,306424,307704,E837120,Matched,Intersection,30491.0,2ND AVE S AND S WASHINGTON ST, ,,1,Property Damage Only Collision,Left Turn,2,0,0,2,0,0,2018-09-11 00:00:00+00,9/11/2018 6:55:00 PM,At Intersection (intersection related),11,"MOTOR VEHICLE STRUCK MOTOR VEHICLE, FRONT END AT ANGLE",,False,Raining,Wet,Dusk,,,,28.0,From opposite direction - one left turn - one straight,0,0,False,0
-122.311881344463,47.6685399956098,207096,306758,308038,3753831,Matched,Intersection,26013.0,15TH AVE NE AND NE 55TH ST, ,,2,Injury Collision,Angles,3,0,0,2,1,0,2018-11-10 00:00:00+00,11/10/2018 10:29:00 PM,At Intersection (intersection related),11,"MOTOR VEHICLE STRUCK MOTOR VEHICLE, FRONT END AT ANGLE",,False,Clear or Partly Cloudy,Dry,Dark - Street Lights On,,,,10.0,Entering at angle,0,0,False,0
-122.323750053488,47.5991885965181,207097,306251,307531,3811380,Matched,Intersection,30513.0,7TH AVE S AND S JACKSON ST, ,,1,Property Damage Only Collision,Angles,3,0,0,2,0,0,2018-11-03 00:00:00+00,11/3/2018 1:10:00 PM,At Intersection (intersection related),11,"MOTOR VEHICLE STRUCK MOTOR VEHICLE, FRONT END AT ANGLE",,False,Raining,Wet,Daylight,,,,10.0,Entering at angle,0,0,False,0
-122.385458078257,47.5610718519878,207099,306757,308037,3746036,Matched,Intersection,31917.0,42ND AVE SW AND SW ALASKA ST, ,,1,Property Damage Only Collision,Other,1,0,0,1,0,0,2018-11-10 00:00:00+00,11/10/2018 11:03:00 PM,At Intersection (intersection related),28,MOTOR VEHICLE RAN OFF ROAD - HIT FIXED OBJECT,,False,Overcast,Dry,Dark - Street Lights On,,,,50.0,Fixed object,0,0,False,0