longitude,latitude,objectid,inckey,coldetkey,reportno,status,addrtype,intkey,location,exceptrsncode,exceptrsndesc,severitycode,severitydesc,collisiontype,personcount,pedcount,pedcylcount,vehcount,injuries,fatalities,incdate,incdttm,junctiontype,sdot_colcode,sdot_coldesc,inattentionind,underinfl,weather,roadcond,lightcond,pedrownotgrnt,sdotcolnum,speeding,st_colcode,st_coldesc,seglanekey,crosswalkkey,hitparkedcar,seriousinjuries
-122.320057616226,47.6422734334791,205081,307425,308705,E863226,Matched,Block,,10TH AVE E BETWEEN E MILLER ST AND E ROANOKE W ST,NEI,"Not Enough Information, or Insufficient Location Information",1,Property Damage Only Collision,Parked Car,3,0,0,3,0,0,2018-11-14 00:00:00+00,11/14/2018 9:20:00 AM,Mid-Block (not related to intersection),13,"MOTOR VEHICLE STRUCK MOTOR VEHICLE, LEFT SIDE AT ANGLE",,False,Unknown,Unknown,Daylight,,,,32.0,One parked--one moving,0,0,True,0
-122.37485757462,47.6643929771829,205082,306921,308201,3694706,Matched,Block,,NW 49TH ST BETWEEN 14TH AVE NW AND 15TH NB AVE NW, ,,1,Property Damage Only Collision,Parked Car,2,0,0,2,0,0,2018-10-26 00:00:00+00,10/26/2018 2:16:00 PM,Mid-Block (not related to intersection),14,"MOTOR VEHICLE STRUCK MOTOR VEHICLE, REAR END",,False,Clear or Partly Cloudy,Dry,Daylight,,,,32.0,One parked--one moving,0,0,True,0
-122.351843765787,47.6516486600331,205084,307576,308856,3810406,Matched,Block,,N 36TH ST BETWEEN DAYTON AVE N AND FREMONT PL N, ,,1,Property Damage Only Collision,Sideswipe,2,0,0,2,0,0,2018-11-18 00:00:00+00,11/18/2018 1:43:00 AM,Mid-Block (not related to intersection),11,"MOTOR VEHICLE STRUCK MOTOR VEHICLE, FRONT END AT ANGLE",,False,Clear or Partly Cloudy,Dry,Dark - Street Lights On,,,,11.0,From same direction - both going straight - both moving - sideswipe,0,0,False,0
-122.291503106425,47.7155062250806,205085,306920,308200,E860206,Matched,Intersection,36617.0,35TH AVE NE AND NE 120TH ST, ,,2,Injury Collision,Angles,2,0,0,2,1,0,2018-11-13 00:00:00+00,11/13/2018 9:40:00 AM,At Intersection (intersection related),11,"MOTOR VEHICLE STRUCK MOTOR VEHICLE, FRONT END AT ANGLE",,False,Clear or Partly Cloudy,Dry,Daylight,,,,10.0,Entering at angle,0,0,False,0
-122.344010535278,47.6516250195363,205086,307428,308708,E864401,Matched,Block,,WOODLAND PARK AVE N BETWEEN N 36TH ST AND N 38TH ST, ,,1,Property Damage Only Collision,Rear Ended,3,0,0,3,0,0,2018-11-25 00:00:00+00,11/25/2018 12:13:00 PM,Mid-Block (not related to intersection),14,"MOTOR VEHICLE STRUCK MOTOR VEHICLE, REAR END",True,False,Overcast,Dry,Daylight,,,,13.0,From same direction - both going straight - both moving - rear-end,0,0,False,0
-122.361014741001,47.5385521462773,205088,308039,309319,3746047,Matched,Block,,DELRIDGE WAY SW BETWEEN SW MYRTLE ST AND SW ORCHARD ST, ,,1,Property Damage Only Collision,Rear Ended,3,0,0,2,0,0,2018-12-05 00:00:00+00,12/5/2018 2:22:00 PM,Mid-Block (not related to intersection),14,"MOTOR VEHICLE STRUCK MOTOR VEHICLE, REAR END",True,False,Clear or Partly Cloudy,Dry,Daylight,,,,14.0,From same direction - both going straight - one stopped - rear-end,0,0,False,0
-122.355247872948,47.6778374540096,205089,308038,309318,3811880,Matched,Block,,GREENWOOD AVE N BETWEEN N 67TH ST AND PHINNEY AVE N, ,,1,Property Damage Only Collision,Parked Car,2,0,0,2,0,0,2018-12-02 00:00:00+00,12/2/2018 9:22:00 PM,Mid-Block (not related to intersection),11,"MOTOR VEHICLE STRUCK MOTOR VEHICLE, FRONT END AT ANGLE",,True,Clear or Partly Cloudy,Dry,Dark - Street Lights On,,,,32.0,One parked--one moving,0,0,True,0
-122.366088806292,47.6743529615909,205090,308080,309360,3809936,Matched,Block,,8TH AVE NW BETWEEN NW 62ND N ST AND NW 63RD ST, ,,1,Property Damage Only Collision,Sideswipe,2,0,0,2,0,0,2018-12-06 00:00:00+00,12/6/2018 7:03:00 PM,Mid-Block (not related to intersection),11,"MOTOR VEHICLE STRUCK MOTOR VEHICLE, FRONT END AT ANGLE",,False,Overcast,Dry,Dark - Street Lights On,,,,11.0,From same direction - both going straight - both moving - sideswipe,0,0,False,0
-122.385483472981,47.5601969076988,205092,308067,309347,3742559,Matched,Block,,42ND AVE SW BETWEEN SW ALASKA ST AND SW EDMUNDS ST, ,,1,Property Damage Only Collision,Angles,2,0,0,2,0,0,2018-12-08 00:00:00+00,12/8/2018 7:00:00 AM,Mid-Block (not related to intersection),11,"MOTOR VEHICLE STRUCK MOTOR VEHICLE, FRONT END AT ANGLE",,False,Overcast,Wet,Dark - Street Lights On,,,,10.0,Entering at angle,0,0,False,0
-122.338962818722,47.6147748824863,205093,308036,309316,3811130,Matched,Block,,6TH AVE BETWEEN VIRGINIA ST AND LENORA ST,NEI,"Not Enough Information, or Insufficient Location Information",1,Property Damage Only Collision,Parked Car,2,0,0,2,0,0,2018-10-16 00:00:00+00,10/16/2018 1:30:00 PM,,0,NOT ENOUGH INFORMATION / NOT APPLICABLE,,False,Unknown,Unknown,Unknown,,,,32.0,One parked--one moving,0,0,True,0
-122.373383900895,47.5674954750064,205094,308064,309344,3742541,Matched,Block,,WEST SEATTLE BR EB BETWEEN POINT A AND FAUNTLEROY WAY SW, ,,1,Property Damage Only Collision,Sideswipe,3,0,0,2,0,0,2018-12-09 00:00:00+00,12/9/2018 12:24:00 PM,Mid-Block (not related to intersection),14,"MOTOR VEHICLE STRUCK MOTOR VEHICLE, REAR END",,False,Raining,Wet,Daylight,,,,11.0,From same direction - both going straight - both moving - sideswipe,0,0,False,0
-122.320373645766,47.5527205929087,205095,308084,309364,3811200,Matched,Block,,AIRPORT WAY S BETWEEN S LUCILE ST AND CORSON AVE S, ,,1,Property Damage Only Collision,Parked Car,2,0,0,2,0,0,2018-12-05 00:00:00+00,12/5/2018 12:08:00 AM,Mid-Block (not related to intersection),14,"MOTOR VEHICLE STRUCK MOTOR VEHICLE, REAR END",,True,Clear or Partly Cloudy,Dry,Dark - Street Lights On,,,,32.0,One parked--one moving,0,0,False,0
-122.280797506095,47.5362397522419,205096,307786,309066,3811133,Matched,Block,,M L KING JR ER WAY S BETWEEN S OTHELLO ST AND RENTON S AVE S, ,,1,Property Damage Only Collision,Rear Ended,2,0,0,2,0,0,2018-12-08 00:00:00+00,12/8/2018 10:45:00 AM,Mid-Block (not related to intersection),14,"MOTOR VEHICLE STRUCK MOTOR VEHICLE, REAR END",,False,Unknown,Unknown,Unknown,,,,14.0,From same direction - both going straight - one stopped - rear-end,0,0,False,0
-122.35017030409,47.5710833996246,205097,308070,309350,3746050,Matched,Block,,WEST SEATTLE BR WB BETWEEN ALASKAN WY VI SB WSB WB OFF RP AND W SEATTLE BR WB OFF RP, ,,1,Property Damage Only Collision,Rear Ended,2,0,0,2,0,0,2018-12-07 00:00:00+00,12/7/2018 2:54:00 PM,Mid-Block (not related to intersection),14,"MOTOR VEHICLE STRUCK MOTOR VEHICLE, REAR END",,False,Clear or Partly Cloudy,Dry,Daylight,,,,14.0,From same direction - both going straight - one stopped - rear-end,0,0,False,0
-122.347332212841,47.6582069649512,205098,307784,309064,E867537,Matched,Block,,AURORA AVE N BETWEEN N 42ND ST AND N MOTOR PL, ,,2,Injury Collision,Rear Ended,3,0,0,2,2,0,2018-11-28 00:00:00+00,11/28/2018 4:48:00 PM,Mid-Block (not related to intersection),14,"MOTOR VEHICLE STRUCK MOTOR VEHICLE, REAR END",,False,Raining,Wet,Dark - Street Lights On,,,,13.0,From same direction - both going straight - both moving - rear-end,0,0,False,0
-122.345096344245,47.5473705510147,205100,308065,309345,3742543,Matched,Block,,WEST MARGINAL WAY SW BETWEEN SW BRANDON ST AND SW FRONT ST, ,,2,Injury Collision,Other,1,0,0,1,1,0,2018-12-09 00:00:00+00,12/9/2018 6:47:00 PM,Mid-Block (not related to intersection),28,MOTOR VEHICLE RAN OFF ROAD - HIT FIXED OBJECT,,False,Raining,Wet,Dark - Street Lights On,,,True,50.0,Fixed object,0,0,False,0
-122.376168595486,47.64269345795,205101,307782,309062,E867389,Matched,Block,,15TH AVE W BETWEEN GILMAN DR W AND GILMAN UPPER DR W, ,,2,Injury Collision,Rear Ended,3,0,0,2,2,0,2018-12-02 00:00:00+00,12/2/2018 6:46:00 PM,Mid-Block (but intersection related),14,"MOTOR VEHICLE STRUCK MOTOR VEHICLE, REAR END",,False,Overcast,Dry,Dark - Street Lights On,,,,13.0,From same direction - both going straight - both moving - rear-end,0,0,False,0
-122.347332670519,47.6624996796515,205102,308043,309323,3751529,Matched,Block,,AURORA AVE N BETWEEN N 46 UPPER ST AND N 47TH ST, ,,2,Injury Collision,Rear Ended,3,0,0,2,1,0,2018-12-06 00:00:00+00,12/6/2018 9:09:00 AM,Mid-Block (not related to intersection),14,"MOTOR VEHICLE STRUCK MOTOR VEHICLE, REAR END",,False,Clear or Partly Cloudy,Dry,Daylight,,,,14.0,From same direction - both going straight - one stopped - rear-end,0,0,False,0
-122.332551335289,47.6082107944681,205103,307781,309061,E867376,Matched,Block,,SENECA ST BETWEEN 5TH AVE AND 6TH AVE, ,,1,Property Damage Only Collision,Other,2,0,0,2,0,0,2018-12-03 00:00:00+00,12/3/2018 10:38:00 AM,Driveway Junction,11,"MOTOR VEHICLE STRUCK MOTOR VEHICLE, FRONT END AT ANGLE",True,False,Clear or Partly Cloudy,Dry,Daylight,,,,23.0,From same direction - all others,0,0,False,0
-122.342302448157,47.5395245243839,205104,308068,309348,3745823,Matched,Intersection,34084.0,DETROIT AVE SW AND SW MYRTLE ST, ,,1,Property Damage Only Collision,Other,1,0,0,1,0,0,2018-12-11 00:00:00+00,12/11/2018 11:50:00 AM,At Intersection (intersection related),28,MOTOR VEHICLE RAN OFF ROAD - HIT FIXED OBJECT,,False,Unknown,Unknown,Unknown,,,,50.0,Fixed object,0,0,False,0
-122.329103075907,47.5716778655723,205105,308082,309362,3810632,Matched,Intersection,32356.0,4TH AVE S AND S SPOKANE NR ST, ,,2,Injury Collision,Left Turn,3,0,0,2,1,0,2018-12-08 00:00:00+00,12/8/2018 2:03:00 PM,At Intersection (but not related to intersection),14,"MOTOR VEHICLE STRUCK MOTOR VEHICLE, REAR END",,False,Clear or Partly Cloudy,Dry,Daylight,,,,28.0,From opposite direction - one left turn - one straight,0,0,False,0
-122.355568241899,47.7327585874476,205106,307780,309060,E867276,Matched,Block,,GREENWOOD AVE N BETWEEN N 143RD ST AND N 144TH ST,NEI,"Not Enough Information, or Insufficient Location Information",1,Property Damage Only Collision,Parked Car,2,0,0,2,0,0,2018-11-29 00:00:00+00,11/29/2018 11:00:00 PM,Mid-Block (not related to intersection),13,"MOTOR VEHICLE STRUCK MOTOR VEHICLE, LEFT SIDE AT ANGLE",,False,Raining,Wet,Dark - Street Lights On,,,,32.0,One parked--one moving,0,0,True,0
-122.336017994729,47.5903126405884,205107,307779,309059,E866115,Matched,Intersection,547742.0,S ATLANTIC ST AND EAST FRONTAGE RD S, ,,2,Injury Collision,Rear Ended,2,0,0,2,1,0,2018-11-29 00:00:00+00,11/29/2018 12:19:00 PM,At Intersection (but not related to intersection),14,"MOTOR VEHICLE STRUCK MOTOR VEHICLE, REAR END",True,False,Clear or Partly Cloudy,Dry,Daylight,,,True,14.0,From same direction - both going straight - one stopped - rear-end,0,0,False,0
-122.323544764884,47.6050721755039,205108,307778,309058,E865965,Matched,Block,,JEFFERSON ST BETWEEN 9TH AVE AND TERRY AVE, ,,1,Property Damage Only Collision,Sideswipe,2,0,0,2,0,0,2018-10-29 00:00:00+00,10/29/2018 8:17:00 AM,Mid-Block (not related to intersection),11,"MOTOR VEHICLE STRUCK MOTOR VEHICLE, FRONT END AT ANGLE",,False,Clear or Partly Cloudy,Dry,Daylight,,,,12.0,From same direction - both going straight - one stopped - sideswipe,0,0,False,0
-122.316811526994,47.7181899815189,205109,308042,309322,3751110,Matched,Block,,10TH PL NE BETWEEN NE 123RD ST AND DEAD END 3, ,,1,Property Damage Only Collision,Parked Car,2,0,0,2,0,0,2018-12-04 00:00:00+00,12/4/2018 6:43:00 PM,Mid-Block (not related to intersection),11,"MOTOR VEHICLE STRUCK MOTOR VEHICLE, FRONT END AT ANGLE",,False,Clear or Partly Cloudy,Dry,Unknown,,,,32.0,One parked--one moving,0,0,True,0
-122.329412323495,47.5926997388382,205110,308085,309365,3811246,Matched,Block,,I90 WB 4TH AV OFF RP BETWEEN 4TH AVE S AND I90 WB OFF RP, ,,1,Property Damage Only Collision,Other,1,0,0,1,0,0,2018-12-09 00:00:00+00,12/9/2018 4:42:00 AM,Mid-Block (not related to intersection),28,MOTOR VEHICLE RAN OFF ROAD - HIT FIXED OBJECT,,False,Clear or Partly Cloudy,Dry,Dark - Street Lights On,,,,50.0,Fixed object,0,0,False,0
-122.374036066136,47.5745966801856,205111,308071,309351,3746086,Matched,Block,,SW ADMIRAL WAY BETWEEN SW CITY VIEW ST AND SW HANFORD E ST, ,,1,Property Damage Only Collision,Other,4,0,0,2,0,0,2018-12-11 00:00:00+00,12/11/2018 5:34:00 PM,Mid-Block (not related to intersection),11,"MOTOR VEHICLE STRUCK MOTOR VEHICLE, FRONT END AT ANGLE",,False,Raining,Wet,Dark - Street Lights On,,,,23.0,From same direction - all others,0,0,False,0
-122.352774427455,47.6267383055241,205112,307582,308862,3811923,Matched,Block,,2ND AVE N BETWEEN VALLEY ST AND ALOHA ST, ,,1,Property Damage Only Collision,Parked Car,2,0,0,2,0,0,2018-11-19 00:00:00+00,11/19/2018 8:25:00 PM,Mid-Block (not related to intersection),14,"MOTOR VEHICLE STRUCK MOTOR VEHICLE, REAR END",,False,Clear or Partly Cloudy,Dry,Dark - Street Lights On,,,,32.0,One parked--one moving,0,0,True,0
-122.352735972683,47.6617669416717,205113,307581,308861,3751418,Matched,Block,,DAYTON AVE N BETWEEN N 45TH W ST AND N 46TH ST, ,,1,Property Damage Only Collision,Parked Car,2,0,0,2,0,0,2018-11-18 00:00:00+00,11/18/2018 12:30:00 PM,Mid-Block (not related to intersection),11,"MOTOR VEHICLE STRUCK MOTOR VEHICLE, FRONT END AT ANGLE",True,False,Clear or Partly Cloudy,Dry,Daylight,,,,32.0,One parked--one moving,0,0,True,0
-122.385508946504,47.5593192250004,205114,308066,309346,3742544,Matched,Intersection,32767.0,42ND AVE SW AND SW EDMUNDS ST, ,,2,Injury Collision,Rear Ended,2,0,0,2,1,0,2018-12-10 00:00:00+00,12/10/2018 7:53:00 PM,At Intersection (but not related to intersection),14,"MOTOR VEHICLE STRUCK MOTOR VEHICLE, REAR END",,False,Overcast,Wet,Dark - Street Lights On,,,,14.0,From same direction - both going straight - one stopped - rear-end,0,0,False,0
-122.296355064617,47.5462666547438,205115,307580,308860,3811158,Matched,Block,,S GRAHAM ST BETWEEN 28TH AVE S AND 29TH AVE S, ,,1,Property Damage Only Collision,Parked Car,2,0,0,2,0,0,2018-11-18 00:00:00+00,11/18/2018 10:06:00 PM,Mid-Block (not related to intersection),11,"MOTOR VEHICLE STRUCK MOTOR VEHICLE, FRONT END AT ANGLE",,False,Clear or Partly Cloudy,Dry,Dark - Street Lights On,,,,32.0,One parked--one moving,0,0,False,0
-122.377574613398,47.5565242671364,205116,308041,309321,3746049,Matched,Block,,36TH AVE SW BETWEEN SW HUDSON ST AND SW DAWSON ST, ,,1,Property Damage Only Collision,Other,1,0,0,1,0,0,2018-12-05 00:00:00+00,12/5/2018 5:41:00 PM,Mid-Block (not related to intersection),28,MOTOR VEHICLE RAN OFF ROAD - HIT FIXED OBJECT,,True,Clear or Partly Cloudy,Dry,Dark - Street Lights On,,,,50.0,Fixed object,0,0,False,0
-122.323976055407,47.5640698024967,205117,308083,309363,3811134,Matched,Block,,7TH AVE S BETWEEN S INDUSTRIAL EB WAY AND S OREGON ST, ,,1,Property Damage Only Collision,Parked Car,2,0,0,2,0,0,2018-12-11 00:00:00+00,12/11/2018 7:39:00 PM,Mid-Block (not related to intersection),14,"MOTOR VEHICLE STRUCK MOTOR VEHICLE, REAR END",,False,Clear or Partly Cloudy,Dry,Dark - Street Lights On,,,,32.0,One parked--one moving,0,0,True,0
-122.298465786359,47.5453605622361,205118,307579,308859,3811057,Matched,Block,,S EDDY ST BETWEEN BEACON ER AVE S AND 28TH AVE S, ,,1,Property Damage Only Collision,Left Turn,3,0,0,3,0,0,2018-11-17 00:00:00+00,11/17/2018 4:36:00 PM,Mid-Block (not related to intersection),11,"MOTOR VEHICLE STRUCK MOTOR VEHICLE, FRONT END AT ANGLE",True,False,Clear or Partly Cloudy,Dry,Daylight,,,,15.0,From same direction - one left turn - one straight,0,0,False,0
-122.387224667897,47.5439762445541,205119,308069,309349,3745824,Matched,Block,,CALIFORNIA AVE SW BETWEEN FAUNTLEROY WAY SW AND SW HOLLY ST, ,,1,Property Damage Only Collision,Sideswipe,4,0,0,2,0,0,2018-12-12 00:00:00+00,12/12/2018 3:04:00 PM,Mid-Block (not related to intersection),16,"MOTOR VEHICLE STRUCK MOTOR VEHICLE, LEFT SIDE SIDESWIPE",True,False,Raining,Wet,Daylight,,,,12.0,From same direction - both going straight - one stopped - sideswipe,0,0,False,0
-122.385483472981,47.5601969076988,205121,307825,309105,3746018,Matched,Block,,42ND AVE SW BETWEEN SW ALASKA ST AND SW EDMUNDS ST, ,,1,Property Damage Only Collision,Right Turn,2,0,0,2,0,0,2018-11-29 00:00:00+00,11/29/2018 7:30:00 PM,Mid-Block (not related to intersection),11,"MOTOR VEHICLE STRUCK MOTOR VEHICLE, FRONT END AT ANGLE",,False,Clear or Partly Cloudy,Dry,Dark - Street Lights On,,,,16.0,From same direction - one right turn - one straight,0,0,False,0
-122.344930702161,47.6293144787647,205124,307847,309127,3812431,Matched,Block,,6TH AVE N BETWEEN PROSPECT ST AND HIGHLAND DR, ,,1,Property Damage Only Collision,Parked Car,2,0,0,2,0,0,2018-11-28 00:00:00+00,11/28/2018 7:00:00 PM,Mid-Block (not related to intersection),0,NOT ENOUGH INFORMATION / NOT APPLICABLE,,False,Unknown,Unknown,Unknown,,,,32.0,One parked--one moving,0,0,True,0
-122.339119479429,47.6111998748678,205126,307841,309121,3811747,Matched,Block,,3RD AVE BETWEEN PINE ST AND STEWART ST, ,,1,Property Damage Only Collision,Sideswipe,3,0,0,2,0,0,2018-11-29 00:00:00+00,11/29/2018 5:09:00 PM,Mid-Block (not related to intersection),11,"MOTOR VEHICLE STRUCK MOTOR VEHICLE, FRONT END AT ANGLE",,False,Overcast,Dry,Dark - Street Lights On,,,,11.0,From same direction - both going straight - both moving - sideswipe,0,0,False,0
-122.36331216063,47.5656347371768,205127,307822,309102,3745914,Matched,Block,,DELRIDGE WAY SW BETWEEN SW DAKOTA ST AND SW GENESEE ST, ,,1,Property Damage Only Collision,Rear Ended,2,0,0,2,0,0,2018-11-27 00:00:00+00,11/27/2018 6:39:00 AM,,14,"MOTOR VEHICLE STRUCK MOTOR VEHICLE, REAR END",,False,Raining,Wet,Dark - Street Lights On,,,,14.0,From same direction - both going straight - one stopped - rear-end,0,0,False,0
-122.349280412287,47.7232206647003,205128,307838,309118,E867534,Matched,Block,,N 130TH ST BETWEEN FREMONT AVE N AND LINDEN AVE N, ,,2,Injury Collision,Rear Ended,5,0,0,3,1,0,2018-11-28 00:00:00+00,11/28/2018 2:48:00 PM,Mid-Block (not related to intersection),14,"MOTOR VEHICLE STRUCK MOTOR VEHICLE, REAR END",,False,Raining,Wet,Daylight,,,,14.0,From same direction - both going straight - one stopped - rear-end,0,0,False,0
-122.30635073726,47.6021722820564,205151,307859,309139,3814494,Matched,Block,,20TH AVE BETWEEN E YESLER WAY AND E FIR ST, ,,1,Property Damage Only Collision,Parked Car,3,0,0,3,0,0,2018-11-25 00:00:00+00,11/25/2018 9:37:00 AM,Mid-Block (not related to intersection),14,"MOTOR VEHICLE STRUCK MOTOR VEHICLE, REAR END",,False,Unknown,Unknown,Unknown,,,,32.0,One parked--one moving,0,0,True,0
-122.271158084043,47.5198640567038,205129,307860,309140,3814980,Matched,Block,,50TH AVE S BETWEEN S BARTON S PL AND S FLETCHER ST, ,,1,Property Damage Only Collision,Other,1,0,0,1,0,0,2018-11-24 00:00:00+00,11/24/2018 8:22:00 PM,Mid-Block (not related to intersection),28,MOTOR VEHICLE RAN OFF ROAD - HIT FIXED OBJECT,,True,Clear or Partly Cloudy,Dry,Dark - Street Lights On,,,True,50.0,Fixed object,0,0,False,0
-122.37928837637,47.5349014526949,205130,307821,309101,3745818,Matched,Intersection,33815.0,37TH AVE SW AND SW AUSTIN ST, ,,1,Property Damage Only Collision,Angles,2,0,0,2,0,0,2018-11-30 00:00:00+00,11/30/2018 5:14:00 PM,At Intersection (intersection related),14,"MOTOR VEHICLE STRUCK MOTOR VEHICLE, REAR END",True,False,Raining,Wet,Dark - Street Lights On,,,,10.0,Entering at angle,0,0,False,0
-122.373383900895,47.5674954750064,205133,307797,309077,3731774,Matched,Block,,WEST SEATTLE BR EB BETWEEN POINT A AND FAUNTLEROY WAY SW, ,,2,Injury Collision,Other,1,0,0,1,1,0,2018-11-26 00:00:00+00,11/26/2018 11:10:00 PM,Mid-Block (not related to intersection),26,MOTOR VEHICLE STRUCK OBJECT IN ROAD,,False,Raining,Wet,Dark - Street Lights On,,,True,50.0,Fixed object,0,0,False,0
-122.388937556682,47.6434654928567,205134,307839,309119,3811302,Matched,Intersection,27647.0,25TH AVE W AND W RAYE ST, ,,2,Injury Collision,Angles,3,0,0,3,1,0,2018-11-28 00:00:00+00,11/28/2018 3:17:00 PM,At Intersection (intersection related),11,"MOTOR VEHICLE STRUCK MOTOR VEHICLE, FRONT END AT ANGLE",,True,Raining,Wet,Daylight,,,,10.0,Entering at angle,0,0,False,0
-122.307815321143,47.6612582861,205135,307796,309076,3707713,Matched,Block,,NE 45TH ST BETWEEN 18TH AVE NE AND 19TH AVE NE, ,,1,Property Damage Only Collision,Rear Ended,6,0,0,4,0,0,2018-11-29 00:00:00+00,11/29/2018 8:44:00 AM,Mid-Block (not related to intersection),14,"MOTOR VEHICLE STRUCK MOTOR VEHICLE, REAR END",,False,Raining,Wet,Dawn,,,,14.0,From same direction - both going straight - one stopped - rear-end,0,0,False,0
-122.328225175593,47.6577325422903,205136,307829,309109,3751071,Matched,Block,,N 42ND ST BETWEEN 1ST AVE NE AND NE 42ND ST, ,,1,Property Damage Only Collision,Parked Car,3,0,0,3,0,0,2018-11-27 00:00:00+00,11/27/2018 5:45:00 AM,Mid-Block (not related to intersection),11,"MOTOR VEHICLE STRUCK MOTOR VEHICLE, FRONT END AT ANGLE",,False,Raining,Wet,Dark - Street Lights On,,,,32.0,One parked--one moving,0,0,True,0
-122.302433433986,47.6021562251872,205137,307795,309075,3707478,Matched,Block,,23RD AVE BETWEEN E YESLER WAY AND E FIR ST, ,,1,Property Damage Only Collision,Rear Ended,3,0,0,2,0,0,2018-11-28 00:00:00+00,11/28/2018 2:50:00 PM,Mid-Block (not related to intersection),14,"MOTOR VEHICLE STRUCK MOTOR VEHICLE, REAR END",True,False,Raining,Wet,Daylight,,,,14.0,From same direction - both going straight - one stopped - rear-end,0,0,False,0
-122.361951917207,47.6221295573031,205138,307842,309122,3812024,Matched,Intersection,28649.0,4TH AVE W AND W HARRISON ST, ,,1,Property Damage Only Collision,Angles,2,0,0,2,0,0,2018-11-28 00:00:00+00,11/28/2018 6:30:00 AM,At Intersection (intersection related),11,"MOTOR VEHICLE STRUCK MOTOR VEHICLE, FRONT END AT ANGLE",,False,Raining,Wet,Dark - Street Lights On,,,True,10.0,Entering at angle,0,0,False,0
-122.372607250892,47.5790029437641,205140,307794,309074,3695290,Matched,Block,,HARBOR AVE SW BETWEEN SW FLORIDA ST AND SW HARBOR LN, ,,1,Property Damage Only Collision,Parked Car,3,0,0,2,0,0,2018-11-28 00:00:00+00,11/28/2018 2:51:00 AM,Mid-Block (not related to intersection),14,"MOTOR VEHICLE STRUCK MOTOR VEHICLE, REAR END",True,False,Raining,Wet,Dark - Street Lights On,,,,32.0,One parked--one moving,0,0,True,0
-122.313374730824,47.5850393743834,205141,307793,309073,3578802,Matched,Block,,15TH AVE S BETWEEN S PLUM ST AND S HILL ST, ,,1,Property Damage Only Collision,Parked Car,2,0,0,2,0,0,2018-11-29 00:00:00+00,11/29/2018 4:02:00 PM,Mid-Block (not related to intersection),14,"MOTOR VEHICLE STRUCK MOTOR VEHICLE, REAR END",,False,Clear or Partly Cloudy,Dry,Dusk,,,,32.0,One parked--one moving,0,0,True,0
-122.357623584678,47.6359558538412,205142,307792,309072,3578593,Matched,Block,,W HOWE ST BETWEEN QUEEN ANNE AVE N AND 1ST AVE W, ,,1,Property Damage Only Collision,Angles,2,0,0,2,0,0,2018-11-30 00:00:00+00,11/30/2018 6:42:00 PM,Mid-Block (not related to intersection),11,"MOTOR VEHICLE STRUCK MOTOR VEHICLE, FRONT END AT ANGLE",,True,Raining,Wet,Dark - Street Lights On,,,,10.0,Entering at angle,0,0,False,0
-122.363337480318,47.5638141005691,205143,307828,309108,3746083,Matched,Block,,DELRIDGE WAY SW BETWEEN SW GENESEE ST AND SW OREGON ST, ,,1,Property Damage Only Collision,Rear Ended,2,0,0,2,0,0,2018-11-29 00:00:00+00,11/29/2018 2:24:00 PM,Mid-Block (not related to intersection),14,"MOTOR VEHICLE STRUCK MOTOR VEHICLE, REAR END",True,False,Overcast,Dry,Daylight,,,,14.0,From same direction - both going straight - one stopped - rear-end,0,0,False,0
-122.265592644214,47.5262320756834,205144,307861,309141,3814982,Matched,Block,,WABASH AVE S BETWEEN 53RD AVE S AND SEWARD PARK AVE S, ,,1,Property Damage Only Collision,Parked Car,2,0,0,2,0,0,2018-11-26 00:00:00+00,11/26/2018 3:00:00 AM,,0,NOT ENOUGH INFORMATION / NOT APPLICABLE,,False,Unknown,Wet,Dark - Street Lights Off,,,,32.0,One parked--one moving,0,0,True,0
-122.340872589752,47.6064058203272,205145,307845,309125,3812428,Matched,Block,,ALASKAN WAY BETWEEN UNIVERSITY ST AND UNION ST, ,,1,Property Damage Only Collision,Parked Car,2,0,0,2,0,0,2018-11-27 00:00:00+00,11/27/2018 8:50:00 PM,Mid-Block (not related to intersection),11,"MOTOR VEHICLE STRUCK MOTOR VEHICLE, FRONT END AT ANGLE",,False,Overcast,Dry,Dark - Street Lights On,,,,32.0,One parked--one moving,0,0,True,0
-122.386162919194,47.6694559580514,205146,307790,309070,3328025,Matched,Block,,NW 56TH ST BETWEEN 22ND AVE NW AND 24TH AVE NW, ,,1,Property Damage Only Collision,Angles,4,0,0,2,0,0,2018-11-28 00:00:00+00,11/28/2018 7:51:00 PM,Mid-Block (not related to intersection),11,"MOTOR VEHICLE STRUCK MOTOR VEHICLE, FRONT END AT ANGLE",,False,Other,Unknown,Dark - Street Lights On,,,,10.0,Entering at angle,0,0,True,0
-122.333353807343,47.6116063496156,205147,308088,309368,3812403,Matched,Intersection,29895.0,7TH AVE AND PIKE ST, ,,1,Property Damage Only Collision,Other,4,0,0,2,0,0,2018-12-09 00:00:00+00,12/9/2018 4:00:00 PM,At Intersection (intersection related),11,"MOTOR VEHICLE STRUCK MOTOR VEHICLE, FRONT END AT ANGLE",,False,Unknown,Unknown,Unknown,,,,23.0,From same direction - all others,0,0,False,0
-122.390436313665,47.5861366239658,205150,307827,309107,3746043,Matched,Block,,46TH AVE SW BETWEEN SW HOLGATE ST AND SW HILL ST, ,,1,Property Damage Only Collision,Parked Car,2,0,0,2,0,0,2018-11-30 00:00:00+00,11/30/2018 12:20:00 PM,Mid-Block (not related to intersection),0,NOT ENOUGH INFORMATION / NOT APPLICABLE,,False,Clear or Partly Cloudy,Dry,Daylight,,,,32.0,One parked--one moving,0,0,True,0