longitude,latitude,objectid,inckey,coldetkey,reportno,status,addrtype,intkey,location,exceptrsncode,exceptrsndesc,severitycode,severitydesc,collisiontype,personcount,pedcount,pedcylcount,vehcount,injuries,fatalities,incdate,incdttm,junctiontype,sdot_colcode,sdot_coldesc,inattentionind,underinfl,weather,roadcond,lightcond,pedrownotgrnt,sdotcolnum,speeding,st_colcode,st_coldesc,seglanekey,crosswalkkey,hitparkedcar,seriousinjuries
-122.394043689333,47.6626848618674,205152,308086,309366,3811352,Matched,Block,,W COMMODORE WAY BETWEEN 27TH AVE W AND 31ST AVE W, ,,2,Injury Collision,Left Turn,2,0,0,2,1,0,2018-12-03 00:00:00+00,12/3/2018 3:15:00 PM,Mid-Block (not related to intersection),14,"MOTOR VEHICLE STRUCK MOTOR VEHICLE, REAR END",,False,Clear or Partly Cloudy,Dry,Daylight,,,,15.0,From same direction - one left turn - one straight,0,0,False,0
-122.341071383919,47.6214662429801,205153,307843,309123,3812025,Matched,Block,,8TH AVE N BETWEEN THOMAS ST AND HARRISON ST, ,,1,Property Damage Only Collision,Head On,2,0,0,2,0,0,2018-11-30 00:00:00+00,11/30/2018 3:47:00 PM,Mid-Block (not related to intersection),11,"MOTOR VEHICLE STRUCK MOTOR VEHICLE, FRONT END AT ANGLE",,False,Clear or Partly Cloudy,Dry,Daylight,,,,30.0,From opposite direction - all others,0,0,False,0
-122.379388299911,47.5228879187063,205154,307826,309106,3746042,Matched,Intersection,34731.0,37TH AVE SW AND SW HENDERSON ST, ,,2,Injury Collision,Angles,4,0,0,2,2,0,2018-11-27 00:00:00+00,11/27/2018 10:41:00 PM,At Intersection (intersection related),14,"MOTOR VEHICLE STRUCK MOTOR VEHICLE, REAR END",,False,Raining,Wet,Dark - Street Lights On,,,,10.0,Entering at angle,0,0,False,0
-122.317222846923,47.599189062752,205156,307943,309223,3814501,Matched,Intersection,30427.0,12TH AVE S AND S JACKSON ST, ,,2,Injury Collision,Angles,4,0,0,2,1,0,2018-12-07 00:00:00+00,12/7/2018 2:00:00 PM,At Intersection (intersection related),11,"MOTOR VEHICLE STRUCK MOTOR VEHICLE, FRONT END AT ANGLE",,True,Clear or Partly Cloudy,Dry,Daylight,,,,10.0,Entering at angle,0,0,False,0
-122.287889802584,47.556183719862,205157,307906,309186,3811129,Matched,Block,,RENTON AVE S BETWEEN 35TH AVE S AND S DAWSON N ST, ,,1,Property Damage Only Collision,Parked Car,2,0,0,2,0,0,2018-12-02 00:00:00+00,12/2/2018 11:00:00 PM,,0,NOT ENOUGH INFORMATION / NOT APPLICABLE,,False,Unknown,Unknown,Unknown,,,,32.0,One parked--one moving,0,0,True,0
-122.337130442266,47.6246851322444,205158,307929,309209,3811399,Matched,Intersection,589795.0,MERCER NR ST AND TERRY AVE N, ,,1,Property Damage Only Collision,Rear Ended,5,0,0,2,0,0,2018-12-09 00:00:00+00,12/9/2018 7:13:00 PM,At Intersection (intersection related),14,"MOTOR VEHICLE STRUCK MOTOR VEHICLE, REAR END",,False,Raining,Wet,Dark - Street Lights On,,,,14.0,From same direction - both going straight - one stopped - rear-end,0,0,False,0
-122.339591913956,47.6116291351253,205160,307924,309204,3811245,Matched,Intersection,29564.0,3RD AVE AND STEWART ST, ,,2,Injury Collision,Angles,3,0,0,2,2,0,2018-12-08 00:00:00+00,12/8/2018 3:45:00 AM,At Intersection (intersection related),11,"MOTOR VEHICLE STRUCK MOTOR VEHICLE, FRONT END AT ANGLE",,False,Overcast,Dry,Dark - Street Lights On,,,,10.0,Entering at angle,0,0,False,0
-122.344946818331,47.7204806266264,205161,307894,309174,3809929,Matched,Block,,AURORA AVE N BETWEEN N 125TH ST AND N 127TH ST, ,,1,Property Damage Only Collision,Rear Ended,5,0,0,2,0,0,2018-12-01 00:00:00+00,12/1/2018 12:55:00 PM,Mid-Block (not related to intersection),14,"MOTOR VEHICLE STRUCK MOTOR VEHICLE, REAR END",True,False,Overcast,Dry,Daylight,,,,13.0,From same direction - both going straight - both moving - rear-end,0,0,False,0
-122.314153774872,47.6685558831821,205162,307912,309192,3810352,Matched,Intersection,25761.0,BROOKLYN AVE NE AND NE 55TH ST, ,,1,Property Damage Only Collision,Angles,3,1,0,2,0,0,2018-12-08 00:00:00+00,12/8/2018 12:24:00 AM,At Intersection (intersection related),11,"MOTOR VEHICLE STRUCK MOTOR VEHICLE, FRONT END AT ANGLE",,False,Clear or Partly Cloudy,Dry,Dark - Street Lights On,,,,10.0,Entering at angle,0,0,False,0
-122.320853411068,47.6431929320723,205163,307941,309221,3814473,Matched,Intersection,28206.0,BROADWAY E AND E ROANOKE ST, ,,1,Property Damage Only Collision,Left Turn,4,0,0,2,0,0,2018-12-04 00:00:00+00,12/4/2018 8:09:00 AM,At Intersection (intersection related),11,"MOTOR VEHICLE STRUCK MOTOR VEHICLE, FRONT END AT ANGLE",,False,Clear or Partly Cloudy,Dry,Daylight,,,,28.0,From opposite direction - one left turn - one straight,0,0,False,0
-122.316879238596,47.708554835666,205164,307946,309226,E867536,Matched,Block,,NE NORTHGATE WAY BETWEEN ROOSEVELT WAY NE AND 11TH AVE NE, ,,2,Injury Collision,Rear Ended,2,0,0,2,1,0,2018-11-28 00:00:00+00,11/28/2018 11:16:00 AM,Driveway Junction,14,"MOTOR VEHICLE STRUCK MOTOR VEHICLE, REAR END",True,False,Raining,Wet,Daylight,,,,14.0,From same direction - both going straight - one stopped - rear-end,0,0,False,0
-122.318702231085,47.6754119699508,205165,307893,309173,3754396,Matched,Block,,9TH AVE NE BETWEEN NE 64TH ST AND NE 65TH ST, ,,1,Property Damage Only Collision,Parked Car,2,0,0,2,0,0,2018-12-02 00:00:00+00,12/2/2018 11:10:00 AM,Mid-Block (not related to intersection),11,"MOTOR VEHICLE STRUCK MOTOR VEHICLE, FRONT END AT ANGLE",,False,Unknown,Unknown,Daylight,,,,32.0,One parked--one moving,0,0,True,0
-122.377091065876,47.5863565491136,205167,307892,309172,3746084,Matched,Block,,HARBOR AVE SW BETWEEN FAIRMOUNT AVE SW AND SW BRONSON WAY, ,,1,Property Damage Only Collision,Parked Car,3,0,0,3,0,0,2018-12-01 00:00:00+00,12/1/2018 12:50:00 PM,Mid-Block (not related to intersection),14,"MOTOR VEHICLE STRUCK MOTOR VEHICLE, REAR END",True,True,Overcast,Wet,Daylight,,,,32.0,One parked--one moving,0,0,True,0
-122.386764227804,47.5726001883319,205168,307891,309171,3746046,Matched,Block,,CALIFORNIA AVE SW BETWEEN SW HINDS S ST AND SW SPOKANE ST, ,,1,Property Damage Only Collision,Parked Car,2,0,0,2,0,0,2018-12-03 00:00:00+00,12/3/2018 5:53:00 PM,,0,NOT ENOUGH INFORMATION / NOT APPLICABLE,,False,Clear or Partly Cloudy,Dry,Dark - Street Lights On,,,,32.0,One parked--one moving,0,0,True,0
-122.317694726622,47.547783305072,205169,307913,309193,3810633,Matched,Intersection,33131.0,ELLIS AVE S AND S BAILEY ST, ,,1,Property Damage Only Collision,Angles,2,0,0,2,0,0,2018-12-09 00:00:00+00,12/9/2018 3:08:00 PM,At Intersection (intersection related),11,"MOTOR VEHICLE STRUCK MOTOR VEHICLE, FRONT END AT ANGLE",,False,Raining,Wet,Daylight,,,,10.0,Entering at angle,0,0,False,0
-122.39272335496,47.5364064111784,205170,307890,309170,3746022,Matched,Block,,47TH AVE SW BETWEEN SW FONTANELLE ST AND FAUNTLEROY WAY SW, ,,1,Property Damage Only Collision,Parked Car,2,0,0,2,0,0,2018-12-03 00:00:00+00,12/3/2018 4:39:00 PM,Mid-Block (not related to intersection),11,"MOTOR VEHICLE STRUCK MOTOR VEHICLE, FRONT END AT ANGLE",,False,Clear or Partly Cloudy,Dry,Dark - Street Lights On,,,,32.0,One parked--one moving,0,0,True,0
-122.282178851773,47.5388838654247,205172,307944,309224,3814998,Matched,Intersection,34554.0,M L KING JR WR WAY S AND S MYRTLE ST, ,,2,Injury Collision,Pedestrian,3,1,0,1,1,0,2018-12-04 00:00:00+00,12/4/2018 12:27:00 PM,At Intersection (intersection related),24,MOTOR VEHCILE STRUCK PEDESTRIAN,True,False,Clear or Partly Cloudy,Dry,Daylight,True,,,1.0,Vehicle turning right hits pedestrian,0,554500,False,0
-122.335569928895,47.5217841204985,205173,307889,309169,3746021,Matched,Block,,OLSON PL SW BETWEEN 1ST AVE S AND 2ND AVE SW, ,,1,Property Damage Only Collision,Other,1,0,0,1,0,0,2018-12-02 00:00:00+00,12/2/2018 10:37:00 AM,Mid-Block (not related to intersection),28,MOTOR VEHICLE RAN OFF ROAD - HIT FIXED OBJECT,,False,Clear or Partly Cloudy,Dry,Daylight,,,,50.0,Fixed object,0,0,False,0
-122.375000670473,47.6386351667213,205174,307925,309205,3811247,Matched,Intersection,27933.0,14TH AVE W AND W BOSTON ST, ,,2,Injury Collision,Angles,2,0,0,2,1,0,2018-12-09 00:00:00+00,12/9/2018 3:41:00 PM,At Intersection (intersection related),11,"MOTOR VEHICLE STRUCK MOTOR VEHICLE, FRONT END AT ANGLE",,False,Raining,Wet,Dusk,,,,10.0,Entering at angle,0,0,False,0
-122.321087398481,47.5486949957169,205175,307930,309210,3814985,Matched,Block,,CORSON AVE S BETWEEN S NEBRASKA ST AND S VALE ST, ,,1,Property Damage Only Collision,Right Turn,3,0,0,2,0,0,2018-12-01 00:00:00+00,12/1/2018 10:35:00 AM,Mid-Block (not related to intersection),11,"MOTOR VEHICLE STRUCK MOTOR VEHICLE, FRONT END AT ANGLE",,False,Raining,Wet,Daylight,,,,16.0,From same direction - one right turn - one straight,0,0,False,0
-122.381159414817,47.5465939601148,205177,307887,309167,3746019,Matched,Block,,SW GRAHAM ST BETWEEN 38TH AVE SW AND 39TH AVE SW, ,,1,Property Damage Only Collision,Parked Car,2,0,0,2,0,0,2018-12-01 00:00:00+00,12/1/2018 12:05:00 AM,Mid-Block (not related to intersection),11,"MOTOR VEHICLE STRUCK MOTOR VEHICLE, FRONT END AT ANGLE",,False,Overcast,Wet,Dark - Street Lights On,,,,32.0,One parked--one moving,0,0,False,0
-122.377091065876,47.5863565491136,205178,307886,309166,3745821,Matched,Block,,HARBOR AVE SW BETWEEN FAIRMOUNT AVE SW AND SW BRONSON WAY, ,,1,Property Damage Only Collision,Angles,3,0,0,2,0,0,2018-12-02 00:00:00+00,12/2/2018 3:21:00 PM,Mid-Block (not related to intersection),11,"MOTOR VEHICLE STRUCK MOTOR VEHICLE, FRONT END AT ANGLE",,False,Clear or Partly Cloudy,Dry,Daylight,,,,10.0,Entering at angle,0,0,False,0
-122.299159659816,47.5796734628583,205179,307910,309190,3811198,Matched,Block,,RAINIER AVE S BETWEEN S BAYVIEW ST AND S MCCLELLAN ST, ,,1,Property Damage Only Collision,Rear Ended,3,0,0,2,0,0,2018-12-01 00:00:00+00,12/1/2018 4:43:00 PM,Mid-Block (not related to intersection),14,"MOTOR VEHICLE STRUCK MOTOR VEHICLE, REAR END",,False,Overcast,Wet,Dusk,,,,14.0,From same direction - both going straight - one stopped - rear-end,0,0,True,0
-122.328962557205,47.6008754407167,205181,307928,309208,3811398,Matched,Intersection,30494.0,4TH AVE S AND S WASHINGTON ST, ,,1,Property Damage Only Collision,Sideswipe,2,0,0,2,0,0,2018-12-04 00:00:00+00,12/4/2018 3:45:00 PM,At Intersection (intersection related),11,"MOTOR VEHICLE STRUCK MOTOR VEHICLE, FRONT END AT ANGLE",,False,Clear or Partly Cloudy,Dry,Daylight,,,,11.0,From same direction - both going straight - both moving - sideswipe,0,0,False,0
-122.361997726284,47.5404411990684,205182,307866,309146,3742534,Matched,Block,,23RD AVE SW BETWEEN SW WILLOW ST AND SW MYRTLE ST, ,,1,Property Damage Only Collision,Parked Car,2,0,0,2,0,0,2018-12-03 00:00:00+00,12/3/2018 7:11:00 PM,Mid-Block (not related to intersection),14,"MOTOR VEHICLE STRUCK MOTOR VEHICLE, REAR END",,False,Clear or Partly Cloudy,Dry,Dark - Street Lights On,,,,32.0,One parked--one moving,0,0,True,0
-122.363849788037,47.5246852459377,205183,307865,309145,3742533,Matched,Block,,SW TRENTON ST BETWEEN 24TH AVE SW AND 25TH AVE SW, ,,2,Injury Collision,Pedestrian,2,1,0,1,1,0,2018-12-03 00:00:00+00,12/3/2018 6:51:00 PM,Mid-Block (not related to intersection),24,MOTOR VEHCILE STRUCK PEDESTRIAN,,False,Clear or Partly Cloudy,Dry,Dark - Street Lights On,,,,0.0,Vehicle going straight hits pedestrian,0,0,False,0
-122.361951917207,47.6221295573031,205184,307923,309203,3811243,Matched,Intersection,28649.0,4TH AVE W AND W HARRISON ST, ,,2,Injury Collision,Angles,2,0,0,2,1,0,2018-12-06 00:00:00+00,12/6/2018 10:20:00 PM,At Intersection (intersection related),11,"MOTOR VEHICLE STRUCK MOTOR VEHICLE, FRONT END AT ANGLE",,False,Clear or Partly Cloudy,Dry,Dark - Street Lights On,,,,10.0,Entering at angle,0,0,False,0
-122.357181745714,47.5173617543618,205185,307864,309144,3742531,Matched,Block,,SW ROXBURY ST BETWEEN 17TH AVE SW AND 18TH AVE SW, ,,1,Property Damage Only Collision,Parked Car,2,0,0,2,0,0,2018-12-03 00:00:00+00,12/3/2018 10:58:00 AM,Mid-Block (not related to intersection),14,"MOTOR VEHICLE STRUCK MOTOR VEHICLE, REAR END",,False,Clear or Partly Cloudy,Dry,Daylight,,,,32.0,One parked--one moving,0,0,False,0
-122.360806360535,47.668693380248,205186,307909,309189,3809939,Matched,Intersection,25308.0,3RD AVE NW AND NW 55TH ST, ,,2,Injury Collision,Angles,3,0,0,2,1,0,2018-12-08 00:00:00+00,12/8/2018 8:52:00 PM,At Intersection (intersection related),11,"MOTOR VEHICLE STRUCK MOTOR VEHICLE, FRONT END AT ANGLE",,False,Clear or Partly Cloudy,Dry,Dark - Street Lights On,,,,10.0,Entering at angle,0,0,False,0
-122.305305782638,47.5446487005426,205187,307931,309211,3814987,Matched,Block,,SWIFT AVE S BETWEEN S EDDY ST AND S WARSAW ST, ,,1,Property Damage Only Collision,Angles,2,0,0,2,0,0,2018-12-02 00:00:00+00,12/2/2018 12:05:00 AM,Mid-Block (not related to intersection),11,"MOTOR VEHICLE STRUCK MOTOR VEHICLE, FRONT END AT ANGLE",,False,Raining,Wet,Dark - Street Lights On,,,,10.0,Entering at angle,0,0,False,0
-122.278701893244,47.5242637933163,205188,307945,309225,3815028,Matched,Intersection,487375.0,M L KING JR ER WAY S AND S TRENTON ST, ,,1,Property Damage Only Collision,Other,1,0,0,1,0,0,2018-12-07 00:00:00+00,12/7/2018 3:47:00 AM,At Intersection (intersection related),26,MOTOR VEHICLE STRUCK OBJECT IN ROAD,,True,Clear or Partly Cloudy,Dry,Dark - Street Lights On,,,,50.0,Fixed object,0,0,False,0
-122.337873476967,47.6129582674818,205190,307926,309206,3811277,Matched,Intersection,29556.0,5TH AVE AND STEWART ST, ,,1,Property Damage Only Collision,Sideswipe,3,0,0,3,0,0,2018-11-24 00:00:00+00,11/24/2018 5:48:00 PM,At Intersection (intersection related),14,"MOTOR VEHICLE STRUCK MOTOR VEHICLE, REAR END",,False,Clear or Partly Cloudy,Dry,Dark - Street Lights On,,,,11.0,From same direction - both going straight - both moving - sideswipe,0,0,False,0
-122.36398436787,47.658190444528,205191,307908,309188,3809933,Matched,Intersection,26631.0,6TH AVE NW AND LEARY N WAY NW, ,,2,Injury Collision,Pedestrian,2,0,1,1,1,0,2018-12-04 00:00:00+00,12/4/2018 2:48:00 PM,At Intersection (intersection related),18,"MOTOR VEHICLE STRUCK PEDALCYCLIST, FRONT END AT ANGLE",,False,Clear or Partly Cloudy,Dry,Daylight,,,,5.0,Vehicle Strikes Pedalcyclist,0,0,False,0
-122.301565374506,47.6352441773618,205192,307981,309261,E869064,Matched,Intersection,28375.0,24TH AVE E AND BOYER AVE E, ,,2,Injury Collision,Pedestrian,2,0,1,1,1,0,2018-11-22 00:00:00+00,11/22/2018 4:23:00 PM,At Intersection (intersection related),18,"MOTOR VEHICLE STRUCK PEDALCYCLIST, FRONT END AT ANGLE",,False,Raining,Wet,Dusk,,,,5.0,Vehicle Strikes Pedalcyclist,0,0,False,0
-122.362975476452,47.552821135664,205193,308023,309303,3746024,Matched,Block,,DELRIDGE WAY SW BETWEEN SW BRANDON ST AND SW FINDLAY ST, ,,1,Property Damage Only Collision,Other,1,0,0,1,0,0,2018-12-04 00:00:00+00,12/4/2018 9:14:00 PM,Mid-Block (not related to intersection),26,MOTOR VEHICLE STRUCK OBJECT IN ROAD,,False,Clear or Partly Cloudy,Dry,Dark - Street Lights On,,,,50.0,Fixed object,0,0,False,0
-122.297414682629,47.5992328395492,205194,307980,309260,E869057,Matched,Intersection,30602.0,M L KING JR WAY S AND S JACKSON ST, ,,1,Property Damage Only Collision,Angles,2,0,0,2,0,0,2018-11-19 00:00:00+00,11/19/2018 11:43:00 AM,At Intersection (intersection related),11,"MOTOR VEHICLE STRUCK MOTOR VEHICLE, FRONT END AT ANGLE",,False,Clear or Partly Cloudy,Dry,Daylight,,,,10.0,Entering at angle,0,0,False,0
-122.347601313441,47.6209080249607,205195,308006,309286,E868801,Matched,Intersection,28931.0,5TH AVE N AND BROAD ST, ,,1,Property Damage Only Collision,Angles,3,0,0,2,0,0,2018-12-01 00:00:00+00,12/1/2018 11:45:00 AM,At Intersection (intersection related),11,"MOTOR VEHICLE STRUCK MOTOR VEHICLE, FRONT END AT ANGLE",,False,Clear or Partly Cloudy,Wet,Daylight,,,,10.0,Entering at angle,0,0,False,0
-122.32507132723,47.5949959433586,205196,307979,309259,E868917,Matched,Intersection,30546.0,MAYNARD AVE S AND S CHARLES ST, ,,1,Property Damage Only Collision,Angles,3,0,0,2,0,0,2018-11-30 00:00:00+00,11/30/2018 1:02:00 PM,At Intersection (intersection related),11,"MOTOR VEHICLE STRUCK MOTOR VEHICLE, FRONT END AT ANGLE",,False,Clear or Partly Cloudy,Dry,Daylight,,,,10.0,Entering at angle,0,0,False,0
-122.347383782238,47.7050593904908,205197,307997,309277,E869933,Matched,Intersection,36425.0,LINDEN AVE N AND N 105TH ST, ,,2,Injury Collision,Angles,2,0,0,2,1,0,2018-12-08 00:00:00+00,12/8/2018 4:34:00 PM,At Intersection (intersection related),11,"MOTOR VEHICLE STRUCK MOTOR VEHICLE, FRONT END AT ANGLE",True,False,Clear or Partly Cloudy,Dry,Dusk,,,,10.0,Entering at angle,0,0,False,0
-122.329149232891,47.6219754869019,205198,307978,309258,E868802,Matched,Intersection,29138.0,EASTLAKE AVE E AND HARRISON ST, ,,1,Property Damage Only Collision,Angles,3,0,0,2,0,0,2018-12-03 00:00:00+00,12/3/2018 5:14:00 PM,At Intersection (intersection related),11,"MOTOR VEHICLE STRUCK MOTOR VEHICLE, FRONT END AT ANGLE",True,False,Clear or Partly Cloudy,Dry,Daylight,,,,10.0,Entering at angle,0,0,False,0
-122.376155670741,47.5680007614096,205199,307986,309266,E869254,Matched,Intersection,31874.0,35TH AVE SW AND SW ANDOVER S ST, ,,1,Property Damage Only Collision,Sideswipe,2,0,0,2,0,0,2018-12-07 00:00:00+00,12/7/2018 10:21:00 AM,At Intersection (intersection related),11,"MOTOR VEHICLE STRUCK MOTOR VEHICLE, FRONT END AT ANGLE",,False,Clear or Partly Cloudy,Dry,Daylight,,,,26.0,From opposite direction - both going straight - sideswipe,0,0,False,0
-122.314863049397,47.587366448919,205200,308021,309301,E868789,Matched,Block,,14TH AVE S BETWEEN S STATE ST AND S GRAND ST, ,,2,Injury Collision,Pedestrian,2,1,0,1,1,0,2018-12-05 00:00:00+00,12/5/2018 9:48:00 AM,Mid-Block (not related to intersection),24,MOTOR VEHCILE STRUCK PEDESTRIAN,,False,Clear or Partly Cloudy,Dry,Daylight,,,,0.0,Vehicle going straight hits pedestrian,0,0,False,0
-122.324028677086,47.6098023702123,205201,307969,309249,E868634,Matched,Intersection,29921.0,MADISON ST AND MINOR AVE, ,,1,Property Damage Only Collision,Left Turn,2,0,0,2,0,0,2018-11-22 00:00:00+00,11/22/2018 2:36:00 AM,At Intersection (intersection related),11,"MOTOR VEHICLE STRUCK MOTOR VEHICLE, FRONT END AT ANGLE",,True,Raining,Wet,Dark - Street Lights On,,,,15.0,From same direction - one left turn - one straight,0,0,False,0
-122.334213469208,47.6075149975575,205203,307968,309248,E868529,Matched,Intersection,29932.0,4TH AVE AND SENECA ST, ,,1,Property Damage Only Collision,Sideswipe,2,0,0,2,0,0,2018-12-03 00:00:00+00,12/3/2018 2:55:00 PM,At Intersection (intersection related),11,"MOTOR VEHICLE STRUCK MOTOR VEHICLE, FRONT END AT ANGLE",,False,Clear or Partly Cloudy,Dry,Daylight,,,,71.0,Same direction -- both turning right -- both moving -- sideswipe,0,0,False,0
-122.312464144733,47.6529759641361,205204,307967,309247,E868404,Matched,Intersection,27149.0,15TH AVE NE AND NE PACIFIC ST, ,,2,Injury Collision,Pedestrian,4,0,1,1,1,0,2018-12-05 00:00:00+00,12/5/2018 10:28:00 AM,At Intersection (intersection related),18,"MOTOR VEHICLE STRUCK PEDALCYCLIST, FRONT END AT ANGLE",,False,Clear or Partly Cloudy,Dry,Daylight,,,,5.0,Vehicle Strikes Pedalcyclist,0,520838,False,0
-122.344966862431,47.7223018735588,205205,307995,309275,E869929,Matched,Intersection,35827.0,AURORA AVE N AND N 128TH ST, ,,1,Property Damage Only Collision,Left Turn,2,0,0,2,0,0,2018-12-07 00:00:00+00,12/7/2018 1:22:00 PM,At Intersection (intersection related),11,"MOTOR VEHICLE STRUCK MOTOR VEHICLE, FRONT END AT ANGLE",,False,Clear or Partly Cloudy,Dry,Daylight,,,,28.0,From opposite direction - one left turn - one straight,0,0,False,0
-122.302381845241,47.6267592583863,205207,307985,309265,E869075,Matched,Intersection,29328.0,23RD AVE E AND E ALOHA ST, ,,2,Injury Collision,Left Turn,6,0,0,3,3,0,2018-12-02 00:00:00+00,12/2/2018 6:54:00 PM,At Intersection (intersection related),11,"MOTOR VEHICLE STRUCK MOTOR VEHICLE, FRONT END AT ANGLE",,False,Clear or Partly Cloudy,Dry,Dark - Street Lights On,,,,28.0,From opposite direction - one left turn - one straight,0,0,False,0
-122.400488177485,47.5566553377385,205208,308024,309304,3780982,Matched,Block,,BEACH DR SW BETWEEN SW BEACH DRIVE TER AND SW CANADA DR, ,,1,Property Damage Only Collision,Parked Car,2,0,0,2,0,0,2018-12-04 00:00:00+00,12/4/2018 4:26:00 PM,Mid-Block (not related to intersection),14,"MOTOR VEHICLE STRUCK MOTOR VEHICLE, REAR END",True,False,Clear or Partly Cloudy,Dry,Dusk,,,,32.0,One parked--one moving,0,0,False,0
-122.337819669976,47.6185305940725,205209,307965,309245,E868256,Matched,Block,,DENNY WAY BETWEEN WESTLAKE AVE AND TERRY AVE, ,,1,Property Damage Only Collision,Sideswipe,2,0,0,2,0,0,2018-11-30 00:00:00+00,11/30/2018 2:55:00 PM,Mid-Block (not related to intersection),11,"MOTOR VEHICLE STRUCK MOTOR VEHICLE, FRONT END AT ANGLE",,False,Clear or Partly Cloudy,Dry,Daylight,,,,11.0,From same direction - both going straight - both moving - sideswipe,0,0,False,0
-122.368103819602,47.5714821637523,205210,308002,309282,3578590,Matched,Block,,WEST SEATTLE BR EB BETWEEN 26TH AV SW ON RP AND POINT A, ,,1,Property Damage Only Collision,Rear Ended,2,0,0,2,0,0,2018-11-15 00:00:00+00,11/15/2018 9:34:00 AM,Mid-Block (not related to intersection),14,"MOTOR VEHICLE STRUCK MOTOR VEHICLE, REAR END",True,False,Overcast,Wet,Daylight,,,,14.0,From same direction - both going straight - one stopped - rear-end,0,0,False,0
-122.298957480581,47.7174561888932,205211,308019,309299,3767486,Matched,Block,,NE 123RD ST BETWEEN HIRAM PL NE AND 28TH AVE NE,NEI,"Not Enough Information, or Insufficient Location Information",1,Property Damage Only Collision,Parked Car,2,0,0,2,0,0,2018-11-27 00:00:00+00,11/27/2018 5:30:00 PM,,0,NOT ENOUGH INFORMATION / NOT APPLICABLE,,False,Raining,Wet,Dark - Street Lights On,,,,32.0,One parked--one moving,0,0,True,0
-122.33420302527,47.5755755738028,205212,307964,309244,E868249,Matched,Intersection,31379.0,1ST AVE S AND S HANFORD ST, ,,1,Property Damage Only Collision,Right Turn,2,0,0,2,0,0,2018-11-30 00:00:00+00,11/30/2018 9:45:00 AM,At Intersection (intersection related),11,"MOTOR VEHICLE STRUCK MOTOR VEHICLE, FRONT END AT ANGLE",True,False,Clear or Partly Cloudy,Dry,Daylight,,,,16.0,From same direction - one right turn - one straight,0,0,False,0
-122.329061834195,47.5705316227917,205213,307963,309243,E868246,Matched,Block,,4TH AVE S BETWEEN S SPOKANE SR ST AND W SEA BR EB 4 AV OFF RP, ,,1,Property Damage Only Collision,Angles,2,0,0,2,0,0,2018-11-26 00:00:00+00,11/26/2018 7:37:00 AM,Mid-Block (not related to intersection),14,"MOTOR VEHICLE STRUCK MOTOR VEHICLE, REAR END",,False,Raining,Wet,Daylight,,,,10.0,Entering at angle,0,0,False,0
-122.303619610573,47.6202130414613,205215,307984,309264,E869073,Matched,Intersection,29379.0,22ND AVE E AND E JOHN ST, ,,1,Property Damage Only Collision,Pedestrian,4,1,0,1,0,0,2018-12-03 00:00:00+00,12/3/2018 5:04:00 PM,At Intersection (intersection related),24,MOTOR VEHCILE STRUCK PEDESTRIAN,,False,Clear or Partly Cloudy,Dry,Dark - Street Lights On,True,,,0.0,Vehicle going straight hits pedestrian,0,0,False,0
-122.329048659424,47.5933425292342,205216,308022,309302,E868791,Matched,Block,,4TH AVE S BETWEEN I90 WB 4TH AV OFF RP AND S ROYAL BROUGHAM WAY, ,,1,Property Damage Only Collision,Angles,2,0,0,2,0,0,2018-12-05 00:00:00+00,12/5/2018 2:05:00 PM,Driveway Junction,11,"MOTOR VEHICLE STRUCK MOTOR VEHICLE, FRONT END AT ANGLE",,False,Clear or Partly Cloudy,Dry,Daylight,,,,10.0,Entering at angle,0,0,False,0
-122.351186003566,47.6128137517669,205217,308005,309285,3811341,Matched,Intersection,29706.0,ALASKAN WAY AND WALL ST, ,,2,Injury Collision,Pedestrian,2,1,0,1,1,0,2018-11-12 00:00:00+00,11/12/2018 5:40:00 AM,At Intersection (intersection related),24,MOTOR VEHCILE STRUCK PEDESTRIAN,,False,Unknown,Unknown,Dark - Street Lights On,,,,2.0,Vehicle turning left hits pedestrian,0,622616,False,0
-122.296542641706,47.7319766702215,205218,307961,309241,E868016,Matched,Intersection,36003.0,30TH AVE NE AND NE 143RD ST, ,,2,Injury Collision,Angles,3,0,0,2,2,0,2018-12-03 00:00:00+00,12/3/2018 2:52:00 PM,At Intersection (intersection related),11,"MOTOR VEHICLE STRUCK MOTOR VEHICLE, FRONT END AT ANGLE",,False,Clear or Partly Cloudy,Dry,Daylight,,,,10.0,Entering at angle,0,0,False,0
-122.312650653169,47.7266481258978,205219,307949,309229,E867542,Matched,Intersection,35866.0,15TH AVE NE AND NE 135TH ST, ,,2,Injury Collision,Pedestrian,2,1,0,1,1,0,2018-11-30 00:00:00+00,11/30/2018 6:22:00 PM,At Intersection (intersection related),24,MOTOR VEHCILE STRUCK PEDESTRIAN,,True,Raining,Wet,Dark - Street Lights On,True,,,2.0,Vehicle turning left hits pedestrian,0,0,False,0
-122.318419924492,47.6613039533191,205220,307996,309276,E869931,Matched,Intersection,27067.0,9TH AVE NE AND NE 45TH E ST, ,,2,Injury Collision,Angles,3,0,0,2,1,0,2018-12-06 00:00:00+00,12/6/2018 4:55:00 PM,At Intersection (intersection related),11,"MOTOR VEHICLE STRUCK MOTOR VEHICLE, FRONT END AT ANGLE",,False,Clear or Partly Cloudy,Dry,Dusk,,,,10.0,Entering at angle,0,0,False,0