longitude,latitude,objectid,inckey,coldetkey,reportno,status,addrtype,intkey,location,exceptrsncode,exceptrsndesc,severitycode,severitydesc,collisiontype,personcount,pedcount,pedcylcount,vehcount,injuries,fatalities,incdate,incdttm,junctiontype,sdot_colcode,sdot_coldesc,inattentionind,underinfl,weather,roadcond,lightcond,pedrownotgrnt,sdotcolnum,speeding,st_colcode,st_coldesc,seglanekey,crosswalkkey,hitparkedcar,seriousinjuries
-122.344031672482,47.6496472887195,205221,307948,309228,E867539,Matched,Intersection,26894.0,WOODLAND PARK AVE N AND N 35TH ST, ,,2,Injury Collision,Angles,2,0,0,2,1,0,2018-11-30 00:00:00+00,11/30/2018 5:12:00 PM,At Intersection (intersection related),11,"MOTOR VEHICLE STRUCK MOTOR VEHICLE, FRONT END AT ANGLE",True,False,Raining,Wet,Daylight,,,,10.0,Entering at angle,0,0,False,0
-122.302419518031,47.6251997083682,205222,307983,309263,E869071,Matched,Intersection,29338.0,23RD AVE E AND E ROY ST, ,,2,Injury Collision,Angles,4,0,0,2,1,0,2018-11-26 00:00:00+00,11/26/2018 6:01:00 PM,At Intersection (intersection related),11,"MOTOR VEHICLE STRUCK MOTOR VEHICLE, FRONT END AT ANGLE",,False,Raining,Wet,Dark - Street Lights On,,,,10.0,Entering at angle,0,0,False,0
-122.32835445203,47.5530382854234,205223,308020,309300,E868787,Matched,Block,,5TH AVE S BETWEEN S LUCILE ST AND S FINDLAY ST, ,,2,Injury Collision,Angles,2,0,0,2,1,0,2018-12-05 00:00:00+00,12/5/2018 12:40:00 PM,Driveway Junction,11,"MOTOR VEHICLE STRUCK MOTOR VEHICLE, FRONT END AT ANGLE",,False,Clear or Partly Cloudy,Dry,Daylight,,,,10.0,Entering at angle,0,0,False,0
-122.31191620917,47.6664282840811,205224,307947,309227,E867538,Matched,Intersection,26051.0,15TH AVE NE AND NE 52ND ST, ,,2,Injury Collision,Angles,2,0,0,2,2,0,2018-11-28 00:00:00+00,11/28/2018 6:57:00 PM,At Intersection (intersection related),11,"MOTOR VEHICLE STRUCK MOTOR VEHICLE, FRONT END AT ANGLE",,False,Overcast,Wet,Dark - Street Lights On,,,,10.0,Entering at angle,0,0,False,0
-122.323275453106,47.7085941336346,205225,308003,309283,3578605,Matched,Intersection,36499.0,5TH AVE NE AND NE NORTHGATE WAY, ,,1,Property Damage Only Collision,Other,1,0,0,1,0,0,2018-12-08 00:00:00+00,12/8/2018 1:36:00 AM,At Intersection (intersection related),28,MOTOR VEHICLE RAN OFF ROAD - HIT FIXED OBJECT,,False,Clear or Partly Cloudy,Dry,Dark - Street Lights On,,,,50.0,Fixed object,0,0,False,0
-122.328013175236,47.6091223738178,205226,307982,309262,E869069,Matched,Intersection,29918.0,9TH AVE AND SPRING ST, ,,2,Injury Collision,Angles,4,0,0,2,1,0,2018-11-21 00:00:00+00,11/21/2018 2:03:00 PM,At Intersection (intersection related),11,"MOTOR VEHICLE STRUCK MOTOR VEHICLE, FRONT END AT ANGLE",,False,Raining,Wet,Daylight,,,,10.0,Entering at angle,0,0,False,0
-122.294111711678,47.6625491576726,205227,308076,309356,3762369,Matched,Block,,UNION BAY PL NE BETWEEN NE 45TH ST AND 30TH AVE NE, ,,1,Property Damage Only Collision,Angles,4,0,0,3,0,0,2018-12-09 00:00:00+00,12/9/2018 4:32:00 PM,Mid-Block (not related to intersection),14,"MOTOR VEHICLE STRUCK MOTOR VEHICLE, REAR END",,False,Raining,Wet,Dark - Street Lights On,,,,10.0,Entering at angle,0,0,False,0
-122.306688562942,47.683046962695,205228,308075,309355,3762368,Matched,Intersection,24760.0,20TH AVE NE AND NE 75TH ST, ,,1,Property Damage Only Collision,Rear Ended,3,0,0,2,0,0,2018-12-08 00:00:00+00,12/8/2018 11:22:00 AM,At Intersection (but not related to intersection),14,"MOTOR VEHICLE STRUCK MOTOR VEHICLE, REAR END",,False,Overcast,Dry,Daylight,,,,14.0,From same direction - both going straight - one stopped - rear-end,0,0,False,0
-122.337880107913,47.6257926151191,205229,307802,309082,E869008,Matched,Block,,VALLEY ST BETWEEN BROAD ST AND TERRY AVE N, ,,1,Property Damage Only Collision,Parked Car,2,0,0,2,0,0,2018-12-05 00:00:00+00,12/5/2018 5:09:00 PM,Mid-Block (but intersection related),14,"MOTOR VEHICLE STRUCK MOTOR VEHICLE, REAR END",,False,Clear or Partly Cloudy,Dry,Dusk,,,,32.0,One parked--one moving,0,0,True,0
-122.279223472784,47.5511830078345,205230,308074,309354,3755034,Matched,Block,,S ORCAS ST BETWEEN 42ND AVE S AND RAINIER AVE S, ,,1,Property Damage Only Collision,Other,1,0,0,1,0,0,2018-12-09 00:00:00+00,12/9/2018 2:55:00 AM,Mid-Block (not related to intersection),26,MOTOR VEHICLE STRUCK OBJECT IN ROAD,,True,Clear or Partly Cloudy,Dry,Dark - Street Lights On,,,,51.0,Other object,0,0,False,0
-122.300638847899,47.6721499673608,205231,308093,309373,3814276,Matched,Intersection,25903.0,25TH AVE NE AND NE 60TH ST, ,,1,Property Damage Only Collision,Rear Ended,2,0,0,2,0,0,2018-12-05 00:00:00+00,12/5/2018 8:20:00 PM,At Intersection (but not related to intersection),14,"MOTOR VEHICLE STRUCK MOTOR VEHICLE, REAR END",,False,Unknown,Unknown,Dark - Street Lights On,,,,14.0,From same direction - both going straight - one stopped - rear-end,0,0,False,0
-122.339903911853,47.6702036756372,205232,308073,309353,3809926,Matched,Intersection,25490.0,EAST GREEN LAKE WAY N AND N 57TH ST, ,,2,Injury Collision,Rear Ended,2,0,0,2,1,0,2018-11-26 00:00:00+00,11/26/2018 9:22:00 PM,At Intersection (but not related to intersection),14,"MOTOR VEHICLE STRUCK MOTOR VEHICLE, REAR END",True,False,Raining,Wet,Dark - Street Lights On,,,,13.0,From same direction - both going straight - both moving - rear-end,0,0,False,0
-122.344561179777,47.612220961963,205233,308090,309370,3812437,Matched,Block,,1ST AVE BETWEEN LENORA ST AND BLANCHARD ST, ,,1,Property Damage Only Collision,Angles,2,0,0,2,0,0,2018-12-09 00:00:00+00,12/9/2018 6:48:00 PM,Mid-Block (not related to intersection),11,"MOTOR VEHICLE STRUCK MOTOR VEHICLE, FRONT END AT ANGLE",,False,Raining,Wet,Dark - Street Lights On,,,,10.0,Entering at angle,0,0,False,0
-122.378929745449,47.5556263625034,205234,307805,309085,E869014,Matched,Block,,37TH AVE SW BETWEEN SW HUDSON ST AND SW BRANDON ST, ,,1,Property Damage Only Collision,Parked Car,2,0,0,2,0,0,2018-12-04 00:00:00+00,12/4/2018 10:30:00 AM,Mid-Block (not related to intersection),0,NOT ENOUGH INFORMATION / NOT APPLICABLE,,False,Clear or Partly Cloudy,Dry,Daylight,,,,32.0,One parked--one moving,0,0,True,0
-122.301343832705,47.6848607270079,205235,308072,309352,3751636,Matched,Block,,NE 77TH ST BETWEEN 24TH AVE NE AND 25TH AVE NE, ,,2,Injury Collision,Head On,2,0,0,2,1,0,2018-12-11 00:00:00+00,12/11/2018 12:41:00 AM,Mid-Block (not related to intersection),14,"MOTOR VEHICLE STRUCK MOTOR VEHICLE, REAR END",,False,Overcast,Wet,Dark - Street Lights On,,,,30.0,From opposite direction - all others,0,0,False,0
-122.314635397269,47.6242587677411,205236,308096,309376,3814280,Matched,Intersection,29007.0,14TH AVE E AND E MERCER ST, ,,1,Property Damage Only Collision,Angles,2,0,0,2,0,0,2018-12-10 00:00:00+00,12/10/2018 7:11:00 PM,At Intersection (intersection related),11,"MOTOR VEHICLE STRUCK MOTOR VEHICLE, FRONT END AT ANGLE",,False,Raining,Wet,Dark - No Street Lights,,,,10.0,Entering at angle,0,0,False,0
-122.341807800294,47.6872938796187,205237,308051,309331,E867635,Matched,Block,,STONE AVE N BETWEEN N 80TH ST AND GREEN LAKE DR N, ,,2,Injury Collision,Pedestrian,2,1,0,1,1,0,2018-12-01 00:00:00+00,12/1/2018 1:05:00 PM,Mid-Block (not related to intersection),24,MOTOR VEHCILE STRUCK PEDESTRIAN,True,False,Clear or Partly Cloudy,Wet,Daylight,,,,0.0,Vehicle going straight hits pedestrian,0,0,False,0
-122.300262397589,47.5811195622704,205238,308050,309330,3815027,Matched,Block,,RAINIER AVE S BETWEEN 25TH AVE S AND S BAYVIEW ST, ,,1,Property Damage Only Collision,Rear Ended,2,0,0,2,0,0,2018-12-06 00:00:00+00,12/6/2018 4:08:00 PM,Mid-Block (but intersection related),14,"MOTOR VEHICLE STRUCK MOTOR VEHICLE, REAR END",,False,Clear or Partly Cloudy,Dry,Dusk,,,,14.0,From same direction - both going straight - one stopped - rear-end,0,0,False,0
-122.337819669976,47.6185305940725,205239,308091,309371,3812438,Matched,Block,,DENNY WAY BETWEEN WESTLAKE AVE AND TERRY AVE, ,,1,Property Damage Only Collision,Sideswipe,2,0,0,2,0,0,2018-12-10 00:00:00+00,12/10/2018 8:48:00 PM,Mid-Block (not related to intersection),11,"MOTOR VEHICLE STRUCK MOTOR VEHICLE, FRONT END AT ANGLE",,False,Raining,Wet,Dark - Street Lights On,,,,11.0,From same direction - both going straight - both moving - sideswipe,0,0,False,0
-122.285193754527,47.5497419191804,205240,308049,309329,3815002,Matched,Block,,S JUNEAU ST BETWEEN JUNEAU TER S AND RENTON AVE S, ,,1,Property Damage Only Collision,Parked Car,2,0,0,2,0,0,2018-12-05 00:00:00+00,12/5/2018 11:29:00 PM,Mid-Block (not related to intersection),0,NOT ENOUGH INFORMATION / NOT APPLICABLE,,False,Clear or Partly Cloudy,Dry,Dark - Street Lights On,,,,32.0,One parked--one moving,0,0,True,0
-122.328078578054,47.6041612345606,205241,308089,309369,3812436,Matched,Intersection,29973.0,6TH AVE AND JAMES ST, ,,1,Property Damage Only Collision,Rear Ended,3,0,0,3,0,0,2018-12-10 00:00:00+00,12/10/2018 6:24:00 AM,At Intersection (but not related to intersection),14,"MOTOR VEHICLE STRUCK MOTOR VEHICLE, REAR END",,False,Raining,Wet,Dark - Street Lights On,,,True,14.0,From same direction - both going straight - one stopped - rear-end,0,0,False,0
-122.325306158103,47.6053216330028,205242,308048,309328,3814497,Matched,Block,,JAMES ST BETWEEN 8TH AVE AND 9TH AVE, ,,1,Property Damage Only Collision,Sideswipe,2,0,0,2,0,0,2018-12-02 00:00:00+00,12/2/2018 1:27:00 PM,Mid-Block (not related to intersection),11,"MOTOR VEHICLE STRUCK MOTOR VEHICLE, FRONT END AT ANGLE",True,False,Clear or Partly Cloudy,Dry,Daylight,,,,12.0,From same direction - both going straight - one stopped - sideswipe,0,0,False,0
-122.289955706056,47.6024605739756,205243,308094,309374,3814278,Matched,Block,,LAKE DELL AVE BETWEEN 32ND AVE AND E SPRUCE ST, ,,2,Injury Collision,Other,2,0,0,2,1,0,2018-12-10 00:00:00+00,12/10/2018 6:48:00 AM,Mid-Block (not related to intersection),26,MOTOR VEHICLE STRUCK OBJECT IN ROAD,,False,Clear or Partly Cloudy,Wet,Dawn,,,,50.0,Fixed object,0,0,False,0
-122.388810927335,47.5620431970493,205244,307803,309083,3745812,Matched,Block,,GLENN WAY SW BETWEEN SW OREGON ST AND SW ALASKA ST, ,,1,Property Damage Only Collision,Parked Car,2,0,0,2,0,0,2018-11-28 00:00:00+00,11/28/2018 5:43:00 AM,Mid-Block (not related to intersection),0,NOT ENOUGH INFORMATION / NOT APPLICABLE,,False,Raining,Wet,Dark - Street Lights On,,,,32.0,One parked--one moving,0,0,True,0
-122.345095279014,47.7339714890962,205245,308047,309327,3809935,Matched,Block,,AURORA AVE N BETWEEN ROOSEVELT WAY N AND N 145TH ST, ,,1,Property Damage Only Collision,Other,5,0,0,2,0,0,2018-12-06 00:00:00+00,12/6/2018 8:00:00 AM,Mid-Block (not related to intersection),11,"MOTOR VEHICLE STRUCK MOTOR VEHICLE, FRONT END AT ANGLE",,True,Clear or Partly Cloudy,Dry,Daylight,,,,23.0,From same direction - all others,0,0,False,0
-122.354903419096,47.5437957334436,205246,308046,309326,3782650,Matched,Block,,16TH AVE SW BETWEEN SW MORGAN ST AND SW HOLLY ST, ,,2,Injury Collision,Parked Car,2,0,0,2,1,0,2018-12-05 00:00:00+00,12/5/2018 7:05:00 PM,Mid-Block (not related to intersection),14,"MOTOR VEHICLE STRUCK MOTOR VEHICLE, REAR END",,True,Clear or Partly Cloudy,Dry,Dark - Street Lights On,,,,32.0,One parked--one moving,0,0,True,0
-122.399541862607,47.5642030102775,205247,308045,309325,3782649,Matched,Block,,52ND PL SW BETWEEN SW GENESEE ST AND DEAD END, ,,1,Property Damage Only Collision,Parked Car,2,0,0,2,0,0,2018-12-05 00:00:00+00,12/5/2018 12:03:00 PM,Mid-Block (not related to intersection),14,"MOTOR VEHICLE STRUCK MOTOR VEHICLE, REAR END",,False,Clear or Partly Cloudy,Dry,Daylight,,,,32.0,One parked--one moving,0,0,False,0
-122.343575564622,47.6267045653331,205248,308079,309359,3795952,Matched,Block,,AURORA AVE N BETWEEN VALLEY ST AND ALOHA ST, ,,1,Property Damage Only Collision,Other,1,0,0,1,0,0,2018-12-11 00:00:00+00,12/11/2018 6:45:00 AM,Mid-Block (not related to intersection),28,MOTOR VEHICLE RAN OFF ROAD - HIT FIXED OBJECT,True,False,Raining,Wet,Dark - Street Lights On,,,,50.0,Fixed object,0,0,False,0
-122.355032448045,47.5336804278157,205249,307801,309081,3745811,Matched,Intersection,34147.0,16TH AVE SW AND SW HOLDEN ST, ,,1,Property Damage Only Collision,Sideswipe,3,0,0,2,0,0,2018-11-26 00:00:00+00,11/26/2018 2:12:00 PM,At Intersection (but not related to intersection),11,"MOTOR VEHICLE STRUCK MOTOR VEHICLE, FRONT END AT ANGLE",,False,Raining,Wet,Daylight,,,,11.0,From same direction - both going straight - both moving - sideswipe,0,0,False,0
-122.334792923541,47.5491918832386,205250,308044,309324,3764788,Matched,Block,,EAST MARGINAL WAY S BETWEEN S FIDALGO ST AND 1ST AVE S, ,,1,Property Damage Only Collision,Angles,2,0,0,2,0,0,2018-12-12 00:00:00+00,12/12/2018 7:48:00 AM,Driveway Junction,11,"MOTOR VEHICLE STRUCK MOTOR VEHICLE, FRONT END AT ANGLE",,False,Clear or Partly Cloudy,Wet,Daylight,,,,10.0,Entering at angle,0,0,False,0
-122.394184246468,47.51445659763,205251,308027,309307,3782647,Matched,Block,,49TH AVE SW BETWEEN SW 98TH ST AND 50TH AVE SW, ,,1,Property Damage Only Collision,Other,1,0,0,1,0,0,2018-11-29 00:00:00+00,11/29/2018 7:29:00 PM,Mid-Block (not related to intersection),26,MOTOR VEHICLE STRUCK OBJECT IN ROAD,True,False,Overcast,Wet,Dark - Street Lights On,,,,50.0,Fixed object,0,0,False,0
-122.334191161017,47.5982917153848,205252,308092,309372,3812439,Matched,Intersection,30368.0,1ST AVE S AND S KING ST, ,,1,Property Damage Only Collision,Left Turn,2,0,0,2,0,0,2018-12-10 00:00:00+00,12/10/2018 10:32:00 PM,At Intersection (intersection related),14,"MOTOR VEHICLE STRUCK MOTOR VEHICLE, REAR END",,False,Clear or Partly Cloudy,Dry,Dark - Street Lights On,,,,15.0,From same direction - one left turn - one straight,0,0,False,0
-122.376173290379,47.643855268866,205253,308026,309306,E868800,Matched,Block,,15TH AVE W BETWEEN GILMAN UPPER DR W AND W ARMOUR ST, ,,2,Injury Collision,Rear Ended,2,0,0,2,1,0,2018-12-03 00:00:00+00,12/3/2018 12:26:00 PM,Mid-Block (but intersection related),14,"MOTOR VEHICLE STRUCK MOTOR VEHICLE, REAR END",,False,Clear or Partly Cloudy,Dry,Daylight,,,,14.0,From same direction - both going straight - one stopped - rear-end,0,0,False,0
-122.288095734904,47.5512302707518,205481,307585,308865,3811190,Matched,Intersection,33620.0,M L KING JR WR WAY S AND S ORCAS ST, ,,2,Injury Collision,Angles,2,0,0,2,1,0,2018-11-20 00:00:00+00,11/20/2018 6:19:00 PM,At Intersection (intersection related),11,"MOTOR VEHICLE STRUCK MOTOR VEHICLE, FRONT END AT ANGLE",,False,Overcast,Dry,Dusk,,,,10.0,Entering at angle,0,0,False,0
-122.344784660222,47.6129378066647,205254,308078,309358,3795951,Matched,Block,,BLANCHARD ST BETWEEN 1ST AVE AND 2ND AVE, ,,1,Property Damage Only Collision,Parked Car,2,0,0,2,0,0,2018-12-10 00:00:00+00,12/10/2018 11:27:00 PM,Mid-Block (not related to intersection),11,"MOTOR VEHICLE STRUCK MOTOR VEHICLE, FRONT END AT ANGLE",,False,Clear or Partly Cloudy,Dry,Dark - Street Lights On,,,,20.0,One car leaving parked position,0,0,False,0
-122.361672167105,47.5567223116552,205255,307804,309084,3745813,Matched,Block,,PUGET BLVD SW BETWEEN SW HUDSON ST AND DEAD END 1, ,,1,Property Damage Only Collision,Other,1,0,0,1,0,0,2018-11-28 00:00:00+00,11/28/2018 9:34:00 PM,Mid-Block (not related to intersection),28,MOTOR VEHICLE RAN OFF ROAD - HIT FIXED OBJECT,,True,Raining,Wet,Dark - Street Lights On,,,,50.0,Fixed object,0,0,False,0
-122.357688397553,47.6473332511535,205256,308025,309305,E868799,Matched,Block,,QUEEN ANNE AVE N BETWEEN FLORENTIA W ST AND ETRURIA ST, ,,1,Property Damage Only Collision,Parked Car,2,0,0,2,0,0,2018-12-01 00:00:00+00,12/1/2018 10:30:00 AM,Driveway Junction,14,"MOTOR VEHICLE STRUCK MOTOR VEHICLE, REAR END",,False,Unknown,Unknown,Unknown,,,,32.0,One parked--one moving,0,0,True,0
-122.316937373081,47.6205190307513,205257,308095,309375,3814279,Matched,Block,,12TH AVE E BETWEEN E JOHN ST AND E THOMAS ST, ,,2,Injury Collision,Pedestrian,2,1,0,1,1,0,2018-12-10 00:00:00+00,12/10/2018 1:24:00 PM,Mid-Block (not related to intersection),24,MOTOR VEHCILE STRUCK PEDESTRIAN,True,True,Clear or Partly Cloudy,Dry,Daylight,,,,0.0,Vehicle going straight hits pedestrian,0,0,False,0
-122.312733032435,47.6190908032681,205261,307851,309131,3814417,Matched,Block,,15TH AVE E BETWEEN E DENNY WAY AND E JOHN SR ST, ,,1,Property Damage Only Collision,Parked Car,2,0,0,2,0,0,2018-11-25 00:00:00+00,11/25/2018 8:11:00 PM,Mid-Block (not related to intersection),11,"MOTOR VEHICLE STRUCK MOTOR VEHICLE, FRONT END AT ANGLE",,False,Clear or Partly Cloudy,Dry,Dark - Street Lights On,,,,32.0,One parked--one moving,0,0,False,0
-122.360484591338,47.5239965534092,205262,307884,309164,3742558,Matched,Block,,DELRIDGE WAY SW BETWEEN SW TRENTON ST AND 21ST S AVE SW, ,,1,Property Damage Only Collision,Other,3,0,0,3,0,0,2018-12-02 00:00:00+00,12/2/2018 2:06:00 AM,Mid-Block (not related to intersection),14,"MOTOR VEHICLE STRUCK MOTOR VEHICLE, REAR END",,False,Unknown,Wet,Dark - Street Lights On,,,,56.0,Breakage of any part of the vehicle resulting in injury or in further property damage,0,0,True,0
-122.330991616782,47.6165059509367,205263,307849,309129,3812453,Matched,Block,,HOWELL ST BETWEEN BOREN AVE AND MINOR AVE, ,,1,Property Damage Only Collision,Sideswipe,2,0,0,2,0,0,2018-11-28 00:00:00+00,11/28/2018 9:52:00 PM,Mid-Block (not related to intersection),11,"MOTOR VEHICLE STRUCK MOTOR VEHICLE, FRONT END AT ANGLE",,False,Clear or Partly Cloudy,Wet,Dark - Street Lights On,,,,11.0,From same direction - both going straight - both moving - sideswipe,0,0,False,0
-122.339090010223,47.6245482473715,205265,307848,309128,3812451,Matched,Block,,MERCER SR ST BETWEEN 9TH AVE N AND WESTLAKE AVE N, ,,1,Property Damage Only Collision,Sideswipe,3,0,0,2,0,0,2018-11-28 00:00:00+00,11/28/2018 6:29:00 PM,Mid-Block (not related to intersection),11,"MOTOR VEHICLE STRUCK MOTOR VEHICLE, FRONT END AT ANGLE",,False,Raining,Wet,Dark - Street Lights On,,,,11.0,From same direction - both going straight - both moving - sideswipe,0,0,False,0
-122.296749063289,47.6063583298884,205266,307857,309137,3814491,Matched,Block,,M L KING JR WAY BETWEEN E JEFFERSON ST AND TEMPLE PL, ,,1,Property Damage Only Collision,Parked Car,2,0,0,2,0,0,2018-11-24 00:00:00+00,11/24/2018 7:00:00 AM,Mid-Block (not related to intersection),14,"MOTOR VEHICLE STRUCK MOTOR VEHICLE, REAR END",,False,Overcast,Wet,Daylight,,,,32.0,One parked--one moving,0,0,True,0
-122.345097103859,47.734128428157,205267,307896,309176,3809932,Matched,Intersection,35704.0,AURORA AVE N AND N 145TH ST, ,,1,Property Damage Only Collision,Rear Ended,3,0,0,2,0,0,2018-12-02 00:00:00+00,12/2/2018 8:01:00 PM,At Intersection (but not related to intersection),14,"MOTOR VEHICLE STRUCK MOTOR VEHICLE, REAR END",,False,Clear or Partly Cloudy,Dry,Dark - Street Lights On,,,,14.0,From same direction - both going straight - one stopped - rear-end,0,0,False,0
-122.332640195007,47.6091602205163,205268,307837,309117,3811301,Matched,Intersection,29914.0,6TH AVE AND UNIVERSITY ST, ,,2,Injury Collision,Pedestrian,2,1,0,1,1,0,2018-11-26 00:00:00+00,11/26/2018 8:45:00 PM,At Intersection (intersection related),24,MOTOR VEHCILE STRUCK PEDESTRIAN,,False,Raining,Wet,Dark - Street Lights On,True,,,2.0,Vehicle turning left hits pedestrian,0,0,False,0
-122.381456719518,47.5592533186859,205269,307882,309162,3742536,Matched,Intersection,32764.0,FAUNTLEROY WAY SW AND SW EDMUNDS ST, ,,1,Property Damage Only Collision,Left Turn,2,0,0,2,0,0,2018-12-04 00:00:00+00,12/4/2018 6:00:00 PM,At Intersection (intersection related),11,"MOTOR VEHICLE STRUCK MOTOR VEHICLE, FRONT END AT ANGLE",,False,Clear or Partly Cloudy,Dry,Dark - Street Lights On,,,,28.0,From opposite direction - one left turn - one straight,0,0,False,0
-122.339105334884,47.6078281615312,205270,307836,309116,3811281,Matched,Intersection,29599.0,1ST AVE AND UNION ST, ,,1,Property Damage Only Collision,Rear Ended,5,0,0,2,0,0,2018-11-28 00:00:00+00,11/28/2018 4:45:00 AM,At Intersection (but not related to intersection),14,"MOTOR VEHICLE STRUCK MOTOR VEHICLE, REAR END",,False,Raining,Wet,Dark - Street Lights On,,,,14.0,From same direction - both going straight - one stopped - rear-end,0,0,False,0
-122.355438612851,47.6203505519952,205271,307835,309115,3811280,Matched,Block,,1ST AVE N BETWEEN JOHN ST AND THOMAS ST, ,,1,Property Damage Only Collision,Sideswipe,3,0,0,3,0,0,2018-11-26 00:00:00+00,11/26/2018 8:06:00 PM,Mid-Block (not related to intersection),14,"MOTOR VEHICLE STRUCK MOTOR VEHICLE, REAR END",True,False,Raining,Wet,Dark - Street Lights On,,,,11.0,From same direction - both going straight - both moving - sideswipe,0,0,False,0
-122.351133937705,47.5709417837772,205272,307877,309157,E866089,Matched,Block,,WEST SEATTLE BR EB BETWEEN ALASKAN WY VI NB ON RP AND DELRIDGE-W SEATTLE BR EB ON RP, ,,2,Injury Collision,Rear Ended,2,0,0,2,1,0,2018-11-16 00:00:00+00,11/16/2018 9:49:00 AM,Mid-Block (not related to intersection),14,"MOTOR VEHICLE STRUCK MOTOR VEHICLE, REAR END",True,False,Clear or Partly Cloudy,Dry,Daylight,,,,13.0,From same direction - both going straight - both moving - rear-end,0,0,False,0
-122.337136892851,47.6107094377718,205273,307834,309114,3811279,Matched,Block,,4TH AVE BETWEEN PIKE ST AND PINE ST,NEI,"Not Enough Information, or Insufficient Location Information",1,Property Damage Only Collision,Sideswipe,2,0,0,2,0,0,2018-11-26 00:00:00+00,11/26/2018 3:37:00 AM,Mid-Block (not related to intersection),0,NOT ENOUGH INFORMATION / NOT APPLICABLE,,False,Raining,Wet,Dark - Street Lights On,,,,11.0,From same direction - both going straight - both moving - sideswipe,0,0,False,0
-122.32074489645,47.6045306921344,205274,307856,309136,3814471,Matched,Intersection,29831.0,BOREN AVE AND BROADWAY, ,,1,Property Damage Only Collision,Rear Ended,3,0,0,2,0,0,2018-11-26 00:00:00+00,11/26/2018 7:16:00 AM,At Intersection (but not related to intersection),14,"MOTOR VEHICLE STRUCK MOTOR VEHICLE, REAR END",,False,Raining,Wet,Dark - Street Lights On,,,,14.0,From same direction - both going straight - one stopped - rear-end,0,0,False,0
-122.376604525517,47.535567895683,205275,307899,309179,3745822,Matched,Intersection,34043.0,35TH AVE SW AND SW WEBSTER ST, ,,1,Property Damage Only Collision,Left Turn,2,0,0,2,0,0,2018-12-05 00:00:00+00,12/5/2018 8:02:00 AM,At Intersection (intersection related),11,"MOTOR VEHICLE STRUCK MOTOR VEHICLE, FRONT END AT ANGLE",True,False,Clear or Partly Cloudy,Dry,Daylight,,,,29.0,From opposite direction - one left turn - one right turn,0,0,False,0
-122.338634550263,47.6257957692013,205276,307833,309113,3811238,Matched,Intersection,28744.0,BROAD ST AND VALLEY ST, ,,2,Injury Collision,Cycles,2,0,1,1,1,0,2018-11-28 00:00:00+00,11/28/2018 4:51:00 AM,At Intersection (intersection related),18,"MOTOR VEHICLE STRUCK PEDALCYCLIST, FRONT END AT ANGLE",,False,Raining,Wet,Dark - Street Lights On,,,,6.0,Pedalcyclist Strikes Moving Vehicle,0,0,False,0
-122.312431812173,47.710357312561,205277,307880,309160,3578647,Matched,Intersection,36494.0,15TH AVE NE AND NE 113TH ST, ,,2,Injury Collision,Angles,2,0,0,2,1,0,2018-12-04 00:00:00+00,12/4/2018 9:44:00 AM,At Intersection (intersection related),11,"MOTOR VEHICLE STRUCK MOTOR VEHICLE, FRONT END AT ANGLE",True,False,Clear or Partly Cloudy,Dry,Daylight,,,,10.0,Entering at angle,0,0,False,0
-122.401497951744,47.5694496090043,205278,307885,309165,3745819,Matched,Block,,54TH AVE SW BETWEEN SW CHARLESTOWN ST AND SW ANDOVER ST, ,,2,Injury Collision,Other,2,0,0,2,1,0,2018-12-01 00:00:00+00,12/1/2018 4:35:00 AM,Mid-Block (not related to intersection),11,"MOTOR VEHICLE STRUCK MOTOR VEHICLE, FRONT END AT ANGLE",True,False,Clear or Partly Cloudy,Wet,Dark - Street Lights On,,,,50.0,Fixed object,0,0,False,0
-122.387224667897,47.5439762445541,205279,307832,309112,3751250,Matched,Block,,CALIFORNIA AVE SW BETWEEN FAUNTLEROY WAY SW AND SW HOLLY ST, ,,2,Injury Collision,Angles,2,0,0,2,1,0,2018-11-28 00:00:00+00,11/28/2018 12:58:00 PM,Mid-Block (not related to intersection),11,"MOTOR VEHICLE STRUCK MOTOR VEHICLE, FRONT END AT ANGLE",,False,Raining,Wet,Daylight,,,,10.0,Entering at angle,0,0,False,0
-122.382525972989,47.5731557209727,205280,307831,309111,3751249,Matched,Intersection,31830.0,40TH AVE SW AND SW HINDS ST, ,,1,Property Damage Only Collision,Angles,3,0,0,2,0,0,2018-11-28 00:00:00+00,11/28/2018 11:42:00 AM,At Intersection (intersection related),11,"MOTOR VEHICLE STRUCK MOTOR VEHICLE, FRONT END AT ANGLE",,False,Overcast,Wet,Daylight,,,,10.0,Entering at angle,0,0,False,0
-122.300166797693,47.5809944390764,205299,307956,309236,E867953,Matched,Intersection,31467.0,RAINIER AVE S AND S BAYVIEW ST, ,,2,Injury Collision,Pedestrian,2,1,0,1,1,0,2018-11-24 00:00:00+00,11/24/2018 5:13:00 PM,At Intersection (intersection related),24,MOTOR VEHCILE STRUCK PEDESTRIAN,,False,Clear or Partly Cloudy,Dry,Dark - Street Lights On,True,,,2.0,Vehicle turning left hits pedestrian,0,523172,False,0
-122.377100569995,47.6760000339297,205281,307830,309110,3751072,Matched,Block,,NW 65TH ST BETWEEN 15TH AVE NW AND 16TH AVE NW, ,,1,Property Damage Only Collision,Sideswipe,2,0,0,2,0,0,2018-11-27 00:00:00+00,11/27/2018 7:35:00 AM,Mid-Block (not related to intersection),11,"MOTOR VEHICLE STRUCK MOTOR VEHICLE, FRONT END AT ANGLE",,False,Clear or Partly Cloudy,Wet,Dawn,,,,11.0,From same direction - both going straight - both moving - sideswipe,0,0,False,0