longitude,latitude,objectid,inckey,coldetkey,reportno,status,addrtype,intkey,location,exceptrsncode,exceptrsndesc,severitycode,severitydesc,collisiontype,personcount,pedcount,pedcylcount,vehcount,injuries,fatalities,incdate,incdttm,junctiontype,sdot_colcode,sdot_coldesc,inattentionind,underinfl,weather,roadcond,lightcond,pedrownotgrnt,sdotcolnum,speeding,st_colcode,st_coldesc,seglanekey,crosswalkkey,hitparkedcar,seriousinjuries
-122.330264793185,47.6017161563463,205305,307920,309200,3811240,Matched,Intersection,30487.0,3RD AVE AND YESLER WAY, ,,2,Injury Collision,Pedestrian,2,1,0,1,1,0,2018-12-05 00:00:00+00,12/5/2018 6:18:00 PM,At Intersection (intersection related),24,MOTOR VEHCILE STRUCK PEDESTRIAN,,False,Clear or Partly Cloudy,Dry,Dark - Street Lights On,,,,1.0,Vehicle turning right hits pedestrian,0,521324,False,0
-122.328310876869,47.6150806545806,205282,307854,309134,3814423,Matched,Block,,PINE ST BETWEEN MINOR AVE AND MELROSE AVE, ,,1,Property Damage Only Collision,Sideswipe,4,0,0,2,0,0,2018-11-30 00:00:00+00,11/30/2018 9:11:00 AM,Mid-Block (not related to intersection),14,"MOTOR VEHICLE STRUCK MOTOR VEHICLE, REAR END",,False,Overcast,Dry,Daylight,,,,12.0,From same direction - both going straight - one stopped - sideswipe,0,0,False,0
-122.400108512589,47.5718033924167,205283,307897,309177,3742538,Matched,Intersection,31687.0,53RD AVE SW AND SW MANNING ST, ,,1,Property Damage Only Collision,Other,2,0,0,2,0,0,2018-12-05 00:00:00+00,12/5/2018 8:23:00 PM,At Intersection (intersection related),28,MOTOR VEHICLE RAN OFF ROAD - HIT FIXED OBJECT,True,True,Clear or Partly Cloudy,Dry,Dark - Street Lights Off,,,,50.0,Fixed object,0,0,False,0
-122.363654488399,47.5519215705418,205285,307820,309100,3745817,Matched,Block,,SW FINDLAY ST BETWEEN DELRIDGE WAY SW AND 25TH AVE SW, ,,1,Property Damage Only Collision,Parked Car,2,0,0,2,0,0,2018-11-30 00:00:00+00,11/30/2018 9:00:00 AM,Mid-Block (not related to intersection),14,"MOTOR VEHICLE STRUCK MOTOR VEHICLE, REAR END",,False,Unknown,Unknown,Unknown,,,,32.0,One parked--one moving,0,0,False,0
-122.344946818331,47.7204806266264,205286,307819,309099,3754372,Matched,Block,,AURORA AVE N BETWEEN N 125TH ST AND N 127TH ST, ,,2,Injury Collision,Parked Car,3,0,0,2,2,0,2018-11-28 00:00:00+00,11/28/2018 3:53:00 PM,Mid-Block (not related to intersection),11,"MOTOR VEHICLE STRUCK MOTOR VEHICLE, FRONT END AT ANGLE",True,False,Overcast,Wet,Dusk,,,,32.0,One parked--one moving,0,0,True,0
-122.32861177956,47.6296539761159,205287,307878,309158,E867126,Matched,Block,,EASTLAKE AVE E BETWEEN PROSPECT ST AND E NELSON PL, ,,2,Injury Collision,Cycles,2,0,1,1,1,0,2018-11-27 00:00:00+00,11/27/2018 5:16:00 PM,Driveway Junction,18,"MOTOR VEHICLE STRUCK PEDALCYCLIST, FRONT END AT ANGLE",,False,Raining,Wet,Dark - No Street Lights,,,,6.0,Pedalcyclist Strikes Moving Vehicle,0,0,False,0
-122.325270777142,47.6078017133533,205289,307853,309133,3814422,Matched,Block,,TERRY AVE BETWEEN COLUMBIA ST AND MARION ST, ,,1,Property Damage Only Collision,Parked Car,2,0,0,2,0,0,2018-11-29 00:00:00+00,11/29/2018 8:29:00 PM,Mid-Block (not related to intersection),11,"MOTOR VEHICLE STRUCK MOTOR VEHICLE, FRONT END AT ANGLE",True,False,Clear or Partly Cloudy,Dry,Dark - Street Lights On,,,,32.0,One parked--one moving,0,0,True,0
-122.369997796261,47.5192271914128,205290,307895,309175,3742537,Matched,Intersection,34954.0,29TH AVE SW AND SW CAMBRIDGE ST, ,,1,Property Damage Only Collision,Head On,2,0,0,2,0,0,2018-12-04 00:00:00+00,12/4/2018 8:41:00 PM,At Intersection (intersection related),11,"MOTOR VEHICLE STRUCK MOTOR VEHICLE, FRONT END AT ANGLE",,False,Clear or Partly Cloudy,Dry,Dark - Street Lights On,,,,24.0,From opposite direction - both moving - head-on,0,0,False,0
-122.35412029722,47.705985985525,205291,307817,309097,3754245,Matched,Block,,PHINNEY AVE N BETWEEN N 105TH ST AND N 107TH ST, ,,1,Property Damage Only Collision,Other,1,0,0,1,0,0,2018-11-28 00:00:00+00,11/28/2018 2:15:00 AM,Mid-Block (not related to intersection),26,MOTOR VEHICLE STRUCK OBJECT IN ROAD,,True,Raining,Wet,Dark - Street Lights On,,,,50.0,Fixed object,0,0,False,0
-122.34238173082,47.6208883946044,205292,307881,309161,3732319,Matched,Intersection,28788.0,DEXTER AVE N AND THOMAS ST, ,,2,Injury Collision,Angles,2,0,0,2,1,0,2018-12-08 00:00:00+00,12/8/2018 9:39:00 AM,At Intersection (intersection related),11,"MOTOR VEHICLE STRUCK MOTOR VEHICLE, FRONT END AT ANGLE",True,False,Clear or Partly Cloudy,Dry,Daylight,,,,10.0,Entering at angle,0,0,False,0
-122.323755263221,47.5979317292187,205294,307971,309251,E868714,Matched,Block,,7TH AVE S BETWEEN S KING ST AND S WELLER ST, ,,1,Property Damage Only Collision,Right Turn,3,0,0,2,0,0,2018-12-05 00:00:00+00,12/5/2018 7:55:00 AM,Mid-Block (not related to intersection),11,"MOTOR VEHICLE STRUCK MOTOR VEHICLE, FRONT END AT ANGLE",True,False,Overcast,Dry,Daylight,,,,16.0,From same direction - one right turn - one straight,0,0,False,0
-122.322655219846,47.5671965416573,205295,307958,309238,E867956,Matched,Intersection,32282.0,AIRPORT WAY S AND S DAKOTA ST, ,,1,Property Damage Only Collision,Angles,2,0,0,2,0,0,2018-11-27 00:00:00+00,11/27/2018 5:14:00 PM,At Intersection (intersection related),11,"MOTOR VEHICLE STRUCK MOTOR VEHICLE, FRONT END AT ANGLE",,False,Raining,Wet,Dark - Street Lights On,,,,10.0,Entering at angle,0,0,False,0
-122.369502127823,47.5717403696532,205296,307933,309213,3811874,Matched,Block,,SW SPOKANE NR ST BETWEEN HARBOR AV SW OFF RP AND HARBOR AVE SW, ,,1,Property Damage Only Collision,Angles,2,0,0,2,0,0,2018-12-05 00:00:00+00,12/5/2018,Mid-Block (but intersection related),11,"MOTOR VEHICLE STRUCK MOTOR VEHICLE, FRONT END AT ANGLE",,False,Clear or Partly Cloudy,Dry,Unknown,,,,10.0,Entering at angle,0,0,False,0
-122.329056505001,47.5798094511073,205298,307932,309212,3814988,Matched,Intersection,31369.0,4TH AVE S AND S LANDER ST, ,,1,Property Damage Only Collision,Rear Ended,2,0,0,2,0,0,2018-12-02 00:00:00+00,12/2/2018 6:31:00 PM,At Intersection (but not related to intersection),14,"MOTOR VEHICLE STRUCK MOTOR VEHICLE, REAR END",,True,Clear or Partly Cloudy,Dry,Dark - Street Lights On,,,,14.0,From same direction - both going straight - one stopped - rear-end,0,0,False,0
-122.331718428219,47.623119572116,205300,307922,309202,3811242,Matched,Intersection,29133.0,PONTIUS AVE N AND REPUBLICAN ST, ,,1,Property Damage Only Collision,Angles,3,0,0,2,0,0,2018-12-06 00:00:00+00,12/6/2018 8:01:00 PM,At Intersection (intersection related),11,"MOTOR VEHICLE STRUCK MOTOR VEHICLE, FRONT END AT ANGLE",,False,Overcast,Dry,Dark - Street Lights On,,,,10.0,Entering at angle,0,0,False,0
-122.335109984341,47.7014115454031,205302,307960,309240,E868015,Matched,Intersection,37292.0,COLLEGE WAY N AND N 100TH ST, ,,2,Injury Collision,Angles,2,0,0,2,1,0,2018-12-03 00:00:00+00,12/3/2018 6:48:00 PM,At Intersection (intersection related),11,"MOTOR VEHICLE STRUCK MOTOR VEHICLE, FRONT END AT ANGLE",,False,Overcast,Dry,Dark - Street Lights On,,,,10.0,Entering at angle,0,0,False,0
-122.313583474818,47.6268865077011,205303,307921,309201,3814472,Matched,Block,,E ALOHA ST BETWEEN 14TH AVE E AND 15TH AVE E, ,,1,Property Damage Only Collision,Other,1,0,0,1,0,0,2018-12-02 00:00:00+00,12/2/2018 2:17:00 AM,Mid-Block (not related to intersection),28,MOTOR VEHICLE RAN OFF ROAD - HIT FIXED OBJECT,,False,Raining,Wet,,,,,50.0,Fixed object,0,0,False,0
-122.270580245123,47.5382771015793,205304,307954,309234,E867770,Matched,Intersection,34451.0,RAINIER AVE S AND S ORCHARD ST, ,,1,Property Damage Only Collision,Angles,4,0,0,2,0,0,2018-11-29 00:00:00+00,11/29/2018 9:23:00 AM,At Intersection (intersection related),11,"MOTOR VEHICLE STRUCK MOTOR VEHICLE, FRONT END AT ANGLE",,False,Overcast,Wet,Daylight,,,,10.0,Entering at angle,0,0,False,0
-122.332464673989,47.627483181619,205306,307919,309199,3811709,Matched,Block,,FAIRVIEW AVE N BETWEEN ALOHA ST AND WARD ST, ,,1,Property Damage Only Collision,Other,2,0,0,2,0,0,2018-12-03 00:00:00+00,12/3/2018 5:50:00 AM,Mid-Block (not related to intersection),11,"MOTOR VEHICLE STRUCK MOTOR VEHICLE, FRONT END AT ANGLE",True,False,Fog/Smog/Smoke,Dry,Dark - Street Lights On,,,,40.0,Railway Vehicle Strikes Vehicle,0,0,False,0
-122.325288360913,47.6188959963902,205307,307953,309233,E867769,Matched,Intersection,29161.0,SUMMIT AVE E AND E OLIVE WAY, ,,1,Property Damage Only Collision,Angles,3,0,0,2,0,0,2018-11-28 00:00:00+00,11/28/2018 9:57:00 AM,At Intersection (intersection related),11,"MOTOR VEHICLE STRUCK MOTOR VEHICLE, FRONT END AT ANGLE",,False,Raining,Wet,Daylight,,,,10.0,Entering at angle,0,0,False,0
-122.287836127502,47.5628182714579,205310,307917,309197,3811119,Matched,Intersection,32721.0,RAINIER AVE S AND S OREGON ST, ,,1,Property Damage Only Collision,Angles,5,0,0,2,0,0,2018-12-03 00:00:00+00,12/3/2018 8:28:00 PM,At Intersection (intersection related),11,"MOTOR VEHICLE STRUCK MOTOR VEHICLE, FRONT END AT ANGLE",,False,Clear or Partly Cloudy,Dry,Dark - Street Lights On,,,,10.0,Entering at angle,0,0,False,0
-122.329123594826,47.6086580954441,205312,307940,309220,3814394,Matched,Intersection,29926.0,8TH AVE AND SPRING ST, ,,2,Injury Collision,Angles,2,0,0,2,1,0,2018-12-06 00:00:00+00,12/6/2018 6:14:00 AM,At Intersection (intersection related),11,"MOTOR VEHICLE STRUCK MOTOR VEHICLE, FRONT END AT ANGLE",,False,Clear or Partly Cloudy,Dry,Dark - Street Lights On,,,,10.0,Entering at angle,0,0,False,0
-122.271503422272,47.5190483471699,205313,307916,309196,3811118,Matched,Intersection,35299.0,RENTON AVE S AND S FLETCHER ST, ,,2b,Serious Injury Collision,Cycles,2,0,1,1,1,0,2018-12-03 00:00:00+00,12/3/2018 3:44:00 PM,At Intersection (intersection related),18,"MOTOR VEHICLE STRUCK PEDALCYCLIST, FRONT END AT ANGLE",,False,Clear or Partly Cloudy,Dry,Daylight,,,,6.0,Pedalcyclist Strikes Moving Vehicle,0,0,False,1
-122.325464296215,47.6096937289489,205315,307970,309250,E868635,Matched,Block,,BOREN AVE BETWEEN MADISON ST AND SPRING ST, ,,1,Property Damage Only Collision,Sideswipe,2,0,0,2,0,0,2018-11-29 00:00:00+00,11/29/2018 9:23:00 PM,Mid-Block (not related to intersection),11,"MOTOR VEHICLE STRUCK MOTOR VEHICLE, FRONT END AT ANGLE",,False,Clear or Partly Cloudy,Dry,Dark - Street Lights On,,,,11.0,From same direction - both going straight - both moving - sideswipe,0,0,False,0
-122.305537720978,47.5598533240939,205316,307914,309194,3811114,Matched,Intersection,33305.0,COLUMBIA DR S AND S COLUMBIAN WAY, ,,1,Property Damage Only Collision,Angles,2,0,0,2,0,0,2018-11-27 00:00:00+00,11/27/2018 5:27:00 PM,At Intersection (intersection related),11,"MOTOR VEHICLE STRUCK MOTOR VEHICLE, FRONT END AT ANGLE",,False,Raining,Wet,,,,,10.0,Entering at angle,0,0,False,0
-122.339741461175,47.6246868616371,205317,307973,309253,E868716,Matched,Intersection,589793.0,9TH AVE N AND MERCER NR ST, ,,2,Injury Collision,Cycles,2,0,1,1,1,0,2018-12-03 00:00:00+00,12/3/2018 10:07:00 AM,At Intersection (intersection related),18,"MOTOR VEHICLE STRUCK PEDALCYCLIST, FRONT END AT ANGLE",,False,Clear or Partly Cloudy,Dry,Daylight,,,,6.0,Pedalcyclist Strikes Moving Vehicle,0,522444,False,0
-122.308967844089,47.5992389705519,205318,307939,309219,3814389,Matched,Intersection,30752.0,18TH AVE S AND S JACKSON ST, ,,2,Injury Collision,Pedestrian,2,1,0,1,1,0,2018-11-26 00:00:00+00,11/26/2018 5:44:00 PM,At Intersection (intersection related),24,MOTOR VEHCILE STRUCK PEDESTRIAN,,False,Raining,Wet,Dark - Street Lights On,,,,2.0,Vehicle turning left hits pedestrian,0,525072,False,0
-122.31943466554,47.6129400164216,205319,307938,309218,3814277,Matched,Intersection,29759.0,10TH AVE AND E UNION ST, ,,1,Property Damage Only Collision,Angles,2,0,0,2,0,0,2018-12-08 00:00:00+00,12/8/2018 12:54:00 AM,At Intersection (intersection related),11,"MOTOR VEHICLE STRUCK MOTOR VEHICLE, FRONT END AT ANGLE",,True,Clear or Partly Cloudy,Dry,Dark - Street Lights On,,,,10.0,Entering at angle,0,0,False,0
-122.322951360207,47.6867873648945,205321,307903,309183,3809837,Matched,Intersection,24392.0,5TH AVE NE AND NE 80TH ST, ,,2,Injury Collision,Angles,3,0,0,3,2,0,2018-12-09 00:00:00+00,12/9/2018 3:21:00 PM,At Intersection (intersection related),11,"MOTOR VEHICLE STRUCK MOTOR VEHICLE, FRONT END AT ANGLE",True,False,Raining,Wet,Daylight,,,,10.0,Entering at angle,0,0,False,0
-122.331983505372,47.6017187039659,205322,307937,309217,3812435,Matched,Intersection,30488.0,2ND AVE AND YESLER WAY, ,,2,Injury Collision,Angles,6,0,0,2,2,0,2018-12-09 00:00:00+00,12/9/2018 4:24:00 PM,At Intersection (intersection related),11,"MOTOR VEHICLE STRUCK MOTOR VEHICLE, FRONT END AT ANGLE",,False,Raining,Wet,Dark - Street Lights On,,,,10.0,Entering at angle,0,0,False,0
-122.349741010297,47.6461470273324,205323,307902,309182,3784883,Matched,Intersection,28057.0,NICKERSON ST AND WESTLAKE AVE N, ,,1,Property Damage Only Collision,Other,1,0,0,1,0,0,2018-12-04 00:00:00+00,12/4/2018 11:40:00 PM,At Intersection (intersection related),26,MOTOR VEHICLE STRUCK OBJECT IN ROAD,,True,Clear or Partly Cloudy,Dry,Dark - Street Lights On,,,,50.0,Fixed object,0,0,False,0
-122.297414682629,47.5992328395492,205324,307972,309252,E868715,Matched,Intersection,30602.0,M L KING JR WAY S AND S JACKSON ST, ,,2,Injury Collision,Angles,4,0,0,3,2,0,2018-12-05 00:00:00+00,12/5/2018 7:43:00 AM,At Intersection (intersection related),11,"MOTOR VEHICLE STRUCK MOTOR VEHICLE, FRONT END AT ANGLE",,False,Clear or Partly Cloudy,Dry,Daylight,,,,10.0,Entering at angle,0,0,False,0
-122.306892140163,47.5469510560552,205325,307936,309216,3814997,Matched,Block,,S GRAHAM ST BETWEEN SWIFT AVE S AND 21ST AVE S, ,,1,Property Damage Only Collision,Rear Ended,7,0,0,3,0,0,2018-12-03 00:00:00+00,12/3/2018 9:00:00 AM,Mid-Block (not related to intersection),14,"MOTOR VEHICLE STRUCK MOTOR VEHICLE, REAR END",True,False,Clear or Partly Cloudy,Dry,Daylight,,,,14.0,From same direction - both going straight - one stopped - rear-end,0,0,False,0
-122.336220793462,47.5519169269551,205326,307959,309239,E867957,Matched,Intersection,33039.0,EAST MARGINAL WAY S AND S ORCAS ST, ,,1,Property Damage Only Collision,Angles,2,0,0,2,0,0,2018-11-28 00:00:00+00,11/28/2018 5:25:00 PM,At Intersection (intersection related),11,"MOTOR VEHICLE STRUCK MOTOR VEHICLE, FRONT END AT ANGLE",,False,Raining,Wet,Dark - Street Lights On,,,,10.0,Entering at angle,0,0,False,0
-122.355480558756,47.7087140585932,205327,307901,309181,3769461,Matched,Intersection,36398.0,GREENWOOD AVE N AND N 110TH ST, ,,2,Injury Collision,Pedestrian,2,1,0,1,1,0,2018-12-07 00:00:00+00,12/7/2018 6:33:00 PM,At Intersection (intersection related),24,MOTOR VEHCILE STRUCK PEDESTRIAN,True,False,Clear or Partly Cloudy,Dry,Dark - Street Lights On,,,,0.0,Vehicle going straight hits pedestrian,0,0,False,0
-122.386736545236,47.5763114374689,205329,308010,309290,3742535,Matched,Block,,CALIFORNIA AVE SW BETWEEN SW STEVENS ST AND SW HANFORD ST, ,,2,Injury Collision,Angles,5,0,0,2,2,0,2018-12-04 00:00:00+00,12/4/2018 10:00:00 AM,Driveway Junction,11,"MOTOR VEHICLE STRUCK MOTOR VEHICLE, FRONT END AT ANGLE",,False,Clear or Partly Cloudy,Dry,Daylight,,,,10.0,Entering at angle,0,0,False,0
-122.301127143763,47.6001460270779,205330,308060,309340,3702562,Matched,Block,,24TH AVE S BETWEEN S MAIN ST AND DEAD END 1, ,,1,Property Damage Only Collision,Parked Car,2,0,0,2,0,0,2018-12-06 00:00:00+00,12/6/2018 8:12:00 AM,Mid-Block (not related to intersection),14,"MOTOR VEHICLE STRUCK MOTOR VEHICLE, REAR END",True,False,Clear or Partly Cloudy,Dry,Daylight,,,,32.0,One parked--one moving,0,0,True,0
-122.337813513001,47.693208036712,205331,308009,309289,3706187,Matched,Block,,DENSMORE AVE N BETWEEN N 88TH ST AND N 90TH ST, ,,1,Property Damage Only Collision,Parked Car,2,0,0,2,0,0,2018-12-05 00:00:00+00,12/5/2018 7:00:00 PM,Mid-Block (not related to intersection),11,"MOTOR VEHICLE STRUCK MOTOR VEHICLE, FRONT END AT ANGLE",,False,Clear or Partly Cloudy,Dry,Dark - Street Lights On,,,,32.0,One parked--one moving,0,0,True,0
-122.334175819643,47.5724400632474,205332,308035,309315,3811121,Matched,Block,,1ST AV S OFF RP BETWEEN WEST SEATTLE BR WB AND 1ST AVE S, ,,1,Property Damage Only Collision,Rear Ended,2,0,0,2,0,0,2018-12-04 00:00:00+00,12/4/2018 6:30:00 AM,Mid-Block (not related to intersection),14,"MOTOR VEHICLE STRUCK MOTOR VEHICLE, REAR END",,False,Clear or Partly Cloudy,Dry,Dark - Street Lights On,,,,14.0,From same direction - both going straight - one stopped - rear-end,0,0,False,0
-122.327526962319,47.708621591763,205333,308008,309288,3508175,Matched,Block,,NE NORTHGATE WAY BETWEEN 1ST AVE NE AND NE NORTHGATE DR, ,,1,Property Damage Only Collision,Sideswipe,2,0,0,2,0,0,2018-12-03 00:00:00+00,12/3/2018 5:10:00 PM,Mid-Block (not related to intersection),16,"MOTOR VEHICLE STRUCK MOTOR VEHICLE, LEFT SIDE SIDESWIPE",,False,Clear or Partly Cloudy,Dry,Dark - Street Lights On,,,,11.0,From same direction - both going straight - both moving - sideswipe,0,0,False,0
-122.312319676977,47.7026114732903,205334,308030,309310,E868984,Matched,Block,,15TH AVE NE BETWEEN NE 102ND ST AND NE 103RD ST, ,,1,Property Damage Only Collision,Parked Car,2,0,0,2,0,0,2018-11-30 00:00:00+00,11/30/2018 10:31:00 PM,Mid-Block (not related to intersection),28,MOTOR VEHICLE RAN OFF ROAD - HIT FIXED OBJECT,,False,Raining,Wet,Dark - Street Lights On,,,,32.0,One parked--one moving,0,0,False,0
-122.355058563334,47.5291830935737,205335,308007,309287,2896036,Matched,Block,,16TH AVE SW BETWEEN SW ELMGROVE ST AND SW THISTLE ST, ,,1,Property Damage Only Collision,Other,3,0,0,2,0,0,2018-12-05 00:00:00+00,12/5/2018 5:10:00 PM,Mid-Block (not related to intersection),11,"MOTOR VEHICLE STRUCK MOTOR VEHICLE, FRONT END AT ANGLE",True,False,Clear or Partly Cloudy,Dry,Dark - Street Lights On,,,,23.0,From same direction - all others,0,0,False,0
-122.298059829526,47.637179244307,205336,308018,309298,E868786,Matched,Block,,LAKE WASHINGTON BLVD E BETWEEN BOYER AVE E AND E FOSTER ISLAND RD, ,,1,Property Damage Only Collision,Other,1,0,0,1,0,0,2018-12-04 00:00:00+00,12/4/2018 12:38:00 PM,Mid-Block (not related to intersection),26,MOTOR VEHICLE STRUCK OBJECT IN ROAD,True,False,Clear or Partly Cloudy,Dry,Daylight,,,,50.0,Fixed object,0,0,False,0
-122.358957076799,47.5717175284517,205337,308058,309338,3608170,Matched,Block,,W SEATTLE BR WB OFF RP BETWEEN WEST SEATTLE BR WB AND W SEATTLE BR WB-CHELAN OFF RP, ,,1,Property Damage Only Collision,Other,1,0,0,1,0,0,2018-12-09 00:00:00+00,12/9/2018 2:44:00 PM,Mid-Block (not related to intersection),26,MOTOR VEHICLE STRUCK OBJECT IN ROAD,,False,Raining,Wet,Daylight,,,True,50.0,Fixed object,0,0,False,0
-122.293511886221,47.5608214362382,205338,307994,309274,E869793,Matched,Intersection,32505.0,M L KING JR WR WAY S AND S ALASKA ST, ,,1,Property Damage Only Collision,Left Turn,2,0,0,2,0,0,2018-12-04 00:00:00+00,12/4/2018 9:46:00 AM,At Intersection (intersection related),11,"MOTOR VEHICLE STRUCK MOTOR VEHICLE, FRONT END AT ANGLE",,False,Clear or Partly Cloudy,Dry,Daylight,,,,28.0,From opposite direction - one left turn - one straight,0,0,False,0
-122.339324538935,47.5829237822156,205339,308033,309313,3746023,Matched,Block,,ALASKAN WY VI NB BETWEEN S HOLGATE ST AND S LANDER ST, ,,2,Injury Collision,Rear Ended,3,0,0,3,1,0,2018-12-04 00:00:00+00,12/4/2018 4:58:00 PM,Mid-Block (not related to intersection),14,"MOTOR VEHICLE STRUCK MOTOR VEHICLE, REAR END",,False,Clear or Partly Cloudy,Dry,Dark - Street Lights On,,,,13.0,From same direction - both going straight - both moving - rear-end,0,0,False,0
-122.323500578165,47.5861011684861,205340,307993,309273,E869792,Matched,Intersection,31242.0,S HOLGATE BR AND S HOLGATE ST, ,,1,Property Damage Only Collision,Left Turn,2,0,0,2,0,0,2018-12-05 00:00:00+00,12/5/2018 8:24:00 AM,At Intersection (intersection related),11,"MOTOR VEHICLE STRUCK MOTOR VEHICLE, FRONT END AT ANGLE",,False,Clear or Partly Cloudy,Dry,Daylight,,,,15.0,From same direction - one left turn - one straight,0,0,False,0
-122.323908555673,47.5533681163348,205341,307992,309272,E869791,Matched,Intersection,33106.0,7TH AVE S AND S LUCILE ST, ,,2,Injury Collision,Angles,2,0,0,2,1,0,2018-11-28 00:00:00+00,11/28/2018 8:14:00 AM,At Intersection (intersection related),11,"MOTOR VEHICLE STRUCK MOTOR VEHICLE, FRONT END AT ANGLE",,False,Raining,Wet,Daylight,,,,10.0,Entering at angle,0,0,False,0
-122.333531655892,47.6907814962143,205342,308028,309308,3809836,Matched,Block,,MERIDIAN AVE N BETWEEN N 85TH ST AND N 86TH ST, ,,1,Property Damage Only Collision,Rear Ended,3,0,0,3,0,0,2018-11-27 00:00:00+00,11/27/2018 4:03:00 PM,Mid-Block (not related to intersection),14,"MOTOR VEHICLE STRUCK MOTOR VEHICLE, REAR END",,False,Raining,Wet,Dusk,,,True,14.0,From same direction - both going straight - one stopped - rear-end,0,0,False,0
-122.3290487435,47.5923943831953,205343,307991,309271,E869790,Matched,Intersection,30553.0,4TH AVE S AND S ROYAL BROUGHAM WAY, ,,1,Property Damage Only Collision,Sideswipe,2,0,0,2,0,0,2018-11-22 00:00:00+00,11/22/2018 8:55:00 AM,At Intersection (intersection related),11,"MOTOR VEHICLE STRUCK MOTOR VEHICLE, FRONT END AT ANGLE",,False,Unknown,Unknown,Daylight,,,,81.0,Same direction -- both turning left -- both moving -- sideswipe,0,0,False,0
-122.339439078022,47.5651393508864,205347,308052,309332,E867952,Matched,Block,,EAST MARGINAL WAY S BETWEEN S NEVADA ST AND S IDAHO ST, ,,1,Property Damage Only Collision,Rear Ended,5,0,0,3,0,0,2018-11-26 00:00:00+00,11/26/2018 3:46:00 PM,Mid-Block (not related to intersection),14,"MOTOR VEHICLE STRUCK MOTOR VEHICLE, REAR END",True,False,Raining,Wet,Daylight,,,,14.0,From same direction - both going straight - one stopped - rear-end,0,0,False,0
-122.290478892924,47.683048235121,205348,307989,309269,E869764,Matched,Intersection,24933.0,35TH AVE NE AND NE 75TH ST, ,,2,Injury Collision,Pedestrian,2,1,0,1,1,0,2018-11-19 00:00:00+00,11/19/2018 8:25:00 AM,At Intersection (intersection related),24,MOTOR VEHCILE STRUCK PEDESTRIAN,True,False,Clear or Partly Cloudy,Dry,Daylight,,,,2.0,Vehicle turning left hits pedestrian,0,524378,False,0
-122.356641951808,47.6906027364527,205349,307988,309268,E869326,Matched,Intersection,37186.0,PALATINE AVE N AND N 85TH ST, ,,2,Injury Collision,Pedestrian,2,1,0,1,1,0,2018-12-06 00:00:00+00,12/6/2018 2:52:00 PM,At Intersection (intersection related),24,MOTOR VEHCILE STRUCK PEDESTRIAN,,False,Clear or Partly Cloudy,Dry,Daylight,,,,2.0,Vehicle turning left hits pedestrian,0,524413,False,0
-122.339105550366,47.6869261197867,205350,307987,309267,E869325,Matched,Intersection,24230.0,ASHWORTH AVE N AND N 80TH ST, ,,2,Injury Collision,Angles,3,0,0,2,1,0,2018-12-04 00:00:00+00,12/4/2018 2:59:00 PM,At Intersection (intersection related),11,"MOTOR VEHICLE STRUCK MOTOR VEHICLE, FRONT END AT ANGLE",,False,Clear or Partly Cloudy,Dry,Daylight,,,,10.0,Entering at angle,0,0,False,0
-122.334199284487,47.582938394777,205351,308012,309292,3815001,Matched,Block,,1ST AVE S BETWEEN S WALKER ST AND S STACY ST, ,,1,Property Damage Only Collision,Parked Car,2,0,0,2,0,0,2018-12-04 00:00:00+00,12/4/2018 10:03:00 PM,Mid-Block (not related to intersection),14,"MOTOR VEHICLE STRUCK MOTOR VEHICLE, REAR END",,True,Clear or Partly Cloudy,Dry,Dark - Street Lights On,,,,32.0,One parked--one moving,0,0,True,0
-122.337819669976,47.6185305940725,205352,308059,309339,3642621,Matched,Block,,DENNY WAY BETWEEN WESTLAKE AVE AND TERRY AVE, ,,1,Property Damage Only Collision,Sideswipe,2,0,0,2,0,0,2018-12-06 00:00:00+00,12/6/2018 2:25:00 PM,Mid-Block (not related to intersection),11,"MOTOR VEHICLE STRUCK MOTOR VEHICLE, FRONT END AT ANGLE",True,False,Clear or Partly Cloudy,Dry,Daylight,,,,11.0,From same direction - both going straight - both moving - sideswipe,0,0,False,0
-122.294898815702,47.5271392758716,205353,308034,309314,3811120,Matched,Block,,AIRPORT WAY S BETWEEN MILITARY RD S AND CITY LIMITS N, ,,1,Property Damage Only Collision,Other,1,0,0,1,0,0,2018-12-04 00:00:00+00,12/4/2018 2:54:00 AM,Mid-Block (not related to intersection),28,MOTOR VEHICLE RAN OFF ROAD - HIT FIXED OBJECT,,False,Clear or Partly Cloudy,Dry,Dark - Street Lights On,,,,50.0,Fixed object,0,0,False,0
-122.33310387059,47.607979458203,205354,307977,309257,E868798,Matched,Intersection,29929.0,5TH AVE AND SENECA ST, ,,1,Property Damage Only Collision,Angles,3,0,0,2,0,0,2018-12-01 00:00:00+00,12/1/2018 2:27:00 AM,At Intersection (intersection related),11,"MOTOR VEHICLE STRUCK MOTOR VEHICLE, FRONT END AT ANGLE",,False,Raining,Wet,Dark - Street Lights On,,,,10.0,Entering at angle,0,0,False,0
-122.376210674744,47.6756344811611,205643,305237,306517,E846971,Matched,Block,,15TH AVE NW BETWEEN NW 64TH ST AND NW 65TH ST, ,,2,Injury Collision,Other,1,0,0,1,1,0,2018-10-04 00:00:00+00,10/4/2018 2:04:00 PM,Mid-Block (not related to intersection),26,MOTOR VEHICLE STRUCK OBJECT IN ROAD,True,False,Clear or Partly Cloudy,Dry,Daylight,,,,50.0,Fixed object,0,0,False,0