longitude,latitude,objectid,inckey,coldetkey,reportno,status,addrtype,intkey,location,exceptrsncode,exceptrsndesc,severitycode,severitydesc,collisiontype,personcount,pedcount,pedcylcount,vehcount,injuries,fatalities,incdate,incdttm,junctiontype,sdot_colcode,sdot_coldesc,inattentionind,underinfl,weather,roadcond,lightcond,pedrownotgrnt,sdotcolnum,speeding,st_colcode,st_coldesc,seglanekey,crosswalkkey,hitparkedcar,seriousinjuries
-122.389306411654,47.5793321980308,205355,307976,309256,E868788,Matched,Intersection,31165.0,45TH AVE SW AND SW LANDER ST, ,,1,Property Damage Only Collision,Angles,3,0,0,2,0,0,2018-12-05 00:00:00+00,12/5/2018 1:25:00 PM,At Intersection (intersection related),11,"MOTOR VEHICLE STRUCK MOTOR VEHICLE, FRONT END AT ANGLE",True,False,Clear or Partly Cloudy,Dry,Daylight,,,,10.0,Entering at angle,0,0,False,0
-122.334178594784,47.6017223387056,205357,307975,309255,E868784,Matched,Intersection,30357.0,1ST AVE AND YESLER WAY, ,,2,Injury Collision,Angles,2,0,0,2,1,0,2018-12-04 00:00:00+00,12/4/2018 3:55:00 PM,At Intersection (intersection related),11,"MOTOR VEHICLE STRUCK MOTOR VEHICLE, FRONT END AT ANGLE",,False,Clear or Partly Cloudy,Dry,Daylight,,,,10.0,Entering at angle,0,0,False,0
-122.344760011155,47.7090583478045,205358,308011,309291,3809934,Matched,Block,,AURORA AVE N BETWEEN N 109TH ST AND N 112TH ST, ,,1,Property Damage Only Collision,Sideswipe,4,0,0,2,0,0,2018-12-04 00:00:00+00,12/4/2018 10:42:00 PM,Mid-Block (not related to intersection),11,"MOTOR VEHICLE STRUCK MOTOR VEHICLE, FRONT END AT ANGLE",,False,Clear or Partly Cloudy,Dry,Dark - Street Lights On,,,,11.0,From same direction - both going straight - both moving - sideswipe,0,0,False,0
-122.402938356027,47.6522428332548,205359,308057,309337,3578646,Matched,Block,,W RUFFNER ST BETWEEN 35TH AVE W AND 36TH AVE W, ,,1,Property Damage Only Collision,Other,1,0,0,1,0,0,2018-12-03 00:00:00+00,12/3/2018 8:21:00 AM,Mid-Block (not related to intersection),26,MOTOR VEHICLE STRUCK OBJECT IN ROAD,True,False,Clear or Partly Cloudy,Dry,Daylight,,,,50.0,Fixed object,0,0,False,0
-122.324749252122,47.6055546978817,205360,307974,309254,E868717,Matched,Intersection,29959.0,9TH AVE AND JAMES ST, ,,1,Property Damage Only Collision,Left Turn,2,0,0,2,0,0,2018-12-05 00:00:00+00,12/5/2018 11:30:00 AM,At Intersection (intersection related),11,"MOTOR VEHICLE STRUCK MOTOR VEHICLE, FRONT END AT ANGLE",True,False,Clear or Partly Cloudy,Dry,Daylight,,,,28.0,From opposite direction - one left turn - one straight,0,0,False,0
-122.313488805131,47.5505990354919,205361,308032,309312,3810631,Matched,Block,,15TH AVE S BETWEEN S ORCAS ST AND SWIFT AVE S, ,,1,Property Damage Only Collision,Left Turn,4,0,0,2,0,0,2018-12-04 00:00:00+00,12/4/2018 12:42:00 PM,Mid-Block (not related to intersection),14,"MOTOR VEHICLE STRUCK MOTOR VEHICLE, REAR END",True,False,Clear or Partly Cloudy,Dry,Daylight,,,,15.0,From same direction - one left turn - one straight,0,0,False,0
-122.32789888864,47.6154707260745,205362,304977,306257,E846875,Matched,Block,,MELROSE AVE BETWEEN PINE ST AND YALE AVE, ,,1,Property Damage Only Collision,Sideswipe,2,0,0,2,0,0,2018-10-02 00:00:00+00,10/2/2018 11:44:00 AM,Mid-Block (not related to intersection),11,"MOTOR VEHICLE STRUCK MOTOR VEHICLE, FRONT END AT ANGLE",,False,Clear or Partly Cloudy,Dry,Daylight,,,,11.0,From same direction - both going straight - both moving - sideswipe,0,0,False,0
-122.359868176647,47.5173624646459,205363,305612,306892,3591223,Matched,Block,,SW ROXBURY ST BETWEEN 20TH AVE SW AND 21ST AVE SW, ,,2,Injury Collision,Rear Ended,6,0,0,2,5,0,2018-10-13 00:00:00+00,10/13/2018 6:00:00 PM,Mid-Block (not related to intersection),14,"MOTOR VEHICLE STRUCK MOTOR VEHICLE, REAR END",,False,Clear or Partly Cloudy,Dry,Daylight,,,,14.0,From same direction - both going straight - one stopped - rear-end,0,0,False,0
-122.322582515752,47.5398322198585,205364,305477,306757,E847209,Matched,Intersection,34188.0,CARLETON AVE S AND EAST MARGINAL WAY S, ,,2,Injury Collision,Angles,3,0,0,2,2,0,2018-09-16 00:00:00+00,9/16/2018 2:36:00 AM,At Intersection (intersection related),11,"MOTOR VEHICLE STRUCK MOTOR VEHICLE, FRONT END AT ANGLE",,False,Raining,Wet,Dark - Street Lights On,,,,10.0,Entering at angle,0,0,False,0
-122.353149500964,47.6386861639851,205365,304958,306238,E846666,Matched,Block,,2ND AVE N BETWEEN BOSTON ST AND LYNN ST,NEI,"Not Enough Information, or Insufficient Location Information",1,Property Damage Only Collision,Parked Car,2,0,0,2,0,0,2018-09-29 00:00:00+00,9/29/2018 1:00:00 PM,,0,NOT ENOUGH INFORMATION / NOT APPLICABLE,,False,Clear or Partly Cloudy,Dry,Daylight,,,,32.0,One parked--one moving,0,0,True,0
-122.355452745925,47.7050835411737,205366,305476,306756,E847133,Matched,Intersection,36419.0,GREENWOOD AVE N AND HOLMAN RD N, ,,1,Property Damage Only Collision,Angles,2,0,0,2,0,0,2018-10-05 00:00:00+00,10/5/2018 3:17:00 PM,At Intersection (intersection related),11,"MOTOR VEHICLE STRUCK MOTOR VEHICLE, FRONT END AT ANGLE",,False,Raining,Wet,Daylight,,,,10.0,Entering at angle,0,0,False,0
-122.334784394455,47.6181856484327,205369,304937,306217,E846665,Matched,Block,,BOREN AVE BETWEEN FAIRVIEW AVE AND DENNY WAY, ,,1,Property Damage Only Collision,Angles,2,0,0,2,0,0,2018-10-03 00:00:00+00,10/3/2018 10:06:00 AM,Mid-Block (not related to intersection),14,"MOTOR VEHICLE STRUCK MOTOR VEHICLE, REAR END",,False,Clear or Partly Cloudy,Dry,Daylight,,,,10.0,Entering at angle,0,0,False,0
-122.319790974086,47.657517545441,205370,305474,306754,E847024,Matched,Intersection,27095.0,8TH AVE NE AND NE 42ND ST, ,,2,Injury Collision,Pedestrian,3,1,0,1,1,0,2018-10-02 00:00:00+00,10/2/2018 9:59:00 AM,At Intersection (intersection related),24,MOTOR VEHCILE STRUCK PEDESTRIAN,,False,Clear or Partly Cloudy,Dry,Daylight,True,,,2.0,Vehicle turning left hits pedestrian,0,0,False,0
-122.312463883736,47.7130712211459,205371,305610,306890,3591222,Matched,Block,,15TH AVE NE BETWEEN NE 115TH ST AND NE 117TH ST, ,,1,Property Damage Only Collision,Parked Car,2,0,0,2,0,0,2018-10-13 00:00:00+00,10/13/2018 2:31:00 AM,Mid-Block (not related to intersection),14,"MOTOR VEHICLE STRUCK MOTOR VEHICLE, REAR END",,True,Clear or Partly Cloudy,Dry,Dark - Street Lights On,,,,32.0,One parked--one moving,0,0,True,0
-122.290263779196,47.6748827428328,205455,306457,307737,E855018,Matched,Block,,35TH AVE NE BETWEEN NE 62ND ST AND NE 65TH ST, ,,2,Injury Collision,Parked Car,2,0,0,2,1,0,2018-10-24 00:00:00+00,10/24/2018 6:02:00 PM,Mid-Block (not related to intersection),14,"MOTOR VEHICLE STRUCK MOTOR VEHICLE, REAR END",,False,Clear or Partly Cloudy,Dry,Dark - Street Lights On,,,,32.0,One parked--one moving,0,0,True,0
-122.360695015622,47.6759964540637,205372,304310,305550,E834133,Matched,Intersection,25243.0,3RD AVE NW AND NW 65TH ST, ,,1,Property Damage Only Collision,Left Turn,2,0,0,2,0,0,2018-05-23 00:00:00+00,5/23/2018 12:47:00 PM,At Intersection (intersection related),11,"MOTOR VEHICLE STRUCK MOTOR VEHICLE, FRONT END AT ANGLE",,False,Clear or Partly Cloudy,Dry,Daylight,,,,28.0,From opposite direction - one left turn - one straight,0,0,False,0
-122.344976879983,47.7232115471904,205373,305473,306753,E847023,Matched,Intersection,35828.0,AURORA AVE N AND N 130TH ST, ,,2,Injury Collision,Angles,2,0,0,2,1,0,2018-10-02 00:00:00+00,10/2/2018 10:15:00 AM,At Intersection (intersection related),11,"MOTOR VEHICLE STRUCK MOTOR VEHICLE, FRONT END AT ANGLE",,False,Clear or Partly Cloudy,Dry,Daylight,,,,10.0,Entering at angle,0,0,False,0
-122.366193357638,47.6629221522816,205374,304309,305549,E834132,Matched,Intersection,25466.0,8TH AVE NW AND NW 47TH ST, ,,2,Injury Collision,Angles,3,0,0,2,1,0,2018-06-08 00:00:00+00,6/8/2018 5:29:00 PM,At Intersection (intersection related),11,"MOTOR VEHICLE STRUCK MOTOR VEHICLE, FRONT END AT ANGLE",,False,Overcast,Wet,Daylight,,,,10.0,Entering at angle,0,0,False,0
-122.351287656913,47.6528120046038,205375,304308,305548,E834130,Matched,Block,,EVANSTON AVE N BETWEEN N 36TH ST AND N 39TH ST, ,,1,Property Damage Only Collision,Parked Car,2,0,0,2,0,0,2018-06-15 00:00:00+00,6/15/2018 2:40:00 PM,Mid-Block (not related to intersection),14,"MOTOR VEHICLE STRUCK MOTOR VEHICLE, REAR END",,False,Clear or Partly Cloudy,Dry,Daylight,,,,32.0,One parked--one moving,0,0,True,0
-122.336238433074,47.6046950465344,205376,305472,306752,E847022,Matched,Intersection,29621.0,1ST AVE AND MADISON ST, ,,1,Property Damage Only Collision,Angles,5,0,0,2,0,0,2018-10-08 00:00:00+00,10/8/2018 4:43:00 PM,At Intersection (intersection related),14,"MOTOR VEHICLE STRUCK MOTOR VEHICLE, REAR END",True,False,Overcast,Wet,Daylight,,,,10.0,Entering at angle,0,0,False,0
-122.335574025233,47.610677902842,205377,304306,305546,E834059,Matched,Intersection,29576.0,5TH AVE AND PIKE ST, ,,1,Property Damage Only Collision,Angles,2,0,0,2,0,0,2018-07-13 00:00:00+00,7/13/2018 6:55:00 AM,At Intersection (intersection related),11,"MOTOR VEHICLE STRUCK MOTOR VEHICLE, FRONT END AT ANGLE",,False,Clear or Partly Cloudy,Dry,Daylight,,,,10.0,Entering at angle,0,0,False,0
-122.331306048169,47.5448814245195,205378,305478,306758,E847217,Matched,Intersection,34222.0,EAST MARGINAL WAY S AND S MICHIGAN ST, ,,1,Property Damage Only Collision,Angles,4,0,0,3,0,0,2018-10-09 00:00:00+00,10/9/2018 9:54:00 PM,At Intersection (intersection related),11,"MOTOR VEHICLE STRUCK MOTOR VEHICLE, FRONT END AT ANGLE",,False,Overcast,Dry,Dark - Street Lights On,,,,10.0,Entering at angle,0,0,False,0
-122.275797669541,47.6682965738973,205379,304305,305545,E843882,Matched,Intersection,26145.0,PRINCETON AVE NE AND SAND POINT WAY NE, ,,2,Injury Collision,Left Turn,2,0,0,2,1,0,2018-09-26 00:00:00+00,9/26/2018 4:58:00 PM,At Intersection (intersection related),11,"MOTOR VEHICLE STRUCK MOTOR VEHICLE, FRONT END AT ANGLE",,False,Clear or Partly Cloudy,Dry,Daylight,,,,28.0,From opposite direction - one left turn - one straight,0,0,False,0
-122.407061669204,47.6384907249424,205380,305471,306751,E847021,Matched,Intersection,27510.0,MONTAVISTA PL W AND WEST VIEWMONT WAY W, ,,2,Injury Collision,Angles,3,0,0,2,1,0,2018-10-08 00:00:00+00,10/8/2018 3:18:00 PM,At Intersection (intersection related),11,"MOTOR VEHICLE STRUCK MOTOR VEHICLE, FRONT END AT ANGLE",True,False,Overcast,Wet,Daylight,,,,10.0,Entering at angle,0,0,False,0
-122.347033546608,47.6810492828755,205381,305470,306750,E846982,Matched,Intersection,24330.0,LINDEN AVE N AND N 72ND ST, ,,2,Injury Collision,Angles,2,0,0,2,1,0,2018-10-08 00:00:00+00,10/8/2018 6:09:00 PM,At Intersection (intersection related),11,"MOTOR VEHICLE STRUCK MOTOR VEHICLE, FRONT END AT ANGLE",,False,Raining,Wet,Dusk,,,,10.0,Entering at angle,0,0,False,0
-122.326683975464,47.5923966743808,205382,304304,305544,E834058,Matched,Block,,S ROYAL BROUGHAM WAY BETWEEN 5TH AVE S AND 6TH AVE S, ,,1,Property Damage Only Collision,Other,3,0,0,2,0,0,2018-01-23 00:00:00+00,1/23/2018 9:22:00 AM,Mid-Block (not related to intersection),11,"MOTOR VEHICLE STRUCK MOTOR VEHICLE, FRONT END AT ANGLE",True,False,Raining,Wet,Daylight,,,,23.0,From same direction - all others,0,0,False,0
-122.329275580531,47.5917141646087,205383,304303,305543,E833746,Matched,Block,,S ATLANTIC ST OFF RP BETWEEN I5 NB ATLANTIC OFF RP AND EDGAR MARTINEZ DR S, ,,1,Property Damage Only Collision,Other,1,0,0,1,0,0,2018-08-26 00:00:00+00,8/26/2018 10:50:00 PM,Mid-Block (not related to intersection),26,MOTOR VEHICLE STRUCK OBJECT IN ROAD,,False,Raining,Wet,Dark - Street Lights On,,,True,50.0,Fixed object,0,0,False,0
-122.312142667022,47.6556564017235,205386,305077,306357,E846946,Matched,Block,,15TH AVE NE BETWEEN NE 40TH ST AND NE CAMPUS EB PY, ,,1,Property Damage Only Collision,Parked Car,2,0,0,2,0,0,2018-10-09 00:00:00+00,10/9/2018 8:03:00 AM,Mid-Block (not related to intersection),11,"MOTOR VEHICLE STRUCK MOTOR VEHICLE, FRONT END AT ANGLE",,False,Raining,Wet,Daylight,,,,32.0,One parked--one moving,0,0,True,0
-122.336384345668,47.6167688898727,205387,305057,306337,E846882,Matched,Block,,9TH AVE BETWEEN VIRGINIA ST AND LENORA ST, ,,1,Property Damage Only Collision,Sideswipe,2,0,0,2,0,0,2018-10-05 00:00:00+00,10/5/2018 12:49:00 PM,Mid-Block (not related to intersection),11,"MOTOR VEHICLE STRUCK MOTOR VEHICLE, FRONT END AT ANGLE",,False,Raining,Wet,Daylight,,,,11.0,From same direction - both going straight - both moving - sideswipe,0,0,False,0
-122.373576290132,47.6745446665254,205388,304301,305541,E843809,Matched,Intersection,25383.0,14TH AVE NW AND NW 63RD ST, ,,1,Property Damage Only Collision,Angles,2,0,0,2,0,0,2018-09-24 00:00:00+00,9/24/2018 8:51:00 AM,At Intersection (intersection related),11,"MOTOR VEHICLE STRUCK MOTOR VEHICLE, FRONT END AT ANGLE",True,False,Clear or Partly Cloudy,Dry,Daylight,,,,10.0,Entering at angle,0,0,False,0
-122.398126433473,47.5575015426472,205389,308063,309343,3742540,Matched,Block,,SW HUDSON ST BETWEEN 51ST AVE SW AND AUTUMN LN SW, ,,1,Property Damage Only Collision,Parked Car,2,0,0,2,0,0,2018-12-08 00:00:00+00,12/8/2018 11:42:00 PM,Mid-Block (not related to intersection),14,"MOTOR VEHICLE STRUCK MOTOR VEHICLE, REAR END",,False,Clear or Partly Cloudy,Dry,Dark - Street Lights On,,,,32.0,One parked--one moving,0,0,False,0
-122.306888708683,47.6612574573676,205390,305037,306317,E846981,Matched,Block,,NE 45TH ST BETWEEN 19TH AVE NE AND 20TH AVE NE, ,,2,Injury Collision,Rear Ended,2,0,0,2,1,0,2018-10-08 00:00:00+00,10/8/2018 12:05:00 PM,Mid-Block (but intersection related),14,"MOTOR VEHICLE STRUCK MOTOR VEHICLE, REAR END",,False,Raining,Wet,Daylight,,,True,14.0,From same direction - both going straight - one stopped - rear-end,0,0,False,0
-122.294062915882,47.6766872566422,205391,308062,309342,3707719,Matched,Block,,31ST AVE NE BETWEEN NE 65TH E ST AND NE 68TH ST, ,,1,Property Damage Only Collision,Parked Car,2,0,0,2,0,0,2018-12-10 00:00:00+00,12/10/2018 3:00:00 PM,Mid-Block (not related to intersection),14,"MOTOR VEHICLE STRUCK MOTOR VEHICLE, REAR END",,False,Unknown,Unknown,Daylight,,,,32.0,One parked--one moving,0,0,True,0
-122.371552282596,47.6551227650349,205392,305017,306297,E846876,Matched,Block,,11TH AVE W BETWEEN W NICKERSON ST AND W EWING PL, ,,1,Property Damage Only Collision,Parked Car,3,0,0,3,0,0,2018-09-21 00:00:00+00,9/21/2018 8:47:00 AM,Mid-Block (not related to intersection),11,"MOTOR VEHICLE STRUCK MOTOR VEHICLE, FRONT END AT ANGLE",,False,Clear or Partly Cloudy,Dry,Daylight,,,,32.0,One parked--one moving,0,0,True,0
-122.347325548575,47.6560247731849,205393,305609,306889,3591221,Matched,Block,,AURORA AVE N BETWEEN N 40TH ST AND N 41ST ST, ,,2b,Serious Injury Collision,Parked Car,2,0,0,2,1,0,2018-10-12 00:00:00+00,10/12/2018 9:09:00 PM,Mid-Block (not related to intersection),14,"MOTOR VEHICLE STRUCK MOTOR VEHICLE, REAR END",,False,Clear or Partly Cloudy,Dry,Dark - Street Lights On,,,,32.0,One parked--one moving,0,0,False,1
-122.352601023323,47.6806824385227,205394,308061,309341,3707717,Matched,Block,,DAYTON AVE N BETWEEN N 71ST ST AND N 72ND ST, ,,1,Property Damage Only Collision,Parked Car,2,0,0,2,0,0,2018-12-06 00:00:00+00,12/6/2018 12:01:00 AM,Mid-Block (not related to intersection),0,NOT ENOUGH INFORMATION / NOT APPLICABLE,,False,Unknown,Unknown,Unknown,,,,32.0,One parked--one moving,0,0,True,0
-122.340933640635,47.7232102828036,205395,304997,306277,E846979,Matched,Block,,N 130TH ST BETWEEN STONE AVE N AND ASHWORTH AVE N, ,,2,Injury Collision,Right Turn,2,0,0,2,1,0,2018-10-08 00:00:00+00,10/8/2018 12:28:00 PM,Mid-Block (but intersection related),14,"MOTOR VEHICLE STRUCK MOTOR VEHICLE, REAR END",,False,Raining,Wet,Daylight,,,,16.0,From same direction - one right turn - one straight,0,0,False,0
-122.349280412287,47.7232206647003,205396,305919,307199,3503368,Matched,Block,,N 130TH ST BETWEEN FREMONT AVE N AND LINDEN AVE N, ,,1,Property Damage Only Collision,Parked Car,3,0,0,3,0,0,2018-10-22 00:00:00+00,10/22/2018 3:43:00 PM,Mid-Block (not related to intersection),14,"MOTOR VEHICLE STRUCK MOTOR VEHICLE, REAR END",,False,Other,Unknown,Unknown,,,,32.0,One parked--one moving,0,0,True,0
-122.353164303201,47.6374126334771,205397,306281,307561,E854837,Matched,Intersection,28130.0,2ND AVE N AND CROCKETT ST, ,,2,Injury Collision,Angles,2,0,0,2,2,0,2018-10-17 00:00:00+00,10/17/2018 12:58:00 PM,At Intersection (intersection related),11,"MOTOR VEHICLE STRUCK MOTOR VEHICLE, FRONT END AT ANGLE",,False,Clear or Partly Cloudy,Dry,Daylight,,,,10.0,Entering at angle,0,0,False,0
-122.378881385385,47.6749143083868,205398,305918,307198,3328012,Matched,Block,,17TH AVE NW BETWEEN NW 63RD ST AND NW 64TH ST, ,,1,Property Damage Only Collision,Parked Car,2,0,0,2,0,0,2018-10-24 00:00:00+00,10/24/2018 12:27:00 AM,Mid-Block (not related to intersection),11,"MOTOR VEHICLE STRUCK MOTOR VEHICLE, FRONT END AT ANGLE",,False,Clear or Partly Cloudy,Dry,Dark - Street Lights On,,,,32.0,One parked--one moving,0,0,False,0
-122.340779505929,47.6923529308571,205399,306085,307365,E853944,Matched,Block,,N 88TH ST BETWEEN STONE AVE N AND INTERLAKE AVE N, ,,1,Property Damage Only Collision,Parked Car,2,0,0,2,0,0,2018-10-23 00:00:00+00,10/23/2018 4:30:00 PM,Mid-Block (but intersection related),12,"MOTOR VEHICLE STRUCK MOTOR VEHICLE, RIGHT SIDE AT ANGLE",,False,Overcast,Unknown,Daylight,,,,32.0,One parked--one moving,0,0,True,0
-122.369802954682,47.6777778232284,205400,305917,307197,3328011,Matched,Intersection,24201.0,10TH AVE NW AND NW 67TH ST, ,,1,Property Damage Only Collision,Other,1,0,0,1,0,0,2018-10-23 00:00:00+00,10/23/2018 12:17:00 AM,At Intersection (intersection related),26,MOTOR VEHICLE STRUCK OBJECT IN ROAD,,False,Fog/Smog/Smoke,Dry,Dark - Street Lights On,,,,50.0,Fixed object,0,0,False,0
-122.350465546695,47.6133669632782,205401,306080,307360,E853097,Matched,Intersection,29697.0,ELLIOTT AVE AND WALL ST, ,,2,Injury Collision,Angles,34,0,0,3,2,0,2018-10-13 00:00:00+00,10/13/2018 2:37:00 PM,At Intersection (intersection related),11,"MOTOR VEHICLE STRUCK MOTOR VEHICLE, FRONT END AT ANGLE",,False,Clear or Partly Cloudy,Dry,Daylight,,,,10.0,Entering at angle,0,0,False,0
-122.320834238957,47.6600343089564,205403,305923,307203,3735246,Matched,Block,,7TH AVE NE BETWEEN NE 43RD ST AND NE 45TH ST OFF RP, ,,1,Property Damage Only Collision,Sideswipe,2,0,0,2,0,0,2018-10-19 00:00:00+00,10/19/2018 8:04:00 PM,Mid-Block (not related to intersection),11,"MOTOR VEHICLE STRUCK MOTOR VEHICLE, FRONT END AT ANGLE",,False,Clear or Partly Cloudy,Dry,Dark - Street Lights On,,,,11.0,From same direction - both going straight - both moving - sideswipe,0,0,False,0
-122.343504874615,47.6180202643899,205404,306279,307559,E854417,Matched,Block,,BOREALIS AVE BETWEEN BATTERY ST AND DENNY WAY, ,,1,Property Damage Only Collision,Rear Ended,2,0,0,2,0,0,2018-10-27 00:00:00+00,10/27/2018 5:12:00 PM,Mid-Block (not related to intersection),14,"MOTOR VEHICLE STRUCK MOTOR VEHICLE, REAR END",,False,Raining,Wet,Daylight,,,True,13.0,From same direction - both going straight - both moving - rear-end,0,0,False,0
-122.344760011155,47.7090583478045,205406,306083,307363,E853943,Matched,Block,,AURORA AVE N BETWEEN N 109TH ST AND N 112TH ST, ,,1,Property Damage Only Collision,Rear Ended,6,0,0,5,0,0,2018-10-15 00:00:00+00,10/15/2018 4:34:00 PM,Mid-Block (not related to intersection),14,"MOTOR VEHICLE STRUCK MOTOR VEHICLE, REAR END",,False,Clear or Partly Cloudy,Dry,Daylight,,,,13.0,From same direction - both going straight - both moving - rear-end,0,0,False,0
-122.280583822682,47.5307499958023,205408,305760,307040,3818786,Matched,Block,,M L KING JR ER WAY S BETWEEN S KENYON ST AND S ELMGROVE ST, ,,1,Property Damage Only Collision,Sideswipe,3,0,0,2,0,0,2018-10-10 00:00:00+00,10/10/2018 7:52:00 AM,Mid-Block (not related to intersection),11,"MOTOR VEHICLE STRUCK MOTOR VEHICLE, FRONT END AT ANGLE",,False,Clear or Partly Cloudy,Dry,Daylight,,,,11.0,From same direction - both going straight - both moving - sideswipe,0,0,False,0
-122.311996554873,47.6790467228906,205409,305924,307204,3735247,Matched,Block,,15TH AVE NE BETWEEN NE 69TH ST AND NE 70TH ST, ,,1,Property Damage Only Collision,Parked Car,2,0,0,2,0,0,2018-10-20 00:00:00+00,10/20/2018 6:05:00 PM,,0,NOT ENOUGH INFORMATION / NOT APPLICABLE,,False,Clear or Partly Cloudy,Dry,Unknown,,,,32.0,One parked--one moving,0,0,True,0
-122.320872892097,47.6199077468642,205410,305759,307039,3814197,Matched,Intersection,29052.0,BROADWAY E AND E OLIVE WAY, ,,1,Property Damage Only Collision,Rear Ended,2,0,0,2,0,0,2018-10-14 00:00:00+00,10/14/2018 7:18:00 PM,At Intersection (but not related to intersection),14,"MOTOR VEHICLE STRUCK MOTOR VEHICLE, REAR END",,False,Clear or Partly Cloudy,Dry,Dusk,,,,14.0,From same direction - both going straight - one stopped - rear-end,0,0,False,0
-122.360846424337,47.5398452262668,205411,305922,307202,3731761,Matched,Block,,DELRIDGE WAY SW BETWEEN CROFT PL SW AND SW MYRTLE ST, ,,1,Property Damage Only Collision,Parked Car,2,0,0,2,0,0,2018-10-22 00:00:00+00,10/22/2018 4:18:00 PM,Mid-Block (not related to intersection),14,"MOTOR VEHICLE STRUCK MOTOR VEHICLE, REAR END",,False,Clear or Partly Cloudy,Dry,Daylight,,,,32.0,One parked--one moving,0,0,False,0
-122.348254895024,47.6111419722341,205412,306282,307562,E854838,Matched,Block,,ALASKAN WAY BETWEEN BLANCHARD ST AND XW BELL ST, ,,1,Property Damage Only Collision,Other,3,0,0,2,0,0,2018-10-26 00:00:00+00,10/26/2018 1:34:00 PM,Mid-Block (not related to intersection),11,"MOTOR VEHICLE STRUCK MOTOR VEHICLE, FRONT END AT ANGLE",,False,Clear or Partly Cloudy,Dry,Daylight,,,,23.0,From same direction - all others,0,0,False,0
-122.292996791535,47.578345947095,205414,306081,307361,E853666,Matched,Intersection,31478.0,31ST AVE S AND S MCCLELLAN ST, ,,1,Property Damage Only Collision,Angles,2,0,0,2,0,0,2018-10-09 00:00:00+00,10/9/2018 7:54:00 PM,At Intersection (intersection related),11,"MOTOR VEHICLE STRUCK MOTOR VEHICLE, FRONT END AT ANGLE",True,False,Clear or Partly Cloudy,Dry,Dusk,,,,10.0,Entering at angle,0,0,False,0
-122.376268312428,47.5546924950109,205415,306086,307366,E853968,Matched,Block,,35TH AVE SW BETWEEN SW DAWSON ST AND SW BRANDON ST, ,,2,Injury Collision,Other,3,0,0,2,3,0,2018-10-25 00:00:00+00,10/25/2018 7:02:00 PM,Mid-Block (not related to intersection),11,"MOTOR VEHICLE STRUCK MOTOR VEHICLE, FRONT END AT ANGLE",,False,Raining,Wet,Dark - Street Lights On,,,,23.0,From same direction - all others,0,0,False,0
-122.297246641893,47.6406314540892,205416,305757,307037,3814045,Matched,Block,,LAKE WASHINGTON BLVD E BETWEEN E FOSTER ISLAND RD AND LK WASH BV ON RP, ,,1,Property Damage Only Collision,Sideswipe,2,0,0,2,0,0,2018-10-10 00:00:00+00,10/10/2018 3:08:00 PM,Mid-Block (not related to intersection),11,"MOTOR VEHICLE STRUCK MOTOR VEHICLE, FRONT END AT ANGLE",,False,Clear or Partly Cloudy,Dry,Daylight,,,,26.0,From opposite direction - both going straight - sideswipe,0,0,False,0
-122.368609284181,47.6653658063341,205417,305756,307036,E850471,Matched,Block,,9TH AVE NW BETWEEN NW 50TH ST AND NW 51ST ST,NEI,"Not Enough Information, or Insufficient Location Information",1,Property Damage Only Collision,Parked Car,2,0,0,2,0,0,2018-10-12 00:00:00+00,10/12/2018 8:09:00 PM,Mid-Block (not related to intersection),12,"MOTOR VEHICLE STRUCK MOTOR VEHICLE, RIGHT SIDE AT ANGLE",,False,Unknown,Unknown,Daylight,,,,32.0,One parked--one moving,0,0,True,0
-122.372869319716,47.6554872010857,205418,305755,307035,3811549,Matched,Block,,W NICKERSON ST BETWEEN 12TH AVE W AND 13TH AVE W, ,,1,Property Damage Only Collision,Parked Car,3,0,0,3,0,0,2018-10-07 00:00:00+00,10/7/2018 9:00:00 PM,Mid-Block (not related to intersection),14,"MOTOR VEHICLE STRUCK MOTOR VEHICLE, REAR END",,False,Raining,Wet,Dark - Street Lights On,,,,32.0,One parked--one moving,0,0,False,0
-122.322928113466,47.6850726871421,205419,305921,307201,3707709,Matched,Intersection,24404.0,5TH AVE NE AND BANNER WAY NE, ,,1,Property Damage Only Collision,Angles,2,0,0,2,0,0,2018-10-22 00:00:00+00,10/22/2018 6:44:00 PM,At Intersection (intersection related),11,"MOTOR VEHICLE STRUCK MOTOR VEHICLE, FRONT END AT ANGLE",,False,Clear or Partly Cloudy,Dry,Dark - Street Lights On,,,,10.0,Entering at angle,0,0,False,0
-122.352409320674,47.6156891374614,205420,306280,307560,E854836,Matched,Intersection,29682.0,CLAY ST AND WESTERN AVE, ,,2,Injury Collision,Angles,4,0,0,2,3,0,2018-10-12 00:00:00+00,10/12/2018 11:20:00 AM,At Intersection (intersection related),11,"MOTOR VEHICLE STRUCK MOTOR VEHICLE, FRONT END AT ANGLE",,False,Clear or Partly Cloudy,Dry,Daylight,,,,10.0,Entering at angle,0,0,False,0
-122.329057088755,47.5787691320583,205421,306084,307364,E853705,Matched,Block,,4TH AVE S BETWEEN S LANDER ST AND S FOREST ST, ,,1,Property Damage Only Collision,Other,1,0,0,1,0,0,2018-10-20 00:00:00+00,10/20/2018 8:44:00 AM,Mid-Block (not related to intersection),26,MOTOR VEHICLE STRUCK OBJECT IN ROAD,,False,Clear or Partly Cloudy,Dry,Daylight,,,,50.0,Fixed object,0,0,False,0