longitude,latitude,objectid,inckey,coldetkey,reportno,status,addrtype,intkey,location,exceptrsncode,exceptrsndesc,severitycode,severitydesc,collisiontype,personcount,pedcount,pedcylcount,vehcount,injuries,fatalities,incdate,incdttm,junctiontype,sdot_colcode,sdot_coldesc,inattentionind,underinfl,weather,roadcond,lightcond,pedrownotgrnt,sdotcolnum,speeding,st_colcode,st_coldesc,seglanekey,crosswalkkey,hitparkedcar,seriousinjuries
-122.342342914199,47.7295809540042,205422,305616,306896,3706635,Matched,Block,,STONE AVE N BETWEEN N 137TH ST AND N 140TH ST, ,,1,Property Damage Only Collision,Parked Car,2,0,0,2,0,0,2018-10-06 00:00:00+00,10/6/2018 6:15:00 PM,Mid-Block (not related to intersection),11,"MOTOR VEHICLE STRUCK MOTOR VEHICLE, FRONT END AT ANGLE",,False,Clear or Partly Cloudy,Dry,Dark - Street Lights On,,,,32.0,One parked--one moving,0,0,True,0
-122.309718056233,47.593505775152,205423,305615,306895,E850442,Matched,Intersection,30798.0,RAINIER AVE S AND S NORMAN ST, ,,1,Property Damage Only Collision,Sideswipe,3,0,0,2,0,0,2018-10-16 00:00:00+00,10/16/2018 2:28:00 PM,At Intersection (intersection related),11,"MOTOR VEHICLE STRUCK MOTOR VEHICLE, FRONT END AT ANGLE",,False,Clear or Partly Cloudy,Dry,Daylight,,,,11.0,From same direction - both going straight - both moving - sideswipe,0,0,False,0
-122.287587102391,47.5504994874173,205424,306079,307359,E853665,Matched,Block,,M L KING JR ER WAY S BETWEEN S ORCAS ST AND S JUNEAU ST, ,,2,Injury Collision,Rear Ended,5,0,0,2,1,0,2018-10-26 00:00:00+00,10/26/2018 5:24:00 PM,Mid-Block (not related to intersection),14,"MOTOR VEHICLE STRUCK MOTOR VEHICLE, REAR END",True,False,Clear or Partly Cloudy,Dry,Daylight,,,,14.0,From same direction - both going straight - one stopped - rear-end,0,0,False,0
-122.315992863478,47.5841289086068,205425,305614,306894,E850201,Matched,Block,,13TH AVE S BETWEEN S HILL ST AND S WALKER ST, ,,1,Property Damage Only Collision,Parked Car,3,0,0,3,0,0,2018-10-17 00:00:00+00,10/17/2018 8:31:00 PM,Mid-Block (not related to intersection),11,"MOTOR VEHICLE STRUCK MOTOR VEHICLE, FRONT END AT ANGLE",True,False,Clear or Partly Cloudy,Dry,Dark - Street Lights On,,,,32.0,One parked--one moving,0,0,True,0
-122.343982073786,47.6177436429976,205426,305920,307200,3642618,Matched,Block,,6TH AVE BETWEEN BATTERY ST AND WALL ST, ,,1,Property Damage Only Collision,Parked Car,2,0,0,2,0,0,2018-10-24 00:00:00+00,10/24/2018 2:00:00 PM,Mid-Block (not related to intersection),11,"MOTOR VEHICLE STRUCK MOTOR VEHICLE, FRONT END AT ANGLE",True,False,Clear or Partly Cloudy,Dry,Daylight,,,,32.0,One parked--one moving,0,0,True,0
-122.298341527913,47.6610877879068,205427,306087,307367,E853735,Matched,Intersection,27291.0,MONTLAKE BLVD NE AND NE 45TH ST, ,,2,Injury Collision,Angles,3,0,0,3,1,0,2018-10-21 00:00:00+00,10/21/2018 7:20:00 PM,At Intersection (intersection related),11,"MOTOR VEHICLE STRUCK MOTOR VEHICLE, FRONT END AT ANGLE",,False,Clear or Partly Cloudy,Dry,Dark - Street Lights On,,,,10.0,Entering at angle,0,0,False,0
-122.338465374178,47.620874082825,205428,306283,307563,E854839,Matched,Intersection,28791.0,THOMAS ST AND WESTLAKE AVE N, ,,1,Property Damage Only Collision,Angles,2,0,0,2,0,0,2018-10-26 00:00:00+00,10/26/2018 1:00:00 PM,At Intersection (intersection related),14,"MOTOR VEHICLE STRUCK MOTOR VEHICLE, REAR END",,False,Clear or Partly Cloudy,Dry,Daylight,,,,10.0,Entering at angle,0,0,False,0
-122.332430619573,47.601719725311,205429,305613,306893,E849651,Matched,Block,,YESLER WAY BETWEEN OCCIDENTAL AVE S AND 2ND AVE, ,,1,Property Damage Only Collision,Rear Ended,5,0,0,2,0,0,2018-10-07 00:00:00+00,10/7/2018 5:44:00 PM,Mid-Block (not related to intersection),14,"MOTOR VEHICLE STRUCK MOTOR VEHICLE, REAR END",,False,Clear or Partly Cloudy,Dry,Daylight,,,,14.0,From same direction - both going straight - one stopped - rear-end,0,0,False,0
-122.391670404671,47.5919811373292,205431,306622,307902,E845126,Matched,Block,,ALKI AVE SW BETWEEN SW JERSEY ST AND SW ARKANSAS ST, ,,1,Property Damage Only Collision,Left Turn,3,0,0,2,0,0,2018-09-09 00:00:00+00,9/9/2018 5:56:00 PM,Mid-Block (not related to intersection),11,"MOTOR VEHICLE STRUCK MOTOR VEHICLE, FRONT END AT ANGLE",,False,Clear or Partly Cloudy,Dry,Dusk,,,,28.0,From opposite direction - one left turn - one straight,0,0,False,0
-122.383852060712,47.5402427982937,205432,306928,308208,3742407,Matched,Block,,SW FRONTENAC ST BETWEEN 40TH AVE SW AND 41ST AVE SW, ,,1,Property Damage Only Collision,Other,1,0,0,1,0,0,2018-10-31 00:00:00+00,10/31/2018 12:03:00 PM,Mid-Block (not related to intersection),28,MOTOR VEHICLE RAN OFF ROAD - HIT FIXED OBJECT,,False,Overcast,Wet,Daylight,,,,50.0,Fixed object,0,0,False,0
-122.335067542643,47.6246172836273,205433,306925,308205,3740042,Matched,Block,,MERCER SR ST BETWEEN BOREN AVE N AND FAIRVIEW N AVE N, ,,1,Property Damage Only Collision,Sideswipe,2,0,0,2,0,0,2018-11-01 00:00:00+00,11/1/2018 10:09:00 PM,Mid-Block (not related to intersection),11,"MOTOR VEHICLE STRUCK MOTOR VEHICLE, FRONT END AT ANGLE",,False,Overcast,Dry,Dark - Street Lights On,,,,11.0,From same direction - both going straight - both moving - sideswipe,0,0,False,0
-122.302866509519,47.5590398492477,205434,306621,307901,E855990,Matched,Block,,24TH AVE S BETWEEN S COLUMBIAN WAY AND S FERDINAND ST, ,,2,Injury Collision,Other,3,0,0,2,1,0,2018-09-24 00:00:00+00,9/24/2018 5:18:00 PM,Mid-Block (not related to intersection),26,MOTOR VEHICLE STRUCK OBJECT IN ROAD,,False,Clear or Partly Cloudy,Dry,Daylight,,,,17.0,Strikes or Was Struck by Object from the Load of Another Vehicle,0,0,False,0
-122.350017523247,47.6643012752165,205435,306924,308204,E860224,Matched,Intersection,25656.0,FREMONT AVE N AND N 49TH ST, ,,1,Property Damage Only Collision,Angles,2,0,0,2,0,0,2018-11-09 00:00:00+00,11/9/2018 8:40:00 AM,At Intersection (intersection related),11,"MOTOR VEHICLE STRUCK MOTOR VEHICLE, FRONT END AT ANGLE",,False,Overcast,Dry,Daylight,,,,10.0,Entering at angle,0,0,False,0
-122.350594238605,47.6509569615548,205436,306620,307900,3582500,Matched,Block,,FREMONT PL N BETWEEN FREMONT AVE N AND N 36TH ST, ,,1,Property Damage Only Collision,Rear Ended,4,0,0,2,0,0,2018-11-09 00:00:00+00,11/9/2018 6:53:00 PM,Mid-Block (not related to intersection),14,"MOTOR VEHICLE STRUCK MOTOR VEHICLE, REAR END",,False,Clear or Partly Cloudy,Dry,Dark - Street Lights On,,,,14.0,From same direction - both going straight - one stopped - rear-end,0,0,False,0
-122.338246242857,47.6102451388357,205437,307114,308394,3811855,Matched,Block,,3RD AVE BETWEEN PIKE ST AND PINE ST, ,,1,Property Damage Only Collision,Sideswipe,5,0,0,2,0,0,2018-10-30 00:00:00+00,10/30/2018 11:14:00 AM,Mid-Block (not related to intersection),15,"MOTOR VEHICLE STRUCK MOTOR VEHICLE, RIGHT SIDE SIDESWIPE",,True,Overcast,Dry,Daylight,,,,12.0,From same direction - both going straight - one stopped - sideswipe,0,0,False,0
-122.371393980682,47.6749055807345,205438,306779,308059,3508172,Matched,Block,,11TH AVE NW BETWEEN NW 63RD ST AND NW 64TH ST, ,,1,Property Damage Only Collision,Parked Car,3,0,0,3,0,0,2018-11-07 00:00:00+00,11/7/2018 1:08:00 PM,Mid-Block (not related to intersection),11,"MOTOR VEHICLE STRUCK MOTOR VEHICLE, FRONT END AT ANGLE",,False,Clear or Partly Cloudy,Dry,Daylight,,,,32.0,One parked--one moving,0,0,True,0
-122.302583965655,47.5537703864925,205439,306619,307899,3578638,Matched,Intersection,167211.0,BEACON ER AVE S AND S BRANDON ST, ,,1,Property Damage Only Collision,Rear Ended,3,0,0,2,0,0,2018-10-25 00:00:00+00,10/25/2018 8:36:00 AM,At Intersection (intersection related),14,"MOTOR VEHICLE STRUCK MOTOR VEHICLE, REAR END",True,False,Raining,Wet,Daylight,,,True,14.0,From same direction - both going straight - one stopped - rear-end,0,0,False,0
-122.269987868884,47.5228170065789,205440,307113,308393,3811053,Matched,Block,,RAINIER AVE S BETWEEN S HENDERSON ST AND S DIRECTOR N ST, ,,1,Property Damage Only Collision,Other,2,0,0,2,0,0,2018-10-30 00:00:00+00,10/30/2018 1:05:00 PM,Mid-Block (not related to intersection),11,"MOTOR VEHICLE STRUCK MOTOR VEHICLE, FRONT END AT ANGLE",,False,Clear or Partly Cloudy,Dry,Daylight,,,,23.0,From same direction - all others,0,0,False,0
-122.304514676775,47.5884032370703,205441,306775,308055,E859772,Matched,Block,,S MASSACHUSETTS ST BETWEEN 21ST AVE S AND 22ND AVE S, ,,1,Property Damage Only Collision,Rear Ended,4,0,0,2,0,0,2018-11-09 00:00:00+00,11/9/2018 3:18:00 PM,Mid-Block (not related to intersection),14,"MOTOR VEHICLE STRUCK MOTOR VEHICLE, REAR END",,False,Clear or Partly Cloudy,Dry,Daylight,,,,14.0,From same direction - both going straight - one stopped - rear-end,0,0,False,0
-122.3174895077,47.6831111823573,205496,307586,308866,3767480,Matched,Intersection,24431.0,ROOSEVELT WAY NE AND NE 75TH ST, ,,1,Property Damage Only Collision,Angles,2,0,0,2,0,0,2018-11-20 00:00:00+00,11/20/2018 7:31:00 PM,At Intersection (intersection related),11,"MOTOR VEHICLE STRUCK MOTOR VEHICLE, FRONT END AT ANGLE",True,False,Clear or Partly Cloudy,Dry,Dark - Street Lights On,,,,10.0,Entering at angle,0,0,False,0
-122.351133937705,47.5709417837772,205442,306926,308206,3742220,Matched,Block,,WEST SEATTLE BR EB BETWEEN ALASKAN WY VI NB ON RP AND DELRIDGE-W SEATTLE BR EB ON RP, ,,2,Injury Collision,Rear Ended,3,0,0,3,1,0,2018-10-31 00:00:00+00,10/31/2018 8:00:00 AM,Mid-Block (not related to intersection),14,"MOTOR VEHICLE STRUCK MOTOR VEHICLE, REAR END",,False,Overcast,Wet,Dawn,,,,14.0,From same direction - both going straight - one stopped - rear-end,0,0,False,0
-122.301264483997,47.7338238510526,205443,306467,307747,E838940,Matched,Block,,NE 145TH ST BETWEEN 25TH AVE NE AND 26TH AVE NE, ,,1,Property Damage Only Collision,Rear Ended,2,0,0,2,0,0,2018-09-14 00:00:00+00,9/14/2018 7:05:00 PM,Mid-Block (not related to intersection),14,"MOTOR VEHICLE STRUCK MOTOR VEHICLE, REAR END",,False,Overcast,Dry,Dusk,,,,13.0,From same direction - both going straight - both moving - rear-end,0,0,False,0
-122.312759951081,47.5974916350313,205444,306774,308054,E859413,Matched,Intersection,30437.0,RAINIER AVE S AND S WELLER ST, ,,2,Injury Collision,Left Turn,2,0,0,2,1,0,2018-11-11 00:00:00+00,11/11/2018 12:25:00 PM,At Intersection (intersection related),11,"MOTOR VEHICLE STRUCK MOTOR VEHICLE, FRONT END AT ANGLE",,False,Overcast,Dry,Daylight,,,,28.0,From opposite direction - one left turn - one straight,0,0,False,0
-122.334275943277,47.7341365013854,205445,306466,307746,E838939,Matched,Intersection,35910.0,MERIDIAN AVE N AND N 145TH ST, ,,1,Property Damage Only Collision,Angles,2,0,0,2,0,0,2018-09-10 00:00:00+00,9/10/2018 6:51:00 PM,At Intersection (intersection related),14,"MOTOR VEHICLE STRUCK MOTOR VEHICLE, REAR END",True,False,Clear or Partly Cloudy,Dry,Dusk,,,,10.0,Entering at angle,0,0,False,0
-122.330465293912,47.5443864916212,205446,306464,307744,E838765,Matched,Block,,EAST MARGINAL WAY S BETWEEN S MICHIGAN ST AND 4TH AVE S, ,,1,Property Damage Only Collision,Rear Ended,2,0,0,2,0,0,2018-09-10 00:00:00+00,9/10/2018 6:35:00 AM,Mid-Block (not related to intersection),14,"MOTOR VEHICLE STRUCK MOTOR VEHICLE, REAR END",True,False,Overcast,Dry,Daylight,,,,14.0,From same direction - both going straight - one stopped - rear-end,0,0,False,0
-122.360691243901,47.6960452360823,205447,306773,308053,E859375,Matched,Intersection,37157.0,3RD AVE NW AND NW 92ND ST, ,,1,Property Damage Only Collision,Angles,2,0,0,2,0,0,2018-11-10 00:00:00+00,11/10/2018 2:56:00 PM,At Intersection (intersection related),11,"MOTOR VEHICLE STRUCK MOTOR VEHICLE, FRONT END AT ANGLE",,False,Clear or Partly Cloudy,Dry,Daylight,,,,10.0,Entering at angle,0,0,False,0
-122.320185078952,47.6796034014859,205448,306461,307741,E838587,Matched,Block,,NE LAKE CITY WY OFF RP BETWEEN I5 NB AND NE 73RD ST OFF RP, ,,1,Property Damage Only Collision,Other,1,0,0,1,0,0,2018-09-16 00:00:00+00,9/16/2018 8:48:00 AM,Mid-Block (not related to intersection),26,MOTOR VEHICLE STRUCK OBJECT IN ROAD,,False,Raining,Wet,Daylight,,,True,50.0,Fixed object,0,0,False,0
-122.26998705276,47.5291301146044,205450,306772,308052,E858850,Matched,Intersection,35416.0,RAINIER AVE S AND S ROSE S ST, ,,1,Property Damage Only Collision,Angles,5,0,0,2,0,0,2018-11-09 00:00:00+00,11/9/2018 2:07:00 PM,At Intersection (intersection related),11,"MOTOR VEHICLE STRUCK MOTOR VEHICLE, FRONT END AT ANGLE",,False,Overcast,Wet,Daylight,,,,10.0,Entering at angle,0,0,False,0
-122.33375202376,47.6886554554299,205451,306459,307739,E855026,Matched,Block,,N 82ND ST BETWEEN STROUD AVE N AND MERIDIAN AVE N, ,,2,Injury Collision,Pedestrian,2,1,0,1,1,0,2018-10-26 00:00:00+00,10/26/2018 2:40:00 PM,Mid-Block (not related to intersection),24,MOTOR VEHCILE STRUCK PEDESTRIAN,,False,Overcast,Dry,Daylight,,,,0.0,Vehicle going straight hits pedestrian,0,0,False,0
-122.330264793185,47.6017161563463,205452,306771,308051,3814483,Matched,Intersection,30487.0,3RD AVE AND YESLER WAY, ,,1,Property Damage Only Collision,Pedestrian,2,1,0,1,0,0,2018-11-07 00:00:00+00,11/7/2018 4:52:00 PM,At Intersection (intersection related),24,MOTOR VEHCILE STRUCK PEDESTRIAN,True,False,Clear or Partly Cloudy,Dry,Daylight,,,,3.0,Vehicle backing hits pedestrian,0,524160,False,0
-122.316781803662,47.6026859072,205453,306770,308050,3814403,Matched,Intersection,30403.0,12TH AVE AND E FIR ST, ,,1,Property Damage Only Collision,Angles,2,0,0,2,0,0,2018-11-10 00:00:00+00,11/10/2018 2:22:00 AM,At Intersection (intersection related),11,"MOTOR VEHICLE STRUCK MOTOR VEHICLE, FRONT END AT ANGLE",,False,Raining,Wet,Dark - Street Lights On,,,,10.0,Entering at angle,0,0,False,0
-122.347323442948,47.6553951551684,205454,306458,307738,E838267,Matched,Intersection,26982.0,AURORA AVE N AND N 40TH ST, ,,2,Injury Collision,Rear Ended,3,0,0,3,2,0,2018-08-07 00:00:00+00,8/7/2018 5:31:00 PM,At Intersection (intersection related),14,"MOTOR VEHICLE STRUCK MOTOR VEHICLE, REAR END",,False,Clear or Partly Cloudy,Dry,Daylight,,,,13.0,From same direction - both going straight - both moving - rear-end,0,0,False,0
-122.365571285157,47.5544368211878,205456,306927,308207,3742291,Matched,Block,,26TH AVE SW BETWEEN PUGET BLVD SW AND SW BRANDON ST, ,,1,Property Damage Only Collision,Rear Ended,2,0,0,2,0,0,2018-10-31 00:00:00+00,10/31/2018 11:03:00 PM,Mid-Block (not related to intersection),14,"MOTOR VEHICLE STRUCK MOTOR VEHICLE, REAR END",,True,Raining,Wet,Dark - No Street Lights,,,,13.0,From same direction - both going straight - both moving - rear-end,0,0,False,0
-122.31191620917,47.6664282840811,205457,306444,307724,E855029,Matched,Intersection,26051.0,15TH AVE NE AND NE 52ND ST, ,,2,Injury Collision,Cycles,2,0,1,1,1,0,2018-10-28 00:00:00+00,10/28/2018 3:12:00 PM,At Intersection (intersection related),51,PEDALCYCLIST STRUCK MOTOR VEHICLE FRONT END AT ANGLE,,False,Clear or Partly Cloudy,Wet,Daylight,,,,8.0,Pedalcyclist All Other Involvements ONE UNIT - PEDALCYCLIST ONLY or PEDALCYCLIST STR,0,0,False,0
-122.347308131938,47.6982675657968,205458,306930,308210,3751274,Matched,Block,,LINDEN AVE N BETWEEN N 95TH ST AND N 96TH ST, ,,1,Property Damage Only Collision,Parked Car,2,0,0,2,0,0,2018-10-30 00:00:00+00,10/30/2018 12:48:00 PM,Mid-Block (not related to intersection),11,"MOTOR VEHICLE STRUCK MOTOR VEHICLE, FRONT END AT ANGLE",,False,Overcast,Dry,Daylight,,,,32.0,One parked--one moving,0,0,False,0
-122.393007142359,47.6389772237323,205459,306769,308049,3811917,Matched,Block,,28TH AVE W BETWEEN W LYNN S ST AND W LYNN N ST, ,,1,Property Damage Only Collision,Left Turn,2,0,0,2,0,0,2018-11-11 00:00:00+00,11/11/2018 11:08:00 PM,Driveway Junction,11,"MOTOR VEHICLE STRUCK MOTOR VEHICLE, FRONT END AT ANGLE",,False,Clear or Partly Cloudy,Dry,Dark - Street Lights On,,,,15.0,From same direction - one left turn - one straight,0,0,False,0
-122.336043890074,47.6028043663014,205460,306768,308048,3811916,Matched,Intersection,30352.0,COLUMBIA ST AND WESTERN AVE, ,,2,Injury Collision,Angles,2,0,0,2,1,0,2018-11-10 00:00:00+00,11/10/2018 11:25:00 AM,At Intersection (intersection related),11,"MOTOR VEHICLE STRUCK MOTOR VEHICLE, FRONT END AT ANGLE",,False,Clear or Partly Cloudy,Dry,Daylight,,,,10.0,Entering at angle,0,0,False,0
-122.355414634648,47.6232715231664,205461,306288,307568,E854439,Matched,Intersection,28920.0,1ST AVE N AND REPUBLICAN ST, ,,1,Property Damage Only Collision,Left Turn,3,0,0,2,0,0,2018-10-12 00:00:00+00,10/12/2018 10:34:00 PM,At Intersection (intersection related),11,"MOTOR VEHICLE STRUCK MOTOR VEHICLE, FRONT END AT ANGLE",,False,Clear or Partly Cloudy,Dry,Dark - Street Lights On,,,,15.0,From same direction - one left turn - one straight,0,0,False,0
-122.345085277257,47.7330620900585,205462,306286,307566,E854857,Matched,Block,,AURORA AVE N BETWEEN N 143RD ST AND ROOSEVELT WAY N, ,,2,Injury Collision,Left Turn,2,0,0,2,1,0,2018-10-29 00:00:00+00,10/29/2018 12:31:00 PM,Driveway Junction,11,"MOTOR VEHICLE STRUCK MOTOR VEHICLE, FRONT END AT ANGLE",True,False,Clear or Partly Cloudy,Dry,Daylight,,,,28.0,From opposite direction - one left turn - one straight,0,0,False,0
-122.335569928895,47.5217841204985,205463,306626,307906,E846038,Matched,Block,,OLSON PL SW BETWEEN 1ST AVE S AND 2ND AVE SW, ,,1,Property Damage Only Collision,Rear Ended,3,0,0,3,0,0,2018-09-20 00:00:00+00,9/20/2018 9:03:00 AM,Mid-Block (not related to intersection),14,"MOTOR VEHICLE STRUCK MOTOR VEHICLE, REAR END",,False,Clear or Partly Cloudy,Dry,Daylight,,,,14.0,From same direction - both going straight - one stopped - rear-end,0,0,False,0
-122.344234863387,47.6297273165143,205464,306285,307565,E854840,Matched,Block,,HIGHLAND DR BETWEEN 6TH AVE N AND AURORA AVE N, ,,1,Property Damage Only Collision,Other,3,0,0,2,0,0,2018-10-26 00:00:00+00,10/26/2018 10:10:00 AM,Mid-Block (but intersection related),11,"MOTOR VEHICLE STRUCK MOTOR VEHICLE, FRONT END AT ANGLE",,False,Clear or Partly Cloudy,Wet,Daylight,,,,23.0,From same direction - all others,0,0,False,0
-122.362787056118,47.5691425988285,205465,306929,308209,3745913,Matched,Block,,DELRIDGE WAY SW BETWEEN DELRIDGE-W SEATTLE BR EB ON RP AND SW ANDOVER ST, ,,1,Property Damage Only Collision,Sideswipe,2,0,0,2,0,0,2018-11-14 00:00:00+00,11/14/2018 6:54:00 AM,Mid-Block (not related to intersection),11,"MOTOR VEHICLE STRUCK MOTOR VEHICLE, FRONT END AT ANGLE",,False,Raining,Wet,Daylight,,,,11.0,From same direction - both going straight - both moving - sideswipe,0,0,False,0
-122.333527003241,47.5361684323403,205466,306625,307905,E846005,Matched,Block,,WEST MARGINAL WAY S BETWEEN 1ST AVE S AND S HOLDEN ST, ,,1,Property Damage Only Collision,Rear Ended,2,0,0,2,0,0,2018-09-24 00:00:00+00,9/24/2018 5:48:00 PM,Mid-Block (not related to intersection),14,"MOTOR VEHICLE STRUCK MOTOR VEHICLE, REAR END",True,False,Clear or Partly Cloudy,Dry,Daylight,,,,13.0,From same direction - both going straight - both moving - rear-end,0,0,False,0
-122.333527003241,47.5361684323403,205467,306624,307904,E846004,Matched,Block,,WEST MARGINAL WAY S BETWEEN 1ST AVE S AND S HOLDEN ST, ,,1,Property Damage Only Collision,Rear Ended,2,0,0,2,0,0,2018-09-24 00:00:00+00,9/24/2018 10:49:00 PM,Mid-Block (not related to intersection),14,"MOTOR VEHICLE STRUCK MOTOR VEHICLE, REAR END",,False,Clear or Partly Cloudy,Dry,Dark - Street Lights On,,,,13.0,From same direction - both going straight - both moving - rear-end,0,0,False,0
-122.346524950383,47.6151401137963,205469,306623,307903,3703918,Matched,Block,,BATTERY ST BETWEEN 2ND AVE AND 3RD AVE, ,,1,Property Damage Only Collision,Other,2,0,0,2,0,0,2018-11-09 00:00:00+00,11/9/2018 8:08:00 PM,Mid-Block (not related to intersection),11,"MOTOR VEHICLE STRUCK MOTOR VEHICLE, FRONT END AT ANGLE",,False,Clear or Partly Cloudy,Dry,Dark - Street Lights On,,,,23.0,From same direction - all others,0,0,False,0
-122.332479864715,47.6701461275571,205470,307449,308729,3706186,Matched,Intersection,25842.0,KIRKWOOD PL N AND N 57TH ST, ,,1,Property Damage Only Collision,Angles,2,0,0,2,0,0,2018-12-01 00:00:00+00,12/1/2018 9:23:00 PM,At Intersection (intersection related),11,"MOTOR VEHICLE STRUCK MOTOR VEHICLE, FRONT END AT ANGLE",,False,Overcast,Wet,Dark - Street Lights On,,,,10.0,Entering at angle,0,0,False,0
-122.311529602886,47.5958738813624,205471,304317,305557,E844183,Matched,Intersection,30781.0,RAINIER AVE S AND S DEARBORN ST, ,,2,Injury Collision,Left Turn,2,0,0,2,1,0,2018-09-20 00:00:00+00,9/20/2018 11:50:00 AM,At Intersection (intersection related),14,"MOTOR VEHICLE STRUCK MOTOR VEHICLE, REAR END",True,False,Clear or Partly Cloudy,Dry,Daylight,,,,15.0,From same direction - one left turn - one straight,0,0,False,0
-122.339105550366,47.6869261197867,205472,307448,308728,3706003,Matched,Intersection,24230.0,ASHWORTH AVE N AND N 80TH ST, ,,2,Injury Collision,Angles,2,0,0,2,1,0,2018-12-03 00:00:00+00,12/3/2018 1:31:00 PM,At Intersection (intersection related),11,"MOTOR VEHICLE STRUCK MOTOR VEHICLE, FRONT END AT ANGLE",,False,Clear or Partly Cloudy,Dry,Daylight,,,True,10.0,Entering at angle,0,0,False,0
-122.30461234736,47.6466062327446,205473,307587,308867,3814490,Matched,Block,,MONTLAKE BLVD E BETWEEN E SHELBY ST AND MONTLAKE BR, ,,2,Injury Collision,Rear Ended,4,0,0,2,1,0,2018-11-23 00:00:00+00,11/23/2018 6:55:00 PM,Mid-Block (not related to intersection),14,"MOTOR VEHICLE STRUCK MOTOR VEHICLE, REAR END",True,False,Overcast,Wet,Daylight,,,,13.0,From same direction - both going straight - both moving - rear-end,0,0,False,0
-122.356947433694,47.5692280081666,205474,307260,308540,3731768,Matched,Block,,18TH AVE SW BETWEEN SW CHARLESTOWN ST AND DEAD END 1, ,,1,Property Damage Only Collision,Other,1,0,0,1,0,0,2018-11-05 00:00:00+00,11/5/2018 8:35:00 AM,Mid-Block (not related to intersection),28,MOTOR VEHICLE RAN OFF ROAD - HIT FIXED OBJECT,,False,Raining,Wet,Dark - Street Lights On,,,,50.0,Fixed object,0,0,False,0
-122.320081609449,47.6766421834766,205475,307458,308738,3809931,Matched,Intersection,24489.0,8TH AVE NE AND WEEDIN PL NE, ,,1,Property Damage Only Collision,Parked Car,2,0,0,2,0,0,2018-12-01 00:00:00+00,12/1/2018 11:57:00 PM,At Intersection (intersection related),14,"MOTOR VEHICLE STRUCK MOTOR VEHICLE, REAR END",,False,Raining,Wet,Dark - Street Lights On,,,,32.0,One parked--one moving,0,0,True,0
-122.335067542643,47.6246172836273,205476,307259,308539,E861975,Matched,Block,,MERCER SR ST BETWEEN BOREN AVE N AND FAIRVIEW N AVE N, ,,1,Property Damage Only Collision,Sideswipe,3,0,0,2,0,0,2018-11-18 00:00:00+00,11/18/2018 12:53:00 PM,Mid-Block (not related to intersection),14,"MOTOR VEHICLE STRUCK MOTOR VEHICLE, REAR END",,False,Clear or Partly Cloudy,Dry,Daylight,,,,11.0,From same direction - both going straight - both moving - sideswipe,0,0,False,0
-122.367865127515,47.6621954055336,205477,307453,308733,3809927,Matched,Intersection,25464.0,LEARY WAY NW AND NW 46TH ST, ,,2,Injury Collision,Angles,2,0,0,2,1,0,2018-11-30 00:00:00+00,11/30/2018 9:13:00 PM,At Intersection (intersection related),11,"MOTOR VEHICLE STRUCK MOTOR VEHICLE, FRONT END AT ANGLE",,False,Raining,Wet,Dark - Street Lights On,,,,10.0,Entering at angle,0,0,False,0
-122.312718948823,47.6199672979871,205497,307118,308398,3814454,Matched,Intersection,29059.0,15TH AVE E AND E JOHN ST, ,,1,Property Damage Only Collision,Sideswipe,2,0,0,2,0,0,2018-10-31 00:00:00+00,10/31/2018 9:54:00 AM,At Intersection (intersection related),11,"MOTOR VEHICLE STRUCK MOTOR VEHICLE, FRONT END AT ANGLE",,False,Overcast,Dry,Daylight,,,,81.0,Same direction -- both turning left -- both moving -- sideswipe,0,0,False,0
-122.370104640109,47.5414357465096,205478,307590,308870,3742299,Matched,Block,,SYLVAN WAY SW BETWEEN HIGH POINT DR SW AND SW SYLVAN HEIGHTS DR, ,,1,Property Damage Only Collision,Sideswipe,3,0,0,3,0,0,2018-11-22 00:00:00+00,11/22/2018 9:43:00 PM,Mid-Block (not related to intersection),11,"MOTOR VEHICLE STRUCK MOTOR VEHICLE, FRONT END AT ANGLE",,False,Raining,Wet,Dark - Street Lights On,,,True,26.0,From opposite direction - both going straight - sideswipe,0,0,False,0
-122.348673307898,47.6134795881013,205479,304320,305560,E844189,Matched,Intersection,29699.0,BATTERY ST AND WESTERN AVE, ,,1,Property Damage Only Collision,Sideswipe,2,0,0,2,0,0,2018-10-01 00:00:00+00,10/1/2018 9:34:00 AM,At Intersection (intersection related),11,"MOTOR VEHICLE STRUCK MOTOR VEHICLE, FRONT END AT ANGLE",,False,Raining,Wet,Daylight,,,,71.0,Same direction -- both turning right -- both moving -- sideswipe,0,0,False,0
-122.320727861346,47.661319003343,205480,307258,308538,E861413,Matched,Intersection,27070.0,7TH AVE NE AND NE 45TH ST, ,,1,Property Damage Only Collision,Rear Ended,3,0,0,3,0,0,2018-11-14 00:00:00+00,11/14/2018 8:41:00 AM,At Intersection (intersection related),14,"MOTOR VEHICLE STRUCK MOTOR VEHICLE, REAR END",,False,Clear or Partly Cloudy,Wet,Daylight,,,,13.0,From same direction - both going straight - both moving - rear-end,0,0,False,0