longitude,latitude,objectid,inckey,coldetkey,reportno,status,addrtype,intkey,location,exceptrsncode,exceptrsndesc,severitycode,severitydesc,collisiontype,personcount,pedcount,pedcylcount,vehcount,injuries,fatalities,incdate,incdttm,junctiontype,sdot_colcode,sdot_coldesc,inattentionind,underinfl,weather,roadcond,lightcond,pedrownotgrnt,sdotcolnum,speeding,st_colcode,st_coldesc,seglanekey,crosswalkkey,hitparkedcar,seriousinjuries
-122.320219724814,47.6849501599132,205482,307257,308537,E861376,Matched,Block,,8TH AVE NE BETWEEN NE 77TH ST AND NE 78TH ST, ,,1,Property Damage Only Collision,Parked Car,2,0,0,2,0,0,2018-11-13 00:00:00+00,11/13/2018 2:26:00 PM,Mid-Block (not related to intersection),11,"MOTOR VEHICLE STRUCK MOTOR VEHICLE, FRONT END AT ANGLE",True,False,Clear or Partly Cloudy,Dry,Daylight,,,,32.0,One parked--one moving,0,0,False,0
-122.343594450205,47.7195719893544,205483,307256,308536,E861865,Matched,Block,,N 125TH ST BETWEEN AURORA AVE N AND STONE AVE N, ,,1,Property Damage Only Collision,Head On,3,0,0,2,0,0,2018-11-17 00:00:00+00,11/17/2018 10:17:00 AM,Mid-Block (not related to intersection),11,"MOTOR VEHICLE STRUCK MOTOR VEHICLE, FRONT END AT ANGLE",,False,Clear or Partly Cloudy,Dry,Daylight,,,,24.0,From opposite direction - both moving - head-on,0,0,False,0
-122.277576653157,47.7116063297777,205484,307456,308736,3809930,Matched,Intersection,36773.0,LAKESIDE AVE NE AND NE 113TH ST, ,,2,Injury Collision,Angles,7,0,0,3,1,0,2018-12-01 00:00:00+00,12/1/2018 4:36:00 PM,At Intersection (intersection related),11,"MOTOR VEHICLE STRUCK MOTOR VEHICLE, FRONT END AT ANGLE",,False,Overcast,Wet,Dusk,,,,10.0,Entering at angle,0,0,False,0
-122.312674751098,47.7203169286599,205485,307255,308535,E861375,Matched,Block,,15TH AVE NE BETWEEN NE 125TH ST AND NE 127TH ST, ,,2,Injury Collision,Left Turn,2,0,0,2,1,0,2018-11-13 00:00:00+00,11/13/2018 12:48:00 PM,Mid-Block (not related to intersection),11,"MOTOR VEHICLE STRUCK MOTOR VEHICLE, FRONT END AT ANGLE",,False,Clear or Partly Cloudy,Dry,Daylight,,,,28.0,From opposite direction - one left turn - one straight,0,0,False,0
-122.344966862431,47.7223018735588,205486,307452,308732,3754374,Matched,Intersection,35827.0,AURORA AVE N AND N 128TH ST, ,,2,Injury Collision,Left Turn,2,0,0,2,2,0,2018-12-02 00:00:00+00,12/2/2018 2:19:00 PM,At Intersection (intersection related),11,"MOTOR VEHICLE STRUCK MOTOR VEHICLE, FRONT END AT ANGLE",,False,Raining,Wet,Daylight,,,,28.0,From opposite direction - one left turn - one straight,0,0,False,0
-122.373169015867,47.630289573914,205487,304318,305558,E844185,Matched,Intersection,28689.0,ELLIOTT AVE W AND W LEE ST, ,,2,Injury Collision,Left Turn,4,0,0,2,1,0,2018-09-28 00:00:00+00,9/28/2018 11:05:00 AM,At Intersection (intersection related),11,"MOTOR VEHICLE STRUCK MOTOR VEHICLE, FRONT END AT ANGLE",,False,Clear or Partly Cloudy,Dry,Daylight,,,,28.0,From opposite direction - one left turn - one straight,0,0,False,0
-122.288873229847,47.5711178968839,205488,307254,308534,E861320,Matched,Block,,35TH AVE S BETWEEN S HINDS ST AND S CHARLESTOWN ST, ,,2,Injury Collision,Sideswipe,2,0,0,2,1,0,2018-11-09 00:00:00+00,11/9/2018 8:42:00 AM,Mid-Block (not related to intersection),11,"MOTOR VEHICLE STRUCK MOTOR VEHICLE, FRONT END AT ANGLE",,True,Clear or Partly Cloudy,Dry,Daylight,,,,11.0,From same direction - both going straight - both moving - sideswipe,0,0,False,0
-122.344896078772,47.7171731009263,205489,307583,308863,3809835,Matched,Block,,AURORA AVE N BETWEEN N 117TH PL AND N 125TH ST, ,,1,Property Damage Only Collision,Sideswipe,2,0,0,2,0,0,2018-11-19 00:00:00+00,11/19/2018 4:15:00 PM,Mid-Block (not related to intersection),11,"MOTOR VEHICLE STRUCK MOTOR VEHICLE, FRONT END AT ANGLE",,False,Clear or Partly Cloudy,Dry,Dusk,,,,11.0,From same direction - both going straight - both moving - sideswipe,0,0,False,0
-122.41262112711,47.5785487346315,205490,307588,308868,3746082,Matched,Block,,ALKI AVE SW BETWEEN 62ND AVE SW AND 63RD AVE SW, ,,1,Property Damage Only Collision,Parked Car,2,0,0,2,0,0,2018-11-23 00:00:00+00,11/23/2018 4:56:00 PM,Mid-Block (not related to intersection),16,"MOTOR VEHICLE STRUCK MOTOR VEHICLE, LEFT SIDE SIDESWIPE",True,False,Overcast,Wet,Dusk,,,,32.0,One parked--one moving,0,0,False,0
-122.254536615777,47.5063528316202,205491,307253,308533,E861319,Matched,Intersection,38250.0,RENTON AVE S AND S BANGOR ST, ,,1,Property Damage Only Collision,Other,1,0,0,1,0,0,2018-11-14 00:00:00+00,11/14/2018 7:55:00 AM,At Intersection (intersection related),26,MOTOR VEHICLE STRUCK OBJECT IN ROAD,True,False,Raining,Wet,Daylight,,,,50.0,Fixed object,0,0,False,0
-122.347300705301,47.6450296898032,205492,307120,308400,3811879,Matched,Block,,WESTLAKE AVE N BETWEEN NEWELL ST AND NICKERSON ST, ,,1,Property Damage Only Collision,Other,1,0,0,1,0,0,2018-11-01 00:00:00+00,11/1/2018 2:35:00 AM,Mid-Block (not related to intersection),28,MOTOR VEHICLE RAN OFF ROAD - HIT FIXED OBJECT,True,True,Clear or Partly Cloudy,Wet,Dark - Street Lights On,,,True,50.0,Fixed object,0,0,False,0
-122.289234813546,47.5534542312304,205493,307119,308399,3811078,Matched,Intersection,485820.0,M L KING JR WR WAY S AND S BRANDON ST, ,,1,Property Damage Only Collision,Other,2,0,0,2,0,0,2018-10-31 00:00:00+00,10/31/2018 9:28:00 PM,At Intersection (intersection related),11,"MOTOR VEHICLE STRUCK MOTOR VEHICLE, FRONT END AT ANGLE",,False,Overcast,Wet,Dark - Street Lights On,,,,40.0,Railway Vehicle Strikes Vehicle,0,0,False,0
-122.393459895262,47.5629706343615,205494,307451,308731,3745820,Matched,Intersection,31993.0,48TH AVE SW AND SW OREGON ST, ,,1,Property Damage Only Collision,Angles,3,0,0,2,0,0,2018-12-01 00:00:00+00,12/1/2018 8:14:00 AM,At Intersection (intersection related),11,"MOTOR VEHICLE STRUCK MOTOR VEHICLE, FRONT END AT ANGLE",,False,Clear or Partly Cloudy,Wet,Daylight,,,,10.0,Entering at angle,0,0,False,0
-122.342841710295,47.613550570531,205495,304311,305551,E834344,Matched,Block,,3RD AVE BETWEEN LENORA ST AND BLANCHARD ST, ,,1,Property Damage Only Collision,Sideswipe,2,0,0,2,0,0,2018-08-23 00:00:00+00,8/23/2018 7:13:00 PM,Mid-Block (not related to intersection),14,"MOTOR VEHICLE STRUCK MOTOR VEHICLE, REAR END",,False,Clear or Partly Cloudy,Dry,Daylight,,,,12.0,From same direction - both going straight - one stopped - sideswipe,0,0,False,0
-122.28797846084,47.5270048987067,205498,307117,308397,3811333,Matched,Block,,BEACON WR AVE S BETWEEN S THISTLE S ST AND S CLOVERDALE ST, ,,2,Injury Collision,Other,2,0,0,1,1,0,2018-10-25 00:00:00+00,10/25/2018 11:37:00 AM,Mid-Block (not related to intersection),28,MOTOR VEHICLE RAN OFF ROAD - HIT FIXED OBJECT,True,False,Raining,Wet,Daylight,,,,50.0,Fixed object,0,0,False,0
-122.286688260164,47.5904677878431,205500,307116,308396,3814455,Matched,Block,,LAKESIDE AVE S BETWEEN S IRVING ST AND S DAY ST, ,,3,Fatality Collision,Pedestrian,3,1,0,1,0,1,2018-10-31 00:00:00+00,10/31/2018 11:35:00 PM,Mid-Block (not related to intersection),24,MOTOR VEHCILE STRUCK PEDESTRIAN,,False,Raining,Wet,Dark - Street Lights On,,,,0.0,Vehicle going straight hits pedestrian,0,0,False,0
-122.323275453106,47.7085941336346,205501,307450,308730,3707714,Matched,Intersection,36499.0,5TH AVE NE AND NE NORTHGATE WAY, ,,2,Injury Collision,Pedestrian,2,1,0,1,1,0,2018-11-30 00:00:00+00,11/30/2018 6:36:00 PM,At Intersection (intersection related),24,MOTOR VEHCILE STRUCK PEDESTRIAN,,False,Raining,Wet,Dark - Street Lights On,True,,,1.0,Vehicle turning right hits pedestrian,0,524506,False,0
-122.360479871378,47.6768692075437,205502,307589,308869,3767481,Matched,Block,,3RD AVE NW BETWEEN NW 65TH ST AND NW 67TH ST, ,,2,Injury Collision,Parked Car,3,0,0,3,1,0,2018-11-23 00:00:00+00,11/23/2018 2:07:00 AM,Mid-Block (not related to intersection),14,"MOTOR VEHICLE STRUCK MOTOR VEHICLE, REAR END",True,True,Raining,Wet,Dark - Street Lights On,,,,32.0,One parked--one moving,0,0,True,0
-122.31657709206,47.5942816837734,205503,304319,305559,E844188,Matched,Intersection,30453.0,GOLF DR S AND S CHARLES ST, ,,2b,Serious Injury Collision,Pedestrian,2,1,0,1,1,0,2018-09-26 00:00:00+00,9/26/2018 1:01:00 PM,At Intersection (intersection related),24,MOTOR VEHCILE STRUCK PEDESTRIAN,,False,Clear or Partly Cloudy,Dry,Daylight,True,,,2.0,Vehicle turning left hits pedestrian,0,522930,False,1
-122.310761810499,47.579890562381,205504,307115,308395,3814969,Matched,Block,,17TH AVE S BETWEEN S WAITE ST AND S LANDER ST, ,,1,Property Damage Only Collision,Pedestrian,2,1,0,1,0,0,2018-10-30 00:00:00+00,10/30/2018 8:00:00 AM,Driveway Junction,24,MOTOR VEHCILE STRUCK PEDESTRIAN,,False,Overcast,Dry,Daylight,,,,2.0,Vehicle turning left hits pedestrian,0,0,False,0
-122.349681870659,47.6152490859424,205505,307584,308864,3811924,Matched,Intersection,29685.0,1ST AVE AND VINE ST, ,,1,Property Damage Only Collision,Angles,2,0,0,2,0,0,2018-11-19 00:00:00+00,11/19/2018 4:58:00 PM,At Intersection (intersection related),11,"MOTOR VEHICLE STRUCK MOTOR VEHICLE, FRONT END AT ANGLE",,False,Clear or Partly Cloudy,Dry,Dark - Street Lights On,,,,10.0,Entering at angle,0,0,False,0
-122.340455818776,47.686929538927,205506,305483,306763,E848640,Matched,Intersection,24229.0,GREEN LAKE DR N AND N 80TH ST, ,,1,Property Damage Only Collision,Left Turn,2,0,0,2,0,0,2018-10-12 00:00:00+00,10/12/2018 2:25:00 PM,At Intersection (intersection related),11,"MOTOR VEHICLE STRUCK MOTOR VEHICLE, FRONT END AT ANGLE",,False,Clear or Partly Cloudy,Dry,Daylight,,,,15.0,From same direction - one left turn - one straight,0,0,False,0
-122.303055178719,47.6431580071976,205509,305482,306762,E848616,Matched,Intersection,28395.0,EAST MONTLAKE PL E AND E ROANOKE ST, ,,1,Property Damage Only Collision,Left Turn,3,0,0,2,0,0,2018-10-11 00:00:00+00,10/11/2018 10:46:00 AM,At Intersection (intersection related),11,"MOTOR VEHICLE STRUCK MOTOR VEHICLE, FRONT END AT ANGLE",,False,Clear or Partly Cloudy,Dry,Daylight,,,,28.0,From opposite direction - one left turn - one straight,0,0,False,0
-122.319753993727,47.5520818789892,205511,305481,306761,E848615,Matched,Intersection,33108.0,AIRPORT WAY S AND CORSON AVE S, ,,1,Property Damage Only Collision,Angles,2,0,0,2,0,0,2018-10-12 00:00:00+00,10/12/2018 12:37:00 PM,At Intersection (intersection related),11,"MOTOR VEHICLE STRUCK MOTOR VEHICLE, FRONT END AT ANGLE",,False,Clear or Partly Cloudy,Dry,Daylight,,,,10.0,Entering at angle,0,0,False,0
-122.307622626929,47.608021074698,205513,305480,306760,E848613,Matched,Intersection,30177.0,19TH AVE AND E CHERRY ST, ,,1,Property Damage Only Collision,Angles,2,0,0,2,0,0,2018-10-11 00:00:00+00,10/11/2018 11:10:00 AM,At Intersection (intersection related),11,"MOTOR VEHICLE STRUCK MOTOR VEHICLE, FRONT END AT ANGLE",,False,Clear or Partly Cloudy,Dry,Daylight,,,,10.0,Entering at angle,0,0,False,0
-122.386761601069,47.5747251091601,205515,305625,306905,3745689,Matched,Block,,CALIFORNIA AVE SW BETWEEN SW HANFORD ST AND SW HINDS N ST, ,,2,Injury Collision,Pedestrian,2,1,0,1,1,0,2018-10-01 00:00:00+00,10/1/2018 3:45:00 PM,Mid-Block (not related to intersection),24,MOTOR VEHCILE STRUCK PEDESTRIAN,,False,Clear or Partly Cloudy,Dry,Daylight,,,,0.0,Vehicle going straight hits pedestrian,0,0,False,0
-122.291503106425,47.7155062250806,205516,305479,306759,E848377,Matched,Intersection,36617.0,35TH AVE NE AND NE 120TH ST, ,,2,Injury Collision,Angles,4,0,0,3,1,0,2018-10-12 00:00:00+00,10/12/2018 4:54:00 PM,At Intersection (intersection related),11,"MOTOR VEHICLE STRUCK MOTOR VEHICLE, FRONT END AT ANGLE",,False,Clear or Partly Cloudy,Dry,Daylight,,,True,10.0,Entering at angle,0,0,False,0
-122.387285511971,47.5383937751807,205517,305624,306904,3745604,Matched,Block,,CALIFORNIA AVE SW BETWEEN SW OTHELLO N ST AND SW OTHELLO S ST, ,,1,Property Damage Only Collision,Other,1,0,0,1,0,0,2018-10-01 00:00:00+00,10/1/2018 9:00:00 AM,Mid-Block (not related to intersection),26,MOTOR VEHICLE STRUCK OBJECT IN ROAD,True,False,Raining,Wet,Daylight,,,True,50.0,Fixed object,0,0,False,0
-122.306846008989,47.6916775591628,205518,305217,306497,E846970,Matched,Block,,20TH AVE NE BETWEEN LAKE CITY WAY NE AND NE 88TH ST, ,,2,Injury Collision,Rear Ended,2,0,0,2,1,0,2018-10-03 00:00:00+00,10/3/2018 3:35:00 PM,Mid-Block (not related to intersection),14,"MOTOR VEHICLE STRUCK MOTOR VEHICLE, REAR END",True,False,Clear or Partly Cloudy,Dry,Daylight,,,,14.0,From same direction - both going straight - one stopped - rear-end,0,0,False,0
-122.342099509076,47.66357826817,205519,305197,306477,E846969,Matched,Intersection,25539.0,STONE AVE N AND N 48TH ST, ,,2,Injury Collision,Rear Ended,2,0,0,2,2,0,2018-09-25 00:00:00+00,9/25/2018 2:55:00 PM,At Intersection (intersection related),14,"MOTOR VEHICLE STRUCK MOTOR VEHICLE, REAR END",,True,Clear or Partly Cloudy,Dry,Daylight,,,,13.0,From same direction - both going straight - both moving - rear-end,0,0,False,0
-122.360484591338,47.5239965534092,205520,305623,306903,3745496,Matched,Block,,DELRIDGE WAY SW BETWEEN SW TRENTON ST AND 21ST S AVE SW, ,,1,Property Damage Only Collision,Parked Car,2,0,0,2,0,0,2018-10-09 00:00:00+00,10/9/2018 9:00:00 AM,Mid-Block (not related to intersection),14,"MOTOR VEHICLE STRUCK MOTOR VEHICLE, REAR END",,False,Clear or Partly Cloudy,Wet,Dark - Street Lights On,,,,32.0,One parked--one moving,0,0,True,0
-122.346085352414,47.6624965346432,205521,305177,306457,E846968,Matched,Block,,WHITMAN AVE N BETWEEN N 46TH ST AND N 47TH ST, ,,1,Property Damage Only Collision,Rear Ended,5,0,0,3,0,0,2018-10-04 00:00:00+00,10/4/2018 4:01:00 PM,Mid-Block (not related to intersection),14,"MOTOR VEHICLE STRUCK MOTOR VEHICLE, REAR END",True,False,Clear or Partly Cloudy,Dry,Daylight,,,,13.0,From same direction - both going straight - both moving - rear-end,0,0,False,0
-122.31782315609,47.601695163537,205522,305778,307058,3693204,Matched,Intersection,30411.0,BOREN AVE AND E YESLER WAY, ,,2,Injury Collision,Pedestrian,3,1,0,2,1,0,2018-10-22 00:00:00+00,10/22/2018 2:18:00 PM,At Intersection (intersection related),24,MOTOR VEHCILE STRUCK PEDESTRIAN,True,False,Clear or Partly Cloudy,Dry,Daylight,True,,,0.0,Vehicle going straight hits pedestrian,0,0,False,0
-122.302005035313,47.58340204136,205524,305157,306437,E845524,Matched,Block,,RAINIER AVE S BETWEEN S WALKER ST AND S COLLEGE N ST, ,,1,Property Damage Only Collision,Sideswipe,3,0,0,2,0,0,2018-09-13 00:00:00+00,9/13/2018 3:14:00 PM,Mid-Block (not related to intersection),11,"MOTOR VEHICLE STRUCK MOTOR VEHICLE, FRONT END AT ANGLE",True,False,Clear or Partly Cloudy,Dry,Daylight,,,,11.0,From same direction - both going straight - both moving - sideswipe,0,0,False,0
-122.376730669456,47.5219669204072,205526,305620,306900,3745475,Matched,Block,,35TH AVE SW BETWEEN SW HENDERSON ST AND SW BARTON ST, ,,1,Property Damage Only Collision,Rear Ended,2,0,0,2,0,0,2018-10-08 00:00:00+00,10/8/2018 5:17:00 PM,Mid-Block (not related to intersection),14,"MOTOR VEHICLE STRUCK MOTOR VEHICLE, REAR END",,False,Raining,Wet,Dusk,,,,13.0,From same direction - both going straight - both moving - rear-end,0,0,False,0
-122.373914632371,47.6308802065716,205527,305138,306418,E847017,Matched,Block,,ELLIOTT AVE W BETWEEN W LEE ST AND W GALER ST FLYOVER, ,,2,Injury Collision,Left Turn,2,0,0,2,1,0,2018-10-03 00:00:00+00,10/3/2018 6:46:00 PM,Driveway Junction,11,"MOTOR VEHICLE STRUCK MOTOR VEHICLE, FRONT END AT ANGLE",,False,Clear or Partly Cloudy,Dry,Dark - Street Lights On,,,,28.0,From opposite direction - one left turn - one straight,0,0,False,0
-122.38623720891,47.6556816774439,205530,305117,306397,E847015,Matched,Block,,GILMAN AVE W BETWEEN 23RD AVE W AND W EMERSON PL, ,,2,Injury Collision,Rear Ended,2,0,0,2,1,0,2018-09-18 00:00:00+00,9/18/2018 5:54:00 PM,Mid-Block (not related to intersection),14,"MOTOR VEHICLE STRUCK MOTOR VEHICLE, REAR END",,False,Clear or Partly Cloudy,Dry,Daylight,,,,13.0,From same direction - both going straight - both moving - rear-end,0,0,False,0
-122.338903693621,47.6092851430891,205531,305777,307057,3693203,Matched,Intersection,29592.0,2ND AVE AND PIKE ST, ,,2,Injury Collision,Pedestrian,2,0,1,1,1,0,2018-10-19 00:00:00+00,10/19/2018 10:00:00 PM,At Intersection (intersection related),18,"MOTOR VEHICLE STRUCK PEDALCYCLIST, FRONT END AT ANGLE",True,False,Unknown,Dry,Dark - Street Lights On,,,,5.0,Vehicle Strikes Pedalcyclist,0,523691,False,0
-122.359904819783,47.5712794525705,205532,305619,306899,3745473,Matched,Block,,DELRIDGE-W SEATTLE BR EB ON RP BETWEEN CHELAN-W SEATTLE BR EB ON RP AND WEST SEATTLE BR EB, ,,1,Property Damage Only Collision,Other,1,0,0,1,0,0,2018-10-01 00:00:00+00,10/1/2018 4:52:00 PM,Mid-Block (not related to intersection),26,MOTOR VEHICLE STRUCK OBJECT IN ROAD,,False,Raining,Wet,Daylight,,,True,50.0,Fixed object,0,0,False,0
-122.320494188552,47.7053915772035,205534,305097,306377,E846947,Matched,Block,,8TH AVE NE BETWEEN NE 105TH ST AND NE 106TH ST, ,,1,Property Damage Only Collision,Parked Car,2,0,0,2,0,0,2018-10-09 00:00:00+00,10/9/2018 10:18:00 AM,Mid-Block (not related to intersection),11,"MOTOR VEHICLE STRUCK MOTOR VEHICLE, FRONT END AT ANGLE",,False,Overcast,Wet,Unknown,,,,32.0,One parked--one moving,0,0,True,0
-122.307383778191,47.6185055339389,205535,304323,305563,E845250,Matched,Intersection,29388.0,19TH AVE AND E DENNY WAY, ,,1,Property Damage Only Collision,Other,1,0,0,1,0,0,2018-10-03 00:00:00+00,10/3/2018 9:20:00 AM,At Intersection (intersection related),11,"MOTOR VEHICLE STRUCK MOTOR VEHICLE, FRONT END AT ANGLE",,False,Clear or Partly Cloudy,Dry,Daylight,,,,50.0,Fixed object,0,0,False,0
-122.302727368934,47.6122640561477,205536,305617,306897,E849652,Matched,Block,,23RD AVE BETWEEN E SPRING ST AND E UNION ST, ,,2,Injury Collision,Rear Ended,2,0,0,2,1,0,2018-10-10 00:00:00+00,10/10/2018 7:53:00 AM,Mid-Block (not related to intersection),14,"MOTOR VEHICLE STRUCK MOTOR VEHICLE, REAR END",,False,Clear or Partly Cloudy,Dry,Daylight,,,,14.0,From same direction - both going straight - one stopped - rear-end,0,0,False,0
-122.330937533076,47.5526949684656,205537,304322,305562,E845239,Matched,Intersection,33173.0,3RD AVE S AND S FINDLAY ST, ,,1,Property Damage Only Collision,Angles,2,0,0,2,0,0,2018-09-27 00:00:00+00,9/27/2018 12:12:00 PM,At Intersection (intersection related),11,"MOTOR VEHICLE STRUCK MOTOR VEHICLE, FRONT END AT ANGLE",True,False,Clear or Partly Cloudy,Dry,Daylight,,,,10.0,Entering at angle,0,0,False,0
-122.290325016025,47.6775994564626,205539,305486,306766,E848962,Matched,Intersection,24961.0,35TH AVE NE AND NE 68TH ST, ,,1,Property Damage Only Collision,Rear Ended,6,0,0,3,0,0,2018-10-09 00:00:00+00,10/9/2018 5:00:00 PM,At Intersection (intersection related),14,"MOTOR VEHICLE STRUCK MOTOR VEHICLE, REAR END",True,False,Clear or Partly Cloudy,Dry,Daylight,,,,13.0,From same direction - both going straight - both moving - rear-end,0,0,False,0
-122.38676064835,47.5756262511945,205540,305485,306765,E848722,Matched,Intersection,31823.0,CALIFORNIA AVE SW AND SW HANFORD ST, ,,1,Property Damage Only Collision,Angles,2,0,0,2,0,0,2018-10-09 00:00:00+00,10/9/2018 4:44:00 PM,At Intersection (intersection related),11,"MOTOR VEHICLE STRUCK MOTOR VEHICLE, FRONT END AT ANGLE",True,False,Clear or Partly Cloudy,Dry,Daylight,,,,10.0,Entering at angle,0,0,False,0
-122.349747448842,47.6495897285273,205541,304321,305561,E845196,Matched,Intersection,27039.0,FREMONT AVE N AND N 34TH ST, ,,2,Injury Collision,Sideswipe,2,0,0,2,1,0,2018-09-27 00:00:00+00,9/27/2018 1:13:00 PM,At Intersection (intersection related),11,"MOTOR VEHICLE STRUCK MOTOR VEHICLE, FRONT END AT ANGLE",,False,Clear or Partly Cloudy,Dry,Daylight,,,,11.0,From same direction - both going straight - both moving - sideswipe,0,0,False,0
-122.376488205026,47.5428618486379,205542,305484,306764,E848719,Matched,Intersection,34017.0,35TH AVE SW AND SW HOLLY ST, ,,2,Injury Collision,Angles,2,0,0,2,1,0,2018-10-07 00:00:00+00,10/7/2018 12:58:00 PM,At Intersection (intersection related),11,"MOTOR VEHICLE STRUCK MOTOR VEHICLE, FRONT END AT ANGLE",,False,Raining,Wet,Daylight,,,,10.0,Entering at angle,0,0,False,0
-122.334212149982,47.5493795138559,205544,306471,307751,E839443,Matched,Block,,1ST AVE S BETWEEN S FIDALGO ST AND EAST MARGINAL WAY S, ,,1,Property Damage Only Collision,Rear Ended,3,0,0,2,0,0,2018-09-18 00:00:00+00,9/18/2018 6:43:00 AM,Mid-Block (not related to intersection),14,"MOTOR VEHICLE STRUCK MOTOR VEHICLE, REAR END",True,False,Clear or Partly Cloudy,Dry,Dawn,,,True,14.0,From same direction - both going straight - one stopped - rear-end,0,0,False,0
-122.314076594158,47.567239995803,205545,306118,307398,E854063,Matched,Block,,S DAKOTA ST BETWEEN 14TH AVE S AND 15TH AVE S, ,,1,Property Damage Only Collision,Parked Car,2,0,0,2,0,0,2018-10-20 00:00:00+00,10/20/2018 7:32:00 PM,Mid-Block (not related to intersection),13,"MOTOR VEHICLE STRUCK MOTOR VEHICLE, LEFT SIDE AT ANGLE",,False,Clear or Partly Cloudy,Dry,Dark - Street Lights On,,,,32.0,One parked--one moving,0,0,True,0
-122.28842391502,47.5649635314921,205547,306117,307397,E854062,Matched,Block,,RAINIER AVE S BETWEEN S ADAMS ST AND S GENESEE N ST, ,,1,Property Damage Only Collision,Parked Car,2,0,0,2,0,0,2018-10-19 00:00:00+00,10/19/2018,Mid-Block (not related to intersection),11,"MOTOR VEHICLE STRUCK MOTOR VEHICLE, FRONT END AT ANGLE",,False,Clear or Partly Cloudy,Dry,Unknown,,,,32.0,One parked--one moving,0,0,True,0
-122.323945656921,47.6456217694415,205548,306292,307572,E853785,Matched,Block,,E HAMLIN ST BETWEEN FRANKLIN AVE E AND BOYLSTON AVE E, ,,1,Property Damage Only Collision,Parked Car,2,0,0,2,0,0,2018-10-27 00:00:00+00,10/27/2018 6:30:00 AM,,14,"MOTOR VEHICLE STRUCK MOTOR VEHICLE, REAR END",,False,Unknown,Unknown,Unknown,,,,32.0,One parked--one moving,0,0,True,0
-122.30796007387,47.6701589189844,205549,306099,307379,E853736,Matched,Block,,NE RAVENNA EB BV BETWEEN 18TH AVE NE AND NE 56TH ST, ,,1,Property Damage Only Collision,Other,1,0,0,1,0,0,2018-10-26 00:00:00+00,10/26/2018 12:40:00 AM,Mid-Block (not related to intersection),28,MOTOR VEHICLE RAN OFF ROAD - HIT FIXED OBJECT,,False,Raining,Wet,Dark - Street Lights On,,,True,50.0,Fixed object,0,0,False,0
-122.360803304402,47.6674130522891,205551,306469,307749,E855028,Matched,Block,,3RD AVE NW BETWEEN NW MARKET ST AND NW 54TH ST, ,,2,Injury Collision,Rear Ended,3,0,0,3,1,0,2018-10-28 00:00:00+00,10/28/2018 11:45:00 AM,Mid-Block (not related to intersection),14,"MOTOR VEHICLE STRUCK MOTOR VEHICLE, REAR END",,False,Raining,Wet,Daylight,,,True,14.0,From same direction - both going straight - one stopped - rear-end,0,0,False,0
-122.335569928895,47.5217841204985,205552,306098,307378,E853970,Matched,Block,,OLSON PL SW BETWEEN 1ST AVE S AND 2ND AVE SW, ,,2,Injury Collision,Rear Ended,2,0,0,2,1,0,2018-10-27 00:00:00+00,10/27/2018 4:00:00 PM,Mid-Block (but intersection related),14,"MOTOR VEHICLE STRUCK MOTOR VEHICLE, REAR END",,False,Raining,Wet,Dusk,,,,13.0,From same direction - both going straight - both moving - rear-end,0,0,False,0
-122.354219767133,47.5678397295282,205554,306097,307377,E853969,Matched,Block,,WEST MARGINAL WAY SW BETWEEN SW ANDOVER ST AND SW DAKOTA ST, ,,2b,Serious Injury Collision,Other,2,0,0,2,2,0,2018-10-26 00:00:00+00,10/26/2018 4:48:00 PM,Mid-Block (but intersection related),11,"MOTOR VEHICLE STRUCK MOTOR VEHICLE, FRONT END AT ANGLE",,False,Clear or Partly Cloudy,Dry,Daylight,,,,23.0,From same direction - all others,0,0,False,1
-122.394146605239,47.5629761148051,205555,305933,307213,3745500,Matched,Block,,SW OREGON ST BETWEEN 48TH AVE SW AND 49TH AVE SW, ,,1,Property Damage Only Collision,Parked Car,3,0,0,3,0,0,2018-10-23 00:00:00+00,10/23/2018 10:19:00 PM,Mid-Block (not related to intersection),11,"MOTOR VEHICLE STRUCK MOTOR VEHICLE, FRONT END AT ANGLE",True,True,Overcast,Wet,Dark - Street Lights On,,,,32.0,One parked--one moving,0,0,True,0
-122.28842391502,47.5649635314921,205558,306122,307402,E854066,Matched,Block,,RAINIER AVE S BETWEEN S ADAMS ST AND S GENESEE N ST, ,,1,Property Damage Only Collision,Sideswipe,4,0,0,3,0,0,2018-10-26 00:00:00+00,10/26/2018 5:30:00 PM,Mid-Block (not related to intersection),11,"MOTOR VEHICLE STRUCK MOTOR VEHICLE, FRONT END AT ANGLE",True,False,Clear or Partly Cloudy,Dry,Dusk,,,,11.0,From same direction - both going straight - both moving - sideswipe,0,0,False,0
-122.335067542643,47.6246172836273,205559,306476,307756,E840690,Matched,Block,,MERCER SR ST BETWEEN BOREN AVE N AND FAIRVIEW N AVE N, ,,1,Property Damage Only Collision,Sideswipe,2,0,0,2,0,0,2018-09-14 00:00:00+00,9/14/2018 1:23:00 PM,Mid-Block (not related to intersection),14,"MOTOR VEHICLE STRUCK MOTOR VEHICLE, REAR END",,False,Clear or Partly Cloudy,Dry,Daylight,,,,11.0,From same direction - both going straight - both moving - sideswipe,0,0,False,0
-122.392254747086,47.5364045253922,205560,305931,307211,3745499,Matched,Block,,FAUNTLEROY WAY SW BETWEEN SW FONTANELLE ST AND 47TH AVE SW, ,,1,Property Damage Only Collision,Angles,3,0,0,2,0,0,2018-10-19 00:00:00+00,10/19/2018 5:11:00 PM,Mid-Block (not related to intersection),11,"MOTOR VEHICLE STRUCK MOTOR VEHICLE, FRONT END AT ANGLE",,False,Clear or Partly Cloudy,Dry,Daylight,,,,10.0,Entering at angle,0,0,False,0