longitude,latitude,objectid,inckey,coldetkey,reportno,status,addrtype,intkey,location,exceptrsncode,exceptrsndesc,severitycode,severitydesc,collisiontype,personcount,pedcount,pedcylcount,vehcount,injuries,fatalities,incdate,incdttm,junctiontype,sdot_colcode,sdot_coldesc,inattentionind,underinfl,weather,roadcond,lightcond,pedrownotgrnt,sdotcolnum,speeding,st_colcode,st_coldesc,seglanekey,crosswalkkey,hitparkedcar,seriousinjuries
-122.299511974177,47.7120442522221,205562,306298,307578,E854568,Matched,Intersection,36655.0,LAKE CITY WAY NE AND NE 115TH ST, ,,2,Injury Collision,Rear Ended,2,0,0,2,1,0,2018-10-29 00:00:00+00,10/29/2018 10:40:00 AM,At Intersection (intersection related),14,"MOTOR VEHICLE STRUCK MOTOR VEHICLE, REAR END",True,False,Clear or Partly Cloudy,Dry,Daylight,,,,14.0,From same direction - both going straight - one stopped - rear-end,0,0,False,0
-122.363296505361,47.5674441598926,205563,305930,307210,3742527,Matched,Block,,DELRIDGE WAY SW BETWEEN SW ANDOVER ST AND SW DAKOTA ST, ,,2,Injury Collision,Rear Ended,2,0,0,2,1,0,2018-10-24 00:00:00+00,10/24/2018 7:58:00 AM,Mid-Block (not related to intersection),14,"MOTOR VEHICLE STRUCK MOTOR VEHICLE, REAR END",,False,Clear or Partly Cloudy,Wet,Daylight,,,,14.0,From same direction - both going straight - one stopped - rear-end,0,0,False,0
-122.36958219653,47.5478280680583,205569,305927,307207,3746007,Matched,Block,,SW RAYMOND ST BETWEEN HIGH POINT DR SW AND 29TH AVE SW, ,,2,Injury Collision,Other,2,0,0,2,1,0,2018-10-21 00:00:00+00,10/21/2018 5:52:00 PM,Mid-Block (not related to intersection),11,"MOTOR VEHICLE STRUCK MOTOR VEHICLE, FRONT END AT ANGLE",,False,Clear or Partly Cloudy,Dry,Dawn,,,,23.0,From same direction - all others,0,0,False,0
-122.367151591701,47.5337077633298,205570,305926,307206,3742285,Matched,Block,,SW HOLDEN ST BETWEEN 26TH PL SW AND 27TH AVE SW, ,,1,Property Damage Only Collision,Parked Car,2,0,0,2,0,0,2018-10-22 00:00:00+00,10/22/2018 9:25:00 AM,Mid-Block (not related to intersection),11,"MOTOR VEHICLE STRUCK MOTOR VEHICLE, FRONT END AT ANGLE",,False,Unknown,Unknown,Unknown,,,,32.0,One parked--one moving,0,0,True,0
-122.355301948514,47.6905951259688,205571,306291,307571,E854458,Matched,Intersection,37459.0,GREENWOOD AVE N AND N 85TH ST, ,,1,Property Damage Only Collision,Rear Ended,2,0,0,2,0,0,2018-10-25 00:00:00+00,10/25/2018 6:00:00 PM,At Intersection (intersection related),14,"MOTOR VEHICLE STRUCK MOTOR VEHICLE, REAR END",,True,Raining,Wet,Dark - Street Lights On,,,,14.0,From same direction - both going straight - one stopped - rear-end,0,0,False,0
-122.354784473513,47.7050815644716,205572,305925,307205,3735248,Matched,Block,,N 105TH ST BETWEEN GREENWOOD AVE N AND PHINNEY AVE N, ,,1,Property Damage Only Collision,Sideswipe,2,0,0,2,0,0,2018-10-21 00:00:00+00,10/21/2018 11:20:00 PM,Mid-Block (not related to intersection),11,"MOTOR VEHICLE STRUCK MOTOR VEHICLE, FRONT END AT ANGLE",True,False,Fog/Smog/Smoke,Dry,Dark - Street Lights On,,,,11.0,From same direction - both going straight - both moving - sideswipe,0,0,False,0
-122.286258246368,47.5415636682674,205573,306120,307400,E854065,Matched,Block,,37TH AVE S BETWEEN S HOLLY ST AND S WILLOW ST, ,,1,Property Damage Only Collision,Angles,3,0,0,2,0,0,2018-10-23 00:00:00+00,10/23/2018 5:23:00 PM,Mid-Block (but intersection related),11,"MOTOR VEHICLE STRUCK MOTOR VEHICLE, FRONT END AT ANGLE",,False,Clear or Partly Cloudy,Dry,Daylight,,,,10.0,Entering at angle,0,0,False,0
-122.306670825227,47.7338829912648,205574,306468,307748,E838941,Matched,Block,,NE 145TH ST BETWEEN 20TH AVE NE AND 22ND AVE NE, ,,2,Injury Collision,Rear Ended,6,0,0,2,2,0,2018-09-15 00:00:00+00,9/15/2018 5:41:00 PM,Mid-Block (not related to intersection),14,"MOTOR VEHICLE STRUCK MOTOR VEHICLE, REAR END",,False,Raining,Wet,Daylight,,,,14.0,From same direction - both going straight - one stopped - rear-end,0,0,False,0
-122.32348350211,47.7340529814808,205575,306477,307757,E840702,Matched,Intersection,35853.0,5TH AVE NE AND NE 145TH ST, ,,2,Injury Collision,Sideswipe,2,0,0,2,2,0,2018-09-16 00:00:00+00,9/16/2018 9:58:00 AM,At Intersection (intersection related),11,"MOTOR VEHICLE STRUCK MOTOR VEHICLE, FRONT END AT ANGLE",,False,Overcast,Wet,Daylight,,,,11.0,From same direction - both going straight - both moving - sideswipe,0,0,False,0
-122.289922853069,47.5688823838996,205576,305797,307077,E850946,Matched,Block,,RAINIER AVE S BETWEEN S CHARLESTOWN ST AND S ANDOVER ST, ,,1,Property Damage Only Collision,Sideswipe,2,0,0,2,0,0,2018-10-02 00:00:00+00,10/2/2018 2:05:00 PM,Mid-Block (not related to intersection),11,"MOTOR VEHICLE STRUCK MOTOR VEHICLE, FRONT END AT ANGLE",,False,Clear or Partly Cloudy,Dry,Daylight,,,,11.0,From same direction - both going straight - both moving - sideswipe,0,0,False,0
-122.373267404647,47.6390349912895,205578,306785,308065,3811851,Matched,Block,,GILMAN DR W BETWEEN 12TH AVE W AND 13TH AVE W, ,,1,Property Damage Only Collision,Angles,2,0,0,2,0,0,2018-10-25 00:00:00+00,10/25/2018 10:30:00 PM,Mid-Block (not related to intersection),11,"MOTOR VEHICLE STRUCK MOTOR VEHICLE, FRONT END AT ANGLE",,False,Raining,Wet,Dark - Street Lights On,,,,10.0,Entering at angle,0,0,False,0
-122.328078578054,47.6041612345606,205579,307127,308407,3811379,Matched,Intersection,29973.0,6TH AVE AND JAMES ST, ,,1,Property Damage Only Collision,Left Turn,3,0,0,2,0,0,2018-11-01 00:00:00+00,11/1/2018 7:40:00 PM,At Intersection (intersection related),11,"MOTOR VEHICLE STRUCK MOTOR VEHICLE, FRONT END AT ANGLE",,False,Raining,Wet,Dark - Street Lights On,,,,28.0,From opposite direction - one left turn - one straight,0,0,False,0
-122.269982030593,47.5247404099746,205580,307124,308404,3811103,Matched,Block,,RAINIER AVE S BETWEEN S CLOVERDALE ST AND S HENDERSON ST, ,,2,Injury Collision,Rear Ended,2,0,0,2,1,0,2018-11-01 00:00:00+00,11/1/2018 9:48:00 AM,Mid-Block (but intersection related),14,"MOTOR VEHICLE STRUCK MOTOR VEHICLE, REAR END",,False,Raining,Wet,Daylight,,,,14.0,From same direction - both going straight - one stopped - rear-end,0,0,False,0
-122.339119479429,47.6111998748678,205581,306784,308064,3811227,Matched,Block,,3RD AVE BETWEEN PINE ST AND STEWART ST, ,,1,Property Damage Only Collision,Rear Ended,2,0,0,2,0,0,2018-11-12 00:00:00+00,11/12/2018 11:39:00 PM,Mid-Block (not related to intersection),14,"MOTOR VEHICLE STRUCK MOTOR VEHICLE, REAR END",,False,Overcast,Dry,Dark - Street Lights On,,,,14.0,From same direction - both going straight - one stopped - rear-end,0,0,False,0
-122.302338839509,47.5464261011908,205582,307123,308403,3811102,Matched,Intersection,33402.0,24TH AVE S AND S GRAHAM ST, ,,2,Injury Collision,Angles,3,0,0,2,1,0,2018-11-01 00:00:00+00,11/1/2018 9:31:00 AM,At Intersection (intersection related),11,"MOTOR VEHICLE STRUCK MOTOR VEHICLE, FRONT END AT ANGLE",,False,Overcast,Wet,Daylight,,,,10.0,Entering at angle,0,0,False,0
-122.313536764461,47.5931123086582,205583,306783,308063,3811204,Matched,Block,,STURGUS AVE S BETWEEN S CHARLES ST AND S JUDKINS ST, ,,1,Property Damage Only Collision,Parked Car,2,0,0,2,0,0,2018-11-12 00:00:00+00,11/12/2018 11:00:00 AM,Mid-Block (not related to intersection),14,"MOTOR VEHICLE STRUCK MOTOR VEHICLE, REAR END",,False,Unknown,Unknown,Unknown,,,,32.0,One parked--one moving,0,0,True,0
-122.296057061142,47.6292051732387,205584,307122,308402,3814456,Matched,Block,,LAKE WASHINGTON BLVD E BETWEEN ARBORETUM DR E AND E INTERLAKEN BLVD, ,,1,Property Damage Only Collision,Rear Ended,2,0,0,2,0,0,2018-11-01 00:00:00+00,11/1/2018 8:20:00 AM,Mid-Block (not related to intersection),14,"MOTOR VEHICLE STRUCK MOTOR VEHICLE, REAR END",,False,Overcast,Wet,Daylight,,,,14.0,From same direction - both going straight - one stopped - rear-end,0,0,False,0
-122.266872417226,47.5335740359148,205585,306782,308062,3811181,Matched,Block,,SEWARD PARK AVE S BETWEEN S FONTANELLE PL AND S KENYON ST, ,,1,Property Damage Only Collision,Angles,2,0,0,2,0,0,2018-11-12 00:00:00+00,11/12/2018 10:20:00 AM,Driveway Junction,11,"MOTOR VEHICLE STRUCK MOTOR VEHICLE, FRONT END AT ANGLE",,False,Clear or Partly Cloudy,Dry,Daylight,,,,10.0,Entering at angle,0,0,False,0
-122.360450519191,47.5300801215006,205586,307262,308542,3731770,Matched,Block,,DELRIDGE WAY SW BETWEEN SW KENYON ST AND SW THISTLE ST, ,,1,Property Damage Only Collision,Parked Car,3,0,0,2,0,0,2018-11-18 00:00:00+00,11/18/2018 4:51:00 PM,Mid-Block (not related to intersection),14,"MOTOR VEHICLE STRUCK MOTOR VEHICLE, REAR END",,False,Clear or Partly Cloudy,Dry,Daylight,,,,32.0,One parked--one moving,0,0,True,0
-122.306853569936,47.6903034757289,205587,306966,308246,3751499,Matched,Intersection,37777.0,20TH AVE NE AND NE 85TH ST, ,,2,Injury Collision,Pedestrian,2,1,0,1,1,0,2018-11-19 00:00:00+00,11/19/2018 6:10:00 AM,At Intersection (intersection related),24,MOTOR VEHCILE STRUCK PEDESTRIAN,True,False,Clear or Partly Cloudy,Dry,Dark - Street Lights On,,,,1.0,Vehicle turning right hits pedestrian,0,0,False,0
-122.334161927051,47.6261660474621,205588,307125,308405,3811858,Matched,Block,,FAIRVIEW AVE N BETWEEN VALLEY UPPER ST AND FAIRVIEW PL N, ,,2,Injury Collision,Rear Ended,3,0,0,2,1,0,2018-11-01 00:00:00+00,11/1/2018 2:12:00 PM,Mid-Block (not related to intersection),14,"MOTOR VEHICLE STRUCK MOTOR VEHICLE, REAR END",True,False,Overcast,Dry,Daylight,,,,14.0,From same direction - both going straight - one stopped - rear-end,0,0,False,0
-122.291971935877,47.570391608058,205589,306781,308061,3811180,Matched,Block,,RAINIER AVE S BETWEEN S COURT ST AND 33RD AVE S, ,,1,Property Damage Only Collision,Other,1,0,0,1,0,0,2018-11-12 00:00:00+00,11/12/2018 11:52:00 PM,Mid-Block (not related to intersection),28,MOTOR VEHICLE RAN OFF ROAD - HIT FIXED OBJECT,,True,Overcast,Dry,Dark - Street Lights On,,,,50.0,Fixed object,0,0,False,0
-122.400888630318,47.6593071801179,205590,306965,308245,3746672,Matched,Intersection,26336.0,34TH AVE W AND W GOVERNMENT WAY, ,,2,Injury Collision,Pedestrian,3,1,0,1,1,0,2018-11-17 00:00:00+00,11/17/2018 3:26:00 PM,At Intersection (intersection related),24,MOTOR VEHCILE STRUCK PEDESTRIAN,,False,Clear or Partly Cloudy,Dry,Daylight,True,,,0.0,Vehicle going straight hits pedestrian,0,525444,False,0
-122.312427134842,47.7259429734639,205591,306780,308060,3578589,Matched,Block,,15TH ER AVE NE BETWEEN NE 130TH PL AND NE 135TH ST, ,,2,Injury Collision,Rear Ended,3,0,0,2,1,0,2018-11-08 00:00:00+00,11/8/2018 7:07:00 PM,Mid-Block (but intersection related),14,"MOTOR VEHICLE STRUCK MOTOR VEHICLE, REAR END",,False,Clear or Partly Cloudy,Dry,Dark - Street Lights On,,,,13.0,From same direction - both going straight - both moving - rear-end,0,0,False,0
-122.33141659887,47.6161711241929,205592,306634,307914,E847016,Matched,Intersection,29852.0,BOREN AVE AND HOWELL ST, ,,1,Property Damage Only Collision,Right Turn,5,0,0,2,0,0,2018-08-30 00:00:00+00,8/30/2018 3:04:00 PM,At Intersection (intersection related),11,"MOTOR VEHICLE STRUCK MOTOR VEHICLE, FRONT END AT ANGLE",,False,Clear or Partly Cloudy,Dry,Daylight,,,,16.0,From same direction - one right turn - one straight,0,0,False,0
-122.376633223232,47.5319153837623,205593,306964,308244,3746080,Matched,Intersection,34065.0,35TH AVE SW AND SW KENYON ST, ,,1,Property Damage Only Collision,Rear Ended,3,0,0,3,0,0,2018-11-19 00:00:00+00,11/19/2018 4:55:00 PM,At Intersection (intersection related),14,"MOTOR VEHICLE STRUCK MOTOR VEHICLE, REAR END",True,False,Clear or Partly Cloudy,Dry,Dusk,,,,13.0,From same direction - both going straight - both moving - rear-end,0,0,False,0
-122.360464798383,47.5273874071521,205594,306633,307913,3742448,Matched,Block,,DELRIDGE WAY SW BETWEEN SW THISTLE ST AND SW CLOVERDALE ST, ,,2,Injury Collision,Rear Ended,4,0,0,3,1,0,2018-10-27 00:00:00+00,10/27/2018 4:25:00 PM,Mid-Block (not related to intersection),14,"MOTOR VEHICLE STRUCK MOTOR VEHICLE, REAR END",,False,Raining,Wet,Daylight,,,,13.0,From same direction - both going straight - both moving - rear-end,0,0,False,0
-122.313450967373,47.5681205540611,205595,307261,308541,E861414,Matched,Block,,15TH AVE S BETWEEN S BRADFORD ST AND S DAKOTA ST, ,,1,Property Damage Only Collision,Rear Ended,2,0,0,2,0,0,2018-11-16 00:00:00+00,11/16/2018 7:32:00 AM,Mid-Block (not related to intersection),14,"MOTOR VEHICLE STRUCK MOTOR VEHICLE, REAR END",True,False,Clear or Partly Cloudy,Dry,Daylight,,,,14.0,From same direction - both going straight - one stopped - rear-end,0,0,False,0
-122.313276563234,47.655669322219,205596,306963,308243,E860227,Matched,Block,,UNIVERSITY WAY NE BETWEEN NE 40TH ST AND NE CAMPUS EB PY, ,,1,Property Damage Only Collision,Parked Car,2,0,0,2,0,0,2018-11-09 00:00:00+00,11/9/2018 1:01:00 PM,Mid-Block (not related to intersection),11,"MOTOR VEHICLE STRUCK MOTOR VEHICLE, FRONT END AT ANGLE",,False,Clear or Partly Cloudy,Wet,Daylight,,,,32.0,One parked--one moving,0,0,True,0
-122.315667598527,47.6794521632417,205597,306632,307912,E847014,Matched,Intersection,24473.0,12TH AVE NE AND NE 70TH ST, ,,1,Property Damage Only Collision,Left Turn,3,0,0,2,0,0,2018-08-28 00:00:00+00,8/28/2018 2:24:00 PM,At Intersection (intersection related),14,"MOTOR VEHICLE STRUCK MOTOR VEHICLE, REAR END",,False,Clear or Partly Cloudy,Dry,Daylight,,,,15.0,From same direction - one left turn - one straight,0,0,False,0
-122.355452745925,47.7050835411737,205598,306962,308242,E860226,Matched,Intersection,36419.0,GREENWOOD AVE N AND HOLMAN RD N, ,,1,Property Damage Only Collision,Angles,4,0,0,4,0,0,2018-11-09 00:00:00+00,11/9/2018 9:20:00 AM,At Intersection (intersection related),11,"MOTOR VEHICLE STRUCK MOTOR VEHICLE, FRONT END AT ANGLE",,False,Overcast,Wet,Daylight,,,,10.0,Entering at angle,0,0,False,0
-122.37754734351,47.668671084399,205599,306961,308241,E860225,Matched,Block,,NW MARKET ST BETWEEN 15TH AVE NW AND 17TH AVE NW, ,,1,Property Damage Only Collision,Parked Car,2,0,0,2,0,0,2018-11-09 00:00:00+00,11/9/2018 7:45:00 AM,Mid-Block (but intersection related),11,"MOTOR VEHICLE STRUCK MOTOR VEHICLE, FRONT END AT ANGLE",True,False,Overcast,Dry,Daylight,,,,20.0,One car leaving parked position,0,0,False,0
-122.373383900895,47.5674954750064,205600,306631,307911,3742446,Matched,Block,,WEST SEATTLE BR EB BETWEEN POINT A AND FAUNTLEROY WAY SW, ,,1,Property Damage Only Collision,Rear Ended,2,0,0,2,0,0,2018-10-25 00:00:00+00,10/25/2018 6:15:00 PM,Mid-Block (not related to intersection),14,"MOTOR VEHICLE STRUCK MOTOR VEHICLE, REAR END",,False,Raining,Wet,Dark - Street Lights On,,,,13.0,From same direction - both going straight - both moving - rear-end,0,0,False,0
-122.272723945453,47.5269878270594,205601,306630,307910,E855995,Matched,Block,,48TH AVE S BETWEEN S THISTLE ST AND S CLOVERDALE ST, ,,2,Injury Collision,Pedestrian,3,0,1,1,1,0,2018-10-11 00:00:00+00,10/11/2018 3:10:00 PM,Mid-Block (not related to intersection),11,"MOTOR VEHICLE STRUCK MOTOR VEHICLE, FRONT END AT ANGLE",,False,Clear or Partly Cloudy,Dry,Daylight,,,,5.0,Vehicle Strikes Pedalcyclist,0,0,False,0
-122.333527003241,47.5361684323403,205603,306629,307909,E846965,Matched,Block,,WEST MARGINAL WAY S BETWEEN 1ST AVE S AND S HOLDEN ST, ,,2,Injury Collision,Other,2,0,0,2,1,0,2018-08-18 00:00:00+00,8/18/2018 1:00:00 PM,Mid-Block (not related to intersection),14,"MOTOR VEHICLE STRUCK MOTOR VEHICLE, REAR END",,False,Clear or Partly Cloudy,Dry,Daylight,,,,23.0,From same direction - all others,0,0,False,0
-122.339439345516,47.5634130882621,205604,307129,308409,3810969,Matched,Block,,EAST MARGINAL WAY S BETWEEN S IDAHO ST AND DIAGONAL AVE S, ,,2,Injury Collision,Rear Ended,2,0,0,2,1,0,2018-11-01 00:00:00+00,11/1/2018 4:33:00 PM,Mid-Block (not related to intersection),14,"MOTOR VEHICLE STRUCK MOTOR VEHICLE, REAR END",True,False,Clear or Partly Cloudy,Dry,Daylight,,,,14.0,From same direction - both going straight - one stopped - rear-end,0,0,False,0
-122.370104640109,47.5414357465096,205607,306628,307908,3742217,Matched,Block,,SYLVAN WAY SW BETWEEN HIGH POINT DR SW AND SW SYLVAN HEIGHTS DR, ,,2,Injury Collision,Head On,3,0,0,2,2,0,2018-10-28 00:00:00+00,10/28/2018 1:57:00 AM,Mid-Block (not related to intersection),11,"MOTOR VEHICLE STRUCK MOTOR VEHICLE, FRONT END AT ANGLE",,False,Overcast,Wet,Dark - Street Lights On,,,True,30.0,From opposite direction - all others,0,0,False,0
-122.322486933124,47.6022502134515,205608,306627,307907,E846667,Matched,Block,,8TH AVE BETWEEN YESLER WAY AND SPRUCE ST, ,,1,Property Damage Only Collision,Parked Car,4,0,0,4,0,0,2018-06-29 00:00:00+00,6/29/2018 2:19:00 PM,Mid-Block (not related to intersection),14,"MOTOR VEHICLE STRUCK MOTOR VEHICLE, REAR END",True,False,Clear or Partly Cloudy,Dry,Daylight,,,,32.0,One parked--one moving,0,0,True,0
-122.334846956374,47.5290045409556,205610,306480,307760,E841746,Matched,Block,,1ST AVE S BETWEEN SW KENYON ST AND S CLOVERDALE W ST, ,,2,Injury Collision,Rear Ended,3,0,0,2,1,0,2018-09-21 00:00:00+00,9/21/2018 9:05:00 AM,Mid-Block (not related to intersection),14,"MOTOR VEHICLE STRUCK MOTOR VEHICLE, REAR END",True,False,Overcast,Dry,Daylight,,,,13.0,From same direction - both going straight - both moving - rear-end,0,0,False,0
-122.281872940886,47.5347910363967,205611,307128,308408,3814971,Matched,Block,,40TH AVE S BETWEEN S WEBSTER ST AND S AUSTIN ST, ,,1,Property Damage Only Collision,Parked Car,3,0,0,3,0,0,2018-11-01 00:00:00+00,11/1/2018 9:10:00 PM,Mid-Block (not related to intersection),11,"MOTOR VEHICLE STRUCK MOTOR VEHICLE, FRONT END AT ANGLE",,False,Clear or Partly Cloudy,Dry,Dark - Street Lights On,,,,32.0,One parked--one moving,0,0,False,0
-122.297808022366,47.5709568292429,205612,306799,308079,E856599,Matched,Block,,27TH AVE S BETWEEN S DELLA ST AND S CHARLESTOWN ST, ,,1,Property Damage Only Collision,Parked Car,2,0,0,2,0,0,2018-10-17 00:00:00+00,10/17/2018 11:50:00 AM,Mid-Block (not related to intersection),11,"MOTOR VEHICLE STRUCK MOTOR VEHICLE, FRONT END AT ANGLE",True,False,Clear or Partly Cloudy,Dry,Daylight,,,,32.0,One parked--one moving,0,0,False,0
-122.319434519857,47.5733057949554,205614,306478,307758,E841125,Matched,Block,,W SEATTLE BR - I5 NB RP BETWEEN COLUMBIAN WY - I5 NB RP AND WEST SEATTLE BR EB, ,,1,Property Damage Only Collision,Sideswipe,2,0,0,2,0,0,2018-09-22 00:00:00+00,9/22/2018 6:45:00 PM,Mid-Block (not related to intersection),11,"MOTOR VEHICLE STRUCK MOTOR VEHICLE, FRONT END AT ANGLE",,False,Clear or Partly Cloudy,Dry,Daylight,,,,11.0,From same direction - both going straight - both moving - sideswipe,0,0,False,0
-122.300986504356,47.7094360386755,205615,306797,308077,E856383,Matched,Block,,LAKE CITY WAY NE BETWEEN NE 110TH ST AND NE NORTHGATE WAY, ,,2,Injury Collision,Rear Ended,3,0,0,2,1,0,2018-11-02 00:00:00+00,11/2/2018 1:54:00 PM,Mid-Block (but intersection related),14,"MOTOR VEHICLE STRUCK MOTOR VEHICLE, REAR END",True,False,Clear or Partly Cloudy,Wet,Daylight,,,,14.0,From same direction - both going straight - one stopped - rear-end,0,0,False,0
-122.350026402876,47.6602151104463,205616,307597,308877,E864699,Matched,Intersection,26939.0,FREMONT AVE N AND N 44TH ST, ,,1,Property Damage Only Collision,Angles,3,0,0,3,0,0,2018-11-09 00:00:00+00,11/9/2018 12:09:00 PM,At Intersection (intersection related),14,"MOTOR VEHICLE STRUCK MOTOR VEHICLE, REAR END",True,False,Clear or Partly Cloudy,Dry,Daylight,,,,10.0,Entering at angle,0,0,False,0
-122.398078035903,47.6379965830335,205617,305299,306579,3506211,Matched,Block,,CLISE PL W BETWEEN W CROCKETT ST AND 32ND AVE W, ,,1,Property Damage Only Collision,Parked Car,2,0,0,2,0,0,2018-10-07 00:00:00+00,10/7/2018 2:00:00 AM,Mid-Block (not related to intersection),11,"MOTOR VEHICLE STRUCK MOTOR VEHICLE, FRONT END AT ANGLE",,False,Raining,Wet,Dusk,,,,32.0,One parked--one moving,0,0,True,0
-122.316525269756,47.6622048956513,205618,305257,306537,E846974,Matched,Block,,11TH AVE NE BETWEEN NE 45TH ST AND NE 47TH ST, ,,1,Property Damage Only Collision,Sideswipe,4,0,0,2,0,0,2018-10-05 00:00:00+00,10/5/2018 9:28:00 PM,Mid-Block (not related to intersection),11,"MOTOR VEHICLE STRUCK MOTOR VEHICLE, FRONT END AT ANGLE",,False,Clear or Partly Cloudy,Wet,Dark - Street Lights On,,,,11.0,From same direction - both going straight - both moving - sideswipe,0,0,False,0
-122.37068149624,47.5702124147791,205619,307591,308871,3746081,Matched,Block,,SW AVALON WAY BETWEEN SW ORLEANS ST AND SW CHARLESTOWN ST, ,,1,Property Damage Only Collision,Parked Car,2,0,0,2,0,0,2018-11-22 00:00:00+00,11/22/2018 4:00:00 AM,Mid-Block (not related to intersection),11,"MOTOR VEHICLE STRUCK MOTOR VEHICLE, FRONT END AT ANGLE",True,False,Raining,Wet,Dark - Street Lights On,,,,32.0,One parked--one moving,0,0,True,0
-122.296767841633,47.6016561525504,205620,304341,305581,E845339,Matched,Intersection,30579.0,M L KING JR WAY AND E YESLER WAY, ,,2,Injury Collision,Left Turn,2,0,0,2,2,0,2018-09-24 00:00:00+00,9/24/2018 10:00:00 PM,At Intersection (intersection related),11,"MOTOR VEHICLE STRUCK MOTOR VEHICLE, FRONT END AT ANGLE",,False,Clear or Partly Cloudy,Dry,Dark - Street Lights On,,,,28.0,From opposite direction - one left turn - one straight,0,0,False,0
-122.296081484849,47.5389577834525,205621,307466,308746,3811197,Matched,Intersection,167623.0,BEACON ER AVE S AND S MYRTLE ST, ,,1,Property Damage Only Collision,Sideswipe,4,0,0,2,0,0,2018-12-01 00:00:00+00,12/1/2018 3:52:00 PM,At Intersection (intersection related),11,"MOTOR VEHICLE STRUCK MOTOR VEHICLE, FRONT END AT ANGLE",,False,Overcast,Wet,Daylight,,,,11.0,From same direction - both going straight - both moving - sideswipe,0,0,False,0
-122.358658979261,47.6257210495769,205622,307609,308889,E864765,Matched,Block,,W ROY ST BETWEEN 1ST AVE W AND 2ND AVE W, ,,1,Property Damage Only Collision,Angles,2,0,0,2,0,0,2018-11-21 00:00:00+00,11/21/2018 2:45:00 PM,Driveway Junction,14,"MOTOR VEHICLE STRUCK MOTOR VEHICLE, REAR END",,False,Raining,Wet,Daylight,,,,10.0,Entering at angle,0,0,False,0
-122.377091065876,47.5863565491136,205623,307465,308745,3745698,Matched,Block,,HARBOR AVE SW BETWEEN FAIRMOUNT AVE SW AND SW BRONSON WAY, ,,1,Property Damage Only Collision,Cycles,2,0,1,1,0,0,2018-10-15 00:00:00+00,10/15/2018 11:58:00 AM,Mid-Block (not related to intersection),18,"MOTOR VEHICLE STRUCK PEDALCYCLIST, FRONT END AT ANGLE",,False,Clear or Partly Cloudy,Dry,Daylight,,,,6.0,Pedalcyclist Strikes Moving Vehicle,0,0,False,0
-122.330465293912,47.5443864916212,205624,307603,308883,E846146,Matched,Block,,EAST MARGINAL WAY S BETWEEN S MICHIGAN ST AND 4TH AVE S, ,,1,Property Damage Only Collision,Other,2,0,0,2,0,0,2018-10-05 00:00:00+00,10/5/2018 11:25:00 AM,Mid-Block (not related to intersection),26,MOTOR VEHICLE STRUCK OBJECT IN ROAD,True,False,Raining,Wet,Daylight,,,,50.0,Fixed object,0,0,False,0
-122.320872892097,47.6199077468642,205625,304344,305584,E845352,Matched,Intersection,29052.0,BROADWAY E AND E OLIVE WAY, ,,1,Property Damage Only Collision,Left Turn,2,0,0,2,0,0,2018-10-03 00:00:00+00,10/3/2018 7:53:00 PM,At Intersection (intersection related),11,"MOTOR VEHICLE STRUCK MOTOR VEHICLE, FRONT END AT ANGLE",,False,Clear or Partly Cloudy,Dry,Dark - Street Lights On,,,,28.0,From opposite direction - one left turn - one straight,0,0,False,0
-122.358921172861,47.7250664947322,205626,305297,306577,3197991,Matched,Block,,NW 132ND ST BETWEEN 1ST AVE NW AND 2ND AVE NW, ,,2,Injury Collision,Parked Car,4,0,0,3,1,0,2018-10-04 00:00:00+00,10/4/2018 5:50:00 AM,Mid-Block (not related to intersection),14,"MOTOR VEHICLE STRUCK MOTOR VEHICLE, REAR END",,False,Clear or Partly Cloudy,Dry,Dark - Street Lights On,,,True,32.0,One parked--one moving,0,0,True,0
-122.316781803662,47.6026859072,205628,304339,305579,E845333,Matched,Intersection,30403.0,12TH AVE AND E FIR ST, ,,2,Injury Collision,Pedestrian,2,0,1,1,1,0,2018-09-07 00:00:00+00,9/7/2018 4:26:00 PM,At Intersection (intersection related),18,"MOTOR VEHICLE STRUCK PEDALCYCLIST, FRONT END AT ANGLE",,False,Clear or Partly Cloudy,Dry,Daylight,,,,5.0,Vehicle Strikes Pedalcyclist,10566,0,False,0
-122.313763872265,47.5698659841687,205629,307463,308743,3811196,Matched,Intersection,32271.0,15TH AVS TURN RD AND S COLUMBIAN WAY, ,,2,Injury Collision,Left Turn,5,0,0,3,1,0,2018-12-01 00:00:00+00,12/1/2018 1:15:00 PM,At Intersection (intersection related),11,"MOTOR VEHICLE STRUCK MOTOR VEHICLE, FRONT END AT ANGLE",,False,Raining,Wet,Daylight,,,,28.0,From opposite direction - one left turn - one straight,0,0,False,0
-122.337335801567,47.5907320849333,205630,307462,308742,3811195,Matched,Intersection,30385.0,ALASKAN WAY S AND S ATLANTIC ST, ,,2,Injury Collision,Other,4,0,0,1,2,0,2018-12-01 00:00:00+00,12/1/2018 12:35:00 AM,At Intersection (intersection related),26,MOTOR VEHICLE STRUCK OBJECT IN ROAD,True,False,Raining,Wet,Dark - Street Lights On,,,,50.0,Fixed object,0,0,False,0