longitude,latitude,objectid,inckey,coldetkey,reportno,status,addrtype,intkey,location,exceptrsncode,exceptrsndesc,severitycode,severitydesc,collisiontype,personcount,pedcount,pedcylcount,vehcount,injuries,fatalities,incdate,incdttm,junctiontype,sdot_colcode,sdot_coldesc,inattentionind,underinfl,weather,roadcond,lightcond,pedrownotgrnt,sdotcolnum,speeding,st_colcode,st_coldesc,seglanekey,crosswalkkey,hitparkedcar,seriousinjuries
-122.292379073423,47.725585244131,205632,307461,308741,3706633,Matched,Block,,LAKE CITY WAY NE BETWEEN NE 133RD ST AND NE 135TH ST, ,,2,Injury Collision,Rear Ended,2,0,0,2,1,0,2018-10-05 00:00:00+00,10/5/2018 5:00:00 PM,Mid-Block (not related to intersection),14,"MOTOR VEHICLE STRUCK MOTOR VEHICLE, REAR END",True,False,Raining,Wet,Daylight,,,True,14.0,From same direction - both going straight - one stopped - rear-end,0,0,False,0
-122.271459785397,47.5369539077765,205633,307602,308882,E864701,Matched,Block,,S OTHELLO ST BETWEEN 48TH AVE S AND RAINIER AVE S, ,,1,Property Damage Only Collision,Angles,2,0,0,2,0,0,2018-11-20 00:00:00+00,11/20/2018 8:00:00 AM,Driveway Junction,14,"MOTOR VEHICLE STRUCK MOTOR VEHICLE, REAR END",True,False,Clear or Partly Cloudy,Dry,Daylight,,,,10.0,Entering at angle,0,0,False,0
-122.317226323464,47.5996031773311,205634,305277,306557,E847020,Matched,Block,,12TH AVE S BETWEEN S MAIN ST AND S JACKSON ST, ,,1,Property Damage Only Collision,Parked Car,2,0,0,2,0,0,2018-10-07 00:00:00+00,10/7/2018 2:17:00 PM,Mid-Block (not related to intersection),14,"MOTOR VEHICLE STRUCK MOTOR VEHICLE, REAR END",,False,Overcast,Dry,Daylight,,,,32.0,One parked--one moving,0,0,True,0
-122.336788398297,47.574386423656,205635,307460,308740,3811194,Matched,Intersection,32156.0,COLORADO AVE S AND S HORTON ST, ,,1,Property Damage Only Collision,Angles,2,0,0,2,0,0,2018-11-28 00:00:00+00,11/28/2018 9:25:00 AM,At Intersection (intersection related),11,"MOTOR VEHICLE STRUCK MOTOR VEHICLE, FRONT END AT ANGLE",,False,Raining,Wet,Dawn,,,,10.0,Entering at angle,0,0,False,0
-122.305827396494,47.5884106013236,205636,304337,305577,E845330,Matched,Intersection,31517.0,RAINIER AVE S AND S MASSACHUSETTS ST, ,,2,Injury Collision,Left Turn,2,0,0,2,1,0,2018-09-24 00:00:00+00,9/24/2018 9:09:00 PM,At Intersection (intersection related),11,"MOTOR VEHICLE STRUCK MOTOR VEHICLE, FRONT END AT ANGLE",True,False,Clear or Partly Cloudy,Dry,Dark - Street Lights On,,,,28.0,From opposite direction - one left turn - one straight,0,0,False,0
-122.366178311228,47.6694304668706,205637,304342,305582,E845341,Matched,Intersection,25418.0,8TH AVE NW AND NW 56TH ST, ,,2,Injury Collision,Cycles,2,0,1,1,1,0,2018-09-20 00:00:00+00,9/20/2018 7:46:00 AM,At Intersection (intersection related),51,PEDALCYCLIST STRUCK MOTOR VEHICLE FRONT END AT ANGLE,,False,Raining,Wet,Daylight,,,,6.0,Pedalcyclist Strikes Moving Vehicle,2426,0,False,0
-122.304244867725,47.5845119430119,205638,307459,308739,3811117,Matched,Intersection,31561.0,22ND AVE S AND S HILL ST, ,,2,Injury Collision,Angles,2,0,0,2,1,0,2018-12-03 00:00:00+00,12/3/2018 9:55:00 AM,At Intersection (intersection related),11,"MOTOR VEHICLE STRUCK MOTOR VEHICLE, FRONT END AT ANGLE",,False,Clear or Partly Cloudy,Dry,Daylight,,,,10.0,Entering at angle,0,0,False,0
-122.334257905933,47.6190896796842,205639,307268,308548,E861475,Matched,Block,,FAIRVIEW AVE N BETWEEN DENNY WAY AND JOHN ST, ,,1,Property Damage Only Collision,Sideswipe,2,0,0,2,0,0,2018-11-15 00:00:00+00,11/15/2018 5:04:00 PM,Mid-Block (not related to intersection),11,"MOTOR VEHICLE STRUCK MOTOR VEHICLE, FRONT END AT ANGLE",True,False,Clear or Partly Cloudy,Dry,Dark - Street Lights On,,,,12.0,From same direction - both going straight - one stopped - sideswipe,0,0,False,0
-122.320863665986,47.6193222761811,205640,305298,306578,3386422,Matched,Block,,BROADWAY E BETWEEN E DENNY WAY AND E OLIVE WAY, ,,1,Property Damage Only Collision,Parked Car,2,0,0,2,0,0,2018-10-09 00:00:00+00,10/9/2018 7:27:00 PM,Mid-Block (not related to intersection),11,"MOTOR VEHICLE STRUCK MOTOR VEHICLE, FRONT END AT ANGLE",True,False,Overcast,Dry,Dark - Street Lights On,,,,32.0,One parked--one moving,0,0,True,0
-122.285243155069,47.5582535002504,205641,307267,308547,E862066,Matched,Block,,RAINIER AVE S BETWEEN S EDMUNDS ST AND S FERDINAND ST, ,,1,Property Damage Only Collision,Parked Car,3,0,0,2,0,0,2018-11-17 00:00:00+00,11/17/2018,Mid-Block (but intersection related),11,"MOTOR VEHICLE STRUCK MOTOR VEHICLE, FRONT END AT ANGLE",,False,Clear or Partly Cloudy,Dry,Dark - Street Lights On,,,,19.0,One car entering parked position,0,0,False,0
-122.333654226807,47.7341317181267,205642,307599,308879,E845653,Matched,Block,,N 145TH ST BETWEEN MERIDIAN AVE N AND BAGLEY AVE N, ,,1,Property Damage Only Collision,Other,1,0,0,1,0,0,2018-10-05 00:00:00+00,10/5/2018 12:08:00 AM,Mid-Block (not related to intersection),28,MOTOR VEHICLE RAN OFF ROAD - HIT FIXED OBJECT,,False,Clear or Partly Cloudy,Dry,Dark - Street Lights On,,,,50.0,Fixed object,0,0,False,0
-122.2847068578,47.5370345689678,205867,306496,307776,E855662,Matched,Intersection,34561.0,38TH AVE S AND S OTHELLO ST, ,,2,Injury Collision,Angles,2,0,0,2,1,0,2018-11-01 00:00:00+00,11/1/2018 12:06:00 PM,At Intersection (intersection related),11,"MOTOR VEHICLE STRUCK MOTOR VEHICLE, FRONT END AT ANGLE",,False,Overcast,Unknown,Daylight,,,,10.0,Entering at angle,0,0,False,0
-122.315657831647,47.6749795163903,205644,304340,305580,E845337,Matched,Intersection,25697.0,12TH AVE NE AND NE 64TH ST, ,,2,Injury Collision,Left Turn,2,0,0,2,1,0,2018-09-19 00:00:00+00,9/19/2018 2:44:00 PM,At Intersection (intersection related),11,"MOTOR VEHICLE STRUCK MOTOR VEHICLE, FRONT END AT ANGLE",,False,Clear or Partly Cloudy,Dry,Daylight,,,,15.0,From same direction - one left turn - one straight,0,0,False,0
-122.335259452325,47.6036242363137,205645,307266,308546,E861437,Matched,Block,,1ST AVE BETWEEN COLUMBIA ST AND MARION ST, ,,1,Property Damage Only Collision,Other,2,0,0,2,0,0,2018-11-15 00:00:00+00,11/15/2018 9:52:00 AM,Mid-Block (not related to intersection),11,"MOTOR VEHICLE STRUCK MOTOR VEHICLE, FRONT END AT ANGLE",,False,Clear or Partly Cloudy,Dry,Daylight,,,,23.0,From same direction - all others,0,0,False,0
-122.325622092659,47.6853002118478,205646,307265,308545,E861436,Matched,Block,,LATONA AVE NE BETWEEN NE 77TH ST AND DEAD END 2, ,,2,Injury Collision,Pedestrian,2,0,1,1,1,0,2018-11-14 00:00:00+00,11/14/2018 9:30:00 AM,Mid-Block (not related to intersection),18,"MOTOR VEHICLE STRUCK PEDALCYCLIST, FRONT END AT ANGLE",,False,Clear or Partly Cloudy,Wet,Daylight,,,,5.0,Vehicle Strikes Pedalcyclist,0,0,False,0
-122.321481688123,47.6805884682035,205647,307607,308887,E846609,Matched,Block,,NE LAKE CITY WY ON RP BETWEEN I5 SB AND NE 75TH ST ON RP, ,,1,Property Damage Only Collision,Other,3,0,0,3,0,0,2018-10-05 00:00:00+00,10/5/2018 10:35:00 AM,Mid-Block (not related to intersection),26,MOTOR VEHICLE STRUCK OBJECT IN ROAD,,False,Raining,Wet,Daylight,,,True,50.0,Fixed object,0,0,False,0
-122.357566335874,47.6179510515178,205649,307598,308878,E864700,Matched,Block,,ELLIOTT AVE BETWEEN BAY ST AND W DENNY WAY, ,,2,Injury Collision,Sideswipe,5,0,0,2,3,0,2018-11-13 00:00:00+00,11/13/2018 8:29:00 AM,Mid-Block (not related to intersection),11,"MOTOR VEHICLE STRUCK MOTOR VEHICLE, FRONT END AT ANGLE",True,False,Clear or Partly Cloudy,Dry,Daylight,,,,11.0,From same direction - both going straight - both moving - sideswipe,0,0,False,0
-122.312860222255,47.6061867524084,205650,304343,305583,E845349,Matched,Intersection,30195.0,15TH AVE AND E JEFFERSON ST, ,,1,Property Damage Only Collision,Pedestrian,2,1,0,1,0,0,2018-09-26 00:00:00+00,9/26/2018 8:30:00 PM,At Intersection (intersection related),24,MOTOR VEHCILE STRUCK PEDESTRIAN,,False,Clear or Partly Cloudy,Dry,Dark - Street Lights On,,,,0.0,Vehicle going straight hits pedestrian,0,0,False,0
-122.344954902541,47.6318523912405,205651,305278,306558,E847025,Matched,Block,,6TH AVE N BETWEEN LEE ST AND GALER ST, ,,2,Injury Collision,Angles,2,0,0,2,1,0,2018-10-03 00:00:00+00,10/3/2018 8:31:00 AM,Mid-Block (not related to intersection),11,"MOTOR VEHICLE STRUCK MOTOR VEHICLE, FRONT END AT ANGLE",,False,Clear or Partly Cloudy,Dry,Daylight,,,True,10.0,Entering at angle,0,0,False,0
-122.373592734684,47.6647173375866,205652,307263,308543,3733775,Matched,Block,,14TH AVE NW BETWEEN NW 49TH ST AND NW 50TH ST, ,,1,Property Damage Only Collision,Parked Car,2,0,0,2,0,0,2018-11-03 00:00:00+00,11/3/2018 7:06:00 PM,Mid-Block (not related to intersection),14,"MOTOR VEHICLE STRUCK MOTOR VEHICLE, REAR END",,False,Overcast,Wet,Dark - Street Lights On,,,,32.0,One parked--one moving,0,0,True,0
-122.318159433911,47.6152543914463,205653,304338,305578,E845332,Matched,Intersection,29739.0,11TH AVE AND E PINE ST, ,,2,Injury Collision,Cycles,2,0,1,1,1,0,2018-09-24 00:00:00+00,9/24/2018 8:39:00 AM,At Intersection (intersection related),51,PEDALCYCLIST STRUCK MOTOR VEHICLE FRONT END AT ANGLE,True,False,Clear or Partly Cloudy,Dry,Daylight,,,,6.0,Pedalcyclist Strikes Moving Vehicle,10420,0,False,0
-122.339052151338,47.5191743781422,205654,305630,306910,3745777,Matched,Block,,OLSON PL SW BETWEEN 3RD AVE SW AND SW CAMBRIDGE PL, ,,2,Injury Collision,Other,3,0,0,1,1,0,2018-10-08 00:00:00+00,10/8/2018 12:07:00 PM,Mid-Block (not related to intersection),26,MOTOR VEHICLE STRUCK OBJECT IN ROAD,,False,Overcast,Wet,Daylight,,,True,50.0,Fixed object,0,0,False,0
-122.336343653026,47.5396536456065,205655,305939,307219,3746009,Matched,Intersection,34105.0,2ND AV SW TURN RD AND HIGHLAND PARK WAY SW, ,,1,Property Damage Only Collision,Rear Ended,4,0,0,2,0,0,2018-10-22 00:00:00+00,10/22/2018 1:17:00 PM,At Intersection (but not related to intersection),14,"MOTOR VEHICLE STRUCK MOTOR VEHICLE, REAR END",,False,Overcast,Dry,Daylight,,,,74.0,Same direction -- both turning right -- one stopped -- rear end,0,0,False,0
-122.363031744638,47.5483852555685,205656,305938,307218,3746008,Matched,Block,,DELRIDGE WAY SW BETWEEN SW JUNEAU ST AND 24TH AVE SW, ,,1,Property Damage Only Collision,Parked Car,4,0,0,4,0,0,2018-10-22 00:00:00+00,10/22/2018 3:53:00 AM,Mid-Block (not related to intersection),14,"MOTOR VEHICLE STRUCK MOTOR VEHICLE, REAR END",,False,Fog/Smog/Smoke,Wet,Dark - Street Lights On,,,,32.0,One parked--one moving,0,0,False,0
-122.313875860985,47.5255890967582,205658,305937,307217,3745829,Matched,Block,,S DONOVAN ST BETWEEN 14TH AVE S AND 16TH AVE S, ,,1,Property Damage Only Collision,Right Turn,2,0,0,2,0,0,2018-10-23 00:00:00+00,10/23/2018 3:45:00 PM,Mid-Block (not related to intersection),11,"MOTOR VEHICLE STRUCK MOTOR VEHICLE, FRONT END AT ANGLE",True,False,Clear or Partly Cloudy,Dry,Daylight,,,,16.0,From same direction - one right turn - one straight,0,0,False,0
-122.316665218229,47.6579154321812,205659,305628,306908,E849655,Matched,Block,,11TH AVE NE BETWEEN EASTLAKE AVE NE AND NE 42ND ST, ,,1,Property Damage Only Collision,Left Turn,2,0,0,2,0,0,2018-10-05 00:00:00+00,10/5/2018 9:58:00 AM,Mid-Block (but intersection related),11,"MOTOR VEHICLE STRUCK MOTOR VEHICLE, FRONT END AT ANGLE",True,False,Raining,Wet,Daylight,,,,15.0,From same direction - one left turn - one straight,0,0,False,0
-122.32381193348,47.6320695074011,205660,306124,307404,E854335,Matched,Block,,LAKEVIEW BLVD E BETWEEN E HIGHLAND DR AND BOYLSTON S AVE E,NEI,"Not Enough Information, or Insufficient Location Information",1,Property Damage Only Collision,Parked Car,2,0,0,2,0,0,2018-10-22 00:00:00+00,10/22/2018 2:00:00 AM,,0,NOT ENOUGH INFORMATION / NOT APPLICABLE,,False,Unknown,Unknown,Unknown,,,,32.0,One parked--one moving,0,0,True,0
-122.373486464559,47.5675535574956,205661,305936,307216,3745727,Matched,Block,,WEST SEATTLE BR WB BETWEEN POINT A AND 35TH AVE SW, ,,1,Property Damage Only Collision,Sideswipe,2,0,0,2,0,0,2018-10-24 00:00:00+00,10/24/2018 1:06:00 AM,Mid-Block (not related to intersection),14,"MOTOR VEHICLE STRUCK MOTOR VEHICLE, REAR END",True,False,Clear or Partly Cloudy,Dry,Dark - Street Lights On,,,,11.0,From same direction - both going straight - both moving - sideswipe,0,0,False,0
-122.392726426102,47.5291645324513,205662,305627,306907,3745693,Matched,Block,,FAUNTLEROY WAY SW BETWEEN SW ROSE ST AND SW THISTLE ST, ,,1,Property Damage Only Collision,Parked Car,3,0,0,3,0,0,2018-10-02 00:00:00+00,10/2/2018 3:37:00 PM,Mid-Block (not related to intersection),14,"MOTOR VEHICLE STRUCK MOTOR VEHICLE, REAR END",True,False,Overcast,Dry,Daylight,,,,32.0,One parked--one moving,0,0,False,0
-122.29214275698,47.5360879955056,205663,306123,307403,E854072,Matched,Block,,BEACON WR AVE S BETWEEN S OTHELLO ST AND S WEBSTER N ST, ,,1,Property Damage Only Collision,Sideswipe,3,0,0,2,0,0,2018-10-21 00:00:00+00,10/21/2018 9:35:00 PM,Mid-Block (not related to intersection),11,"MOTOR VEHICLE STRUCK MOTOR VEHICLE, FRONT END AT ANGLE",,False,Clear or Partly Cloudy,Dry,Dark - Street Lights On,,,,11.0,From same direction - both going straight - both moving - sideswipe,0,0,False,0
-122.381229017834,47.561406535458,205664,305935,307215,E852398,Matched,Intersection,606534.0,39TH AVE SW AND FAUNTLEROY WAY SW, ,,2,Injury Collision,Pedestrian,2,1,0,1,1,0,2018-10-19 00:00:00+00,10/19/2018 6:34:00 PM,At Intersection (intersection related),24,MOTOR VEHCILE STRUCK PEDESTRIAN,,True,Clear or Partly Cloudy,Dry,Dusk,,,,1.0,Vehicle turning right hits pedestrian,0,0,False,0
-122.362766473463,47.5464046797055,205666,305626,306906,3745690,Matched,Block,,DELRIDGE WAY SW BETWEEN 24TH AVE SW AND 23RD S AVE SW, ,,1,Property Damage Only Collision,Angles,3,0,0,2,0,0,2018-10-02 00:00:00+00,10/2/2018 9:28:00 AM,Mid-Block (not related to intersection),11,"MOTOR VEHICLE STRUCK MOTOR VEHICLE, FRONT END AT ANGLE",,False,Clear or Partly Cloudy,Dry,Daylight,,,,10.0,Entering at angle,0,0,False,0
-122.292379073423,47.725585244131,205668,305502,306782,3814965,Matched,Block,,LAKE CITY WAY NE BETWEEN NE 133RD ST AND NE 135TH ST, ,,2,Injury Collision,Rear Ended,7,0,0,2,1,0,2018-10-07 00:00:00+00,10/7/2018 5:17:00 PM,Mid-Block (not related to intersection),14,"MOTOR VEHICLE STRUCK MOTOR VEHICLE, REAR END",True,False,Raining,Wet,Daylight,,,,14.0,From same direction - both going straight - one stopped - rear-end,0,0,False,0
-122.292493996604,47.7210061526537,205669,305501,306781,3706629,Matched,Block,,33RD AVE NE BETWEEN NE 125TH ST AND NE 130TH ST, ,,1,Property Damage Only Collision,Parked Car,2,0,0,2,0,0,2018-09-05 00:00:00+00,9/5/2018 2:03:00 PM,Mid-Block (not related to intersection),16,"MOTOR VEHICLE STRUCK MOTOR VEHICLE, LEFT SIDE SIDESWIPE",,False,Overcast,Dry,Daylight,,,,32.0,One parked--one moving,0,0,False,0
-122.29511873224,47.5399788871781,205670,305805,307085,E850980,Matched,Block,,S FRONTENAC ST BETWEEN 28TH AVE S AND 30TH AVE S, ,,1,Property Damage Only Collision,Parked Car,2,0,0,2,0,0,2018-10-20 00:00:00+00,10/20/2018 12:47:00 PM,Mid-Block (not related to intersection),12,"MOTOR VEHICLE STRUCK MOTOR VEHICLE, RIGHT SIDE AT ANGLE",,False,Clear or Partly Cloudy,Dry,Daylight,,,,32.0,One parked--one moving,0,0,True,0
-122.343679844092,47.6214756339104,205671,305499,306779,3704125,Matched,Block,,7TH AVE N BETWEEN THOMAS ST AND HARRISON ST, ,,2,Injury Collision,Other,1,0,0,1,1,0,2018-10-05 00:00:00+00,10/5/2018 8:10:00 PM,Mid-Block (not related to intersection),26,MOTOR VEHICLE STRUCK OBJECT IN ROAD,,False,Raining,Wet,Dark - Street Lights On,,,,50.0,Fixed object,0,0,False,0
-122.313027548462,47.5465168033289,205672,305942,307222,E852559,Matched,Intersection,34374.0,AIRPORT WAY S AND S HARDY ST, ,,2,Injury Collision,Angles,4,0,0,3,2,0,2018-10-12 00:00:00+00,10/12/2018 2:46:00 PM,At Intersection (intersection related),11,"MOTOR VEHICLE STRUCK MOTOR VEHICLE, FRONT END AT ANGLE",,False,Clear or Partly Cloudy,Dry,Daylight,,,,10.0,Entering at angle,0,0,False,0
-122.302484602646,47.7069308852573,205673,305804,307084,E851638,Matched,Block,,24TH AVE NE BETWEEN LAKE CITY WAY NE AND NE NORTHGATE WAY, ,,2,Injury Collision,Sideswipe,2,0,0,2,1,0,2018-10-16 00:00:00+00,10/16/2018 3:50:00 PM,Mid-Block (not related to intersection),14,"MOTOR VEHICLE STRUCK MOTOR VEHICLE, REAR END",True,False,Clear or Partly Cloudy,Dry,Daylight,,,,11.0,From same direction - both going straight - both moving - sideswipe,0,0,False,0
-122.322854905644,47.6068391774092,205674,305498,306778,3704124,Matched,Block,,BOREN AVE BETWEEN JAMES ST AND CHERRY ST, ,,2,Injury Collision,Angles,2,0,0,2,1,0,2018-10-04 00:00:00+00,10/4/2018 7:28:00 PM,Mid-Block (not related to intersection),11,"MOTOR VEHICLE STRUCK MOTOR VEHICLE, FRONT END AT ANGLE",True,False,Clear or Partly Cloudy,Dry,Dusk,,,,10.0,Entering at angle,0,0,False,0
-122.289726367071,47.5548733030707,205675,305803,307083,E850979,Matched,Block,,M L KING JR ER WAY S BETWEEN S DAWSON ST AND 35TH AVE S, ,,1,Property Damage Only Collision,Rear Ended,2,0,0,2,0,0,2018-10-16 00:00:00+00,10/16/2018 5:12:00 PM,Mid-Block (but intersection related),14,"MOTOR VEHICLE STRUCK MOTOR VEHICLE, REAR END",,False,Clear or Partly Cloudy,Dry,Daylight,,,,14.0,From same direction - both going straight - one stopped - rear-end,0,0,False,0
-122.317363240579,47.6745667329878,205676,305802,307082,E851637,Matched,Block,,ROOSEVELT WAY NE BETWEEN NE 63RD ST AND NE 64TH ST, ,,2,Injury Collision,Angles,4,0,0,2,1,0,2018-10-18 00:00:00+00,10/18/2018 5:36:00 PM,Mid-Block (not related to intersection),11,"MOTOR VEHICLE STRUCK MOTOR VEHICLE, FRONT END AT ANGLE",,False,Clear or Partly Cloudy,Dry,Dusk,,,,10.0,Entering at angle,0,0,False,0
-122.322859393116,47.6801630986091,205677,305497,306777,3587099,Matched,Intersection,24457.0,5TH AVE NE AND NE 71ST ST, ,,1,Property Damage Only Collision,Angles,2,0,0,2,0,0,2018-10-03 00:00:00+00,10/3/2018 7:46:00 PM,At Intersection (intersection related),11,"MOTOR VEHICLE STRUCK MOTOR VEHICLE, FRONT END AT ANGLE",,False,Clear or Partly Cloudy,Dry,Dusk,,,,10.0,Entering at angle,0,0,False,0
-122.328078578054,47.6041612345606,205678,305490,306770,E849654,Matched,Intersection,29973.0,6TH AVE AND JAMES ST, ,,1,Property Damage Only Collision,Left Turn,3,0,0,2,0,0,2018-10-04 00:00:00+00,10/4/2018 10:08:00 AM,At Intersection (intersection related),11,"MOTOR VEHICLE STRUCK MOTOR VEHICLE, FRONT END AT ANGLE",,False,Clear or Partly Cloudy,Dry,Daylight,,,,28.0,From opposite direction - one left turn - one straight,0,0,False,0
-122.369802954682,47.6777778232284,205679,305801,307081,E851578,Matched,Intersection,24201.0,10TH AVE NW AND NW 67TH ST, ,,1,Property Damage Only Collision,Parked Car,2,0,0,2,0,0,2018-10-22 00:00:00+00,10/22/2018 1:00:00 PM,At Intersection (intersection related),11,"MOTOR VEHICLE STRUCK MOTOR VEHICLE, FRONT END AT ANGLE",True,False,Clear or Partly Cloudy,Dry,Daylight,,,,32.0,One parked--one moving,0,0,True,0
-122.289225475945,47.5337461089126,205680,305489,306769,E849228,Matched,Intersection,268931.0,BEACON ER AVE S AND S HOLDEN ST, ,,2,Injury Collision,Head On,4,0,0,2,1,0,2018-10-10 00:00:00+00,10/10/2018 9:04:00 AM,At Intersection (intersection related),11,"MOTOR VEHICLE STRUCK MOTOR VEHICLE, FRONT END AT ANGLE",True,False,Clear or Partly Cloudy,Dry,Daylight,,,,30.0,From opposite direction - all others,0,0,False,0
-122.339439096166,47.5613228495322,205682,305799,307079,E850975,Matched,Block,,EAST MARGINAL WAY S BETWEEN DIAGONAL AVE S AND S ALASKA ST, ,,1,Property Damage Only Collision,Right Turn,2,0,0,2,0,0,2018-10-19 00:00:00+00,10/19/2018 11:03:00 AM,Driveway Junction,11,"MOTOR VEHICLE STRUCK MOTOR VEHICLE, FRONT END AT ANGLE",,False,Clear or Partly Cloudy,Dry,Daylight,,,,16.0,From same direction - one right turn - one straight,0,0,False,0
-122.342130664501,47.6617539444782,205683,305798,307078,E851577,Matched,Block,,STONE WAY N BETWEEN N 45TH ST AND N 46TH ST, ,,2,Injury Collision,Other,6,0,0,2,1,0,2018-10-14 00:00:00+00,10/14/2018 8:01:00 PM,Mid-Block (not related to intersection),14,"MOTOR VEHICLE STRUCK MOTOR VEHICLE, REAR END",True,False,Clear or Partly Cloudy,Dry,Dark - Street Lights On,,,,23.0,From same direction - all others,0,0,False,0
-122.332718164892,47.616944942927,205684,305488,306768,E848981,Matched,Intersection,29851.0,BOREN AVE AND STEWART ST, ,,2,Injury Collision,Pedestrian,3,1,0,1,1,0,2018-10-13 00:00:00+00,10/13/2018 6:08:00 PM,At Intersection (intersection related),24,MOTOR VEHCILE STRUCK PEDESTRIAN,,False,Clear or Partly Cloudy,Dry,Daylight,,,,0.0,Vehicle going straight hits pedestrian,0,522454,False,0
-122.315667598527,47.6794521632417,205685,305487,306767,E848966,Matched,Intersection,24473.0,12TH AVE NE AND NE 70TH ST, ,,1,Property Damage Only Collision,Left Turn,2,0,0,2,0,0,2018-10-12 00:00:00+00,10/12/2018 1:44:00 PM,At Intersection (intersection related),11,"MOTOR VEHICLE STRUCK MOTOR VEHICLE, FRONT END AT ANGLE",,False,Clear or Partly Cloudy,Dry,Daylight,,,,15.0,From same direction - one left turn - one straight,0,0,False,0
-122.350073435619,47.7050675041759,205686,305634,306914,3751585,Matched,Intersection,36423.0,FREMONT AVE N AND N 105TH ST, ,,2,Injury Collision,Left Turn,3,0,0,3,1,0,2018-10-17 00:00:00+00,10/17/2018 4:44:00 PM,At Intersection (intersection related),11,"MOTOR VEHICLE STRUCK MOTOR VEHICLE, FRONT END AT ANGLE",,False,Clear or Partly Cloudy,Dry,Daylight,,,,28.0,From opposite direction - one left turn - one straight,0,0,False,0
-122.361034460854,47.6207525577706,205687,305318,306598,E847026,Matched,Block,,ELLIOTT AVE W BETWEEN WESTERN AVE W AND W THOMAS N ST, ,,1,Property Damage Only Collision,Parked Car,2,0,0,2,0,0,2018-10-08 00:00:00+00,10/8/2018 9:49:00 AM,Mid-Block (not related to intersection),11,"MOTOR VEHICLE STRUCK MOTOR VEHICLE, FRONT END AT ANGLE",True,False,Raining,Wet,Daylight,,,,32.0,One parked--one moving,0,0,True,0
-122.352312683782,47.5632184691738,205688,305940,307220,3746011,Matched,Block,,WEST MARGINAL WAY SW BETWEEN SW IDAHO ST AND SW ALASKA ST, ,,1,Property Damage Only Collision,Other,1,0,0,1,0,0,2018-10-22 00:00:00+00,10/22/2018 11:42:00 AM,Mid-Block (not related to intersection),26,MOTOR VEHICLE STRUCK OBJECT IN ROAD,,False,Overcast,Dry,Daylight,,,,50.0,Fixed object,0,0,False,0
-122.294927512035,47.603552269985,205689,305633,306913,3744054,Matched,Intersection,30106.0,29TH AVE AND E SPRUCE ST, ,,2,Injury Collision,Angles,2,0,0,2,2,0,2018-10-17 00:00:00+00,10/17/2018 3:23:00 PM,At Intersection (intersection related),11,"MOTOR VEHICLE STRUCK MOTOR VEHICLE, FRONT END AT ANGLE",,False,Clear or Partly Cloudy,Dry,Daylight,,,,10.0,Entering at angle,0,0,False,0
-122.343329196234,47.7050493921248,205690,305632,306912,3328010,Matched,Intersection,37280.0,MIDVALE AVE N AND N NORTHGATE WAY, ,,2,Injury Collision,Head On,3,0,0,2,2,0,2018-10-20 00:00:00+00,10/20/2018 9:40:00 PM,At Intersection (intersection related),26,MOTOR VEHICLE STRUCK OBJECT IN ROAD,,False,Clear or Partly Cloudy,Dry,Dark - Street Lights On,,,,30.0,From opposite direction - all others,0,0,False,0
-122.324264285888,47.7013330674075,205691,305317,306597,E847567,Matched,Intersection,37562.0,4TH AVE NE AND NE 100TH ST, ,,2,Injury Collision,Left Turn,2,0,0,2,1,0,2018-10-10 00:00:00+00,10/10/2018 3:27:00 PM,At Intersection (intersection related),11,"MOTOR VEHICLE STRUCK MOTOR VEHICLE, FRONT END AT ANGLE",,True,Clear or Partly Cloudy,Dry,Daylight,,,,28.0,From opposite direction - one left turn - one straight,0,0,False,0
-122.376636544855,47.5273785117939,205697,306640,307920,3745606,Matched,Block,,35TH AVE SW BETWEEN SW THISTLE ST AND SW CLOVERDALE N ST, ,,1,Property Damage Only Collision,Rear Ended,2,0,0,2,0,0,2018-10-26 00:00:00+00,10/26/2018 10:00:00 AM,Mid-Block (not related to intersection),14,"MOTOR VEHICLE STRUCK MOTOR VEHICLE, REAR END",True,False,Overcast,Wet,Daylight,,,,14.0,From same direction - both going straight - one stopped - rear-end,0,0,False,0
-122.376384828271,47.5474148896655,205700,306635,307915,3742449,Matched,Block,,35TH AVE SW BETWEEN SW RAYMOND ST AND SW GRAHAM ST, ,,1,Property Damage Only Collision,Sideswipe,3,0,0,2,0,0,2018-10-28 00:00:00+00,10/28/2018 1:30:00 PM,Mid-Block (not related to intersection),11,"MOTOR VEHICLE STRUCK MOTOR VEHICLE, FRONT END AT ANGLE",,False,Raining,Wet,Daylight,,,,11.0,From same direction - both going straight - both moving - sideswipe,0,0,False,0
-122.302581559487,47.5719235788786,205701,306311,307591,3814142,Matched,Block,,S SPOKANE ST BETWEEN 23RD AVE S AND 24TH AVE S,NEI,"Not Enough Information, or Insufficient Location Information",1,Property Damage Only Collision,Rear Ended,2,0,0,2,0,0,2018-08-27 00:00:00+00,8/27/2018 2:00:00 PM,Mid-Block (not related to intersection),0,NOT ENOUGH INFORMATION / NOT APPLICABLE,,False,Unknown,Unknown,Unknown,,,,14.0,From same direction - both going straight - one stopped - rear-end,0,0,False,0
-122.346266263453,47.6245580479478,205702,306487,307767,E855478,Matched,Intersection,28913.0,MERCER ST AND TAYLOR AVE N, ,,2,Injury Collision,Cycles,2,0,1,1,1,0,2018-10-30 00:00:00+00,10/30/2018 6:06:00 AM,At Intersection (intersection related),51,PEDALCYCLIST STRUCK MOTOR VEHICLE FRONT END AT ANGLE,,False,Clear or Partly Cloudy,Dry,Dark - Street Lights On,True,,,6.0,Pedalcyclist Strikes Moving Vehicle,43201,0,False,0