longitude,latitude,objectid,inckey,coldetkey,reportno,status,addrtype,intkey,location,exceptrsncode,exceptrsndesc,severitycode,severitydesc,collisiontype,personcount,pedcount,pedcylcount,vehcount,injuries,fatalities,incdate,incdttm,junctiontype,sdot_colcode,sdot_coldesc,inattentionind,underinfl,weather,roadcond,lightcond,pedrownotgrnt,sdotcolnum,speeding,st_colcode,st_coldesc,seglanekey,crosswalkkey,hitparkedcar,seriousinjuries
-122.347323071099,47.6534490367801,205704,306806,308086,E857211,Matched,Block,,AURORA AVE N BETWEEN N 38 UPPER ST AND N 39TH ST, ,,1,Property Damage Only Collision,Parked Car,4,0,0,4,0,0,2018-10-21 00:00:00+00,10/21/2018 12:25:00 AM,Mid-Block (not related to intersection),13,"MOTOR VEHICLE STRUCK MOTOR VEHICLE, LEFT SIDE AT ANGLE",,False,Unknown,Dry,Dark - Street Lights On,,,,32.0,One parked--one moving,0,0,True,0
-122.338247279092,47.5883012293473,205705,306310,307590,3811758,Matched,Block,,ALASKAN WY VI SB BETWEEN ALASKAN WY VI SB EFR OFF RP AND S HOLGATE ST, ,,1,Property Damage Only Collision,Rear Ended,4,0,0,3,0,0,2018-09-22 00:00:00+00,9/22/2018 8:22:00 AM,Mid-Block (not related to intersection),14,"MOTOR VEHICLE STRUCK MOTOR VEHICLE, REAR END",,False,Clear or Partly Cloudy,Dry,Daylight,,,,14.0,From same direction - both going straight - one stopped - rear-end,0,0,False,0
-122.370760988035,47.6542630643473,205706,306638,307918,E847019,Matched,Block,,W NICKERSON ST BETWEEN XW JESSE AVE W AND 11TH AVE W, ,,2,Injury Collision,Parked Car,2,0,1,1,1,0,2018-09-13 00:00:00+00,9/13/2018 6:13:00 PM,Mid-Block (not related to intersection),14,"MOTOR VEHICLE STRUCK MOTOR VEHICLE, REAR END",,False,Clear or Partly Cloudy,Dry,Daylight,,,,32.0,One parked--one moving,0,0,True,0
-122.339740585882,47.6245441565243,205707,306309,307589,3811738,Matched,Intersection,28765.0,9TH AVE N AND MERCER SR ST, ,,2,Injury Collision,Angles,2,0,0,2,1,0,2018-09-05 00:00:00+00,9/5/2018 10:31:00 PM,At Intersection (intersection related),11,"MOTOR VEHICLE STRUCK MOTOR VEHICLE, FRONT END AT ANGLE",True,False,Clear or Partly Cloudy,Dry,Dark - Street Lights Off,,,,10.0,Entering at angle,0,0,False,0
-122.300604980019,47.6662667182133,205708,306308,307588,3811684,Matched,Intersection,25949.0,25TH AVE NE AND NE BLAKELEY ST, ,,2,Injury Collision,Pedestrian,2,0,1,1,1,0,2018-08-30 00:00:00+00,8/30/2018 8:00:00 AM,At Intersection (intersection related),18,"MOTOR VEHICLE STRUCK PEDALCYCLIST, FRONT END AT ANGLE",,True,Clear or Partly Cloudy,Dry,Daylight,,,,5.0,Vehicle Strikes Pedalcyclist,0,0,False,0
-122.342295894498,47.6305862788663,205709,306488,307768,E855539,Matched,Intersection,28717.0,COMSTOCK ST AND DEXTER AVE N, ,,2,Injury Collision,Rear Ended,2,0,0,2,1,0,2018-10-22 00:00:00+00,10/22/2018 6:43:00 AM,At Intersection (intersection related),14,"MOTOR VEHICLE STRUCK MOTOR VEHICLE, REAR END",,False,Fog/Smog/Smoke,Dry,Dark - Street Lights On,,,,14.0,From same direction - both going straight - one stopped - rear-end,0,0,False,0
-122.363282608509,47.5683474638709,205710,306306,307586,3745759,Matched,Intersection,32046.0,DELRIDGE WAY SW AND SW ANDOVER ST, ,,1,Property Damage Only Collision,Left Turn,2,0,0,2,0,0,2018-09-21 00:00:00+00,9/21/2018 7:04:00 PM,At Intersection (intersection related),11,"MOTOR VEHICLE STRUCK MOTOR VEHICLE, FRONT END AT ANGLE",,False,Clear or Partly Cloudy,Dry,Dusk,,,,28.0,From opposite direction - one left turn - one straight,0,0,False,0
-122.35687969586,47.5711415073266,205711,306485,307765,E855206,Matched,Intersection,38483.0,WEST SEATTLE BR WB AND W SEATTLE BR WB OFF RP, ,,1,Property Damage Only Collision,Other,1,0,0,1,0,0,2018-10-29 00:00:00+00,10/29/2018 4:53:00 AM,At Intersection (intersection related),26,MOTOR VEHICLE STRUCK OBJECT IN ROAD,True,False,Clear or Partly Cloudy,Wet,Dark - Street Lights On,,,,50.0,Fixed object,0,0,False,0
-122.317765950187,47.6589112492149,205712,306804,308084,E857118,Matched,Block,,ROOSEVELT WAY NE BETWEEN NE 42ND N ST AND NE 43RD S ST, ,,1,Property Damage Only Collision,Parked Car,2,0,0,2,0,0,2018-11-05 00:00:00+00,11/5/2018 1:37:00 PM,Mid-Block (not related to intersection),11,"MOTOR VEHICLE STRUCK MOTOR VEHICLE, FRONT END AT ANGLE",,False,Raining,Wet,Daylight,,,,32.0,One parked--one moving,0,0,False,0
-122.349642279044,47.6185791172524,205714,306636,307916,E847018,Matched,Block,,DENNY WAY BETWEEN BROAD ST AND 4TH AVE, ,,1,Property Damage Only Collision,Angles,2,0,0,2,0,0,2018-09-11 00:00:00+00,9/11/2018 5:28:00 PM,Mid-Block (not related to intersection),11,"MOTOR VEHICLE STRUCK MOTOR VEHICLE, FRONT END AT ANGLE",,False,Clear or Partly Cloudy,Dry,Daylight,,,,10.0,Entering at angle,0,0,False,0
-122.316248151686,47.5264447272378,205715,306641,307921,3745771,Matched,Block,,S CLOVERDALE ST BETWEEN 12TH AVE S AND 14TH AVE S, ,,1,Property Damage Only Collision,Angles,2,0,0,2,0,0,2018-11-08 00:00:00+00,11/8/2018 7:40:00 PM,Mid-Block (not related to intersection),11,"MOTOR VEHICLE STRUCK MOTOR VEHICLE, FRONT END AT ANGLE",,False,Clear or Partly Cloudy,Dry,Dark - Street Lights On,,,,10.0,Entering at angle,0,0,False,0
-122.334198762717,47.583978858056,205716,306299,307579,2553984,Matched,Intersection,31350.0,1ST AVE S AND S WALKER ST, ,,1,Property Damage Only Collision,Right Turn,3,0,0,2,0,0,2018-07-04 00:00:00+00,7/4/2018 11:44:00 AM,At Intersection (but not related to intersection),14,"MOTOR VEHICLE STRUCK MOTOR VEHICLE, REAR END",True,False,Clear or Partly Cloudy,Dry,Daylight,,,,16.0,From same direction - one right turn - one straight,0,0,False,0
-122.359335873416,47.6227003655712,205717,306810,308090,E857376,Matched,Block,,2ND AVE W BETWEEN W HARRISON ST AND W REPUBLICAN ST, ,,1,Property Damage Only Collision,Parked Car,2,0,0,2,0,0,2018-10-30 00:00:00+00,10/30/2018 9:35:00 AM,Mid-Block (not related to intersection),11,"MOTOR VEHICLE STRUCK MOTOR VEHICLE, FRONT END AT ANGLE",True,False,Clear or Partly Cloudy,Dry,Daylight,,,,32.0,One parked--one moving,0,0,True,0
-122.336343653026,47.5396536456065,205718,306130,307410,3571246,Matched,Intersection,34105.0,2ND AV SW TURN RD AND HIGHLAND PARK WAY SW, ,,2,Injury Collision,Rear Ended,2,0,0,2,1,0,2018-10-31 00:00:00+00,10/31/2018 3:55:00 PM,At Intersection (intersection related),14,"MOTOR VEHICLE STRUCK MOTOR VEHICLE, REAR END",,False,Overcast,Dry,Daylight,,,,73.0,Same direction -- both turning right -- both moving -- rear end,0,0,False,0
-122.31501684451,47.5353748532582,205720,306129,307409,E854104,Matched,Block,,EAST MARGINAL WAY S BETWEEN S WEBSTER ST AND 14TH AVE S, ,,2,Injury Collision,Rear Ended,2,0,0,2,1,0,2018-09-22 00:00:00+00,9/22/2018 11:10:00 PM,Mid-Block (but intersection related),14,"MOTOR VEHICLE STRUCK MOTOR VEHICLE, REAR END",,False,Raining,Wet,Dark - Street Lights On,,,,14.0,From same direction - both going straight - one stopped - rear-end,0,0,False,0
-122.320208112834,47.619912461075,205721,306484,307764,E855207,Matched,Block,,E JOHN ST BETWEEN BROADWAY E AND 10TH AVE E,NEI,"Not Enough Information, or Insufficient Location Information",1,Property Damage Only Collision,Sideswipe,2,0,0,2,0,0,2018-10-30 00:00:00+00,10/30/2018 7:52:00 PM,,0,NOT ENOUGH INFORMATION / NOT APPLICABLE,,False,Unknown,Unknown,Unknown,,,,11.0,From same direction - both going straight - both moving - sideswipe,0,0,False,0
-122.386773459642,47.5638173307494,205723,306639,307919,3744100,Matched,Block,,CALIFORNIA AVE SW BETWEEN SW GENESEE ST AND SW OREGON ST, ,,1,Property Damage Only Collision,Parked Car,2,0,0,2,0,0,2018-10-27 00:00:00+00,10/27/2018 9:32:00 AM,Mid-Block (not related to intersection),14,"MOTOR VEHICLE STRUCK MOTOR VEHICLE, REAR END",,False,Fog/Smog/Smoke,Dry,Daylight,,,,32.0,One parked--one moving,0,0,False,0
-122.347801528606,47.7341290069847,205724,306128,307408,3549768,Matched,Intersection,35773.0,LINDEN AVE N AND N 145TH ST, ,,2,Injury Collision,Angles,4,0,0,3,1,0,2018-10-27 00:00:00+00,10/27/2018 6:18:00 PM,At Intersection (intersection related),11,"MOTOR VEHICLE STRUCK MOTOR VEHICLE, FRONT END AT ANGLE",True,False,Raining,Wet,Dark - Street Lights On,,,True,10.0,Entering at angle,0,0,False,0
-122.352788929468,47.706890562314,205725,306127,307407,3328017,Matched,Intersection,36412.0,DAYTON AVE N AND N 107TH ST, ,,1,Property Damage Only Collision,Angles,2,0,0,2,0,0,2018-10-25 00:00:00+00,10/25/2018 4:16:00 PM,At Intersection (intersection related),11,"MOTOR VEHICLE STRUCK MOTOR VEHICLE, FRONT END AT ANGLE",,False,Overcast,Dry,Dusk,,,,10.0,Entering at angle,0,0,False,0
-122.330722960704,47.6184917572549,205726,306490,307770,E855545,Matched,Intersection,29168.0,DENNY WAY AND STEWART ST, ,,1,Property Damage Only Collision,Left Turn,2,0,0,2,0,0,2018-10-17 00:00:00+00,10/17/2018 8:00:00 AM,At Intersection (intersection related),11,"MOTOR VEHICLE STRUCK MOTOR VEHICLE, FRONT END AT ANGLE",True,False,Clear or Partly Cloudy,Dry,Daylight,,,,15.0,From same direction - one left turn - one straight,0,0,False,0
-122.318888629916,47.6199221785533,205727,306126,307406,E854332,Matched,Block,,E JOHN ST BETWEEN 10TH AVE E AND 11TH AVE E, ,,1,Property Damage Only Collision,Parked Car,2,0,0,2,0,0,2018-10-25 00:00:00+00,10/25/2018 5:59:00 PM,Mid-Block (not related to intersection),14,"MOTOR VEHICLE STRUCK MOTOR VEHICLE, REAR END",,False,Raining,Wet,Dusk,,,,32.0,One parked--one moving,0,0,True,0
-122.360803304402,47.6674130522891,205728,306483,307763,E855132,Matched,Block,,3RD AVE NW BETWEEN NW MARKET ST AND NW 54TH ST, ,,1,Property Damage Only Collision,Rear Ended,2,0,0,2,0,0,2018-10-26 00:00:00+00,10/26/2018 11:19:00 AM,Mid-Block (not related to intersection),14,"MOTOR VEHICLE STRUCK MOTOR VEHICLE, REAR END",,False,Overcast,Wet,Daylight,,,,13.0,From same direction - both going straight - both moving - rear-end,0,0,False,0
-122.382252079291,47.5894969269569,205729,306642,307922,3745911,Matched,Block,,FERRY AVE SW BETWEEN CALIFORNIA WAY SW AND SW MASSACHUSETTS ST, ,,1,Property Damage Only Collision,Other,1,0,0,1,0,0,2018-11-10 00:00:00+00,11/10/2018 1:08:00 AM,Mid-Block (not related to intersection),28,MOTOR VEHICLE RAN OFF ROAD - HIT FIXED OBJECT,,True,Raining,Wet,Dark - Street Lights On,,,,50.0,Fixed object,0,0,False,0
-122.269988166561,47.5299413850032,205731,306125,307405,E854098,Matched,Block,,RAINIER AVE S BETWEEN S ELMGROVE ST AND S ROSE N ST, ,,2,Injury Collision,Parked Car,7,0,0,3,1,0,2018-10-27 00:00:00+00,10/27/2018 10:57:00 PM,Mid-Block (not related to intersection),14,"MOTOR VEHICLE STRUCK MOTOR VEHICLE, REAR END",,False,Raining,Wet,Dark - Street Lights On,,,,32.0,One parked--one moving,0,0,False,0
-122.36979382543,47.5438592802639,205732,306637,307917,3742529,Matched,Block,,30TH AVE SW BETWEEN SW MORGAN ST AND HIGH POINT W DR SW, ,,1,Property Damage Only Collision,Parked Car,2,0,0,2,0,0,2018-10-27 00:00:00+00,10/27/2018 8:30:00 PM,Driveway Junction,14,"MOTOR VEHICLE STRUCK MOTOR VEHICLE, REAR END",,False,Raining,Wet,Dark - Street Lights On,,,,32.0,One parked--one moving,0,0,False,0
-122.318777824685,47.6613062404724,205733,306967,308247,3767479,Matched,Intersection,27068.0,9TH AVE NE AND NE 45TH W ST, ,,2,Injury Collision,Sideswipe,4,0,0,2,4,0,2018-11-18 00:00:00+00,11/18/2018 9:01:00 PM,At Intersection (intersection related),14,"MOTOR VEHICLE STRUCK MOTOR VEHICLE, REAR END",,False,Clear or Partly Cloudy,Dry,Dark - Street Lights On,,,,11.0,From same direction - both going straight - both moving - sideswipe,0,0,False,0
-122.378883990383,47.6690570904397,205734,307143,308423,E861152,Matched,Block,,17TH AVE NW BETWEEN NW MARKET ST AND NW 56TH ST, ,,1,Property Damage Only Collision,Rear Ended,2,0,0,2,0,0,2018-11-14 00:00:00+00,11/14/2018 1:15:00 PM,Mid-Block (but intersection related),14,"MOTOR VEHICLE STRUCK MOTOR VEHICLE, REAR END",,False,Overcast,Dry,Daylight,,,,14.0,From same direction - both going straight - one stopped - rear-end,0,0,False,0
-122.33310387059,47.607979458203,205735,307475,308755,3812432,Matched,Intersection,29929.0,5TH AVE AND SENECA ST, ,,2,Injury Collision,Angles,2,0,0,2,1,0,2018-12-01 00:00:00+00,12/1/2018 2:31:00 AM,At Intersection (intersection related),11,"MOTOR VEHICLE STRUCK MOTOR VEHICLE, FRONT END AT ANGLE",True,True,Raining,Wet,Dark - Street Lights On,,,,10.0,Entering at angle,0,0,False,0
-122.317095986029,47.6005749101846,205737,307469,308749,3814048,Matched,Block,,12TH AVE S BETWEEN BOREN AVE S AND 12TH AVE S TURN RD, ,,1,Property Damage Only Collision,Sideswipe,2,0,0,2,0,0,2018-10-12 00:00:00+00,10/12/2018 8:52:00 AM,Mid-Block (not related to intersection),11,"MOTOR VEHICLE STRUCK MOTOR VEHICLE, FRONT END AT ANGLE",,False,Clear or Partly Cloudy,Dry,Daylight,,,,11.0,From same direction - both going straight - both moving - sideswipe,0,0,False,0
-122.376799448244,47.6887243653302,205738,307141,308421,E861151,Matched,Intersection,23860.0,15TH AVE NW AND NW 83RD ST, ,,1,Property Damage Only Collision,Left Turn,2,0,0,2,0,0,2018-11-13 00:00:00+00,11/13/2018 4:18:00 PM,At Intersection (intersection related),11,"MOTOR VEHICLE STRUCK MOTOR VEHICLE, FRONT END AT ANGLE",,False,Clear or Partly Cloudy,Dry,Daylight,,,,28.0,From opposite direction - one left turn - one straight,0,0,False,0
-122.329534403358,47.5552686067419,205739,307278,308558,E862207,Matched,Block,,4TH AVE S BETWEEN S DAWSON ST AND S BENNETT ST, ,,2,Injury Collision,Rear Ended,2,0,0,2,1,0,2018-11-08 00:00:00+00,11/8/2018 7:38:00 AM,Mid-Block (not related to intersection),14,"MOTOR VEHICLE STRUCK MOTOR VEHICLE, REAR END",True,False,Overcast,Dry,Daylight,,,,14.0,From same direction - both going straight - one stopped - rear-end,0,0,False,0
-122.292786018914,47.5600768488786,205740,307281,308561,E862208,Matched,Block,,M L KING JR ER WAY S BETWEEN S ALASKA ST AND S ANGELINE ST, ,,1,Property Damage Only Collision,Rear Ended,2,0,0,2,0,0,2018-11-13 00:00:00+00,11/13/2018 10:27:00 AM,Mid-Block (not related to intersection),14,"MOTOR VEHICLE STRUCK MOTOR VEHICLE, REAR END",,False,Clear or Partly Cloudy,Dry,Daylight,,,,14.0,From same direction - both going straight - one stopped - rear-end,0,0,False,0
-122.376771792928,47.6804537871502,205742,307473,308753,E844722,Matched,Block,,15TH AVE NW BETWEEN NW 70TH ST AND NW 73RD ST, ,,2,Injury Collision,Rear Ended,3,0,0,3,1,0,2018-10-01 00:00:00+00,10/1/2018 11:11:00 AM,Mid-Block (not related to intersection),14,"MOTOR VEHICLE STRUCK MOTOR VEHICLE, REAR END",,False,Raining,Wet,Daylight,,,,14.0,From same direction - both going straight - one stopped - rear-end,0,0,False,0
-122.269017050224,47.6830244189606,205743,307139,308419,E861139,Matched,Intersection,24813.0,55TH AVE NE AND NE 75TH ST, ,,1,Property Damage Only Collision,Other,1,0,0,1,0,0,2018-11-12 00:00:00+00,11/12/2018 12:15:00 AM,At Intersection (intersection related),26,MOTOR VEHICLE STRUCK OBJECT IN ROAD,,False,Clear or Partly Cloudy,Dry,Dark - Street Lights On,,,,50.0,Fixed object,0,0,False,0
-122.398772916818,47.5792900087428,205744,307467,308747,3745805,Matched,Block,,SW ADMIRAL WAY BETWEEN 51ST AVE SW AND SW LANDER W ST, ,,1,Property Damage Only Collision,Rear Ended,2,0,0,2,0,0,2018-10-23 00:00:00+00,10/23/2018 8:13:00 AM,Mid-Block (not related to intersection),14,"MOTOR VEHICLE STRUCK MOTOR VEHICLE, REAR END",True,False,Clear or Partly Cloudy,Dry,Daylight,,,,13.0,From same direction - both going straight - both moving - rear-end,0,0,False,0
-122.344966862431,47.7223018735588,205745,307138,308418,E861138,Matched,Intersection,35827.0,AURORA AVE N AND N 128TH ST, ,,2,Injury Collision,Left Turn,3,0,0,2,1,0,2018-11-11 00:00:00+00,11/11/2018 5:00:00 PM,At Intersection (intersection related),11,"MOTOR VEHICLE STRUCK MOTOR VEHICLE, FRONT END AT ANGLE",,False,Clear or Partly Cloudy,Dry,Dark - Street Lights On,,,,28.0,From opposite direction - one left turn - one straight,0,0,False,0
-122.330292292784,47.7235473802095,205746,307137,308417,E861137,Matched,Block,,SUNNYSIDE AVE N BETWEEN N 130TH ST AND DEAD END 4, ,,2,Injury Collision,Rear Ended,2,0,0,2,1,0,2018-11-07 00:00:00+00,11/7/2018 7:36:00 AM,Mid-Block (not related to intersection),14,"MOTOR VEHICLE STRUCK MOTOR VEHICLE, REAR END",,False,Overcast,Wet,Daylight,,,,13.0,From same direction - both going straight - both moving - rear-end,0,0,False,0
-122.281994558448,47.5315375155107,205747,307279,308559,E862069,Matched,Block,,S KENYON ST BETWEEN 39TH AVE S AND M L KING JR WR WAY S, ,,2,Injury Collision,Angles,3,0,0,2,2,0,2018-11-18 00:00:00+00,11/18/2018 11:30:00 PM,Mid-Block (but intersection related),11,"MOTOR VEHICLE STRUCK MOTOR VEHICLE, FRONT END AT ANGLE",,False,Clear or Partly Cloudy,Dry,Dark - Street Lights On,,,True,10.0,Entering at angle,0,0,False,0
-122.337222110803,47.5538133017109,205748,307131,308411,3810968,Matched,Block,,EAST MARGINAL WAY S BETWEEN S BRANDON ST AND S LUCILE ST, ,,1,Property Damage Only Collision,Sideswipe,2,0,0,2,0,0,2018-11-01 00:00:00+00,11/1/2018 4:01:00 PM,Mid-Block (not related to intersection),11,"MOTOR VEHICLE STRUCK MOTOR VEHICLE, FRONT END AT ANGLE",,False,Clear or Partly Cloudy,Dry,Daylight,,,,11.0,From same direction - both going straight - both moving - sideswipe,0,0,False,0
-122.290865245637,47.7243527585914,205749,307610,308890,E865689,Matched,Block,,35TH AVE NE BETWEEN NE 130TH N ST AND NE 134TH ST, ,,2,Injury Collision,Pedestrian,3,2,0,1,1,0,2018-11-27 00:00:00+00,11/27/2018 4:57:00 PM,Driveway Junction,24,MOTOR VEHCILE STRUCK PEDESTRIAN,True,False,Raining,Wet,Dark - Street Lights On,,,,0.0,Vehicle going straight hits pedestrian,0,0,False,0
-122.348170076961,47.5340625079478,205750,307130,308410,3742293,Matched,Block,,SW HOLDEN ST BETWEEN HIGHLAND PK N WAY SW AND 11TH AVE SW, ,,1,Property Damage Only Collision,Rear Ended,2,0,0,2,0,0,2018-11-01 00:00:00+00,11/1/2018 4:05:00 PM,Mid-Block (not related to intersection),14,"MOTOR VEHICLE STRUCK MOTOR VEHICLE, REAR END",,False,Overcast,Dry,Daylight,,,,13.0,From same direction - both going straight - both moving - rear-end,0,0,False,0
-122.312759951081,47.5974916350313,205978,306508,307788,E856167,Matched,Intersection,30437.0,RAINIER AVE S AND S WELLER ST, ,,2,Injury Collision,Angles,3,0,0,2,3,0,2018-11-02 00:00:00+00,11/2/2018 1:50:00 PM,At Intersection (intersection related),11,"MOTOR VEHICLE STRUCK MOTOR VEHICLE, FRONT END AT ANGLE",,False,Overcast,Wet,Other,,,,10.0,Entering at angle,0,0,False,0
-122.261590387191,47.5197823852822,205751,307282,308562,E862197,Matched,Block,,57TH AVE S BETWEEN RAINIER AVE S AND WATERS AVE S, ,,1,Property Damage Only Collision,Parked Car,2,0,0,2,0,0,2018-11-08 00:00:00+00,11/8/2018 12:15:00 PM,Mid-Block (not related to intersection),11,"MOTOR VEHICLE STRUCK MOTOR VEHICLE, FRONT END AT ANGLE",True,False,Clear or Partly Cloudy,Dry,Daylight,,,,20.0,One car leaving parked position,0,0,False,0
-122.313407141859,47.598331241885,205752,307470,308750,3814049,Matched,Intersection,30429.0,RAINIER AVE S AND S KING ST, ,,1,Property Damage Only Collision,Right Turn,3,0,0,3,0,0,2018-10-13 00:00:00+00,10/13/2018 1:32:00 PM,At Intersection (intersection related),14,"MOTOR VEHICLE STRUCK MOTOR VEHICLE, REAR END",,True,Clear or Partly Cloudy,Dry,Daylight,,,,16.0,From same direction - one right turn - one straight,0,0,False,0
-122.281988399573,47.5388884120631,205753,306974,308254,3811205,Matched,Intersection,486565.0,M L KING JR ER WAY S AND S MYRTLE ST, ,,2,Injury Collision,Angles,4,0,0,2,3,0,2018-11-12 00:00:00+00,11/12/2018 7:36:00 PM,At Intersection (intersection related),11,"MOTOR VEHICLE STRUCK MOTOR VEHICLE, FRONT END AT ANGLE",,False,Overcast,Dry,Dark - Street Lights On,,,,10.0,Entering at angle,0,0,False,0
-122.298061791528,47.5876070445088,205754,307277,308557,E862067,Matched,Block,,M L KING JR WAY S BETWEEN S MASSACHUSETTS ST AND S GRAND ST, ,,1,Property Damage Only Collision,Parked Car,4,0,0,4,0,0,2018-11-04 00:00:00+00,11/4/2018 1:32:00 AM,Mid-Block (not related to intersection),13,"MOTOR VEHICLE STRUCK MOTOR VEHICLE, LEFT SIDE AT ANGLE",,False,Overcast,Wet,Dark - Street Lights On,,,,32.0,One parked--one moving,0,0,True,0
-122.313408914375,47.58101499496,205755,306973,308253,3811189,Matched,Intersection,31295.0,15TH AVE S AND S BAYVIEW ST, ,,1,Property Damage Only Collision,Angles,2,0,0,2,0,0,2018-11-18 00:00:00+00,11/18/2018 12:46:00 PM,At Intersection (intersection related),11,"MOTOR VEHICLE STRUCK MOTOR VEHICLE, FRONT END AT ANGLE",,False,Clear or Partly Cloudy,Dry,Daylight,,,,10.0,Entering at angle,0,0,False,0
-122.268696600572,47.519855023267,205756,306972,308252,3811157,Matched,Intersection,35461.0,RAINIER AVE S AND STURTEVANT AVE S, ,,1,Property Damage Only Collision,Angles,4,0,0,2,0,0,2018-11-18 00:00:00+00,11/18/2018 8:46:00 PM,At Intersection (intersection related),11,"MOTOR VEHICLE STRUCK MOTOR VEHICLE, FRONT END AT ANGLE",,False,Clear or Partly Cloudy,Dry,Dark - Street Lights On,,,,10.0,Entering at angle,0,0,False,0
-122.333556055953,47.610149836822,205757,307474,308754,3811282,Matched,Intersection,29912.0,6TH AVE AND UNION ST, ,,2,Injury Collision,Angles,2,0,0,2,1,0,2018-12-01 00:00:00+00,12/1/2018 2:24:00 AM,At Intersection (intersection related),11,"MOTOR VEHICLE STRUCK MOTOR VEHICLE, FRONT END AT ANGLE",,False,Overcast,Wet,Dark - Street Lights On,,,,10.0,Entering at angle,0,0,False,0
-122.38555473991,47.6686791795326,205758,307468,308748,3762874,Matched,Block,,NW MARKET ST BETWEEN LEARY AVE NW AND BALLARD AVE NW, ,,1,Property Damage Only Collision,Parked Car,4,0,0,4,0,0,2018-10-07 00:00:00+00,10/7/2018 1:13:00 PM,Mid-Block (not related to intersection),14,"MOTOR VEHICLE STRUCK MOTOR VEHICLE, REAR END",,True,Overcast,Wet,Daylight,,,,32.0,One parked--one moving,0,0,True,0
-122.322746450044,47.5713989571762,205759,306971,308251,3810971,Matched,Intersection,32242.0,AIRPORT WAY S AND S SPOKANE ST, ,,1,Property Damage Only Collision,Pedestrian,3,1,0,1,0,0,2018-11-18 00:00:00+00,11/18/2018 11:48:00 AM,At Intersection (intersection related),24,MOTOR VEHCILE STRUCK PEDESTRIAN,,False,Clear or Partly Cloudy,Dry,Daylight,,,,0.0,Vehicle going straight hits pedestrian,0,525290,False,0
-122.290713877703,47.690203011803,205760,306970,308250,3809834,Matched,Intersection,37949.0,35TH AVE NE AND NE 85TH ST, ,,2,Injury Collision,Pedestrian,2,1,0,1,1,0,2018-11-19 00:00:00+00,11/19/2018 8:40:00 AM,At Intersection (intersection related),24,MOTOR VEHCILE STRUCK PEDESTRIAN,True,False,Clear or Partly Cloudy,Dry,Daylight,,,,2.0,Vehicle turning left hits pedestrian,0,524601,False,0
-122.300938056522,47.5820038510166,205761,307280,308560,E862196,Matched,Block,,RAINIER AVE S BETWEEN S COLLEGE S ST AND 25TH AVE S, ,,1,Property Damage Only Collision,Angles,2,0,0,2,0,0,2018-11-08 00:00:00+00,11/8/2018 12:53:00 PM,Driveway Junction,11,"MOTOR VEHICLE STRUCK MOTOR VEHICLE, FRONT END AT ANGLE",,False,Clear or Partly Cloudy,Dry,Daylight,,,,10.0,Entering at angle,0,0,False,0
-122.365993010206,47.6906554073789,205762,306969,308249,3809832,Matched,Intersection,37181.0,8TH AVE NW AND NW 85TH ST, ,,2,Injury Collision,Left Turn,3,0,0,2,1,0,2018-11-16 00:00:00+00,11/16/2018 10:36:00 PM,At Intersection (intersection related),11,"MOTOR VEHICLE STRUCK MOTOR VEHICLE, FRONT END AT ANGLE",,False,Clear or Partly Cloudy,Dry,Dark - Street Lights On,,,,28.0,From opposite direction - one left turn - one straight,0,0,False,0
-122.344976879983,47.7232115471904,205764,306968,308248,3809831,Matched,Intersection,35828.0,AURORA AVE N AND N 130TH ST, ,,1,Property Damage Only Collision,Left Turn,4,0,0,2,0,0,2018-11-15 00:00:00+00,11/15/2018 10:16:00 PM,At Intersection (intersection related),11,"MOTOR VEHICLE STRUCK MOTOR VEHICLE, FRONT END AT ANGLE",,False,Raining,Wet,Dark - Street Lights On,,,,28.0,From opposite direction - one left turn - one straight,0,0,False,0
-122.322908597507,47.5429418900906,205765,307283,308563,E862210,Matched,Block,,CORSON AVE S BETWEEN S WARSAW ST AND S WILLOW ST, ,,1,Property Damage Only Collision,Angles,2,0,0,2,0,0,2018-11-13 00:00:00+00,11/13/2018 8:12:00 AM,Mid-Block (not related to intersection),11,"MOTOR VEHICLE STRUCK MOTOR VEHICLE, FRONT END AT ANGLE",,False,Clear or Partly Cloudy,Dry,Daylight,,,,10.0,Entering at angle,0,0,False,0
-122.319837916737,47.571878657257,205766,307471,308751,3818797,Matched,Block,,WEST SEATTLE BR EB BETWEEN W SEATTLE BR - I5 NB RP AND S COLUMBIAN EB WAY, ,,2,Injury Collision,Other,1,0,0,1,1,0,2018-10-19 00:00:00+00,10/19/2018 10:40:00 PM,Mid-Block (not related to intersection),26,MOTOR VEHICLE STRUCK OBJECT IN ROAD,,True,Clear or Partly Cloudy,Dry,Dark - Street Lights On,,,,50.0,Fixed object,0,0,False,0
-122.314193839956,47.6134047949724,205767,307269,308549,E862195,Matched,Block,,14TH AVE BETWEEN E UNION ST AND E MADISON ST, ,,1,Property Damage Only Collision,Parked Car,2,0,0,2,0,0,2018-11-07 00:00:00+00,11/7/2018 12:55:00 PM,Mid-Block (not related to intersection),11,"MOTOR VEHICLE STRUCK MOTOR VEHICLE, FRONT END AT ANGLE",,False,Clear or Partly Cloudy,Dry,Daylight,,,,19.0,One car entering parked position,0,0,False,0