longitude,latitude,objectid,inckey,coldetkey,reportno,status,addrtype,intkey,location,exceptrsncode,exceptrsndesc,severitycode,severitydesc,collisiontype,personcount,pedcount,pedcylcount,vehcount,injuries,fatalities,incdate,incdttm,junctiontype,sdot_colcode,sdot_coldesc,inattentionind,underinfl,weather,roadcond,lightcond,pedrownotgrnt,sdotcolnum,speeding,st_colcode,st_coldesc,seglanekey,crosswalkkey,hitparkedcar,seriousinjuries
-122.359321460655,47.6245921912577,205768,305640,306920,3811606,Matched,Intersection,28634.0,2ND AVE W AND W MERCER ST, ,,2b,Serious Injury Collision,Pedestrian,2,1,0,1,1,0,2018-09-21 00:00:00+00,9/21/2018 4:53:00 PM,At Intersection (intersection related),24,MOTOR VEHCILE STRUCK PEDESTRIAN,,False,Unknown,Unknown,Unknown,,,,0.0,Vehicle going straight hits pedestrian,0,525426,False,1
-122.339105550366,47.6869261197867,205769,305320,306600,E847035,Matched,Intersection,24230.0,ASHWORTH AVE N AND N 80TH ST, ,,1,Property Damage Only Collision,Rear Ended,2,0,0,2,0,0,2018-10-05 00:00:00+00,10/5/2018 12:41:00 PM,At Intersection (intersection related),14,"MOTOR VEHICLE STRUCK MOTOR VEHICLE, REAR END",True,False,Raining,Wet,Daylight,,,,14.0,From same direction - both going straight - one stopped - rear-end,0,0,False,0
-122.285953402816,47.5315547684446,205770,305639,306919,3811037,Matched,Intersection,34589.0,37TH AVE S AND S KENYON ST, ,,1,Property Damage Only Collision,Angles,2,0,0,2,0,0,2018-10-18 00:00:00+00,10/18/2018 7:30:00 AM,At Intersection (intersection related),11,"MOTOR VEHICLE STRUCK MOTOR VEHICLE, FRONT END AT ANGLE",,False,Clear or Partly Cloudy,Dry,Daylight,,,True,10.0,Entering at angle,0,0,False,0
-122.342292417391,47.6309971650249,205771,305319,306599,E847034,Matched,Block,,DEXTER AVE N BETWEEN COMSTOCK ST AND LEE ST, ,,1,Property Damage Only Collision,Parked Car,2,0,0,2,0,0,2018-10-03 00:00:00+00,10/3/2018 1:23:00 PM,Mid-Block (not related to intersection),14,"MOTOR VEHICLE STRUCK MOTOR VEHICLE, REAR END",,False,Clear or Partly Cloudy,Dry,Daylight,,,,32.0,One parked--one moving,0,0,True,0
-122.333143891222,47.7032139465356,205772,305638,306918,3754508,Matched,Block,,N 103RD ST BETWEEN MERIDIAN AVE N AND DEAD END, ,,1,Property Damage Only Collision,Parked Car,2,0,0,2,0,0,2018-10-07 00:00:00+00,10/7/2018 12:03:00 AM,Mid-Block (not related to intersection),14,"MOTOR VEHICLE STRUCK MOTOR VEHICLE, REAR END",,False,Overcast,Dry,Dark - Street Lights On,,,,32.0,One parked--one moving,0,0,False,0
-122.322196371746,47.6193144200416,205773,304397,305637,E845344,Matched,Block,,HARVARD AVE E BETWEEN E DENNY WAY AND E OLIVE WAY, ,,1,Property Damage Only Collision,Parked Car,2,0,0,2,0,0,2018-09-23 00:00:00+00,9/23/2018 1:24:00 PM,Mid-Block (not related to intersection),11,"MOTOR VEHICLE STRUCK MOTOR VEHICLE, FRONT END AT ANGLE",True,False,Clear or Partly Cloudy,Dry,Daylight,,,,20.0,One car leaving parked position,0,0,False,0
-122.316542532031,47.6794612164982,205774,304377,305617,E845343,Matched,Block,,NE 70TH ST BETWEEN ROOSEVELT WAY NE AND 12TH AVE NE, ,,1,Property Damage Only Collision,Angles,2,0,0,2,0,0,2018-09-12 00:00:00+00,9/12/2018 7:00:00 PM,Mid-Block (but intersection related),11,"MOTOR VEHICLE STRUCK MOTOR VEHICLE, FRONT END AT ANGLE",True,False,Clear or Partly Cloudy,Dry,Daylight,,,,10.0,Entering at angle,0,0,False,0
-122.30524627281,47.708542154167,205775,305637,306917,3751714,Matched,Block,,NE NORTHGATE WAY BETWEEN 20TH AVE NE AND 23RD AVE NE, ,,1,Property Damage Only Collision,Other,1,0,0,1,0,0,2018-10-02 00:00:00+00,10/2/2018 6:13:00 AM,Mid-Block (not related to intersection),28,MOTOR VEHICLE RAN OFF ROAD - HIT FIXED OBJECT,,False,Clear or Partly Cloudy,Dry,Daylight,,,,50.0,Fixed object,0,0,False,0
-122.300681888188,47.57308075953,205776,305324,306604,E846567,Matched,Intersection,32422.0,25TH AVE S AND S HINDS ST, ,,1,Property Damage Only Collision,Angles,2,0,0,2,0,0,2018-10-02 00:00:00+00,10/2/2018 8:55:00 AM,At Intersection (intersection related),11,"MOTOR VEHICLE STRUCK MOTOR VEHICLE, FRONT END AT ANGLE",,False,Clear or Partly Cloudy,Dry,Daylight,,,,10.0,Entering at angle,0,0,False,0
-122.317583155172,47.6199319330191,205777,304357,305597,E845342,Matched,Block,,E JOHN ST BETWEEN 11TH AVE E AND 12TH AVE E, ,,1,Property Damage Only Collision,Parked Car,2,0,0,2,0,0,2018-09-21 00:00:00+00,9/21/2018 9:05:00 PM,Mid-Block (not related to intersection),13,"MOTOR VEHICLE STRUCK MOTOR VEHICLE, LEFT SIDE AT ANGLE",True,False,Raining,Wet,Dark - Street Lights On,,,,32.0,One parked--one moving,0,0,True,0
-122.344966862431,47.7223018735588,205779,304349,305589,E845923,Matched,Intersection,35827.0,AURORA AVE N AND N 128TH ST, ,,1,Property Damage Only Collision,Left Turn,4,0,0,2,0,0,2018-10-06 00:00:00+00,10/6/2018 1:17:00 PM,At Intersection (intersection related),11,"MOTOR VEHICLE STRUCK MOTOR VEHICLE, FRONT END AT ANGLE",,False,Clear or Partly Cloudy,Dry,Daylight,,,,28.0,From opposite direction - one left turn - one straight,0,0,False,0
-122.342214375142,47.6166982422468,205780,305635,306915,3789034,Matched,Intersection,29530.0,6TH AVE AND BELL ST, ,,2,Injury Collision,Pedestrian,4,0,1,1,1,0,2018-10-19 00:00:00+00,10/19/2018 6:40:00 AM,At Intersection (intersection related),18,"MOTOR VEHICLE STRUCK PEDALCYCLIST, FRONT END AT ANGLE",,False,Clear or Partly Cloudy,Dry,Dark - Street Lights On,,,,5.0,Vehicle Strikes Pedalcyclist,0,521733,False,0
-122.316385970767,47.5716161486555,205781,305510,306790,3745908,Matched,Block,,S SPOKANE ST BETWEEN HAHN PL S AND 13TH AVE S, ,,2,Injury Collision,Pedestrian,2,0,1,1,1,0,2018-10-03 00:00:00+00,10/3/2018 7:37:00 AM,Mid-Block (not related to intersection),18,"MOTOR VEHICLE STRUCK PEDALCYCLIST, FRONT END AT ANGLE",,False,Clear or Partly Cloudy,Dry,Daylight,,,,5.0,Vehicle Strikes Pedalcyclist,0,0,False,0
-122.355565170932,47.7314044846321,205782,305641,306921,3705965,Matched,Block,,GREENWOOD AVE N BETWEEN N 140TH ST AND N 143RD ST, ,,2,Injury Collision,Left Turn,3,0,0,2,2,0,2018-10-10 00:00:00+00,10/10/2018 6:47:00 PM,Driveway Junction,11,"MOTOR VEHICLE STRUCK MOTOR VEHICLE, FRONT END AT ANGLE",True,False,Clear or Partly Cloudy,Dry,Dusk,,,,28.0,From opposite direction - one left turn - one straight,0,0,False,0
-122.356709220833,47.6245829734798,205783,304348,305588,E845881,Matched,Intersection,28632.0,MERCER ST AND QUEEN ANNE AVE N, ,,2,Injury Collision,Pedestrian,2,1,0,1,1,0,2018-09-11 00:00:00+00,9/11/2018 10:25:00 PM,At Intersection (intersection related),24,MOTOR VEHCILE STRUCK PEDESTRIAN,,False,Overcast,Dry,Dark - Street Lights On,True,,,2.0,Vehicle turning left hits pedestrian,0,523109,False,0
-122.322922629214,47.5260417085252,205784,305509,306789,3745826,Matched,Block,,8TH AVE S BETWEEN S CLOVERDALE ST AND S DONOVAN ST, ,,1,Property Damage Only Collision,Parked Car,2,0,0,2,0,0,2018-10-03 00:00:00+00,10/3/2018 12:47:00 PM,Mid-Block (not related to intersection),11,"MOTOR VEHICLE STRUCK MOTOR VEHICLE, FRONT END AT ANGLE",True,False,Clear or Partly Cloudy,Dry,Daylight,,,,32.0,One parked--one moving,0,0,False,0
-122.338677430777,47.5565913688173,205785,305323,306603,E847652,Matched,Block,,EAST MARGINAL WAY S BETWEEN S HUDSON ST AND S DAWSON ST, ,,1,Property Damage Only Collision,Rear Ended,2,0,0,2,0,0,2018-10-04 00:00:00+00,10/4/2018 10:51:00 AM,Mid-Block (not related to intersection),14,"MOTOR VEHICLE STRUCK MOTOR VEHICLE, REAR END",True,False,Clear or Partly Cloudy,Dry,Daylight,,,,13.0,From same direction - both going straight - both moving - rear-end,0,0,False,0
-122.332256555685,47.6053742451996,205786,304347,305587,E845405,Matched,Intersection,29953.0,4TH AVE AND MARION ST, ,,2,Injury Collision,Pedestrian,2,1,0,1,1,0,2018-10-04 00:00:00+00,10/4/2018 11:35:00 AM,At Intersection (intersection related),24,MOTOR VEHCILE STRUCK PEDESTRIAN,,False,Clear or Partly Cloudy,Dry,Daylight,True,,,2.0,Vehicle turning left hits pedestrian,0,521851,False,0
-122.345416174342,47.57151882783,205787,305508,306788,3745801,Matched,Block,,SW SPOKANE ST BETWEEN S SPOKANE ST AND SW KLICKITAT SR WAY, ,,2b,Serious Injury Collision,Head On,4,0,0,2,4,0,2018-09-21 00:00:00+00,9/21/2018 10:58:00 PM,Mid-Block (not related to intersection),11,"MOTOR VEHICLE STRUCK MOTOR VEHICLE, FRONT END AT ANGLE",,True,Raining,Wet,Dark - Street Lights On,,,,24.0,From opposite direction - both moving - head-on,0,0,False,2
-122.329103075907,47.5716778655723,205788,304346,305586,E845403,Matched,Intersection,32356.0,4TH AVE S AND S SPOKANE NR ST, ,,1,Property Damage Only Collision,Sideswipe,2,0,0,2,0,0,2018-10-02 00:00:00+00,10/2/2018 10:30:00 AM,At Intersection (intersection related),11,"MOTOR VEHICLE STRUCK MOTOR VEHICLE, FRONT END AT ANGLE",,False,Clear or Partly Cloudy,Dry,Daylight,,,,11.0,From same direction - both going straight - both moving - sideswipe,0,0,False,0
-122.338434334963,47.6246957812307,205789,304345,305585,E845402,Matched,Intersection,589794.0,MERCER NR ST AND WESTLAKE AVE N, ,,1,Property Damage Only Collision,Left Turn,2,0,0,2,0,0,2018-09-28 00:00:00+00,9/28/2018 8:19:00 AM,At Intersection (intersection related),11,"MOTOR VEHICLE STRUCK MOTOR VEHICLE, FRONT END AT ANGLE",,False,Clear or Partly Cloudy,Dry,Daylight,,,,28.0,From opposite direction - one left turn - one straight,0,0,False,0
-122.335745892728,47.5340651426006,205790,305507,306787,3745791,Matched,Block,,2ND AV SW TURN RD BETWEEN 2ND AV SW OFF RP AND 1ST AVE S, ,,2,Injury Collision,Rear Ended,2,0,0,2,1,0,2018-10-04 00:00:00+00,10/4/2018 12:55:00 PM,Mid-Block (not related to intersection),14,"MOTOR VEHICLE STRUCK MOTOR VEHICLE, REAR END",True,False,Clear or Partly Cloudy,Dry,Daylight,,,,74.0,Same direction -- both turning right -- one stopped -- rear end,0,0,False,0
-122.319459964739,47.7340151479221,205791,307621,308901,E847188,Matched,Block,,NE 145TH ST BETWEEN 8TH AVE NE AND 10TH AVE NE, ,,2,Injury Collision,Other,1,0,0,1,1,0,2018-10-04 00:00:00+00,10/4/2018 5:56:00 PM,Mid-Block (not related to intersection),11,"MOTOR VEHICLE STRUCK MOTOR VEHICLE, FRONT END AT ANGLE",,False,Clear or Partly Cloudy,Dry,Daylight,,,,52.0,Vehicle overturned,0,0,False,0
-122.386764227804,47.5726001883319,205792,305506,306786,3745650,Matched,Block,,CALIFORNIA AVE SW BETWEEN SW HINDS S ST AND SW SPOKANE ST, ,,1,Property Damage Only Collision,Parked Car,3,0,0,2,0,0,2018-10-04 00:00:00+00,10/4/2018 6:30:00 PM,Mid-Block (not related to intersection),11,"MOTOR VEHICLE STRUCK MOTOR VEHICLE, FRONT END AT ANGLE",,False,Overcast,Dry,Dusk,,,,32.0,One parked--one moving,0,0,True,0
-122.34367501624,47.622060831943,205794,305322,306602,E847059,Matched,Intersection,28784.0,7TH AVE N AND HARRISON ST, ,,1,Property Damage Only Collision,Rear Ended,3,0,0,2,0,0,2018-09-23 00:00:00+00,9/23/2018 5:42:00 PM,At Intersection (intersection related),14,"MOTOR VEHICLE STRUCK MOTOR VEHICLE, REAR END",,False,Clear or Partly Cloudy,Dry,Daylight,,,,14.0,From same direction - both going straight - one stopped - rear-end,0,0,False,0
-122.324400899506,47.6017091168177,205795,307618,308898,3784882,Matched,Block,,YESLER WAY BETWEEN 6TH AVE AND 8TH AVE, ,,1,Property Damage Only Collision,Other,1,0,0,1,0,0,2018-11-20 00:00:00+00,11/20/2018 11:06:00 PM,Mid-Block (not related to intersection),28,MOTOR VEHICLE RAN OFF ROAD - HIT FIXED OBJECT,,False,Clear or Partly Cloudy,Dry,Dark - Street Lights On,,,,50.0,Fixed object,0,0,False,0
-122.310520394382,47.5484823209949,205796,307616,308896,3810833,Matched,Block,,SWIFT AVE S BETWEEN S ALBRO PL AND 18TH AVE S, ,,1,Property Damage Only Collision,Rear Ended,2,0,0,2,0,0,2018-11-21 00:00:00+00,11/21/2018 7:57:00 AM,Mid-Block (not related to intersection),14,"MOTOR VEHICLE STRUCK MOTOR VEHICLE, REAR END",,False,Clear or Partly Cloudy,Dry,Daylight,,,,14.0,From same direction - both going straight - one stopped - rear-end,0,0,False,0
-122.352353136416,47.6529522162395,205797,305504,306784,3737499,Matched,Block,,DAYTON AVE N BETWEEN N 36TH ST AND N 39TH E ST, ,,1,Property Damage Only Collision,Parked Car,2,0,0,2,0,0,2018-10-06 00:00:00+00,10/6/2018 8:00:00 AM,Mid-Block (not related to intersection),11,"MOTOR VEHICLE STRUCK MOTOR VEHICLE, FRONT END AT ANGLE",,False,Other,Unknown,Unknown,,,,32.0,One parked--one moving,0,0,True,0
-122.34485254918,47.7147767538906,205798,305503,306783,3706634,Matched,Intersection,36339.0,AURORA AVE N AND N 117TH PL, ,,1,Property Damage Only Collision,Head On,3,0,0,3,0,0,2018-10-06 00:00:00+00,10/6/2018 12:29:00 AM,At Intersection (but not related to intersection),11,"MOTOR VEHICLE STRUCK MOTOR VEHICLE, FRONT END AT ANGLE",,True,Clear or Partly Cloudy,Dry,Dark - Street Lights On,,,,24.0,From opposite direction - both moving - head-on,0,0,False,0
-122.273741919482,47.5438162537619,205799,305643,306923,3756138,Matched,Block,,RAINIER AVE S BETWEEN S MORGAN ST AND S WARSAW ST, ,,1,Property Damage Only Collision,Parked Car,2,0,0,2,0,0,2018-10-01 00:00:00+00,10/1/2018 12:11:00 AM,Mid-Block (not related to intersection),11,"MOTOR VEHICLE STRUCK MOTOR VEHICLE, FRONT END AT ANGLE",,False,Clear or Partly Cloudy,Dry,Dark - Street Lights On,,,,20.0,One car leaving parked position,0,0,False,0
-122.354775198772,47.5687240084128,205800,307615,308895,3746040,Matched,Block,,WEST MARGINAL WAY SW BETWEEN MARGINAL SB PL SW AND SW ANDOVER ST, ,,1,Property Damage Only Collision,Other,1,0,0,1,0,0,2018-11-21 00:00:00+00,11/21/2018 12:00:00 PM,Mid-Block (not related to intersection),28,MOTOR VEHICLE RAN OFF ROAD - HIT FIXED OBJECT,,False,Overcast,Wet,Daylight,,,,50.0,Fixed object,0,0,False,0
-122.334195453144,47.5903121642402,205801,305326,306606,E846635,Matched,Intersection,30388.0,1ST AVE S AND S ATLANTIC ST, ,,1,Property Damage Only Collision,Other,2,0,0,2,0,0,2018-09-25 00:00:00+00,9/25/2018 12:21:00 PM,At Intersection (intersection related),11,"MOTOR VEHICLE STRUCK MOTOR VEHICLE, FRONT END AT ANGLE",,False,Clear or Partly Cloudy,Dry,Daylight,,,,23.0,From same direction - all others,0,0,False,0
-122.334194505249,47.592395717056,205802,305321,306601,E847045,Matched,Intersection,30384.0,1ST AVE S AND S ROYAL BROUGHAM WAY, ,,1,Property Damage Only Collision,Sideswipe,5,0,0,3,0,0,2018-10-05 00:00:00+00,10/5/2018 1:40:00 PM,At Intersection (intersection related),11,"MOTOR VEHICLE STRUCK MOTOR VEHICLE, FRONT END AT ANGLE",,False,Raining,Wet,Daylight,,,,11.0,From same direction - both going straight - both moving - sideswipe,0,0,False,0
-122.31414735367,47.6122335347464,205803,307614,308894,E866200,Matched,Block,,14TH AVE BETWEEN E SPRING ST AND E UNION ST, ,,1,Property Damage Only Collision,Parked Car,3,0,0,3,0,0,2018-11-28 00:00:00+00,11/28/2018 6:41:00 PM,Mid-Block (not related to intersection),11,"MOTOR VEHICLE STRUCK MOTOR VEHICLE, FRONT END AT ANGLE",,False,Raining,Wet,Dark - Street Lights On,,,,32.0,One parked--one moving,0,0,True,0
-122.329407531653,47.6415166565379,205804,305325,306605,E847060,Matched,Block,,FAIRVIEW AVE E BETWEEN E LYNN ST AND E ROANOKE ST, ,,1,Property Damage Only Collision,Parked Car,2,0,0,2,0,0,2018-10-01 00:00:00+00,10/1/2018 12:00:00 PM,Mid-Block (not related to intersection),11,"MOTOR VEHICLE STRUCK MOTOR VEHICLE, FRONT END AT ANGLE",,False,Clear or Partly Cloudy,Dry,Daylight,,,,32.0,One parked--one moving,0,0,True,0
-122.307344395394,47.7338906325121,205807,306323,307603,E836305,Matched,Intersection,36075.0,20TH AVE NE AND NE 145TH ST, ,,1,Property Damage Only Collision,Angles,8,0,0,4,0,0,2018-09-05 00:00:00+00,9/5/2018 6:48:00 PM,At Intersection (intersection related),11,"MOTOR VEHICLE STRUCK MOTOR VEHICLE, FRONT END AT ANGLE",,False,Clear or Partly Cloudy,Dry,Daylight,,,,10.0,Entering at angle,0,0,False,0
-122.31696510421,47.6008528586974,205808,305950,307230,3789035,Matched,Intersection,30418.0,12TH AVE S AND BOREN AVE S, ,,2,Injury Collision,Rear Ended,2,0,0,2,1,0,2018-10-20 00:00:00+00,10/20/2018 2:10:00 AM,At Intersection (but not related to intersection),14,"MOTOR VEHICLE STRUCK MOTOR VEHICLE, REAR END",,False,Clear or Partly Cloudy,Dry,Dark - No Street Lights,,,,13.0,From same direction - both going straight - both moving - rear-end,0,0,False,0
-122.341335136493,47.7341313530541,205809,306321,307601,E835441,Matched,Intersection,35698.0,INTERLAKE AVE N AND N 145TH ST, ,,2,Injury Collision,Rear Ended,3,0,0,2,2,0,2018-09-03 00:00:00+00,9/3/2018 3:55:00 PM,At Intersection (intersection related),14,"MOTOR VEHICLE STRUCK MOTOR VEHICLE, REAR END",,False,Clear or Partly Cloudy,Dry,Daylight,,,,13.0,From same direction - both going straight - both moving - rear-end,0,0,False,0
-122.35756914995,47.7040097923118,205810,305949,307229,3762897,Matched,Block,,HOLMAN RD N BETWEEN NW 103RD ST AND N 104TH ST, ,,1,Property Damage Only Collision,Rear Ended,2,0,0,2,0,0,2018-10-15 00:00:00+00,10/15/2018 10:45:00 AM,Mid-Block (not related to intersection),14,"MOTOR VEHICLE STRUCK MOTOR VEHICLE, REAR END",,False,Clear or Partly Cloudy,Dry,Daylight,,,,14.0,From same direction - both going straight - one stopped - rear-end,0,0,False,0
-122.332640195007,47.6091602205163,205811,306318,307598,E835086,Matched,Intersection,29914.0,6TH AVE AND UNIVERSITY ST, ,,1,Property Damage Only Collision,Sideswipe,2,0,0,2,0,0,2018-08-31 00:00:00+00,8/31/2018 11:47:00 AM,At Intersection (but not related to intersection),11,"MOTOR VEHICLE STRUCK MOTOR VEHICLE, FRONT END AT ANGLE",,False,Overcast,Dry,Daylight,,,,11.0,From same direction - both going straight - both moving - sideswipe,0,0,False,0
-122.338096804142,47.7050422555897,205812,305948,307228,3751717,Matched,Block,,N 105TH ST BETWEEN N NORTHGATE E WAY AND DENSMORE AVE N, ,,1,Property Damage Only Collision,Other,1,0,0,1,0,0,2018-10-14 00:00:00+00,10/14/2018 12:49:00 AM,Mid-Block (not related to intersection),14,"MOTOR VEHICLE STRUCK MOTOR VEHICLE, REAR END",,True,Clear or Partly Cloudy,Dry,Dark - Street Lights On,,,,50.0,Fixed object,0,0,False,0
-122.376214125106,47.6690533252931,205813,305946,307226,3746670,Matched,Block,,15TH AVE NW BETWEEN NW MARKET ST AND NW 56TH ST, ,,1,Property Damage Only Collision,Sideswipe,4,0,0,2,0,0,2018-10-20 00:00:00+00,10/20/2018 12:57:00 PM,Mid-Block (not related to intersection),14,"MOTOR VEHICLE STRUCK MOTOR VEHICLE, REAR END",True,False,Clear or Partly Cloudy,Dry,Daylight,,,,11.0,From same direction - both going straight - both moving - sideswipe,0,0,False,0
-122.334203660664,47.5743855785793,205815,305945,307225,3746033,Matched,Intersection,32333.0,1ST AVE S AND S HORTON ST, ,,1,Property Damage Only Collision,Rear Ended,3,0,0,2,0,0,2018-10-22 00:00:00+00,10/22/2018 7:20:00 AM,At Intersection (but not related to intersection),14,"MOTOR VEHICLE STRUCK MOTOR VEHICLE, REAR END",True,False,Unknown,Dry,Unknown,,,,13.0,From same direction - both going straight - both moving - rear-end,0,0,False,0
-122.360490120095,47.5232970235802,205817,305944,307224,3746013,Matched,Intersection,34867.0,21ST AVE SW AND DELRIDGE S WAY SW, ,,1,Property Damage Only Collision,Angles,2,0,0,2,0,0,2018-10-24 00:00:00+00,10/24/2018 9:29:00 AM,At Intersection (intersection related),11,"MOTOR VEHICLE STRUCK MOTOR VEHICLE, FRONT END AT ANGLE",True,False,Clear or Partly Cloudy,Dry,Daylight,,,,10.0,Entering at angle,0,0,False,0
-122.31075972931,47.6885032000043,205819,306139,307419,3751309,Matched,Intersection,24755.0,LAKE CITY WAY NE AND NE 82ND ST, ,,2,Injury Collision,Angles,2,0,0,2,2,0,2018-10-28 00:00:00+00,10/28/2018 2:28:00 AM,At Intersection (intersection related),11,"MOTOR VEHICLE STRUCK MOTOR VEHICLE, FRONT END AT ANGLE",,False,Raining,Wet,Dark - Street Lights On,,,,10.0,Entering at angle,0,0,False,0
-122.388060821708,47.5738341254927,205820,305943,307223,3746012,Matched,Intersection,31941.0,44TH AVE SW AND SW HINDS ST, ,,1,Property Damage Only Collision,Parked Car,2,0,0,2,0,0,2018-10-23 00:00:00+00,10/23/2018 8:41:00 AM,At Intersection (but not related to intersection),11,"MOTOR VEHICLE STRUCK MOTOR VEHICLE, FRONT END AT ANGLE",True,False,Fog/Smog/Smoke,Dry,Daylight,,,,32.0,One parked--one moving,0,0,False,0
-122.383087747699,47.5120661590142,205821,306138,307418,3745781,Matched,Intersection,37985.0,40TH AVE SW AND SW 102ND ST, ,,1,Property Damage Only Collision,Other,1,0,0,1,0,0,2018-10-28 00:00:00+00,10/28/2018 7:28:00 AM,At Intersection (intersection related),28,MOTOR VEHICLE RAN OFF ROAD - HIT FIXED OBJECT,,False,Raining,Wet,Dawn,,,,50.0,Fixed object,0,0,False,0
-122.316655659081,47.6583559542751,205822,305814,307094,3767644,Matched,Intersection,27087.0,11TH AVE NE AND NE 42ND ST, ,,1,Property Damage Only Collision,Angles,3,0,0,2,0,0,2018-10-21 00:00:00+00,10/21/2018 7:30:00 PM,At Intersection (intersection related),14,"MOTOR VEHICLE STRUCK MOTOR VEHICLE, REAR END",,False,Clear or Partly Cloudy,Dry,Dark - Street Lights On,,,,10.0,Entering at angle,0,0,False,0
-122.354992241651,47.539120175182,205824,305813,307093,3745493,Matched,Intersection,34126.0,16TH AVE SW AND SW MYRTLE ST, ,,1,Property Damage Only Collision,Other,1,0,0,1,0,0,2018-09-25 00:00:00+00,9/25/2018 2:15:00 AM,At Intersection (intersection related),28,MOTOR VEHICLE RAN OFF ROAD - HIT FIXED OBJECT,,False,,Unknown,Dark - Street Lights On,,,,50.0,Fixed object,0,0,False,0
-122.34707012885,47.534077845871,205825,305812,307092,3742287,Matched,Intersection,34153.0,HIGHLAND PARK WAY SW AND SW HOLDEN N ST, ,,1,Property Damage Only Collision,Angles,3,0,0,2,0,0,2018-10-23 00:00:00+00,10/23/2018 6:50:00 AM,At Intersection (intersection related),11,"MOTOR VEHICLE STRUCK MOTOR VEHICLE, FRONT END AT ANGLE",True,False,Fog/Smog/Smoke,Dry,Dark - Street Lights Off,,,,10.0,Entering at angle,0,0,False,0
-122.378771126081,47.5632637768611,205826,306136,307416,3742528,Matched,Intersection,31925.0,37TH AVE SW AND FAUNTLEROY WAY SW, ,,1,Property Damage Only Collision,Angles,2,0,0,2,0,0,2018-10-26 00:00:00+00,10/26/2018 8:27:00 AM,At Intersection (intersection related),11,"MOTOR VEHICLE STRUCK MOTOR VEHICLE, FRONT END AT ANGLE",,False,Overcast,Wet,Daylight,,,,10.0,Entering at angle,0,0,False,0
-122.344640313052,47.700524675492,205827,305811,307091,3707707,Matched,Intersection,37302.0,AURORA AVE N AND N 98TH ST, ,,2,Injury Collision,Left Turn,4,0,0,2,2,0,2018-10-22 00:00:00+00,10/22/2018 9:47:00 PM,At Intersection (intersection related),11,"MOTOR VEHICLE STRUCK MOTOR VEHICLE, FRONT END AT ANGLE",,False,Fog/Smog/Smoke,Dry,Dark - Street Lights On,,,,28.0,From opposite direction - one left turn - one straight,0,0,False,0
-122.346370967126,47.5714797619211,205828,306135,307415,3742447,Matched,Intersection,32206.0,SW KLICKITAT SR WAY AND SW SPOKANE ST, ,,1,Property Damage Only Collision,Other,2,0,0,2,0,0,2018-10-27 00:00:00+00,10/27/2018 4:13:00 PM,At Intersection (intersection related),11,"MOTOR VEHICLE STRUCK MOTOR VEHICLE, FRONT END AT ANGLE",,False,Raining,Wet,Daylight,,,,23.0,From same direction - all others,0,0,False,0
-122.304610902905,47.6455566529381,205829,306134,307414,3707476,Matched,Intersection,28389.0,MONTLAKE BLVD E AND E HAMLIN ST, ,,2,Injury Collision,Left Turn,4,0,0,2,2,0,2018-10-30 00:00:00+00,10/30/2018 11:40:00 AM,At Intersection (intersection related),11,"MOTOR VEHICLE STRUCK MOTOR VEHICLE, FRONT END AT ANGLE",,False,Clear or Partly Cloudy,Dry,Daylight,,,,28.0,From opposite direction - one left turn - one straight,0,0,False,0
-122.296254307144,47.6079966236585,205830,305810,307090,3702442,Matched,Intersection,30071.0,M L KING JR WAY AND E CHERRY ST, ,,1,Property Damage Only Collision,Left Turn,2,0,0,2,0,0,2018-10-23 00:00:00+00,10/23/2018 8:34:00 AM,At Intersection (intersection related),11,"MOTOR VEHICLE STRUCK MOTOR VEHICLE, FRONT END AT ANGLE",,False,Fog/Smog/Smoke,Dry,Daylight,,,,28.0,From opposite direction - one left turn - one straight,0,0,False,0
-122.334193716667,47.5713925746739,205831,305809,307089,3550169,Matched,Intersection,32340.0,1ST AVE S AND S SPOKANE SR ST, ,,1,Property Damage Only Collision,Left Turn,2,0,0,2,0,0,2018-10-19 00:00:00+00,10/19/2018 11:43:00 AM,At Intersection (intersection related),11,"MOTOR VEHICLE STRUCK MOTOR VEHICLE, FRONT END AT ANGLE",,False,Clear or Partly Cloudy,Dry,Daylight,,,,28.0,From opposite direction - one left turn - one straight,0,0,False,0
-122.376218029378,47.6664334716106,205832,306133,307413,3695671,Matched,Intersection,25437.0,15TH AVE NW AND NW 52ND ST, ,,2,Injury Collision,Left Turn,4,0,0,2,1,0,2018-10-27 00:00:00+00,10/27/2018 11:37:00 AM,At Intersection (intersection related),11,"MOTOR VEHICLE STRUCK MOTOR VEHICLE, FRONT END AT ANGLE",,False,Clear or Partly Cloudy,Dry,Daylight,,,,29.0,From opposite direction - one left turn - one right turn,0,0,False,0
-122.370759608982,47.6686619185223,205833,306132,307412,3587100,Matched,Intersection,25422.0,11TH AVE NW AND NW MARKET ST, ,,1,Property Damage Only Collision,Rear Ended,3,0,0,3,0,0,2018-10-27 00:00:00+00,10/27/2018 7:50:00 PM,At Intersection (intersection related),14,"MOTOR VEHICLE STRUCK MOTOR VEHICLE, REAR END",True,False,Raining,Wet,Dark - Street Lights On,,,,14.0,From same direction - both going straight - one stopped - rear-end,0,0,False,0