longitude,latitude,objectid,inckey,coldetkey,reportno,status,addrtype,intkey,location,exceptrsncode,exceptrsndesc,severitycode,severitydesc,collisiontype,personcount,pedcount,pedcylcount,vehcount,injuries,fatalities,incdate,incdttm,junctiontype,sdot_colcode,sdot_coldesc,inattentionind,underinfl,weather,roadcond,lightcond,pedrownotgrnt,sdotcolnum,speeding,st_colcode,st_coldesc,seglanekey,crosswalkkey,hitparkedcar,seriousinjuries
-122.313062390751,47.6656668890105,205834,305808,307088,E851640,Matched,Block,,UNIVERSITY WAY NE BETWEEN NE 50TH ST AND NE 52ND ST, ,,1,Property Damage Only Collision,Head On,2,0,0,2,0,0,2018-10-20 00:00:00+00,10/20/2018 4:15:00 PM,Mid-Block (not related to intersection),11,"MOTOR VEHICLE STRUCK MOTOR VEHICLE, FRONT END AT ANGLE",,False,Clear or Partly Cloudy,Dry,Daylight,,,,30.0,From opposite direction - all others,0,0,False,0
-122.333993043895,47.7086630662822,205835,306131,307411,3578637,Matched,Intersection,36584.0,MERIDIAN AVE N AND N NORTHGATE WAY, ,,1,Property Damage Only Collision,Other,1,0,0,1,0,0,2018-10-23 00:00:00+00,10/23/2018 12:15:00 PM,At Intersection (intersection related),28,MOTOR VEHICLE RAN OFF ROAD - HIT FIXED OBJECT,True,False,Clear or Partly Cloudy,Dry,Daylight,,,,50.0,Fixed object,0,0,False,0
-122.316095473079,47.5586662424438,205836,306325,307605,E836874,Matched,Intersection,33073.0,13TH AVE S AND S FERDINAND ST, ,,1,Property Damage Only Collision,Parked Car,3,0,0,3,0,0,2018-08-06 00:00:00+00,8/6/2018 10:28:00 PM,At Intersection (intersection related),11,"MOTOR VEHICLE STRUCK MOTOR VEHICLE, FRONT END AT ANGLE",True,False,Clear or Partly Cloudy,Dry,Dark - Street Lights On,,,,32.0,One parked--one moving,0,0,False,0
-122.304452709856,47.6989382948795,205837,305807,307087,E851105,Matched,Block,,LAKE CITY WAY NE BETWEEN NE 95TH ST AND NE 98TH ST, ,,2,Injury Collision,Rear Ended,3,0,0,3,3,0,2018-10-18 00:00:00+00,10/18/2018 9:43:00 AM,Mid-Block (not related to intersection),14,"MOTOR VEHICLE STRUCK MOTOR VEHICLE, REAR END",True,False,Overcast,Dry,Daylight,,,,14.0,From same direction - both going straight - one stopped - rear-end,0,0,False,0
-122.351081397963,47.6160768243104,205838,305951,307231,3789036,Matched,Block,,1ST AVE BETWEEN CEDAR ST AND CLAY ST, ,,1,Property Damage Only Collision,Parked Car,3,0,0,2,0,0,2018-10-20 00:00:00+00,10/20/2018 2:50:00 AM,Mid-Block (not related to intersection),14,"MOTOR VEHICLE STRUCK MOTOR VEHICLE, REAR END",,True,Clear or Partly Cloudy,Dry,Dark - Street Lights On,,,,32.0,One parked--one moving,0,0,True,0
-122.342205825053,47.614931663157,205839,305647,306927,3756142,Matched,Block,,BLANCHARD ST BETWEEN 4TH AVE AND 5TH AVE, ,,1,Property Damage Only Collision,Cycles,2,0,1,1,0,0,2018-09-30 00:00:00+00,9/30/2018 11:00:00 AM,Mid-Block (not related to intersection),11,"MOTOR VEHICLE STRUCK MOTOR VEHICLE, FRONT END AT ANGLE",,False,Unknown,Unknown,Unknown,,,,6.0,Pedalcyclist Strikes Moving Vehicle,0,0,False,0
-122.334762317446,47.5254167310125,205840,306324,307604,E836475,Matched,Block,,1ST AVE S BETWEEN S CLOVERDALE W ST AND 1ST AVS OFF S RP, ,,1,Property Damage Only Collision,Rear Ended,2,0,0,2,0,0,2018-09-08 00:00:00+00,9/8/2018 4:56:00 PM,Mid-Block (not related to intersection),14,"MOTOR VEHICLE STRUCK MOTOR VEHICLE, REAR END",,False,Clear or Partly Cloudy,Dry,Daylight,,,,13.0,From same direction - both going straight - both moving - rear-end,0,0,False,0
-122.316928342423,47.6199367074436,205841,306982,308262,3814411,Matched,Intersection,29055.0,12TH AVE E AND E JOHN ST, ,,2,Injury Collision,Left Turn,3,0,0,2,1,0,2018-11-19 00:00:00+00,11/19/2018 8:10:00 PM,At Intersection (intersection related),11,"MOTOR VEHICLE STRUCK MOTOR VEHICLE, FRONT END AT ANGLE",,False,Clear or Partly Cloudy,Dry,Dark - Street Lights On,,,,28.0,From opposite direction - one left turn - one straight,0,0,False,0
-122.38399991882,47.6465820558516,205842,306648,307928,3746671,Matched,Block,,W BARRETT ST BETWEEN 21ST AVE W AND 22ND AVE W, ,,1,Property Damage Only Collision,Parked Car,2,0,0,2,0,0,2018-11-10 00:00:00+00,11/10/2018 1:00:00 AM,Mid-Block (not related to intersection),15,"MOTOR VEHICLE STRUCK MOTOR VEHICLE, RIGHT SIDE SIDESWIPE",,False,Overcast,Dry,Other,,,,32.0,One parked--one moving,0,0,True,0
-122.350615985499,47.6158016113516,205843,306981,308261,3812023,Matched,Intersection,29684.0,1ST AVE AND CEDAR ST, ,,1,Property Damage Only Collision,Left Turn,2,0,0,2,0,0,2018-11-17 00:00:00+00,11/17/2018 3:00:00 PM,At Intersection (intersection related),11,"MOTOR VEHICLE STRUCK MOTOR VEHICLE, FRONT END AT ANGLE",True,False,Clear or Partly Cloudy,Dry,Daylight,,,,28.0,From opposite direction - one left turn - one straight,0,0,False,0
-122.31678189326,47.6016933678319,205844,307150,308430,3702655,Matched,Intersection,30410.0,12TH AVE AND E YESLER WAY, ,,1,Property Damage Only Collision,Left Turn,2,0,0,2,0,0,2018-11-25 00:00:00+00,11/25/2018 7:01:00 AM,At Intersection (intersection related),11,"MOTOR VEHICLE STRUCK MOTOR VEHICLE, FRONT END AT ANGLE",,False,Clear or Partly Cloudy,Dry,Daylight,,,,28.0,From opposite direction - one left turn - one straight,0,0,False,0
-122.391638813447,47.5887833193891,205845,306647,307927,3746056,Matched,Block,,SUNSET AVE SW BETWEEN SW SEATTLE ST AND SW MASSACHUSETTS ST, ,,1,Property Damage Only Collision,Parked Car,2,0,0,2,0,0,2018-11-09 00:00:00+00,11/9/2018 10:00:00 PM,Mid-Block (not related to intersection),16,"MOTOR VEHICLE STRUCK MOTOR VEHICLE, LEFT SIDE SIDESWIPE",,False,Unknown,Unknown,Unknown,,,,32.0,One parked--one moving,0,0,True,0
-122.30897429331,47.5970662349551,205847,306646,307926,3746054,Matched,Block,,18TH AVE S BETWEEN S WELLER ST AND S LANE ST, ,,1,Property Damage Only Collision,Parked Car,2,0,0,2,0,0,2018-10-12 00:00:00+00,10/12/2018 3:37:00 PM,Mid-Block (not related to intersection),16,"MOTOR VEHICLE STRUCK MOTOR VEHICLE, LEFT SIDE SIDESWIPE",,False,Unknown,Unknown,Daylight,,,,32.0,One parked--one moving,0,0,False,0
-122.334196663693,47.7268520758019,205848,307145,308425,E861143,Matched,Intersection,35940.0,MERIDIAN AVE N AND N 135TH ST, ,,1,Property Damage Only Collision,Angles,2,0,0,2,0,0,2018-11-14 00:00:00+00,11/14/2018 2:43:00 PM,At Intersection (intersection related),11,"MOTOR VEHICLE STRUCK MOTOR VEHICLE, FRONT END AT ANGLE",,False,Clear or Partly Cloudy,Dry,Daylight,,,,10.0,Entering at angle,0,0,False,0
-122.386583511548,47.5802541114261,205849,306645,307925,3746035,Matched,Block,,CALIFORNIA AVE SW BETWEEN SW ADMIRAL WAY AND SW LANDER ST, ,,1,Property Damage Only Collision,Parked Car,2,0,0,2,0,0,2018-11-10 00:00:00+00,11/10/2018 12:19:00 AM,Mid-Block (not related to intersection),14,"MOTOR VEHICLE STRUCK MOTOR VEHICLE, REAR END",,False,Overcast,Wet,Dark - Street Lights On,,,,32.0,One parked--one moving,0,0,True,0
-122.361951917207,47.6221295573031,205850,306979,308259,3811613,Matched,Intersection,28649.0,4TH AVE W AND W HARRISON ST, ,,1,Property Damage Only Collision,Angles,2,0,0,2,0,0,2018-11-17 00:00:00+00,11/17/2018 11:27:00 AM,At Intersection (intersection related),11,"MOTOR VEHICLE STRUCK MOTOR VEHICLE, FRONT END AT ANGLE",,False,Clear or Partly Cloudy,Dry,Daylight,,,,10.0,Entering at angle,0,0,False,0
-122.33199077834,47.5678510858802,205851,306811,308091,E857377,Matched,Block,,2ND AVE S BETWEEN S ANDOVER ST AND S DAKOTA ST, ,,1,Property Damage Only Collision,Parked Car,3,0,0,3,0,0,2018-09-25 00:00:00+00,9/25/2018 7:30:00 AM,Mid-Block (not related to intersection),14,"MOTOR VEHICLE STRUCK MOTOR VEHICLE, REAR END",,False,Clear or Partly Cloudy,Dry,Daylight,,,,32.0,One parked--one moving,0,0,True,0
-122.372607250892,47.5790029437641,205852,306644,307924,3746034,Matched,Block,,HARBOR AVE SW BETWEEN SW FLORIDA ST AND SW HARBOR LN, ,,2,Injury Collision,Other,1,0,0,1,1,0,2018-11-10 00:00:00+00,11/10/2018 2:00:00 AM,Mid-Block (not related to intersection),26,MOTOR VEHICLE STRUCK OBJECT IN ROAD,,False,Raining,Wet,Dark - Street Lights On,,,,50.0,Fixed object,0,0,False,0
-122.353365602568,47.6162530395101,205853,306978,308258,3811394,Matched,Intersection,29678.0,BROAD ST AND WESTERN AVE, ,,2,Injury Collision,Angles,3,0,0,2,1,0,2018-11-18 00:00:00+00,11/18/2018 1:48:00 PM,At Intersection (intersection related),11,"MOTOR VEHICLE STRUCK MOTOR VEHICLE, FRONT END AT ANGLE",True,False,Clear or Partly Cloudy,Dry,Daylight,,,,10.0,Entering at angle,0,0,False,0
-122.356459546015,47.5219512347346,205855,306643,307923,3745912,Matched,Block,,17TH AVE SW BETWEEN SW HENDERSON ST AND SW BARTON ST, ,,1,Property Damage Only Collision,Parked Car,2,0,0,2,0,0,2018-11-10 00:00:00+00,11/10/2018 2:00:00 AM,Mid-Block (not related to intersection),15,"MOTOR VEHICLE STRUCK MOTOR VEHICLE, RIGHT SIDE SIDESWIPE",,False,Clear or Partly Cloudy,Dry,Unknown,,,,32.0,One parked--one moving,0,0,True,0
-122.375000670473,47.6386351667213,205856,306977,308257,3811392,Matched,Intersection,27933.0,14TH AVE W AND W BOSTON ST, ,,1,Property Damage Only Collision,Angles,2,0,0,2,0,0,2018-11-16 00:00:00+00,11/16/2018 5:01:00 PM,At Intersection (intersection related),11,"MOTOR VEHICLE STRUCK MOTOR VEHICLE, FRONT END AT ANGLE",,False,Clear or Partly Cloudy,Dry,Dark - Street Lights On,,,,10.0,Entering at angle,0,0,False,0
-122.333556055953,47.610149836822,205857,306976,308256,3811391,Matched,Intersection,29912.0,6TH AVE AND UNION ST, ,,2,Injury Collision,Pedestrian,2,1,0,1,1,0,2018-11-16 00:00:00+00,11/16/2018 8:13:00 AM,At Intersection (intersection related),24,MOTOR VEHCILE STRUCK PEDESTRIAN,True,False,Overcast,Dry,Daylight,,,,2.0,Vehicle turning left hits pedestrian,0,522186,False,0
-122.290451973906,47.6092658114294,205858,306983,308263,3814486,Matched,Intersection,30304.0,33RD AVE AND E COLUMBIA ST, ,,1,Property Damage Only Collision,Angles,2,0,0,2,0,0,2018-11-17 00:00:00+00,11/17/2018 10:30:00 AM,At Intersection (intersection related),11,"MOTOR VEHICLE STRUCK MOTOR VEHICLE, FRONT END AT ANGLE",,False,Clear or Partly Cloudy,Dry,Daylight,,,,10.0,Entering at angle,0,0,False,0
-122.334433749866,47.5301183559551,205859,306499,307779,E842736,Matched,Block,,SR509 NB BETWEEN KENYON ON RP AND 1ST AV S ON RP, ,,1,Property Damage Only Collision,Sideswipe,2,0,0,2,0,0,2018-09-12 00:00:00+00,9/12/2018 5:20:00 PM,Mid-Block (not related to intersection),14,"MOTOR VEHICLE STRUCK MOTOR VEHICLE, REAR END",,True,Clear or Partly Cloudy,Dry,Daylight,,,,11.0,From same direction - both going straight - both moving - sideswipe,0,0,False,0
-122.398263351815,47.6600674785172,205860,306975,308255,3811230,Matched,Intersection,26491.0,32ND AVE W AND W GOVERNMENT S WAY, ,,1,Property Damage Only Collision,Other,1,0,0,1,0,0,2018-11-18 00:00:00+00,11/18/2018 9:07:00 AM,At Intersection (intersection related),28,MOTOR VEHICLE RAN OFF ROAD - HIT FIXED OBJECT,,True,Clear or Partly Cloudy,Dry,Daylight,,,True,50.0,Fixed object,0,0,False,0
-122.314726474167,47.7194274305532,205861,306651,307931,3751496,Matched,Block,,NE 125TH ST BETWEEN 12TH AVE NE AND 14TH AVE NE, ,,2,Injury Collision,Rear Ended,4,0,0,3,1,0,2018-10-19 00:00:00+00,10/19/2018 4:46:00 PM,Mid-Block (not related to intersection),14,"MOTOR VEHICLE STRUCK MOTOR VEHICLE, REAR END",True,False,Clear or Partly Cloudy,Dry,Daylight,,,,14.0,From same direction - both going straight - one stopped - rear-end,0,0,False,0
-122.281293190694,47.5370423043785,205862,306498,307778,E855993,Matched,Intersection,34562.0,M L KING JR WR WAY S AND S OTHELLO ST, ,,1,Property Damage Only Collision,Angles,2,0,0,2,0,0,2018-10-15 00:00:00+00,10/15/2018 1:50:00 PM,At Intersection (intersection related),11,"MOTOR VEHICLE STRUCK MOTOR VEHICLE, FRONT END AT ANGLE",,False,Clear or Partly Cloudy,Dry,Daylight,,,,10.0,Entering at angle,0,0,False,0
-122.269986039452,47.5233072678934,205865,306497,307777,E855992,Matched,Intersection,35443.0,RAINIER AVE S AND S HENDERSON ST, ,,1,Property Damage Only Collision,Angles,2,0,0,2,0,0,2018-09-27 00:00:00+00,9/27/2018 5:15:00 PM,At Intersection (intersection related),11,"MOTOR VEHICLE STRUCK MOTOR VEHICLE, FRONT END AT ANGLE",,False,Clear or Partly Cloudy,Dry,Daylight,,,,10.0,Entering at angle,0,0,False,0
-122.362987840513,47.5519177727767,205866,307151,308431,3742298,Matched,Intersection,32958.0,DELRIDGE WAY SW AND SW FINDLAY ST, ,,1,Property Damage Only Collision,Rear Ended,2,0,0,2,0,0,2018-11-20 00:00:00+00,11/20/2018 2:31:00 PM,At Intersection (intersection related),14,"MOTOR VEHICLE STRUCK MOTOR VEHICLE, REAR END",,False,Clear or Partly Cloudy,Dry,Daylight,,,,13.0,From same direction - both going straight - both moving - rear-end,0,0,False,0
-122.269990421078,47.5315824088859,205869,306495,307775,E855660,Matched,Intersection,34511.0,RAINIER AVE S AND S KENYON ST, ,,2,Injury Collision,Left Turn,2,0,0,2,2,0,2018-10-27 00:00:00+00,10/27/2018 6:04:00 PM,At Intersection (intersection related),11,"MOTOR VEHICLE STRUCK MOTOR VEHICLE, FRONT END AT ANGLE",,False,Raining,Wet,Dark - Street Lights On,,,,28.0,From opposite direction - one left turn - one straight,0,0,False,0
-122.269822531171,47.5169978703556,205870,306817,308097,E857387,Matched,Block,,RENTON AVE S BETWEEN 51ST AVE S AND S ROXBURY ST, ,,1,Property Damage Only Collision,Rear Ended,2,0,0,2,0,0,2018-10-03 00:00:00+00,10/3/2018 3:00:00 PM,Mid-Block (not related to intersection),14,"MOTOR VEHICLE STRUCK MOTOR VEHICLE, REAR END",,False,Clear or Partly Cloudy,Dry,Daylight,,,,13.0,From same direction - both going straight - both moving - rear-end,0,0,False,0
-122.37754734351,47.668671084399,205872,306650,307930,3751417,Matched,Block,,NW MARKET ST BETWEEN 15TH AVE NW AND 17TH AVE NW, ,,1,Property Damage Only Collision,Angles,2,0,0,2,0,0,2018-11-08 00:00:00+00,11/8/2018 7:58:00 AM,Driveway Junction,11,"MOTOR VEHICLE STRUCK MOTOR VEHICLE, FRONT END AT ANGLE",,False,Fog/Smog/Smoke,Dry,Daylight,,,,10.0,Entering at angle,0,0,False,0
-122.298144570327,47.583642210866,205873,306494,307774,E855656,Matched,Intersection,31451.0,M L KING JR WAY S AND S WALKER ST, ,,2,Injury Collision,Left Turn,2,0,0,2,1,0,2018-10-27 00:00:00+00,10/27/2018 1:45:00 PM,At Intersection (intersection related),11,"MOTOR VEHICLE STRUCK MOTOR VEHICLE, FRONT END AT ANGLE",,False,Clear or Partly Cloudy,Dry,Daylight,,,,28.0,From opposite direction - one left turn - one straight,0,0,False,0
-122.312430360312,47.7085284068181,205874,307149,308429,3694474,Matched,Intersection,36506.0,15TH AVE NE AND NE NORTHGATE WAY, ,,1,Property Damage Only Collision,Left Turn,2,0,0,2,0,0,2018-11-26 00:00:00+00,11/26/2018 7:42:00 PM,At Intersection (intersection related),11,"MOTOR VEHICLE STRUCK MOTOR VEHICLE, FRONT END AT ANGLE",True,False,Overcast,Wet,Dark - Street Lights On,,,,28.0,From opposite direction - one left turn - one straight,0,0,False,0
-122.353980641671,47.6621406977302,205875,306493,307773,E855605,Matched,Intersection,25686.0,PHINNEY AVE N AND N 46TH ST, ,,1,Property Damage Only Collision,Angles,4,0,0,2,0,0,2018-10-31 00:00:00+00,10/31/2018 5:43:00 PM,At Intersection (intersection related),11,"MOTOR VEHICLE STRUCK MOTOR VEHICLE, FRONT END AT ANGLE",,False,Clear or Partly Cloudy,Dry,Dusk,,,,10.0,Entering at angle,0,0,False,0
-122.28796846706,47.7119223122575,205879,306492,307772,E855547,Matched,Intersection,36828.0,38TH AVE NE AND NE 115TH ST, ,,2,Injury Collision,Cycles,3,0,1,1,1,0,2018-10-23 00:00:00+00,10/23/2018 7:47:00 AM,At Intersection (intersection related),18,"MOTOR VEHICLE STRUCK PEDALCYCLIST, FRONT END AT ANGLE",,False,Fog/Smog/Smoke,Dry,Daylight,,,,6.0,Pedalcyclist Strikes Moving Vehicle,0,0,False,0
-122.321920406256,47.7085857930943,205880,306813,308093,E857385,Matched,Block,,NE NORTHGATE WAY BETWEEN 5TH AVE NE AND 8TH AVE NE, ,,2,Injury Collision,Rear Ended,2,0,0,2,1,0,2018-10-03 00:00:00+00,10/3/2018 10:41:00 AM,Mid-Block (not related to intersection),14,"MOTOR VEHICLE STRUCK MOTOR VEHICLE, REAR END",,False,Clear or Partly Cloudy,Dry,Daylight,,,,13.0,From same direction - both going straight - both moving - rear-end,0,0,False,0
-122.329975985945,47.7086374480958,205881,306649,307929,3751275,Matched,Block,,N NORTHGATE WAY BETWEEN CORLISS AVE N AND 1ST AVE NE, ,,2,Injury Collision,Rear Ended,4,0,0,2,1,0,2018-11-09 00:00:00+00,11/9/2018 12:03:00 PM,Mid-Block (not related to intersection),14,"MOTOR VEHICLE STRUCK MOTOR VEHICLE, REAR END",True,False,Raining,Wet,Daylight,,,,14.0,From same direction - both going straight - one stopped - rear-end,0,0,False,0
-122.337136974786,47.6238747622767,205882,306491,307771,E842712,Matched,Block,,TERRY AVE N BETWEEN REPUBLICAN ST AND MERCER SR ST, ,,1,Property Damage Only Collision,Parked Car,2,0,0,2,0,0,2018-08-08 00:00:00+00,8/8/2018 2:30:00 AM,,0,NOT ENOUGH INFORMATION / NOT APPLICABLE,,False,Clear or Partly Cloudy,Dry,Dark - Street Lights On,,,,32.0,One parked--one moving,0,0,True,0
-122.310051594493,47.6889979991992,205883,306812,308092,E857213,Matched,Intersection,24712.0,17TH AVE NE AND LAKE CITY WAY NE, ,,2,Injury Collision,Angles,2,0,0,2,1,0,2018-10-27 00:00:00+00,10/27/2018 9:42:00 AM,At Intersection (intersection related),11,"MOTOR VEHICLE STRUCK MOTOR VEHICLE, FRONT END AT ANGLE",True,False,Clear or Partly Cloudy,Dry,Daylight,,,True,10.0,Entering at angle,0,0,False,0
-122.292493996604,47.7210061526537,205884,307147,308427,E861144,Matched,Block,,33RD AVE NE BETWEEN NE 125TH ST AND NE 130TH ST, ,,1,Property Damage Only Collision,Angles,3,0,0,2,0,0,2018-11-12 00:00:00+00,11/12/2018 10:46:00 AM,Mid-Block (not related to intersection),11,"MOTOR VEHICLE STRUCK MOTOR VEHICLE, FRONT END AT ANGLE",,False,Clear or Partly Cloudy,Dry,Daylight,,,,10.0,Entering at angle,0,0,False,0
-122.355164901271,47.5173603810088,205885,306327,307607,E836964,Matched,Intersection,35058.0,DELRIDGE WAY SW AND SW ROXBURY ST, ,,1,Property Damage Only Collision,Rear Ended,3,0,0,2,0,0,2018-09-10 00:00:00+00,9/10/2018 4:19:00 PM,At Intersection (intersection related),14,"MOTOR VEHICLE STRUCK MOTOR VEHICLE, REAR END",,False,Overcast,Dry,Daylight,,,,14.0,From same direction - both going straight - one stopped - rear-end,0,0,False,0
-122.32211092489,47.6140661962629,205886,307482,308762,3814496,Matched,Intersection,29744.0,HARVARD AVE AND E PIKE ST, ,,2,Injury Collision,Angles,8,0,0,2,1,0,2018-12-02 00:00:00+00,12/2/2018 2:02:00 AM,At Intersection (intersection related),11,"MOTOR VEHICLE STRUCK MOTOR VEHICLE, FRONT END AT ANGLE",,True,Raining,Wet,Dark - Street Lights On,,,,10.0,Entering at angle,0,0,False,0
-122.291013904925,47.5607642018178,205887,304423,305663,3197992,Matched,Intersection,32734.0,33RD AVE S AND S ALASKA ST, ,,1,Property Damage Only Collision,Angles,3,0,0,2,0,0,2018-10-05 00:00:00+00,10/5/2018 11:40:00 AM,At Intersection (intersection related),11,"MOTOR VEHICLE STRUCK MOTOR VEHICLE, FRONT END AT ANGLE",,False,Raining,Wet,Daylight,,,,10.0,Entering at angle,0,0,False,0
-122.297571091058,47.5955267912558,205888,307481,308761,3814495,Matched,Intersection,30643.0,M L KING JR WAY S AND S DEARBORN ST, ,,2,Injury Collision,Rear Ended,2,0,0,2,1,0,2018-12-01 00:00:00+00,12/1/2018 8:04:00 AM,At Intersection (intersection related),14,"MOTOR VEHICLE STRUCK MOTOR VEHICLE, REAR END",True,False,Overcast,Dry,Daylight,,,,13.0,From same direction - both going straight - both moving - rear-end,0,0,False,0
-122.329604445181,47.5446149921306,205889,304422,305662,E845237,Matched,Block,,4TH AVE S BETWEEN S MICHIGAN ST AND EAST MARGINAL WAY S, ,,2,Injury Collision,Rear Ended,3,0,0,3,1,0,2018-09-23 00:00:00+00,9/23/2018 3:18:00 PM,Mid-Block (not related to intersection),14,"MOTOR VEHICLE STRUCK MOTOR VEHICLE, REAR END",,False,Clear or Partly Cloudy,Dry,Daylight,,,,13.0,From same direction - both going straight - both moving - rear-end,0,0,False,0
-122.311478686124,47.6115437148097,205890,307480,308760,3814421,Matched,Intersection,30152.0,16TH AVE AND E SPRING ST, ,,2,Injury Collision,Pedestrian,2,0,1,1,1,0,2018-11-29 00:00:00+00,11/29/2018 10:16:00 AM,At Intersection (intersection related),18,"MOTOR VEHICLE STRUCK PEDALCYCLIST, FRONT END AT ANGLE",,False,Clear or Partly Cloudy,Dry,Daylight,,,,5.0,Vehicle Strikes Pedalcyclist,0,0,False,0
-122.303681350041,47.6114768817855,205891,304421,305661,E845345,Matched,Block,,22ND AVE BETWEEN E MARION ST AND E UNION ST, ,,1,Property Damage Only Collision,Parked Car,2,0,0,2,0,0,2018-09-25 00:00:00+00,9/25/2018 8:02:00 AM,Mid-Block (not related to intersection),12,"MOTOR VEHICLE STRUCK MOTOR VEHICLE, RIGHT SIDE AT ANGLE",,False,Clear or Partly Cloudy,Dry,Daylight,,,,32.0,One parked--one moving,0,0,True,0
-122.338677430777,47.5565913688173,205892,305330,306610,E847653,Matched,Block,,EAST MARGINAL WAY S BETWEEN S HUDSON ST AND S DAWSON ST, ,,1,Property Damage Only Collision,Rear Ended,2,0,0,2,0,0,2018-10-09 00:00:00+00,10/9/2018 6:37:00 AM,Mid-Block (not related to intersection),14,"MOTOR VEHICLE STRUCK MOTOR VEHICLE, REAR END",,False,Other,Wet,Dark - Street Lights On,,,,13.0,From same direction - both going straight - both moving - rear-end,0,0,False,0
-122.376820865738,47.5170187760822,205893,304418,305658,3745762,Matched,Block,,35TH AVE SW BETWEEN SW ROXBURY ST AND SW 97TH ST, ,,2b,Serious Injury Collision,Other,2,0,0,1,2,0,2018-10-07 00:00:00+00,10/7/2018 12:40:00 PM,Mid-Block (not related to intersection),28,MOTOR VEHICLE RAN OFF ROAD - HIT FIXED OBJECT,,False,Clear or Partly Cloudy,Wet,Daylight,,,,50.0,Fixed object,0,0,False,1
-122.325055208446,47.5991907573386,205894,307479,308759,3812455,Matched,Intersection,30512.0,MAYNARD AVE S AND S JACKSON ST, ,,2,Injury Collision,Left Turn,3,0,0,2,3,0,2018-11-30 00:00:00+00,11/30/2018 4:07:00 PM,At Intersection (intersection related),11,"MOTOR VEHICLE STRUCK MOTOR VEHICLE, FRONT END AT ANGLE",,False,Clear or Partly Cloudy,Dry,Dusk,,,,28.0,From opposite direction - one left turn - one straight,0,0,False,0
-122.318923418068,47.5475723543882,205895,305327,306607,E846636,Matched,Intersection,33133.0,FLORA AVE S AND S BAILEY ST, ,,2,Injury Collision,Angles,2,0,0,2,1,0,2018-09-25 00:00:00+00,9/25/2018 1:06:00 PM,At Intersection (intersection related),11,"MOTOR VEHICLE STRUCK MOTOR VEHICLE, FRONT END AT ANGLE",,False,Clear or Partly Cloudy,Dry,Daylight,,,,10.0,Entering at angle,0,0,False,0
-122.308127535357,47.6164332794189,205896,304417,305657,3702654,Matched,Block,,E MADISON ST BETWEEN 18TH AVE AND 19TH AVE, ,,1,Property Damage Only Collision,Other,1,0,0,1,0,0,2018-10-08 00:00:00+00,10/8/2018 10:36:00 AM,Mid-Block (not related to intersection),28,MOTOR VEHICLE RAN OFF ROAD - HIT FIXED OBJECT,,False,Raining,Wet,Daylight,,,True,50.0,Fixed object,0,0,False,0
-122.336450310232,47.6914092826269,205897,307478,308758,E844746,Matched,Block,,WALLINGFORD AVE N BETWEEN N 85TH ST AND N 88TH ST, ,,1,Property Damage Only Collision,Rear Ended,2,0,0,2,0,0,2018-10-01 00:00:00+00,10/1/2018 2:54:00 PM,Mid-Block (not related to intersection),14,"MOTOR VEHICLE STRUCK MOTOR VEHICLE, REAR END",True,False,Raining,Wet,Daylight,,,,14.0,From same direction - both going straight - one stopped - rear-end,0,0,False,0
-122.285452019937,47.5460584118894,205898,304398,305638,E845236,Matched,Intersection,485928.0,M L KING JR ER WAY S AND S GRAHAM ST, ,,2,Injury Collision,Sideswipe,4,0,0,3,1,0,2018-10-03 00:00:00+00,10/3/2018 4:10:00 PM,At Intersection (intersection related),14,"MOTOR VEHICLE STRUCK MOTOR VEHICLE, REAR END",,False,Overcast,Dry,Daylight,,,,12.0,From same direction - both going straight - one stopped - sideswipe,0,0,False,0
-122.328967514649,47.5991968896655,205899,307477,308757,3812433,Matched,Intersection,30509.0,4TH AVE S AND S JACKSON ST, ,,2,Injury Collision,Angles,2,0,0,2,1,0,2018-12-02 00:00:00+00,12/2/2018 5:15:00 AM,At Intersection (intersection related),11,"MOTOR VEHICLE STRUCK MOTOR VEHICLE, FRONT END AT ANGLE",,True,Clear or Partly Cloudy,Wet,Dark - Street Lights On,,,,10.0,Entering at angle,0,0,False,0
-122.311929721856,47.6757834401583,205900,307476,308756,E844725,Matched,Intersection,24506.0,15TH AVE NE AND NE 65TH ST, ,,1,Property Damage Only Collision,Sideswipe,2,0,0,2,0,0,2018-10-02 00:00:00+00,10/2/2018 4:04:00 PM,At Intersection (but not related to intersection),11,"MOTOR VEHICLE STRUCK MOTOR VEHICLE, FRONT END AT ANGLE",,False,Unknown,Wet,Daylight,,,,11.0,From same direction - both going straight - both moving - sideswipe,0,0,False,0
-122.321438928664,47.5475029545226,205901,305328,306608,E846638,Matched,Intersection,33135.0,CORSON AVE S AND S MICHIGAN ST, ,,2,Injury Collision,Angles,2,0,0,2,1,0,2018-10-04 00:00:00+00,10/4/2018 5:56:00 PM,At Intersection (intersection related),11,"MOTOR VEHICLE STRUCK MOTOR VEHICLE, FRONT END AT ANGLE",,False,Clear or Partly Cloudy,Dry,Dusk,,,,10.0,Entering at angle,0,0,False,0
-122.326340004184,47.6873866212445,205902,307631,308911,E847859,Matched,Block,,NE 85TH ST OFF RP BETWEEN I5 NB AND BANNER WAY NE, ,,1,Property Damage Only Collision,Other,1,0,0,1,0,0,2018-10-05 00:00:00+00,10/5/2018 12:06:00 PM,Mid-Block (not related to intersection),26,MOTOR VEHICLE STRUCK OBJECT IN ROAD,,False,Raining,Wet,Daylight,,,True,50.0,Fixed object,0,0,False,0