longitude,latitude,objectid,inckey,coldetkey,reportno,status,addrtype,intkey,location,exceptrsncode,exceptrsndesc,severitycode,severitydesc,collisiontype,personcount,pedcount,pedcylcount,vehcount,injuries,fatalities,incdate,incdttm,junctiontype,sdot_colcode,sdot_coldesc,inattentionind,underinfl,weather,roadcond,lightcond,pedrownotgrnt,sdotcolnum,speeding,st_colcode,st_coldesc,seglanekey,crosswalkkey,hitparkedcar,seriousinjuries
-122.332899191372,47.6111090903543,205903,307297,308577,E862378,Matched,Block,,7TH AVE BETWEEN UNION ST AND PIKE ST, ,,1,Property Damage Only Collision,Parked Car,2,0,0,2,0,0,2018-11-15 00:00:00+00,11/15/2018 11:20:00 PM,Mid-Block (not related to intersection),11,"MOTOR VEHICLE STRUCK MOTOR VEHICLE, FRONT END AT ANGLE",,False,Unknown,Unknown,Dark - Street Lights On,,,,32.0,One parked--one moving,0,0,False,0
-122.375450327429,47.6947210851234,205904,304426,305666,3810428,Matched,Intersection,37249.0,HOLMAN RD NW AND MARY AVE NW, ,,2,Injury Collision,Left Turn,2,0,0,2,2,0,2018-10-08 00:00:00+00,10/8/2018 2:31:00 PM,At Intersection (intersection related),11,"MOTOR VEHICLE STRUCK MOTOR VEHICLE, FRONT END AT ANGLE",,False,Raining,Wet,Daylight,,,,28.0,From opposite direction - one left turn - one straight,0,0,False,0
-122.326970314754,47.6046251793858,205905,307630,308910,E847853,Matched,Intersection,29962.0,7TH AVE AND JAMES ST, ,,1,Property Damage Only Collision,Rear Ended,2,0,0,2,0,0,2018-10-04 00:00:00+00,10/4/2018 1:41:00 PM,At Intersection (but not related to intersection),14,"MOTOR VEHICLE STRUCK MOTOR VEHICLE, REAR END",,False,Clear or Partly Cloudy,Dry,Daylight,,,,14.0,From same direction - both going straight - one stopped - rear-end,0,0,False,0
-122.329513259428,47.6040540515683,205906,307290,308570,E862377,Matched,Block,,5TH AVE BETWEEN JAMES ST AND CHERRY ST, ,,1,Property Damage Only Collision,Sideswipe,5,0,0,3,0,0,2018-11-15 00:00:00+00,11/15/2018 9:50:00 AM,Mid-Block (not related to intersection),11,"MOTOR VEHICLE STRUCK MOTOR VEHICLE, FRONT END AT ANGLE",,False,Clear or Partly Cloudy,Dry,Daylight,,,,11.0,From same direction - both going straight - both moving - sideswipe,0,0,False,0
-122.271559915909,47.5406936663937,205907,305331,306611,E847211,Matched,Intersection,34430.0,RAINIER AVE S AND S WILLOW ST, ,,1,Property Damage Only Collision,Rear Ended,2,0,0,2,0,0,2018-09-15 00:00:00+00,9/15/2018 4:22:00 PM,At Intersection (intersection related),14,"MOTOR VEHICLE STRUCK MOTOR VEHICLE, REAR END",,False,Clear or Partly Cloudy,Dry,Daylight,,,,13.0,From same direction - both going straight - both moving - rear-end,0,0,False,0
-122.296518752611,47.7337857704325,205908,307628,308908,E847834,Matched,Intersection,35990.0,30TH AVE NE AND NE 145TH ST, ,,1,Property Damage Only Collision,Left Turn,2,0,0,2,0,0,2018-10-03 00:00:00+00,10/3/2018 7:19:00 AM,At Intersection (intersection related),11,"MOTOR VEHICLE STRUCK MOTOR VEHICLE, FRONT END AT ANGLE",,False,Overcast,Dry,Daylight,,,,28.0,From opposite direction - one left turn - one straight,0,0,False,0
-122.400264241378,47.5842013353862,205909,307627,308907,3746041,Matched,Block,,ALKI AVE SW BETWEEN BONAIR DR SW AND 53RD AVE SW, ,,1,Property Damage Only Collision,Parked Car,3,0,0,3,0,0,2018-11-18 00:00:00+00,11/18/2018 11:45:00 PM,Mid-Block (not related to intersection),14,"MOTOR VEHICLE STRUCK MOTOR VEHICLE, REAR END",,False,Clear or Partly Cloudy,Dry,Dark - Street Lights On,,,,32.0,One parked--one moving,0,0,False,0
-122.341252442512,47.6388677040527,205910,307289,308569,E862215,Matched,Block,,WESTLAKE AVE N BETWEEN CROCKETT ST AND MCGRAW ST, ,,1,Property Damage Only Collision,Rear Ended,2,0,0,2,0,0,2018-11-15 00:00:00+00,11/15/2018 8:13:00 AM,Mid-Block (not related to intersection),14,"MOTOR VEHICLE STRUCK MOTOR VEHICLE, REAR END",True,False,Overcast,Wet,Daylight,,,,14.0,From same direction - both going straight - one stopped - rear-end,0,0,False,0
-122.334846956374,47.5290045409556,205911,307626,308906,E847515,Matched,Block,,1ST AVE S BETWEEN SW KENYON ST AND S CLOVERDALE W ST, ,,1,Property Damage Only Collision,Other,1,0,0,1,0,0,2018-10-09 00:00:00+00,10/9/2018 10:10:00 PM,Mid-Block (not related to intersection),26,MOTOR VEHICLE STRUCK OBJECT IN ROAD,,True,Clear or Partly Cloudy,Dry,Dark - Street Lights On,,,True,50.0,Fixed object,0,0,False,0
-122.376804391726,47.6915179341363,205912,307288,308568,E862214,Matched,Block,,15TH AVE NW BETWEEN NW 85TH ST AND NW 87TH ST, ,,2,Injury Collision,Pedestrian,2,1,0,1,2,0,2018-11-16 00:00:00+00,11/16/2018 8:59:00 AM,Mid-Block (not related to intersection),24,MOTOR VEHCILE STRUCK PEDESTRIAN,,False,Raining,Wet,Daylight,,,,0.0,Vehicle going straight hits pedestrian,0,0,False,0
-122.33630255552,47.5903290253935,205913,307287,308567,E862199,Matched,Block,,S ATLANTIC ST BETWEEN COLORADO AVE S AND EAST FRONTAGE RD S, ,,1,Property Damage Only Collision,Angles,2,0,0,2,0,0,2018-11-05 00:00:00+00,11/5/2018 9:51:00 AM,Mid-Block (but intersection related),14,"MOTOR VEHICLE STRUCK MOTOR VEHICLE, REAR END",,False,Clear or Partly Cloudy,Dry,Daylight,,,,10.0,Entering at angle,0,0,False,0
-122.320727861346,47.661319003343,205914,304425,305665,3754395,Matched,Intersection,27070.0,7TH AVE NE AND NE 45TH ST, ,,1,Property Damage Only Collision,Sideswipe,3,0,0,2,0,0,2018-10-08 00:00:00+00,10/8/2018 9:14:00 AM,At Intersection (intersection related),11,"MOTOR VEHICLE STRUCK MOTOR VEHICLE, FRONT END AT ANGLE",,False,Overcast,Wet,Daylight,,,,71.0,Same direction -- both turning right -- both moving -- sideswipe,0,0,False,0
-122.326933784395,47.6328789761557,205915,307625,308905,3811397,Matched,Block,,FAIRVIEW AVE E BETWEEN FAIRVIEW AVE N AND E GARFIELD ST, ,,1,Property Damage Only Collision,Other,1,0,0,1,0,0,2018-11-20 00:00:00+00,11/20/2018 8:59:00 PM,Mid-Block (not related to intersection),28,MOTOR VEHICLE RAN OFF ROAD - HIT FIXED OBJECT,,False,Clear or Partly Cloudy,Dry,Dark - Street Lights On,,,,50.0,Fixed object,0,0,False,0
-122.344834272864,47.7135479791056,205916,307624,308904,E865721,Matched,Block,,AURORA AVE N BETWEEN N 115TH ST AND N 117TH PL, ,,1,Property Damage Only Collision,Rear Ended,4,0,0,2,0,0,2018-11-23 00:00:00+00,11/23/2018 4:17:00 PM,Mid-Block (but intersection related),14,"MOTOR VEHICLE STRUCK MOTOR VEHICLE, REAR END",,False,Raining,Wet,Dark - Street Lights On,,,,14.0,From same direction - both going straight - one stopped - rear-end,0,0,False,0
-122.335095211819,47.7081680664571,205917,307286,308566,E862198,Matched,Block,,N NORTHGATE WAY BETWEEN BURKE AVE N AND MERIDIAN AVE N, ,,1,Property Damage Only Collision,Rear Ended,3,0,0,2,0,0,2018-11-06 00:00:00+00,11/6/2018 7:44:00 AM,Mid-Block (but intersection related),14,"MOTOR VEHICLE STRUCK MOTOR VEHICLE, REAR END",,False,Clear or Partly Cloudy,Wet,Daylight,,,,13.0,From same direction - both going straight - both moving - rear-end,0,0,False,0
-122.331734323568,47.603125373079,205918,307285,308565,E862212,Matched,Block,,3RD AVE BETWEEN JAMES ST AND CHERRY ST, ,,1,Property Damage Only Collision,Sideswipe,2,0,0,2,0,0,2018-11-14 00:00:00+00,11/14/2018 6:31:00 AM,Mid-Block (not related to intersection),11,"MOTOR VEHICLE STRUCK MOTOR VEHICLE, FRONT END AT ANGLE",True,False,Clear or Partly Cloudy,Wet,Daylight,,,,12.0,From same direction - both going straight - one stopped - sideswipe,0,0,False,0
-122.296751500538,47.5715259374593,205919,305329,306609,E846652,Matched,Intersection,32447.0,M L KING JR ER WAY S AND RENTON N AVE S, ,,1,Property Damage Only Collision,Angles,3,0,0,3,0,0,2018-09-27 00:00:00+00,9/27/2018 5:14:00 PM,At Intersection (intersection related),11,"MOTOR VEHICLE STRUCK MOTOR VEHICLE, FRONT END AT ANGLE",,False,Clear or Partly Cloudy,Dry,Daylight,,,,10.0,Entering at angle,0,0,False,0
-122.378884280035,47.6686710316404,205920,307623,308903,E847445,Matched,Intersection,25150.0,17TH AVE NW AND NW MARKET ST, ,,2,Injury Collision,Angles,3,0,0,3,1,0,2018-10-10 00:00:00+00,10/10/2018 7:53:00 AM,At Intersection (intersection related),11,"MOTOR VEHICLE STRUCK MOTOR VEHICLE, FRONT END AT ANGLE",,False,Overcast,Dry,Daylight,,,,10.0,Entering at angle,0,0,False,0
-122.333273800132,47.5186739798922,205921,307284,308564,E862211,Matched,Block,,MYERS WAY S BETWEEN OLSON PL SW AND CITY LIMITS, ,,1,Property Damage Only Collision,Rear Ended,2,0,0,2,0,0,2018-11-13 00:00:00+00,11/13/2018 7:46:00 AM,Mid-Block (not related to intersection),14,"MOTOR VEHICLE STRUCK MOTOR VEHICLE, REAR END",True,False,Clear or Partly Cloudy,Dry,Daylight,,,,14.0,From same direction - both going straight - one stopped - rear-end,0,0,False,0
-122.321508258096,47.6839045881298,205922,304424,305664,3578577,Matched,Intersection,24421.0,BANNER WAY NE AND NE 76TH ST, ,,2,Injury Collision,Other,1,0,0,1,1,0,2018-10-05 00:00:00+00,10/5/2018 6:53:00 PM,At Intersection (intersection related),26,MOTOR VEHICLE STRUCK OBJECT IN ROAD,,False,Raining,Wet,,,,True,50.0,Fixed object,0,0,False,0
-122.369681801392,47.6629329057702,205923,307622,308902,E866337,Matched,Block,,NW BALLARD WAY BETWEEN LEARY WAY NW AND 11TH AVE NW, ,,1,Property Damage Only Collision,Other,1,0,0,1,0,0,2018-11-28 00:00:00+00,11/28/2018 8:15:00 AM,Mid-Block (not related to intersection),26,MOTOR VEHICLE STRUCK OBJECT IN ROAD,,False,Raining,Wet,Daylight,,,,50.0,Fixed object,0,0,False,0
-122.375293010441,47.5246557349993,205924,307152,308432,3742557,Matched,Intersection,34939.0,34TH AVE SW AND SW TRENTON ST, ,,2b,Serious Injury Collision,Pedestrian,2,1,0,1,1,0,2018-11-19 00:00:00+00,11/19/2018 8:48:00 AM,At Intersection (intersection related),24,MOTOR VEHCILE STRUCK PEDESTRIAN,True,False,Clear or Partly Cloudy,Dry,Daylight,,,,0.0,Vehicle going straight hits pedestrian,0,0,False,1
-122.317207768651,47.549556099833,205925,307483,308763,3814993,Matched,Intersection,33119.0,AIRPORT WAY S AND S NEBRASKA ST, ,,2,Injury Collision,Pedestrian,2,1,0,1,1,0,2018-12-02 00:00:00+00,12/2/2018 3:38:00 PM,At Intersection (intersection related),24,MOTOR VEHCILE STRUCK PEDESTRIAN,,False,Clear or Partly Cloudy,Dry,Daylight,True,,,2.0,Vehicle turning left hits pedestrian,0,0,False,0
-122.329407531653,47.6415166565379,205926,305654,306934,3791190,Matched,Block,,FAIRVIEW AVE E BETWEEN E LYNN ST AND E ROANOKE ST, ,,2,Injury Collision,Pedestrian,2,0,1,1,1,0,2018-09-28 00:00:00+00,9/28/2018 9:12:00 AM,Mid-Block (not related to intersection),51,PEDALCYCLIST STRUCK MOTOR VEHICLE FRONT END AT ANGLE,,False,Overcast,Dry,Daylight,,,,5.0,Vehicle Strikes Pedalcyclist,0,0,False,0
-122.343912113966,47.6118372882328,205927,305955,307235,3789041,Matched,Intersection,29560.0,1ST AVE AND LENORA ST, ,,1,Property Damage Only Collision,Angles,2,0,0,2,0,0,2018-10-23 00:00:00+00,10/23/2018 5:19:00 PM,At Intersection (but not related to intersection),14,"MOTOR VEHICLE STRUCK MOTOR VEHICLE, REAR END",,False,Raining,Wet,Dark - Street Lights On,,,,10.0,Entering at angle,0,0,False,0
-122.355306346482,47.6915054350614,205928,305653,306933,E848954,Matched,Block,,GREENWOOD AVE N BETWEEN N 85TH ST AND N 87TH ST, ,,1,Property Damage Only Collision,Rear Ended,2,0,0,2,0,0,2018-10-10 00:00:00+00,10/10/2018 1:17:00 PM,Mid-Block (but intersection related),14,"MOTOR VEHICLE STRUCK MOTOR VEHICLE, REAR END",True,False,Clear or Partly Cloudy,Dry,Daylight,,,,14.0,From same direction - both going straight - one stopped - rear-end,0,0,False,0
-122.343599693465,47.6262676398013,205929,306148,307428,3811376,Matched,Intersection,28737.0,AURORA AVE N AND VALLEY ST, ,,1,Property Damage Only Collision,Right Turn,2,0,0,2,0,0,2018-10-29 00:00:00+00,10/29/2018 4:00:00 PM,At Intersection (intersection related),11,"MOTOR VEHICLE STRUCK MOTOR VEHICLE, FRONT END AT ANGLE",,False,Overcast,Wet,Daylight,,,,16.0,From same direction - one right turn - one straight,0,0,False,0
-122.325199368462,47.6465030481188,205930,305954,307234,3789040,Matched,Block,,EASTLAKE AVE E BETWEEN E HAMLIN ST AND E SHELBY ST, ,,2,Injury Collision,Other,4,0,0,1,1,0,2018-10-22 00:00:00+00,10/22/2018 12:05:00 AM,Mid-Block (not related to intersection),28,MOTOR VEHICLE RAN OFF ROAD - HIT FIXED OBJECT,,False,Fog/Smog/Smoke,Dry,Dark - Street Lights On,,,True,50.0,Fixed object,0,0,False,0
-122.290263779196,47.6748827428328,205931,305652,306932,E848956,Matched,Block,,35TH AVE NE BETWEEN NE 62ND ST AND NE 65TH ST, ,,1,Property Damage Only Collision,Parked Car,2,0,0,2,0,0,2018-10-09 00:00:00+00,10/9/2018 11:46:00 AM,Mid-Block (not related to intersection),16,"MOTOR VEHICLE STRUCK MOTOR VEHICLE, LEFT SIDE SIDESWIPE",,False,Overcast,Dry,Daylight,,,,32.0,One parked--one moving,0,0,False,0
-122.355448271924,47.6191837309349,205932,305953,307233,3789039,Matched,Block,,1ST AVE N BETWEEN DENNY WAY AND JOHN ST, ,,2,Injury Collision,Parked Car,2,0,0,2,1,0,2018-10-21 00:00:00+00,10/21/2018 10:07:00 PM,Mid-Block (not related to intersection),14,"MOTOR VEHICLE STRUCK MOTOR VEHICLE, REAR END",,True,Clear or Partly Cloudy,Dry,Dark - Street Lights On,,,,32.0,One parked--one moving,0,0,True,0
-122.329292105679,47.6184493537895,205934,305952,307232,3789037,Matched,Block,,DENNY WAY BETWEEN STEWART ST AND MELROSE AVE, ,,1,Property Damage Only Collision,Other,2,0,0,2,0,0,2018-10-20 00:00:00+00,10/20/2018 8:41:00 AM,Mid-Block (not related to intersection),14,"MOTOR VEHICLE STRUCK MOTOR VEHICLE, REAR END",True,False,Overcast,Dry,Daylight,,,,23.0,From same direction - all others,0,0,False,0
-122.294005642662,47.5729186042637,205935,305651,306931,3756149,Matched,Intersection,32416.0,RAINIER AVE S AND S WALDEN ST, ,,2,Injury Collision,Rear Ended,5,0,0,3,2,0,2018-10-09 00:00:00+00,10/9/2018 8:41:00 AM,At Intersection (but not related to intersection),14,"MOTOR VEHICLE STRUCK MOTOR VEHICLE, REAR END",True,False,Overcast,Wet,Daylight,,,,14.0,From same direction - both going straight - one stopped - rear-end,0,0,False,0
-122.40107480068,47.6743750155269,205936,305962,307242,E852604,Matched,Block,,34TH AVE NW BETWEEN NW 62ND ST AND NW 64TH ST,NEI,"Not Enough Information, or Insufficient Location Information",1,Property Damage Only Collision,Parked Car,2,0,0,2,0,0,2018-10-23 00:00:00+00,10/23/2018 8:00:00 PM,Mid-Block (not related to intersection),13,"MOTOR VEHICLE STRUCK MOTOR VEHICLE, LEFT SIDE AT ANGLE",,False,Fog/Smog/Smoke,Dry,Unknown,,,,32.0,One parked--one moving,0,0,True,0
-122.362222846086,47.5391533355622,205954,305816,307096,E851191,Matched,Block,,SW MYRTLE ST BETWEEN 23RD AVE SW AND 24TH AVE SW, ,,1,Property Damage Only Collision,Other,2,0,0,1,0,0,2018-10-05 00:00:00+00,10/5/2018 12:02:00 PM,Mid-Block (not related to intersection),28,MOTOR VEHICLE RAN OFF ROAD - HIT FIXED OBJECT,,False,Raining,Wet,Daylight,,,,50.0,Fixed object,0,0,False,0
-122.289893809424,47.5737764436154,205937,305822,307102,3818787,Matched,Intersection,32630.0,34TH AVE S AND S HORTON ST, ,,1,Property Damage Only Collision,Other,1,0,0,1,0,0,2018-10-10 00:00:00+00,10/10/2018 3:29:00 PM,At Intersection (intersection related),28,MOTOR VEHICLE RAN OFF ROAD - HIT FIXED OBJECT,,False,Clear or Partly Cloudy,Dry,Daylight,,,True,50.0,Fixed object,0,0,False,0
-122.269982030593,47.5247404099746,205938,305649,306929,3756148,Matched,Block,,RAINIER AVE S BETWEEN S CLOVERDALE ST AND S HENDERSON ST, ,,1,Property Damage Only Collision,Rear Ended,3,0,0,2,0,0,2018-10-08 00:00:00+00,10/8/2018 7:16:00 PM,Mid-Block (not related to intersection),14,"MOTOR VEHICLE STRUCK MOTOR VEHICLE, REAR END",,False,Raining,Wet,Dark - Street Lights On,,,,14.0,From same direction - both going straight - one stopped - rear-end,0,0,False,0
-122.335685372505,47.6613857594282,205940,305821,307101,3810477,Matched,Block,,N 45TH ST BETWEEN WALLINGFORD AVE N AND BURKE AVE N, ,,1,Property Damage Only Collision,Parked Car,2,0,0,2,0,0,2018-10-15 00:00:00+00,10/15/2018 9:00:00 PM,Mid-Block (not related to intersection),11,"MOTOR VEHICLE STRUCK MOTOR VEHICLE, FRONT END AT ANGLE",,False,Clear or Partly Cloudy,Dry,Dark - Street Lights On,,,,32.0,One parked--one moving,0,0,True,0
-122.360846424337,47.5398452262668,205941,305519,306799,3746006,Matched,Block,,DELRIDGE WAY SW BETWEEN CROFT PL SW AND SW MYRTLE ST, ,,2,Injury Collision,Parked Car,3,0,0,3,1,0,2018-10-17 00:00:00+00,10/17/2018 11:26:00 PM,Mid-Block (not related to intersection),14,"MOTOR VEHICLE STRUCK MOTOR VEHICLE, REAR END",,False,Clear or Partly Cloudy,Dry,Dark - Street Lights On,,,,32.0,One parked--one moving,0,0,False,0
-122.291010264165,47.5707613001567,205942,305518,306798,3578635,Matched,Block,,33RD AVE S BETWEEN S SPOKANE ST AND RAINIER AVE S, ,,1,Property Damage Only Collision,Angles,2,0,0,2,0,0,2018-10-16 00:00:00+00,10/16/2018 1:31:00 PM,Mid-Block (not related to intersection),11,"MOTOR VEHICLE STRUCK MOTOR VEHICLE, FRONT END AT ANGLE",True,False,Clear or Partly Cloudy,Dry,Daylight,,,,10.0,Entering at angle,0,0,False,0
-122.355301466373,47.6898372662261,205943,306140,307420,3751721,Matched,Intersection,24267.0,GREENWOOD AVE N AND N 84TH ST, ,,2,Injury Collision,Pedestrian,2,1,0,1,1,0,2018-10-29 00:00:00+00,10/29/2018 11:10:00 PM,At Intersection (intersection related),24,MOTOR VEHCILE STRUCK PEDESTRIAN,True,False,Clear or Partly Cloudy,Dry,Dark - Street Lights On,True,,,0.0,Vehicle going straight hits pedestrian,0,602531,False,0
-122.355320845517,47.6924184377565,205944,305820,307100,3705617,Matched,Intersection,37448.0,GREENWOOD AVE N AND N 87TH ST, ,,1,Property Damage Only Collision,Rear Ended,2,0,0,2,0,0,2018-10-15 00:00:00+00,10/15/2018 4:07:00 PM,At Intersection (but not related to intersection),28,MOTOR VEHICLE RAN OFF ROAD - HIT FIXED OBJECT,,False,Clear or Partly Cloudy,Dry,Daylight,,,,14.0,From same direction - both going straight - one stopped - rear-end,0,0,False,0
-122.329058011529,47.585075065481,205945,305517,306797,3578634,Matched,Block,,4TH AVE S BETWEEN S HOLGATE ST AND S WALKER ST, ,,2,Injury Collision,Left Turn,2,0,0,2,2,0,2018-10-16 00:00:00+00,10/16/2018 8:46:00 AM,Mid-Block (not related to intersection),11,"MOTOR VEHICLE STRUCK MOTOR VEHICLE, FRONT END AT ANGLE",True,False,Clear or Partly Cloudy,Dry,Daylight,,,,28.0,From opposite direction - one left turn - one straight,0,0,False,0
-122.306848535576,47.6912361666316,205947,305819,307099,E851645,Matched,Intersection,37769.0,20TH AVE NE AND LAKE CITY WAY NE, ,,2,Injury Collision,Pedestrian,3,2,0,1,1,0,2018-10-21 00:00:00+00,10/21/2018 4:10:00 PM,At Intersection (intersection related),24,MOTOR VEHCILE STRUCK PEDESTRIAN,,False,Clear or Partly Cloudy,Dry,Daylight,True,,,2.0,Vehicle turning left hits pedestrian,0,0,False,0
-122.355452745925,47.7050835411737,205948,305516,306796,3578578,Matched,Intersection,36419.0,GREENWOOD AVE N AND HOLMAN RD N, ,,2b,Serious Injury Collision,Other,1,0,0,1,1,0,2018-10-17 00:00:00+00,10/17/2018 1:02:00 AM,At Intersection (intersection related),28,MOTOR VEHICLE RAN OFF ROAD - HIT FIXED OBJECT,,True,Clear or Partly Cloudy,Dry,Dark - Street Lights On,,,,50.0,Fixed object,0,0,False,1
-122.348858938978,47.61974391337,205949,306144,307424,3789047,Matched,Intersection,28934.0,4TH AVE N AND BROAD ST, ,,2,Injury Collision,Left Turn,6,0,0,3,2,0,2018-10-27 00:00:00+00,10/27/2018 8:14:00 PM,At Intersection (intersection related),11,"MOTOR VEHICLE STRUCK MOTOR VEHICLE, FRONT END AT ANGLE",,False,Raining,Wet,Dark - Street Lights On,,,True,28.0,From opposite direction - one left turn - one straight,0,0,False,0
-122.319208783547,47.7085692194742,205950,305818,307098,E851242,Matched,Block,,NE NORTHGATE WAY BETWEEN 8TH AVE NE AND ROOSEVELT WAY NE, ,,1,Property Damage Only Collision,Right Turn,2,0,0,2,0,0,2018-10-15 00:00:00+00,10/15/2018 8:27:00 PM,Driveway Junction,11,"MOTOR VEHICLE STRUCK MOTOR VEHICLE, FRONT END AT ANGLE",,False,Clear or Partly Cloudy,Dry,Dark - Street Lights On,,,,16.0,From same direction - one right turn - one straight,0,0,False,0
-122.337544269659,47.6061217584634,205951,306149,307429,3811378,Matched,Intersection,29611.0,1ST AVE AND SENECA ST, ,,1,Property Damage Only Collision,Angles,4,0,0,2,0,0,2018-10-30 00:00:00+00,10/30/2018 11:39:00 PM,At Intersection (intersection related),11,"MOTOR VEHICLE STRUCK MOTOR VEHICLE, FRONT END AT ANGLE",True,False,Raining,Wet,Dark - Street Lights On,,,,10.0,Entering at angle,0,0,False,0
-122.382253764302,47.5806597384347,205952,305817,307097,E851193,Matched,Block,,FAIRMOUNT AVE SW BETWEEN SW PRINCE ST AND SW FOREST ST, ,,1,Property Damage Only Collision,Other,4,0,0,1,0,0,2018-10-16 00:00:00+00,10/16/2018 1:11:00 PM,Mid-Block (not related to intersection),28,MOTOR VEHICLE RAN OFF ROAD - HIT FIXED OBJECT,,False,Clear or Partly Cloudy,Dry,Daylight,,,,52.0,Vehicle overturned,0,0,False,0
-122.347215777283,47.6883887346167,205953,305514,306794,3751716,Matched,Intersection,24274.0,LINDEN AVE N AND N 82ND ST, ,,1,Property Damage Only Collision,Parked Car,2,0,0,2,0,0,2018-10-03 00:00:00+00,10/3/2018 6:08:00 AM,At Intersection (but not related to intersection),14,"MOTOR VEHICLE STRUCK MOTOR VEHICLE, REAR END",,False,Overcast,Dry,Dawn,,,,32.0,One parked--one moving,0,0,False,0
-122.342272497548,47.6837370099561,205955,305513,306793,3751715,Matched,Block,,WINONA AVE N BETWEEN STONE AVE N AND N 76TH ST, ,,1,Property Damage Only Collision,Rear Ended,2,0,0,2,0,0,2018-10-02 00:00:00+00,10/2/2018 3:50:00 PM,Mid-Block (not related to intersection),14,"MOTOR VEHICLE STRUCK MOTOR VEHICLE, REAR END",,True,Overcast,Wet,Daylight,,,,14.0,From same direction - both going straight - one stopped - rear-end,0,0,False,0
-122.332030231084,47.6904998123629,205956,305512,306792,3751308,Matched,Block,,N 85TH ST BETWEEN MERIDIAN AVE N AND CORLISS WAY N, ,,2,Injury Collision,Rear Ended,3,0,0,2,1,0,2018-10-05 00:00:00+00,10/5/2018 4:47:00 PM,Mid-Block (not related to intersection),14,"MOTOR VEHICLE STRUCK MOTOR VEHICLE, REAR END",,False,Raining,Wet,Dusk,,,,14.0,From same direction - both going straight - one stopped - rear-end,0,0,False,0
-122.334212149982,47.5493795138559,205957,305960,307240,E852562,Matched,Block,,1ST AVE S BETWEEN S FIDALGO ST AND EAST MARGINAL WAY S, ,,1,Property Damage Only Collision,Angles,2,0,0,2,0,0,2018-10-23 00:00:00+00,10/23/2018 2:58:00 PM,Mid-Block (not related to intersection),11,"MOTOR VEHICLE STRUCK MOTOR VEHICLE, FRONT END AT ANGLE",,False,Overcast,Dry,Daylight,,,,10.0,Entering at angle,0,0,False,0
-122.271559915909,47.5406936663937,205958,305815,307095,3810967,Matched,Intersection,34430.0,RAINIER AVE S AND S WILLOW ST, ,,2,Injury Collision,Angles,3,0,0,2,1,0,2018-10-21 00:00:00+00,10/21/2018 4:56:00 PM,At Intersection (intersection related),11,"MOTOR VEHICLE STRUCK MOTOR VEHICLE, FRONT END AT ANGLE",,False,Clear or Partly Cloudy,Dry,Daylight,,,,10.0,Entering at angle,0,0,False,0
-122.269718990962,47.520147160902,205959,306147,307427,3811050,Matched,Intersection,35450.0,51ST AVE S AND RAINIER AVE S, ,,1,Property Damage Only Collision,Angles,4,0,0,2,0,0,2018-10-31 00:00:00+00,10/31/2018 8:11:00 AM,At Intersection (intersection related),11,"MOTOR VEHICLE STRUCK MOTOR VEHICLE, FRONT END AT ANGLE",,False,Clear or Partly Cloudy,Wet,Daylight,,,,10.0,Entering at angle,0,0,False,0
-122.390777836698,47.570245255534,205960,305660,306940,3810551,Matched,Intersection,31964.0,46TH AVE SW AND SW CHARLESTOWN ST, ,,1,Property Damage Only Collision,Angles,2,0,0,2,0,0,2018-10-02 00:00:00+00,10/2/2018 9:50:00 PM,At Intersection (intersection related),11,"MOTOR VEHICLE STRUCK MOTOR VEHICLE, FRONT END AT ANGLE",,True,Clear or Partly Cloudy,Dry,Dark - Street Lights On,,,,10.0,Entering at angle,0,0,False,0
-122.335763968909,47.6959559231562,205961,305511,306791,3751307,Matched,Block,,N 92ND ST BETWEEN WALLINGFORD AVE N AND COLLEGE WAY N, ,,2,Injury Collision,Rear Ended,2,0,0,2,1,0,2018-10-05 00:00:00+00,10/5/2018 2:36:00 PM,Mid-Block (not related to intersection),14,"MOTOR VEHICLE STRUCK MOTOR VEHICLE, REAR END",,False,Raining,Wet,Daylight,,,,14.0,From same direction - both going straight - one stopped - rear-end,0,0,False,0
-122.389480542978,47.5638546378591,205962,305334,306614,E847213,Matched,Block,,45TH AVE SW BETWEEN SW GENESEE ST AND SW OREGON ST, ,,2,Injury Collision,Rear Ended,2,0,0,2,1,0,2018-10-07 00:00:00+00,10/7/2018 5:04:00 PM,Mid-Block (not related to intersection),14,"MOTOR VEHICLE STRUCK MOTOR VEHICLE, REAR END",,False,Clear or Partly Cloudy,Dry,Daylight,,,,14.0,From same direction - both going straight - one stopped - rear-end,0,0,False,0
-122.361933983887,47.6246029766501,205963,306142,307422,3753726,Matched,Intersection,28636.0,4TH AVE W AND W MERCER ST, ,,2,Injury Collision,Pedestrian,2,1,0,1,1,0,2018-10-31 00:00:00+00,10/31/2018 5:42:00 AM,At Intersection (intersection related),24,MOTOR VEHCILE STRUCK PEDESTRIAN,True,False,Clear or Partly Cloudy,Dry,Dawn,,,,2.0,Vehicle turning left hits pedestrian,0,0,False,0
-122.31207927184,47.6830458729488,205964,305659,306939,3810426,Matched,Intersection,24426.0,15TH AVE NE AND NE 75TH ST, ,,1,Property Damage Only Collision,Rear Ended,3,0,0,3,0,0,2018-10-08 00:00:00+00,10/8/2018 7:11:00 AM,At Intersection (but not related to intersection),14,"MOTOR VEHICLE STRUCK MOTOR VEHICLE, REAR END",,False,Raining,Wet,Dawn,,,True,14.0,From same direction - both going straight - one stopped - rear-end,0,0,False,0