longitude,latitude,objectid,inckey,coldetkey,reportno,status,addrtype,intkey,location,exceptrsncode,exceptrsndesc,severitycode,severitydesc,collisiontype,personcount,pedcount,pedcylcount,vehcount,injuries,fatalities,incdate,incdttm,junctiontype,sdot_colcode,sdot_coldesc,inattentionind,underinfl,weather,roadcond,lightcond,pedrownotgrnt,sdotcolnum,speeding,st_colcode,st_coldesc,seglanekey,crosswalkkey,hitparkedcar,seriousinjuries
-122.34479519261,47.7111965898728,205968,305655,306935,E848953,Matched,Block,,AURORA AVE N BETWEEN N 112TH ST AND N 115TH ST, ,,2,Injury Collision,Rear Ended,3,0,0,3,2,0,2018-10-09 00:00:00+00,10/9/2018 4:53:00 PM,Mid-Block (not related to intersection),14,"MOTOR VEHICLE STRUCK MOTOR VEHICLE, REAR END",True,False,Clear or Partly Cloudy,Dry,Daylight,,,,14.0,From same direction - both going straight - one stopped - rear-end,0,0,False,0
-122.335024214663,47.6959524286914,205970,306145,307425,3810332,Matched,Intersection,37331.0,COLLEGE WAY N AND N 92ND ST, ,,1,Property Damage Only Collision,Other,1,0,0,1,0,0,2018-10-28 00:00:00+00,10/28/2018 5:57:00 AM,At Intersection (intersection related),26,MOTOR VEHICLE STRUCK OBJECT IN ROAD,,False,Raining,Wet,Dark - Street Lights On,,,,50.0,Fixed object,0,0,False,0
-122.288303863296,47.5783410087743,205971,305957,307237,E852080,Matched,Intersection,30867.0,S MCCLELLAN ST AND S MOUNT BAKER EB BV, ,,1,Property Damage Only Collision,Other,1,0,0,1,0,0,2018-10-18 00:00:00+00,10/18/2018 9:08:00 AM,At Intersection (intersection related),28,MOTOR VEHICLE RAN OFF ROAD - HIT FIXED OBJECT,,False,Clear or Partly Cloudy,Dry,Daylight,,,,50.0,Fixed object,0,0,False,0
-122.320197078283,47.6831456511038,205972,306510,307790,E856381,Matched,Intersection,24434.0,8TH AVE NE AND NE 75TH ST, ,,2,Injury Collision,Head On,2,0,0,2,2,0,2018-11-02 00:00:00+00,11/2/2018 2:20:00 PM,At Intersection (intersection related),11,"MOTOR VEHICLE STRUCK MOTOR VEHICLE, FRONT END AT ANGLE",,False,Raining,Wet,Daylight,,,True,30.0,From opposite direction - all others,0,0,False,0
-122.357380172529,47.622110862655,205974,306824,308104,E860100,Matched,Block,,W HARRISON ST BETWEEN QUEEN ANNE AVE N AND 1ST AVE W,NEI,"Not Enough Information, or Insufficient Location Information",1,Property Damage Only Collision,Parked Car,2,0,0,2,0,0,2018-11-11 00:00:00+00,11/11/2018 6:00:00 PM,Mid-Block (not related to intersection),14,"MOTOR VEHICLE STRUCK MOTOR VEHICLE, REAR END",,False,Unknown,Unknown,Unknown,,,,32.0,One parked--one moving,0,0,True,0
-122.396930053928,47.6905688009849,205975,306509,307789,E856379,Matched,Intersection,37080.0,31ST AVE NW AND NW 85TH ST, ,,1,Property Damage Only Collision,Angles,3,0,0,2,0,0,2018-11-01 00:00:00+00,11/1/2018 4:30:00 PM,At Intersection (intersection related),11,"MOTOR VEHICLE STRUCK MOTOR VEHICLE, FRONT END AT ANGLE",,False,Clear or Partly Cloudy,Dry,Daylight,,,,10.0,Entering at angle,0,0,False,0
-122.325074906638,47.605910674074,205976,306991,308271,E860288,Matched,Block,,9TH AVE BETWEEN JAMES ST AND CHERRY ST, ,,1,Property Damage Only Collision,Parked Car,2,0,0,2,0,0,2018-11-09 00:00:00+00,11/9/2018 5:48:00 PM,Mid-Block (not related to intersection),11,"MOTOR VEHICLE STRUCK MOTOR VEHICLE, FRONT END AT ANGLE",,False,Clear or Partly Cloudy,Dry,Dark - Street Lights On,,,,20.0,One car leaving parked position,0,0,False,0
-122.296751500538,47.5715259374593,205980,306986,308266,E861323,Matched,Intersection,32447.0,M L KING JR ER WAY S AND RENTON N AVE S, ,,2,Injury Collision,Angles,3,0,0,3,1,0,2018-11-02 00:00:00+00,11/2/2018 7:33:00 AM,At Intersection (intersection related),11,"MOTOR VEHICLE STRUCK MOTOR VEHICLE, FRONT END AT ANGLE",True,False,Overcast,Wet,Daylight,,,,10.0,Entering at angle,0,0,False,0
-122.308967844089,47.5992389705519,205982,306507,307787,E856098,Matched,Intersection,30752.0,18TH AVE S AND S JACKSON ST, ,,2,Injury Collision,Angles,2,0,0,2,2,0,2018-11-01 00:00:00+00,11/1/2018 7:55:00 AM,At Intersection (intersection related),11,"MOTOR VEHICLE STRUCK MOTOR VEHICLE, FRONT END AT ANGLE",True,False,Clear or Partly Cloudy,Wet,Daylight,,,,10.0,Entering at angle,0,0,False,0
-122.338903693621,47.6092851430891,205983,306830,308110,E857402,Matched,Intersection,29592.0,2ND AVE AND PIKE ST, ,,1,Property Damage Only Collision,Other,1,0,0,1,0,0,2018-11-02 00:00:00+00,11/2/2018 11:24:00 AM,At Intersection (intersection related),26,MOTOR VEHICLE STRUCK OBJECT IN ROAD,,False,Overcast,Wet,Daylight,,,,50.0,Fixed object,0,0,False,0
-122.365894184954,47.521021776349,205984,307155,308435,3751248,Matched,Intersection,34875.0,26TH AVE SW AND SW BARTON ST, ,,2,Injury Collision,Pedestrian,2,1,0,1,1,0,2018-11-23 00:00:00+00,11/23/2018 4:30:00 PM,At Intersection (intersection related),24,MOTOR VEHCILE STRUCK PEDESTRIAN,,False,Unknown,Unknown,Daylight,True,,,2.0,Vehicle turning left hits pedestrian,0,525499,False,0
-122.334206439738,47.5678488032113,205985,306820,308100,E857225,Matched,Block,,1ST AVE S BETWEEN S ANDOVER ST AND S DAKOTA ST, ,,2,Injury Collision,Sideswipe,4,0,0,3,1,0,2018-11-05 00:00:00+00,11/5/2018 6:51:00 AM,Driveway Junction,11,"MOTOR VEHICLE STRUCK MOTOR VEHICLE, FRONT END AT ANGLE",,False,Clear or Partly Cloudy,Dry,Daylight,,,,11.0,From same direction - both going straight - both moving - sideswipe,0,0,False,0
-122.328404975924,47.6045176405505,205986,306503,307783,E844051,Matched,Block,,6TH AVE BETWEEN JAMES ST AND CHERRY ST, ,,1,Property Damage Only Collision,Other,1,0,0,1,0,0,2018-09-29 00:00:00+00,9/29/2018 9:52:00 PM,Mid-Block (not related to intersection),26,MOTOR VEHICLE STRUCK OBJECT IN ROAD,,False,Raining,Wet,Dark - Street Lights On,,,True,50.0,Fixed object,0,0,False,0
-122.330009498159,47.5995934358053,205987,306989,308269,E860234,Matched,Block,,2ND AV ET S BETWEEN S JACKSON ST AND S MAIN ST, ,,1,Property Damage Only Collision,Angles,2,0,0,2,0,0,2018-11-13 00:00:00+00,11/13/2018 11:55:00 AM,Driveway Junction,11,"MOTOR VEHICLE STRUCK MOTOR VEHICLE, FRONT END AT ANGLE",,False,Clear or Partly Cloudy,Dry,Daylight,,,,10.0,Entering at angle,0,0,False,0
-122.304173823744,47.667825244121,205989,306502,307782,E843880,Matched,Block,,22ND AVE NE BETWEEN 22ND WR AVE NE AND NE 54TH ST, ,,1,Property Damage Only Collision,Parked Car,2,0,0,2,0,0,2018-08-09 00:00:00+00,8/9/2018 9:48:00 AM,Mid-Block (not related to intersection),0,NOT ENOUGH INFORMATION / NOT APPLICABLE,,False,Clear or Partly Cloudy,Dry,Daylight,,,,32.0,One parked--one moving,0,0,True,0
-122.355414634648,47.6232715231664,205991,306984,308264,E860233,Matched,Intersection,28920.0,1ST AVE N AND REPUBLICAN ST, ,,1,Property Damage Only Collision,Left Turn,2,0,0,2,0,0,2018-11-13 00:00:00+00,11/13/2018 9:16:00 AM,At Intersection (intersection related),11,"MOTOR VEHICLE STRUCK MOTOR VEHICLE, FRONT END AT ANGLE",,False,Clear or Partly Cloudy,Dry,Daylight,,,,15.0,From same direction - one left turn - one straight,0,0,False,0
-122.335569928895,47.5217841204985,205992,306658,307938,3782646,Matched,Block,,OLSON PL SW BETWEEN 1ST AVE S AND 2ND AVE SW, ,,1,Property Damage Only Collision,Rear Ended,6,0,0,3,0,0,2018-10-28 00:00:00+00,10/28/2018 12:02:00 AM,Mid-Block (not related to intersection),14,"MOTOR VEHICLE STRUCK MOTOR VEHICLE, REAR END",,False,Raining,Wet,Dark - Street Lights On,,,True,13.0,From same direction - both going straight - both moving - rear-end,0,0,False,0
-122.334149838379,47.6040884667917,205995,306657,307937,3756037,Matched,Block,,2ND AVE BETWEEN COLUMBIA ST AND MARION ST, ,,1,Property Damage Only Collision,Sideswipe,5,0,0,3,0,0,2018-10-22 00:00:00+00,10/22/2018 4:21:00 PM,Mid-Block (not related to intersection),11,"MOTOR VEHICLE STRUCK MOTOR VEHICLE, FRONT END AT ANGLE",,False,Overcast,Dry,Daylight,,,,11.0,From same direction - both going straight - both moving - sideswipe,0,0,False,0
-122.376574533328,47.5392197477365,205997,306987,308267,E861435,Matched,Intersection,34025.0,35TH AVE SW AND SW MYRTLE ST, ,,1,Property Damage Only Collision,Left Turn,4,0,0,2,0,0,2018-11-14 00:00:00+00,11/14/2018 3:40:00 PM,At Intersection (intersection related),11,"MOTOR VEHICLE STRUCK MOTOR VEHICLE, FRONT END AT ANGLE",,False,Overcast,Dry,Daylight,,,,28.0,From opposite direction - one left turn - one straight,0,0,False,0
-122.373914632371,47.6308802065716,205998,306656,307936,3754918,Matched,Block,,ELLIOTT AVE W BETWEEN W LEE ST AND W GALER ST FLYOVER, ,,2,Injury Collision,Left Turn,2,0,0,2,1,0,2018-11-09 00:00:00+00,11/9/2018 1:42:00 PM,Driveway Junction,11,"MOTOR VEHICLE STRUCK MOTOR VEHICLE, FRONT END AT ANGLE",,False,Overcast,Wet,Daylight,,,,28.0,From opposite direction - one left turn - one straight,0,0,False,0
-122.307868365938,47.6875826452564,206000,306655,307935,3754417,Matched,Block,,19TH AVE NE BETWEEN NE 80TH ST AND NE 82ND ST, ,,1,Property Damage Only Collision,Parked Car,2,0,0,2,0,0,2018-10-27 00:00:00+00,10/27/2018 7:50:00 AM,Mid-Block (not related to intersection),11,"MOTOR VEHICLE STRUCK MOTOR VEHICLE, FRONT END AT ANGLE",,False,Clear or Partly Cloudy,Dry,Dark - Street Lights On,,,,32.0,One parked--one moving,0,0,True,0
-122.317398322509,47.6783754925076,206002,306654,307934,3754416,Matched,Block,,ROOSEVELT WAY NE BETWEEN NE 68TH ST AND NE 69TH ST, ,,2,Injury Collision,Rear Ended,2,0,0,2,1,0,2018-10-25 00:00:00+00,10/25/2018 7:28:00 AM,Mid-Block (not related to intersection),14,"MOTOR VEHICLE STRUCK MOTOR VEHICLE, REAR END",,False,Overcast,Dry,Dawn,,,,14.0,From same direction - both going straight - one stopped - rear-end,0,0,False,0
-122.282260250178,47.6127380790731,206004,306333,307613,E854337,Matched,Block,,MADRONA DR BETWEEN LAKE WASHINGTON BLVD AND NEWPORT WAY, ,,1,Property Damage Only Collision,Parked Car,2,0,0,2,0,0,2018-10-27 00:00:00+00,10/27/2018 2:30:00 AM,Mid-Block (not related to intersection),0,NOT ENOUGH INFORMATION / NOT APPLICABLE,,False,Unknown,Unknown,Unknown,,,,32.0,One parked--one moving,0,0,True,0
-122.348278129357,47.6144190521568,206005,306828,308108,E857388,Matched,Block,,1ST AVE BETWEEN BATTERY ST AND WALL ST, ,,1,Property Damage Only Collision,Sideswipe,2,0,0,2,0,0,2018-10-30 00:00:00+00,10/30/2018 8:10:00 AM,Mid-Block (not related to intersection),11,"MOTOR VEHICLE STRUCK MOTOR VEHICLE, FRONT END AT ANGLE",,False,Overcast,Dry,Daylight,,,,11.0,From same direction - both going straight - both moving - sideswipe,0,0,False,0
-122.317413415092,47.6794702210355,206006,307156,308436,3767483,Matched,Intersection,24464.0,ROOSEVELT WAY NE AND NE 70TH ST, ,,1,Property Damage Only Collision,Left Turn,2,0,0,2,0,0,2018-11-23 00:00:00+00,11/23/2018 8:32:00 PM,At Intersection (intersection related),11,"MOTOR VEHICLE STRUCK MOTOR VEHICLE, FRONT END AT ANGLE",,False,Overcast,Wet,Dark - Street Lights On,,,,15.0,From same direction - one left turn - one straight,0,0,False,0
-122.345095279014,47.7339714890962,206007,306653,307933,3751720,Matched,Block,,AURORA AVE N BETWEEN ROOSEVELT WAY N AND N 145TH ST, ,,2,Injury Collision,Rear Ended,2,0,0,2,1,0,2018-10-28 00:00:00+00,10/28/2018 6:08:00 AM,Mid-Block (but intersection related),14,"MOTOR VEHICLE STRUCK MOTOR VEHICLE, REAR END",,False,Overcast,Wet,Dark - Street Lights On,,,,14.0,From same direction - both going straight - one stopped - rear-end,0,0,False,0
-122.278076348215,47.5519256146479,206008,306990,308270,E861690,Matched,Intersection,33503.0,RAINIER AVE S AND S FINDLAY ST, ,,2,Injury Collision,Rear Ended,2,0,0,2,1,0,2018-11-07 00:00:00+00,11/7/2018 4:05:00 PM,At Intersection (intersection related),14,"MOTOR VEHICLE STRUCK MOTOR VEHICLE, REAR END",,False,Clear or Partly Cloudy,Dry,Daylight,,,,14.0,From same direction - both going straight - one stopped - rear-end,0,703480,False,0
-122.334444282103,47.6556282243599,206009,306652,307932,3751718,Matched,Block,,N 40TH ST BETWEEN BURKE AVE N AND MERIDIAN AVE N, ,,1,Property Damage Only Collision,Parked Car,4,0,0,4,0,0,2018-10-28 00:00:00+00,10/28/2018 12:12:00 AM,Mid-Block (not related to intersection),11,"MOTOR VEHICLE STRUCK MOTOR VEHICLE, FRONT END AT ANGLE",,False,Raining,Wet,Dark - Street Lights On,,,,32.0,One parked--one moving,0,0,True,0
-122.32905101651,47.6555582466322,206012,306985,308265,E861313,Matched,Intersection,27232.0,EASTERN AVE N AND N 40TH ST, ,,2b,Serious Injury Collision,Angles,3,0,0,2,1,0,2018-11-12 00:00:00+00,11/12/2018 9:41:00 AM,At Intersection (intersection related),11,"MOTOR VEHICLE STRUCK MOTOR VEHICLE, FRONT END AT ANGLE",True,False,Overcast,Dry,Daylight,,,,10.0,Entering at angle,0,0,False,1
-122.31139964697,47.7339364965003,206013,306513,307793,E844082,Matched,Block,,NE 145TH ST BETWEEN 15TH AVE NE AND 17TH AVE NE, ,,1,Property Damage Only Collision,Angles,4,0,0,2,0,0,2018-09-23 00:00:00+00,9/23/2018 3:59:00 PM,Mid-Block (not related to intersection),11,"MOTOR VEHICLE STRUCK MOTOR VEHICLE, FRONT END AT ANGLE",,False,Clear or Partly Cloudy,Dry,Daylight,,,,10.0,Entering at angle,0,0,False,0
-122.385044746928,47.5839790552565,206016,307154,308434,3746038,Matched,Intersection,31031.0,42ND AVE SW AND SW WALKER ST, ,,1,Property Damage Only Collision,Angles,2,0,0,2,0,0,2018-11-20 00:00:00+00,11/20/2018 3:12:00 PM,At Intersection (intersection related),11,"MOTOR VEHICLE STRUCK MOTOR VEHICLE, FRONT END AT ANGLE",True,False,Overcast,Dry,Daylight,,,,10.0,Entering at angle,0,0,False,0
-122.317908692378,47.7121994462941,206017,306512,307792,E856384,Matched,Intersection,36480.0,ROOSEVELT WAY NE AND NE 115TH ST, ,,1,Property Damage Only Collision,Angles,2,0,0,2,0,0,2018-11-02 00:00:00+00,11/2/2018 5:04:00 PM,At Intersection (intersection related),11,"MOTOR VEHICLE STRUCK MOTOR VEHICLE, FRONT END AT ANGLE",,False,Raining,Wet,Daylight,,,,10.0,Entering at angle,0,0,False,0
-122.290424627698,47.5911524442401,206019,306988,308268,E861462,Matched,Intersection,35545.0,33RD AVE S AND S IRVING ST, ,,1,Property Damage Only Collision,Angles,2,0,0,2,0,0,2018-11-11 00:00:00+00,11/11/2018 2:53:00 PM,At Intersection (intersection related),11,"MOTOR VEHICLE STRUCK MOTOR VEHICLE, FRONT END AT ANGLE",,False,Clear or Partly Cloudy,Dry,Daylight,,,,10.0,Entering at angle,0,0,False,0
-122.32348350211,47.7340529814808,206020,306511,307791,E844081,Matched,Intersection,35853.0,5TH AVE NE AND NE 145TH ST, ,,2,Injury Collision,Rear Ended,4,0,0,3,1,0,2018-09-23 00:00:00+00,9/23/2018 4:52:00 PM,At Intersection (but not related to intersection),14,"MOTOR VEHICLE STRUCK MOTOR VEHICLE, REAR END",,False,Clear or Partly Cloudy,Dry,Daylight,,,,14.0,From same direction - both going straight - one stopped - rear-end,0,0,False,0
-122.315658047705,47.6758149275881,206021,307488,308768,E865968,Matched,Intersection,24501.0,12TH AVE NE AND NE 65TH ST, ,,2,Injury Collision,Pedestrian,2,1,0,1,1,0,2018-11-29 00:00:00+00,11/29/2018 7:25:00 AM,At Intersection (intersection related),24,MOTOR VEHCILE STRUCK PEDESTRIAN,,False,Clear or Partly Cloudy,Wet,Dawn,True,,,2.0,Vehicle turning left hits pedestrian,0,524481,False,0
-122.396930053928,47.6905688009849,206022,304427,305667,3810429,Matched,Intersection,37080.0,31ST AVE NW AND NW 85TH ST, ,,1,Property Damage Only Collision,Angles,2,0,0,2,0,0,2018-10-08 00:00:00+00,10/8/2018 4:45:00 PM,At Intersection (intersection related),11,"MOTOR VEHICLE STRUCK MOTOR VEHICLE, FRONT END AT ANGLE",,False,Raining,Wet,Daylight,,,,10.0,Entering at angle,0,0,False,0
-122.297448998145,47.5980594945387,206023,307487,308767,E865967,Matched,Intersection,30611.0,M L KING JR WAY S AND S KING ST, ,,1,Property Damage Only Collision,Other,2,0,0,2,0,0,2018-11-27 00:00:00+00,11/27/2018 7:22:00 AM,At Intersection (intersection related),11,"MOTOR VEHICLE STRUCK MOTOR VEHICLE, FRONT END AT ANGLE",,False,Overcast,Wet,Daylight,,,,23.0,From same direction - all others,0,0,False,0
-122.326340004184,47.6873866212445,206025,307645,308925,E849048,Matched,Block,,NE 85TH ST OFF RP BETWEEN I5 NB AND BANNER WAY NE, ,,2,Injury Collision,Other,2,0,0,1,1,0,2018-10-08 00:00:00+00,10/8/2018 6:02:00 PM,Mid-Block (not related to intersection),26,MOTOR VEHICLE STRUCK OBJECT IN ROAD,,False,Raining,Wet,Dusk,,,True,50.0,Fixed object,0,0,False,0
-122.351487415118,47.6245699633904,206026,307486,308766,E865625,Matched,Intersection,28916.0,3RD AVE N AND MERCER ST, ,,2,Injury Collision,Pedestrian,2,1,0,1,1,0,2018-11-19 00:00:00+00,11/19/2018 11:23:00 AM,At Intersection (intersection related),24,MOTOR VEHCILE STRUCK PEDESTRIAN,,False,Clear or Partly Cloudy,Dry,Daylight,True,,,2.0,Vehicle turning left hits pedestrian,0,0,False,0
-122.310542214997,47.5899883601923,206027,307644,308924,3814976,Matched,Intersection,30813.0,17TH AVE S AND S ATLANTIC ST, ,,1,Property Damage Only Collision,Head On,3,0,0,2,0,0,2018-11-23 00:00:00+00,11/23/2018 12:59:00 AM,At Intersection (intersection related),11,"MOTOR VEHICLE STRUCK MOTOR VEHICLE, FRONT END AT ANGLE",,False,Raining,Wet,Dark - Street Lights Off,,,,30.0,From opposite direction - all others,0,0,False,0
-122.329163653176,47.6242787038158,206061,304429,305669,3811707,Matched,Intersection,29119.0,EASTLAKE AVE E AND MERCER ST, ,,2,Injury Collision,Angles,2,0,0,2,1,0,2018-10-06 00:00:00+00,10/6/2018 9:20:00 AM,At Intersection (intersection related),11,"MOTOR VEHICLE STRUCK MOTOR VEHICLE, FRONT END AT ANGLE",,False,Overcast,Dry,Daylight,,,,10.0,Entering at angle,0,0,False,0
-122.304590602092,47.6482400602772,206028,304459,305699,3814217,Matched,Block,,MONTLAKE BR BETWEEN POINT A AND NE PACIFIC ST, ,,1,Property Damage Only Collision,Other,2,0,0,2,0,0,2018-09-18 00:00:00+00,9/18/2018 8:39:00 PM,Mid-Block (not related to intersection),26,MOTOR VEHICLE STRUCK OBJECT IN ROAD,,False,Clear or Partly Cloudy,Dry,Dark - Street Lights On,,,,56.0,Breakage of any part of the vehicle resulting in injury or in further property damage,0,0,False,0
-122.342391905042,47.7341305414951,206029,307643,308923,E849040,Matched,Intersection,35699.0,STONE AVE N AND N 145TH ST, ,,1,Property Damage Only Collision,Rear Ended,2,0,0,2,0,0,2018-10-05 00:00:00+00,10/5/2018 5:34:00 PM,At Intersection (intersection related),14,"MOTOR VEHICLE STRUCK MOTOR VEHICLE, REAR END",,False,Raining,Wet,Dusk,,,,13.0,From same direction - both going straight - both moving - rear-end,0,0,False,0
-122.334762317446,47.5254167310125,206030,307484,308764,E844998,Matched,Block,,1ST AVE S BETWEEN S CLOVERDALE W ST AND 1ST AVS OFF S RP, ,,2,Injury Collision,Other,1,0,0,1,1,0,2018-10-02 00:00:00+00,10/2/2018 11:45:00 AM,Mid-Block (not related to intersection),28,MOTOR VEHICLE RAN OFF ROAD - HIT FIXED OBJECT,,False,Clear or Partly Cloudy,Dry,Daylight,,,True,50.0,Fixed object,0,0,False,0
-122.32735842774,47.6134361856787,206031,304439,305679,3814214,Matched,Block,,MINOR AVE BETWEEN UNION ST AND PIKE ST, ,,1,Property Damage Only Collision,Parked Car,3,0,0,3,0,0,2018-09-14 00:00:00+00,9/14/2018 1:54:00 PM,Mid-Block (not related to intersection),11,"MOTOR VEHICLE STRUCK MOTOR VEHICLE, FRONT END AT ANGLE",True,False,Clear or Partly Cloudy,Dry,Daylight,,,,32.0,One parked--one moving,0,0,True,0
-122.326711563276,47.560792114739,206032,307642,308922,3810972,Matched,Block,,6TH AVE S BETWEEN S ALASKA ST AND DEAD END 1, ,,1,Property Damage Only Collision,Other,1,0,0,1,0,0,2018-11-19 00:00:00+00,11/19/2018 5:31:00 PM,Mid-Block (not related to intersection),28,MOTOR VEHICLE RAN OFF ROAD - HIT FIXED OBJECT,,False,Clear or Partly Cloudy,Dry,Daylight,,,,50.0,Fixed object,0,0,False,0
-122.274264167797,47.5460385973671,206033,307307,308587,3811107,Matched,Block,,S GRAHAM ST BETWEEN LAFERN PL S AND 47TH AVE S, ,,2,Injury Collision,Parked Car,5,0,0,5,1,0,2018-11-04 00:00:00+00,11/4/2018 4:31:00 AM,Mid-Block (not related to intersection),14,"MOTOR VEHICLE STRUCK MOTOR VEHICLE, REAR END",,True,Raining,Wet,Dark - Street Lights On,,,,32.0,One parked--one moving,0,0,False,0
-122.334216048422,47.5519032571463,206097,305345,306625,E847493,Matched,Intersection,33040.0,1ST AVE S AND S ORCAS ST, ,,2,Injury Collision,Angles,2,0,0,2,1,0,2018-10-05 00:00:00+00,10/5/2018 9:43:00 AM,At Intersection (intersection related),11,"MOTOR VEHICLE STRUCK MOTOR VEHICLE, FRONT END AT ANGLE",True,False,Raining,Wet,Daylight,,,,10.0,Entering at angle,0,0,False,0
-122.314220434213,47.6138949231155,206034,305338,306618,E847229,Matched,Intersection,29751.0,14TH AVE AND E MADISON ST, ,,1,Property Damage Only Collision,Rear Ended,2,0,0,2,0,0,2018-10-09 00:00:00+00,10/9/2018 6:55:00 AM,At Intersection (intersection related),14,"MOTOR VEHICLE STRUCK MOTOR VEHICLE, REAR END",,False,Raining,Wet,Dark - Street Lights On,,,,14.0,From same direction - both going straight - one stopped - rear-end,0,0,False,0
-122.344310123188,47.6245401400341,206036,307306,308586,3811385,Matched,Block,,MERCER ST BETWEEN TAYLOR AVE N AND 6TH AVE N, ,,1,Property Damage Only Collision,Rear Ended,3,0,0,2,0,0,2018-11-03 00:00:00+00,11/3/2018 9:52:00 AM,Mid-Block (but intersection related),14,"MOTOR VEHICLE STRUCK MOTOR VEHICLE, REAR END",,False,Overcast,Dry,Daylight,,,,14.0,From same direction - both going straight - one stopped - rear-end,0,0,False,0
-122.286735338403,47.5654033489157,206037,307305,308585,3811105,Matched,Block,,S ADAMS ST BETWEEN 36TH AVE S AND 37TH AVE S, ,,1,Property Damage Only Collision,Parked Car,2,0,0,2,0,0,2018-11-03 00:00:00+00,11/3/2018 12:17:00 PM,Mid-Block (not related to intersection),16,"MOTOR VEHICLE STRUCK MOTOR VEHICLE, LEFT SIDE SIDESWIPE",,False,Raining,Wet,Daylight,,,,32.0,One parked--one moving,0,0,False,0
-122.329470790207,47.6132328974776,206038,304457,305698,E845347,Matched,Block,,PIKE ST BETWEEN TERRY AVE AND BOREN AVE, ,,2,Injury Collision,Head On,3,0,0,2,1,0,2018-09-28 00:00:00+00,9/28/2018 1:28:00 AM,Mid-Block (but intersection related),11,"MOTOR VEHICLE STRUCK MOTOR VEHICLE, FRONT END AT ANGLE",True,False,Clear or Partly Cloudy,Dry,Dark - Street Lights On,,,,30.0,From opposite direction - all others,0,0,False,0
-122.296518752611,47.7337857704325,206039,307640,308920,E849035,Matched,Intersection,35990.0,30TH AVE NE AND NE 145TH ST, ,,1,Property Damage Only Collision,Left Turn,2,0,0,2,0,0,2018-10-05 00:00:00+00,10/5/2018 5:31:00 PM,At Intersection (intersection related),11,"MOTOR VEHICLE STRUCK MOTOR VEHICLE, FRONT END AT ANGLE",,False,Raining,Wet,Daylight,,,,28.0,From opposite direction - one left turn - one straight,0,0,False,0
-122.338932174892,47.6185362718999,206040,307304,308584,3811987,Matched,Block,,DENNY WAY BETWEEN 9TH AVE AND WESTLAKE AVE, ,,2,Injury Collision,Rear Ended,2,0,0,2,1,0,2018-11-03 00:00:00+00,11/3/2018 9:03:00 PM,Mid-Block (not related to intersection),14,"MOTOR VEHICLE STRUCK MOTOR VEHICLE, REAR END",,False,Raining,Wet,Dark - Street Lights On,,,,14.0,From same direction - both going straight - one stopped - rear-end,0,0,False,0
-122.302552092309,47.6428016253678,206041,304438,305678,3814213,Matched,Block,,EAST MONTLAKE PL E BETWEEN 24TH AVE E AND E ROANOKE ST, ,,1,Property Damage Only Collision,Other,3,0,0,1,0,0,2018-09-15 00:00:00+00,9/15/2018 6:46:00 PM,Mid-Block (not related to intersection),26,MOTOR VEHICLE STRUCK OBJECT IN ROAD,True,False,Raining,Wet,Dusk,,,,50.0,Fixed object,0,0,False,0
-122.301940127483,47.7338292579493,206042,307638,308918,E848571,Matched,Intersection,35996.0,25TH AVE NE AND NE 145TH ST, ,,1,Property Damage Only Collision,Rear Ended,3,0,0,2,0,0,2018-10-08 00:00:00+00,10/8/2018 1:33:00 PM,At Intersection (but not related to intersection),14,"MOTOR VEHICLE STRUCK MOTOR VEHICLE, REAR END",True,False,Raining,Wet,Daylight,,,,14.0,From same direction - both going straight - one stopped - rear-end,0,0,False,0
-122.356993523886,47.6329014246365,206043,307303,308583,3811383,Matched,Block,,QUEEN ANNE AVE N BETWEEN W GALER ST AND GARFIELD ST, ,,1,Property Damage Only Collision,Parked Car,2,0,0,2,0,0,2018-11-03 00:00:00+00,11/3/2018 8:00:00 PM,Mid-Block (not related to intersection),14,"MOTOR VEHICLE STRUCK MOTOR VEHICLE, REAR END",,False,Raining,Dry,Dark - Street Lights On,,,,32.0,One parked--one moving,0,0,True,0
-122.329058916983,47.5749802642657,206044,305335,306615,E847215,Matched,Block,,4TH AVE S BETWEEN S HANFORD ST AND S HORTON ST, ,,2,Injury Collision,Pedestrian,2,1,0,1,1,0,2018-09-29 00:00:00+00,9/29/2018 10:45:00 PM,Mid-Block (not related to intersection),24,MOTOR VEHCILE STRUCK PEDESTRIAN,True,False,Raining,Wet,Dark - Street Lights On,,,,1.0,Vehicle turning right hits pedestrian,0,0,False,0
-122.328968665993,47.5988108554172,206045,307636,308916,E866339,Matched,Block,,4TH AVE S BETWEEN S JACKSON ST AND 2ND AV ET S, ,,1,Property Damage Only Collision,Rear Ended,3,0,0,2,0,0,2018-11-29 00:00:00+00,11/29/2018 8:18:00 AM,Mid-Block (not related to intersection),11,"MOTOR VEHICLE STRUCK MOTOR VEHICLE, FRONT END AT ANGLE",,False,Overcast,Wet,Daylight,,,,14.0,From same direction - both going straight - one stopped - rear-end,0,0,False,0