longitude,latitude,objectid,inckey,coldetkey,reportno,status,addrtype,intkey,location,exceptrsncode,exceptrsndesc,severitycode,severitydesc,collisiontype,personcount,pedcount,pedcylcount,vehcount,injuries,fatalities,incdate,incdttm,junctiontype,sdot_colcode,sdot_coldesc,inattentionind,underinfl,weather,roadcond,lightcond,pedrownotgrnt,sdotcolnum,speeding,st_colcode,st_coldesc,seglanekey,crosswalkkey,hitparkedcar,seriousinjuries
-122.296629747127,47.5763589728325,206047,307635,308915,E848330,Matched,Intersection,31495.0,M L KING JR WAY S AND RAINIER AVE S, ,,2,Injury Collision,Right Turn,2,0,0,2,1,0,2018-10-09 00:00:00+00,10/9/2018 2:30:00 PM,At Intersection (intersection related),11,"MOTOR VEHICLE STRUCK MOTOR VEHICLE, FRONT END AT ANGLE",,False,Overcast,Dry,Daylight,,,,16.0,From same direction - one right turn - one straight,0,0,False,0
-122.338448458396,47.6087874922082,206048,307301,308581,E862656,Matched,Block,,2ND AVE BETWEEN UNION ST AND PIKE ST, ,,2,Injury Collision,Cycles,2,0,1,1,1,0,2018-11-19 00:00:00+00,11/19/2018 9:16:00 AM,Mid-Block (not related to intersection),18,"MOTOR VEHICLE STRUCK PEDALCYCLIST, FRONT END AT ANGLE",,False,Clear or Partly Cloudy,Dry,Daylight,,,,6.0,Pedalcyclist Strikes Moving Vehicle,0,0,False,0
-122.31200369174,47.6794081345474,206049,307493,308773,E866062,Matched,Intersection,24469.0,15TH AVE NE AND NE 70TH ST, ,,1,Property Damage Only Collision,Angles,2,0,0,2,0,0,2018-11-27 00:00:00+00,11/27/2018 8:48:00 AM,At Intersection (intersection related),11,"MOTOR VEHICLE STRUCK MOTOR VEHICLE, FRONT END AT ANGLE",,False,Overcast,Dry,Daylight,,,,10.0,Entering at angle,0,0,False,0
-122.340681494434,47.6134459926536,206050,307299,308579,E862640,Matched,Block,,4TH AVE BETWEEN VIRGINIA ST AND LENORA ST, ,,1,Property Damage Only Collision,Parked Car,2,0,0,2,0,0,2018-11-08 00:00:00+00,11/8/2018 9:40:00 AM,Mid-Block (not related to intersection),11,"MOTOR VEHICLE STRUCK MOTOR VEHICLE, FRONT END AT ANGLE",True,False,Clear or Partly Cloudy,Dry,Daylight,,,,32.0,One parked--one moving,0,0,True,0
-122.388839205395,47.6914610671561,206051,307298,308578,E862453,Matched,Block,,25TH AVE NW BETWEEN NW 85TH ST AND NW 87TH W ST, ,,1,Property Damage Only Collision,Rear Ended,6,0,0,2,0,0,2018-11-18 00:00:00+00,11/18/2018 6:17:00 PM,Mid-Block (not related to intersection),14,"MOTOR VEHICLE STRUCK MOTOR VEHICLE, REAR END",,False,Clear or Partly Cloudy,Dry,Dark - Street Lights On,,,,14.0,From same direction - both going straight - one stopped - rear-end,0,0,False,0
-122.296850425675,47.6230295219321,206052,304437,305677,3814189,Matched,Block,,E MADISON ST BETWEEN 27TH N AVE E AND M L KING JR WAY E, ,,1,Property Damage Only Collision,Parked Car,2,0,0,2,0,0,2018-09-14 00:00:00+00,9/14/2018 10:31:00 AM,Mid-Block (not related to intersection),16,"MOTOR VEHICLE STRUCK MOTOR VEHICLE, LEFT SIDE SIDESWIPE",,False,Other,Unknown,Unknown,,,,32.0,One parked--one moving,0,0,False,0
-122.302769955623,47.6080089607142,206053,307492,308772,E866063,Matched,Intersection,30173.0,23RD AVE AND E CHERRY ST, ,,1,Property Damage Only Collision,Left Turn,2,0,0,2,0,0,2018-11-28 00:00:00+00,11/28/2018 11:00:00 AM,At Intersection (intersection related),11,"MOTOR VEHICLE STRUCK MOTOR VEHICLE, FRONT END AT ANGLE",,False,Raining,Wet,Daylight,,,,28.0,From opposite direction - one left turn - one straight,0,0,False,0
-122.333263740494,47.5892718170804,206054,305339,306619,3550168,Matched,Block,,OCCIDENTAL AVE S BETWEEN EDGAR MARTINEZ DR S AND S MASSACHUSETTS ST, ,,2,Injury Collision,Cycles,2,1,1,0,1,0,2018-09-29 00:00:00+00,9/29/2018 9:00:00 PM,Mid-Block (not related to intersection),64,PEDALCYCLIST STRUCK PEDESTRIAN,,False,Raining,Wet,Dark - Street Lights On,,,,7.0,Pedalcyclist Strikes Pedalcyclist or Pedestrian,0,0,False,0
-122.335574025233,47.610677902842,206055,307491,308771,E866095,Matched,Intersection,29576.0,5TH AVE AND PIKE ST, ,,1,Property Damage Only Collision,Angles,2,0,0,2,0,0,2018-11-15 00:00:00+00,11/15/2018 7:02:00 PM,At Intersection (intersection related),11,"MOTOR VEHICLE STRUCK MOTOR VEHICLE, FRONT END AT ANGLE",,False,Clear or Partly Cloudy,Dry,Dark - Street Lights On,,,,10.0,Entering at angle,0,0,False,0
-122.340032897739,47.6130625948948,206056,307161,308441,3811235,Matched,Intersection,29557.0,4TH AVE AND VIRGINIA ST, ,,2,Injury Collision,Angles,6,0,0,2,1,0,2018-11-22 00:00:00+00,11/22/2018 10:58:00 PM,At Intersection (intersection related),11,"MOTOR VEHICLE STRUCK MOTOR VEHICLE, FRONT END AT ANGLE",,False,Raining,Wet,Dark - Street Lights On,,,,10.0,Entering at angle,0,0,False,0
-122.269986039452,47.5233072678934,206057,307160,308440,3811156,Matched,Intersection,35443.0,RAINIER AVE S AND S HENDERSON ST, ,,2,Injury Collision,Angles,3,0,0,3,3,0,2018-11-16 00:00:00+00,11/16/2018 9:50:00 AM,At Intersection (intersection related),11,"MOTOR VEHICLE STRUCK MOTOR VEHICLE, FRONT END AT ANGLE",,False,Clear or Partly Cloudy,Dry,Daylight,,,,10.0,Entering at angle,0,0,False,0
-122.298138077777,47.5844930796404,206058,304458,305697,E845238,Matched,Intersection,31441.0,M L KING JR WAY S AND S HILL ST, ,,1,Property Damage Only Collision,Rear Ended,2,0,0,2,0,0,2018-09-24 00:00:00+00,9/24/2018 2:03:00 PM,At Intersection (intersection related),14,"MOTOR VEHICLE STRUCK MOTOR VEHICLE, REAR END",,False,Clear or Partly Cloudy,Dry,Daylight,,,,14.0,From same direction - both going straight - one stopped - rear-end,0,0,False,0
-122.330999410225,47.6182737631016,206059,307490,308770,E866338,Matched,Intersection,29173.0,STEWART ST AND YALE AVE, ,,1,Property Damage Only Collision,Angles,4,0,0,2,0,0,2018-11-29 00:00:00+00,11/29/2018 8:38:00 AM,At Intersection (intersection related),14,"MOTOR VEHICLE STRUCK MOTOR VEHICLE, REAR END",True,False,Overcast,Wet,Daylight,,,,10.0,Entering at angle,0,0,False,0
-122.291503106425,47.7155062250806,206060,307159,308439,3810408,Matched,Intersection,36617.0,35TH AVE NE AND NE 120TH ST, ,,2,Injury Collision,Angles,2,0,0,2,1,0,2018-11-23 00:00:00+00,11/23/2018 9:07:00 PM,At Intersection (intersection related),11,"MOTOR VEHICLE STRUCK MOTOR VEHICLE, FRONT END AT ANGLE",,False,Clear or Partly Cloudy,Wet,Dark - Street Lights On,,,,10.0,Entering at angle,0,0,False,0
-122.355082727569,47.5247061047127,206062,307489,308769,E866056,Matched,Intersection,35020.0,16TH AVE SW AND SW TRENTON ST, ,,1,Property Damage Only Collision,Angles,5,0,0,2,0,0,2018-11-28 00:00:00+00,11/28/2018 3:27:00 PM,At Intersection (intersection related),11,"MOTOR VEHICLE STRUCK MOTOR VEHICLE, FRONT END AT ANGLE",,False,Raining,Wet,Daylight,,,,10.0,Entering at angle,0,0,False,0
-122.315657831647,47.6749795163903,206063,307158,308438,3810407,Matched,Intersection,25697.0,12TH AVE NE AND NE 64TH ST, ,,1,Property Damage Only Collision,Angles,2,0,0,2,0,0,2018-11-22 00:00:00+00,11/22/2018 6:37:00 AM,At Intersection (intersection related),11,"MOTOR VEHICLE STRUCK MOTOR VEHICLE, FRONT END AT ANGLE",,False,Overcast,Dry,Dawn,,,,10.0,Entering at angle,0,0,False,0
-122.269985385647,47.5279155784652,206064,305336,306616,E847216,Matched,Intersection,35417.0,RAINIER AVE S AND S THISTLE ST, ,,2,Injury Collision,Rear Ended,3,0,0,2,1,0,2018-10-02 00:00:00+00,10/2/2018 5:08:00 PM,At Intersection (intersection related),14,"MOTOR VEHICLE STRUCK MOTOR VEHICLE, REAR END",,False,Unknown,Wet,Dusk,,,,14.0,From same direction - both going straight - one stopped - rear-end,0,0,False,0
-122.286277149551,47.5424707390628,206065,304428,305668,3811028,Matched,Intersection,34552.0,37TH AVE S AND S HOLLY ST, ,,1,Property Damage Only Collision,Other,1,0,0,1,0,0,2018-10-08 00:00:00+00,10/8/2018 9:25:00 AM,At Intersection (intersection related),28,MOTOR VEHICLE RAN OFF ROAD - HIT FIXED OBJECT,,False,Raining,Wet,Daylight,,,,50.0,Fixed object,0,0,False,0
-122.303258042782,47.5850209399776,206066,305664,306944,3810749,Matched,Block,,RAINIER AVE S BETWEEN S PLUM ST AND 23RD AVE S, ,,1,Property Damage Only Collision,Angles,2,0,0,2,0,0,2018-09-27 00:00:00+00,9/27/2018 1:20:00 PM,Mid-Block (not related to intersection),14,"MOTOR VEHICLE STRUCK MOTOR VEHICLE, REAR END",,False,Unknown,Unknown,Daylight,,,,10.0,Entering at angle,0,0,False,0
-122.285452019937,47.5460584118894,206068,305663,306943,3810748,Matched,Intersection,485928.0,M L KING JR ER WAY S AND S GRAHAM ST, ,,1,Property Damage Only Collision,Sideswipe,2,0,0,2,0,0,2018-09-29 00:00:00+00,9/29/2018 3:00:00 AM,At Intersection (intersection related),14,"MOTOR VEHICLE STRUCK MOTOR VEHICLE, REAR END",True,False,Unknown,Unknown,Dark - Street Lights On,,,,11.0,From same direction - both going straight - both moving - sideswipe,0,0,False,0
-122.276707739111,47.5251925293443,206071,305662,306942,3810747,Matched,Block,,RENTON AVE S BETWEEN S CLOVERDALE ST AND S TRENTON ST,NEI,"Not Enough Information, or Insufficient Location Information",1,Property Damage Only Collision,Parked Car,2,0,0,2,0,0,2018-10-01 00:00:00+00,10/1/2018 7:33:00 PM,,0,NOT ENOUGH INFORMATION / NOT APPLICABLE,,False,Raining,Wet,Dark - Street Lights On,,,,32.0,One parked--one moving,0,0,False,0
-122.31139964697,47.7339364965003,206073,305830,307110,E851648,Matched,Block,,NE 145TH ST BETWEEN 15TH AVE NE AND 17TH AVE NE, ,,1,Property Damage Only Collision,Other,2,0,0,2,0,0,2018-10-18 00:00:00+00,10/18/2018 5:37:00 PM,Mid-Block (not related to intersection),11,"MOTOR VEHICLE STRUCK MOTOR VEHICLE, FRONT END AT ANGLE",,False,Clear or Partly Cloudy,Dry,Daylight,,,,23.0,From same direction - all others,0,0,False,0
-122.29158114486,47.6213218073924,206074,305661,306941,3810746,Matched,Block,,E THOMAS ST BETWEEN 31ST E AVE E AND 32ND AVE E,NEI,"Not Enough Information, or Insufficient Location Information",1,Property Damage Only Collision,Parked Car,2,0,0,2,0,0,2018-09-29 00:00:00+00,9/29/2018 12:15:00 AM,,0,NOT ENOUGH INFORMATION / NOT APPLICABLE,,False,Unknown,Unknown,Unknown,,,,32.0,One parked--one moving,0,0,True,0
-122.298050652203,47.5883118320491,206076,305829,307109,E850945,Matched,Intersection,31402.0,M L KING JR WAY S AND S MASSACHUSETTS ST, ,,1,Property Damage Only Collision,Angles,3,0,0,3,0,0,2018-09-25 00:00:00+00,9/25/2018 11:35:00 AM,At Intersection (intersection related),11,"MOTOR VEHICLE STRUCK MOTOR VEHICLE, FRONT END AT ANGLE",True,False,Clear or Partly Cloudy,Dry,Daylight,,,,10.0,Entering at angle,0,0,False,0
-122.33027463072,47.6149524721557,206077,305528,306808,3789028,Matched,Block,,BOREN AVE BETWEEN PINE ST AND OLIVE WAY, ,,2,Injury Collision,Rear Ended,2,0,0,2,1,0,2018-10-07 00:00:00+00,10/7/2018 8:18:00 PM,Mid-Block (not related to intersection),14,"MOTOR VEHICLE STRUCK MOTOR VEHICLE, REAR END",True,True,Raining,Wet,Dark - Street Lights On,,,,14.0,From same direction - both going straight - one stopped - rear-end,0,0,False,0
-122.294697662527,47.7201838034332,206078,305828,307108,E851647,Matched,Block,,LAKE CITY WAY NE BETWEEN NE 125TH ST AND NE 127TH ST, ,,2,Injury Collision,Rear Ended,2,0,0,2,1,0,2018-10-18 00:00:00+00,10/18/2018 3:00:00 PM,Mid-Block (not related to intersection),14,"MOTOR VEHICLE STRUCK MOTOR VEHICLE, REAR END",,False,Clear or Partly Cloudy,Dry,Daylight,,,,14.0,From same direction - both going straight - one stopped - rear-end,0,0,False,0
-122.262181843477,47.5201904609781,206079,305527,306807,3756145,Matched,Block,,RAINIER AVE S BETWEEN SEWARD PARK AVE S AND 57TH AVE S, ,,2,Injury Collision,Parked Car,3,0,0,3,1,0,2018-10-04 00:00:00+00,10/4/2018 11:46:00 PM,Mid-Block (not related to intersection),14,"MOTOR VEHICLE STRUCK MOTOR VEHICLE, REAR END",,True,Clear or Partly Cloudy,Dry,Dark - Street Lights On,,,True,32.0,One parked--one moving,0,0,False,0
-122.294005642662,47.5729186042637,206080,305526,306806,3756144,Matched,Intersection,32416.0,RAINIER AVE S AND S WALDEN ST, ,,2b,Serious Injury Collision,Pedestrian,2,1,0,1,1,0,2018-10-04 00:00:00+00,10/4/2018 10:24:00 AM,At Intersection (but not related to intersection),24,MOTOR VEHCILE STRUCK PEDESTRIAN,,False,Clear or Partly Cloudy,Dry,Daylight,,,,0.0,Vehicle going straight hits pedestrian,0,0,False,1
-122.362029850175,47.6686479185025,206081,305827,307107,3751411,Matched,Block,,NW 55TH ST BETWEEN 4TH AVE NW AND NW MARKET ST, ,,2,Injury Collision,Other,3,0,0,2,1,0,2018-10-15 00:00:00+00,10/15/2018 7:53:00 PM,Mid-Block (not related to intersection),11,"MOTOR VEHICLE STRUCK MOTOR VEHICLE, FRONT END AT ANGLE",,False,Clear or Partly Cloudy,Dry,Dark - Street Lights On,,,,52.0,Vehicle overturned,0,0,False,0
-122.343907250484,47.5716320016492,206082,305525,306805,3756143,Matched,Block,,WEST SEATTLE BRIDGE TRL BETWEEN EAST MARGINAL WAY S AND SW SPOKANE NR ST, ,,1,Property Damage Only Collision,Rear Ended,2,0,0,2,0,0,2018-10-03 00:00:00+00,10/3/2018 6:30:00 AM,Mid-Block (not related to intersection),14,"MOTOR VEHICLE STRUCK MOTOR VEHICLE, REAR END",True,False,Overcast,Dry,Dawn,,,,14.0,From same direction - both going straight - one stopped - rear-end,0,0,False,0
-122.412010496002,47.5717438894664,206084,305826,307106,3573210,Matched,Block,,BEACH DR SW BETWEEN SW SPOKANE ST AND 61ST AVE SW, ,,1,Property Damage Only Collision,Parked Car,2,0,0,2,0,0,2018-10-16 00:00:00+00,10/16/2018 3:04:00 PM,Mid-Block (not related to intersection),11,"MOTOR VEHICLE STRUCK MOTOR VEHICLE, FRONT END AT ANGLE",,False,Clear or Partly Cloudy,Dry,Daylight,,,,32.0,One parked--one moving,0,0,True,0
-122.321393190866,47.5858537954943,206085,305524,306804,3756141,Matched,Intersection,338111.0,AIRPORT WAY S AND S HOLGATE SR ST, ,,2,Injury Collision,Left Turn,2,0,0,2,1,0,2018-10-02 00:00:00+00,10/2/2018 10:33:00 AM,At Intersection (intersection related),11,"MOTOR VEHICLE STRUCK MOTOR VEHICLE, FRONT END AT ANGLE",,False,Clear or Partly Cloudy,Dry,Daylight,,,,28.0,From opposite direction - one left turn - one straight,0,0,False,0
-122.327887337898,47.6161723689998,206086,305825,307105,3386425,Matched,Block,,MELROSE AVE BETWEEN YALE AVE AND OLIVE WAY, ,,1,Property Damage Only Collision,Rear Ended,2,0,0,2,0,0,2018-10-16 00:00:00+00,10/16/2018 11:57:00 PM,Mid-Block (but intersection related),14,"MOTOR VEHICLE STRUCK MOTOR VEHICLE, REAR END",,False,Clear or Partly Cloudy,Dry,Dark - Street Lights On,,,,14.0,From same direction - both going straight - one stopped - rear-end,0,0,False,0
-122.317447528785,47.6062045014434,206087,305824,307104,3386423,Matched,Block,,E JEFFERSON ST BETWEEN 11TH AVE AND 12TH AVE, ,,1,Property Damage Only Collision,Parked Car,2,0,0,2,0,0,2018-10-16 00:00:00+00,10/16/2018 1:17:00 PM,Mid-Block (not related to intersection),14,"MOTOR VEHICLE STRUCK MOTOR VEHICLE, REAR END",,False,Clear or Partly Cloudy,Dry,Daylight,,,,32.0,One parked--one moving,0,0,True,0
-122.331313653854,47.7086459248007,206090,305823,307103,E851561,Matched,Intersection,36585.0,CORLISS AVE N AND N NORTHGATE WAY, ,,1,Property Damage Only Collision,Rear Ended,4,0,0,2,0,0,2018-10-21 00:00:00+00,10/21/2018 3:28:00 PM,At Intersection (intersection related),14,"MOTOR VEHICLE STRUCK MOTOR VEHICLE, REAR END",,False,Clear or Partly Cloudy,Dry,Daylight,,,,14.0,From same direction - both going straight - one stopped - rear-end,0,0,False,0
-122.333937583279,47.7054885756564,206092,305521,306801,3754367,Matched,Block,,MERIDIAN AVE N BETWEEN N 105TH ST AND N 106TH ST, ,,1,Property Damage Only Collision,Pedestrian,2,1,0,1,0,0,2018-10-05 00:00:00+00,10/5/2018 4:53:00 PM,Mid-Block (not related to intersection),24,MOTOR VEHCILE STRUCK PEDESTRIAN,True,False,Raining,Wet,Daylight,,,,2.0,Vehicle turning left hits pedestrian,0,0,False,0
-122.290315272529,47.5866416685102,206094,305669,306949,3755963,Matched,Block,,LAKE WASHINGTON BLVD S BETWEEN S MASSACHUSETTS ST AND LAKESIDE AVE S, ,,1,Property Damage Only Collision,Other,1,0,0,1,0,0,2018-10-12 00:00:00+00,10/12/2018 10:21:00 AM,Mid-Block (not related to intersection),28,MOTOR VEHICLE RAN OFF ROAD - HIT FIXED OBJECT,,False,Clear or Partly Cloudy,Dry,Unknown,,,,50.0,Fixed object,0,0,False,0
-122.292045231532,47.6909246643694,206095,305668,306948,3753970,Matched,Block,,NE 86TH ST BETWEEN 32ND AVE NE AND 35TH AVE NE, ,,1,Property Damage Only Collision,Parked Car,2,0,0,2,0,0,2018-10-13 00:00:00+00,10/13/2018 8:53:00 PM,Driveway Junction,11,"MOTOR VEHICLE STRUCK MOTOR VEHICLE, FRONT END AT ANGLE",,True,Clear or Partly Cloudy,Dry,Dark - Street Lights On,,,,32.0,One parked--one moving,0,0,False,0
-122.326373798211,47.5958372733757,206096,305520,306800,3753819,Matched,Intersection,30542.0,6TH AVE S AND S DEARBORN ST, ,,1,Property Damage Only Collision,Rear Ended,3,0,0,2,0,0,2018-10-07 00:00:00+00,10/7/2018 9:25:00 AM,At Intersection (but not related to intersection),14,"MOTOR VEHICLE STRUCK MOTOR VEHICLE, REAR END",,False,Raining,Wet,Daylight,,,,14.0,From same direction - both going straight - one stopped - rear-end,0,0,False,0
-122.292311405474,47.7301139439926,206098,305667,306947,3746650,Matched,Intersection,36007.0,LAKE CITY WAY NE AND NE 140TH ST, ,,1,Property Damage Only Collision,Sideswipe,2,0,0,2,0,0,2018-10-11 00:00:00+00,10/11/2018 4:21:00 PM,At Intersection (intersection related),11,"MOTOR VEHICLE STRUCK MOTOR VEHICLE, FRONT END AT ANGLE",,False,Clear or Partly Cloudy,Dry,Daylight,,,,11.0,From same direction - both going straight - both moving - sideswipe,0,0,False,0
-122.307504816476,47.6128982681362,206099,305344,306624,E847477,Matched,Intersection,30145.0,19TH AVE AND E UNION ST, ,,1,Property Damage Only Collision,Angles,3,0,0,2,0,0,2018-10-08 00:00:00+00,10/8/2018 12:16:00 PM,At Intersection (intersection related),11,"MOTOR VEHICLE STRUCK MOTOR VEHICLE, FRONT END AT ANGLE",,False,Raining,Wet,Daylight,,,,10.0,Entering at angle,0,0,False,0
-122.371437943218,47.542836076431,206101,305666,306946,3745695,Matched,Block,,SW HOLLY ST BETWEEN SYLVAN WAY SW AND 31ST AVE SW, ,,1,Property Damage Only Collision,Other,2,0,0,2,0,0,2018-10-12 00:00:00+00,10/12/2018 1:55:00 PM,Mid-Block (but intersection related),11,"MOTOR VEHICLE STRUCK MOTOR VEHICLE, FRONT END AT ANGLE",,False,Clear or Partly Cloudy,Dry,Daylight,,,,23.0,From same direction - all others,0,0,False,0
-122.374782718673,47.6906178514369,206105,306661,307941,3810403,Matched,Block,,NW 85TH ST BETWEEN 14TH AVE NW AND MARY AVE NW, ,,1,Property Damage Only Collision,Parked Car,2,0,0,2,0,0,2018-11-09 00:00:00+00,11/9/2018 12:49:00 PM,Mid-Block (not related to intersection),11,"MOTOR VEHICLE STRUCK MOTOR VEHICLE, FRONT END AT ANGLE",True,False,Raining,Wet,Daylight,,,,20.0,One car leaving parked position,0,0,False,0
-122.312586633561,47.7166949004984,206108,306660,307940,3809828,Matched,Block,,15TH AVE NE BETWEEN NE 120TH ST AND NE 123RD ST, ,,1,Property Damage Only Collision,Parked Car,2,0,0,2,0,0,2018-11-12 00:00:00+00,11/12/2018 2:30:00 AM,Mid-Block (not related to intersection),11,"MOTOR VEHICLE STRUCK MOTOR VEHICLE, FRONT END AT ANGLE",,False,Clear or Partly Cloudy,Dry,Dark - Street Lights On,,,,32.0,One parked--one moving,0,0,True,0
-122.298789344222,47.551688789649,206109,306666,307946,3811154,Matched,Block,,26TH AVE S BETWEEN S LUCILE ST AND S ORCAS ST, ,,1,Property Damage Only Collision,Parked Car,2,0,0,2,0,0,2018-11-09 00:00:00+00,11/9/2018 2:33:00 AM,Mid-Block (not related to intersection),14,"MOTOR VEHICLE STRUCK MOTOR VEHICLE, REAR END",,False,Fog/Smog/Smoke,Wet,Dark - Street Lights Off,,,,32.0,One parked--one moving,0,0,True,0
-122.313276563234,47.655669322219,206111,306524,307804,E844445,Matched,Block,,UNIVERSITY WAY NE BETWEEN NE 40TH ST AND NE CAMPUS EB PY, ,,1,Property Damage Only Collision,Parked Car,2,0,0,2,0,0,2018-10-01 00:00:00+00,10/1/2018 3:37:00 PM,Mid-Block (not related to intersection),0,NOT ENOUGH INFORMATION / NOT APPLICABLE,,False,Raining,Wet,Daylight,,,,32.0,One parked--one moving,0,0,True,0
-122.305693525816,47.6957509913533,206112,306523,307803,E844444,Matched,Intersection,37744.0,LAKE CITY WAY NE AND NE 92ND ST, ,,1,Property Damage Only Collision,Left Turn,2,0,0,2,0,0,2018-10-01 00:00:00+00,10/1/2018 12:26:00 PM,At Intersection (intersection related),11,"MOTOR VEHICLE STRUCK MOTOR VEHICLE, FRONT END AT ANGLE",,False,Raining,Wet,Daylight,,,,28.0,From opposite direction - one left turn - one straight,0,0,False,0
-122.30074266641,47.6274231051577,206113,306342,307622,E855208,Matched,Block,,E WARD ST BETWEEN 24TH AVE E AND 25TH AVE E, ,,1,Property Damage Only Collision,Parked Car,2,0,0,2,0,0,2018-10-31 00:00:00+00,10/31/2018 7:40:00 AM,Mid-Block (not related to intersection),0,NOT ENOUGH INFORMATION / NOT APPLICABLE,,False,Unknown,Unknown,Unknown,,,,32.0,One parked--one moving,0,0,True,0
-122.293553744741,47.5662155691078,206114,306665,307945,3811153,Matched,Block,,S DAKOTA ST BETWEEN 30TH E AVE S AND RENTON AVE S, ,,1,Property Damage Only Collision,Other,1,0,0,1,0,0,2018-11-08 00:00:00+00,11/8/2018 10:12:00 PM,Mid-Block (not related to intersection),28,MOTOR VEHICLE RAN OFF ROAD - HIT FIXED OBJECT,,True,Clear or Partly Cloudy,Dry,Dark - Street Lights On,,,,50.0,Fixed object,0,0,False,0
-122.302329437492,47.6549938837481,206115,306522,307802,E844443,Matched,Block,,MONTLAKE BLVD NE BETWEEN NE PACIFIC PL AND 25TH AVE NE, ,,1,Property Damage Only Collision,Sideswipe,2,0,0,2,0,0,2018-10-01 00:00:00+00,10/1/2018 11:41:00 AM,Mid-Block (not related to intersection),16,"MOTOR VEHICLE STRUCK MOTOR VEHICLE, LEFT SIDE SIDESWIPE",True,False,Overcast,Wet,Daylight,,,,11.0,From same direction - both going straight - both moving - sideswipe,0,0,False,0
-122.327864032853,47.6177820472749,206116,306341,307621,E855189,Matched,Block,,MELROSE AVE BETWEEN E OLIVE PL AND E DENNY WAY, ,,1,Property Damage Only Collision,Parked Car,2,0,0,2,0,0,2018-10-29 00:00:00+00,10/29/2018 5:00:00 PM,Mid-Block (not related to intersection),16,"MOTOR VEHICLE STRUCK MOTOR VEHICLE, LEFT SIDE SIDESWIPE",,False,Unknown,Unknown,Unknown,,,,32.0,One parked--one moving,0,0,False,0
-122.311527352821,47.6525248743714,206117,306521,307801,E844442,Matched,Block,,NE PACIFIC ST BETWEEN 15TH AVE NE AND XW 17 AVNE, ,,1,Property Damage Only Collision,Other,3,0,0,2,0,0,2018-09-26 00:00:00+00,9/26/2018 12:01:00 PM,Mid-Block (not related to intersection),11,"MOTOR VEHICLE STRUCK MOTOR VEHICLE, FRONT END AT ANGLE",,False,Clear or Partly Cloudy,Dry,Daylight,,,,23.0,From same direction - all others,0,0,False,0
-122.350541601471,47.6145847640562,206121,306520,307800,E856613,Matched,Intersection,29692.0,VINE ST AND WESTERN AVE, ,,1,Property Damage Only Collision,Angles,2,0,0,2,0,0,2018-10-29 00:00:00+00,10/29/2018 10:57:00 AM,At Intersection (intersection related),11,"MOTOR VEHICLE STRUCK MOTOR VEHICLE, FRONT END AT ANGLE",,False,Raining,Wet,Daylight,,,,10.0,Entering at angle,0,0,False,0
-122.290224289353,47.6275177495679,206122,306179,307459,E854333,Matched,Block,,E MADISON ST BETWEEN 32ND AVE E AND 33RD AVE E, ,,1,Property Damage Only Collision,Angles,2,0,0,2,0,0,2018-10-05 00:00:00+00,10/5/2018 3:52:00 PM,Mid-Block (but intersection related),11,"MOTOR VEHICLE STRUCK MOTOR VEHICLE, FRONT END AT ANGLE",,False,Raining,Wet,Daylight,,,,10.0,Entering at angle,0,0,False,0
-122.334199284487,47.582938394777,206123,306664,307944,3811109,Matched,Block,,1ST AVE S BETWEEN S WALKER ST AND S STACY ST, ,,1,Property Damage Only Collision,Sideswipe,3,0,0,3,0,0,2018-11-09 00:00:00+00,11/9/2018 7:05:00 AM,Mid-Block (not related to intersection),16,"MOTOR VEHICLE STRUCK MOTOR VEHICLE, LEFT SIDE SIDESWIPE",,False,Overcast,Dry,Daylight,,,,11.0,From same direction - both going straight - both moving - sideswipe,0,0,True,0
-122.372761482842,47.6383654685091,206124,306519,307799,E856609,Matched,Intersection,27935.0,12TH AVE W AND GILMAN DR W, ,,2,Injury Collision,Pedestrian,2,0,1,1,1,0,2018-10-18 00:00:00+00,10/18/2018 1:54:00 PM,At Intersection (intersection related),51,PEDALCYCLIST STRUCK MOTOR VEHICLE FRONT END AT ANGLE,,False,Clear or Partly Cloudy,Dry,Daylight,,,,5.0,Vehicle Strikes Pedalcyclist,0,0,False,0
-122.304404251257,47.6670006771946,206125,306178,307457,3328019,Matched,Block,,22ND AVE NE BETWEEN NE 52ND ST AND 22ND WR AVE NE, ,,1,Property Damage Only Collision,Parked Car,2,0,0,2,0,0,2018-10-31 00:00:00+00,10/31/2018 11:42:00 PM,Mid-Block (not related to intersection),11,"MOTOR VEHICLE STRUCK MOTOR VEHICLE, FRONT END AT ANGLE",,False,Overcast,Wet,Dark - Street Lights On,,,,32.0,One parked--one moving,0,0,True,0
-122.29028647535,47.5461181168669,206127,306516,307796,E856388,Matched,Intersection,33644.0,33RD AVE S AND S GRAHAM ST, ,,2,Injury Collision,Angles,4,0,0,2,3,0,2018-11-01 00:00:00+00,11/1/2018 12:57:00 PM,At Intersection (intersection related),11,"MOTOR VEHICLE STRUCK MOTOR VEHICLE, FRONT END AT ANGLE",,False,Overcast,Wet,Daylight,,,,10.0,Entering at angle,0,0,False,0
-122.334792923541,47.5491918832386,206128,306667,307947,3811177,Matched,Block,,EAST MARGINAL WAY S BETWEEN S FIDALGO ST AND 1ST AVE S, ,,1,Property Damage Only Collision,Right Turn,2,0,0,2,0,0,2018-11-09 00:00:00+00,11/9/2018 8:57:00 PM,Mid-Block (not related to intersection),11,"MOTOR VEHICLE STRUCK MOTOR VEHICLE, FRONT END AT ANGLE",True,False,Clear or Partly Cloudy,Dry,Dark - Street Lights On,,,,16.0,From same direction - one right turn - one straight,0,0,False,0