longitude,latitude,objectid,inckey,coldetkey,reportno,status,addrtype,intkey,location,exceptrsncode,exceptrsndesc,severitycode,severitydesc,collisiontype,personcount,pedcount,pedcylcount,vehcount,injuries,fatalities,incdate,incdttm,junctiontype,sdot_colcode,sdot_coldesc,inattentionind,underinfl,weather,roadcond,lightcond,pedrownotgrnt,sdotcolnum,speeding,st_colcode,st_coldesc,seglanekey,crosswalkkey,hitparkedcar,seriousinjuries
-122.334205838808,47.5698902847499,206129,306177,307458,E854064,Matched,Block,,1ST AVE S BETWEEN S SPOKANE SR ST AND S ANDOVER ST, ,,1,Property Damage Only Collision,Rear Ended,2,0,0,2,0,0,2018-10-25 00:00:00+00,10/25/2018 9:53:00 PM,Mid-Block (but intersection related),14,"MOTOR VEHICLE STRUCK MOTOR VEHICLE, REAR END",True,False,Raining,Wet,Dark - Street Lights On,,,,14.0,From same direction - both going straight - one stopped - rear-end,0,0,False,0
-122.32348350211,47.7340529814808,206130,306515,307795,E844087,Matched,Intersection,35853.0,5TH AVE NE AND NE 145TH ST, ,,2,Injury Collision,Left Turn,3,0,0,2,2,0,2018-10-01 00:00:00+00,10/1/2018 7:49:00 PM,At Intersection (intersection related),11,"MOTOR VEHICLE STRUCK MOTOR VEHICLE, FRONT END AT ANGLE",,False,Raining,Wet,Dark - Street Lights On,,,,15.0,From same direction - one left turn - one straight,0,0,False,0
-122.314137255457,47.5992100867719,206131,306157,307437,3811911,Matched,Intersection,30428.0,BOREN AVE S AND RAINIER AVE S, ,,1,Property Damage Only Collision,Rear Ended,2,0,0,2,0,0,2018-10-30 00:00:00+00,10/30/2018 5:59:00 AM,At Intersection (intersection related),14,"MOTOR VEHICLE STRUCK MOTOR VEHICLE, REAR END",,False,Clear or Partly Cloudy,Dry,Dark - Street Lights On,,,,84.0,Same direction -- both turning left -- one stopped -- rear end,0,0,False,0
-122.343599693465,47.6262676398013,206132,306156,307436,3811909,Matched,Intersection,28737.0,AURORA AVE N AND VALLEY ST, ,,1,Property Damage Only Collision,Sideswipe,3,0,0,2,0,0,2018-10-29 00:00:00+00,10/29/2018 4:05:00 PM,At Intersection (intersection related),11,"MOTOR VEHICLE STRUCK MOTOR VEHICLE, FRONT END AT ANGLE",,False,Overcast,Dry,Daylight,,,,71.0,Same direction -- both turning right -- both moving -- sideswipe,0,0,False,0
-122.268209240808,47.5377809249604,206133,306663,307943,3811047,Matched,Block,,ORCHARD PL S BETWEEN S ORCHARD S ST AND S GARDEN ST, ,,1,Property Damage Only Collision,Parked Car,5,0,0,5,0,0,2018-10-26 00:00:00+00,10/26/2018 10:41:00 PM,Mid-Block (not related to intersection),14,"MOTOR VEHICLE STRUCK MOTOR VEHICLE, REAR END",,False,Overcast,Dry,Dark - Street Lights On,,,,32.0,One parked--one moving,0,0,True,0
-122.333152641342,47.6130639349122,206138,306151,307431,3811877,Matched,Intersection,29882.0,8TH AVE AND PINE ST, ,,2,Injury Collision,Pedestrian,2,1,0,1,1,0,2018-10-31 00:00:00+00,10/31/2018 4:55:00 PM,At Intersection (intersection related),24,MOTOR VEHCILE STRUCK PEDESTRIAN,True,False,Clear or Partly Cloudy,Dry,Daylight,,,,2.0,Vehicle turning left hits pedestrian,0,523151,False,0
-122.334191161017,47.5982917153848,206140,306150,307430,3811853,Matched,Intersection,30368.0,1ST AVE S AND S KING ST, ,,1,Property Damage Only Collision,Angles,2,0,0,2,0,0,2018-10-27 00:00:00+00,10/27/2018 8:38:00 PM,At Intersection (intersection related),11,"MOTOR VEHICLE STRUCK MOTOR VEHICLE, FRONT END AT ANGLE",,False,Raining,Wet,Dark - Street Lights On,,,,10.0,Entering at angle,0,0,False,0
-122.292403053788,47.7328464994026,206141,306662,307942,3810483,Matched,Block,,LAKE CITY WAY NE BETWEEN NE 143RD ST AND NE 145TH ST, ,,1,Property Damage Only Collision,Rear Ended,2,0,0,2,0,0,2018-10-26 00:00:00+00,10/26/2018 10:40:00 PM,Mid-Block (not related to intersection),14,"MOTOR VEHICLE STRUCK MOTOR VEHICLE, REAR END",True,True,Clear or Partly Cloudy,Dry,Dark - Street Lights On,,,,14.0,From same direction - both going straight - one stopped - rear-end,0,0,False,0
-122.360691243901,47.6960452360823,206145,307001,308281,E862452,Matched,Intersection,37157.0,3RD AVE NW AND NW 92ND ST, ,,1,Property Damage Only Collision,Angles,3,0,0,2,0,0,2018-11-18 00:00:00+00,11/18/2018 12:13:00 PM,At Intersection (intersection related),11,"MOTOR VEHICLE STRUCK MOTOR VEHICLE, FRONT END AT ANGLE",,False,Clear or Partly Cloudy,Dry,Daylight,,,,10.0,Entering at angle,0,0,False,0
-122.382205672532,47.5811622825316,206146,307309,308589,3751237,Matched,Block,,SW ADMIRAL WAY BETWEEN 39TH AVE SW AND WALNUT AVE SW, ,,1,Property Damage Only Collision,Other,1,0,0,1,0,0,2018-11-04 00:00:00+00,11/4/2018 12:45:00 AM,Mid-Block (not related to intersection),26,MOTOR VEHICLE STRUCK OBJECT IN ROAD,,True,Overcast,Wet,Dark - Street Lights On,,,,50.0,Fixed object,0,0,False,0
-122.327680648798,47.5966567451235,206147,307315,308595,3812130,Matched,Block,,5TH AVE S BETWEEN S WELLER ST AND S DEARBORN ST, ,,1,Property Damage Only Collision,Rear Ended,3,0,0,2,0,0,2018-11-04 00:00:00+00,11/4/2018 12:06:00 PM,Mid-Block (but intersection related),14,"MOTOR VEHICLE STRUCK MOTOR VEHICLE, REAR END",,False,Overcast,Dry,Daylight,,,,74.0,Same direction -- both turning right -- one stopped -- rear end,0,0,False,0
-122.32375678449,47.597510885906,206148,307167,308447,3812402,Matched,Intersection,30526.0,7TH AVE S AND S WELLER ST, ,,2,Injury Collision,Angles,2,0,0,2,1,0,2018-11-25 00:00:00+00,11/25/2018 5:38:00 PM,At Intersection (intersection related),11,"MOTOR VEHICLE STRUCK MOTOR VEHICLE, FRONT END AT ANGLE",,False,Clear or Partly Cloudy,Dry,Dark - Street Lights On,,,,10.0,Entering at angle,0,0,False,0
-122.331313653854,47.7086459248007,206149,306999,308279,E862216,Matched,Intersection,36585.0,CORLISS AVE N AND N NORTHGATE WAY, ,,1,Property Damage Only Collision,Left Turn,2,0,0,2,0,0,2018-11-16 00:00:00+00,11/16/2018 10:02:00 AM,At Intersection (intersection related),11,"MOTOR VEHICLE STRUCK MOTOR VEHICLE, FRONT END AT ANGLE",True,False,Overcast,Wet,Daylight,,,,28.0,From opposite direction - one left turn - one straight,0,0,False,0
-122.339173571234,47.6137270692875,206150,307166,308446,3811925,Matched,Intersection,29549.0,5TH AVE AND VIRGINIA ST, ,,1,Property Damage Only Collision,Left Turn,4,0,0,2,0,0,2018-11-19 00:00:00+00,11/19/2018 9:45:00 PM,At Intersection (intersection related),11,"MOTOR VEHICLE STRUCK MOTOR VEHICLE, FRONT END AT ANGLE",True,False,Clear or Partly Cloudy,Dry,Dark - Street Lights On,,,,15.0,From same direction - one left turn - one straight,0,0,False,0
-122.354224267827,47.6155879413209,206151,306998,308278,E862213,Matched,Intersection,29680.0,BROAD ST AND ELLIOTT AVE, ,,2,Injury Collision,Sideswipe,3,0,0,2,1,0,2018-11-14 00:00:00+00,11/14/2018 8:34:00 AM,At Intersection (intersection related),11,"MOTOR VEHICLE STRUCK MOTOR VEHICLE, FRONT END AT ANGLE",,False,Raining,Wet,Daylight,,,,81.0,Same direction -- both turning left -- both moving -- sideswipe,0,0,False,0
-122.375276522617,47.5137238173453,206152,306997,308277,E862209,Matched,Intersection,38086.0,34TH AVE SW AND SW 100TH ST, ,,2,Injury Collision,Angles,3,0,0,2,3,0,2018-11-13 00:00:00+00,11/13/2018 7:44:00 AM,At Intersection (intersection related),11,"MOTOR VEHICLE STRUCK MOTOR VEHICLE, FRONT END AT ANGLE",,False,Clear or Partly Cloudy,Dry,Daylight,,,,10.0,Entering at angle,0,0,False,0
-122.299159659816,47.5796734628583,206153,307312,308592,3811151,Matched,Block,,RAINIER AVE S BETWEEN S BAYVIEW ST AND S MCCLELLAN ST, ,,1,Property Damage Only Collision,Sideswipe,2,0,0,2,0,0,2018-11-04 00:00:00+00,11/4/2018 8:12:00 PM,Mid-Block (not related to intersection),11,"MOTOR VEHICLE STRUCK MOTOR VEHICLE, FRONT END AT ANGLE",,False,Clear or Partly Cloudy,Dry,Dark - Street Lights On,,,,11.0,From same direction - both going straight - both moving - sideswipe,0,0,False,0
-122.317826668465,47.6565942108585,206154,307650,308930,3578644,Matched,Block,,ROOSEVELT WAY NE BETWEEN NE 40TH ALLEY ST AND NE 41ST ST, ,,1,Property Damage Only Collision,Rear Ended,2,0,0,2,0,0,2018-11-20 00:00:00+00,11/20/2018 8:16:00 AM,Mid-Block (not related to intersection),14,"MOTOR VEHICLE STRUCK MOTOR VEHICLE, REAR END",True,False,Clear or Partly Cloudy,Dry,Daylight,,,,14.0,From same direction - both going straight - one stopped - rear-end,0,0,False,0
-122.279859803017,47.634529366814,206155,307170,308450,3814412,Matched,Intersection,28490.0,E BLAINE ST AND E MADISON ST, ,,2,Injury Collision,Pedestrian,2,1,0,1,1,0,2018-11-20 00:00:00+00,11/20/2018 8:10:00 PM,At Intersection (intersection related),24,MOTOR VEHCILE STRUCK PEDESTRIAN,,False,Clear or Partly Cloudy,Dry,Dark - Street Lights On,,,,0.0,Vehicle going straight hits pedestrian,0,524081,False,0
-122.338446288396,47.6232091561448,206156,306996,308276,E862204,Matched,Intersection,28772.0,REPUBLICAN ST AND WESTLAKE AVE N, ,,2,Injury Collision,Pedestrian,2,0,1,1,1,0,2018-11-09 00:00:00+00,11/9/2018 9:04:00 AM,At Intersection (intersection related),18,"MOTOR VEHICLE STRUCK PEDALCYCLIST, FRONT END AT ANGLE",,False,Overcast,Dry,Daylight,True,,,5.0,Vehicle Strikes Pedalcyclist,0,622523,False,0
-122.376219913468,47.6636637218806,206157,307649,308929,3328024,Matched,Block,,NW LEARY WAY BETWEEN 15TH NB AVE NW AND 15TH SB AVE NW, ,,2,Injury Collision,Other,1,0,0,1,1,0,2018-11-21 00:00:00+00,11/21/2018 8:41:00 PM,Mid-Block (not related to intersection),28,MOTOR VEHICLE RAN OFF ROAD - HIT FIXED OBJECT,,True,Raining,Dry,Dark - Street Lights On,,,,50.0,Fixed object,0,0,False,0
-122.345097103859,47.734128428157,206158,306995,308275,E862203,Matched,Intersection,35704.0,AURORA AVE N AND N 145TH ST, ,,1,Property Damage Only Collision,Pedestrian,2,1,0,1,0,0,2018-11-06 00:00:00+00,11/6/2018 9:22:00 AM,At Intersection (intersection related),24,MOTOR VEHCILE STRUCK PEDESTRIAN,True,False,Clear or Partly Cloudy,Wet,Daylight,True,,,1.0,Vehicle turning right hits pedestrian,0,523876,False,0
-122.31085786144,47.6757824805051,206160,306994,308274,E862200,Matched,Intersection,24795.0,16TH AVE NE AND NE 65TH ST, ,,2,Injury Collision,Cycles,3,0,1,1,1,0,2018-11-02 00:00:00+00,11/2/2018 8:25:00 AM,At Intersection (intersection related),51,PEDALCYCLIST STRUCK MOTOR VEHICLE FRONT END AT ANGLE,True,False,Raining,Wet,Daylight,,,,6.0,Pedalcyclist Strikes Moving Vehicle,0,0,False,0
-122.302227525043,47.5971783823664,206161,307647,308927,3578592,Matched,Block,,23RD AVE S BETWEEN S KING ST AND S LANE ST, ,,1,Property Damage Only Collision,Other,1,0,0,1,0,0,2018-11-22 00:00:00+00,11/22/2018 12:10:00 AM,Mid-Block (not related to intersection),26,MOTOR VEHICLE STRUCK OBJECT IN ROAD,True,False,Raining,Wet,Dark - Street Lights On,,,,51.0,Other object,0,0,False,0
-122.270067925329,47.5095386542355,206162,306993,308273,E861722,Matched,Intersection,38312.0,51ST AVE S AND S RYAN WAY, ,,2,Injury Collision,Angles,3,0,0,2,1,0,2018-11-16 00:00:00+00,11/16/2018 6:40:00 PM,At Intersection (intersection related),11,"MOTOR VEHICLE STRUCK MOTOR VEHICLE, FRONT END AT ANGLE",,False,Clear or Partly Cloudy,Dry,Dark - Street Lights On,,,,10.0,Entering at angle,0,0,False,0
-122.386803951471,47.5602169818927,206163,307310,308590,3751239,Matched,Block,,CALIFORNIA AVE SW BETWEEN SW ALASKA ST AND ERSKINE WAY SW, ,,1,Property Damage Only Collision,Parked Car,2,0,0,2,0,0,2018-11-04 00:00:00+00,11/4/2018 9:05:00 PM,Mid-Block (not related to intersection),14,"MOTOR VEHICLE STRUCK MOTOR VEHICLE, REAR END",,False,Clear or Partly Cloudy,Dry,Dark - Street Lights On,,,,32.0,One parked--one moving,0,0,True,0
-122.329048659424,47.5933425292342,206164,307316,308596,3811863,Matched,Block,,4TH AVE S BETWEEN I90 WB 4TH AV OFF RP AND S ROYAL BROUGHAM WAY, ,,1,Property Damage Only Collision,Rear Ended,2,0,0,2,0,0,2018-11-04 00:00:00+00,11/4/2018 12:20:00 AM,Mid-Block (not related to intersection),14,"MOTOR VEHICLE STRUCK MOTOR VEHICLE, REAR END",True,False,Raining,Wet,Dark - Street Lights On,,,,14.0,From same direction - both going straight - one stopped - rear-end,0,0,False,0
-122.269990421078,47.5315824088859,206165,307504,308784,3811176,Matched,Intersection,34511.0,RAINIER AVE S AND S KENYON ST, ,,2,Injury Collision,Angles,2,0,0,2,1,0,2018-11-07 00:00:00+00,11/7/2018 9:30:00 PM,At Intersection (intersection related),11,"MOTOR VEHICLE STRUCK MOTOR VEHICLE, FRONT END AT ANGLE",,False,Clear or Partly Cloudy,Dry,Dark - Street Lights On,,,,10.0,Entering at angle,0,0,False,0
-122.360877255453,47.6508292071163,206166,307168,308448,3812426,Matched,Intersection,26688.0,3RD AVE W AND W NICKERSON ST, ,,1,Property Damage Only Collision,Other,1,0,0,1,0,0,2018-11-25 00:00:00+00,11/25/2018 11:06:00 PM,At Intersection (intersection related),28,MOTOR VEHICLE RAN OFF ROAD - HIT FIXED OBJECT,,True,Clear or Partly Cloudy,Dry,Dark - Street Lights On,,,,50.0,Fixed object,0,0,False,0
-122.289427168757,47.5542583905655,206167,306992,308272,E861691,Matched,Intersection,33594.0,M L KING JR ER WAY S AND S BENNETT ST, ,,2,Injury Collision,Pedestrian,2,1,0,1,1,0,2018-11-01 00:00:00+00,11/1/2018 7:02:00 PM,At Intersection (intersection related),24,MOTOR VEHCILE STRUCK PEDESTRIAN,,False,Clear or Partly Cloudy,Dry,Dark - No Street Lights,,,,1.0,Vehicle turning right hits pedestrian,0,524861,False,0
-122.356479893663,47.520115604208,206168,307503,308783,3751245,Matched,Block,,17TH AVE SW BETWEEN SW BARTON ST AND SW CAMBRIDGE ST, ,,1,Property Damage Only Collision,Parked Car,2,0,0,2,0,0,2018-11-07 00:00:00+00,11/7/2018 4:30:00 PM,Mid-Block (not related to intersection),11,"MOTOR VEHICLE STRUCK MOTOR VEHICLE, FRONT END AT ANGLE",,False,Clear or Partly Cloudy,Dry,Daylight,,,,32.0,One parked--one moving,0,0,True,0
-122.379285449846,47.5628722777635,206169,307502,308782,3742552,Matched,Intersection,31926.0,FAUNTLEROY WAY SW AND SW OREGON ST, ,,1,Property Damage Only Collision,Angles,2,0,0,2,0,0,2018-11-08 00:00:00+00,11/8/2018 6:04:00 AM,At Intersection (intersection related),11,"MOTOR VEHICLE STRUCK MOTOR VEHICLE, FRONT END AT ANGLE",,False,Unknown,Wet,Dark - Street Lights On,,,,10.0,Entering at angle,0,0,False,0
-122.292863522775,47.6612433055686,206170,307164,308444,E861242,Matched,Intersection,25966.0,NE 45TH PL AND NE 45TH ST, ,,1,Property Damage Only Collision,Angles,2,0,0,2,0,0,2018-11-15 00:00:00+00,11/15/2018 5:04:00 AM,At Intersection (intersection related),11,"MOTOR VEHICLE STRUCK MOTOR VEHICLE, FRONT END AT ANGLE",,False,Overcast,Wet,Dark - Street Lights On,,,,10.0,Entering at angle,0,0,False,0
-122.266872417226,47.5335740359148,206172,307499,308779,3811182,Matched,Block,,SEWARD PARK AVE S BETWEEN S FONTANELLE PL AND S KENYON ST, ,,2,Injury Collision,Rear Ended,3,0,0,2,3,0,2018-11-14 00:00:00+00,11/14/2018 8:09:00 AM,Mid-Block (not related to intersection),14,"MOTOR VEHICLE STRUCK MOTOR VEHICLE, REAR END",,False,Overcast,Wet,Dusk,,,,13.0,From same direction - both going straight - both moving - rear-end,0,0,False,0
-122.315682075427,47.5991995193652,206175,307314,308594,3814478,Matched,Block,,S JACKSON ST BETWEEN 12TH AVE S AND 14TH AVE S, ,,1,Property Damage Only Collision,Sideswipe,3,0,0,2,0,0,2018-11-04 00:00:00+00,11/4/2018 2:51:00 PM,Mid-Block (not related to intersection),14,"MOTOR VEHICLE STRUCK MOTOR VEHICLE, REAR END",,True,Overcast,Dry,Other,,,,11.0,From same direction - both going straight - both moving - sideswipe,0,0,False,0
-122.350002852102,47.6650407494226,206534,306008,307288,3810482,Matched,Intersection,25655.0,FREMONT AVE N AND N 50TH ST, ,,1,Property Damage Only Collision,Other,1,0,0,1,0,0,2018-10-24 00:00:00+00,10/24/2018 3:01:00 AM,At Intersection (intersection related),26,MOTOR VEHICLE STRUCK OBJECT IN ROAD,,True,Overcast,Dry,Dark - Street Lights On,,,,50.0,Fixed object,0,0,False,0
-122.342920296359,47.6642912169139,206176,307498,308778,3810452,Matched,Block,,N 49TH ST BETWEEN MIDVALE AVE N AND STONE AVE N, ,,1,Property Damage Only Collision,Parked Car,2,0,0,2,0,0,2018-11-03 00:00:00+00,11/3/2018 12:00:00 PM,Mid-Block (not related to intersection),14,"MOTOR VEHICLE STRUCK MOTOR VEHICLE, REAR END",,False,Unknown,Unknown,Unknown,,,,32.0,One parked--one moving,0,0,True,0
-122.316483190109,47.6004052563814,206178,307308,308588,3814477,Matched,Block,,BOREN AVE S BETWEEN 12TH AVE S AND S MAIN ST, ,,1,Property Damage Only Collision,Rear Ended,2,0,0,2,0,0,2018-11-04 00:00:00+00,11/4/2018 1:30:00 AM,Mid-Block (not related to intersection),14,"MOTOR VEHICLE STRUCK MOTOR VEHICLE, REAR END",,True,Raining,Wet,Dark - Street Lights On,,,,14.0,From same direction - both going straight - one stopped - rear-end,0,0,False,0
-122.303247753843,47.6080100245779,206182,307496,308776,3811128,Matched,Block,,E CHERRY ST BETWEEN 22ND AVE AND 23RD AVE, ,,1,Property Damage Only Collision,Rear Ended,2,0,0,2,0,0,2018-11-05 00:00:00+00,11/5/2018 7:15:00 PM,Mid-Block (but intersection related),14,"MOTOR VEHICLE STRUCK MOTOR VEHICLE, REAR END",True,False,Unknown,Dry,Dark - Street Lights On,,,,14.0,From same direction - both going straight - one stopped - rear-end,0,0,False,0
-122.354496657068,47.6477714280743,206184,307494,308774,E866058,Matched,Intersection,27045.0,ETRURIA ST AND WARREN AVE N, ,,1,Property Damage Only Collision,Angles,3,0,0,2,0,0,2018-11-26 00:00:00+00,11/26/2018 10:37:00 AM,At Intersection (intersection related),11,"MOTOR VEHICLE STRUCK MOTOR VEHICLE, FRONT END AT ANGLE",,False,Raining,Wet,Daylight,,,True,10.0,Entering at angle,0,0,False,0
-122.344834272864,47.7135479791056,206185,307311,308591,3751066,Matched,Block,,AURORA AVE N BETWEEN N 115TH ST AND N 117TH PL, ,,1,Property Damage Only Collision,Rear Ended,2,0,0,2,0,0,2018-11-04 00:00:00+00,11/4/2018 9:03:00 PM,Mid-Block (but intersection related),14,"MOTOR VEHICLE STRUCK MOTOR VEHICLE, REAR END",True,False,Clear or Partly Cloudy,Wet,Dark - Street Lights On,,,,14.0,From same direction - both going straight - one stopped - rear-end,0,0,False,0
-122.334124767536,47.5426690788281,206186,307495,308775,3811386,Matched,Block,,1ST AV S BR NB BETWEEN POINT B AND POINT A, ,,1,Property Damage Only Collision,Rear Ended,2,0,0,2,0,0,2018-11-04 00:00:00+00,11/4/2018 9:44:00 AM,Mid-Block (not related to intersection),14,"MOTOR VEHICLE STRUCK MOTOR VEHICLE, REAR END",,False,Overcast,Wet,Daylight,,,,13.0,From same direction - both going straight - both moving - rear-end,0,0,False,0
-122.306245548297,47.6129096210746,206187,307169,308449,3814390,Matched,Intersection,30146.0,20TH AVE AND E UNION ST, ,,2,Injury Collision,Pedestrian,2,0,1,1,1,0,2018-11-26 00:00:00+00,11/26/2018 8:23:00 PM,At Intersection (intersection related),18,"MOTOR VEHICLE STRUCK PEDALCYCLIST, FRONT END AT ANGLE",True,False,Raining,Wet,Dark - Street Lights On,,,,5.0,Vehicle Strikes Pedalcyclist,0,0,False,0
-122.3632397385,47.6246073519855,206189,307162,308442,3811237,Matched,Intersection,28637.0,5TH AVE W AND W MERCER ST, ,,1,Property Damage Only Collision,Other,1,0,0,1,0,0,2018-11-26 00:00:00+00,11/26/2018 7:02:00 PM,At Intersection (intersection related),26,MOTOR VEHICLE STRUCK OBJECT IN ROAD,,False,Raining,Wet,Dark - Street Lights On,,,,50.0,Fixed object,0,0,False,0
-122.359260174813,47.6192685541456,206190,305347,306627,E847495,Matched,Block,,ELLIOTT AVE W BETWEEN W DENNY WAY AND ELLIOTT ER AVE W, ,,1,Property Damage Only Collision,Parked Car,2,0,0,2,0,0,2018-10-09 00:00:00+00,10/9/2018 1:24:00 PM,Mid-Block (not related to intersection),11,"MOTOR VEHICLE STRUCK MOTOR VEHICLE, FRONT END AT ANGLE",True,False,Clear or Partly Cloudy,Dry,Daylight,,,,32.0,One parked--one moving,0,0,True,0
-122.343670762863,47.624856892357,206191,305536,306816,3811770,Matched,Block,,AURORA AVE N BETWEEN AURORA AV SB OFF RP AND ROY ST, ,,1,Property Damage Only Collision,Sideswipe,2,0,0,2,0,0,2018-10-05 00:00:00+00,10/5/2018 7:38:00 PM,Mid-Block (not related to intersection),11,"MOTOR VEHICLE STRUCK MOTOR VEHICLE, FRONT END AT ANGLE",,False,Raining,Wet,Dark - Street Lights On,True,,,11.0,From same direction - both going straight - both moving - sideswipe,0,0,False,0
-122.344651075424,47.7014299831499,206192,305832,307112,E851560,Matched,Intersection,37301.0,AURORA AVE N AND N 100TH ST, ,,2,Injury Collision,Left Turn,2,0,0,2,1,0,2018-10-21 00:00:00+00,10/21/2018 4:36:00 PM,At Intersection (intersection related),11,"MOTOR VEHICLE STRUCK MOTOR VEHICLE, FRONT END AT ANGLE",,False,Clear or Partly Cloudy,Dry,Daylight,,,,28.0,From opposite direction - one left turn - one straight,0,0,False,0
-122.305361379007,47.6957485843394,206193,305346,306626,E847494,Matched,Intersection,37743.0,RAVENNA AVE NE AND NE 92ND ST, ,,1,Property Damage Only Collision,Other,1,0,0,1,0,0,2018-09-28 00:00:00+00,9/28/2018 7:44:00 AM,At Intersection (intersection related),26,MOTOR VEHICLE STRUCK OBJECT IN ROAD,,False,Clear or Partly Cloudy,Dry,Daylight,,,,50.0,Fixed object,0,0,False,0
-122.356993523886,47.6329014246365,206194,305535,306815,3811767,Matched,Block,,QUEEN ANNE AVE N BETWEEN W GALER ST AND GARFIELD ST, ,,1,Property Damage Only Collision,Parked Car,2,0,0,2,0,0,2018-10-05 00:00:00+00,10/5/2018 2:40:00 PM,Mid-Block (not related to intersection),11,"MOTOR VEHICLE STRUCK MOTOR VEHICLE, FRONT END AT ANGLE",,False,Raining,Wet,Daylight,,,,32.0,One parked--one moving,0,0,True,0
-122.343679844092,47.6214756339104,206195,305674,306954,3811452,Matched,Block,,7TH AVE N BETWEEN THOMAS ST AND HARRISON ST, ,,2,Injury Collision,Rear Ended,5,0,0,3,1,0,2018-10-13 00:00:00+00,10/13/2018 9:57:00 PM,Mid-Block (not related to intersection),14,"MOTOR VEHICLE STRUCK MOTOR VEHICLE, REAR END",True,False,Clear or Partly Cloudy,Dry,Dark - Street Lights On,,,,14.0,From same direction - both going straight - one stopped - rear-end,0,0,False,0
-122.296850425675,47.6230295219321,206196,304479,305739,3814266,Matched,Block,,E MADISON ST BETWEEN 27TH N AVE E AND M L KING JR WAY E, ,,1,Property Damage Only Collision,Other,1,0,0,1,0,0,2018-09-21 00:00:00+00,9/21/2018 3:07:00 PM,Mid-Block (not related to intersection),26,MOTOR VEHICLE STRUCK OBJECT IN ROAD,,False,Clear or Partly Cloudy,Dry,Daylight,,,,50.0,Fixed object,0,0,False,0
-122.365964709735,47.651982477256,206197,305534,306814,3811547,Matched,Block,,W NICKERSON ST BETWEEN 6TH AVE W AND 8TH AVE W, ,,1,Property Damage Only Collision,Parked Car,2,0,0,2,0,0,2018-10-02 00:00:00+00,10/2/2018 4:27:00 PM,Mid-Block (not related to intersection),11,"MOTOR VEHICLE STRUCK MOTOR VEHICLE, FRONT END AT ANGLE",,False,Overcast,Dry,Daylight,,,,20.0,One car leaving parked position,0,0,False,0
-122.309516496592,47.612903433064,206198,305533,306813,3811442,Matched,Block,,E UNION ST BETWEEN 17TH AVE AND 18TH AVE, ,,1,Property Damage Only Collision,Sideswipe,3,0,0,2,0,0,2018-10-04 00:00:00+00,10/4/2018 7:47:00 PM,Mid-Block (not related to intersection),11,"MOTOR VEHICLE STRUCK MOTOR VEHICLE, FRONT END AT ANGLE",,False,Clear or Partly Cloudy,Dry,Dark - Street Lights On,,,,11.0,From same direction - both going straight - both moving - sideswipe,0,0,False,0
-122.307661516442,47.5996242689306,206199,304478,305738,3814236,Matched,Block,,19TH AVE S BETWEEN S MAIN ST AND S JACKSON ST, ,,2,Injury Collision,Parked Car,4,0,0,4,1,0,2018-09-20 00:00:00+00,9/20/2018 9:06:00 PM,Mid-Block (not related to intersection),14,"MOTOR VEHICLE STRUCK MOTOR VEHICLE, REAR END",,False,Clear or Partly Cloudy,Dry,Dark - Street Lights On,,,,32.0,One parked--one moving,0,0,True,0
-122.324680766925,47.6375054732659,206200,305673,306953,3811451,Matched,Block,,FRANKLIN AVE E BETWEEN E NEWTON ST AND E BOSTON ST, ,,1,Property Damage Only Collision,Parked Car,4,0,0,4,0,0,2018-10-13 00:00:00+00,10/13/2018 2:42:00 AM,Mid-Block (not related to intersection),14,"MOTOR VEHICLE STRUCK MOTOR VEHICLE, REAR END",,True,Clear or Partly Cloudy,Dry,Dark - Street Lights On,,,,32.0,One parked--one moving,0,0,True,0
-122.292911899039,47.5608011781276,206201,305532,306812,3811036,Matched,Block,,S ALASKA ST BETWEEN M L KING JR ER WAY S AND 31ST AVE S, ,,2,Injury Collision,Rear Ended,4,0,0,3,2,0,2018-10-17 00:00:00+00,10/17/2018 8:00:00 PM,Mid-Block (not related to intersection),14,"MOTOR VEHICLE STRUCK MOTOR VEHICLE, REAR END",,False,Clear or Partly Cloudy,Dry,Dark - Street Lights On,,,,14.0,From same direction - both going straight - one stopped - rear-end,0,0,False,0
-122.297508000733,47.6122444830587,206202,304477,305737,E845245,Matched,Block,,27TH AVE BETWEEN E SPRING ST AND E UNION ST, ,,1,Property Damage Only Collision,Parked Car,3,0,0,2,0,0,2018-09-22 00:00:00+00,9/22/2018 5:20:00 PM,,14,"MOTOR VEHICLE STRUCK MOTOR VEHICLE, REAR END",,True,Clear or Partly Cloudy,Dry,Daylight,,,,32.0,One parked--one moving,0,0,True,0
-122.309964754658,47.5719248555272,206203,305531,306811,3811026,Matched,Block,,S SPOKANE ST BETWEEN LAFAYETTE AVE S AND ALAMO PL S, ,,2,Injury Collision,Other,1,0,0,1,1,0,2018-10-06 00:00:00+00,10/6/2018 6:07:00 AM,Mid-Block (not related to intersection),14,"MOTOR VEHICLE STRUCK MOTOR VEHICLE, REAR END",,False,Clear or Partly Cloudy,Dry,Dark - Street Lights On,,,,50.0,Fixed object,0,0,False,0
-122.297685614806,47.6247633353662,206204,304465,305720,E845244,Matched,Block,,27TH AVE E BETWEEN E MERCER ST AND E ROY ST, ,,1,Property Damage Only Collision,Other,1,0,0,1,0,0,2018-09-20 00:00:00+00,9/20/2018 3:07:00 PM,Mid-Block (not related to intersection),14,"MOTOR VEHICLE STRUCK MOTOR VEHICLE, REAR END",,False,Clear or Partly Cloudy,Dry,Daylight,,,,50.0,Fixed object,0,0,False,0