longitude,latitude,objectid,inckey,coldetkey,reportno,status,addrtype,intkey,location,exceptrsncode,exceptrsndesc,severitycode,severitydesc,collisiontype,personcount,pedcount,pedcylcount,vehcount,injuries,fatalities,incdate,incdttm,junctiontype,sdot_colcode,sdot_coldesc,inattentionind,underinfl,weather,roadcond,lightcond,pedrownotgrnt,sdotcolnum,speeding,st_colcode,st_coldesc,seglanekey,crosswalkkey,hitparkedcar,seriousinjuries
-122.33027463072,47.6149524721557,206205,305677,306957,3811775,Matched,Block,,BOREN AVE BETWEEN PINE ST AND OLIVE WAY, ,,1,Property Damage Only Collision,Other,1,0,0,1,0,0,2018-10-12 00:00:00+00,10/12/2018 5:34:00 AM,Mid-Block (not related to intersection),26,MOTOR VEHICLE STRUCK OBJECT IN ROAD,,True,Clear or Partly Cloudy,Dry,Dark - Street Lights On,,,,51.0,Other object,0,0,False,0
-122.322010241134,47.6042329327014,206206,304464,305719,3814234,Matched,Block,,TERRY AVE BETWEEN ALDER ST AND TERRACE ST, ,,1,Property Damage Only Collision,Parked Car,2,0,0,2,0,0,2018-09-17 00:00:00+00,9/17/2018 12:59:00 PM,Mid-Block (not related to intersection),14,"MOTOR VEHICLE STRUCK MOTOR VEHICLE, REAR END",True,True,Clear or Partly Cloudy,Dry,Daylight,,,,32.0,One parked--one moving,0,0,True,0
-122.300166797693,47.5809944390764,206207,305530,306810,3810924,Matched,Intersection,31467.0,RAINIER AVE S AND S BAYVIEW ST, ,,1,Property Damage Only Collision,Left Turn,3,0,0,3,0,0,2018-10-17 00:00:00+00,10/17/2018 7:31:00 PM,At Intersection (intersection related),11,"MOTOR VEHICLE STRUCK MOTOR VEHICLE, FRONT END AT ANGLE",,False,Clear or Partly Cloudy,Dry,Dark - Street Lights On,,,,28.0,From opposite direction - one left turn - one straight,0,0,False,0
-122.306349954758,47.6030916881091,206208,304463,305718,3814233,Matched,Block,,20TH AVE BETWEEN E FIR ST AND E SPRUCE ST, ,,1,Property Damage Only Collision,Parked Car,3,0,0,3,0,0,2018-09-16 00:00:00+00,9/16/2018 2:43:00 AM,Mid-Block (not related to intersection),11,"MOTOR VEHICLE STRUCK MOTOR VEHICLE, FRONT END AT ANGLE",,False,Raining,Wet,Dark - Street Lights On,,,,32.0,One parked--one moving,0,0,True,0
-122.340864004595,47.5172768543589,206209,305672,306952,3811328,Matched,Block,,SW ROXBURY ST BETWEEN OLSON PL SW AND 5TH AVE SW, ,,1,Property Damage Only Collision,Rear Ended,3,0,0,2,0,0,2018-10-11 00:00:00+00,10/11/2018 1:16:00 PM,Mid-Block (not related to intersection),14,"MOTOR VEHICLE STRUCK MOTOR VEHICLE, REAR END",True,False,Clear or Partly Cloudy,Dry,Daylight,,,,14.0,From same direction - both going straight - one stopped - rear-end,0,0,False,0
-122.292786018914,47.5600768488786,206210,305529,306809,E849224,Matched,Block,,M L KING JR ER WAY S BETWEEN S ALASKA ST AND S ANGELINE ST, ,,2,Injury Collision,Rear Ended,3,0,0,2,1,0,2018-10-13 00:00:00+00,10/13/2018 10:55:00 AM,Mid-Block (not related to intersection),14,"MOTOR VEHICLE STRUCK MOTOR VEHICLE, REAR END",,False,Clear or Partly Cloudy,Dry,Daylight,,,,14.0,From same direction - both going straight - one stopped - rear-end,0,0,False,0
-122.33514835706,47.6486128572011,206211,305833,307113,E851649,Matched,Block,,BURKE AVE N BETWEEN N 34TH ST AND N 35TH ST, ,,2,Injury Collision,Rear Ended,2,0,0,2,1,0,2018-10-22 00:00:00+00,10/22/2018 2:51:00 PM,Mid-Block (not related to intersection),14,"MOTOR VEHICLE STRUCK MOTOR VEHICLE, REAR END",True,False,Clear or Partly Cloudy,Dry,Daylight,,,,13.0,From same direction - both going straight - both moving - rear-end,0,0,False,0
-122.329979192404,47.5991983145207,206212,304462,305717,3814232,Matched,Block,,S JACKSON ST BETWEEN 3RD AVE S AND 2ND AV ET S, ,,2,Injury Collision,Rear Ended,2,0,0,2,1,0,2018-09-15 00:00:00+00,9/15/2018 7:15:00 PM,Mid-Block (not related to intersection),14,"MOTOR VEHICLE STRUCK MOTOR VEHICLE, REAR END",,False,Raining,Wet,Dark - Street Lights On,,,,13.0,From same direction - both going straight - both moving - rear-end,0,0,False,0
-122.389484118622,47.5611424792653,206213,305355,306635,3745497,Matched,Intersection,32003.0,45TH AVE SW AND SW ALASKA ST, ,,2,Injury Collision,Angles,3,0,0,2,1,0,2018-10-09 00:00:00+00,10/9/2018 8:02:00 AM,At Intersection (intersection related),11,"MOTOR VEHICLE STRUCK MOTOR VEHICLE, FRONT END AT ANGLE",,False,Overcast,Wet,Daylight,,,,10.0,Entering at angle,0,0,False,0
-122.312555978889,47.7157903569003,206214,305354,306634,3705969,Matched,Intersection,36449.0,15TH AVE NE AND NE 120TH ST, ,,2,Injury Collision,Sideswipe,2,0,0,2,1,0,2018-10-11 00:00:00+00,10/11/2018 2:47:00 PM,At Intersection (intersection related),11,"MOTOR VEHICLE STRUCK MOTOR VEHICLE, FRONT END AT ANGLE",,False,Clear or Partly Cloudy,Dry,Daylight,,,,27.0,From opposite direction - both going straight - one stopped - sideswipe,0,0,False,0
-122.398333910319,47.6397960242969,206215,305675,306955,3811763,Matched,Block,,32ND AVE W BETWEEN W MCGRAW ST AND W WHEELER ST, ,,1,Property Damage Only Collision,Rear Ended,2,0,0,2,0,0,2018-09-24 00:00:00+00,9/24/2018 3:45:00 PM,Mid-Block (not related to intersection),14,"MOTOR VEHICLE STRUCK MOTOR VEHICLE, REAR END",,True,Clear or Partly Cloudy,Dry,Daylight,,,,13.0,From same direction - both going straight - both moving - rear-end,0,0,False,0
-122.308936277312,47.6070966898542,206216,304461,305701,E845348,Matched,Block,,18TH AVE BETWEEN E JEFFERSON ST AND E CHERRY ST, ,,1,Property Damage Only Collision,Parked Car,2,0,0,2,0,0,2018-09-25 00:00:00+00,9/25/2018 10:08:00 PM,Mid-Block (not related to intersection),13,"MOTOR VEHICLE STRUCK MOTOR VEHICLE, LEFT SIDE AT ANGLE",,False,Clear or Partly Cloudy,Dry,Dark - Street Lights On,,,,32.0,One parked--one moving,0,0,True,0
-122.342678361325,47.6505335232307,206217,305353,306633,3705967,Matched,Intersection,26886.0,STONE WAY N AND N 36TH ST, ,,2,Injury Collision,Cycles,2,0,1,1,1,0,2018-10-11 00:00:00+00,10/11/2018 8:41:00 AM,At Intersection (intersection related),51,PEDALCYCLIST STRUCK MOTOR VEHICLE FRONT END AT ANGLE,,False,Fog/Smog/Smoke,Dry,Daylight,,,,6.0,Pedalcyclist Strikes Moving Vehicle,0,0,False,0
-122.302636772662,47.6158994208801,206218,304460,305700,3814220,Matched,Block,,23RD AVE BETWEEN E PINE ST AND E OLIVE S ST, ,,2,Injury Collision,Rear Ended,2,0,0,2,1,0,2018-09-19 00:00:00+00,9/19/2018 9:53:00 AM,Mid-Block (not related to intersection),14,"MOTOR VEHICLE STRUCK MOTOR VEHICLE, REAR END",,False,Clear or Partly Cloudy,Dry,Daylight,,,,14.0,From same direction - both going straight - one stopped - rear-end,0,0,False,0
-122.334000210248,47.547689573282,206219,307656,308936,E849415,Matched,Block,,EAST MARGINAL WAY S BETWEEN 1ST AV S BR SB AND 1ST AV S BR NB, ,,1,Property Damage Only Collision,Rear Ended,2,0,0,2,0,0,2018-10-08 00:00:00+00,10/8/2018 11:29:00 PM,Mid-Block (not related to intersection),14,"MOTOR VEHICLE STRUCK MOTOR VEHICLE, REAR END",,False,Raining,Wet,Dark - Street Lights On,,,,13.0,From same direction - both going straight - both moving - rear-end,0,0,False,0
-122.321656341853,47.6903899100345,206220,305671,306951,3810476,Matched,Block,,NE 85TH ST BETWEEN 5TH AVE NE AND 8TH AVE NE, ,,1,Property Damage Only Collision,Parked Car,2,0,0,2,0,0,2018-10-14 00:00:00+00,10/14/2018 3:00:00 AM,Mid-Block (not related to intersection),11,"MOTOR VEHICLE STRUCK MOTOR VEHICLE, FRONT END AT ANGLE",True,False,Clear or Partly Cloudy,Dry,Dark - Street Lights Off,,,,32.0,One parked--one moving,0,0,True,0
-122.317403790736,47.6649373438838,206221,305352,306632,3591220,Matched,Intersection,25789.0,ROOSEVELT WAY NE AND NE 50TH ST, ,,2b,Serious Injury Collision,Pedestrian,4,1,1,2,2,0,2018-10-12 00:00:00+00,10/12/2018 8:28:00 AM,At Intersection (intersection related),51,PEDALCYCLIST STRUCK MOTOR VEHICLE FRONT END AT ANGLE,,False,Clear or Partly Cloudy,Dry,Daylight,True,,,5.0,Vehicle Strikes Pedalcyclist,45627,0,False,1
-122.29069886527,47.5697706134882,206222,305831,307111,E850947,Matched,Intersection,32672.0,RAINIER AVE S AND S CHARLESTOWN ST, ,,1,Property Damage Only Collision,Left Turn,2,0,0,2,0,0,2018-10-20 00:00:00+00,10/20/2018 12:20:00 PM,At Intersection (intersection related),11,"MOTOR VEHICLE STRUCK MOTOR VEHICLE, FRONT END AT ANGLE",,False,Clear or Partly Cloudy,Dry,Daylight,,,,15.0,From same direction - one left turn - one straight,0,0,False,0
-122.334846956374,47.5290045409556,206224,307655,308935,E849337,Matched,Block,,1ST AVE S BETWEEN SW KENYON ST AND S CLOVERDALE W ST, ,,1,Property Damage Only Collision,Rear Ended,2,0,0,2,0,0,2018-10-15 00:00:00+00,10/15/2018 6:32:00 AM,Mid-Block (not related to intersection),14,"MOTOR VEHICLE STRUCK MOTOR VEHICLE, REAR END",,False,Clear or Partly Cloudy,Dry,Dark - No Street Lights,,,,14.0,From same direction - both going straight - one stopped - rear-end,0,0,False,0
-122.312748594166,47.7339517254325,206225,307654,308934,E849116,Matched,Intersection,35851.0,15TH AVE NE AND NE 145TH ST, ,,1,Property Damage Only Collision,Rear Ended,2,0,0,2,0,0,2018-10-08 00:00:00+00,10/8/2018 8:40:00 AM,At Intersection (but not related to intersection),14,"MOTOR VEHICLE STRUCK MOTOR VEHICLE, REAR END",,False,Clear or Partly Cloudy,Dry,Daylight,,,,14.0,From same direction - both going straight - one stopped - rear-end,0,0,False,0
-122.347583719979,47.5714471558751,206227,307653,308933,3742300,Matched,Block,,SW SPOKANE ST BETWEEN SW KLICKITAT SR WAY AND 11TH CR AVE SW, ,,1,Property Damage Only Collision,Sideswipe,2,0,0,2,0,0,2018-11-21 00:00:00+00,11/21/2018 7:15:00 AM,Mid-Block (not related to intersection),14,"MOTOR VEHICLE STRUCK MOTOR VEHICLE, REAR END",,False,Clear or Partly Cloudy,Dry,Daylight,,,,11.0,From same direction - both going straight - both moving - sideswipe,0,0,False,0
-122.348593446466,47.6934732620324,206231,307651,308931,3811346,Matched,Block,,N 89TH ST BETWEEN FREMONT AVE N AND LINDEN AVE N, ,,1,Property Damage Only Collision,Parked Car,2,0,0,2,0,0,2018-11-20 00:00:00+00,11/20/2018 6:51:00 AM,Mid-Block (not related to intersection),16,"MOTOR VEHICLE STRUCK MOTOR VEHICLE, LEFT SIDE SIDESWIPE",,False,Fog/Smog/Smoke,Dry,Unknown,,,,32.0,One parked--one moving,0,0,True,0
-122.332875207112,47.6013025275984,206232,305676,306956,3811774,Matched,Block,,OCCIDENTAL AVE S BETWEEN YESLER WAY AND S WASHINGTON ST, ,,1,Property Damage Only Collision,Parked Car,2,0,0,2,0,0,2018-10-12 00:00:00+00,10/12/2018 2:04:00 AM,Mid-Block (not related to intersection),14,"MOTOR VEHICLE STRUCK MOTOR VEHICLE, REAR END",,False,Clear or Partly Cloudy,Dry,Dark - Street Lights On,,,,32.0,One parked--one moving,0,0,True,0
-122.385499113276,47.5547789003319,206239,306181,307461,3571247,Matched,Block,,42ND AVE SW BETWEEN SW DAWSON ST AND SW BRANDON ST,NEI,"Not Enough Information, or Insufficient Location Information",1,Property Damage Only Collision,Parked Car,2,0,0,2,0,0,2018-10-31 00:00:00+00,10/31/2018 8:55:00 PM,,0,NOT ENOUGH INFORMATION / NOT APPLICABLE,,False,Clear or Partly Cloudy,Dry,Dark - Street Lights On,,,,32.0,One parked--one moving,0,0,True,0
-122.316779989587,47.6077415308442,206240,306180,307460,E854334,Matched,Block,,12TH AVE BETWEEN E JAMES CT AND E CHERRY ST, ,,2,Injury Collision,Pedestrian,2,0,1,1,1,0,2018-10-03 00:00:00+00,10/3/2018 6:19:00 PM,Mid-Block (not related to intersection),18,"MOTOR VEHICLE STRUCK PEDALCYCLIST, FRONT END AT ANGLE",,False,Overcast,Dry,Dusk,,,,5.0,Vehicle Strikes Pedalcyclist,0,0,False,0
-122.30884245761,47.6161352298682,206243,305981,307261,E853063,Matched,Intersection,30124.0,18TH AVE AND E MADISON ST, ,,2,Injury Collision,Right Turn,2,0,0,2,1,0,2018-10-19 00:00:00+00,10/19/2018 4:19:00 PM,At Intersection (intersection related),14,"MOTOR VEHICLE STRUCK MOTOR VEHICLE, REAR END",True,False,Clear or Partly Cloudy,Dry,Daylight,,,,16.0,From same direction - one right turn - one straight,0,0,False,0
-122.299571459392,47.6699876526359,206244,305980,307260,E853062,Matched,Intersection,25917.0,26TH AVE NE AND NE 57TH ST,NEI,"Not Enough Information, or Insufficient Location Information",1,Property Damage Only Collision,Parked Car,2,0,0,2,0,0,2018-10-18 00:00:00+00,10/18/2018 1:35:00 PM,At Intersection (intersection related),0,NOT ENOUGH INFORMATION / NOT APPLICABLE,,False,Unknown,Dry,Unknown,,,,32.0,One parked--one moving,0,0,True,0
-122.306848535576,47.6912361666316,206246,305979,307259,E853061,Matched,Intersection,37769.0,20TH AVE NE AND LAKE CITY WAY NE, ,,2,Injury Collision,Angles,2,0,0,2,1,0,2018-10-18 00:00:00+00,10/18/2018 12:34:00 PM,At Intersection (intersection related),11,"MOTOR VEHICLE STRUCK MOTOR VEHICLE, FRONT END AT ANGLE",,False,Clear or Partly Cloudy,Dry,Daylight,,,,10.0,Entering at angle,0,0,False,0
-122.344834272864,47.7135479791056,206247,305978,307258,E853060,Matched,Block,,AURORA AVE N BETWEEN N 115TH ST AND N 117TH PL, ,,1,Property Damage Only Collision,Rear Ended,4,0,0,3,0,0,2018-10-18 00:00:00+00,10/18/2018 1:45:00 PM,Mid-Block (not related to intersection),14,"MOTOR VEHICLE STRUCK MOTOR VEHICLE, REAR END",,False,Clear or Partly Cloudy,Dry,Daylight,,,,13.0,From same direction - both going straight - both moving - rear-end,0,0,False,0
-122.299860033667,47.6000785266695,206248,306356,307636,E856166,Matched,Block,,25TH AVE S BETWEEN S WASHINGTON ST AND S JACKSON ST, ,,1,Property Damage Only Collision,Parked Car,2,0,0,2,0,0,2018-11-02 00:00:00+00,11/2/2018 3:00:00 PM,Mid-Block (not related to intersection),0,NOT ENOUGH INFORMATION / NOT APPLICABLE,,False,Unknown,Unknown,Unknown,,,,32.0,One parked--one moving,0,0,True,0
-122.317908692378,47.7121994462941,206249,306525,307805,E856618,Matched,Intersection,36480.0,ROOSEVELT WAY NE AND NE 115TH ST, ,,2,Injury Collision,Angles,3,0,0,2,1,0,2018-10-30 00:00:00+00,10/30/2018 1:06:00 PM,At Intersection (intersection related),11,"MOTOR VEHICLE STRUCK MOTOR VEHICLE, FRONT END AT ANGLE",,False,Overcast,Dry,Daylight,,,,10.0,Entering at angle,0,0,False,0
-122.364899084224,47.6504930136113,206250,306189,307469,E854416,Matched,Intersection,26685.0,6TH AVE W AND W BERTONA ST, ,,2,Injury Collision,Angles,4,0,0,2,1,0,2018-10-27 00:00:00+00,10/27/2018 3:43:00 PM,At Intersection (intersection related),11,"MOTOR VEHICLE STRUCK MOTOR VEHICLE, FRONT END AT ANGLE",True,False,Clear or Partly Cloudy,Wet,Daylight,,,,10.0,Entering at angle,0,0,False,0
-122.326360524294,47.599192755773,206251,305977,307257,E853003,Matched,Intersection,30511.0,6TH AVE S AND S JACKSON ST, ,,1,Property Damage Only Collision,Left Turn,3,0,0,2,0,0,2018-10-13 00:00:00+00,10/13/2018 2:52:00 PM,At Intersection (intersection related),11,"MOTOR VEHICLE STRUCK MOTOR VEHICLE, FRONT END AT ANGLE",,False,Clear or Partly Cloudy,Dry,Daylight,,,,29.0,From opposite direction - one left turn - one right turn,0,0,False,0
-122.305889600891,47.588492005416,206252,306668,307948,3811178,Matched,Block,,RAINIER AVE S BETWEEN RAINIER NB I90 EB ON RP AND S MASSACHUSETTS ST, ,,2,Injury Collision,Rear Ended,4,0,0,2,3,0,2018-11-11 00:00:00+00,11/11/2018 12:29:00 AM,Mid-Block (but intersection related),14,"MOTOR VEHICLE STRUCK MOTOR VEHICLE, REAR END",True,False,Overcast,Wet,Dark - Street Lights On,,,,14.0,From same direction - both going straight - one stopped - rear-end,0,0,False,0
-122.316074778857,47.5609452518956,206253,306532,307812,E857389,Matched,Intersection,33654.0,13TH AVE S AND S ALASKA ST, ,,1,Property Damage Only Collision,Left Turn,2,0,0,2,0,0,2018-11-06 00:00:00+00,11/6/2018 8:56:00 AM,At Intersection (intersection related),11,"MOTOR VEHICLE STRUCK MOTOR VEHICLE, FRONT END AT ANGLE",,False,Clear or Partly Cloudy,Dry,Daylight,,,,28.0,From opposite direction - one left turn - one straight,0,0,False,0
-122.329058739148,47.6052316848947,206254,306188,307468,E854415,Matched,Block,,6TH AVE BETWEEN CHERRY ST AND COLUMBIA ST, ,,2,Injury Collision,Sideswipe,2,0,0,2,1,0,2018-10-27 00:00:00+00,10/27/2018 2:59:00 PM,Mid-Block (not related to intersection),11,"MOTOR VEHICLE STRUCK MOTOR VEHICLE, FRONT END AT ANGLE",,False,Overcast,Dry,Daylight,,,,11.0,From same direction - both going straight - both moving - sideswipe,0,0,False,0
-122.329513259428,47.6040540515683,206255,305976,307256,E853002,Matched,Block,,5TH AVE BETWEEN JAMES ST AND CHERRY ST, ,,1,Property Damage Only Collision,Sideswipe,3,0,0,2,0,0,2018-10-13 00:00:00+00,10/13/2018 2:57:00 PM,Mid-Block (not related to intersection),11,"MOTOR VEHICLE STRUCK MOTOR VEHICLE, FRONT END AT ANGLE",,False,Clear or Partly Cloudy,Dry,Daylight,,,,11.0,From same direction - both going straight - both moving - sideswipe,0,0,False,0
-122.310660514005,47.6153775896049,206620,306015,307295,3578632,Matched,Block,,E MADISON ST BETWEEN E PINE ST AND 17TH AVE, ,,2,Injury Collision,Angles,2,0,0,2,1,0,2018-10-10 00:00:00+00,10/10/2018 9:17:00 AM,Driveway Junction,11,"MOTOR VEHICLE STRUCK MOTOR VEHICLE, FRONT END AT ANGLE",True,False,Clear or Partly Cloudy,Dry,Daylight,,,True,10.0,Entering at angle,0,0,False,0
-122.365999189654,47.6880207290311,206256,306531,307811,E844714,Matched,Block,,8TH AVE NW BETWEEN NW 81ST ST AND NW 82ND ST, ,,2,Injury Collision,Rear Ended,5,0,0,3,2,0,2018-09-27 00:00:00+00,9/27/2018 5:04:00 PM,Mid-Block (not related to intersection),14,"MOTOR VEHICLE STRUCK MOTOR VEHICLE, REAR END",True,False,Clear or Partly Cloudy,Dry,Daylight,,,,13.0,From same direction - both going straight - both moving - rear-end,0,0,False,0
-122.320702903796,47.664957731244,206360,305357,306637,3753969,Matched,Intersection,25786.0,7TH AVE NE AND NE 50TH ST, ,,2,Injury Collision,Angles,2,0,0,2,2,0,2018-10-11 00:00:00+00,10/11/2018 9:15:00 PM,At Intersection (intersection related),11,"MOTOR VEHICLE STRUCK MOTOR VEHICLE, FRONT END AT ANGLE",,False,Clear or Partly Cloudy,Dry,Dark - Street Lights On,,,,10.0,Entering at angle,0,0,False,0
-122.335454433536,47.6055148080218,206258,305974,307254,E853001,Matched,Block,,2ND AVE BETWEEN MADISON ST AND SPRING ST, ,,1,Property Damage Only Collision,Rear Ended,2,0,0,2,0,0,2018-09-29 00:00:00+00,9/29/2018 10:01:00 PM,Mid-Block (not related to intersection),14,"MOTOR VEHICLE STRUCK MOTOR VEHICLE, REAR END",,False,Raining,Wet,Dark - Street Lights On,,,,13.0,From same direction - both going straight - both moving - rear-end,0,0,False,0
-122.3337313001,47.590312347916,206260,306530,307810,E857386,Matched,Block,,EDGAR MARTINEZ DR S BETWEEN 1ST AVE S AND OCCIDENTAL AVE S, ,,1,Property Damage Only Collision,Right Turn,2,0,0,2,0,0,2018-10-02 00:00:00+00,10/2/2018 10:00:00 AM,Mid-Block (but intersection related),11,"MOTOR VEHICLE STRUCK MOTOR VEHICLE, FRONT END AT ANGLE",,False,Clear or Partly Cloudy,Dry,Daylight,,,,16.0,From same direction - one right turn - one straight,0,0,False,0
-122.312430360312,47.7085284068181,206263,306529,307809,E844713,Matched,Intersection,36506.0,15TH AVE NE AND NE NORTHGATE WAY, ,,1,Property Damage Only Collision,Rear Ended,3,0,0,3,0,0,2018-09-27 00:00:00+00,9/27/2018 2:45:00 PM,At Intersection (but not related to intersection),14,"MOTOR VEHICLE STRUCK MOTOR VEHICLE, REAR END",,False,Clear or Partly Cloudy,Dry,Daylight,,,,14.0,From same direction - both going straight - one stopped - rear-end,0,0,False,0
-122.391927426951,47.6867741065164,206264,305838,307118,E851581,Matched,Intersection,23971.0,EARL AVE NW AND NW 80TH ST, ,,2,Injury Collision,Angles,2,0,0,2,1,0,2018-10-15 00:00:00+00,10/15/2018 1:10:00 PM,At Intersection (intersection related),11,"MOTOR VEHICLE STRUCK MOTOR VEHICLE, FRONT END AT ANGLE",True,False,Clear or Partly Cloudy,Dry,Daylight,,,,10.0,Entering at angle,0,0,False,0
-122.366178439812,47.6690405569174,206265,305837,307117,3751412,Matched,Block,,8TH AVE NW BETWEEN NW MARKET ST AND NW 56TH ST, ,,2,Injury Collision,Cycles,2,0,1,1,1,0,2018-10-16 00:00:00+00,10/16/2018 8:27:00 AM,Mid-Block (not related to intersection),18,"MOTOR VEHICLE STRUCK PEDALCYCLIST, FRONT END AT ANGLE",,False,Clear or Partly Cloudy,Dry,Daylight,,,,6.0,Pedalcyclist Strikes Moving Vehicle,0,0,False,0
-122.31139964697,47.7339364965003,206266,306528,307808,E844484,Matched,Block,,NE 145TH ST BETWEEN 15TH AVE NE AND 17TH AVE NE, ,,1,Property Damage Only Collision,Rear Ended,2,0,0,2,0,0,2018-09-26 00:00:00+00,9/26/2018 8:15:00 PM,Mid-Block (not related to intersection),14,"MOTOR VEHICLE STRUCK MOTOR VEHICLE, REAR END",,False,Clear or Partly Cloudy,Dry,Dark - Street Lights On,,,,13.0,From same direction - both going straight - both moving - rear-end,0,0,False,0
-122.333913992625,47.6480319057481,206267,305836,307116,E851579,Matched,Intersection,27280.0,MERIDIAN AVE N AND N 34TH ST, ,,2b,Serious Injury Collision,Angles,4,0,0,2,2,0,2018-10-20 00:00:00+00,10/20/2018 5:45:00 PM,At Intersection (intersection related),11,"MOTOR VEHICLE STRUCK MOTOR VEHICLE, FRONT END AT ANGLE",,False,Clear or Partly Cloudy,Dry,Daylight,,,,10.0,Entering at angle,0,0,False,1
-122.356756295299,47.6186070610507,206268,306526,307806,E857378,Matched,Intersection,28667.0,DENNY WAY AND QUEEN ANNE AVE N, ,,1,Property Damage Only Collision,Angles,2,0,0,2,0,0,2018-10-02 00:00:00+00,10/2/2018 9:20:00 AM,At Intersection (intersection related),11,"MOTOR VEHICLE STRUCK MOTOR VEHICLE, FRONT END AT ANGLE",True,False,Clear or Partly Cloudy,Dry,Daylight,,,,10.0,Entering at angle,0,0,False,0
-122.317387383747,47.666436432276,206270,306527,307807,E844446,Matched,Intersection,25780.0,ROOSEVELT WAY NE AND NE 52ND ST, ,,1,Property Damage Only Collision,Angles,2,0,0,2,0,0,2018-10-02 00:00:00+00,10/2/2018 4:10:00 PM,At Intersection (intersection related),11,"MOTOR VEHICLE STRUCK MOTOR VEHICLE, FRONT END AT ANGLE",,False,Raining,Wet,Daylight,,,,10.0,Entering at angle,0,0,False,0
-122.376135813362,47.6353862504601,206271,306185,307465,3578579,Matched,Block,,15TH AVE W BETWEEN W BLAINE ST AND W HOWE ST, ,,1,Property Damage Only Collision,Parked Car,2,0,0,2,0,0,2018-10-26 00:00:00+00,10/26/2018 11:09:00 PM,Mid-Block (not related to intersection),11,"MOTOR VEHICLE STRUCK MOTOR VEHICLE, FRONT END AT ANGLE",,True,Clear or Partly Cloudy,Dry,Dark - Street Lights On,,,,32.0,One parked--one moving,0,0,False,0
-122.360720553512,47.6996696021095,206272,305835,307115,E851575,Matched,Intersection,37132.0,3RD AVE NW AND NW 97TH ST, ,,1,Property Damage Only Collision,Angles,4,0,0,2,0,0,2018-10-21 00:00:00+00,10/21/2018 5:53:00 PM,At Intersection (intersection related),11,"MOTOR VEHICLE STRUCK MOTOR VEHICLE, FRONT END AT ANGLE",,False,Clear or Partly Cloudy,Dry,Dusk,,,,10.0,Entering at angle,0,0,False,0
-122.290610973247,47.6870755464899,206274,306850,308130,3703817,Matched,Block,,35TH AVE NE BETWEEN NE 80TH ST AND NE 81ST ST, ,,1,Property Damage Only Collision,Other,1,0,0,1,0,0,2018-11-09 00:00:00+00,11/9/2018 8:56:00 PM,Mid-Block (not related to intersection),26,MOTOR VEHICLE STRUCK OBJECT IN ROAD,True,False,Clear or Partly Cloudy,Dry,Dark - Street Lights On,,,,51.0,Other object,0,0,False,0
-122.346696114974,47.6422552025765,206275,307508,308788,3740043,Matched,Block,,HALLADAY ST BETWEEN AURORA AVE N AND BIRCH AVE N, ,,1,Property Damage Only Collision,Rear Ended,2,0,0,2,0,0,2018-11-07 00:00:00+00,11/7/2018 9:42:00 PM,Mid-Block (but intersection related),14,"MOTOR VEHICLE STRUCK MOTOR VEHICLE, REAR END",,False,Clear or Partly Cloudy,Dry,Dark - Street Lights On,,,,14.0,From same direction - both going straight - one stopped - rear-end,0,0,False,0
-122.31813164211,47.6135114739779,206277,307330,308610,3814405,Matched,Block,,11TH AVE BETWEEN E UNION ST AND E PIKE ST, ,,1,Property Damage Only Collision,Parked Car,2,0,0,2,0,0,2018-11-12 00:00:00+00,11/12/2018 10:10:00 PM,Mid-Block (not related to intersection),11,"MOTOR VEHICLE STRUCK MOTOR VEHICLE, FRONT END AT ANGLE",,False,Clear or Partly Cloudy,Dry,Dark - Street Lights On,,,,32.0,One parked--one moving,0,0,True,0
-122.276940936321,47.5261190463332,206279,307175,308455,3814979,Matched,Intersection,35253.0,RENTON AVE S AND S CLOVERDALE ST, ,,2,Injury Collision,Angles,2,0,0,2,1,0,2018-11-24 00:00:00+00,11/24/2018 7:42:00 AM,At Intersection (intersection related),11,"MOTOR VEHICLE STRUCK MOTOR VEHICLE, FRONT END AT ANGLE",,False,Clear or Partly Cloudy,Dry,Daylight,,,,10.0,Entering at angle,0,0,False,0
-122.355568241899,47.7327585874476,206280,307325,308605,3754369,Matched,Block,,GREENWOOD AVE N BETWEEN N 143RD ST AND N 144TH ST, ,,1,Property Damage Only Collision,Head On,2,0,0,2,0,0,2018-11-05 00:00:00+00,11/5/2018 8:09:00 AM,Mid-Block (not related to intersection),11,"MOTOR VEHICLE STRUCK MOTOR VEHICLE, FRONT END AT ANGLE",,False,Clear or Partly Cloudy,Dry,Daylight,,,,30.0,From opposite direction - all others,0,0,False,0
-122.264082430503,47.5445395137419,206282,307174,308454,3814977,Matched,Intersection,34637.0,SEWARD PARK AVE S AND WILSON AVE S, ,,2,Injury Collision,Angles,2,0,0,2,1,0,2018-11-23 00:00:00+00,11/23/2018 6:02:00 PM,At Intersection (intersection related),11,"MOTOR VEHICLE STRUCK MOTOR VEHICLE, FRONT END AT ANGLE",,False,Raining,Wet,Dark - Street Lights On,,,,10.0,Entering at angle,0,0,False,0