longitude,latitude,objectid,inckey,coldetkey,reportno,status,addrtype,intkey,location,exceptrsncode,exceptrsndesc,severitycode,severitydesc,collisiontype,personcount,pedcount,pedcylcount,vehcount,injuries,fatalities,incdate,incdttm,junctiontype,sdot_colcode,sdot_coldesc,inattentionind,underinfl,weather,roadcond,lightcond,pedrownotgrnt,sdotcolnum,speeding,st_colcode,st_coldesc,seglanekey,crosswalkkey,hitparkedcar,seriousinjuries
-122.276940936321,47.5261190463332,206283,307173,308453,3814975,Matched,Intersection,35253.0,RENTON AVE S AND S CLOVERDALE ST, ,,1,Property Damage Only Collision,Left Turn,3,0,0,2,0,0,2018-11-22 00:00:00+00,11/22/2018 9:46:00 PM,At Intersection (intersection related),11,"MOTOR VEHICLE STRUCK MOTOR VEHICLE, FRONT END AT ANGLE",,False,Raining,Wet,Dark - Street Lights On,,,,28.0,From opposite direction - one left turn - one straight,0,0,False,0
-122.326154823712,47.6079267638449,206285,307317,308597,3814465,Matched,Block,,MARION ST BETWEEN 9TH AVE AND TERRY AVE, ,,1,Property Damage Only Collision,Parked Car,2,0,0,2,0,0,2018-11-05 00:00:00+00,11/5/2018 5:49:00 PM,Mid-Block (not related to intersection),11,"MOTOR VEHICLE STRUCK MOTOR VEHICLE, FRONT END AT ANGLE",,False,Clear or Partly Cloudy,Dry,Dark - Street Lights On,,,,20.0,One car leaving parked position,0,0,False,0
-122.288996109953,47.5670483776576,206286,307511,308791,3811108,Matched,Block,,RAINIER AVE S BETWEEN S ANDOVER ST AND S DAKOTA ST, ,,2,Injury Collision,Head On,7,0,0,4,2,0,2018-11-05 00:00:00+00,11/5/2018 3:13:00 PM,Mid-Block (not related to intersection),11,"MOTOR VEHICLE STRUCK MOTOR VEHICLE, FRONT END AT ANGLE",,True,Clear or Partly Cloudy,Wet,Daylight,,,,30.0,From opposite direction - all others,0,0,False,0
-122.315517864536,47.6133542121303,206287,307172,308452,3814492,Matched,Intersection,29753.0,13TH AVE AND E MADISON ST, ,,2,Injury Collision,Left Turn,3,0,0,2,3,0,2018-11-24 00:00:00+00,11/24/2018 8:15:00 PM,At Intersection (intersection related),11,"MOTOR VEHICLE STRUCK MOTOR VEHICLE, FRONT END AT ANGLE",,False,Clear or Partly Cloudy,Dry,Dark - Street Lights On,,,,28.0,From opposite direction - one left turn - one straight,0,0,False,0
-122.334124767536,47.5426690788281,206288,307506,308786,3745769,Matched,Block,,1ST AV S BR NB BETWEEN POINT B AND POINT A, ,,1,Property Damage Only Collision,Rear Ended,3,0,0,3,0,0,2018-11-07 00:00:00+00,11/7/2018 6:37:00 AM,Mid-Block (not related to intersection),14,"MOTOR VEHICLE STRUCK MOTOR VEHICLE, REAR END",True,False,Clear or Partly Cloudy,Dry,Daylight,,,,14.0,From same direction - both going straight - one stopped - rear-end,0,0,False,0
-122.320872892097,47.6199077468642,206290,307171,308451,3814414,Matched,Intersection,29052.0,BROADWAY E AND E OLIVE WAY, ,,1,Property Damage Only Collision,Left Turn,3,0,0,2,0,0,2018-11-23 00:00:00+00,11/23/2018 12:26:00 PM,At Intersection (intersection related),11,"MOTOR VEHICLE STRUCK MOTOR VEHICLE, FRONT END AT ANGLE",,False,Overcast,Dry,Daylight,,,,28.0,From opposite direction - one left turn - one straight,0,0,False,0
-122.314174132106,47.6049513323278,206292,307328,308608,3814469,Matched,Block,,14TH AVE BETWEEN E ALDER ST AND E REMINGTON CT, ,,1,Property Damage Only Collision,Parked Car,2,0,0,2,0,0,2018-11-08 00:00:00+00,11/8/2018 10:47:00 PM,Mid-Block (not related to intersection),16,"MOTOR VEHICLE STRUCK MOTOR VEHICLE, LEFT SIDE SIDESWIPE",,False,Clear or Partly Cloudy,Dry,Dark - Street Lights On,,,,32.0,One parked--one moving,0,0,True,0
-122.334789789004,47.6185194717232,206294,307015,308295,3814428,Matched,Block,,DENNY WAY BETWEEN BOREN AVE AND FAIRVIEW AVE, ,,1,Property Damage Only Collision,Rear Ended,2,0,0,2,0,0,2018-10-26 00:00:00+00,10/26/2018 5:13:00 PM,Mid-Block (not related to intersection),14,"MOTOR VEHICLE STRUCK MOTOR VEHICLE, REAR END",,False,Clear or Partly Cloudy,Dry,Daylight,,,,13.0,From same direction - both going straight - both moving - rear-end,0,0,False,0
-122.317373216008,47.676554401346,206296,307179,308459,3582497,Matched,Intersection,24499.0,ROOSEVELT WAY NE AND NE 66TH ST, ,,2,Injury Collision,Cycles,2,1,1,0,2,0,2018-11-08 00:00:00+00,11/8/2018 8:31:00 AM,At Intersection (intersection related),64,PEDALCYCLIST STRUCK PEDESTRIAN,,False,Overcast,Dry,Daylight,True,,,7.0,Pedalcyclist Strikes Pedalcyclist or Pedestrian,0,0,False,0
-122.325978690356,47.5766510726601,206297,307509,308789,3811334,Matched,Block,,6TH AVE S BETWEEN S FOREST ST AND S HANFORD ST, ,,1,Property Damage Only Collision,Left Turn,2,0,0,2,0,0,2018-10-30 00:00:00+00,10/30/2018 11:28:00 AM,Driveway Junction,11,"MOTOR VEHICLE STRUCK MOTOR VEHICLE, FRONT END AT ANGLE",True,False,Clear or Partly Cloudy,Dry,Daylight,,,,28.0,From opposite direction - one left turn - one straight,0,0,False,0
-122.331929367589,47.6050167415146,206298,307014,308294,3811901,Matched,Block,,4TH AVE BETWEEN COLUMBIA ST AND MARION ST, ,,1,Property Damage Only Collision,Sideswipe,4,0,0,2,0,0,2018-10-26 00:00:00+00,10/26/2018 1:17:00 AM,Mid-Block (not related to intersection),11,"MOTOR VEHICLE STRUCK MOTOR VEHICLE, FRONT END AT ANGLE",True,False,Raining,Wet,Dark - Street Lights On,,,,11.0,From same direction - both going straight - both moving - sideswipe,0,0,False,0
-122.290661542547,47.7126246546064,206299,307331,308611,E865719,Matched,Block,,35TH AVE NE BETWEEN NE 115TH ST AND 34TH AVE NE, ,,2,Injury Collision,Other,2,0,0,2,1,0,2018-11-21 00:00:00+00,11/21/2018 6:44:00 PM,Mid-Block (not related to intersection),11,"MOTOR VEHICLE STRUCK MOTOR VEHICLE, FRONT END AT ANGLE",,False,Clear or Partly Cloudy,Dry,Dark - Street Lights On,,,,23.0,From same direction - all others,0,0,False,0
-122.38001612642,47.6648785654308,206300,306842,308122,E855399,Matched,Intersection,25174.0,LEARY AVE NW AND NW DOCK PL, ,,1,Property Damage Only Collision,Left Turn,2,0,0,2,0,0,2018-10-30 00:00:00+00,10/30/2018 6:00:00 PM,At Intersection (intersection related),11,"MOTOR VEHICLE STRUCK MOTOR VEHICLE, FRONT END AT ANGLE",True,False,Clear or Partly Cloudy,Unknown,Dark - Street Lights On,,,,28.0,From opposite direction - one left turn - one straight,0,0,False,0
-122.282260250178,47.6127380790731,206301,307013,308293,E854336,Matched,Block,,MADRONA DR BETWEEN LAKE WASHINGTON BLVD AND NEWPORT WAY, ,,1,Property Damage Only Collision,Parked Car,2,0,0,2,0,0,2018-10-27 00:00:00+00,10/27/2018 2:28:00 AM,Mid-Block (not related to intersection),15,"MOTOR VEHICLE STRUCK MOTOR VEHICLE, RIGHT SIDE SIDESWIPE",,False,Unknown,Unknown,Unknown,,,,32.0,One parked--one moving,0,0,True,0
-122.314547230006,47.6016894801707,206302,307012,308292,E853947,Matched,Block,,E YESLER WAY BETWEEN 13TH AVE AND 14TH AVE, ,,1,Property Damage Only Collision,Other,5,0,0,2,0,0,2018-10-27 00:00:00+00,10/27/2018 12:13:00 PM,Mid-Block (not related to intersection),11,"MOTOR VEHICLE STRUCK MOTOR VEHICLE, FRONT END AT ANGLE",,False,Clear or Partly Cloudy,Dry,Daylight,,,,23.0,From same direction - all others,0,0,False,0
-122.361014741001,47.5385521462773,206303,307326,308606,3742289,Matched,Block,,DELRIDGE WAY SW BETWEEN SW MYRTLE ST AND SW ORCHARD ST, ,,2,Injury Collision,Rear Ended,3,0,0,2,1,0,2018-10-29 00:00:00+00,10/29/2018 6:50:00 AM,Mid-Block (not related to intersection),14,"MOTOR VEHICLE STRUCK MOTOR VEHICLE, REAR END",True,False,Overcast,Wet,Dark - Street Lights On,,,,14.0,From same direction - both going straight - one stopped - rear-end,0,0,False,0
-122.301940127483,47.7338292579493,206304,306702,307982,E847836,Matched,Intersection,35996.0,25TH AVE NE AND NE 145TH ST, ,,1,Property Damage Only Collision,Angles,2,0,0,2,0,0,2018-09-25 00:00:00+00,9/25/2018 12:41:00 PM,At Intersection (intersection related),11,"MOTOR VEHICLE STRUCK MOTOR VEHICLE, FRONT END AT ANGLE",,False,Clear or Partly Cloudy,Dry,Daylight,,,,10.0,Entering at angle,0,0,False,0
-122.284922003675,47.5623018361675,206305,307011,308291,3764807,Matched,Block,,38TH AVE S BETWEEN S OREGON ST AND S CONOVER WAY, ,,2b,Serious Injury Collision,Pedestrian,2,1,0,1,1,0,2018-11-13 00:00:00+00,11/13/2018 6:39:00 PM,Mid-Block (not related to intersection),24,MOTOR VEHCILE STRUCK PEDESTRIAN,,False,Clear or Partly Cloudy,Dry,Dark - Street Lights On,,,,0.0,Vehicle going straight hits pedestrian,0,0,False,1
-122.347567933134,47.624990842132,206306,306699,307979,E856218,Matched,Block,,5TH AVE N BETWEEN MERCER ST AND ROY ST, ,,1,Property Damage Only Collision,Sideswipe,2,0,0,2,0,0,2018-11-02 00:00:00+00,11/2/2018 6:45:00 PM,Mid-Block (not related to intersection),11,"MOTOR VEHICLE STRUCK MOTOR VEHICLE, FRONT END AT ANGLE",,False,Unknown,Unknown,Unknown,,,,11.0,From same direction - both going straight - both moving - sideswipe,0,0,False,0
-122.269822531171,47.5169978703556,206307,306697,307977,E855996,Matched,Block,,RENTON AVE S BETWEEN 51ST AVE S AND S ROXBURY ST, ,,2,Injury Collision,Rear Ended,7,0,0,3,3,0,2018-10-15 00:00:00+00,10/15/2018 4:03:00 PM,Mid-Block (not related to intersection),14,"MOTOR VEHICLE STRUCK MOTOR VEHICLE, REAR END",,False,Clear or Partly Cloudy,Dry,Daylight,,,,13.0,From same direction - both going straight - both moving - rear-end,0,0,False,0
-122.31267513587,47.7284740273056,206308,307178,308458,E861134,Matched,Intersection,35860.0,15TH AVE NE AND NE 137TH ST, ,,2,Injury Collision,Angles,5,0,0,2,4,0,2018-11-09 00:00:00+00,11/9/2018 2:53:00 PM,At Intersection (intersection related),11,"MOTOR VEHICLE STRUCK MOTOR VEHICLE, FRONT END AT ANGLE",,False,Raining,Wet,Daylight,,,,10.0,Entering at angle,0,0,False,0
-122.370712751069,47.5695557457472,206309,307512,308792,3745804,Matched,Block,,SW AVALON WAY BETWEEN SW CHARLESTOWN ST AND SW BRADFORD ST, ,,1,Property Damage Only Collision,Rear Ended,2,0,0,2,0,0,2018-11-05 00:00:00+00,11/5/2018 5:45:00 PM,Mid-Block (not related to intersection),14,"MOTOR VEHICLE STRUCK MOTOR VEHICLE, REAR END",True,False,Clear or Partly Cloudy,Dry,Dark - Street Lights On,,,,14.0,From same direction - both going straight - one stopped - rear-end,0,0,False,0
-122.320797009501,47.5474148236659,206310,307010,308290,3746055,Matched,Block,,S BAILEY ST BETWEEN CORSON AVE S AND CARLETON AVE S, ,,1,Property Damage Only Collision,Sideswipe,2,0,0,2,0,0,2018-10-30 00:00:00+00,10/30/2018 11:05:00 AM,Mid-Block (not related to intersection),14,"MOTOR VEHICLE STRUCK MOTOR VEHICLE, REAR END",,False,Unknown,Unknown,Dark - Street Lights On,,,,11.0,From same direction - both going straight - both moving - sideswipe,0,0,False,0
-122.338521996838,47.6133417699416,206311,307329,308609,3811867,Matched,Block,,5TH AVE BETWEEN STEWART ST AND VIRGINIA ST, ,,2,Injury Collision,Parked Car,3,0,0,2,1,0,2018-11-13 00:00:00+00,11/13/2018 9:24:00 PM,Mid-Block (not related to intersection),11,"MOTOR VEHICLE STRUCK MOTOR VEHICLE, FRONT END AT ANGLE",,False,Clear or Partly Cloudy,Dry,Dark - Street Lights On,,,,20.0,One car leaving parked position,0,0,False,0
-122.351133937705,47.5709417837772,206312,307507,308787,3745768,Matched,Block,,WEST SEATTLE BR EB BETWEEN ALASKAN WY VI NB ON RP AND DELRIDGE-W SEATTLE BR EB ON RP, ,,2,Injury Collision,Rear Ended,2,0,0,2,2,0,2018-11-07 00:00:00+00,11/7/2018 7:34:00 AM,Mid-Block (not related to intersection),14,"MOTOR VEHICLE STRUCK MOTOR VEHICLE, REAR END",,False,Overcast,Wet,Daylight,,,,14.0,From same direction - both going straight - one stopped - rear-end,0,0,False,0
-122.316655659081,47.6583559542751,206313,307003,308283,E862647,Matched,Intersection,27087.0,11TH AVE NE AND NE 42ND ST, ,,2,Injury Collision,Angles,2,0,0,2,2,0,2018-11-14 00:00:00+00,11/14/2018 5:42:00 AM,At Intersection (intersection related),11,"MOTOR VEHICLE STRUCK MOTOR VEHICLE, FRONT END AT ANGLE",,False,Overcast,Wet,Dark - Street Lights On,,,,10.0,Entering at angle,0,0,False,0
-122.311926281462,47.6752743968342,206314,306677,307957,3811330,Matched,Block,,15TH AVE NE BETWEEN NE 63RD ST AND NE 65TH ST, ,,1,Property Damage Only Collision,Sideswipe,2,0,0,2,0,0,2018-10-19 00:00:00+00,10/19/2018 11:54:00 AM,Mid-Block (not related to intersection),11,"MOTOR VEHICLE STRUCK MOTOR VEHICLE, FRONT END AT ANGLE",,False,Clear or Partly Cloudy,Dry,Daylight,,,,11.0,From same direction - both going straight - both moving - sideswipe,0,0,False,0
-122.27400920809,47.5369453304261,206315,306676,307956,3811203,Matched,Block,,S OTHELLO ST BETWEEN 46TH AVE S AND 48TH AVE S, ,,1,Property Damage Only Collision,Angles,2,0,0,2,0,0,2018-11-11 00:00:00+00,11/11/2018 11:57:00 AM,Driveway Junction,11,"MOTOR VEHICLE STRUCK MOTOR VEHICLE, FRONT END AT ANGLE",,False,Clear or Partly Cloudy,Dry,Daylight,,,,10.0,Entering at angle,0,0,False,0
-122.347327663326,47.6566571286959,206316,307002,308282,E862646,Matched,Intersection,26979.0,AURORA AVE N AND N 41ST ST, ,,2b,Serious Injury Collision,Other,1,0,0,1,1,0,2018-11-13 00:00:00+00,11/13/2018 3:29:00 AM,At Intersection (intersection related),28,MOTOR VEHICLE RAN OFF ROAD - HIT FIXED OBJECT,,False,Clear or Partly Cloudy,Dry,Dark - Street Lights On,,,,50.0,Fixed object,0,0,False,1
-122.278036716713,47.5370560946484,206318,307177,308457,3814981,Matched,Intersection,34474.0,44TH AVE S AND S OTHELLO ST, ,,2,Injury Collision,Left Turn,4,0,0,2,1,0,2018-11-25 00:00:00+00,11/25/2018 5:36:00 PM,At Intersection (intersection related),11,"MOTOR VEHICLE STRUCK MOTOR VEHICLE, FRONT END AT ANGLE",,True,Clear or Partly Cloudy,Wet,Dark - Street Lights On,,,,28.0,From opposite direction - one left turn - one straight,0,0,False,0
-122.307357416695,47.6200747553146,206319,307510,308790,3814468,Matched,Block,,19TH AVE E BETWEEN E JOHN ST AND E THOMAS ST, ,,1,Property Damage Only Collision,Parked Car,2,0,0,2,0,0,2018-11-06 00:00:00+00,11/6/2018 6:30:00 PM,Mid-Block (not related to intersection),11,"MOTOR VEHICLE STRUCK MOTOR VEHICLE, FRONT END AT ANGLE",,False,Raining,Wet,Dark - Street Lights Off,,,,32.0,One parked--one moving,0,0,True,0
-122.290192678657,47.6685116559084,206321,307505,308785,3753973,Matched,Intersection,26213.0,35TH AVE NE AND NE 55TH ST, ,,2,Injury Collision,Pedestrian,2,1,0,1,1,0,2018-11-07 00:00:00+00,11/7/2018 3:00:00 PM,At Intersection (intersection related),24,MOTOR VEHCILE STRUCK PEDESTRIAN,,False,Clear or Partly Cloudy,Dry,Daylight,,,,2.0,Vehicle turning left hits pedestrian,0,521390,False,0
-122.334201368884,47.5787707065475,206322,306669,307949,3811179,Matched,Block,,1ST AVE S BETWEEN S LANDER ST AND S FOREST ST, ,,1,Property Damage Only Collision,Other,4,0,0,2,0,0,2018-11-10 00:00:00+00,11/10/2018 2:54:00 PM,Mid-Block (not related to intersection),26,MOTOR VEHICLE STRUCK OBJECT IN ROAD,,False,Clear or Partly Cloudy,Dry,Daylight,,,,17.0,Strikes or Was Struck by Object from the Load of Another Vehicle,0,0,False,0
-122.390241026273,47.6451703751052,206323,307327,308607,3811387,Matched,Block,,26TH AVE W BETWEEN W ARMOUR ST AND W FULTON S ST, ,,1,Property Damage Only Collision,Parked Car,2,0,0,2,0,0,2018-10-28 00:00:00+00,10/28/2018 6:00:00 PM,Mid-Block (not related to intersection),11,"MOTOR VEHICLE STRUCK MOTOR VEHICLE, FRONT END AT ANGLE",,False,Unknown,Unknown,Unknown,,,,32.0,One parked--one moving,0,0,True,0
-122.318140950053,47.614094432423,206325,305542,306822,3814200,Matched,Intersection,29747.0,11TH AVE AND E PIKE ST, ,,1,Property Damage Only Collision,Rear Ended,2,0,0,2,0,0,2018-10-17 00:00:00+00,10/17/2018 9:10:00 AM,At Intersection (but not related to intersection),14,"MOTOR VEHICLE STRUCK MOTOR VEHICLE, REAR END",,False,Clear or Partly Cloudy,Dry,Daylight,,,,14.0,From same direction - both going straight - one stopped - rear-end,0,0,False,0
-122.298150713512,47.5783500437791,206326,305543,306823,3814963,Matched,Intersection,31482.0,RAINIER AVE S AND S MCCLELLAN ST, ,,1,Property Damage Only Collision,Rear Ended,3,0,0,2,0,0,2018-10-03 00:00:00+00,10/3/2018 8:19:00 AM,At Intersection (but not related to intersection),14,"MOTOR VEHICLE STRUCK MOTOR VEHICLE, REAR END",,False,Clear or Partly Cloudy,Dry,Daylight,,,,13.0,From same direction - both going straight - both moving - rear-end,0,0,False,0
-122.318233925807,47.6199271844004,206327,305541,306821,3814194,Matched,Intersection,29054.0,11TH AVE E AND E JOHN ST, ,,1,Property Damage Only Collision,Sideswipe,2,0,0,2,0,0,2018-10-07 00:00:00+00,10/7/2018 10:57:00 PM,At Intersection (but not related to intersection),14,"MOTOR VEHICLE STRUCK MOTOR VEHICLE, REAR END",,False,Raining,Wet,Dark - Street Lights On,,,,11.0,From same direction - both going straight - both moving - sideswipe,0,0,False,0
-122.269986039452,47.5233072678934,206329,305540,306820,E849225,Matched,Intersection,35443.0,RAINIER AVE S AND S HENDERSON ST, ,,1,Property Damage Only Collision,Sideswipe,2,0,0,2,0,0,2018-10-12 00:00:00+00,10/12/2018 3:07:00 AM,At Intersection (intersection related),11,"MOTOR VEHICLE STRUCK MOTOR VEHICLE, FRONT END AT ANGLE",,False,Clear or Partly Cloudy,Dry,Dark - Street Lights On,,,,11.0,From same direction - both going straight - both moving - sideswipe,0,0,False,0
-122.34793329662,47.7250374752062,206330,304504,305764,E835732,Matched,Block,,LINDEN AVE N BETWEEN N 130TH ST AND N 135TH ST, ,,1,Property Damage Only Collision,Sideswipe,3,0,0,2,0,0,2018-08-02 00:00:00+00,8/2/2018 4:04:00 PM,Mid-Block (not related to intersection),14,"MOTOR VEHICLE STRUCK MOTOR VEHICLE, REAR END",,False,Overcast,Dry,Daylight,,,,12.0,From same direction - both going straight - one stopped - sideswipe,0,0,False,0
-122.378956524969,47.6906024647837,206331,304503,305763,E835463,Matched,Intersection,36986.0,17TH AVE NW AND NW 85TH ST, ,,1,Property Damage Only Collision,Angles,4,0,0,2,0,0,2018-06-29 00:00:00+00,6/29/2018 10:49:00 PM,At Intersection (intersection related),14,"MOTOR VEHICLE STRUCK MOTOR VEHICLE, REAR END",,False,Clear or Partly Cloudy,Dry,Dark - Street Lights On,,,,10.0,Entering at angle,0,0,False,0
-122.320915197474,47.6225571286373,206332,305539,306819,3814173,Matched,Block,,BROADWAY E BETWEEN E HARRISON ST AND E REPUBLICAN ST, ,,1,Property Damage Only Collision,Parked Car,2,0,0,2,0,0,2018-10-04 00:00:00+00,10/4/2018 2:10:00 PM,Mid-Block (not related to intersection),14,"MOTOR VEHICLE STRUCK MOTOR VEHICLE, REAR END",,False,Clear or Partly Cloudy,Dry,Daylight,,,,32.0,One parked--one moving,0,0,True,0
-122.312756599236,47.6170398804617,206333,305538,306818,3814172,Matched,Block,,15TH AVE BETWEEN E OLIVE ST AND E HOWELL ST, ,,1,Property Damage Only Collision,Parked Car,2,0,0,2,0,0,2018-10-03 00:00:00+00,10/3/2018 10:39:00 PM,Mid-Block (not related to intersection),11,"MOTOR VEHICLE STRUCK MOTOR VEHICLE, FRONT END AT ANGLE",,False,Overcast,Dry,Dark - Street Lights On,,,,32.0,One parked--one moving,0,0,True,0
-122.321737023157,47.5991845839834,206334,304502,305762,3818363,Matched,Block,,S JACKSON ST BETWEEN 8TH AVE S AND 9TH AVE S, ,,1,Property Damage Only Collision,Parked Car,2,0,0,2,0,0,2018-09-22 00:00:00+00,9/22/2018 8:30:00 PM,Mid-Block (not related to intersection),14,"MOTOR VEHICLE STRUCK MOTOR VEHICLE, REAR END",,False,Clear or Partly Cloudy,Dry,Dark - Street Lights On,,,,32.0,One parked--one moving,0,0,True,0
-122.336702989304,47.5892864593727,206335,304501,305761,3818362,Matched,Block,,COLORADO AVE S BETWEEN S ATLANTIC ST AND S MASSACHUSETTS ST, ,,1,Property Damage Only Collision,Angles,2,0,0,2,0,0,2018-09-22 00:00:00+00,9/22/2018 6:37:00 PM,Driveway Junction,11,"MOTOR VEHICLE STRUCK MOTOR VEHICLE, FRONT END AT ANGLE",,True,Clear or Partly Cloudy,Dry,Dusk,,,,10.0,Entering at angle,0,0,False,0
-122.337039680494,47.6114389613005,206336,305537,306817,3811771,Matched,Block,,PINE ST BETWEEN 4TH AVE AND 5TH AVE, ,,1,Property Damage Only Collision,Parked Car,2,0,0,2,0,0,2018-10-06 00:00:00+00,10/6/2018 3:52:00 PM,Mid-Block (not related to intersection),11,"MOTOR VEHICLE STRUCK MOTOR VEHICLE, FRONT END AT ANGLE",,False,Clear or Partly Cloudy,Dry,Daylight,,,,32.0,One parked--one moving,0,0,False,0
-122.361985887274,47.6869384805259,206337,304499,305759,3814940,Matched,Block,,NW 80TH ST BETWEEN 3RD AVE NW AND 6TH AVE NW, ,,1,Property Damage Only Collision,Parked Car,2,0,0,2,0,0,2018-09-21 00:00:00+00,9/21/2018 7:30:00 AM,Mid-Block (not related to intersection),0,NOT ENOUGH INFORMATION / NOT APPLICABLE,True,False,Clear or Partly Cloudy,Dry,Dark - Street Lights On,,,,32.0,One parked--one moving,0,0,True,0
-122.316900576306,47.6181831561728,206338,304497,305757,3814267,Matched,Block,,12TH AVE BETWEEN E HOWELL ST AND E DENNY WAY, ,,1,Property Damage Only Collision,Parked Car,2,0,0,2,0,0,2018-09-21 00:00:00+00,9/21/2018 7:28:00 PM,Mid-Block (not related to intersection),14,"MOTOR VEHICLE STRUCK MOTOR VEHICLE, REAR END",,False,Clear or Partly Cloudy,Dry,Dusk,,,,32.0,One parked--one moving,0,0,False,0
-122.325859621228,47.6050900042242,206339,305363,306643,3814047,Matched,Intersection,29961.0,8TH AVE AND JAMES ST, ,,2,Injury Collision,Pedestrian,2,0,1,1,1,0,2018-10-11 00:00:00+00,10/11/2018 9:25:00 AM,At Intersection (intersection related),18,"MOTOR VEHICLE STRUCK PEDALCYCLIST, FRONT END AT ANGLE",True,False,Clear or Partly Cloudy,Dry,Daylight,True,,,5.0,Vehicle Strikes Pedalcyclist,0,0,False,0
-122.297837354002,47.5779391615009,206340,305545,306825,E849447,Matched,Block,,RAINIER AVE S BETWEEN S MCCLELLAN ST AND S FOREST ST, ,,2,Injury Collision,Rear Ended,5,0,0,3,3,0,2018-10-04 00:00:00+00,10/4/2018 8:06:00 PM,Mid-Block (not related to intersection),14,"MOTOR VEHICLE STRUCK MOTOR VEHICLE, REAR END",,False,Clear or Partly Cloudy,Dry,Dark - Street Lights On,,,,14.0,From same direction - both going straight - one stopped - rear-end,0,0,False,0
-122.339195303169,47.6172590653744,206341,305362,306642,3811982,Matched,Intersection,29521.0,8TH AVE AND BLANCHARD ST, ,,2,Injury Collision,Pedestrian,3,0,1,1,1,0,2018-10-13 00:00:00+00,10/13/2018 8:09:00 PM,At Intersection (intersection related),18,"MOTOR VEHICLE STRUCK PEDALCYCLIST, FRONT END AT ANGLE",True,False,Clear or Partly Cloudy,Dry,Dark - Street Lights Off,,,,5.0,Vehicle Strikes Pedalcyclist,0,0,False,0
-122.293808551025,47.7337639175592,206342,307693,308973,E851285,Matched,Intersection,35988.0,32ND AVE NE AND NE 145TH ST, ,,1,Property Damage Only Collision,Angles,2,0,0,2,0,0,2018-10-11 00:00:00+00,10/11/2018 11:37:00 AM,At Intersection (intersection related),11,"MOTOR VEHICLE STRUCK MOTOR VEHICLE, FRONT END AT ANGLE",,False,Clear or Partly Cloudy,Dry,Daylight,,,,10.0,Entering at angle,0,0,False,0
-122.316844987227,47.6146824826778,206343,305701,306981,3814195,Matched,Block,,12TH AVE BETWEEN E PIKE ST AND E PINE ST, ,,1,Property Damage Only Collision,Parked Car,3,0,0,2,0,0,2018-10-07 00:00:00+00,10/7/2018 11:43:00 PM,Mid-Block (not related to intersection),14,"MOTOR VEHICLE STRUCK MOTOR VEHICLE, REAR END",True,False,Clear or Partly Cloudy,Dry,Dark - Street Lights On,,,,32.0,One parked--one moving,0,0,False,0
-122.302523581896,47.6196876683795,206344,305699,306979,3814050,Matched,Block,,23RD AVE E BETWEEN E MADISON ST AND E JOHN ST, ,,1,Property Damage Only Collision,Rear Ended,3,0,0,2,0,0,2018-10-13 00:00:00+00,10/13/2018 4:10:00 PM,Mid-Block (but intersection related),14,"MOTOR VEHICLE STRUCK MOTOR VEHICLE, REAR END",True,False,Clear or Partly Cloudy,Dry,Daylight,,,,14.0,From same direction - both going straight - one stopped - rear-end,0,0,False,0
-122.339591913956,47.6116291351253,206345,305361,306641,3789030,Matched,Intersection,29564.0,3RD AVE AND STEWART ST, ,,2,Injury Collision,Pedestrian,2,1,0,1,1,0,2018-10-13 00:00:00+00,10/13/2018 1:02:00 PM,At Intersection (intersection related),24,MOTOR VEHCILE STRUCK PEDESTRIAN,True,False,Clear or Partly Cloudy,Dry,Daylight,,,,1.0,Vehicle turning right hits pedestrian,0,523014,False,0
-122.328078578054,47.6041612345606,206346,307692,308972,E851047,Matched,Intersection,29973.0,6TH AVE AND JAMES ST, ,,2,Injury Collision,Right Turn,5,0,0,2,3,0,2018-10-20 00:00:00+00,10/20/2018 2:07:00 AM,At Intersection (but not related to intersection),11,"MOTOR VEHICLE STRUCK MOTOR VEHICLE, FRONT END AT ANGLE",,False,Clear or Partly Cloudy,Dry,Dark - Street Lights On,,,,16.0,From same direction - one right turn - one straight,0,0,False,0
-122.334846956374,47.5290045409556,206348,307689,308969,E850892,Matched,Block,,1ST AVE S BETWEEN SW KENYON ST AND S CLOVERDALE W ST, ,,1,Property Damage Only Collision,Rear Ended,3,0,0,3,0,0,2018-10-17 00:00:00+00,10/17/2018 6:30:00 AM,Mid-Block (not related to intersection),14,"MOTOR VEHICLE STRUCK MOTOR VEHICLE, REAR END",,False,Fog/Smog/Smoke,Dry,Dark - No Street Lights,,,True,14.0,From same direction - both going straight - one stopped - rear-end,0,0,False,0
-122.326908906789,47.5256273642862,206349,307674,308954,3745775,Matched,Block,,S DONOVAN ST BETWEEN 5TH AVE S AND 7TH AVE S, ,,1,Property Damage Only Collision,Parked Car,2,0,0,2,0,0,2018-11-26 00:00:00+00,11/26/2018 1:52:00 PM,Mid-Block (not related to intersection),16,"MOTOR VEHICLE STRUCK MOTOR VEHICLE, LEFT SIDE SIDESWIPE",,False,Raining,Wet,Unknown,,,,32.0,One parked--one moving,0,0,True,0