longitude,latitude,objectid,inckey,coldetkey,reportno,status,addrtype,intkey,location,exceptrsncode,exceptrsndesc,severitycode,severitydesc,collisiontype,personcount,pedcount,pedcylcount,vehcount,injuries,fatalities,incdate,incdttm,junctiontype,sdot_colcode,sdot_coldesc,inattentionind,underinfl,weather,roadcond,lightcond,pedrownotgrnt,sdotcolnum,speeding,st_colcode,st_coldesc,seglanekey,crosswalkkey,hitparkedcar,seriousinjuries
-122.391167873378,47.7008365814923,206350,305360,306640,3786872,Matched,Intersection,36992.0,TRITON DR NW AND NW NORTH BEACH DR, ,,1,Property Damage Only Collision,Angles,3,0,0,2,0,0,2018-10-10 00:00:00+00,10/10/2018 11:05:00 AM,At Intersection (intersection related),11,"MOTOR VEHICLE STRUCK MOTOR VEHICLE, FRONT END AT ANGLE",,False,Clear or Partly Cloudy,Dry,Daylight,,,,10.0,Entering at angle,0,0,False,0
-122.376215088348,47.6682777611481,206351,305697,306977,E848173,Matched,Block,,15TH AVE NW BETWEEN NW 54TH ST AND NW MARKET ST, ,,1,Property Damage Only Collision,Rear Ended,2,0,0,2,0,0,2018-10-07 00:00:00+00,10/7/2018 9:47:00 AM,Mid-Block (not related to intersection),14,"MOTOR VEHICLE STRUCK MOTOR VEHICLE, REAR END",,False,Raining,Wet,Daylight,,,,13.0,From same direction - both going straight - both moving - rear-end,0,0,False,0
-122.290640379582,47.6930973314698,206352,305359,306639,3767140,Matched,Intersection,37935.0,35TH AVE NE AND NE 89TH ST, ,,2,Injury Collision,Angles,2,0,0,2,1,0,2018-10-13 00:00:00+00,10/13/2018 2:33:00 PM,At Intersection (intersection related),11,"MOTOR VEHICLE STRUCK MOTOR VEHICLE, FRONT END AT ANGLE",True,False,Clear or Partly Cloudy,Dry,Daylight,,,,10.0,Entering at angle,0,0,False,0
-122.284958677573,47.5641217926311,206353,305358,306638,3756147,Matched,Intersection,32712.0,38TH AVE S AND S GENESEE ST, ,,2,Injury Collision,Pedestrian,2,0,1,1,1,0,2018-10-05 00:00:00+00,10/5/2018 4:50:00 PM,At Intersection (intersection related),18,"MOTOR VEHICLE STRUCK PEDALCYCLIST, FRONT END AT ANGLE",,False,Raining,Wet,Daylight,,,,5.0,Vehicle Strikes Pedalcyclist,0,0,False,0
-122.334192276297,47.5940397305147,206354,305681,306961,3812375,Matched,Block,,1ST AVE S BETWEEN RAILROAD S WAY S AND S ROYAL BROUGHAM WAY, ,,2,Injury Collision,Left Turn,7,0,0,2,2,0,2018-09-24 00:00:00+00,9/24/2018 6:37:00 PM,Mid-Block (not related to intersection),11,"MOTOR VEHICLE STRUCK MOTOR VEHICLE, FRONT END AT ANGLE",,False,Clear or Partly Cloudy,Dry,Daylight,,,,15.0,From same direction - one left turn - one straight,0,0,False,0
-122.377369823248,47.5228674465872,206355,307673,308953,3731773,Matched,Block,,SW HENDERSON ST BETWEEN 35TH AVE SW AND 36TH AVE SW, ,,1,Property Damage Only Collision,Parked Car,2,0,0,2,0,0,2018-11-26 00:00:00+00,11/26/2018 9:33:00 AM,Mid-Block (not related to intersection),14,"MOTOR VEHICLE STRUCK MOTOR VEHICLE, REAR END",,False,Unknown,Unknown,Unknown,,,,32.0,One parked--one moving,0,0,True,0
-122.376627477778,47.5326406043795,206356,307672,308952,2796493,Matched,Block,,35TH AVE SW BETWEEN SW HOLDEN S ST AND SW KENYON ST, ,,1,Property Damage Only Collision,Rear Ended,3,0,0,3,0,0,2018-11-24 00:00:00+00,11/24/2018 11:44:00 AM,Mid-Block (not related to intersection),14,"MOTOR VEHICLE STRUCK MOTOR VEHICLE, REAR END",,False,Clear or Partly Cloudy,Dry,Daylight,,,,14.0,From same direction - both going straight - one stopped - rear-end,0,0,False,0
-122.339558313497,47.6083233991142,206357,305680,306960,3811983,Matched,Block,,1ST AVE BETWEEN UNION ST AND PIKE ST, ,,1,Property Damage Only Collision,Rear Ended,6,0,0,2,0,0,2018-10-13 00:00:00+00,10/13/2018 9:47:00 PM,Mid-Block (not related to intersection),14,"MOTOR VEHICLE STRUCK MOTOR VEHICLE, REAR END",,False,Clear or Partly Cloudy,Dry,Dark - Street Lights On,,,,14.0,From same direction - both going straight - one stopped - rear-end,0,0,False,0
-122.346058272615,47.517307193413,206358,307661,308941,E849733,Matched,Block,,SW ROXBURY ST BETWEEN 8TH AVE SW AND 9TH AVE SW, ,,1,Property Damage Only Collision,Rear Ended,3,0,0,2,0,0,2018-10-15 00:00:00+00,10/15/2018 2:15:00 PM,Mid-Block (not related to intersection),14,"MOTOR VEHICLE STRUCK MOTOR VEHICLE, REAR END",,False,Clear or Partly Cloudy,Dry,Daylight,,,,13.0,From same direction - both going straight - both moving - rear-end,0,0,False,0
-122.356093596582,47.6477737940859,206361,305679,306959,3811981,Matched,Block,,ETRURIA ST BETWEEN QUEEN ANNE AVE N AND WARREN AVE N, ,,1,Property Damage Only Collision,Parked Car,2,0,0,2,0,0,2018-10-13 00:00:00+00,10/13/2018 10:30:00 AM,Mid-Block (not related to intersection),15,"MOTOR VEHICLE STRUCK MOTOR VEHICLE, RIGHT SIDE SIDESWIPE",,False,Clear or Partly Cloudy,Dry,Daylight,,,,32.0,One parked--one moving,0,0,True,0
-122.349741010297,47.6461470273324,206362,305356,306636,3753820,Matched,Intersection,28057.0,NICKERSON ST AND WESTLAKE AVE N, ,,1,Property Damage Only Collision,Sideswipe,2,0,0,2,0,0,2018-10-11 00:00:00+00,10/11/2018 5:54:00 AM,At Intersection (intersection related),11,"MOTOR VEHICLE STRUCK MOTOR VEHICLE, FRONT END AT ANGLE",,False,Clear or Partly Cloudy,Dry,Dark - Street Lights On,,,,81.0,Same direction -- both turning left -- both moving -- sideswipe,0,0,False,0
-122.349575506007,47.6429729147406,206365,306002,307282,E853013,Matched,Intersection,28069.0,4TH AVE N AND RAYE ST, ,,1,Property Damage Only Collision,Angles,3,0,0,2,0,0,2018-10-10 00:00:00+00,10/10/2018 4:38:00 PM,At Intersection (intersection related),11,"MOTOR VEHICLE STRUCK MOTOR VEHICLE, FRONT END AT ANGLE",True,False,Clear or Partly Cloudy,Dry,Daylight,,,,10.0,Entering at angle,0,0,False,0
-122.376211451145,47.6719937116892,206368,306379,307659,E854871,Matched,Block,,15TH AVE NW BETWEEN NW 59TH ST AND NW 60TH ST, ,,1,Property Damage Only Collision,Rear Ended,3,0,0,2,0,0,2018-10-27 00:00:00+00,10/27/2018 4:28:00 PM,Mid-Block (but intersection related),14,"MOTOR VEHICLE STRUCK MOTOR VEHICLE, REAR END",,False,Raining,Wet,Daylight,,,,14.0,From same direction - both going straight - one stopped - rear-end,0,0,False,0
-122.294313653205,47.6739766056311,206369,306533,307813,E857437,Matched,Intersection,25893.0,31ST AVE NE AND NE 62ND ST, ,,1,Property Damage Only Collision,Angles,2,0,0,2,0,0,2018-10-31 00:00:00+00,10/31/2018 8:55:00 AM,At Intersection (intersection related),11,"MOTOR VEHICLE STRUCK MOTOR VEHICLE, FRONT END AT ANGLE",True,False,Clear or Partly Cloudy,Dry,Daylight,,,,10.0,Entering at angle,0,0,False,0
-122.307936698455,47.5469809772069,206370,305999,307279,3818799,Matched,Intersection,33396.0,SWIFT AVE S AND S GRAHAM ST, ,,1,Property Damage Only Collision,Sideswipe,2,0,0,2,0,0,2018-10-24 00:00:00+00,10/24/2018 8:41:00 AM,At Intersection (but not related to intersection),14,"MOTOR VEHICLE STRUCK MOTOR VEHICLE, REAR END",,False,Clear or Partly Cloudy,Dry,Daylight,,,,12.0,From same direction - both going straight - one stopped - sideswipe,0,0,False,0
-122.38055647241,47.6629976462999,206372,306377,307657,E854870,Matched,Block,,SHILSHOLE AVE NW BETWEEN 17TH AVE NW AND NW DOCK PL, ,,1,Property Damage Only Collision,Rear Ended,2,0,0,2,0,0,2018-10-27 00:00:00+00,10/27/2018 1:08:00 PM,Mid-Block (not related to intersection),14,"MOTOR VEHICLE STRUCK MOTOR VEHICLE, REAR END",,False,Overcast,Dry,Daylight,,,,13.0,From same direction - both going straight - both moving - rear-end,0,0,False,0
-122.322397202836,47.6337800691366,206373,305998,307278,3814452,Matched,Block,,LAKEVIEW BLVD E BETWEEN BOYLSTON S AVE E AND E GARFIELD ST, ,,1,Property Damage Only Collision,Parked Car,2,0,0,2,0,0,2018-10-28 00:00:00+00,10/28/2018 6:23:00 PM,Mid-Block (not related to intersection),14,"MOTOR VEHICLE STRUCK MOTOR VEHICLE, REAR END",True,True,Raining,Wet,Dark - Street Lights On,,,,32.0,One parked--one moving,0,0,True,0
-122.372172029895,47.6686636495222,206374,306384,307664,E854874,Matched,Block,,NW MARKET ST BETWEEN 11TH AVE NW AND 14TH AVE NW, ,,1,Property Damage Only Collision,Rear Ended,2,0,0,2,0,0,2018-10-28 00:00:00+00,10/28/2018 3:03:00 PM,Mid-Block (but intersection related),14,"MOTOR VEHICLE STRUCK MOTOR VEHICLE, REAR END",,False,Raining,Wet,Daylight,,,,14.0,From same direction - both going straight - one stopped - rear-end,0,0,False,0
-122.297317916981,47.6016573009196,206376,305997,307277,3814453,Matched,Block,,E YESLER WAY BETWEEN 27TH AVE AND M L KING JR WAY, ,,1,Property Damage Only Collision,Other,1,0,0,1,0,0,2018-10-28 00:00:00+00,10/28/2018 9:37:00 PM,Mid-Block (not related to intersection),28,MOTOR VEHICLE RAN OFF ROAD - HIT FIXED OBJECT,,False,Raining,Wet,Dark - Street Lights Off,,,,50.0,Fixed object,0,0,False,0
-122.30061023064,47.6671211675384,206377,306206,307486,3695674,Matched,Block,,25TH AVE NE BETWEEN NE BLAKELEY ST AND NE 54TH ST, ,,2,Injury Collision,Parked Car,4,0,0,3,1,0,2018-10-30 00:00:00+00,10/30/2018 5:56:00 AM,Mid-Block (not related to intersection),14,"MOTOR VEHICLE STRUCK MOTOR VEHICLE, REAR END",,False,Clear or Partly Cloudy,Dry,Dark - Street Lights On,,,,32.0,One parked--one moving,0,0,False,0
-122.298567976883,47.6207718697602,206378,305983,307263,3814476,Matched,Block,,26TH AVE E BETWEEN E JOHN ST AND E THOMAS ST, ,,1,Property Damage Only Collision,Other,1,0,0,1,0,0,2018-10-28 00:00:00+00,10/28/2018 3:54:00 PM,Mid-Block (not related to intersection),26,MOTOR VEHICLE STRUCK OBJECT IN ROAD,,False,Overcast,Wet,Daylight,,,,50.0,Fixed object,0,0,False,0
-122.353613963772,47.6745833804695,206379,306537,307817,E844716,Matched,Block,,N 63RD ST BETWEEN PHINNEY AVE N AND DAYTON AVE N, ,,1,Property Damage Only Collision,Parked Car,2,0,0,2,0,0,2018-09-28 00:00:00+00,9/28/2018 4:05:00 PM,Mid-Block (not related to intersection),0,NOT ENOUGH INFORMATION / NOT APPLICABLE,,False,Clear or Partly Cloudy,Dry,Daylight,,,,32.0,One parked--one moving,0,0,True,0
-122.311818832509,47.5485206896197,206380,305982,307262,3818796,Matched,Block,,S ALBRO PL BETWEEN CORGIAT DR S AND SWIFT AVE S, ,,2,Injury Collision,Rear Ended,3,0,0,3,1,0,2018-10-19 00:00:00+00,10/19/2018 5:50:00 PM,Mid-Block (not related to intersection),14,"MOTOR VEHICLE STRUCK MOTOR VEHICLE, REAR END",True,False,Clear or Partly Cloudy,Dry,Daylight,,,,14.0,From same direction - both going straight - one stopped - rear-end,0,0,False,0
-122.290854057602,47.7043463636152,206381,306205,307485,3328018,Matched,Block,,35TH AVE NE BETWEEN NE 104TH ST AND NE 105TH ST, ,,1,Property Damage Only Collision,Rear Ended,4,0,0,2,0,0,2018-10-26 00:00:00+00,10/26/2018 8:39:00 AM,Mid-Block (but intersection related),14,"MOTOR VEHICLE STRUCK MOTOR VEHICLE, REAR END",,False,Raining,Wet,Daylight,,,,14.0,From same direction - both going straight - one stopped - rear-end,0,0,False,0
-122.317413415092,47.6794702210355,206382,305846,307126,E851644,Matched,Intersection,24464.0,ROOSEVELT WAY NE AND NE 70TH ST, ,,2b,Serious Injury Collision,Pedestrian,2,1,0,1,1,0,2018-10-17 00:00:00+00,10/17/2018 5:04:00 PM,At Intersection (intersection related),24,MOTOR VEHCILE STRUCK PEDESTRIAN,,False,Clear or Partly Cloudy,Dry,Daylight,,,,0.0,Vehicle going straight hits pedestrian,0,0,False,1
-122.324283843858,47.6353678689043,206385,305845,307125,3811744,Matched,Block,,FRANKLIN AVE E BETWEEN E BLAINE ST AND E HOWE ST, ,,1,Property Damage Only Collision,Other,1,0,0,1,0,0,2018-10-15 00:00:00+00,10/15/2018 6:10:00 PM,Mid-Block (not related to intersection),28,MOTOR VEHICLE RAN OFF ROAD - HIT FIXED OBJECT,,False,Clear or Partly Cloudy,Dry,Daylight,,,,50.0,Fixed object,0,0,False,0
-122.327106775317,47.6408777583653,206386,306203,307483,E854791,Matched,Block,,YALE AVE E BETWEEN E LYNN ST AND E LOUISA ST, ,,2,Injury Collision,Angles,3,0,0,2,2,0,2018-10-15 00:00:00+00,10/15/2018 1:11:00 PM,Driveway Junction,11,"MOTOR VEHICLE STRUCK MOTOR VEHICLE, FRONT END AT ANGLE",,False,Clear or Partly Cloudy,Dry,Daylight,,,,10.0,Entering at angle,0,0,False,0
-122.355452745925,47.7050835411737,206387,306202,307482,E854790,Matched,Intersection,36419.0,GREENWOOD AVE N AND HOLMAN RD N, ,,1,Property Damage Only Collision,Sideswipe,2,0,0,2,0,0,2018-10-16 00:00:00+00,10/16/2018 12:30:00 PM,At Intersection (intersection related),11,"MOTOR VEHICLE STRUCK MOTOR VEHICLE, FRONT END AT ANGLE",True,False,Clear or Partly Cloudy,Dry,Daylight,,,,11.0,From same direction - both going straight - both moving - sideswipe,0,0,False,0
-122.370764559391,47.6650425531933,206388,306534,307814,E857438,Matched,Intersection,25445.0,11TH AVE NW AND NW 50TH ST, ,,1,Property Damage Only Collision,Angles,2,0,0,2,0,0,2018-09-28 00:00:00+00,9/28/2018 9:13:00 AM,At Intersection (intersection related),11,"MOTOR VEHICLE STRUCK MOTOR VEHICLE, FRONT END AT ANGLE",,False,Clear or Partly Cloudy,Dry,Daylight,,,,10.0,Entering at angle,0,0,False,0
-122.296739141102,47.5717542461777,206389,305844,307124,3811035,Matched,Block,,M L KING JR ER WAY S BETWEEN S WALDEN ST AND RENTON N AVE S, ,,2,Injury Collision,Rear Ended,2,0,0,2,1,0,2018-10-16 00:00:00+00,10/16/2018 5:32:00 AM,Mid-Block (not related to intersection),14,"MOTOR VEHICLE STRUCK MOTOR VEHICLE, REAR END",,False,Clear or Partly Cloudy,Dry,Dawn,,,,14.0,From same direction - both going straight - one stopped - rear-end,0,0,False,0
-122.307427015642,47.6159988168642,206390,306201,307481,E854789,Matched,Block,,19TH AVE BETWEEN E PINE ST AND E MADISON ST, ,,1,Property Damage Only Collision,Parked Car,3,0,0,2,0,0,2018-10-12 00:00:00+00,10/12/2018 10:58:00 AM,Mid-Block (not related to intersection),11,"MOTOR VEHICLE STRUCK MOTOR VEHICLE, FRONT END AT ANGLE",,False,Clear or Partly Cloudy,Dry,Daylight,,,,20.0,One car leaving parked position,0,0,False,0
-122.344896078772,47.7171731009263,206391,305843,307123,3810478,Matched,Block,,AURORA AVE N BETWEEN N 117TH PL AND N 125TH ST, ,,2,Injury Collision,Rear Ended,3,0,0,3,1,0,2018-10-15 00:00:00+00,10/15/2018 8:36:00 PM,Mid-Block (not related to intersection),14,"MOTOR VEHICLE STRUCK MOTOR VEHICLE, REAR END",True,False,Clear or Partly Cloudy,Dry,Dark - Street Lights On,,,,14.0,From same direction - both going straight - one stopped - rear-end,0,0,False,0
-122.311881344463,47.6685399956098,206392,305842,307122,E851639,Matched,Intersection,26013.0,15TH AVE NE AND NE 55TH ST, ,,1,Property Damage Only Collision,Angles,3,0,0,3,0,0,2018-10-19 00:00:00+00,10/19/2018 12:05:00 PM,At Intersection (intersection related),11,"MOTOR VEHICLE STRUCK MOTOR VEHICLE, FRONT END AT ANGLE",,False,Clear or Partly Cloudy,Dry,Daylight,,,,10.0,Entering at angle,0,0,False,0
-122.311926833112,47.6656591790246,206393,306382,307662,E854859,Matched,Block,,15TH AVE NE BETWEEN NE 50TH ST AND NE 52ND ST, ,,1,Property Damage Only Collision,Left Turn,2,0,0,2,0,0,2018-10-25 00:00:00+00,10/25/2018 5:47:00 PM,Mid-Block (not related to intersection),11,"MOTOR VEHICLE STRUCK MOTOR VEHICLE, FRONT END AT ANGLE",,False,Raining,Wet,Dark - Street Lights On,,,,28.0,From opposite direction - one left turn - one straight,0,0,False,0
-122.339897823156,47.6628660743224,206394,306199,307479,E854787,Matched,Block,,N 47TH ST BETWEEN INTERLAKE AVE N AND WOODLAWN AVE N, ,,1,Property Damage Only Collision,Parked Car,2,0,0,2,0,0,2018-10-16 00:00:00+00,10/16/2018 9:30:00 AM,Mid-Block (not related to intersection),11,"MOTOR VEHICLE STRUCK MOTOR VEHICLE, FRONT END AT ANGLE",,False,Clear or Partly Cloudy,Dry,Daylight,,,,32.0,One parked--one moving,0,0,False,0
-122.359310010169,47.6869398154853,206395,306198,307478,E854786,Matched,Block,,NW 80TH ST BETWEEN 1ST AVE NW AND 3RD AVE NW, ,,2,Injury Collision,Rear Ended,4,0,0,2,3,0,2018-10-11 00:00:00+00,10/11/2018 9:11:00 AM,Mid-Block (not related to intersection),14,"MOTOR VEHICLE STRUCK MOTOR VEHICLE, REAR END",True,False,Clear or Partly Cloudy,Dry,Daylight,,,,14.0,From same direction - both going straight - one stopped - rear-end,0,0,False,0
-122.323459466046,47.6408766614061,206396,305841,307121,3753824,Matched,Block,,BOYLSTON AVE E BETWEEN E LYNN ST AND E LOUISA ST, ,,2,Injury Collision,Sideswipe,2,0,0,2,1,0,2018-10-16 00:00:00+00,10/16/2018 8:29:00 PM,Mid-Block (not related to intersection),11,"MOTOR VEHICLE STRUCK MOTOR VEHICLE, FRONT END AT ANGLE",,False,Clear or Partly Cloudy,Dry,Dark - Street Lights On,,,,11.0,From same direction - both going straight - both moving - sideswipe,0,0,False,0
-122.350548730042,47.6465165718313,206397,305840,307120,3751413,Matched,Block,,NICKERSON ST BETWEEN FLORENTIA ST AND WESTLAKE AVE N, ,,1,Property Damage Only Collision,Sideswipe,2,0,0,2,0,0,2018-10-16 00:00:00+00,10/16/2018 7:45:00 AM,Mid-Block (not related to intersection),11,"MOTOR VEHICLE STRUCK MOTOR VEHICLE, FRONT END AT ANGLE",,False,Clear or Partly Cloudy,Dry,Daylight,,,,11.0,From same direction - both going straight - both moving - sideswipe,0,0,False,0
-122.349138174404,47.6137545056127,206398,306005,307285,E853066,Matched,Block,,WESTERN AVE BETWEEN BATTERY ST AND WALL ST, ,,1,Property Damage Only Collision,Sideswipe,3,0,0,2,0,0,2018-10-25 00:00:00+00,10/25/2018 12:08:00 PM,Mid-Block (not related to intersection),11,"MOTOR VEHICLE STRUCK MOTOR VEHICLE, FRONT END AT ANGLE",,False,Raining,Wet,Daylight,,,,11.0,From same direction - both going straight - both moving - sideswipe,0,0,False,0
-122.299674552204,47.7101904666954,206399,305839,307119,E851651,Matched,Block,,NE 113TH ST BETWEEN LAKE CITY WAY NE AND 27TH AVE NE, ,,1,Property Damage Only Collision,Angles,2,0,0,2,0,0,2018-10-16 00:00:00+00,10/16/2018 2:44:00 PM,Mid-Block (not related to intersection),11,"MOTOR VEHICLE STRUCK MOTOR VEHICLE, FRONT END AT ANGLE",True,False,Clear or Partly Cloudy,Dry,Daylight,,,,10.0,Entering at angle,0,0,True,0
-122.406062975598,47.6724142521182,206400,306381,307661,E854872,Matched,Block,,SEAVIEW AVE NW BETWEEN 38TH AVE NW AND NW 61ST ST, ,,1,Property Damage Only Collision,Other,1,0,0,1,0,0,2018-10-28 00:00:00+00,10/28/2018 2:00:00 AM,Mid-Block (not related to intersection),28,MOTOR VEHICLE RAN OFF ROAD - HIT FIXED OBJECT,,False,Raining,Wet,Dark - Street Lights On,,,,50.0,Fixed object,0,0,False,0
-122.330952062736,47.6039484404794,206401,306003,307283,E853064,Matched,Intersection,29971.0,4TH AVE AND CHERRY ST, ,,1,Property Damage Only Collision,Rear Ended,3,0,0,2,0,0,2018-10-25 00:00:00+00,10/25/2018 11:28:00 AM,At Intersection (intersection related),14,"MOTOR VEHICLE STRUCK MOTOR VEHICLE, REAR END",,False,Raining,Wet,Daylight,,,,13.0,From same direction - both going straight - both moving - rear-end,0,0,False,0
-122.347887135614,47.6153610042307,206403,306536,307816,E857760,Matched,Intersection,29687.0,2ND AVE AND WALL ST, ,,1,Property Damage Only Collision,Parked Car,2,0,0,2,0,0,2018-10-31 00:00:00+00,10/31/2018 11:07:00 AM,At Intersection (intersection related),28,MOTOR VEHICLE RAN OFF ROAD - HIT FIXED OBJECT,True,False,Overcast,Wet,Daylight,,,,32.0,One parked--one moving,0,0,False,0
-122.272009805511,47.5676831194337,206424,306706,307986,E848865,Matched,Intersection,32565.0,49TH AVE S AND LAKE WASHINGTON BLVD S, ,,2,Injury Collision,Other,1,0,0,1,1,0,2018-06-02 00:00:00+00,6/2/2018 12:28:00 AM,At Intersection (intersection related),28,MOTOR VEHICLE RAN OFF ROAD - HIT FIXED OBJECT,,False,Clear or Partly Cloudy,Dry,Dark - Street Lights On,,,True,50.0,Fixed object,0,0,False,0
-122.371552282596,47.6551227650349,206404,306858,308138,E857403,Matched,Block,,11TH AVE W BETWEEN W NICKERSON ST AND W EWING PL, ,,2,Injury Collision,Rear Ended,2,0,0,2,1,0,2018-11-02 00:00:00+00,11/2/2018 6:30:00 PM,Mid-Block (not related to intersection),14,"MOTOR VEHICLE STRUCK MOTOR VEHICLE, REAR END",,False,Unknown,Unknown,Unknown,,,,14.0,From same direction - both going straight - one stopped - rear-end,0,0,False,0
-122.318888629916,47.6199221785533,206405,307020,308300,3814387,Matched,Block,,E JOHN ST BETWEEN 10TH AVE E AND 11TH AVE E, ,,2,Injury Collision,Angles,2,0,0,2,1,0,2018-10-28 00:00:00+00,10/28/2018 8:38:00 AM,Mid-Block (not related to intersection),11,"MOTOR VEHICLE STRUCK MOTOR VEHICLE, FRONT END AT ANGLE",,False,Raining,Wet,Daylight,,,,10.0,Entering at angle,0,0,False,0
-122.376581979734,47.5383081865488,206406,307181,308461,3693172,Matched,Block,,35TH AVE SW BETWEEN SW MYRTLE ST AND SW OTHELLO ST, ,,1,Property Damage Only Collision,Rear Ended,2,0,0,2,0,0,2018-11-04 00:00:00+00,11/4/2018 5:25:00 PM,Mid-Block (not related to intersection),14,"MOTOR VEHICLE STRUCK MOTOR VEHICLE, REAR END",,False,Clear or Partly Cloudy,Dry,Dark - Street Lights On,,,,14.0,From same direction - both going straight - one stopped - rear-end,0,0,False,0
-122.329145627856,47.6213983138443,206407,306863,308143,E857763,Matched,Block,,EASTLAKE AVE E BETWEEN THOMAS ST AND HARRISON ST, ,,1,Property Damage Only Collision,Parked Car,2,0,0,2,0,0,2018-10-17 00:00:00+00,10/17/2018 12:53:00 PM,Mid-Block (not related to intersection),14,"MOTOR VEHICLE STRUCK MOTOR VEHICLE, REAR END",,False,Clear or Partly Cloudy,Dry,Daylight,,,,32.0,One parked--one moving,0,0,True,0
-122.334206338869,47.5683852028107,206581,307720,309000,E853750,Matched,Intersection,337616.0,1ST AVE S AND S ANDOVER ST, ,,2,Injury Collision,Angles,3,0,0,3,1,0,2018-10-08 00:00:00+00,10/8/2018 3:14:00 PM,At Intersection (intersection related),11,"MOTOR VEHICLE STRUCK MOTOR VEHICLE, FRONT END AT ANGLE",True,False,Raining,Wet,Daylight,,,,10.0,Entering at angle,0,0,False,0
-122.370193656062,47.5715593501127,206409,307513,308793,3745767,Matched,Block,,WEST SEATTLE BR WB BETWEEN SW ADMIRAL WY OFF RP AND POINT A, ,,1,Property Damage Only Collision,Other,1,0,0,1,0,0,2018-11-03 00:00:00+00,11/3/2018 11:58:00 PM,Mid-Block (not related to intersection),26,MOTOR VEHICLE STRUCK OBJECT IN ROAD,,False,Raining,Wet,Dark - Street Lights On,,,,50.0,Fixed object,0,0,False,0
-122.34471792979,47.653061442617,206410,306861,308141,E857592,Matched,Block,,ALBION PL N BETWEEN N 38TH ST AND BRIDGE S WAY N, ,,1,Property Damage Only Collision,Parked Car,4,0,0,4,0,0,2018-11-03 00:00:00+00,11/3/2018 10:38:00 PM,Mid-Block (not related to intersection),11,"MOTOR VEHICLE STRUCK MOTOR VEHICLE, FRONT END AT ANGLE",,False,Raining,Wet,Dark - Street Lights On,,,,32.0,One parked--one moving,0,0,True,0
-122.334841353957,47.522322332966,206411,306852,308132,3745810,Matched,Intersection,34989.0,1ST AVE S AND OLSON PL SW, ,,1,Property Damage Only Collision,Angles,2,0,0,2,0,0,2018-11-13 00:00:00+00,11/13/2018 10:20:00 PM,At Intersection (intersection related),11,"MOTOR VEHICLE STRUCK MOTOR VEHICLE, FRONT END AT ANGLE",True,False,Raining,Wet,Dark - Street Lights On,,,,10.0,Entering at angle,0,0,False,0
-122.35211515083,47.5719577892517,206413,307358,308638,E861434,Matched,Block,,KLICKITAT ER AVE SW BETWEEN 13TH AVE SW AND SW SPOKANE NR ST, ,,1,Property Damage Only Collision,Sideswipe,2,0,0,2,0,0,2018-11-12 00:00:00+00,11/12/2018 9:45:00 AM,Mid-Block (but intersection related),14,"MOTOR VEHICLE STRUCK MOTOR VEHICLE, REAR END",True,False,Clear or Partly Cloudy,Dry,Daylight,,,,11.0,From same direction - both going straight - both moving - sideswipe,0,0,False,0
-122.30764391485,47.5419196806477,206414,306711,307991,E855537,Matched,Block,,AIRPORT WAY S BETWEEN S HARDY ST AND S OTHELLO ST, ,,1,Property Damage Only Collision,Rear Ended,2,0,0,2,0,0,2018-10-16 00:00:00+00,10/16/2018 8:17:00 AM,Mid-Block (not related to intersection),14,"MOTOR VEHICLE STRUCK MOTOR VEHICLE, REAR END",,False,Clear or Partly Cloudy,Dry,Daylight,,,,13.0,From same direction - both going straight - both moving - rear-end,0,0,False,0
-122.297220931477,47.6000536179183,206417,307018,308298,3814388,Matched,Block,,M L KING JR WAY S BETWEEN S WASHINGTON ST AND S JACKSON ST, ,,1,Property Damage Only Collision,Parked Car,3,0,0,3,0,0,2018-10-28 00:00:00+00,10/28/2018 4:19:00 PM,Mid-Block (not related to intersection),11,"MOTOR VEHICLE STRUCK MOTOR VEHICLE, FRONT END AT ANGLE",,False,Raining,Wet,Daylight,,,True,32.0,One parked--one moving,0,0,True,0
-122.342063755176,47.6493199048064,206418,306710,307990,E856548,Matched,Block,,N 35TH ST BETWEEN STONE WAY N AND INTERLAKE AVE N, ,,1,Property Damage Only Collision,Parked Car,2,0,0,2,0,0,2018-10-26 00:00:00+00,10/26/2018 8:53:00 PM,Mid-Block (not related to intersection),14,"MOTOR VEHICLE STRUCK MOTOR VEHICLE, REAR END",,False,Clear or Partly Cloudy,Dry,Dark - Street Lights On,,,,32.0,One parked--one moving,0,0,False,0
-122.3224446921,47.5991861300132,206419,307337,308617,3812132,Matched,Intersection,30425.0,8TH AVE S AND S JACKSON ST, ,,2,Injury Collision,Cycles,2,0,1,1,1,0,2018-11-28 00:00:00+00,11/28/2018 5:14:00 PM,At Intersection (intersection related),51,PEDALCYCLIST STRUCK MOTOR VEHICLE FRONT END AT ANGLE,,False,Overcast,Wet,Dark - Street Lights Off,,,,6.0,Pedalcyclist Strikes Moving Vehicle,0,0,False,0
-122.304386360582,47.5596376084031,206420,306709,307989,E849227,Matched,Intersection,166923.0,BEACON ER AVE S AND S COLUMBIAN WAY, ,,2,Injury Collision,Rear Ended,3,0,0,2,1,0,2018-09-14 00:00:00+00,9/14/2018 9:14:00 AM,At Intersection (but not related to intersection),14,"MOTOR VEHICLE STRUCK MOTOR VEHICLE, REAR END",,False,Raining,Wet,Daylight,,,,14.0,From same direction - both going straight - one stopped - rear-end,0,0,False,0