longitude,latitude,objectid,inckey,coldetkey,reportno,status,addrtype,intkey,location,exceptrsncode,exceptrsndesc,severitycode,severitydesc,collisiontype,personcount,pedcount,pedcylcount,vehcount,injuries,fatalities,incdate,incdttm,junctiontype,sdot_colcode,sdot_coldesc,inattentionind,underinfl,weather,roadcond,lightcond,pedrownotgrnt,sdotcolnum,speeding,st_colcode,st_coldesc,seglanekey,crosswalkkey,hitparkedcar,seriousinjuries
-122.306863992993,47.5833168070634,206421,306860,308140,E857436,Matched,Block,,20TH AVE S BETWEEN S WALKER ST AND S COLLEGE ST, ,,1,Property Damage Only Collision,Sideswipe,2,0,0,2,0,0,2018-10-17 00:00:00+00,10/17/2018 7:30:00 AM,Mid-Block (not related to intersection),11,"MOTOR VEHICLE STRUCK MOTOR VEHICLE, FRONT END AT ANGLE",True,False,Clear or Partly Cloudy,Dry,Daylight,,,,11.0,From same direction - both going straight - both moving - sideswipe,0,0,False,0
-122.296317944514,47.6230652138724,206422,306708,307988,E849226,Matched,Block,,M L KING JR WAY E BETWEEN E ARTHUR PL AND E MADISON ST, ,,1,Property Damage Only Collision,Other,1,0,0,1,0,0,2018-09-19 00:00:00+00,9/19/2018 7:01:00 AM,Mid-Block (not related to intersection),11,"MOTOR VEHICLE STRUCK MOTOR VEHICLE, FRONT END AT ANGLE",,False,Clear or Partly Cloudy,Dry,Dawn,,,,50.0,Fixed object,0,0,False,0
-122.333261434015,47.5982902789002,206423,307336,308616,3812131,Matched,Intersection,30522.0,OCCIDENTAL AVE S AND S KING W ST, ,,1,Property Damage Only Collision,Left Turn,2,0,0,2,0,0,2018-11-29 00:00:00+00,11/29/2018 4:55:00 PM,At Intersection (intersection related),11,"MOTOR VEHICLE STRUCK MOTOR VEHICLE, FRONT END AT ANGLE",,False,Overcast,Dry,Dusk,,,,15.0,From same direction - one left turn - one straight,0,0,False,0
-122.296250409711,47.6085003958398,206425,307021,308301,3814382,Matched,Block,,M L KING JR WAY BETWEEN E CHERRY ST AND E COLUMBIA ST, ,,1,Property Damage Only Collision,Angles,3,0,0,2,0,0,2018-10-27 00:00:00+00,10/27/2018 10:31:00 AM,Driveway Junction,11,"MOTOR VEHICLE STRUCK MOTOR VEHICLE, FRONT END AT ANGLE",,False,Overcast,Dry,Daylight,,,,10.0,Entering at angle,0,0,False,0
-122.332030231084,47.6904998123629,206426,307182,308462,3695675,Matched,Block,,N 85TH ST BETWEEN MERIDIAN AVE N AND CORLISS WAY N, ,,1,Property Damage Only Collision,Other,4,0,0,2,0,0,2018-11-03 00:00:00+00,11/3/2018 6:34:00 PM,Mid-Block (not related to intersection),11,"MOTOR VEHICLE STRUCK MOTOR VEHICLE, FRONT END AT ANGLE",,False,Raining,Wet,Dark - Street Lights On,,,,23.0,From same direction - all others,0,0,False,0
-122.296886363227,47.5462809845523,206427,307335,308615,3811347,Matched,Intersection,33289.0,28TH AVE S AND S GRAHAM ST, ,,1,Property Damage Only Collision,Angles,2,0,0,2,0,0,2018-11-27 00:00:00+00,11/27/2018 1:07:00 PM,At Intersection (intersection related),11,"MOTOR VEHICLE STRUCK MOTOR VEHICLE, FRONT END AT ANGLE",,False,Overcast,Dry,Daylight,,,,10.0,Entering at angle,0,0,False,0
-122.319440709576,47.6135112226795,206428,307016,308296,3814379,Matched,Block,,10TH AVE BETWEEN E UNION ST AND E PIKE ST, ,,1,Property Damage Only Collision,Other,5,0,0,2,0,0,2018-10-26 00:00:00+00,10/26/2018 10:47:00 PM,Mid-Block (not related to intersection),11,"MOTOR VEHICLE STRUCK MOTOR VEHICLE, FRONT END AT ANGLE",,False,Clear or Partly Cloudy,Dry,Dark - Street Lights On,,,,23.0,From same direction - all others,0,0,False,0
-122.305249399824,47.5877389340986,206429,306705,307985,E848025,Matched,Intersection,31529.0,RAINIER AVE S AND S STATE ST, ,,1,Property Damage Only Collision,Angles,2,0,0,2,0,0,2018-09-07 00:00:00+00,9/7/2018 8:10:00 PM,At Intersection (intersection related),11,"MOTOR VEHICLE STRUCK MOTOR VEHICLE, FRONT END AT ANGLE",,False,Raining,Wet,Dark - Street Lights On,,,,10.0,Entering at angle,0,0,False,0
-122.283298133768,47.532436654982,206430,307334,308614,3811155,Matched,Block,,39TH AVE S BETWEEN S HOLDEN ST AND S KENYON ST, ,,1,Property Damage Only Collision,Parked Car,2,0,0,2,0,0,2018-11-14 00:00:00+00,11/14/2018 12:10:00 AM,Mid-Block (not related to intersection),0,NOT ENOUGH INFORMATION / NOT APPLICABLE,,False,Raining,Wet,Dark - Street Lights On,,,,32.0,One parked--one moving,0,0,True,0
-122.324684572722,47.6794120761214,206431,307333,308613,3753974,Matched,Block,,WOODLAWN AVE NE BETWEEN NE RAVENNA WB BV AND NE 71ST ST, ,,2,Injury Collision,Parked Car,4,0,0,3,2,0,2018-11-13 00:00:00+00,11/13/2018 8:03:00 PM,Mid-Block (not related to intersection),11,"MOTOR VEHICLE STRUCK MOTOR VEHICLE, FRONT END AT ANGLE",,True,Clear or Partly Cloudy,Dry,Dark - Street Lights On,,,,32.0,One parked--one moving,0,0,True,0
-122.349239887049,47.6541380488374,206432,306859,308139,E857422,Matched,Intersection,27060.0,FREMONT LN N AND N 39TH ST, ,,2,Injury Collision,Rear Ended,4,0,0,3,1,0,2018-10-30 00:00:00+00,10/30/2018 1:58:00 PM,At Intersection (intersection related),14,"MOTOR VEHICLE STRUCK MOTOR VEHICLE, REAR END",True,False,Clear or Partly Cloudy,Dry,Daylight,,,,13.0,From same direction - both going straight - both moving - rear-end,0,0,False,0
-122.319434519857,47.5733057949554,206433,306704,307984,E847847,Matched,Block,,W SEATTLE BR - I5 NB RP BETWEEN COLUMBIAN WY - I5 NB RP AND WEST SEATTLE BR EB, ,,1,Property Damage Only Collision,Sideswipe,2,0,0,2,0,0,2018-09-20 00:00:00+00,9/20/2018 1:45:00 PM,Mid-Block (not related to intersection),11,"MOTOR VEHICLE STRUCK MOTOR VEHICLE, FRONT END AT ANGLE",,False,Clear or Partly Cloudy,Dry,Daylight,,,,11.0,From same direction - both going straight - both moving - sideswipe,0,0,False,0
-122.373592032295,47.6653724920069,206434,307332,308612,3705972,Matched,Block,,14TH AVE NW BETWEEN NW 50TH ST AND NW 51ST ST, ,,2,Injury Collision,Parked Car,4,0,0,3,1,0,2018-11-03 00:00:00+00,11/3/2018 10:50:00 PM,Mid-Block (not related to intersection),14,"MOTOR VEHICLE STRUCK MOTOR VEHICLE, REAR END",,False,Clear or Partly Cloudy,Dry,Dark - No Street Lights,,,,32.0,One parked--one moving,0,0,True,0
-122.312431085462,47.7094414907461,206435,306703,307983,E856377,Matched,Block,,15TH AVE NE BETWEEN NE NORTHGATE WAY AND NE 113TH ST, ,,1,Property Damage Only Collision,Rear Ended,3,0,0,2,0,0,2018-11-01 00:00:00+00,11/1/2018 5:54:00 PM,Mid-Block (not related to intersection),14,"MOTOR VEHICLE STRUCK MOTOR VEHICLE, REAR END",,False,Overcast,Wet,Dark - Street Lights On,,,,14.0,From same direction - both going straight - one stopped - rear-end,0,0,False,0
-122.366191344585,47.6636514057797,206436,306543,307823,E844731,Matched,Intersection,25452.0,8TH AVE NW AND NW 48TH ST, ,,2,Injury Collision,Angles,2,0,0,2,1,0,2018-09-22 00:00:00+00,9/22/2018 11:04:00 AM,At Intersection (intersection related),14,"MOTOR VEHICLE STRUCK MOTOR VEHICLE, REAR END",,False,Clear or Partly Cloudy,Dry,Daylight,,,,10.0,Entering at angle,0,0,False,0
-122.317395603642,47.6656855203034,206437,307180,308460,E861135,Matched,Block,,ROOSEVELT WAY NE BETWEEN NE 50TH ST AND NE 52ND ST, ,,1,Property Damage Only Collision,Left Turn,5,0,0,3,0,0,2018-11-11 00:00:00+00,11/11/2018 2:32:00 PM,Mid-Block (not related to intersection),11,"MOTOR VEHICLE STRUCK MOTOR VEHICLE, FRONT END AT ANGLE",True,False,Clear or Partly Cloudy,Dry,Daylight,,,,15.0,From same direction - one left turn - one straight,0,0,False,0
-122.371414061558,47.7015284961425,206438,307187,308467,E863168,Matched,Intersection,37213.0,12TH AVE NW AND NW 100TH ST, ,,2,Injury Collision,Angles,2,0,0,2,1,0,2018-11-15 00:00:00+00,11/15/2018 6:10:00 PM,At Intersection (intersection related),11,"MOTOR VEHICLE STRUCK MOTOR VEHICLE, FRONT END AT ANGLE",,False,Clear or Partly Cloudy,Dry,Dark - Street Lights On,,,,10.0,Entering at angle,0,0,False,0
-122.334199284487,47.582938394777,206439,306862,308142,E857761,Matched,Block,,1ST AVE S BETWEEN S WALKER ST AND S STACY ST, ,,2,Injury Collision,Rear Ended,2,0,0,2,1,0,2018-10-19 00:00:00+00,10/19/2018 3:51:00 PM,Mid-Block (not related to intersection),14,"MOTOR VEHICLE STRUCK MOTOR VEHICLE, REAR END",True,False,Clear or Partly Cloudy,Dry,Daylight,,,,14.0,From same direction - both going straight - one stopped - rear-end,0,0,False,0
-122.310949419142,47.5951162837385,206440,307019,308299,3811904,Matched,Block,,RAINIER AVE S BETWEEN S DEARBORN ST AND S CHARLES N ST, ,,1,Property Damage Only Collision,Rear Ended,5,0,0,2,0,0,2018-10-28 00:00:00+00,10/28/2018 12:56:00 PM,Mid-Block (but intersection related),14,"MOTOR VEHICLE STRUCK MOTOR VEHICLE, REAR END",True,False,Raining,Wet,Daylight,,,,14.0,From same direction - both going straight - one stopped - rear-end,0,0,False,0
-122.344936819227,47.7195722114033,206441,307186,308466,3705974,Matched,Intersection,35847.0,AURORA AVE N AND N 125TH ST, ,,1,Property Damage Only Collision,Rear Ended,3,1,0,2,0,0,2018-11-05 00:00:00+00,11/5/2018 11:30:00 AM,At Intersection (intersection related),14,"MOTOR VEHICLE STRUCK MOTOR VEHICLE, REAR END",,False,Overcast,Dry,Daylight,,,,14.0,From same direction - both going straight - one stopped - rear-end,0,0,False,0
-122.325041412073,47.7013387218918,206442,306542,307822,E844729,Matched,Block,,NE 100TH ST BETWEEN 3RD AVE NE AND 4TH AVE NE,NEI,"Not Enough Information, or Insufficient Location Information",1,Property Damage Only Collision,Parked Car,2,0,0,2,0,0,2018-09-29 00:00:00+00,9/29/2018,Mid-Block (not related to intersection),0,NOT ENOUGH INFORMATION / NOT APPLICABLE,,False,Unknown,Unknown,Unknown,,,,32.0,One parked--one moving,0,0,False,0
-122.280801820105,47.6687885943304,206443,306540,307820,E844724,Matched,Block,,NE 55TH ST BETWEEN 43RD AVE NE AND 45TH AVE NE, ,,1,Property Damage Only Collision,Parked Car,2,0,0,2,0,0,2018-09-28 00:00:00+00,9/28/2018 6:04:00 PM,Mid-Block (not related to intersection),11,"MOTOR VEHICLE STRUCK MOTOR VEHICLE, FRONT END AT ANGLE",True,False,Clear or Partly Cloudy,Dry,Dusk,,,,32.0,One parked--one moving,0,0,True,0
-122.330722542068,47.7122728987937,206444,307185,308465,3705973,Matched,Block,,N 115TH ST BETWEEN CORLISS AVE N AND SUNNYSIDE AVE N, ,,1,Property Damage Only Collision,Parked Car,2,0,0,2,0,0,2018-11-04 00:00:00+00,11/4/2018 10:40:00 PM,Mid-Block (not related to intersection),14,"MOTOR VEHICLE STRUCK MOTOR VEHICLE, REAR END",,False,Raining,Wet,Dark - Street Lights On,,,,32.0,One parked--one moving,0,0,True,0
-122.320727861346,47.661319003343,206445,306539,307819,E844718,Matched,Intersection,27070.0,7TH AVE NE AND NE 45TH ST, ,,2,Injury Collision,Right Turn,3,0,0,2,1,0,2018-09-28 00:00:00+00,9/28/2018 5:30:00 PM,At Intersection (intersection related),11,"MOTOR VEHICLE STRUCK MOTOR VEHICLE, FRONT END AT ANGLE",,False,Clear or Partly Cloudy,Dry,Daylight,,,,16.0,From same direction - one right turn - one straight,0,0,False,0
-122.334194362494,47.5715509453352,206446,307183,308463,3705934,Matched,Block,,1ST AVE S BETWEEN S SPOKANE NR ST AND S SPOKANE SR ST, ,,1,Property Damage Only Collision,Other,2,0,0,2,0,0,2018-11-02 00:00:00+00,11/2/2018 2:14:00 AM,Mid-Block (not related to intersection),11,"MOTOR VEHICLE STRUCK MOTOR VEHICLE, FRONT END AT ANGLE",,False,Raining,Wet,Dark - Street Lights On,,,,23.0,From same direction - all others,0,0,False,0
-122.322202359861,47.6061254649305,206447,307037,308317,E860290,Matched,Block,,BOREN AVE BETWEEN JEFFERSON ST AND JAMES ST, ,,1,Property Damage Only Collision,Rear Ended,2,0,0,2,0,0,2018-11-09 00:00:00+00,11/9/2018 1:53:00 PM,Mid-Block (not related to intersection),14,"MOTOR VEHICLE STRUCK MOTOR VEHICLE, REAR END",,False,Clear or Partly Cloudy,Dry,Daylight,,,,14.0,From same direction - both going straight - one stopped - rear-end,0,0,False,0
-122.328267804336,47.6650026637198,206450,306538,307818,E844717,Matched,Intersection,25871.0,1ST AVE NE AND NE 50TH ST, ,,1,Property Damage Only Collision,Left Turn,2,0,0,2,0,0,2018-09-28 00:00:00+00,9/28/2018 2:16:00 PM,At Intersection (intersection related),11,"MOTOR VEHICLE STRUCK MOTOR VEHICLE, FRONT END AT ANGLE",,False,Clear or Partly Cloudy,Dry,Daylight,,,,28.0,From opposite direction - one left turn - one straight,0,0,False,0
-122.331430314936,47.6179406190691,206451,305380,306660,E847989,Matched,Block,,STEWART ST BETWEEN MINOR AVE AND YALE AVE, ,,1,Property Damage Only Collision,Parked Car,2,0,0,2,0,0,2018-10-11 00:00:00+00,10/11/2018 2:50:00 PM,Mid-Block (not related to intersection),11,"MOTOR VEHICLE STRUCK MOTOR VEHICLE, FRONT END AT ANGLE",,False,Clear or Partly Cloudy,Dry,Daylight,,,,20.0,One car leaving parked position,0,0,False,0
-122.325944380005,47.6181114266201,206452,305705,306985,3814269,Matched,Block,,E OLIVE WAY BETWEEN E HOWELL ST AND E DENNY WAY, ,,1,Property Damage Only Collision,Parked Car,2,0,0,2,0,0,2018-09-23 00:00:00+00,9/23/2018 8:46:00 PM,Mid-Block (not related to intersection),14,"MOTOR VEHICLE STRUCK MOTOR VEHICLE, REAR END",,False,Clear or Partly Cloudy,Dry,Dark - Street Lights On,,,,32.0,One parked--one moving,0,0,False,0
-122.326061859004,47.7340730341091,206453,307709,308989,E852845,Matched,Intersection,35905.0,4TH AVE NE AND NE 145TH ST, ,,1,Property Damage Only Collision,Left Turn,2,0,0,2,0,0,2018-10-22 00:00:00+00,10/22/2018 4:01:00 PM,At Intersection (intersection related),11,"MOTOR VEHICLE STRUCK MOTOR VEHICLE, FRONT END AT ANGLE",True,False,Clear or Partly Cloudy,Dry,Daylight,,,,28.0,From opposite direction - one left turn - one straight,0,0,False,0
-122.354784473513,47.7050815644716,206454,305551,306831,3751705,Matched,Block,,N 105TH ST BETWEEN GREENWOOD AVE N AND PHINNEY AVE N, ,,1,Property Damage Only Collision,Angles,3,0,0,2,0,0,2018-09-28 00:00:00+00,9/28/2018 5:15:00 PM,Mid-Block (not related to intersection),11,"MOTOR VEHICLE STRUCK MOTOR VEHICLE, FRONT END AT ANGLE",True,True,Clear or Partly Cloudy,Dry,Daylight,,,,10.0,Entering at angle,0,0,False,0
-122.312835731516,47.7139806232973,206455,305379,306659,3694565,Matched,Intersection,36469.0,PINEHURST WAY NE AND NE 117TH ST, ,,1,Property Damage Only Collision,Other,1,0,0,1,0,0,2018-10-03 00:00:00+00,10/3/2018 2:01:00 AM,At Intersection (intersection related),26,MOTOR VEHICLE STRUCK OBJECT IN ROAD,,False,Clear or Partly Cloudy,Dry,Other,,,,50.0,Fixed object,0,0,False,0
-122.376422539205,47.5455946457684,206457,305546,306826,3742282,Matched,Block,,35TH AVE SW BETWEEN SW GRAHAM ST AND SW MORGAN ST, ,,1,Property Damage Only Collision,Sideswipe,2,0,0,2,0,0,2018-09-28 00:00:00+00,9/28/2018 8:50:00 AM,Mid-Block (not related to intersection),14,"MOTOR VEHICLE STRUCK MOTOR VEHICLE, REAR END",,False,Clear or Partly Cloudy,Dry,Daylight,,,,11.0,From same direction - both going straight - both moving - sideswipe,0,0,False,0
-122.313454233257,47.5958156060809,206458,305378,306658,E847988,Matched,Block,,S DEARBORN ST BETWEEN CORWIN PL S AND POPLAR PL S, ,,1,Property Damage Only Collision,Sideswipe,2,0,0,2,0,0,2018-10-09 00:00:00+00,10/9/2018 11:08:00 AM,Mid-Block (not related to intersection),11,"MOTOR VEHICLE STRUCK MOTOR VEHICLE, FRONT END AT ANGLE",,False,Overcast,Dry,Daylight,,,,11.0,From same direction - both going straight - both moving - sideswipe,0,0,False,0
-122.347052191172,47.7341288541218,206459,307699,308979,E865727,Matched,Block,,N 145TH ST BETWEEN LINDEN AVE N AND WHITMAN AVE N, ,,2,Injury Collision,Angles,2,0,0,2,1,0,2018-11-26 00:00:00+00,11/26/2018 2:42:00 PM,Mid-Block (not related to intersection),11,"MOTOR VEHICLE STRUCK MOTOR VEHICLE, FRONT END AT ANGLE",,False,Raining,Wet,Daylight,,,,10.0,Entering at angle,0,0,False,0
-122.306502347441,47.6656387918226,206460,307698,308978,E865724,Matched,Block,,20TH AVE NE BETWEEN NE 50TH ST AND NE 52ND ST, ,,1,Property Damage Only Collision,Other,2,0,0,2,0,0,2018-11-24 00:00:00+00,11/24/2018 11:27:00 PM,Mid-Block (not related to intersection),11,"MOTOR VEHICLE STRUCK MOTOR VEHICLE, FRONT END AT ANGLE",,False,Unknown,Unknown,Dark - Street Lights On,,,,23.0,From same direction - all others,0,0,False,0
-122.334800053911,47.5982928184559,206461,305377,306657,E847987,Matched,Block,,S KING ST BETWEEN ALASKAN E RDWY WAY S AND 1ST AVE S, ,,1,Property Damage Only Collision,Right Turn,2,0,0,2,0,0,2018-10-11 00:00:00+00,10/11/2018 1:58:00 PM,Mid-Block (not related to intersection),11,"MOTOR VEHICLE STRUCK MOTOR VEHICLE, FRONT END AT ANGLE",True,False,Clear or Partly Cloudy,Dry,Daylight,,,,16.0,From same direction - one right turn - one straight,0,0,False,0
-122.349747448842,47.6495897285273,206462,305384,306664,E848013,Matched,Intersection,27039.0,FREMONT AVE N AND N 34TH ST, ,,2,Injury Collision,Pedestrian,2,0,1,1,1,0,2018-09-24 00:00:00+00,9/24/2018 2:58:00 PM,At Intersection (intersection related),18,"MOTOR VEHICLE STRUCK PEDALCYCLIST, FRONT END AT ANGLE",True,False,Clear or Partly Cloudy,Dry,Daylight,,,,5.0,Vehicle Strikes Pedalcyclist,0,0,False,0
-122.334201922238,47.5777275367428,206463,307697,308977,E852016,Matched,Intersection,31373.0,1ST AVE S AND S FOREST ST, ,,2,Injury Collision,Parked Car,4,0,0,3,1,0,2018-10-20 00:00:00+00,10/20/2018 2:10:00 AM,At Intersection (but not related to intersection),11,"MOTOR VEHICLE STRUCK MOTOR VEHICLE, FRONT END AT ANGLE",,False,Clear or Partly Cloudy,Dry,Dark - Street Lights On,,,True,32.0,One parked--one moving,0,0,True,0
-122.35464200436,47.6181776362703,206910,305587,306867,3578576,Matched,Block,,1ST AVE BETWEEN WARREN PL AND BAY ST, ,,2,Injury Collision,Other,1,0,0,1,1,0,2018-10-02 00:00:00+00,10/2/2018 10:20:00 AM,Mid-Block (not related to intersection),26,MOTOR VEHICLE STRUCK OBJECT IN ROAD,,False,Clear or Partly Cloudy,Dry,Daylight,,,,50.0,Fixed object,0,0,False,0
-122.270492152406,47.5175855069917,206464,305703,306983,3811030,Matched,Block,,RENTON AVE S BETWEEN 50TH AVE S AND 51ST AVE S, ,,1,Property Damage Only Collision,Rear Ended,3,0,0,2,0,0,2018-10-09 00:00:00+00,10/9/2018 1:53:00 AM,Mid-Block (not related to intersection),14,"MOTOR VEHICLE STRUCK MOTOR VEHICLE, REAR END",,True,Raining,Wet,Dark - Street Lights On,,,,14.0,From same direction - both going straight - one stopped - rear-end,0,0,False,0
-122.287964190699,47.6207223544904,206465,304519,305779,E845246,Matched,Block,,35TH AVE E BETWEEN E JOHN ST AND DEAD END,NEI,"Not Enough Information, or Insufficient Location Information",1,Property Damage Only Collision,Parked Car,2,0,0,2,0,0,2018-09-27 00:00:00+00,9/27/2018 1:04:00 PM,,0,NOT ENOUGH INFORMATION / NOT APPLICABLE,,False,Unknown,Unknown,Unknown,,,,32.0,One parked--one moving,0,0,False,0
-122.320185078952,47.6796034014859,206466,307696,308976,E851290,Matched,Block,,NE LAKE CITY WY OFF RP BETWEEN I5 NB AND NE 73RD ST OFF RP, ,,1,Property Damage Only Collision,Rear Ended,3,0,0,2,0,0,2018-10-16 00:00:00+00,10/16/2018 5:06:00 PM,Mid-Block (not related to intersection),14,"MOTOR VEHICLE STRUCK MOTOR VEHICLE, REAR END",,False,Clear or Partly Cloudy,Dry,Daylight,,,True,13.0,From same direction - both going straight - both moving - rear-end,0,0,False,0
-122.347567933134,47.624990842132,206467,304518,305778,E845404,Matched,Block,,5TH AVE N BETWEEN MERCER ST AND ROY ST, ,,2,Injury Collision,Angles,2,0,0,2,1,0,2018-10-03 00:00:00+00,10/3/2018 10:35:00 AM,Mid-Block (not related to intersection),14,"MOTOR VEHICLE STRUCK MOTOR VEHICLE, REAR END",True,False,Clear or Partly Cloudy,Dry,Daylight,,,,10.0,Entering at angle,0,0,False,0
-122.389116596341,47.5539223227585,206468,305549,306829,3745494,Matched,Block,,SW BRANDON ST BETWEEN 44TH AVE SW AND 45TH AVE SW, ,,1,Property Damage Only Collision,Parked Car,2,0,0,2,0,0,2018-09-29 00:00:00+00,9/29/2018 6:00:00 PM,Mid-Block (not related to intersection),14,"MOTOR VEHICLE STRUCK MOTOR VEHICLE, REAR END",True,False,Unknown,Unknown,Daylight,,,,32.0,One parked--one moving,0,0,True,0
-122.299908987665,47.7338129905874,206470,307694,308974,E865723,Matched,Block,,NE 145TH ST BETWEEN 26TH AVE NE AND 27TH AVE NE, ,,1,Property Damage Only Collision,Rear Ended,2,0,0,2,0,0,2018-11-24 00:00:00+00,11/24/2018 3:08:00 PM,Mid-Block (not related to intersection),14,"MOTOR VEHICLE STRUCK MOTOR VEHICLE, REAR END",,False,Overcast,Dry,Daylight,,,,14.0,From same direction - both going straight - one stopped - rear-end,0,0,False,0
-122.349587562321,47.6527290330664,206472,305383,306663,E848012,Matched,Block,,N 38TH ST BETWEEN FREMONT AVE N AND FREMONT LN N, ,,1,Property Damage Only Collision,Parked Car,5,0,0,4,0,0,2018-09-23 00:00:00+00,9/23/2018 3:24:00 PM,Mid-Block (not related to intersection),13,"MOTOR VEHICLE STRUCK MOTOR VEHICLE, LEFT SIDE AT ANGLE",True,False,Clear or Partly Cloudy,Dry,Daylight,,,,32.0,One parked--one moving,0,0,True,0
-122.329055961484,47.580852706239,206473,307521,308801,3811193,Matched,Block,,4TH AVE S BETWEEN S STACY ST AND S LANDER ST, ,,2,Injury Collision,Angles,5,0,0,2,5,0,2018-07-20 00:00:00+00,7/20/2018 10:16:00 PM,Driveway Junction,11,"MOTOR VEHICLE STRUCK MOTOR VEHICLE, FRONT END AT ANGLE",,False,Unknown,Unknown,Dark - Street Lights On,,,,10.0,Entering at angle,0,0,False,0
-122.332869486558,47.7231973322971,206474,305552,306832,3751706,Matched,Block,,N 130TH ST BETWEEN MERIDIAN AVE N AND CORLISS AVE N, ,,1,Property Damage Only Collision,Other,2,0,0,2,0,0,2018-09-28 00:00:00+00,9/28/2018 7:16:00 PM,Mid-Block (not related to intersection),11,"MOTOR VEHICLE STRUCK MOTOR VEHICLE, FRONT END AT ANGLE",,False,Clear or Partly Cloudy,Dry,Dusk,,,,23.0,From same direction - all others,0,0,False,0
-122.346755016273,47.5282992351514,206476,307520,308800,E867275,Matched,Intersection,35000.0,9TH AVE SW AND SW THISTLE ST, ,,1,Property Damage Only Collision,Left Turn,2,0,0,2,0,0,2018-11-27 00:00:00+00,11/27/2018 11:34:00 AM,At Intersection (intersection related),11,"MOTOR VEHICLE STRUCK MOTOR VEHICLE, FRONT END AT ANGLE",,False,Raining,Wet,Daylight,,,,28.0,From opposite direction - one left turn - one straight,0,0,False,0
-122.347621138565,47.6185711552114,206477,307519,308799,E867125,Matched,Intersection,29653.0,5TH AVE AND DENNY WAY, ,,1,Property Damage Only Collision,Left Turn,2,0,0,2,0,0,2018-11-29 00:00:00+00,11/29/2018 4:45:00 PM,At Intersection (intersection related),11,"MOTOR VEHICLE STRUCK MOTOR VEHICLE, FRONT END AT ANGLE",,False,Clear or Partly Cloudy,Dry,Dark - Street Lights On,,,,28.0,From opposite direction - one left turn - one straight,0,0,False,0
-122.361014741001,47.5385521462773,206478,305547,306827,3742348,Matched,Block,,DELRIDGE WAY SW BETWEEN SW MYRTLE ST AND SW ORCHARD ST, ,,1,Property Damage Only Collision,Other,3,0,0,1,0,0,2018-09-28 00:00:00+00,9/28/2018 11:37:00 PM,Mid-Block (not related to intersection),28,MOTOR VEHICLE RAN OFF ROAD - HIT FIXED OBJECT,,True,Clear or Partly Cloudy,Dry,Dark - Street Lights On,,,,50.0,Fixed object,0,0,False,0
-122.352667307615,47.6960201839189,206482,304511,305771,E836068,Matched,Intersection,37430.0,DAYTON AVE N AND N 92ND ST, ,,2,Injury Collision,Pedestrian,2,0,1,1,1,0,2018-08-02 00:00:00+00,8/2/2018 8:27:00 AM,At Intersection (intersection related),18,"MOTOR VEHICLE STRUCK PEDALCYCLIST, FRONT END AT ANGLE",,False,Clear or Partly Cloudy,Dry,Daylight,,,,5.0,Vehicle Strikes Pedalcyclist,0,0,False,0
-122.341405937829,47.6613854420301,206483,305382,306662,E848011,Matched,Block,,N 45TH ST BETWEEN STONE WAY N AND INTERLAKE AVE N, ,,2,Injury Collision,Rear Ended,3,0,0,3,1,0,2018-09-24 00:00:00+00,9/24/2018 1:55:00 PM,Mid-Block (but intersection related),14,"MOTOR VEHICLE STRUCK MOTOR VEHICLE, REAR END",,False,Clear or Partly Cloudy,Dry,Daylight,,,,14.0,From same direction - both going straight - one stopped - rear-end,0,0,False,0
-122.339259854614,47.5685374985807,206486,305704,306984,3811033,Matched,Block,,ALASKAN WY VI NB BETWEEN EAST MARGINAL WAY S AND ALASKAN WY VI NB ON RP, ,,1,Property Damage Only Collision,Rear Ended,2,0,0,2,0,0,2018-10-09 00:00:00+00,10/9/2018 7:25:00 AM,Mid-Block (not related to intersection),14,"MOTOR VEHICLE STRUCK MOTOR VEHICLE, REAR END",True,False,Raining,Wet,Dawn,,,,14.0,From same direction - both going straight - one stopped - rear-end,0,0,False,0
-122.346383996949,47.6825691695829,206487,307516,308796,E866800,Matched,Intersection,24315.0,LINDEN AVE N AND N 74TH ST, ,,2,Injury Collision,Angles,2,0,0,2,1,0,2018-11-29 00:00:00+00,11/29/2018 8:01:00 AM,At Intersection (intersection related),11,"MOTOR VEHICLE STRUCK MOTOR VEHICLE, FRONT END AT ANGLE",,False,Clear or Partly Cloudy,Dry,Daylight,,,,10.0,Entering at angle,0,0,False,0
-122.296222349472,47.5798583495536,206489,304509,305769,E835931,Matched,Block,,M L KING JR WAY S BETWEEN S BAYVIEW S ST AND S MCCLELLAN ST, ,,2,Injury Collision,Head On,2,0,0,2,2,0,2018-06-18 00:00:00+00,6/18/2018 1:40:00 PM,Mid-Block (not related to intersection),11,"MOTOR VEHICLE STRUCK MOTOR VEHICLE, FRONT END AT ANGLE",,False,Clear or Partly Cloudy,Wet,Daylight,,,,30.0,From opposite direction - all others,0,0,False,0
-122.336903668496,47.6715128949962,206490,307515,308795,E866799,Matched,Intersection,25484.0,KENWOOD PL N AND WOODLAWN AVE N, ,,1,Property Damage Only Collision,Angles,2,0,0,2,0,0,2018-11-28 00:00:00+00,11/28/2018 9:01:00 AM,At Intersection (intersection related),11,"MOTOR VEHICLE STRUCK MOTOR VEHICLE, FRONT END AT ANGLE",True,False,Raining,Wet,Daylight,,,,10.0,Entering at angle,0,0,False,0