longitude,latitude,objectid,inckey,coldetkey,reportno,status,addrtype,intkey,location,exceptrsncode,exceptrsndesc,severitycode,severitydesc,collisiontype,personcount,pedcount,pedcylcount,vehcount,injuries,fatalities,incdate,incdttm,junctiontype,sdot_colcode,sdot_coldesc,inattentionind,underinfl,weather,roadcond,lightcond,pedrownotgrnt,sdotcolnum,speeding,st_colcode,st_coldesc,seglanekey,crosswalkkey,hitparkedcar,seriousinjuries
-122.32348350211,47.7340529814808,206491,307712,308992,E853054,Matched,Intersection,35853.0,5TH AVE NE AND NE 145TH ST, ,,1,Property Damage Only Collision,Left Turn,2,0,0,2,0,0,2018-10-15 00:00:00+00,10/15/2018 7:30:00 PM,At Intersection (intersection related),11,"MOTOR VEHICLE STRUCK MOTOR VEHICLE, FRONT END AT ANGLE",,False,Clear or Partly Cloudy,Dry,Dusk,,,,28.0,From opposite direction - one left turn - one straight,0,0,False,0
-122.349884529869,47.6508885509681,206492,305381,306661,E848009,Matched,Block,,FREMONT AVE N BETWEEN FREMONT PL N AND N 36TH ST, ,,1,Property Damage Only Collision,Parked Car,2,0,0,2,0,0,2018-09-23 00:00:00+00,9/23/2018,Mid-Block (not related to intersection),13,"MOTOR VEHICLE STRUCK MOTOR VEHICLE, LEFT SIDE AT ANGLE",,False,Overcast,Dry,Dark - Street Lights On,,,,32.0,One parked--one moving,0,0,True,0
-122.31657709206,47.5942816837734,206493,307514,308794,E866423,Matched,Intersection,30453.0,GOLF DR S AND S CHARLES ST, ,,2b,Serious Injury Collision,Left Turn,5,1,0,2,2,0,2018-11-29 00:00:00+00,11/29/2018 8:40:00 AM,At Intersection (intersection related),11,"MOTOR VEHICLE STRUCK MOTOR VEHICLE, FRONT END AT ANGLE",,False,Overcast,Wet,Daylight,,,,15.0,From same direction - one left turn - one straight,0,0,False,1
-122.30245258823,47.661252762048,206494,305553,306833,3751708,Matched,Block,,NE 45TH ST BETWEEN 21ST AVE NE AND NE 45TH ST RP, ,,1,Property Damage Only Collision,Rear Ended,2,0,0,2,0,0,2018-09-29 00:00:00+00,9/29/2018 9:35:00 PM,Mid-Block (not related to intersection),14,"MOTOR VEHICLE STRUCK MOTOR VEHICLE, REAR END",,False,Raining,Wet,Dark - Street Lights On,,,True,14.0,From same direction - both going straight - one stopped - rear-end,0,0,False,0
-122.376636544855,47.5273785117939,206495,305548,306828,3745470,Matched,Block,,35TH AVE SW BETWEEN SW THISTLE ST AND SW CLOVERDALE N ST, ,,2,Injury Collision,Rear Ended,2,0,0,2,1,0,2018-09-28 00:00:00+00,9/28/2018 9:11:00 AM,Mid-Block (not related to intersection),14,"MOTOR VEHICLE STRUCK MOTOR VEHICLE, REAR END",,False,Clear or Partly Cloudy,Dry,Daylight,,,,14.0,From same direction - both going straight - one stopped - rear-end,0,0,False,0
-122.371192233271,47.5382850153117,206496,306215,307495,3742216,Matched,Block,,30TH AVE SW BETWEEN SW MYRTLE ST AND SW OTHELLO ST, ,,1,Property Damage Only Collision,Other,1,0,0,1,0,0,2018-10-27 00:00:00+00,10/27/2018 11:25:00 AM,Driveway Junction,28,MOTOR VEHICLE RAN OFF ROAD - HIT FIXED OBJECT,,False,Overcast,Dry,Daylight,,,,50.0,Fixed object,0,0,False,0
-122.327804575635,47.6139302296862,206497,305851,307131,E851724,Matched,Intersection,29877.0,MELROSE AVE AND PIKE ST, ,,1,Property Damage Only Collision,Left Turn,2,0,0,2,0,0,2018-10-19 00:00:00+00,10/19/2018 1:30:00 AM,At Intersection (intersection related),11,"MOTOR VEHICLE STRUCK MOTOR VEHICLE, FRONT END AT ANGLE",,False,Clear or Partly Cloudy,Dry,Dark - Street Lights On,,,,28.0,From opposite direction - one left turn - one straight,0,0,False,0
-122.382126673814,47.6694466512202,206498,306006,307286,3694704,Matched,Intersection,25137.0,20TH AVE NW AND NW 56TH ST, ,,1,Property Damage Only Collision,Rear Ended,2,0,0,2,0,0,2018-10-23 00:00:00+00,10/23/2018 11:02:00 PM,At Intersection (but not related to intersection),14,"MOTOR VEHICLE STRUCK MOTOR VEHICLE, REAR END",True,False,Clear or Partly Cloudy,Dry,Dark - Street Lights On,,,,14.0,From same direction - both going straight - one stopped - rear-end,0,0,False,0
-122.316928342423,47.6199367074436,206499,305850,307130,E851723,Matched,Intersection,29055.0,12TH AVE E AND E JOHN ST, ,,1,Property Damage Only Collision,Angles,2,0,0,2,0,0,2018-10-19 00:00:00+00,10/19/2018 12:21:00 AM,At Intersection (intersection related),11,"MOTOR VEHICLE STRUCK MOTOR VEHICLE, FRONT END AT ANGLE",,False,Clear or Partly Cloudy,Dry,Dark - Street Lights On,,,,10.0,Entering at angle,0,0,False,0
-122.360450519191,47.5300801215006,206500,306214,307494,3742215,Matched,Block,,DELRIDGE WAY SW BETWEEN SW KENYON ST AND SW THISTLE ST, ,,2,Injury Collision,Angles,4,0,0,2,2,0,2018-10-27 00:00:00+00,10/27/2018 4:16:00 PM,Driveway Junction,11,"MOTOR VEHICLE STRUCK MOTOR VEHICLE, FRONT END AT ANGLE",,False,Raining,Wet,Daylight,,,,10.0,Entering at angle,0,0,False,0
-122.328913101671,47.6134658203127,206501,305849,307129,E851720,Matched,Intersection,29878.0,BOREN AVE AND PIKE ST, ,,2,Injury Collision,Pedestrian,2,0,1,1,1,0,2018-10-11 00:00:00+00,10/11/2018 10:41:00 PM,At Intersection (intersection related),24,MOTOR VEHCILE STRUCK PEDESTRIAN,True,False,Clear or Partly Cloudy,Dry,Dark - Street Lights On,,,,5.0,Vehicle Strikes Pedalcyclist,0,0,False,0
-122.297074526486,47.6323665484912,206502,306213,307493,E854794,Matched,Block,,LAKE WASHINGTON BLVD E BETWEEN E INTERLAKEN BLVD AND BOYER AVE E, ,,2,Injury Collision,Head On,2,0,0,2,1,0,2018-10-26 00:00:00+00,10/26/2018 10:04:00 AM,Mid-Block (not related to intersection),11,"MOTOR VEHICLE STRUCK MOTOR VEHICLE, FRONT END AT ANGLE",True,False,Raining,Wet,Daylight,,,,24.0,From opposite direction - both moving - head-on,0,0,False,0
-122.344493878863,47.6851309148878,206503,306212,307492,3707711,Matched,Block,,AURORA AVE N BETWEEN N 77TH ST AND N 78TH ST, ,,1,Property Damage Only Collision,Rear Ended,4,0,0,2,0,0,2018-10-28 00:00:00+00,10/28/2018 1:33:00 AM,Mid-Block (not related to intersection),14,"MOTOR VEHICLE STRUCK MOTOR VEHICLE, REAR END",,False,Raining,Wet,Dark - Street Lights On,,,,13.0,From same direction - both going straight - both moving - rear-end,0,0,False,0
-122.317363220872,47.6758293276245,206505,305848,307128,E851652,Matched,Intersection,24498.0,ROOSEVELT WAY NE AND NE 65TH ST, ,,1,Property Damage Only Collision,Left Turn,2,0,0,2,0,0,2018-10-16 00:00:00+00,10/16/2018 2:13:00 PM,At Intersection (intersection related),11,"MOTOR VEHICLE STRUCK MOTOR VEHICLE, FRONT END AT ANGLE",,False,Clear or Partly Cloudy,Dry,Daylight,,,,15.0,From same direction - one left turn - one straight,0,0,False,0
-122.326522811831,47.549562999484,206506,306211,307491,3705933,Matched,Block,,6TH AVE S BETWEEN S FIDALGO ST AND S FRONT ST, ,,1,Property Damage Only Collision,Parked Car,2,0,0,2,0,0,2018-10-27 00:00:00+00,10/27/2018 9:18:00 PM,Driveway Junction,14,"MOTOR VEHICLE STRUCK MOTOR VEHICLE, REAR END",,False,Raining,Wet,Dark - Street Lights On,,,,32.0,One parked--one moving,0,0,True,0
-122.392900324628,47.6486461757208,206507,306545,307825,E857762,Matched,Intersection,26581.0,28TH AVE W AND W DRAVUS ST, ,,1,Property Damage Only Collision,Angles,2,0,0,2,0,0,2018-10-30 00:00:00+00,10/30/2018 3:04:00 PM,At Intersection (intersection related),11,"MOTOR VEHICLE STRUCK MOTOR VEHICLE, FRONT END AT ANGLE",True,False,Clear or Partly Cloudy,Dry,Daylight,,,,10.0,Entering at angle,0,0,False,0
-122.270353801604,47.5373015994133,206508,306210,307490,3705932,Matched,Block,,RAINIER AVE S BETWEEN S GARDEN ST AND S OTHELLO ST, ,,1,Property Damage Only Collision,Sideswipe,2,0,0,2,0,0,2018-10-26 00:00:00+00,10/26/2018 11:31:00 PM,Mid-Block (not related to intersection),11,"MOTOR VEHICLE STRUCK MOTOR VEHICLE, FRONT END AT ANGLE",,False,Overcast,Dry,Dark - Street Lights On,,,,11.0,From same direction - both going straight - both moving - sideswipe,0,0,False,0
-122.305693525816,47.6957509913533,206509,305847,307127,E851650,Matched,Intersection,37744.0,LAKE CITY WAY NE AND NE 92ND ST, ,,1,Property Damage Only Collision,Angles,3,0,0,2,0,0,2018-10-13 00:00:00+00,10/13/2018 2:49:00 PM,At Intersection (intersection related),11,"MOTOR VEHICLE STRUCK MOTOR VEHICLE, FRONT END AT ANGLE",,False,Clear or Partly Cloudy,Dry,Daylight,,,,10.0,Entering at angle,0,0,False,0
-122.356040722042,47.6541521690194,206510,306209,307489,E854792,Matched,Block,,N 39TH ST BETWEEN PALATINE AVE N AND GREENWOOD AVE N, ,,1,Property Damage Only Collision,Rear Ended,3,0,0,3,0,0,2018-10-25 00:00:00+00,10/25/2018 12:23:00 PM,Mid-Block (but intersection related),14,"MOTOR VEHICLE STRUCK MOTOR VEHICLE, REAR END",True,False,Raining,Wet,Daylight,,,,13.0,From same direction - both going straight - both moving - rear-end,0,0,False,0
-122.343227954753,47.6949023090701,206511,306544,307824,E844732,Matched,Block,,N 91ST ST BETWEEN AURORA AVE N AND STONE AVE N,NEI,"Not Enough Information, or Insufficient Location Information",1,Property Damage Only Collision,Parked Car,2,0,0,2,0,0,2018-09-17 00:00:00+00,9/17/2018 3:00:00 PM,Mid-Block (not related to intersection),0,NOT ENOUGH INFORMATION / NOT APPLICABLE,,False,Clear or Partly Cloudy,Dry,Daylight,,,,32.0,One parked--one moving,0,0,False,0
-122.344896078772,47.7171731009263,206512,306208,307488,3703113,Matched,Block,,AURORA AVE N BETWEEN N 117TH PL AND N 125TH ST, ,,2,Injury Collision,Other,1,0,0,1,1,0,2018-11-02 00:00:00+00,11/2/2018 2:14:00 PM,Mid-Block (not related to intersection),28,MOTOR VEHICLE RAN OFF ROAD - HIT FIXED OBJECT,True,False,Clear or Partly Cloudy,Wet,Daylight,,,,50.0,Fixed object,0,0,False,0
-122.293800643808,47.5991869882096,206513,305852,307132,E851725,Matched,Intersection,30605.0,30TH AVE S AND S JACKSON ST, ,,2,Injury Collision,Angles,3,0,0,2,2,0,2018-10-19 00:00:00+00,10/19/2018 7:35:00 PM,At Intersection (intersection related),11,"MOTOR VEHICLE STRUCK MOTOR VEHICLE, FRONT END AT ANGLE",True,False,Clear or Partly Cloudy,Dry,Dark - Street Lights On,,,,10.0,Entering at angle,0,0,False,0
-122.372172029895,47.6686636495222,206514,306007,307287,3694705,Matched,Block,,NW MARKET ST BETWEEN 11TH AVE NW AND 14TH AVE NW, ,,2,Injury Collision,Other,3,0,0,2,1,0,2018-10-21 00:00:00+00,10/21/2018 2:32:00 AM,Mid-Block (not related to intersection),11,"MOTOR VEHICLE STRUCK MOTOR VEHICLE, FRONT END AT ANGLE",,False,Clear or Partly Cloudy,Dry,Dark - Street Lights On,,,,23.0,From same direction - all others,0,0,False,0
-122.366023398739,47.6759853467282,206515,306393,307673,3751416,Matched,Intersection,24214.0,8TH AVE NW AND NW 65TH ST, ,,2,Injury Collision,Other,1,0,0,1,1,0,2018-11-05 00:00:00+00,11/5/2018 9:39:00 PM,At Intersection (intersection related),28,MOTOR VEHICLE RAN OFF ROAD - HIT FIXED OBJECT,,False,Clear or Partly Cloudy,Dry,Dark - Street Lights On,,,,50.0,Fixed object,0,0,False,0
-122.347576805217,47.6239007380818,206516,305710,306990,3811604,Matched,Block,,5TH AVE N BETWEEN REPUBLICAN ST AND MERCER ST, ,,1,Property Damage Only Collision,Sideswipe,2,0,0,2,0,0,2018-10-02 00:00:00+00,10/2/2018 11:46:00 AM,Mid-Block (not related to intersection),11,"MOTOR VEHICLE STRUCK MOTOR VEHICLE, FRONT END AT ANGLE",,False,Clear or Partly Cloudy,Dry,Daylight,,,,11.0,From same direction - both going straight - both moving - sideswipe,0,0,False,0
-122.298862051229,47.6612223678327,206517,306207,307487,3695672,Matched,Block,,NE 45TH ST BETWEEN NE 45TH ST RP AND MONTLAKE BLVD NE, ,,2,Injury Collision,Head On,3,0,0,2,3,0,2018-10-28 00:00:00+00,10/28/2018 1:32:00 AM,Mid-Block (not related to intersection),11,"MOTOR VEHICLE STRUCK MOTOR VEHICLE, FRONT END AT ANGLE",,False,Raining,Wet,Dark - Street Lights On,,,,30.0,From opposite direction - all others,0,0,False,0
-122.339311905342,47.7050439344958,206519,306391,307671,3751067,Matched,Intersection,37277.0,ASHWORTH AVE N AND N NORTHGATE WAY, ,,2,Injury Collision,Angles,2,0,0,2,1,0,2018-11-05 00:00:00+00,11/5/2018 10:08:00 PM,At Intersection (intersection related),11,"MOTOR VEHICLE STRUCK MOTOR VEHICLE, FRONT END AT ANGLE",,False,Raining,Wet,Dark - Street Lights On,,,,10.0,Entering at angle,0,0,False,0
-122.330959938289,47.6000162733169,206520,305709,306989,3811550,Matched,Block,,S MAIN ST BETWEEN 2ND AVE S AND 2ND AV ET S, ,,1,Property Damage Only Collision,Sideswipe,2,0,0,2,0,0,2018-10-08 00:00:00+00,10/8/2018 8:36:00 AM,Mid-Block (not related to intersection),11,"MOTOR VEHICLE STRUCK MOTOR VEHICLE, FRONT END AT ANGLE",,False,Overcast,Wet,Daylight,,,,11.0,From same direction - both going straight - both moving - sideswipe,0,0,False,0
-122.293642667672,47.7219854074509,206521,306014,307294,3578631,Matched,Block,,LAKE CITY WAY NE BETWEEN NE 127TH ST AND NE 130TH ST, ,,1,Property Damage Only Collision,Rear Ended,2,0,0,2,0,0,2018-10-09 00:00:00+00,10/9/2018 7:12:00 AM,Mid-Block (but intersection related),14,"MOTOR VEHICLE STRUCK MOTOR VEHICLE, REAR END",True,False,Raining,Wet,Dawn,,,,14.0,From same direction - both going straight - one stopped - rear-end,0,0,False,0
-122.352205743305,47.5842576061666,206522,306390,307670,3745803,Matched,Intersection,31225.0,13TH AVE SW AND SW FLORIDA ST, ,,1,Property Damage Only Collision,Angles,2,0,0,2,0,0,2018-11-06 00:00:00+00,11/6/2018 6:45:00 AM,At Intersection (intersection related),11,"MOTOR VEHICLE STRUCK MOTOR VEHICLE, FRONT END AT ANGLE",,False,Clear or Partly Cloudy,Dry,Daylight,,,,10.0,Entering at angle,0,0,False,0
-122.361912778367,47.6267354113156,206523,306013,307293,3578584,Matched,Block,,W OLYMPIC PL BETWEEN 3RD AVE W AND 5TH AVE W, ,,1,Property Damage Only Collision,Parked Car,2,0,0,2,0,0,2018-10-11 00:00:00+00,10/11/2018 8:55:00 AM,Mid-Block (not related to intersection),11,"MOTOR VEHICLE STRUCK MOTOR VEHICLE, FRONT END AT ANGLE",,False,Clear or Partly Cloudy,Dry,,,,,20.0,One car leaving parked position,0,0,False,0
-122.317605337597,47.6926443215194,206524,306012,307292,3328014,Matched,Block,,ROOSEVELT WAY NE BETWEEN NE 88TH ST AND NE 89TH ST, ,,2,Injury Collision,Parked Car,2,0,0,2,1,0,2018-10-24 00:00:00+00,10/24/2018 2:23:00 PM,Mid-Block (but intersection related),14,"MOTOR VEHICLE STRUCK MOTOR VEHICLE, REAR END",,True,Clear or Partly Cloudy,Dry,Daylight,,,,32.0,One parked--one moving,0,0,False,0
-122.32905101651,47.6555582466322,206526,306389,307669,3578640,Matched,Intersection,27232.0,EASTERN AVE N AND N 40TH ST, ,,1,Property Damage Only Collision,Angles,2,0,0,2,0,0,2018-11-02 00:00:00+00,11/2/2018 12:19:00 PM,At Intersection (intersection related),11,"MOTOR VEHICLE STRUCK MOTOR VEHICLE, FRONT END AT ANGLE",True,False,Overcast,Dry,Daylight,,,,10.0,Entering at angle,0,0,False,0
-122.339357006875,47.6097805702105,206528,305707,306987,3811439,Matched,Block,,2ND AVE BETWEEN PIKE ST AND PINE ST, ,,2,Injury Collision,Cycles,3,0,1,1,1,0,2018-10-02 00:00:00+00,10/2/2018 7:48:00 PM,Mid-Block (not related to intersection),18,"MOTOR VEHICLE STRUCK PEDALCYCLIST, FRONT END AT ANGLE",,False,Raining,Wet,Dark - Street Lights On,True,,,6.0,Pedalcyclist Strikes Moving Vehicle,0,0,False,0
-122.339381135586,47.6126773361413,206533,306009,307289,E853096,Matched,Block,,4TH AVE BETWEEN STEWART ST AND VIRGINIA ST, ,,1,Property Damage Only Collision,Parked Car,2,0,0,2,0,0,2018-10-21 00:00:00+00,10/21/2018 2:55:00 PM,Mid-Block (not related to intersection),11,"MOTOR VEHICLE STRUCK MOTOR VEHICLE, FRONT END AT ANGLE",,False,Clear or Partly Cloudy,Dry,Daylight,,,,20.0,One car leaving parked position,0,0,False,0
-122.37615412933,47.6396545535259,206537,305706,306986,3811437,Matched,Block,,15TH AVE W BETWEEN W BOSTON ST AND W WHEELER ST, ,,1,Property Damage Only Collision,Rear Ended,2,0,0,2,0,0,2018-10-01 00:00:00+00,10/1/2018 10:58:00 PM,Mid-Block (not related to intersection),14,"MOTOR VEHICLE STRUCK MOTOR VEHICLE, REAR END",,True,Overcast,Dry,Dark - Street Lights On,,,,13.0,From same direction - both going straight - both moving - rear-end,0,0,False,0
-122.375766008639,47.5446790163543,206538,306385,307665,E854879,Matched,Block,,SW MORGAN ST BETWEEN 34TH AVE SW AND 35TH AVE SW, ,,1,Property Damage Only Collision,Other,2,0,0,2,0,0,2018-10-29 00:00:00+00,10/29/2018 11:31:00 PM,Mid-Block (but intersection related),28,MOTOR VEHICLE RAN OFF ROAD - HIT FIXED OBJECT,True,False,Overcast,Wet,Dark - Street Lights On,,,,50.0,Fixed object,0,0,False,0
-122.329867262265,47.5316630358237,206540,306720,308000,E852286,Matched,Block,,WEST MARGINAL SB WAY S BETWEEN KENYON OFF RP AND KENYON ON RP, ,,1,Property Damage Only Collision,Sideswipe,2,0,0,2,0,0,2018-10-15 00:00:00+00,10/15/2018 3:43:00 PM,Mid-Block (not related to intersection),11,"MOTOR VEHICLE STRUCK MOTOR VEHICLE, FRONT END AT ANGLE",,True,Clear or Partly Cloudy,Dry,Daylight,,,,11.0,From same direction - both going straight - both moving - sideswipe,0,0,False,0
-122.327162083875,47.6784399861709,206541,307047,308327,3508170,Matched,Block,,EAST GREEN LAKE WAY N BETWEEN 2ND AVE NE AND 4TH AVE NE, ,,1,Property Damage Only Collision,Other,1,0,0,1,0,0,2018-11-07 00:00:00+00,11/7/2018 12:20:00 AM,Mid-Block (not related to intersection),28,MOTOR VEHICLE RAN OFF ROAD - HIT FIXED OBJECT,True,False,Raining,Wet,Dark - Street Lights On,,,,50.0,Fixed object,0,0,False,0
-122.344689805249,47.7046877239764,206542,306719,307999,E855540,Matched,Block,,AURORA AVE N BETWEEN N 104TH ST AND N NORTHGATE WAY, ,,1,Property Damage Only Collision,Rear Ended,2,0,0,2,0,0,2018-10-19 00:00:00+00,10/19/2018 11:52:00 AM,Mid-Block (but intersection related),11,"MOTOR VEHICLE STRUCK MOTOR VEHICLE, FRONT END AT ANGLE",,False,Clear or Partly Cloudy,Dry,Daylight,,,,13.0,From same direction - both going straight - both moving - rear-end,0,0,False,0
-122.29089959592,47.7260964309443,206580,307537,308817,E863120,Matched,Block,,35TH AVE NE BETWEEN NE 134TH ST AND ERICKSON PL NE, ,,2,Injury Collision,Pedestrian,2,1,0,1,1,0,2018-11-21 00:00:00+00,11/21/2018 8:13:00 AM,Mid-Block (not related to intersection),24,MOTOR VEHCILE STRUCK PEDESTRIAN,,False,Overcast,Wet,Daylight,True,,,0.0,Vehicle going straight hits pedestrian,0,0,False,0
-122.376123392788,47.6636643524013,206543,307191,308471,E863176,Matched,Intersection,25468.0,15TH NB AVE NW AND NW LEARY WAY, ,,1,Property Damage Only Collision,Left Turn,5,0,0,2,0,0,2018-11-11 00:00:00+00,11/11/2018 3:21:00 PM,At Intersection (intersection related),11,"MOTOR VEHICLE STRUCK MOTOR VEHICLE, FRONT END AT ANGLE",,False,Clear or Partly Cloudy,Dry,Daylight,,,,28.0,From opposite direction - one left turn - one straight,0,0,False,0
-122.387549673741,47.6813140170074,206544,307045,308325,3328022,Matched,Intersection,23905.0,24TH AVE NW AND NW 73RD ST, ,,1,Property Damage Only Collision,Left Turn,2,0,0,2,0,0,2018-11-17 00:00:00+00,11/17/2018 2:00:00 PM,At Intersection (intersection related),11,"MOTOR VEHICLE STRUCK MOTOR VEHICLE, FRONT END AT ANGLE",,False,Clear or Partly Cloudy,Dry,Daylight,,,,28.0,From opposite direction - one left turn - one straight,0,0,False,0
-122.337873476967,47.6129582674818,206545,306717,307997,E851197,Matched,Intersection,29556.0,5TH AVE AND STEWART ST, ,,1,Property Damage Only Collision,Angles,2,0,0,2,0,0,2018-09-30 00:00:00+00,9/30/2018 3:00:00 AM,At Intersection (intersection related),11,"MOTOR VEHICLE STRUCK MOTOR VEHICLE, FRONT END AT ANGLE",,False,Clear or Partly Cloudy,Dry,Dark - Street Lights On,,,,10.0,Entering at angle,0,0,False,0
-122.359558972441,47.5721000133572,206546,306716,307996,E851192,Matched,Block,,WEST MARGINAL WAY SW BETWEEN SW SPOKANE ST AND WEST MARGINAL TURN RD, ,,1,Property Damage Only Collision,Sideswipe,2,0,0,2,0,0,2018-07-20 00:00:00+00,7/20/2018 8:48:00 AM,Mid-Block (not related to intersection),11,"MOTOR VEHICLE STRUCK MOTOR VEHICLE, FRONT END AT ANGLE",,False,Clear or Partly Cloudy,Dry,Daylight,,,,11.0,From same direction - both going straight - both moving - sideswipe,0,0,False,0
-122.351280676958,47.6541427342617,206547,307044,308324,3328020,Matched,Intersection,27010.0,EVANSTON AVE N AND N 39TH ST, ,,2,Injury Collision,Rear Ended,4,0,0,3,1,0,2018-10-31 00:00:00+00,10/31/2018 11:33:00 PM,At Intersection (but not related to intersection),14,"MOTOR VEHICLE STRUCK MOTOR VEHICLE, REAR END",,False,Raining,Wet,Dark - Street Lights On,,,True,14.0,From same direction - both going straight - one stopped - rear-end,0,0,False,0
-122.344497642045,47.6858598816881,206548,307190,308470,3705975,Matched,Block,,AURORA AVE N BETWEEN N 78TH ST AND N 79TH ST, ,,1,Property Damage Only Collision,Sideswipe,3,0,0,2,0,0,2018-11-05 00:00:00+00,11/5/2018 10:13:00 PM,Mid-Block (not related to intersection),11,"MOTOR VEHICLE STRUCK MOTOR VEHICLE, FRONT END AT ANGLE",True,False,Overcast,Wet,Dark - Street Lights On,,,,11.0,From same direction - both going straight - both moving - sideswipe,0,0,False,0
-122.277072124664,47.5493260443471,206549,306715,307995,E850977,Matched,Block,,RAINIER AVE S BETWEEN S JUNEAU ST AND S KENNY ST, ,,1,Property Damage Only Collision,Rear Ended,2,0,0,2,0,0,2018-09-09 00:00:00+00,9/9/2018 5:24:00 PM,Mid-Block (not related to intersection),14,"MOTOR VEHICLE STRUCK MOTOR VEHICLE, REAR END",,False,Clear or Partly Cloudy,Dry,Daylight,,,,14.0,From same direction - both going straight - one stopped - rear-end,0,0,False,0
-122.338753234383,47.615825455236,206550,307043,308323,E798513,Matched,Intersection,29536.0,7TH AVE AND LENORA ST, ,,2,Injury Collision,Pedestrian,2,0,1,1,1,0,2018-05-08 00:00:00+00,5/8/2018 12:21:00 PM,At Intersection (intersection related),18,"MOTOR VEHICLE STRUCK PEDALCYCLIST, FRONT END AT ANGLE",,False,Clear or Partly Cloudy,Dry,Daylight,,,,5.0,Vehicle Strikes Pedalcyclist,0,0,False,0
-122.26957941077,47.5292248379525,206551,306714,307994,E850944,Matched,Block,,WABASH AVE S BETWEEN S ROSE ST AND S ROSE S ST, ,,2,Injury Collision,Angles,2,0,0,2,1,0,2018-09-14 00:00:00+00,9/14/2018 4:46:00 PM,Mid-Block (not related to intersection),11,"MOTOR VEHICLE STRUCK MOTOR VEHICLE, FRONT END AT ANGLE",,False,Clear or Partly Cloudy,Dry,Daylight,,,,10.0,Entering at angle,0,0,False,0
-122.336582138075,47.6017175465588,206552,307041,308321,2880213,Matched,Intersection,30360.0,ALASKAN WAY AND YESLER WAY, ,,1,Property Damage Only Collision,Sideswipe,2,0,0,2,0,0,2018-05-04 00:00:00+00,5/4/2018 7:02:00 PM,At Intersection (but not related to intersection),11,"MOTOR VEHICLE STRUCK MOTOR VEHICLE, FRONT END AT ANGLE",,False,Clear or Partly Cloudy,Dry,Daylight,,,,71.0,Same direction -- both turning right -- both moving -- sideswipe,0,0,False,0
-122.326178957829,47.6613494034618,206553,307194,308474,E863180,Matched,Intersection,27181.0,THACKERAY PL NE AND NE 45TH ST, ,,1,Property Damage Only Collision,Angles,2,0,0,2,0,0,2018-11-18 00:00:00+00,11/18/2018 11:22:00 AM,At Intersection (intersection related),11,"MOTOR VEHICLE STRUCK MOTOR VEHICLE, FRONT END AT ANGLE",,False,Clear or Partly Cloudy,Dry,Daylight,,,,10.0,Entering at angle,0,0,False,0
-122.375156228516,47.6318616233433,206554,307040,308320,E832052,Matched,Block,,ELLIOTT AVE W BETWEEN W GALER ST FLYOVER AND W GALER ST, ,,2,Injury Collision,Rear Ended,2,0,0,2,1,0,2018-08-20 00:00:00+00,8/20/2018 9:45:00 AM,Mid-Block (not related to intersection),14,"MOTOR VEHICLE STRUCK MOTOR VEHICLE, REAR END",,True,Clear or Partly Cloudy,Dry,Daylight,,,,13.0,From same direction - both going straight - both moving - rear-end,0,0,False,0
-122.312544556386,47.628696445747,206555,306713,307993,E850473,Matched,Intersection,28957.0,15TH AVE E AND E PROSPECT N ST, ,,2,Injury Collision,Pedestrian,2,1,0,1,1,0,2018-09-18 00:00:00+00,9/18/2018 12:00:00 PM,At Intersection (but not related to intersection),24,MOTOR VEHCILE STRUCK PEDESTRIAN,,False,Clear or Partly Cloudy,Dry,Daylight,,,,0.0,Vehicle going straight hits pedestrian,0,0,False,0
-122.325401990001,47.6343614443311,206556,306871,308151,E858844,Matched,Block,,EASTLAKE AVE E BETWEEN E GARFIELD ST AND E BLAINE ST, ,,1,Property Damage Only Collision,Angles,2,0,0,2,0,0,2018-11-09 00:00:00+00,11/9/2018 12:36:00 PM,Mid-Block (not related to intersection),11,"MOTOR VEHICLE STRUCK MOTOR VEHICLE, FRONT END AT ANGLE",True,False,Raining,Wet,Daylight,,,,10.0,Entering at angle,0,0,False,0
-122.347950759081,47.6521623889706,206557,307189,308469,E863171,Matched,Intersection,27052.0,FREMONT WAY N AND FREMONT TURN RD, ,,2,Injury Collision,Angles,2,0,0,2,1,0,2018-11-15 00:00:00+00,11/15/2018 3:43:00 PM,At Intersection (intersection related),11,"MOTOR VEHICLE STRUCK MOTOR VEHICLE, FRONT END AT ANGLE",,False,Clear or Partly Cloudy,Dry,Daylight,,,,10.0,Entering at angle,0,0,False,0
-122.305827396494,47.5884106013236,206558,306712,307992,E849638,Matched,Intersection,31517.0,RAINIER AVE S AND S MASSACHUSETTS ST, ,,2,Injury Collision,Left Turn,2,0,0,2,2,0,2018-07-26 00:00:00+00,7/26/2018 5:47:00 AM,At Intersection (intersection related),11,"MOTOR VEHICLE STRUCK MOTOR VEHICLE, FRONT END AT ANGLE",,False,Clear or Partly Cloudy,Dry,Daylight,,,,28.0,From opposite direction - one left turn - one straight,0,0,False,0
-122.344586477974,47.6959953847845,206559,306870,308150,E858810,Matched,Block,,AURORA AVE N BETWEEN N 92ND ST AND N 93RD ST, ,,2,Injury Collision,Rear Ended,3,0,0,2,1,0,2018-11-09 00:00:00+00,11/9/2018 12:27:00 PM,Mid-Block (not related to intersection),14,"MOTOR VEHICLE STRUCK MOTOR VEHICLE, REAR END",,False,Overcast,Wet,Daylight,,,,14.0,From same direction - both going straight - one stopped - rear-end,0,0,False,0