longitude,latitude,objectid,inckey,coldetkey,reportno,status,addrtype,intkey,location,exceptrsncode,exceptrsndesc,severitycode,severitydesc,collisiontype,personcount,pedcount,pedcylcount,vehcount,injuries,fatalities,incdate,incdttm,junctiontype,sdot_colcode,sdot_coldesc,inattentionind,underinfl,weather,roadcond,lightcond,pedrownotgrnt,sdotcolnum,speeding,st_colcode,st_coldesc,seglanekey,crosswalkkey,hitparkedcar,seriousinjuries
-122.347323071099,47.6534490367801,206562,307192,308472,3706002,Matched,Block,,AURORA AVE N BETWEEN N 38 UPPER ST AND N 39TH ST, ,,1,Property Damage Only Collision,Rear Ended,2,0,0,2,0,0,2018-11-16 00:00:00+00,11/16/2018 3:34:00 AM,Mid-Block (not related to intersection),14,"MOTOR VEHICLE STRUCK MOTOR VEHICLE, REAR END",True,False,Overcast,Wet,Dark - Street Lights On,,,,14.0,From same direction - both going straight - one stopped - rear-end,0,0,False,0
-122.332996522473,47.6225433898853,206563,306869,308149,E857831,Matched,Block,,MINOR AVE N BETWEEN HARRISON ST AND REPUBLICAN ST,NEI,"Not Enough Information, or Insufficient Location Information",1,Property Damage Only Collision,Parked Car,2,0,0,2,0,0,2018-11-06 00:00:00+00,11/6/2018 2:06:00 PM,,0,NOT ENOUGH INFORMATION / NOT APPLICABLE,,False,Clear or Partly Cloudy,Dry,Unknown,,,,32.0,One parked--one moving,0,0,True,0
-122.287770315002,47.5957341025574,206564,306550,307830,E857873,Matched,Intersection,35530.0,LAKESIDE AVE S AND S DEARBORN ST, ,,1,Property Damage Only Collision,Angles,5,0,0,5,0,0,2018-10-31 00:00:00+00,10/31/2018 9:18:00 AM,At Intersection (intersection related),11,"MOTOR VEHICLE STRUCK MOTOR VEHICLE, FRONT END AT ANGLE",,False,Clear or Partly Cloudy,Dry,Daylight,,,,10.0,Entering at angle,0,0,False,0
-122.334538908918,47.6078702674951,206565,306868,308148,E857829,Matched,Block,,4TH AVE BETWEEN SENECA ST AND UNIVERSITY ST, ,,1,Property Damage Only Collision,Sideswipe,2,0,0,2,0,0,2018-11-05 00:00:00+00,11/5/2018 1:20:00 PM,Mid-Block (not related to intersection),11,"MOTOR VEHICLE STRUCK MOTOR VEHICLE, FRONT END AT ANGLE",,False,Overcast,Dry,Daylight,,,,11.0,From same direction - both going straight - both moving - sideswipe,0,0,False,0
-122.330818897061,47.6054814966445,206566,306867,308147,E857827,Matched,Block,,5TH AVE BETWEEN COLUMBIA ST AND MARION ST, ,,1,Property Damage Only Collision,Parked Car,2,0,0,2,0,0,2018-11-02 00:00:00+00,11/2/2018 9:08:00 AM,Mid-Block (not related to intersection),14,"MOTOR VEHICLE STRUCK MOTOR VEHICLE, REAR END",,False,Overcast,Wet,Daylight,,,,32.0,One parked--one moving,0,0,True,0
-122.320252243055,47.6867597559811,206567,307188,308468,E863169,Matched,Intersection,24393.0,8TH AVE NE AND NE 80TH ST, ,,2,Injury Collision,Angles,3,0,0,2,1,0,2018-11-12 00:00:00+00,11/12/2018 12:27:00 PM,At Intersection (intersection related),11,"MOTOR VEHICLE STRUCK MOTOR VEHICLE, FRONT END AT ANGLE",True,False,Clear or Partly Cloudy,Dry,Daylight,,,,10.0,Entering at angle,0,0,False,0
-122.331604308503,47.6046615583508,206568,306549,307829,E857828,Matched,Intersection,29966.0,4TH AVE AND COLUMBIA ST, ,,1,Property Damage Only Collision,Left Turn,2,0,0,2,0,0,2018-11-05 00:00:00+00,11/5/2018 1:15:00 PM,At Intersection (intersection related),11,"MOTOR VEHICLE STRUCK MOTOR VEHICLE, FRONT END AT ANGLE",,False,Clear or Partly Cloudy,Dry,Daylight,,,,15.0,From same direction - one left turn - one straight,0,0,False,0
-122.3175526737,47.6867321283814,206569,307196,308476,E863183,Matched,Intersection,24395.0,ROOSEVELT WAY NE AND NE 80TH ST, ,,1,Property Damage Only Collision,Angles,2,0,0,2,0,0,2018-11-18 00:00:00+00,11/18/2018 10:35:00 AM,At Intersection (intersection related),11,"MOTOR VEHICLE STRUCK MOTOR VEHICLE, FRONT END AT ANGLE",,False,Clear or Partly Cloudy,Dry,Daylight,,,,10.0,Entering at angle,0,0,False,0
-122.334213469208,47.6075149975575,206570,306548,307828,E857826,Matched,Intersection,29932.0,4TH AVE AND SENECA ST, ,,1,Property Damage Only Collision,Right Turn,3,0,0,2,0,0,2018-11-02 00:00:00+00,11/2/2018 7:49:00 AM,At Intersection (intersection related),11,"MOTOR VEHICLE STRUCK MOTOR VEHICLE, FRONT END AT ANGLE",,False,Overcast,Dry,Daylight,,,,16.0,From same direction - one right turn - one straight,0,0,False,0
-122.36073821899,47.7018492488811,206571,306866,308146,E857768,Matched,Block,,3RD AVE NW BETWEEN NW 100TH ST AND NW 101ST ST, ,,1,Property Damage Only Collision,Parked Car,3,0,0,3,0,0,2018-11-01 00:00:00+00,11/1/2018 10:12:00 AM,Mid-Block (not related to intersection),14,"MOTOR VEHICLE STRUCK MOTOR VEHICLE, REAR END",True,False,Overcast,Dry,Daylight,,,,32.0,One parked--one moving,0,0,True,0
-122.332854666075,47.7095629876229,206572,306865,308145,E857767,Matched,Block,,N 112TH ST BETWEEN MERIDIAN AVE N AND DEAD END, ,,1,Property Damage Only Collision,Angles,2,0,0,2,0,0,2018-11-01 00:00:00+00,11/1/2018 11:50:00 AM,Mid-Block (not related to intersection),11,"MOTOR VEHICLE STRUCK MOTOR VEHICLE, FRONT END AT ANGLE",,False,Overcast,Wet,Daylight,,,,10.0,Entering at angle,0,0,False,0
-122.337150730011,47.6185268928481,206573,306547,307827,E857765,Matched,Intersection,29508.0,DENNY WAY AND TERRY AVE, ,,2,Injury Collision,Rear Ended,3,0,0,2,1,0,2018-10-31 00:00:00+00,10/31/2018 2:58:00 PM,At Intersection (intersection related),14,"MOTOR VEHICLE STRUCK MOTOR VEHICLE, REAR END",,False,Clear or Partly Cloudy,Dry,Daylight,,,,14.0,From same direction - both going straight - one stopped - rear-end,0,0,False,0
-122.316779942376,47.6086413188929,206574,306864,308144,E857766,Matched,Block,,12TH AVE BETWEEN E CHERRY ST AND E COLUMBIA ST, ,,1,Property Damage Only Collision,Rear Ended,2,0,0,2,0,0,2018-11-02 00:00:00+00,11/2/2018 11:19:00 AM,Mid-Block (not related to intersection),14,"MOTOR VEHICLE STRUCK MOTOR VEHICLE, REAR END",,False,Overcast,Wet,Daylight,,,,13.0,From same direction - both going straight - both moving - rear-end,0,0,False,0
-122.333268699717,47.5938372656624,206575,307049,308329,3578580,Matched,Block,,OCCIDENTAL AVE S BETWEEN RAILROAD WAY S AND S ROYAL BROUGHAM WAY, ,,1,Property Damage Only Collision,Angles,3,0,0,2,0,0,2018-11-01 00:00:00+00,11/1/2018 11:37:00 PM,Mid-Block (not related to intersection),11,"MOTOR VEHICLE STRUCK MOTOR VEHICLE, FRONT END AT ANGLE",True,False,Raining,Wet,Dark - Street Lights On,,,,10.0,Entering at angle,0,0,False,0
-122.373930039782,47.5300960926949,206576,306546,307826,E857764,Matched,Intersection,34920.0,32ND AVE SW AND SW ELMGROVE ST, ,,2,Injury Collision,Angles,2,0,0,2,1,0,2018-10-24 00:00:00+00,10/24/2018 2:14:00 PM,At Intersection (intersection related),11,"MOTOR VEHICLE STRUCK MOTOR VEHICLE, FRONT END AT ANGLE",True,False,Clear or Partly Cloudy,Dry,Daylight,,,,10.0,Entering at angle,0,0,False,0
-122.298508230298,47.6685228474654,206577,307193,308473,E863179,Matched,Intersection,25934.0,27TH AVE NE AND NE 55TH ST, ,,1,Property Damage Only Collision,Angles,6,0,0,2,0,0,2018-11-17 00:00:00+00,11/17/2018 5:03:00 PM,At Intersection (intersection related),11,"MOTOR VEHICLE STRUCK MOTOR VEHICLE, FRONT END AT ANGLE",True,False,Clear or Partly Cloudy,Dry,Dark - Street Lights On,,,,10.0,Entering at angle,0,0,False,0
-122.325099018566,47.6867683551988,206578,307738,309018,E857114,Matched,Intersection,24537.0,BANNER WAY NE AND NE 80TH ST, ,,1,Property Damage Only Collision,Angles,2,0,0,2,0,0,2018-08-13 00:00:00+00,8/13/2018 3:31:00 PM,At Intersection (intersection related),11,"MOTOR VEHICLE STRUCK MOTOR VEHICLE, FRONT END AT ANGLE",,False,Clear or Partly Cloudy,Dry,Daylight,,,,10.0,Entering at angle,0,0,False,0
-122.2944332148,47.562303921111,206579,304558,305818,3814951,Matched,Block,,M L KING JR WR WAY S BETWEEN S COLUMBIAN WAY AND S SNOQUALMIE ST, ,,1,Property Damage Only Collision,Sideswipe,3,0,0,2,0,0,2018-09-23 00:00:00+00,9/23/2018 12:34:00 AM,Mid-Block (not related to intersection),11,"MOTOR VEHICLE STRUCK MOTOR VEHICLE, FRONT END AT ANGLE",True,True,Clear or Partly Cloudy,Dry,Dark - Street Lights On,,,,11.0,From same direction - both going straight - both moving - sideswipe,15966,0,False,0
-122.319636339046,47.5993874236631,206582,307526,308806,3811921,Matched,Block,,10TH AVE S BETWEEN DEAD END 1 AND S JACKSON ST, ,,1,Property Damage Only Collision,Parked Car,3,0,0,3,0,0,2018-11-15 00:00:00+00,11/15/2018 9:14:00 PM,Mid-Block (not related to intersection),11,"MOTOR VEHICLE STRUCK MOTOR VEHICLE, FRONT END AT ANGLE",,False,Overcast,Unknown,Dusk,,,,32.0,One parked--one moving,0,0,True,0
-122.323416106419,47.6431860219182,206583,307718,308998,E853371,Matched,Intersection,28208.0,BOYLSTON AVE E AND E ROANOKE ST, ,,1,Property Damage Only Collision,Angles,9,0,0,2,0,0,2018-10-20 00:00:00+00,10/20/2018 8:37:00 AM,At Intersection (intersection related),14,"MOTOR VEHICLE STRUCK MOTOR VEHICLE, REAR END",,False,Clear or Partly Cloudy,Dry,Daylight,,,,10.0,Entering at angle,0,0,False,0
-122.33960456736,47.613393804305,206584,307525,308805,3811920,Matched,Block,,VIRGINIA ST BETWEEN 4TH AVE AND 5TH AVE, ,,1,Property Damage Only Collision,Parked Car,2,0,0,2,0,0,2018-11-15 00:00:00+00,11/15/2018 10:01:00 PM,Mid-Block (not related to intersection),14,"MOTOR VEHICLE STRUCK MOTOR VEHICLE, REAR END",,False,Overcast,Dry,Dark - Street Lights On,,,,20.0,One car leaving parked position,0,0,False,0
-122.293125536181,47.6757810297654,206586,304537,305797,E845471,Matched,Block,,NE 65TH ST BETWEEN 32ND W AVE NE AND 32ND E AVE NE, ,,2,Injury Collision,Other,2,1,0,1,2,0,2018-10-05 00:00:00+00,10/5/2018 8:25:00 AM,Mid-Block (not related to intersection),28,MOTOR VEHICLE RAN OFF ROAD - HIT FIXED OBJECT,,False,Overcast,Dry,Daylight,,,,50.0,Fixed object,0,0,False,0
-122.347323071099,47.6534490367801,206587,307523,308803,3751068,Matched,Block,,AURORA AVE N BETWEEN N 38 UPPER ST AND N 39TH ST, ,,2b,Serious Injury Collision,Parked Car,4,1,0,3,3,0,2018-11-15 00:00:00+00,11/15/2018 10:50:00 PM,Mid-Block (not related to intersection),14,"MOTOR VEHICLE STRUCK MOTOR VEHICLE, REAR END",True,False,Overcast,Dry,Dark - Street Lights On,,,,32.0,One parked--one moving,0,0,False,1
-122.269988166561,47.5299413850032,206588,307725,309005,E855991,Matched,Block,,RAINIER AVE S BETWEEN S ELMGROVE ST AND S ROSE N ST, ,,1,Property Damage Only Collision,Sideswipe,3,0,0,2,0,0,2018-09-18 00:00:00+00,9/18/2018 1:27:00 PM,Mid-Block (not related to intersection),11,"MOTOR VEHICLE STRUCK MOTOR VEHICLE, FRONT END AT ANGLE",,True,Clear or Partly Cloudy,Dry,Daylight,,,,11.0,From same direction - both going straight - both moving - sideswipe,0,0,False,0
-122.341958025371,47.6106811008714,206589,307522,308802,3740044,Matched,Block,,1ST AVE BETWEEN STEWART ST AND VIRGINIA ST, ,,1,Property Damage Only Collision,Parked Car,2,0,0,2,0,0,2018-11-15 00:00:00+00,11/15/2018 10:00:00 PM,Mid-Block (not related to intersection),14,"MOTOR VEHICLE STRUCK MOTOR VEHICLE, REAR END",,False,Clear or Partly Cloudy,Dry,Dark - Street Lights On,,,,32.0,One parked--one moving,0,0,True,0
-122.339680068598,47.5717003265275,206591,307370,308650,E865630,Matched,Intersection,32177.0,EAST MARGINAL WAY S AND S SPOKANE NR ST, ,,1,Property Damage Only Collision,Sideswipe,2,0,0,2,0,0,2018-11-27 00:00:00+00,11/27/2018 7:37:00 AM,At Intersection (intersection related),11,"MOTOR VEHICLE STRUCK MOTOR VEHICLE, FRONT END AT ANGLE",,False,Overcast,Wet,Daylight,,,,81.0,Same direction -- both turning left -- both moving -- sideswipe,0,0,False,0
-122.325967748189,47.5936593147189,206592,305405,306685,E848612,Matched,Block,,6TH AVE S BETWEEN SEATTLE E BLVD S AND S ROYAL BROUGHAM WAY, ,,1,Property Damage Only Collision,Rear Ended,2,0,0,2,0,0,2018-10-09 00:00:00+00,10/9/2018 10:09:00 AM,Mid-Block (not related to intersection),14,"MOTOR VEHICLE STRUCK MOTOR VEHICLE, REAR END",True,False,Raining,Wet,Daylight,,,,14.0,From same direction - both going straight - one stopped - rear-end,0,0,False,0
-122.290922389922,47.6272534526916,206593,304520,305780,E845247,Matched,Block,,32ND AVE E BETWEEN E MADISON ST AND E WARD ST,NEI,"Not Enough Information, or Insufficient Location Information",1,Property Damage Only Collision,Rear Ended,2,0,0,2,0,0,2018-09-21 00:00:00+00,9/21/2018 11:00:00 AM,,0,NOT ENOUGH INFORMATION / NOT APPLICABLE,,False,Clear or Partly Cloudy,Dry,Daylight,,,,13.0,From same direction - both going straight - both moving - rear-end,0,0,True,0
-122.296148957965,47.617037250514,206594,304559,305819,E845249,Matched,Block,,M L KING JR WAY BETWEEN E OLIVE ST AND E HOWELL ST, ,,2,Injury Collision,Rear Ended,5,0,0,2,1,0,2018-10-01 00:00:00+00,10/1/2018 4:01:00 PM,Mid-Block (not related to intersection),14,"MOTOR VEHICLE STRUCK MOTOR VEHICLE, REAR END",,False,Raining,Wet,Daylight,,,,13.0,From same direction - both going straight - both moving - rear-end,0,0,False,0
-122.322160674177,47.6613149845832,206596,307722,309002,E854318,Matched,Block,,I5 EXPRESS BETWEEN I5 EXPRESS NE 42 RP AND RAVENNA BV I5 EXPRESS RP, ,,2,Injury Collision,Rear Ended,3,0,0,2,2,0,2018-10-11 00:00:00+00,10/11/2018 5:50:00 PM,Mid-Block (not related to intersection),14,"MOTOR VEHICLE STRUCK MOTOR VEHICLE, REAR END",,False,Clear or Partly Cloudy,Dry,Daylight,,,,14.0,From same direction - both going straight - one stopped - rear-end,0,0,False,0
-122.336331644612,47.608987948182,206597,305404,306684,E848611,Matched,Block,,UNION ST BETWEEN 3RD AVE AND 4TH AVE, ,,1,Property Damage Only Collision,Parked Car,2,0,0,2,0,0,2018-10-10 00:00:00+00,10/10/2018 10:25:00 AM,Mid-Block (not related to intersection),11,"MOTOR VEHICLE STRUCK MOTOR VEHICLE, FRONT END AT ANGLE",,False,Clear or Partly Cloudy,Dry,Daylight,,,,32.0,One parked--one moving,0,0,False,0
-122.324569842327,47.6551195337214,206598,307368,308648,E865629,Matched,Intersection,27245.0,4TH AVE NE AND NE PACIFIC ST, ,,1,Property Damage Only Collision,Left Turn,2,0,0,2,0,0,2018-11-20 00:00:00+00,11/20/2018 7:30:00 AM,At Intersection (intersection related),11,"MOTOR VEHICLE STRUCK MOTOR VEHICLE, FRONT END AT ANGLE",,False,Fog/Smog/Smoke,Wet,Dawn,,,,28.0,From opposite direction - one left turn - one straight,0,0,False,0
-122.336106890856,47.6062280427684,206600,307539,308819,3811919,Matched,Block,,2ND AVE BETWEEN SPRING ST AND SENECA ST, ,,1,Property Damage Only Collision,Sideswipe,2,0,0,2,0,0,2018-11-15 00:00:00+00,11/15/2018 3:01:00 PM,Mid-Block (not related to intersection),11,"MOTOR VEHICLE STRUCK MOTOR VEHICLE, FRONT END AT ANGLE",,False,Overcast,Dry,Daylight,,,,11.0,From same direction - both going straight - both moving - sideswipe,0,0,False,0
-122.403587104951,47.6567654959665,206602,307364,308644,E862205,Matched,Block,,36TH AVE W BETWEEN W THURMAN ST AND W ELMORE ST, ,,2,Injury Collision,Sideswipe,2,0,0,2,1,0,2018-11-05 00:00:00+00,11/5/2018 7:35:00 AM,Mid-Block (not related to intersection),11,"MOTOR VEHICLE STRUCK MOTOR VEHICLE, FRONT END AT ANGLE",True,False,Clear or Partly Cloudy,Dry,Daylight,,,,11.0,From same direction - both going straight - both moving - sideswipe,0,0,False,0
-122.337805587072,47.589505526637,206603,305402,306682,E848326,Matched,Block,,ALASKAN WAY S BETWEEN S ATLANTIC ST AND S MASSACHUSETTS ST, ,,2b,Serious Injury Collision,Pedestrian,2,1,0,1,1,0,2018-10-11 00:00:00+00,10/11/2018 3:10:00 PM,Mid-Block (not related to intersection),24,MOTOR VEHCILE STRUCK PEDESTRIAN,,False,Clear or Partly Cloudy,Dry,Daylight,,,,0.0,Vehicle going straight hits pedestrian,0,0,False,1
-122.329055961484,47.580852706239,206604,305401,306681,E848191,Matched,Block,,4TH AVE S BETWEEN S STACY ST AND S LANDER ST, ,,1,Property Damage Only Collision,Left Turn,2,0,0,2,0,0,2018-10-10 00:00:00+00,10/10/2018 8:51:00 AM,Driveway Junction,11,"MOTOR VEHICLE STRUCK MOTOR VEHICLE, FRONT END AT ANGLE",True,False,Clear or Partly Cloudy,Dry,Daylight,,,,28.0,From opposite direction - one left turn - one straight,0,0,False,0
-122.290344584808,47.6134734400384,206605,304557,305817,E845248,Matched,Block,,33RD AVE BETWEEN E UNION ST AND E PIKE ST, ,,1,Property Damage Only Collision,Parked Car,3,0,0,3,0,0,2018-09-26 00:00:00+00,9/26/2018 4:36:00 PM,Mid-Block (not related to intersection),11,"MOTOR VEHICLE STRUCK MOTOR VEHICLE, FRONT END AT ANGLE",,False,Clear or Partly Cloudy,Dry,Daylight,,,,32.0,One parked--one moving,0,0,True,0
-122.301026389563,47.6281711078299,206607,307538,308818,E863230,Matched,Block,,E HELEN ST BETWEEN 24TH AVE E AND 25TH AVE E,NEI,"Not Enough Information, or Insufficient Location Information",1,Property Damage Only Collision,Parked Car,3,0,0,3,0,0,2018-11-01 00:00:00+00,11/1/2018 10:00:00 AM,Mid-Block (not related to intersection),14,"MOTOR VEHICLE STRUCK MOTOR VEHICLE, REAR END",,False,Overcast,Wet,Daylight,,,,32.0,One parked--one moving,0,0,True,0
-122.334436914046,47.5715142436568,206608,307737,309017,E863401,Matched,Block,,WEST SEATTLE BR EB BETWEEN W SEA BR EB 4 AV OFF RP AND 1ST AV S OFF RP, ,,1,Property Damage Only Collision,Sideswipe,2,0,0,2,0,0,2018-11-13 00:00:00+00,11/13/2018 8:30:00 AM,Mid-Block (not related to intersection),11,"MOTOR VEHICLE STRUCK MOTOR VEHICLE, FRONT END AT ANGLE",,False,Clear or Partly Cloudy,Dry,Daylight,,,,11.0,From same direction - both going straight - both moving - sideswipe,0,0,False,0
-122.345006760375,47.6197299270923,206609,307362,308642,E865628,Matched,Intersection,28795.0,6TH AVE N AND JOHN ST, ,,2,Injury Collision,Angles,2,0,0,2,1,0,2018-11-19 00:00:00+00,11/19/2018 8:12:00 AM,At Intersection (intersection related),11,"MOTOR VEHICLE STRUCK MOTOR VEHICLE, FRONT END AT ANGLE",,False,Clear or Partly Cloudy,Dry,Daylight,,,,10.0,Entering at angle,0,0,False,0
-122.387566606041,47.6967056265096,206610,305399,306679,E848010,Matched,Block,,24TH AVE NW BETWEEN NW 91ST ST AND NW 95TH S ST, ,,1,Property Damage Only Collision,Parked Car,2,0,0,2,0,0,2018-09-22 00:00:00+00,9/22/2018 3:00:00 AM,Mid-Block (not related to intersection),13,"MOTOR VEHICLE STRUCK MOTOR VEHICLE, LEFT SIDE AT ANGLE",,False,Clear or Partly Cloudy,Dry,Dark - Street Lights On,,,,32.0,One parked--one moving,0,0,True,0
-122.325988816025,47.5715560383065,206611,305397,306677,E847651,Matched,Intersection,32358.0,6TH AVE S AND S SPOKANE CR ST, ,,2,Injury Collision,Angles,4,0,0,2,1,0,2018-09-28 00:00:00+00,9/28/2018 9:03:00 AM,At Intersection (intersection related),11,"MOTOR VEHICLE STRUCK MOTOR VEHICLE, FRONT END AT ANGLE",,False,Clear or Partly Cloudy,Dry,Daylight,,,,10.0,Entering at angle,0,0,False,0
-122.344586477974,47.6959953847845,206612,307361,308641,E862201,Matched,Block,,AURORA AVE N BETWEEN N 92ND ST AND N 93RD ST, ,,1,Property Damage Only Collision,Rear Ended,3,0,0,3,0,0,2018-11-02 00:00:00+00,11/2/2018 8:36:00 AM,Mid-Block (not related to intersection),14,"MOTOR VEHICLE STRUCK MOTOR VEHICLE, REAR END",True,False,Raining,Wet,Daylight,,,,14.0,From same direction - both going straight - one stopped - rear-end,0,0,False,0
-122.318224623665,47.6193417287469,206613,304561,305821,E845328,Matched,Block,,11TH AVE E BETWEEN E DENNY WAY AND E JOHN ST, ,,1,Property Damage Only Collision,Parked Car,3,0,0,3,0,0,2018-08-15 00:00:00+00,8/15/2018 9:00:00 PM,Mid-Block (not related to intersection),11,"MOTOR VEHICLE STRUCK MOTOR VEHICLE, FRONT END AT ANGLE",,False,Fog/Smog/Smoke,Dry,Dark - Street Lights On,,,,32.0,One parked--one moving,0,0,True,0
-122.34793329662,47.7250374752062,206614,304560,305820,3767482,Matched,Block,,LINDEN AVE N BETWEEN N 130TH ST AND N 135TH ST, ,,2,Injury Collision,Pedestrian,2,0,1,1,1,0,2018-09-27 00:00:00+00,9/27/2018 6:32:00 AM,Driveway Junction,18,"MOTOR VEHICLE STRUCK PEDALCYCLIST, FRONT END AT ANGLE",,False,Clear or Partly Cloudy,Dry,Dawn,True,,,5.0,Vehicle Strikes Pedalcyclist,40851,0,False,0
-122.378883145445,47.6701748369967,206616,307360,308640,3809876,Matched,Intersection,25136.0,17TH AVE NW AND NW 57TH ST, ,,2,Injury Collision,Pedestrian,3,0,1,1,1,0,2018-11-29 00:00:00+00,11/29/2018 8:20:00 PM,At Intersection (intersection related),51,PEDALCYCLIST STRUCK MOTOR VEHICLE FRONT END AT ANGLE,,False,Clear or Partly Cloudy,Dry,Dark - Street Lights On,,,,5.0,Vehicle Strikes Pedalcyclist,0,0,False,0
-122.269982030593,47.5247404099746,206617,307724,309004,E855989,Matched,Block,,RAINIER AVE S BETWEEN S CLOVERDALE ST AND S HENDERSON ST, ,,1,Property Damage Only Collision,Sideswipe,2,0,0,2,0,0,2018-09-18 00:00:00+00,9/18/2018 2:35:00 PM,Mid-Block (not related to intersection),11,"MOTOR VEHICLE STRUCK MOTOR VEHICLE, FRONT END AT ANGLE",,False,Clear or Partly Cloudy,Dry,Daylight,,,,11.0,From same direction - both going straight - both moving - sideswipe,0,0,False,0
-122.328196764395,47.6165094297595,206621,305714,306994,3814043,Matched,Block,,OLIVE WAY BETWEEN OLIVE WY ON RP AND MELROSE AVE, ,,1,Property Damage Only Collision,Parked Car,2,0,0,2,0,0,2018-10-02 00:00:00+00,10/2/2018 11:52:00 PM,Mid-Block (not related to intersection),14,"MOTOR VEHICLE STRUCK MOTOR VEHICLE, REAR END",,False,Clear or Partly Cloudy,Wet,Dark - Street Lights On,,,,32.0,One parked--one moving,0,0,False,0
-122.332655375448,47.7086545157149,206622,305880,307160,3751553,Matched,Block,,N NORTHGATE WAY BETWEEN MERIDIAN AVE N AND CORLISS AVE N, ,,1,Property Damage Only Collision,Left Turn,2,0,0,2,0,0,2018-10-17 00:00:00+00,10/17/2018 9:19:00 PM,Mid-Block (not related to intersection),11,"MOTOR VEHICLE STRUCK MOTOR VEHICLE, FRONT END AT ANGLE",True,False,Clear or Partly Cloudy,Dry,Dark - Street Lights On,,,,28.0,From opposite direction - one left turn - one straight,0,0,False,0
-122.340668846733,47.6078591836355,206623,305713,306993,3811766,Matched,Block,,WESTERN AVE BETWEEN UNION ST AND PIKE ST, ,,1,Property Damage Only Collision,Parked Car,2,0,0,2,0,0,2018-10-01 00:00:00+00,10/1/2018 1:00:00 AM,Mid-Block (not related to intersection),14,"MOTOR VEHICLE STRUCK MOTOR VEHICLE, REAR END",,False,Clear or Partly Cloudy,Dry,Dark - Street Lights On,,,,32.0,One parked--one moving,0,0,True,0
-122.361223621227,47.5711635830637,206624,305712,306992,E848717,Matched,Block,,W SEATTLE BR WB OFF RP BETWEEN W SEATTLE BR WB-CHELAN OFF RP AND DELRIDGE WAY SW, ,,1,Property Damage Only Collision,Other,1,0,0,1,0,0,2018-10-08 00:00:00+00,10/8/2018 9:40:00 AM,Mid-Block (not related to intersection),26,MOTOR VEHICLE STRUCK OBJECT IN ROAD,,False,Raining,Oil,Daylight,,,,50.0,Fixed object,0,0,False,0
-122.351133937705,47.5709417837772,206625,305879,307159,3745699,Matched,Block,,WEST SEATTLE BR EB BETWEEN ALASKAN WY VI NB ON RP AND DELRIDGE-W SEATTLE BR EB ON RP, ,,1,Property Damage Only Collision,Rear Ended,2,0,0,2,0,0,2018-10-17 00:00:00+00,10/17/2018 7:20:00 AM,Mid-Block (not related to intersection),14,"MOTOR VEHICLE STRUCK MOTOR VEHICLE, REAR END",,False,Fog/Smog/Smoke,Wet,Dawn,,,True,14.0,From same direction - both going straight - one stopped - rear-end,0,0,False,0
-122.3213656983,47.7022211837831,206626,306221,307501,3751107,Matched,Block,,NE 102ND ST BETWEEN DEAD END 2 AND 8TH AVE NE, ,,1,Property Damage Only Collision,Parked Car,2,0,0,2,0,0,2018-10-28 00:00:00+00,10/28/2018 4:30:00 PM,Mid-Block (not related to intersection),14,"MOTOR VEHICLE STRUCK MOTOR VEHICLE, REAR END",,False,Unknown,Wet,Unknown,,,,32.0,One parked--one moving,0,0,True,0
-122.333148980081,47.6166118092363,206627,305711,306991,3811685,Matched,Block,,STEWART ST BETWEEN TERRY AVE AND BOREN AVE, ,,1,Property Damage Only Collision,Parked Car,2,0,0,2,0,0,2018-08-31 00:00:00+00,8/31/2018 2:41:00 PM,Mid-Block (not related to intersection),11,"MOTOR VEHICLE STRUCK MOTOR VEHICLE, FRONT END AT ANGLE",,False,Clear or Partly Cloudy,Dry,Daylight,,,,20.0,One car leaving parked position,0,0,False,0
-122.406814493504,47.5766155122273,206628,306220,307500,3746079,Matched,Block,,SW ADMIRAL WAY BETWEEN 57TH AVE SW AND 59TH AVE SW, ,,1,Property Damage Only Collision,Parked Car,3,0,0,3,0,0,2018-10-29 00:00:00+00,10/29/2018 9:17:00 AM,Mid-Block (not related to intersection),14,"MOTOR VEHICLE STRUCK MOTOR VEHICLE, REAR END",,False,Overcast,Dry,Daylight,,,,32.0,One parked--one moving,0,0,False,0
-122.346588118471,47.723214979591,206629,305878,307158,3738988,Matched,Block,,N 130TH ST BETWEEN LINDEN AVE N AND AURORA AVE N, ,,1,Property Damage Only Collision,Rear Ended,2,0,0,2,0,0,2018-10-12 00:00:00+00,10/12/2018 2:50:00 PM,Mid-Block (not related to intersection),14,"MOTOR VEHICLE STRUCK MOTOR VEHICLE, REAR END",True,False,Clear or Partly Cloudy,Dry,Daylight,,,,14.0,From same direction - both going straight - one stopped - rear-end,0,0,False,0
-122.294797374611,47.6195297236307,206630,305561,306841,3814167,Matched,Block,,29TH AVE E BETWEEN E DENNY WAY AND E JOHN ST,NEI,"Not Enough Information, or Insufficient Location Information",1,Property Damage Only Collision,Parked Car,2,0,0,2,0,0,2018-09-29 00:00:00+00,9/29/2018 2:00:00 PM,,0,NOT ENOUGH INFORMATION / NOT APPLICABLE,,False,Unknown,Unknown,Unknown,,,,32.0,One parked--one moving,0,0,False,0
-122.344760011155,47.7090583478045,206631,305877,307157,3735242,Matched,Block,,AURORA AVE N BETWEEN N 109TH ST AND N 112TH ST, ,,2,Injury Collision,Rear Ended,3,0,0,2,1,0,2018-10-17 00:00:00+00,10/17/2018 6:26:00 AM,Mid-Block (not related to intersection),11,"MOTOR VEHICLE STRUCK MOTOR VEHICLE, FRONT END AT ANGLE",,False,Clear or Partly Cloudy,Dry,Dark - Street Lights On,,,,13.0,From same direction - both going straight - both moving - rear-end,0,0,False,0