longitude,latitude,objectid,inckey,coldetkey,reportno,status,addrtype,intkey,location,exceptrsncode,exceptrsndesc,severitycode,severitydesc,collisiontype,personcount,pedcount,pedcylcount,vehcount,injuries,fatalities,incdate,incdttm,junctiontype,sdot_colcode,sdot_coldesc,inattentionind,underinfl,weather,roadcond,lightcond,pedrownotgrnt,sdotcolnum,speeding,st_colcode,st_coldesc,seglanekey,crosswalkkey,hitparkedcar,seriousinjuries
-122.335143289811,47.5391534158001,206632,306219,307499,3745765,Matched,Block,,HIGHLAND PARK WAY SW BETWEEN 1ST AVE S AND 2ND AV SW TURN RD, ,,1,Property Damage Only Collision,Head On,4,0,0,2,0,0,2018-10-30 00:00:00+00,10/30/2018 12:11:00 AM,Mid-Block (not related to intersection),11,"MOTOR VEHICLE STRUCK MOTOR VEHICLE, FRONT END AT ANGLE",,False,Clear or Partly Cloudy,Dry,Dark - No Street Lights,,,,30.0,From opposite direction - all others,0,0,False,0
-122.357566335874,47.6179510515178,206634,305560,306840,3811743,Matched,Block,,ELLIOTT AVE BETWEEN BAY ST AND W DENNY WAY, ,,1,Property Damage Only Collision,Sideswipe,2,0,0,2,0,0,2018-09-28 00:00:00+00,9/28/2018 3:41:00 PM,Mid-Block (not related to intersection),11,"MOTOR VEHICLE STRUCK MOTOR VEHICLE, FRONT END AT ANGLE",,False,Clear or Partly Cloudy,Dry,Daylight,,,,11.0,From same direction - both going straight - both moving - sideswipe,0,0,False,0
-122.370193656062,47.5715593501127,206636,306218,307498,3745764,Matched,Block,,WEST SEATTLE BR WB BETWEEN SW ADMIRAL WY OFF RP AND POINT A, ,,1,Property Damage Only Collision,Other,1,0,0,1,0,0,2018-10-27 00:00:00+00,10/27/2018 9:14:00 PM,Mid-Block (not related to intersection),26,MOTOR VEHICLE STRUCK OBJECT IN ROAD,,False,Raining,Wet,Dark - No Street Lights,,,,50.0,Fixed object,0,0,False,0
-122.37622385416,47.560172753702,206637,306217,307497,3742450,Matched,Block,,35TH AVE SW BETWEEN SW ALASKA ST AND SW EDMUNDS ST, ,,1,Property Damage Only Collision,Rear Ended,2,0,0,2,0,0,2018-10-29 00:00:00+00,10/29/2018 6:36:00 AM,Mid-Block (not related to intersection),14,"MOTOR VEHICLE STRUCK MOTOR VEHICLE, REAR END",,False,Clear or Partly Cloudy,Wet,Dark - Street Lights On,,,,14.0,From same direction - both going straight - one stopped - rear-end,0,0,False,0
-122.347570518226,47.6175184211972,206638,305559,306839,3811436,Matched,Block,,4TH AVE BETWEEN VINE ST AND CEDAR ST, ,,1,Property Damage Only Collision,Other,2,0,0,1,0,0,2018-09-30 00:00:00+00,9/30/2018 4:20:00 AM,Mid-Block (not related to intersection),26,MOTOR VEHICLE STRUCK OBJECT IN ROAD,,False,Clear or Partly Cloudy,Wet,Dark - Street Lights On,,,True,50.0,Fixed object,0,0,False,0
-122.30884245761,47.6161352298682,206639,306216,307496,E854795,Matched,Intersection,30124.0,18TH AVE AND E MADISON ST, ,,1,Property Damage Only Collision,Angles,2,0,0,2,0,0,2018-10-12 00:00:00+00,10/12/2018 11:45:00 AM,At Intersection (intersection related),11,"MOTOR VEHICLE STRUCK MOTOR VEHICLE, FRONT END AT ANGLE",,False,Clear or Partly Cloudy,Dry,Daylight,,,,10.0,Entering at angle,0,0,False,0
-122.334348592149,47.6258673485102,206641,305558,306838,3784700,Matched,Block,,FAIRVIEW AVE N BETWEEN VALLEY ST AND VALLEY UPPER ST, ,,1,Property Damage Only Collision,Angles,2,0,0,2,0,0,2018-09-28 00:00:00+00,9/28/2018 9:02:00 PM,Mid-Block (not related to intersection),14,"MOTOR VEHICLE STRUCK MOTOR VEHICLE, REAR END",,False,Clear or Partly Cloudy,Dry,Dark - Street Lights On,,,,10.0,Entering at angle,0,0,False,0
-122.344996819426,47.7250341828433,206642,305557,306837,3754366,Matched,Block,,AURORA AVE N BETWEEN N 130TH ST AND N 135TH ST, ,,1,Property Damage Only Collision,Sideswipe,2,0,0,2,0,0,2018-09-29 00:00:00+00,9/29/2018 12:52:00 PM,Mid-Block (not related to intersection),14,"MOTOR VEHICLE STRUCK MOTOR VEHICLE, REAR END",True,False,Clear or Partly Cloudy,Dry,Daylight,,,,11.0,From same direction - both going straight - both moving - sideswipe,0,0,False,0
-122.38616291837,47.6709142081892,206643,306023,307303,3747819,Matched,Block,,NW 58TH ST BETWEEN 22ND AVE NW AND 24TH AVE NW, ,,1,Property Damage Only Collision,Parked Car,2,0,0,2,0,0,2018-10-15 00:00:00+00,10/15/2018 7:52:00 AM,Driveway Junction,14,"MOTOR VEHICLE STRUCK MOTOR VEHICLE, REAR END",True,False,Clear or Partly Cloudy,Dry,Daylight,,,,32.0,One parked--one moving,0,0,False,0
-122.314826238814,47.6129127029852,206647,305719,306999,3814274,Matched,Block,,E UNION ST BETWEEN 13TH AVE AND 14TH AVE,NEI,"Not Enough Information, or Insufficient Location Information",1,Property Damage Only Collision,Parked Car,3,0,0,2,0,0,2018-10-02 00:00:00+00,10/2/2018 8:30:00 PM,Mid-Block (not related to intersection),0,NOT ENOUGH INFORMATION / NOT APPLICABLE,,False,Unknown,Unknown,Dark - Street Lights On,,,,20.0,One car leaving parked position,0,0,False,0
-122.382841774677,47.6334877990931,206649,305555,306835,3753816,Matched,Block,,MAGNOLIA BR BETWEEN MAGNOLIA EB W BR AND W GARFIELD ST OFF RP, ,,2,Injury Collision,Other,3,0,0,2,2,0,2018-09-28 00:00:00+00,9/28/2018 9:43:00 PM,Mid-Block (not related to intersection),26,MOTOR VEHICLE STRUCK OBJECT IN ROAD,,True,Clear or Partly Cloudy,Dry,Dark - Street Lights On,,,,50.0,Fixed object,0,0,False,0
-122.329681555678,47.521869764537,206650,306021,307301,3745827,Matched,Block,,4TH AVE S BETWEEN S HENDERSON S ST AND S BARTON ST, ,,1,Property Damage Only Collision,Parked Car,2,0,0,2,0,0,2018-10-15 00:00:00+00,10/15/2018 12:36:00 PM,Mid-Block (not related to intersection),11,"MOTOR VEHICLE STRUCK MOTOR VEHICLE, FRONT END AT ANGLE",True,False,Clear or Partly Cloudy,Dry,Daylight,,,,32.0,One parked--one moving,0,0,False,0
-122.387447087272,47.5647373852084,206651,306020,307300,3744098,Matched,Block,,SW GENESEE ST BETWEEN CALIFORNIA AVE SW AND 44TH AVE SW, ,,1,Property Damage Only Collision,Parked Car,2,0,0,2,0,0,2018-10-15 00:00:00+00,10/15/2018 11:06:00 AM,Driveway Junction,11,"MOTOR VEHICLE STRUCK MOTOR VEHICLE, FRONT END AT ANGLE",,False,Clear or Partly Cloudy,Dry,Daylight,,,,32.0,One parked--one moving,0,0,False,0
-122.30245258823,47.661252762048,206652,305554,306834,3751709,Matched,Block,,NE 45TH ST BETWEEN 21ST AVE NE AND NE 45TH ST RP, ,,1,Property Damage Only Collision,Rear Ended,2,0,0,2,0,0,2018-09-29 00:00:00+00,9/29/2018 9:41:00 PM,Mid-Block (not related to intersection),14,"MOTOR VEHICLE STRUCK MOTOR VEHICLE, REAR END",,False,Raining,Wet,Dark - Street Lights On,,,True,14.0,From same direction - both going straight - one stopped - rear-end,0,0,False,0
-122.320657557168,47.6044454784835,206653,305718,306998,3814223,Matched,Block,,BOREN AVE BETWEEN E ALDER ST AND BROADWAY, ,,1,Property Damage Only Collision,Other,2,0,0,2,0,0,2018-10-02 00:00:00+00,10/2/2018 9:15:00 AM,Mid-Block (not related to intersection),14,"MOTOR VEHICLE STRUCK MOTOR VEHICLE, REAR END",,False,Clear or Partly Cloudy,Dry,Daylight,,,,23.0,From same direction - all others,0,0,False,0
-122.321144503677,47.6066459063697,206654,305717,306997,3814192,Matched,Block,,MINOR AVE BETWEEN BROADWAY AND JAMES ST, ,,1,Property Damage Only Collision,Right Turn,3,0,0,2,0,0,2018-10-01 00:00:00+00,10/1/2018 8:29:00 AM,Mid-Block (not related to intersection),11,"MOTOR VEHICLE STRUCK MOTOR VEHICLE, FRONT END AT ANGLE",,False,Raining,Wet,Daylight,,,,16.0,From same direction - one right turn - one straight,0,0,False,0
-122.306349954758,47.6030916881091,206656,305716,306996,3814171,Matched,Block,,20TH AVE BETWEEN E FIR ST AND E SPRUCE ST, ,,1,Property Damage Only Collision,Parked Car,2,0,0,2,0,0,2018-10-02 00:00:00+00,10/2/2018 2:20:00 PM,Mid-Block (not related to intersection),11,"MOTOR VEHICLE STRUCK MOTOR VEHICLE, FRONT END AT ANGLE",True,False,Clear or Partly Cloudy,Dry,Daylight,,,,32.0,One parked--one moving,0,0,True,0
-122.319409605274,47.6039382386141,206657,306019,307299,E853286,Matched,Block,,10TH AVE BETWEEN E SPRUCE ST AND E ALDER ST,NEI,"Not Enough Information, or Insufficient Location Information",1,Property Damage Only Collision,Parked Car,2,0,0,2,0,0,2018-10-24 00:00:00+00,10/24/2018 8:00:00 PM,,0,NOT ENOUGH INFORMATION / NOT APPLICABLE,,False,Clear or Partly Cloudy,Wet,Unknown,,,,32.0,One parked--one moving,0,0,True,0
-122.337337691835,47.6092518165005,206659,305417,306697,E848614,Matched,Block,,3RD AVE BETWEEN UNION ST AND PIKE ST, ,,2,Injury Collision,Pedestrian,2,1,0,1,1,0,2018-10-08 00:00:00+00,10/8/2018 1:34:00 PM,Mid-Block (not related to intersection),24,MOTOR VEHCILE STRUCK PEDESTRIAN,True,False,Overcast,Wet,Daylight,,,,4.0,Vehicle hits Pedestrian - All Other Actions,0,0,False,0
-122.317227354979,47.5979199473725,206661,306873,308153,E858897,Matched,Block,,12TH AVE S BETWEEN S KING ST AND S WELLER ST, ,,1,Property Damage Only Collision,Parked Car,2,0,0,2,0,0,2018-11-09 00:00:00+00,11/9/2018 11:40:00 AM,Mid-Block (not related to intersection),14,"MOTOR VEHICLE STRUCK MOTOR VEHICLE, REAR END",,False,Clear or Partly Cloudy,Wet,Daylight,,,,32.0,One parked--one moving,0,0,True,0
-122.376191507185,47.5660180717839,206663,307202,308482,3731765,Matched,Block,,35TH AVE SW BETWEEN SW DAKOTA ST AND FAUNTLEROY N WAY SW, ,,1,Property Damage Only Collision,Sideswipe,4,0,0,2,0,0,2018-11-02 00:00:00+00,11/2/2018 5:56:00 PM,Mid-Block (not related to intersection),11,"MOTOR VEHICLE STRUCK MOTOR VEHICLE, FRONT END AT ANGLE",,False,Clear or Partly Cloudy,Dry,Dark - Street Lights On,,,,11.0,From same direction - both going straight - both moving - sideswipe,0,0,False,0
-122.339324538935,47.5829237822156,206664,306579,307859,E854841,Matched,Block,,ALASKAN WY VI NB BETWEEN S HOLGATE ST AND S LANDER ST, ,,2,Injury Collision,Rear Ended,2,0,0,2,1,0,2018-10-29 00:00:00+00,10/29/2018 10:16:00 AM,Mid-Block (not related to intersection),14,"MOTOR VEHICLE STRUCK MOTOR VEHICLE, REAR END",True,False,Overcast,Wet,Daylight,,,,13.0,From same direction - both going straight - both moving - rear-end,0,0,False,0
-122.361955751154,47.621845682294,206666,306872,308152,E858845,Matched,Block,,4TH AVE W BETWEEN ELLIOTT AVE W AND W HARRISON ST, ,,1,Property Damage Only Collision,Sideswipe,2,0,0,2,0,0,2018-11-09 00:00:00+00,11/9/2018 3:09:00 PM,Mid-Block (not related to intersection),11,"MOTOR VEHICLE STRUCK MOTOR VEHICLE, FRONT END AT ANGLE",True,False,Raining,Wet,Daylight,,,,11.0,From same direction - both going straight - both moving - sideswipe,0,0,False,0
-122.332973044432,47.6185131539467,206667,306578,307858,E854834,Matched,Intersection,29171.0,DENNY WAY AND VIRGINIA ST, ,,2,Injury Collision,Left Turn,2,0,0,2,1,0,2018-10-24 00:00:00+00,10/24/2018 6:11:00 PM,At Intersection (intersection related),11,"MOTOR VEHICLE STRUCK MOTOR VEHICLE, FRONT END AT ANGLE",,False,Clear or Partly Cloudy,Dry,Dark - Street Lights Off,,,,28.0,From opposite direction - one left turn - one straight,0,0,False,0
-122.311529602886,47.5958738813624,206668,306878,308158,E859410,Matched,Intersection,30781.0,RAINIER AVE S AND S DEARBORN ST, ,,1,Property Damage Only Collision,Rear Ended,3,0,0,2,0,0,2018-11-05 00:00:00+00,11/5/2018 3:21:00 PM,At Intersection (intersection related),14,"MOTOR VEHICLE STRUCK MOTOR VEHICLE, REAR END",,False,Overcast,Dry,Daylight,,,,13.0,From same direction - both going straight - both moving - rear-end,0,0,False,0
-122.34377364074,47.6617540666372,206669,306730,308010,E854105,Matched,Intersection,25567.0,MIDVALE AVE N AND N MIDVALE PL, ,,1,Property Damage Only Collision,Angles,2,0,0,2,0,0,2018-09-04 00:00:00+00,9/4/2018 7:45:00 AM,At Intersection (intersection related),11,"MOTOR VEHICLE STRUCK MOTOR VEHICLE, FRONT END AT ANGLE",True,False,Clear or Partly Cloudy,Dry,Daylight,,,,10.0,Entering at angle,0,0,False,0
-122.317922881465,47.6649407426153,206670,306577,307857,E854793,Matched,Block,,NE 50TH ST BETWEEN 9TH AVE NE AND ROOSEVELT WAY NE, ,,2,Injury Collision,Other,2,1,0,1,1,0,2018-10-25 00:00:00+00,10/25/2018 9:24:00 AM,Mid-Block (but intersection related),28,MOTOR VEHICLE RAN OFF ROAD - HIT FIXED OBJECT,,False,Raining,Wet,Daylight,,,True,50.0,Fixed object,0,0,False,0
-122.298059829526,47.637179244307,206672,306729,308009,E853946,Matched,Block,,LAKE WASHINGTON BLVD E BETWEEN BOYER AVE E AND E FOSTER ISLAND RD, ,,1,Property Damage Only Collision,Other,2,0,0,1,0,0,2018-10-26 00:00:00+00,10/26/2018 1:49:00 PM,Mid-Block (not related to intersection),26,MOTOR VEHICLE STRUCK OBJECT IN ROAD,True,False,Overcast,Wet,Daylight,,,,50.0,Fixed object,0,0,False,0
-122.285948002802,47.5470700235765,206673,306877,308157,E859773,Matched,Block,,M L KING JR ER WAY S BETWEEN 37TH AVE S AND S GRAHAM ST, ,,2,Injury Collision,Parked Car,3,0,0,2,1,0,2018-11-12 00:00:00+00,11/12/2018 12:37:00 PM,Mid-Block (not related to intersection),11,"MOTOR VEHICLE STRUCK MOTOR VEHICLE, FRONT END AT ANGLE",True,False,Clear or Partly Cloudy,Dry,Daylight,,,,32.0,One parked--one moving,0,0,False,0
-122.31191620917,47.6664282840811,206674,307199,308479,E863187,Matched,Intersection,26051.0,15TH AVE NE AND NE 52ND ST, ,,2,Injury Collision,Pedestrian,2,1,0,1,1,0,2018-11-20 00:00:00+00,11/20/2018 5:24:00 PM,At Intersection (intersection related),24,MOTOR VEHCILE STRUCK PEDESTRIAN,,False,Clear or Partly Cloudy,Dry,Dark - Street Lights On,True,,,2.0,Vehicle turning left hits pedestrian,0,520855,False,0
-122.318749540599,47.6798321341591,206675,306402,307682,E854866,Matched,Block,,9TH AVE NE BETWEEN NE 70TH ST AND NE 71ST ST,NEI,"Not Enough Information, or Insufficient Location Information",1,Property Damage Only Collision,Parked Car,2,0,0,2,0,0,2018-10-26 00:00:00+00,10/26/2018 10:00:00 PM,,0,NOT ENOUGH INFORMATION / NOT APPLICABLE,True,False,Clear or Partly Cloudy,Dry,Dark - Street Lights On,,,,32.0,One parked--one moving,0,0,True,0
-122.323314130171,47.6056602921362,206676,307061,308341,E860785,Matched,Block,,TERRY AVE BETWEEN JEFFERSON ST AND JAMES ST, ,,1,Property Damage Only Collision,Parked Car,2,0,0,2,0,0,2018-11-12 00:00:00+00,11/12/2018 10:45:00 AM,Mid-Block (not related to intersection),11,"MOTOR VEHICLE STRUCK MOTOR VEHICLE, FRONT END AT ANGLE",,False,Overcast,Dry,Daylight,,,,32.0,One parked--one moving,0,0,True,0
-122.346244719311,47.6271549424758,206677,306728,308008,E853434,Matched,Intersection,28873.0,ALOHA ST AND TAYLOR AVE N, ,,2,Injury Collision,Angles,8,0,0,2,1,0,2018-08-31 00:00:00+00,8/31/2018 11:34:00 PM,At Intersection (intersection related),11,"MOTOR VEHICLE STRUCK MOTOR VEHICLE, FRONT END AT ANGLE",,False,Overcast,Dry,Dark - Street Lights On,,,,10.0,Entering at angle,0,0,False,0
-122.399941144665,47.6359052158969,206678,306401,307681,3811902,Matched,Intersection,27527.0,34TH AVE W AND W HOWE ST, ,,2,Injury Collision,Angles,4,0,0,2,2,0,2018-10-26 00:00:00+00,10/26/2018 5:28:00 PM,At Intersection (intersection related),11,"MOTOR VEHICLE STRUCK MOTOR VEHICLE, FRONT END AT ANGLE",,False,Clear or Partly Cloudy,Dry,Dusk,,,,10.0,Entering at angle,0,0,False,0
-122.269987868884,47.5228170065789,206679,306726,308006,E856611,Matched,Block,,RAINIER AVE S BETWEEN S HENDERSON ST AND S DIRECTOR N ST, ,,1,Property Damage Only Collision,Rear Ended,3,0,0,2,0,0,2018-10-26 00:00:00+00,10/26/2018 11:16:00 AM,Mid-Block (not related to intersection),14,"MOTOR VEHICLE STRUCK MOTOR VEHICLE, REAR END",True,False,Overcast,Wet,Daylight,,,,14.0,From same direction - both going straight - one stopped - rear-end,0,0,False,0
-122.329292105679,47.6184493537895,206680,307051,308331,3578639,Matched,Block,,DENNY WAY BETWEEN STEWART ST AND MELROSE AVE, ,,1,Property Damage Only Collision,Pedestrian,2,1,0,1,0,0,2018-11-01 00:00:00+00,11/1/2018 11:24:00 AM,Mid-Block (not related to intersection),24,MOTOR VEHCILE STRUCK PEDESTRIAN,,False,Overcast,Wet,Daylight,,,,0.0,Vehicle going straight hits pedestrian,0,0,False,0
-122.341563201876,47.6163130467117,206681,306725,308005,E856610,Matched,Block,,6TH AVE BETWEEN BLANCHARD ST AND BELL ST, ,,1,Property Damage Only Collision,Parked Car,2,0,0,2,0,0,2018-10-23 00:00:00+00,10/23/2018 10:12:00 AM,Mid-Block (not related to intersection),11,"MOTOR VEHICLE STRUCK MOTOR VEHICLE, FRONT END AT ANGLE",,False,Clear or Partly Cloudy,Dry,Daylight,,,,32.0,One parked--one moving,0,0,True,0
-122.31256350599,47.6612656742288,206682,306399,307679,E854865,Matched,Block,,NE 45TH ST BETWEEN UNIVERSITY WAY NE AND 15TH AVE NE, ,,2,Injury Collision,Rear Ended,3,0,0,2,1,0,2018-10-25 00:00:00+00,10/25/2018 5:12:00 PM,Mid-Block (not related to intersection),14,"MOTOR VEHICLE STRUCK MOTOR VEHICLE, REAR END",,False,Raining,Wet,Daylight,,,,13.0,From same direction - both going straight - both moving - rear-end,0,0,False,0
-122.340681494434,47.6134459926536,206683,306724,308004,E856607,Matched,Block,,4TH AVE BETWEEN VIRGINIA ST AND LENORA ST, ,,1,Property Damage Only Collision,Parked Car,2,0,0,2,0,0,2018-10-19 00:00:00+00,10/19/2018 2:33:00 PM,Mid-Block (not related to intersection),11,"MOTOR VEHICLE STRUCK MOTOR VEHICLE, FRONT END AT ANGLE",,False,Clear or Partly Cloudy,Dry,Daylight,,,,32.0,One parked--one moving,0,0,True,0
-122.3578224378,47.6634130322674,206684,306876,308156,E859663,Matched,Block,,NW MARKET ST BETWEEN 1ST AVE NW AND NW 48TH ST, ,,2,Injury Collision,Rear Ended,9,0,0,3,1,0,2018-11-11 00:00:00+00,11/11/2018 10:23:00 AM,Mid-Block (not related to intersection),14,"MOTOR VEHICLE STRUCK MOTOR VEHICLE, REAR END",True,True,Clear or Partly Cloudy,Dry,Daylight,,,,14.0,From same direction - both going straight - one stopped - rear-end,0,0,False,0
-122.342678361325,47.6505335232307,206685,307197,308477,E863186,Matched,Intersection,26886.0,STONE WAY N AND N 36TH ST, ,,2,Injury Collision,Angles,2,0,0,2,1,0,2018-11-20 00:00:00+00,11/20/2018 3:02:00 PM,At Intersection (intersection related),11,"MOTOR VEHICLE STRUCK MOTOR VEHICLE, FRONT END AT ANGLE",,False,Clear or Partly Cloudy,Dry,Daylight,,,,10.0,Entering at angle,0,0,False,0
-122.327099922759,47.6283245103475,206686,307203,308483,E863229,Matched,Intersection,29086.0,BELMONT AVE E AND LAKEVIEW BLVD E, ,,2,Injury Collision,Pedestrian,2,0,1,1,1,0,2018-11-08 00:00:00+00,11/8/2018 5:43:00 PM,At Intersection (intersection related),51,PEDALCYCLIST STRUCK MOTOR VEHICLE FRONT END AT ANGLE,,False,Clear or Partly Cloudy,Dry,Dark - Street Lights On,,,,5.0,Vehicle Strikes Pedalcyclist,0,0,False,0
-122.335373136651,47.6121364586989,206687,306398,307678,3811335,Matched,Intersection,29568.0,6TH AVE AND PINE ST, ,,2,Injury Collision,Angles,3,0,0,2,1,0,2018-10-31 00:00:00+00,10/31/2018 9:11:00 AM,At Intersection (intersection related),11,"MOTOR VEHICLE STRUCK MOTOR VEHICLE, FRONT END AT ANGLE",,False,Clear or Partly Cloudy,Dry,Daylight,,,,10.0,Entering at angle,0,0,False,0
-122.332316726855,47.6088007259488,206689,306723,308003,E856606,Matched,Block,,6TH AVE BETWEEN SENECA ST AND UNIVERSITY ST, ,,2,Injury Collision,Rear Ended,3,0,0,2,1,0,2018-10-19 00:00:00+00,10/19/2018 11:20:00 AM,Mid-Block (not related to intersection),14,"MOTOR VEHICLE STRUCK MOTOR VEHICLE, REAR END",,False,Clear or Partly Cloudy,Dry,Daylight,,,,14.0,From same direction - both going straight - one stopped - rear-end,0,0,False,0
-122.323275453106,47.7085941336346,206690,306397,307677,E854864,Matched,Intersection,36499.0,5TH AVE NE AND NE NORTHGATE WAY, ,,1,Property Damage Only Collision,Right Turn,2,0,0,2,0,0,2018-10-25 00:00:00+00,10/25/2018 3:20:00 PM,At Intersection (intersection related),14,"MOTOR VEHICLE STRUCK MOTOR VEHICLE, REAR END",,False,Raining,Wet,Daylight,,,,16.0,From same direction - one right turn - one straight,0,0,False,0
-122.329386103512,47.6055893239587,206691,306396,307676,3754917,Matched,Intersection,29955.0,6TH AVE AND COLUMBIA ST, ,,2,Injury Collision,Pedestrian,4,0,1,1,1,0,2018-11-07 00:00:00+00,11/7/2018 4:35:00 PM,At Intersection (intersection related),51,PEDALCYCLIST STRUCK MOTOR VEHICLE FRONT END AT ANGLE,,False,Clear or Partly Cloudy,Dry,Daylight,,,,5.0,Vehicle Strikes Pedalcyclist,0,0,False,0
-122.387224667897,47.5439762445541,206692,306879,308159,3342931,Matched,Block,,CALIFORNIA AVE SW BETWEEN FAUNTLEROY WAY SW AND SW HOLLY ST, ,,1,Property Damage Only Collision,Left Turn,2,0,0,2,0,0,2018-11-14 00:00:00+00,11/14/2018 6:26:00 AM,Mid-Block (not related to intersection),11,"MOTOR VEHICLE STRUCK MOTOR VEHICLE, FRONT END AT ANGLE",,False,Raining,Wet,Dawn,,,,29.0,From opposite direction - one left turn - one right turn,0,0,False,0
-122.323641157932,47.6060183966882,206944,306415,307695,3814464,Matched,Intersection,29815.0,JAMES ST AND TERRY AVE, ,,2,Injury Collision,Angles,2,0,0,2,1,0,2018-11-04 00:00:00+00,11/4/2018 1:42:00 PM,At Intersection (intersection related),11,"MOTOR VEHICLE STRUCK MOTOR VEHICLE, FRONT END AT ANGLE",,False,Clear or Partly Cloudy,Dry,Daylight,,,,10.0,Entering at angle,0,0,False,0
-122.305880361273,47.556239915563,206693,306721,308001,E856605,Matched,Block,,COLUMBIA DR S BETWEEN S PEARL ST AND 21ST AVE S, ,,1,Property Damage Only Collision,Parked Car,2,0,0,2,0,0,2018-10-16 00:00:00+00,10/16/2018 10:00:00 PM,Mid-Block (not related to intersection),11,"MOTOR VEHICLE STRUCK MOTOR VEHICLE, FRONT END AT ANGLE",,False,Fog/Smog/Smoke,Dry,Unknown,,,,32.0,One parked--one moving,0,0,True,0
-122.319215450101,47.5958249775053,206694,306395,307675,3754916,Matched,Intersection,30474.0,DEARBORN ST OFF RP AND S DEARBORN ST, ,,2,Injury Collision,Pedestrian,2,0,1,1,1,0,2018-11-06 00:00:00+00,11/6/2018 5:00:00 PM,At Intersection (intersection related),18,"MOTOR VEHICLE STRUCK PEDALCYCLIST, FRONT END AT ANGLE",True,False,Clear or Partly Cloudy,Dry,Dark - Street Lights On,,,,5.0,Vehicle Strikes Pedalcyclist,5884,520802,False,0
-122.344651075424,47.7014299831499,206695,306584,307864,E844736,Matched,Intersection,37301.0,AURORA AVE N AND N 100TH ST, ,,2,Injury Collision,Pedestrian,2,1,0,1,1,0,2018-09-17 00:00:00+00,9/17/2018 5:22:00 PM,At Intersection (intersection related),24,MOTOR VEHCILE STRUCK PEDESTRIAN,,False,Clear or Partly Cloudy,Dry,Daylight,True,,,2.0,Vehicle turning left hits pedestrian,0,0,False,0
-122.343987560264,47.6905585259761,206696,306583,307863,E844733,Matched,Block,,N 85TH ST BETWEEN AURORA AVE N AND NESBIT AVE N, ,,1,Property Damage Only Collision,Rear Ended,2,0,0,2,0,0,2018-09-25 00:00:00+00,9/25/2018 5:42:00 PM,Mid-Block (not related to intersection),14,"MOTOR VEHICLE STRUCK MOTOR VEHICLE, REAR END",,False,Clear or Partly Cloudy,Dry,Daylight,,,,14.0,From same direction - both going straight - one stopped - rear-end,0,0,False,0
-122.372178139063,47.6636598117586,206697,306875,308155,3328021,Matched,Block,,NW LEARY WAY BETWEEN 11TH AVE NW AND 14TH AVE NW, ,,2,Injury Collision,Parked Car,4,0,0,2,1,0,2018-11-15 00:00:00+00,11/15/2018 8:09:00 AM,Mid-Block (not related to intersection),16,"MOTOR VEHICLE STRUCK MOTOR VEHICLE, LEFT SIDE SIDESWIPE",,False,Overcast,Dry,Daylight,,,,32.0,One parked--one moving,0,0,True,0
-122.312742289043,47.618520444337,206698,307201,308481,E863227,Matched,Intersection,29061.0,15TH AVE AND E DENNY WAY, ,,1,Property Damage Only Collision,Left Turn,2,0,0,2,0,0,2018-11-03 00:00:00+00,11/3/2018 5:29:00 PM,At Intersection (intersection related),11,"MOTOR VEHICLE STRUCK MOTOR VEHICLE, FRONT END AT ANGLE",,False,Overcast,Wet,Daylight,,,,15.0,From same direction - one left turn - one straight,0,0,False,0
-122.356702702808,47.6254541590902,206699,306394,307674,3753727,Matched,Intersection,28618.0,QUEEN ANNE AVE N AND ROY ST, ,,1,Property Damage Only Collision,Angles,3,0,0,3,0,0,2018-11-06 00:00:00+00,11/6/2018 6:49:00 AM,At Intersection (intersection related),11,"MOTOR VEHICLE STRUCK MOTOR VEHICLE, FRONT END AT ANGLE",True,False,Clear or Partly Cloudy,Dry,Daylight,,,,10.0,Entering at angle,0,0,False,0
-122.304375257466,47.6080125260411,206700,307052,308332,3578642,Matched,Block,,E CHERRY ST BETWEEN 21ST AVE AND 22ND AVE, ,,2,Injury Collision,Pedestrian,2,0,1,1,1,0,2018-11-15 00:00:00+00,11/15/2018 8:00:00 AM,Mid-Block (not related to intersection),18,"MOTOR VEHICLE STRUCK PEDALCYCLIST, FRONT END AT ANGLE",True,False,Clear or Partly Cloudy,Dry,Dawn,,,,5.0,Vehicle Strikes Pedalcyclist,0,0,False,0
-122.3290487435,47.5923943831953,206703,306582,307862,E855477,Matched,Intersection,30553.0,4TH AVE S AND S ROYAL BROUGHAM WAY, ,,1,Property Damage Only Collision,Angles,7,0,0,3,0,0,2018-10-28 00:00:00+00,10/28/2018 1:18:00 PM,At Intersection (intersection related),14,"MOTOR VEHICLE STRUCK MOTOR VEHICLE, REAR END",,False,Clear or Partly Cloudy,Dry,Daylight,,,,10.0,Entering at angle,0,0,False,0
-122.378877828311,47.6493993862271,206704,306581,307861,E855476,Matched,Block,,17TH AVE W BETWEEN W DRAVUS ST AND W BERTONA ST, ,,1,Property Damage Only Collision,Angles,2,0,0,2,0,0,2018-10-20 00:00:00+00,10/20/2018 6:00:00 AM,Mid-Block (not related to intersection),11,"MOTOR VEHICLE STRUCK MOTOR VEHICLE, FRONT END AT ANGLE",,False,Overcast,Dry,Dark - Street Lights On,,,,10.0,Entering at angle,0,0,False,0