longitude,latitude,objectid,inckey,coldetkey,reportno,status,addrtype,intkey,location,exceptrsncode,exceptrsndesc,severitycode,severitydesc,collisiontype,personcount,pedcount,pedcylcount,vehcount,injuries,fatalities,incdate,incdttm,junctiontype,sdot_colcode,sdot_coldesc,inattentionind,underinfl,weather,roadcond,lightcond,pedrownotgrnt,sdotcolnum,speeding,st_colcode,st_coldesc,seglanekey,crosswalkkey,hitparkedcar,seriousinjuries
-122.376339148992,47.6318653190029,206705,306224,307504,3754915,Matched,Block,,W GALER ST FLYOVER BETWEEN MAGNOLIA BR WB AND PIER 91 ACCESS RD, ,,1,Property Damage Only Collision,Sideswipe,3,0,0,2,0,0,2018-10-27 00:00:00+00,10/27/2018 2:58:00 PM,Mid-Block (not related to intersection),11,"MOTOR VEHICLE STRUCK MOTOR VEHICLE, FRONT END AT ANGLE",,False,Raining,Wet,Daylight,,,,26.0,From opposite direction - both going straight - sideswipe,0,0,False,0
-122.368103819602,47.5714821637523,206706,306580,307860,E854936,Matched,Block,,WEST SEATTLE BR EB BETWEEN 26TH AV SW ON RP AND POINT A, ,,2,Injury Collision,Other,7,0,0,6,1,0,2018-10-05 00:00:00+00,10/5/2018 7:13:00 PM,Mid-Block (not related to intersection),14,"MOTOR VEHICLE STRUCK MOTOR VEHICLE, REAR END",,False,Raining,Wet,Dark - Street Lights On,,,,50.0,Fixed object,0,0,False,0
-122.396547793568,47.5784041881341,206707,306874,308154,2796492,Matched,Block,,GARLOUGH AVE SW BETWEEN SW ADMIRAL W WAY AND SW STEVENS ST, ,,1,Property Damage Only Collision,Parked Car,2,0,0,2,0,0,2018-11-08 00:00:00+00,11/8/2018 5:45:00 AM,Mid-Block (not related to intersection),16,"MOTOR VEHICLE STRUCK MOTOR VEHICLE, LEFT SIDE SIDESWIPE",,False,Unknown,Unknown,Unknown,,,,32.0,One parked--one moving,0,0,True,0
-122.331679896532,47.5335976787747,206708,307198,308478,3731764,Matched,Block,,WEST MARGINAL SB WAY S BETWEEN S HOLDEN ST AND KENYON OFF RP, ,,1,Property Damage Only Collision,Rear Ended,3,0,0,2,0,0,2018-11-02 00:00:00+00,11/2/2018 2:52:00 PM,Mid-Block (not related to intersection),14,"MOTOR VEHICLE STRUCK MOTOR VEHICLE, REAR END",,False,Clear or Partly Cloudy,Dry,Daylight,,,,13.0,From same direction - both going straight - both moving - rear-end,0,0,False,0
-122.297513277124,47.6612214901898,206711,307050,308330,3578591,Matched,Block,,NE 45TH ST BETWEEN MONTLAKE BLVD NE AND U VILLAGE DR, ,,2,Injury Collision,Rear Ended,3,0,0,3,2,0,2018-11-17 00:00:00+00,11/17/2018 7:08:00 PM,Mid-Block (not related to intersection),14,"MOTOR VEHICLE STRUCK MOTOR VEHICLE, REAR END",True,True,Clear or Partly Cloudy,Dry,Dark - Street Lights On,,,,14.0,From same direction - both going straight - one stopped - rear-end,0,0,False,0
-122.332875207112,47.6013025275984,206712,304578,305838,3811587,Matched,Block,,OCCIDENTAL AVE S BETWEEN YESLER WAY AND S WASHINGTON ST, ,,1,Property Damage Only Collision,Parked Car,2,0,0,2,0,0,2018-09-23 00:00:00+00,9/23/2018 2:13:00 AM,Mid-Block (not related to intersection),14,"MOTOR VEHICLE STRUCK MOTOR VEHICLE, REAR END",,False,Overcast,Dry,Dark - Street Lights On,,,,32.0,One parked--one moving,0,0,True,0
-122.27905143879,47.5237563432008,206713,307544,308824,3811338,Matched,Block,,M L KING JR WR WAY S BETWEEN S TRENTON ST AND S HENDERSON ST, ,,2,Injury Collision,Sideswipe,3,0,0,2,1,0,2018-11-08 00:00:00+00,11/8/2018 8:45:00 AM,Mid-Block (not related to intersection),11,"MOTOR VEHICLE STRUCK MOTOR VEHICLE, FRONT END AT ANGLE",,False,Clear or Partly Cloudy,Dry,,,,,11.0,From same direction - both going straight - both moving - sideswipe,0,0,False,0
-122.34167515708,47.5310255751267,206714,307543,308823,3746057,Matched,Block,,5TH AVE SW BETWEEN SW KENYON ST AND SW ELMGROVE ST, ,,1,Property Damage Only Collision,Parked Car,2,0,0,2,0,0,2018-11-08 00:00:00+00,11/8/2018 11:00:00 PM,Mid-Block (not related to intersection),0,NOT ENOUGH INFORMATION / NOT APPLICABLE,,False,Unknown,Unknown,Unknown,,,,32.0,One parked--one moving,0,0,True,0
-122.313132849064,47.6231023430143,206715,307542,308822,E863231,Matched,Block,,E REPUBLICAN ST BETWEEN MALDEN AVE E AND 15TH S AVE E, ,,1,Property Damage Only Collision,Parked Car,2,0,0,2,0,0,2018-11-14 00:00:00+00,11/14/2018 11:45:00 AM,Mid-Block (not related to intersection),13,"MOTOR VEHICLE STRUCK MOTOR VEHICLE, LEFT SIDE AT ANGLE",,False,Overcast,Wet,Daylight,,,,32.0,One parked--one moving,0,0,True,0
-122.34154107873,47.6127815105082,206716,304577,305837,3811430,Matched,Block,,3RD AVE BETWEEN VIRGINIA ST AND LENORA ST, ,,2,Injury Collision,Sideswipe,3,0,0,2,1,0,2018-09-26 00:00:00+00,9/26/2018 5:23:00 PM,Mid-Block (not related to intersection),11,"MOTOR VEHICLE STRUCK MOTOR VEHICLE, FRONT END AT ANGLE",,False,Clear or Partly Cloudy,Dry,Dusk,,,,11.0,From same direction - both going straight - both moving - sideswipe,0,0,False,0
-122.3337313001,47.590312347916,206717,307541,308821,3811342,Matched,Block,,EDGAR MARTINEZ DR S BETWEEN 1ST AVE S AND OCCIDENTAL AVE S, ,,2,Injury Collision,Right Turn,2,0,0,2,1,0,2018-11-15 00:00:00+00,11/15/2018 9:34:00 AM,Mid-Block (but intersection related),14,"MOTOR VEHICLE STRUCK MOTOR VEHICLE, REAR END",,False,Clear or Partly Cloudy,Dry,Daylight,,,,16.0,From same direction - one right turn - one straight,0,0,False,0
-122.333299623508,47.5541610826653,206718,304562,305822,3810982,Matched,Block,,S BRANDON ST BETWEEN 1ST AVE S AND 2ND AVE S, ,,1,Property Damage Only Collision,Parked Car,2,0,0,2,0,0,2018-09-27 00:00:00+00,9/27/2018 9:45:00 AM,Mid-Block (not related to intersection),11,"MOTOR VEHICLE STRUCK MOTOR VEHICLE, FRONT END AT ANGLE",,False,Clear or Partly Cloudy,Dry,Daylight,,,,32.0,One parked--one moving,0,0,True,0
-122.304452709856,47.6989382948795,206719,307749,309029,E858806,Matched,Block,,LAKE CITY WAY NE BETWEEN NE 95TH ST AND NE 98TH ST, ,,2,Injury Collision,Rear Ended,5,0,0,2,2,0,2018-07-14 00:00:00+00,7/14/2018 6:07:00 PM,Mid-Block (not related to intersection),14,"MOTOR VEHICLE STRUCK MOTOR VEHICLE, REAR END",True,False,Clear or Partly Cloudy,Dry,Daylight,,,,14.0,From same direction - both going straight - one stopped - rear-end,0,0,False,0
-122.349517439196,47.6262885238845,206720,307540,308820,3754919,Matched,Block,,VALLEY ST BETWEEN NOB HILL AVE N AND 4TH AVE N, ,,2,Injury Collision,Angles,2,0,0,2,2,0,2018-11-15 00:00:00+00,11/15/2018 1:33:00 PM,Driveway Junction,11,"MOTOR VEHICLE STRUCK MOTOR VEHICLE, FRONT END AT ANGLE",,False,Clear or Partly Cloudy,Dry,Daylight,,,,10.0,Entering at angle,0,0,False,0
-122.322882645328,47.6816246565176,206721,307379,308659,E865726,Matched,Intersection,24438.0,5TH AVE NE AND NE 73RD ST, ,,1,Property Damage Only Collision,Angles,4,0,0,2,0,0,2018-11-26 00:00:00+00,11/26/2018 2:03:00 PM,At Intersection (intersection related),11,"MOTOR VEHICLE STRUCK MOTOR VEHICLE, FRONT END AT ANGLE",,False,Raining,Wet,Unknown,,,,10.0,Entering at angle,0,0,False,0
-122.329059672125,47.5740426495278,206722,307748,309028,E858715,Matched,Block,,4TH AVE S BETWEEN S HORTON ST AND S HINDS ST, ,,2b,Serious Injury Collision,Cycles,2,0,1,1,1,0,2018-11-06 00:00:00+00,11/6/2018 1:00:00 PM,Mid-Block (not related to intersection),18,"MOTOR VEHICLE STRUCK PEDALCYCLIST, FRONT END AT ANGLE",,False,Clear or Partly Cloudy,Dry,Daylight,,,,6.0,Pedalcyclist Strikes Moving Vehicle,0,0,False,1
-122.299097153756,47.720204316942,206724,307747,309027,E864526,Matched,Block,,27TH AVE NE BETWEEN NE 125TH ST AND NE 127TH ST, ,,1,Property Damage Only Collision,Angles,4,0,0,2,0,0,2018-11-23 00:00:00+00,11/23/2018 10:54:00 AM,Mid-Block (but intersection related),11,"MOTOR VEHICLE STRUCK MOTOR VEHICLE, FRONT END AT ANGLE",,False,Raining,Wet,Daylight,,,True,10.0,Entering at angle,0,0,False,0
-122.329135058635,47.6197150507189,206725,307378,308658,E862891,Matched,Intersection,29154.0,EASTLAKE AVE E AND STEWART ST, ,,1,Property Damage Only Collision,Head On,2,0,0,2,0,0,2018-11-19 00:00:00+00,11/19/2018 4:38:00 PM,At Intersection (intersection related),11,"MOTOR VEHICLE STRUCK MOTOR VEHICLE, FRONT END AT ANGLE",,False,Clear or Partly Cloudy,Dry,Daylight,,,,30.0,From opposite direction - all others,0,0,False,0
-122.329057088755,47.5787691320583,206726,307745,309025,E863402,Matched,Block,,4TH AVE S BETWEEN S LANDER ST AND S FOREST ST, ,,2,Injury Collision,Pedestrian,3,0,1,1,1,0,2018-11-11 00:00:00+00,11/11/2018 9:43:00 AM,Mid-Block (not related to intersection),18,"MOTOR VEHICLE STRUCK PEDALCYCLIST, FRONT END AT ANGLE",,False,Clear or Partly Cloudy,Dry,Daylight,,,,5.0,Vehicle Strikes Pedalcyclist,0,0,False,0
-122.334206439738,47.5678488032113,206728,307744,309024,E858714,Matched,Block,,1ST AVE S BETWEEN S ANDOVER ST AND S DAKOTA ST, ,,2,Injury Collision,Other,2,0,0,2,1,0,2018-11-02 00:00:00+00,11/2/2018 9:15:00 AM,Mid-Block (not related to intersection),14,"MOTOR VEHICLE STRUCK MOTOR VEHICLE, REAR END",,False,Raining,Wet,Daylight,,,,23.0,From same direction - all others,0,0,False,0
-122.373590896235,47.6664310633329,206729,307377,308657,E865725,Matched,Intersection,25436.0,14TH AVE NW AND NW 52ND ST, ,,1,Property Damage Only Collision,Angles,3,0,0,2,0,0,2018-11-26 00:00:00+00,11/26/2018 1:05:00 PM,At Intersection (intersection related),11,"MOTOR VEHICLE STRUCK MOTOR VEHICLE, FRONT END AT ANGLE",,False,Raining,Wet,Daylight,,,,10.0,Entering at angle,0,0,False,0
-122.378890432578,47.6643978404151,206730,307376,308656,E865718,Matched,Intersection,25180.0,17TH AVE NW AND NW 49TH ST, ,,2,Injury Collision,Pedestrian,2,1,0,1,1,0,2018-11-27 00:00:00+00,11/27/2018 4:47:00 PM,At Intersection (intersection related),24,MOTOR VEHCILE STRUCK PEDESTRIAN,,False,Raining,Wet,Dark - Street Lights On,True,,,2.0,Vehicle turning left hits pedestrian,0,0,False,0
-122.268959537574,47.6793878450217,206732,307375,308655,E865717,Matched,Intersection,24855.0,55TH AVE NE AND NE 70TH ST, ,,2,Injury Collision,Angles,2,0,0,2,1,0,2018-11-27 00:00:00+00,11/27/2018 3:21:00 PM,At Intersection (intersection related),11,"MOTOR VEHICLE STRUCK MOTOR VEHICLE, FRONT END AT ANGLE",,False,Raining,Wet,Daylight,,,,10.0,Entering at angle,0,0,False,0
-122.317222846923,47.599189062752,206733,307743,309023,E858408,Matched,Intersection,30427.0,12TH AVE S AND S JACKSON ST, ,,2,Injury Collision,Pedestrian,2,1,0,1,1,0,2018-10-15 00:00:00+00,10/15/2018 8:50:00 AM,At Intersection (intersection related),24,MOTOR VEHCILE STRUCK PEDESTRIAN,True,False,Clear or Partly Cloudy,Dry,Daylight,,,,1.0,Vehicle turning right hits pedestrian,0,0,False,0
-122.349274310307,47.5228277794814,206734,305421,306701,E848721,Matched,Intersection,35038.0,11TH AVE SW AND SW HENDERSON ST, ,,1,Property Damage Only Collision,Angles,2,0,0,2,0,0,2018-10-02 00:00:00+00,10/2/2018 12:26:00 PM,At Intersection (intersection related),11,"MOTOR VEHICLE STRUCK MOTOR VEHICLE, FRONT END AT ANGLE",,False,Clear or Partly Cloudy,Dry,Daylight,,,,10.0,Entering at angle,0,0,False,0
-122.320841557509,47.6584895494918,206735,305420,306700,E848960,Matched,Block,,7TH AVE NE BETWEEN NE 42ND ST AND NE 43RD ST, ,,1,Property Damage Only Collision,Parked Car,2,0,0,2,0,0,2018-10-11 00:00:00+00,10/11/2018 3:50:00 PM,Mid-Block (not related to intersection),14,"MOTOR VEHICLE STRUCK MOTOR VEHICLE, REAR END",True,False,Clear or Partly Cloudy,Dry,Daylight,,,,32.0,One parked--one moving,0,0,True,0
-122.367158813082,47.6614652200559,206736,307374,308654,E865716,Matched,Intersection,26709.0,LEARY WAY NW AND NW 45TH ST, ,,1,Property Damage Only Collision,Left Turn,4,0,0,2,0,0,2018-11-26 00:00:00+00,11/26/2018 6:38:00 PM,At Intersection (intersection related),11,"MOTOR VEHICLE STRUCK MOTOR VEHICLE, FRONT END AT ANGLE",,False,Raining,Wet,Dark - Street Lights On,,,,28.0,From opposite direction - one left turn - one straight,0,0,False,0
-122.275797669541,47.6682965738973,206737,307742,309022,E858371,Matched,Intersection,26145.0,PRINCETON AVE NE AND SAND POINT WAY NE, ,,1,Property Damage Only Collision,Other,2,0,0,2,0,0,2018-11-07 00:00:00+00,11/7/2018 12:49:00 PM,At Intersection (but not related to intersection),14,"MOTOR VEHICLE STRUCK MOTOR VEHICLE, REAR END",True,False,Clear or Partly Cloudy,Dry,Daylight,,,,23.0,From same direction - all others,0,0,False,0
-122.293193745219,47.7228990657175,206739,307741,309021,E858249,Matched,Intersection,36052.0,LAKE CITY WAY NE AND NE 130TH ST, ,,2b,Serious Injury Collision,Pedestrian,2,1,0,1,1,0,2018-11-07 00:00:00+00,11/7/2018 9:55:00 AM,At Intersection (intersection related),24,MOTOR VEHCILE STRUCK PEDESTRIAN,,False,Clear or Partly Cloudy,Dry,Daylight,,,,0.0,Vehicle going straight hits pedestrian,0,0,False,1
-122.332519439884,47.6023056011811,206740,307740,309020,E857144,Matched,Intersection,30482.0,2ND AVE AND JAMES ST, ,,2,Injury Collision,Angles,4,0,0,3,1,0,2018-09-15 00:00:00+00,9/15/2018 2:20:00 AM,At Intersection (intersection related),11,"MOTOR VEHICLE STRUCK MOTOR VEHICLE, FRONT END AT ANGLE",,False,Clear or Partly Cloudy,Dry,Dark - Street Lights On,,,,10.0,Entering at angle,0,0,False,0
-122.33419497847,47.5913553096544,206741,307373,308653,E862850,Matched,Block,,1ST AVE S BETWEEN S ROYAL BROUGHAM WAY AND S ATLANTIC ST, ,,1,Property Damage Only Collision,Parked Car,2,0,0,2,0,0,2018-11-20 00:00:00+00,11/20/2018 10:25:00 AM,Mid-Block (not related to intersection),11,"MOTOR VEHICLE STRUCK MOTOR VEHICLE, FRONT END AT ANGLE",,False,Fog/Smog/Smoke,Dry,Daylight,,,,20.0,One car leaving parked position,0,0,False,0
-122.277073039788,47.5460182218076,206742,304619,305879,E836872,Matched,Block,,S GRAHAM ST BETWEEN 44TH AVE S AND RAINIER AVE S, ,,1,Property Damage Only Collision,Angles,2,0,0,2,0,0,2018-08-03 00:00:00+00,8/3/2018 11:09:00 PM,Mid-Block (not related to intersection),11,"MOTOR VEHICLE STRUCK MOTOR VEHICLE, FRONT END AT ANGLE",,False,Clear or Partly Cloudy,Dry,Dark - Street Lights On,,,,10.0,Entering at angle,0,0,False,0
-122.369833836288,47.5464948800078,206743,307372,308652,E862813,Matched,Block,,29TH AVE SW BETWEEN SW GRAHAM ST AND SW BATAAN ST, ,,1,Property Damage Only Collision,Parked Car,2,0,0,2,0,0,2018-11-16 00:00:00+00,11/16/2018 8:03:00 AM,Mid-Block (not related to intersection),11,"MOTOR VEHICLE STRUCK MOTOR VEHICLE, FRONT END AT ANGLE",,False,Unknown,Dry,Unknown,,,,32.0,One parked--one moving,0,0,True,0
-122.312430360312,47.7085284068181,206744,307371,308651,E865673,Matched,Intersection,36506.0,15TH AVE NE AND NE NORTHGATE WAY, ,,2,Injury Collision,Angles,2,0,0,2,1,0,2018-11-22 00:00:00+00,11/22/2018 3:51:00 PM,At Intersection (intersection related),11,"MOTOR VEHICLE STRUCK MOTOR VEHICLE, FRONT END AT ANGLE",,False,Raining,Wet,Daylight,,,,10.0,Entering at angle,0,0,False,0
-122.309120724994,47.5944321509573,206745,304618,305878,E836703,Matched,Intersection,30793.0,HIAWATHA PL S AND S CHARLES ST, ,,1,Property Damage Only Collision,Parked Car,2,0,0,2,0,0,2018-07-30 00:00:00+00,7/30/2018 10:14:00 AM,At Intersection (but not related to intersection),14,"MOTOR VEHICLE STRUCK MOTOR VEHICLE, REAR END",True,False,Clear or Partly Cloudy,Dry,Daylight,,,,32.0,One parked--one moving,0,0,False,0
-122.26080283378,47.5186886523759,206746,307548,308828,3810831,Matched,Block,,WATERS AVE S BETWEEN S FLETCHER ST AND 58TH AVE S, ,,1,Property Damage Only Collision,Parked Car,2,0,0,2,0,0,2018-11-15 00:00:00+00,11/15/2018 1:00:00 PM,Mid-Block (not related to intersection),14,"MOTOR VEHICLE STRUCK MOTOR VEHICLE, REAR END",,False,,Dry,Daylight,,,,32.0,One parked--one moving,0,0,False,0
-122.307618139844,47.6086036774375,206748,304617,305877,E836321,Matched,Block,,19TH AVE BETWEEN E CHERRY ST AND E COLUMBIA ST, ,,1,Property Damage Only Collision,Parked Car,2,0,0,2,0,0,2018-07-07 00:00:00+00,7/7/2018 6:19:00 AM,Mid-Block (not related to intersection),14,"MOTOR VEHICLE STRUCK MOTOR VEHICLE, REAR END",,False,Clear or Partly Cloudy,Dry,Dark - Street Lights On,,,,32.0,One parked--one moving,0,0,False,0
-122.317589073181,47.5260254519584,206749,307546,308826,3811340,Matched,Block,,12TH AVE S BETWEEN S CLOVERDALE ST AND S DONOVAN ST, ,,1,Property Damage Only Collision,Other,1,0,0,1,0,0,2018-11-13 00:00:00+00,11/13/2018 12:39:00 PM,Mid-Block (not related to intersection),28,MOTOR VEHICLE RAN OFF ROAD - HIT FIXED OBJECT,True,False,Clear or Partly Cloudy,Dry,Daylight,,,,50.0,Fixed object,0,0,False,0
-122.325977297434,47.5787685757384,206750,307545,308825,3811339,Matched,Block,,6TH AVE S BETWEEN S LANDER ST AND S FOREST ST, ,,2,Injury Collision,Rear Ended,4,0,0,2,2,0,2018-11-08 00:00:00+00,11/8/2018 1:43:00 PM,Mid-Block (not related to intersection),14,"MOTOR VEHICLE STRUCK MOTOR VEHICLE, REAR END",True,False,Clear or Partly Cloudy,Dry,Daylight,,,,14.0,From same direction - both going straight - one stopped - rear-end,0,0,False,0
-122.312464144733,47.6529759641361,206751,307205,308485,E863232,Matched,Intersection,27149.0,15TH AVE NE AND NE PACIFIC ST, ,,2,Injury Collision,Sideswipe,2,0,0,2,1,0,2018-11-19 00:00:00+00,11/19/2018 3:05:00 PM,At Intersection (intersection related),11,"MOTOR VEHICLE STRUCK MOTOR VEHICLE, FRONT END AT ANGLE",,True,Clear or Partly Cloudy,Dry,Daylight,,,,81.0,Same direction -- both turning left -- both moving -- sideswipe,0,0,False,0
-122.329743972557,47.6034643667081,206752,304597,305857,3811761,Matched,Block,,JAMES ST BETWEEN 4TH AVE AND 5TH AVE, ,,1,Property Damage Only Collision,Head On,2,0,0,2,0,0,2018-09-23 00:00:00+00,9/23/2018 3:56:00 PM,Mid-Block (not related to intersection),11,"MOTOR VEHICLE STRUCK MOTOR VEHICLE, FRONT END AT ANGLE",,False,Clear or Partly Cloudy,Dry,Daylight,,,,30.0,From opposite direction - all others,0,0,False,0
-122.367022197825,47.6255916423364,206754,304579,305839,3811602,Matched,Block,,ELLIOTT AVE W BETWEEN W MERCER ST AND W MERCER PL, ,,2b,Serious Injury Collision,Pedestrian,2,0,1,1,1,0,2018-09-23 00:00:00+00,9/23/2018 4:53:00 PM,Driveway Junction,51,PEDALCYCLIST STRUCK MOTOR VEHICLE FRONT END AT ANGLE,,False,Clear or Partly Cloudy,Dry,Daylight,,,,5.0,Vehicle Strikes Pedalcyclist,0,0,False,1
-122.29115490401,47.5574632961024,206756,305723,307003,3814957,Matched,Block,,M L KING JR ER WAY S BETWEEN S FERDINAND ST AND S HUDSON ST, ,,2,Injury Collision,Cycles,3,0,1,1,1,0,2018-09-29 00:00:00+00,9/29/2018 11:56:00 AM,Mid-Block (not related to intersection),24,MOTOR VEHCILE STRUCK PEDESTRIAN,,False,Clear or Partly Cloudy,Dry,Daylight,True,,,6.0,Pedalcyclist Strikes Moving Vehicle,0,0,False,0
-122.317395603642,47.6656855203034,206757,306229,307509,3705970,Matched,Block,,ROOSEVELT WAY NE BETWEEN NE 50TH ST AND NE 52ND ST, ,,1,Property Damage Only Collision,Sideswipe,2,0,0,2,0,0,2018-10-30 00:00:00+00,10/30/2018 5:58:00 AM,Mid-Block (not related to intersection),11,"MOTOR VEHICLE STRUCK MOTOR VEHICLE, FRONT END AT ANGLE",,False,Clear or Partly Cloudy,Dry,Dawn,,,,11.0,From same direction - both going straight - both moving - sideswipe,0,0,False,0
-122.377100569995,47.6760000339297,206758,306024,307304,3751410,Matched,Block,,NW 65TH ST BETWEEN 15TH AVE NW AND 16TH AVE NW, ,,1,Property Damage Only Collision,Parked Car,2,0,0,2,0,0,2018-10-15 00:00:00+00,10/15/2018 2:08:00 AM,Mid-Block (not related to intersection),14,"MOTOR VEHICLE STRUCK MOTOR VEHICLE, REAR END",,False,Clear or Partly Cloudy,Dry,Dark - Street Lights On,,,,32.0,One parked--one moving,0,0,True,0
-122.361492180825,47.5712715329247,206759,305722,307002,E848718,Matched,Block,,W SEATTLE BR WB-CHELAN OFF RP BETWEEN W SEATTLE BR WB OFF RP AND CHELAN AVE SW, ,,2,Injury Collision,Other,3,0,0,2,1,0,2018-10-05 00:00:00+00,10/5/2018 5:16:00 PM,Mid-Block (not related to intersection),26,MOTOR VEHICLE STRUCK OBJECT IN ROAD,,False,Raining,Wet,Daylight,,,,50.0,Fixed object,0,0,False,0
-122.373383900895,47.5674954750064,206760,306030,307310,3811044,Matched,Block,,WEST SEATTLE BR EB BETWEEN POINT A AND FAUNTLEROY WAY SW, ,,1,Property Damage Only Collision,Rear Ended,3,0,0,3,0,0,2018-10-25 00:00:00+00,10/25/2018 6:29:00 PM,Mid-Block (not related to intersection),14,"MOTOR VEHICLE STRUCK MOTOR VEHICLE, REAR END",True,False,Raining,Wet,Dark - Street Lights On,,,True,13.0,From same direction - both going straight - both moving - rear-end,0,0,False,0
-122.31945610697,47.6146637818482,206761,305888,307168,E851721,Matched,Block,,10TH AVE BETWEEN E PIKE ST AND E PINE ST, ,,1,Property Damage Only Collision,Parked Car,2,0,0,2,0,0,2018-09-28 00:00:00+00,9/28/2018 8:40:00 PM,Mid-Block (not related to intersection),11,"MOTOR VEHICLE STRUCK MOTOR VEHICLE, FRONT END AT ANGLE",,False,Clear or Partly Cloudy,Dry,Dark - Street Lights On,,,,32.0,One parked--one moving,0,0,True,0
-122.313386679942,47.5836946844981,206762,305721,307001,3814956,Matched,Intersection,31266.0,15TH AVE S AND S WALKER ST, ,,2,Injury Collision,Other,3,0,0,2,3,0,2018-09-29 00:00:00+00,9/29/2018 9:16:00 AM,At Intersection (but not related to intersection),11,"MOTOR VEHICLE STRUCK MOTOR VEHICLE, FRONT END AT ANGLE",,False,Clear or Partly Cloudy,Dry,Daylight,,,,23.0,From same direction - all others,0,0,False,0
-122.354470265148,47.6531975963107,206763,305720,307000,E850550,Matched,Block,,PHINNEY AVE N BETWEEN N 36TH ST AND N 39TH ST, ,,1,Property Damage Only Collision,Parked Car,2,0,0,2,0,0,2018-10-07 00:00:00+00,10/7/2018 9:21:00 AM,Mid-Block (not related to intersection),11,"MOTOR VEHICLE STRUCK MOTOR VEHICLE, FRONT END AT ANGLE",,False,Clear or Partly Cloudy,Wet,Daylight,,,,20.0,One car leaving parked position,0,0,False,0
-122.317814104257,47.6225433700194,206764,305887,307167,E851719,Matched,Block,,11TH AVE E BETWEEN E HARRISON ST AND E REPUBLICAN ST, ,,1,Property Damage Only Collision,Parked Car,2,0,0,2,0,0,2018-09-23 00:00:00+00,9/23/2018 10:03:00 PM,Mid-Block (not related to intersection),11,"MOTOR VEHICLE STRUCK MOTOR VEHICLE, FRONT END AT ANGLE",,False,Clear or Partly Cloudy,Dry,Dark - Street Lights On,,,,32.0,One parked--one moving,0,0,True,0
-122.285686422559,47.5590662272298,206765,306029,307309,3811043,Matched,Block,,RAINIER AVE S BETWEEN S ANGELINE ST AND S EDMUNDS ST, ,,1,Property Damage Only Collision,Rear Ended,4,0,0,2,0,0,2018-10-25 00:00:00+00,10/25/2018 11:55:00 AM,Mid-Block (but intersection related),14,"MOTOR VEHICLE STRUCK MOTOR VEHICLE, REAR END",,False,Raining,Wet,Daylight,,,,13.0,From same direction - both going straight - both moving - rear-end,0,0,False,0
-122.354098479594,47.6245755204916,206766,305580,306860,E849657,Matched,Intersection,28918.0,MERCER ST AND WARREN AVE N, ,,1,Property Damage Only Collision,Rear Ended,2,0,0,2,0,0,2018-10-12 00:00:00+00,10/12/2018 8:11:00 AM,At Intersection (intersection related),14,"MOTOR VEHICLE STRUCK MOTOR VEHICLE, REAR END",True,False,Clear or Partly Cloudy,Dry,Daylight,,,,14.0,From same direction - both going straight - one stopped - rear-end,0,0,False,0
-122.327162083875,47.6784399861709,206767,305886,307166,3578636,Matched,Block,,EAST GREEN LAKE WAY N BETWEEN 2ND AVE NE AND 4TH AVE NE, ,,1,Property Damage Only Collision,Parked Car,2,0,0,2,0,0,2018-10-19 00:00:00+00,10/19/2018 11:24:00 AM,Mid-Block (but intersection related),11,"MOTOR VEHICLE STRUCK MOTOR VEHICLE, FRONT END AT ANGLE",True,False,Clear or Partly Cloudy,Dry,Daylight,,,,20.0,One car leaving parked position,0,0,False,0
-122.332386390039,47.5534150838923,206768,305579,306859,E849449,Matched,Intersection,33174.0,2ND AVE S AND S LUCILE ST, ,,2,Injury Collision,Angles,2,0,0,2,2,0,2018-10-11 00:00:00+00,10/11/2018 4:41:00 PM,At Intersection (intersection related),11,"MOTOR VEHICLE STRUCK MOTOR VEHICLE, FRONT END AT ANGLE",,False,Clear or Partly Cloudy,Dry,Daylight,,,,10.0,Entering at angle,0,0,False,0
-122.296190658363,47.6135284370775,206770,306227,307507,3701367,Matched,Block,,M L KING JR WAY BETWEEN E UNION ST AND E PIKE ST, ,,2,Injury Collision,Parked Car,3,0,0,3,1,0,2018-10-27 00:00:00+00,10/27/2018 1:54:00 AM,Mid-Block (not related to intersection),14,"MOTOR VEHICLE STRUCK MOTOR VEHICLE, REAR END",,True,Clear or Partly Cloudy,Dry,Dark - Street Lights On,,,,32.0,One parked--one moving,0,0,False,0
-122.380560800697,47.6905974805276,206771,305884,307164,3810385,Matched,Block,,NW 85TH ST BETWEEN 18TH AVE NW AND 19TH AVE NW, ,,1,Property Damage Only Collision,Rear Ended,3,0,0,3,0,0,2018-10-17 00:00:00+00,10/17/2018 4:49:00 PM,Mid-Block (not related to intersection),14,"MOTOR VEHICLE STRUCK MOTOR VEHICLE, REAR END",,False,Clear or Partly Cloudy,Dry,Daylight,,,,14.0,From same direction - both going straight - one stopped - rear-end,0,0,False,0
-122.28563111156,47.546057245843,206772,305578,306858,E849446,Matched,Intersection,33645.0,M L KING JR WR WAY S AND S GRAHAM ST, ,,2,Injury Collision,Angles,2,0,0,2,2,0,2018-09-29 00:00:00+00,9/29/2018 12:32:00 AM,At Intersection (intersection related),11,"MOTOR VEHICLE STRUCK MOTOR VEHICLE, FRONT END AT ANGLE",,False,Clear or Partly Cloudy,Dry,Dark - Street Lights On,,,,10.0,Entering at angle,0,0,False,0
-122.314712084697,47.5662791662608,206773,305883,307163,3764787,Matched,Block,,14TH AVE S BETWEEN S DAKOTA ST AND S NEVADA ST, ,,1,Property Damage Only Collision,Parked Car,3,0,0,2,0,0,2018-10-17 00:00:00+00,10/17/2018 8:06:00 AM,Mid-Block (not related to intersection),11,"MOTOR VEHICLE STRUCK MOTOR VEHICLE, FRONT END AT ANGLE",,False,Fog/Smog/Smoke,Dry,Daylight,,,,19.0,One car entering parked position,0,0,False,0