longitude,latitude,objectid,inckey,coldetkey,reportno,status,addrtype,intkey,location,exceptrsncode,exceptrsndesc,severitycode,severitydesc,collisiontype,personcount,pedcount,pedcylcount,vehcount,injuries,fatalities,incdate,incdttm,junctiontype,sdot_colcode,sdot_coldesc,inattentionind,underinfl,weather,roadcond,lightcond,pedrownotgrnt,sdotcolnum,speeding,st_colcode,st_coldesc,seglanekey,crosswalkkey,hitparkedcar,seriousinjuries
-122.347294317702,47.6471711193713,206774,306028,307308,E853355,Matched,Block,,AURORA BR BETWEEN RAYE ST AND BRIDGE WAY N, ,,1,Property Damage Only Collision,Sideswipe,2,0,0,2,0,0,2018-10-01 00:00:00+00,10/1/2018 6:43:00 AM,Mid-Block (not related to intersection),11,"MOTOR VEHICLE STRUCK MOTOR VEHICLE, FRONT END AT ANGLE",,False,Overcast,Dry,Dawn,,,,11.0,From same direction - both going straight - both moving - sideswipe,0,0,False,0
-122.31177437748,47.5908349704883,206775,305577,306857,E849448,Matched,Block,,STURGUS AVE S BETWEEN S JUDKINS ST AND S ATLANTIC ST,NEI,"Not Enough Information, or Insufficient Location Information",1,Property Damage Only Collision,Parked Car,2,0,0,2,0,0,2018-10-10 00:00:00+00,10/10/2018 5:53:00 PM,Mid-Block (not related to intersection),12,"MOTOR VEHICLE STRUCK MOTOR VEHICLE, RIGHT SIDE AT ANGLE",,False,Unknown,Unknown,Unknown,,,,32.0,One parked--one moving,0,0,True,0
-122.357579445802,47.6395960912463,206776,306230,307510,3789049,Matched,Block,,W MCGRAW ST BETWEEN QUEEN ANNE AVE N AND 1ST AVE W, ,,2,Injury Collision,Rear Ended,3,0,0,2,2,0,2018-10-27 00:00:00+00,10/27/2018 4:15:00 PM,Mid-Block (not related to intersection),14,"MOTOR VEHICLE STRUCK MOTOR VEHICLE, REAR END",,True,Raining,Wet,Daylight,,,,14.0,From same direction - both going straight - one stopped - rear-end,0,0,False,0
-122.290315272529,47.5866416685102,206777,305882,307162,3756069,Matched,Block,,LAKE WASHINGTON BLVD S BETWEEN S MASSACHUSETTS ST AND LAKESIDE AVE S, ,,1,Property Damage Only Collision,Other,1,0,0,1,0,0,2018-10-17 00:00:00+00,10/17/2018 7:50:00 AM,Mid-Block (not related to intersection),26,MOTOR VEHICLE STRUCK OBJECT IN ROAD,,False,Unknown,Dry,Dark - No Street Lights,,,,50.0,Fixed object,0,0,False,0
-122.295369839933,47.5638070250595,206778,305565,306845,3814960,Matched,Intersection,335397.0,M L KING JR WR WAY S AND S GENESEE ST, ,,2,Injury Collision,Rear Ended,3,0,0,2,1,0,2018-09-30 00:00:00+00,9/30/2018 6:00:00 PM,At Intersection (but not related to intersection),14,"MOTOR VEHICLE STRUCK MOTOR VEHICLE, REAR END",True,False,Overcast,Dry,Dusk,,,,14.0,From same direction - both going straight - one stopped - rear-end,0,0,False,0
-122.302555001452,47.5841003305554,206779,305564,306844,3814959,Matched,Block,,RAINIER AVE S BETWEEN 23RD AVE S AND S WALKER ST, ,,2,Injury Collision,Rear Ended,3,0,0,2,1,0,2018-09-29 00:00:00+00,9/29/2018 8:09:00 PM,Mid-Block (not related to intersection),14,"MOTOR VEHICLE STRUCK MOTOR VEHICLE, REAR END",True,False,Overcast,Dry,Dark - Street Lights On,,,,14.0,From same direction - both going straight - one stopped - rear-end,0,0,False,0
-122.33059424992,47.6060699782939,206780,306031,307311,3811329,Matched,Block,,MARION ST BETWEEN 5TH AVE AND 6TH AVE, ,,1,Property Damage Only Collision,Parked Car,2,0,0,2,0,0,2018-10-16 00:00:00+00,10/16/2018 10:37:00 AM,Mid-Block (not related to intersection),14,"MOTOR VEHICLE STRUCK MOTOR VEHICLE, REAR END",,False,Clear or Partly Cloudy,Dry,Unknown,,,,32.0,One parked--one moving,0,0,True,0
-122.290453220625,47.6821387802462,206781,305881,307161,3753972,Matched,Block,,35TH AVE NE BETWEEN NE 73RD ST AND NE 75TH ST, ,,2b,Serious Injury Collision,Right Turn,3,1,0,2,2,0,2018-10-17 00:00:00+00,10/17/2018 7:34:00 PM,Mid-Block (not related to intersection),11,"MOTOR VEHICLE STRUCK MOTOR VEHICLE, FRONT END AT ANGLE",,False,Clear or Partly Cloudy,Dry,Dark - Street Lights On,,,,16.0,From same direction - one right turn - one straight,0,0,False,1
-122.302273724881,47.5863231682171,206782,305563,306843,3814958,Matched,Block,,S HOLGATE ST BETWEEN 23RD AVE S AND 24TH AVE S, ,,1,Property Damage Only Collision,Other,2,0,0,2,0,0,2018-09-29 00:00:00+00,9/29/2018 6:02:00 PM,Mid-Block (not related to intersection),11,"MOTOR VEHICLE STRUCK MOTOR VEHICLE, FRONT END AT ANGLE",,False,Clear or Partly Cloudy,Dry,Daylight,,,,23.0,From same direction - all others,0,0,False,0
-122.269984282626,47.5270445698514,206785,306027,307307,3811039,Matched,Block,,RAINIER AVE S BETWEEN S THISTLE ST AND S CLOVERDALE ST, ,,2,Injury Collision,Parked Car,2,0,0,2,1,0,2018-10-20 00:00:00+00,10/20/2018 11:57:00 PM,Mid-Block (not related to intersection),14,"MOTOR VEHICLE STRUCK MOTOR VEHICLE, REAR END",True,True,Clear or Partly Cloudy,Dry,Dark - Street Lights On,,,,32.0,One parked--one moving,0,0,True,0
-122.316203397963,47.6152683869943,206786,305562,306842,3814273,Matched,Block,,E PINE ST BETWEEN 12TH AVE AND 13TH AVE, ,,2,Injury Collision,Cycles,2,0,1,1,1,0,2018-09-28 00:00:00+00,9/28/2018 8:05:00 AM,Mid-Block (not related to intersection),54,PEDALCYCLIST STRUCK MOTOR VEHICLE REAR END,,False,Clear or Partly Cloudy,Dry,Daylight,,,,8.0,Pedalcyclist All Other Involvements ONE UNIT - PEDALCYCLIST ONLY or PEDALCYCLIST STR,0,0,False,0
-122.318301210566,47.6575150524392,206788,305428,306708,E848952,Matched,Block,,NE 42ND ST BETWEEN 9TH AVE NE AND ROOSEVELT S WAY NE, ,,1,Property Damage Only Collision,Parked Car,2,0,0,2,0,0,2018-10-08 00:00:00+00,10/8/2018 10:15:00 AM,Mid-Block (not related to intersection),11,"MOTOR VEHICLE STRUCK MOTOR VEHICLE, FRONT END AT ANGLE",True,False,Raining,Wet,Daylight,,,,20.0,One car leaving parked position,0,0,False,0
-122.361223621227,47.5711635830637,206789,305726,307006,E848720,Matched,Block,,W SEATTLE BR WB OFF RP BETWEEN W SEATTLE BR WB-CHELAN OFF RP AND DELRIDGE WAY SW, ,,1,Property Damage Only Collision,Parked Car,3,0,0,2,0,0,2018-10-08 00:00:00+00,10/8/2018 12:48:00 PM,Mid-Block (not related to intersection),14,"MOTOR VEHICLE STRUCK MOTOR VEHICLE, REAR END",,False,Raining,Oil,Daylight,,,True,32.0,One parked--one moving,0,0,False,0
-122.368139070754,47.6592691429893,206790,305725,307005,E850551,Matched,Intersection,26718.0,9TH AVE NW AND NW 43RD ST, ,,1,Property Damage Only Collision,Parked Car,3,0,0,2,0,0,2018-10-18 00:00:00+00,10/18/2018 7:31:00 AM,At Intersection (intersection related),11,"MOTOR VEHICLE STRUCK MOTOR VEHICLE, FRONT END AT ANGLE",True,False,Clear or Partly Cloudy,Dry,Daylight,,,,20.0,One car leaving parked position,0,0,False,0
-122.320841557509,47.6584895494918,206791,305427,306707,E848969,Matched,Block,,7TH AVE NE BETWEEN NE 42ND ST AND NE 43RD ST, ,,1,Property Damage Only Collision,Parked Car,2,0,0,2,0,0,2018-10-11 00:00:00+00,10/11/2018 3:50:00 PM,Mid-Block (not related to intersection),11,"MOTOR VEHICLE STRUCK MOTOR VEHICLE, FRONT END AT ANGLE",True,False,Clear or Partly Cloudy,Dry,Daylight,,,,32.0,One parked--one moving,0,0,True,0
-122.284457065646,47.558653232867,206792,305724,307004,3814961,Matched,Block,,S EDMUNDS ST BETWEEN RAINIER AVE S AND 39TH AVE S, ,,1,Property Damage Only Collision,Parked Car,3,0,0,2,0,0,2018-10-01 00:00:00+00,10/1/2018 2:21:00 PM,Mid-Block (not related to intersection),11,"MOTOR VEHICLE STRUCK MOTOR VEHICLE, FRONT END AT ANGLE",True,False,Raining,Wet,Daylight,,,,32.0,One parked--one moving,0,0,False,0
-122.280753060413,47.5380092982985,206793,306026,307306,3811038,Matched,Block,,42ND AVE S BETWEEN S MYRTLE S ST AND DEAD END 1, ,,1,Property Damage Only Collision,Parked Car,2,0,0,2,0,0,2018-10-19 00:00:00+00,10/19/2018 7:02:00 PM,Driveway Junction,11,"MOTOR VEHICLE STRUCK MOTOR VEHICLE, FRONT END AT ANGLE",,False,Clear or Partly Cloudy,Dry,Dark - Street Lights On,,,,32.0,One parked--one moving,0,0,True,0
-122.344655363968,47.7017907382411,206794,305426,306706,E848967,Matched,Block,,AURORA AVE N BETWEEN N 100TH ST AND N 101ST ST, ,,1,Property Damage Only Collision,Right Turn,3,0,0,2,0,0,2018-10-11 00:00:00+00,10/11/2018 4:11:00 PM,Mid-Block (not related to intersection),11,"MOTOR VEHICLE STRUCK MOTOR VEHICLE, FRONT END AT ANGLE",,False,Clear or Partly Cloudy,Dry,Daylight,,,,16.0,From same direction - one right turn - one straight,0,0,False,0
-122.332875207112,47.6013025275984,206796,306226,307506,3789045,Matched,Block,,OCCIDENTAL AVE S BETWEEN YESLER WAY AND S WASHINGTON ST, ,,1,Property Damage Only Collision,Other,1,0,0,1,0,0,2018-10-21 00:00:00+00,10/21/2018 2:52:00 AM,Mid-Block (not related to intersection),28,MOTOR VEHICLE RAN OFF ROAD - HIT FIXED OBJECT,True,True,Clear or Partly Cloudy,Dry,Dark - Street Lights On,,,,50.0,Fixed object,0,0,False,0
-122.339052151338,47.5191743781422,206797,306884,308164,3693174,Matched,Block,,OLSON PL SW BETWEEN 3RD AVE SW AND SW CAMBRIDGE PL, ,,2,Injury Collision,Angles,2,0,0,2,1,0,2018-11-15 00:00:00+00,11/15/2018 4:32:00 AM,Mid-Block (not related to intersection),11,"MOTOR VEHICLE STRUCK MOTOR VEHICLE, FRONT END AT ANGLE",,False,Raining,Wet,Dark - Street Lights On,,,,10.0,Entering at angle,0,0,False,0
-122.321877154303,47.6057697675994,206798,306410,307690,3814383,Matched,Intersection,29817.0,BOREN AVE AND JEFFERSON ST, ,,1,Property Damage Only Collision,Angles,2,0,0,2,0,0,2018-10-27 00:00:00+00,10/27/2018 1:24:00 PM,At Intersection (intersection related),11,"MOTOR VEHICLE STRUCK MOTOR VEHICLE, FRONT END AT ANGLE",,False,Clear or Partly Cloudy,Dry,Daylight,,,True,10.0,Entering at angle,0,0,False,0
-122.355544668527,47.7223242149373,206799,306588,307868,E844739,Matched,Block,,GREENWOOD AVE N BETWEEN N 127TH ST AND N 130TH ST, ,,1,Property Damage Only Collision,Other,1,0,0,1,0,0,2018-09-22 00:00:00+00,9/22/2018 4:17:00 PM,Mid-Block (not related to intersection),28,MOTOR VEHICLE RAN OFF ROAD - HIT FIXED OBJECT,,False,Clear or Partly Cloudy,Dry,Daylight,,,,50.0,Fixed object,0,0,False,0
-122.311529602886,47.5958738813624,206800,306407,307687,3811915,Matched,Intersection,30781.0,RAINIER AVE S AND S DEARBORN ST, ,,1,Property Damage Only Collision,Sideswipe,2,0,0,2,0,0,2018-11-07 00:00:00+00,11/7/2018 6:11:00 PM,At Intersection (intersection related),11,"MOTOR VEHICLE STRUCK MOTOR VEHICLE, FRONT END AT ANGLE",,False,Clear or Partly Cloudy,Dry,Dusk,,,,81.0,Same direction -- both turning left -- both moving -- sideswipe,0,0,False,0
-122.308966600215,47.5962599033831,206801,306883,308163,E859411,Matched,Block,,18TH AVE S BETWEEN S LANE ST AND S DEARBORN ST, ,,1,Property Damage Only Collision,Rear Ended,3,0,0,3,0,0,2018-11-09 00:00:00+00,11/9/2018 4:00:00 PM,Mid-Block (not related to intersection),14,"MOTOR VEHICLE STRUCK MOTOR VEHICLE, REAR END",,False,Overcast,Wet,Dark - No Street Lights,,,,13.0,From same direction - both going straight - both moving - rear-end,0,0,False,0
-122.347327149771,47.6632259404801,206802,306406,307686,E854947,Matched,Block,,AURORA AVE N BETWEEN N 47TH ST AND N 48TH ST, ,,1,Property Damage Only Collision,Sideswipe,2,0,0,2,0,0,2018-10-26 00:00:00+00,10/26/2018 8:09:00 AM,Mid-Block (not related to intersection),11,"MOTOR VEHICLE STRUCK MOTOR VEHICLE, FRONT END AT ANGLE",,False,Raining,Wet,Daylight,,,,11.0,From same direction - both going straight - both moving - sideswipe,0,0,False,0
-122.320280392594,47.6885747191819,206803,306881,308161,3550171,Matched,Block,,8TH AVE NE BETWEEN NE 82ND ST AND NE 83RD ST, ,,2,Injury Collision,Parked Car,2,0,0,2,2,0,2018-10-24 00:00:00+00,10/24/2018 2:19:00 PM,Mid-Block (not related to intersection),11,"MOTOR VEHICLE STRUCK MOTOR VEHICLE, FRONT END AT ANGLE",,True,Clear or Partly Cloudy,Dry,Daylight,,,,32.0,One parked--one moving,0,0,True,0
-122.345366471501,47.7050532629518,206804,306880,308160,3508173,Matched,Block,,N 105TH ST BETWEEN WHITMAN AVE N AND AURORA AVE N, ,,2,Injury Collision,Rear Ended,2,0,0,2,1,0,2018-11-14 00:00:00+00,11/14/2018 2:59:00 PM,Mid-Block (not related to intersection),14,"MOTOR VEHICLE STRUCK MOTOR VEHICLE, REAR END",,False,Overcast,Dry,Daylight,,,,14.0,From same direction - both going straight - one stopped - rear-end,0,0,False,0
-122.29419436733,47.5462084500504,206805,306586,307866,E855552,Matched,Block,,S GRAHAM ST BETWEEN SHAFFER AVE S AND 30TH AVE S, ,,2,Injury Collision,Rear Ended,2,0,0,2,1,0,2018-10-25 00:00:00+00,10/25/2018 8:22:00 AM,Mid-Block (but intersection related),14,"MOTOR VEHICLE STRUCK MOTOR VEHICLE, REAR END",,False,Raining,Wet,Daylight,,,,14.0,From same direction - both going straight - one stopped - rear-end,0,0,False,0
-122.297273880068,47.6227437360797,206806,306408,307688,3814328,Matched,Intersection,29254.0,27TH AVE E AND E MADISON N ST, ,,1,Property Damage Only Collision,Other,2,0,0,2,0,0,2018-10-25 00:00:00+00,10/25/2018 8:24:00 PM,At Intersection (intersection related),11,"MOTOR VEHICLE STRUCK MOTOR VEHICLE, FRONT END AT ANGLE",,False,Raining,Wet,Dark - Street Lights On,,,,23.0,From same direction - all others,0,0,False,0
-122.333234512521,47.6064434099943,206808,307070,308350,E860885,Matched,Block,,4TH AVE BETWEEN MADISON ST AND SPRING ST, ,,1,Property Damage Only Collision,Parked Car,2,0,0,2,0,0,2018-11-13 00:00:00+00,11/13/2018 12:58:00 PM,Mid-Block (not related to intersection),14,"MOTOR VEHICLE STRUCK MOTOR VEHICLE, REAR END",True,False,Clear or Partly Cloudy,Dry,Daylight,,,,32.0,One parked--one moving,0,0,True,0
-122.340473678124,47.614495575085,206810,306405,307685,3811914,Matched,Intersection,29545.0,5TH AVE AND LENORA ST, ,,2,Injury Collision,Right Turn,4,0,0,2,2,0,2018-11-07 00:00:00+00,11/7/2018 5:13:00 PM,At Intersection (intersection related),11,"MOTOR VEHICLE STRUCK MOTOR VEHICLE, FRONT END AT ANGLE",,False,Overcast,Dry,Dusk,,,,16.0,From same direction - one right turn - one straight,0,0,False,0
-122.369448511362,47.5661643592342,206811,306737,308017,E856946,Matched,Block,,SW ADAMS ST BETWEEN 28TH AVE SW AND 30TH AVE SW,NEI,"Not Enough Information, or Insufficient Location Information",1,Property Damage Only Collision,Parked Car,2,0,0,2,0,0,2018-11-02 00:00:00+00,11/2/2018 10:30:00 AM,Mid-Block (not related to intersection),12,"MOTOR VEHICLE STRUCK MOTOR VEHICLE, RIGHT SIDE AT ANGLE",,False,Unknown,Unknown,Unknown,,,,32.0,One parked--one moving,0,0,True,0
-122.335871392093,47.6191082091026,206815,306589,307869,E855538,Matched,Block,,BOREN AVE N BETWEEN DENNY WAY AND JOHN ST, ,,2,Injury Collision,Pedestrian,2,1,0,1,1,0,2018-10-17 00:00:00+00,10/17/2018 9:26:00 AM,Mid-Block (not related to intersection),24,MOTOR VEHCILE STRUCK PEDESTRIAN,True,False,Clear or Partly Cloudy,Dry,Daylight,,,,0.0,Vehicle going straight hits pedestrian,0,0,False,0
-122.322591544559,47.5394326416428,206816,307068,308348,E860666,Matched,Intersection,34198.0,8TH AVE S AND S MYRTLE ST, ,,1,Property Damage Only Collision,Left Turn,2,0,0,2,0,0,2018-11-14 00:00:00+00,11/14/2018 11:37:00 AM,At Intersection (intersection related),11,"MOTOR VEHICLE STRUCK MOTOR VEHICLE, FRONT END AT ANGLE",,False,Overcast,Wet,Daylight,,,,15.0,From same direction - one left turn - one straight,0,0,False,0
-122.354502918175,47.6468881137878,206817,306404,307684,3811913,Matched,Intersection,28049.0,FLORENTIA ST AND WARREN AVE N, ,,1,Property Damage Only Collision,Angles,3,0,0,2,0,0,2018-11-06 00:00:00+00,11/6/2018 7:00:00 PM,At Intersection (intersection related),11,"MOTOR VEHICLE STRUCK MOTOR VEHICLE, FRONT END AT ANGLE",,False,Overcast,Dry,Dark - Street Lights On,,,,10.0,Entering at angle,0,0,False,0
-122.286489582427,47.5601093892801,206818,306735,308015,E856616,Matched,Block,,RAINIER AVE S BETWEEN S ALASKA ST AND S ANGELINE ST, ,,1,Property Damage Only Collision,Rear Ended,2,0,0,2,0,0,2018-10-26 00:00:00+00,10/26/2018 10:47:00 AM,Mid-Block (not related to intersection),14,"MOTOR VEHICLE STRUCK MOTOR VEHICLE, REAR END",True,False,Raining,Wet,Daylight,,,,14.0,From same direction - both going straight - one stopped - rear-end,0,0,False,0
-122.336479861774,47.6941398980537,206819,307067,308347,E860812,Matched,Intersection,37349.0,WALLINGFORD AVE N AND N 90TH ST, ,,1,Property Damage Only Collision,Rear Ended,2,0,0,2,0,0,2018-11-14 00:00:00+00,11/14/2018 5:45:00 PM,At Intersection (intersection related),14,"MOTOR VEHICLE STRUCK MOTOR VEHICLE, REAR END",,False,Unknown,Unknown,Unknown,,,,14.0,From same direction - both going straight - one stopped - rear-end,0,0,False,0
-122.329046220734,47.5964860144254,206821,306403,307683,3811912,Matched,Intersection,30538.0,4TH AVE S AND SEATTLE BLVD S, ,,1,Property Damage Only Collision,Left Turn,2,0,0,2,0,0,2018-11-06 00:00:00+00,11/6/2018 8:57:00 AM,At Intersection (intersection related),11,"MOTOR VEHICLE STRUCK MOTOR VEHICLE, FRONT END AT ANGLE",,False,Clear or Partly Cloudy,Dry,Daylight,,,,15.0,From same direction - one left turn - one straight,0,0,False,0
-122.386770450557,47.5674653679898,206822,306734,308014,E856742,Matched,Block,,CALIFORNIA AVE SW BETWEEN SW ANDOVER ST AND SW DAKOTA ST, ,,1,Property Damage Only Collision,Rear Ended,3,0,0,3,0,0,2018-11-01 00:00:00+00,11/1/2018 5:27:00 PM,Mid-Block (not related to intersection),14,"MOTOR VEHICLE STRUCK MOTOR VEHICLE, REAR END",True,False,Overcast,Dry,Daylight,,,,13.0,From same direction - both going straight - both moving - rear-end,0,0,False,0
-122.329123594826,47.6086580954441,206823,307065,308345,E860810,Matched,Intersection,29926.0,8TH AVE AND SPRING ST, ,,1,Property Damage Only Collision,Angles,2,0,0,2,0,0,2018-11-09 00:00:00+00,11/9/2018 6:57:00 PM,At Intersection (intersection related),11,"MOTOR VEHICLE STRUCK MOTOR VEHICLE, FRONT END AT ANGLE",,False,Clear or Partly Cloudy,Dry,Dark - Street Lights On,,,,10.0,Entering at angle,0,0,False,0
-122.29168646899,47.6265280453727,206824,306733,308013,E856615,Matched,Block,,E MADISON ST BETWEEN LAKE WASHINGTON BLVD E AND 32ND AVE E, ,,1,Property Damage Only Collision,Angles,6,0,0,2,0,0,2018-10-25 00:00:00+00,10/25/2018 12:10:00 PM,Mid-Block (not related to intersection),11,"MOTOR VEHICLE STRUCK MOTOR VEHICLE, FRONT END AT ANGLE",,False,Raining,Wet,Daylight,,,,10.0,Entering at angle,0,0,False,0
-122.327033609858,47.6080508673475,206825,306732,308012,E856614,Matched,Block,,9TH AVE BETWEEN MARION ST AND MADISON ST, ,,1,Property Damage Only Collision,Parked Car,2,0,0,2,0,0,2018-10-30 00:00:00+00,10/30/2018 10:11:00 AM,Mid-Block (not related to intersection),11,"MOTOR VEHICLE STRUCK MOTOR VEHICLE, FRONT END AT ANGLE",True,False,Clear or Partly Cloudy,Dry,Daylight,,,,32.0,One parked--one moving,0,0,True,0
-122.395713849222,47.6820151286901,206828,306233,307513,3707710,Matched,Block,,30TH AVE NW BETWEEN NW 73RD ST AND NW 74TH ST, ,,1,Property Damage Only Collision,Parked Car,2,0,0,2,0,0,2018-10-27 00:00:00+00,10/27/2018 7:36:00 AM,Mid-Block (not related to intersection),11,"MOTOR VEHICLE STRUCK MOTOR VEHICLE, FRONT END AT ANGLE",,False,Clear or Partly Cloudy,Dry,Dark - Street Lights On,,,,32.0,One parked--one moving,0,0,True,0
-122.376637326569,47.5253775725432,206830,306888,308168,3742297,Matched,Block,,35TH AVE SW BETWEEN SW CLOVERDALE S ST AND SW TRENTON ST, ,,1,Property Damage Only Collision,Rear Ended,5,0,0,4,0,0,2018-11-15 00:00:00+00,11/15/2018 9:58:00 AM,Mid-Block (not related to intersection),14,"MOTOR VEHICLE STRUCK MOTOR VEHICLE, REAR END",,False,Overcast,Dry,Daylight,,,True,14.0,From same direction - both going straight - one stopped - rear-end,0,0,False,0
-122.297468424759,47.5973952348653,206831,306731,308011,E856617,Matched,Block,,M L KING JR WAY S BETWEEN S KING ST AND S LANE ST, ,,1,Property Damage Only Collision,Sideswipe,2,0,0,2,0,0,2018-10-30 00:00:00+00,10/30/2018 8:10:00 AM,Mid-Block (not related to intersection),11,"MOTOR VEHICLE STRUCK MOTOR VEHICLE, FRONT END AT ANGLE",True,False,Clear or Partly Cloudy,Dry,Daylight,,,,11.0,From same direction - both going straight - both moving - sideswipe,0,0,False,0
-122.339558313497,47.6083233991142,206832,306592,307872,E855553,Matched,Block,,1ST AVE BETWEEN UNION ST AND PIKE ST, ,,1,Property Damage Only Collision,Parked Car,2,0,0,2,0,0,2018-10-26 00:00:00+00,10/26/2018 11:29:00 AM,Mid-Block (not related to intersection),11,"MOTOR VEHICLE STRUCK MOTOR VEHICLE, FRONT END AT ANGLE",True,False,Clear or Partly Cloudy,Wet,Daylight,,,,20.0,One car leaving parked position,0,0,False,0
-122.364552122487,47.5201099755242,206833,306887,308167,3742296,Matched,Block,,25TH AVE SW BETWEEN SW BARTON ST AND SW CAMBRIDGE ST, ,,2,Injury Collision,Left Turn,2,0,0,2,2,0,2018-11-14 00:00:00+00,11/14/2018 2:54:00 PM,Mid-Block (not related to intersection),11,"MOTOR VEHICLE STRUCK MOTOR VEHICLE, FRONT END AT ANGLE",,False,Overcast,Dry,Daylight,,,,28.0,From opposite direction - one left turn - one straight,0,0,False,0
-122.32452065501,47.6649811627205,206834,306591,307871,E844743,Matched,Block,,NE 50TH ST BETWEEN LATONA E AVE NE AND 4TH AVE NE, ,,1,Property Damage Only Collision,Sideswipe,4,0,0,3,0,0,2018-09-29 00:00:00+00,9/29/2018 1:17:00 PM,Mid-Block (not related to intersection),11,"MOTOR VEHICLE STRUCK MOTOR VEHICLE, FRONT END AT ANGLE",,False,Clear or Partly Cloudy,Dry,Daylight,,,,11.0,From same direction - both going straight - both moving - sideswipe,0,0,False,0
-122.374849525127,47.6622036060157,206835,306590,307870,E844742,Matched,Block,,NW 46TH ST BETWEEN 14TH AVE NW AND 15TH NB AVE NW, ,,1,Property Damage Only Collision,Parked Car,2,0,0,2,0,0,2018-09-26 00:00:00+00,9/26/2018 1:00:00 PM,Mid-Block (not related to intersection),14,"MOTOR VEHICLE STRUCK MOTOR VEHICLE, REAR END",,False,Clear or Partly Cloudy,Dry,Daylight,,,,32.0,One parked--one moving,0,0,True,0
-122.300087075499,47.6679867048903,206836,306585,307865,E844737,Matched,Block,,NE 54TH ST BETWEEN 25TH AVE NE AND 26TH AVE NE, ,,1,Property Damage Only Collision,Parked Car,2,0,0,2,0,0,2018-09-20 00:00:00+00,9/20/2018 12:00:00 PM,Mid-Block (not related to intersection),11,"MOTOR VEHICLE STRUCK MOTOR VEHICLE, FRONT END AT ANGLE",,False,Clear or Partly Cloudy,Dry,Daylight,,,,32.0,One parked--one moving,0,0,True,0
-122.289835531393,47.6128927103055,206913,305892,307172,3693205,Matched,Block,,E UNION ST BETWEEN 33RD AVE AND 34TH AVE, ,,1,Property Damage Only Collision,Other,1,0,0,1,0,0,2018-10-23 00:00:00+00,10/23/2018 1:41:00 AM,Mid-Block (not related to intersection),28,MOTOR VEHICLE RAN OFF ROAD - HIT FIXED OBJECT,,True,Fog/Smog/Smoke,Wet,Dark - Street Lights On,,,,50.0,Fixed object,0,0,False,0
-122.310949419142,47.5951162837385,206837,306886,308166,E859412,Matched,Block,,RAINIER AVE S BETWEEN S DEARBORN ST AND S CHARLES N ST, ,,1,Property Damage Only Collision,Sideswipe,3,0,0,2,0,0,2018-11-10 00:00:00+00,11/10/2018 3:22:00 PM,Mid-Block (not related to intersection),11,"MOTOR VEHICLE STRUCK MOTOR VEHICLE, FRONT END AT ANGLE",,False,Clear or Partly Cloudy,Dry,Daylight,,,,11.0,From same direction - both going straight - both moving - sideswipe,0,0,False,0
-122.358666563879,47.6245898858109,206838,306232,307512,3811609,Matched,Block,,W MERCER ST BETWEEN 1ST AVE W AND 2ND AVE W, ,,1,Property Damage Only Collision,Rear Ended,2,0,0,2,0,0,2018-10-29 00:00:00+00,10/29/2018 1:46:00 PM,Mid-Block (not related to intersection),14,"MOTOR VEHICLE STRUCK MOTOR VEHICLE, REAR END",,False,Overcast,Wet,Daylight,,,,14.0,From same direction - both going straight - one stopped - rear-end,0,0,False,0
-122.376208839553,47.5615517665723,206839,306885,308165,3702103,Matched,Block,,35TH AVE SW BETWEEN SW SNOQUALMIE ST AND SW ALASKA ST, ,,2,Injury Collision,Other,4,0,0,3,1,0,2018-11-15 00:00:00+00,11/15/2018 6:44:00 AM,Mid-Block (not related to intersection),14,"MOTOR VEHICLE STRUCK MOTOR VEHICLE, REAR END",,False,Raining,Wet,Dawn,,,,23.0,From same direction - all others,0,0,False,0
-122.319822880129,47.680193210192,206840,307751,309031,E860111,Matched,Intersection,24461.0,8TH AVE NE AND NE 71ST ST, ,,1,Property Damage Only Collision,Other,1,0,0,1,0,0,2018-10-28 00:00:00+00,10/28/2018 12:38:00 AM,At Intersection (intersection related),26,MOTOR VEHICLE STRUCK OBJECT IN ROAD,,False,Raining,Wet,Dark - Street Lights On,,,,50.0,Fixed object,0,0,False,0
-122.325314817836,47.6237121843698,206841,304640,305900,E837361,Matched,Block,,SUMMIT AVE E BETWEEN E REPUBLICAN ST AND E MERCER ST, ,,1,Property Damage Only Collision,Parked Car,2,0,0,2,0,0,2018-08-11 00:00:00+00,8/11/2018 5:36:00 PM,Mid-Block (not related to intersection),15,"MOTOR VEHICLE STRUCK MOTOR VEHICLE, RIGHT SIDE SIDESWIPE",,False,Clear or Partly Cloudy,Dry,Daylight,,,,32.0,One parked--one moving,0,0,True,0
-122.322871079509,47.68088101037,206842,305448,306728,3733768,Matched,Intersection,24456.0,5TH AVE NE AND NE 72ND ST, ,,2,Injury Collision,Angles,2,0,0,2,1,0,2018-09-17 00:00:00+00,9/17/2018 9:47:00 AM,At Intersection (intersection related),11,"MOTOR VEHICLE STRUCK MOTOR VEHICLE, FRONT END AT ANGLE",,False,Clear or Partly Cloudy,Dry,Daylight,,,,10.0,Entering at angle,0,0,False,0
-122.315442437824,47.6612845814064,206843,307384,308664,E865732,Matched,Intersection,27064.0,12TH AVE NE AND NE 45TH ST, ,,2,Injury Collision,Left Turn,4,0,0,2,1,0,2018-11-27 00:00:00+00,11/27/2018 12:29:00 AM,At Intersection (intersection related),11,"MOTOR VEHICLE STRUCK MOTOR VEHICLE, FRONT END AT ANGLE",,False,Raining,Wet,Dark - Street Lights On,,,,28.0,From opposite direction - one left turn - one straight,0,0,False,0