longitude,latitude,objectid,inckey,coldetkey,reportno,status,addrtype,intkey,location,exceptrsncode,exceptrsndesc,severitycode,severitydesc,collisiontype,personcount,pedcount,pedcylcount,vehcount,injuries,fatalities,incdate,incdttm,junctiontype,sdot_colcode,sdot_coldesc,inattentionind,underinfl,weather,roadcond,lightcond,pedrownotgrnt,sdotcolnum,speeding,st_colcode,st_coldesc,seglanekey,crosswalkkey,hitparkedcar,seriousinjuries
-122.333756830497,47.6086925967336,206844,305451,306731,3740175,Matched,Intersection,29930.0,5TH AVE AND UNIVERSITY ST, ,,1,Property Damage Only Collision,Angles,3,0,0,2,0,0,2018-10-17 00:00:00+00,10/17/2018 10:36:00 PM,At Intersection (intersection related),11,"MOTOR VEHICLE STRUCK MOTOR VEHICLE, FRONT END AT ANGLE",,False,Clear or Partly Cloudy,Dry,Dark - Street Lights On,,,,10.0,Entering at angle,0,0,False,0
-122.320744536092,47.6043992936099,206845,304622,305882,E837165,Matched,Block,,BROADWAY BETWEEN ALDER ST AND BOREN AVE, ,,2,Injury Collision,Rear Ended,3,0,0,2,1,0,2018-09-11 00:00:00+00,9/11/2018 10:52:00 AM,Mid-Block (not related to intersection),14,"MOTOR VEHICLE STRUCK MOTOR VEHICLE, REAR END",,False,Clear or Partly Cloudy,Dry,Daylight,,,,14.0,From same direction - both going straight - one stopped - rear-end,0,0,False,0
-122.302664401933,47.6147313619778,206846,307557,308837,E866060,Matched,Block,,23RD AVE BETWEEN E PIKE ST AND E PINE ST, ,,1,Property Damage Only Collision,Rear Ended,2,0,0,2,0,0,2018-11-28 00:00:00+00,11/28/2018 8:51:00 AM,Mid-Block (not related to intersection),14,"MOTOR VEHICLE STRUCK MOTOR VEHICLE, REAR END",,False,Raining,Wet,Daylight,,,,14.0,From same direction - both going straight - one stopped - rear-end,0,0,False,0
-122.312148791442,47.6553401596866,206847,307383,308663,E865731,Matched,Intersection,27107.0,15TH AVE NE AND NE 40TH ST, ,,1,Property Damage Only Collision,Left Turn,3,0,0,2,0,0,2018-11-26 00:00:00+00,11/26/2018 12:04:00 PM,At Intersection (intersection related),11,"MOTOR VEHICLE STRUCK MOTOR VEHICLE, FRONT END AT ANGLE",,False,Raining,Wet,Daylight,,,,28.0,From opposite direction - one left turn - one straight,0,0,False,0
-122.314649686354,47.5718885583419,206848,307757,309037,E867274,Matched,Block,,S COLUMBIAN WAY BETWEEN 14TH AVE S AND S SPOKANE ST, ,,2,Injury Collision,Rear Ended,4,0,0,3,2,0,2018-11-27 00:00:00+00,11/27/2018 8:13:00 AM,Mid-Block (but intersection related),14,"MOTOR VEHICLE STRUCK MOTOR VEHICLE, REAR END",,False,Clear or Partly Cloudy,Wet,Daylight,,,,14.0,From same direction - both going straight - one stopped - rear-end,0,0,False,0
-122.33845100865,47.6226238282359,206849,307556,308836,E865627,Matched,Block,,WESTLAKE AVE N BETWEEN HARRISON ST AND REPUBLICAN ST, ,,2,Injury Collision,Other,4,0,0,3,1,0,2018-11-19 00:00:00+00,11/19/2018 8:25:00 AM,Mid-Block (not related to intersection),14,"MOTOR VEHICLE STRUCK MOTOR VEHICLE, REAR END",True,False,Clear or Partly Cloudy,Dry,Daylight,,,,41.0,Vehicle Strikes Railway Vehicle,0,0,False,0
-122.390967733161,47.5349589546698,206852,307555,308835,3751246,Matched,Block,,SW AUSTIN ST BETWEEN 45TH AVE SW AND 46TH AVE SW, ,,1,Property Damage Only Collision,Angles,2,0,0,2,0,0,2018-11-16 00:00:00+00,11/16/2018 3:30:00 PM,Driveway Junction,11,"MOTOR VEHICLE STRUCK MOTOR VEHICLE, FRONT END AT ANGLE",True,False,Overcast,Dry,Daylight,,,,10.0,Entering at angle,0,0,False,0
-122.320872892097,47.6199077468642,206853,307755,309035,E860299,Matched,Intersection,29052.0,BROADWAY E AND E OLIVE WAY, ,,1,Property Damage Only Collision,Sideswipe,3,0,0,2,0,0,2018-10-10 00:00:00+00,10/10/2018 12:07:00 PM,At Intersection (but not related to intersection),14,"MOTOR VEHICLE STRUCK MOTOR VEHICLE, REAR END",True,False,Clear or Partly Cloudy,Dry,Daylight,,,,11.0,From same direction - both going straight - both moving - sideswipe,0,0,False,0
-122.312172630282,47.6875164548125,206854,305437,306717,E848971,Matched,Intersection,24387.0,15TH AVE NE AND LAKE CITY WAY NE, ,,1,Property Damage Only Collision,Rear Ended,2,0,0,2,0,0,2018-10-13 00:00:00+00,10/13/2018 2:49:00 PM,At Intersection (intersection related),14,"MOTOR VEHICLE STRUCK MOTOR VEHICLE, REAR END",,False,Clear or Partly Cloudy,Dry,Daylight,,,,14.0,From same direction - both going straight - one stopped - rear-end,0,0,False,0
-122.376637326569,47.5253775725432,206855,307380,308660,E863067,Matched,Block,,35TH AVE SW BETWEEN SW CLOVERDALE S ST AND SW TRENTON ST, ,,2,Injury Collision,Parked Car,2,0,0,2,1,0,2018-11-20 00:00:00+00,11/20/2018 11:25:00 AM,Mid-Block (not related to intersection),14,"MOTOR VEHICLE STRUCK MOTOR VEHICLE, REAR END",,False,Clear or Partly Cloudy,Dry,Daylight,,,,32.0,One parked--one moving,0,0,False,0
-122.328913101671,47.6134658203127,206856,304638,305898,E837358,Matched,Intersection,29878.0,BOREN AVE AND PIKE ST, ,,1,Property Damage Only Collision,Rear Ended,2,0,0,2,0,0,2018-07-23 00:00:00+00,7/23/2018 9:30:00 PM,At Intersection (but not related to intersection),14,"MOTOR VEHICLE STRUCK MOTOR VEHICLE, REAR END",,False,Clear or Partly Cloudy,Dry,Dark - Street Lights On,,,,14.0,From same direction - both going straight - one stopped - rear-end,0,0,False,0
-122.340486332612,47.6162611334689,206857,307554,308834,3811869,Matched,Block,,BLANCHARD ST BETWEEN 6TH AVE AND 7TH AVE, ,,1,Property Damage Only Collision,Right Turn,3,0,0,2,0,0,2018-11-16 00:00:00+00,11/16/2018 7:15:00 PM,Mid-Block (not related to intersection),14,"MOTOR VEHICLE STRUCK MOTOR VEHICLE, REAR END",True,False,Clear or Partly Cloudy,Dry,Dark - Street Lights On,,,,16.0,From same direction - one right turn - one straight,0,0,False,0
-122.331577686352,47.5992007850502,206858,307213,308493,E864766,Matched,Intersection,30506.0,2ND AVE S AND S JACKSON ST, ,,2,Injury Collision,Left Turn,2,0,0,2,2,0,2018-11-19 00:00:00+00,11/19/2018 5:36:00 PM,At Intersection (intersection related),11,"MOTOR VEHICLE STRUCK MOTOR VEHICLE, FRONT END AT ANGLE",True,False,Clear or Partly Cloudy,Dry,Dark - Street Lights On,,,,28.0,From opposite direction - one left turn - one straight,0,0,False,0
-122.403929476906,47.5771055236857,206859,307553,308833,3746039,Matched,Block,,SW ADMIRAL WAY BETWEEN SW STEVENS ST AND 57TH AVE SW, ,,1,Property Damage Only Collision,Parked Car,3,0,0,3,0,0,2018-11-16 00:00:00+00,11/16/2018 8:19:00 PM,Mid-Block (not related to intersection),11,"MOTOR VEHICLE STRUCK MOTOR VEHICLE, FRONT END AT ANGLE",,True,Clear or Partly Cloudy,Dry,Dark - Street Lights On,,,True,32.0,One parked--one moving,0,0,False,0
-122.325099018566,47.6867683551988,206860,304620,305880,E836879,Matched,Intersection,24537.0,BANNER WAY NE AND NE 80TH ST, ,,1,Property Damage Only Collision,Rear Ended,2,0,0,2,0,0,2018-09-06 00:00:00+00,9/6/2018 7:43:00 AM,At Intersection (but not related to intersection),14,"MOTOR VEHICLE STRUCK MOTOR VEHICLE, REAR END",,False,Clear or Partly Cloudy,Dry,Daylight,,,,14.0,From same direction - both going straight - one stopped - rear-end,0,0,False,0
-122.366191344585,47.6636514057797,206862,307212,308492,E864402,Matched,Intersection,25452.0,8TH AVE NW AND NW 48TH ST, ,,1,Property Damage Only Collision,Angles,2,0,0,2,0,0,2018-11-23 00:00:00+00,11/23/2018 11:06:00 AM,At Intersection (intersection related),11,"MOTOR VEHICLE STRUCK MOTOR VEHICLE, FRONT END AT ANGLE",,False,Overcast,Dry,Daylight,,,,10.0,Entering at angle,0,0,False,0
-122.322033099291,47.6215189294954,206863,307551,308831,3814410,Matched,Block,,HARVARD AVE E BETWEEN E THOMAS ST AND E HARRISON ST, ,,1,Property Damage Only Collision,Parked Car,2,0,0,2,0,0,2018-11-16 00:00:00+00,11/16/2018 11:26:00 PM,Mid-Block (not related to intersection),11,"MOTOR VEHICLE STRUCK MOTOR VEHICLE, FRONT END AT ANGLE",,False,Clear or Partly Cloudy,Dry,Dark - Street Lights On,,,,32.0,One parked--one moving,0,0,True,0
-122.293753069209,47.5389125282184,206864,307754,309034,E860229,Matched,Block,,S MYRTLE ST BETWEEN BEACON ER AVE S AND S MYRTLE PL, ,,1,Property Damage Only Collision,Rear Ended,2,0,0,2,0,0,2018-10-05 00:00:00+00,10/5/2018 9:25:00 AM,Mid-Block (not related to intersection),14,"MOTOR VEHICLE STRUCK MOTOR VEHICLE, REAR END",True,False,Clear or Partly Cloudy,Dry,Daylight,,,,13.0,From same direction - both going straight - both moving - rear-end,0,0,False,0
-122.335075738691,47.6913993982822,206865,305429,306709,E848970,Matched,Block,,BURKE AVE N BETWEEN N 85TH ST AND N 88TH ST, ,,1,Property Damage Only Collision,Rear Ended,5,0,0,2,0,0,2018-10-13 00:00:00+00,10/13/2018 6:13:00 PM,Mid-Block (not related to intersection),14,"MOTOR VEHICLE STRUCK MOTOR VEHICLE, REAR END",,False,Clear or Partly Cloudy,Dry,Dark - Street Lights On,,,,13.0,From same direction - both going straight - both moving - rear-end,0,0,False,0
-122.31565781986,47.6741569510019,206866,305449,306729,3735241,Matched,Intersection,25711.0,12TH AVE NE AND NE 63RD ST, ,,1,Property Damage Only Collision,Angles,2,0,0,2,0,0,2018-10-16 00:00:00+00,10/16/2018 7:59:00 AM,At Intersection (intersection related),11,"MOTOR VEHICLE STRUCK MOTOR VEHICLE, FRONT END AT ANGLE",,False,Clear or Partly Cloudy,Dry,Daylight,,,,10.0,Entering at angle,0,0,False,0
-122.333717787281,47.6613865789926,206867,307211,308491,E864399,Matched,Intersection,27188.0,MERIDIAN AVE N AND N 45TH ST, ,,1,Property Damage Only Collision,Angles,2,0,0,2,0,0,2018-11-24 00:00:00+00,11/24/2018 12:30:00 PM,At Intersection (intersection related),11,"MOTOR VEHICLE STRUCK MOTOR VEHICLE, FRONT END AT ANGLE",True,False,Overcast,Dry,Daylight,,,,10.0,Entering at angle,0,0,False,0
-122.340464009779,47.6127292823283,206868,304623,305883,E837350,Matched,Block,,VIRGINIA ST BETWEEN 3RD AVE AND 4TH AVE,NEI,"Not Enough Information, or Insufficient Location Information",2,Injury Collision,Pedestrian,2,0,1,1,1,0,2018-07-18 00:00:00+00,7/18/2018 2:55:00 PM,Mid-Block (not related to intersection),0,NOT ENOUGH INFORMATION / NOT APPLICABLE,,False,Unknown,Unknown,Daylight,,,,5.0,Vehicle Strikes Pedalcyclist,0,0,False,0
-122.297922260164,47.7183732700041,206869,307550,308830,E865067,Matched,Block,,28TH AVE NE BETWEEN NE 123RD ST AND NE 125TH ST, ,,1,Property Damage Only Collision,Parked Car,3,0,0,2,0,0,2018-11-27 00:00:00+00,11/27/2018 7:19:00 AM,Mid-Block (not related to intersection),14,"MOTOR VEHICLE STRUCK MOTOR VEHICLE, REAR END",True,False,Raining,Wet,Daylight,,,,32.0,One parked--one moving,0,0,False,0
-122.347582565781,47.6232427343289,206870,307210,308490,E864167,Matched,Intersection,28922.0,5TH AVE N AND REPUBLICAN ST, ,,2,Injury Collision,Right Turn,6,0,0,2,3,0,2018-11-24 00:00:00+00,11/24/2018 12:58:00 PM,At Intersection (intersection related),11,"MOTOR VEHICLE STRUCK MOTOR VEHICLE, FRONT END AT ANGLE",,False,Clear or Partly Cloudy,Dry,Daylight,,,,16.0,From same direction - one right turn - one straight,0,0,False,0
-122.28702675972,47.5607476764274,206871,307209,308489,E863890,Matched,Intersection,32737.0,RAINIER AVE S AND S ALASKA ST, ,,2,Injury Collision,Pedestrian,2,1,0,1,1,0,2018-11-13 00:00:00+00,11/13/2018 5:25:00 PM,At Intersection (intersection related),24,MOTOR VEHCILE STRUCK PEDESTRIAN,,False,Clear or Partly Cloudy,Dry,Dark - Street Lights On,,,,1.0,Vehicle turning right hits pedestrian,0,524850,False,0
-122.335373136651,47.6121364586989,206872,307758,309038,E860503,Matched,Intersection,29568.0,6TH AVE AND PINE ST, ,,1,Property Damage Only Collision,Cycles,3,0,1,1,0,0,2018-07-13 00:00:00+00,7/13/2018 2:28:00 AM,At Intersection (intersection related),11,"MOTOR VEHICLE STRUCK MOTOR VEHICLE, FRONT END AT ANGLE",,False,Clear or Partly Cloudy,Dry,Dark - Street Lights On,,,,6.0,Pedalcyclist Strikes Moving Vehicle,0,0,False,0
-122.304388284052,47.6026711260913,206981,307221,308501,3814458,Matched,Block,,E FIR ST BETWEEN 21ST AVE AND 22ND AVE, ,,1,Property Damage Only Collision,Parked Car,2,0,0,2,0,0,2018-11-02 00:00:00+00,11/2/2018 8:24:00 PM,Mid-Block (not related to intersection),11,"MOTOR VEHICLE STRUCK MOTOR VEHICLE, FRONT END AT ANGLE",,False,Overcast,Dry,Daylight,,,,32.0,One parked--one moving,0,0,True,0
-122.355154763075,47.5182793951842,206873,307549,308829,E866057,Matched,Block,,16TH AVE SW BETWEEN SW CAMBRIDGE ST AND SW ROXBURY ST, ,,2,Injury Collision,Rear Ended,7,0,0,3,2,0,2018-11-28 00:00:00+00,11/28/2018 2:10:00 PM,Mid-Block (not related to intersection),14,"MOTOR VEHICLE STRUCK MOTOR VEHICLE, REAR END",,False,Raining,Wet,Daylight,,,,14.0,From same direction - both going straight - one stopped - rear-end,0,0,False,0
-122.384745547064,47.6686783892223,206874,307208,308488,E863768,Matched,Intersection,25145.0,LEARY AVE NW AND NW MARKET ST, ,,1,Property Damage Only Collision,Angles,3,0,0,2,0,0,2018-11-22 00:00:00+00,11/22/2018 2:16:00 AM,At Intersection (intersection related),11,"MOTOR VEHICLE STRUCK MOTOR VEHICLE, FRONT END AT ANGLE",True,False,Clear or Partly Cloudy,Wet,Dark - Street Lights On,,,,10.0,Entering at angle,0,0,False,0
-122.291397792616,47.5783451810862,206876,307388,308668,E863095,Matched,Block,,S MCCLELLAN ST BETWEEN 32ND AVE S AND 33RD AVE S, ,,1,Property Damage Only Collision,Parked Car,3,0,0,3,0,0,2018-11-14 00:00:00+00,11/14/2018,Mid-Block (not related to intersection),14,"MOTOR VEHICLE STRUCK MOTOR VEHICLE, REAR END",,False,Unknown,Unknown,Unknown,,,,32.0,One parked--one moving,0,0,False,0
-122.334762317446,47.5254167310125,206877,307753,309033,E860220,Matched,Block,,1ST AVE S BETWEEN S CLOVERDALE W ST AND 1ST AVS OFF S RP, ,,1,Property Damage Only Collision,Other,3,0,0,2,0,0,2018-10-05 00:00:00+00,10/5/2018 10:00:00 AM,Mid-Block (not related to intersection),11,"MOTOR VEHICLE STRUCK MOTOR VEHICLE, FRONT END AT ANGLE",,False,Raining,Wet,Daylight,,,,23.0,From same direction - all others,0,0,False,0
-122.344487762772,47.6819709857058,206878,305442,306722,E848972,Matched,Block,,AURORA AVE N BETWEEN N 73RD ST AND KEEN WAY N, ,,1,Property Damage Only Collision,Right Turn,2,0,0,2,0,0,2018-10-14 00:00:00+00,10/14/2018 12:07:00 PM,Mid-Block (not related to intersection),14,"MOTOR VEHICLE STRUCK MOTOR VEHICLE, REAR END",,False,Clear or Partly Cloudy,Dry,Daylight,,,,16.0,From same direction - one right turn - one straight,0,0,False,0
-122.321438928664,47.5475029545226,206879,307207,308487,E863417,Matched,Intersection,33135.0,CORSON AVE S AND S MICHIGAN ST, ,,2,Injury Collision,Left Turn,3,0,0,2,1,0,2018-11-21 00:00:00+00,11/21/2018 6:20:00 AM,At Intersection (intersection related),11,"MOTOR VEHICLE STRUCK MOTOR VEHICLE, FRONT END AT ANGLE",,False,Clear or Partly Cloudy,Dry,Dark - Street Lights On,,,,15.0,From same direction - one left turn - one straight,0,0,False,0
-122.334792923541,47.5491918832386,206880,304621,305881,E837070,Matched,Block,,EAST MARGINAL WAY S BETWEEN S FIDALGO ST AND 1ST AVE S, ,,2b,Serious Injury Collision,Left Turn,2,0,0,2,1,0,2018-08-13 00:00:00+00,8/13/2018 11:07:00 AM,Mid-Block (not related to intersection),11,"MOTOR VEHICLE STRUCK MOTOR VEHICLE, FRONT END AT ANGLE",,False,Clear or Partly Cloudy,Dry,Daylight,,,,28.0,From opposite direction - one left turn - one straight,0,0,False,1
-122.319641078339,47.5987673406797,206881,304639,305899,E837359,Matched,Block,,10TH AVE S BETWEEN S JACKSON ST AND S KING ST, ,,1,Property Damage Only Collision,Sideswipe,3,0,0,2,0,0,2018-08-12 00:00:00+00,8/12/2018,Mid-Block (not related to intersection),11,"MOTOR VEHICLE STRUCK MOTOR VEHICLE, FRONT END AT ANGLE",,False,Clear or Partly Cloudy,Dry,Dark - Street Lights On,,,,11.0,From same direction - both going straight - both moving - sideswipe,0,0,False,0
-122.325158321642,47.5505679215933,206882,307206,308486,E863403,Matched,Intersection,33189.0,7TH AVE S AND S FIDALGO ST, ,,2,Injury Collision,Angles,5,0,0,2,1,0,2018-11-17 00:00:00+00,11/17/2018 10:33:00 AM,At Intersection (intersection related),11,"MOTOR VEHICLE STRUCK MOTOR VEHICLE, FRONT END AT ANGLE",,False,Clear or Partly Cloudy,Dry,Daylight,,,,10.0,Entering at angle,0,0,False,0
-122.331734323568,47.603125373079,206885,307073,308353,E860887,Matched,Block,,3RD AVE BETWEEN JAMES ST AND CHERRY ST, ,,1,Property Damage Only Collision,Parked Car,2,0,0,2,0,0,2018-11-14 00:00:00+00,11/14/2018 9:36:00 AM,Mid-Block (not related to intersection),11,"MOTOR VEHICLE STRUCK MOTOR VEHICLE, FRONT END AT ANGLE",,False,Raining,Wet,Daylight,,,,32.0,One parked--one moving,0,0,True,0
-122.355452745925,47.7050835411737,206887,305450,306730,3735243,Matched,Intersection,36419.0,GREENWOOD AVE N AND HOLMAN RD N, ,,1,Property Damage Only Collision,Angles,3,0,0,2,0,0,2018-10-17 00:00:00+00,10/17/2018 8:40:00 AM,At Intersection (intersection related),11,"MOTOR VEHICLE STRUCK MOTOR VEHICLE, FRONT END AT ANGLE",,False,Clear or Partly Cloudy,Dry,Daylight,,,,10.0,Entering at angle,0,0,False,0
-122.315902089745,47.7085486492534,206947,306740,308020,E857116,Matched,Intersection,36502.0,11TH AVE NE AND NE NORTHGATE WAY, ,,2,Injury Collision,Angles,2,0,0,2,1,0,2018-11-03 00:00:00+00,11/3/2018 1:52:00 PM,At Intersection (intersection related),11,"MOTOR VEHICLE STRUCK MOTOR VEHICLE, FRONT END AT ANGLE",True,False,Raining,Wet,Daylight,,,,10.0,Entering at angle,0,0,False,0
-122.335259452325,47.6036242363137,206888,307752,309032,E867127,Matched,Block,,1ST AVE BETWEEN COLUMBIA ST AND MARION ST, ,,1,Property Damage Only Collision,Sideswipe,2,0,0,2,0,0,2018-11-28 00:00:00+00,11/28/2018 5:26:00 PM,Mid-Block (but intersection related),14,"MOTOR VEHICLE STRUCK MOTOR VEHICLE, REAR END",,False,Overcast,Wet,Dark - Street Lights On,,,,11.0,From same direction - both going straight - both moving - sideswipe,0,0,False,0
-122.339745939637,47.6238777425542,206890,307071,308351,E860886,Matched,Block,,9TH AVE N BETWEEN REPUBLICAN ST AND MERCER SR ST, ,,1,Property Damage Only Collision,Parked Car,2,0,0,2,0,0,2018-11-14 00:00:00+00,11/14/2018 9:52:00 AM,Mid-Block (not related to intersection),11,"MOTOR VEHICLE STRUCK MOTOR VEHICLE, FRONT END AT ANGLE",,False,Overcast,Wet,Daylight,,,,20.0,One car leaving parked position,0,0,False,0
-122.325632951347,47.6184887812148,206891,304637,305897,E837357,Matched,Intersection,29162.0,E DENNY WAY AND E OLIVE WAY, ,,1,Property Damage Only Collision,Sideswipe,2,0,0,2,0,0,2018-07-19 00:00:00+00,7/19/2018 11:53:00 PM,At Intersection (but not related to intersection),14,"MOTOR VEHICLE STRUCK MOTOR VEHICLE, REAR END",,False,Clear or Partly Cloudy,Dry,Dark - Street Lights On,,,,81.0,Same direction -- both turning left -- both moving -- sideswipe,0,0,False,0
-122.310949419142,47.5951162837385,206892,307759,309039,E860504,Matched,Block,,RAINIER AVE S BETWEEN S DEARBORN ST AND S CHARLES N ST, ,,1,Property Damage Only Collision,Sideswipe,2,0,0,2,0,0,2018-10-17 00:00:00+00,10/17/2018 9:13:00 AM,Mid-Block (not related to intersection),11,"MOTOR VEHICLE STRUCK MOTOR VEHICLE, FRONT END AT ANGLE",True,False,Clear or Partly Cloudy,Dry,Daylight,,,,11.0,From same direction - both going straight - both moving - sideswipe,0,0,False,0
-122.346642372414,47.6414184113917,206893,306036,307316,3811588,Matched,Block,,AURORA AVE N BETWEEN DEXTER WAY N AND HALLADAY ST, ,,2,Injury Collision,Other,1,0,0,1,1,0,2018-10-24 00:00:00+00,10/24/2018 2:48:00 AM,Mid-Block (not related to intersection),28,MOTOR VEHICLE RAN OFF ROAD - HIT FIXED OBJECT,,False,Clear or Partly Cloudy,Dry,Dark - Street Lights On,,,,50.0,Fixed object,0,0,False,0
-122.320215996416,47.6277478686846,206895,305734,307014,E850474,Matched,Block,,10TH AVE E BETWEEN E ALOHA ST AND E PROSPECT ST, ,,2,Injury Collision,Rear Ended,3,0,0,3,1,0,2018-10-05 00:00:00+00,10/5/2018 5:53:00 PM,Mid-Block (not related to intersection),14,"MOTOR VEHICLE STRUCK MOTOR VEHICLE, REAR END",True,False,Raining,Wet,Dusk,,,,13.0,From same direction - both going straight - both moving - rear-end,0,0,False,0
-122.269988166561,47.5299413850032,206896,305733,307013,3818788,Matched,Block,,RAINIER AVE S BETWEEN S ELMGROVE ST AND S ROSE N ST, ,,2,Injury Collision,Parked Car,2,0,0,2,1,0,2018-10-10 00:00:00+00,10/10/2018 9:30:00 PM,Mid-Block (not related to intersection),11,"MOTOR VEHICLE STRUCK MOTOR VEHICLE, FRONT END AT ANGLE",,False,Clear or Partly Cloudy,Dry,Dark - Street Lights On,,,True,32.0,One parked--one moving,0,0,False,0
-122.34412175459,47.6107894506545,206897,306035,307315,3811458,Matched,Block,,WESTERN AVE BETWEEN VIRGINIA ST AND LENORA ST, ,,2,Injury Collision,Other,2,0,0,1,2,0,2018-10-20 00:00:00+00,10/20/2018 12:49:00 AM,Mid-Block (not related to intersection),29,MOTOR VEHICLE OVERTURNED IN ROAD,,True,Overcast,Dry,Dark - Street Lights On,,,,50.0,Fixed object,0,0,False,0
-122.298714425067,47.5783501917879,206898,305732,307012,3818785,Matched,Block,,S MCCLELLAN ST BETWEEN 26TH AVE S AND RAINIER AVE S, ,,1,Property Damage Only Collision,Other,1,0,0,1,0,0,2018-10-08 00:00:00+00,10/8/2018 8:20:00 PM,Mid-Block (not related to intersection),28,MOTOR VEHICLE RAN OFF ROAD - HIT FIXED OBJECT,,False,Raining,Wet,Dark - Street Lights On,,,True,50.0,Fixed object,0,0,False,0
-122.330347532507,47.6178883220623,206899,306034,307314,3811456,Matched,Block,,YALE AVE BETWEEN HOWELL ST AND STEWART ST, ,,1,Property Damage Only Collision,Sideswipe,5,0,0,5,0,0,2018-10-19 00:00:00+00,10/19/2018 8:30:00 AM,Mid-Block (not related to intersection),16,"MOTOR VEHICLE STRUCK MOTOR VEHICLE, LEFT SIDE SIDESWIPE",,False,Clear or Partly Cloudy,Dry,Daylight,,,,26.0,From opposite direction - both going straight - sideswipe,0,0,False,0
-122.317912595434,47.6631211584512,206900,306033,307313,3811332,Matched,Block,,NE 47TH ST BETWEEN 9TH AVE NE AND ROOSEVELT WAY NE, ,,1,Property Damage Only Collision,Parked Car,2,0,0,2,0,0,2018-10-23 00:00:00+00,10/23/2018 11:45:00 AM,Mid-Block (not related to intersection),11,"MOTOR VEHICLE STRUCK MOTOR VEHICLE, FRONT END AT ANGLE",True,False,Clear or Partly Cloudy,Dry,Daylight,,,,32.0,One parked--one moving,0,0,True,0
-122.282346904197,47.5370440237449,206901,305731,307011,3814967,Matched,Block,,S OTHELLO ST BETWEEN 39TH AVE S AND M L KING JR WR WAY S, ,,1,Property Damage Only Collision,Parked Car,2,0,0,2,0,0,2018-10-13 00:00:00+00,10/13/2018 1:30:00 PM,Mid-Block (not related to intersection),14,"MOTOR VEHICLE STRUCK MOTOR VEHICLE, REAR END",,False,Clear or Partly Cloudy,Dry,Daylight,,,,32.0,One parked--one moving,0,0,True,0
-122.321815732661,47.5712702770946,206902,305730,307010,3814966,Matched,Block,,WEST SEATTLE BR EB BETWEEN W SEATTLE BR - I5 NB RP AND 6TH AV S - I5 NB RP, ,,2,Injury Collision,Rear Ended,8,0,0,4,3,0,2018-10-13 00:00:00+00,10/13/2018 11:17:00 AM,Mid-Block (not related to intersection),11,"MOTOR VEHICLE STRUCK MOTOR VEHICLE, FRONT END AT ANGLE",,False,Clear or Partly Cloudy,Dry,Daylight,,,,14.0,From same direction - both going straight - one stopped - rear-end,0,0,False,0
-122.355330452344,47.6756114080383,206903,306032,307312,3811331,Matched,Block,,GREENWOOD AVE N BETWEEN N 64TH ST AND N 65TH ST, ,,1,Property Damage Only Collision,Parked Car,2,0,0,2,0,0,2018-10-23 00:00:00+00,10/23/2018 12:46:00 PM,Mid-Block (not related to intersection),14,"MOTOR VEHICLE STRUCK MOTOR VEHICLE, REAR END",,False,Clear or Partly Cloudy,Dry,Daylight,,,,32.0,One parked--one moving,0,0,False,0
-122.269987813119,47.532625473409,206939,306417,307697,3814972,Matched,Intersection,34493.0,RAINIER AVE S AND S CHICAGO ST, ,,2,Injury Collision,Angles,2,0,0,2,2,0,2018-11-02 00:00:00+00,11/2/2018 7:30:00 AM,At Intersection (intersection related),11,"MOTOR VEHICLE STRUCK MOTOR VEHICLE, FRONT END AT ANGLE",,False,Clear or Partly Cloudy,Wet,Daylight,,,,10.0,Entering at angle,0,0,False,0
-122.355301706615,47.6902148281736,206904,305896,307176,3735245,Matched,Block,,GREENWOOD AVE N BETWEEN N 84TH ST AND N 85TH ST, ,,1,Property Damage Only Collision,Right Turn,2,0,0,2,0,0,2018-10-18 00:00:00+00,10/18/2018 6:20:00 PM,Mid-Block (not related to intersection),14,"MOTOR VEHICLE STRUCK MOTOR VEHICLE, REAR END",,False,Clear or Partly Cloudy,Dry,Dark - Street Lights On,,,,16.0,From same direction - one right turn - one straight,0,0,False,0
-122.344834272864,47.7135479791056,206906,305895,307175,3735244,Matched,Block,,AURORA AVE N BETWEEN N 115TH ST AND N 117TH PL, ,,2,Injury Collision,Pedestrian,2,1,0,1,1,0,2018-10-18 00:00:00+00,10/18/2018 4:09:00 AM,Mid-Block (not related to intersection),24,MOTOR VEHCILE STRUCK PEDESTRIAN,,False,Clear or Partly Cloudy,Dry,Dark - Street Lights On,,,,0.0,Vehicle going straight hits pedestrian,0,0,False,0
-122.372172973643,47.6678875138543,206907,305894,307174,3707708,Matched,Block,,NW 54TH ST BETWEEN 11TH AVE NW AND 14TH AVE NW,NEI,"Not Enough Information, or Insufficient Location Information",1,Property Damage Only Collision,Parked Car,2,0,0,2,0,0,2018-10-22 00:00:00+00,10/22/2018 12:00:00 PM,Mid-Block (but intersection related),13,"MOTOR VEHICLE STRUCK MOTOR VEHICLE, LEFT SIDE AT ANGLE",,False,Clear or Partly Cloudy,Dry,Unknown,,,,32.0,One parked--one moving,0,0,True,0