longitude,latitude,objectid,inckey,coldetkey,reportno,status,addrtype,intkey,location,exceptrsncode,exceptrsndesc,severitycode,severitydesc,collisiontype,personcount,pedcount,pedcylcount,vehcount,injuries,fatalities,incdate,incdttm,junctiontype,sdot_colcode,sdot_coldesc,inattentionind,underinfl,weather,roadcond,lightcond,pedrownotgrnt,sdotcolnum,speeding,st_colcode,st_coldesc,seglanekey,crosswalkkey,hitparkedcar,seriousinjuries
-122.3420277873,47.65052811118,206908,305589,306869,3578630,Matched,Block,,N 36TH ST BETWEEN STONE WAY N AND INTERLAKE AVE N, ,,1,Property Damage Only Collision,Parked Car,3,0,0,2,0,0,2018-10-05 00:00:00+00,10/5/2018 1:05:00 PM,Mid-Block (not related to intersection),11,"MOTOR VEHICLE STRUCK MOTOR VEHICLE, FRONT END AT ANGLE",True,False,Raining,Dry,Daylight,,,,32.0,One parked--one moving,0,0,False,0
-122.3475434457,47.628035294617,206909,305588,306868,3578627,Matched,Intersection,28860.0,5TH AVE N AND WARD ST, ,,1,Property Damage Only Collision,Other,3,0,0,3,0,0,2018-10-04 00:00:00+00,10/4/2018 9:00:00 AM,At Intersection (intersection related),11,"MOTOR VEHICLE STRUCK MOTOR VEHICLE, FRONT END AT ANGLE",True,False,Clear or Partly Cloudy,Dry,Daylight,,,,50.0,Fixed object,0,0,False,0
-122.312711845635,47.7312115159182,206911,305893,307173,3706033,Matched,Block,,15TH AVE NE BETWEEN NE 140TH ST AND NE 143RD ST, ,,2,Injury Collision,Rear Ended,2,0,0,2,1,0,2018-10-18 00:00:00+00,10/18/2018 2:54:00 PM,Driveway Junction,14,"MOTOR VEHICLE STRUCK MOTOR VEHICLE, REAR END",,False,Clear or Partly Cloudy,Dry,Daylight,,,,14.0,From same direction - both going straight - one stopped - rear-end,0,0,False,0
-122.2847068578,47.5370345689678,206912,305586,306866,E849833,Matched,Intersection,34561.0,38TH AVE S AND S OTHELLO ST, ,,1,Property Damage Only Collision,Angles,2,0,0,2,0,0,2018-10-13 00:00:00+00,10/13/2018 3:15:00 PM,At Intersection (intersection related),11,"MOTOR VEHICLE STRUCK MOTOR VEHICLE, FRONT END AT ANGLE",,False,Clear or Partly Cloudy,Dry,Daylight,,,,10.0,Entering at angle,0,0,False,0
-122.397231613411,47.6676556038346,206915,305891,307171,3642617,Matched,Block,,NW 54TH ST BETWEEN 30TH WR AVE NW AND 32ND AVE NW, ,,1,Property Damage Only Collision,Other,2,0,0,2,0,0,2018-10-20 00:00:00+00,10/20/2018 9:18:00 PM,Mid-Block (but intersection related),11,"MOTOR VEHICLE STRUCK MOTOR VEHICLE, FRONT END AT ANGLE",True,False,Clear or Partly Cloudy,Dry,Dark - Street Lights On,,,,23.0,From same direction - all others,0,0,False,0
-122.326830296806,47.6135208104155,206916,305890,307170,E851722,Matched,Block,,BELLEVUE AVE BETWEEN E UNION ST AND E PIKE ST, ,,1,Property Damage Only Collision,Parked Car,2,0,0,2,0,0,2018-09-24 00:00:00+00,9/24/2018 5:54:00 PM,Mid-Block (not related to intersection),14,"MOTOR VEHICLE STRUCK MOTOR VEHICLE, REAR END",,False,Clear or Partly Cloudy,Dry,Dusk,,,,32.0,One parked--one moving,0,0,True,0
-122.314301324177,47.5477086644892,206917,305585,306865,E849450,Matched,Block,,AIRPORT WAY S BETWEEN 13TH AVE S AND S HARDY ST, ,,1,Property Damage Only Collision,Rear Ended,2,0,0,2,0,0,2018-10-12 00:00:00+00,10/12/2018 6:23:00 PM,Mid-Block (but intersection related),14,"MOTOR VEHICLE STRUCK MOTOR VEHICLE, REAR END",,False,Clear or Partly Cloudy,Dry,Daylight,,,,13.0,From same direction - both going straight - both moving - rear-end,0,0,False,0
-122.334214504066,47.5556630572248,206919,305584,306864,E849831,Matched,Intersection,33026.0,1ST AVE S AND S DAWSON ST, ,,2,Injury Collision,Pedestrian,2,1,0,1,1,0,2018-10-10 00:00:00+00,10/10/2018 2:21:00 PM,At Intersection (intersection related),24,MOTOR VEHCILE STRUCK PEDESTRIAN,,False,Clear or Partly Cloudy,Dry,Daylight,True,,,2.0,Vehicle turning left hits pedestrian,0,525654,False,0
-122.309455629585,47.5873538443559,206920,305583,306863,E849658,Matched,Block,,18TH AVE S BETWEEN S STATE ST AND S GRAND ST, ,,2,Injury Collision,Other,1,0,0,1,1,0,2018-10-11 00:00:00+00,10/11/2018 9:50:00 AM,Mid-Block (not related to intersection),26,MOTOR VEHICLE STRUCK OBJECT IN ROAD,True,False,Clear or Partly Cloudy,Dry,Daylight,,,,50.0,Fixed object,0,0,False,0
-122.276515355585,47.5237825874084,206922,305889,307169,3580773,Matched,Block,,RENTON AVE S BETWEEN S TRENTON ST AND S HENDERSON ST, ,,2,Injury Collision,Rear Ended,4,0,0,3,2,0,2018-10-21 00:00:00+00,10/21/2018 1:28:00 AM,Mid-Block (not related to intersection),14,"MOTOR VEHICLE STRUCK MOTOR VEHICLE, REAR END",,False,Clear or Partly Cloudy,Dry,Dark - Street Lights On,,,,13.0,From same direction - both going straight - both moving - rear-end,0,0,False,0
-122.306363354482,47.5970620648899,206924,306039,307319,3814378,Matched,Block,,20TH AVE S BETWEEN S WELLER ST AND S LANE ST, ,,1,Property Damage Only Collision,Parked Car,2,0,0,2,0,0,2018-10-23 00:00:00+00,10/23/2018 6:20:00 PM,Mid-Block (not related to intersection),16,"MOTOR VEHICLE STRUCK MOTOR VEHICLE, LEFT SIDE SIDESWIPE",,False,Overcast,Wet,Dark - Street Lights On,,,,32.0,One parked--one moving,0,0,False,0
-122.345653456998,47.6140398228033,206926,305582,306862,E849826,Matched,Intersection,29702.0,2ND AVE AND BELL ST, ,,2b,Serious Injury Collision,Pedestrian,2,1,0,1,1,0,2018-10-16 00:00:00+00,10/16/2018 11:18:00 AM,At Intersection (intersection related),24,MOTOR VEHCILE STRUCK PEDESTRIAN,,False,Clear or Partly Cloudy,Dry,Daylight,True,,,2.0,Vehicle turning left hits pedestrian,0,521005,False,1
-122.334191161017,47.5982917153848,206927,305581,306861,E849656,Matched,Intersection,30368.0,1ST AVE S AND S KING ST, ,,2,Injury Collision,Pedestrian,2,0,1,1,1,0,2018-10-12 00:00:00+00,10/12/2018 7:11:00 AM,At Intersection (intersection related),51,PEDALCYCLIST STRUCK MOTOR VEHICLE FRONT END AT ANGLE,True,False,Overcast,Dry,Daylight,,,,5.0,Vehicle Strikes Pedalcyclist,0,0,False,0
-122.311570488386,47.6012647767905,206928,306038,307318,3814327,Matched,Block,,16TH AVE S BETWEEN E YESLER WAY AND S WASHINGTON ST, ,,2,Injury Collision,Pedestrian,3,0,1,1,1,0,2018-10-24 00:00:00+00,10/24/2018 6:33:00 PM,Mid-Block (but intersection related),18,"MOTOR VEHICLE STRUCK PEDALCYCLIST, FRONT END AT ANGLE",True,False,Clear or Partly Cloudy,Dry,Dark - No Street Lights,,,,5.0,Vehicle Strikes Pedalcyclist,0,0,False,0
-122.322915612736,47.5264654739685,206929,305452,306732,3742526,Matched,Intersection,35094.0,8TH AVE S AND S CLOVERDALE ST, ,,2,Injury Collision,Pedestrian,2,1,0,1,1,0,2018-10-15 00:00:00+00,10/15/2018 10:16:00 AM,At Intersection (intersection related),24,MOTOR VEHCILE STRUCK PEDESTRIAN,,False,Clear or Partly Cloudy,Dry,Daylight,,,True,2.0,Vehicle turning left hits pedestrian,0,524889,False,0
-122.352339617577,47.6473279440891,206930,306037,307317,3811607,Matched,Block,,NICKERSON ST BETWEEN ETRURIA ST AND FLORENTIA ST, ,,2,Injury Collision,Parked Car,3,0,0,2,1,0,2018-10-20 00:00:00+00,10/20/2018 4:10:00 PM,Mid-Block (not related to intersection),14,"MOTOR VEHICLE STRUCK MOTOR VEHICLE, REAR END",True,False,Clear or Partly Cloudy,Dry,Daylight,,,,32.0,One parked--one moving,0,0,True,0
-122.343504874615,47.6180202643899,206932,306420,307700,E855129,Matched,Block,,BOREALIS AVE BETWEEN BATTERY ST AND DENNY WAY, ,,1,Property Damage Only Collision,Rear Ended,2,0,0,2,0,0,2018-10-26 00:00:00+00,10/26/2018 9:45:00 AM,Mid-Block (not related to intersection),14,"MOTOR VEHICLE STRUCK MOTOR VEHICLE, REAR END",True,False,Clear or Partly Cloudy,Dry,Daylight,,,,13.0,From same direction - both going straight - both moving - rear-end,0,0,False,0
-122.355452745925,47.7050835411737,206933,306896,308176,3810404,Matched,Intersection,36419.0,GREENWOOD AVE N AND HOLMAN RD N, ,,2,Injury Collision,Angles,4,0,0,2,1,0,2018-11-14 00:00:00+00,11/14/2018 9:00:00 PM,At Intersection (intersection related),11,"MOTOR VEHICLE STRUCK MOTOR VEHICLE, FRONT END AT ANGLE",,False,Clear or Partly Cloudy,Dry,Dark - Street Lights On,,,,10.0,Entering at angle,0,0,False,0
-122.288210939051,47.5641862547451,206934,306746,308026,E856948,Matched,Block,,RAINIER AVE S BETWEEN S GENESEE N ST AND S GENESEE S ST, ,,1,Property Damage Only Collision,Other,2,0,0,2,0,0,2018-11-03 00:00:00+00,11/3/2018 2:45:00 PM,Mid-Block (but intersection related),11,"MOTOR VEHICLE STRUCK MOTOR VEHICLE, FRONT END AT ANGLE",,False,Unknown,Unknown,Daylight,,,,23.0,From same direction - all others,0,0,False,0
-122.305606894206,47.6948410524682,206936,306891,308171,3753975,Matched,Intersection,37750.0,LAKE CITY WAY NE AND NE 91ST ST, ,,1,Property Damage Only Collision,Head On,2,0,0,2,0,0,2018-11-15 00:00:00+00,11/15/2018 12:29:00 PM,At Intersection (intersection related),11,"MOTOR VEHICLE STRUCK MOTOR VEHICLE, FRONT END AT ANGLE",,True,Overcast,Wet,Daylight,,,,24.0,From opposite direction - both moving - head-on,0,0,False,0
-122.269822531171,47.5169978703556,206938,306418,307698,E855128,Matched,Block,,RENTON AVE S BETWEEN 51ST AVE S AND S ROXBURY ST, ,,1,Property Damage Only Collision,Rear Ended,2,0,0,2,0,0,2018-10-03 00:00:00+00,10/3/2018 12:00:00 PM,Mid-Block (not related to intersection),14,"MOTOR VEHICLE STRUCK MOTOR VEHICLE, REAR END",,False,Clear or Partly Cloudy,Dry,Daylight,,,,13.0,From same direction - both going straight - both moving - rear-end,0,0,False,0
-122.270520206638,47.6703656416572,206940,306744,308024,E857120,Matched,Block,,SAND POINT WAY NE BETWEEN NE WINDERMERE RD AND NE 58TH ST, ,,2,Injury Collision,Rear Ended,2,0,0,2,1,0,2018-11-03 00:00:00+00,11/3/2018 12:46:00 PM,Mid-Block (not related to intersection),14,"MOTOR VEHICLE STRUCK MOTOR VEHICLE, REAR END",,False,Raining,Wet,Daylight,,,,13.0,From same direction - both going straight - both moving - rear-end,0,0,False,0
-122.282743216682,47.6612750038029,206941,306890,308170,3751497,Matched,Intersection,27393.0,42ND AVE NE AND NE 45TH ST, ,,1,Property Damage Only Collision,Angles,3,0,0,2,0,0,2018-11-09 00:00:00+00,11/9/2018 2:28:00 PM,At Intersection (intersection related),14,"MOTOR VEHICLE STRUCK MOTOR VEHICLE, REAR END",True,False,Clear or Partly Cloudy,Dry,Daylight,,,,10.0,Entering at angle,0,0,False,0
-122.319539292467,47.6199171999563,206942,306416,307696,3814466,Matched,Intersection,29053.0,10TH AVE E AND E JOHN ST, ,,1,Property Damage Only Collision,Cycles,2,0,1,1,0,0,2018-11-06 00:00:00+00,11/6/2018 7:00:00 AM,At Intersection (intersection related),51,PEDALCYCLIST STRUCK MOTOR VEHICLE FRONT END AT ANGLE,,False,Overcast,Dry,Dawn,,,,6.0,Pedalcyclist Strikes Moving Vehicle,0,0,False,0
-122.323765101689,47.5954137311022,206943,306743,308023,E857119,Matched,Block,,7TH AVE S BETWEEN S DEARBORN ST AND S CHARLES ST, ,,1,Property Damage Only Collision,Sideswipe,2,0,0,2,0,0,2018-11-04 00:00:00+00,11/4/2018 3:15:00 PM,Mid-Block (not related to intersection),11,"MOTOR VEHICLE STRUCK MOTOR VEHICLE, FRONT END AT ANGLE",,False,Clear or Partly Cloudy,Dry,Daylight,,,,11.0,From same direction - both going straight - both moving - sideswipe,0,0,False,0
-122.37947613544,47.6868591437596,206946,306894,308174,3809902,Matched,Block,,NW 80TH ST BETWEEN 17TH AVE NW AND 18TH AVE NW, ,,2b,Serious Injury Collision,Sideswipe,4,0,0,3,2,0,2018-11-15 00:00:00+00,11/15/2018 8:38:00 AM,Mid-Block (not related to intersection),11,"MOTOR VEHICLE STRUCK MOTOR VEHICLE, FRONT END AT ANGLE",,False,Clear or Partly Cloudy,Dry,Daylight,,,,26.0,From opposite direction - both going straight - sideswipe,0,0,False,1
-122.329582065417,47.6074797621138,206948,306414,307694,3814463,Matched,Intersection,29935.0,7TH AVE AND MADISON ST, ,,1,Property Damage Only Collision,Other,1,0,0,1,0,0,2018-11-04 00:00:00+00,11/4/2018 1:30:00 AM,At Intersection (intersection related),28,MOTOR VEHICLE RAN OFF ROAD - HIT FIXED OBJECT,,False,Raining,Wet,Dark - Street Lights On,,,,50.0,Fixed object,0,0,False,0
-122.304966742738,47.663073278847,206949,306601,307881,E844829,Matched,Block,,NE 47TH ST BETWEEN 21ST AVE NE AND 22ND WR AVE NE, ,,1,Property Damage Only Collision,Parked Car,2,0,0,2,0,0,2018-05-12 00:00:00+00,5/12/2018 2:00:00 AM,Mid-Block (not related to intersection),14,"MOTOR VEHICLE STRUCK MOTOR VEHICLE, REAR END",,False,Clear or Partly Cloudy,Dry,Dark - Street Lights On,,,,32.0,One parked--one moving,0,0,True,0
-122.314653858765,47.6231098012318,206951,306413,307693,3814451,Matched,Intersection,29013.0,14TH AVE E AND E REPUBLICAN ST, ,,2,Injury Collision,Pedestrian,2,1,0,1,1,0,2018-10-27 00:00:00+00,10/27/2018 8:42:00 PM,At Intersection (intersection related),24,MOTOR VEHCILE STRUCK PEDESTRIAN,True,False,Overcast,Wet,Dark - Street Lights On,,,,2.0,Vehicle turning left hits pedestrian,0,0,False,0
-122.281372012375,47.5353967127144,206952,306897,308177,3811183,Matched,Block,,S WEBSTER ST BETWEEN 40TH AVE S AND M L KING JR WR WAY S, ,,1,Property Damage Only Collision,Parked Car,2,0,0,2,0,0,2018-11-14 00:00:00+00,11/14/2018 10:30:00 AM,Mid-Block (not related to intersection),11,"MOTOR VEHICLE STRUCK MOTOR VEHICLE, FRONT END AT ANGLE",,False,Unknown,Unknown,Unknown,,,,32.0,One parked--one moving,0,0,False,0
-122.368331377262,47.6869243080296,206953,306599,307879,E844747,Matched,Intersection,24135.0,9TH AVE NW AND NW 80TH ST, ,,2,Injury Collision,Pedestrian,2,0,1,1,1,0,2018-09-30 00:00:00+00,9/30/2018 5:20:00 PM,At Intersection (intersection related),18,"MOTOR VEHICLE STRUCK PEDALCYCLIST, FRONT END AT ANGLE",,False,Clear or Partly Cloudy,Dry,Daylight,,,,5.0,Vehicle Strikes Pedalcyclist,0,0,False,0
-122.324004806968,47.618483387223,206954,306412,307692,3814386,Matched,Intersection,29158.0,BELMONT AVE E AND E DENNY WAY, ,,2,Injury Collision,Cycles,2,0,1,1,1,0,2018-10-28 00:00:00+00,10/28/2018 1:53:00 AM,At Intersection (intersection related),51,PEDALCYCLIST STRUCK MOTOR VEHICLE FRONT END AT ANGLE,True,True,Raining,Wet,Dark - Street Lights On,,,,6.0,Pedalcyclist Strikes Moving Vehicle,0,0,False,0
-122.296358518185,47.7229000507957,206955,306242,307522,3705971,Matched,Intersection,36054.0,30TH AVE NE AND NE 130TH ST, ,,1,Property Damage Only Collision,Angles,3,0,0,2,0,0,2018-11-02 00:00:00+00,11/2/2018 7:02:00 PM,At Intersection (intersection related),11,"MOTOR VEHICLE STRUCK MOTOR VEHICLE, FRONT END AT ANGLE",,False,Clear or Partly Cloudy,Dry,Dark - Street Lights On,,,,10.0,Entering at angle,0,0,False,0
-122.35701124133,47.7332092658328,206956,306892,308172,3754244,Matched,Block,,N 144TH ST BETWEEN 1ST AVE NW AND GREENWOOD AVE N, ,,1,Property Damage Only Collision,Parked Car,3,0,0,2,0,0,2018-11-15 00:00:00+00,11/15/2018 5:00:00 PM,Mid-Block (not related to intersection),14,"MOTOR VEHICLE STRUCK MOTOR VEHICLE, REAR END",,False,Overcast,Unknown,Dusk,,,,32.0,One parked--one moving,0,0,False,0
-122.391504631491,47.6709205007346,206957,306598,307878,E844744,Matched,Block,,NW 58TH ST BETWEEN 26TH AVE NW AND 28TH AVE NW, ,,1,Property Damage Only Collision,Parked Car,2,0,0,2,0,0,2018-09-27 00:00:00+00,9/27/2018 8:00:00 AM,Mid-Block (not related to intersection),14,"MOTOR VEHICLE STRUCK MOTOR VEHICLE, REAR END",True,False,Unknown,Unknown,Unknown,,,,32.0,One parked--one moving,0,0,False,0
-122.340091651497,47.6055437478773,206959,306597,307877,E855548,Matched,Block,,ALASKAN WAY BETWEEN SENECA ST AND UNIVERSITY ST, ,,1,Property Damage Only Collision,Other,3,0,0,2,0,0,2018-10-22 00:00:00+00,10/22/2018 9:33:00 AM,Mid-Block (not related to intersection),11,"MOTOR VEHICLE STRUCK MOTOR VEHICLE, FRONT END AT ANGLE",,False,Overcast,Dry,Daylight,,,,23.0,From same direction - all others,0,0,False,0
-122.326253854689,47.6177364675908,206960,306596,307876,E855546,Matched,Intersection,29177.0,E HOWELL ST AND E OLIVE WAY, ,,1,Property Damage Only Collision,Rear Ended,2,0,0,2,0,0,2018-10-24 00:00:00+00,10/24/2018 10:29:00 AM,At Intersection (intersection related),14,"MOTOR VEHICLE STRUCK MOTOR VEHICLE, REAR END",True,False,Clear or Partly Cloudy,Dry,Daylight,,,,14.0,From same direction - both going straight - one stopped - rear-end,0,0,False,0
-122.312012846389,47.6605202523521,206961,306749,308029,E857145,Matched,Block,,15TH AVE NE BETWEEN NE 43RD ST AND NE 45TH ST,NEI,"Not Enough Information, or Insufficient Location Information",1,Property Damage Only Collision,Parked Car,2,0,0,2,0,0,2018-10-26 00:00:00+00,10/26/2018 1:55:00 PM,,0,NOT ENOUGH INFORMATION / NOT APPLICABLE,,False,Clear or Partly Cloudy,Unknown,Daylight,,,,32.0,One parked--one moving,0,0,True,0
-122.302552092309,47.6428016253678,206962,306240,307520,3814429,Matched,Block,,EAST MONTLAKE PL E BETWEEN 24TH AVE E AND E ROANOKE ST, ,,1,Property Damage Only Collision,Other,1,0,0,1,0,0,2018-10-29 00:00:00+00,10/29/2018 12:39:00 AM,Mid-Block (not related to intersection),28,MOTOR VEHICLE RAN OFF ROAD - HIT FIXED OBJECT,,False,Raining,Wet,Dark - Street Lights On,,,True,50.0,Fixed object,0,0,False,0
-122.289700088648,47.6739830445668,206963,306895,308175,3809904,Matched,Block,,NE 62ND ST BETWEEN 35TH AVE NE AND 36TH AVE NE, ,,1,Property Damage Only Collision,Parked Car,2,0,0,2,0,0,2018-11-15 00:00:00+00,11/15/2018 9:07:00 PM,Mid-Block (not related to intersection),11,"MOTOR VEHICLE STRUCK MOTOR VEHICLE, FRONT END AT ANGLE",True,False,Overcast,Dry,Dark - Street Lights On,,,,32.0,One parked--one moving,0,0,False,0
-122.269987868884,47.5228170065789,206965,306595,307875,E855555,Matched,Block,,RAINIER AVE S BETWEEN S HENDERSON ST AND S DIRECTOR N ST, ,,1,Property Damage Only Collision,Rear Ended,2,0,0,2,0,0,2018-10-16 00:00:00+00,10/16/2018 6:32:00 AM,Mid-Block (but intersection related),14,"MOTOR VEHICLE STRUCK MOTOR VEHICLE, REAR END",True,False,Clear or Partly Cloudy,Dry,Dawn,,,,14.0,From same direction - both going straight - one stopped - rear-end,0,0,False,0
-122.342423397624,47.6156480643917,206966,306594,307874,E855543,Matched,Block,,5TH AVE BETWEEN BLANCHARD ST AND BELL ST, ,,1,Property Damage Only Collision,Left Turn,3,0,0,2,0,0,2018-10-18 00:00:00+00,10/18/2018 11:27:00 AM,Mid-Block (not related to intersection),11,"MOTOR VEHICLE STRUCK MOTOR VEHICLE, FRONT END AT ANGLE",,False,Clear or Partly Cloudy,Dry,Daylight,,,,15.0,From same direction - one left turn - one straight,0,0,False,0
-122.354391091977,47.6365646355825,206968,306593,307873,E855542,Matched,Intersection,28135.0,WARREN AVE N AND NEWTON ST, ,,1,Property Damage Only Collision,Angles,2,0,0,2,0,0,2018-10-16 00:00:00+00,10/16/2018 9:30:00 PM,At Intersection (intersection related),14,"MOTOR VEHICLE STRUCK MOTOR VEHICLE, REAR END",,False,Clear or Partly Cloudy,Dry,Dark - Street Lights On,,,,10.0,Entering at angle,0,0,False,0
-122.304400035527,47.6500604452214,206969,306748,308028,E857124,Matched,Block,,MONTLAKE BLVD NE BETWEEN NE PACIFIC ST AND NE PACIFIC PL, ,,2,Injury Collision,Pedestrian,2,1,0,1,1,0,2018-11-03 00:00:00+00,11/3/2018 6:12:00 PM,Mid-Block (not related to intersection),24,MOTOR VEHCILE STRUCK PEDESTRIAN,,False,Raining,Wet,Dark - Street Lights On,,,,0.0,Vehicle going straight hits pedestrian,0,0,False,0
-122.33391049276,47.6113736390054,206970,306237,307517,3811910,Matched,Block,,PIKE ST BETWEEN 6TH AVE AND 7TH AVE, ,,2,Injury Collision,Other,5,0,0,3,1,0,2018-10-29 00:00:00+00,10/29/2018 8:07:00 PM,Mid-Block (not related to intersection),11,"MOTOR VEHICLE STRUCK MOTOR VEHICLE, FRONT END AT ANGLE",,False,Clear or Partly Cloudy,Dry,Dark - Street Lights On,,,,23.0,From same direction - all others,0,0,False,0
-122.320702903796,47.664957731244,206971,306893,308173,3809901,Matched,Intersection,25786.0,7TH AVE NE AND NE 50TH ST, ,,1,Property Damage Only Collision,Rear Ended,2,0,0,2,0,0,2018-11-15 00:00:00+00,11/15/2018 6:27:00 AM,At Intersection (intersection related),14,"MOTOR VEHICLE STRUCK MOTOR VEHICLE, REAR END",,False,Overcast,Wet,Dark - Street Lights Off,,,,74.0,Same direction -- both turning right -- one stopped -- rear end,0,0,False,0
-122.329043342137,47.6272229204964,206972,304677,305957,E845346,Matched,Block,,LAKEVIEW BLVD E BETWEEN EASTLAKE AVE E AND BELMONT AVE E, ,,1,Property Damage Only Collision,Head On,2,0,0,2,0,0,2018-09-25 00:00:00+00,9/25/2018 6:00:00 PM,Mid-Block (not related to intersection),11,"MOTOR VEHICLE STRUCK MOTOR VEHICLE, FRONT END AT ANGLE",,False,Unknown,Unknown,Daylight,,,,30.0,From opposite direction - all others,0,0,False,0
-122.31678189326,47.6016933678319,206973,307397,308677,E865966,Matched,Intersection,30410.0,12TH AVE AND E YESLER WAY, ,,1,Property Damage Only Collision,Angles,2,0,0,2,0,0,2018-11-16 00:00:00+00,11/16/2018 5:32:00 AM,At Intersection (intersection related),11,"MOTOR VEHICLE STRUCK MOTOR VEHICLE, FRONT END AT ANGLE",,False,Raining,Wet,Dark - Street Lights On,,,,10.0,Entering at angle,0,0,False,0
-122.36362334803,47.6229134693221,206974,307561,308841,E866066,Matched,Block,,ELLIOTT AVE W BETWEEN W HARRISON ST AND 6TH AVE W, ,,1,Property Damage Only Collision,Angles,2,0,0,2,0,0,2018-11-29 00:00:00+00,11/29/2018 9:50:00 AM,Driveway Junction,11,"MOTOR VEHICLE STRUCK MOTOR VEHICLE, FRONT END AT ANGLE",True,False,Overcast,Dry,Daylight,,,,10.0,Entering at angle,0,0,False,0
-122.38616291837,47.6709142081892,206975,307223,308503,3751415,Matched,Block,,NW 58TH ST BETWEEN 22ND AVE NW AND 24TH AVE NW, ,,1,Property Damage Only Collision,Parked Car,2,0,0,2,0,0,2018-11-02 00:00:00+00,11/2/2018 5:24:00 PM,Mid-Block (not related to intersection),11,"MOTOR VEHICLE STRUCK MOTOR VEHICLE, FRONT END AT ANGLE",True,False,Overcast,Dry,Daylight,,,,32.0,One parked--one moving,0,0,True,0
-122.322534753789,47.6231346086472,206977,304658,305937,E845338,Matched,Block,,E REPUBLICAN ST BETWEEN BOYLSTON AVE E AND HARVARD AVE E, ,,1,Property Damage Only Collision,Parked Car,2,0,0,2,0,0,2018-09-23 00:00:00+00,9/23/2018 2:20:00 PM,Mid-Block (not related to intersection),13,"MOTOR VEHICLE STRUCK MOTOR VEHICLE, LEFT SIDE AT ANGLE",,False,Clear or Partly Cloudy,Dry,Daylight,,,,32.0,One parked--one moving,0,0,True,0
-122.356037925236,47.6271904489076,206978,307222,308502,3811860,Matched,Block,,ALOHA ST BETWEEN QUEEN ANNE AVE N AND 1ST AVE N, ,,1,Property Damage Only Collision,Angles,3,0,0,3,0,0,2018-11-02 00:00:00+00,11/2/2018 7:56:00 PM,Driveway Junction,11,"MOTOR VEHICLE STRUCK MOTOR VEHICLE, FRONT END AT ANGLE",True,False,Clear or Partly Cloudy,Dry,Dark - No Street Lights,,,,10.0,Entering at angle,0,0,False,0
-122.354133157368,47.6203459479077,206979,307392,308672,E863096,Matched,Block,,WARREN AVE N BETWEEN JOHN ST AND THOMAS ST, ,,1,Property Damage Only Collision,Sideswipe,2,0,0,2,0,0,2018-11-20 00:00:00+00,11/20/2018 8:34:00 AM,Mid-Block (but intersection related),11,"MOTOR VEHICLE STRUCK MOTOR VEHICLE, FRONT END AT ANGLE",,False,Clear or Partly Cloudy,Dry,Daylight,,,,11.0,From same direction - both going straight - both moving - sideswipe,0,0,False,0
-122.296199194993,47.6129405586211,206980,304657,305917,E839610,Matched,Intersection,30022.0,M L KING JR WAY AND E UNION ST, ,,2,Injury Collision,Left Turn,5,0,0,2,4,0,2018-08-11 00:00:00+00,8/11/2018 1:29:00 PM,At Intersection (intersection related),11,"MOTOR VEHICLE STRUCK MOTOR VEHICLE, FRONT END AT ANGLE",,False,Clear or Partly Cloudy,Wet,Daylight,,,,28.0,From opposite direction - one left turn - one straight,0,0,False,0
-122.33699094954,47.6063530575217,206982,307220,308500,3811862,Matched,Block,,SENECA ST BETWEEN 1ST AVE AND 2ND AVE, ,,1,Property Damage Only Collision,Parked Car,2,0,0,2,0,0,2018-11-02 00:00:00+00,11/2/2018 6:00:00 AM,Mid-Block (not related to intersection),11,"MOTOR VEHICLE STRUCK MOTOR VEHICLE, FRONT END AT ANGLE",,False,Overcast,Unknown,Unknown,,,,32.0,One parked--one moving,0,0,True,0
-122.333527003241,47.5361684323403,206983,304641,305901,E838770,Matched,Block,,WEST MARGINAL WAY S BETWEEN 1ST AVE S AND S HOLDEN ST, ,,1,Property Damage Only Collision,Sideswipe,2,0,0,2,0,0,2018-09-17 00:00:00+00,9/17/2018 7:05:00 AM,Mid-Block (not related to intersection),16,"MOTOR VEHICLE STRUCK MOTOR VEHICLE, LEFT SIDE SIDESWIPE",True,False,Clear or Partly Cloudy,Dry,Daylight,,,,11.0,From same direction - both going straight - both moving - sideswipe,0,0,False,0
-122.321920406256,47.7085857930943,206984,307559,308839,E865674,Matched,Block,,NE NORTHGATE WAY BETWEEN 5TH AVE NE AND 8TH AVE NE, ,,1,Property Damage Only Collision,Head On,5,0,0,2,0,0,2018-11-22 00:00:00+00,11/22/2018 4:43:00 PM,Mid-Block (not related to intersection),11,"MOTOR VEHICLE STRUCK MOTOR VEHICLE, FRONT END AT ANGLE",,False,Raining,Wet,Dusk,,,,30.0,From opposite direction - all others,0,0,False,0
-122.361802943805,47.5336947761044,206985,307219,308499,3742292,Matched,Block,,SW HOLDEN ST BETWEEN DELRIDGE WAY SW AND 24TH AVE SW, ,,1,Property Damage Only Collision,Rear Ended,6,0,0,3,0,0,2018-11-01 00:00:00+00,11/1/2018 8:00:00 AM,Mid-Block (not related to intersection),14,"MOTOR VEHICLE STRUCK MOTOR VEHICLE, REAR END",,False,Overcast,Wet,Daylight,,,,13.0,From same direction - both going straight - both moving - rear-end,0,0,False,0
-122.316779914121,47.6080587778913,206986,307395,308675,E865865,Matched,Intersection,29795.0,12TH AVE AND E CHERRY ST, ,,2,Injury Collision,Pedestrian,2,1,0,1,1,0,2018-11-24 00:00:00+00,11/24/2018 4:10:00 AM,At Intersection (intersection related),24,MOTOR VEHCILE STRUCK PEDESTRIAN,True,False,Clear or Partly Cloudy,Dry,Dark - Street Lights On,,,,0.0,Vehicle going straight hits pedestrian,0,0,False,0